Signalstudie Minuten: Ausgabe voll-0-5m-15m --teil 0/8 --zeitrahmen 5m 15m, Start 07.09.2026 20:34:54,78 

!!! WERTPAPIERART: Referenzkarte vorhanden, aber ohne Eintrag fuer GCI (erster Fall dieses Laufs; weitere werden nicht gemeldet) - solche Symbole fallen STILL aus dem Universum heraus.

2026-09-07T18:34:56.672Z  START signale-minuten-2026-09-06/v4/13x3x3x4x3+kurs | 913 Reihen (7299 Aktien, ausgeschlossen {"ETF":694,"ETN":7,"ETV":35,"FUND":16,"ETS":4,"ohne Art":1,"TEST":1,"UNIT":1}) | 13 Detektoren | Tage 2680 | Bestaetigung ab 2023-02-07 | Teil 0/8
2026-09-07T18:34:56.674Z  ZEITRAHMEN-TEIL: nur 5m 15m - die uebrigen Zeitrahmen muessen in einem eigenen Lauf gemessen und beim Auswerten zusammengelegt werden
2026-09-07T18:35:21.706Z  A/2016          roh          96560 reg. Kerzen    0/232/232 von 252  Tagen gewertet (1m/5m/15m)     5750 Signale  848 ms lesen  24086 ms rechnen
2026-09-07T18:35:43.249Z  A/2017          roh          94772 reg. Kerzen    0/251/251 von 251  Tagen gewertet (1m/5m/15m)     5658 Signale  320 ms lesen  20683 ms rechnen
2026-09-07T18:36:05.675Z  A/2018          roh          96363 reg. Kerzen    0/251/251 von 251  Tagen gewertet (1m/5m/15m)     6184 Signale  311 ms lesen  21686 ms rechnen
2026-09-07T18:36:27.334Z  A/2019          roh          96365 reg. Kerzen    0/252/252 von 252  Tagen gewertet (1m/5m/15m)     5991 Signale  410 ms lesen  20826 ms rechnen
2026-09-07T18:36:52.184Z  A/2020          roh          96553 reg. Kerzen    0/253/253 von 253  Tagen gewertet (1m/5m/15m)     6432 Signale  1309 ms lesen  23123 ms rechnen
2026-09-07T18:37:19.019Z  A/2021          roh          95172 reg. Kerzen    0/251/251 von 252  Tagen gewertet (1m/5m/15m)     5967 Signale  958 ms lesen  25344 ms rechnen
2026-09-07T18:37:47.480Z  A/2022          roh          94404 reg. Kerzen    0/249/249 von 251  Tagen gewertet (1m/5m/15m)     6593 Signale  945 ms lesen  26989 ms rechnen
2026-09-07T18:38:14.831Z  A/2023          roh          94050 reg. Kerzen    0/250/250 von 250  Tagen gewertet (1m/5m/15m)     6295 Signale  1030 ms lesen  25842 ms rechnen
2026-09-07T18:38:41.659Z  A/2024          roh          92569 reg. Kerzen    0/252/252 von 252  Tagen gewertet (1m/5m/15m)     6184 Signale  1157 ms lesen  25201 ms rechnen
2026-09-07T18:39:09.102Z  A/2025          roh          91384 reg. Kerzen    0/250/250 von 250  Tagen gewertet (1m/5m/15m)     6370 Signale  1072 ms lesen  25853 ms rechnen
2026-09-07T18:39:27.366Z  A/2026          roh          61534 reg. Kerzen    0/166/166 von 166  Tagen gewertet (1m/5m/15m)     4328 Signale  714 ms lesen  16745 ms rechnen
2026-09-07T18:39:28.114Z  AADI/2021       roh          11695 reg. Kerzen        0/0/0 von 88   Tagen gewertet (1m/5m/15m)        0 Signale  173 ms lesen  215 ms rechnen
2026-09-07T18:39:28.992Z  AADI/2022       roh          31303 reg. Kerzen        0/0/0 von 251  Tagen gewertet (1m/5m/15m)        0 Signale  343 ms lesen  477 ms rechnen
2026-09-07T18:39:30.010Z  AADI/2023       roh          31842 reg. Kerzen        0/0/0 von 250  Tagen gewertet (1m/5m/15m)        0 Signale  374 ms lesen  363 ms rechnen
2026-09-07T18:39:30.932Z  AADI/2024       roh          31791 reg. Kerzen        0/0/0 von 252  Tagen gewertet (1m/5m/15m)        0 Signale  317 ms lesen  408 ms rechnen
2026-09-07T18:39:31.344Z  AADI/2025       roh           5488 reg. Kerzen        0/0/0 von 51   Tagen gewertet (1m/5m/15m)        0 Signale  106 ms lesen  81 ms rechnen
2026-09-07T18:39:33.133Z  AAON/2016       bereinigt    44825 reg. Kerzen        0/3/3 von 252  Tagen gewertet (1m/5m/15m)       79 Signale  869 ms lesen  861 ms rechnen
2026-09-07T18:39:36.434Z  AAON/2017       bereinigt    40671 reg. Kerzen      0/17/19 von 251  Tagen gewertet (1m/5m/15m)      442 Signale  640 ms lesen  2413 ms rechnen
2026-09-07T18:39:57.135Z  AAON/2018       bereinigt    50098 reg. Kerzen    0/174/179 von 251  Tagen gewertet (1m/5m/15m)     4456 Signale  991 ms lesen  19484 ms rechnen
2026-09-07T18:40:11.049Z  AAON/2019       bereinigt    41170 reg. Kerzen    0/104/111 von 252  Tagen gewertet (1m/5m/15m)     2736 Signale  1162 ms lesen  12497 ms rechnen
2026-09-07T18:40:35.785Z  AAON/2020       bereinigt    51146 reg. Kerzen    0/209/221 von 253  Tagen gewertet (1m/5m/15m)     5748 Signale  613 ms lesen  23872 ms rechnen
2026-09-07T18:40:57.389Z  AAON/2021       bereinigt    36641 reg. Kerzen    0/153/207 von 252  Tagen gewertet (1m/5m/15m)     4401 Signale  666 ms lesen  20630 ms rechnen
2026-09-07T18:41:22.304Z  AAON/2022       bereinigt    40949 reg. Kerzen    0/187/222 von 251  Tagen gewertet (1m/5m/15m)     5265 Signale  1047 ms lesen  23669 ms rechnen
2026-09-07T18:41:53.991Z  AAON/2023       bereinigt    54258 reg. Kerzen    0/242/250 von 250  Tagen gewertet (1m/5m/15m)     6497 Signale  963 ms lesen  30417 ms rechnen
2026-09-07T18:42:27.548Z  AAON/2024       roh          63951 reg. Kerzen    0/252/252 von 252  Tagen gewertet (1m/5m/15m)     6621 Signale  812 ms lesen  32342 ms rechnen
2026-09-07T18:43:04.571Z  AAON/2025       roh          78959 reg. Kerzen    0/250/250 von 250  Tagen gewertet (1m/5m/15m)     6826 Signale  1138 ms lesen  35502 ms rechnen
2026-09-07T18:43:24.589Z  AAON/2026       roh          52653 reg. Kerzen    0/166/166 von 166  Tagen gewertet (1m/5m/15m)     4551 Signale  264 ms lesen  19304 ms rechnen
2026-09-07T18:43:25.672Z  AAU/2016        roh          31738 reg. Kerzen        0/0/0 von 252  Tagen gewertet (1m/5m/15m)        0 Signale  265 ms lesen  465 ms rechnen
2026-09-07T18:43:26.904Z  AAU/2017        roh          28884 reg. Kerzen        0/0/0 von 251  Tagen gewertet (1m/5m/15m)        0 Signale  261 ms lesen  706 ms rechnen
2026-09-07T18:43:27.744Z  AAU/2018        roh          16819 reg. Kerzen        0/0/0 von 251  Tagen gewertet (1m/5m/15m)        0 Signale  219 ms lesen  464 ms rechnen
2026-09-07T18:43:28.223Z  AAU/2019        roh          20497 reg. Kerzen        0/0/0 von 252  Tagen gewertet (1m/5m/15m)        0 Signale  93 ms lesen  284 ms rechnen
2026-09-07T18:43:29.577Z  AAU/2020        roh          39168 reg. Kerzen        0/0/0 von 253  Tagen gewertet (1m/5m/15m)        0 Signale  674 ms lesen  542 ms rechnen
2026-09-07T18:43:31.269Z  AAU/2021        roh          58281 reg. Kerzen        0/0/0 von 252  Tagen gewertet (1m/5m/15m)        0 Signale  690 ms lesen  763 ms rechnen
2026-09-07T18:43:32.760Z  AAU/2022        roh          31899 reg. Kerzen        0/0/0 von 251  Tagen gewertet (1m/5m/15m)        0 Signale  689 ms lesen  447 ms rechnen
2026-09-07T18:43:33.791Z  AAU/2023        roh          22368 reg. Kerzen        0/0/0 von 250  Tagen gewertet (1m/5m/15m)        0 Signale  493 ms lesen  375 ms rechnen
2026-09-07T18:43:34.239Z  AAU/2024        roh           4584 reg. Kerzen        0/0/0 von 65   Tagen gewertet (1m/5m/15m)        0 Signale  208 ms lesen  90 ms rechnen
2026-09-07T18:43:56.371Z  ABC/2016        roh          97148 reg. Kerzen    0/232/232 von 252  Tagen gewertet (1m/5m/15m)     5633 Signale  1181 ms lesen  20908 ms rechnen
2026-09-07T18:44:19.854Z  ABC/2017        roh          93798 reg. Kerzen    0/251/251 von 251  Tagen gewertet (1m/5m/15m)     6179 Signale  1031 ms lesen  21893 ms rechnen
2026-09-07T18:44:44.736Z  ABC/2018        roh          93291 reg. Kerzen    0/251/251 von 251  Tagen gewertet (1m/5m/15m)     6461 Signale  1017 ms lesen  23305 ms rechnen
2026-09-07T18:45:09.610Z  ABC/2019        roh          93197 reg. Kerzen    0/252/252 von 252  Tagen gewertet (1m/5m/15m)     6408 Signale  834 ms lesen  23621 ms rechnen
2026-09-07T18:45:36.019Z  ABC/2020        roh          93856 reg. Kerzen    0/253/253 von 253  Tagen gewertet (1m/5m/15m)     6578 Signale  578 ms lesen  25264 ms rechnen
2026-09-07T18:46:01.717Z  ABC/2021        roh          88262 reg. Kerzen    0/251/251 von 252  Tagen gewertet (1m/5m/15m)     6180 Signale  1400 ms lesen  23824 ms rechnen
2026-09-07T18:46:25.320Z  ABC/2022        roh          91755 reg. Kerzen    0/249/249 von 251  Tagen gewertet (1m/5m/15m)     6268 Signale  543 ms lesen  22625 ms rechnen
2026-09-07T18:46:40.813Z  ABC/2023        roh          59842 reg. Kerzen    0/165/165 von 165  Tagen gewertet (1m/5m/15m)     3846 Signale  699 ms lesen  14078 ms rechnen
2026-09-07T18:46:41.304Z  ABGI/2021       roh           5162 reg. Kerzen        0/0/0 von 185  Tagen gewertet (1m/5m/15m)        0 Signale  72 ms lesen  137 ms rechnen
2026-09-07T18:46:41.446Z  ABGI/2022       roh           1073 reg. Kerzen        0/0/0 von 196  Tagen gewertet (1m/5m/15m)        0 Signale  84 ms lesen  35 ms rechnen
2026-09-07T18:46:41.655Z  ABGI/2023       roh            330 reg. Kerzen        0/0/0 von 24   Tagen gewertet (1m/5m/15m)        0 Signale  188 ms lesen  11 ms rechnen
2026-09-07T18:46:41.943Z  ABNB/2020       roh           5421 reg. Kerzen        0/0/0 von 15   Tagen gewertet (1m/5m/15m)        0 Signale  191 ms lesen  58 ms rechnen
2026-09-07T18:47:08.789Z  ABNB/2021       roh          98045 reg. Kerzen    0/247/247 von 252  Tagen gewertet (1m/5m/15m)     6566 Signale  1598 ms lesen  25200 ms rechnen
2026-09-07T18:47:34.929Z  ABNB/2022       roh          97705 reg. Kerzen    0/251/251 von 251  Tagen gewertet (1m/5m/15m)     6870 Signale  491 ms lesen  25236 ms rechnen
2026-09-07T18:47:59.086Z  ABNB/2023       roh          97129 reg. Kerzen    0/250/250 von 250  Tagen gewertet (1m/5m/15m)     6589 Signale  360 ms lesen  23386 ms rechnen
2026-09-07T18:48:21.846Z  ABNB/2024       roh          97611 reg. Kerzen    0/252/252 von 252  Tagen gewertet (1m/5m/15m)     6413 Signale  332 ms lesen  21967 ms rechnen
2026-09-07T18:48:44.770Z  ABNB/2025       roh          96852 reg. Kerzen    0/250/250 von 250  Tagen gewertet (1m/5m/15m)     6382 Signale  336 ms lesen  22081 ms rechnen
2026-09-07T18:49:00.118Z  ABNB/2026       roh          64435 reg. Kerzen    0/166/166 von 166  Tagen gewertet (1m/5m/15m)     4386 Signale  288 ms lesen  14620 ms rechnen
2026-09-07T18:49:00.423Z  AUSGELASSEN ABVE/2016: Datei fehlt
2026-09-07T18:49:00.426Z  AUSGELASSEN ABVE/2017: Datei fehlt
2026-09-07T18:49:00.426Z  AUSGELASSEN ABVE/2018: Datei fehlt
2026-09-07T18:49:00.427Z  AUSGELASSEN ABVE/2019: Datei fehlt
2026-09-07T18:49:00.428Z  AUSGELASSEN ABVE/2020: Datei fehlt
2026-09-07T18:49:00.735Z  ABVE/2021       roh           3792 reg. Kerzen        0/0/0 von 180  Tagen gewertet (1m/5m/15m)        0 Signale  240 ms lesen  65 ms rechnen
2026-09-07T18:49:00.843Z  ABVE/2022       roh           1401 reg. Kerzen        0/0/0 von 214  Tagen gewertet (1m/5m/15m)        0 Signale  31 ms lesen  59 ms rechnen
2026-09-07T18:49:00.878Z  ABVE/2023       roh            628 reg. Kerzen        0/0/0 von 148  Tagen gewertet (1m/5m/15m)        0 Signale  13 ms lesen  14 ms rechnen
2026-09-07T18:49:01.039Z  ABVE/2024       roh          12130 reg. Kerzen        0/0/0 von 232  Tagen gewertet (1m/5m/15m)        0 Signale  45 ms lesen  112 ms rechnen
2026-09-07T18:49:07.392Z  ABVE/2025       roh          53213 reg. Kerzen      0/44/44 von 250  Tagen gewertet (1m/5m/15m)     1189 Signale  222 ms lesen  6057 ms rechnen
2026-09-07T18:49:08.209Z  ABVE/2026       roh          34514 reg. Kerzen        0/0/0 von 103  Tagen gewertet (1m/5m/15m)        0 Signale  290 ms lesen  314 ms rechnen
2026-09-07T18:49:08.518Z  ACAM/2019       roh            208 reg. Kerzen        0/0/0 von 72   Tagen gewertet (1m/5m/15m)        0 Signale  130 ms lesen  14 ms rechnen
2026-09-07T18:49:09.500Z  ACAM/2020       roh           8939 reg. Kerzen       0/8/10 von 221  Tagen gewertet (1m/5m/15m)      222 Signale  43 ms lesen  937 ms rechnen
2026-09-07T18:49:11.437Z  ACAM/2021       roh           5045 reg. Kerzen      0/13/13 von 13   Tagen gewertet (1m/5m/15m)      364 Signale  91 ms lesen  1799 ms rechnen
2026-09-07T18:49:23.170Z  ACCD/2020       roh          31825 reg. Kerzen    0/105/107 von 127  Tagen gewertet (1m/5m/15m)     2810 Signale  196 ms lesen  11503 ms rechnen
2026-09-07T18:49:50.374Z  ACCD/2021       roh          78727 reg. Kerzen    0/252/252 von 252  Tagen gewertet (1m/5m/15m)     6850 Signale  271 ms lesen  26770 ms rechnen
2026-09-07T18:50:15.245Z  ACCD/2022       roh          85833 reg. Kerzen    0/211/211 von 251  Tagen gewertet (1m/5m/15m)     5882 Signale  573 ms lesen  23885 ms rechnen
2026-09-07T18:50:31.516Z  ACCD/2023       roh          76350 reg. Kerzen    0/140/140 von 250  Tagen gewertet (1m/5m/15m)     3783 Signale  560 ms lesen  15234 ms rechnen
2026-09-07T18:50:41.758Z  ACCD/2024       roh          80043 reg. Kerzen      0/88/88 von 252  Tagen gewertet (1m/5m/15m)     2403 Signale  268 ms lesen  9591 ms rechnen
2026-09-07T18:50:45.117Z  ACCD/2025       roh          20709 reg. Kerzen      0/44/44 von 65   Tagen gewertet (1m/5m/15m)      604 Signale  79 ms lesen  2877 ms rechnen
2026-09-07T18:51:03.144Z  ACGL/2016       bereinigt    69767 reg. Kerzen    0/232/232 von 252  Tagen gewertet (1m/5m/15m)     5250 Signale  271 ms lesen  17628 ms rechnen
2026-09-07T18:51:23.608Z  ACGL/2017       bereinigt    71386 reg. Kerzen    0/251/251 von 251  Tagen gewertet (1m/5m/15m)     5435 Signale  309 ms lesen  19758 ms rechnen
2026-09-07T18:51:44.752Z  ACGL/2018       bereinigt    82236 reg. Kerzen    0/249/249 von 251  Tagen gewertet (1m/5m/15m)     5819 Signale  324 ms lesen  20413 ms rechnen
2026-09-07T18:52:05.644Z  ACGL/2019       roh          90177 reg. Kerzen    0/252/252 von 252  Tagen gewertet (1m/5m/15m)     5745 Signale  397 ms lesen  20122 ms rechnen
2026-09-07T18:52:30.715Z  ACGL/2020       roh          96244 reg. Kerzen    0/253/253 von 253  Tagen gewertet (1m/5m/15m)     6566 Signale  356 ms lesen  24334 ms rechnen
2026-09-07T18:52:52.224Z  ACGL/2021       roh          95098 reg. Kerzen    0/252/252 von 252  Tagen gewertet (1m/5m/15m)     6246 Signale  286 ms lesen  20755 ms rechnen
2026-09-07T18:53:15.854Z  ACGL/2022       roh          95717 reg. Kerzen    0/251/251 von 251  Tagen gewertet (1m/5m/15m)     6338 Signale  406 ms lesen  22702 ms rechnen
2026-09-07T18:53:37.387Z  ACGL/2023       roh          95107 reg. Kerzen    0/250/250 von 250  Tagen gewertet (1m/5m/15m)     6159 Signale  401 ms lesen  20585 ms rechnen
2026-09-07T18:53:58.260Z  ACGL/2024       roh          92817 reg. Kerzen    0/252/252 von 252  Tagen gewertet (1m/5m/15m)     6079 Signale  284 ms lesen  20181 ms rechnen
2026-09-07T18:54:19.703Z  ACGL/2025       roh          92286 reg. Kerzen    0/250/250 von 250  Tagen gewertet (1m/5m/15m)     6043 Signale  230 ms lesen  20695 ms rechnen
2026-09-07T18:54:33.956Z  ACGL/2026       roh          61223 reg. Kerzen    0/166/166 von 166  Tagen gewertet (1m/5m/15m)     4037 Signale  277 ms lesen  13563 ms rechnen
2026-09-07T18:54:55.713Z  ACIW/2016       roh          74947 reg. Kerzen    0/232/232 von 252  Tagen gewertet (1m/5m/15m)     6055 Signale  189 ms lesen  21314 ms rechnen
2026-09-07T18:55:18.541Z  ACIW/2017       roh          72542 reg. Kerzen    0/251/251 von 251  Tagen gewertet (1m/5m/15m)     6317 Signale  182 ms lesen  22148 ms rechnen
2026-09-07T18:55:43.066Z  ACIW/2018       roh          77233 reg. Kerzen    0/249/249 von 251  Tagen gewertet (1m/5m/15m)     6312 Signale  239 ms lesen  23851 ms rechnen
2026-09-07T18:56:07.228Z  ACIW/2019       roh          83916 reg. Kerzen    0/252/252 von 252  Tagen gewertet (1m/5m/15m)     6373 Signale  1260 ms lesen  22369 ms rechnen
2026-09-07T18:56:34.505Z  ACIW/2020       roh          84919 reg. Kerzen    0/253/253 von 253  Tagen gewertet (1m/5m/15m)     6732 Signale  1105 ms lesen  25650 ms rechnen
2026-09-07T18:56:59.237Z  ACIW/2021       roh          78574 reg. Kerzen    0/252/252 von 252  Tagen gewertet (1m/5m/15m)     6556 Signale  382 ms lesen  23917 ms rechnen
2026-09-07T18:57:25.075Z  ACIW/2022       roh          82761 reg. Kerzen    0/251/251 von 251  Tagen gewertet (1m/5m/15m)     6761 Signale  556 ms lesen  24946 ms rechnen
2026-09-07T18:57:48.279Z  ACIW/2023       roh          70567 reg. Kerzen    0/237/237 von 250  Tagen gewertet (1m/5m/15m)     6123 Signale  224 ms lesen  22556 ms rechnen
2026-09-07T18:58:12.399Z  ACIW/2024       roh          71612 reg. Kerzen    0/252/252 von 252  Tagen gewertet (1m/5m/15m)     6497 Signale  171 ms lesen  23543 ms rechnen
2026-09-07T18:58:36.207Z  ACIW/2025       roh          73466 reg. Kerzen    0/250/250 von 250  Tagen gewertet (1m/5m/15m)     6442 Signale  311 ms lesen  23142 ms rechnen
2026-09-07T18:58:52.660Z  ACIW/2026       roh          48925 reg. Kerzen    0/166/166 von 166  Tagen gewertet (1m/5m/15m)     4393 Signale  238 ms lesen  15721 ms rechnen
2026-09-07T18:58:53.293Z  ACPW/2016       roh          15117 reg. Kerzen        0/0/0 von 230  Tagen gewertet (1m/5m/15m)        0 Signale  99 ms lesen  289 ms rechnen
2026-09-07T18:58:53.608Z  ACTC/2020       roh           2863 reg. Kerzen        0/0/0 von 25   Tagen gewertet (1m/5m/15m)        0 Signale  156 ms lesen  59 ms rechnen
2026-09-07T18:59:06.277Z  ACTC/2021       roh          38413 reg. Kerzen    0/101/101 von 112  Tagen gewertet (1m/5m/15m)     2818 Signale  209 ms lesen  12446 ms rechnen
2026-09-07T18:59:06.594Z  ADAL/2021       roh            144 reg. Kerzen        0/0/0 von 3    Tagen gewertet (1m/5m/15m)        0 Signale  25 ms lesen  1 ms rechnen
2026-09-07T18:59:06.683Z  ADAL/2022       roh            486 reg. Kerzen        0/0/0 von 125  Tagen gewertet (1m/5m/15m)        0 Signale  52 ms lesen  30 ms rechnen
2026-09-07T18:59:06.743Z  ADAL/2023       roh            427 reg. Kerzen        0/0/0 von 65   Tagen gewertet (1m/5m/15m)        0 Signale  49 ms lesen  7 ms rechnen
2026-09-07T18:59:06.819Z  ADF/2021        roh           3620 reg. Kerzen        0/0/0 von 123  Tagen gewertet (1m/5m/15m)        0 Signale  24 ms lesen  44 ms rechnen
2026-09-07T18:59:09.868Z  ADMS/2016       roh          60251 reg. Kerzen      0/17/17 von 252  Tagen gewertet (1m/5m/15m)      472 Signale  234 ms lesen  2793 ms rechnen
2026-09-07T18:59:20.524Z  ADMS/2017       roh          59077 reg. Kerzen      0/91/91 von 251  Tagen gewertet (1m/5m/15m)     2494 Signale  261 ms lesen  10151 ms rechnen
2026-09-07T18:59:47.091Z  ADMS/2018       roh          75252 reg. Kerzen    0/234/234 von 251  Tagen gewertet (1m/5m/15m)     6443 Signale  412 ms lesen  25888 ms rechnen
2026-09-07T18:59:49.363Z  ADMS/2019       roh          66086 reg. Kerzen      0/10/10 von 252  Tagen gewertet (1m/5m/15m)      263 Signale  161 ms lesen  1753 ms rechnen
2026-09-07T18:59:50.464Z  ADMS/2020       roh          52702 reg. Kerzen        0/0/0 von 253  Tagen gewertet (1m/5m/15m)        0 Signale  184 ms lesen  613 ms rechnen
2026-09-07T18:59:52.789Z  ADMS/2021       roh          44634 reg. Kerzen      0/22/22 von 226  Tagen gewertet (1m/5m/15m)      413 Signale  120 ms lesen  1969 ms rechnen
2026-09-07T18:59:53.268Z  ADRT/2022       roh            528 reg. Kerzen        0/0/0 von 127  Tagen gewertet (1m/5m/15m)        0 Signale  17 ms lesen  16 ms rechnen
2026-09-07T18:59:53.341Z  ADRT/2023       roh           3368 reg. Kerzen        0/0/0 von 181  Tagen gewertet (1m/5m/15m)        0 Signale  28 ms lesen  40 ms rechnen
2026-09-07T18:59:53.492Z  ADRT/2024       roh           2965 reg. Kerzen        0/0/0 von 152  Tagen gewertet (1m/5m/15m)        0 Signale  24 ms lesen  106 ms rechnen
2026-09-07T19:00:13.119Z  ADXS/2016       roh          81546 reg. Kerzen    0/175/175 von 252  Tagen gewertet (1m/5m/15m)     4815 Signale  239 ms lesen  19342 ms rechnen
2026-09-07T19:00:22.980Z  ADXS/2017       roh          71271 reg. Kerzen      0/77/77 von 251  Tagen gewertet (1m/5m/15m)     2101 Signale  279 ms lesen  9119 ms rechnen
2026-09-07T19:00:24.251Z  ADXS/2018       roh          64247 reg. Kerzen        0/0/0 von 251  Tagen gewertet (1m/5m/15m)        0 Signale  197 ms lesen  722 ms rechnen
2026-09-07T19:00:25.549Z  ADXS/2019       roh          60355 reg. Kerzen        0/0/0 von 252  Tagen gewertet (1m/5m/15m)        0 Signale  241 ms lesen  708 ms rechnen
2026-09-07T19:00:28.881Z  ADXS/2020       roh          70157 reg. Kerzen      0/18/18 von 253  Tagen gewertet (1m/5m/15m)      499 Signale  311 ms lesen  2705 ms rechnen
2026-09-07T19:00:35.675Z  ADXS/2021       roh          87468 reg. Kerzen      0/44/44 von 246  Tagen gewertet (1m/5m/15m)     1261 Signale  405 ms lesen  6040 ms rechnen
2026-09-07T19:00:36.099Z  AUSGELASSEN ADXS/2022: Datei fehlt
2026-09-07T19:00:36.809Z  AUSGELASSEN ADXS/2023: Datei fehlt
2026-09-07T19:00:36.810Z  AUSGELASSEN ADXS/2024: Datei fehlt
2026-09-07T19:00:36.811Z  AUSGELASSEN ADXS/2025: Datei fehlt
2026-09-07T19:00:39.214Z  AEGN/2016       roh          53780 reg. Kerzen      0/16/16 von 252  Tagen gewertet (1m/5m/15m)      414 Signale  131 ms lesen  2263 ms rechnen
2026-09-07T19:00:41.742Z  AEGN/2017       roh          50799 reg. Kerzen      0/14/14 von 251  Tagen gewertet (1m/5m/15m)      355 Signale  114 ms lesen  2137 ms rechnen
2026-09-07T19:00:42.732Z  AEGN/2018       roh          37498 reg. Kerzen        0/0/0 von 251  Tagen gewertet (1m/5m/15m)        0 Signale  178 ms lesen  524 ms rechnen
2026-09-07T19:00:43.665Z  AEGN/2019       roh          36873 reg. Kerzen        0/0/0 von 252  Tagen gewertet (1m/5m/15m)        0 Signale  176 ms lesen  579 ms rechnen
2026-09-07T19:00:44.414Z  AEGN/2020       roh          32887 reg. Kerzen        0/0/0 von 253  Tagen gewertet (1m/5m/15m)        0 Signale  114 ms lesen  463 ms rechnen
2026-09-07T19:00:48.087Z  AEGN/2021       roh          14811 reg. Kerzen      0/26/35 von 92   Tagen gewertet (1m/5m/15m)      713 Signale  304 ms lesen  3177 ms rechnen
2026-09-07T19:01:13.001Z  AEO/2016        roh          97379 reg. Kerzen    0/232/232 von 252  Tagen gewertet (1m/5m/15m)     6098 Signale  329 ms lesen  24447 ms rechnen
2026-09-07T19:01:37.352Z  AEO/2017        roh          96201 reg. Kerzen    0/251/251 von 251  Tagen gewertet (1m/5m/15m)     6719 Signale  202 ms lesen  23690 ms rechnen
2026-09-07T19:02:02.686Z  AEO/2018        roh          97114 reg. Kerzen    0/251/251 von 251  Tagen gewertet (1m/5m/15m)     6655 Signale  418 ms lesen  24370 ms rechnen
2026-09-07T19:02:27.777Z  AEO/2019        roh          97498 reg. Kerzen    0/252/252 von 252  Tagen gewertet (1m/5m/15m)     6731 Signale  450 ms lesen  24213 ms rechnen
2026-09-07T19:02:54.613Z  AEO/2020        roh          98018 reg. Kerzen    0/253/253 von 253  Tagen gewertet (1m/5m/15m)     6862 Signale  346 ms lesen  25976 ms rechnen
2026-09-07T19:03:20.238Z  AEO/2021        roh          97461 reg. Kerzen    0/251/251 von 252  Tagen gewertet (1m/5m/15m)     6760 Signale  435 ms lesen  24721 ms rechnen
2026-09-07T19:03:46.643Z  AEO/2022        roh          96902 reg. Kerzen    0/249/249 von 251  Tagen gewertet (1m/5m/15m)     6793 Signale  501 ms lesen  25395 ms rechnen
2026-09-07T19:04:12.072Z  AEO/2023        roh          96680 reg. Kerzen    0/250/250 von 250  Tagen gewertet (1m/5m/15m)     6678 Signale  272 ms lesen  24677 ms rechnen
2026-09-07T19:04:36.502Z  AEO/2024        roh          97463 reg. Kerzen    0/252/252 von 252  Tagen gewertet (1m/5m/15m)     6705 Signale  238 ms lesen  23762 ms rechnen
2026-09-07T19:05:02.544Z  AEO/2025        roh          96743 reg. Kerzen    0/250/250 von 250  Tagen gewertet (1m/5m/15m)     6669 Signale  349 ms lesen  25163 ms rechnen
2026-09-07T19:05:19.643Z  AEO/2026        roh          64491 reg. Kerzen    0/166/166 von 166  Tagen gewertet (1m/5m/15m)     4446 Signale  355 ms lesen  16268 ms rechnen
2026-09-07T19:05:32.727Z  AESI/2023       roh          54653 reg. Kerzen    0/122/122 von 205  Tagen gewertet (1m/5m/15m)     3265 Signale  218 ms lesen  12537 ms rechnen
2026-09-07T19:05:58.454Z  AESI/2024       roh          76971 reg. Kerzen    0/252/252 von 252  Tagen gewertet (1m/5m/15m)     6691 Signale  266 ms lesen  25213 ms rechnen
2026-09-07T19:06:25.201Z  AESI/2025       roh          89688 reg. Kerzen    0/250/250 von 250  Tagen gewertet (1m/5m/15m)     6788 Signale  397 ms lesen  25883 ms rechnen
2026-09-07T19:06:44.260Z  AESI/2026       roh          62105 reg. Kerzen    0/166/166 von 166  Tagen gewertet (1m/5m/15m)     4519 Signale  247 ms lesen  18274 ms rechnen
2026-09-07T19:06:44.695Z  AFAQ/2021       roh           1011 reg. Kerzen        0/0/0 von 96   Tagen gewertet (1m/5m/15m)        0 Signale  53 ms lesen  33 ms rechnen
2026-09-07T19:06:44.760Z  AFAQ/2022       roh           1494 reg. Kerzen        0/0/0 von 156  Tagen gewertet (1m/5m/15m)        0 Signale  23 ms lesen  36 ms rechnen
2026-09-07T19:06:45.491Z  AFI/2016        roh          35049 reg. Kerzen        0/1/3 von 190  Tagen gewertet (1m/5m/15m)       43 Signale  179 ms lesen  541 ms rechnen
2026-09-07T19:06:46.437Z  AFI/2017        roh          47098 reg. Kerzen        0/0/0 von 251  Tagen gewertet (1m/5m/15m)        0 Signale  191 ms lesen  468 ms rechnen
2026-09-07T19:06:47.568Z  AFI/2018        roh          40396 reg. Kerzen        0/0/0 von 251  Tagen gewertet (1m/5m/15m)        0 Signale  186 ms lesen  593 ms rechnen
2026-09-07T19:06:48.681Z  AFI/2019        roh          47318 reg. Kerzen        0/0/0 von 252  Tagen gewertet (1m/5m/15m)        0 Signale  312 ms lesen  591 ms rechnen
2026-09-07T19:06:49.708Z  AFI/2020        roh          46874 reg. Kerzen        0/0/0 von 253  Tagen gewertet (1m/5m/15m)        0 Signale  180 ms lesen  648 ms rechnen
2026-09-07T19:06:50.423Z  AFI/2021        roh          32743 reg. Kerzen        0/0/0 von 252  Tagen gewertet (1m/5m/15m)        0 Signale  89 ms lesen  411 ms rechnen
2026-09-07T19:06:50.935Z  AFI/2022        roh          14227 reg. Kerzen        0/0/0 von 97   Tagen gewertet (1m/5m/15m)        0 Signale  94 ms lesen  263 ms rechnen
2026-09-07T19:07:15.123Z  AG/2016         roh          96689 reg. Kerzen    0/229/229 von 252  Tagen gewertet (1m/5m/15m)     6327 Signale  413 ms lesen  23686 ms rechnen
2026-09-07T19:07:41.864Z  AG/2017         roh          95821 reg. Kerzen    0/251/251 von 251  Tagen gewertet (1m/5m/15m)     6863 Signale  258 ms lesen  26005 ms rechnen
2026-09-07T19:08:09.055Z  AG/2018         roh          93067 reg. Kerzen    0/251/251 von 251  Tagen gewertet (1m/5m/15m)     7022 Signale  241 ms lesen  26476 ms rechnen
2026-09-07T19:08:35.487Z  AG/2019         roh          95558 reg. Kerzen    0/252/252 von 252  Tagen gewertet (1m/5m/15m)     6940 Signale  473 ms lesen  25492 ms rechnen
2026-09-07T19:09:02.919Z  AG/2020         roh          97854 reg. Kerzen    0/253/253 von 253  Tagen gewertet (1m/5m/15m)     6960 Signale  252 ms lesen  26729 ms rechnen
2026-09-07T19:09:29.328Z  AG/2021         roh          96449 reg. Kerzen    0/250/250 von 252  Tagen gewertet (1m/5m/15m)     6821 Signale  244 ms lesen  25559 ms rechnen
2026-09-07T19:09:58.570Z  AG/2022         roh          96522 reg. Kerzen    0/249/249 von 251  Tagen gewertet (1m/5m/15m)     6922 Signale  349 ms lesen  28424 ms rechnen
2026-09-07T19:10:29.265Z  AG/2023         roh          96218 reg. Kerzen    0/250/250 von 250  Tagen gewertet (1m/5m/15m)     6768 Signale  368 ms lesen  29792 ms rechnen
2026-09-07T19:10:59.037Z  AG/2024         roh          96838 reg. Kerzen    0/251/251 von 252  Tagen gewertet (1m/5m/15m)     6903 Signale  328 ms lesen  28883 ms rechnen
2026-09-07T19:11:29.781Z  AG/2025         roh          96855 reg. Kerzen    0/250/250 von 250  Tagen gewertet (1m/5m/15m)     6835 Signale  310 ms lesen  29899 ms rechnen
2026-09-07T19:11:50.218Z  AG/2026         roh          64736 reg. Kerzen    0/166/166 von 166  Tagen gewertet (1m/5m/15m)     4528 Signale  371 ms lesen  19548 ms rechnen
2026-09-07T19:11:51.231Z  AGFS/2016       roh          41763 reg. Kerzen        0/0/0 von 252  Tagen gewertet (1m/5m/15m)        0 Signale  125 ms lesen  468 ms rechnen
2026-09-07T19:11:52.345Z  AGFS/2017       roh          41175 reg. Kerzen        0/0/0 von 251  Tagen gewertet (1m/5m/15m)        0 Signale  161 ms lesen  712 ms rechnen
2026-09-07T19:11:53.383Z  AGFS/2018       roh          39752 reg. Kerzen        0/0/0 von 251  Tagen gewertet (1m/5m/15m)        0 Signale  120 ms lesen  684 ms rechnen
2026-09-07T19:11:54.285Z  AGFS/2019       roh          33369 reg. Kerzen        0/0/0 von 252  Tagen gewertet (1m/5m/15m)        0 Signale  103 ms lesen  486 ms rechnen
2026-09-07T19:11:54.945Z  AGFS/2020       roh          24242 reg. Kerzen        0/0/0 von 253  Tagen gewertet (1m/5m/15m)        0 Signale  70 ms lesen  412 ms rechnen
2026-09-07T19:11:55.644Z  AGFS/2021       roh          22808 reg. Kerzen        0/0/0 von 252  Tagen gewertet (1m/5m/15m)        0 Signale  96 ms lesen  488 ms rechnen
2026-09-07T19:11:55.983Z  AGFS/2022       roh          11108 reg. Kerzen        0/0/0 von 251  Tagen gewertet (1m/5m/15m)        0 Signale  56 ms lesen  157 ms rechnen
2026-09-07T19:11:56.130Z  AGFS/2023       roh           4416 reg. Kerzen        0/0/0 von 61   Tagen gewertet (1m/5m/15m)        0 Signale  35 ms lesen  56 ms rechnen
2026-09-07T19:12:14.250Z  AGL/2021        bereinigt    55574 reg. Kerzen    0/161/161 von 182  Tagen gewertet (1m/5m/15m)     4313 Signale  306 ms lesen  17786 ms rechnen
2026-09-07T19:12:44.402Z  AGL/2022        bereinigt    92884 reg. Kerzen    0/249/249 von 250  Tagen gewertet (1m/5m/15m)     6807 Signale  311 ms lesen  29489 ms rechnen
2026-09-07T19:13:13.958Z  AGL/2023        bereinigt    94157 reg. Kerzen    0/250/250 von 250  Tagen gewertet (1m/5m/15m)     6785 Signale  301 ms lesen  28801 ms rechnen
2026-09-07T19:13:42.909Z  AGL/2024        bereinigt    95596 reg. Kerzen    0/252/252 von 252  Tagen gewertet (1m/5m/15m)     6932 Signale  394 ms lesen  28093 ms rechnen
2026-09-07T19:14:10.606Z  AGL/2025        bereinigt    94795 reg. Kerzen    0/233/233 von 250  Tagen gewertet (1m/5m/15m)     6323 Signale  321 ms lesen  26920 ms rechnen
2026-09-07T19:14:22.295Z  AGL/2026        bereinigt    45487 reg. Kerzen      0/87/94 von 166  Tagen gewertet (1m/5m/15m)     2428 Signale  199 ms lesen  10956 ms rechnen
2026-09-07T19:14:22.956Z  AGRI/2021       bereinigt    18695 reg. Kerzen        0/0/0 von 124  Tagen gewertet (1m/5m/15m)        0 Signale  143 ms lesen  194 ms rechnen
2026-09-07T19:14:27.138Z  AGRI/2022       bereinigt    40737 reg. Kerzen      0/23/23 von 251  Tagen gewertet (1m/5m/15m)      643 Signale  418 ms lesen  3686 ms rechnen
2026-09-07T19:14:28.036Z  AGRI/2023       bereinigt    34188 reg. Kerzen        0/0/0 von 250  Tagen gewertet (1m/5m/15m)        0 Signale  223 ms lesen  461 ms rechnen
2026-09-07T19:14:29.328Z  AGRI/2024       bereinigt    62388 reg. Kerzen        0/0/0 von 252  Tagen gewertet (1m/5m/15m)        0 Signale  352 ms lesen  699 ms rechnen
2026-09-07T19:14:30.129Z  AGRI/2025       bereinigt    24977 reg. Kerzen        0/0/0 von 217  Tagen gewertet (1m/5m/15m)        0 Signale  156 ms lesen  293 ms rechnen
2026-09-07T19:14:30.540Z  AGYS/2016       roh          13344 reg. Kerzen        0/0/0 von 252  Tagen gewertet (1m/5m/15m)        0 Signale  100 ms lesen  169 ms rechnen
2026-09-07T19:14:30.883Z  AGYS/2017       roh          17584 reg. Kerzen        0/0/0 von 251  Tagen gewertet (1m/5m/15m)        0 Signale  67 ms lesen  210 ms rechnen
2026-09-07T19:14:31.348Z  AGYS/2018       roh          21982 reg. Kerzen        0/0/0 von 251  Tagen gewertet (1m/5m/15m)        0 Signale  60 ms lesen  330 ms rechnen
2026-09-07T19:14:32.044Z  AGYS/2019       roh          35911 reg. Kerzen        0/0/0 von 252  Tagen gewertet (1m/5m/15m)        0 Signale  181 ms lesen  418 ms rechnen
2026-09-07T19:14:36.780Z  AGYS/2020       roh          48766 reg. Kerzen      0/40/45 von 253  Tagen gewertet (1m/5m/15m)     1131 Signale  90 ms lesen  4484 ms rechnen
2026-09-07T19:14:42.873Z  AGYS/2021       roh          32006 reg. Kerzen      0/55/67 von 252  Tagen gewertet (1m/5m/15m)     1587 Signale  94 ms lesen  5762 ms rechnen
2026-09-07T19:14:46.382Z  AGYS/2022       roh          29341 reg. Kerzen      0/27/42 von 251  Tagen gewertet (1m/5m/15m)      834 Signale  70 ms lesen  3289 ms rechnen
2026-09-07T19:14:58.565Z  AGYS/2023       roh          32512 reg. Kerzen    0/103/203 von 250  Tagen gewertet (1m/5m/15m)     3553 Signale  107 ms lesen  11898 ms rechnen
2026-09-07T19:15:16.352Z  AGYS/2024       roh          37975 reg. Kerzen    0/167/252 von 252  Tagen gewertet (1m/5m/15m)     5069 Signale  100 ms lesen  17542 ms rechnen
2026-09-07T19:15:35.297Z  AGYS/2025       roh          40138 reg. Kerzen    0/163/249 von 250  Tagen gewertet (1m/5m/15m)     5111 Signale  192 ms lesen  18575 ms rechnen
2026-09-07T19:15:49.892Z  AGYS/2026       roh          29696 reg. Kerzen    0/140/166 von 166  Tagen gewertet (1m/5m/15m)     3966 Signale  77 ms lesen  14222 ms rechnen
2026-09-07T19:15:52.334Z  AHP/2016        roh          49255 reg. Kerzen      0/12/13 von 252  Tagen gewertet (1m/5m/15m)      304 Signale  324 ms lesen  1828 ms rechnen
2026-09-07T19:15:53.590Z  AHP/2017        roh          47794 reg. Kerzen        0/0/0 von 251  Tagen gewertet (1m/5m/15m)        0 Signale  277 ms lesen  636 ms rechnen
2026-09-07T19:15:54.257Z  AHP/2018        roh          17701 reg. Kerzen        0/0/0 von 77   Tagen gewertet (1m/5m/15m)        0 Signale  103 ms lesen  221 ms rechnen
2026-09-07T19:16:14.428Z  AIG/2016        roh          98059 reg. Kerzen    0/232/232 von 252  Tagen gewertet (1m/5m/15m)     5446 Signale  662 ms lesen  19396 ms rechnen
2026-09-07T19:16:34.569Z  AIG/2017        roh          97437 reg. Kerzen    0/251/251 von 251  Tagen gewertet (1m/5m/15m)     5785 Signale  317 ms lesen  19222 ms rechnen
2026-09-07T19:16:57.016Z  AIG/2018        roh          97277 reg. Kerzen    0/251/251 von 251  Tagen gewertet (1m/5m/15m)     6205 Signale  215 ms lesen  21744 ms rechnen
2026-09-07T19:17:19.127Z  AIG/2019        roh          97589 reg. Kerzen    0/252/252 von 252  Tagen gewertet (1m/5m/15m)     6125 Signale  488 ms lesen  21156 ms rechnen
2026-09-07T19:17:45.011Z  AIG/2020        roh          98220 reg. Kerzen    0/253/253 von 253  Tagen gewertet (1m/5m/15m)     6739 Signale  394 ms lesen  24761 ms rechnen
2026-09-07T19:18:07.566Z  AIG/2021        roh          97214 reg. Kerzen    0/250/250 von 252  Tagen gewertet (1m/5m/15m)     6309 Signale  256 ms lesen  21846 ms rechnen
2026-09-07T19:18:31.626Z  AIG/2022        roh          96944 reg. Kerzen    0/249/249 von 251  Tagen gewertet (1m/5m/15m)     6489 Signale  235 ms lesen  23338 ms rechnen
2026-09-07T19:18:55.022Z  AIG/2023        roh          96920 reg. Kerzen    0/250/250 von 250  Tagen gewertet (1m/5m/15m)     6202 Signale  329 ms lesen  22393 ms rechnen
2026-09-07T19:19:17.584Z  AIG/2024        roh          97443 reg. Kerzen    0/252/252 von 252  Tagen gewertet (1m/5m/15m)     6011 Signale  280 ms lesen  21797 ms rechnen
2026-09-07T19:19:40.937Z  AIG/2025        roh          96535 reg. Kerzen    0/250/250 von 250  Tagen gewertet (1m/5m/15m)     6030 Signale  498 ms lesen  22276 ms rechnen
2026-09-07T19:19:56.967Z  AIG/2026        roh          63921 reg. Kerzen    0/166/166 von 166  Tagen gewertet (1m/5m/15m)     4170 Signale  150 ms lesen  15344 ms rechnen
2026-09-07T19:19:57.406Z  AINC/2016       roh           2473 reg. Kerzen        0/0/0 von 241  Tagen gewertet (1m/5m/15m)        0 Signale  20 ms lesen  50 ms rechnen
2026-09-07T19:19:57.558Z  AINC/2017       roh            799 reg. Kerzen        0/0/0 von 176  Tagen gewertet (1m/5m/15m)        0 Signale  78 ms lesen  36 ms rechnen
2026-09-07T19:20:00.461Z  CHECKPOINT 200 Dateien, 45 min, Detektorfehler {}
2026-09-07T19:20:00.611Z  AINC/2018       roh           4216 reg. Kerzen        0/0/0 von 246  Tagen gewertet (1m/5m/15m)        0 Signale  63 ms lesen  86 ms rechnen
2026-09-07T19:20:00.782Z  AINC/2019       roh           5875 reg. Kerzen        0/0/0 von 249  Tagen gewertet (1m/5m/15m)        0 Signale  63 ms lesen  79 ms rechnen
2026-09-07T19:20:00.994Z  AINC/2020       roh           7271 reg. Kerzen        0/0/0 von 252  Tagen gewertet (1m/5m/15m)        0 Signale  44 ms lesen  141 ms rechnen
2026-09-07T19:20:01.202Z  AINC/2021       roh           8953 reg. Kerzen        0/0/0 von 252  Tagen gewertet (1m/5m/15m)        0 Signale  54 ms lesen  113 ms rechnen
2026-09-07T19:20:01.353Z  AINC/2022       roh           3584 reg. Kerzen        0/0/0 von 247  Tagen gewertet (1m/5m/15m)        0 Signale  56 ms lesen  59 ms rechnen
2026-09-07T19:20:01.463Z  AINC/2023       roh           1269 reg. Kerzen        0/0/0 von 230  Tagen gewertet (1m/5m/15m)        0 Signale  42 ms lesen  50 ms rechnen
2026-09-07T19:20:01.642Z  AINC/2024       roh           4094 reg. Kerzen        0/0/0 von 142  Tagen gewertet (1m/5m/15m)        0 Signale  25 ms lesen  138 ms rechnen
2026-09-07T19:20:22.497Z  AIV/2016        roh          94037 reg. Kerzen    0/232/232 von 252  Tagen gewertet (1m/5m/15m)     5655 Signale  242 ms lesen  20550 ms rechnen
2026-09-07T19:20:43.380Z  AIV/2017        roh          88560 reg. Kerzen    0/251/251 von 251  Tagen gewertet (1m/5m/15m)     5743 Signale  198 ms lesen  20075 ms rechnen
2026-09-07T19:21:07.655Z  AIV/2018        roh          90207 reg. Kerzen    0/251/251 von 251  Tagen gewertet (1m/5m/15m)     5832 Signale  209 ms lesen  23628 ms rechnen
2026-09-07T19:21:27.983Z  AIV/2019        roh          92030 reg. Kerzen    0/231/231 von 252  Tagen gewertet (1m/5m/15m)     5219 Signale  211 ms lesen  19621 ms rechnen
2026-09-07T19:21:51.432Z  AIV/2020        roh          94008 reg. Kerzen    0/222/222 von 253  Tagen gewertet (1m/5m/15m)     5730 Signale  249 ms lesen  22758 ms rechnen
2026-09-07T19:22:16.872Z  AIV/2021        roh          89652 reg. Kerzen    0/242/242 von 252  Tagen gewertet (1m/5m/15m)     6335 Signale  273 ms lesen  24611 ms rechnen
2026-09-07T19:22:45.072Z  AIV/2022        roh          84265 reg. Kerzen    0/249/249 von 251  Tagen gewertet (1m/5m/15m)     6566 Signale  346 ms lesen  27446 ms rechnen
2026-09-07T19:23:06.955Z  AIV/2023        roh          81728 reg. Kerzen    0/187/187 von 250  Tagen gewertet (1m/5m/15m)     4849 Signale  267 ms lesen  21191 ms rechnen
2026-09-07T19:23:22.876Z  AIV/2024        roh          74755 reg. Kerzen    0/126/126 von 252  Tagen gewertet (1m/5m/15m)     3263 Signale  238 ms lesen  15117 ms rechnen
2026-09-07T19:23:45.763Z  AIV/2025        roh          76795 reg. Kerzen    0/213/213 von 250  Tagen gewertet (1m/5m/15m)     5411 Signale  238 ms lesen  22113 ms rechnen
2026-09-07T19:23:55.526Z  AIV/2026        roh          52279 reg. Kerzen      0/93/93 von 166  Tagen gewertet (1m/5m/15m)     2162 Signale  244 ms lesen  9153 ms rechnen
2026-09-07T19:23:57.440Z  AKAO/2016       roh          36011 reg. Kerzen        0/8/8 von 252  Tagen gewertet (1m/5m/15m)      218 Signale  153 ms lesen  1530 ms rechnen
2026-09-07T19:24:26.254Z  AKAO/2017       roh          84011 reg. Kerzen    0/251/251 von 251  Tagen gewertet (1m/5m/15m)     6844 Signale  213 ms lesen  28410 ms rechnen
2026-09-07T19:24:45.410Z  AKAO/2018       roh          78021 reg. Kerzen    0/156/156 von 250  Tagen gewertet (1m/5m/15m)     4316 Signale  256 ms lesen  18402 ms rechnen
2026-09-07T19:24:46.098Z  AKAO/2019       roh          24157 reg. Kerzen        0/0/0 von 79   Tagen gewertet (1m/5m/15m)        0 Signale  71 ms lesen  215 ms rechnen
2026-09-07T19:24:46.471Z  AKRO/2019       roh          16165 reg. Kerzen        0/0/0 von 135  Tagen gewertet (1m/5m/15m)        0 Signale  62 ms lesen  193 ms rechnen
2026-09-07T19:24:51.615Z  AKRO/2020       roh          47115 reg. Kerzen      0/38/38 von 253  Tagen gewertet (1m/5m/15m)     1043 Signale  137 ms lesen  4900 ms rechnen
2026-09-07T19:25:01.635Z  AKRO/2021       roh          46333 reg. Kerzen      0/83/84 von 252  Tagen gewertet (1m/5m/15m)     2264 Signale  159 ms lesen  9643 ms rechnen
2026-09-07T19:25:10.997Z  AKRO/2022       roh          59701 reg. Kerzen      0/73/73 von 251  Tagen gewertet (1m/5m/15m)     2011 Signale  302 ms lesen  8765 ms rechnen
2026-09-07T19:25:39.143Z  AKRO/2023       roh          76881 reg. Kerzen    0/250/250 von 250  Tagen gewertet (1m/5m/15m)     6807 Signale  159 ms lesen  27708 ms rechnen
2026-09-07T19:26:08.142Z  AKRO/2024       roh          72642 reg. Kerzen    0/252/252 von 252  Tagen gewertet (1m/5m/15m)     6844 Signale  242 ms lesen  28336 ms rechnen
2026-09-07T19:26:32.664Z  AKRO/2025       roh          77399 reg. Kerzen    0/234/234 von 234  Tagen gewertet (1m/5m/15m)     5867 Signale  315 ms lesen  23818 ms rechnen
2026-09-07T19:26:33.189Z  ALAC/2018       roh            226 reg. Kerzen        0/0/0 von 18   Tagen gewertet (1m/5m/15m)        0 Signale  16 ms lesen  11 ms rechnen
2026-09-07T19:26:33.210Z  ALAC/2019       roh            446 reg. Kerzen        0/0/0 von 136  Tagen gewertet (1m/5m/15m)        0 Signale  6 ms lesen  14 ms rechnen
2026-09-07T19:26:33.302Z  ALAC/2020       roh           3070 reg. Kerzen        0/0/0 von 167  Tagen gewertet (1m/5m/15m)        0 Signale  24 ms lesen  63 ms rechnen
2026-09-07T19:26:33.471Z  ALAC/2021       roh           9039 reg. Kerzen        0/0/0 von 248  Tagen gewertet (1m/5m/15m)        0 Signale  39 ms lesen  111 ms rechnen
2026-09-07T19:26:33.548Z  ALAC/2022       roh            491 reg. Kerzen        0/0/0 von 76   Tagen gewertet (1m/5m/15m)        0 Signale  23 ms lesen  13 ms rechnen
2026-09-07T19:27:00.506Z  ALDR/2016       roh          80921 reg. Kerzen    0/232/232 von 252  Tagen gewertet (1m/5m/15m)     6412 Signale  325 ms lesen  26548 ms rechnen
2026-09-07T19:27:30.178Z  ALDR/2017       roh          81181 reg. Kerzen    0/251/251 von 251  Tagen gewertet (1m/5m/15m)     6853 Signale  197 ms lesen  29057 ms rechnen
2026-09-07T19:27:59.757Z  ALDR/2018       roh          81560 reg. Kerzen    0/249/249 von 251  Tagen gewertet (1m/5m/15m)     6805 Signale  270 ms lesen  28737 ms rechnen
2026-09-07T19:28:19.484Z  ALDR/2019       roh          66160 reg. Kerzen    0/180/180 von 203  Tagen gewertet (1m/5m/15m)     4667 Signale  205 ms lesen  19148 ms rechnen
2026-09-07T19:28:41.008Z  ALGT/2016       roh          46607 reg. Kerzen    0/210/232 von 252  Tagen gewertet (1m/5m/15m)     5697 Signale  200 ms lesen  20945 ms rechnen
2026-09-07T19:29:01.245Z  ALGT/2017       roh          45018 reg. Kerzen    0/227/251 von 251  Tagen gewertet (1m/5m/15m)     5980 Signale  185 ms lesen  19811 ms rechnen
2026-09-07T19:29:22.987Z  ALGT/2018       roh          47726 reg. Kerzen    0/232/249 von 251  Tagen gewertet (1m/5m/15m)     6179 Signale  227 ms lesen  21225 ms rechnen
2026-09-07T19:29:42.940Z  ALGT/2019       roh          42425 reg. Kerzen    0/205/252 von 252  Tagen gewertet (1m/5m/15m)     5654 Signale  122 ms lesen  19566 ms rechnen
2026-09-07T19:30:09.397Z  ALGT/2020       roh          58060 reg. Kerzen    0/247/253 von 253  Tagen gewertet (1m/5m/15m)     6797 Signale  152 ms lesen  26128 ms rechnen
2026-09-07T19:30:31.305Z  ALGT/2021       roh          43691 reg. Kerzen    0/218/252 von 252  Tagen gewertet (1m/5m/15m)     6093 Signale  200 ms lesen  21381 ms rechnen
2026-09-07T19:30:56.697Z  ALGT/2022       roh          54839 reg. Kerzen    0/250/251 von 251  Tagen gewertet (1m/5m/15m)     6848 Signale  150 ms lesen  25020 ms rechnen
2026-09-07T19:31:19.868Z  ALGT/2023       roh          46688 reg. Kerzen    0/234/250 von 250  Tagen gewertet (1m/5m/15m)     6338 Signale  242 ms lesen  22702 ms rechnen
2026-09-07T19:31:44.661Z  ALGT/2024       roh          58093 reg. Kerzen    0/249/252 von 252  Tagen gewertet (1m/5m/15m)     6695 Signale  215 ms lesen  24344 ms rechnen
2026-09-07T19:32:11.453Z  ALGT/2025       roh          59112 reg. Kerzen    0/249/250 von 250  Tagen gewertet (1m/5m/15m)     6789 Signale  365 ms lesen  26098 ms rechnen
2026-09-07T19:32:29.031Z  ALGT/2026       roh          42527 reg. Kerzen    0/166/166 von 166  Tagen gewertet (1m/5m/15m)     4487 Signale  203 ms lesen  17054 ms rechnen
2026-09-07T19:32:29.336Z  ALKSV/2023      roh              7 reg. Kerzen        0/0/0 von 2    Tagen gewertet (1m/5m/15m)        0 Signale  22 ms lesen  1 ms rechnen
2026-09-07T19:32:29.490Z  ALNA/2017       roh           5157 reg. Kerzen        0/0/0 von 40   Tagen gewertet (1m/5m/15m)        0 Signale  35 ms lesen  105 ms rechnen
2026-09-07T19:32:29.962Z  ALNA/2018       roh          18752 reg. Kerzen        0/0/0 von 251  Tagen gewertet (1m/5m/15m)        0 Signale  126 ms lesen  325 ms rechnen
2026-09-07T19:32:30.470Z  ALNA/2019       roh          21516 reg. Kerzen        0/0/0 von 252  Tagen gewertet (1m/5m/15m)        0 Signale  120 ms lesen  294 ms rechnen
2026-09-07T19:32:31.362Z  ALNA/2020       roh          51877 reg. Kerzen        0/0/0 von 253  Tagen gewertet (1m/5m/15m)        0 Signale  268 ms lesen  534 ms rechnen
2026-09-07T19:32:32.597Z  ALNA/2021       roh          64682 reg. Kerzen        0/0/0 von 252  Tagen gewertet (1m/5m/15m)        0 Signale  381 ms lesen  623 ms rechnen
2026-09-07T19:32:33.960Z  ALNA/2022       roh          48315 reg. Kerzen        0/0/0 von 171  Tagen gewertet (1m/5m/15m)        0 Signale  408 ms lesen  610 ms rechnen
2026-09-07T19:32:34.509Z  ALQA/2016       bereinigt    16830 reg. Kerzen        0/0/0 von 252  Tagen gewertet (1m/5m/15m)        0 Signale  110 ms lesen  200 ms rechnen
2026-09-07T19:32:35.006Z  ALQA/2017       bereinigt    26255 reg. Kerzen        0/0/0 von 251  Tagen gewertet (1m/5m/15m)        0 Signale  125 ms lesen  293 ms rechnen
2026-09-07T19:32:35.328Z  ALQA/2018       roh           9892 reg. Kerzen        0/0/0 von 251  Tagen gewertet (1m/5m/15m)        0 Signale  44 ms lesen  136 ms rechnen
2026-09-07T19:32:35.497Z  ALQA/2019       roh           6874 reg. Kerzen        0/0/0 von 85   Tagen gewertet (1m/5m/15m)        0 Signale  20 ms lesen  95 ms rechnen
2026-09-07T19:32:35.672Z  ALTA/2020       roh           5984 reg. Kerzen        0/0/0 von 128  Tagen gewertet (1m/5m/15m)        0 Signale  25 ms lesen  86 ms rechnen
2026-09-07T19:32:36.014Z  ALTA/2021       roh          16542 reg. Kerzen        0/0/0 von 188  Tagen gewertet (1m/5m/15m)        0 Signale  79 ms lesen  232 ms rechnen
2026-09-07T19:32:56.248Z  ALV/2016        roh          74924 reg. Kerzen    0/232/232 von 252  Tagen gewertet (1m/5m/15m)     5878 Signale  282 ms lesen  19820 ms rechnen
2026-09-07T19:33:17.158Z  ALV/2017        roh          73608 reg. Kerzen    0/251/251 von 251  Tagen gewertet (1m/5m/15m)     6024 Signale  504 ms lesen  19907 ms rechnen
2026-09-07T19:33:39.571Z  ALV/2018        roh          76214 reg. Kerzen    0/251/251 von 251  Tagen gewertet (1m/5m/15m)     6448 Signale  331 ms lesen  21742 ms rechnen
2026-09-07T19:34:01.744Z  ALV/2019        roh          79847 reg. Kerzen    0/251/252 von 252  Tagen gewertet (1m/5m/15m)     6448 Signale  282 ms lesen  21503 ms rechnen
2026-09-07T19:34:25.064Z  ALV/2020        roh          80488 reg. Kerzen    0/253/253 von 253  Tagen gewertet (1m/5m/15m)     6781 Signale  275 ms lesen  22663 ms rechnen
2026-09-07T19:34:46.961Z  ALV/2021        roh          74918 reg. Kerzen    0/250/250 von 252  Tagen gewertet (1m/5m/15m)     6465 Signale  249 ms lesen  21246 ms rechnen
2026-09-07T19:35:10.762Z  ALV/2022        roh          84603 reg. Kerzen    0/249/249 von 251  Tagen gewertet (1m/5m/15m)     6775 Signale  203 ms lesen  23174 ms rechnen
2026-09-07T19:35:34.002Z  ALV/2023        roh          86145 reg. Kerzen    0/250/250 von 250  Tagen gewertet (1m/5m/15m)     6452 Signale  288 ms lesen  22560 ms rechnen
2026-09-07T19:35:55.732Z  ALV/2024        roh          77337 reg. Kerzen    0/252/252 von 252  Tagen gewertet (1m/5m/15m)     6472 Signale  300 ms lesen  20989 ms rechnen
2026-09-07T19:36:19.860Z  ALV/2025        roh          75972 reg. Kerzen    0/250/250 von 250  Tagen gewertet (1m/5m/15m)     6292 Signale  480 ms lesen  23277 ms rechnen
2026-09-07T19:36:34.957Z  ALV/2026        roh          49065 reg. Kerzen    0/166/166 von 166  Tagen gewertet (1m/5m/15m)     4211 Signale  164 ms lesen  14527 ms rechnen
2026-09-07T19:36:56.283Z  AMAT/2016       roh          98013 reg. Kerzen    0/232/232 von 252  Tagen gewertet (1m/5m/15m)     5849 Signale  285 ms lesen  20793 ms rechnen
2026-09-07T19:37:18.699Z  AMAT/2017       roh          97527 reg. Kerzen    0/251/251 von 251  Tagen gewertet (1m/5m/15m)     6336 Signale  400 ms lesen  21531 ms rechnen
2026-09-07T19:37:42.294Z  AMAT/2018       roh          96572 reg. Kerzen    0/249/249 von 251  Tagen gewertet (1m/5m/15m)     6468 Signale  355 ms lesen  22774 ms rechnen
2026-09-07T19:38:04.880Z  AMAT/2019       roh          97738 reg. Kerzen    0/252/252 von 252  Tagen gewertet (1m/5m/15m)     6491 Signale  244 ms lesen  21879 ms rechnen
2026-09-07T19:38:30.275Z  AMAT/2020       roh          98252 reg. Kerzen    0/253/253 von 253  Tagen gewertet (1m/5m/15m)     6706 Signale  376 ms lesen  24428 ms rechnen
2026-09-07T19:38:55.353Z  AMAT/2021       roh          98098 reg. Kerzen    0/252/252 von 252  Tagen gewertet (1m/5m/15m)     6687 Signale  460 ms lesen  24129 ms rechnen
2026-09-07T19:39:21.774Z  AMAT/2022       roh          97709 reg. Kerzen    0/251/251 von 251  Tagen gewertet (1m/5m/15m)     6898 Signale  341 ms lesen  25518 ms rechnen
2026-09-07T19:39:44.795Z  AMAT/2023       roh          97133 reg. Kerzen    0/250/250 von 250  Tagen gewertet (1m/5m/15m)     6611 Signale  328 ms lesen  22150 ms rechnen
2026-09-07T19:40:08.352Z  AMAT/2024       roh          97683 reg. Kerzen    0/252/252 von 252  Tagen gewertet (1m/5m/15m)     6469 Signale  398 ms lesen  22610 ms rechnen
2026-09-07T19:40:31.769Z  AMAT/2025       roh          96861 reg. Kerzen    0/250/250 von 250  Tagen gewertet (1m/5m/15m)     6492 Signale  428 ms lesen  22391 ms rechnen
2026-09-07T19:40:48.496Z  AMAT/2026       roh          64715 reg. Kerzen    0/166/166 von 166  Tagen gewertet (1m/5m/15m)     4417 Signale  295 ms lesen  15939 ms rechnen
2026-09-07T19:41:00.739Z  AMCR/2019       bereinigt    54564 reg. Kerzen    0/122/122 von 142  Tagen gewertet (1m/5m/15m)     3103 Signale  227 ms lesen  11056 ms rechnen
2026-09-07T19:41:25.406Z  AMCR/2020       bereinigt    97844 reg. Kerzen    0/253/253 von 253  Tagen gewertet (1m/5m/15m)     6521 Signale  353 ms lesen  24045 ms rechnen
2026-09-07T19:41:48.031Z  AMCR/2021       bereinigt    96640 reg. Kerzen    0/250/250 von 252  Tagen gewertet (1m/5m/15m)     6256 Signale  449 ms lesen  21746 ms rechnen
2026-09-07T19:42:11.373Z  AMCR/2022       bereinigt    96834 reg. Kerzen    0/249/249 von 251  Tagen gewertet (1m/5m/15m)     6389 Signale  418 ms lesen  22494 ms rechnen
2026-09-07T19:42:36.792Z  AMCR/2023       bereinigt    97015 reg. Kerzen    0/250/250 von 250  Tagen gewertet (1m/5m/15m)     6238 Signale  677 ms lesen  24286 ms rechnen
2026-09-07T19:43:02.156Z  AMCR/2024       bereinigt    97461 reg. Kerzen    0/252/252 von 252  Tagen gewertet (1m/5m/15m)     6038 Signale  926 ms lesen  23868 ms rechnen
2026-09-07T19:43:23.432Z  AMCR/2025       bereinigt    96945 reg. Kerzen    0/250/250 von 250  Tagen gewertet (1m/5m/15m)     6215 Signale  498 ms lesen  20270 ms rechnen
2026-09-07T19:43:39.093Z  AMCR/2026       bereinigt    64546 reg. Kerzen    0/166/166 von 166  Tagen gewertet (1m/5m/15m)     4284 Signale  274 ms lesen  14955 ms rechnen
2026-09-07T19:44:00.169Z  AMG/2016        roh          80708 reg. Kerzen    0/232/232 von 252  Tagen gewertet (1m/5m/15m)     6085 Signale  375 ms lesen  20378 ms rechnen
2026-09-07T19:44:22.253Z  AMG/2017        roh          67702 reg. Kerzen    0/248/250 von 251  Tagen gewertet (1m/5m/15m)     6189 Signale  297 ms lesen  21426 ms rechnen
2026-09-07T19:44:46.109Z  AMG/2018        roh          73202 reg. Kerzen    0/251/251 von 251  Tagen gewertet (1m/5m/15m)     6375 Signale  200 ms lesen  23307 ms rechnen
2026-09-07T19:45:08.879Z  AMG/2019        roh          81104 reg. Kerzen    0/252/252 von 252  Tagen gewertet (1m/5m/15m)     6459 Signale  265 ms lesen  22001 ms rechnen
2026-09-07T19:45:35.610Z  AMG/2020        roh          75944 reg. Kerzen    0/253/253 von 253  Tagen gewertet (1m/5m/15m)     6811 Signale  335 ms lesen  25914 ms rechnen
2026-09-07T19:45:59.421Z  AMG/2021        roh          56497 reg. Kerzen    0/234/250 von 252  Tagen gewertet (1m/5m/15m)     6277 Signale  152 ms lesen  23309 ms rechnen
2026-09-07T19:46:24.563Z  AMG/2022        roh          54360 reg. Kerzen    0/247/249 von 251  Tagen gewertet (1m/5m/15m)     6548 Signale  248 ms lesen  24624 ms rechnen
2026-09-07T19:46:46.438Z  AMG/2023        roh          49018 reg. Kerzen    0/239/250 von 250  Tagen gewertet (1m/5m/15m)     5993 Signale  146 ms lesen  21379 ms rechnen
2026-09-07T19:47:03.468Z  AMG/2024        roh          39860 reg. Kerzen    0/174/252 von 252  Tagen gewertet (1m/5m/15m)     5020 Signale  205 ms lesen  16619 ms rechnen
2026-09-07T19:47:21.396Z  AMG/2025        roh          38202 reg. Kerzen    0/173/250 von 250  Tagen gewertet (1m/5m/15m)     5148 Signale  109 ms lesen  17634 ms rechnen
2026-09-07T19:47:37.115Z  AMG/2026        roh          39250 reg. Kerzen    0/157/166 von 166  Tagen gewertet (1m/5m/15m)     4260 Signale  141 ms lesen  15399 ms rechnen
2026-09-07T19:47:37.411Z  AMMA/2016       roh           1360 reg. Kerzen        0/0/0 von 60   Tagen gewertet (1m/5m/15m)        0 Signale  42 ms lesen  34 ms rechnen
2026-09-07T19:47:37.631Z  AMMA/2017       roh          10833 reg. Kerzen        0/0/0 von 251  Tagen gewertet (1m/5m/15m)        0 Signale  65 ms lesen  147 ms rechnen
2026-09-07T19:47:38.069Z  AMMA/2018       roh          23628 reg. Kerzen        0/0/0 von 251  Tagen gewertet (1m/5m/15m)        0 Signale  76 ms lesen  307 ms rechnen
2026-09-07T19:47:38.310Z  AMMA/2019       roh           2160 reg. Kerzen        0/0/0 von 22   Tagen gewertet (1m/5m/15m)        0 Signale  49 ms lesen  84 ms rechnen
2026-09-07T19:47:38.361Z  AMPI/2021       roh           1140 reg. Kerzen        0/0/0 von 133  Tagen gewertet (1m/5m/15m)        0 Signale  6 ms lesen  15 ms rechnen
2026-09-07T19:47:38.445Z  AMPI/2022       roh            992 reg. Kerzen        0/0/0 von 174  Tagen gewertet (1m/5m/15m)        0 Signale  25 ms lesen  53 ms rechnen
2026-09-07T19:47:40.869Z  AMRS/2016       bereinigt    64275 reg. Kerzen      0/10/10 von 252  Tagen gewertet (1m/5m/15m)      270 Signale  243 ms lesen  2153 ms rechnen
2026-09-07T19:47:42.161Z  AMRS/2017       bereinigt    60197 reg. Kerzen        0/0/0 von 251  Tagen gewertet (1m/5m/15m)        0 Signale  267 ms lesen  686 ms rechnen
2026-09-07T19:47:52.581Z  AMRS/2018       roh          70908 reg. Kerzen      0/75/75 von 251  Tagen gewertet (1m/5m/15m)     2034 Signale  204 ms lesen  9892 ms rechnen
2026-09-07T19:48:01.097Z  AMRS/2019       roh          81168 reg. Kerzen      0/66/66 von 252  Tagen gewertet (1m/5m/15m)     1776 Signale  264 ms lesen  7853 ms rechnen
2026-09-07T19:48:22.638Z  AMRS/2020       roh          90010 reg. Kerzen    0/172/172 von 253  Tagen gewertet (1m/5m/15m)     4720 Signale  315 ms lesen  20767 ms rechnen
2026-09-07T19:48:52.181Z  AMRS/2021       roh          97429 reg. Kerzen    0/252/252 von 252  Tagen gewertet (1m/5m/15m)     6846 Signale  386 ms lesen  28649 ms rechnen
2026-09-07T19:49:23.289Z  AMRS/2022       roh          95926 reg. Kerzen    0/251/251 von 251  Tagen gewertet (1m/5m/15m)     7030 Signale  950 ms lesen  29718 ms rechnen
2026-09-07T19:49:32.365Z  AMRS/2023       roh          58306 reg. Kerzen      0/60/60 von 158  Tagen gewertet (1m/5m/15m)     1669 Signale  856 ms lesen  7625 ms rechnen
2026-09-07T19:49:35.043Z  AMTG/2016       roh          34965 reg. Kerzen      0/19/19 von 168  Tagen gewertet (1m/5m/15m)      483 Signale  404 ms lesen  1936 ms rechnen
2026-09-07T19:49:44.341Z  ANAB/2017       bereinigt    35920 reg. Kerzen      0/76/80 von 235  Tagen gewertet (1m/5m/15m)     2075 Signale  1064 ms lesen  7991 ms rechnen
2026-09-07T19:50:13.489Z  ANAB/2018       bereinigt    59988 reg. Kerzen    0/249/249 von 251  Tagen gewertet (1m/5m/15m)     6859 Signale  1119 ms lesen  27857 ms rechnen
2026-09-07T19:50:41.764Z  ANAB/2019       bereinigt    57413 reg. Kerzen    0/250/252 von 252  Tagen gewertet (1m/5m/15m)     6784 Signale  1050 ms lesen  26901 ms rechnen
2026-09-07T19:51:01.686Z  ANAB/2020       bereinigt    65021 reg. Kerzen    0/146/146 von 253  Tagen gewertet (1m/5m/15m)     4022 Signale  1417 ms lesen  18195 ms rechnen
2026-09-07T19:51:10.790Z  ANAB/2021       bereinigt    45502 reg. Kerzen      0/55/56 von 252  Tagen gewertet (1m/5m/15m)     1483 Signale  1192 ms lesen  7384 ms rechnen
2026-09-07T19:51:17.159Z  ANAB/2022       bereinigt    39486 reg. Kerzen      0/38/45 von 251  Tagen gewertet (1m/5m/15m)     1101 Signale  839 ms lesen  5222 ms rechnen
2026-09-07T19:51:18.894Z  ANAB/2023       bereinigt    41316 reg. Kerzen       0/7/10 von 250  Tagen gewertet (1m/5m/15m)      187 Signale  386 ms lesen  1124 ms rechnen
2026-09-07T19:51:40.227Z  ANAB/2024       bereinigt    51270 reg. Kerzen    0/184/207 von 252  Tagen gewertet (1m/5m/15m)     5209 Signale  438 ms lesen  20704 ms rechnen
2026-09-07T19:52:11.203Z  ANAB/2025       bereinigt    63652 reg. Kerzen    0/250/250 von 250  Tagen gewertet (1m/5m/15m)     6698 Signale  2023 ms lesen  28653 ms rechnen
2026-09-07T19:52:29.852Z  ANAB/2026       bereinigt    40089 reg. Kerzen    0/165/166 von 166  Tagen gewertet (1m/5m/15m)     4526 Signale  219 ms lesen  18096 ms rechnen
2026-09-07T19:52:34.939Z  ANDE/2016       roh          45187 reg. Kerzen      0/41/46 von 252  Tagen gewertet (1m/5m/15m)     1133 Signale  120 ms lesen  4779 ms rechnen
2026-09-07T19:52:38.036Z  ANDE/2017       roh          37553 reg. Kerzen      0/24/27 von 251  Tagen gewertet (1m/5m/15m)      663 Signale  106 ms lesen  2761 ms rechnen
2026-09-07T19:52:38.817Z  ANDE/2018       roh          34102 reg. Kerzen        0/0/0 von 251  Tagen gewertet (1m/5m/15m)        0 Signale  117 ms lesen  442 ms rechnen
2026-09-07T19:52:42.579Z  ANDE/2019       roh          45802 reg. Kerzen      0/28/28 von 252  Tagen gewertet (1m/5m/15m)      746 Signale  130 ms lesen  3442 ms rechnen
2026-09-07T19:52:43.574Z  ANDE/2020       roh          50195 reg. Kerzen        0/0/0 von 253  Tagen gewertet (1m/5m/15m)        0 Signale  229 ms lesen  565 ms rechnen
2026-09-07T19:52:44.444Z  ANDE/2021       roh          38317 reg. Kerzen        0/0/0 von 252  Tagen gewertet (1m/5m/15m)        0 Signale  120 ms lesen  430 ms rechnen
2026-09-07T19:53:01.614Z  ANDE/2022       roh          54833 reg. Kerzen    0/158/164 von 251  Tagen gewertet (1m/5m/15m)     4316 Signale  271 ms lesen  16652 ms rechnen
2026-09-07T19:53:17.517Z  ANDE/2023       roh          43703 reg. Kerzen    0/166/181 von 250  Tagen gewertet (1m/5m/15m)     4452 Signale  202 ms lesen  15295 ms rechnen
2026-09-07T19:53:30.104Z  ANDE/2024       roh          36887 reg. Kerzen    0/105/148 von 252  Tagen gewertet (1m/5m/15m)     3053 Signale  208 ms lesen  12117 ms rechnen
2026-09-07T19:53:53.110Z  ANDE/2025       roh          47751 reg. Kerzen    0/245/248 von 250  Tagen gewertet (1m/5m/15m)     6369 Signale  150 ms lesen  22702 ms rechnen
2026-09-07T19:54:07.436Z  ANDE/2026       roh          29272 reg. Kerzen    0/152/166 von 166  Tagen gewertet (1m/5m/15m)     4115 Signale  122 ms lesen  13911 ms rechnen
2026-09-07T19:54:08.171Z  ANGN/2021       bereinigt    29059 reg. Kerzen        0/0/0 von 229  Tagen gewertet (1m/5m/15m)        0 Signale  202 ms lesen  367 ms rechnen
2026-09-07T19:54:08.668Z  ANGN/2022       bereinigt    19367 reg. Kerzen        0/0/0 von 251  Tagen gewertet (1m/5m/15m)        0 Signale  80 ms lesen  281 ms rechnen
2026-09-07T19:54:08.862Z  ANGN/2023       bereinigt     3966 reg. Kerzen        0/0/0 von 104  Tagen gewertet (1m/5m/15m)        0 Signale  25 ms lesen  52 ms rechnen
2026-09-07T19:54:09.354Z  ANTH/2017       roh          25570 reg. Kerzen        0/0/0 von 170  Tagen gewertet (1m/5m/15m)        0 Signale  152 ms lesen  319 ms rechnen
2026-09-07T19:54:09.873Z  ANTH/2018       roh          24542 reg. Kerzen        0/0/0 von 123  Tagen gewertet (1m/5m/15m)        0 Signale  102 ms lesen  300 ms rechnen
2026-09-07T19:54:10.179Z  AONE/2020       roh           2319 reg. Kerzen        0/0/0 von 58   Tagen gewertet (1m/5m/15m)        0 Signale  43 ms lesen  90 ms rechnen
2026-09-07T19:54:14.382Z  AONE/2021       roh          25685 reg. Kerzen      0/32/32 von 133  Tagen gewertet (1m/5m/15m)      866 Signale  160 ms lesen  4031 ms rechnen
2026-09-07T19:54:33.556Z  APD/2016        bereinigt    93140 reg. Kerzen    0/232/232 von 252  Tagen gewertet (1m/5m/15m)     5498 Signale  381 ms lesen  18606 ms rechnen
2026-09-07T19:54:52.515Z  APD/2017        roh          90189 reg. Kerzen    0/251/251 von 251  Tagen gewertet (1m/5m/15m)     5404 Signale  352 ms lesen  18153 ms rechnen
2026-09-07T19:55:13.759Z  APD/2018        roh          89533 reg. Kerzen    0/251/251 von 251  Tagen gewertet (1m/5m/15m)     6151 Signale  253 ms lesen  20483 ms rechnen
2026-09-07T19:55:33.735Z  APD/2019        roh          91610 reg. Kerzen    0/251/251 von 252  Tagen gewertet (1m/5m/15m)     5801 Signale  473 ms lesen  19039 ms rechnen
2026-09-07T19:55:58.637Z  APD/2020        roh          93176 reg. Kerzen    0/253/253 von 253  Tagen gewertet (1m/5m/15m)     6484 Signale  590 ms lesen  23812 ms rechnen
2026-09-07T19:56:23.749Z  APD/2021        roh          89061 reg. Kerzen    0/250/250 von 252  Tagen gewertet (1m/5m/15m)     6020 Signale  276 ms lesen  24367 ms rechnen
2026-09-07T19:56:47.693Z  APD/2022        roh          90937 reg. Kerzen    0/249/249 von 251  Tagen gewertet (1m/5m/15m)     6363 Signale  419 ms lesen  23106 ms rechnen
2026-09-07T19:57:11.009Z  APD/2023        roh          84458 reg. Kerzen    0/250/250 von 250  Tagen gewertet (1m/5m/15m)     6018 Signale  265 ms lesen  22541 ms rechnen
2026-09-07T19:57:33.813Z  APD/2024        roh          88681 reg. Kerzen    0/252/252 von 252  Tagen gewertet (1m/5m/15m)     5963 Signale  315 ms lesen  21933 ms rechnen
2026-09-07T19:57:55.688Z  APD/2025        roh          85945 reg. Kerzen    0/250/250 von 250  Tagen gewertet (1m/5m/15m)     6232 Signale  230 ms lesen  21210 ms rechnen
2026-09-07T19:58:12.005Z  APD/2026        roh          63368 reg. Kerzen    0/166/166 von 166  Tagen gewertet (1m/5m/15m)     4179 Signale  391 ms lesen  15520 ms rechnen
2026-09-07T19:58:14.963Z  APGE/2023       roh          22465 reg. Kerzen      0/14/17 von 118  Tagen gewertet (1m/5m/15m)      400 Signale  141 ms lesen  2551 ms rechnen
2026-09-07T19:58:50.187Z  APGE/2024       roh          58307 reg. Kerzen    0/239/245 von 252  Tagen gewertet (1m/5m/15m)     6460 Signale  221 ms lesen  34790 ms rechnen
2026-09-07T19:59:21.364Z  APGE/2025       roh          68790 reg. Kerzen    0/250/250 von 250  Tagen gewertet (1m/5m/15m)     6674 Signale  335 ms lesen  30543 ms rechnen
2026-09-07T19:59:38.205Z  APGE/2026       roh          49618 reg. Kerzen    0/166/166 von 166  Tagen gewertet (1m/5m/15m)     3879 Signale  614 ms lesen  15892 ms rechnen
2026-09-07T19:59:39.659Z  APLP/2016       roh          43598 reg. Kerzen        0/0/0 von 252  Tagen gewertet (1m/5m/15m)        0 Signale  507 ms lesen  631 ms rechnen
2026-09-07T19:59:40.802Z  APLP/2017       roh          32566 reg. Kerzen        0/0/0 von 251  Tagen gewertet (1m/5m/15m)        0 Signale  426 ms lesen  408 ms rechnen
2026-09-07T19:59:41.504Z  APLP/2018       roh          11116 reg. Kerzen        0/0/0 von 80   Tagen gewertet (1m/5m/15m)        0 Signale  331 ms lesen  182 ms rechnen
2026-09-07T19:59:41.687Z  APOP/2016       bereinigt     1388 reg. Kerzen        0/0/0 von 98   Tagen gewertet (1m/5m/15m)        0 Signale  34 ms lesen  19 ms rechnen
2026-09-07T19:59:42.218Z  APOP/2017       bereinigt    12495 reg. Kerzen        0/0/0 von 251  Tagen gewertet (1m/5m/15m)        0 Signale  300 ms lesen  221 ms rechnen
2026-09-07T19:59:42.729Z  APOP/2018       bereinigt     7433 reg. Kerzen        0/0/0 von 251  Tagen gewertet (1m/5m/15m)        0 Signale  340 ms lesen  93 ms rechnen
2026-09-07T19:59:43.310Z  APOP/2019       bereinigt    14486 reg. Kerzen        0/0/0 von 252  Tagen gewertet (1m/5m/15m)        0 Signale  366 ms lesen  176 ms rechnen
2026-09-07T19:59:44.044Z  APOP/2020       bereinigt    22608 reg. Kerzen        0/0/0 von 253  Tagen gewertet (1m/5m/15m)        0 Signale  343 ms lesen  326 ms rechnen
2026-09-07T19:59:45.383Z  APOP/2021       bereinigt    30278 reg. Kerzen        0/4/6 von 208  Tagen gewertet (1m/5m/15m)      127 Signale  221 ms lesen  1014 ms rechnen
2026-09-07T19:59:46.445Z  APRI/2016       bereinigt    31577 reg. Kerzen        0/0/0 von 252  Tagen gewertet (1m/5m/15m)        0 Signale  550 ms lesen  367 ms rechnen
2026-09-07T19:59:47.211Z  APRI/2017       roh          31221 reg. Kerzen        0/0/0 von 251  Tagen gewertet (1m/5m/15m)        0 Signale  220 ms lesen  385 ms rechnen
2026-09-07T19:59:48.074Z  APRI/2018       roh          38719 reg. Kerzen        0/0/0 von 251  Tagen gewertet (1m/5m/15m)        0 Signale  268 ms lesen  422 ms rechnen
2026-09-07T19:59:48.420Z  APRI/2019       roh           3306 reg. Kerzen        0/0/0 von 15   Tagen gewertet (1m/5m/15m)        0 Signale  119 ms lesen  46 ms rechnen
2026-09-07T19:59:48.868Z  APTX/2018       roh          15041 reg. Kerzen        0/0/0 von 133  Tagen gewertet (1m/5m/15m)        0 Signale  213 ms lesen  176 ms rechnen
2026-09-07T19:59:49.749Z  APTX/2019       roh          38040 reg. Kerzen        0/0/0 von 252  Tagen gewertet (1m/5m/15m)        0 Signale  351 ms lesen  458 ms rechnen
2026-09-07T19:59:50.924Z  APTX/2020       roh          48661 reg. Kerzen        0/0/0 von 253  Tagen gewertet (1m/5m/15m)        0 Signale  328 ms lesen  557 ms rechnen
2026-09-07T19:59:52.138Z  APTX/2021       roh          45520 reg. Kerzen        0/0/0 von 252  Tagen gewertet (1m/5m/15m)        0 Signale  366 ms lesen  605 ms rechnen
2026-09-07T19:59:53.003Z  APTX/2022       roh          27497 reg. Kerzen        0/0/0 von 251  Tagen gewertet (1m/5m/15m)        0 Signale  212 ms lesen  431 ms rechnen
2026-09-07T19:59:53.638Z  APTX/2023       roh          17794 reg. Kerzen        0/0/0 von 95   Tagen gewertet (1m/5m/15m)        0 Signale  286 ms lesen  184 ms rechnen
2026-09-07T19:59:53.715Z  AUSGELASSEN APTX/2024: Datei fehlt
2026-09-07T19:59:53.756Z  AQU/2022        roh            109 reg. Kerzen        0/0/0 von 23   Tagen gewertet (1m/5m/15m)        0 Signale  19 ms lesen  7 ms rechnen
2026-09-07T19:59:53.814Z  AQU/2023        roh            760 reg. Kerzen        0/0/0 von 152  Tagen gewertet (1m/5m/15m)        0 Signale  37 ms lesen  14 ms rechnen
2026-09-07T19:59:53.841Z  AQU/2024        roh            327 reg. Kerzen        0/0/0 von 91   Tagen gewertet (1m/5m/15m)        0 Signale  13 ms lesen  10 ms rechnen
2026-09-07T19:59:53.886Z  AQU/2025        roh            170 reg. Kerzen        0/0/0 von 21   Tagen gewertet (1m/5m/15m)        0 Signale  37 ms lesen  3 ms rechnen
2026-09-07T19:59:54.792Z  ARC/2016        roh          45202 reg. Kerzen        0/0/0 von 252  Tagen gewertet (1m/5m/15m)        0 Signale  305 ms lesen  586 ms rechnen
2026-09-07T19:59:55.846Z  ARC/2017        roh          36088 reg. Kerzen        0/0/0 von 251  Tagen gewertet (1m/5m/15m)        0 Signale  384 ms lesen  449 ms rechnen
2026-09-07T19:59:56.756Z  ARC/2018        roh          43903 reg. Kerzen        0/0/0 von 251  Tagen gewertet (1m/5m/15m)        0 Signale  248 ms lesen  475 ms rechnen
2026-09-07T19:59:57.735Z  ARC/2019        roh          30804 reg. Kerzen        0/0/0 von 252  Tagen gewertet (1m/5m/15m)        0 Signale  338 ms lesen  402 ms rechnen
2026-09-07T19:59:58.515Z  ARC/2020        roh          25060 reg. Kerzen        0/0/0 von 253  Tagen gewertet (1m/5m/15m)        0 Signale  269 ms lesen  330 ms rechnen
2026-09-07T19:59:59.151Z  ARC/2021        roh          29365 reg. Kerzen        0/0/0 von 252  Tagen gewertet (1m/5m/15m)        0 Signale  173 ms lesen  342 ms rechnen
2026-09-07T19:59:59.705Z  ARC/2022        roh          25267 reg. Kerzen        0/0/0 von 251  Tagen gewertet (1m/5m/15m)        0 Signale  108 ms lesen  299 ms rechnen
2026-09-07T20:00:00.400Z  ARC/2023        roh          28670 reg. Kerzen        0/0/0 von 250  Tagen gewertet (1m/5m/15m)        0 Signale  113 ms lesen  456 ms rechnen
2026-09-07T20:00:01.384Z  ARC/2024        roh          23923 reg. Kerzen        0/0/0 von 226  Tagen gewertet (1m/5m/15m)        0 Signale  404 ms lesen  433 ms rechnen
2026-09-07T20:00:01.716Z  ARCW/2016       roh           6637 reg. Kerzen        0/0/0 von 252  Tagen gewertet (1m/5m/15m)        0 Signale  102 ms lesen  85 ms rechnen
2026-09-07T20:00:01.887Z  ARCW/2017       roh           4469 reg. Kerzen        0/0/0 von 250  Tagen gewertet (1m/5m/15m)        0 Signale  65 ms lesen  72 ms rechnen
2026-09-07T20:00:02.080Z  ARCW/2018       roh           3216 reg. Kerzen        0/0/0 von 242  Tagen gewertet (1m/5m/15m)        0 Signale  95 ms lesen  81 ms rechnen
2026-09-07T20:00:02.298Z  ARCW/2019       roh           4050 reg. Kerzen        0/0/0 von 136  Tagen gewertet (1m/5m/15m)        0 Signale  117 ms lesen  66 ms rechnen
2026-09-07T20:00:02.844Z  ARES/2016       roh          18089 reg. Kerzen        0/0/0 von 252  Tagen gewertet (1m/5m/15m)        0 Signale  170 ms lesen  304 ms rechnen
2026-09-07T20:00:04.128Z  ARES/2017       roh          25143 reg. Kerzen        0/3/4 von 251  Tagen gewertet (1m/5m/15m)       83 Signale  285 ms lesen  870 ms rechnen
2026-09-07T20:00:21.189Z  ARES/2018       roh          58106 reg. Kerzen    0/168/174 von 251  Tagen gewertet (1m/5m/15m)     4431 Signale  595 ms lesen  16368 ms rechnen
2026-09-07T20:00:30.499Z  CHECKPOINT 400 Dateien, 86 min, Detektorfehler {}
2026-09-07T20:00:55.397Z  ARES/2019       roh          76098 reg. Kerzen    0/252/252 von 252  Tagen gewertet (1m/5m/15m)     6404 Signale  992 ms lesen  23905 ms rechnen
2026-09-07T20:01:22.709Z  ARES/2020       roh          81566 reg. Kerzen    0/253/253 von 253  Tagen gewertet (1m/5m/15m)     6667 Signale  361 ms lesen  26601 ms rechnen
2026-09-07T20:01:46.081Z  ARES/2021       roh          78829 reg. Kerzen    0/250/250 von 252  Tagen gewertet (1m/5m/15m)     6396 Signale  838 ms lesen  22186 ms rechnen
2026-09-07T20:02:12.119Z  ARES/2022       roh          87113 reg. Kerzen    0/249/249 von 251  Tagen gewertet (1m/5m/15m)     6733 Signale  416 ms lesen  25227 ms rechnen
2026-09-07T20:02:35.598Z  ARES/2023       roh          87027 reg. Kerzen    0/250/250 von 250  Tagen gewertet (1m/5m/15m)     6422 Signale  908 ms lesen  22133 ms rechnen
2026-09-07T20:03:00.136Z  ARES/2024       roh          86291 reg. Kerzen    0/252/252 von 252  Tagen gewertet (1m/5m/15m)     6364 Signale  844 ms lesen  23248 ms rechnen
2026-09-07T20:03:26.079Z  ARES/2025       roh          89806 reg. Kerzen    0/250/250 von 250  Tagen gewertet (1m/5m/15m)     6562 Signale  832 ms lesen  24586 ms rechnen
2026-09-07T20:03:44.516Z  ARES/2026       roh          62992 reg. Kerzen    0/166/166 von 166  Tagen gewertet (1m/5m/15m)     4518 Signale  487 ms lesen  17519 ms rechnen
2026-09-07T20:04:04.575Z  ARI/2016        roh          82645 reg. Kerzen    0/232/232 von 252  Tagen gewertet (1m/5m/15m)     5634 Signale  630 ms lesen  19104 ms rechnen
2026-09-07T20:04:25.700Z  ARI/2017        roh          85775 reg. Kerzen    0/251/251 von 251  Tagen gewertet (1m/5m/15m)     5421 Signale  1154 ms lesen  19486 ms rechnen
2026-09-07T20:04:45.732Z  ARI/2018        roh          87277 reg. Kerzen    0/251/251 von 251  Tagen gewertet (1m/5m/15m)     5303 Signale  1004 ms lesen  18549 ms rechnen
2026-09-07T20:05:06.410Z  ARI/2019        roh          86335 reg. Kerzen    0/252/252 von 252  Tagen gewertet (1m/5m/15m)     5352 Signale  876 ms lesen  19327 ms rechnen
2026-09-07T20:05:33.073Z  ARI/2020        roh          91438 reg. Kerzen    0/253/253 von 253  Tagen gewertet (1m/5m/15m)     6721 Signale  769 ms lesen  25476 ms rechnen
2026-09-07T20:05:57.377Z  ARI/2021        roh          81973 reg. Kerzen    0/250/250 von 252  Tagen gewertet (1m/5m/15m)     6435 Signale  1113 ms lesen  22737 ms rechnen
2026-09-07T20:06:24.531Z  ARI/2022        roh          87046 reg. Kerzen    0/249/249 von 251  Tagen gewertet (1m/5m/15m)     6678 Signale  798 ms lesen  25870 ms rechnen
2026-09-07T20:06:48.262Z  ARI/2023        roh          84570 reg. Kerzen    0/243/243 von 250  Tagen gewertet (1m/5m/15m)     6449 Signale  250 ms lesen  23052 ms rechnen
2026-09-07T20:07:12.615Z  ARI/2024        roh          79837 reg. Kerzen    0/244/244 von 252  Tagen gewertet (1m/5m/15m)     6250 Signale  735 ms lesen  22981 ms rechnen
2026-09-07T20:07:35.777Z  ARI/2025        roh          76741 reg. Kerzen    0/248/248 von 250  Tagen gewertet (1m/5m/15m)     6135 Signale  747 ms lesen  22048 ms rechnen
2026-09-07T20:07:50.927Z  ARI/2026        roh          55792 reg. Kerzen    0/166/166 von 166  Tagen gewertet (1m/5m/15m)     4082 Signale  414 ms lesen  14309 ms rechnen
2026-09-07T20:07:58.821Z  ARMO/2018       roh          21844 reg. Kerzen      0/71/80 von 102  Tagen gewertet (1m/5m/15m)     1697 Signale  141 ms lesen  7460 ms rechnen
2026-09-07T20:08:03.420Z  ARQT/2020       roh          35046 reg. Kerzen      0/32/35 von 233  Tagen gewertet (1m/5m/15m)      879 Signale  269 ms lesen  4216 ms rechnen
2026-09-07T20:08:08.868Z  ARQT/2021       roh          40866 reg. Kerzen      0/38/42 von 252  Tagen gewertet (1m/5m/15m)     1068 Signale  526 ms lesen  4770 ms rechnen
2026-09-07T20:08:28.824Z  ARQT/2022       roh          62442 reg. Kerzen    0/168/169 von 251  Tagen gewertet (1m/5m/15m)     4600 Signale  311 ms lesen  19443 ms rechnen
2026-09-07T20:08:56.007Z  ARQT/2023       roh          85370 reg. Kerzen    0/229/229 von 250  Tagen gewertet (1m/5m/15m)     6209 Signale  784 ms lesen  26128 ms rechnen
2026-09-07T20:09:26.196Z  ARQT/2024       roh          94822 reg. Kerzen    0/252/252 von 252  Tagen gewertet (1m/5m/15m)     6745 Signale  1079 ms lesen  28660 ms rechnen
2026-09-07T20:09:55.387Z  ARQT/2025       roh          92112 reg. Kerzen    0/250/250 von 250  Tagen gewertet (1m/5m/15m)     6684 Signale  641 ms lesen  28097 ms rechnen
2026-09-07T20:10:13.871Z  ARQT/2026       roh          57373 reg. Kerzen    0/166/166 von 166  Tagen gewertet (1m/5m/15m)     4500 Signale  544 ms lesen  17540 ms rechnen
2026-09-07T20:10:17.140Z  ARVL/2020       bereinigt    12133 reg. Kerzen      0/21/21 von 177  Tagen gewertet (1m/5m/15m)      555 Signale  412 ms lesen  2508 ms rechnen
2026-09-07T20:10:44.605Z  ARVL/2021       bereinigt    92517 reg. Kerzen    0/231/231 von 252  Tagen gewertet (1m/5m/15m)     6389 Signale  1075 ms lesen  26326 ms rechnen
2026-09-07T20:11:06.087Z  ARVL/2022       bereinigt    95559 reg. Kerzen    0/175/175 von 251  Tagen gewertet (1m/5m/15m)     4973 Signale  473 ms lesen  20521 ms rechnen
2026-09-07T20:11:08.048Z  ARVL/2023       bereinigt    59922 reg. Kerzen        0/0/0 von 250  Tagen gewertet (1m/5m/15m)        0 Signale  827 ms lesen  606 ms rechnen
2026-09-07T20:11:08.456Z  ARVL/2024       roh           2527 reg. Kerzen        0/0/0 von 19   Tagen gewertet (1m/5m/15m)        0 Signale  39 ms lesen  35 ms rechnen
2026-09-07T20:11:08.637Z  ARYE/2021       roh           2184 reg. Kerzen        0/0/0 von 98   Tagen gewertet (1m/5m/15m)        0 Signale  94 ms lesen  23 ms rechnen
2026-09-07T20:11:08.699Z  ARYE/2022       roh            470 reg. Kerzen        0/0/0 von 128  Tagen gewertet (1m/5m/15m)        0 Signale  40 ms lesen  12 ms rechnen
2026-09-07T20:11:08.725Z  ARYE/2023       roh            393 reg. Kerzen        0/0/0 von 83   Tagen gewertet (1m/5m/15m)        0 Signale  7 ms lesen  14 ms rechnen
2026-09-07T20:11:08.929Z  ASBB/2016       roh           1071 reg. Kerzen        0/0/0 von 195  Tagen gewertet (1m/5m/15m)        0 Signale  152 ms lesen  19 ms rechnen
2026-09-07T20:11:09.094Z  ASBB/2017       roh           3050 reg. Kerzen        0/0/0 von 170  Tagen gewertet (1m/5m/15m)        0 Signale  113 ms lesen  45 ms rechnen
2026-09-07T20:11:09.292Z  ASLN/2018       bereinigt     5834 reg. Kerzen        0/0/0 von 166  Tagen gewertet (1m/5m/15m)        0 Signale  80 ms lesen  59 ms rechnen
2026-09-07T20:11:09.839Z  ASLN/2019       bereinigt    12894 reg. Kerzen        0/0/0 von 252  Tagen gewertet (1m/5m/15m)        0 Signale  343 ms lesen  175 ms rechnen
2026-09-07T20:11:10.684Z  ASLN/2020       bereinigt    20646 reg. Kerzen        0/0/0 von 253  Tagen gewertet (1m/5m/15m)        0 Signale  417 ms lesen  305 ms rechnen
2026-09-07T20:11:14.427Z  ASLN/2021       bereinigt    57258 reg. Kerzen      0/12/12 von 252  Tagen gewertet (1m/5m/15m)      325 Signale  803 ms lesen  2728 ms rechnen
2026-09-07T20:11:15.277Z  ASLN/2022       bereinigt    26310 reg. Kerzen        0/0/0 von 251  Tagen gewertet (1m/5m/15m)        0 Signale  153 ms lesen  291 ms rechnen
2026-09-07T20:11:15.825Z  ASLN/2023       bereinigt    15085 reg. Kerzen        0/0/0 von 250  Tagen gewertet (1m/5m/15m)        0 Signale  192 ms lesen  223 ms rechnen
2026-09-07T20:11:16.316Z  ASLN/2024       bereinigt    17411 reg. Kerzen        0/0/0 von 137  Tagen gewertet (1m/5m/15m)        0 Signale  167 ms lesen  247 ms rechnen
2026-09-07T20:11:16.784Z  ASPN/2016       roh          18683 reg. Kerzen        0/0/0 von 252  Tagen gewertet (1m/5m/15m)        0 Signale  131 ms lesen  231 ms rechnen
2026-09-07T20:11:17.174Z  ASPN/2017       roh          12864 reg. Kerzen        0/0/0 von 251  Tagen gewertet (1m/5m/15m)        0 Signale  81 ms lesen  201 ms rechnen
2026-09-07T20:11:17.382Z  ASPN/2018       roh           8418 reg. Kerzen        0/0/0 von 251  Tagen gewertet (1m/5m/15m)        0 Signale  42 ms lesen  105 ms rechnen
2026-09-07T20:11:17.760Z  ASPN/2019       roh          11750 reg. Kerzen        0/0/0 von 252  Tagen gewertet (1m/5m/15m)        0 Signale  142 ms lesen  195 ms rechnen
2026-09-07T20:11:18.657Z  ASPN/2020       roh          33961 reg. Kerzen        0/0/0 von 253  Tagen gewertet (1m/5m/15m)        0 Signale  423 ms lesen  416 ms rechnen
2026-09-07T20:11:35.429Z  ASPN/2021       roh          50794 reg. Kerzen    0/127/134 von 252  Tagen gewertet (1m/5m/15m)     3510 Signale  530 ms lesen  16069 ms rechnen
2026-09-07T20:11:56.600Z  ASPN/2022       roh          71373 reg. Kerzen    0/173/173 von 251  Tagen gewertet (1m/5m/15m)     4753 Signale  476 ms lesen  20348 ms rechnen
2026-09-07T20:12:16.339Z  ASPN/2023       roh          81152 reg. Kerzen    0/155/155 von 250  Tagen gewertet (1m/5m/15m)     4237 Signale  774 ms lesen  18555 ms rechnen
2026-09-07T20:12:45.242Z  ASPN/2024       roh          88837 reg. Kerzen    0/252/252 von 252  Tagen gewertet (1m/5m/15m)     6922 Signale  618 ms lesen  27913 ms rechnen
2026-09-07T20:13:14.703Z  ASPN/2025       roh          90355 reg. Kerzen    0/241/241 von 250  Tagen gewertet (1m/5m/15m)     6605 Signale  1086 ms lesen  27933 ms rechnen
2026-09-07T20:13:21.658Z  ASPN/2026       roh          54971 reg. Kerzen      0/52/52 von 166  Tagen gewertet (1m/5m/15m)     1420 Signale  441 ms lesen  6095 ms rechnen
2026-09-07T20:13:21.991Z  ASTS/2019       roh            143 reg. Kerzen        0/0/0 von 22   Tagen gewertet (1m/5m/15m)        0 Signale  43 ms lesen  2 ms rechnen
2026-09-07T20:13:22.370Z  ASTS/2020       roh           6586 reg. Kerzen        0/1/1 von 203  Tagen gewertet (1m/5m/15m)       32 Signale  169 ms lesen  208 ms rechnen
2026-09-07T20:13:54.114Z  ASTS/2021       roh          89032 reg. Kerzen    0/252/252 von 252  Tagen gewertet (1m/5m/15m)     6901 Signale  861 ms lesen  30855 ms rechnen
2026-09-07T20:14:18.786Z  ASTS/2022       roh          84584 reg. Kerzen    0/199/199 von 251  Tagen gewertet (1m/5m/15m)     5474 Signale  609 ms lesen  23658 ms rechnen
2026-09-07T20:14:43.088Z  ASTS/2023       roh          89514 reg. Kerzen    0/200/200 von 250  Tagen gewertet (1m/5m/15m)     5534 Signale  1098 ms lesen  22811 ms rechnen
2026-09-07T20:15:10.802Z  ASTS/2024       roh          96269 reg. Kerzen    0/233/233 von 252  Tagen gewertet (1m/5m/15m)     6487 Signale  906 ms lesen  26347 ms rechnen
2026-09-07T20:15:40.732Z  ASTS/2025       roh          96944 reg. Kerzen    0/250/250 von 250  Tagen gewertet (1m/5m/15m)     6800 Signale  1579 ms lesen  27911 ms rechnen
2026-09-07T20:16:01.668Z  ASTS/2026       roh          64740 reg. Kerzen    0/166/166 von 166  Tagen gewertet (1m/5m/15m)     4577 Signale  1659 ms lesen  18715 ms rechnen
2026-09-07T20:16:02.035Z  ATAK/2022       roh            470 reg. Kerzen        0/0/0 von 124  Tagen gewertet (1m/5m/15m)        0 Signale  16 ms lesen  13 ms rechnen
2026-09-07T20:16:02.097Z  ATAK/2023       roh           2303 reg. Kerzen        0/0/0 von 158  Tagen gewertet (1m/5m/15m)        0 Signale  25 ms lesen  31 ms rechnen
2026-09-07T20:16:02.144Z  ATAK/2024       roh           1060 reg. Kerzen        0/0/0 von 12   Tagen gewertet (1m/5m/15m)        0 Signale  17 ms lesen  18 ms rechnen
2026-09-07T20:16:02.701Z  ATEX/2016       roh          24509 reg. Kerzen        0/0/0 von 252  Tagen gewertet (1m/5m/15m)        0 Signale  174 ms lesen  374 ms rechnen
2026-09-07T20:16:03.250Z  ATEX/2017       roh          12293 reg. Kerzen        0/0/0 von 251  Tagen gewertet (1m/5m/15m)        0 Signale  249 ms lesen  174 ms rechnen
2026-09-07T20:16:03.810Z  ATEX/2018       roh          14263 reg. Kerzen        0/0/0 von 250  Tagen gewertet (1m/5m/15m)        0 Signale  333 ms lesen  169 ms rechnen
2026-09-07T20:16:05.590Z  ATEX/2019       roh          27709 reg. Kerzen       0/8/15 von 252  Tagen gewertet (1m/5m/15m)      271 Signale  163 ms lesen  1524 ms rechnen
2026-09-07T20:16:10.919Z  ATEX/2020       roh          36319 reg. Kerzen      0/40/49 von 253  Tagen gewertet (1m/5m/15m)     1125 Signale  364 ms lesen  4839 ms rechnen
2026-09-07T20:16:18.974Z  ATEX/2021       roh          30089 reg. Kerzen      0/46/77 von 252  Tagen gewertet (1m/5m/15m)     1495 Signale  365 ms lesen  7514 ms rechnen
2026-09-07T20:16:19.763Z  ATEX/2022       roh          26502 reg. Kerzen        0/0/0 von 251  Tagen gewertet (1m/5m/15m)        0 Signale  339 ms lesen  287 ms rechnen
2026-09-07T20:16:24.455Z  ATEX/2023       roh          34943 reg. Kerzen      0/38/45 von 250  Tagen gewertet (1m/5m/15m)     1057 Signale  221 ms lesen  4325 ms rechnen
2026-09-07T20:16:28.166Z  ATEX/2024       roh          30034 reg. Kerzen      0/28/40 von 252  Tagen gewertet (1m/5m/15m)      830 Signale  247 ms lesen  3254 ms rechnen
2026-09-07T20:16:29.988Z  ATEX/2025       roh          33831 reg. Kerzen       0/7/19 von 250  Tagen gewertet (1m/5m/15m)      289 Signale  215 ms lesen  1421 ms rechnen
2026-09-07T20:16:45.769Z  ATEX/2026       roh          33956 reg. Kerzen    0/139/143 von 166  Tagen gewertet (1m/5m/15m)     3781 Signale  340 ms lesen  15291 ms rechnen
2026-09-07T20:16:46.087Z  ATIF/2019       bereinigt     4656 reg. Kerzen        0/0/0 von 167  Tagen gewertet (1m/5m/15m)        0 Signale  62 ms lesen  48 ms rechnen
2026-09-07T20:16:46.917Z  ATIF/2020       bereinigt    29208 reg. Kerzen        0/0/0 von 253  Tagen gewertet (1m/5m/15m)        0 Signale  479 ms lesen  328 ms rechnen
2026-09-07T20:16:49.959Z  ATIF/2021       bereinigt    37999 reg. Kerzen      0/15/15 von 251  Tagen gewertet (1m/5m/15m)      411 Signale  709 ms lesen  2197 ms rechnen
2026-09-07T20:16:50.329Z  ATIF/2022       roh           2571 reg. Kerzen        0/0/0 von 244  Tagen gewertet (1m/5m/15m)        0 Signale  100 ms lesen  40 ms rechnen
2026-09-07T20:16:50.438Z  ATIF/2023       roh           1310 reg. Kerzen        0/0/0 von 228  Tagen gewertet (1m/5m/15m)        0 Signale  61 ms lesen  26 ms rechnen
2026-09-07T20:16:50.545Z  ATIF/2024       roh           3019 reg. Kerzen        0/0/0 von 229  Tagen gewertet (1m/5m/15m)        0 Signale  62 ms lesen  35 ms rechnen
2026-09-07T20:17:01.760Z  ATMU/2023       roh          37990 reg. Kerzen    0/108/109 von 150  Tagen gewertet (1m/5m/15m)     2865 Signale  370 ms lesen  10769 ms rechnen
2026-09-07T20:17:28.081Z  ATMU/2024       roh          80310 reg. Kerzen    0/252/252 von 252  Tagen gewertet (1m/5m/15m)     6477 Signale  1373 ms lesen  24793 ms rechnen
2026-09-07T20:17:51.945Z  ATMU/2025       roh          69375 reg. Kerzen    0/250/250 von 250  Tagen gewertet (1m/5m/15m)     6449 Signale  231 ms lesen  23266 ms rechnen
2026-09-07T20:18:07.373Z  ATMU/2026       roh          45339 reg. Kerzen    0/166/166 von 166  Tagen gewertet (1m/5m/15m)     4424 Signale  127 ms lesen  14986 ms rechnen
2026-09-07T20:18:07.753Z  ATRI/2016       roh           3317 reg. Kerzen        0/0/0 von 248  Tagen gewertet (1m/5m/15m)        0 Signale  30 ms lesen  64 ms rechnen
2026-09-07T20:18:07.835Z  ATRI/2017       roh           2795 reg. Kerzen        0/0/0 von 249  Tagen gewertet (1m/5m/15m)        0 Signale  24 ms lesen  42 ms rechnen
2026-09-07T20:18:07.964Z  ATRI/2018       roh           4497 reg. Kerzen        0/0/0 von 247  Tagen gewertet (1m/5m/15m)        0 Signale  47 ms lesen  67 ms rechnen
2026-09-07T20:18:08.417Z  ATRI/2019       roh           6343 reg. Kerzen       0/0/17 von 252  Tagen gewertet (1m/5m/15m)      117 Signale  87 ms lesen  344 ms rechnen
2026-09-07T20:18:08.521Z  ATRI/2020       roh           2659 reg. Kerzen        0/0/0 von 247  Tagen gewertet (1m/5m/15m)        0 Signale  29 ms lesen  42 ms rechnen
2026-09-07T20:18:08.608Z  ATRI/2021       roh           2507 reg. Kerzen        0/0/0 von 240  Tagen gewertet (1m/5m/15m)        0 Signale  26 ms lesen  47 ms rechnen
2026-09-07T20:18:08.686Z  ATRI/2022       roh           1150 reg. Kerzen        0/0/0 von 215  Tagen gewertet (1m/5m/15m)        0 Signale  24 ms lesen  41 ms rechnen
2026-09-07T20:18:08.737Z  ATRI/2023       roh           1002 reg. Kerzen        0/0/0 von 197  Tagen gewertet (1m/5m/15m)        0 Signale  11 ms lesen  28 ms rechnen
2026-09-07T20:18:09.014Z  ATRI/2024       roh           3482 reg. Kerzen       0/0/11 von 156  Tagen gewertet (1m/5m/15m)       57 Signale  114 ms lesen  153 ms rechnen
2026-09-07T20:18:29.964Z  ATVI/2016       roh          98032 reg. Kerzen    0/232/232 von 252  Tagen gewertet (1m/5m/15m)     5960 Signale  396 ms lesen  20528 ms rechnen
2026-09-07T20:18:51.063Z  ATVI/2017       roh          97500 reg. Kerzen    0/251/251 von 251  Tagen gewertet (1m/5m/15m)     6194 Signale  420 ms lesen  20168 ms rechnen
2026-09-07T20:19:13.883Z  ATVI/2018       roh          96564 reg. Kerzen    0/249/249 von 251  Tagen gewertet (1m/5m/15m)     6522 Signale  316 ms lesen  22042 ms rechnen
2026-09-07T20:19:36.725Z  ATVI/2019       roh          97727 reg. Kerzen    0/252/252 von 252  Tagen gewertet (1m/5m/15m)     6546 Signale  357 ms lesen  21969 ms rechnen
2026-09-07T20:20:07.132Z  ATVI/2020       roh          98253 reg. Kerzen    0/253/253 von 253  Tagen gewertet (1m/5m/15m)     6709 Signale  342 ms lesen  29634 ms rechnen
2026-09-07T20:20:30.537Z  ATVI/2021       roh          98097 reg. Kerzen    0/252/252 von 252  Tagen gewertet (1m/5m/15m)     6405 Signale  877 ms lesen  21991 ms rechnen
2026-09-07T20:20:52.058Z  ATVI/2022       roh          97557 reg. Kerzen    0/251/251 von 251  Tagen gewertet (1m/5m/15m)     5560 Signale  1264 ms lesen  19646 ms rechnen
2026-09-07T20:21:08.392Z  ATVI/2023       roh          76165 reg. Kerzen    0/196/196 von 196  Tagen gewertet (1m/5m/15m)     4083 Signale  797 ms lesen  15088 ms rechnen
2026-09-07T20:21:08.975Z  AUG/2017        bereinigt     7199 reg. Kerzen        0/0/0 von 117  Tagen gewertet (1m/5m/15m)        0 Signale  65 ms lesen  94 ms rechnen
2026-09-07T20:21:09.379Z  AUG/2018        bereinigt    12390 reg. Kerzen        0/0/0 von 251  Tagen gewertet (1m/5m/15m)        0 Signale  68 ms lesen  292 ms rechnen
2026-09-07T20:21:09.797Z  AUG/2019        bereinigt    16530 reg. Kerzen        0/0/0 von 252  Tagen gewertet (1m/5m/15m)        0 Signale  140 ms lesen  212 ms rechnen
2026-09-07T20:21:10.589Z  AUG/2020        bereinigt    26847 reg. Kerzen        0/0/0 von 196  Tagen gewertet (1m/5m/15m)        0 Signale  400 ms lesen  306 ms rechnen
2026-09-07T20:21:12.137Z  AUS/2021        roh          13697 reg. Kerzen      0/12/32 von 179  Tagen gewertet (1m/5m/15m)      278 Signale  87 ms lesen  1302 ms rechnen
2026-09-07T20:21:12.488Z  AUS/2022        roh           9474 reg. Kerzen        0/0/3 von 224  Tagen gewertet (1m/5m/15m)       12 Signale  156 ms lesen  132 ms rechnen
2026-09-07T20:21:15.589Z  AVAV/2016       roh          48456 reg. Kerzen      0/19/19 von 252  Tagen gewertet (1m/5m/15m)      477 Signale  458 ms lesen  2503 ms rechnen
2026-09-07T20:21:30.119Z  AVAV/2017       roh          55286 reg. Kerzen    0/128/128 von 251  Tagen gewertet (1m/5m/15m)     3341 Signale  490 ms lesen  13697 ms rechnen
2026-09-07T20:21:55.930Z  AVAV/2018       roh          63390 reg. Kerzen    0/249/249 von 251  Tagen gewertet (1m/5m/15m)     6683 Signale  742 ms lesen  24817 ms rechnen
2026-09-07T20:22:25.277Z  AVAV/2019       roh          55329 reg. Kerzen    0/250/252 von 252  Tagen gewertet (1m/5m/15m)     6656 Signale  718 ms lesen  28328 ms rechnen
2026-09-07T20:22:59.020Z  AVAV/2020       roh          53865 reg. Kerzen    0/242/253 von 253  Tagen gewertet (1m/5m/15m)     6559 Signale  265 ms lesen  33231 ms rechnen
2026-09-07T20:23:25.515Z  AVAV/2021       roh          46375 reg. Kerzen    0/214/244 von 252  Tagen gewertet (1m/5m/15m)     5964 Signale  200 ms lesen  25982 ms rechnen
2026-09-07T20:23:52.064Z  AVAV/2022       roh          52618 reg. Kerzen    0/236/251 von 251  Tagen gewertet (1m/5m/15m)     6480 Signale  187 ms lesen  26112 ms rechnen
2026-09-07T20:24:14.605Z  AVAV/2023       roh          43170 reg. Kerzen    0/204/250 von 250  Tagen gewertet (1m/5m/15m)     5740 Signale  146 ms lesen  22020 ms rechnen
2026-09-07T20:24:40.580Z  AVAV/2024       roh          54846 reg. Kerzen    0/245/252 von 252  Tagen gewertet (1m/5m/15m)     6583 Signale  155 ms lesen  25571 ms rechnen
2026-09-07T20:25:09.287Z  AVAV/2025       roh          76033 reg. Kerzen    0/250/250 von 250  Tagen gewertet (1m/5m/15m)     6754 Signale  262 ms lesen  28093 ms rechnen
2026-09-07T20:25:27.366Z  AVAV/2026       roh          62584 reg. Kerzen    0/166/166 von 166  Tagen gewertet (1m/5m/15m)     4566 Signale  404 ms lesen  17316 ms rechnen
2026-09-07T20:25:39.130Z  AVG/2016        roh          52987 reg. Kerzen    0/122/130 von 215  Tagen gewertet (1m/5m/15m)     2404 Signale  162 ms lesen  11289 ms rechnen
2026-09-07T20:26:01.869Z  AVNT/2016       roh          78512 reg. Kerzen    0/232/232 von 252  Tagen gewertet (1m/5m/15m)     6089 Signale  233 ms lesen  22202 ms rechnen
2026-09-07T20:26:30.260Z  AVNT/2017       roh          71907 reg. Kerzen    0/251/251 von 251  Tagen gewertet (1m/5m/15m)     6159 Signale  256 ms lesen  27799 ms rechnen
2026-09-07T20:26:58.586Z  AVNT/2018       roh          67741 reg. Kerzen    0/251/251 von 251  Tagen gewertet (1m/5m/15m)     6385 Signale  453 ms lesen  27407 ms rechnen
2026-09-07T20:27:27.664Z  AVNT/2019       roh          78371 reg. Kerzen    0/252/252 von 252  Tagen gewertet (1m/5m/15m)     6576 Signale  348 ms lesen  28320 ms rechnen
2026-09-07T20:27:59.308Z  AVNT/2020       roh          83441 reg. Kerzen    0/253/253 von 253  Tagen gewertet (1m/5m/15m)     6815 Signale  268 ms lesen  30684 ms rechnen
2026-09-07T20:28:30.564Z  AVNT/2021       roh          68458 reg. Kerzen    0/250/250 von 252  Tagen gewertet (1m/5m/15m)     6614 Signale  327 ms lesen  30451 ms rechnen
2026-09-07T20:28:58.693Z  AVNT/2022       roh          71255 reg. Kerzen    0/249/249 von 250  Tagen gewertet (1m/5m/15m)     6699 Signale  381 ms lesen  27373 ms rechnen
2026-09-07T20:29:29.786Z  AVNT/2023       roh          68163 reg. Kerzen    0/250/250 von 250  Tagen gewertet (1m/5m/15m)     6582 Signale  265 ms lesen  30404 ms rechnen
2026-09-07T20:29:55.563Z  AVNT/2024       roh          62443 reg. Kerzen    0/252/252 von 252  Tagen gewertet (1m/5m/15m)     6409 Signale  202 ms lesen  25164 ms rechnen
2026-09-07T20:30:22.420Z  AVNT/2025       roh          69905 reg. Kerzen    0/250/250 von 250  Tagen gewertet (1m/5m/15m)     6547 Signale  241 ms lesen  26315 ms rechnen
2026-09-07T20:30:40.925Z  AVNT/2026       roh          48108 reg. Kerzen    0/166/166 von 166  Tagen gewertet (1m/5m/15m)     4393 Signale  149 ms lesen  17826 ms rechnen
2026-09-07T20:30:56.361Z  AVTR/2019       roh          56831 reg. Kerzen    0/138/138 von 158  Tagen gewertet (1m/5m/15m)     3621 Signale  782 ms lesen  14324 ms rechnen
2026-09-07T20:31:27.195Z  AVTR/2020       roh          96663 reg. Kerzen    0/253/253 von 253  Tagen gewertet (1m/5m/15m)     6825 Signale  1370 ms lesen  28997 ms rechnen
2026-09-07T20:31:52.117Z  AVTR/2021       roh          96519 reg. Kerzen    0/250/250 von 252  Tagen gewertet (1m/5m/15m)     6545 Signale  869 ms lesen  23562 ms rechnen
2026-09-07T20:32:18.898Z  AVTR/2022       roh          96889 reg. Kerzen    0/249/249 von 251  Tagen gewertet (1m/5m/15m)     6629 Signale  924 ms lesen  25384 ms rechnen
2026-09-07T20:32:44.107Z  AVTR/2023       roh          96794 reg. Kerzen    0/250/250 von 250  Tagen gewertet (1m/5m/15m)     6552 Signale  907 ms lesen  23828 ms rechnen
2026-09-07T20:33:08.856Z  AVTR/2024       roh          97229 reg. Kerzen    0/252/252 von 252  Tagen gewertet (1m/5m/15m)     6371 Signale  820 ms lesen  23416 ms rechnen
2026-09-07T20:33:36.014Z  AVTR/2025       roh          96735 reg. Kerzen    0/250/250 von 250  Tagen gewertet (1m/5m/15m)     6657 Signale  741 ms lesen  25918 ms rechnen
2026-09-07T20:33:54.361Z  AVTR/2026       roh          64514 reg. Kerzen    0/166/166 von 166  Tagen gewertet (1m/5m/15m)     4390 Signale  650 ms lesen  17169 ms rechnen
2026-09-07T20:34:11.075Z  AWR/2016        roh          53858 reg. Kerzen    0/165/170 von 252  Tagen gewertet (1m/5m/15m)     4245 Signale  572 ms lesen  15808 ms rechnen
2026-09-07T20:34:19.788Z  AWR/2017        roh          42334 reg. Kerzen      0/86/90 von 251  Tagen gewertet (1m/5m/15m)     2157 Signale  482 ms lesen  7971 ms rechnen
2026-09-07T20:34:42.861Z  AWR/2018        roh          54512 reg. Kerzen    0/250/251 von 251  Tagen gewertet (1m/5m/15m)     6142 Signale  382 ms lesen  22493 ms rechnen
2026-09-07T20:35:06.673Z  AWR/2019        roh          52174 reg. Kerzen    0/250/252 von 252  Tagen gewertet (1m/5m/15m)     5939 Signale  495 ms lesen  23057 ms rechnen
2026-09-07T20:35:31.424Z  AWR/2020        roh          55636 reg. Kerzen    0/252/253 von 253  Tagen gewertet (1m/5m/15m)     6558 Signale  260 ms lesen  24242 ms rechnen
2026-09-07T20:35:53.237Z  AWR/2021        roh          42109 reg. Kerzen    0/226/250 von 252  Tagen gewertet (1m/5m/15m)     5730 Signale  604 ms lesen  20956 ms rechnen
2026-09-07T20:36:14.263Z  AWR/2022        roh          40301 reg. Kerzen    0/208/249 von 251  Tagen gewertet (1m/5m/15m)     5715 Signale  303 ms lesen  20534 ms rechnen
2026-09-07T20:36:34.239Z  AWR/2023        roh          37332 reg. Kerzen    0/194/250 von 250  Tagen gewertet (1m/5m/15m)     5277 Signale  311 ms lesen  19482 ms rechnen
2026-09-07T20:36:51.823Z  AWR/2024        roh          38754 reg. Kerzen    0/192/252 von 252  Tagen gewertet (1m/5m/15m)     5254 Signale  337 ms lesen  17033 ms rechnen
2026-09-07T20:37:14.737Z  AWR/2025        roh          40928 reg. Kerzen    0/223/250 von 250  Tagen gewertet (1m/5m/15m)     5745 Signale  228 ms lesen  22482 ms rechnen
2026-09-07T20:37:31.082Z  AWR/2026        roh          29092 reg. Kerzen    0/157/166 von 166  Tagen gewertet (1m/5m/15m)     3995 Signale  96 ms lesen  15962 ms rechnen
2026-09-07T20:37:32.266Z  AXGN/2016       roh          37545 reg. Kerzen        0/0/0 von 252  Tagen gewertet (1m/5m/15m)        0 Signale  377 ms lesen  580 ms rechnen
2026-09-07T20:37:36.353Z  AXGN/2017       roh          45735 reg. Kerzen      0/28/28 von 251  Tagen gewertet (1m/5m/15m)      777 Signale  402 ms lesen  3460 ms rechnen
2026-09-07T20:38:03.917Z  AXGN/2018       roh          69445 reg. Kerzen    0/249/249 von 251  Tagen gewertet (1m/5m/15m)     6734 Signale  321 ms lesen  27034 ms rechnen
2026-09-07T20:38:27.011Z  AXGN/2019       roh          69376 reg. Kerzen    0/202/202 von 252  Tagen gewertet (1m/5m/15m)     5522 Signale  725 ms lesen  22049 ms rechnen
2026-09-07T20:38:30.317Z  AXGN/2020       roh          59884 reg. Kerzen      0/13/13 von 253  Tagen gewertet (1m/5m/15m)      345 Signale  590 ms lesen  2339 ms rechnen
2026-09-07T20:38:32.539Z  AXGN/2021       roh          43622 reg. Kerzen        0/9/9 von 252  Tagen gewertet (1m/5m/15m)      246 Signale  258 ms lesen  1661 ms rechnen
2026-09-07T20:38:33.715Z  AXGN/2022       roh          46961 reg. Kerzen        0/0/0 von 251  Tagen gewertet (1m/5m/15m)        0 Signale  395 ms lesen  580 ms rechnen
2026-09-07T20:38:34.832Z  AXGN/2023       roh          45206 reg. Kerzen        0/0/0 von 250  Tagen gewertet (1m/5m/15m)        0 Signale  289 ms lesen  502 ms rechnen
2026-09-07T20:38:36.108Z  AXGN/2024       roh          47011 reg. Kerzen        0/0/0 von 252  Tagen gewertet (1m/5m/15m)        0 Signale  459 ms lesen  536 ms rechnen
2026-09-07T20:38:58.994Z  AXGN/2025       roh          67950 reg. Kerzen    0/200/200 von 250  Tagen gewertet (1m/5m/15m)     5312 Signale  631 ms lesen  21974 ms rechnen
2026-09-07T20:39:19.111Z  AXGN/2026       roh          50807 reg. Kerzen    0/166/166 von 166  Tagen gewertet (1m/5m/15m)     4491 Signale  710 ms lesen  19059 ms rechnen
2026-09-07T20:39:19.658Z  AXNX/2018       roh           6389 reg. Kerzen        0/0/0 von 41   Tagen gewertet (1m/5m/15m)        0 Signale  148 ms lesen  60 ms rechnen
2026-09-07T20:39:39.958Z  AXNX/2019       roh          48969 reg. Kerzen    0/128/133 von 252  Tagen gewertet (1m/5m/15m)     3449 Signale  358 ms lesen  19915 ms rechnen
2026-09-07T20:40:19.475Z  AXNX/2020       roh          78558 reg. Kerzen    0/253/253 von 253  Tagen gewertet (1m/5m/15m)     6836 Signale  763 ms lesen  38485 ms rechnen
2026-09-07T20:40:54.801Z  AXNX/2021       roh          72419 reg. Kerzen    0/252/252 von 252  Tagen gewertet (1m/5m/15m)     6904 Signale  556 ms lesen  34077 ms rechnen
2026-09-07T20:41:38.521Z  AXNX/2022       roh          73902 reg. Kerzen    0/251/251 von 251  Tagen gewertet (1m/5m/15m)     6764 Signale  745 ms lesen  42491 ms rechnen
2026-09-07T20:42:13.732Z  AXNX/2023       roh          73980 reg. Kerzen    0/250/250 von 250  Tagen gewertet (1m/5m/15m)     6777 Signale  1166 ms lesen  33089 ms rechnen
2026-09-07T20:42:32.605Z  AXNX/2024       roh          53999 reg. Kerzen    0/206/221 von 221  Tagen gewertet (1m/5m/15m)     3713 Signale  650 ms lesen  17418 ms rechnen
2026-09-07T20:43:03.413Z  AYI/2016        roh          70168 reg. Kerzen    0/232/232 von 252  Tagen gewertet (1m/5m/15m)     5934 Signale  784 ms lesen  29537 ms rechnen
2026-09-07T20:43:38.826Z  AYI/2017        roh          77458 reg. Kerzen    0/250/250 von 251  Tagen gewertet (1m/5m/15m)     6382 Signale  1116 ms lesen  33855 ms rechnen
2026-09-07T20:44:10.466Z  AYI/2018        roh          77785 reg. Kerzen    0/251/251 von 251  Tagen gewertet (1m/5m/15m)     6640 Signale  852 ms lesen  30126 ms rechnen
2026-09-07T20:44:36.957Z  AYI/2019        roh          65928 reg. Kerzen    0/252/252 von 252  Tagen gewertet (1m/5m/15m)     6509 Signale  567 ms lesen  25487 ms rechnen
2026-09-07T20:45:13.854Z  AYI/2020        roh          79438 reg. Kerzen    0/253/253 von 253  Tagen gewertet (1m/5m/15m)     6663 Signale  359 ms lesen  35771 ms rechnen
2026-09-07T20:45:49.143Z  AYI/2021        roh          65801 reg. Kerzen    0/250/250 von 252  Tagen gewertet (1m/5m/15m)     6510 Signale  374 ms lesen  34394 ms rechnen
2026-09-07T20:46:17.499Z  AYI/2022        roh          57876 reg. Kerzen    0/241/249 von 251  Tagen gewertet (1m/5m/15m)     6646 Signale  354 ms lesen  27577 ms rechnen
2026-09-07T20:46:43.782Z  AYI/2023        roh          54766 reg. Kerzen    0/244/249 von 250  Tagen gewertet (1m/5m/15m)     6334 Signale  190 ms lesen  25790 ms rechnen
2026-09-07T20:47:04.587Z  AYI/2024        roh          41339 reg. Kerzen    0/195/252 von 252  Tagen gewertet (1m/5m/15m)     5351 Signale  195 ms lesen  20309 ms rechnen
2026-09-07T20:47:28.169Z  AYI/2025        roh          47911 reg. Kerzen    0/207/250 von 250  Tagen gewertet (1m/5m/15m)     5712 Signale  165 ms lesen  23168 ms rechnen
2026-09-07T20:47:49.739Z  AYI/2026        roh          49859 reg. Kerzen    0/166/166 von 166  Tagen gewertet (1m/5m/15m)     4356 Signale  380 ms lesen  20626 ms rechnen
2026-09-07T20:48:13.681Z  AZPN/2016       roh          87276 reg. Kerzen    0/232/232 von 252  Tagen gewertet (1m/5m/15m)     5775 Signale  340 ms lesen  23187 ms rechnen
2026-09-07T20:48:38.645Z  AZPN/2017       roh          78144 reg. Kerzen    0/251/251 von 251  Tagen gewertet (1m/5m/15m)     6017 Signale  186 ms lesen  24369 ms rechnen
2026-09-07T20:49:03.912Z  AZPN/2018       roh          76608 reg. Kerzen    0/249/249 von 251  Tagen gewertet (1m/5m/15m)     6221 Signale  370 ms lesen  24494 ms rechnen
2026-09-07T20:49:27.623Z  AZPN/2019       roh          75241 reg. Kerzen    0/252/252 von 252  Tagen gewertet (1m/5m/15m)     6484 Signale  219 ms lesen  23088 ms rechnen
2026-09-07T20:50:00.703Z  AZPN/2020       roh          78888 reg. Kerzen    0/253/253 von 253  Tagen gewertet (1m/5m/15m)     6696 Signale  303 ms lesen  32436 ms rechnen
2026-09-07T20:50:25.648Z  AZPN/2021       roh          68819 reg. Kerzen    0/250/252 von 252  Tagen gewertet (1m/5m/15m)     6332 Signale  327 ms lesen  24180 ms rechnen
2026-09-07T20:50:51.461Z  AZPN/2022       roh          50671 reg. Kerzen    0/227/251 von 251  Tagen gewertet (1m/5m/15m)     6208 Signale  252 ms lesen  25026 ms rechnen
2026-09-07T20:51:13.446Z  AZPN/2023       roh          40912 reg. Kerzen    0/208/250 von 250  Tagen gewertet (1m/5m/15m)     5572 Signale  190 ms lesen  21483 ms rechnen
2026-09-07T20:51:33.759Z  AZPN/2024       roh          38782 reg. Kerzen    0/173/250 von 252  Tagen gewertet (1m/5m/15m)     4965 Signale  234 ms lesen  19530 ms rechnen
2026-09-07T20:51:37.790Z  AZPN/2025       roh          12408 reg. Kerzen      0/45/46 von 46   Tagen gewertet (1m/5m/15m)      784 Signale  221 ms lesen  3508 ms rechnen
2026-09-07T20:52:04.319Z  B/2016          roh          98084 reg. Kerzen    0/232/232 von 252  Tagen gewertet (1m/5m/15m)     6383 Signale  1571 ms lesen  24868 ms rechnen
2026-09-07T20:52:30.317Z  B/2017          roh          97464 reg. Kerzen    0/251/251 von 251  Tagen gewertet (1m/5m/15m)     6501 Signale  976 ms lesen  24508 ms rechnen
2026-09-07T20:52:56.412Z  B/2018          roh          97218 reg. Kerzen    0/251/251 von 251  Tagen gewertet (1m/5m/15m)     6574 Signale  815 ms lesen  24764 ms rechnen
2026-09-07T20:53:22.674Z  B/2019          roh          97682 reg. Kerzen    0/252/252 von 252  Tagen gewertet (1m/5m/15m)     6559 Signale  510 ms lesen  25235 ms rechnen
2026-09-07T20:53:51.542Z  B/2020          roh          98235 reg. Kerzen    0/253/253 von 253  Tagen gewertet (1m/5m/15m)     6723 Signale  2260 ms lesen  25875 ms rechnen
2026-09-07T20:54:16.286Z  B/2021          roh          97315 reg. Kerzen    0/250/250 von 252  Tagen gewertet (1m/5m/15m)     6408 Signale  800 ms lesen  23388 ms rechnen
2026-09-07T20:54:41.393Z  B/2022          roh          97320 reg. Kerzen    0/250/250 von 251  Tagen gewertet (1m/5m/15m)     6653 Signale  1291 ms lesen  23389 ms rechnen
2026-09-07T20:55:06.461Z  B/2023          roh          97127 reg. Kerzen    0/250/250 von 250  Tagen gewertet (1m/5m/15m)     6463 Signale  1234 ms lesen  23276 ms rechnen
2026-09-07T20:55:31.544Z  B/2024          roh          97687 reg. Kerzen    0/252/252 von 252  Tagen gewertet (1m/5m/15m)     6424 Signale  1548 ms lesen  22994 ms rechnen
2026-09-07T20:55:41.372Z  CHECKPOINT 600 Dateien, 141 min, Detektorfehler {}
2026-09-07T20:56:06.896Z  B/2025          roh          96952 reg. Kerzen    0/250/250 von 250  Tagen gewertet (1m/5m/15m)     6430 Signale  1227 ms lesen  24294 ms rechnen
2026-09-07T20:56:25.413Z  B/2026          roh          64739 reg. Kerzen    0/166/166 von 166  Tagen gewertet (1m/5m/15m)     4480 Signale  1003 ms lesen  16946 ms rechnen
2026-09-07T20:56:25.783Z  BACQ/2024       roh            109 reg. Kerzen        0/0/0 von 15   Tagen gewertet (1m/5m/15m)        0 Signale  39 ms lesen  1 ms rechnen
2026-09-07T20:56:28.250Z  BACQ/2025       roh          13685 reg. Kerzen      0/24/32 von 237  Tagen gewertet (1m/5m/15m)      670 Signale  233 ms lesen  2233 ms rechnen
2026-09-07T20:56:28.477Z  BACQ/2026       roh           5431 reg. Kerzen        0/0/0 von 50   Tagen gewertet (1m/5m/15m)        0 Signale  67 ms lesen  82 ms rechnen
2026-09-07T20:56:52.238Z  BANC/2016       roh          79326 reg. Kerzen    0/203/203 von 252  Tagen gewertet (1m/5m/15m)     5382 Signale  687 ms lesen  23009 ms rechnen
2026-09-07T20:57:19.811Z  BANC/2017       roh          81934 reg. Kerzen    0/251/251 von 251  Tagen gewertet (1m/5m/15m)     6750 Signale  522 ms lesen  26660 ms rechnen
2026-09-07T20:57:45.704Z  BANC/2018       roh          70781 reg. Kerzen    0/234/234 von 251  Tagen gewertet (1m/5m/15m)     6030 Signale  978 ms lesen  24530 ms rechnen
2026-09-07T20:57:52.002Z  BANC/2019       roh          67695 reg. Kerzen      0/46/46 von 252  Tagen gewertet (1m/5m/15m)     1166 Signale  462 ms lesen  5390 ms rechnen
2026-09-07T20:57:56.011Z  BANC/2020       roh          58057 reg. Kerzen      0/21/21 von 253  Tagen gewertet (1m/5m/15m)      576 Signale  401 ms lesen  3319 ms rechnen
2026-09-07T20:57:59.794Z  BANC/2021       roh          51374 reg. Kerzen      0/24/24 von 252  Tagen gewertet (1m/5m/15m)      644 Signale  618 ms lesen  2906 ms rechnen
2026-09-07T20:58:03.986Z  BANC/2022       roh          55818 reg. Kerzen      0/30/30 von 251  Tagen gewertet (1m/5m/15m)      819 Signale  256 ms lesen  3662 ms rechnen
2026-09-07T20:58:23.121Z  BANC/2023       roh          80262 reg. Kerzen    0/177/177 von 250  Tagen gewertet (1m/5m/15m)     4752 Signale  893 ms lesen  17942 ms rechnen
2026-09-07T20:58:49.845Z  BANC/2024       roh          93197 reg. Kerzen    0/252/252 von 252  Tagen gewertet (1m/5m/15m)     6661 Signale  1382 ms lesen  24987 ms rechnen
2026-09-07T20:59:15.266Z  BANC/2025       roh          92939 reg. Kerzen    0/250/250 von 250  Tagen gewertet (1m/5m/15m)     6374 Signale  927 ms lesen  23975 ms rechnen
2026-09-07T20:59:31.957Z  BANC/2026       roh          62832 reg. Kerzen    0/166/166 von 166  Tagen gewertet (1m/5m/15m)     4297 Signale  649 ms lesen  15573 ms rechnen
2026-09-07T20:59:38.607Z  BATS/2016       roh          37556 reg. Kerzen      0/68/85 von 181  Tagen gewertet (1m/5m/15m)     1647 Signale  227 ms lesen  6136 ms rechnen
2026-09-07T20:59:40.925Z  BATS/2017       roh           6947 reg. Kerzen      0/26/35 von 39   Tagen gewertet (1m/5m/15m)      674 Signale  46 ms lesen  2096 ms rechnen
2026-09-07T20:59:41.140Z  BBI/2019        bereinigt     3822 reg. Kerzen        0/0/0 von 84   Tagen gewertet (1m/5m/15m)        0 Signale  71 ms lesen  43 ms rechnen
2026-09-07T20:59:42.768Z  BBI/2020        bereinigt    48171 reg. Kerzen        0/0/0 von 253  Tagen gewertet (1m/5m/15m)        0 Signale  1010 ms lesen  591 ms rechnen
2026-09-07T20:59:45.055Z  BBI/2021        bereinigt    65018 reg. Kerzen        0/0/0 von 252  Tagen gewertet (1m/5m/15m)        0 Signale  1254 ms lesen  821 ms rechnen
2026-09-07T20:59:46.671Z  BBI/2022        bereinigt    40727 reg. Kerzen        0/0/0 von 171  Tagen gewertet (1m/5m/15m)        0 Signale  772 ms lesen  496 ms rechnen
2026-09-07T20:59:47.885Z  BBRG/2016       roh          36795 reg. Kerzen        0/0/0 von 252  Tagen gewertet (1m/5m/15m)        0 Signale  569 ms lesen  435 ms rechnen
2026-09-07T20:59:48.831Z  BBRG/2017       roh          20504 reg. Kerzen        0/0/0 von 251  Tagen gewertet (1m/5m/15m)        0 Signale  326 ms lesen  416 ms rechnen
2026-09-07T20:59:49.133Z  BBRG/2018       roh           6999 reg. Kerzen        0/0/0 von 99   Tagen gewertet (1m/5m/15m)        0 Signale  126 ms lesen  91 ms rechnen
2026-09-07T20:59:49.326Z  BCA/2016        roh           6414 reg. Kerzen        0/0/0 von 61   Tagen gewertet (1m/5m/15m)        0 Signale  42 ms lesen  77 ms rechnen
2026-09-07T20:59:49.765Z  BCLI/2016       bereinigt    14055 reg. Kerzen        0/0/0 von 252  Tagen gewertet (1m/5m/15m)        0 Signale  217 ms lesen  182 ms rechnen
2026-09-07T20:59:50.445Z  BCLI/2017       bereinigt    21930 reg. Kerzen        0/0/0 von 251  Tagen gewertet (1m/5m/15m)        0 Signale  298 ms lesen  315 ms rechnen
2026-09-07T20:59:50.953Z  BCLI/2018       bereinigt    15975 reg. Kerzen        0/0/0 von 251  Tagen gewertet (1m/5m/15m)        0 Signale  197 ms lesen  190 ms rechnen
2026-09-07T20:59:51.470Z  BCLI/2019       bereinigt    14499 reg. Kerzen        0/0/0 von 252  Tagen gewertet (1m/5m/15m)        0 Signale  229 ms lesen  218 ms rechnen
2026-09-07T21:00:06.575Z  BCLI/2020       bereinigt    66158 reg. Kerzen    0/119/119 von 253  Tagen gewertet (1m/5m/15m)     3263 Signale  802 ms lesen  14243 ms rechnen
2026-09-07T21:00:09.946Z  BCLI/2021       bereinigt    48357 reg. Kerzen      0/12/12 von 252  Tagen gewertet (1m/5m/15m)      333 Signale  690 ms lesen  2320 ms rechnen
2026-09-07T21:00:11.092Z  BCLI/2022       bereinigt    24015 reg. Kerzen        0/0/0 von 251  Tagen gewertet (1m/5m/15m)        0 Signale  464 ms lesen  389 ms rechnen
2026-09-07T21:00:12.663Z  BCLI/2023       bereinigt    41434 reg. Kerzen        0/0/0 von 249  Tagen gewertet (1m/5m/15m)        0 Signale  680 ms lesen  706 ms rechnen
2026-09-07T21:00:13.747Z  BCLI/2024       bereinigt    34615 reg. Kerzen        0/0/0 von 252  Tagen gewertet (1m/5m/15m)        0 Signale  415 ms lesen  474 ms rechnen
2026-09-07T21:00:14.303Z  BCLI/2025       roh          11549 reg. Kerzen        0/0/0 von 134  Tagen gewertet (1m/5m/15m)        0 Signale  170 ms lesen  176 ms rechnen
2026-09-07T21:00:14.359Z  AUSGELASSEN BCLI/2026: Datei fehlt
2026-09-07T21:00:19.367Z  BCRX/2016       roh          79864 reg. Kerzen      0/26/26 von 252  Tagen gewertet (1m/5m/15m)      694 Signale  969 ms lesen  4020 ms rechnen
2026-09-07T21:00:35.838Z  BCRX/2017       roh          84223 reg. Kerzen    0/117/117 von 251  Tagen gewertet (1m/5m/15m)     3294 Signale  430 ms lesen  15592 ms rechnen
2026-09-07T21:00:42.876Z  BCRX/2018       roh          77302 reg. Kerzen      0/40/40 von 251  Tagen gewertet (1m/5m/15m)     1115 Signale  1065 ms lesen  5533 ms rechnen
2026-09-07T21:00:54.200Z  BCRX/2019       roh          83442 reg. Kerzen      0/82/82 von 252  Tagen gewertet (1m/5m/15m)     2215 Signale  1473 ms lesen  9486 ms rechnen
2026-09-07T21:01:26.402Z  BCRX/2020       roh          96695 reg. Kerzen    0/248/248 von 253  Tagen gewertet (1m/5m/15m)     6750 Signale  1019 ms lesen  30745 ms rechnen
2026-09-07T21:01:58.419Z  BCRX/2021       roh          96570 reg. Kerzen    0/252/252 von 252  Tagen gewertet (1m/5m/15m)     6939 Signale  1193 ms lesen  30241 ms rechnen
2026-09-07T21:02:28.251Z  BCRX/2022       roh          96321 reg. Kerzen    0/251/251 von 251  Tagen gewertet (1m/5m/15m)     6818 Signale  1061 ms lesen  28244 ms rechnen
2026-09-07T21:02:56.410Z  BCRX/2023       roh          93899 reg. Kerzen    0/250/250 von 250  Tagen gewertet (1m/5m/15m)     6699 Signale  971 ms lesen  26639 ms rechnen
2026-09-07T21:03:25.875Z  BCRX/2024       roh          93527 reg. Kerzen    0/252/252 von 252  Tagen gewertet (1m/5m/15m)     6787 Signale  631 ms lesen  28325 ms rechnen
2026-09-07T21:03:54.369Z  BCRX/2025       roh          94438 reg. Kerzen    0/250/250 von 250  Tagen gewertet (1m/5m/15m)     6682 Signale  1142 ms lesen  26861 ms rechnen
2026-09-07T21:04:13.315Z  BCRX/2026       roh          63268 reg. Kerzen    0/166/166 von 166  Tagen gewertet (1m/5m/15m)     4499 Signale  353 ms lesen  18121 ms rechnen
2026-09-07T21:04:14.190Z  BDE/2016        roh          35219 reg. Kerzen        0/0/0 von 252  Tagen gewertet (1m/5m/15m)        0 Signale  87 ms lesen  405 ms rechnen
2026-09-07T21:04:14.714Z  BDE/2017        roh          19778 reg. Kerzen        0/0/0 von 154  Tagen gewertet (1m/5m/15m)        0 Signale  144 ms lesen  194 ms rechnen
2026-09-07T21:04:36.014Z  BEAV/2016       roh          91082 reg. Kerzen    0/232/232 von 252  Tagen gewertet (1m/5m/15m)     5667 Signale  216 ms lesen  20982 ms rechnen
2026-09-07T21:04:42.218Z  BEAV/2017       roh          23419 reg. Kerzen      0/70/70 von 70   Tagen gewertet (1m/5m/15m)     1296 Signale  116 ms lesen  5491 ms rechnen
2026-09-07T21:04:50.314Z  BEPC/2020       bereinigt    34675 reg. Kerzen      0/88/88 von 108  Tagen gewertet (1m/5m/15m)     2300 Signale  176 ms lesen  7664 ms rechnen
2026-09-07T21:05:22.535Z  BEPC/2021       roh          83194 reg. Kerzen    0/250/250 von 252  Tagen gewertet (1m/5m/15m)     6671 Signale  662 ms lesen  31404 ms rechnen
2026-09-07T21:05:48.175Z  BEPC/2022       roh          86512 reg. Kerzen    0/249/249 von 251  Tagen gewertet (1m/5m/15m)     6688 Signale  256 ms lesen  25002 ms rechnen
2026-09-07T21:06:12.083Z  BEPC/2023       roh          83719 reg. Kerzen    0/250/250 von 250  Tagen gewertet (1m/5m/15m)     6578 Signale  196 ms lesen  23243 ms rechnen
2026-09-07T21:06:35.737Z  BEPC/2024       roh          87691 reg. Kerzen    0/252/252 von 252  Tagen gewertet (1m/5m/15m)     6656 Signale  330 ms lesen  22930 ms rechnen
2026-09-07T21:07:00.730Z  BEPC/2025       roh          85972 reg. Kerzen    0/250/250 von 250  Tagen gewertet (1m/5m/15m)     6499 Signale  302 ms lesen  24236 ms rechnen
2026-09-07T21:07:18.128Z  BEPC/2026       roh          59600 reg. Kerzen    0/166/166 von 166  Tagen gewertet (1m/5m/15m)     4474 Signale  250 ms lesen  16516 ms rechnen
2026-09-07T21:07:18.601Z  BFI/2018        roh            249 reg. Kerzen        0/0/0 von 74   Tagen gewertet (1m/5m/15m)        0 Signale  34 ms lesen  73 ms rechnen
2026-09-07T21:07:18.635Z  BFI/2019        roh            475 reg. Kerzen        0/0/0 von 142  Tagen gewertet (1m/5m/15m)        0 Signale  14 ms lesen  18 ms rechnen
2026-09-07T21:07:22.166Z  BFI/2020        roh          30219 reg. Kerzen      0/30/30 von 185  Tagen gewertet (1m/5m/15m)      801 Signale  100 ms lesen  3427 ms rechnen
2026-09-07T21:07:30.608Z  BFI/2021        roh          43546 reg. Kerzen      0/65/68 von 252  Tagen gewertet (1m/5m/15m)     1801 Signale  153 ms lesen  8138 ms rechnen
2026-09-07T21:07:31.262Z  BFI/2022        roh          17849 reg. Kerzen        0/0/0 von 251  Tagen gewertet (1m/5m/15m)        0 Signale  65 ms lesen  300 ms rechnen
2026-09-07T21:07:31.600Z  BFI/2023        roh          14884 reg. Kerzen        0/0/0 von 250  Tagen gewertet (1m/5m/15m)        0 Signale  66 ms lesen  193 ms rechnen
2026-09-07T21:07:32.256Z  BFI/2024        roh          31805 reg. Kerzen        0/0/0 von 182  Tagen gewertet (1m/5m/15m)        0 Signale  99 ms lesen  427 ms rechnen
2026-09-07T21:07:53.415Z  BGC/2016        roh          86766 reg. Kerzen    0/232/232 von 252  Tagen gewertet (1m/5m/15m)     5943 Signale  266 ms lesen  20688 ms rechnen
2026-09-07T21:08:14.585Z  BGC/2017        roh          89963 reg. Kerzen    0/251/251 von 251  Tagen gewertet (1m/5m/15m)     6234 Signale  252 ms lesen  20428 ms rechnen
2026-09-07T21:08:38.865Z  BGC/2018        roh          94270 reg. Kerzen    0/249/249 von 251  Tagen gewertet (1m/5m/15m)     6349 Signale  295 ms lesen  23537 ms rechnen
2026-09-07T21:09:03.543Z  BGC/2019        roh          92532 reg. Kerzen    0/252/252 von 252  Tagen gewertet (1m/5m/15m)     6758 Signale  307 ms lesen  23918 ms rechnen
2026-09-07T21:09:28.387Z  BGC/2020        roh          93171 reg. Kerzen    0/218/218 von 253  Tagen gewertet (1m/5m/15m)     5947 Signale  425 ms lesen  23843 ms rechnen
2026-09-07T21:09:53.826Z  BGC/2021        roh          91100 reg. Kerzen    0/252/252 von 252  Tagen gewertet (1m/5m/15m)     6724 Signale  313 ms lesen  24672 ms rechnen
2026-09-07T21:10:15.224Z  BGC/2022        roh          86371 reg. Kerzen    0/190/190 von 251  Tagen gewertet (1m/5m/15m)     5175 Signale  260 ms lesen  20682 ms rechnen
2026-09-07T21:10:35.705Z  BGC/2023        roh          90695 reg. Kerzen    0/183/183 von 250  Tagen gewertet (1m/5m/15m)     4831 Signale  711 ms lesen  19357 ms rechnen
2026-09-07T21:11:01.949Z  BGC/2024        roh          93265 reg. Kerzen    0/252/252 von 252  Tagen gewertet (1m/5m/15m)     6559 Signale  524 ms lesen  25228 ms rechnen
2026-09-07T21:11:26.732Z  BGC/2025        roh          91314 reg. Kerzen    0/250/250 von 250  Tagen gewertet (1m/5m/15m)     6566 Signale  509 ms lesen  23733 ms rechnen
2026-09-07T21:11:44.562Z  BGC/2026        roh          60952 reg. Kerzen    0/166/166 von 166  Tagen gewertet (1m/5m/15m)     4342 Signale  246 ms lesen  17152 ms rechnen
2026-09-07T21:11:44.959Z  BGSX/2021       roh            799 reg. Kerzen        0/0/0 von 100  Tagen gewertet (1m/5m/15m)        0 Signale  21 ms lesen  43 ms rechnen
2026-09-07T21:11:45.042Z  BGSX/2022       roh            709 reg. Kerzen        0/0/0 von 161  Tagen gewertet (1m/5m/15m)        0 Signale  40 ms lesen  37 ms rechnen
2026-09-07T21:11:45.229Z  BGSX/2023       roh            311 reg. Kerzen        0/0/0 von 36   Tagen gewertet (1m/5m/15m)        0 Signale  21 ms lesen  162 ms rechnen
2026-09-07T21:11:57.910Z  BHG/2021        bereinigt    46759 reg. Kerzen    0/112/112 von 133  Tagen gewertet (1m/5m/15m)     3084 Signale  291 ms lesen  12296 ms rechnen
2026-09-07T21:12:07.241Z  BHG/2022        bereinigt    86457 reg. Kerzen      0/70/70 von 251  Tagen gewertet (1m/5m/15m)     1941 Signale  348 ms lesen  8704 ms rechnen
2026-09-07T21:12:08.380Z  BHG/2023        bereinigt    41579 reg. Kerzen        0/0/0 von 250  Tagen gewertet (1m/5m/15m)        0 Signale  237 ms lesen  426 ms rechnen
2026-09-07T21:12:08.734Z  BHG/2024        roh           1122 reg. Kerzen        0/0/0 von 18   Tagen gewertet (1m/5m/15m)        0 Signale  87 ms lesen  19 ms rechnen
2026-09-07T21:12:29.380Z  BIDU/2016       roh          97012 reg. Kerzen    0/232/232 von 252  Tagen gewertet (1m/5m/15m)     6049 Signale  298 ms lesen  20330 ms rechnen
2026-09-07T21:12:51.997Z  BIDU/2017       roh          95812 reg. Kerzen    0/251/251 von 251  Tagen gewertet (1m/5m/15m)     6278 Signale  358 ms lesen  21667 ms rechnen
2026-09-07T21:13:16.384Z  BIDU/2018       roh          95925 reg. Kerzen    0/249/249 von 251  Tagen gewertet (1m/5m/15m)     6574 Signale  339 ms lesen  23542 ms rechnen
2026-09-07T21:13:40.811Z  BIDU/2019       roh          97455 reg. Kerzen    0/252/252 von 252  Tagen gewertet (1m/5m/15m)     6496 Signale  490 ms lesen  23437 ms rechnen
2026-09-07T21:14:07.941Z  BIDU/2020       roh          98116 reg. Kerzen    0/253/253 von 253  Tagen gewertet (1m/5m/15m)     6653 Signale  321 ms lesen  26275 ms rechnen
2026-09-07T21:14:33.886Z  BIDU/2021       roh          97940 reg. Kerzen    0/252/252 von 252  Tagen gewertet (1m/5m/15m)     6692 Signale  436 ms lesen  25008 ms rechnen
2026-09-07T21:14:59.211Z  BIDU/2022       roh          97023 reg. Kerzen    0/251/251 von 251  Tagen gewertet (1m/5m/15m)     6870 Signale  445 ms lesen  24416 ms rechnen
2026-09-07T21:15:21.946Z  BIDU/2023       roh          95464 reg. Kerzen    0/250/250 von 250  Tagen gewertet (1m/5m/15m)     6424 Signale  441 ms lesen  21798 ms rechnen
2026-09-07T21:15:43.538Z  BIDU/2024       roh          97169 reg. Kerzen    0/252/252 von 252  Tagen gewertet (1m/5m/15m)     6379 Signale  480 ms lesen  20562 ms rechnen
2026-09-07T21:16:05.342Z  BIDU/2025       roh          96155 reg. Kerzen    0/250/250 von 250  Tagen gewertet (1m/5m/15m)     6476 Signale  361 ms lesen  20858 ms rechnen
2026-09-07T21:16:21.162Z  BIDU/2026       roh          62931 reg. Kerzen    0/166/166 von 166  Tagen gewertet (1m/5m/15m)     4439 Signale  270 ms lesen  15109 ms rechnen
2026-09-07T21:16:21.788Z  BIMI/2016       bereinigt     5701 reg. Kerzen        0/0/0 von 238  Tagen gewertet (1m/5m/15m)        0 Signale  229 ms lesen  62 ms rechnen
2026-09-07T21:16:22.391Z  BIMI/2017       bereinigt     5759 reg. Kerzen        0/0/0 von 249  Tagen gewertet (1m/5m/15m)        0 Signale  419 ms lesen  149 ms rechnen
2026-09-07T21:16:23.247Z  BIMI/2018       bereinigt    25990 reg. Kerzen        0/0/0 von 251  Tagen gewertet (1m/5m/15m)        0 Signale  525 ms lesen  284 ms rechnen
2026-09-07T21:16:24.652Z  BIMI/2019       bereinigt    17848 reg. Kerzen        0/0/0 von 252  Tagen gewertet (1m/5m/15m)        0 Signale  864 ms lesen  433 ms rechnen
2026-09-07T21:16:26.535Z  BIMI/2020       bereinigt    46984 reg. Kerzen        0/0/0 von 253  Tagen gewertet (1m/5m/15m)        0 Signale  1079 ms lesen  713 ms rechnen
2026-09-07T21:16:28.611Z  BIMI/2021       bereinigt    45159 reg. Kerzen        0/0/0 von 252  Tagen gewertet (1m/5m/15m)        0 Signale  1171 ms lesen  543 ms rechnen
2026-09-07T21:16:29.710Z  BIMI/2022       bereinigt    30192 reg. Kerzen        0/0/0 von 251  Tagen gewertet (1m/5m/15m)        0 Signale  479 ms lesen  382 ms rechnen
2026-09-07T21:16:30.191Z  BIMI/2023       roh          10939 reg. Kerzen        0/0/0 von 250  Tagen gewertet (1m/5m/15m)        0 Signale  145 ms lesen  134 ms rechnen
2026-09-07T21:16:30.474Z  BIMI/2024       roh           7683 reg. Kerzen        0/0/0 von 161  Tagen gewertet (1m/5m/15m)        0 Signale  139 ms lesen  98 ms rechnen
2026-09-07T21:16:30.511Z  AUSGELASSEN BIMI/2025: Datei fehlt
2026-09-07T21:16:31.678Z  BIOR/2020       bereinigt    20080 reg. Kerzen        0/6/6 von 136  Tagen gewertet (1m/5m/15m)      156 Signale  213 ms lesen  898 ms rechnen
2026-09-07T21:16:49.222Z  BIOR/2021       bereinigt    78000 reg. Kerzen    0/114/114 von 252  Tagen gewertet (1m/5m/15m)     3176 Signale  1019 ms lesen  16440 ms rechnen
2026-09-07T21:17:01.893Z  BIOR/2022       bereinigt    82966 reg. Kerzen      0/80/80 von 251  Tagen gewertet (1m/5m/15m)     2202 Signale  1409 ms lesen  10830 ms rechnen
2026-09-07T21:17:02.929Z  BIOR/2023       bereinigt    33366 reg. Kerzen        0/0/0 von 250  Tagen gewertet (1m/5m/15m)        0 Signale  132 ms lesen  385 ms rechnen
2026-09-07T21:17:03.588Z  BIOR/2024       bereinigt    29116 reg. Kerzen        0/0/0 von 238  Tagen gewertet (1m/5m/15m)        0 Signale  145 ms lesen  345 ms rechnen
2026-09-07T21:17:25.997Z  BIVV/2017       roh          82041 reg. Kerzen    0/210/210 von 230  Tagen gewertet (1m/5m/15m)     5477 Signale  244 ms lesen  21996 ms rechnen
2026-09-07T21:17:29.807Z  BIVV/2018       roh          16568 reg. Kerzen      0/45/45 von 46   Tagen gewertet (1m/5m/15m)      816 Signale  56 ms lesen  3346 ms rechnen
2026-09-07T21:17:30.198Z  BKEP/2016       roh          15389 reg. Kerzen        0/0/0 von 252  Tagen gewertet (1m/5m/15m)        0 Signale  57 ms lesen  200 ms rechnen
2026-09-07T21:17:30.501Z  BKEP/2017       roh          13515 reg. Kerzen        0/0/0 von 251  Tagen gewertet (1m/5m/15m)        0 Signale  62 ms lesen  168 ms rechnen
2026-09-07T21:17:30.988Z  BKEP/2018       roh          17336 reg. Kerzen        0/0/0 von 251  Tagen gewertet (1m/5m/15m)        0 Signale  182 ms lesen  248 ms rechnen
2026-09-07T21:17:31.339Z  BKEP/2019       roh          20186 reg. Kerzen        0/0/0 von 252  Tagen gewertet (1m/5m/15m)        0 Signale  44 ms lesen  237 ms rechnen
2026-09-07T21:17:31.861Z  BKEP/2020       roh          17345 reg. Kerzen        0/0/0 von 253  Tagen gewertet (1m/5m/15m)        0 Signale  141 ms lesen  288 ms rechnen
2026-09-07T21:17:32.423Z  BKEP/2021       roh          27607 reg. Kerzen        0/0/0 von 252  Tagen gewertet (1m/5m/15m)        0 Signale  105 ms lesen  379 ms rechnen
2026-09-07T21:17:32.775Z  BKEP/2022       roh          10686 reg. Kerzen        0/0/0 von 157  Tagen gewertet (1m/5m/15m)        0 Signale  47 ms lesen  170 ms rechnen
2026-09-07T21:17:55.299Z  BKS/2016        roh          83344 reg. Kerzen    0/211/211 von 252  Tagen gewertet (1m/5m/15m)     5719 Signale  260 ms lesen  22115 ms rechnen
2026-09-07T21:18:22.490Z  BKS/2017        roh          84523 reg. Kerzen    0/230/230 von 251  Tagen gewertet (1m/5m/15m)     6386 Signale  534 ms lesen  26271 ms rechnen
2026-09-07T21:18:38.939Z  BKS/2018        roh          83466 reg. Kerzen    0/133/133 von 251  Tagen gewertet (1m/5m/15m)     3543 Signale  1827 ms lesen  14232 ms rechnen
2026-09-07T21:18:52.100Z  BKS/2019        roh          50824 reg. Kerzen    0/123/123 von 150  Tagen gewertet (1m/5m/15m)     3233 Signale  976 ms lesen  11833 ms rechnen
2026-09-07T21:19:04.509Z  BLCO/2022       roh          47912 reg. Kerzen    0/119/120 von 165  Tagen gewertet (1m/5m/15m)     3264 Signale  665 ms lesen  11443 ms rechnen
2026-09-07T21:19:17.515Z  BLCO/2023       roh          55320 reg. Kerzen    0/142/145 von 250  Tagen gewertet (1m/5m/15m)     3744 Signale  223 ms lesen  12568 ms rechnen
2026-09-07T21:19:31.628Z  BLCO/2024       roh          59287 reg. Kerzen    0/141/148 von 252  Tagen gewertet (1m/5m/15m)     3801 Signale  1068 ms lesen  12829 ms rechnen
2026-09-07T21:19:52.737Z  BLCO/2025       roh          62442 reg. Kerzen    0/220/224 von 250  Tagen gewertet (1m/5m/15m)     5801 Signale  1085 ms lesen  19765 ms rechnen
2026-09-07T21:20:03.062Z  BLCO/2026       roh          36009 reg. Kerzen    0/112/113 von 166  Tagen gewertet (1m/5m/15m)     2905 Signale  193 ms lesen  9814 ms rechnen
2026-09-07T21:20:10.814Z  BLI/2020        roh          22676 reg. Kerzen      0/70/96 von 117  Tagen gewertet (1m/5m/15m)     2109 Signale  250 ms lesen  7342 ms rechnen
2026-09-07T21:20:38.474Z  BLI/2021        roh          85156 reg. Kerzen    0/252/252 von 252  Tagen gewertet (1m/5m/15m)     6943 Signale  1100 ms lesen  26463 ms rechnen
2026-09-07T21:20:48.365Z  BLI/2022        roh          84561 reg. Kerzen      0/78/78 von 251  Tagen gewertet (1m/5m/15m)     2153 Signale  609 ms lesen  8897 ms rechnen
2026-09-07T21:20:49.008Z  BLI/2023        roh          17008 reg. Kerzen        0/0/0 von 54   Tagen gewertet (1m/5m/15m)        0 Signale  112 ms lesen  173 ms rechnen
2026-09-07T21:20:52.593Z  BLNK/2018       roh          36925 reg. Kerzen      0/26/26 von 221  Tagen gewertet (1m/5m/15m)      712 Signale  105 ms lesen  3389 ms rechnen
2026-09-07T21:20:53.367Z  BLNK/2019       roh          42089 reg. Kerzen        0/0/0 von 252  Tagen gewertet (1m/5m/15m)        0 Signale  147 ms lesen  451 ms rechnen
2026-09-07T21:21:08.816Z  BLNK/2020       roh          72653 reg. Kerzen    0/124/124 von 253  Tagen gewertet (1m/5m/15m)     3373 Signale  1053 ms lesen  14206 ms rechnen
2026-09-07T21:21:37.129Z  BLNK/2021       roh          96281 reg. Kerzen    0/252/252 von 252  Tagen gewertet (1m/5m/15m)     7025 Signale  2037 ms lesen  25956 ms rechnen
2026-09-07T21:22:06.617Z  BLNK/2022       roh          90749 reg. Kerzen    0/251/251 von 251  Tagen gewertet (1m/5m/15m)     7035 Signale  488 ms lesen  28571 ms rechnen
2026-09-07T21:22:33.168Z  BLNK/2023       roh          93662 reg. Kerzen    0/229/229 von 250  Tagen gewertet (1m/5m/15m)     6357 Signale  2551 ms lesen  23643 ms rechnen
2026-09-07T21:23:02.247Z  BLNK/2024       roh          95420 reg. Kerzen    0/252/252 von 252  Tagen gewertet (1m/5m/15m)     7052 Signale  542 ms lesen  27990 ms rechnen
2026-09-07T21:23:11.003Z  BLNK/2025       roh          89268 reg. Kerzen      0/61/61 von 250  Tagen gewertet (1m/5m/15m)     1761 Signale  340 ms lesen  7933 ms rechnen
2026-09-07T21:23:12.058Z  BLNK/2026       roh          52750 reg. Kerzen        0/0/0 von 166  Tagen gewertet (1m/5m/15m)        0 Signale  155 ms lesen  498 ms rechnen
2026-09-07T21:23:12.401Z  BLVD/2016       roh            435 reg. Kerzen        0/0/0 von 134  Tagen gewertet (1m/5m/15m)        0 Signale  15 ms lesen  11 ms rechnen
2026-09-07T21:23:12.493Z  BLVD/2017       roh           2236 reg. Kerzen        0/0/0 von 199  Tagen gewertet (1m/5m/15m)        0 Signale  25 ms lesen  59 ms rechnen
2026-09-07T21:23:13.174Z  BMRG/2020       roh          13217 reg. Kerzen        0/4/4 von 113  Tagen gewertet (1m/5m/15m)      102 Signale  68 ms lesen  587 ms rechnen
2026-09-07T21:23:20.707Z  BNCL/2016       roh          64239 reg. Kerzen      0/79/80 von 252  Tagen gewertet (1m/5m/15m)     1951 Signale  242 ms lesen  7221 ms rechnen
2026-09-07T21:23:23.153Z  BNCL/2017       roh          40945 reg. Kerzen        0/7/7 von 251  Tagen gewertet (1m/5m/15m)      185 Signale  156 ms lesen  1922 ms rechnen
2026-09-07T21:23:26.128Z  BNCL/2018       roh          47325 reg. Kerzen      0/18/18 von 251  Tagen gewertet (1m/5m/15m)      407 Signale  278 ms lesen  2032 ms rechnen
2026-09-07T21:23:26.562Z  BNCL/2019       roh           6830 reg. Kerzen        0/0/0 von 40   Tagen gewertet (1m/5m/15m)        0 Signale  65 ms lesen  117 ms rechnen
2026-09-07T21:23:26.640Z  BNOX/2021       roh            477 reg. Kerzen        0/0/0 von 11   Tagen gewertet (1m/5m/15m)        0 Signale  22 ms lesen  11 ms rechnen
2026-09-07T21:23:26.718Z  BNOX/2022       roh           1214 reg. Kerzen        0/0/0 von 157  Tagen gewertet (1m/5m/15m)        0 Signale  22 ms lesen  46 ms rechnen
2026-09-07T21:23:27.781Z  BNOX/2023       roh          17671 reg. Kerzen       0/5/11 von 245  Tagen gewertet (1m/5m/15m)      199 Signale  115 ms lesen  941 ms rechnen
2026-09-07T21:23:28.338Z  BNOX/2024       roh          23404 reg. Kerzen        0/0/0 von 247  Tagen gewertet (1m/5m/15m)        0 Signale  213 ms lesen  277 ms rechnen
2026-09-07T21:23:28.559Z  BOAC/2020       roh           1256 reg. Kerzen        0/0/0 von 9    Tagen gewertet (1m/5m/15m)        0 Signale  56 ms lesen  47 ms rechnen
2026-09-07T21:23:29.069Z  BOAC/2021       roh          23457 reg. Kerzen        0/0/0 von 252  Tagen gewertet (1m/5m/15m)        0 Signale  101 ms lesen  398 ms rechnen
2026-09-07T21:23:29.313Z  BOAC/2022       roh           4290 reg. Kerzen        0/0/0 von 242  Tagen gewertet (1m/5m/15m)        0 Signale  25 ms lesen  84 ms rechnen
2026-09-07T21:23:29.393Z  BOAC/2023       roh           1664 reg. Kerzen        0/0/0 von 190  Tagen gewertet (1m/5m/15m)        0 Signale  28 ms lesen  33 ms rechnen
2026-09-07T21:23:50.331Z  BOKF/2016       roh          62403 reg. Kerzen    0/227/232 von 252  Tagen gewertet (1m/5m/15m)     5930 Signale  303 ms lesen  20612 ms rechnen
2026-09-07T21:24:07.980Z  BOKF/2017       roh          40985 reg. Kerzen    0/179/235 von 251  Tagen gewertet (1m/5m/15m)     5007 Signale  284 ms lesen  17043 ms rechnen
2026-09-07T21:24:29.641Z  BOKF/2018       roh          50975 reg. Kerzen    0/238/249 von 251  Tagen gewertet (1m/5m/15m)     5984 Signale  451 ms lesen  20997 ms rechnen
2026-09-07T21:24:50.629Z  BOKF/2019       roh          47254 reg. Kerzen    0/243/252 von 252  Tagen gewertet (1m/5m/15m)     6058 Signale  111 ms lesen  20628 ms rechnen
2026-09-07T21:25:14.801Z  BOKF/2020       roh          59312 reg. Kerzen    0/251/253 von 253  Tagen gewertet (1m/5m/15m)     6712 Signale  220 ms lesen  23732 ms rechnen
2026-09-07T21:25:35.232Z  BOKF/2021       roh          43865 reg. Kerzen    0/218/252 von 252  Tagen gewertet (1m/5m/15m)     5871 Signale  296 ms lesen  19792 ms rechnen
2026-09-07T21:25:57.161Z  BOKF/2022       roh          48129 reg. Kerzen    0/239/251 von 251  Tagen gewertet (1m/5m/15m)     6292 Signale  157 ms lesen  21562 ms rechnen
2026-09-07T21:26:17.019Z  BOKF/2023       roh          42710 reg. Kerzen    0/207/250 von 250  Tagen gewertet (1m/5m/15m)     5722 Signale  142 ms lesen  19481 ms rechnen
2026-09-07T21:26:30.030Z  BOKF/2024       roh          31139 reg. Kerzen    0/115/249 von 252  Tagen gewertet (1m/5m/15m)     4095 Signale  184 ms lesen  12613 ms rechnen
2026-09-07T21:26:46.879Z  BOKF/2025       roh          37297 reg. Kerzen    0/170/250 von 250  Tagen gewertet (1m/5m/15m)     4886 Signale  134 ms lesen  16494 ms rechnen
2026-09-07T21:27:01.831Z  BOKF/2026       roh          31364 reg. Kerzen    0/149/166 von 166  Tagen gewertet (1m/5m/15m)     3862 Signale  142 ms lesen  14597 ms rechnen
2026-09-07T21:27:25.210Z  BOX/2016        roh          84717 reg. Kerzen    0/232/232 von 252  Tagen gewertet (1m/5m/15m)     6281 Signale  257 ms lesen  22906 ms rechnen
2026-09-07T21:27:48.093Z  BOX/2017        roh          90906 reg. Kerzen    0/251/251 von 251  Tagen gewertet (1m/5m/15m)     6536 Signale  264 ms lesen  22182 ms rechnen
2026-09-07T21:28:13.208Z  BOX/2018        roh          95903 reg. Kerzen    0/251/251 von 251  Tagen gewertet (1m/5m/15m)     6702 Signale  263 ms lesen  24324 ms rechnen
2026-09-07T21:28:38.014Z  BOX/2019        roh          94306 reg. Kerzen    0/252/252 von 252  Tagen gewertet (1m/5m/15m)     6614 Signale  267 ms lesen  24096 ms rechnen
2026-09-07T21:29:04.514Z  BOX/2020        roh          96023 reg. Kerzen    0/253/253 von 253  Tagen gewertet (1m/5m/15m)     6780 Signale  270 ms lesen  25831 ms rechnen
2026-09-07T21:29:29.778Z  BOX/2021        roh          94407 reg. Kerzen    0/250/250 von 252  Tagen gewertet (1m/5m/15m)     6582 Signale  267 ms lesen  24369 ms rechnen
2026-09-07T21:29:55.232Z  BOX/2022        roh          92298 reg. Kerzen    0/249/249 von 251  Tagen gewertet (1m/5m/15m)     6661 Signale  428 ms lesen  24560 ms rechnen
2026-09-07T21:30:19.735Z  BOX/2023        roh          91497 reg. Kerzen    0/250/250 von 250  Tagen gewertet (1m/5m/15m)     6319 Signale  372 ms lesen  23624 ms rechnen
2026-09-07T21:30:45.413Z  BOX/2024        roh          90895 reg. Kerzen    0/252/252 von 252  Tagen gewertet (1m/5m/15m)     6244 Signale  3195 ms lesen  22098 ms rechnen
2026-09-07T21:31:09.996Z  BOX/2025        roh          90704 reg. Kerzen    0/250/250 von 250  Tagen gewertet (1m/5m/15m)     6068 Signale  2161 ms lesen  21861 ms rechnen
2026-09-07T21:31:31.548Z  BOX/2026        roh          63445 reg. Kerzen    0/166/166 von 166  Tagen gewertet (1m/5m/15m)     4408 Signale  5876 ms lesen  15010 ms rechnen
2026-09-07T21:31:33.648Z  BPMP/2017       roh          10629 reg. Kerzen      0/11/12 von 45   Tagen gewertet (1m/5m/15m)      326 Signale  586 ms lesen  1214 ms rechnen
2026-09-07T21:31:36.611Z  BPMP/2018       roh          38421 reg. Kerzen      0/13/19 von 251  Tagen gewertet (1m/5m/15m)      415 Signale  922 ms lesen  1916 ms rechnen
2026-09-07T21:31:38.274Z  BPMP/2019       roh          45052 reg. Kerzen        0/0/0 von 252  Tagen gewertet (1m/5m/15m)        0 Signale  976 ms lesen  457 ms rechnen
2026-09-07T21:31:42.039Z  BPMP/2020       roh          51721 reg. Kerzen      0/14/14 von 253  Tagen gewertet (1m/5m/15m)      399 Signale  1116 ms lesen  2431 ms rechnen
2026-09-07T21:31:53.452Z  BPMP/2021       roh          59767 reg. Kerzen    0/100/101 von 252  Tagen gewertet (1m/5m/15m)     2471 Signale  2079 ms lesen  9118 ms rechnen
2026-09-07T21:31:59.349Z  BPMP/2022       roh          18671 reg. Kerzen      0/62/62 von 64   Tagen gewertet (1m/5m/15m)     1683 Signale  716 ms lesen  4810 ms rechnen
2026-09-07T21:32:19.916Z  BPYU/2020       roh          68860 reg. Kerzen    0/193/193 von 213  Tagen gewertet (1m/5m/15m)     5184 Signale  1483 ms lesen  18984 ms rechnen
2026-09-07T21:32:30.629Z  BPYU/2021       roh          36181 reg. Kerzen    0/109/109 von 141  Tagen gewertet (1m/5m/15m)     2548 Signale  1346 ms lesen  9061 ms rechnen
2026-09-07T21:32:32.276Z  BRDG/2021       roh          22422 reg. Kerzen        0/6/6 von 118  Tagen gewertet (1m/5m/15m)      157 Signale  486 ms lesen  978 ms rechnen
2026-09-07T21:32:33.105Z  BRDG/2022       roh          36448 reg. Kerzen        0/0/0 von 250  Tagen gewertet (1m/5m/15m)        0 Signale  263 ms lesen  439 ms rechnen
2026-09-07T21:32:34.202Z  BRDG/2023       roh          38900 reg. Kerzen        0/0/0 von 250  Tagen gewertet (1m/5m/15m)        0 Signale  422 ms lesen  481 ms rechnen
2026-09-07T21:32:35.420Z  BRDG/2024       roh          38749 reg. Kerzen        0/0/0 von 252  Tagen gewertet (1m/5m/15m)        0 Signale  516 ms lesen  473 ms rechnen
2026-09-07T21:32:37.845Z  BRDG/2025       roh          33352 reg. Kerzen      0/11/11 von 165  Tagen gewertet (1m/5m/15m)      294 Signale  465 ms lesen  1644 ms rechnen
2026-09-07T21:33:00.793Z  BRKR/2016       roh          88291 reg. Kerzen    0/232/232 von 252  Tagen gewertet (1m/5m/15m)     5944 Signale  1418 ms lesen  21290 ms rechnen
2026-09-07T21:33:23.262Z  BRKR/2017       roh          76039 reg. Kerzen    0/251/251 von 251  Tagen gewertet (1m/5m/15m)     6138 Signale  226 ms lesen  21730 ms rechnen
2026-09-07T21:33:45.871Z  BRKR/2018       roh          77672 reg. Kerzen    0/249/249 von 251  Tagen gewertet (1m/5m/15m)     6381 Signale  1470 ms lesen  20708 ms rechnen
2026-09-07T21:34:09.800Z  BRKR/2019       roh          82438 reg. Kerzen    0/252/252 von 252  Tagen gewertet (1m/5m/15m)     6466 Signale  1229 ms lesen  22366 ms rechnen
2026-09-07T21:34:35.305Z  BRKR/2020       roh          81281 reg. Kerzen    0/253/253 von 253  Tagen gewertet (1m/5m/15m)     6607 Signale  732 ms lesen  24318 ms rechnen
2026-09-07T21:34:59.202Z  BRKR/2021       roh          78808 reg. Kerzen    0/252/252 von 252  Tagen gewertet (1m/5m/15m)     6355 Signale  1788 ms lesen  21717 ms rechnen
2026-09-07T21:35:24.618Z  BRKR/2022       roh          85423 reg. Kerzen    0/251/251 von 251  Tagen gewertet (1m/5m/15m)     6628 Signale  1517 ms lesen  23459 ms rechnen
2026-09-07T21:35:48.310Z  BRKR/2023       roh          82104 reg. Kerzen    0/250/250 von 250  Tagen gewertet (1m/5m/15m)     6514 Signale  1174 ms lesen  22073 ms rechnen
2026-09-07T21:36:12.357Z  BRKR/2024       roh          84846 reg. Kerzen    0/252/252 von 252  Tagen gewertet (1m/5m/15m)     6552 Signale  982 ms lesen  22615 ms rechnen
2026-09-07T21:36:37.297Z  BRKR/2025       roh          94030 reg. Kerzen    0/250/250 von 250  Tagen gewertet (1m/5m/15m)     6761 Signale  444 ms lesen  23885 ms rechnen
2026-09-07T21:36:55.564Z  BRKR/2026       roh          62036 reg. Kerzen    0/166/166 von 166  Tagen gewertet (1m/5m/15m)     4507 Signale  1095 ms lesen  16753 ms rechnen
2026-09-07T21:36:58.906Z  CHECKPOINT 800 Dateien, 182 min, Detektorfehler {}
2026-09-07T21:36:59.082Z  BRPM/2019       roh            351 reg. Kerzen        0/0/0 von 86   Tagen gewertet (1m/5m/15m)        0 Signale  142 ms lesen  8 ms rechnen
2026-09-07T21:36:59.370Z  BRPM/2020       roh           2071 reg. Kerzen        0/2/4 von 29   Tagen gewertet (1m/5m/15m)       41 Signale  59 ms lesen  219 ms rechnen
2026-09-07T21:37:02.414Z  BRPM/2021       roh          12462 reg. Kerzen      0/22/23 von 169  Tagen gewertet (1m/5m/15m)      614 Signale  373 ms lesen  2659 ms rechnen
2026-09-07T21:37:02.778Z  BRPM/2022       roh           9954 reg. Kerzen        0/0/0 von 136  Tagen gewertet (1m/5m/15m)        0 Signale  109 ms lesen  108 ms rechnen
2026-09-07T21:37:03.003Z  BSAQ/2021       roh           1568 reg. Kerzen        0/0/0 von 51   Tagen gewertet (1m/5m/15m)        0 Signale  74 ms lesen  20 ms rechnen
2026-09-07T21:37:03.097Z  BSAQ/2022       roh            779 reg. Kerzen        0/0/0 von 151  Tagen gewertet (1m/5m/15m)        0 Signale  54 ms lesen  27 ms rechnen
2026-09-07T21:37:03.309Z  BSAQ/2023       roh           3406 reg. Kerzen        0/0/0 von 146  Tagen gewertet (1m/5m/15m)        0 Signale  170 ms lesen  37 ms rechnen
2026-09-07T21:37:03.412Z  BSII/2024       roh            273 reg. Kerzen        0/0/0 von 42   Tagen gewertet (1m/5m/15m)        0 Signale  67 ms lesen  8 ms rechnen
2026-09-07T21:37:03.532Z  BSII/2025       roh           1425 reg. Kerzen        0/0/0 von 85   Tagen gewertet (1m/5m/15m)        0 Signale  70 ms lesen  48 ms rechnen
2026-09-07T21:37:04.037Z  BSTG/2016       roh          15007 reg. Kerzen        0/0/0 von 191  Tagen gewertet (1m/5m/15m)        0 Signale  309 ms lesen  162 ms rechnen
2026-09-07T21:37:05.495Z  BSTG/2017       roh          31719 reg. Kerzen        0/0/0 von 192  Tagen gewertet (1m/5m/15m)        0 Signale  1042 ms lesen  341 ms rechnen
2026-09-07T21:37:05.800Z  BTBT/2018       roh           3125 reg. Kerzen        0/0/0 von 186  Tagen gewertet (1m/5m/15m)        0 Signale  99 ms lesen  49 ms rechnen
2026-09-07T21:37:06.413Z  BTBT/2019       roh          11532 reg. Kerzen        0/0/0 von 212  Tagen gewertet (1m/5m/15m)        0 Signale  455 ms lesen  143 ms rechnen
2026-09-07T21:37:09.138Z  BTBT/2020       roh          26487 reg. Kerzen      0/18/18 von 196  Tagen gewertet (1m/5m/15m)      479 Signale  535 ms lesen  2133 ms rechnen
2026-09-07T21:37:40.174Z  BTBT/2021       roh          94999 reg. Kerzen    0/252/252 von 252  Tagen gewertet (1m/5m/15m)     6954 Signale  2420 ms lesen  28498 ms rechnen
2026-09-07T21:37:54.958Z  BTBT/2022       roh          83587 reg. Kerzen    0/102/102 von 251  Tagen gewertet (1m/5m/15m)     2875 Signale  1495 ms lesen  12823 ms rechnen
2026-09-07T21:38:14.042Z  BTBT/2023       roh          88679 reg. Kerzen    0/148/148 von 250  Tagen gewertet (1m/5m/15m)     4135 Signale  1560 ms lesen  17095 ms rechnen
2026-09-07T21:38:44.818Z  BTBT/2024       roh          96798 reg. Kerzen    0/252/252 von 252  Tagen gewertet (1m/5m/15m)     7031 Signale  1678 ms lesen  28607 ms rechnen
2026-09-07T21:39:15.667Z  BTBT/2025       roh          96686 reg. Kerzen    0/250/250 von 250  Tagen gewertet (1m/5m/15m)     7071 Signale  2817 ms lesen  27620 ms rechnen
2026-09-07T21:39:37.566Z  BTBT/2026       roh          64641 reg. Kerzen    0/166/166 von 166  Tagen gewertet (1m/5m/15m)     4716 Signale  2096 ms lesen  19338 ms rechnen
2026-09-07T21:39:38.207Z  BTN/2016        roh           8310 reg. Kerzen        0/0/0 von 252  Tagen gewertet (1m/5m/15m)        0 Signale  220 ms lesen  93 ms rechnen
2026-09-07T21:39:38.517Z  BTN/2017        roh           8337 reg. Kerzen        0/0/0 von 250  Tagen gewertet (1m/5m/15m)        0 Signale  172 ms lesen  98 ms rechnen
2026-09-07T21:39:38.735Z  BTN/2018        roh           2628 reg. Kerzen        0/0/0 von 246  Tagen gewertet (1m/5m/15m)        0 Signale  139 ms lesen  44 ms rechnen
2026-09-07T21:39:38.984Z  BTN/2019        roh           4434 reg. Kerzen        0/0/0 von 249  Tagen gewertet (1m/5m/15m)        0 Signale  171 ms lesen  63 ms rechnen
2026-09-07T21:39:39.283Z  BTN/2020        roh           8653 reg. Kerzen        0/0/0 von 253  Tagen gewertet (1m/5m/15m)        0 Signale  160 ms lesen  110 ms rechnen
2026-09-07T21:39:40.037Z  BTN/2021        roh          22502 reg. Kerzen        0/0/0 von 252  Tagen gewertet (1m/5m/15m)        0 Signale  244 ms lesen  470 ms rechnen
2026-09-07T21:39:40.722Z  BTN/2022        roh           5443 reg. Kerzen        0/0/0 von 247  Tagen gewertet (1m/5m/15m)        0 Signale  370 ms lesen  112 ms rechnen
2026-09-07T21:39:58.464Z  BUD/2016        roh          94528 reg. Kerzen    0/232/232 von 252  Tagen gewertet (1m/5m/15m)     5508 Signale  569 ms lesen  17134 ms rechnen
2026-09-07T21:40:17.763Z  BUD/2017        roh          91728 reg. Kerzen    0/251/251 von 251  Tagen gewertet (1m/5m/15m)     5600 Signale  988 ms lesen  17937 ms rechnen
2026-09-07T21:40:38.555Z  BUD/2018        roh          94949 reg. Kerzen    0/251/251 von 251  Tagen gewertet (1m/5m/15m)     6037 Signale  1706 ms lesen  18481 ms rechnen
2026-09-07T21:40:59.417Z  BUD/2019        roh          93876 reg. Kerzen    0/252/252 von 252  Tagen gewertet (1m/5m/15m)     6029 Signale  1701 ms lesen  18668 ms rechnen
2026-09-07T21:41:22.458Z  BUD/2020        roh          96524 reg. Kerzen    0/253/253 von 253  Tagen gewertet (1m/5m/15m)     6487 Signale  802 ms lesen  21730 ms rechnen
2026-09-07T21:41:45.736Z  BUD/2021        roh          94137 reg. Kerzen    0/250/250 von 252  Tagen gewertet (1m/5m/15m)     6066 Signale  2266 ms lesen  20579 ms rechnen
2026-09-07T21:42:07.901Z  BUD/2022        roh          94770 reg. Kerzen    0/249/249 von 251  Tagen gewertet (1m/5m/15m)     6311 Signale  406 ms lesen  21309 ms rechnen
2026-09-07T21:42:31.098Z  BUD/2023        roh          95566 reg. Kerzen    0/250/250 von 250  Tagen gewertet (1m/5m/15m)     5847 Signale  497 ms lesen  22293 ms rechnen
2026-09-07T21:42:52.541Z  BUD/2024        roh          94966 reg. Kerzen    0/252/252 von 252  Tagen gewertet (1m/5m/15m)     5709 Signale  499 ms lesen  20332 ms rechnen
2026-09-07T21:43:13.795Z  BUD/2025        roh          94926 reg. Kerzen    0/250/250 von 250  Tagen gewertet (1m/5m/15m)     5750 Signale  661 ms lesen  20047 ms rechnen
2026-09-07T21:43:28.094Z  BUD/2026        roh          63021 reg. Kerzen    0/166/166 von 166  Tagen gewertet (1m/5m/15m)     4039 Signale  872 ms lesen  12961 ms rechnen
2026-09-07T21:43:29.226Z  BVH/2017        roh          19942 reg. Kerzen        0/0/0 von 119  Tagen gewertet (1m/5m/15m)        0 Signale  370 ms lesen  204 ms rechnen
2026-09-07T21:43:30.419Z  BVH/2018        roh          56743 reg. Kerzen        0/0/0 von 251  Tagen gewertet (1m/5m/15m)        0 Signale  264 ms lesen  842 ms rechnen
2026-09-07T21:43:31.768Z  BVH/2019        roh          40928 reg. Kerzen        0/0/0 von 252  Tagen gewertet (1m/5m/15m)        0 Signale  249 ms lesen  734 ms rechnen
2026-09-07T21:43:32.902Z  BVH/2020        roh          30108 reg. Kerzen        0/0/0 von 253  Tagen gewertet (1m/5m/15m)        0 Signale  319 ms lesen  553 ms rechnen
2026-09-07T21:43:33.607Z  BVH/2021        roh          19103 reg. Kerzen        0/0/0 von 252  Tagen gewertet (1m/5m/15m)        0 Signale  103 ms lesen  329 ms rechnen
2026-09-07T21:43:34.542Z  BVH/2022        roh          20242 reg. Kerzen        0/0/0 von 250  Tagen gewertet (1m/5m/15m)        0 Signale  403 ms lesen  424 ms rechnen
2026-09-07T21:43:36.574Z  BVH/2023        roh          19058 reg. Kerzen      0/16/28 von 250  Tagen gewertet (1m/5m/15m)      353 Signale  593 ms lesen  1350 ms rechnen
2026-09-07T21:43:37.278Z  BVH/2024        roh           1890 reg. Kerzen      0/10/10 von 10   Tagen gewertet (1m/5m/15m)      130 Signale  70 ms lesen  547 ms rechnen
2026-09-07T21:43:37.350Z  BWC/2021        roh            324 reg. Kerzen        0/0/0 von 44   Tagen gewertet (1m/5m/15m)        0 Signale  9 ms lesen  6 ms rechnen
2026-09-07T21:43:37.437Z  BWC/2022        roh            789 reg. Kerzen        0/0/0 von 170  Tagen gewertet (1m/5m/15m)        0 Signale  22 ms lesen  63 ms rechnen
2026-09-07T21:43:37.546Z  BWC/2023        roh           1000 reg. Kerzen        0/0/0 von 120  Tagen gewertet (1m/5m/15m)        0 Signale  32 ms lesen  62 ms rechnen
2026-09-07T21:44:02.884Z  BWP/2016        roh          73110 reg. Kerzen    0/221/221 von 252  Tagen gewertet (1m/5m/15m)     5900 Signale  251 ms lesen  25025 ms rechnen
2026-09-07T21:44:27.587Z  BWP/2017        roh          67496 reg. Kerzen    0/251/251 von 251  Tagen gewertet (1m/5m/15m)     6287 Signale  245 ms lesen  24098 ms rechnen
2026-09-07T21:44:42.482Z  BWP/2018        roh          44828 reg. Kerzen    0/136/136 von 136  Tagen gewertet (1m/5m/15m)     3417 Signale  280 ms lesen  14276 ms rechnen
2026-09-07T21:45:04.300Z  BXMT/2016       roh          79794 reg. Kerzen    0/232/232 von 252  Tagen gewertet (1m/5m/15m)     5518 Signale  411 ms lesen  21086 ms rechnen
2026-09-07T21:45:25.761Z  BXMT/2017       roh          81639 reg. Kerzen    0/251/251 von 251  Tagen gewertet (1m/5m/15m)     5276 Signale  713 ms lesen  20314 ms rechnen
2026-09-07T21:45:47.902Z  BXMT/2018       roh          88565 reg. Kerzen    0/251/251 von 251  Tagen gewertet (1m/5m/15m)     5384 Signale  708 ms lesen  20955 ms rechnen
2026-09-07T21:46:08.323Z  BXMT/2019       roh          87514 reg. Kerzen    0/252/252 von 252  Tagen gewertet (1m/5m/15m)     5019 Signale  839 ms lesen  19101 ms rechnen
2026-09-07T21:46:36.350Z  BXMT/2020       roh          92025 reg. Kerzen    0/253/253 von 253  Tagen gewertet (1m/5m/15m)     6630 Signale  804 ms lesen  26701 ms rechnen
2026-09-07T21:47:00.946Z  BXMT/2021       roh          91079 reg. Kerzen    0/250/250 von 252  Tagen gewertet (1m/5m/15m)     6185 Signale  878 ms lesen  23000 ms rechnen
2026-09-07T21:47:26.595Z  BXMT/2022       roh          94265 reg. Kerzen    0/249/249 von 250  Tagen gewertet (1m/5m/15m)     6484 Signale  518 ms lesen  24596 ms rechnen
2026-09-07T21:47:55.305Z  BXMT/2023       roh          95703 reg. Kerzen    0/250/250 von 250  Tagen gewertet (1m/5m/15m)     6547 Signale  983 ms lesen  27269 ms rechnen
2026-09-07T21:48:22.305Z  BXMT/2024       roh          92339 reg. Kerzen    0/252/252 von 252  Tagen gewertet (1m/5m/15m)     6457 Signale  999 ms lesen  25570 ms rechnen
2026-09-07T21:48:47.539Z  BXMT/2025       roh          86629 reg. Kerzen    0/250/250 von 250  Tagen gewertet (1m/5m/15m)     6223 Signale  908 ms lesen  23858 ms rechnen
2026-09-07T21:49:04.569Z  BXMT/2026       roh          57887 reg. Kerzen    0/166/166 von 166  Tagen gewertet (1m/5m/15m)     4285 Signale  438 ms lesen  16183 ms rechnen
2026-09-07T21:49:05.005Z  BYN/2022        roh           1677 reg. Kerzen        0/0/0 von 149  Tagen gewertet (1m/5m/15m)        0 Signale  24 ms lesen  25 ms rechnen
2026-09-07T21:49:05.147Z  BYN/2023        roh           1341 reg. Kerzen        0/0/0 von 167  Tagen gewertet (1m/5m/15m)        0 Signale  80 ms lesen  52 ms rechnen
2026-09-07T21:49:26.695Z  BZH/2016        roh          82956 reg. Kerzen    0/184/184 von 252  Tagen gewertet (1m/5m/15m)     5059 Signale  767 ms lesen  20717 ms rechnen
2026-09-07T21:49:48.350Z  BZH/2017        roh          73645 reg. Kerzen    0/206/206 von 251  Tagen gewertet (1m/5m/15m)     5547 Signale  225 ms lesen  21064 ms rechnen
2026-09-07T21:50:08.788Z  BZH/2018        roh          76077 reg. Kerzen    0/189/189 von 251  Tagen gewertet (1m/5m/15m)     5202 Signale  207 ms lesen  19896 ms rechnen
2026-09-07T21:50:18.532Z  BZH/2019        roh          71367 reg. Kerzen      0/81/81 von 252  Tagen gewertet (1m/5m/15m)     2187 Signale  235 ms lesen  9122 ms rechnen
2026-09-07T21:50:23.622Z  BZH/2020        roh          71127 reg. Kerzen      0/32/32 von 253  Tagen gewertet (1m/5m/15m)      876 Signale  251 ms lesen  4358 ms rechnen
2026-09-07T21:50:40.623Z  BZH/2021        roh          65871 reg. Kerzen    0/177/177 von 252  Tagen gewertet (1m/5m/15m)     4781 Signale  226 ms lesen  16444 ms rechnen
2026-09-07T21:51:01.167Z  BZH/2022        roh          63696 reg. Kerzen      0/84/84 von 251  Tagen gewertet (1m/5m/15m)     2330 Signale  10291 ms lesen  10006 ms rechnen
2026-09-07T21:51:15.451Z  BZH/2023        roh          59826 reg. Kerzen    0/126/126 von 250  Tagen gewertet (1m/5m/15m)     3371 Signale  151 ms lesen  13709 ms rechnen
2026-09-07T21:51:40.761Z  BZH/2024        roh          56458 reg. Kerzen    0/250/250 von 252  Tagen gewertet (1m/5m/15m)     6591 Signale  209 ms lesen  24820 ms rechnen
2026-09-07T21:52:02.737Z  BZH/2025        roh          58402 reg. Kerzen    0/207/208 von 250  Tagen gewertet (1m/5m/15m)     5543 Signale  154 ms lesen  21545 ms rechnen
2026-09-07T21:52:19.735Z  BZH/2026        roh          38976 reg. Kerzen    0/165/166 von 166  Tagen gewertet (1m/5m/15m)     4291 Signale  143 ms lesen  16607 ms rechnen
2026-09-07T21:52:20.025Z  CACO/2022       roh           2407 reg. Kerzen        0/0/0 von 9    Tagen gewertet (1m/5m/15m)        0 Signale  37 ms lesen  50 ms rechnen
2026-09-07T21:52:20.246Z  CACO/2023       roh          11490 reg. Kerzen        0/0/0 von 250  Tagen gewertet (1m/5m/15m)        0 Signale  54 ms lesen  154 ms rechnen
2026-09-07T21:52:20.496Z  CACO/2024       roh           6135 reg. Kerzen        0/0/0 von 187  Tagen gewertet (1m/5m/15m)        0 Signale  109 ms lesen  89 ms rechnen
2026-09-07T21:52:41.267Z  CAG/2016        bereinigt    97405 reg. Kerzen    0/232/232 von 252  Tagen gewertet (1m/5m/15m)     5485 Signale  791 ms lesen  19912 ms rechnen
2026-09-07T21:53:01.866Z  CAG/2017        roh          96857 reg. Kerzen    0/251/251 von 251  Tagen gewertet (1m/5m/15m)     5734 Signale  192 ms lesen  19906 ms rechnen
2026-09-07T21:53:24.939Z  CAG/2018        roh          97016 reg. Kerzen    0/251/251 von 251  Tagen gewertet (1m/5m/15m)     6201 Signale  162 ms lesen  22403 ms rechnen
2026-09-07T21:53:48.650Z  CAG/2019        roh          97552 reg. Kerzen    0/252/252 von 252  Tagen gewertet (1m/5m/15m)     6321 Signale  391 ms lesen  22699 ms rechnen
2026-09-07T21:54:14.846Z  CAG/2020        roh          97986 reg. Kerzen    0/253/253 von 253  Tagen gewertet (1m/5m/15m)     6390 Signale  325 ms lesen  25389 ms rechnen
2026-09-07T21:54:37.528Z  CAG/2021        roh          96786 reg. Kerzen    0/250/250 von 252  Tagen gewertet (1m/5m/15m)     6031 Signale  265 ms lesen  21910 ms rechnen
2026-09-07T21:55:01.751Z  CAG/2022        roh          96829 reg. Kerzen    0/249/249 von 251  Tagen gewertet (1m/5m/15m)     6220 Signale  252 ms lesen  23506 ms rechnen
2026-09-07T21:55:24.151Z  CAG/2023        roh          96961 reg. Kerzen    0/250/250 von 250  Tagen gewertet (1m/5m/15m)     5970 Signale  465 ms lesen  21365 ms rechnen
2026-09-07T21:55:47.941Z  CAG/2024        roh          97516 reg. Kerzen    0/252/252 von 252  Tagen gewertet (1m/5m/15m)     6070 Signale  565 ms lesen  22750 ms rechnen
2026-09-07T21:56:12.458Z  CAG/2025        roh          96912 reg. Kerzen    0/250/250 von 250  Tagen gewertet (1m/5m/15m)     6364 Signale  297 ms lesen  23783 ms rechnen
2026-09-07T21:56:29.358Z  CAG/2026        roh          64732 reg. Kerzen    0/166/166 von 166  Tagen gewertet (1m/5m/15m)     4371 Signale  352 ms lesen  16082 ms rechnen
2026-09-07T21:56:53.985Z  CALD/2016       roh          73388 reg. Kerzen    0/232/232 von 252  Tagen gewertet (1m/5m/15m)     6189 Signale  193 ms lesen  24058 ms rechnen
2026-09-07T21:57:18.150Z  CALD/2017       roh          63028 reg. Kerzen    0/225/227 von 251  Tagen gewertet (1m/5m/15m)     5903 Signale  201 ms lesen  23482 ms rechnen
2026-09-07T21:57:23.089Z  CALD/2018       roh          20004 reg. Kerzen      0/64/64 von 64   Tagen gewertet (1m/5m/15m)     1063 Signale  111 ms lesen  4443 ms rechnen
2026-09-07T21:57:23.227Z  CAPA/2020       roh            121 reg. Kerzen        0/0/0 von 23   Tagen gewertet (1m/5m/15m)        0 Signale  43 ms lesen  1 ms rechnen
2026-09-07T21:57:26.583Z  CAPA/2021       roh          18613 reg. Kerzen      0/24/24 von 108  Tagen gewertet (1m/5m/15m)      658 Signale  126 ms lesen  3228 ms rechnen
2026-09-07T21:57:27.066Z  CARO/2016       roh          17637 reg. Kerzen        0/0/0 von 252  Tagen gewertet (1m/5m/15m)        0 Signale  134 ms lesen  237 ms rechnen
2026-09-07T21:57:27.572Z  CARO/2017       roh          26955 reg. Kerzen        0/0/0 von 251  Tagen gewertet (1m/5m/15m)        0 Signale  105 ms lesen  289 ms rechnen
2026-09-07T21:57:28.837Z  CARO/2018       roh          28371 reg. Kerzen       0/7/12 von 251  Tagen gewertet (1m/5m/15m)      215 Signale  90 ms lesen  1038 ms rechnen
2026-09-07T21:57:29.432Z  CARO/2019       roh          22738 reg. Kerzen        0/1/1 von 252  Tagen gewertet (1m/5m/15m)       17 Signale  83 ms lesen  372 ms rechnen
2026-09-07T21:57:31.816Z  CARO/2020       roh          15140 reg. Kerzen      0/16/16 von 84   Tagen gewertet (1m/5m/15m)      447 Signale  112 ms lesen  2119 ms rechnen
2026-09-07T21:57:32.290Z  CASI/2016       bereinigt    10749 reg. Kerzen        0/0/0 von 252  Tagen gewertet (1m/5m/15m)        0 Signale  131 ms lesen  242 ms rechnen
2026-09-07T21:57:32.630Z  CASI/2017       bereinigt    16417 reg. Kerzen        0/0/0 von 251  Tagen gewertet (1m/5m/15m)        0 Signale  88 ms lesen  202 ms rechnen
2026-09-07T21:57:33.887Z  CASI/2018       bereinigt    50834 reg. Kerzen        0/4/4 von 251  Tagen gewertet (1m/5m/15m)      104 Signale  220 ms lesen  944 ms rechnen
2026-09-07T21:57:34.644Z  CASI/2019       bereinigt    39108 reg. Kerzen        0/0/0 von 252  Tagen gewertet (1m/5m/15m)        0 Signale  114 ms lesen  399 ms rechnen
2026-09-07T21:57:35.721Z  CASI/2020       bereinigt    43471 reg. Kerzen        0/0/0 von 253  Tagen gewertet (1m/5m/15m)        0 Signale  362 ms lesen  519 ms rechnen
2026-09-07T21:57:37.020Z  CASI/2021       bereinigt    69590 reg. Kerzen        0/0/0 von 252  Tagen gewertet (1m/5m/15m)        0 Signale  335 ms lesen  746 ms rechnen
2026-09-07T21:57:37.836Z  CASI/2022       bereinigt    29815 reg. Kerzen        0/0/0 von 251  Tagen gewertet (1m/5m/15m)        0 Signale  94 ms lesen  354 ms rechnen
2026-09-07T21:57:38.188Z  CASI/2023       roh           7797 reg. Kerzen        0/0/0 von 250  Tagen gewertet (1m/5m/15m)        0 Signale  94 ms lesen  102 ms rechnen
2026-09-07T21:57:38.399Z  CASI/2024       roh          10205 reg. Kerzen        0/0/0 von 252  Tagen gewertet (1m/5m/15m)        0 Signale  35 ms lesen  141 ms rechnen
2026-09-07T21:57:38.762Z  CASI/2025       roh          10021 reg. Kerzen        0/0/0 von 249  Tagen gewertet (1m/5m/15m)        0 Signale  83 ms lesen  175 ms rechnen
2026-09-07T21:57:38.841Z  CASI/2026       roh           1218 reg. Kerzen        0/0/0 von 37   Tagen gewertet (1m/5m/15m)        0 Signale  18 ms lesen  17 ms rechnen
2026-09-07T21:57:39.064Z  CATS/2017       roh           8061 reg. Kerzen        0/0/0 von 173  Tagen gewertet (1m/5m/15m)        0 Signale  79 ms lesen  137 ms rechnen
2026-09-07T21:57:39.480Z  CATS/2018       roh          16330 reg. Kerzen        0/0/0 von 250  Tagen gewertet (1m/5m/15m)        0 Signale  145 ms lesen  232 ms rechnen
2026-09-07T21:57:40.203Z  CATS/2019       roh          34610 reg. Kerzen        0/0/0 von 252  Tagen gewertet (1m/5m/15m)        0 Signale  116 ms lesen  532 ms rechnen
2026-09-07T21:57:48.205Z  CATS/2020       roh          27331 reg. Kerzen      0/57/57 von 128  Tagen gewertet (1m/5m/15m)     1612 Signale  185 ms lesen  7627 ms rechnen
2026-09-07T21:57:50.173Z  CBAH/2021       roh          16176 reg. Kerzen      0/20/20 von 216  Tagen gewertet (1m/5m/15m)      492 Signale  61 ms lesen  1788 ms rechnen
2026-09-07T21:58:14.259Z  CBM/2016        roh          72712 reg. Kerzen    0/232/232 von 252  Tagen gewertet (1m/5m/15m)     6150 Signale  260 ms lesen  23713 ms rechnen
2026-09-07T21:58:39.116Z  CBM/2017        roh          63603 reg. Kerzen    0/250/251 von 251  Tagen gewertet (1m/5m/15m)     6506 Signale  204 ms lesen  24275 ms rechnen
2026-09-07T21:59:03.605Z  CBM/2018        roh          64114 reg. Kerzen    0/251/251 von 251  Tagen gewertet (1m/5m/15m)     6557 Signale  256 ms lesen  23817 ms rechnen
2026-09-07T21:59:23.721Z  CBM/2019        roh          55611 reg. Kerzen    0/232/233 von 233  Tagen gewertet (1m/5m/15m)     5263 Signale  153 ms lesen  19555 ms rechnen
2026-09-07T21:59:45.766Z  CBRE/2016       roh          97102 reg. Kerzen    0/232/232 von 252  Tagen gewertet (1m/5m/15m)     5960 Signale  220 ms lesen  21550 ms rechnen
2026-09-07T22:00:08.394Z  CBRE/2017       roh          94504 reg. Kerzen    0/251/251 von 251  Tagen gewertet (1m/5m/15m)     6051 Signale  194 ms lesen  22031 ms rechnen
2026-09-07T22:00:31.865Z  CBRE/2018       roh          94960 reg. Kerzen    0/251/251 von 251  Tagen gewertet (1m/5m/15m)     6190 Signale  316 ms lesen  22632 ms rechnen
2026-09-07T22:00:53.826Z  CBRE/2019       roh          94725 reg. Kerzen    0/252/252 von 252  Tagen gewertet (1m/5m/15m)     6113 Signale  175 ms lesen  21284 ms rechnen
2026-09-07T22:01:20.967Z  CBRE/2020       roh          95531 reg. Kerzen    0/253/253 von 253  Tagen gewertet (1m/5m/15m)     6625 Signale  285 ms lesen  26431 ms rechnen
2026-09-07T22:01:45.409Z  CBRE/2021       roh          92841 reg. Kerzen    0/250/250 von 252  Tagen gewertet (1m/5m/15m)     6381 Signale  327 ms lesen  23540 ms rechnen
2026-09-07T22:02:11.712Z  CBRE/2022       roh          95162 reg. Kerzen    0/249/249 von 251  Tagen gewertet (1m/5m/15m)     6508 Signale  334 ms lesen  25469 ms rechnen
2026-09-07T22:02:35.224Z  CBRE/2023       roh          93844 reg. Kerzen    0/250/250 von 250  Tagen gewertet (1m/5m/15m)     6308 Signale  237 ms lesen  22872 ms rechnen
2026-09-07T22:02:58.685Z  CBRE/2024       roh          92462 reg. Kerzen    0/252/252 von 252  Tagen gewertet (1m/5m/15m)     6251 Signale  314 ms lesen  22725 ms rechnen
2026-09-07T22:03:23.723Z  CBRE/2025       roh          91754 reg. Kerzen    0/250/250 von 250  Tagen gewertet (1m/5m/15m)     6249 Signale  188 ms lesen  24345 ms rechnen
2026-09-07T22:03:41.220Z  CBRE/2026       roh          61959 reg. Kerzen    0/166/166 von 166  Tagen gewertet (1m/5m/15m)     4315 Signale  239 ms lesen  16808 ms rechnen
2026-09-07T22:03:42.036Z  CBYL/2016       bereinigt    28193 reg. Kerzen        0/0/0 von 225  Tagen gewertet (1m/5m/15m)        0 Signale  121 ms lesen  348 ms rechnen
2026-09-07T22:03:42.380Z  CCCR/2016       roh           7881 reg. Kerzen        0/0/0 von 252  Tagen gewertet (1m/5m/15m)        0 Signale  71 ms lesen  103 ms rechnen
2026-09-07T22:03:42.736Z  CCCR/2017       roh          20606 reg. Kerzen        0/0/0 von 251  Tagen gewertet (1m/5m/15m)        0 Signale  65 ms lesen  255 ms rechnen
2026-09-07T22:03:43.021Z  CCCR/2018       roh           9265 reg. Kerzen        0/0/0 von 133  Tagen gewertet (1m/5m/15m)        0 Signale  45 ms lesen  141 ms rechnen
2026-09-07T22:03:43.144Z  CCIR/2024       roh             83 reg. Kerzen        0/0/0 von 15   Tagen gewertet (1m/5m/15m)        0 Signale  24 ms lesen  5 ms rechnen
2026-09-07T22:03:45.963Z  CCIR/2025       roh          25979 reg. Kerzen      0/26/27 von 153  Tagen gewertet (1m/5m/15m)      659 Signale  94 ms lesen  2723 ms rechnen
2026-09-07T22:03:46.203Z  CCN/2016        roh           4905 reg. Kerzen        0/0/0 von 107  Tagen gewertet (1m/5m/15m)        0 Signale  46 ms lesen  65 ms rechnen
2026-09-07T22:03:46.953Z  CCN/2017        roh          14016 reg. Kerzen        0/5/5 von 127  Tagen gewertet (1m/5m/15m)      104 Signale  106 ms lesen  621 ms rechnen
2026-09-07T22:03:47.588Z  CCS/2016        roh          30272 reg. Kerzen        0/0/0 von 252  Tagen gewertet (1m/5m/15m)        0 Signale  177 ms lesen  366 ms rechnen
2026-09-07T22:03:52.034Z  CCS/2017        roh          42107 reg. Kerzen      0/34/35 von 251  Tagen gewertet (1m/5m/15m)      918 Signale  196 ms lesen  4114 ms rechnen
2026-09-07T22:04:17.602Z  CCS/2018        roh          59788 reg. Kerzen    0/238/243 von 251  Tagen gewertet (1m/5m/15m)     6487 Signale  439 ms lesen  24967 ms rechnen
2026-09-07T22:04:43.453Z  CCS/2019        roh          69868 reg. Kerzen    0/242/242 von 252  Tagen gewertet (1m/5m/15m)     6421 Signale  190 ms lesen  25339 ms rechnen
2026-09-07T22:05:13.480Z  CCS/2020        roh          70641 reg. Kerzen    0/252/253 von 253  Tagen gewertet (1m/5m/15m)     6911 Signale  304 ms lesen  29402 ms rechnen
2026-09-07T22:05:40.614Z  CCS/2021        roh          69274 reg. Kerzen    0/250/250 von 252  Tagen gewertet (1m/5m/15m)     6789 Signale  238 ms lesen  26593 ms rechnen
2026-09-07T22:06:08.653Z  CCS/2022        roh          59197 reg. Kerzen    0/247/249 von 251  Tagen gewertet (1m/5m/15m)     6755 Signale  198 ms lesen  27455 ms rechnen
2026-09-07T22:06:32.344Z  CCS/2023        roh          49543 reg. Kerzen    0/236/250 von 250  Tagen gewertet (1m/5m/15m)     6300 Signale  217 ms lesen  23201 ms rechnen
2026-09-07T22:06:55.332Z  CCS/2024        roh          49934 reg. Kerzen    0/232/252 von 252  Tagen gewertet (1m/5m/15m)     6318 Signale  164 ms lesen  22483 ms rechnen
2026-09-07T22:07:20.268Z  CCS/2025        roh          53392 reg. Kerzen    0/247/250 von 250  Tagen gewertet (1m/5m/15m)     6512 Signale  251 ms lesen  24455 ms rechnen
2026-09-07T22:07:34.931Z  CCS/2026        roh          28000 reg. Kerzen    0/141/166 von 166  Tagen gewertet (1m/5m/15m)     3965 Signale  116 ms lesen  14285 ms rechnen
2026-09-07T22:07:40.775Z  CCXX/2020       roh          24636 reg. Kerzen      0/56/56 von 125  Tagen gewertet (1m/5m/15m)     1436 Signale  81 ms lesen  5637 ms rechnen
2026-09-07T22:07:41.732Z  CDMO/2018       roh          54851 reg. Kerzen        0/0/0 von 247  Tagen gewertet (1m/5m/15m)        0 Signale  245 ms lesen  592 ms rechnen
2026-09-07T22:07:42.769Z  CDMO/2019       roh          47474 reg. Kerzen        0/0/0 von 252  Tagen gewertet (1m/5m/15m)        0 Signale  171 ms lesen  514 ms rechnen
2026-09-07T22:07:44.683Z  CDMO/2020       roh          60123 reg. Kerzen        0/8/8 von 253  Tagen gewertet (1m/5m/15m)      212 Signale  194 ms lesen  1509 ms rechnen
2026-09-07T22:08:12.541Z  CDMO/2021       roh          70277 reg. Kerzen    0/246/246 von 252  Tagen gewertet (1m/5m/15m)     6659 Signale  227 ms lesen  27325 ms rechnen
2026-09-07T22:08:41.583Z  CDMO/2022       roh          73127 reg. Kerzen    0/249/249 von 251  Tagen gewertet (1m/5m/15m)     6914 Signale  167 ms lesen  28531 ms rechnen
2026-09-07T22:08:53.311Z  CDMO/2023       roh          69700 reg. Kerzen      0/89/89 von 250  Tagen gewertet (1m/5m/15m)     2405 Signale  247 ms lesen  11078 ms rechnen
2026-09-07T22:09:11.443Z  CDMO/2024       roh          75675 reg. Kerzen    0/159/159 von 252  Tagen gewertet (1m/5m/15m)     4005 Signale  468 ms lesen  17370 ms rechnen
2026-09-07T22:09:13.385Z  CDMO/2025       roh           6731 reg. Kerzen      0/22/22 von 22   Tagen gewertet (1m/5m/15m)      314 Signale  107 ms lesen  1421 ms rechnen
2026-09-07T22:09:13.973Z  CDTX/2016       bereinigt    20377 reg. Kerzen        0/0/0 von 252  Tagen gewertet (1m/5m/15m)        0 Signale  246 ms lesen  263 ms rechnen
2026-09-07T22:09:14.672Z  CDTX/2017       bereinigt    25842 reg. Kerzen        0/0/0 von 251  Tagen gewertet (1m/5m/15m)        0 Signale  202 ms lesen  399 ms rechnen
2026-09-07T22:09:15.320Z  CDTX/2018       bereinigt    25037 reg. Kerzen        0/0/0 von 251  Tagen gewertet (1m/5m/15m)        0 Signale  106 ms lesen  433 ms rechnen
2026-09-07T22:09:15.931Z  CDTX/2019       bereinigt    25566 reg. Kerzen        0/0/0 von 252  Tagen gewertet (1m/5m/15m)        0 Signale  110 ms lesen  365 ms rechnen
2026-09-07T22:09:17.032Z  CDTX/2020       bereinigt    43629 reg. Kerzen        0/0/0 von 253  Tagen gewertet (1m/5m/15m)        0 Signale  365 ms lesen  535 ms rechnen
2026-09-07T22:09:18.012Z  CDTX/2021       bereinigt    53790 reg. Kerzen        0/0/0 von 252  Tagen gewertet (1m/5m/15m)        0 Signale  193 ms lesen  614 ms rechnen
2026-09-07T22:09:18.837Z  CDTX/2022       bereinigt    32723 reg. Kerzen        0/0/0 von 251  Tagen gewertet (1m/5m/15m)        0 Signale  135 ms lesen  449 ms rechnen
2026-09-07T22:09:22.380Z  CDTX/2023       bereinigt    57160 reg. Kerzen      0/17/17 von 249  Tagen gewertet (1m/5m/15m)      481 Signale  560 ms lesen  2717 ms rechnen
2026-09-07T22:09:23.140Z  CDTX/2024       bereinigt    22134 reg. Kerzen        0/0/0 von 252  Tagen gewertet (1m/5m/15m)        0 Signale  180 ms lesen  258 ms rechnen
2026-09-07T22:09:36.948Z  CDTX/2025       roh          51093 reg. Kerzen    0/130/130 von 250  Tagen gewertet (1m/5m/15m)     3143 Signale  342 ms lesen  13329 ms rechnen
2026-09-07T22:09:37.596Z  CDTX/2026       roh            976 reg. Kerzen        0/3/3 von 3    Tagen gewertet (1m/5m/15m)       52 Signale  17 ms lesen  365 ms rechnen
2026-09-07T22:09:59.677Z  CEG/2022        roh          88124 reg. Kerzen    0/210/210 von 230  Tagen gewertet (1m/5m/15m)     5681 Signale  194 ms lesen  21869 ms rechnen
2026-09-07T22:10:24.118Z  CEG/2023        roh          94061 reg. Kerzen    0/250/250 von 250  Tagen gewertet (1m/5m/15m)     6329 Signale  471 ms lesen  23538 ms rechnen
2026-09-07T22:10:50.165Z  CEG/2024        roh          96201 reg. Kerzen    0/252/252 von 252  Tagen gewertet (1m/5m/15m)     6531 Signale  419 ms lesen  25067 ms rechnen
2026-09-07T22:11:18.092Z  CEG/2025        roh          95745 reg. Kerzen    0/250/250 von 250  Tagen gewertet (1m/5m/15m)     6733 Signale  320 ms lesen  27140 ms rechnen
2026-09-07T22:11:35.712Z  CEG/2026        roh          64720 reg. Kerzen    0/166/166 von 166  Tagen gewertet (1m/5m/15m)     4368 Signale  200 ms lesen  16962 ms rechnen
2026-09-07T22:11:36.285Z  CEMI/2016       roh          12906 reg. Kerzen        0/0/0 von 252  Tagen gewertet (1m/5m/15m)        0 Signale  98 ms lesen  147 ms rechnen
2026-09-07T22:11:36.664Z  CEMI/2017       roh           5987 reg. Kerzen        0/0/0 von 250  Tagen gewertet (1m/5m/15m)        0 Signale  58 ms lesen  262 ms rechnen
2026-09-07T22:11:37.044Z  CEMI/2018       roh          11123 reg. Kerzen        0/0/0 von 251  Tagen gewertet (1m/5m/15m)        0 Signale  165 ms lesen  131 ms rechnen
2026-09-07T22:11:37.369Z  CEMI/2019       roh          14162 reg. Kerzen        0/0/0 von 252  Tagen gewertet (1m/5m/15m)        0 Signale  62 ms lesen  199 ms rechnen
2026-09-07T22:11:58.430Z  CEMI/2020       roh          75419 reg. Kerzen    0/174/174 von 253  Tagen gewertet (1m/5m/15m)     4697 Signale  348 ms lesen  20650 ms rechnen
2026-09-07T22:12:06.423Z  CEMI/2021       roh          73075 reg. Kerzen      0/56/56 von 252  Tagen gewertet (1m/5m/15m)     1574 Signale  432 ms lesen  7201 ms rechnen
2026-09-07T22:12:07.387Z  CEMI/2022       roh          36961 reg. Kerzen        0/0/0 von 251  Tagen gewertet (1m/5m/15m)        0 Signale  168 ms lesen  412 ms rechnen
2026-09-07T22:12:07.774Z  CEMI/2023       roh           8852 reg. Kerzen        0/0/0 von 80   Tagen gewertet (1m/5m/15m)        0 Signale  36 ms lesen  129 ms rechnen
2026-09-07T22:12:08.549Z  CEPT/2025       roh          20896 reg. Kerzen        0/4/4 von 168  Tagen gewertet (1m/5m/15m)      107 Signale  103 ms lesen  584 ms rechnen
2026-09-07T22:12:14.132Z  CEPT/2026       roh          24449 reg. Kerzen      0/53/57 von 124  Tagen gewertet (1m/5m/15m)     1431 Signale  68 ms lesen  5395 ms rechnen
2026-09-07T22:12:14.468Z  CETC/2016       bereinigt     5625 reg. Kerzen        0/0/0 von 252  Tagen gewertet (1m/5m/15m)        0 Signale  68 ms lesen  101 ms rechnen
2026-09-07T22:12:14.584Z  CETC/2017       roh           1528 reg. Kerzen        0/0/0 von 67   Tagen gewertet (1m/5m/15m)        0 Signale  31 ms lesen  25 ms rechnen
2026-09-07T22:12:14.622Z  CFCO/2016       roh            313 reg. Kerzen        0/0/0 von 69   Tagen gewertet (1m/5m/15m)        0 Signale  19 ms lesen  10 ms rechnen
2026-09-07T22:12:15.709Z  CFCO/2017       roh          15179 reg. Kerzen       0/3/20 von 220  Tagen gewertet (1m/5m/15m)      206 Signale  152 ms lesen  932 ms rechnen
2026-09-07T22:12:29.911Z  CFLT/2021       roh          46143 reg. Kerzen    0/113/113 von 133  Tagen gewertet (1m/5m/15m)     3069 Signale  163 ms lesen  13911 ms rechnen
2026-09-07T22:12:59.339Z  CFLT/2022       roh          97085 reg. Kerzen    0/251/251 von 251  Tagen gewertet (1m/5m/15m)     6916 Signale  247 ms lesen  28906 ms rechnen
2026-09-07T22:13:29.024Z  CFLT/2023       roh          96890 reg. Kerzen    0/250/250 von 250  Tagen gewertet (1m/5m/15m)     6883 Signale  459 ms lesen  28713 ms rechnen
2026-09-07T22:13:57.772Z  CFLT/2024       roh          97370 reg. Kerzen    0/252/252 von 252  Tagen gewertet (1m/5m/15m)     6749 Signale  460 ms lesen  27716 ms rechnen
2026-09-07T22:14:25.664Z  CFLT/2025       roh          96805 reg. Kerzen    0/250/250 von 250  Tagen gewertet (1m/5m/15m)     6621 Signale  422 ms lesen  26968 ms rechnen
2026-09-07T22:14:29.595Z  CFLT/2026       roh          19393 reg. Kerzen      0/50/50 von 50   Tagen gewertet (1m/5m/15m)      771 Signale  105 ms lesen  3312 ms rechnen
2026-09-07T22:14:30.986Z  CFVI/2021       roh           8750 reg. Kerzen      0/11/11 von 129  Tagen gewertet (1m/5m/15m)      311 Signale  50 ms lesen  1215 ms rechnen
2026-09-07T22:14:46.104Z  CFVI/2022       roh          49385 reg. Kerzen    0/133/134 von 178  Tagen gewertet (1m/5m/15m)     3449 Signale  140 ms lesen  14929 ms rechnen
2026-09-07T22:14:46.526Z  CGCT/2025       roh           1018 reg. Kerzen        0/0/0 von 94   Tagen gewertet (1m/5m/15m)        0 Signale  34 ms lesen  30 ms rechnen
2026-09-07T22:14:46.786Z  CGCT/2026       roh           3907 reg. Kerzen        0/0/0 von 107  Tagen gewertet (1m/5m/15m)        0 Signale  207 ms lesen  47 ms rechnen
2026-09-07T22:14:46.982Z  CHAA/2021       roh           3633 reg. Kerzen        0/0/0 von 146  Tagen gewertet (1m/5m/15m)        0 Signale  82 ms lesen  82 ms rechnen
2026-09-07T22:14:52.757Z  CHECKPOINT 1000 Dateien, 220 min, Detektorfehler {}
2026-09-07T22:14:52.906Z  CHAA/2022       roh           2128 reg. Kerzen        0/0/0 von 206  Tagen gewertet (1m/5m/15m)        0 Signale  21 ms lesen  127 ms rechnen
2026-09-07T22:14:53.001Z  CHAA/2023       roh            594 reg. Kerzen        0/0/0 von 128  Tagen gewertet (1m/5m/15m)        0 Signale  19 ms lesen  61 ms rechnen
2026-09-07T22:14:53.057Z  CHAA/2024       roh           1599 reg. Kerzen        0/0/0 von 107  Tagen gewertet (1m/5m/15m)        0 Signale  29 ms lesen  22 ms rechnen
2026-09-07T22:15:09.175Z  CHE/2016        roh          36574 reg. Kerzen    0/118/231 von 252  Tagen gewertet (1m/5m/15m)     3997 Signale  224 ms lesen  15867 ms rechnen
2026-09-07T22:15:20.980Z  CHE/2017        roh          30059 reg. Kerzen     0/73/250 von 251  Tagen gewertet (1m/5m/15m)     3478 Signale  79 ms lesen  11550 ms rechnen
2026-09-07T22:15:37.129Z  CHE/2018        roh          35389 reg. Kerzen    0/139/251 von 251  Tagen gewertet (1m/5m/15m)     4478 Signale  123 ms lesen  15888 ms rechnen
2026-09-07T22:15:52.110Z  CHE/2019        roh          34183 reg. Kerzen    0/136/248 von 252  Tagen gewertet (1m/5m/15m)     4399 Signale  150 ms lesen  14664 ms rechnen
2026-09-07T22:16:04.909Z  CHE/2020        roh          28860 reg. Kerzen     0/90/241 von 253  Tagen gewertet (1m/5m/15m)     3695 Signale  124 ms lesen  12456 ms rechnen
2026-09-07T22:16:16.298Z  CHE/2021        roh          26501 reg. Kerzen     0/73/241 von 252  Tagen gewertet (1m/5m/15m)     3358 Signale  157 ms lesen  11088 ms rechnen
2026-09-07T22:16:22.578Z  CHE/2022        roh          19427 reg. Kerzen     0/14/198 von 251  Tagen gewertet (1m/5m/15m)     1999 Signale  65 ms lesen  6081 ms rechnen
2026-09-07T22:16:28.794Z  CHE/2023        roh          18395 reg. Kerzen      0/6/195 von 250  Tagen gewertet (1m/5m/15m)     1790 Signale  214 ms lesen  5919 ms rechnen
2026-09-07T22:16:33.906Z  CHE/2024        roh          17702 reg. Kerzen     0/12/182 von 252  Tagen gewertet (1m/5m/15m)     1734 Signale  108 ms lesen  4929 ms rechnen
2026-09-07T22:16:46.389Z  CHE/2025        roh          29538 reg. Kerzen     0/90/236 von 250  Tagen gewertet (1m/5m/15m)     3541 Signale  145 ms lesen  12149 ms rechnen
2026-09-07T22:17:02.602Z  CHE/2026        roh          36935 reg. Kerzen    0/163/166 von 166  Tagen gewertet (1m/5m/15m)     4194 Signale  138 ms lesen  15948 ms rechnen
2026-09-07T22:17:02.927Z  CHFW/2021       roh           3250 reg. Kerzen        0/0/0 von 144  Tagen gewertet (1m/5m/15m)        0 Signale  86 ms lesen  71 ms rechnen
2026-09-07T22:17:20.925Z  CHL/2016        roh          87929 reg. Kerzen    0/232/232 von 252  Tagen gewertet (1m/5m/15m)     5497 Signale  468 ms lesen  17504 ms rechnen
2026-09-07T22:17:39.062Z  CHL/2017        roh          82328 reg. Kerzen    0/251/251 von 251  Tagen gewertet (1m/5m/15m)     5189 Signale  197 ms lesen  17493 ms rechnen
2026-09-07T22:17:59.100Z  CHL/2018        roh          88188 reg. Kerzen    0/251/251 von 251  Tagen gewertet (1m/5m/15m)     5771 Signale  207 ms lesen  19435 ms rechnen
2026-09-07T22:18:18.052Z  CHL/2019        roh          87150 reg. Kerzen    0/252/252 von 252  Tagen gewertet (1m/5m/15m)     5517 Signale  226 ms lesen  18317 ms rechnen
2026-09-07T22:18:40.395Z  CHL/2020        roh          93856 reg. Kerzen    0/253/253 von 253  Tagen gewertet (1m/5m/15m)     6045 Signale  221 ms lesen  21587 ms rechnen
2026-09-07T22:18:41.272Z  CHL/2021        roh           1950 reg. Kerzen        0/5/5 von 5    Tagen gewertet (1m/5m/15m)      135 Signale  26 ms lesen  424 ms rechnen
2026-09-07T22:18:41.664Z  CHRD/2020       roh           4344 reg. Kerzen        0/1/7 von 28   Tagen gewertet (1m/5m/15m)       85 Signale  37 ms lesen  324 ms rechnen
2026-09-07T22:19:06.736Z  CHRD/2021       roh          52847 reg. Kerzen    0/228/249 von 252  Tagen gewertet (1m/5m/15m)     6350 Signale  321 ms lesen  24733 ms rechnen
2026-09-07T22:19:37.887Z  CHRD/2022       roh          66189 reg. Kerzen    0/251/251 von 251  Tagen gewertet (1m/5m/15m)     6881 Signale  205 ms lesen  30690 ms rechnen
2026-09-07T22:20:03.790Z  CHRD/2023       roh          71490 reg. Kerzen    0/250/250 von 250  Tagen gewertet (1m/5m/15m)     6599 Signale  316 ms lesen  25205 ms rechnen
2026-09-07T22:20:28.596Z  CHRD/2024       roh          82486 reg. Kerzen    0/252/252 von 252  Tagen gewertet (1m/5m/15m)     6378 Signale  313 ms lesen  24110 ms rechnen
2026-09-07T22:20:54.308Z  CHRD/2025       roh          80114 reg. Kerzen    0/250/250 von 250  Tagen gewertet (1m/5m/15m)     6516 Signale  267 ms lesen  25072 ms rechnen
2026-09-07T22:21:11.568Z  CHRD/2026       roh          51603 reg. Kerzen    0/166/166 von 166  Tagen gewertet (1m/5m/15m)     4427 Signale  237 ms lesen  16523 ms rechnen
2026-09-07T22:21:12.572Z  CHUBK/2016      roh          22646 reg. Kerzen        0/5/5 von 112  Tagen gewertet (1m/5m/15m)      132 Signale  117 ms lesen  640 ms rechnen
2026-09-07T22:21:13.545Z  CHUBK/2017      roh          38302 reg. Kerzen        0/0/0 von 251  Tagen gewertet (1m/5m/15m)        0 Signale  263 ms lesen  577 ms rechnen
2026-09-07T22:21:16.367Z  CHUBK/2018      roh          22370 reg. Kerzen      0/40/40 von 96   Tagen gewertet (1m/5m/15m)      574 Signale  101 ms lesen  2378 ms rechnen
2026-09-07T22:21:16.490Z  CIC/2017        roh            177 reg. Kerzen        0/0/0 von 29   Tagen gewertet (1m/5m/15m)        0 Signale  10 ms lesen  4 ms rechnen
2026-09-07T22:21:16.521Z  CIC/2018        roh            544 reg. Kerzen        0/0/0 von 126  Tagen gewertet (1m/5m/15m)        0 Signale  15 ms lesen  13 ms rechnen
2026-09-07T22:21:16.658Z  CIC/2019        roh           3254 reg. Kerzen        0/0/2 von 131  Tagen gewertet (1m/5m/15m)        3 Signale  45 ms lesen  88 ms rechnen
2026-09-07T22:21:19.450Z  CIIC/2020       roh          12133 reg. Kerzen      0/21/21 von 177  Tagen gewertet (1m/5m/15m)      555 Signale  68 ms lesen  2692 ms rechnen
2026-09-07T22:21:26.170Z  CIIC/2021       roh          20259 reg. Kerzen      0/56/56 von 56   Tagen gewertet (1m/5m/15m)     1582 Signale  76 ms lesen  6588 ms rechnen
2026-09-07T22:21:26.938Z  CISN/2017       roh          20148 reg. Kerzen        0/3/3 von 127  Tagen gewertet (1m/5m/15m)       78 Signale  131 ms lesen  479 ms rechnen
2026-09-07T22:21:38.091Z  CISN/2018       roh          63542 reg. Kerzen    0/107/107 von 251  Tagen gewertet (1m/5m/15m)     2736 Signale  134 ms lesen  10888 ms rechnen
2026-09-07T22:21:50.719Z  CISN/2019       roh          73770 reg. Kerzen    0/120/120 von 252  Tagen gewertet (1m/5m/15m)     2756 Signale  198 ms lesen  11935 ms rechnen
2026-09-07T22:21:52.257Z  CISN/2020       roh           5559 reg. Kerzen      0/20/20 von 20   Tagen gewertet (1m/5m/15m)      224 Signale  34 ms lesen  1184 ms rechnen
2026-09-07T22:22:12.751Z  CJ/2017         roh          64460 reg. Kerzen    0/189/189 von 209  Tagen gewertet (1m/5m/15m)     5032 Signale  314 ms lesen  20133 ms rechnen
2026-09-07T22:22:40.782Z  CJ/2018         roh          88080 reg. Kerzen    0/251/251 von 251  Tagen gewertet (1m/5m/15m)     6867 Signale  362 ms lesen  27383 ms rechnen
2026-09-07T22:23:04.240Z  CJ/2019         roh          72079 reg. Kerzen    0/199/199 von 210  Tagen gewertet (1m/5m/15m)     5495 Signale  332 ms lesen  22593 ms rechnen
2026-09-07T22:23:23.160Z  CL/2016         roh          97936 reg. Kerzen    0/232/232 von 252  Tagen gewertet (1m/5m/15m)     5096 Signale  307 ms lesen  18274 ms rechnen
2026-09-07T22:23:42.692Z  CL/2017         roh          97253 reg. Kerzen    0/251/251 von 251  Tagen gewertet (1m/5m/15m)     5294 Signale  228 ms lesen  18845 ms rechnen
2026-09-07T22:24:03.915Z  CL/2018         roh          97271 reg. Kerzen    0/251/251 von 251  Tagen gewertet (1m/5m/15m)     5876 Signale  334 ms lesen  20463 ms rechnen
2026-09-07T22:24:25.665Z  CL/2019         roh          97637 reg. Kerzen    0/252/252 von 252  Tagen gewertet (1m/5m/15m)     5784 Signale  383 ms lesen  20868 ms rechnen
2026-09-07T22:24:49.038Z  CL/2020         roh          98204 reg. Kerzen    0/253/253 von 253  Tagen gewertet (1m/5m/15m)     5976 Signale  250 ms lesen  22404 ms rechnen
2026-09-07T22:25:10.529Z  CL/2021         roh          97248 reg. Kerzen    0/250/250 von 252  Tagen gewertet (1m/5m/15m)     5648 Signale  590 ms lesen  20402 ms rechnen
2026-09-07T22:25:32.488Z  CL/2022         roh          96972 reg. Kerzen    0/249/249 von 251  Tagen gewertet (1m/5m/15m)     6048 Signale  286 ms lesen  21248 ms rechnen
2026-09-07T22:25:53.532Z  CL/2023         roh          97103 reg. Kerzen    0/250/250 von 250  Tagen gewertet (1m/5m/15m)     5703 Signale  229 ms lesen  20303 ms rechnen
2026-09-07T22:26:14.390Z  CL/2024         roh          97623 reg. Kerzen    0/252/252 von 252  Tagen gewertet (1m/5m/15m)     5528 Signale  479 ms lesen  19867 ms rechnen
2026-09-07T22:26:37.069Z  CL/2025         roh          96917 reg. Kerzen    0/250/250 von 250  Tagen gewertet (1m/5m/15m)     5868 Signale  235 ms lesen  21966 ms rechnen
2026-09-07T22:26:52.634Z  CL/2026         roh          64673 reg. Kerzen    0/166/166 von 166  Tagen gewertet (1m/5m/15m)     4167 Signale  232 ms lesen  14890 ms rechnen
2026-09-07T22:26:53.093Z  CLBH/2016       roh           3137 reg. Kerzen        0/0/0 von 225  Tagen gewertet (1m/5m/15m)        0 Signale  62 ms lesen  62 ms rechnen
2026-09-07T22:26:53.131Z  CLBH/2017       roh            439 reg. Kerzen        0/0/0 von 42   Tagen gewertet (1m/5m/15m)        0 Signale  14 ms lesen  11 ms rechnen
2026-09-07T22:26:53.223Z  CLDB/2019       roh            453 reg. Kerzen        0/0/0 von 138  Tagen gewertet (1m/5m/15m)        0 Signale  38 ms lesen  13 ms rechnen
2026-09-07T22:26:53.282Z  CLDB/2020       roh           1547 reg. Kerzen        0/0/0 von 204  Tagen gewertet (1m/5m/15m)        0 Signale  16 ms lesen  40 ms rechnen
2026-09-07T22:26:53.403Z  CLDB/2021       roh           1651 reg. Kerzen        0/0/0 von 174  Tagen gewertet (1m/5m/15m)        0 Signale  58 ms lesen  54 ms rechnen
2026-09-07T22:26:53.516Z  CLII/2020       roh           1538 reg. Kerzen        0/0/0 von 28   Tagen gewertet (1m/5m/15m)        0 Signale  39 ms lesen  54 ms rechnen
2026-09-07T22:27:04.568Z  CLII/2021       roh          38227 reg. Kerzen      0/98/98 von 125  Tagen gewertet (1m/5m/15m)     2725 Signale  147 ms lesen  10884 ms rechnen
2026-09-07T22:27:04.851Z  CLOE/2021       roh            388 reg. Kerzen        0/0/0 von 69   Tagen gewertet (1m/5m/15m)        0 Signale  31 ms lesen  6 ms rechnen
2026-09-07T22:27:04.895Z  CLOE/2022       roh            452 reg. Kerzen        0/0/0 von 121  Tagen gewertet (1m/5m/15m)        0 Signale  25 ms lesen  16 ms rechnen
2026-09-07T22:27:04.974Z  CLOE/2023       roh            519 reg. Kerzen        0/0/0 von 95   Tagen gewertet (1m/5m/15m)        0 Signale  46 ms lesen  22 ms rechnen
2026-09-07T22:27:05.072Z  CLOE/2024       roh            386 reg. Kerzen        0/0/0 von 98   Tagen gewertet (1m/5m/15m)        0 Signale  84 ms lesen  10 ms rechnen
2026-09-07T22:27:05.075Z  AUSGELASSEN CLOE/2025: Datei fehlt
2026-09-07T22:27:05.182Z  CLVR/2020       bereinigt     2702 reg. Kerzen        0/0/0 von 9    Tagen gewertet (1m/5m/15m)        0 Signale  66 ms lesen  22 ms rechnen
2026-09-07T22:27:13.390Z  CLVR/2021       bereinigt    49199 reg. Kerzen      0/60/60 von 252  Tagen gewertet (1m/5m/15m)     1672 Signale  323 ms lesen  7872 ms rechnen
2026-09-07T22:27:15.967Z  CLVR/2022       bereinigt    45262 reg. Kerzen      0/11/11 von 251  Tagen gewertet (1m/5m/15m)      310 Signale  256 ms lesen  2095 ms rechnen
2026-09-07T22:27:16.425Z  CLVR/2023       bereinigt    15972 reg. Kerzen        0/0/0 von 250  Tagen gewertet (1m/5m/15m)        0 Signale  75 ms lesen  178 ms rechnen
2026-09-07T22:27:16.572Z  CLVR/2024       roh           3357 reg. Kerzen        0/0/0 von 95   Tagen gewertet (1m/5m/15m)        0 Signale  30 ms lesen  42 ms rechnen
2026-09-07T22:27:16.587Z  AUSGELASSEN CLVR/2025: Datei fehlt
2026-09-07T22:27:16.808Z  CMAX/2020       bereinigt     1849 reg. Kerzen        0/0/0 von 60   Tagen gewertet (1m/5m/15m)        0 Signale  39 ms lesen  80 ms rechnen
2026-09-07T22:27:18.365Z  CMAX/2021       bereinigt    37598 reg. Kerzen        0/8/8 von 252  Tagen gewertet (1m/5m/15m)      203 Signale  266 ms lesen  1283 ms rechnen
2026-09-07T22:27:19.506Z  CMAX/2022       bereinigt    53129 reg. Kerzen        0/0/0 von 251  Tagen gewertet (1m/5m/15m)        0 Signale  170 ms lesen  606 ms rechnen
2026-09-07T22:27:20.613Z  CMAX/2023       bereinigt    50745 reg. Kerzen        0/0/0 von 250  Tagen gewertet (1m/5m/15m)        0 Signale  315 ms lesen  553 ms rechnen
2026-09-07T22:27:21.343Z  CMAX/2024       bereinigt    21139 reg. Kerzen        0/0/0 von 230  Tagen gewertet (1m/5m/15m)        0 Signale  295 ms lesen  214 ms rechnen
2026-09-07T22:27:41.878Z  CME/2016        roh          95654 reg. Kerzen    0/232/232 von 252  Tagen gewertet (1m/5m/15m)     5398 Signale  251 ms lesen  20159 ms rechnen
2026-09-07T22:28:02.852Z  CME/2017        roh          93242 reg. Kerzen    0/251/251 von 251  Tagen gewertet (1m/5m/15m)     5699 Signale  288 ms lesen  20213 ms rechnen
2026-09-07T22:28:25.061Z  CME/2018        roh          93887 reg. Kerzen    0/249/249 von 251  Tagen gewertet (1m/5m/15m)     6120 Signale  270 ms lesen  21514 ms rechnen
2026-09-07T22:28:47.158Z  CME/2019        roh          95201 reg. Kerzen    0/252/252 von 252  Tagen gewertet (1m/5m/15m)     5869 Signale  474 ms lesen  21177 ms rechnen
2026-09-07T22:29:12.314Z  CME/2020        roh          96994 reg. Kerzen    0/253/253 von 253  Tagen gewertet (1m/5m/15m)     6393 Signale  387 ms lesen  24328 ms rechnen
2026-09-07T22:29:34.109Z  CME/2021        roh          92782 reg. Kerzen    0/252/252 von 252  Tagen gewertet (1m/5m/15m)     6041 Signale  342 ms lesen  21032 ms rechnen
2026-09-07T22:29:59.528Z  CME/2022        roh          94462 reg. Kerzen    0/251/251 von 251  Tagen gewertet (1m/5m/15m)     6320 Signale  377 ms lesen  24618 ms rechnen
2026-09-07T22:30:22.036Z  CME/2023        roh          92210 reg. Kerzen    0/250/250 von 250  Tagen gewertet (1m/5m/15m)     5911 Signale  531 ms lesen  21497 ms rechnen
2026-09-07T22:30:43.393Z  CME/2024        roh          93107 reg. Kerzen    0/252/252 von 252  Tagen gewertet (1m/5m/15m)     5841 Signale  559 ms lesen  20409 ms rechnen
2026-09-07T22:31:05.167Z  CME/2025        roh          93015 reg. Kerzen    0/250/250 von 250  Tagen gewertet (1m/5m/15m)     5855 Signale  329 ms lesen  20952 ms rechnen
2026-09-07T22:31:21.260Z  CME/2026        roh          64550 reg. Kerzen    0/166/166 von 166  Tagen gewertet (1m/5m/15m)     4094 Signale  289 ms lesen  15347 ms rechnen
2026-09-07T22:31:41.007Z  CMN/2016        roh          47597 reg. Kerzen    0/207/213 von 233  Tagen gewertet (1m/5m/15m)     5367 Signale  185 ms lesen  19230 ms rechnen
2026-09-07T22:31:50.346Z  CMRX/2016       roh          80025 reg. Kerzen      0/75/75 von 252  Tagen gewertet (1m/5m/15m)     2077 Signale  184 ms lesen  8878 ms rechnen
2026-09-07T22:31:51.561Z  CMRX/2017       roh          56147 reg. Kerzen        0/0/0 von 251  Tagen gewertet (1m/5m/15m)        0 Signale  180 ms lesen  658 ms rechnen
2026-09-07T22:31:52.637Z  CMRX/2018       roh          42458 reg. Kerzen        0/0/0 von 251  Tagen gewertet (1m/5m/15m)        0 Signale  221 ms lesen  560 ms rechnen
2026-09-07T22:31:53.680Z  CMRX/2019       roh          60765 reg. Kerzen        0/0/0 von 252  Tagen gewertet (1m/5m/15m)        0 Signale  201 ms lesen  648 ms rechnen
2026-09-07T22:31:54.803Z  CMRX/2020       roh          60092 reg. Kerzen        0/0/0 von 253  Tagen gewertet (1m/5m/15m)        0 Signale  139 ms lesen  687 ms rechnen
2026-09-07T22:32:07.274Z  CMRX/2021       roh          71816 reg. Kerzen      0/86/86 von 252  Tagen gewertet (1m/5m/15m)     2395 Signale  294 ms lesen  11847 ms rechnen
2026-09-07T22:32:15.493Z  CMRX/2022       roh          84567 reg. Kerzen      0/51/51 von 251  Tagen gewertet (1m/5m/15m)     1443 Signale  336 ms lesen  7503 ms rechnen
2026-09-07T22:32:17.238Z  CMRX/2023       roh          66872 reg. Kerzen        0/0/0 von 250  Tagen gewertet (1m/5m/15m)        0 Signale  392 ms lesen  823 ms rechnen
2026-09-07T22:32:18.240Z  CMRX/2024       roh          34751 reg. Kerzen        0/0/0 von 252  Tagen gewertet (1m/5m/15m)        0 Signale  212 ms lesen  383 ms rechnen
2026-09-07T22:32:24.935Z  CMRX/2025       roh          25361 reg. Kerzen      0/63/63 von 73   Tagen gewertet (1m/5m/15m)     1306 Signale  210 ms lesen  6354 ms rechnen
2026-09-07T22:32:48.598Z  CNC/2016        bereinigt    96010 reg. Kerzen    0/232/232 von 252  Tagen gewertet (1m/5m/15m)     6073 Signale  294 ms lesen  23165 ms rechnen
2026-09-07T22:33:12.467Z  CNC/2017        bereinigt    93170 reg. Kerzen    0/251/251 von 251  Tagen gewertet (1m/5m/15m)     6296 Signale  321 ms lesen  23133 ms rechnen
2026-09-07T22:33:38.645Z  CNC/2018        bereinigt    93424 reg. Kerzen    0/251/251 von 251  Tagen gewertet (1m/5m/15m)     6324 Signale  411 ms lesen  25269 ms rechnen
2026-09-07T22:34:05.729Z  CNC/2019        bereinigt    97356 reg. Kerzen    0/252/252 von 252  Tagen gewertet (1m/5m/15m)     6472 Signale  348 ms lesen  26262 ms rechnen
2026-09-07T22:34:31.985Z  CNC/2020        roh          97991 reg. Kerzen    0/253/253 von 253  Tagen gewertet (1m/5m/15m)     6630 Signale  224 ms lesen  25562 ms rechnen
2026-09-07T22:34:55.480Z  CNC/2021        roh          96807 reg. Kerzen    0/250/250 von 252  Tagen gewertet (1m/5m/15m)     6257 Signale  319 ms lesen  22720 ms rechnen
2026-09-07T22:35:21.197Z  CNC/2022        roh          96331 reg. Kerzen    0/249/249 von 251  Tagen gewertet (1m/5m/15m)     6552 Signale  401 ms lesen  24887 ms rechnen
2026-09-07T22:35:43.859Z  CNC/2023        roh          96597 reg. Kerzen    0/249/249 von 250  Tagen gewertet (1m/5m/15m)     6175 Signale  194 ms lesen  22049 ms rechnen
2026-09-07T22:36:08.726Z  CNC/2024        roh          97232 reg. Kerzen    0/252/252 von 252  Tagen gewertet (1m/5m/15m)     6212 Signale  195 ms lesen  24238 ms rechnen
2026-09-07T22:36:35.554Z  CNC/2025        roh          96788 reg. Kerzen    0/250/250 von 250  Tagen gewertet (1m/5m/15m)     6518 Signale  387 ms lesen  25962 ms rechnen
2026-09-07T22:36:53.353Z  CNC/2026        roh          64533 reg. Kerzen    0/166/166 von 166  Tagen gewertet (1m/5m/15m)     4359 Signale  302 ms lesen  17012 ms rechnen
2026-09-07T22:36:53.716Z  CNFRZ/2023      roh             48 reg. Kerzen        0/0/0 von 24   Tagen gewertet (1m/5m/15m)        0 Signale  11 ms lesen  5 ms rechnen
2026-09-07T22:36:53.789Z  CNFRZ/2024      roh            395 reg. Kerzen        0/0/0 von 109  Tagen gewertet (1m/5m/15m)        0 Signale  60 ms lesen  12 ms rechnen
2026-09-07T22:36:53.826Z  CNFRZ/2025      roh            388 reg. Kerzen        0/0/0 von 88   Tagen gewertet (1m/5m/15m)        0 Signale  22 ms lesen  11 ms rechnen
2026-09-07T22:37:07.915Z  CNMD/2016       roh          49646 reg. Kerzen    0/153/161 von 252  Tagen gewertet (1m/5m/15m)     3928 Signale  194 ms lesen  13882 ms rechnen
2026-09-07T22:37:13.502Z  CNMD/2017       roh          37699 reg. Kerzen      0/57/66 von 251  Tagen gewertet (1m/5m/15m)     1432 Signale  94 ms lesen  5269 ms rechnen
2026-09-07T22:37:33.300Z  CNMD/2018       roh          42132 reg. Kerzen    0/205/236 von 251  Tagen gewertet (1m/5m/15m)     5436 Signale  153 ms lesen  19442 ms rechnen
2026-09-07T22:37:57.469Z  CNMD/2019       roh          53518 reg. Kerzen    0/247/252 von 252  Tagen gewertet (1m/5m/15m)     6383 Signale  223 ms lesen  23702 ms rechnen
2026-09-07T22:38:25.421Z  CNMD/2020       roh          61481 reg. Kerzen    0/252/253 von 253  Tagen gewertet (1m/5m/15m)     6713 Signale  218 ms lesen  27459 ms rechnen
2026-09-07T22:38:49.023Z  CNMD/2021       roh          49742 reg. Kerzen    0/235/250 von 252  Tagen gewertet (1m/5m/15m)     6294 Signale  275 ms lesen  22951 ms rechnen
2026-09-07T22:39:15.775Z  CNMD/2022       roh          56877 reg. Kerzen    0/245/249 von 251  Tagen gewertet (1m/5m/15m)     6601 Signale  196 ms lesen  26297 ms rechnen
2026-09-07T22:39:40.770Z  CNMD/2023       roh          55609 reg. Kerzen    0/248/250 von 250  Tagen gewertet (1m/5m/15m)     6430 Signale  135 ms lesen  24598 ms rechnen
2026-09-07T22:40:06.620Z  CNMD/2024       roh          59964 reg. Kerzen    0/252/252 von 252  Tagen gewertet (1m/5m/15m)     6695 Signale  126 ms lesen  25439 ms rechnen
2026-09-07T22:40:33.037Z  CNMD/2025       roh          59796 reg. Kerzen    0/250/250 von 250  Tagen gewertet (1m/5m/15m)     6730 Signale  234 ms lesen  25888 ms rechnen
2026-09-07T22:40:50.885Z  CNMD/2026       roh          40506 reg. Kerzen    0/166/166 von 166  Tagen gewertet (1m/5m/15m)     4461 Signale  108 ms lesen  17357 ms rechnen
2026-09-07T22:41:00.359Z  CNSL/2016       roh          59305 reg. Kerzen      0/91/91 von 252  Tagen gewertet (1m/5m/15m)     2316 Signale  126 ms lesen  9103 ms rechnen
2026-09-07T22:41:26.189Z  CNSL/2017       roh          74748 reg. Kerzen    0/251/251 von 251  Tagen gewertet (1m/5m/15m)     6685 Signale  325 ms lesen  25233 ms rechnen
2026-09-07T22:41:52.511Z  CNSL/2018       roh          82242 reg. Kerzen    0/239/239 von 251  Tagen gewertet (1m/5m/15m)     6531 Signale  268 ms lesen  25720 ms rechnen
2026-09-07T22:42:07.029Z  CNSL/2019       roh          83088 reg. Kerzen    0/126/126 von 252  Tagen gewertet (1m/5m/15m)     3420 Signale  413 ms lesen  13695 ms rechnen
2026-09-07T22:42:08.480Z  CNSL/2020       roh          70527 reg. Kerzen        0/0/0 von 253  Tagen gewertet (1m/5m/15m)        0 Signale  307 ms lesen  784 ms rechnen
2026-09-07T22:42:09.900Z  CNSL/2021       roh          59826 reg. Kerzen        0/0/0 von 252  Tagen gewertet (1m/5m/15m)        0 Signale  315 ms lesen  760 ms rechnen
2026-09-07T22:42:11.402Z  CNSL/2022       roh          53512 reg. Kerzen        0/0/0 von 251  Tagen gewertet (1m/5m/15m)        0 Signale  426 ms lesen  725 ms rechnen
2026-09-07T22:42:12.598Z  CNSL/2023       roh          58388 reg. Kerzen        0/0/0 von 250  Tagen gewertet (1m/5m/15m)        0 Signale  210 ms lesen  636 ms rechnen
2026-09-07T22:42:14.085Z  CNSL/2024       roh          56555 reg. Kerzen        0/1/1 von 249  Tagen gewertet (1m/5m/15m)       12 Signale  203 ms lesen  860 ms rechnen
2026-09-07T22:42:14.923Z  CNVY/2021       roh          23870 reg. Kerzen        0/0/0 von 139  Tagen gewertet (1m/5m/15m)        0 Signale  111 ms lesen  439 ms rechnen
2026-09-07T22:42:15.479Z  CNVY/2022       roh          22733 reg. Kerzen        0/0/0 von 191  Tagen gewertet (1m/5m/15m)        0 Signale  150 ms lesen  306 ms rechnen
2026-09-07T22:42:16.061Z  COB/2016        roh           7228 reg. Kerzen        0/0/0 von 206  Tagen gewertet (1m/5m/15m)        0 Signale  152 ms lesen  189 ms rechnen
2026-09-07T22:42:16.709Z  COHU/2016       roh          29705 reg. Kerzen        0/0/0 von 252  Tagen gewertet (1m/5m/15m)        0 Signale  170 ms lesen  332 ms rechnen
2026-09-07T22:42:22.915Z  COHU/2017       roh          52604 reg. Kerzen      0/36/36 von 251  Tagen gewertet (1m/5m/15m)     1012 Signale  461 ms lesen  5580 ms rechnen
2026-09-07T22:42:35.394Z  COHU/2018       roh          59948 reg. Kerzen    0/101/101 von 251  Tagen gewertet (1m/5m/15m)     2697 Signale  214 ms lesen  11963 ms rechnen
2026-09-07T22:42:39.381Z  COHU/2019       roh          61182 reg. Kerzen      0/23/23 von 252  Tagen gewertet (1m/5m/15m)      582 Signale  333 ms lesen  3283 ms rechnen
2026-09-07T22:42:46.231Z  COHU/2020       roh          58180 reg. Kerzen      0/42/42 von 253  Tagen gewertet (1m/5m/15m)     1142 Signale  397 ms lesen  5886 ms rechnen
2026-09-07T22:43:15.476Z  COHU/2021       roh          75049 reg. Kerzen    0/252/252 von 252  Tagen gewertet (1m/5m/15m)     6773 Signale  375 ms lesen  28437 ms rechnen
2026-09-07T22:43:41.095Z  COHU/2022       roh          61235 reg. Kerzen    0/225/225 von 251  Tagen gewertet (1m/5m/15m)     6262 Signale  144 ms lesen  25102 ms rechnen
2026-09-07T22:43:58.833Z  COHU/2023       roh          49561 reg. Kerzen    0/175/180 von 250  Tagen gewertet (1m/5m/15m)     4664 Signale  219 ms lesen  17249 ms rechnen
2026-09-07T22:44:15.877Z  COHU/2024       roh          53233 reg. Kerzen    0/171/174 von 252  Tagen gewertet (1m/5m/15m)     4531 Signale  149 ms lesen  16658 ms rechnen
2026-09-07T22:44:36.927Z  COHU/2025       roh          62027 reg. Kerzen    0/190/191 von 250  Tagen gewertet (1m/5m/15m)     5119 Signale  170 ms lesen  20641 ms rechnen
2026-09-07T22:44:55.931Z  COHU/2026       roh          51882 reg. Kerzen    0/166/166 von 166  Tagen gewertet (1m/5m/15m)     4536 Signale  193 ms lesen  18391 ms rechnen
2026-09-07T22:45:18.652Z  COLM/2016       roh          65134 reg. Kerzen    0/232/232 von 252  Tagen gewertet (1m/5m/15m)     6003 Signale  332 ms lesen  22065 ms rechnen
2026-09-07T22:45:42.148Z  COLM/2017       roh          52192 reg. Kerzen    0/245/251 von 251  Tagen gewertet (1m/5m/15m)     6191 Signale  490 ms lesen  22602 ms rechnen
2026-09-07T22:46:06.462Z  COLM/2018       roh          59205 reg. Kerzen    0/249/249 von 251  Tagen gewertet (1m/5m/15m)     6294 Signale  153 ms lesen  23944 ms rechnen
2026-09-07T22:46:30.839Z  COLM/2019       roh          64593 reg. Kerzen    0/252/252 von 252  Tagen gewertet (1m/5m/15m)     6282 Signale  266 ms lesen  23738 ms rechnen
2026-09-07T22:46:56.847Z  COLM/2020       roh          72867 reg. Kerzen    0/253/253 von 253  Tagen gewertet (1m/5m/15m)     6623 Signale  235 ms lesen  25378 ms rechnen
2026-09-07T22:47:20.802Z  COLM/2021       roh          63887 reg. Kerzen    0/252/252 von 252  Tagen gewertet (1m/5m/15m)     6454 Signale  352 ms lesen  23237 ms rechnen
2026-09-07T22:47:46.916Z  COLM/2022       roh          70619 reg. Kerzen    0/251/251 von 251  Tagen gewertet (1m/5m/15m)     6642 Signale  236 ms lesen  25584 ms rechnen
2026-09-07T22:48:09.922Z  COLM/2023       roh          64294 reg. Kerzen    0/250/250 von 250  Tagen gewertet (1m/5m/15m)     6227 Signale  254 ms lesen  22355 ms rechnen
2026-09-07T22:48:33.277Z  COLM/2024       roh          64759 reg. Kerzen    0/252/252 von 252  Tagen gewertet (1m/5m/15m)     6323 Signale  236 ms lesen  22835 ms rechnen
2026-09-07T22:48:59.607Z  COLM/2025       roh          72784 reg. Kerzen    0/250/250 von 250  Tagen gewertet (1m/5m/15m)     6542 Signale  317 ms lesen  25682 ms rechnen
2026-09-07T22:49:17.485Z  COLM/2026       roh          45204 reg. Kerzen    0/166/166 von 166  Tagen gewertet (1m/5m/15m)     4374 Signale  284 ms lesen  17296 ms rechnen
2026-09-07T22:49:21.833Z  COOP/2018       roh          16818 reg. Kerzen      0/35/35 von 55   Tagen gewertet (1m/5m/15m)      914 Signale  56 ms lesen  4032 ms rechnen
2026-09-07T22:49:44.209Z  COOP/2019       roh          77916 reg. Kerzen    0/192/192 von 252  Tagen gewertet (1m/5m/15m)     5137 Signale  291 ms lesen  21999 ms rechnen
2026-09-07T22:50:10.595Z  COOP/2020       roh          82757 reg. Kerzen    0/228/228 von 253  Tagen gewertet (1m/5m/15m)     6168 Signale  207 ms lesen  25659 ms rechnen
2026-09-07T22:50:37.053Z  COOP/2021       roh          79702 reg. Kerzen    0/252/252 von 252  Tagen gewertet (1m/5m/15m)     6591 Signale  363 ms lesen  25693 ms rechnen
2026-09-07T22:51:04.503Z  COOP/2022       roh          77371 reg. Kerzen    0/251/251 von 251  Tagen gewertet (1m/5m/15m)     6717 Signale  213 ms lesen  26775 ms rechnen
2026-09-07T22:51:29.511Z  COOP/2023       roh          68608 reg. Kerzen    0/250/250 von 250  Tagen gewertet (1m/5m/15m)     6379 Signale  232 ms lesen  24205 ms rechnen
2026-09-07T22:51:53.960Z  COOP/2024       roh          60902 reg. Kerzen    0/251/252 von 252  Tagen gewertet (1m/5m/15m)     6284 Signale  153 ms lesen  23989 ms rechnen
2026-09-07T22:52:13.909Z  COOP/2025       roh          57671 reg. Kerzen    0/186/186 von 186  Tagen gewertet (1m/5m/15m)     5083 Signale  249 ms lesen  19431 ms rechnen
2026-09-07T22:52:14.609Z  CORV/2018       roh          17964 reg. Kerzen        0/0/0 von 157  Tagen gewertet (1m/5m/15m)        0 Signale  53 ms lesen  219 ms rechnen
2026-09-07T22:52:15.255Z  CORV/2019       roh          26882 reg. Kerzen        0/0/0 von 251  Tagen gewertet (1m/5m/15m)        0 Signale  187 ms lesen  376 ms rechnen
2026-09-07T22:52:15.879Z  CORV/2020       roh          29401 reg. Kerzen        0/0/0 von 100  Tagen gewertet (1m/5m/15m)        0 Signale  186 ms lesen  326 ms rechnen
2026-09-07T22:52:16.139Z  COVA/2021       roh           5828 reg. Kerzen        0/0/0 von 183  Tagen gewertet (1m/5m/15m)        0 Signale  46 ms lesen  57 ms rechnen
2026-09-07T22:52:16.267Z  COVA/2022       roh           2593 reg. Kerzen        0/0/0 von 214  Tagen gewertet (1m/5m/15m)        0 Signale  44 ms lesen  57 ms rechnen
2026-09-07T22:52:16.334Z  CPAQ/2022       roh            180 reg. Kerzen        0/0/0 von 61   Tagen gewertet (1m/5m/15m)        0 Signale  14 ms lesen  14 ms rechnen
2026-09-07T22:52:16.368Z  CPAQ/2023       roh            210 reg. Kerzen        0/0/0 von 22   Tagen gewertet (1m/5m/15m)        0 Signale  25 ms lesen  5 ms rechnen
2026-09-07T22:52:35.857Z  CPHD/2016       roh          72427 reg. Kerzen    0/194/194 von 214  Tagen gewertet (1m/5m/15m)     4692 Signale  238 ms lesen  19245 ms rechnen
2026-09-07T22:52:55.026Z  CPNG/2021       roh          79024 reg. Kerzen    0/184/184 von 206  Tagen gewertet (1m/5m/15m)     4960 Signale  545 ms lesen  18161 ms rechnen
2026-09-07T22:53:23.822Z  CPNG/2022       roh          96951 reg. Kerzen    0/249/249 von 251  Tagen gewertet (1m/5m/15m)     6857 Signale  453 ms lesen  27868 ms rechnen
2026-09-07T22:53:50.347Z  CPNG/2023       roh          96955 reg. Kerzen    0/250/250 von 250  Tagen gewertet (1m/5m/15m)     6647 Signale  334 ms lesen  25669 ms rechnen
2026-09-07T22:54:16.017Z  CPNG/2024       roh          97553 reg. Kerzen    0/252/252 von 252  Tagen gewertet (1m/5m/15m)     6538 Signale  616 ms lesen  24581 ms rechnen
2026-09-07T22:54:40.693Z  CPNG/2025       roh          96821 reg. Kerzen    0/250/250 von 250  Tagen gewertet (1m/5m/15m)     6407 Signale  310 ms lesen  23892 ms rechnen
2026-09-07T22:54:58.200Z  CPNG/2026       roh          64725 reg. Kerzen    0/166/166 von 166  Tagen gewertet (1m/5m/15m)     4485 Signale  287 ms lesen  16686 ms rechnen
2026-09-07T22:54:58.660Z  CPTK/2021       roh           2681 reg. Kerzen        0/0/0 von 148  Tagen gewertet (1m/5m/15m)        0 Signale  31 ms lesen  79 ms rechnen
2026-09-07T22:54:58.786Z  CPTK/2022       roh           4193 reg. Kerzen        0/0/0 von 225  Tagen gewertet (1m/5m/15m)        0 Signale  36 ms lesen  74 ms rechnen
2026-09-07T22:54:58.889Z  CPTK/2023       roh           1366 reg. Kerzen        0/0/0 von 170  Tagen gewertet (1m/5m/15m)        0 Signale  41 ms lesen  38 ms rechnen
2026-09-07T22:54:58.910Z  CPTK/2024       roh             54 reg. Kerzen        0/0/0 von 19   Tagen gewertet (1m/5m/15m)        0 Signale  8 ms lesen  2 ms rechnen
2026-09-07T22:55:14.603Z  CRC/2016        roh          56608 reg. Kerzen    0/129/129 von 149  Tagen gewertet (1m/5m/15m)     3585 Signale  412 ms lesen  15253 ms rechnen
2026-09-07T22:55:45.395Z  CRC/2017        roh          91238 reg. Kerzen    0/251/251 von 251  Tagen gewertet (1m/5m/15m)     6955 Signale  399 ms lesen  29948 ms rechnen
2026-09-07T22:56:14.938Z  CRC/2018        roh          94459 reg. Kerzen    0/250/250 von 251  Tagen gewertet (1m/5m/15m)     6890 Signale  337 ms lesen  28599 ms rechnen
2026-09-07T22:56:45.165Z  CRC/2019        roh          95207 reg. Kerzen    0/251/251 von 252  Tagen gewertet (1m/5m/15m)     6906 Signale  385 ms lesen  29381 ms rechnen
2026-09-07T22:57:00.303Z  CRC/2020        roh          58082 reg. Kerzen    0/111/111 von 180  Tagen gewertet (1m/5m/15m)     3063 Signale  187 ms lesen  14483 ms rechnen
2026-09-07T22:57:21.507Z  CRC/2021        roh          67556 reg. Kerzen    0/183/189 von 252  Tagen gewertet (1m/5m/15m)     5041 Signale  266 ms lesen  20651 ms rechnen
2026-09-07T22:57:50.280Z  CRC/2022        roh          79227 reg. Kerzen    0/249/249 von 251  Tagen gewertet (1m/5m/15m)     6846 Signale  283 ms lesen  28120 ms rechnen
2026-09-07T22:58:15.452Z  CRC/2023        roh          77321 reg. Kerzen    0/250/250 von 250  Tagen gewertet (1m/5m/15m)     6630 Signale  296 ms lesen  24516 ms rechnen
2026-09-07T22:58:41.803Z  CRC/2024        roh          78012 reg. Kerzen    0/252/252 von 252  Tagen gewertet (1m/5m/15m)     6526 Signale  167 ms lesen  25798 ms rechnen
2026-09-07T22:59:08.971Z  CRC/2025        roh          77677 reg. Kerzen    0/250/250 von 250  Tagen gewertet (1m/5m/15m)     6558 Signale  291 ms lesen  26483 ms rechnen
2026-09-07T22:59:26.690Z  CRC/2026        roh          49394 reg. Kerzen    0/166/166 von 166  Tagen gewertet (1m/5m/15m)     4406 Signale  154 ms lesen  17145 ms rechnen
2026-09-07T22:59:30.465Z  CRGE/2022       roh          54287 reg. Kerzen      0/26/26 von 182  Tagen gewertet (1m/5m/15m)      677 Signale  260 ms lesen  3227 ms rechnen
2026-09-07T22:59:31.479Z  CRGE/2023       roh          52793 reg. Kerzen        0/0/0 von 250  Tagen gewertet (1m/5m/15m)        0 Signale  160 ms lesen  611 ms rechnen
2026-09-07T22:59:32.090Z  CRGE/2024       roh          13582 reg. Kerzen        0/0/0 von 40   Tagen gewertet (1m/5m/15m)        0 Signale  236 ms lesen  133 ms rechnen
2026-09-07T22:59:32.560Z  CRKN/2021       bereinigt    17599 reg. Kerzen        0/0/0 von 237  Tagen gewertet (1m/5m/15m)        0 Signale  179 ms lesen  192 ms rechnen
2026-09-07T22:59:32.990Z  CRKN/2022       bereinigt    19476 reg. Kerzen        0/0/0 von 250  Tagen gewertet (1m/5m/15m)        0 Signale  124 ms lesen  214 ms rechnen
2026-09-07T22:59:34.264Z  CRKN/2023       bereinigt    58067 reg. Kerzen        0/0/0 von 250  Tagen gewertet (1m/5m/15m)        0 Signale  558 ms lesen  633 ms rechnen
2026-09-07T22:59:38.612Z  CRKN/2024       bereinigt    63836 reg. Kerzen      0/23/23 von 252  Tagen gewertet (1m/5m/15m)      617 Signale  696 ms lesen  3396 ms rechnen
2026-09-07T22:59:42.395Z  CHECKPOINT 1200 Dateien, 265 min, Detektorfehler {}
2026-09-07T22:59:43.490Z  CRKN/2025       bereinigt    10740 reg. Kerzen        0/5/5 von 41   Tagen gewertet (1m/5m/15m)      126 Signale  210 ms lesen  884 ms rechnen
2026-09-07T22:59:43.560Z  AUSGELASSEN CRKN/2026: Datei fehlt
2026-09-07T23:00:08.974Z  CRR/2016        roh          84917 reg. Kerzen    0/218/218 von 252  Tagen gewertet (1m/5m/15m)     6126 Signale  205 ms lesen  25200 ms rechnen
2026-09-07T23:00:35.609Z  CRR/2017        roh          82476 reg. Kerzen    0/229/229 von 251  Tagen gewertet (1m/5m/15m)     6274 Signale  304 ms lesen  25918 ms rechnen
2026-09-07T23:00:42.562Z  CRR/2018        roh          67126 reg. Kerzen      0/46/46 von 251  Tagen gewertet (1m/5m/15m)     1261 Signale  260 ms lesen  6291 ms rechnen
2026-09-07T23:00:43.582Z  CRR/2019        roh          53579 reg. Kerzen        0/0/0 von 246  Tagen gewertet (1m/5m/15m)        0 Signale  138 ms lesen  545 ms rechnen
2026-09-07T23:01:06.867Z  CRUS/2016       roh          92097 reg. Kerzen    0/232/232 von 252  Tagen gewertet (1m/5m/15m)     6078 Signale  227 ms lesen  22808 ms rechnen
2026-09-07T23:01:31.696Z  CRUS/2017       roh          89227 reg. Kerzen    0/251/251 von 251  Tagen gewertet (1m/5m/15m)     6383 Signale  393 ms lesen  23976 ms rechnen
2026-09-07T23:01:57.705Z  CRUS/2018       roh          89419 reg. Kerzen    0/249/249 von 251  Tagen gewertet (1m/5m/15m)     6631 Signale  249 ms lesen  25269 ms rechnen
2026-09-07T23:02:22.826Z  CRUS/2019       roh          83949 reg. Kerzen    0/252/252 von 252  Tagen gewertet (1m/5m/15m)     6573 Signale  244 ms lesen  24486 ms rechnen
2026-09-07T23:02:50.370Z  CRUS/2020       roh          85929 reg. Kerzen    0/253/253 von 253  Tagen gewertet (1m/5m/15m)     6723 Signale  281 ms lesen  26866 ms rechnen
2026-09-07T23:03:15.674Z  CRUS/2021       roh          73488 reg. Kerzen    0/252/252 von 252  Tagen gewertet (1m/5m/15m)     6604 Signale  409 ms lesen  24472 ms rechnen
2026-09-07T23:03:42.271Z  CRUS/2022       roh          76491 reg. Kerzen    0/251/251 von 251  Tagen gewertet (1m/5m/15m)     6689 Signale  271 ms lesen  25914 ms rechnen
2026-09-07T23:04:07.238Z  CRUS/2023       roh          74027 reg. Kerzen    0/250/250 von 250  Tagen gewertet (1m/5m/15m)     6478 Signale  412 ms lesen  24210 ms rechnen
2026-09-07T23:04:32.767Z  CRUS/2024       roh          70397 reg. Kerzen    0/252/252 von 252  Tagen gewertet (1m/5m/15m)     6564 Signale  443 ms lesen  24713 ms rechnen
2026-09-07T23:04:57.929Z  CRUS/2025       roh          68620 reg. Kerzen    0/249/250 von 250  Tagen gewertet (1m/5m/15m)     6507 Signale  225 ms lesen  24618 ms rechnen
2026-09-07T23:05:16.003Z  CRUS/2026       roh          48221 reg. Kerzen    0/166/166 von 166  Tagen gewertet (1m/5m/15m)     4419 Signale  263 ms lesen  17453 ms rechnen
2026-09-07T23:05:39.423Z  CSAL/2016       roh          91740 reg. Kerzen    0/232/232 von 252  Tagen gewertet (1m/5m/15m)     6079 Signale  266 ms lesen  22833 ms rechnen
2026-09-07T23:05:43.133Z  CSAL/2017       roh          12571 reg. Kerzen      0/37/37 von 37   Tagen gewertet (1m/5m/15m)      953 Signale  41 ms lesen  3267 ms rechnen
2026-09-07T23:06:03.661Z  CSGP/2016       bereinigt    49810 reg. Kerzen    0/204/232 von 252  Tagen gewertet (1m/5m/15m)     5462 Signale  174 ms lesen  20235 ms rechnen
2026-09-07T23:06:24.837Z  CSGP/2017       bereinigt    48750 reg. Kerzen    0/231/251 von 251  Tagen gewertet (1m/5m/15m)     5817 Signale  294 ms lesen  20663 ms rechnen
2026-09-07T23:06:47.526Z  CSGP/2018       bereinigt    48912 reg. Kerzen    0/231/249 von 251  Tagen gewertet (1m/5m/15m)     6005 Signale  199 ms lesen  22236 ms rechnen
2026-09-07T23:07:10.409Z  CSGP/2019       bereinigt    52132 reg. Kerzen    0/241/252 von 252  Tagen gewertet (1m/5m/15m)     6236 Signale  159 ms lesen  22499 ms rechnen
2026-09-07T23:07:34.788Z  CSGP/2020       bereinigt    54123 reg. Kerzen    0/238/253 von 253  Tagen gewertet (1m/5m/15m)     6293 Signale  231 ms lesen  23934 ms rechnen
2026-09-07T23:07:58.307Z  CSGP/2021       bereinigt    75211 reg. Kerzen    0/247/252 von 252  Tagen gewertet (1m/5m/15m)     6285 Signale  210 ms lesen  22883 ms rechnen
2026-09-07T23:08:25.322Z  CSGP/2022       roh          96264 reg. Kerzen    0/251/251 von 251  Tagen gewertet (1m/5m/15m)     6688 Signale  455 ms lesen  26169 ms rechnen
2026-09-07T23:08:48.485Z  CSGP/2023       roh          94495 reg. Kerzen    0/250/250 von 250  Tagen gewertet (1m/5m/15m)     6165 Signale  270 ms lesen  22470 ms rechnen
2026-09-07T23:09:12.957Z  CSGP/2024       roh          94935 reg. Kerzen    0/252/252 von 252  Tagen gewertet (1m/5m/15m)     6442 Signale  346 ms lesen  23568 ms rechnen
2026-09-07T23:09:37.860Z  CSGP/2025       roh          95162 reg. Kerzen    0/250/250 von 250  Tagen gewertet (1m/5m/15m)     6416 Signale  253 ms lesen  24226 ms rechnen
2026-09-07T23:09:58.860Z  CSGP/2026       roh          64694 reg. Kerzen    0/166/166 von 166  Tagen gewertet (1m/5m/15m)     4482 Signale  357 ms lesen  20204 ms rechnen
2026-09-07T23:10:22.822Z  CSOD/2016       roh          79101 reg. Kerzen    0/232/232 von 252  Tagen gewertet (1m/5m/15m)     6115 Signale  198 ms lesen  23123 ms rechnen
2026-09-07T23:10:48.055Z  CSOD/2017       roh          76650 reg. Kerzen    0/251/251 von 251  Tagen gewertet (1m/5m/15m)     6446 Signale  288 ms lesen  24585 ms rechnen
2026-09-07T23:11:14.269Z  CSOD/2018       roh          75652 reg. Kerzen    0/249/249 von 251  Tagen gewertet (1m/5m/15m)     6573 Signale  233 ms lesen  25518 ms rechnen
2026-09-07T23:11:39.784Z  CSOD/2019       roh          71911 reg. Kerzen    0/252/252 von 252  Tagen gewertet (1m/5m/15m)     6523 Signale  555 ms lesen  24528 ms rechnen
2026-09-07T23:12:07.156Z  CSOD/2020       roh          80283 reg. Kerzen    0/253/253 von 253  Tagen gewertet (1m/5m/15m)     6660 Signale  346 ms lesen  26705 ms rechnen
2026-09-07T23:12:25.409Z  CSOD/2021       roh          55543 reg. Kerzen    0/198/198 von 198  Tagen gewertet (1m/5m/15m)     4519 Signale  177 ms lesen  17577 ms rechnen
2026-09-07T23:12:25.935Z  CSTL/2019       roh          15422 reg. Kerzen        0/0/0 von 111  Tagen gewertet (1m/5m/15m)        0 Signale  63 ms lesen  202 ms rechnen
2026-09-07T23:12:40.431Z  CSTL/2020       roh          46078 reg. Kerzen    0/121/133 von 253  Tagen gewertet (1m/5m/15m)     3351 Signale  274 ms lesen  14148 ms rechnen
2026-09-07T23:13:09.336Z  CSTL/2021       roh          55496 reg. Kerzen    0/242/252 von 252  Tagen gewertet (1m/5m/15m)     6696 Signale  186 ms lesen  28433 ms rechnen
2026-09-07T23:13:27.628Z  CSTL/2022       roh          54105 reg. Kerzen    0/140/144 von 251  Tagen gewertet (1m/5m/15m)     3901 Signale  245 ms lesen  17762 ms rechnen
2026-09-07T23:13:34.070Z  CSTL/2023       roh          46751 reg. Kerzen      0/46/46 von 250  Tagen gewertet (1m/5m/15m)     1249 Signale  215 ms lesen  5965 ms rechnen
2026-09-07T23:13:47.860Z  CSTL/2024       roh          49462 reg. Kerzen    0/114/120 von 252  Tagen gewertet (1m/5m/15m)     3084 Signale  129 ms lesen  13433 ms rechnen
2026-09-07T23:14:09.605Z  CSTL/2025       roh          55312 reg. Kerzen    0/194/198 von 250  Tagen gewertet (1m/5m/15m)     5242 Signale  169 ms lesen  21308 ms rechnen
2026-09-07T23:14:23.108Z  CSTL/2026       roh          32990 reg. Kerzen    0/122/124 von 166  Tagen gewertet (1m/5m/15m)     3372 Signale  102 ms lesen  13109 ms rechnen
2026-09-07T23:14:23.515Z  CTAQ/2021       roh           8668 reg. Kerzen        0/0/0 von 213  Tagen gewertet (1m/5m/15m)        0 Signale  86 ms lesen  129 ms rechnen
2026-09-07T23:14:23.646Z  CTAQ/2022       roh           1522 reg. Kerzen        0/0/0 von 217  Tagen gewertet (1m/5m/15m)        0 Signale  44 ms lesen  29 ms rechnen
2026-09-07T23:14:23.714Z  CTAQ/2023       roh            429 reg. Kerzen        0/0/0 von 26   Tagen gewertet (1m/5m/15m)        0 Signale  47 ms lesen  6 ms rechnen
2026-09-07T23:14:23.789Z  CTIB/2016       roh           1262 reg. Kerzen        0/0/0 von 185  Tagen gewertet (1m/5m/15m)        0 Signale  41 ms lesen  23 ms rechnen
2026-09-07T23:14:23.866Z  CTIB/2017       roh            695 reg. Kerzen        0/0/0 von 171  Tagen gewertet (1m/5m/15m)        0 Signale  33 ms lesen  35 ms rechnen
2026-09-07T23:14:23.937Z  CTIB/2018       roh            989 reg. Kerzen        0/0/0 von 186  Tagen gewertet (1m/5m/15m)        0 Signale  36 ms lesen  29 ms rechnen
2026-09-07T23:14:24.137Z  CTIB/2019       roh           2434 reg. Kerzen        0/0/0 von 173  Tagen gewertet (1m/5m/15m)        0 Signale  87 ms lesen  107 ms rechnen
2026-09-07T23:14:24.712Z  CTIB/2020       roh          23527 reg. Kerzen        0/0/0 von 253  Tagen gewertet (1m/5m/15m)        0 Signale  309 ms lesen  255 ms rechnen
2026-09-07T23:14:25.545Z  CTIB/2021       roh          28628 reg. Kerzen        0/0/0 von 252  Tagen gewertet (1m/5m/15m)        0 Signale  333 ms lesen  370 ms rechnen
2026-09-07T23:14:26.035Z  CTIB/2022       roh           8146 reg. Kerzen        0/0/0 von 251  Tagen gewertet (1m/5m/15m)        0 Signale  64 ms lesen  216 ms rechnen
2026-09-07T23:14:26.304Z  CTIB/2023       roh           5605 reg. Kerzen        0/0/0 von 182  Tagen gewertet (1m/5m/15m)        0 Signale  81 ms lesen  111 ms rechnen
2026-09-07T23:14:26.473Z  CTRC/2016       roh           6323 reg. Kerzen        0/0/0 von 252  Tagen gewertet (1m/5m/15m)        0 Signale  31 ms lesen  88 ms rechnen
2026-09-07T23:14:26.577Z  CTRC/2017       roh           3601 reg. Kerzen        0/0/0 von 245  Tagen gewertet (1m/5m/15m)        0 Signale  28 ms lesen  49 ms rechnen
2026-09-07T23:14:26.867Z  CTRC/2018       roh          15214 reg. Kerzen        0/0/0 von 250  Tagen gewertet (1m/5m/15m)        0 Signale  100 ms lesen  172 ms rechnen
2026-09-07T23:14:27.176Z  CTRC/2019       roh          15952 reg. Kerzen        0/0/0 von 252  Tagen gewertet (1m/5m/15m)        0 Signale  63 ms lesen  183 ms rechnen
2026-09-07T23:14:27.464Z  CTRC/2020       roh           9483 reg. Kerzen        0/0/0 von 101  Tagen gewertet (1m/5m/15m)        0 Signale  49 ms lesen  171 ms rechnen
2026-09-07T23:14:27.998Z  CTT/2016        roh          33958 reg. Kerzen        0/0/0 von 252  Tagen gewertet (1m/5m/15m)        0 Signale  105 ms lesen  379 ms rechnen
2026-09-07T23:14:28.883Z  CTT/2017        roh          41229 reg. Kerzen        0/0/0 von 251  Tagen gewertet (1m/5m/15m)        0 Signale  214 ms lesen  496 ms rechnen
2026-09-07T23:14:30.227Z  CTT/2018        roh          61033 reg. Kerzen        0/0/0 von 251  Tagen gewertet (1m/5m/15m)        0 Signale  186 ms lesen  973 ms rechnen
2026-09-07T23:14:31.333Z  CTT/2019        roh          51056 reg. Kerzen        0/0/0 von 252  Tagen gewertet (1m/5m/15m)        0 Signale  210 ms lesen  572 ms rechnen
2026-09-07T23:14:32.403Z  CTT/2020        roh          53346 reg. Kerzen        0/0/0 von 253  Tagen gewertet (1m/5m/15m)        0 Signale  179 ms lesen  591 ms rechnen
2026-09-07T23:14:33.753Z  CTT/2021        roh          47945 reg. Kerzen        0/0/0 von 252  Tagen gewertet (1m/5m/15m)        0 Signale  358 ms lesen  735 ms rechnen
2026-09-07T23:14:36.180Z  CTT/2022        roh          37922 reg. Kerzen      0/12/12 von 176  Tagen gewertet (1m/5m/15m)      328 Signale  217 ms lesen  1879 ms rechnen
2026-09-07T23:14:36.598Z  CUBN/2016       roh           2540 reg. Kerzen        0/0/0 von 218  Tagen gewertet (1m/5m/15m)        0 Signale  97 ms lesen  133 ms rechnen
2026-09-07T23:14:36.747Z  CUBN/2017       roh           4077 reg. Kerzen        0/0/0 von 238  Tagen gewertet (1m/5m/15m)        0 Signale  27 ms lesen  92 ms rechnen
2026-09-07T23:14:37.572Z  CUR/2016        bereinigt    36587 reg. Kerzen        0/0/0 von 252  Tagen gewertet (1m/5m/15m)        0 Signale  434 ms lesen  371 ms rechnen
2026-09-07T23:14:38.385Z  CUR/2017        bereinigt    34066 reg. Kerzen        0/0/0 von 251  Tagen gewertet (1m/5m/15m)        0 Signale  143 ms lesen  435 ms rechnen
2026-09-07T23:14:38.892Z  CUR/2018        roh          16687 reg. Kerzen        0/0/0 von 251  Tagen gewertet (1m/5m/15m)        0 Signale  59 ms lesen  266 ms rechnen
2026-09-07T23:14:39.308Z  CUR/2019        roh          17069 reg. Kerzen        0/0/0 von 211  Tagen gewertet (1m/5m/15m)        0 Signale  120 ms lesen  226 ms rechnen
2026-09-07T23:14:45.624Z  CVCO/2016       roh          27507 reg. Kerzen     0/36/127 von 252  Tagen gewertet (1m/5m/15m)     1701 Signale  148 ms lesen  5969 ms rechnen
2026-09-07T23:14:46.388Z  CVCO/2017       roh          16255 reg. Kerzen       0/0/14 von 251  Tagen gewertet (1m/5m/15m)      111 Signale  70 ms lesen  550 ms rechnen
2026-09-07T23:14:52.259Z  CVCO/2018       roh          20515 reg. Kerzen     0/15/162 von 249  Tagen gewertet (1m/5m/15m)     1636 Signale  84 ms lesen  5708 ms rechnen
2026-09-07T23:15:03.523Z  CVCO/2019       roh          28897 reg. Kerzen     0/60/215 von 252  Tagen gewertet (1m/5m/15m)     2994 Signale  165 ms lesen  10906 ms rechnen
2026-09-07T23:15:08.373Z  CVCO/2020       roh          19338 reg. Kerzen     0/18/136 von 253  Tagen gewertet (1m/5m/15m)     1490 Signale  63 ms lesen  4654 ms rechnen
2026-09-07T23:15:10.306Z  CVCO/2021       roh          13681 reg. Kerzen       0/1/58 von 252  Tagen gewertet (1m/5m/15m)      471 Signale  76 ms lesen  1760 ms rechnen
2026-09-07T23:15:16.237Z  CVCO/2022       roh          20396 reg. Kerzen     0/13/198 von 251  Tagen gewertet (1m/5m/15m)     1995 Signale  89 ms lesen  5775 ms rechnen
2026-09-07T23:15:21.471Z  CVCO/2023       roh          17811 reg. Kerzen     0/10/171 von 250  Tagen gewertet (1m/5m/15m)     1711 Signale  107 ms lesen  5007 ms rechnen
2026-09-07T23:15:24.900Z  CVCO/2024       roh          13597 reg. Kerzen      0/3/126 von 252  Tagen gewertet (1m/5m/15m)     1114 Signale  103 ms lesen  3242 ms rechnen
2026-09-07T23:15:32.415Z  CVCO/2025       roh          23430 reg. Kerzen     0/41/177 von 250  Tagen gewertet (1m/5m/15m)     2219 Signale  93 ms lesen  7357 ms rechnen
2026-09-07T23:15:47.324Z  CVCO/2026       roh          30435 reg. Kerzen    0/136/166 von 166  Tagen gewertet (1m/5m/15m)     3821 Signale  96 ms lesen  14663 ms rechnen
2026-09-07T23:15:53.316Z  CVIA/2018       roh          43907 reg. Kerzen      0/47/47 von 147  Tagen gewertet (1m/5m/15m)     1269 Signale  105 ms lesen  5698 ms rechnen
2026-09-07T23:15:54.429Z  CVIA/2019       roh          64158 reg. Kerzen        0/0/0 von 252  Tagen gewertet (1m/5m/15m)        0 Signale  213 ms lesen  700 ms rechnen
2026-09-07T23:15:55.161Z  CVIA/2020       roh          24460 reg. Kerzen        0/0/0 von 124  Tagen gewertet (1m/5m/15m)        0 Signale  121 ms lesen  273 ms rechnen
2026-09-07T23:16:07.171Z  CVRR/2016       roh          70267 reg. Kerzen      0/96/96 von 252  Tagen gewertet (1m/5m/15m)     2665 Signale  307 ms lesen  11564 ms rechnen
2026-09-07T23:16:13.791Z  CVRR/2017       roh          58111 reg. Kerzen      0/49/50 von 251  Tagen gewertet (1m/5m/15m)     1332 Signale  200 ms lesen  6123 ms rechnen
2026-09-07T23:16:39.364Z  CVRR/2018       roh          67201 reg. Kerzen    0/223/225 von 251  Tagen gewertet (1m/5m/15m)     6138 Signale  335 ms lesen  24993 ms rechnen
2026-09-07T23:16:39.779Z  CVRR/2019       roh           4294 reg. Kerzen        0/0/0 von 18   Tagen gewertet (1m/5m/15m)        0 Signale  26 ms lesen  64 ms rechnen
2026-09-07T23:16:39.858Z  CWAY/2016       roh           1291 reg. Kerzen        0/0/0 von 204  Tagen gewertet (1m/5m/15m)        0 Signale  21 ms lesen  27 ms rechnen
2026-09-07T23:16:39.974Z  CWAY/2017       roh           2269 reg. Kerzen        0/0/0 von 231  Tagen gewertet (1m/5m/15m)        0 Signale  67 ms lesen  41 ms rechnen
2026-09-07T23:16:40.049Z  CWAY/2018       roh           2871 reg. Kerzen        0/0/0 von 191  Tagen gewertet (1m/5m/15m)        0 Signale  24 ms lesen  40 ms rechnen
2026-09-07T23:16:55.998Z  CWT/2016        roh          62369 reg. Kerzen    0/164/164 von 252  Tagen gewertet (1m/5m/15m)     4111 Signale  190 ms lesen  15724 ms rechnen
2026-09-07T23:17:00.894Z  CWT/2017        roh          42021 reg. Kerzen      0/37/38 von 251  Tagen gewertet (1m/5m/15m)      912 Signale  201 ms lesen  4250 ms rechnen
2026-09-07T23:17:23.455Z  CWT/2018        roh          53344 reg. Kerzen    0/223/227 von 251  Tagen gewertet (1m/5m/15m)     5651 Signale  291 ms lesen  21981 ms rechnen
2026-09-07T23:17:45.496Z  CWT/2019        roh          53074 reg. Kerzen    0/249/252 von 252  Tagen gewertet (1m/5m/15m)     6123 Signale  247 ms lesen  21538 ms rechnen
2026-09-07T23:18:12.289Z  CWT/2020        roh          57812 reg. Kerzen    0/250/253 von 253  Tagen gewertet (1m/5m/15m)     6494 Signale  239 ms lesen  26297 ms rechnen
2026-09-07T23:18:35.008Z  CWT/2021        roh          44068 reg. Kerzen    0/230/250 von 252  Tagen gewertet (1m/5m/15m)     5955 Signale  98 ms lesen  22350 ms rechnen
2026-09-07T23:18:58.590Z  CWT/2022        roh          48038 reg. Kerzen    0/242/249 von 250  Tagen gewertet (1m/5m/15m)     6267 Signale  161 ms lesen  23211 ms rechnen
2026-09-07T23:19:20.804Z  CWT/2023        roh          48907 reg. Kerzen    0/238/250 von 250  Tagen gewertet (1m/5m/15m)     6040 Signale  272 ms lesen  21672 ms rechnen
2026-09-07T23:19:42.801Z  CWT/2024        roh          47733 reg. Kerzen    0/240/252 von 252  Tagen gewertet (1m/5m/15m)     6060 Signale  332 ms lesen  21409 ms rechnen
2026-09-07T23:20:05.966Z  CWT/2025        roh          51616 reg. Kerzen    0/250/250 von 250  Tagen gewertet (1m/5m/15m)     6242 Signale  185 ms lesen  22749 ms rechnen
2026-09-07T23:20:22.304Z  CWT/2026        roh          37406 reg. Kerzen    0/166/166 von 166  Tagen gewertet (1m/5m/15m)     4235 Signale  147 ms lesen  15899 ms rechnen
2026-09-07T23:20:37.762Z  CXT/2023        roh          45201 reg. Kerzen    0/164/167 von 187  Tagen gewertet (1m/5m/15m)     4148 Signale  162 ms lesen  15005 ms rechnen
2026-09-07T23:21:00.975Z  CXT/2024        roh          50245 reg. Kerzen    0/245/252 von 252  Tagen gewertet (1m/5m/15m)     6400 Signale  371 ms lesen  22373 ms rechnen
2026-09-07T23:21:25.868Z  CXT/2025        roh          57494 reg. Kerzen    0/249/250 von 250  Tagen gewertet (1m/5m/15m)     6430 Signale  166 ms lesen  24470 ms rechnen
2026-09-07T23:21:43.560Z  CXT/2026        roh          44031 reg. Kerzen    0/166/166 von 166  Tagen gewertet (1m/5m/15m)     4451 Signale  260 ms lesen  17130 ms rechnen
2026-09-07T23:21:44.166Z  CYCC/2016       bereinigt    20491 reg. Kerzen        0/0/0 von 252  Tagen gewertet (1m/5m/15m)        0 Signale  125 ms lesen  270 ms rechnen
2026-09-07T23:21:44.747Z  CYCC/2017       bereinigt    30845 reg. Kerzen        0/0/0 von 251  Tagen gewertet (1m/5m/15m)        0 Signale  164 ms lesen  335 ms rechnen
2026-09-07T23:21:45.178Z  CYCC/2018       bereinigt    12879 reg. Kerzen        0/0/0 von 250  Tagen gewertet (1m/5m/15m)        0 Signale  87 ms lesen  160 ms rechnen
2026-09-07T23:21:45.545Z  CYCC/2019       bereinigt    19643 reg. Kerzen        0/0/0 von 252  Tagen gewertet (1m/5m/15m)        0 Signale  92 ms lesen  219 ms rechnen
2026-09-07T23:21:46.106Z  CYCC/2020       bereinigt    33334 reg. Kerzen        0/0/0 von 253  Tagen gewertet (1m/5m/15m)        0 Signale  147 ms lesen  324 ms rechnen
2026-09-07T23:21:47.847Z  CYCC/2021       bereinigt    31380 reg. Kerzen        0/9/9 von 252  Tagen gewertet (1m/5m/15m)      258 Signale  87 ms lesen  1489 ms rechnen
2026-09-07T23:21:48.484Z  CYCC/2022       bereinigt    27454 reg. Kerzen        0/0/0 von 251  Tagen gewertet (1m/5m/15m)        0 Signale  174 ms lesen  290 ms rechnen
2026-09-07T23:21:48.855Z  CYCC/2023       bereinigt    13295 reg. Kerzen        0/0/0 von 250  Tagen gewertet (1m/5m/15m)        0 Signale  82 ms lesen  169 ms rechnen
2026-09-07T23:21:49.286Z  CYCC/2024       bereinigt    20425 reg. Kerzen        0/0/0 von 252  Tagen gewertet (1m/5m/15m)        0 Signale  140 ms lesen  221 ms rechnen
2026-09-07T23:21:49.745Z  CYCC/2025       bereinigt    25607 reg. Kerzen        0/0/0 von 173  Tagen gewertet (1m/5m/15m)        0 Signale  116 ms lesen  261 ms rechnen
2026-09-07T23:21:49.932Z  CYTH/2020       roh           3156 reg. Kerzen        0/0/0 von 16   Tagen gewertet (1m/5m/15m)        0 Signale  18 ms lesen  42 ms rechnen
2026-09-07T23:21:50.482Z  CYTH/2021       roh          33190 reg. Kerzen        0/0/0 von 252  Tagen gewertet (1m/5m/15m)        0 Signale  166 ms lesen  363 ms rechnen
2026-09-07T23:21:50.831Z  CYTH/2022       roh          11850 reg. Kerzen        0/0/0 von 251  Tagen gewertet (1m/5m/15m)        0 Signale  47 ms lesen  131 ms rechnen
2026-09-07T23:21:51.127Z  CYTH/2023       roh          13982 reg. Kerzen        0/0/0 von 250  Tagen gewertet (1m/5m/15m)        0 Signale  69 ms lesen  172 ms rechnen
2026-09-07T23:21:51.395Z  CYTH/2024       roh           9375 reg. Kerzen        0/0/0 von 252  Tagen gewertet (1m/5m/15m)        0 Signale  30 ms lesen  155 ms rechnen
2026-09-07T23:21:51.534Z  CYTH/2025       roh           3507 reg. Kerzen        0/0/0 von 56   Tagen gewertet (1m/5m/15m)        0 Signale  39 ms lesen  46 ms rechnen
2026-09-07T23:21:55.966Z  CZR/2016        roh          58121 reg. Kerzen      0/31/31 von 252  Tagen gewertet (1m/5m/15m)      846 Signale  270 ms lesen  4136 ms rechnen
2026-09-07T23:22:20.401Z  CZR/2017        roh          72815 reg. Kerzen    0/218/218 von 251  Tagen gewertet (1m/5m/15m)     5810 Signale  231 ms lesen  23880 ms rechnen
2026-09-07T23:22:49.049Z  CZR/2018        roh          82890 reg. Kerzen    0/249/249 von 251  Tagen gewertet (1m/5m/15m)     6694 Signale  314 ms lesen  27980 ms rechnen
2026-09-07T23:23:16.086Z  CZR/2019        roh          88999 reg. Kerzen    0/252/252 von 252  Tagen gewertet (1m/5m/15m)     6582 Signale  398 ms lesen  26066 ms rechnen
2026-09-07T23:23:45.202Z  CZR/2020        roh          97481 reg. Kerzen    0/253/253 von 253  Tagen gewertet (1m/5m/15m)     6842 Signale  454 ms lesen  28190 ms rechnen
2026-09-07T23:24:13.032Z  CZR/2021        roh          97379 reg. Kerzen    0/252/252 von 252  Tagen gewertet (1m/5m/15m)     6771 Signale  383 ms lesen  26965 ms rechnen
2026-09-07T23:24:42.829Z  CZR/2022        roh          97508 reg. Kerzen    0/251/251 von 251  Tagen gewertet (1m/5m/15m)     6870 Signale  438 ms lesen  28906 ms rechnen
2026-09-07T23:25:09.590Z  CZR/2023        roh          96823 reg. Kerzen    0/250/250 von 250  Tagen gewertet (1m/5m/15m)     6726 Signale  217 ms lesen  25912 ms rechnen
2026-09-07T23:25:36.141Z  CZR/2024        roh          97449 reg. Kerzen    0/252/252 von 252  Tagen gewertet (1m/5m/15m)     6700 Signale  356 ms lesen  25724 ms rechnen
2026-09-07T23:26:03.089Z  CZR/2025        roh          96791 reg. Kerzen    0/250/250 von 250  Tagen gewertet (1m/5m/15m)     6724 Signale  302 ms lesen  26180 ms rechnen
2026-09-07T23:26:18.990Z  CZR/2026        roh          62747 reg. Kerzen    0/166/166 von 166  Tagen gewertet (1m/5m/15m)     3977 Signale  231 ms lesen  15201 ms rechnen
2026-09-07T23:26:19.471Z  DALN/2021       roh           2564 reg. Kerzen        0/0/0 von 130  Tagen gewertet (1m/5m/15m)        0 Signale  26 ms lesen  41 ms rechnen
2026-09-07T23:26:19.602Z  DALN/2022       roh           6392 reg. Kerzen        0/0/0 von 251  Tagen gewertet (1m/5m/15m)        0 Signale  29 ms lesen  91 ms rechnen
2026-09-07T23:26:19.867Z  DALN/2023       roh           7557 reg. Kerzen        0/0/0 von 250  Tagen gewertet (1m/5m/15m)        0 Signale  121 ms lesen  107 ms rechnen
2026-09-07T23:26:20.046Z  DALN/2024       roh           8961 reg. Kerzen        0/0/0 von 252  Tagen gewertet (1m/5m/15m)        0 Signale  29 ms lesen  100 ms rechnen
2026-09-07T23:26:20.261Z  DALN/2025       roh           7993 reg. Kerzen        0/0/0 von 182  Tagen gewertet (1m/5m/15m)        0 Signale  37 ms lesen  119 ms rechnen
2026-09-07T23:26:30.193Z  DATS/2021       bereinigt    34979 reg. Kerzen      0/77/77 von 98   Tagen gewertet (1m/5m/15m)     2143 Signale  320 ms lesen  9572 ms rechnen
2026-09-07T23:26:31.184Z  DATS/2022       bereinigt    41190 reg. Kerzen        0/0/0 von 251  Tagen gewertet (1m/5m/15m)        0 Signale  352 ms lesen  486 ms rechnen
2026-09-07T23:26:31.772Z  DATS/2023       bereinigt    14414 reg. Kerzen        0/0/0 von 249  Tagen gewertet (1m/5m/15m)        0 Signale  223 ms lesen  191 ms rechnen
2026-09-07T23:26:32.202Z  DATS/2024       roh          20737 reg. Kerzen        0/0/0 von 252  Tagen gewertet (1m/5m/15m)        0 Signale  106 ms lesen  263 ms rechnen
2026-09-07T23:26:34.065Z  DATS/2025       roh          22118 reg. Kerzen      0/12/12 von 150  Tagen gewertet (1m/5m/15m)      325 Signale  125 ms lesen  1619 ms rechnen
2026-09-07T23:26:34.226Z  DBDR/2020       roh            456 reg. Kerzen        0/0/0 von 28   Tagen gewertet (1m/5m/15m)        0 Signale  18 ms lesen  13 ms rechnen
2026-09-07T23:26:34.582Z  DBDR/2021       roh          10539 reg. Kerzen        0/0/0 von 248  Tagen gewertet (1m/5m/15m)        0 Signale  161 ms lesen  192 ms rechnen
2026-09-07T23:26:36.887Z  DCIX/2016       bereinigt    16083 reg. Kerzen      0/13/13 von 252  Tagen gewertet (1m/5m/15m)      355 Signale  237 ms lesen  1934 ms rechnen
2026-09-07T23:26:40.319Z  DCIX/2017       bereinigt    48517 reg. Kerzen      0/22/22 von 251  Tagen gewertet (1m/5m/15m)      556 Signale  247 ms lesen  3089 ms rechnen
2026-09-07T23:26:41.130Z  DCIX/2018       roh          42051 reg. Kerzen        0/0/0 von 251  Tagen gewertet (1m/5m/15m)        0 Signale  102 ms lesen  469 ms rechnen
2026-09-07T23:26:41.806Z  DCIX/2019       roh          27985 reg. Kerzen        0/0/0 von 252  Tagen gewertet (1m/5m/15m)        0 Signale  81 ms lesen  375 ms rechnen
2026-09-07T23:26:42.074Z  DCIX/2020       roh           5706 reg. Kerzen        0/0/0 von 60   Tagen gewertet (1m/5m/15m)        0 Signale  30 ms lesen  75 ms rechnen
2026-09-07T23:26:42.195Z  DCRD/2021       roh           1480 reg. Kerzen        0/0/0 von 61   Tagen gewertet (1m/5m/15m)        0 Signale  27 ms lesen  20 ms rechnen
2026-09-07T23:26:42.302Z  DCRD/2022       roh           1849 reg. Kerzen        0/0/0 von 198  Tagen gewertet (1m/5m/15m)        0 Signale  49 ms lesen  45 ms rechnen
2026-09-07T23:26:42.348Z  DCRD/2023       roh           1260 reg. Kerzen        0/0/0 von 36   Tagen gewertet (1m/5m/15m)        0 Signale  14 ms lesen  23 ms rechnen
2026-09-07T23:27:04.017Z  DDR/2016        bereinigt    94661 reg. Kerzen    0/232/232 von 252  Tagen gewertet (1m/5m/15m)     5652 Signale  368 ms lesen  21293 ms rechnen
2026-09-07T23:27:30.556Z  DDR/2017        bereinigt    95287 reg. Kerzen    0/251/251 von 251  Tagen gewertet (1m/5m/15m)     6561 Signale  582 ms lesen  25449 ms rechnen
2026-09-07T23:27:51.358Z  DDR/2018        bereinigt    74123 reg. Kerzen    0/197/197 von 197  Tagen gewertet (1m/5m/15m)     5027 Signale  201 ms lesen  20086 ms rechnen
2026-09-07T23:27:51.793Z  DEH/2020        roh           1679 reg. Kerzen        0/0/0 von 81   Tagen gewertet (1m/5m/15m)        0 Signale  12 ms lesen  41 ms rechnen
2026-09-07T23:27:52.209Z  DEH/2021        roh          23178 reg. Kerzen        0/0/0 von 179  Tagen gewertet (1m/5m/15m)        0 Signale  146 ms lesen  262 ms rechnen
2026-09-07T23:28:17.978Z  DEPO/2016       roh          92686 reg. Kerzen    0/232/232 von 252  Tagen gewertet (1m/5m/15m)     6282 Signale  204 ms lesen  25459 ms rechnen
2026-09-07T23:28:45.550Z  DEPO/2017       roh          89077 reg. Kerzen    0/251/251 von 251  Tagen gewertet (1m/5m/15m)     6843 Signale  335 ms lesen  26782 ms rechnen
2026-09-07T23:29:02.896Z  DEPO/2018       roh          52470 reg. Kerzen    0/148/148 von 156  Tagen gewertet (1m/5m/15m)     4007 Signale  207 ms lesen  16647 ms rechnen
2026-09-07T23:29:08.246Z  DFH/2021        roh          43345 reg. Kerzen      0/39/40 von 240  Tagen gewertet (1m/5m/15m)     1108 Signale  129 ms lesen  4948 ms rechnen
2026-09-07T23:29:10.599Z  DFH/2022        roh          47195 reg. Kerzen      0/13/13 von 251  Tagen gewertet (1m/5m/15m)      364 Signale  243 ms lesen  1929 ms rechnen
2026-09-07T23:29:24.623Z  DFH/2023        roh          49875 reg. Kerzen    0/123/125 von 250  Tagen gewertet (1m/5m/15m)     3343 Signale  199 ms lesen  13587 ms rechnen
2026-09-07T23:29:51.895Z  DFH/2024        roh          66188 reg. Kerzen    0/252/252 von 252  Tagen gewertet (1m/5m/15m)     6839 Signale  203 ms lesen  26819 ms rechnen
2026-09-07T23:30:16.992Z  DFH/2025        roh          58343 reg. Kerzen    0/224/224 von 250  Tagen gewertet (1m/5m/15m)     6116 Signale  171 ms lesen  24475 ms rechnen
2026-09-07T23:30:35.786Z  DFH/2026        roh          45271 reg. Kerzen    0/166/166 von 166  Tagen gewertet (1m/5m/15m)     4565 Signale  266 ms lesen  18207 ms rechnen
2026-09-07T23:30:36.258Z  DGAS/2016       roh           8452 reg. Kerzen        0/0/0 von 252  Tagen gewertet (1m/5m/15m)        0 Signale  154 ms lesen  96 ms rechnen
2026-09-07T23:30:36.440Z  DGAS/2017       roh           3649 reg. Kerzen        0/0/0 von 181  Tagen gewertet (1m/5m/15m)        0 Signale  86 ms lesen  54 ms rechnen
2026-09-07T23:30:36.600Z  DGSE/2016       roh           2733 reg. Kerzen        0/0/0 von 237  Tagen gewertet (1m/5m/15m)        0 Signale  29 ms lesen  109 ms rechnen
2026-09-07T23:30:36.804Z  DGSE/2017       roh           5865 reg. Kerzen        0/0/0 von 251  Tagen gewertet (1m/5m/15m)        0 Signale  40 ms lesen  150 ms rechnen
2026-09-07T23:30:36.976Z  DGSE/2018       roh           6679 reg. Kerzen        0/0/0 von 250  Tagen gewertet (1m/5m/15m)        0 Signale  47 ms lesen  90 ms rechnen
2026-09-07T23:30:37.138Z  DGSE/2019       roh           6434 reg. Kerzen        0/0/0 von 242  Tagen gewertet (1m/5m/15m)        0 Signale  37 ms lesen  90 ms rechnen
2026-09-07T23:30:59.152Z  DHI/2016        roh          97819 reg. Kerzen    0/232/232 von 252  Tagen gewertet (1m/5m/15m)     5939 Signale  250 ms lesen  21715 ms rechnen
2026-09-07T23:31:23.643Z  DHI/2017        roh          97004 reg. Kerzen    0/251/251 von 251  Tagen gewertet (1m/5m/15m)     6156 Signale  437 ms lesen  23588 ms rechnen
2026-09-07T23:31:49.125Z  DHI/2018        roh          97207 reg. Kerzen    0/251/251 von 251  Tagen gewertet (1m/5m/15m)     6559 Signale  280 ms lesen  24680 ms rechnen
2026-09-07T23:32:13.881Z  DHI/2019        roh          97597 reg. Kerzen    0/252/252 von 252  Tagen gewertet (1m/5m/15m)     6464 Signale  458 ms lesen  23805 ms rechnen
2026-09-07T23:32:41.419Z  DHI/2020        roh          98141 reg. Kerzen    0/253/253 von 253  Tagen gewertet (1m/5m/15m)     6674 Signale  328 ms lesen  26785 ms rechnen
2026-09-07T23:33:06.856Z  DHI/2021        roh          97040 reg. Kerzen    0/250/250 von 252  Tagen gewertet (1m/5m/15m)     6509 Signale  337 ms lesen  24542 ms rechnen
2026-09-07T23:33:34.104Z  DHI/2022        roh          96815 reg. Kerzen    0/249/249 von 251  Tagen gewertet (1m/5m/15m)     6777 Signale  423 ms lesen  26210 ms rechnen
2026-09-07T23:33:58.015Z  DHI/2023        roh          96743 reg. Kerzen    0/250/250 von 250  Tagen gewertet (1m/5m/15m)     6325 Signale  392 ms lesen  23067 ms rechnen
2026-09-07T23:34:22.643Z  DHI/2024        roh          95907 reg. Kerzen    0/252/252 von 252  Tagen gewertet (1m/5m/15m)     6380 Signale  398 ms lesen  23660 ms rechnen
2026-09-07T23:34:47.698Z  DHI/2025        roh          96162 reg. Kerzen    0/250/250 von 250  Tagen gewertet (1m/5m/15m)     6369 Signale  328 ms lesen  24110 ms rechnen
2026-09-07T23:35:04.019Z  DHI/2026        roh          62709 reg. Kerzen    0/166/166 von 166  Tagen gewertet (1m/5m/15m)     4326 Signale  313 ms lesen  15553 ms rechnen
2026-09-07T23:35:04.355Z  DILA/2021       roh            268 reg. Kerzen        0/0/0 von 55   Tagen gewertet (1m/5m/15m)        0 Signale  30 ms lesen  8 ms rechnen
2026-09-07T23:35:04.395Z  DILA/2022       roh            286 reg. Kerzen        0/0/0 von 89   Tagen gewertet (1m/5m/15m)        0 Signale  20 ms lesen  14 ms rechnen
2026-09-07T23:35:26.614Z  DISCK/2016      roh          94783 reg. Kerzen    0/232/232 von 252  Tagen gewertet (1m/5m/15m)     5930 Signale  278 ms lesen  21926 ms rechnen
2026-09-07T23:35:50.889Z  DISCK/2017      roh          93833 reg. Kerzen    0/251/251 von 251  Tagen gewertet (1m/5m/15m)     6389 Signale  520 ms lesen  23253 ms rechnen
2026-09-07T23:36:16.241Z  DISCK/2018      roh          95560 reg. Kerzen    0/249/249 von 251  Tagen gewertet (1m/5m/15m)     6539 Signale  425 ms lesen  24422 ms rechnen
2026-09-07T23:36:41.448Z  DISCK/2019      roh          95977 reg. Kerzen    0/252/252 von 252  Tagen gewertet (1m/5m/15m)     6525 Signale  538 ms lesen  24183 ms rechnen
2026-09-07T23:37:09.048Z  DISCK/2020      roh          96967 reg. Kerzen    0/253/253 von 253  Tagen gewertet (1m/5m/15m)     6814 Signale  479 ms lesen  26614 ms rechnen
2026-09-07T23:37:37.616Z  DISCK/2021      roh          97381 reg. Kerzen    0/252/252 von 252  Tagen gewertet (1m/5m/15m)     6684 Signale  422 ms lesen  27702 ms rechnen
2026-09-07T23:37:46.078Z  DISCK/2022      roh          26499 reg. Kerzen      0/68/68 von 68   Tagen gewertet (1m/5m/15m)     1865 Signale  127 ms lesen  7632 ms rechnen
2026-09-07T23:38:09.258Z  DKS/2016        roh          96138 reg. Kerzen    0/232/232 von 252  Tagen gewertet (1m/5m/15m)     5979 Signale  273 ms lesen  22762 ms rechnen
2026-09-07T23:38:35.269Z  DKS/2017        roh          95658 reg. Kerzen    0/251/251 von 251  Tagen gewertet (1m/5m/15m)     6588 Signale  248 ms lesen  25273 ms rechnen
2026-09-07T23:39:02.949Z  DKS/2018        roh          96663 reg. Kerzen    0/251/251 von 251  Tagen gewertet (1m/5m/15m)     6639 Signale  392 ms lesen  26760 ms rechnen
2026-09-07T23:39:29.407Z  DKS/2019        roh          96238 reg. Kerzen    0/252/252 von 252  Tagen gewertet (1m/5m/15m)     6443 Signale  222 ms lesen  25743 ms rechnen
2026-09-07T23:39:58.313Z  DKS/2020        roh          97051 reg. Kerzen    0/253/253 von 253  Tagen gewertet (1m/5m/15m)     6848 Signale  242 ms lesen  28149 ms rechnen
2026-09-07T23:40:02.803Z  CHECKPOINT 1400 Dateien, 305 min, Detektorfehler {}
2026-09-07T23:40:29.476Z  DKS/2021        roh          95082 reg. Kerzen    0/250/250 von 252  Tagen gewertet (1m/5m/15m)     6603 Signale  467 ms lesen  26205 ms rechnen
2026-09-07T23:40:56.965Z  DKS/2022        roh          95406 reg. Kerzen    0/249/249 von 251  Tagen gewertet (1m/5m/15m)     6788 Signale  433 ms lesen  26672 ms rechnen
2026-09-07T23:41:22.457Z  DKS/2023        roh          92008 reg. Kerzen    0/250/250 von 250  Tagen gewertet (1m/5m/15m)     6426 Signale  234 ms lesen  24778 ms rechnen
2026-09-07T23:41:49.833Z  DKS/2024        roh          87003 reg. Kerzen    0/252/252 von 252  Tagen gewertet (1m/5m/15m)     6509 Signale  420 ms lesen  26484 ms rechnen
2026-09-07T23:42:17.163Z  DKS/2025        roh          88460 reg. Kerzen    0/250/250 von 250  Tagen gewertet (1m/5m/15m)     6601 Signale  496 ms lesen  26378 ms rechnen
2026-09-07T23:42:39.840Z  DKS/2026        roh          56284 reg. Kerzen    0/166/166 von 166  Tagen gewertet (1m/5m/15m)     4429 Signale  394 ms lesen  21868 ms rechnen
2026-09-07T23:43:04.635Z  DLTR/2016       roh          96862 reg. Kerzen    0/232/232 von 252  Tagen gewertet (1m/5m/15m)     5800 Signale  311 ms lesen  24044 ms rechnen
2026-09-07T23:43:29.446Z  DLTR/2017       roh          96359 reg. Kerzen    0/251/251 von 251  Tagen gewertet (1m/5m/15m)     6288 Signale  244 ms lesen  24040 ms rechnen
2026-09-07T23:43:53.417Z  DLTR/2018       roh          95829 reg. Kerzen    0/249/249 von 251  Tagen gewertet (1m/5m/15m)     6254 Signale  291 ms lesen  23200 ms rechnen
2026-09-07T23:44:17.349Z  DLTR/2019       roh          96734 reg. Kerzen    0/252/252 von 252  Tagen gewertet (1m/5m/15m)     6224 Signale  419 ms lesen  23015 ms rechnen
2026-09-07T23:44:43.691Z  DLTR/2020       roh          97731 reg. Kerzen    0/253/253 von 253  Tagen gewertet (1m/5m/15m)     6458 Signale  291 ms lesen  25431 ms rechnen
2026-09-07T23:45:07.537Z  DLTR/2021       roh          96942 reg. Kerzen    0/252/252 von 252  Tagen gewertet (1m/5m/15m)     6305 Signale  379 ms lesen  23045 ms rechnen
2026-09-07T23:45:32.889Z  DLTR/2022       roh          96186 reg. Kerzen    0/251/251 von 251  Tagen gewertet (1m/5m/15m)     6539 Signale  223 ms lesen  24601 ms rechnen
2026-09-07T23:45:57.985Z  DLTR/2023       roh          94858 reg. Kerzen    0/250/250 von 250  Tagen gewertet (1m/5m/15m)     6298 Signale  224 ms lesen  24317 ms rechnen
2026-09-07T23:46:24.196Z  DLTR/2024       roh          96663 reg. Kerzen    0/252/252 von 252  Tagen gewertet (1m/5m/15m)     6449 Signale  278 ms lesen  25464 ms rechnen
2026-09-07T23:46:51.096Z  DLTR/2025       roh          96101 reg. Kerzen    0/250/250 von 250  Tagen gewertet (1m/5m/15m)     6516 Signale  273 ms lesen  26148 ms rechnen
2026-09-07T23:47:08.602Z  DLTR/2026       roh          63489 reg. Kerzen    0/166/166 von 166  Tagen gewertet (1m/5m/15m)     4398 Signale  317 ms lesen  16583 ms rechnen
2026-09-07T23:47:09.016Z  DMTK/2017       roh            107 reg. Kerzen        0/0/0 von 37   Tagen gewertet (1m/5m/15m)        0 Signale  16 ms lesen  2 ms rechnen
2026-09-07T23:47:09.083Z  DMTK/2018       roh            658 reg. Kerzen        0/0/0 von 151  Tagen gewertet (1m/5m/15m)        0 Signale  24 ms lesen  38 ms rechnen
2026-09-07T23:47:09.268Z  DMTK/2019       roh           4948 reg. Kerzen        0/0/0 von 162  Tagen gewertet (1m/5m/15m)        0 Signale  31 ms lesen  137 ms rechnen
2026-09-07T23:47:10.111Z  DMTK/2020       roh          29652 reg. Kerzen        0/1/1 von 253  Tagen gewertet (1m/5m/15m)       23 Signale  123 ms lesen  632 ms rechnen
2026-09-07T23:47:41.454Z  DMTK/2021       roh          82258 reg. Kerzen    0/252/252 von 252  Tagen gewertet (1m/5m/15m)     6919 Signale  351 ms lesen  30771 ms rechnen
2026-09-07T23:47:56.934Z  DMTK/2022       roh          73803 reg. Kerzen    0/121/121 von 251  Tagen gewertet (1m/5m/15m)     3274 Signale  156 ms lesen  14946 ms rechnen
2026-09-07T23:47:58.101Z  DMTK/2023       roh          50897 reg. Kerzen        0/0/0 von 250  Tagen gewertet (1m/5m/15m)        0 Signale  283 ms lesen  552 ms rechnen
2026-09-07T23:47:58.712Z  DMTK/2024       roh          18759 reg. Kerzen        0/0/0 von 122  Tagen gewertet (1m/5m/15m)        0 Signale  98 ms lesen  216 ms rechnen
2026-09-07T23:48:14.563Z  DNA/2021        bereinigt    60803 reg. Kerzen    0/159/159 von 180  Tagen gewertet (1m/5m/15m)     3559 Signale  241 ms lesen  15506 ms rechnen
2026-09-07T23:48:45.525Z  DNA/2022        bereinigt    96942 reg. Kerzen    0/249/249 von 251  Tagen gewertet (1m/5m/15m)     7025 Signale  451 ms lesen  30244 ms rechnen
2026-09-07T23:49:18.890Z  DNA/2023        bereinigt    97085 reg. Kerzen    0/250/250 von 250  Tagen gewertet (1m/5m/15m)     7166 Signale  485 ms lesen  32410 ms rechnen
2026-09-07T23:49:51.383Z  DNA/2024        bereinigt    93629 reg. Kerzen    0/252/252 von 252  Tagen gewertet (1m/5m/15m)     6955 Signale  446 ms lesen  31582 ms rechnen
2026-09-07T23:50:21.744Z  DNA/2025        roh          87892 reg. Kerzen    0/250/250 von 250  Tagen gewertet (1m/5m/15m)     6865 Signale  392 ms lesen  29476 ms rechnen
2026-09-07T23:50:42.120Z  DNA/2026        roh          55184 reg. Kerzen    0/166/166 von 166  Tagen gewertet (1m/5m/15m)     4592 Signale  373 ms lesen  19569 ms rechnen
2026-09-07T23:50:42.528Z  DNBF/2016       roh           1179 reg. Kerzen        0/0/0 von 181  Tagen gewertet (1m/5m/15m)        0 Signale  17 ms lesen  41 ms rechnen
2026-09-07T23:50:42.603Z  DNBF/2017       roh           2317 reg. Kerzen        0/0/0 von 230  Tagen gewertet (1m/5m/15m)        0 Signale  21 ms lesen  46 ms rechnen
2026-09-07T23:50:42.810Z  DNBF/2018       roh           2996 reg. Kerzen        0/0/0 von 245  Tagen gewertet (1m/5m/15m)        0 Signale  131 ms lesen  62 ms rechnen
2026-09-07T23:50:43.076Z  DNBF/2019       roh           5333 reg. Kerzen        0/0/0 von 231  Tagen gewertet (1m/5m/15m)        0 Signale  73 ms lesen  155 ms rechnen
2026-09-07T23:51:14.698Z  DNR/2016        roh          97897 reg. Kerzen    0/232/232 von 252  Tagen gewertet (1m/5m/15m)     6524 Signale  368 ms lesen  31229 ms rechnen
2026-09-07T23:51:47.170Z  DNR/2017        roh          96525 reg. Kerzen    0/251/251 von 251  Tagen gewertet (1m/5m/15m)     6937 Signale  276 ms lesen  31563 ms rechnen
2026-09-07T23:52:17.117Z  DNR/2018        roh          97044 reg. Kerzen    0/251/251 von 251  Tagen gewertet (1m/5m/15m)     6981 Signale  560 ms lesen  28932 ms rechnen
2026-09-07T23:52:50.413Z  DNR/2019        roh          97311 reg. Kerzen    0/251/251 von 252  Tagen gewertet (1m/5m/15m)     6966 Signale  374 ms lesen  32504 ms rechnen
2026-09-07T23:53:05.434Z  DNR/2020        roh          55997 reg. Kerzen    0/109/109 von 144  Tagen gewertet (1m/5m/15m)     2948 Signale  268 ms lesen  14351 ms rechnen
2026-09-07T23:53:12.728Z  DOLE/2021       roh          28942 reg. Kerzen      0/75/75 von 108  Tagen gewertet (1m/5m/15m)     1937 Signale  88 ms lesen  6912 ms rechnen
2026-09-07T23:53:26.935Z  DOLE/2022       roh          67079 reg. Kerzen    0/130/130 von 251  Tagen gewertet (1m/5m/15m)     3530 Signale  228 ms lesen  13840 ms rechnen
2026-09-07T23:53:33.470Z  DOLE/2023       roh          66183 reg. Kerzen      0/59/59 von 250  Tagen gewertet (1m/5m/15m)     1473 Signale  250 ms lesen  5972 ms rechnen
2026-09-07T23:53:42.985Z  DOLE/2024       roh          65568 reg. Kerzen      0/99/99 von 252  Tagen gewertet (1m/5m/15m)     2451 Signale  159 ms lesen  9039 ms rechnen
2026-09-07T23:54:04.124Z  DOLE/2025       roh          68961 reg. Kerzen    0/211/211 von 250  Tagen gewertet (1m/5m/15m)     5267 Signale  222 ms lesen  20585 ms rechnen
2026-09-07T23:54:21.170Z  DOLE/2026       roh          47901 reg. Kerzen    0/166/166 von 166  Tagen gewertet (1m/5m/15m)     4287 Signale  263 ms lesen  16314 ms rechnen
2026-09-07T23:54:21.756Z  DOVA/2017       roh          17762 reg. Kerzen        0/0/0 von 128  Tagen gewertet (1m/5m/15m)        0 Signale  143 ms lesen  194 ms rechnen
2026-09-07T23:54:26.574Z  DOVA/2018       roh          42934 reg. Kerzen      0/35/38 von 251  Tagen gewertet (1m/5m/15m)      978 Signale  90 ms lesen  4636 ms rechnen
2026-09-07T23:54:29.803Z  DOVA/2019       roh          39659 reg. Kerzen      0/28/31 von 218  Tagen gewertet (1m/5m/15m)      621 Signale  201 ms lesen  2780 ms rechnen
2026-09-07T23:54:30.275Z  DPSI/2022       roh           8242 reg. Kerzen        0/0/0 von 166  Tagen gewertet (1m/5m/15m)        0 Signale  47 ms lesen  99 ms rechnen
2026-09-07T23:54:30.551Z  DPSI/2023       roh           6292 reg. Kerzen        0/0/0 von 250  Tagen gewertet (1m/5m/15m)        0 Signale  110 ms lesen  91 ms rechnen
2026-09-07T23:54:30.752Z  DPSI/2024       roh           3007 reg. Kerzen        0/0/0 von 126  Tagen gewertet (1m/5m/15m)        0 Signale  117 ms lesen  55 ms rechnen
2026-09-07T23:54:45.334Z  DRII/2016       roh          61245 reg. Kerzen    0/149/149 von 169  Tagen gewertet (1m/5m/15m)     3680 Signale  240 ms lesen  14321 ms rechnen
2026-09-07T23:54:49.438Z  DRYS/2016       bereinigt    63554 reg. Kerzen      0/24/24 von 251  Tagen gewertet (1m/5m/15m)      656 Signale  322 ms lesen  3397 ms rechnen
2026-09-07T23:55:19.913Z  DRYS/2017       bereinigt    92337 reg. Kerzen    0/251/251 von 251  Tagen gewertet (1m/5m/15m)     6785 Signale  438 ms lesen  29707 ms rechnen
2026-09-07T23:55:28.075Z  DRYS/2018       roh          66771 reg. Kerzen      0/61/61 von 251  Tagen gewertet (1m/5m/15m)     1649 Signale  172 ms lesen  7527 ms rechnen
2026-09-07T23:55:28.942Z  DRYS/2019       roh          34269 reg. Kerzen        0/0/0 von 196  Tagen gewertet (1m/5m/15m)        0 Signale  132 ms lesen  450 ms rechnen
2026-09-07T23:55:29.306Z  DSKX/2016       roh           4756 reg. Kerzen        0/0/0 von 63   Tagen gewertet (1m/5m/15m)        0 Signale  32 ms lesen  59 ms rechnen
2026-09-07T23:55:49.793Z  DTE/2016        bereinigt    94268 reg. Kerzen    0/232/232 von 252  Tagen gewertet (1m/5m/15m)     5412 Signale  507 ms lesen  19920 ms rechnen
2026-09-07T23:56:10.628Z  DTE/2017        bereinigt    88827 reg. Kerzen    0/251/251 von 251  Tagen gewertet (1m/5m/15m)     5242 Signale  557 ms lesen  19752 ms rechnen
2026-09-07T23:56:33.836Z  DTE/2018        bereinigt    93642 reg. Kerzen    0/251/251 von 251  Tagen gewertet (1m/5m/15m)     5869 Signale  515 ms lesen  22226 ms rechnen
2026-09-07T23:56:55.929Z  DTE/2019        bereinigt    92740 reg. Kerzen    0/252/252 von 252  Tagen gewertet (1m/5m/15m)     5556 Signale  641 ms lesen  20942 ms rechnen
2026-09-07T23:57:22.017Z  DTE/2020        bereinigt    93519 reg. Kerzen    0/253/253 von 253  Tagen gewertet (1m/5m/15m)     6390 Signale  808 ms lesen  24744 ms rechnen
2026-09-07T23:57:44.761Z  DTE/2021        bereinigt    88575 reg. Kerzen    0/250/250 von 252  Tagen gewertet (1m/5m/15m)     5908 Signale  324 ms lesen  21905 ms rechnen
2026-09-07T23:58:09.166Z  DTE/2022        roh          90423 reg. Kerzen    0/249/249 von 251  Tagen gewertet (1m/5m/15m)     6236 Signale  290 ms lesen  23652 ms rechnen
2026-09-07T23:58:33.051Z  DTE/2023        roh          91415 reg. Kerzen    0/250/250 von 250  Tagen gewertet (1m/5m/15m)     6072 Signale  343 ms lesen  23113 ms rechnen
2026-09-07T23:58:55.126Z  DTE/2024        roh          87710 reg. Kerzen    0/252/252 von 252  Tagen gewertet (1m/5m/15m)     5891 Signale  205 ms lesen  21412 ms rechnen
2026-09-07T23:59:16.897Z  DTE/2025        roh          86191 reg. Kerzen    0/250/250 von 250  Tagen gewertet (1m/5m/15m)     5757 Signale  504 ms lesen  20826 ms rechnen
2026-09-07T23:59:32.464Z  DTE/2026        roh          57087 reg. Kerzen    0/166/166 von 166  Tagen gewertet (1m/5m/15m)     4082 Signale  212 ms lesen  14971 ms rechnen
2026-09-07T23:59:32.785Z  DUET/2022       roh            247 reg. Kerzen        0/0/0 von 84   Tagen gewertet (1m/5m/15m)        0 Signale  43 ms lesen  6 ms rechnen
2026-09-07T23:59:32.859Z  DUET/2023       roh            771 reg. Kerzen        0/0/0 von 140  Tagen gewertet (1m/5m/15m)        0 Signale  27 ms lesen  45 ms rechnen
2026-09-07T23:59:32.908Z  DUET/2024       roh            140 reg. Kerzen        0/0/0 von 76   Tagen gewertet (1m/5m/15m)        0 Signale  19 ms lesen  14 ms rechnen
2026-09-07T23:59:32.974Z  DVD/2016        roh           2059 reg. Kerzen        0/0/0 von 243  Tagen gewertet (1m/5m/15m)        0 Signale  28 ms lesen  27 ms rechnen
2026-09-07T23:59:33.085Z  DVD/2017        roh           3368 reg. Kerzen        0/0/0 von 248  Tagen gewertet (1m/5m/15m)        0 Signale  28 ms lesen  73 ms rechnen
2026-09-07T23:59:33.170Z  DVD/2018        roh           2726 reg. Kerzen        0/0/0 von 250  Tagen gewertet (1m/5m/15m)        0 Signale  20 ms lesen  45 ms rechnen
2026-09-07T23:59:33.268Z  DVD/2019        roh           3992 reg. Kerzen        0/0/0 von 252  Tagen gewertet (1m/5m/15m)        0 Signale  24 ms lesen  59 ms rechnen
2026-09-07T23:59:33.474Z  DVD/2020        roh           7002 reg. Kerzen        0/0/0 von 252  Tagen gewertet (1m/5m/15m)        0 Signale  54 ms lesen  106 ms rechnen
2026-09-07T23:59:33.754Z  DVD/2021        roh          10888 reg. Kerzen        0/0/0 von 245  Tagen gewertet (1m/5m/15m)        0 Signale  113 ms lesen  137 ms rechnen
2026-09-07T23:59:39.412Z  DWDP/2017       bereinigt    32181 reg. Kerzen      0/63/63 von 83   Tagen gewertet (1m/5m/15m)     1354 Signale  300 ms lesen  5258 ms rechnen
2026-09-08T00:00:03.840Z  DWDP/2018       bereinigt    97332 reg. Kerzen    0/251/251 von 251  Tagen gewertet (1m/5m/15m)     6369 Signale  554 ms lesen  23680 ms rechnen
2026-09-08T00:00:14.689Z  DWDP/2019       bereinigt    40537 reg. Kerzen    0/104/104 von 104  Tagen gewertet (1m/5m/15m)     2671 Signale  214 ms lesen  10086 ms rechnen
2026-09-08T00:00:15.033Z  DXYN/2016       roh          11079 reg. Kerzen        0/0/0 von 252  Tagen gewertet (1m/5m/15m)        0 Signale  41 ms lesen  126 ms rechnen
2026-09-08T00:00:15.330Z  DXYN/2017       roh           5474 reg. Kerzen        0/0/0 von 250  Tagen gewertet (1m/5m/15m)        0 Signale  107 ms lesen  112 ms rechnen
2026-09-08T00:00:15.460Z  DXYN/2018       roh           5608 reg. Kerzen        0/0/0 von 250  Tagen gewertet (1m/5m/15m)        0 Signale  36 ms lesen  66 ms rechnen
2026-09-08T00:00:15.686Z  DXYN/2019       roh           8120 reg. Kerzen        0/0/0 von 252  Tagen gewertet (1m/5m/15m)        0 Signale  45 ms lesen  156 ms rechnen
2026-09-08T00:00:16.179Z  DXYN/2020       roh          13708 reg. Kerzen        0/0/0 von 253  Tagen gewertet (1m/5m/15m)        0 Signale  119 ms lesen  332 ms rechnen
2026-09-08T00:00:16.661Z  DXYN/2021       roh          19041 reg. Kerzen        0/0/0 von 252  Tagen gewertet (1m/5m/15m)        0 Signale  171 ms lesen  238 ms rechnen
2026-09-08T00:00:17.017Z  DXYN/2022       roh          10698 reg. Kerzen        0/0/0 von 251  Tagen gewertet (1m/5m/15m)        0 Signale  98 ms lesen  155 ms rechnen
2026-09-08T00:00:17.199Z  DXYN/2023       roh           7250 reg. Kerzen        0/0/0 von 250  Tagen gewertet (1m/5m/15m)        0 Signale  36 ms lesen  98 ms rechnen
2026-09-08T00:00:17.344Z  DXYN/2024       roh           6720 reg. Kerzen        0/0/0 von 190  Tagen gewertet (1m/5m/15m)        0 Signale  32 ms lesen  70 ms rechnen
2026-09-08T00:00:17.376Z  AUSGELASSEN DXYN/2025: Datei fehlt
2026-09-08T00:00:17.497Z  DZSI/2016       bereinigt     3325 reg. Kerzen        0/0/0 von 78   Tagen gewertet (1m/5m/15m)        0 Signale  64 ms lesen  43 ms rechnen
2026-09-08T00:00:17.636Z  DZSI/2017       bereinigt     6379 reg. Kerzen        0/0/0 von 251  Tagen gewertet (1m/5m/15m)        0 Signale  18 ms lesen  92 ms rechnen
2026-09-08T00:00:17.877Z  DZSI/2018       roh           8728 reg. Kerzen        0/0/0 von 250  Tagen gewertet (1m/5m/15m)        0 Signale  33 ms lesen  176 ms rechnen
2026-09-08T00:00:18.229Z  DZSI/2019       roh          18810 reg. Kerzen        0/0/0 von 252  Tagen gewertet (1m/5m/15m)        0 Signale  91 ms lesen  220 ms rechnen
2026-09-08T00:00:18.762Z  DZSI/2020       roh          20000 reg. Kerzen        0/0/0 von 253  Tagen gewertet (1m/5m/15m)        0 Signale  54 ms lesen  393 ms rechnen
2026-09-08T00:00:19.502Z  DZSI/2021       roh          32502 reg. Kerzen        0/0/0 von 252  Tagen gewertet (1m/5m/15m)        0 Signale  168 ms lesen  467 ms rechnen
2026-09-08T00:00:20.239Z  DZSI/2022       roh          30961 reg. Kerzen        0/0/0 von 251  Tagen gewertet (1m/5m/15m)        0 Signale  91 ms lesen  367 ms rechnen
2026-09-08T00:00:21.082Z  DZSI/2023       roh          40343 reg. Kerzen        0/0/0 von 250  Tagen gewertet (1m/5m/15m)        0 Signale  156 ms lesen  558 ms rechnen
2026-09-08T00:00:21.547Z  DZSI/2024       roh          13809 reg. Kerzen        0/0/0 von 151  Tagen gewertet (1m/5m/15m)        0 Signale  57 ms lesen  158 ms rechnen
2026-09-08T00:00:21.612Z  AUSGELASSEN DZSI/2025: Datei fehlt
2026-09-08T00:00:44.983Z  EAT/2016        roh          92383 reg. Kerzen    0/232/232 von 252  Tagen gewertet (1m/5m/15m)     5781 Signale  268 ms lesen  23084 ms rechnen
2026-09-08T00:01:09.280Z  EAT/2017        roh          90648 reg. Kerzen    0/251/251 von 251  Tagen gewertet (1m/5m/15m)     6368 Signale  258 ms lesen  23615 ms rechnen
2026-09-08T00:01:35.376Z  EAT/2018        roh          90960 reg. Kerzen    0/251/251 von 251  Tagen gewertet (1m/5m/15m)     6684 Signale  264 ms lesen  25426 ms rechnen
2026-09-08T00:02:01.701Z  EAT/2019        roh          89256 reg. Kerzen    0/252/252 von 252  Tagen gewertet (1m/5m/15m)     6591 Signale  309 ms lesen  25532 ms rechnen
2026-09-08T00:02:32.320Z  EAT/2020        roh          95441 reg. Kerzen    0/253/253 von 253  Tagen gewertet (1m/5m/15m)     6875 Signale  398 ms lesen  29752 ms rechnen
2026-09-08T00:03:01.556Z  EAT/2021        roh          88834 reg. Kerzen    0/251/251 von 252  Tagen gewertet (1m/5m/15m)     6790 Signale  237 ms lesen  28528 ms rechnen
2026-09-08T00:03:32.482Z  EAT/2022        roh          90346 reg. Kerzen    0/250/250 von 251  Tagen gewertet (1m/5m/15m)     6853 Signale  254 ms lesen  30238 ms rechnen
2026-09-08T00:04:01.774Z  EAT/2023        roh          89466 reg. Kerzen    0/250/250 von 250  Tagen gewertet (1m/5m/15m)     6631 Signale  211 ms lesen  28565 ms rechnen
2026-09-08T00:04:28.655Z  EAT/2024        roh          91746 reg. Kerzen    0/252/252 von 252  Tagen gewertet (1m/5m/15m)     6609 Signale  294 ms lesen  26157 ms rechnen
2026-09-08T00:04:57.142Z  EAT/2025        roh          89808 reg. Kerzen    0/250/250 von 250  Tagen gewertet (1m/5m/15m)     6682 Signale  324 ms lesen  27660 ms rechnen
2026-09-08T00:05:15.609Z  EAT/2026        roh          55369 reg. Kerzen    0/166/166 von 166  Tagen gewertet (1m/5m/15m)     4528 Signale  217 ms lesen  17740 ms rechnen
2026-09-08T00:05:16.378Z  EBR/2016        roh          25723 reg. Kerzen        0/0/0 von 149  Tagen gewertet (1m/5m/15m)        0 Signale  162 ms lesen  319 ms rechnen
2026-09-08T00:05:17.270Z  EBR/2017        roh          52677 reg. Kerzen        0/0/0 von 251  Tagen gewertet (1m/5m/15m)        0 Signale  165 ms lesen  598 ms rechnen
2026-09-08T00:05:18.299Z  EBR/2018        roh          56370 reg. Kerzen        0/0/0 von 251  Tagen gewertet (1m/5m/15m)        0 Signale  217 ms lesen  555 ms rechnen
2026-09-08T00:05:23.613Z  EBR/2019        roh          69160 reg. Kerzen      0/38/38 von 252  Tagen gewertet (1m/5m/15m)     1055 Signale  154 ms lesen  4878 ms rechnen
2026-09-08T00:05:26.742Z  EBR/2020        roh          76200 reg. Kerzen      0/16/16 von 253  Tagen gewertet (1m/5m/15m)      469 Signale  170 ms lesen  2670 ms rechnen
2026-09-08T00:05:47.421Z  EBR/2021        roh          79625 reg. Kerzen    0/187/187 von 252  Tagen gewertet (1m/5m/15m)     5181 Signale  455 ms lesen  19917 ms rechnen
2026-09-08T00:06:15.081Z  EBR/2022        roh          89599 reg. Kerzen    0/250/250 von 251  Tagen gewertet (1m/5m/15m)     6934 Signale  333 ms lesen  27020 ms rechnen
2026-09-08T00:06:39.005Z  EBR/2023        roh          82715 reg. Kerzen    0/234/234 von 250  Tagen gewertet (1m/5m/15m)     6378 Signale  165 ms lesen  23282 ms rechnen
2026-09-08T00:07:02.633Z  EBR/2024        roh          77739 reg. Kerzen    0/220/220 von 252  Tagen gewertet (1m/5m/15m)     6018 Signale  404 ms lesen  22867 ms rechnen
2026-09-08T00:07:22.850Z  EBR/2025        roh          67263 reg. Kerzen    0/213/213 von 214  Tagen gewertet (1m/5m/15m)     5711 Signale  165 ms lesen  19669 ms rechnen
2026-09-08T00:07:23.211Z  ECDA/2022       bereinigt      120 reg. Kerzen        0/0/0 von 13   Tagen gewertet (1m/5m/15m)        0 Signale  31 ms lesen  3 ms rechnen
2026-09-08T00:07:23.317Z  ECDA/2023       bereinigt     3180 reg. Kerzen        0/0/0 von 164  Tagen gewertet (1m/5m/15m)        0 Signale  47 ms lesen  56 ms rechnen
2026-09-08T00:07:23.649Z  ECDA/2024       bereinigt    11099 reg. Kerzen        0/0/0 von 252  Tagen gewertet (1m/5m/15m)        0 Signale  144 ms lesen  172 ms rechnen
2026-09-08T00:07:24.229Z  ECDA/2025       bereinigt    30529 reg. Kerzen        0/0/0 von 250  Tagen gewertet (1m/5m/15m)        0 Signale  200 ms lesen  322 ms rechnen
2026-09-08T00:07:24.503Z  ECDA/2026       roh           2243 reg. Kerzen        0/0/0 von 10   Tagen gewertet (1m/5m/15m)        0 Signale  67 ms lesen  74 ms rechnen
2026-09-08T00:07:25.144Z  ECYT/2016       roh          41737 reg. Kerzen        0/0/0 von 252  Tagen gewertet (1m/5m/15m)        0 Signale  129 ms lesen  494 ms rechnen
2026-09-08T00:07:28.171Z  ECYT/2017       roh          55695 reg. Kerzen      0/17/17 von 251  Tagen gewertet (1m/5m/15m)      461 Signale  151 ms lesen  2696 ms rechnen
2026-09-08T00:07:49.457Z  ECYT/2018       roh          83269 reg. Kerzen    0/196/196 von 245  Tagen gewertet (1m/5m/15m)     4992 Signale  175 ms lesen  20849 ms rechnen
2026-09-08T00:08:10.705Z  EDR/2016        roh          82689 reg. Kerzen    0/232/232 von 252  Tagen gewertet (1m/5m/15m)     5707 Signale  248 ms lesen  20506 ms rechnen
2026-09-08T00:08:33.112Z  EDR/2017        roh          74476 reg. Kerzen    0/250/250 von 251  Tagen gewertet (1m/5m/15m)     5842 Signale  305 ms lesen  21606 ms rechnen
2026-09-08T00:08:48.156Z  EDR/2018        roh          59034 reg. Kerzen    0/181/181 von 181  Tagen gewertet (1m/5m/15m)     3963 Signale  223 ms lesen  14504 ms rechnen
2026-09-08T00:08:48.406Z  AUSGELASSEN EDR/2019: Datei fehlt
2026-09-08T00:08:48.751Z  AUSGELASSEN EDR/2020: Datei fehlt
2026-09-08T00:09:05.024Z  EDR/2021        roh          55988 reg. Kerzen    0/152/152 von 172  Tagen gewertet (1m/5m/15m)     4101 Signale  265 ms lesen  16007 ms rechnen
2026-09-08T00:09:32.525Z  EDR/2022        roh          88519 reg. Kerzen    0/250/250 von 251  Tagen gewertet (1m/5m/15m)     6821 Signale  217 ms lesen  26940 ms rechnen
2026-09-08T00:09:59.207Z  EDR/2023        roh          93330 reg. Kerzen    0/250/250 von 250  Tagen gewertet (1m/5m/15m)     6417 Signale  431 ms lesen  25664 ms rechnen
2026-09-08T00:10:17.717Z  EDR/2024        roh          86517 reg. Kerzen    0/251/252 von 252  Tagen gewertet (1m/5m/15m)     4828 Signale  195 ms lesen  17865 ms rechnen
2026-09-08T00:10:22.637Z  EDR/2025        roh          14380 reg. Kerzen      0/50/53 von 54   Tagen gewertet (1m/5m/15m)     1227 Signale  84 ms lesen  4413 ms rechnen
2026-09-08T00:10:22.869Z  EFBI/2017       roh           1265 reg. Kerzen        0/0/0 von 103  Tagen gewertet (1m/5m/15m)        0 Signale  18 ms lesen  19 ms rechnen
2026-09-08T00:10:22.918Z  EFBI/2018       roh            420 reg. Kerzen        0/0/0 von 133  Tagen gewertet (1m/5m/15m)        0 Signale  17 ms lesen  26 ms rechnen
2026-09-08T00:10:22.943Z  EFBI/2019       roh            290 reg. Kerzen        0/0/0 von 116  Tagen gewertet (1m/5m/15m)        0 Signale  6 ms lesen  15 ms rechnen
2026-09-08T00:10:41.981Z  EG/2016         roh          65774 reg. Kerzen    0/232/232 von 252  Tagen gewertet (1m/5m/15m)     5218 Signale  337 ms lesen  18694 ms rechnen
2026-09-08T00:11:02.063Z  EG/2017         roh          66444 reg. Kerzen    0/251/251 von 251  Tagen gewertet (1m/5m/15m)     5799 Signale  245 ms lesen  19518 ms rechnen
2026-09-08T00:11:24.152Z  EG/2018         roh          62120 reg. Kerzen    0/251/251 von 251  Tagen gewertet (1m/5m/15m)     6152 Signale  214 ms lesen  21560 ms rechnen
2026-09-08T00:11:46.793Z  EG/2019         roh          61011 reg. Kerzen    0/250/252 von 252  Tagen gewertet (1m/5m/15m)     5952 Signale  224 ms lesen  22066 ms rechnen
2026-09-08T00:12:11.784Z  EG/2020         roh          65385 reg. Kerzen    0/253/253 von 253  Tagen gewertet (1m/5m/15m)     6562 Signale  268 ms lesen  24441 ms rechnen
2026-09-08T00:12:34.384Z  EG/2021         roh          58371 reg. Kerzen    0/247/250 von 252  Tagen gewertet (1m/5m/15m)     6138 Signale  291 ms lesen  22023 ms rechnen
2026-09-08T00:12:57.983Z  EG/2022         roh          53502 reg. Kerzen    0/244/249 von 251  Tagen gewertet (1m/5m/15m)     6257 Signale  328 ms lesen  22962 ms rechnen
2026-09-08T00:13:19.868Z  EG/2023         roh          54633 reg. Kerzen    0/244/250 von 250  Tagen gewertet (1m/5m/15m)     6251 Signale  218 ms lesen  21420 ms rechnen
2026-09-08T00:13:40.247Z  EG/2024         roh          51002 reg. Kerzen    0/233/252 von 252  Tagen gewertet (1m/5m/15m)     5828 Signale  188 ms lesen  19907 ms rechnen
2026-09-08T00:14:02.007Z  EG/2025         roh          58650 reg. Kerzen    0/241/250 von 250  Tagen gewertet (1m/5m/15m)     6080 Signale  195 ms lesen  21334 ms rechnen
2026-09-08T00:14:18.238Z  EG/2026         roh          55402 reg. Kerzen    0/166/166 von 166  Tagen gewertet (1m/5m/15m)     4131 Signale  340 ms lesen  15585 ms rechnen
2026-09-08T00:14:19.897Z  EGLX/2021       roh          44241 reg. Kerzen        0/7/7 von 178  Tagen gewertet (1m/5m/15m)      187 Signale  151 ms lesen  1198 ms rechnen
2026-09-08T00:14:20.763Z  EGLX/2022       roh          48140 reg. Kerzen        0/0/0 von 251  Tagen gewertet (1m/5m/15m)        0 Signale  114 ms lesen  549 ms rechnen
2026-09-08T00:14:21.524Z  EGLX/2023       roh          22412 reg. Kerzen        0/0/0 von 207  Tagen gewertet (1m/5m/15m)        0 Signale  129 ms lesen  284 ms rechnen
2026-09-08T00:14:22.161Z  EGY/2016        roh          37283 reg. Kerzen        0/0/0 von 252  Tagen gewertet (1m/5m/15m)        0 Signale  124 ms lesen  360 ms rechnen
2026-09-08T00:14:22.878Z  EGY/2017        roh          27406 reg. Kerzen        0/0/0 von 251  Tagen gewertet (1m/5m/15m)        0 Signale  146 ms lesen  368 ms rechnen
2026-09-08T00:14:23.631Z  EGY/2018        roh          47455 reg. Kerzen        0/0/0 von 251  Tagen gewertet (1m/5m/15m)        0 Signale  138 ms lesen  482 ms rechnen
2026-09-08T00:14:24.788Z  EGY/2019        roh          43181 reg. Kerzen        0/0/0 von 252  Tagen gewertet (1m/5m/15m)        0 Signale  368 ms lesen  517 ms rechnen
2026-09-08T00:14:25.565Z  EGY/2020        roh          35539 reg. Kerzen        0/0/0 von 253  Tagen gewertet (1m/5m/15m)        0 Signale  129 ms lesen  473 ms rechnen
2026-09-08T00:14:26.498Z  EGY/2021        roh          41230 reg. Kerzen        0/0/0 von 252  Tagen gewertet (1m/5m/15m)        0 Signale  168 ms lesen  615 ms rechnen
2026-09-08T00:14:51.660Z  EGY/2022        roh          88054 reg. Kerzen    0/216/216 von 251  Tagen gewertet (1m/5m/15m)     6116 Signale  275 ms lesen  24660 ms rechnen
2026-09-08T00:14:58.874Z  EGY/2023        roh          82256 reg. Kerzen      0/52/52 von 250  Tagen gewertet (1m/5m/15m)     1405 Signale  268 ms lesen  6541 ms rechnen
2026-09-08T00:15:07.984Z  EGY/2024        roh          80143 reg. Kerzen      0/76/76 von 252  Tagen gewertet (1m/5m/15m)     2103 Signale  259 ms lesen  8499 ms rechnen
2026-09-08T00:15:09.450Z  EGY/2025        roh          75197 reg. Kerzen        0/0/0 von 250  Tagen gewertet (1m/5m/15m)        0 Signale  234 ms lesen  710 ms rechnen
2026-09-08T00:15:21.213Z  EGY/2026        roh          55973 reg. Kerzen    0/113/113 von 166  Tagen gewertet (1m/5m/15m)     3102 Signale  154 ms lesen  11223 ms rechnen
2026-09-08T00:15:26.542Z  EIGI/2016       roh          73995 reg. Kerzen      0/41/41 von 252  Tagen gewertet (1m/5m/15m)     1090 Signale  168 ms lesen  4920 ms rechnen
2026-09-08T00:15:29.741Z  EIGI/2017       roh          68323 reg. Kerzen      0/16/16 von 251  Tagen gewertet (1m/5m/15m)      443 Signale  200 ms lesen  2630 ms rechnen
2026-09-08T00:15:35.695Z  EIGI/2018       roh          67722 reg. Kerzen      0/44/44 von 251  Tagen gewertet (1m/5m/15m)     1151 Signale  343 ms lesen  5305 ms rechnen
2026-09-08T00:15:36.710Z  EIGI/2019       roh          63771 reg. Kerzen        0/0/0 von 252  Tagen gewertet (1m/5m/15m)        0 Signale  119 ms lesen  598 ms rechnen
2026-09-08T00:15:39.909Z  EIGI/2020       roh          74489 reg. Kerzen      0/30/30 von 253  Tagen gewertet (1m/5m/15m)      510 Signale  189 ms lesen  2677 ms rechnen
2026-09-08T00:15:41.758Z  EIGI/2021       roh           8087 reg. Kerzen      0/25/26 von 27   Tagen gewertet (1m/5m/15m)      301 Signale  34 ms lesen  1441 ms rechnen
2026-09-08T00:15:41.892Z  ELEC/2016       roh            449 reg. Kerzen        0/0/0 von 127  Tagen gewertet (1m/5m/15m)        0 Signale  63 ms lesen  30 ms rechnen
2026-09-08T00:15:41.971Z  ELEC/2017       roh            635 reg. Kerzen        0/0/0 von 145  Tagen gewertet (1m/5m/15m)        0 Signale  47 ms lesen  29 ms rechnen
2026-09-08T00:15:42.010Z  ELEC/2018       roh            178 reg. Kerzen        0/0/0 von 49   Tagen gewertet (1m/5m/15m)        0 Signale  10 ms lesen  23 ms rechnen
2026-09-08T00:15:45.047Z  ELNK/2016       roh          77193 reg. Kerzen      0/21/21 von 252  Tagen gewertet (1m/5m/15m)      561 Signale  222 ms lesen  2799 ms rechnen
2026-09-08T00:15:45.550Z  ELNK/2017       roh           9941 reg. Kerzen        0/0/0 von 37   Tagen gewertet (1m/5m/15m)        0 Signale  48 ms lesen  120 ms rechnen
2026-09-08T00:15:46.714Z  ELYM/2021       roh          11661 reg. Kerzen        0/7/9 von 101  Tagen gewertet (1m/5m/15m)      204 Signale  56 ms lesen  1057 ms rechnen
2026-09-08T00:15:47.046Z  ELYM/2022       roh          10667 reg. Kerzen        0/0/0 von 248  Tagen gewertet (1m/5m/15m)        0 Signale  105 ms lesen  172 ms rechnen
2026-09-08T00:15:47.175Z  ELYM/2023       roh           3977 reg. Kerzen        0/0/0 von 243  Tagen gewertet (1m/5m/15m)        0 Signale  28 ms lesen  53 ms rechnen
2026-09-08T00:15:47.464Z  ELYM/2024       roh          18723 reg. Kerzen        0/0/0 von 186  Tagen gewertet (1m/5m/15m)        0 Signale  53 ms lesen  213 ms rechnen
2026-09-08T00:15:47.893Z  EMCI/2016       roh          13733 reg. Kerzen        0/0/0 von 252  Tagen gewertet (1m/5m/15m)        0 Signale  96 ms lesen  177 ms rechnen
2026-09-08T00:15:48.143Z  EMCI/2017       roh           9632 reg. Kerzen        0/0/0 von 251  Tagen gewertet (1m/5m/15m)        0 Signale  48 ms lesen  130 ms rechnen
2026-09-08T00:15:48.352Z  EMCI/2018       roh           8234 reg. Kerzen        0/0/0 von 251  Tagen gewertet (1m/5m/15m)        0 Signale  53 ms lesen  110 ms rechnen
2026-09-08T00:15:48.507Z  EMCI/2019       roh           6632 reg. Kerzen        0/0/0 von 181  Tagen gewertet (1m/5m/15m)        0 Signale  24 ms lesen  90 ms rechnen
2026-09-08T00:16:09.858Z  EMN/2016        roh          94713 reg. Kerzen    0/232/232 von 252  Tagen gewertet (1m/5m/15m)     5892 Signale  419 ms lesen  20886 ms rechnen
2026-09-08T00:16:31.918Z  EMN/2017        roh          91161 reg. Kerzen    0/251/251 von 251  Tagen gewertet (1m/5m/15m)     5899 Signale  292 ms lesen  21251 ms rechnen
2026-09-08T00:16:56.098Z  EMN/2018        roh          91773 reg. Kerzen    0/251/251 von 251  Tagen gewertet (1m/5m/15m)     6311 Signale  367 ms lesen  23364 ms rechnen
2026-09-08T00:17:20.866Z  EMN/2019        roh          93142 reg. Kerzen    0/252/252 von 252  Tagen gewertet (1m/5m/15m)     6341 Signale  302 ms lesen  24066 ms rechnen
2026-09-08T00:17:47.424Z  EMN/2020        roh          93000 reg. Kerzen    0/253/253 von 253  Tagen gewertet (1m/5m/15m)     6632 Signale  242 ms lesen  25852 ms rechnen
2026-09-08T00:18:11.369Z  EMN/2021        roh          86831 reg. Kerzen    0/251/251 von 252  Tagen gewertet (1m/5m/15m)     6450 Signale  282 ms lesen  23230 ms rechnen
2026-09-08T00:18:36.784Z  EMN/2022        roh          92611 reg. Kerzen    0/250/250 von 251  Tagen gewertet (1m/5m/15m)     6653 Signale  307 ms lesen  24611 ms rechnen
2026-09-08T00:19:00.096Z  EMN/2023        roh          87407 reg. Kerzen    0/250/250 von 250  Tagen gewertet (1m/5m/15m)     6434 Signale  364 ms lesen  22463 ms rechnen
2026-09-08T00:19:22.983Z  EMN/2024        roh          83356 reg. Kerzen    0/252/252 von 252  Tagen gewertet (1m/5m/15m)     6052 Signale  272 ms lesen  22221 ms rechnen
2026-09-08T00:19:48.157Z  EMN/2025        roh          90808 reg. Kerzen    0/250/250 von 250  Tagen gewertet (1m/5m/15m)     6491 Signale  287 ms lesen  24502 ms rechnen
2026-09-08T00:20:05.562Z  EMN/2026        roh          58328 reg. Kerzen    0/166/166 von 166  Tagen gewertet (1m/5m/15m)     4389 Signale  313 ms lesen  16634 ms rechnen
2026-09-08T00:20:32.124Z  ENDP/2016       roh          97895 reg. Kerzen    0/232/232 von 252  Tagen gewertet (1m/5m/15m)     6391 Signale  413 ms lesen  25811 ms rechnen
2026-09-08T00:21:00.349Z  ENDP/2017       roh          97226 reg. Kerzen    0/251/251 von 251  Tagen gewertet (1m/5m/15m)     6818 Signale  275 ms lesen  27489 ms rechnen
2026-09-08T00:21:29.395Z  ENDP/2018       roh          95794 reg. Kerzen    0/249/249 von 251  Tagen gewertet (1m/5m/15m)     6802 Signale  280 ms lesen  28273 ms rechnen
2026-09-08T00:21:59.056Z  ENDP/2019       roh          96454 reg. Kerzen    0/252/252 von 252  Tagen gewertet (1m/5m/15m)     6965 Signale  243 ms lesen  28891 ms rechnen
2026-09-08T00:22:28.867Z  ENDP/2020       roh          96062 reg. Kerzen    0/253/253 von 253  Tagen gewertet (1m/5m/15m)     6908 Signale  273 ms lesen  29082 ms rechnen
2026-09-08T00:22:59.107Z  ENDP/2021       roh          95694 reg. Kerzen    0/252/252 von 252  Tagen gewertet (1m/5m/15m)     6989 Signale  276 ms lesen  29261 ms rechnen
2026-09-08T00:23:03.311Z  CHECKPOINT 1600 Dateien, 348 min, Detektorfehler {}
2026-09-08T00:23:22.893Z  ENDP/2022       roh          62421 reg. Kerzen    0/163/163 von 163  Tagen gewertet (1m/5m/15m)     4476 Signale  247 ms lesen  19335 ms rechnen
2026-09-08T00:23:28.601Z  ENI/2016        roh          25276 reg. Kerzen      0/59/59 von 79   Tagen gewertet (1m/5m/15m)     1543 Signale  66 ms lesen  5286 ms rechnen
2026-09-08T00:23:50.904Z  ENOV/2016       roh          88340 reg. Kerzen    0/232/232 von 252  Tagen gewertet (1m/5m/15m)     6193 Signale  269 ms lesen  21846 ms rechnen
2026-09-08T00:24:14.791Z  ENOV/2017       roh          81638 reg. Kerzen    0/250/250 von 251  Tagen gewertet (1m/5m/15m)     6351 Signale  248 ms lesen  23252 ms rechnen
2026-09-08T00:24:38.841Z  ENOV/2018       roh          85093 reg. Kerzen    0/251/251 von 251  Tagen gewertet (1m/5m/15m)     6494 Signale  232 ms lesen  23452 ms rechnen
2026-09-08T00:25:05.423Z  ENOV/2019       roh          93744 reg. Kerzen    0/252/252 von 252  Tagen gewertet (1m/5m/15m)     6550 Signale  551 ms lesen  25614 ms rechnen
2026-09-08T00:25:33.678Z  ENOV/2020       roh          91351 reg. Kerzen    0/253/253 von 253  Tagen gewertet (1m/5m/15m)     6789 Signale  301 ms lesen  27503 ms rechnen
2026-09-08T00:25:59.167Z  ENOV/2021       roh          89688 reg. Kerzen    0/250/250 von 252  Tagen gewertet (1m/5m/15m)     6442 Signale  304 ms lesen  24705 ms rechnen
2026-09-08T00:26:24.485Z  ENOV/2022       roh          71800 reg. Kerzen    0/248/249 von 251  Tagen gewertet (1m/5m/15m)     6737 Signale  211 ms lesen  24703 ms rechnen
2026-09-08T00:26:48.349Z  ENOV/2023       roh          64759 reg. Kerzen    0/249/249 von 250  Tagen gewertet (1m/5m/15m)     6292 Signale  253 ms lesen  23255 ms rechnen
2026-09-08T00:27:13.231Z  ENOV/2024       roh          66332 reg. Kerzen    0/252/252 von 252  Tagen gewertet (1m/5m/15m)     6496 Signale  220 ms lesen  24273 ms rechnen
2026-09-08T00:27:40.413Z  ENOV/2025       roh          78453 reg. Kerzen    0/250/250 von 250  Tagen gewertet (1m/5m/15m)     6641 Signale  205 ms lesen  26671 ms rechnen
2026-09-08T00:27:59.750Z  ENOV/2026       roh          51804 reg. Kerzen    0/166/166 von 166  Tagen gewertet (1m/5m/15m)     4469 Signale  170 ms lesen  18729 ms rechnen
2026-09-08T00:28:00.919Z  ENT/2016        bereinigt    62141 reg. Kerzen        0/0/0 von 252  Tagen gewertet (1m/5m/15m)        0 Signale  193 ms lesen  695 ms rechnen
2026-09-08T00:28:02.433Z  ENT/2017        bereinigt    66364 reg. Kerzen        0/0/0 von 251  Tagen gewertet (1m/5m/15m)        0 Signale  295 ms lesen  863 ms rechnen
2026-09-08T00:28:03.631Z  ENT/2018        bereinigt    53733 reg. Kerzen        0/0/0 von 251  Tagen gewertet (1m/5m/15m)        0 Signale  164 ms lesen  709 ms rechnen
2026-09-08T00:28:04.657Z  ENT/2019        bereinigt    41937 reg. Kerzen        0/0/0 von 252  Tagen gewertet (1m/5m/15m)        0 Signale  277 ms lesen  443 ms rechnen
2026-09-08T00:28:05.383Z  ENT/2020        bereinigt    21383 reg. Kerzen        0/0/0 von 148  Tagen gewertet (1m/5m/15m)        0 Signale  99 ms lesen  395 ms rechnen
2026-09-08T00:28:06.284Z  ENZ/2016        roh          49712 reg. Kerzen        0/0/0 von 252  Tagen gewertet (1m/5m/15m)        0 Signale  145 ms lesen  631 ms rechnen
2026-09-08T00:28:07.355Z  ENZ/2017        roh          47848 reg. Kerzen        0/0/0 von 251  Tagen gewertet (1m/5m/15m)        0 Signale  171 ms lesen  649 ms rechnen
2026-09-08T00:28:08.585Z  ENZ/2018        roh          41182 reg. Kerzen        0/0/0 von 251  Tagen gewertet (1m/5m/15m)        0 Signale  225 ms lesen  789 ms rechnen
2026-09-08T00:28:09.305Z  ENZ/2019        roh          33570 reg. Kerzen        0/0/0 von 252  Tagen gewertet (1m/5m/15m)        0 Signale  144 ms lesen  400 ms rechnen
2026-09-08T00:28:10.237Z  ENZ/2020        roh          51018 reg. Kerzen        0/0/0 von 253  Tagen gewertet (1m/5m/15m)        0 Signale  216 ms lesen  549 ms rechnen
2026-09-08T00:28:11.155Z  ENZ/2021        roh          41485 reg. Kerzen        0/0/0 von 252  Tagen gewertet (1m/5m/15m)        0 Signale  199 ms lesen  495 ms rechnen
2026-09-08T00:28:11.645Z  ENZ/2022        roh          14723 reg. Kerzen        0/0/0 von 250  Tagen gewertet (1m/5m/15m)        0 Signale  72 ms lesen  219 ms rechnen
2026-09-08T00:28:12.125Z  ENZ/2023        roh          23773 reg. Kerzen        0/0/0 von 250  Tagen gewertet (1m/5m/15m)        0 Signale  89 ms lesen  326 ms rechnen
2026-09-08T00:28:12.586Z  ENZ/2024        roh          15593 reg. Kerzen        0/0/0 von 252  Tagen gewertet (1m/5m/15m)        0 Signale  60 ms lesen  250 ms rechnen
2026-09-08T00:28:12.907Z  ENZ/2025        roh           6570 reg. Kerzen        0/0/0 von 73   Tagen gewertet (1m/5m/15m)        0 Signale  122 ms lesen  127 ms rechnen
2026-09-08T00:28:17.218Z  EOSE/2020       roh          23778 reg. Kerzen      0/35/35 von 144  Tagen gewertet (1m/5m/15m)      909 Signale  83 ms lesen  4162 ms rechnen
2026-09-08T00:28:38.163Z  EOSE/2021       roh          72668 reg. Kerzen    0/173/173 von 252  Tagen gewertet (1m/5m/15m)     4814 Signale  281 ms lesen  20543 ms rechnen
2026-09-08T00:28:45.447Z  EOSE/2022       roh          81646 reg. Kerzen      0/47/47 von 251  Tagen gewertet (1m/5m/15m)     1292 Signale  770 ms lesen  6196 ms rechnen
2026-09-08T00:29:09.767Z  EOSE/2023       roh          92346 reg. Kerzen    0/188/188 von 250  Tagen gewertet (1m/5m/15m)     5227 Signale  537 ms lesen  23413 ms rechnen
2026-09-08T00:29:30.150Z  EOSE/2024       roh          94833 reg. Kerzen    0/154/154 von 252  Tagen gewertet (1m/5m/15m)     4181 Signale  394 ms lesen  19384 ms rechnen
2026-09-08T00:30:00.789Z  EOSE/2025       roh          96639 reg. Kerzen    0/250/250 von 250  Tagen gewertet (1m/5m/15m)     6862 Signale  434 ms lesen  29656 ms rechnen
2026-09-08T00:30:21.259Z  EOSE/2026       roh          64735 reg. Kerzen    0/166/166 von 166  Tagen gewertet (1m/5m/15m)     4571 Signale  349 ms lesen  19438 ms rechnen
2026-09-08T00:30:21.920Z  EPHY/2021       roh           9476 reg. Kerzen        0/0/0 von 214  Tagen gewertet (1m/5m/15m)        0 Signale  45 ms lesen  141 ms rechnen
2026-09-08T00:30:22.161Z  EPHY/2022       roh           4983 reg. Kerzen        0/0/0 von 251  Tagen gewertet (1m/5m/15m)        0 Signale  50 ms lesen  100 ms rechnen
2026-09-08T00:30:22.232Z  EPHY/2023       roh            338 reg. Kerzen        0/0/0 von 8    Tagen gewertet (1m/5m/15m)        0 Signale  31 ms lesen  14 ms rechnen
2026-09-08T00:30:22.282Z  EQD/2020        roh           1763 reg. Kerzen        0/0/0 von 36   Tagen gewertet (1m/5m/15m)        0 Signale  20 ms lesen  22 ms rechnen
2026-09-08T00:30:22.612Z  EQD/2021        roh          17812 reg. Kerzen        0/0/0 von 251  Tagen gewertet (1m/5m/15m)        0 Signale  135 ms lesen  186 ms rechnen
2026-09-08T00:30:22.822Z  EQD/2022        roh           2503 reg. Kerzen        0/0/0 von 177  Tagen gewertet (1m/5m/15m)        0 Signale  28 ms lesen  36 ms rechnen
2026-09-08T00:30:23.098Z  EQOS/2020       roh           7496 reg. Kerzen        0/1/1 von 64   Tagen gewertet (1m/5m/15m)       22 Signale  55 ms lesen  208 ms rechnen
2026-09-08T00:30:38.084Z  EQOS/2021       roh          67316 reg. Kerzen    0/114/114 von 252  Tagen gewertet (1m/5m/15m)     3165 Signale  319 ms lesen  14631 ms rechnen
2026-09-08T00:30:38.932Z  EQOS/2022       roh          34901 reg. Kerzen        0/0/0 von 229  Tagen gewertet (1m/5m/15m)        0 Signale  149 ms lesen  421 ms rechnen
2026-09-08T00:30:45.711Z  ERAS/2021       roh          25795 reg. Kerzen      0/53/55 von 118  Tagen gewertet (1m/5m/15m)     1422 Signale  82 ms lesen  6487 ms rechnen
2026-09-08T00:30:56.815Z  ERAS/2022       roh          68555 reg. Kerzen      0/84/84 von 251  Tagen gewertet (1m/5m/15m)     2285 Signale  345 ms lesen  10515 ms rechnen
2026-09-08T00:30:59.390Z  ERAS/2023       roh          73785 reg. Kerzen        0/9/9 von 250  Tagen gewertet (1m/5m/15m)      262 Signale  164 ms lesen  1956 ms rechnen
2026-09-08T00:31:02.205Z  ERAS/2024       roh          76906 reg. Kerzen        0/9/9 von 252  Tagen gewertet (1m/5m/15m)      242 Signale  219 ms lesen  2235 ms rechnen
2026-09-08T00:31:05.207Z  ERAS/2025       roh          79199 reg. Kerzen      0/11/11 von 250  Tagen gewertet (1m/5m/15m)      290 Signale  267 ms lesen  2329 ms rechnen
2026-09-08T00:31:24.667Z  ERAS/2026       roh          63933 reg. Kerzen    0/166/166 von 166  Tagen gewertet (1m/5m/15m)     4518 Signale  445 ms lesen  18603 ms rechnen
2026-09-08T00:31:25.250Z  ERN/2016        roh          20764 reg. Kerzen        0/0/0 von 252  Tagen gewertet (1m/5m/15m)        0 Signale  68 ms lesen  206 ms rechnen
2026-09-08T00:31:25.664Z  ERN/2017        roh          14716 reg. Kerzen        0/0/0 von 251  Tagen gewertet (1m/5m/15m)        0 Signale  70 ms lesen  253 ms rechnen
2026-09-08T00:31:25.838Z  ERN/2018        roh           3587 reg. Kerzen        0/0/0 von 79   Tagen gewertet (1m/5m/15m)        0 Signale  38 ms lesen  68 ms rechnen
2026-09-08T00:31:25.961Z  ESBK/2016       roh           1343 reg. Kerzen        0/0/0 von 218  Tagen gewertet (1m/5m/15m)        0 Signale  44 ms lesen  48 ms rechnen
2026-09-08T00:31:26.034Z  ESBK/2017       roh           1636 reg. Kerzen        0/0/0 von 239  Tagen gewertet (1m/5m/15m)        0 Signale  31 ms lesen  33 ms rechnen
2026-09-08T00:31:26.113Z  ESBK/2018       roh           1934 reg. Kerzen        0/0/0 von 241  Tagen gewertet (1m/5m/15m)        0 Signale  29 ms lesen  36 ms rechnen
2026-09-08T00:31:26.193Z  ESBK/2019       roh           2777 reg. Kerzen        0/0/0 von 247  Tagen gewertet (1m/5m/15m)        0 Signale  23 ms lesen  45 ms rechnen
2026-09-08T00:31:26.310Z  ESBK/2020       roh           1458 reg. Kerzen        0/0/0 von 242  Tagen gewertet (1m/5m/15m)        0 Signale  46 ms lesen  54 ms rechnen
2026-09-08T00:31:26.372Z  ESBK/2021       roh           2030 reg. Kerzen        0/0/0 von 240  Tagen gewertet (1m/5m/15m)        0 Signale  20 ms lesen  33 ms rechnen
2026-09-08T00:31:26.408Z  ESBK/2022       roh            446 reg. Kerzen        0/0/0 von 82   Tagen gewertet (1m/5m/15m)        0 Signale  16 ms lesen  9 ms rechnen
2026-09-08T00:31:26.431Z  ESHA/2023       roh            480 reg. Kerzen        0/0/0 von 82   Tagen gewertet (1m/5m/15m)        0 Signale  9 ms lesen  10 ms rechnen
2026-09-08T00:31:26.471Z  ESHA/2024       roh            633 reg. Kerzen        0/0/0 von 177  Tagen gewertet (1m/5m/15m)        0 Signale  16 ms lesen  19 ms rechnen
2026-09-08T00:31:26.502Z  ESHA/2025       roh           1108 reg. Kerzen        0/0/0 von 78   Tagen gewertet (1m/5m/15m)        0 Signale  11 ms lesen  14 ms rechnen
2026-09-08T00:31:26.548Z  ESHA/2026       roh           1234 reg. Kerzen        0/0/0 von 75   Tagen gewertet (1m/5m/15m)        0 Signale  13 ms lesen  27 ms rechnen
2026-09-08T00:31:32.225Z  ESND/2016       roh          54879 reg. Kerzen      0/49/50 von 252  Tagen gewertet (1m/5m/15m)     1227 Signale  156 ms lesen  5512 ms rechnen
2026-09-08T00:31:34.474Z  ESND/2017       roh          56837 reg. Kerzen        0/9/9 von 251  Tagen gewertet (1m/5m/15m)      232 Signale  357 ms lesen  1624 ms rechnen
2026-09-08T00:31:37.615Z  ESND/2018       roh          56799 reg. Kerzen      0/17/17 von 251  Tagen gewertet (1m/5m/15m)      455 Signale  309 ms lesen  2569 ms rechnen
2026-09-08T00:31:38.078Z  ESND/2019       roh           3020 reg. Kerzen        0/0/0 von 20   Tagen gewertet (1m/5m/15m)        0 Signale  81 ms lesen  81 ms rechnen
2026-09-08T00:31:41.631Z  ESTC/2018       roh          13278 reg. Kerzen      0/35/39 von 59   Tagen gewertet (1m/5m/15m)      982 Signale  90 ms lesen  3447 ms rechnen
2026-09-08T00:32:09.176Z  ESTC/2019       roh          84435 reg. Kerzen    0/250/251 von 252  Tagen gewertet (1m/5m/15m)     6622 Signale  310 ms lesen  27171 ms rechnen
2026-09-08T00:32:37.280Z  ESTC/2020       roh          90351 reg. Kerzen    0/253/253 von 253  Tagen gewertet (1m/5m/15m)     6867 Signale  196 ms lesen  27451 ms rechnen
2026-09-08T00:33:05.426Z  ESTC/2021       roh          85266 reg. Kerzen    0/250/250 von 252  Tagen gewertet (1m/5m/15m)     6903 Signale  294 ms lesen  27189 ms rechnen
2026-09-08T00:33:35.780Z  ESTC/2022       roh          92279 reg. Kerzen    0/250/250 von 251  Tagen gewertet (1m/5m/15m)     6921 Signale  459 ms lesen  29324 ms rechnen
2026-09-08T00:34:02.470Z  ESTC/2023       roh          89385 reg. Kerzen    0/250/250 von 250  Tagen gewertet (1m/5m/15m)     6731 Signale  228 ms lesen  26042 ms rechnen
2026-09-08T00:34:28.967Z  ESTC/2024       roh          87342 reg. Kerzen    0/252/252 von 252  Tagen gewertet (1m/5m/15m)     6559 Signale  247 ms lesen  25760 ms rechnen
2026-09-08T00:34:55.938Z  ESTC/2025       roh          90166 reg. Kerzen    0/250/250 von 250  Tagen gewertet (1m/5m/15m)     6666 Signale  225 ms lesen  26301 ms rechnen
2026-09-08T00:35:14.593Z  ESTC/2026       roh          61412 reg. Kerzen    0/166/166 von 166  Tagen gewertet (1m/5m/15m)     4444 Signale  152 ms lesen  18010 ms rechnen
2026-09-08T00:35:14.947Z  ETAO/2021       bereinigt      470 reg. Kerzen        0/0/0 von 71   Tagen gewertet (1m/5m/15m)        0 Signale  38 ms lesen  8 ms rechnen
2026-09-08T00:35:15.002Z  ETAO/2022       bereinigt      591 reg. Kerzen        0/0/0 von 133  Tagen gewertet (1m/5m/15m)        0 Signale  18 ms lesen  34 ms rechnen
2026-09-08T00:35:15.499Z  ETAO/2023       bereinigt    25364 reg. Kerzen        0/0/0 von 238  Tagen gewertet (1m/5m/15m)        0 Signale  206 ms lesen  285 ms rechnen
2026-09-08T00:35:15.787Z  ETAO/2024       bereinigt     4674 reg. Kerzen        0/0/0 von 89   Tagen gewertet (1m/5m/15m)        0 Signale  19 ms lesen  122 ms rechnen
2026-09-08T00:35:42.272Z  ETP/2016        roh          97338 reg. Kerzen    0/232/232 von 252  Tagen gewertet (1m/5m/15m)     6213 Signale  294 ms lesen  26142 ms rechnen
2026-09-08T00:36:06.300Z  ETP/2017        roh          96369 reg. Kerzen    0/250/250 von 250  Tagen gewertet (1m/5m/15m)     6427 Signale  234 ms lesen  23295 ms rechnen
2026-09-08T00:36:27.065Z  ETP/2018        roh          78233 reg. Kerzen    0/202/202 von 202  Tagen gewertet (1m/5m/15m)     5204 Signale  334 ms lesen  19999 ms rechnen
2026-09-08T00:36:48.078Z  EURN/2016       roh          80528 reg. Kerzen    0/185/185 von 252  Tagen gewertet (1m/5m/15m)     5151 Signale  309 ms lesen  20314 ms rechnen
2026-09-08T00:36:49.849Z  EURN/2017       roh          65052 reg. Kerzen        0/1/1 von 251  Tagen gewertet (1m/5m/15m)       27 Signale  180 ms lesen  1085 ms rechnen
2026-09-08T00:37:00.740Z  EURN/2018       roh          63697 reg. Kerzen      0/91/91 von 251  Tagen gewertet (1m/5m/15m)     2381 Signale  327 ms lesen  10218 ms rechnen
2026-09-08T00:37:07.497Z  EURN/2019       roh          70851 reg. Kerzen      0/56/56 von 252  Tagen gewertet (1m/5m/15m)     1479 Signale  241 ms lesen  6214 ms rechnen
2026-09-08T00:37:34.031Z  EURN/2020       roh          90708 reg. Kerzen    0/253/253 von 253  Tagen gewertet (1m/5m/15m)     6844 Signale  449 ms lesen  25746 ms rechnen
2026-09-08T00:37:59.812Z  EURN/2021       roh          82978 reg. Kerzen    0/250/250 von 252  Tagen gewertet (1m/5m/15m)     6695 Signale  515 ms lesen  24656 ms rechnen
2026-09-08T00:38:27.353Z  EURN/2022       roh          87846 reg. Kerzen    0/250/250 von 251  Tagen gewertet (1m/5m/15m)     6774 Signale  283 ms lesen  26830 ms rechnen
2026-09-08T00:38:50.787Z  EURN/2023       roh          89899 reg. Kerzen    0/250/250 von 250  Tagen gewertet (1m/5m/15m)     6174 Signale  386 ms lesen  22620 ms rechnen
2026-09-08T00:38:58.649Z  EURN/2024       roh          33840 reg. Kerzen      0/96/97 von 133  Tagen gewertet (1m/5m/15m)     1917 Signale  200 ms lesen  7168 ms rechnen
2026-09-08T00:38:58.978Z  EVE/2022        roh           1040 reg. Kerzen        0/0/0 von 202  Tagen gewertet (1m/5m/15m)        0 Signale  36 ms lesen  25 ms rechnen
2026-09-08T00:38:59.041Z  EVE/2023        roh           2412 reg. Kerzen        0/0/0 von 240  Tagen gewertet (1m/5m/15m)        0 Signale  21 ms lesen  34 ms rechnen
2026-09-08T00:38:59.112Z  EVE/2024        roh            971 reg. Kerzen        0/0/0 von 195  Tagen gewertet (1m/5m/15m)        0 Signale  14 ms lesen  22 ms rechnen
2026-09-08T00:38:59.225Z  EVK/2016        roh           2089 reg. Kerzen        0/0/0 von 224  Tagen gewertet (1m/5m/15m)        0 Signale  40 ms lesen  43 ms rechnen
2026-09-08T00:38:59.308Z  EVK/2017        roh            974 reg. Kerzen        0/0/0 von 195  Tagen gewertet (1m/5m/15m)        0 Signale  29 ms lesen  35 ms rechnen
2026-09-08T00:38:59.354Z  EVK/2018        roh           1878 reg. Kerzen        0/0/0 von 218  Tagen gewertet (1m/5m/15m)        0 Signale  12 ms lesen  24 ms rechnen
2026-09-08T00:38:59.397Z  EVK/2019        roh            990 reg. Kerzen        0/0/0 von 150  Tagen gewertet (1m/5m/15m)        0 Signale  15 ms lesen  20 ms rechnen
2026-09-08T00:38:59.592Z  EVK/2020        roh          12616 reg. Kerzen        0/0/0 von 219  Tagen gewertet (1m/5m/15m)        0 Signale  50 ms lesen  139 ms rechnen
2026-09-08T00:39:00.017Z  EVK/2021        roh          26501 reg. Kerzen        0/0/0 von 252  Tagen gewertet (1m/5m/15m)        0 Signale  73 ms lesen  295 ms rechnen
2026-09-08T00:39:00.294Z  EVK/2022        roh           4224 reg. Kerzen        0/0/0 von 244  Tagen gewertet (1m/5m/15m)        0 Signale  26 ms lesen  60 ms rechnen
2026-09-08T00:39:01.182Z  EVRI/2016       roh          62121 reg. Kerzen        0/0/0 von 252  Tagen gewertet (1m/5m/15m)        0 Signale  242 ms lesen  587 ms rechnen
2026-09-08T00:39:10.666Z  EVRI/2017       roh          79061 reg. Kerzen      0/66/66 von 251  Tagen gewertet (1m/5m/15m)     1778 Signale  477 ms lesen  8678 ms rechnen
2026-09-08T00:39:18.668Z  EVRI/2018       roh          76617 reg. Kerzen      0/56/56 von 251  Tagen gewertet (1m/5m/15m)     1522 Signale  308 ms lesen  7208 ms rechnen
2026-09-08T00:39:33.857Z  EVRI/2019       roh          81653 reg. Kerzen    0/137/137 von 252  Tagen gewertet (1m/5m/15m)     3598 Signale  227 ms lesen  14481 ms rechnen
2026-09-08T00:40:03.607Z  EVRI/2020       roh          93918 reg. Kerzen    0/253/253 von 253  Tagen gewertet (1m/5m/15m)     6949 Signale  326 ms lesen  28976 ms rechnen
2026-09-08T00:40:30.875Z  EVRI/2021       roh          86765 reg. Kerzen    0/250/250 von 252  Tagen gewertet (1m/5m/15m)     6717 Signale  252 ms lesen  26546 ms rechnen
2026-09-08T00:40:59.439Z  EVRI/2022       roh          82443 reg. Kerzen    0/250/250 von 251  Tagen gewertet (1m/5m/15m)     6861 Signale  276 ms lesen  27888 ms rechnen
2026-09-08T00:41:25.246Z  EVRI/2023       roh          82894 reg. Kerzen    0/250/250 von 250  Tagen gewertet (1m/5m/15m)     6721 Signale  342 ms lesen  24968 ms rechnen
2026-09-08T00:41:48.365Z  EVRI/2024       roh          78775 reg. Kerzen    0/249/249 von 252  Tagen gewertet (1m/5m/15m)     5394 Signale  168 ms lesen  22539 ms rechnen
2026-09-08T00:41:55.698Z  EVRI/2025       roh          32419 reg. Kerzen    0/103/103 von 122  Tagen gewertet (1m/5m/15m)     1536 Signale  115 ms lesen  6812 ms rechnen
2026-09-08T00:41:56.216Z  EXA/2016        roh          21134 reg. Kerzen        0/0/0 von 252  Tagen gewertet (1m/5m/15m)        0 Signale  93 ms lesen  238 ms rechnen
2026-09-08T00:41:56.947Z  EXA/2017        roh          18220 reg. Kerzen        0/6/7 von 222  Tagen gewertet (1m/5m/15m)       77 Signale  78 ms lesen  544 ms rechnen
2026-09-08T00:42:27.342Z  EXEL/2016       roh          96829 reg. Kerzen    0/232/232 von 252  Tagen gewertet (1m/5m/15m)     6308 Signale  248 ms lesen  29864 ms rechnen
2026-09-08T00:42:58.700Z  EXEL/2017       roh          96729 reg. Kerzen    0/251/251 von 251  Tagen gewertet (1m/5m/15m)     6766 Signale  540 ms lesen  30142 ms rechnen
2026-09-08T00:43:25.910Z  EXEL/2018       roh          96005 reg. Kerzen    0/249/249 von 251  Tagen gewertet (1m/5m/15m)     6647 Signale  367 ms lesen  26234 ms rechnen
2026-09-08T00:43:52.844Z  EXEL/2019       roh          97465 reg. Kerzen    0/252/252 von 252  Tagen gewertet (1m/5m/15m)     6724 Signale  290 ms lesen  26045 ms rechnen
2026-09-08T00:44:20.421Z  EXEL/2020       roh          97214 reg. Kerzen    0/253/253 von 253  Tagen gewertet (1m/5m/15m)     6779 Signale  347 ms lesen  26774 ms rechnen
2026-09-08T00:44:47.727Z  EXEL/2021       roh          94339 reg. Kerzen    0/252/252 von 252  Tagen gewertet (1m/5m/15m)     6697 Signale  299 ms lesen  26578 ms rechnen
2026-09-08T00:45:14.637Z  EXEL/2022       roh          94763 reg. Kerzen    0/251/251 von 251  Tagen gewertet (1m/5m/15m)     6703 Signale  305 ms lesen  26201 ms rechnen
2026-09-08T00:45:39.079Z  EXEL/2023       roh          93967 reg. Kerzen    0/250/250 von 250  Tagen gewertet (1m/5m/15m)     6312 Signale  254 ms lesen  23735 ms rechnen
2026-09-08T00:46:03.779Z  EXEL/2024       roh          93132 reg. Kerzen    0/252/252 von 252  Tagen gewertet (1m/5m/15m)     6292 Signale  382 ms lesen  23859 ms rechnen
2026-09-08T00:46:31.497Z  EXEL/2025       roh          95054 reg. Kerzen    0/250/250 von 250  Tagen gewertet (1m/5m/15m)     6408 Signale  372 ms lesen  26806 ms rechnen
2026-09-08T00:46:48.999Z  EXEL/2026       roh          62778 reg. Kerzen    0/166/166 von 166  Tagen gewertet (1m/5m/15m)     4406 Signale  247 ms lesen  16696 ms rechnen
2026-09-08T00:47:12.180Z  EXPE/2016       roh          96971 reg. Kerzen    0/232/232 von 252  Tagen gewertet (1m/5m/15m)     5871 Signale  626 ms lesen  22017 ms rechnen
2026-09-08T00:47:35.004Z  EXPE/2017       roh          94699 reg. Kerzen    0/251/251 von 251  Tagen gewertet (1m/5m/15m)     6144 Signale  523 ms lesen  21576 ms rechnen
2026-09-08T00:47:59.858Z  EXPE/2018       roh          94625 reg. Kerzen    0/249/249 von 251  Tagen gewertet (1m/5m/15m)     6439 Signale  336 ms lesen  24064 ms rechnen
2026-09-08T00:48:23.086Z  EXPE/2019       roh          95797 reg. Kerzen    0/252/252 von 252  Tagen gewertet (1m/5m/15m)     6190 Signale  424 ms lesen  22343 ms rechnen
2026-09-08T00:48:52.850Z  EXPE/2020       roh          97836 reg. Kerzen    0/253/253 von 253  Tagen gewertet (1m/5m/15m)     6803 Signale  431 ms lesen  28840 ms rechnen
2026-09-08T00:49:20.197Z  EXPE/2021       roh          97164 reg. Kerzen    0/252/252 von 252  Tagen gewertet (1m/5m/15m)     6667 Signale  281 ms lesen  26546 ms rechnen
2026-09-08T00:49:49.129Z  EXPE/2022       roh          97388 reg. Kerzen    0/251/251 von 251  Tagen gewertet (1m/5m/15m)     6899 Signale  461 ms lesen  27845 ms rechnen
2026-09-08T00:50:14.708Z  EXPE/2023       roh          96387 reg. Kerzen    0/250/250 von 250  Tagen gewertet (1m/5m/15m)     6485 Signale  355 ms lesen  24684 ms rechnen
2026-09-08T00:50:39.737Z  EXPE/2024       roh          93759 reg. Kerzen    0/252/252 von 252  Tagen gewertet (1m/5m/15m)     6374 Signale  190 ms lesen  24351 ms rechnen
2026-09-08T00:51:06.153Z  EXPE/2025       roh          91897 reg. Kerzen    0/250/250 von 250  Tagen gewertet (1m/5m/15m)     6462 Signale  259 ms lesen  25746 ms rechnen
2026-09-08T00:51:23.986Z  EXPE/2026       roh          60303 reg. Kerzen    0/166/166 von 166  Tagen gewertet (1m/5m/15m)     4481 Signale  358 ms lesen  17032 ms rechnen
2026-09-08T00:51:24.798Z  EXXI/2016       roh          25646 reg. Kerzen        0/0/0 von 77   Tagen gewertet (1m/5m/15m)        0 Signale  180 ms lesen  267 ms rechnen
2026-09-08T00:51:25.982Z  EXXI/2017       roh          35277 reg. Kerzen        0/5/5 von 213  Tagen gewertet (1m/5m/15m)      115 Signale  115 ms lesen  960 ms rechnen
2026-09-08T00:51:26.451Z  EXXI/2018       roh          13592 reg. Kerzen        0/0/0 von 54   Tagen gewertet (1m/5m/15m)        0 Signale  66 ms lesen  194 ms rechnen
2026-09-08T00:51:46.920Z  FAF/2016        roh          84496 reg. Kerzen    0/232/232 von 252  Tagen gewertet (1m/5m/15m)     5614 Signale  377 ms lesen  20007 ms rechnen
2026-09-08T00:52:09.915Z  FAF/2017        roh          77651 reg. Kerzen    0/251/251 von 251  Tagen gewertet (1m/5m/15m)     5786 Signale  289 ms lesen  22223 ms rechnen
2026-09-08T00:52:34.616Z  FAF/2018        roh          81171 reg. Kerzen    0/251/251 von 251  Tagen gewertet (1m/5m/15m)     6152 Signale  285 ms lesen  24015 ms rechnen
2026-09-08T00:52:58.890Z  FAF/2019        roh          80185 reg. Kerzen    0/252/252 von 252  Tagen gewertet (1m/5m/15m)     5943 Signale  270 ms lesen  23574 ms rechnen
2026-09-08T00:53:27.062Z  FAF/2020        roh          89117 reg. Kerzen    0/253/253 von 253  Tagen gewertet (1m/5m/15m)     6586 Signale  287 ms lesen  27527 ms rechnen
2026-09-08T00:53:50.602Z  FAF/2021        roh          78171 reg. Kerzen    0/250/250 von 252  Tagen gewertet (1m/5m/15m)     6289 Signale  398 ms lesen  22769 ms rechnen
2026-09-08T00:54:16.261Z  FAF/2022        roh          79747 reg. Kerzen    0/250/250 von 251  Tagen gewertet (1m/5m/15m)     6663 Signale  353 ms lesen  24805 ms rechnen
2026-09-08T00:54:39.933Z  FAF/2023        roh          72010 reg. Kerzen    0/250/250 von 250  Tagen gewertet (1m/5m/15m)     6369 Signale  182 ms lesen  23123 ms rechnen
2026-09-08T00:55:03.041Z  FAF/2024        roh          71272 reg. Kerzen    0/252/252 von 252  Tagen gewertet (1m/5m/15m)     6221 Signale  190 ms lesen  22545 ms rechnen
2026-09-08T00:55:26.853Z  FAF/2025        roh          71035 reg. Kerzen    0/250/250 von 250  Tagen gewertet (1m/5m/15m)     6267 Signale  354 ms lesen  23172 ms rechnen
2026-09-08T00:55:44.132Z  FAF/2026        roh          50551 reg. Kerzen    0/166/166 von 166  Tagen gewertet (1m/5m/15m)     4331 Signale  284 ms lesen  16651 ms rechnen
2026-09-08T00:55:44.723Z  FAT/2017        bereinigt     3198 reg. Kerzen        0/0/0 von 48   Tagen gewertet (1m/5m/15m)        0 Signale  111 ms lesen  33 ms rechnen
2026-09-08T00:55:44.825Z  FAT/2018        bereinigt     3926 reg. Kerzen        0/0/0 von 250  Tagen gewertet (1m/5m/15m)        0 Signale  26 ms lesen  59 ms rechnen
2026-09-08T00:55:44.902Z  FAT/2019        bereinigt     2998 reg. Kerzen        0/0/0 von 252  Tagen gewertet (1m/5m/15m)        0 Signale  15 ms lesen  40 ms rechnen
2026-09-08T00:55:45.075Z  FAT/2020        bereinigt     8270 reg. Kerzen        0/0/0 von 252  Tagen gewertet (1m/5m/15m)        0 Signale  52 ms lesen  107 ms rechnen
2026-09-08T00:55:45.402Z  FAT/2021        bereinigt    12484 reg. Kerzen        0/0/0 von 252  Tagen gewertet (1m/5m/15m)        0 Signale  112 ms lesen  178 ms rechnen
2026-09-08T00:55:45.676Z  FAT/2022        bereinigt     6934 reg. Kerzen        0/0/0 von 251  Tagen gewertet (1m/5m/15m)        0 Signale  77 ms lesen  132 ms rechnen
2026-09-08T00:55:45.882Z  FAT/2023        bereinigt     6423 reg. Kerzen        0/0/0 von 250  Tagen gewertet (1m/5m/15m)        0 Signale  85 ms lesen  92 ms rechnen
2026-09-08T00:55:46.089Z  FAT/2024        bereinigt     7689 reg. Kerzen        0/0/0 von 252  Tagen gewertet (1m/5m/15m)        0 Signale  36 ms lesen  141 ms rechnen
2026-09-08T00:55:46.407Z  FAT/2025        bereinigt    15360 reg. Kerzen        0/0/0 von 250  Tagen gewertet (1m/5m/15m)        0 Signale  98 ms lesen  181 ms rechnen
2026-09-08T00:55:46.567Z  FAT/2026        roh           3597 reg. Kerzen        0/0/0 von 22   Tagen gewertet (1m/5m/15m)        0 Signale  23 ms lesen  56 ms rechnen
2026-09-08T00:55:48.580Z  FBC/2016        roh          52146 reg. Kerzen      0/13/13 von 252  Tagen gewertet (1m/5m/15m)      326 Signale  190 ms lesen  1782 ms rechnen
2026-09-08T00:55:57.907Z  FBC/2017        roh          50615 reg. Kerzen      0/89/89 von 251  Tagen gewertet (1m/5m/15m)     2282 Signale  247 ms lesen  8776 ms rechnen
2026-09-08T00:56:15.400Z  FBC/2018        roh          59201 reg. Kerzen    0/183/184 von 251  Tagen gewertet (1m/5m/15m)     4550 Signale  204 ms lesen  17055 ms rechnen
2026-09-08T00:56:36.644Z  FBC/2019        roh          62653 reg. Kerzen    0/237/237 von 252  Tagen gewertet (1m/5m/15m)     5811 Signale  343 ms lesen  20578 ms rechnen
2026-09-08T00:57:03.757Z  FBC/2020        roh          70495 reg. Kerzen    0/246/246 von 253  Tagen gewertet (1m/5m/15m)     6560 Signale  367 ms lesen  26422 ms rechnen
2026-09-08T00:57:28.910Z  FBC/2021        roh          67966 reg. Kerzen    0/249/250 von 252  Tagen gewertet (1m/5m/15m)     6572 Signale  208 ms lesen  24500 ms rechnen
2026-09-08T00:57:52.141Z  FBC/2022        roh          58163 reg. Kerzen    0/224/229 von 230  Tagen gewertet (1m/5m/15m)     5995 Signale  205 ms lesen  22649 ms rechnen
2026-09-08T00:58:16.998Z  FBR/2016        roh          91082 reg. Kerzen    0/232/232 von 252  Tagen gewertet (1m/5m/15m)     6311 Signale  339 ms lesen  24016 ms rechnen
2026-09-08T00:58:42.713Z  FBR/2017        roh          88871 reg. Kerzen    0/251/251 von 251  Tagen gewertet (1m/5m/15m)     6710 Signale  273 ms lesen  24942 ms rechnen
2026-09-08T00:59:07.156Z  FBR/2018        roh          90217 reg. Kerzen    0/251/251 von 251  Tagen gewertet (1m/5m/15m)     6518 Signale  351 ms lesen  23704 ms rechnen
2026-09-08T00:59:07.780Z  FBR/2019        roh            659 reg. Kerzen        0/2/2 von 2    Tagen gewertet (1m/5m/15m)       61 Signale  20 ms lesen  185 ms rechnen
2026-09-08T00:59:07.894Z  FCCY/2016       roh           3229 reg. Kerzen        0/0/0 von 236  Tagen gewertet (1m/5m/15m)        0 Signale  42 ms lesen  50 ms rechnen
2026-09-08T00:59:08.048Z  FCCY/2017       roh           6154 reg. Kerzen        0/0/0 von 249  Tagen gewertet (1m/5m/15m)        0 Signale  57 ms lesen  79 ms rechnen
2026-09-08T00:59:08.250Z  FCCY/2018       roh           6793 reg. Kerzen        0/0/0 von 251  Tagen gewertet (1m/5m/15m)        0 Signale  80 ms lesen  83 ms rechnen
2026-09-08T00:59:08.379Z  FCCY/2019       roh           3949 reg. Kerzen        0/0/0 von 249  Tagen gewertet (1m/5m/15m)        0 Signale  30 ms lesen  69 ms rechnen
2026-09-08T00:59:08.540Z  FCCY/2020       roh           4875 reg. Kerzen        0/0/0 von 252  Tagen gewertet (1m/5m/15m)        0 Signale  79 ms lesen  61 ms rechnen
2026-09-08T00:59:08.747Z  FCCY/2021       roh           8678 reg. Kerzen        0/0/0 von 252  Tagen gewertet (1m/5m/15m)        0 Signale  44 ms lesen  141 ms rechnen
2026-09-08T00:59:08.825Z  FCCY/2022       roh            257 reg. Kerzen        0/0/0 von 4    Tagen gewertet (1m/5m/15m)        0 Signale  22 ms lesen  11 ms rechnen
2026-09-08T00:59:28.562Z  FCN/2016        roh          57214 reg. Kerzen    0/218/222 von 252  Tagen gewertet (1m/5m/15m)     5482 Signale  179 ms lesen  19536 ms rechnen
2026-09-08T00:59:52.382Z  FCN/2017        roh          60818 reg. Kerzen    0/250/251 von 251  Tagen gewertet (1m/5m/15m)     6187 Signale  146 ms lesen  23406 ms rechnen
2026-09-08T01:00:16.458Z  FCN/2018        roh          59500 reg. Kerzen    0/251/251 von 251  Tagen gewertet (1m/5m/15m)     6399 Signale  168 ms lesen  23597 ms rechnen
2026-09-08T01:00:40.151Z  FCN/2019        roh          53808 reg. Kerzen    0/250/252 von 252  Tagen gewertet (1m/5m/15m)     6266 Signale  214 ms lesen  23173 ms rechnen
2026-09-08T01:01:06.732Z  FCN/2020        roh          68785 reg. Kerzen    0/253/253 von 253  Tagen gewertet (1m/5m/15m)     6634 Signale  313 ms lesen  26037 ms rechnen
2026-09-08T01:01:28.155Z  FCN/2021        roh          50296 reg. Kerzen    0/227/250 von 252  Tagen gewertet (1m/5m/15m)     5696 Signale  215 ms lesen  20865 ms rechnen
2026-09-08T01:01:50.581Z  FCN/2022        roh          48664 reg. Kerzen    0/223/250 von 251  Tagen gewertet (1m/5m/15m)     5886 Signale  267 ms lesen  21924 ms rechnen
2026-09-08T01:02:08.282Z  FCN/2023        roh          40731 reg. Kerzen    0/180/250 von 250  Tagen gewertet (1m/5m/15m)     5112 Signale  148 ms lesen  17332 ms rechnen
2026-09-08T01:02:22.429Z  FCN/2024        roh          32886 reg. Kerzen    0/115/249 von 252  Tagen gewertet (1m/5m/15m)     3984 Signale  188 ms lesen  13794 ms rechnen
2026-09-08T01:02:42.879Z  FCN/2025        roh          44780 reg. Kerzen    0/213/250 von 250  Tagen gewertet (1m/5m/15m)     5532 Signale  167 ms lesen  20118 ms rechnen
2026-09-08T01:02:58.988Z  FCN/2026        roh          31465 reg. Kerzen    0/147/166 von 166  Tagen gewertet (1m/5m/15m)     4005 Signale  96 ms lesen  15763 ms rechnen
2026-09-08T01:03:24.360Z  FDC/2016        roh          95972 reg. Kerzen    0/232/232 von 252  Tagen gewertet (1m/5m/15m)     6205 Signale  363 ms lesen  24837 ms rechnen
2026-09-08T01:03:49.102Z  FDC/2017        roh          96032 reg. Kerzen    0/251/251 von 251  Tagen gewertet (1m/5m/15m)     6412 Signale  343 ms lesen  23892 ms rechnen
2026-09-08T01:04:14.783Z  FDC/2018        roh          97186 reg. Kerzen    0/251/251 von 251  Tagen gewertet (1m/5m/15m)     6538 Signale  274 ms lesen  24995 ms rechnen
2026-09-08T01:04:28.538Z  FDC/2019        roh          55398 reg. Kerzen    0/143/143 von 143  Tagen gewertet (1m/5m/15m)     3524 Signale  211 ms lesen  13040 ms rechnen
2026-09-08T01:04:49.529Z  FE/2016         roh          97794 reg. Kerzen    0/232/232 von 252  Tagen gewertet (1m/5m/15m)     5721 Signale  302 ms lesen  20379 ms rechnen
2026-09-08T01:05:11.550Z  FE/2017         roh          97255 reg. Kerzen    0/251/251 von 251  Tagen gewertet (1m/5m/15m)     5992 Signale  318 ms lesen  21283 ms rechnen
2026-09-08T01:05:35.704Z  FE/2018         roh          97177 reg. Kerzen    0/251/251 von 251  Tagen gewertet (1m/5m/15m)     6265 Signale  471 ms lesen  23242 ms rechnen
2026-09-08T01:05:57.797Z  FE/2019         roh          97542 reg. Kerzen    0/252/252 von 252  Tagen gewertet (1m/5m/15m)     5665 Signale  367 ms lesen  21301 ms rechnen
2026-09-08T01:06:25.298Z  FE/2020         roh          98126 reg. Kerzen    0/252/252 von 253  Tagen gewertet (1m/5m/15m)     6376 Signale  326 ms lesen  26560 ms rechnen
2026-09-08T01:06:48.326Z  FE/2021         roh          96496 reg. Kerzen    0/250/250 von 252  Tagen gewertet (1m/5m/15m)     5963 Signale  258 ms lesen  22109 ms rechnen
2026-09-08T01:06:52.527Z  CHECKPOINT 1800 Dateien, 392 min, Detektorfehler {}
2026-09-08T01:07:17.123Z  FE/2022         roh          97077 reg. Kerzen    0/249/249 von 251  Tagen gewertet (1m/5m/15m)     6177 Signale  535 ms lesen  24060 ms rechnen
2026-09-08T01:07:40.841Z  FE/2023         roh          96811 reg. Kerzen    0/250/250 von 250  Tagen gewertet (1m/5m/15m)     6112 Signale  370 ms lesen  22900 ms rechnen
2026-09-08T01:08:03.393Z  FE/2024         roh          96779 reg. Kerzen    0/252/252 von 252  Tagen gewertet (1m/5m/15m)     5748 Signale  341 ms lesen  21747 ms rechnen
2026-09-08T01:08:26.011Z  FE/2025         roh          96444 reg. Kerzen    0/250/250 von 250  Tagen gewertet (1m/5m/15m)     5787 Signale  334 ms lesen  21874 ms rechnen
2026-09-08T01:08:41.452Z  FE/2026         roh          64541 reg. Kerzen    0/166/166 von 166  Tagen gewertet (1m/5m/15m)     4044 Signale  521 ms lesen  14332 ms rechnen
2026-09-08T01:08:46.271Z  FFBC/2016       roh          51170 reg. Kerzen      0/38/40 von 252  Tagen gewertet (1m/5m/15m)     1057 Signale  195 ms lesen  4270 ms rechnen
2026-09-08T01:09:01.696Z  FFBC/2017       roh          52095 reg. Kerzen    0/147/147 von 251  Tagen gewertet (1m/5m/15m)     3846 Signale  199 ms lesen  14907 ms rechnen
2026-09-08T01:09:26.758Z  FFBC/2018       roh          63875 reg. Kerzen    0/249/249 von 251  Tagen gewertet (1m/5m/15m)     6531 Signale  181 ms lesen  24651 ms rechnen
2026-09-08T01:09:49.428Z  FFBC/2019       roh          66160 reg. Kerzen    0/227/227 von 252  Tagen gewertet (1m/5m/15m)     5846 Signale  337 ms lesen  21943 ms rechnen
2026-09-08T01:10:02.661Z  FFBC/2020       roh          71236 reg. Kerzen    0/111/111 von 253  Tagen gewertet (1m/5m/15m)     3004 Signale  222 ms lesen  12701 ms rechnen
2026-09-08T01:10:18.115Z  FFBC/2021       roh          58245 reg. Kerzen    0/138/138 von 252  Tagen gewertet (1m/5m/15m)     3625 Signale  353 ms lesen  14634 ms rechnen
2026-09-08T01:10:22.475Z  FFBC/2022       roh          55641 reg. Kerzen      0/31/31 von 251  Tagen gewertet (1m/5m/15m)      811 Signale  211 ms lesen  3769 ms rechnen
2026-09-08T01:10:26.472Z  FFBC/2023       roh          52666 reg. Kerzen      0/29/29 von 250  Tagen gewertet (1m/5m/15m)      756 Signale  363 ms lesen  3398 ms rechnen
2026-09-08T01:10:37.104Z  FFBC/2024       roh          55348 reg. Kerzen      0/98/99 von 252  Tagen gewertet (1m/5m/15m)     2485 Signale  217 ms lesen  10107 ms rechnen
2026-09-08T01:10:57.815Z  FFBC/2025       roh          58890 reg. Kerzen    0/224/224 von 250  Tagen gewertet (1m/5m/15m)     5595 Signale  166 ms lesen  20290 ms rechnen
2026-09-08T01:11:14.846Z  FFBC/2026       roh          53348 reg. Kerzen    0/166/166 von 166  Tagen gewertet (1m/5m/15m)     4148 Signale  288 ms lesen  16337 ms rechnen
2026-09-08T01:11:15.526Z  FFKT/2016       roh           8296 reg. Kerzen        0/0/0 von 252  Tagen gewertet (1m/5m/15m)        0 Signale  82 ms lesen  126 ms rechnen
2026-09-08T01:11:15.753Z  FFKT/2017       roh          11569 reg. Kerzen        0/0/0 von 251  Tagen gewertet (1m/5m/15m)        0 Signale  58 ms lesen  126 ms rechnen
2026-09-08T01:11:16.010Z  FFKT/2018       roh           9578 reg. Kerzen        0/0/0 von 160  Tagen gewertet (1m/5m/15m)        0 Signale  56 ms lesen  147 ms rechnen
2026-09-08T01:11:28.400Z  FGP/2016        roh          60108 reg. Kerzen      0/98/98 von 252  Tagen gewertet (1m/5m/15m)     2651 Signale  367 ms lesen  11964 ms rechnen
2026-09-08T01:11:30.926Z  FGP/2017        roh          50130 reg. Kerzen      0/15/15 von 251  Tagen gewertet (1m/5m/15m)      396 Signale  158 ms lesen  1953 ms rechnen
2026-09-08T01:11:31.800Z  FGP/2018        roh          36505 reg. Kerzen        0/0/0 von 251  Tagen gewertet (1m/5m/15m)        0 Signale  105 ms lesen  555 ms rechnen
2026-09-08T01:11:32.518Z  FGP/2019        roh          27833 reg. Kerzen        0/0/0 von 252  Tagen gewertet (1m/5m/15m)        0 Signale  179 ms lesen  384 ms rechnen
2026-09-08T01:11:32.727Z  FGP/2020        roh            728 reg. Kerzen        0/0/0 von 6    Tagen gewertet (1m/5m/15m)        0 Signale  22 ms lesen  61 ms rechnen
2026-09-08T01:11:57.749Z  FI/2016         roh          83311 reg. Kerzen    0/232/232 von 252  Tagen gewertet (1m/5m/15m)     6291 Signale  295 ms lesen  24706 ms rechnen
2026-09-08T01:12:24.522Z  FI/2017         roh          87503 reg. Kerzen    0/251/251 von 251  Tagen gewertet (1m/5m/15m)     6799 Signale  249 ms lesen  26154 ms rechnen
2026-09-08T01:12:38.859Z  FI/2018         roh          84443 reg. Kerzen    0/130/130 von 251  Tagen gewertet (1m/5m/15m)     3520 Signale  212 ms lesen  13708 ms rechnen
2026-09-08T01:12:40.439Z  FI/2019         roh          76185 reg. Kerzen        0/0/0 von 252  Tagen gewertet (1m/5m/15m)        0 Signale  394 ms lesen  780 ms rechnen
2026-09-08T01:12:41.699Z  FI/2020         roh          75571 reg. Kerzen        0/0/0 von 253  Tagen gewertet (1m/5m/15m)        0 Signale  188 ms lesen  720 ms rechnen
2026-09-08T01:12:47.072Z  FI/2021         roh          57730 reg. Kerzen      0/33/33 von 189  Tagen gewertet (1m/5m/15m)      906 Signale  200 ms lesen  4806 ms rechnen
2026-09-08T01:12:47.361Z  AUSGELASSEN FI/2022: Datei fehlt
2026-09-08T01:12:58.948Z  FI/2023         roh          54909 reg. Kerzen    0/133/133 von 143  Tagen gewertet (1m/5m/15m)     3003 Signale  612 ms lesen  10975 ms rechnen
2026-09-08T01:13:20.026Z  FI/2024         roh          96813 reg. Kerzen    0/252/252 von 252  Tagen gewertet (1m/5m/15m)     5630 Signale  299 ms lesen  20429 ms rechnen
2026-09-08T01:13:41.125Z  FI/2025         roh          83238 reg. Kerzen    0/215/215 von 215  Tagen gewertet (1m/5m/15m)     5446 Signale  320 ms lesen  20323 ms rechnen
2026-09-08T01:14:06.101Z  FINL/2016       roh          90808 reg. Kerzen    0/232/232 von 252  Tagen gewertet (1m/5m/15m)     6134 Signale  306 ms lesen  24183 ms rechnen
2026-09-08T01:14:34.847Z  FINL/2017       roh          91468 reg. Kerzen    0/251/251 von 251  Tagen gewertet (1m/5m/15m)     6809 Signale  371 ms lesen  27866 ms rechnen
2026-09-08T01:14:45.790Z  FINL/2018       roh          40395 reg. Kerzen    0/113/113 von 115  Tagen gewertet (1m/5m/15m)     2543 Signale  173 ms lesen  10374 ms rechnen
2026-09-08T01:14:46.158Z  FITBO/2019      roh           3939 reg. Kerzen        0/0/0 von 63   Tagen gewertet (1m/5m/15m)        0 Signale  72 ms lesen  49 ms rechnen
2026-09-08T01:14:46.374Z  FITBO/2020      roh          12952 reg. Kerzen        0/0/0 von 253  Tagen gewertet (1m/5m/15m)        0 Signale  42 ms lesen  154 ms rechnen
2026-09-08T01:14:46.646Z  FITBO/2021      roh           6793 reg. Kerzen        0/0/0 von 252  Tagen gewertet (1m/5m/15m)        0 Signale  123 ms lesen  96 ms rechnen
2026-09-08T01:14:46.862Z  FITBO/2022      roh           9768 reg. Kerzen        0/0/0 von 251  Tagen gewertet (1m/5m/15m)        0 Signale  39 ms lesen  139 ms rechnen
2026-09-08T01:14:47.202Z  FITBO/2023      roh          10038 reg. Kerzen        0/0/0 von 250  Tagen gewertet (1m/5m/15m)        0 Signale  110 ms lesen  188 ms rechnen
2026-09-08T01:14:47.415Z  FITBO/2024      roh           8595 reg. Kerzen        0/0/0 von 252  Tagen gewertet (1m/5m/15m)        0 Signale  53 ms lesen  113 ms rechnen
2026-09-08T01:14:47.634Z  FITBO/2025      roh           9783 reg. Kerzen        0/0/0 von 250  Tagen gewertet (1m/5m/15m)        0 Signale  43 ms lesen  138 ms rechnen
2026-09-08T01:14:47.882Z  FITBO/2026      roh           3822 reg. Kerzen        0/0/0 von 111  Tagen gewertet (1m/5m/15m)        0 Signale  123 ms lesen  67 ms rechnen
2026-09-08T01:15:10.583Z  FLEX/2016       bereinigt    96209 reg. Kerzen    0/232/232 von 252  Tagen gewertet (1m/5m/15m)     5956 Signale  703 ms lesen  21940 ms rechnen
2026-09-08T01:15:34.592Z  FLEX/2017       bereinigt    95536 reg. Kerzen    0/251/251 von 251  Tagen gewertet (1m/5m/15m)     6134 Signale  468 ms lesen  22853 ms rechnen
2026-09-08T01:15:58.936Z  FLEX/2018       bereinigt    95095 reg. Kerzen    0/249/249 von 251  Tagen gewertet (1m/5m/15m)     6317 Signale  475 ms lesen  23438 ms rechnen
2026-09-08T01:16:25.617Z  FLEX/2019       bereinigt    96192 reg. Kerzen    0/252/252 von 252  Tagen gewertet (1m/5m/15m)     6648 Signale  516 ms lesen  25610 ms rechnen
2026-09-08T01:16:54.639Z  FLEX/2020       bereinigt    96643 reg. Kerzen    0/253/253 von 253  Tagen gewertet (1m/5m/15m)     6836 Signale  622 ms lesen  27856 ms rechnen
2026-09-08T01:17:21.193Z  FLEX/2021       bereinigt    95761 reg. Kerzen    0/252/252 von 252  Tagen gewertet (1m/5m/15m)     6656 Signale  643 ms lesen  25248 ms rechnen
2026-09-08T01:17:49.604Z  FLEX/2022       bereinigt    96966 reg. Kerzen    0/251/251 von 251  Tagen gewertet (1m/5m/15m)     6759 Signale  695 ms lesen  27234 ms rechnen
2026-09-08T01:18:14.949Z  FLEX/2023       bereinigt    96744 reg. Kerzen    0/250/250 von 250  Tagen gewertet (1m/5m/15m)     6368 Signale  542 ms lesen  24274 ms rechnen
2026-09-08T01:18:40.951Z  FLEX/2024       bereinigt    97060 reg. Kerzen    0/252/252 von 252  Tagen gewertet (1m/5m/15m)     6539 Signale  299 ms lesen  25240 ms rechnen
2026-09-08T01:19:07.259Z  FLEX/2025       roh          96564 reg. Kerzen    0/250/250 von 250  Tagen gewertet (1m/5m/15m)     6441 Signale  374 ms lesen  25472 ms rechnen
2026-09-08T01:19:26.123Z  FLEX/2026       roh          64458 reg. Kerzen    0/166/166 von 166  Tagen gewertet (1m/5m/15m)     4480 Signale  335 ms lesen  18054 ms rechnen
2026-09-08T01:19:26.460Z  FLLC/2019       roh            107 reg. Kerzen        0/0/0 von 24   Tagen gewertet (1m/5m/15m)        0 Signale  6 ms lesen  3 ms rechnen
2026-09-08T01:19:26.491Z  FLLC/2020       roh            640 reg. Kerzen        0/0/0 von 32   Tagen gewertet (1m/5m/15m)        0 Signale  10 ms lesen  19 ms rechnen
2026-09-08T01:19:47.293Z  FLS/2016        roh          92991 reg. Kerzen    0/232/232 von 252  Tagen gewertet (1m/5m/15m)     5914 Signale  383 ms lesen  20405 ms rechnen
2026-09-08T01:20:12.205Z  FLS/2017        roh          90619 reg. Kerzen    0/251/251 von 251  Tagen gewertet (1m/5m/15m)     6228 Signale  300 ms lesen  24184 ms rechnen
2026-09-08T01:20:38.045Z  FLS/2018        roh          92874 reg. Kerzen    0/251/251 von 251  Tagen gewertet (1m/5m/15m)     6409 Signale  362 ms lesen  25006 ms rechnen
2026-09-08T01:21:03.592Z  FLS/2019        roh          88793 reg. Kerzen    0/252/252 von 252  Tagen gewertet (1m/5m/15m)     6349 Signale  237 ms lesen  24905 ms rechnen
2026-09-08T01:21:30.365Z  FLS/2020        roh          92393 reg. Kerzen    0/253/253 von 253  Tagen gewertet (1m/5m/15m)     6763 Signale  307 ms lesen  26040 ms rechnen
2026-09-08T01:21:56.248Z  FLS/2021        roh          85850 reg. Kerzen    0/250/250 von 252  Tagen gewertet (1m/5m/15m)     6513 Signale  290 ms lesen  25099 ms rechnen
2026-09-08T01:22:21.290Z  FLS/2022        roh          89739 reg. Kerzen    0/250/250 von 251  Tagen gewertet (1m/5m/15m)     6653 Signale  289 ms lesen  24243 ms rechnen
2026-09-08T01:22:45.235Z  FLS/2023        roh          86857 reg. Kerzen    0/250/250 von 250  Tagen gewertet (1m/5m/15m)     6440 Signale  326 ms lesen  23229 ms rechnen
2026-09-08T01:23:08.979Z  FLS/2024        roh          86382 reg. Kerzen    0/252/252 von 252  Tagen gewertet (1m/5m/15m)     6175 Signale  352 ms lesen  22940 ms rechnen
2026-09-08T01:23:33.873Z  FLS/2025        roh          89430 reg. Kerzen    0/250/250 von 250  Tagen gewertet (1m/5m/15m)     6429 Signale  215 ms lesen  24305 ms rechnen
2026-09-08T01:23:51.585Z  FLS/2026        roh          59560 reg. Kerzen    0/166/166 von 166  Tagen gewertet (1m/5m/15m)     4371 Signale  199 ms lesen  17044 ms rechnen
2026-09-08T01:24:14.729Z  FMC/2016        bereinigt    92270 reg. Kerzen    0/232/232 von 252  Tagen gewertet (1m/5m/15m)     6032 Signale  357 ms lesen  22398 ms rechnen
2026-09-08T01:24:37.767Z  FMC/2017        bereinigt    90613 reg. Kerzen    0/251/251 von 251  Tagen gewertet (1m/5m/15m)     6061 Signale  373 ms lesen  22237 ms rechnen
2026-09-08T01:25:03.344Z  FMC/2018        bereinigt    92630 reg. Kerzen    0/251/251 von 251  Tagen gewertet (1m/5m/15m)     6429 Signale  608 ms lesen  24520 ms rechnen
2026-09-08T01:25:27.418Z  FMC/2019        bereinigt    90129 reg. Kerzen    0/252/252 von 252  Tagen gewertet (1m/5m/15m)     6206 Signale  315 ms lesen  23286 ms rechnen
2026-09-08T01:25:54.142Z  FMC/2020        roh          87926 reg. Kerzen    0/253/253 von 253  Tagen gewertet (1m/5m/15m)     6547 Signale  355 ms lesen  25972 ms rechnen
2026-09-08T01:26:17.708Z  FMC/2021        roh          86490 reg. Kerzen    0/250/250 von 252  Tagen gewertet (1m/5m/15m)     6361 Signale  386 ms lesen  22794 ms rechnen
2026-09-08T01:26:43.803Z  FMC/2022        roh          86856 reg. Kerzen    0/250/250 von 251  Tagen gewertet (1m/5m/15m)     6552 Signale  233 ms lesen  25347 ms rechnen
2026-09-08T01:27:08.527Z  FMC/2023        roh          88589 reg. Kerzen    0/250/250 von 250  Tagen gewertet (1m/5m/15m)     6415 Signale  221 ms lesen  24054 ms rechnen
2026-09-08T01:27:33.969Z  FMC/2024        roh          92069 reg. Kerzen    0/252/252 von 252  Tagen gewertet (1m/5m/15m)     6559 Signale  234 ms lesen  24742 ms rechnen
2026-09-08T01:28:01.941Z  FMC/2025        roh          94401 reg. Kerzen    0/250/250 von 250  Tagen gewertet (1m/5m/15m)     6547 Signale  351 ms lesen  27161 ms rechnen
2026-09-08T01:28:21.047Z  FMC/2026        roh          63719 reg. Kerzen    0/166/166 von 166  Tagen gewertet (1m/5m/15m)     4639 Signale  292 ms lesen  18359 ms rechnen
2026-09-08T01:28:28.868Z  FMTX/2020       roh          24764 reg. Kerzen      0/60/69 von 136  Tagen gewertet (1m/5m/15m)     1698 Signale  112 ms lesen  7376 ms rechnen
2026-09-08T01:28:48.582Z  FMTX/2021       roh          55527 reg. Kerzen    0/146/153 von 252  Tagen gewertet (1m/5m/15m)     4001 Signale  195 ms lesen  19419 ms rechnen
2026-09-08T01:28:50.998Z  FMTX/2022       roh          49414 reg. Kerzen      0/21/21 von 197  Tagen gewertet (1m/5m/15m)      297 Signale  189 ms lesen  1935 ms rechnen
2026-09-08T01:28:51.599Z  FNCH/2021       bereinigt    18867 reg. Kerzen        0/0/0 von 200  Tagen gewertet (1m/5m/15m)        0 Signale  146 ms lesen  205 ms rechnen
2026-09-08T01:28:51.986Z  FNCH/2022       bereinigt    17221 reg. Kerzen        0/0/0 von 251  Tagen gewertet (1m/5m/15m)        0 Signale  86 ms lesen  215 ms rechnen
2026-09-08T01:28:52.450Z  FNCH/2023       bereinigt    10594 reg. Kerzen        0/0/0 von 248  Tagen gewertet (1m/5m/15m)        0 Signale  172 ms lesen  173 ms rechnen
2026-09-08T01:28:52.728Z  FNCH/2024       roh           2635 reg. Kerzen        0/0/0 von 101  Tagen gewertet (1m/5m/15m)        0 Signale  87 ms lesen  139 ms rechnen
2026-09-08T01:28:52.741Z  AUSGELASSEN FNCH/2025: Datei fehlt
2026-09-08T01:29:16.389Z  FNSR/2016       roh          92761 reg. Kerzen    0/232/232 von 252  Tagen gewertet (1m/5m/15m)     6212 Signale  235 ms lesen  23409 ms rechnen
2026-09-08T01:29:42.385Z  FNSR/2017       roh          96380 reg. Kerzen    0/251/251 von 251  Tagen gewertet (1m/5m/15m)     6740 Signale  448 ms lesen  25080 ms rechnen
2026-09-08T01:30:09.085Z  FNSR/2018       roh          94770 reg. Kerzen    0/249/249 von 251  Tagen gewertet (1m/5m/15m)     6606 Signale  485 ms lesen  25714 ms rechnen
2026-09-08T01:30:25.313Z  FNSR/2019       roh          64623 reg. Kerzen    0/183/183 von 183  Tagen gewertet (1m/5m/15m)     4373 Signale  156 ms lesen  15627 ms rechnen
2026-09-08T01:30:26.422Z  FOMX/2016       roh          38758 reg. Kerzen        0/0/0 von 252  Tagen gewertet (1m/5m/15m)        0 Signale  240 ms lesen  508 ms rechnen
2026-09-08T01:30:27.256Z  FOMX/2017       roh          38713 reg. Kerzen        0/0/0 von 251  Tagen gewertet (1m/5m/15m)        0 Signale  205 ms lesen  430 ms rechnen
2026-09-08T01:30:28.595Z  FOMX/2018       roh          44821 reg. Kerzen        0/4/4 von 251  Tagen gewertet (1m/5m/15m)      118 Signale  227 ms lesen  873 ms rechnen
2026-09-08T01:30:31.443Z  FOMX/2019       roh          58881 reg. Kerzen      0/11/11 von 252  Tagen gewertet (1m/5m/15m)      307 Signale  236 ms lesen  2199 ms rechnen
2026-09-08T01:30:31.881Z  FOMX/2020       roh           9778 reg. Kerzen        0/0/0 von 45   Tagen gewertet (1m/5m/15m)        0 Signale  44 ms lesen  106 ms rechnen
2026-09-08T01:30:33.979Z  FORM/2016       roh          61032 reg. Kerzen      0/13/13 von 252  Tagen gewertet (1m/5m/15m)      340 Signale  239 ms lesen  1785 ms rechnen
2026-09-08T01:30:55.807Z  FORM/2017       roh          71370 reg. Kerzen    0/182/182 von 251  Tagen gewertet (1m/5m/15m)     5033 Signale  194 ms lesen  21306 ms rechnen
2026-09-08T01:31:14.677Z  FORM/2018       roh          70766 reg. Kerzen    0/166/166 von 251  Tagen gewertet (1m/5m/15m)     4605 Signale  168 ms lesen  18388 ms rechnen
2026-09-08T01:31:24.738Z  FORM/2019       roh          67756 reg. Kerzen      0/96/96 von 252  Tagen gewertet (1m/5m/15m)     2462 Signale  169 ms lesen  9563 ms rechnen
2026-09-08T01:31:52.800Z  FORM/2020       roh          81139 reg. Kerzen    0/253/253 von 253  Tagen gewertet (1m/5m/15m)     6747 Signale  269 ms lesen  27438 ms rechnen
2026-09-08T01:32:20.043Z  FORM/2021       roh          67549 reg. Kerzen    0/252/252 von 252  Tagen gewertet (1m/5m/15m)     6814 Signale  226 ms lesen  26631 ms rechnen
2026-09-08T01:32:49.150Z  FORM/2022       roh          68903 reg. Kerzen    0/251/251 von 251  Tagen gewertet (1m/5m/15m)     6857 Signale  212 ms lesen  28580 ms rechnen
2026-09-08T01:33:15.543Z  FORM/2023       roh          66990 reg. Kerzen    0/250/250 von 250  Tagen gewertet (1m/5m/15m)     6686 Signale  324 ms lesen  25727 ms rechnen
2026-09-08T01:33:41.311Z  FORM/2024       roh          69985 reg. Kerzen    0/252/252 von 252  Tagen gewertet (1m/5m/15m)     6777 Signale  312 ms lesen  25141 ms rechnen
2026-09-08T01:34:07.900Z  FORM/2025       roh          75763 reg. Kerzen    0/250/250 von 250  Tagen gewertet (1m/5m/15m)     6694 Signale  261 ms lesen  25995 ms rechnen
2026-09-08T01:34:27.898Z  FORM/2026       roh          59100 reg. Kerzen    0/166/166 von 166  Tagen gewertet (1m/5m/15m)     4543 Signale  281 ms lesen  19346 ms rechnen
2026-09-08T01:34:28.323Z  FOXW/2021       roh           1233 reg. Kerzen        0/0/0 von 152  Tagen gewertet (1m/5m/15m)        0 Signale  27 ms lesen  25 ms rechnen
2026-09-08T01:34:28.384Z  FOXW/2022       roh            554 reg. Kerzen        0/0/0 von 154  Tagen gewertet (1m/5m/15m)        0 Signale  11 ms lesen  29 ms rechnen
2026-09-08T01:34:28.415Z  FOXW/2023       roh             54 reg. Kerzen        0/0/0 von 13   Tagen gewertet (1m/5m/15m)        0 Signale  9 ms lesen  3 ms rechnen
2026-09-08T01:34:54.092Z  FRAN/2016       bereinigt    87792 reg. Kerzen    0/232/232 von 252  Tagen gewertet (1m/5m/15m)     6318 Signale  436 ms lesen  25239 ms rechnen
2026-09-08T01:35:19.093Z  FRAN/2017       bereinigt    86214 reg. Kerzen    0/231/231 von 251  Tagen gewertet (1m/5m/15m)     6209 Signale  383 ms lesen  24208 ms rechnen
2026-09-08T01:35:31.544Z  FRAN/2018       bereinigt    81692 reg. Kerzen    0/103/103 von 251  Tagen gewertet (1m/5m/15m)     2793 Signale  614 ms lesen  11384 ms rechnen
2026-09-08T01:35:36.075Z  FRAN/2019       bereinigt    56416 reg. Kerzen      0/26/31 von 252  Tagen gewertet (1m/5m/15m)      744 Signale  649 ms lesen  3522 ms rechnen
2026-09-08T01:35:37.014Z  FRAN/2020       roh          40840 reg. Kerzen        0/0/0 von 241  Tagen gewertet (1m/5m/15m)        0 Signale  221 ms lesen  454 ms rechnen
2026-09-08T01:35:45.859Z  FREY/2021       roh          38023 reg. Kerzen      0/74/74 von 124  Tagen gewertet (1m/5m/15m)     1996 Signale  106 ms lesen  8489 ms rechnen
2026-09-08T01:36:14.583Z  FREY/2022       roh          88935 reg. Kerzen    0/250/250 von 251  Tagen gewertet (1m/5m/15m)     6955 Signale  300 ms lesen  28158 ms rechnen
2026-09-08T01:36:41.679Z  FREY/2023       roh          92627 reg. Kerzen    0/250/250 von 250  Tagen gewertet (1m/5m/15m)     6916 Signale  177 ms lesen  26450 ms rechnen
2026-09-08T01:36:45.630Z  FREY/2024       roh          81422 reg. Kerzen      0/20/20 von 252  Tagen gewertet (1m/5m/15m)      530 Signale  396 ms lesen  3052 ms rechnen
2026-09-08T01:36:49.004Z  FREY/2025       roh          13653 reg. Kerzen      0/21/21 von 39   Tagen gewertet (1m/5m/15m)      593 Signale  53 ms lesen  2831 ms rechnen
2026-09-08T01:36:50.236Z  FRME/2016       roh          38510 reg. Kerzen        0/6/6 von 252  Tagen gewertet (1m/5m/15m)      140 Signale  115 ms lesen  1030 ms rechnen
2026-09-08T01:37:09.418Z  FRME/2017       roh          52006 reg. Kerzen    0/204/207 von 251  Tagen gewertet (1m/5m/15m)     5221 Signale  193 ms lesen  18790 ms rechnen
2026-09-08T01:37:21.429Z  FRME/2018       roh          45912 reg. Kerzen    0/122/129 von 251  Tagen gewertet (1m/5m/15m)     3095 Signale  256 ms lesen  11495 ms rechnen
2026-09-08T01:37:34.282Z  FRME/2019       roh          51880 reg. Kerzen    0/131/134 von 252  Tagen gewertet (1m/5m/15m)     3340 Signale  179 ms lesen  12327 ms rechnen
2026-09-08T01:37:41.841Z  FRME/2020       roh          52997 reg. Kerzen      0/62/63 von 253  Tagen gewertet (1m/5m/15m)     1601 Signale  184 ms lesen  7081 ms rechnen
2026-09-08T01:37:47.624Z  FRME/2021       roh          40732 reg. Kerzen      0/48/59 von 252  Tagen gewertet (1m/5m/15m)     1336 Signale  100 ms lesen  5379 ms rechnen
2026-09-08T01:37:58.378Z  FRME/2022       roh          45088 reg. Kerzen    0/104/105 von 251  Tagen gewertet (1m/5m/15m)     2713 Signale  218 ms lesen  10363 ms rechnen
2026-09-08T01:38:04.815Z  FRME/2023       roh          44219 reg. Kerzen      0/63/67 von 250  Tagen gewertet (1m/5m/15m)     1660 Signale  230 ms lesen  5988 ms rechnen
2026-09-08T01:38:16.224Z  FRME/2024       roh          45624 reg. Kerzen    0/117/131 von 252  Tagen gewertet (1m/5m/15m)     3094 Signale  98 ms lesen  11026 ms rechnen
2026-09-08T01:38:37.132Z  FRME/2025       roh          46578 reg. Kerzen    0/229/240 von 250  Tagen gewertet (1m/5m/15m)     5822 Signale  180 ms lesen  20535 ms rechnen
2026-09-08T01:38:52.555Z  FRME/2026       roh          37595 reg. Kerzen    0/164/166 von 166  Tagen gewertet (1m/5m/15m)     4188 Signale  253 ms lesen  14658 ms rechnen
2026-09-08T01:39:12.114Z  FRT/2016        roh          73443 reg. Kerzen    0/232/232 von 252  Tagen gewertet (1m/5m/15m)     5439 Signale  257 ms lesen  19080 ms rechnen
2026-09-08T01:39:32.904Z  FRT/2017        roh          73815 reg. Kerzen    0/251/251 von 251  Tagen gewertet (1m/5m/15m)     5871 Signale  184 ms lesen  20186 ms rechnen
2026-09-08T01:39:54.306Z  FRT/2018        roh          70498 reg. Kerzen    0/251/251 von 251  Tagen gewertet (1m/5m/15m)     6004 Signale  202 ms lesen  20853 ms rechnen
2026-09-08T01:40:15.168Z  FRT/2019        roh          69534 reg. Kerzen    0/252/252 von 252  Tagen gewertet (1m/5m/15m)     5690 Signale  190 ms lesen  20263 ms rechnen
2026-09-08T01:40:41.777Z  FRT/2020        roh          86347 reg. Kerzen    0/253/253 von 253  Tagen gewertet (1m/5m/15m)     6648 Signale  329 ms lesen  25958 ms rechnen
2026-09-08T01:41:06.005Z  FRT/2021        roh          75270 reg. Kerzen    0/250/250 von 252  Tagen gewertet (1m/5m/15m)     6321 Signale  207 ms lesen  23632 ms rechnen
2026-09-08T01:41:31.315Z  FRT/2022        roh          79242 reg. Kerzen    0/250/250 von 251  Tagen gewertet (1m/5m/15m)     6478 Signale  282 ms lesen  24628 ms rechnen
2026-09-08T01:41:54.712Z  FRT/2023        roh          75915 reg. Kerzen    0/250/250 von 250  Tagen gewertet (1m/5m/15m)     6258 Signale  224 ms lesen  22745 ms rechnen
2026-09-08T01:42:19.080Z  FRT/2024        roh          72364 reg. Kerzen    0/252/252 von 252  Tagen gewertet (1m/5m/15m)     6001 Signale  239 ms lesen  23773 ms rechnen
2026-09-08T01:42:47.685Z  FRT/2025        roh          74725 reg. Kerzen    0/250/250 von 250  Tagen gewertet (1m/5m/15m)     5986 Signale  360 ms lesen  27759 ms rechnen
2026-09-08T01:43:03.479Z  FRT/2026        roh          49661 reg. Kerzen    0/166/166 von 166  Tagen gewertet (1m/5m/15m)     3964 Signale  275 ms lesen  15132 ms rechnen
2026-09-08T01:43:04.070Z  FSAM/2016       roh          18329 reg. Kerzen        0/0/0 von 252  Tagen gewertet (1m/5m/15m)        0 Signale  88 ms lesen  220 ms rechnen
2026-09-08T01:43:04.488Z  FSAM/2017       roh          16382 reg. Kerzen        0/0/0 von 213  Tagen gewertet (1m/5m/15m)        0 Signale  76 ms lesen  232 ms rechnen
2026-09-08T01:43:26.651Z  FSIC/2016       roh          77085 reg. Kerzen    0/225/225 von 252  Tagen gewertet (1m/5m/15m)     5732 Signale  200 ms lesen  21873 ms rechnen
2026-09-08T01:43:54.400Z  FSIC/2017       roh          78183 reg. Kerzen    0/251/251 von 251  Tagen gewertet (1m/5m/15m)     6689 Signale  345 ms lesen  27021 ms rechnen
2026-09-08T01:44:18.875Z  FSIC/2018       roh          75041 reg. Kerzen    0/244/244 von 244  Tagen gewertet (1m/5m/15m)     6289 Signale  224 ms lesen  23900 ms rechnen
2026-09-08T01:44:19.480Z  FSNN/2016       bereinigt     6510 reg. Kerzen        0/0/0 von 252  Tagen gewertet (1m/5m/15m)        0 Signale  48 ms lesen  84 ms rechnen
2026-09-08T01:44:19.961Z  FSNN/2017       bereinigt    19681 reg. Kerzen        0/0/0 von 251  Tagen gewertet (1m/5m/15m)        0 Signale  249 ms lesen  200 ms rechnen
2026-09-08T01:44:20.735Z  FSNN/2018       bereinigt    39972 reg. Kerzen        0/0/0 von 251  Tagen gewertet (1m/5m/15m)        0 Signale  141 ms lesen  502 ms rechnen
2026-09-08T01:44:21.185Z  FSNN/2019       roh          10149 reg. Kerzen        0/0/0 von 78   Tagen gewertet (1m/5m/15m)        0 Signale  35 ms lesen  221 ms rechnen
2026-09-08T01:44:21.314Z  FSTX/2020       roh           2559 reg. Kerzen        0/0/0 von 27   Tagen gewertet (1m/5m/15m)        0 Signale  39 ms lesen  28 ms rechnen
2026-09-08T01:44:21.835Z  FSTX/2021       roh          29700 reg. Kerzen        0/0/0 von 252  Tagen gewertet (1m/5m/15m)        0 Signale  150 ms lesen  359 ms rechnen
2026-09-08T01:44:22.701Z  FSTX/2022       roh          30629 reg. Kerzen        0/0/0 von 251  Tagen gewertet (1m/5m/15m)        0 Signale  176 ms lesen  527 ms rechnen
2026-09-08T01:44:23.025Z  FSTX/2023       roh           8185 reg. Kerzen        0/0/0 von 45   Tagen gewertet (1m/5m/15m)        0 Signale  64 ms lesen  135 ms rechnen
2026-09-08T01:44:24.089Z  FTD/2016        roh          48782 reg. Kerzen        0/0/0 von 252  Tagen gewertet (1m/5m/15m)        0 Signale  285 ms lesen  662 ms rechnen
2026-09-08T01:44:25.131Z  FTD/2017        roh          44371 reg. Kerzen        0/0/0 von 251  Tagen gewertet (1m/5m/15m)        0 Signale  206 ms lesen  605 ms rechnen
2026-09-08T01:44:26.138Z  FTD/2018        roh          50636 reg. Kerzen        0/0/0 von 251  Tagen gewertet (1m/5m/15m)        0 Signale  210 ms lesen  563 ms rechnen
2026-09-08T01:44:26.865Z  FTD/2019        roh          17018 reg. Kerzen        0/0/0 von 112  Tagen gewertet (1m/5m/15m)        0 Signale  300 ms lesen  198 ms rechnen
2026-09-08T01:44:50.014Z  FTNT/2016       bereinigt    96217 reg. Kerzen    0/232/232 von 252  Tagen gewertet (1m/5m/15m)     5977 Signale  379 ms lesen  22587 ms rechnen
2026-09-08T01:45:13.931Z  FTNT/2017       bereinigt    93048 reg. Kerzen    0/251/251 von 251  Tagen gewertet (1m/5m/15m)     6200 Signale  392 ms lesen  23068 ms rechnen
2026-09-08T01:45:38.855Z  FTNT/2018       bereinigt    94404 reg. Kerzen    0/249/249 von 251  Tagen gewertet (1m/5m/15m)     6407 Signale  468 ms lesen  24015 ms rechnen
2026-09-08T01:46:04.622Z  FTNT/2019       bereinigt    95658 reg. Kerzen    0/252/252 von 252  Tagen gewertet (1m/5m/15m)     6443 Signale  502 ms lesen  24863 ms rechnen
2026-09-08T01:46:32.485Z  FTNT/2020       bereinigt    96033 reg. Kerzen    0/253/253 von 253  Tagen gewertet (1m/5m/15m)     6653 Signale  537 ms lesen  26876 ms rechnen
2026-09-08T01:46:58.719Z  FTNT/2021       bereinigt    92439 reg. Kerzen    0/252/252 von 252  Tagen gewertet (1m/5m/15m)     6673 Signale  546 ms lesen  25072 ms rechnen
2026-09-08T01:47:27.700Z  FTNT/2022       bereinigt    95956 reg. Kerzen    0/251/251 von 251  Tagen gewertet (1m/5m/15m)     6788 Signale  286 ms lesen  28233 ms rechnen
2026-09-08T01:47:53.399Z  FTNT/2023       roh          97130 reg. Kerzen    0/250/250 von 250  Tagen gewertet (1m/5m/15m)     6471 Signale  598 ms lesen  24617 ms rechnen
2026-09-08T01:48:22.687Z  FTNT/2024       roh          97668 reg. Kerzen    0/252/252 von 252  Tagen gewertet (1m/5m/15m)     6379 Signale  409 ms lesen  28312 ms rechnen
2026-09-08T01:48:52.626Z  FTNT/2025       roh          96884 reg. Kerzen    0/250/250 von 250  Tagen gewertet (1m/5m/15m)     6465 Signale  665 ms lesen  28627 ms rechnen
2026-09-08T01:49:10.785Z  FTNT/2026       roh          64693 reg. Kerzen    0/166/166 von 166  Tagen gewertet (1m/5m/15m)     4377 Signale  280 ms lesen  17394 ms rechnen
2026-09-08T01:49:34.562Z  FTSI/2018       bereinigt    71016 reg. Kerzen    0/197/197 von 229  Tagen gewertet (1m/5m/15m)     5479 Signale  345 ms lesen  23097 ms rechnen
2026-09-08T01:49:37.803Z  FTSI/2019       bereinigt    72867 reg. Kerzen      0/13/13 von 252  Tagen gewertet (1m/5m/15m)      386 Signale  357 ms lesen  2578 ms rechnen
2026-09-08T01:49:38.895Z  FTSI/2020       bereinigt    47284 reg. Kerzen        0/0/0 von 253  Tagen gewertet (1m/5m/15m)        0 Signale  133 ms lesen  598 ms rechnen
2026-09-08T01:49:39.532Z  FTSI/2021       roh          26044 reg. Kerzen        0/0/0 von 252  Tagen gewertet (1m/5m/15m)        0 Signale  76 ms lesen  288 ms rechnen
2026-09-08T01:49:39.857Z  FTSI/2022       roh           4851 reg. Kerzen        0/0/0 von 43   Tagen gewertet (1m/5m/15m)        0 Signale  90 ms lesen  73 ms rechnen
2026-09-08T01:49:40.176Z  FULL/2016       roh           9111 reg. Kerzen        0/0/0 von 213  Tagen gewertet (1m/5m/15m)        0 Signale  98 ms lesen  118 ms rechnen
2026-09-08T01:49:40.265Z  FVAM/2020       roh           1071 reg. Kerzen        0/0/0 von 47   Tagen gewertet (1m/5m/15m)        0 Signale  12 ms lesen  20 ms rechnen
2026-09-08T01:49:40.353Z  FVAM/2021       roh           2822 reg. Kerzen        0/0/0 von 195  Tagen gewertet (1m/5m/15m)        0 Signale  31 ms lesen  52 ms rechnen
2026-09-08T01:49:40.513Z  FVAM/2022       roh            586 reg. Kerzen        0/0/0 von 150  Tagen gewertet (1m/5m/15m)        0 Signale  108 ms lesen  28 ms rechnen
2026-09-08T01:49:53.657Z  FWONA/2016      roh          51372 reg. Kerzen    0/128/128 von 180  Tagen gewertet (1m/5m/15m)     3369 Signale  163 ms lesen  12973 ms rechnen
2026-09-08T01:50:19.147Z  FWONA/2017      roh          60022 reg. Kerzen    0/248/250 von 251  Tagen gewertet (1m/5m/15m)     6439 Signale  192 ms lesen  25043 ms rechnen
2026-09-08T01:50:32.455Z  FWONA/2018      roh          50853 reg. Kerzen    0/129/130 von 251  Tagen gewertet (1m/5m/15m)     3338 Signale  144 ms lesen  12828 ms rechnen
2026-09-08T01:50:33.214Z  FWONA/2019      roh          32229 reg. Kerzen        0/0/0 von 252  Tagen gewertet (1m/5m/15m)        0 Signale  109 ms lesen  420 ms rechnen
2026-09-08T01:50:39.071Z  FWONA/2020      roh          41316 reg. Kerzen      0/48/48 von 253  Tagen gewertet (1m/5m/15m)     1314 Signale  130 ms lesen  5565 ms rechnen
2026-09-08T01:50:45.899Z  FWONA/2021      roh          35985 reg. Kerzen      0/54/78 von 252  Tagen gewertet (1m/5m/15m)     1575 Signale  212 ms lesen  6416 ms rechnen
2026-09-08T01:51:02.683Z  FWONA/2022      roh          38233 reg. Kerzen    0/144/228 von 251  Tagen gewertet (1m/5m/15m)     4505 Signale  262 ms lesen  16361 ms rechnen
2026-09-08T01:51:15.571Z  FWONA/2023      roh          36596 reg. Kerzen    0/114/181 von 250  Tagen gewertet (1m/5m/15m)     3546 Signale  182 ms lesen  12533 ms rechnen
2026-09-08T01:51:19.601Z  FWONA/2024      roh          28070 reg. Kerzen      0/33/85 von 252  Tagen gewertet (1m/5m/15m)     1281 Signale  69 ms lesen  3801 ms rechnen
2026-09-08T01:51:29.373Z  FWONA/2025      roh          27869 reg. Kerzen     0/76/183 von 250  Tagen gewertet (1m/5m/15m)     2914 Signale  132 ms lesen  9465 ms rechnen
2026-09-08T01:51:42.789Z  FWONA/2026      roh          24252 reg. Kerzen    0/122/166 von 166  Tagen gewertet (1m/5m/15m)     3542 Signale  186 ms lesen  13091 ms rechnen
2026-09-08T01:51:57.930Z  FYBR/2021       roh          54236 reg. Kerzen    0/149/149 von 169  Tagen gewertet (1m/5m/15m)     3886 Signale  217 ms lesen  14778 ms rechnen
2026-09-08T01:52:25.034Z  FYBR/2022       roh          86633 reg. Kerzen    0/251/251 von 251  Tagen gewertet (1m/5m/15m)     6737 Signale  175 ms lesen  26684 ms rechnen
2026-09-08T01:52:51.770Z  FYBR/2023       roh          93034 reg. Kerzen    0/250/250 von 250  Tagen gewertet (1m/5m/15m)     6689 Signale  267 ms lesen  26023 ms rechnen
2026-09-08T01:53:15.665Z  FYBR/2024       roh          91170 reg. Kerzen    0/252/252 von 252  Tagen gewertet (1m/5m/15m)     6049 Signale  238 ms lesen  23181 ms rechnen
2026-09-08T01:53:31.965Z  FYBR/2025       roh          85754 reg. Kerzen    0/250/250 von 250  Tagen gewertet (1m/5m/15m)     3981 Signale  248 ms lesen  15490 ms rechnen
2026-09-08T01:53:33.181Z  FYBR/2026       roh           4142 reg. Kerzen      0/11/11 von 11   Tagen gewertet (1m/5m/15m)      193 Signale  36 ms lesen  712 ms rechnen
2026-09-08T01:53:33.294Z  GAMC/2021       roh           1366 reg. Kerzen        0/0/0 von 109  Tagen gewertet (1m/5m/15m)        0 Signale  46 ms lesen  31 ms rechnen
2026-09-08T01:53:33.365Z  GAMC/2022       roh           1318 reg. Kerzen        0/0/0 von 188  Tagen gewertet (1m/5m/15m)        0 Signale  16 ms lesen  36 ms rechnen
2026-09-08T01:53:33.506Z  GAMC/2023       roh            527 reg. Kerzen        0/0/0 von 153  Tagen gewertet (1m/5m/15m)        0 Signale  118 ms lesen  16 ms rechnen
2026-09-08T01:53:33.526Z  GAMC/2024       roh            228 reg. Kerzen        0/0/0 von 48   Tagen gewertet (1m/5m/15m)        0 Signale  9 ms lesen  7 ms rechnen
2026-09-08T01:53:33.684Z  GATO/2020       roh          11090 reg. Kerzen        0/0/0 von 45   Tagen gewertet (1m/5m/15m)        0 Signale  30 ms lesen  123 ms rechnen
2026-09-08T01:53:38.689Z  CHECKPOINT 2000 Dateien, 439 min, Detektorfehler {}
2026-09-08T01:54:06.710Z  GATO/2021       roh          73580 reg. Kerzen    0/234/234 von 252  Tagen gewertet (1m/5m/15m)     6472 Signale  258 ms lesen  27762 ms rechnen
2026-09-08T01:54:12.200Z  GATO/2022       roh          71001 reg. Kerzen      0/39/39 von 250  Tagen gewertet (1m/5m/15m)     1078 Signale  232 ms lesen  4922 ms rechnen
2026-09-08T01:54:13.387Z  GATO/2023       roh          58997 reg. Kerzen        0/0/0 von 250  Tagen gewertet (1m/5m/15m)        0 Signale  136 ms lesen  710 ms rechnen
2026-09-08T01:54:24.475Z  GATO/2024       roh          63718 reg. Kerzen      0/96/96 von 252  Tagen gewertet (1m/5m/15m)     2623 Signale  232 ms lesen  10586 ms rechnen
2026-09-08T01:54:25.698Z  GATO/2025       roh           2361 reg. Kerzen        0/7/7 von 9    Tagen gewertet (1m/5m/15m)      206 Signale  20 ms lesen  899 ms rechnen
2026-09-08T01:54:25.792Z  GBNH/2021       roh           3446 reg. Kerzen        0/0/0 von 191  Tagen gewertet (1m/5m/15m)        0 Signale  22 ms lesen  56 ms rechnen
2026-09-08T01:54:25.907Z  GBNH/2022       roh           4535 reg. Kerzen        0/0/0 von 243  Tagen gewertet (1m/5m/15m)        0 Signale  46 ms lesen  54 ms rechnen
2026-09-08T01:54:26.130Z  GBNH/2023       roh           9678 reg. Kerzen        0/0/0 von 248  Tagen gewertet (1m/5m/15m)        0 Signale  58 ms lesen  141 ms rechnen
2026-09-08T01:54:26.262Z  GBNH/2024       roh           2187 reg. Kerzen        0/0/0 von 37   Tagen gewertet (1m/5m/15m)        0 Signale  31 ms lesen  46 ms rechnen
2026-09-08T01:54:53.590Z  GBX/2016        roh          79601 reg. Kerzen    0/232/232 von 252  Tagen gewertet (1m/5m/15m)     6365 Signale  275 ms lesen  27015 ms rechnen
2026-09-08T01:55:18.424Z  GBX/2017        roh          70176 reg. Kerzen    0/251/251 von 251  Tagen gewertet (1m/5m/15m)     6646 Signale  337 ms lesen  24146 ms rechnen
2026-09-08T01:55:44.181Z  GBX/2018        roh          71841 reg. Kerzen    0/251/251 von 251  Tagen gewertet (1m/5m/15m)     6627 Signale  261 ms lesen  25105 ms rechnen
2026-09-08T01:56:08.788Z  GBX/2019        roh          72525 reg. Kerzen    0/234/234 von 252  Tagen gewertet (1m/5m/15m)     6291 Signale  293 ms lesen  23977 ms rechnen
2026-09-08T01:56:37.085Z  GBX/2020        roh          75127 reg. Kerzen    0/253/253 von 253  Tagen gewertet (1m/5m/15m)     6870 Signale  218 ms lesen  27727 ms rechnen
2026-09-08T01:57:02.745Z  GBX/2021        roh          59326 reg. Kerzen    0/248/250 von 252  Tagen gewertet (1m/5m/15m)     6607 Signale  161 ms lesen  25107 ms rechnen
2026-09-08T01:57:26.445Z  GBX/2022        roh          59717 reg. Kerzen    0/228/230 von 251  Tagen gewertet (1m/5m/15m)     6156 Signale  259 ms lesen  23192 ms rechnen
2026-09-08T01:57:46.524Z  GBX/2023        roh          54688 reg. Kerzen    0/192/205 von 250  Tagen gewertet (1m/5m/15m)     5168 Signale  154 ms lesen  19616 ms rechnen
2026-09-08T01:58:09.685Z  GBX/2024        roh          49202 reg. Kerzen    0/236/252 von 252  Tagen gewertet (1m/5m/15m)     6189 Signale  134 ms lesen  22719 ms rechnen
2026-09-08T01:58:33.017Z  GBX/2025        roh          53058 reg. Kerzen    0/237/250 von 250  Tagen gewertet (1m/5m/15m)     6270 Signale  253 ms lesen  22787 ms rechnen
2026-09-08T01:58:48.007Z  GBX/2026        roh          31702 reg. Kerzen    0/149/166 von 166  Tagen gewertet (1m/5m/15m)     4033 Signale  85 ms lesen  14635 ms rechnen
2026-09-08T01:58:48.583Z  GDEN/2016       roh          21540 reg. Kerzen        0/0/0 von 252  Tagen gewertet (1m/5m/15m)        0 Signale  88 ms lesen  256 ms rechnen
2026-09-08T01:58:49.010Z  GDEN/2017       roh          20314 reg. Kerzen        0/0/0 von 251  Tagen gewertet (1m/5m/15m)        0 Signale  65 ms lesen  252 ms rechnen
2026-09-08T01:59:12.638Z  GDEN/2018       roh          62961 reg. Kerzen    0/222/222 von 251  Tagen gewertet (1m/5m/15m)     5944 Signale  220 ms lesen  23315 ms rechnen
2026-09-08T01:59:13.472Z  GDEN/2019       roh          40661 reg. Kerzen        0/0/0 von 252  Tagen gewertet (1m/5m/15m)        0 Signale  119 ms lesen  433 ms rechnen
2026-09-08T01:59:16.708Z  GDEN/2020       roh          54287 reg. Kerzen      0/19/19 von 253  Tagen gewertet (1m/5m/15m)      527 Signale  289 ms lesen  2763 ms rechnen
2026-09-08T01:59:33.362Z  GDEN/2021       roh          42174 reg. Kerzen    0/141/160 von 252  Tagen gewertet (1m/5m/15m)     3882 Signale  320 ms lesen  16017 ms rechnen
2026-09-08T01:59:51.999Z  GDEN/2022       roh          45669 reg. Kerzen    0/166/186 von 251  Tagen gewertet (1m/5m/15m)     4649 Signale  132 ms lesen  18307 ms rechnen
2026-09-08T01:59:58.476Z  GDEN/2023       roh          36450 reg. Kerzen      0/59/76 von 250  Tagen gewertet (1m/5m/15m)     1658 Signale  205 ms lesen  6084 ms rechnen
2026-09-08T02:00:05.031Z  GDEN/2024       roh          38111 reg. Kerzen      0/63/67 von 252  Tagen gewertet (1m/5m/15m)     1644 Signale  121 ms lesen  6252 ms rechnen
2026-09-08T02:00:10.755Z  GDEN/2025       roh          41801 reg. Kerzen      0/48/57 von 250  Tagen gewertet (1m/5m/15m)     1322 Signale  133 ms lesen  5393 ms rechnen
2026-09-08T02:00:12.457Z  GDEN/2026       roh          13794 reg. Kerzen      0/16/18 von 81   Tagen gewertet (1m/5m/15m)      377 Signale  49 ms lesen  1488 ms rechnen
2026-09-08T02:00:31.441Z  GE/2016         roh          98091 reg. Kerzen    0/232/232 von 252  Tagen gewertet (1m/5m/15m)     5334 Signale  517 ms lesen  18274 ms rechnen
2026-09-08T02:00:51.251Z  GE/2017         roh          97530 reg. Kerzen    0/251/251 von 251  Tagen gewertet (1m/5m/15m)     5744 Signale  355 ms lesen  18983 ms rechnen
2026-09-08T02:01:15.993Z  GE/2018         roh          97350 reg. Kerzen    0/251/251 von 251  Tagen gewertet (1m/5m/15m)     6594 Signale  300 ms lesen  24018 ms rechnen
2026-09-08T02:01:39.761Z  GE/2019         roh          97705 reg. Kerzen    0/231/231 von 252  Tagen gewertet (1m/5m/15m)     6009 Signale  299 ms lesen  22885 ms rechnen
2026-09-08T02:02:07.419Z  GE/2020         roh          98252 reg. Kerzen    0/253/253 von 253  Tagen gewertet (1m/5m/15m)     6851 Signale  604 ms lesen  26518 ms rechnen
2026-09-08T02:02:31.616Z  GE/2021         roh          97315 reg. Kerzen    0/229/229 von 252  Tagen gewertet (1m/5m/15m)     5939 Signale  419 ms lesen  23298 ms rechnen
2026-09-08T02:02:56.627Z  GE/2022         roh          97310 reg. Kerzen    0/241/241 von 251  Tagen gewertet (1m/5m/15m)     6410 Signale  410 ms lesen  24029 ms rechnen
2026-09-08T02:03:18.979Z  GE/2023         roh          97115 reg. Kerzen    0/238/238 von 250  Tagen gewertet (1m/5m/15m)     5878 Signale  628 ms lesen  21220 ms rechnen
2026-09-08T02:03:40.915Z  GE/2024         roh          97693 reg. Kerzen    0/231/231 von 252  Tagen gewertet (1m/5m/15m)     5684 Signale  276 ms lesen  21179 ms rechnen
2026-09-08T02:04:04.795Z  GE/2025         roh          96882 reg. Kerzen    0/250/250 von 250  Tagen gewertet (1m/5m/15m)     6266 Signale  345 ms lesen  23099 ms rechnen
2026-09-08T02:04:22.724Z  GE/2026         roh          64738 reg. Kerzen    0/166/166 von 166  Tagen gewertet (1m/5m/15m)     4344 Signale  374 ms lesen  17114 ms rechnen
2026-09-08T02:04:23.251Z  GEHC/2022       roh           1029 reg. Kerzen        0/0/0 von 11   Tagen gewertet (1m/5m/15m)        0 Signale  19 ms lesen  17 ms rechnen
2026-09-08T02:04:45.963Z  GEHC/2023       roh          96077 reg. Kerzen    0/238/238 von 250  Tagen gewertet (1m/5m/15m)     5935 Signale  542 ms lesen  22165 ms rechnen
2026-09-08T02:05:09.749Z  GEHC/2024       roh          96325 reg. Kerzen    0/252/252 von 252  Tagen gewertet (1m/5m/15m)     6250 Signale  316 ms lesen  23020 ms rechnen
2026-09-08T02:05:34.645Z  GEHC/2025       roh          96060 reg. Kerzen    0/250/250 von 250  Tagen gewertet (1m/5m/15m)     6291 Signale  495 ms lesen  23855 ms rechnen
2026-09-08T02:05:51.999Z  GEHC/2026       roh          64265 reg. Kerzen    0/166/166 von 166  Tagen gewertet (1m/5m/15m)     4290 Signale  230 ms lesen  16586 ms rechnen
2026-09-08T02:06:03.023Z  GERN/2016       roh          86957 reg. Kerzen      0/83/83 von 252  Tagen gewertet (1m/5m/15m)     2327 Signale  335 ms lesen  10256 ms rechnen
2026-09-08T02:06:04.534Z  GERN/2017       roh          80050 reg. Kerzen        0/0/0 von 251  Tagen gewertet (1m/5m/15m)        0 Signale  343 ms lesen  735 ms rechnen
2026-09-08T02:06:25.864Z  GERN/2018       roh          92716 reg. Kerzen    0/172/172 von 251  Tagen gewertet (1m/5m/15m)     4663 Signale  292 ms lesen  20654 ms rechnen
2026-09-08T02:06:30.292Z  GERN/2019       roh          85641 reg. Kerzen      0/23/23 von 252  Tagen gewertet (1m/5m/15m)      656 Signale  258 ms lesen  3702 ms rechnen
2026-09-08T02:06:37.381Z  GERN/2020       roh          88147 reg. Kerzen      0/45/45 von 253  Tagen gewertet (1m/5m/15m)     1260 Signale  472 ms lesen  6262 ms rechnen
2026-09-08T02:06:44.360Z  GERN/2021       roh          87755 reg. Kerzen      0/37/37 von 252  Tagen gewertet (1m/5m/15m)      980 Signale  637 ms lesen  5385 ms rechnen
2026-09-08T02:06:57.040Z  GERN/2022       roh          90196 reg. Kerzen      0/95/95 von 251  Tagen gewertet (1m/5m/15m)     2667 Signale  284 ms lesen  11992 ms rechnen
2026-09-08T02:07:26.874Z  GERN/2023       roh          95529 reg. Kerzen    0/250/250 von 250  Tagen gewertet (1m/5m/15m)     6955 Signale  298 ms lesen  29032 ms rechnen
2026-09-08T02:07:57.017Z  GERN/2024       roh          96232 reg. Kerzen    0/251/251 von 251  Tagen gewertet (1m/5m/15m)     6834 Signale  342 ms lesen  29356 ms rechnen
2026-09-08T02:08:28.828Z  GERN/2025       roh          96023 reg. Kerzen    0/250/250 von 250  Tagen gewertet (1m/5m/15m)     6892 Signale  269 ms lesen  31000 ms rechnen
2026-09-08T02:08:49.438Z  GERN/2026       roh          64382 reg. Kerzen    0/166/166 von 166  Tagen gewertet (1m/5m/15m)     4503 Signale  269 ms lesen  19843 ms rechnen
2026-09-08T02:08:49.788Z  GFED/2016       roh            827 reg. Kerzen        0/0/0 von 192  Tagen gewertet (1m/5m/15m)        0 Signale  20 ms lesen  20 ms rechnen
2026-09-08T02:08:49.833Z  GFED/2017       roh            618 reg. Kerzen        0/0/0 von 184  Tagen gewertet (1m/5m/15m)        0 Signale  23 ms lesen  16 ms rechnen
2026-09-08T02:08:49.873Z  GFED/2018       roh            784 reg. Kerzen        0/0/0 von 195  Tagen gewertet (1m/5m/15m)        0 Signale  17 ms lesen  16 ms rechnen
2026-09-08T02:08:49.942Z  GFED/2019       roh           1083 reg. Kerzen        0/0/0 von 209  Tagen gewertet (1m/5m/15m)        0 Signale  42 ms lesen  21 ms rechnen
2026-09-08T02:08:49.999Z  GFED/2020       roh            881 reg. Kerzen        0/0/0 von 197  Tagen gewertet (1m/5m/15m)        0 Signale  32 ms lesen  18 ms rechnen
2026-09-08T02:08:50.051Z  GFED/2021       roh           1735 reg. Kerzen        0/0/0 von 220  Tagen gewertet (1m/5m/15m)        0 Signale  19 ms lesen  28 ms rechnen
2026-09-08T02:08:50.162Z  GFED/2022       roh            829 reg. Kerzen        0/0/0 von 61   Tagen gewertet (1m/5m/15m)        0 Signale  42 ms lesen  42 ms rechnen
2026-09-08T02:08:50.347Z  GFX/2021        roh          10123 reg. Kerzen        0/0/0 von 222  Tagen gewertet (1m/5m/15m)        0 Signale  57 ms lesen  112 ms rechnen
2026-09-08T02:08:50.458Z  GFX/2022        roh           1708 reg. Kerzen        0/0/0 von 228  Tagen gewertet (1m/5m/15m)        0 Signale  16 ms lesen  48 ms rechnen
2026-09-08T02:08:50.510Z  GFX/2023        roh            754 reg. Kerzen        0/0/0 von 123  Tagen gewertet (1m/5m/15m)        0 Signale  20 ms lesen  17 ms rechnen
2026-09-08T02:08:50.597Z  GGMC/2021       roh            634 reg. Kerzen        0/0/0 von 79   Tagen gewertet (1m/5m/15m)        0 Signale  45 ms lesen  24 ms rechnen
2026-09-08T02:08:50.638Z  GGMC/2022       roh            649 reg. Kerzen        0/0/0 von 158  Tagen gewertet (1m/5m/15m)        0 Signale  21 ms lesen  16 ms rechnen
2026-09-08T02:08:52.747Z  GHIV/2020       roh          17109 reg. Kerzen      0/16/26 von 167  Tagen gewertet (1m/5m/15m)      485 Signale  104 ms lesen  2000 ms rechnen
2026-09-08T02:08:54.531Z  GHIV/2021       roh           5070 reg. Kerzen      0/13/13 von 13   Tagen gewertet (1m/5m/15m)      360 Signale  29 ms lesen  1677 ms rechnen
2026-09-08T02:08:54.659Z  GIAC/2021       roh            227 reg. Kerzen        0/0/0 von 19   Tagen gewertet (1m/5m/15m)        0 Signale  71 ms lesen  7 ms rechnen
2026-09-08T02:08:54.742Z  GIAC/2022       roh            568 reg. Kerzen        0/0/0 von 135  Tagen gewertet (1m/5m/15m)        0 Signale  66 ms lesen  13 ms rechnen
2026-09-08T02:08:54.790Z  GIAC/2023       roh            260 reg. Kerzen        0/0/0 von 16   Tagen gewertet (1m/5m/15m)        0 Signale  32 ms lesen  12 ms rechnen
2026-09-08T02:09:16.000Z  GIL/2016        roh          84675 reg. Kerzen    0/232/232 von 252  Tagen gewertet (1m/5m/15m)     5830 Signale  256 ms lesen  20936 ms rechnen
2026-09-08T02:09:39.351Z  GIL/2017        roh          79542 reg. Kerzen    0/251/251 von 251  Tagen gewertet (1m/5m/15m)     5938 Signale  276 ms lesen  22586 ms rechnen
2026-09-08T02:10:02.209Z  GIL/2018        roh          81050 reg. Kerzen    0/251/251 von 251  Tagen gewertet (1m/5m/15m)     6060 Signale  241 ms lesen  22272 ms rechnen
2026-09-08T02:10:24.739Z  GIL/2019        roh          84348 reg. Kerzen    0/252/252 von 252  Tagen gewertet (1m/5m/15m)     5951 Signale  327 ms lesen  21800 ms rechnen
2026-09-08T02:10:51.339Z  GIL/2020        roh          87593 reg. Kerzen    0/253/253 von 253  Tagen gewertet (1m/5m/15m)     6693 Signale  225 ms lesen  25990 ms rechnen
2026-09-08T02:11:15.935Z  GIL/2021        roh          75229 reg. Kerzen    0/250/250 von 252  Tagen gewertet (1m/5m/15m)     6495 Signale  311 ms lesen  23907 ms rechnen
2026-09-08T02:11:42.650Z  GIL/2022        roh          88232 reg. Kerzen    0/250/250 von 251  Tagen gewertet (1m/5m/15m)     6754 Signale  472 ms lesen  25814 ms rechnen
2026-09-08T02:12:06.444Z  GIL/2023        roh          82771 reg. Kerzen    0/250/250 von 250  Tagen gewertet (1m/5m/15m)     6431 Signale  182 ms lesen  23155 ms rechnen
2026-09-08T02:12:29.397Z  GIL/2024        roh          78898 reg. Kerzen    0/251/251 von 252  Tagen gewertet (1m/5m/15m)     6107 Signale  175 ms lesen  22349 ms rechnen
2026-09-08T02:12:52.785Z  GIL/2025        roh          79738 reg. Kerzen    0/250/250 von 250  Tagen gewertet (1m/5m/15m)     6362 Signale  240 ms lesen  22722 ms rechnen
2026-09-08T02:13:09.473Z  GIL/2026        roh          57605 reg. Kerzen    0/166/166 von 166  Tagen gewertet (1m/5m/15m)     4411 Signale  267 ms lesen  15973 ms rechnen
2026-09-08T02:13:09.782Z  GLADZ/2023      roh           1687 reg. Kerzen        0/0/0 von 93   Tagen gewertet (1m/5m/15m)        0 Signale  15 ms lesen  27 ms rechnen
2026-09-08T02:13:09.914Z  GLADZ/2024      roh           2641 reg. Kerzen        0/0/0 von 249  Tagen gewertet (1m/5m/15m)        0 Signale  59 ms lesen  63 ms rechnen
2026-09-08T02:13:09.995Z  GLADZ/2025      roh           1744 reg. Kerzen        0/0/0 von 193  Tagen gewertet (1m/5m/15m)        0 Signale  36 ms lesen  30 ms rechnen
2026-09-08T02:13:10.026Z  GLEO/2019       roh             67 reg. Kerzen        0/0/0 von 19   Tagen gewertet (1m/5m/15m)        0 Signale  7 ms lesen  1 ms rechnen
2026-09-08T02:13:10.103Z  GLEO/2020       roh           1347 reg. Kerzen        0/0/0 von 214  Tagen gewertet (1m/5m/15m)        0 Signale  18 ms lesen  53 ms rechnen
2026-09-08T02:13:10.384Z  GLEO/2021       roh          10315 reg. Kerzen        0/0/0 von 187  Tagen gewertet (1m/5m/15m)        0 Signale  28 ms lesen  243 ms rechnen
2026-09-08T02:13:11.263Z  GLOP/2016       roh          38415 reg. Kerzen        0/0/0 von 252  Tagen gewertet (1m/5m/15m)        0 Signale  292 ms lesen  530 ms rechnen
2026-09-08T02:13:13.759Z  GLOP/2017       roh          40113 reg. Kerzen      0/17/17 von 251  Tagen gewertet (1m/5m/15m)      456 Signale  167 ms lesen  2170 ms rechnen
2026-09-08T02:13:14.478Z  GLOP/2018       roh          36706 reg. Kerzen        0/0/0 von 251  Tagen gewertet (1m/5m/15m)        0 Signale  75 ms lesen  416 ms rechnen
2026-09-08T02:13:15.309Z  GLOP/2019       roh          42897 reg. Kerzen        0/0/0 von 252  Tagen gewertet (1m/5m/15m)        0 Signale  188 ms lesen  485 ms rechnen
2026-09-08T02:13:19.285Z  GLOP/2020       roh          60454 reg. Kerzen      0/27/27 von 253  Tagen gewertet (1m/5m/15m)      750 Signale  149 ms lesen  3643 ms rechnen
2026-09-08T02:13:20.507Z  GLOP/2021       roh          54419 reg. Kerzen        0/0/0 von 252  Tagen gewertet (1m/5m/15m)        0 Signale  235 ms lesen  640 ms rechnen
2026-09-08T02:13:21.678Z  GLOP/2022       roh          50058 reg. Kerzen        0/0/0 von 250  Tagen gewertet (1m/5m/15m)        0 Signale  316 ms lesen  578 ms rechnen
2026-09-08T02:13:22.432Z  GLOP/2023       roh          28448 reg. Kerzen        0/0/0 von 131  Tagen gewertet (1m/5m/15m)        0 Signale  65 ms lesen  439 ms rechnen
2026-09-08T02:13:22.753Z  GLTO/2020       bereinigt     3481 reg. Kerzen        0/0/0 von 44   Tagen gewertet (1m/5m/15m)        0 Signale  89 ms lesen  34 ms rechnen
2026-09-08T02:13:24.112Z  GLTO/2021       bereinigt    24948 reg. Kerzen        0/8/8 von 252  Tagen gewertet (1m/5m/15m)      209 Signale  118 ms lesen  1226 ms rechnen
2026-09-08T02:13:24.664Z  GLTO/2022       bereinigt    13623 reg. Kerzen        0/0/0 von 251  Tagen gewertet (1m/5m/15m)        0 Signale  35 ms lesen  311 ms rechnen
2026-09-08T02:13:24.986Z  GLTO/2023       bereinigt    17641 reg. Kerzen        0/0/0 von 250  Tagen gewertet (1m/5m/15m)        0 Signale  80 ms lesen  182 ms rechnen
2026-09-08T02:13:25.335Z  GLTO/2024       bereinigt    12773 reg. Kerzen        0/0/0 von 252  Tagen gewertet (1m/5m/15m)        0 Signale  50 ms lesen  214 ms rechnen
2026-09-08T02:13:25.766Z  GLTO/2025       roh          14983 reg. Kerzen        0/0/0 von 250  Tagen gewertet (1m/5m/15m)        0 Signale  196 ms lesen  150 ms rechnen
2026-09-08T02:13:26.220Z  GLTO/2026       roh           4336 reg. Kerzen        0/2/3 von 45   Tagen gewertet (1m/5m/15m)       70 Signale  68 ms lesen  321 ms rechnen
2026-09-08T02:13:26.290Z  GMDA/2018       roh           2062 reg. Kerzen        0/0/0 von 44   Tagen gewertet (1m/5m/15m)        0 Signale  20 ms lesen  26 ms rechnen
2026-09-08T02:13:26.473Z  GMDA/2019       roh           6704 reg. Kerzen        0/0/0 von 252  Tagen gewertet (1m/5m/15m)        0 Signale  86 ms lesen  89 ms rechnen
2026-09-08T02:13:27.880Z  GMDA/2020       roh          30470 reg. Kerzen        0/7/7 von 253  Tagen gewertet (1m/5m/15m)      186 Signale  124 ms lesen  1245 ms rechnen
2026-09-08T02:13:34.886Z  GMDA/2021       roh          57950 reg. Kerzen      0/49/49 von 252  Tagen gewertet (1m/5m/15m)     1325 Signale  144 ms lesen  6714 ms rechnen
2026-09-08T02:13:36.101Z  GMDA/2022       roh          53122 reg. Kerzen        0/0/0 von 251  Tagen gewertet (1m/5m/15m)        0 Signale  283 ms lesen  649 ms rechnen
2026-09-08T02:13:40.148Z  GMDA/2023       roh          68442 reg. Kerzen      0/25/25 von 250  Tagen gewertet (1m/5m/15m)      709 Signale  324 ms lesen  3483 ms rechnen
2026-09-08T02:13:40.769Z  GMDA/2024       roh          19051 reg. Kerzen        0/0/0 von 66   Tagen gewertet (1m/5m/15m)        0 Signale  181 ms lesen  199 ms rechnen
2026-09-08T02:13:41.111Z  GMO/2016        roh          15635 reg. Kerzen        0/0/0 von 252  Tagen gewertet (1m/5m/15m)        0 Signale  89 ms lesen  160 ms rechnen
2026-09-08T02:13:41.741Z  GMO/2017        roh          20331 reg. Kerzen        0/0/0 von 251  Tagen gewertet (1m/5m/15m)        0 Signale  243 ms lesen  254 ms rechnen
2026-09-08T02:13:42.370Z  GMO/2018        roh          17583 reg. Kerzen        0/0/0 von 251  Tagen gewertet (1m/5m/15m)        0 Signale  72 ms lesen  417 ms rechnen
2026-09-08T02:13:43.017Z  GMO/2019        roh          22537 reg. Kerzen        0/0/0 von 252  Tagen gewertet (1m/5m/15m)        0 Signale  205 ms lesen  351 ms rechnen
2026-09-08T02:13:43.663Z  GMO/2020        roh          26240 reg. Kerzen        0/0/0 von 189  Tagen gewertet (1m/5m/15m)        0 Signale  193 ms lesen  349 ms rechnen
2026-09-08T02:13:46.240Z  GNCA/2016       bereinigt    52129 reg. Kerzen      0/12/12 von 252  Tagen gewertet (1m/5m/15m)      325 Signale  205 ms lesen  2203 ms rechnen
2026-09-08T02:13:47.223Z  GNCA/2017       bereinigt    50418 reg. Kerzen        0/0/0 von 251  Tagen gewertet (1m/5m/15m)        0 Signale  153 ms lesen  580 ms rechnen
2026-09-08T02:13:48.141Z  GNCA/2018       bereinigt    51407 reg. Kerzen        0/0/0 von 251  Tagen gewertet (1m/5m/15m)        0 Signale  130 ms lesen  548 ms rechnen
2026-09-08T02:13:48.778Z  GNCA/2019       bereinigt    29678 reg. Kerzen        0/0/0 von 252  Tagen gewertet (1m/5m/15m)        0 Signale  62 ms lesen  338 ms rechnen
2026-09-08T02:13:49.575Z  GNCA/2020       roh          43155 reg. Kerzen        0/0/0 von 253  Tagen gewertet (1m/5m/15m)        0 Signale  136 ms lesen  518 ms rechnen
2026-09-08T02:13:50.628Z  GNCA/2021       roh          34035 reg. Kerzen        0/0/0 von 252  Tagen gewertet (1m/5m/15m)        0 Signale  147 ms lesen  631 ms rechnen
2026-09-08T02:13:51.435Z  GNCA/2022       roh          15778 reg. Kerzen        0/0/0 von 105  Tagen gewertet (1m/5m/15m)        0 Signale  88 ms lesen  323 ms rechnen
2026-09-08T02:14:13.694Z  GNRC/2016       roh          78061 reg. Kerzen    0/232/232 von 252  Tagen gewertet (1m/5m/15m)     6103 Signale  256 ms lesen  21907 ms rechnen
2026-09-08T02:14:37.180Z  GNRC/2017       roh          69715 reg. Kerzen    0/251/251 von 251  Tagen gewertet (1m/5m/15m)     6366 Signale  252 ms lesen  22792 ms rechnen
2026-09-08T02:15:00.879Z  GNRC/2018       roh          71401 reg. Kerzen    0/251/251 von 251  Tagen gewertet (1m/5m/15m)     6450 Signale  196 ms lesen  23193 ms rechnen
2026-09-08T02:15:24.574Z  GNRC/2019       roh          73350 reg. Kerzen    0/252/252 von 252  Tagen gewertet (1m/5m/15m)     6442 Signale  282 ms lesen  23092 ms rechnen
2026-09-08T02:15:50.418Z  GNRC/2020       roh          88648 reg. Kerzen    0/253/253 von 253  Tagen gewertet (1m/5m/15m)     6665 Signale  261 ms lesen  25276 ms rechnen
2026-09-08T02:16:18.511Z  GNRC/2021       roh          84684 reg. Kerzen    0/250/250 von 252  Tagen gewertet (1m/5m/15m)     6768 Signale  194 ms lesen  27491 ms rechnen
2026-09-08T02:16:47.451Z  GNRC/2022       roh          91825 reg. Kerzen    0/250/250 von 251  Tagen gewertet (1m/5m/15m)     6912 Signale  376 ms lesen  28035 ms rechnen
2026-09-08T02:17:15.631Z  GNRC/2023       roh          92004 reg. Kerzen    0/250/250 von 250  Tagen gewertet (1m/5m/15m)     6762 Signale  208 ms lesen  27567 ms rechnen
2026-09-08T02:17:42.570Z  GNRC/2024       roh          85503 reg. Kerzen    0/252/252 von 252  Tagen gewertet (1m/5m/15m)     6594 Signale  452 ms lesen  26045 ms rechnen
2026-09-08T02:18:09.682Z  GNRC/2025       roh          82171 reg. Kerzen    0/250/250 von 250  Tagen gewertet (1m/5m/15m)     6532 Signale  290 ms lesen  26462 ms rechnen
2026-09-08T02:18:27.450Z  GNRC/2026       roh          53241 reg. Kerzen    0/166/166 von 166  Tagen gewertet (1m/5m/15m)     4477 Signale  262 ms lesen  17125 ms rechnen
2026-09-08T02:18:27.788Z  GOAC/2020       roh           3206 reg. Kerzen        0/0/0 von 67   Tagen gewertet (1m/5m/15m)        0 Signale  40 ms lesen  57 ms rechnen
2026-09-08T02:18:28.096Z  GOAC/2021       roh          13834 reg. Kerzen        0/0/0 von 250  Tagen gewertet (1m/5m/15m)        0 Signale  100 ms lesen  181 ms rechnen
2026-09-08T02:18:28.295Z  GOAC/2022       roh           3944 reg. Kerzen        0/0/0 von 154  Tagen gewertet (1m/5m/15m)        0 Signale  39 ms lesen  102 ms rechnen
2026-09-08T02:18:29.016Z  GOL/2016        bereinigt    51479 reg. Kerzen        0/0/0 von 252  Tagen gewertet (1m/5m/15m)        0 Signale  151 ms lesen  517 ms rechnen
2026-09-08T02:18:31.460Z  GOL/2017        bereinigt    53906 reg. Kerzen      0/14/16 von 251  Tagen gewertet (1m/5m/15m)      425 Signale  171 ms lesen  1963 ms rechnen
2026-09-08T02:18:42.592Z  GOL/2018        roh          78127 reg. Kerzen      0/94/94 von 251  Tagen gewertet (1m/5m/15m)     2600 Signale  238 ms lesen  10608 ms rechnen
2026-09-08T02:19:09.414Z  GOL/2019        roh          88713 reg. Kerzen    0/252/252 von 252  Tagen gewertet (1m/5m/15m)     6921 Signale  325 ms lesen  26131 ms rechnen
2026-09-08T02:19:36.971Z  GOL/2020        roh          92982 reg. Kerzen    0/253/253 von 253  Tagen gewertet (1m/5m/15m)     7040 Signale  311 ms lesen  26858 ms rechnen
2026-09-08T02:20:03.945Z  GOL/2021        roh          90408 reg. Kerzen    0/250/250 von 252  Tagen gewertet (1m/5m/15m)     6924 Signale  344 ms lesen  26136 ms rechnen
2026-09-08T02:20:27.409Z  GOL/2022        roh          85704 reg. Kerzen    0/209/209 von 251  Tagen gewertet (1m/5m/15m)     5917 Signale  328 ms lesen  22714 ms rechnen
2026-09-08T02:20:32.725Z  GOL/2023        roh          74485 reg. Kerzen      0/35/35 von 250  Tagen gewertet (1m/5m/15m)      983 Signale  393 ms lesen  4512 ms rechnen
2026-09-08T02:20:33.153Z  GOL/2024        roh           4657 reg. Kerzen        0/0/0 von 17   Tagen gewertet (1m/5m/15m)        0 Signale  26 ms lesen  55 ms rechnen
2026-09-08T02:20:33.320Z  GPAK/2023       roh           4532 reg. Kerzen        0/0/0 von 58   Tagen gewertet (1m/5m/15m)        0 Signale  79 ms lesen  45 ms rechnen
2026-09-08T02:20:33.504Z  GPAK/2024       roh           8414 reg. Kerzen        0/0/0 von 148  Tagen gewertet (1m/5m/15m)        0 Signale  46 ms lesen  115 ms rechnen
2026-09-08T02:20:33.546Z  AUSGELASSEN GPAK/2025: Datei fehlt
2026-09-08T02:20:54.678Z  GPK/2016        roh          95743 reg. Kerzen    0/232/232 von 252  Tagen gewertet (1m/5m/15m)     5998 Signale  266 ms lesen  20822 ms rechnen
2026-09-08T02:21:17.243Z  GPK/2017        roh          95360 reg. Kerzen    0/251/251 von 251  Tagen gewertet (1m/5m/15m)     6133 Signale  259 ms lesen  21840 ms rechnen
2026-09-08T02:21:41.768Z  GPK/2018        roh          95511 reg. Kerzen    0/251/251 von 251  Tagen gewertet (1m/5m/15m)     6367 Signale  226 ms lesen  23798 ms rechnen
2026-09-08T02:22:06.567Z  GPK/2019        roh          96907 reg. Kerzen    0/252/252 von 252  Tagen gewertet (1m/5m/15m)     6289 Signale  265 ms lesen  24137 ms rechnen
2026-09-08T02:22:33.152Z  GPK/2020        roh          96885 reg. Kerzen    0/253/253 von 253  Tagen gewertet (1m/5m/15m)     6537 Signale  228 ms lesen  25769 ms rechnen
2026-09-08T02:22:57.755Z  GPK/2021        roh          94880 reg. Kerzen    0/250/250 von 252  Tagen gewertet (1m/5m/15m)     6243 Signale  347 ms lesen  23717 ms rechnen
2026-09-08T02:23:24.342Z  GPK/2022        roh          96038 reg. Kerzen    0/250/250 von 251  Tagen gewertet (1m/5m/15m)     6602 Signale  453 ms lesen  25491 ms rechnen
2026-09-08T02:23:49.008Z  GPK/2023        roh          95984 reg. Kerzen    0/250/250 von 250  Tagen gewertet (1m/5m/15m)     6357 Signale  411 ms lesen  23773 ms rechnen
2026-09-08T02:24:13.280Z  GPK/2024        roh          94883 reg. Kerzen    0/251/251 von 252  Tagen gewertet (1m/5m/15m)     6255 Signale  532 ms lesen  23241 ms rechnen
2026-09-08T02:24:38.061Z  GPK/2025        roh          94979 reg. Kerzen    0/250/250 von 250  Tagen gewertet (1m/5m/15m)     6357 Signale  287 ms lesen  24040 ms rechnen
2026-09-08T02:24:56.742Z  GPK/2026        roh          64257 reg. Kerzen    0/166/166 von 166  Tagen gewertet (1m/5m/15m)     4511 Signale  222 ms lesen  17794 ms rechnen
2026-09-08T02:24:57.104Z  AUSGELASSEN GRAB/2018: Datei fehlt
2026-09-08T02:24:57.104Z  AUSGELASSEN GRAB/2019: Datei fehlt
2026-09-08T02:24:57.144Z  GRAB/2020       roh           1024 reg. Kerzen        0/0/0 von 22   Tagen gewertet (1m/5m/15m)        0 Signale  23 ms lesen  16 ms rechnen
2026-09-08T02:25:12.512Z  GRAB/2021       roh          68904 reg. Kerzen    0/139/140 von 252  Tagen gewertet (1m/5m/15m)     3653 Signale  238 ms lesen  15124 ms rechnen
2026-09-08T02:25:41.335Z  GRAB/2022       roh          97660 reg. Kerzen    0/251/251 von 251  Tagen gewertet (1m/5m/15m)     7027 Signale  532 ms lesen  27858 ms rechnen
2026-09-08T02:26:09.422Z  GRAB/2023       roh          97007 reg. Kerzen    0/250/250 von 250  Tagen gewertet (1m/5m/15m)     6873 Signale  348 ms lesen  27245 ms rechnen
2026-09-08T02:26:34.979Z  GRAB/2024       roh          97651 reg. Kerzen    0/252/252 von 252  Tagen gewertet (1m/5m/15m)     6639 Signale  251 ms lesen  24787 ms rechnen
2026-09-08T02:27:02.465Z  GRAB/2025       roh          96953 reg. Kerzen    0/250/250 von 250  Tagen gewertet (1m/5m/15m)     6858 Signale  369 ms lesen  26666 ms rechnen
2026-09-08T02:27:21.295Z  GRAB/2026       roh          64739 reg. Kerzen    0/166/166 von 166  Tagen gewertet (1m/5m/15m)     4468 Signale  243 ms lesen  18100 ms rechnen
2026-09-08T02:27:28.674Z  GREE/2021       bereinigt    25133 reg. Kerzen      0/56/56 von 76   Tagen gewertet (1m/5m/15m)     1570 Signale  164 ms lesen  6904 ms rechnen
2026-09-08T02:27:31.622Z  GREE/2022       bereinigt    55809 reg. Kerzen      0/16/16 von 251  Tagen gewertet (1m/5m/15m)      423 Signale  210 ms lesen  2615 ms rechnen
2026-09-08T02:27:32.894Z  GREE/2023       bereinigt    46944 reg. Kerzen        0/0/0 von 250  Tagen gewertet (1m/5m/15m)        0 Signale  345 ms lesen  641 ms rechnen
2026-09-08T02:27:33.779Z  GREE/2024       roh          40253 reg. Kerzen        0/0/0 von 252  Tagen gewertet (1m/5m/15m)        0 Signale  159 ms lesen  465 ms rechnen
2026-09-08T02:27:34.462Z  GREE/2025       roh          32001 reg. Kerzen        0/0/0 von 250  Tagen gewertet (1m/5m/15m)        0 Signale  164 ms lesen  357 ms rechnen
2026-09-08T02:27:34.942Z  GREE/2026       roh          14801 reg. Kerzen        0/0/0 von 139  Tagen gewertet (1m/5m/15m)        0 Signale  74 ms lesen  240 ms rechnen
2026-09-08T02:27:35.182Z  GRND/2021       roh           9847 reg. Kerzen        0/0/0 von 244  Tagen gewertet (1m/5m/15m)        0 Signale  33 ms lesen  126 ms rechnen
2026-09-08T02:27:36.922Z  GRND/2022       roh          10636 reg. Kerzen      0/13/15 von 243  Tagen gewertet (1m/5m/15m)      392 Signale  57 ms lesen  1639 ms rechnen
2026-09-08T02:27:37.637Z  GRND/2023       roh          39945 reg. Kerzen        0/0/0 von 250  Tagen gewertet (1m/5m/15m)        0 Signale  216 ms lesen  449 ms rechnen
2026-09-08T02:27:44.444Z  GRND/2024       roh          60708 reg. Kerzen      0/57/57 von 252  Tagen gewertet (1m/5m/15m)     1479 Signale  225 ms lesen  6418 ms rechnen
2026-09-08T02:28:10.722Z  GRND/2025       roh          88402 reg. Kerzen    0/250/250 von 250  Tagen gewertet (1m/5m/15m)     6539 Signale  287 ms lesen  25713 ms rechnen
2026-09-08T02:28:28.623Z  GRND/2026       roh          54767 reg. Kerzen    0/166/166 von 166  Tagen gewertet (1m/5m/15m)     4500 Signale  268 ms lesen  17198 ms rechnen
2026-09-08T02:28:29.073Z  GRTX/2019       bereinigt     4379 reg. Kerzen        0/0/0 von 37   Tagen gewertet (1m/5m/15m)        0 Signale  84 ms lesen  48 ms rechnen
2026-09-08T02:28:29.328Z  GRTX/2020       bereinigt    13231 reg. Kerzen        0/0/0 von 253  Tagen gewertet (1m/5m/15m)        0 Signale  48 ms lesen  187 ms rechnen
2026-09-08T02:28:30.504Z  GRTX/2021       bereinigt    34687 reg. Kerzen        0/4/4 von 252  Tagen gewertet (1m/5m/15m)      114 Signale  206 ms lesen  899 ms rechnen
2026-09-08T02:28:32.723Z  GRTX/2022       bereinigt    24379 reg. Kerzen      0/15/15 von 251  Tagen gewertet (1m/5m/15m)      413 Signale  132 ms lesen  1927 ms rechnen
2026-09-08T02:28:33.864Z  GRTX/2023       bereinigt    60153 reg. Kerzen        0/0/0 von 250  Tagen gewertet (1m/5m/15m)        0 Signale  218 ms lesen  691 ms rechnen
2026-09-08T02:28:34.583Z  GRTX/2024       bereinigt    17311 reg. Kerzen        0/0/0 von 106  Tagen gewertet (1m/5m/15m)        0 Signale  146 ms lesen  198 ms rechnen
2026-09-08T02:28:34.655Z  AUSGELASSEN GRTX/2025: Datei fehlt
2026-09-08T02:28:34.911Z  GSB/2016        roh          10662 reg. Kerzen        0/0/0 von 252  Tagen gewertet (1m/5m/15m)        0 Signale  49 ms lesen  171 ms rechnen
2026-09-08T02:28:35.202Z  GSB/2017        roh          13104 reg. Kerzen        0/0/0 von 251  Tagen gewertet (1m/5m/15m)        0 Signale  52 ms lesen  176 ms rechnen
2026-09-08T02:28:35.580Z  GSB/2018        roh           9519 reg. Kerzen        0/0/0 von 251  Tagen gewertet (1m/5m/15m)        0 Signale  102 ms lesen  196 ms rechnen
2026-09-08T02:28:36.235Z  GSB/2019        roh          30611 reg. Kerzen        0/0/0 von 252  Tagen gewertet (1m/5m/15m)        0 Signale  247 ms lesen  327 ms rechnen
2026-09-08T02:28:36.786Z  GSB/2020        roh          23520 reg. Kerzen        0/0/0 von 166  Tagen gewertet (1m/5m/15m)        0 Signale  61 ms lesen  254 ms rechnen
2026-09-08T02:28:56.491Z  GSK/2016        bereinigt    97797 reg. Kerzen    0/232/232 von 252  Tagen gewertet (1m/5m/15m)     5562 Signale  446 ms lesen  19058 ms rechnen
2026-09-08T02:29:15.679Z  GSK/2017        bereinigt    97321 reg. Kerzen    0/251/251 von 251  Tagen gewertet (1m/5m/15m)     5470 Signale  496 ms lesen  18173 ms rechnen
2026-09-08T02:29:36.143Z  GSK/2018        bereinigt    96831 reg. Kerzen    0/251/251 von 251  Tagen gewertet (1m/5m/15m)     5902 Signale  448 ms lesen  19582 ms rechnen
2026-09-08T02:29:56.863Z  GSK/2019        bereinigt    97250 reg. Kerzen    0/252/252 von 252  Tagen gewertet (1m/5m/15m)     5658 Signale  539 ms lesen  19661 ms rechnen
2026-09-08T02:30:20.085Z  GSK/2020        bereinigt    98013 reg. Kerzen    0/253/253 von 253  Tagen gewertet (1m/5m/15m)     6322 Signale  449 ms lesen  22304 ms rechnen
2026-09-08T02:30:39.369Z  GSK/2021        bereinigt    96700 reg. Kerzen    0/250/250 von 252  Tagen gewertet (1m/5m/15m)     5602 Signale  551 ms lesen  18105 ms rechnen
2026-09-08T02:31:02.028Z  GSK/2022        bereinigt    96044 reg. Kerzen    0/247/247 von 247  Tagen gewertet (1m/5m/15m)     6046 Signale  388 ms lesen  21808 ms rechnen
2026-09-08T02:31:22.704Z  GSK/2023        roh          96552 reg. Kerzen    0/250/250 von 250  Tagen gewertet (1m/5m/15m)     5732 Signale  314 ms lesen  19863 ms rechnen
2026-09-08T02:31:26.577Z  CHECKPOINT 2200 Dateien, 476 min, Detektorfehler {}
2026-09-08T02:31:47.537Z  GSK/2024        roh          97122 reg. Kerzen    0/252/252 von 252  Tagen gewertet (1m/5m/15m)     5850 Signale  539 ms lesen  20417 ms rechnen
2026-09-08T02:32:08.852Z  GSK/2025        roh          96664 reg. Kerzen    0/250/250 von 250  Tagen gewertet (1m/5m/15m)     6116 Signale  341 ms lesen  20505 ms rechnen
2026-09-08T02:32:23.744Z  GSK/2026        roh          64600 reg. Kerzen    0/166/166 von 166  Tagen gewertet (1m/5m/15m)     4099 Signale  277 ms lesen  14128 ms rechnen
2026-09-08T02:32:24.049Z  GSRT/2024       roh             88 reg. Kerzen        0/0/0 von 8    Tagen gewertet (1m/5m/15m)        0 Signale  14 ms lesen  1 ms rechnen
2026-09-08T02:32:29.911Z  GSRT/2025       roh          24272 reg. Kerzen      0/62/68 von 184  Tagen gewertet (1m/5m/15m)     1605 Signale  205 ms lesen  5656 ms rechnen
2026-09-08T02:32:48.279Z  GTES/2018       roh          61404 reg. Kerzen    0/169/170 von 235  Tagen gewertet (1m/5m/15m)     4400 Signale  133 ms lesen  17996 ms rechnen
2026-09-08T02:32:53.991Z  GTES/2019       roh          60648 reg. Kerzen      0/46/47 von 252  Tagen gewertet (1m/5m/15m)     1201 Signale  184 ms lesen  5221 ms rechnen
2026-09-08T02:32:56.397Z  GTES/2020       roh          55459 reg. Kerzen      0/13/13 von 253  Tagen gewertet (1m/5m/15m)      351 Signale  139 ms lesen  1940 ms rechnen
2026-09-08T02:33:16.936Z  GTES/2021       roh          72254 reg. Kerzen    0/210/210 von 252  Tagen gewertet (1m/5m/15m)     5448 Signale  213 ms lesen  20030 ms rechnen
2026-09-08T02:33:38.944Z  GTES/2022       roh          82104 reg. Kerzen    0/210/210 von 251  Tagen gewertet (1m/5m/15m)     5703 Signale  291 ms lesen  21337 ms rechnen
2026-09-08T02:34:00.665Z  GTES/2023       roh          84502 reg. Kerzen    0/229/229 von 250  Tagen gewertet (1m/5m/15m)     5836 Signale  350 ms lesen  21005 ms rechnen
2026-09-08T02:34:24.234Z  GTES/2024       roh          94248 reg. Kerzen    0/252/252 von 252  Tagen gewertet (1m/5m/15m)     6419 Signale  281 ms lesen  22900 ms rechnen
2026-09-08T02:34:49.344Z  GTES/2025       roh          92197 reg. Kerzen    0/250/250 von 250  Tagen gewertet (1m/5m/15m)     6459 Signale  310 ms lesen  24303 ms rechnen
2026-09-08T02:35:06.232Z  GTES/2026       roh          61847 reg. Kerzen    0/166/166 von 166  Tagen gewertet (1m/5m/15m)     4414 Signale  400 ms lesen  16056 ms rechnen
2026-09-08T02:35:06.630Z  GTPB/2021       roh           1802 reg. Kerzen        0/0/0 von 132  Tagen gewertet (1m/5m/15m)        0 Signale  51 ms lesen  31 ms rechnen
2026-09-08T02:35:06.719Z  GTPB/2022       roh           2393 reg. Kerzen        0/0/0 von 199  Tagen gewertet (1m/5m/15m)        0 Signale  25 ms lesen  44 ms rechnen
2026-09-08T02:35:06.759Z  GTYH/2016       roh             22 reg. Kerzen        0/0/0 von 8    Tagen gewertet (1m/5m/15m)        0 Signale  22 ms lesen  1 ms rechnen
2026-09-08T02:35:06.835Z  GTYH/2017       roh            792 reg. Kerzen        0/0/0 von 128  Tagen gewertet (1m/5m/15m)        0 Signale  24 ms lesen  51 ms rechnen
2026-09-08T02:35:06.947Z  GTYH/2018       roh           2295 reg. Kerzen        0/0/0 von 186  Tagen gewertet (1m/5m/15m)        0 Signale  23 ms lesen  80 ms rechnen
2026-09-08T02:35:07.350Z  GTYH/2019       roh          23119 reg. Kerzen        0/0/0 von 245  Tagen gewertet (1m/5m/15m)        0 Signale  85 ms lesen  305 ms rechnen
2026-09-08T02:35:07.829Z  GTYH/2020       roh          22980 reg. Kerzen        0/0/0 von 253  Tagen gewertet (1m/5m/15m)        0 Signale  69 ms lesen  278 ms rechnen
2026-09-08T02:35:08.503Z  GTYH/2021       roh          27550 reg. Kerzen        0/0/0 von 252  Tagen gewertet (1m/5m/15m)        0 Signale  206 ms lesen  369 ms rechnen
2026-09-08T02:35:09.906Z  GTYH/2022       roh          22289 reg. Kerzen      0/11/11 von 127  Tagen gewertet (1m/5m/15m)      291 Signale  87 ms lesen  1193 ms rechnen
2026-09-08T02:35:10.142Z  GWGH/2016       roh           1951 reg. Kerzen        0/0/0 von 203  Tagen gewertet (1m/5m/15m)        0 Signale  65 ms lesen  64 ms rechnen
2026-09-08T02:35:10.343Z  GWGH/2017       roh           1430 reg. Kerzen        0/0/0 von 229  Tagen gewertet (1m/5m/15m)        0 Signale  143 ms lesen  37 ms rechnen
2026-09-08T02:35:10.462Z  GWGH/2018       roh           2567 reg. Kerzen        0/0/0 von 219  Tagen gewertet (1m/5m/15m)        0 Signale  54 ms lesen  57 ms rechnen
2026-09-08T02:35:10.578Z  GWGH/2019       roh           6194 reg. Kerzen        0/0/0 von 249  Tagen gewertet (1m/5m/15m)        0 Signale  37 ms lesen  67 ms rechnen
2026-09-08T02:35:10.705Z  GWGH/2020       roh           3361 reg. Kerzen        0/0/0 von 244  Tagen gewertet (1m/5m/15m)        0 Signale  25 ms lesen  73 ms rechnen
2026-09-08T02:35:10.929Z  GWGH/2021       roh           5091 reg. Kerzen        0/0/0 von 249  Tagen gewertet (1m/5m/15m)        0 Signale  140 ms lesen  65 ms rechnen
2026-09-08T02:35:11.176Z  GWGH/2022       roh           3903 reg. Kerzen        0/0/0 von 80   Tagen gewertet (1m/5m/15m)        0 Signale  126 ms lesen  80 ms rechnen
2026-09-08T02:35:20.670Z  GXO/2021        roh          36061 reg. Kerzen      0/86/86 von 107  Tagen gewertet (1m/5m/15m)     2362 Signale  140 ms lesen  9331 ms rechnen
2026-09-08T02:35:48.604Z  GXO/2022        roh          89558 reg. Kerzen    0/250/250 von 250  Tagen gewertet (1m/5m/15m)     6887 Signale  304 ms lesen  27458 ms rechnen
2026-09-08T02:36:14.393Z  GXO/2023        roh          80332 reg. Kerzen    0/250/250 von 250  Tagen gewertet (1m/5m/15m)     6574 Signale  278 ms lesen  25079 ms rechnen
2026-09-08T02:36:38.851Z  GXO/2024        roh          82883 reg. Kerzen    0/252/252 von 252  Tagen gewertet (1m/5m/15m)     6521 Signale  308 ms lesen  23809 ms rechnen
2026-09-08T02:37:04.638Z  GXO/2025        roh          85431 reg. Kerzen    0/250/250 von 250  Tagen gewertet (1m/5m/15m)     6572 Signale  259 ms lesen  25185 ms rechnen
2026-09-08T02:37:22.448Z  GXO/2026        roh          56901 reg. Kerzen    0/166/166 von 166  Tagen gewertet (1m/5m/15m)     4463 Signale  193 ms lesen  17220 ms rechnen
2026-09-08T02:37:30.610Z  HAFN/2024       roh          49779 reg. Kerzen      0/82/82 von 185  Tagen gewertet (1m/5m/15m)     2118 Signale  172 ms lesen  7622 ms rechnen
2026-09-08T02:37:51.833Z  HAFN/2025       roh          79889 reg. Kerzen    0/222/222 von 250  Tagen gewertet (1m/5m/15m)     5867 Signale  420 ms lesen  20564 ms rechnen
2026-09-08T02:38:08.364Z  HAFN/2026       roh          55181 reg. Kerzen    0/156/156 von 166  Tagen gewertet (1m/5m/15m)     4150 Signale  281 ms lesen  15750 ms rechnen
2026-09-08T02:38:08.892Z  HARP/2019       bereinigt    15067 reg. Kerzen        0/0/0 von 226  Tagen gewertet (1m/5m/15m)        0 Signale  101 ms lesen  174 ms rechnen
2026-09-08T02:38:09.591Z  HARP/2020       bereinigt    38965 reg. Kerzen        0/0/0 von 253  Tagen gewertet (1m/5m/15m)        0 Signale  138 ms lesen  474 ms rechnen
2026-09-08T02:38:12.081Z  HARP/2021       bereinigt    54334 reg. Kerzen      0/12/12 von 252  Tagen gewertet (1m/5m/15m)      314 Signale  206 ms lesen  2119 ms rechnen
2026-09-08T02:38:13.008Z  HARP/2022       bereinigt    43255 reg. Kerzen        0/0/0 von 251  Tagen gewertet (1m/5m/15m)        0 Signale  175 ms lesen  526 ms rechnen
2026-09-08T02:38:13.650Z  HARP/2023       bereinigt    31152 reg. Kerzen        0/0/0 von 250  Tagen gewertet (1m/5m/15m)        0 Signale  108 ms lesen  357 ms rechnen
2026-09-08T02:38:16.188Z  HARP/2024       roh          13313 reg. Kerzen      0/33/33 von 47   Tagen gewertet (1m/5m/15m)      512 Signale  56 ms lesen  2321 ms rechnen
2026-09-08T02:38:16.322Z  HBK/2016        roh            983 reg. Kerzen        0/0/0 von 167  Tagen gewertet (1m/5m/15m)        0 Signale  17 ms lesen  28 ms rechnen
2026-09-08T02:38:16.420Z  HBK/2017        roh            750 reg. Kerzen        0/0/0 von 171  Tagen gewertet (1m/5m/15m)        0 Signale  67 ms lesen  24 ms rechnen
2026-09-08T02:38:16.462Z  HBK/2018        roh            803 reg. Kerzen        0/0/0 von 154  Tagen gewertet (1m/5m/15m)        0 Signale  15 ms lesen  17 ms rechnen
2026-09-08T02:38:16.505Z  HBK/2019        roh            244 reg. Kerzen        0/0/0 von 41   Tagen gewertet (1m/5m/15m)        0 Signale  17 ms lesen  20 ms rechnen
2026-09-08T02:38:31.230Z  HCC/2017        roh          52798 reg. Kerzen    0/147/147 von 181  Tagen gewertet (1m/5m/15m)     3810 Signale  202 ms lesen  14502 ms rechnen
2026-09-08T02:38:58.975Z  HCC/2018        roh          86837 reg. Kerzen    0/251/251 von 251  Tagen gewertet (1m/5m/15m)     6891 Signale  252 ms lesen  27224 ms rechnen
2026-09-08T02:39:26.348Z  HCC/2019        roh          86744 reg. Kerzen    0/252/252 von 252  Tagen gewertet (1m/5m/15m)     6812 Signale  296 ms lesen  26720 ms rechnen
2026-09-08T02:39:56.234Z  HCC/2020        roh          83717 reg. Kerzen    0/253/253 von 253  Tagen gewertet (1m/5m/15m)     6927 Signale  225 ms lesen  29263 ms rechnen
2026-09-08T02:40:24.327Z  HCC/2021        roh          78665 reg. Kerzen    0/250/250 von 252  Tagen gewertet (1m/5m/15m)     6903 Signale  314 ms lesen  27394 ms rechnen
2026-09-08T02:40:52.608Z  HCC/2022        roh          80196 reg. Kerzen    0/250/250 von 251  Tagen gewertet (1m/5m/15m)     6772 Signale  262 ms lesen  27655 ms rechnen
2026-09-08T02:41:18.894Z  HCC/2023        roh          76428 reg. Kerzen    0/250/250 von 250  Tagen gewertet (1m/5m/15m)     6660 Signale  237 ms lesen  25587 ms rechnen
2026-09-08T02:41:45.031Z  HCC/2024        roh          77549 reg. Kerzen    0/252/252 von 252  Tagen gewertet (1m/5m/15m)     6791 Signale  241 ms lesen  25488 ms rechnen
2026-09-08T02:42:13.528Z  HCC/2025        roh          79030 reg. Kerzen    0/250/250 von 250  Tagen gewertet (1m/5m/15m)     6734 Signale  427 ms lesen  27614 ms rechnen
2026-09-08T02:42:36.729Z  HCC/2026        roh          47596 reg. Kerzen    0/166/166 von 166  Tagen gewertet (1m/5m/15m)     4471 Signale  323 ms lesen  22233 ms rechnen
2026-09-08T02:42:38.032Z  HCI/2016        roh          42031 reg. Kerzen        0/0/0 von 252  Tagen gewertet (1m/5m/15m)        0 Signale  379 ms lesen  617 ms rechnen
2026-09-08T02:42:41.972Z  HCI/2017        roh          35620 reg. Kerzen      0/19/21 von 251  Tagen gewertet (1m/5m/15m)      536 Signale  163 ms lesen  3564 ms rechnen
2026-09-08T02:42:42.649Z  HCI/2018        roh          26436 reg. Kerzen        0/0/0 von 251  Tagen gewertet (1m/5m/15m)        0 Signale  111 ms lesen  360 ms rechnen
2026-09-08T02:42:43.297Z  HCI/2019        roh          21334 reg. Kerzen        0/0/0 von 252  Tagen gewertet (1m/5m/15m)        0 Signale  88 ms lesen  284 ms rechnen
2026-09-08T02:42:43.803Z  HCI/2020        roh          18372 reg. Kerzen        0/0/0 von 253  Tagen gewertet (1m/5m/15m)        0 Signale  63 ms lesen  323 ms rechnen
2026-09-08T02:42:52.304Z  HCI/2021        roh          25511 reg. Kerzen     0/52/136 von 252  Tagen gewertet (1m/5m/15m)     2059 Signale  154 ms lesen  8235 ms rechnen
2026-09-08T02:42:55.118Z  HCI/2022        roh          27386 reg. Kerzen      0/16/41 von 251  Tagen gewertet (1m/5m/15m)      649 Signale  117 ms lesen  2586 ms rechnen
2026-09-08T02:42:58.235Z  HCI/2023        roh          23708 reg. Kerzen      0/12/42 von 250  Tagen gewertet (1m/5m/15m)      567 Signale  165 ms lesen  2828 ms rechnen
2026-09-08T02:43:09.744Z  HCI/2024        roh          28881 reg. Kerzen     0/75/224 von 252  Tagen gewertet (1m/5m/15m)     3215 Signale  235 ms lesen  11076 ms rechnen
2026-09-08T02:43:19.304Z  HCI/2025        roh          24867 reg. Kerzen     0/47/229 von 250  Tagen gewertet (1m/5m/15m)     2764 Signale  123 ms lesen  9300 ms rechnen
2026-09-08T02:43:26.169Z  HCI/2026        roh          18195 reg. Kerzen     0/37/157 von 166  Tagen gewertet (1m/5m/15m)     2026 Signale  96 ms lesen  6617 ms rechnen
2026-09-08T02:43:46.454Z  HDB/2016        bereinigt    81277 reg. Kerzen    0/232/232 von 252  Tagen gewertet (1m/5m/15m)     5647 Signale  287 ms lesen  19899 ms rechnen
2026-09-08T02:44:06.544Z  HDB/2017        bereinigt    80944 reg. Kerzen    0/251/251 von 251  Tagen gewertet (1m/5m/15m)     5764 Signale  347 ms lesen  19342 ms rechnen
2026-09-08T02:44:27.519Z  HDB/2018        bereinigt    80153 reg. Kerzen    0/250/250 von 251  Tagen gewertet (1m/5m/15m)     6077 Signale  359 ms lesen  20247 ms rechnen
2026-09-08T02:44:48.401Z  HDB/2019        bereinigt    82845 reg. Kerzen    0/252/252 von 252  Tagen gewertet (1m/5m/15m)     5888 Signale  372 ms lesen  20066 ms rechnen
2026-09-08T02:45:12.458Z  HDB/2020        bereinigt    93861 reg. Kerzen    0/253/253 von 253  Tagen gewertet (1m/5m/15m)     6380 Signale  341 ms lesen  23332 ms rechnen
2026-09-08T02:45:34.654Z  HDB/2021        bereinigt    89813 reg. Kerzen    0/250/250 von 252  Tagen gewertet (1m/5m/15m)     6198 Signale  308 ms lesen  21404 ms rechnen
2026-09-08T02:45:58.161Z  HDB/2022        bereinigt    93429 reg. Kerzen    0/250/250 von 251  Tagen gewertet (1m/5m/15m)     6376 Signale  429 ms lesen  22601 ms rechnen
2026-09-08T02:46:19.455Z  HDB/2023        bereinigt    93882 reg. Kerzen    0/250/250 von 250  Tagen gewertet (1m/5m/15m)     5912 Signale  414 ms lesen  20400 ms rechnen
2026-09-08T02:46:39.775Z  HDB/2024        bereinigt    95338 reg. Kerzen    0/252/252 von 252  Tagen gewertet (1m/5m/15m)     5912 Signale  212 ms lesen  19611 ms rechnen
2026-09-08T02:46:59.286Z  HDB/2025        bereinigt    94461 reg. Kerzen    0/250/250 von 250  Tagen gewertet (1m/5m/15m)     5692 Signale  275 ms lesen  18717 ms rechnen
2026-09-08T02:47:14.290Z  HDB/2026        roh          64416 reg. Kerzen    0/166/166 von 166  Tagen gewertet (1m/5m/15m)     4078 Signale  215 ms lesen  14327 ms rechnen
2026-09-08T02:47:14.757Z  HEBT/2016       roh             86 reg. Kerzen        0/0/0 von 4    Tagen gewertet (1m/5m/15m)        0 Signale  61 ms lesen  4 ms rechnen
2026-09-08T02:47:14.899Z  HEBT/2017       roh           7891 reg. Kerzen        0/0/0 von 251  Tagen gewertet (1m/5m/15m)        0 Signale  46 ms lesen  85 ms rechnen
2026-09-08T02:47:15.006Z  HEBT/2018       roh           3699 reg. Kerzen        0/0/0 von 232  Tagen gewertet (1m/5m/15m)        0 Signale  18 ms lesen  47 ms rechnen
2026-09-08T02:47:15.264Z  HEBT/2019       roh          10877 reg. Kerzen        0/0/0 von 242  Tagen gewertet (1m/5m/15m)        0 Signale  46 ms lesen  190 ms rechnen
2026-09-08T02:47:15.627Z  HEBT/2020       roh          15841 reg. Kerzen        0/0/0 von 221  Tagen gewertet (1m/5m/15m)        0 Signale  78 ms lesen  192 ms rechnen
2026-09-08T02:47:16.921Z  HEP/2016        roh          39622 reg. Kerzen        0/5/5 von 252  Tagen gewertet (1m/5m/15m)      153 Signale  141 ms lesen  1014 ms rechnen
2026-09-08T02:47:20.715Z  HEP/2017        roh          39986 reg. Kerzen      0/25/30 von 251  Tagen gewertet (1m/5m/15m)      698 Signale  219 ms lesen  3350 ms rechnen
2026-09-08T02:47:24.298Z  HEP/2018        roh          44027 reg. Kerzen      0/27/34 von 251  Tagen gewertet (1m/5m/15m)      780 Signale  215 ms lesen  3170 ms rechnen
2026-09-08T02:47:32.167Z  HEP/2019        roh          44300 reg. Kerzen      0/73/75 von 252  Tagen gewertet (1m/5m/15m)     1865 Signale  231 ms lesen  7382 ms rechnen
2026-09-08T02:47:47.883Z  HEP/2020        roh          61672 reg. Kerzen    0/139/140 von 253  Tagen gewertet (1m/5m/15m)     3754 Signale  190 ms lesen  15313 ms rechnen
2026-09-08T02:47:51.915Z  HEP/2021        roh          48438 reg. Kerzen      0/31/34 von 252  Tagen gewertet (1m/5m/15m)      829 Signale  150 ms lesen  3600 ms rechnen
2026-09-08T02:47:52.778Z  HEP/2022        roh          36661 reg. Kerzen        0/0/0 von 251  Tagen gewertet (1m/5m/15m)        0 Signale  149 ms lesen  426 ms rechnen
2026-09-08T02:48:00.583Z  HEP/2023        roh          41858 reg. Kerzen      0/75/75 von 230  Tagen gewertet (1m/5m/15m)     1931 Signale  104 ms lesen  7513 ms rechnen
2026-09-08T02:48:00.907Z  HFEN/2020       roh           2403 reg. Kerzen        0/0/0 von 26   Tagen gewertet (1m/5m/15m)        0 Signale  29 ms lesen  72 ms rechnen
2026-09-08T02:48:00.953Z  HFEN/2021       roh           1063 reg. Kerzen        0/0/0 von 23   Tagen gewertet (1m/5m/15m)        0 Signale  15 ms lesen  18 ms rechnen
2026-09-08T02:48:22.136Z  HGV/2017        roh          72615 reg. Kerzen    0/230/230 von 250  Tagen gewertet (1m/5m/15m)     5771 Signale  224 ms lesen  20938 ms rechnen
2026-09-08T02:48:45.638Z  HGV/2018        roh          85869 reg. Kerzen    0/251/251 von 251  Tagen gewertet (1m/5m/15m)     6451 Signale  296 ms lesen  22908 ms rechnen
2026-09-08T02:49:09.354Z  HGV/2019        roh          86217 reg. Kerzen    0/252/252 von 252  Tagen gewertet (1m/5m/15m)     6341 Signale  366 ms lesen  22917 ms rechnen
2026-09-08T02:49:37.549Z  HGV/2020        roh          81271 reg. Kerzen    0/253/253 von 253  Tagen gewertet (1m/5m/15m)     6902 Signale  339 ms lesen  27377 ms rechnen
2026-09-08T02:50:04.321Z  HGV/2021        roh          79210 reg. Kerzen    0/250/250 von 252  Tagen gewertet (1m/5m/15m)     6682 Signale  255 ms lesen  26165 ms rechnen
2026-09-08T02:50:31.361Z  HGV/2022        roh          79704 reg. Kerzen    0/250/250 von 251  Tagen gewertet (1m/5m/15m)     6817 Signale  273 ms lesen  26364 ms rechnen
2026-09-08T02:50:57.306Z  HGV/2023        roh          80759 reg. Kerzen    0/250/250 von 250  Tagen gewertet (1m/5m/15m)     6509 Signale  229 ms lesen  25333 ms rechnen
2026-09-08T02:51:21.607Z  HGV/2024        roh          79676 reg. Kerzen    0/252/252 von 252  Tagen gewertet (1m/5m/15m)     6475 Signale  355 ms lesen  23592 ms rechnen
2026-09-08T02:51:48.467Z  HGV/2025        roh          81012 reg. Kerzen    0/250/250 von 250  Tagen gewertet (1m/5m/15m)     6544 Signale  355 ms lesen  26075 ms rechnen
2026-09-08T02:52:07.135Z  HGV/2026        roh          49049 reg. Kerzen    0/166/166 von 166  Tagen gewertet (1m/5m/15m)     4421 Signale  407 ms lesen  17867 ms rechnen
2026-09-08T02:52:07.575Z  HHRS/2023       roh           9690 reg. Kerzen        0/0/0 von 207  Tagen gewertet (1m/5m/15m)        0 Signale  33 ms lesen  120 ms rechnen
2026-09-08T02:52:07.706Z  HIII/2021       roh           3151 reg. Kerzen        0/0/0 von 141  Tagen gewertet (1m/5m/15m)        0 Signale  43 ms lesen  41 ms rechnen
2026-09-08T02:52:07.799Z  HIII/2022       roh           2932 reg. Kerzen        0/0/0 von 223  Tagen gewertet (1m/5m/15m)        0 Signale  28 ms lesen  52 ms rechnen
2026-09-08T02:52:11.323Z  HK/2016         bereinigt    80794 reg. Kerzen      0/19/19 von 252  Tagen gewertet (1m/5m/15m)      532 Signale  328 ms lesen  3162 ms rechnen
2026-09-08T02:52:40.884Z  HK/2017         roh          93275 reg. Kerzen    0/251/251 von 251  Tagen gewertet (1m/5m/15m)     6872 Signale  357 ms lesen  28770 ms rechnen
2026-09-08T02:53:11.783Z  HK/2018         roh          96146 reg. Kerzen    0/251/251 von 251  Tagen gewertet (1m/5m/15m)     6953 Signale  337 ms lesen  30105 ms rechnen
2026-09-08T02:53:21.410Z  HK/2019         roh          51267 reg. Kerzen      0/67/67 von 139  Tagen gewertet (1m/5m/15m)     1839 Signale  215 ms lesen  8852 ms rechnen
2026-09-08T02:53:22.186Z  HLI/2016        roh          30640 reg. Kerzen        0/0/0 von 252  Tagen gewertet (1m/5m/15m)        0 Signale  159 ms lesen  374 ms rechnen
2026-09-08T02:53:39.150Z  HLI/2017        roh          53294 reg. Kerzen    0/192/193 von 251  Tagen gewertet (1m/5m/15m)     4724 Signale  212 ms lesen  16580 ms rechnen
2026-09-08T02:54:02.509Z  HLI/2018        roh          58637 reg. Kerzen    0/250/251 von 251  Tagen gewertet (1m/5m/15m)     6334 Signale  164 ms lesen  22866 ms rechnen
2026-09-08T02:54:25.218Z  HLI/2019        roh          59870 reg. Kerzen    0/249/252 von 252  Tagen gewertet (1m/5m/15m)     6173 Signale  238 ms lesen  22182 ms rechnen
2026-09-08T02:54:50.347Z  HLI/2020        roh          72238 reg. Kerzen    0/253/253 von 253  Tagen gewertet (1m/5m/15m)     6393 Signale  285 ms lesen  24562 ms rechnen
2026-09-08T02:55:14.214Z  HLI/2021        roh          64676 reg. Kerzen    0/250/250 von 252  Tagen gewertet (1m/5m/15m)     6388 Signale  213 ms lesen  23341 ms rechnen
2026-09-08T02:55:39.980Z  HLI/2022        roh          63417 reg. Kerzen    0/249/250 von 250  Tagen gewertet (1m/5m/15m)     6710 Signale  304 ms lesen  25171 ms rechnen
2026-09-08T02:56:03.788Z  HLI/2023        roh          64079 reg. Kerzen    0/250/250 von 250  Tagen gewertet (1m/5m/15m)     6209 Signale  180 ms lesen  23325 ms rechnen
2026-09-08T02:56:26.148Z  HLI/2024        roh          53630 reg. Kerzen    0/249/252 von 252  Tagen gewertet (1m/5m/15m)     6244 Signale  294 ms lesen  21776 ms rechnen
2026-09-08T02:56:48.389Z  HLI/2025        roh          56460 reg. Kerzen    0/249/250 von 250  Tagen gewertet (1m/5m/15m)     6328 Signale  302 ms lesen  21697 ms rechnen
2026-09-08T02:57:05.223Z  HLI/2026        roh          43900 reg. Kerzen    0/166/166 von 166  Tagen gewertet (1m/5m/15m)     4352 Signale  131 ms lesen  16377 ms rechnen
2026-09-08T02:57:05.718Z  HLVX/2022       roh          19147 reg. Kerzen        0/0/0 von 170  Tagen gewertet (1m/5m/15m)        0 Signale  112 ms lesen  193 ms rechnen
2026-09-08T02:57:06.137Z  HLVX/2023       roh          16322 reg. Kerzen        0/0/0 von 250  Tagen gewertet (1m/5m/15m)        0 Signale  134 ms lesen  203 ms rechnen
2026-09-08T02:57:06.730Z  HLVX/2024       roh          36075 reg. Kerzen        0/0/0 von 252  Tagen gewertet (1m/5m/15m)        0 Signale  103 ms lesen  412 ms rechnen
2026-09-08T02:57:07.371Z  HLVX/2025       roh          27043 reg. Kerzen        0/0/0 von 176  Tagen gewertet (1m/5m/15m)        0 Signale  121 ms lesen  330 ms rechnen
2026-09-08T02:57:07.626Z  HMG/2016        roh            945 reg. Kerzen        0/0/0 von 103  Tagen gewertet (1m/5m/15m)        0 Signale  26 ms lesen  23 ms rechnen
2026-09-08T02:57:07.663Z  HMG/2017        roh            344 reg. Kerzen        0/0/0 von 102  Tagen gewertet (1m/5m/15m)        0 Signale  23 ms lesen  8 ms rechnen
2026-09-08T02:57:07.710Z  HMG/2018        roh            684 reg. Kerzen        0/0/0 von 164  Tagen gewertet (1m/5m/15m)        0 Signale  26 ms lesen  17 ms rechnen
2026-09-08T02:57:07.756Z  HMG/2019        roh            296 reg. Kerzen        0/0/0 von 102  Tagen gewertet (1m/5m/15m)        0 Signale  33 ms lesen  8 ms rechnen
2026-09-08T02:57:07.819Z  HMG/2020        roh            544 reg. Kerzen        0/0/0 von 120  Tagen gewertet (1m/5m/15m)        0 Signale  48 ms lesen  11 ms rechnen
2026-09-08T02:57:07.895Z  HMG/2021        roh            914 reg. Kerzen        0/0/0 von 145  Tagen gewertet (1m/5m/15m)        0 Signale  53 ms lesen  18 ms rechnen
2026-09-08T02:57:07.988Z  HMG/2022        roh             75 reg. Kerzen        0/0/0 von 13   Tagen gewertet (1m/5m/15m)        0 Signale  84 ms lesen  2 ms rechnen
2026-09-08T02:57:12.080Z  HMST/2016       roh          46992 reg. Kerzen      0/31/31 von 252  Tagen gewertet (1m/5m/15m)      800 Signale  139 ms lesen  3935 ms rechnen
2026-09-08T02:57:22.517Z  HMST/2017       roh          50687 reg. Kerzen    0/100/103 von 251  Tagen gewertet (1m/5m/15m)     2658 Signale  256 ms lesen  9951 ms rechnen
2026-09-08T02:57:25.447Z  HMST/2018       roh          37598 reg. Kerzen      0/19/19 von 251  Tagen gewertet (1m/5m/15m)      489 Signale  174 ms lesen  2505 ms rechnen
2026-09-08T02:57:26.947Z  HMST/2019       roh          41867 reg. Kerzen       0/7/10 von 252  Tagen gewertet (1m/5m/15m)      204 Signale  153 ms lesen  1137 ms rechnen
2026-09-08T02:57:27.775Z  HMST/2020       roh          43101 reg. Kerzen        0/0/0 von 253  Tagen gewertet (1m/5m/15m)        0 Signale  115 ms lesen  534 ms rechnen
2026-09-08T02:57:31.131Z  HMST/2021       roh          34212 reg. Kerzen      0/28/37 von 252  Tagen gewertet (1m/5m/15m)      793 Signale  208 ms lesen  2925 ms rechnen
2026-09-08T02:57:35.849Z  HMST/2022       roh          38777 reg. Kerzen      0/41/46 von 251  Tagen gewertet (1m/5m/15m)     1132 Signale  124 ms lesen  4445 ms rechnen
2026-09-08T02:57:38.477Z  HMST/2023       roh          52664 reg. Kerzen      0/13/13 von 250  Tagen gewertet (1m/5m/15m)      350 Signale  229 ms lesen  2222 ms rechnen
2026-09-08T02:57:39.471Z  HMST/2024       roh          29907 reg. Kerzen        0/2/2 von 252  Tagen gewertet (1m/5m/15m)       59 Signale  125 ms lesen  616 ms rechnen
2026-09-08T02:57:39.890Z  HMST/2025       roh          18325 reg. Kerzen        0/0/0 von 165  Tagen gewertet (1m/5m/15m)        0 Signale  62 ms lesen  212 ms rechnen
2026-09-08T02:57:40.028Z  HNNAZ/2021      roh            312 reg. Kerzen        0/0/0 von 40   Tagen gewertet (1m/5m/15m)        0 Signale  24 ms lesen  7 ms rechnen
2026-09-08T02:57:40.062Z  HNNAZ/2022      roh            572 reg. Kerzen        0/0/0 von 161  Tagen gewertet (1m/5m/15m)        0 Signale  14 ms lesen  15 ms rechnen
2026-09-08T02:57:40.095Z  HNNAZ/2023      roh            300 reg. Kerzen        0/0/0 von 133  Tagen gewertet (1m/5m/15m)        0 Signale  17 ms lesen  12 ms rechnen
2026-09-08T02:57:40.158Z  HNNAZ/2024      roh            250 reg. Kerzen        0/0/0 von 119  Tagen gewertet (1m/5m/15m)        0 Signale  40 ms lesen  20 ms rechnen
2026-09-08T02:57:40.189Z  HNNAZ/2025      roh            343 reg. Kerzen        0/0/0 von 130  Tagen gewertet (1m/5m/15m)        0 Signale  14 ms lesen  12 ms rechnen
2026-09-08T02:57:40.223Z  HNNAZ/2026      roh            393 reg. Kerzen        0/0/0 von 93   Tagen gewertet (1m/5m/15m)        0 Signale  25 ms lesen  6 ms rechnen
2026-09-08T02:57:46.848Z  HOLI/2016       roh          57288 reg. Kerzen      0/70/70 von 252  Tagen gewertet (1m/5m/15m)     1797 Signale  193 ms lesen  6424 ms rechnen
2026-09-08T02:58:01.413Z  HOLI/2017       roh          59292 reg. Kerzen    0/147/151 von 251  Tagen gewertet (1m/5m/15m)     3750 Signale  170 ms lesen  14119 ms rechnen
2026-09-08T02:58:14.315Z  HOLI/2018       roh          57188 reg. Kerzen    0/122/122 von 251  Tagen gewertet (1m/5m/15m)     3239 Signale  265 ms lesen  12378 ms rechnen
2026-09-08T02:58:16.128Z  HOLI/2019       roh          50925 reg. Kerzen        0/9/9 von 252  Tagen gewertet (1m/5m/15m)      235 Signale  157 ms lesen  1404 ms rechnen
2026-09-08T02:58:17.076Z  HOLI/2020       roh          53479 reg. Kerzen        0/0/0 von 253  Tagen gewertet (1m/5m/15m)        0 Signale  136 ms lesen  584 ms rechnen
2026-09-08T02:58:22.296Z  HOLI/2021       roh          49928 reg. Kerzen      0/44/55 von 252  Tagen gewertet (1m/5m/15m)     1283 Signale  165 ms lesen  4767 ms rechnen
2026-09-08T02:58:32.333Z  HOLI/2022       roh          51733 reg. Kerzen      0/88/96 von 251  Tagen gewertet (1m/5m/15m)     2397 Signale  239 ms lesen  9591 ms rechnen
2026-09-08T02:58:35.798Z  HOLI/2023       roh          39363 reg. Kerzen      0/36/37 von 250  Tagen gewertet (1m/5m/15m)      825 Signale  169 ms lesen  3033 ms rechnen
2026-09-08T02:58:43.864Z  HOLI/2024       roh          32222 reg. Kerzen    0/107/122 von 142  Tagen gewertet (1m/5m/15m)     2370 Signale  121 ms lesen  7749 ms rechnen
2026-09-08T02:58:44.268Z  HONE/2016       roh          13011 reg. Kerzen        0/0/0 von 128  Tagen gewertet (1m/5m/15m)        0 Signale  70 ms lesen  144 ms rechnen
2026-09-08T02:58:44.622Z  HONE/2017       roh          14386 reg. Kerzen        0/0/0 von 251  Tagen gewertet (1m/5m/15m)        0 Signale  107 ms lesen  170 ms rechnen
2026-09-08T02:58:44.962Z  HONE/2018       roh          14735 reg. Kerzen        0/0/0 von 250  Tagen gewertet (1m/5m/15m)        0 Signale  103 ms lesen  159 ms rechnen
2026-09-08T02:58:47.098Z  HONE/2019       roh          32120 reg. Kerzen      0/17/17 von 252  Tagen gewertet (1m/5m/15m)      402 Signale  162 ms lesen  1906 ms rechnen
2026-09-08T02:58:48.116Z  HONE/2020       roh          51375 reg. Kerzen        0/0/0 von 253  Tagen gewertet (1m/5m/15m)        0 Signale  241 ms lesen  619 ms rechnen
2026-09-08T02:58:49.087Z  HONE/2021       roh          45242 reg. Kerzen        0/0/0 von 252  Tagen gewertet (1m/5m/15m)        0 Signale  143 ms lesen  549 ms rechnen
2026-09-08T02:58:50.033Z  HONE/2022       roh          40271 reg. Kerzen        0/0/0 von 251  Tagen gewertet (1m/5m/15m)        0 Signale  171 ms lesen  550 ms rechnen
2026-09-08T02:58:50.849Z  HONE/2023       roh          33459 reg. Kerzen        0/0/0 von 250  Tagen gewertet (1m/5m/15m)        0 Signale  156 ms lesen  397 ms rechnen
2026-09-08T02:58:51.630Z  HONE/2024       roh          33333 reg. Kerzen        0/0/0 von 252  Tagen gewertet (1m/5m/15m)        0 Signale  169 ms lesen  418 ms rechnen
2026-09-08T02:58:54.074Z  HONE/2025       roh          40219 reg. Kerzen      0/17/17 von 209  Tagen gewertet (1m/5m/15m)      475 Signale  127 ms lesen  2195 ms rechnen
2026-09-08T02:58:54.441Z  HOTH/2019       bereinigt     5308 reg. Kerzen        0/0/0 von 218  Tagen gewertet (1m/5m/15m)        0 Signale  68 ms lesen  68 ms rechnen
2026-09-08T02:58:54.901Z  HOTH/2020       bereinigt    30892 reg. Kerzen        0/0/0 von 253  Tagen gewertet (1m/5m/15m)        0 Signale  120 ms lesen  313 ms rechnen
2026-09-08T02:58:55.801Z  HOTH/2021       bereinigt    47085 reg. Kerzen        0/0/0 von 252  Tagen gewertet (1m/5m/15m)        0 Signale  197 ms lesen  550 ms rechnen
2026-09-08T02:58:56.710Z  HOTH/2022       bereinigt    28036 reg. Kerzen        0/0/0 von 251  Tagen gewertet (1m/5m/15m)        0 Signale  210 ms lesen  452 ms rechnen
2026-09-08T02:58:57.367Z  HOTH/2023       roh          21062 reg. Kerzen        0/0/0 von 250  Tagen gewertet (1m/5m/15m)        0 Signale  135 ms lesen  264 ms rechnen
2026-09-08T02:58:57.910Z  HOTH/2024       roh          18926 reg. Kerzen        0/0/0 von 252  Tagen gewertet (1m/5m/15m)        0 Signale  170 ms lesen  275 ms rechnen
2026-09-08T02:58:58.733Z  HOTH/2025       roh          39064 reg. Kerzen        0/0/0 von 250  Tagen gewertet (1m/5m/15m)        0 Signale  154 ms lesen  480 ms rechnen
2026-09-08T02:58:59.186Z  HOTH/2026       roh          15482 reg. Kerzen        0/0/0 von 100  Tagen gewertet (1m/5m/15m)        0 Signale  54 ms lesen  229 ms rechnen
2026-09-08T02:58:59.526Z  HPJ/2016        roh          11411 reg. Kerzen        0/0/0 von 252  Tagen gewertet (1m/5m/15m)        0 Signale  54 ms lesen  127 ms rechnen
2026-09-08T02:58:59.970Z  HPJ/2017        roh          24728 reg. Kerzen        0/0/0 von 251  Tagen gewertet (1m/5m/15m)        0 Signale  91 ms lesen  293 ms rechnen
2026-09-08T02:59:00.342Z  HPJ/2018        roh           8424 reg. Kerzen        0/0/0 von 251  Tagen gewertet (1m/5m/15m)        0 Signale  119 ms lesen  121 ms rechnen
2026-09-08T02:59:00.642Z  HPJ/2019        roh           9025 reg. Kerzen        0/0/0 von 211  Tagen gewertet (1m/5m/15m)        0 Signale  119 ms lesen  125 ms rechnen
2026-09-08T02:59:05.368Z  HPY/2016        roh          22901 reg. Kerzen      0/57/57 von 77   Tagen gewertet (1m/5m/15m)     1266 Signale  53 ms lesen  4602 ms rechnen
2026-09-08T02:59:26.088Z  HRL/2016        bereinigt    97266 reg. Kerzen    0/232/232 von 252  Tagen gewertet (1m/5m/15m)     5655 Signale  281 ms lesen  20252 ms rechnen
2026-09-08T02:59:49.421Z  HRL/2017        roh          95333 reg. Kerzen    0/251/251 von 251  Tagen gewertet (1m/5m/15m)     5806 Signale  277 ms lesen  22581 ms rechnen
2026-09-08T03:00:12.636Z  HRL/2018        roh          96509 reg. Kerzen    0/251/251 von 251  Tagen gewertet (1m/5m/15m)     6076 Signale  299 ms lesen  22435 ms rechnen
2026-09-08T03:00:33.975Z  HRL/2019        roh          96746 reg. Kerzen    0/252/252 von 252  Tagen gewertet (1m/5m/15m)     5782 Signale  260 ms lesen  20658 ms rechnen
2026-09-08T03:00:58.485Z  HRL/2020        roh          97157 reg. Kerzen    0/253/253 von 253  Tagen gewertet (1m/5m/15m)     6146 Signale  324 ms lesen  23732 ms rechnen
2026-09-08T03:01:21.644Z  HRL/2021        roh          95762 reg. Kerzen    0/250/250 von 252  Tagen gewertet (1m/5m/15m)     5827 Signale  265 ms lesen  22364 ms rechnen
2026-09-08T03:01:44.253Z  HRL/2022        roh          95528 reg. Kerzen    0/250/250 von 250  Tagen gewertet (1m/5m/15m)     6126 Signale  317 ms lesen  21842 ms rechnen
2026-09-08T03:02:05.986Z  HRL/2023        roh          96017 reg. Kerzen    0/250/250 von 250  Tagen gewertet (1m/5m/15m)     5992 Signale  280 ms lesen  21040 ms rechnen
2026-09-08T03:02:28.805Z  HRL/2024        roh          96293 reg. Kerzen    0/252/252 von 252  Tagen gewertet (1m/5m/15m)     6042 Signale  427 ms lesen  21892 ms rechnen
2026-09-08T03:02:52.732Z  HRL/2025        roh          96050 reg. Kerzen    0/250/250 von 250  Tagen gewertet (1m/5m/15m)     6055 Signale  530 ms lesen  22950 ms rechnen
2026-09-08T03:03:09.785Z  HRL/2026        roh          64356 reg. Kerzen    0/166/166 von 166  Tagen gewertet (1m/5m/15m)     4184 Signale  185 ms lesen  16240 ms rechnen
2026-09-08T03:03:10.879Z  HRTG/2016       roh          51477 reg. Kerzen        0/0/0 von 252  Tagen gewertet (1m/5m/15m)        0 Signale  253 ms lesen  538 ms rechnen
2026-09-08T03:03:17.652Z  HRTG/2017       roh          52619 reg. Kerzen      0/56/56 von 251  Tagen gewertet (1m/5m/15m)     1455 Signale  209 ms lesen  6302 ms rechnen
2026-09-08T03:03:18.787Z  HRTG/2018       roh          49728 reg. Kerzen        0/0/0 von 251  Tagen gewertet (1m/5m/15m)        0 Signale  164 ms lesen  598 ms rechnen
2026-09-08T03:03:19.804Z  HRTG/2019       roh          40084 reg. Kerzen        0/0/0 von 252  Tagen gewertet (1m/5m/15m)        0 Signale  157 ms lesen  550 ms rechnen
2026-09-08T03:03:20.711Z  HRTG/2020       roh          38109 reg. Kerzen        0/0/0 von 253  Tagen gewertet (1m/5m/15m)        0 Signale  132 ms lesen  536 ms rechnen
2026-09-08T03:03:21.628Z  HRTG/2021       roh          37655 reg. Kerzen        0/0/0 von 252  Tagen gewertet (1m/5m/15m)        0 Signale  203 ms lesen  520 ms rechnen
2026-09-08T03:03:25.461Z  CHECKPOINT 2400 Dateien, 508 min, Detektorfehler {}
2026-09-08T03:03:25.972Z  HRTG/2022       roh          36279 reg. Kerzen        0/0/0 von 251  Tagen gewertet (1m/5m/15m)        0 Signale  115 ms lesen  394 ms rechnen
2026-09-08T03:03:26.604Z  HRTG/2023       roh          35629 reg. Kerzen        0/0/0 von 250  Tagen gewertet (1m/5m/15m)        0 Signale  94 ms lesen  361 ms rechnen
2026-09-08T03:03:32.507Z  HRTG/2024       roh          55040 reg. Kerzen      0/41/41 von 252  Tagen gewertet (1m/5m/15m)     1112 Signale  149 ms lesen  5590 ms rechnen
2026-09-08T03:03:51.239Z  HRTG/2025       roh          54770 reg. Kerzen    0/170/171 von 250  Tagen gewertet (1m/5m/15m)     4594 Signale  256 ms lesen  18100 ms rechnen
2026-09-08T03:04:03.543Z  HRTG/2026       roh          32549 reg. Kerzen    0/114/118 von 166  Tagen gewertet (1m/5m/15m)     3073 Signale  156 ms lesen  11857 ms rechnen
2026-09-08T03:04:04.352Z  HSII/2016       roh          35170 reg. Kerzen        0/0/0 von 252  Tagen gewertet (1m/5m/15m)        0 Signale  155 ms lesen  428 ms rechnen
2026-09-08T03:04:05.049Z  HSII/2017       roh          30275 reg. Kerzen        0/0/0 von 251  Tagen gewertet (1m/5m/15m)        0 Signale  121 ms lesen  403 ms rechnen
2026-09-08T03:04:08.039Z  HSII/2018       roh          39767 reg. Kerzen      0/22/25 von 251  Tagen gewertet (1m/5m/15m)      573 Signale  189 ms lesen  2616 ms rechnen
2026-09-08T03:04:08.844Z  HSII/2019       roh          35802 reg. Kerzen        0/0/0 von 252  Tagen gewertet (1m/5m/15m)        0 Signale  153 ms lesen  473 ms rechnen
2026-09-08T03:04:09.585Z  HSII/2020       roh          38239 reg. Kerzen        0/0/0 von 253  Tagen gewertet (1m/5m/15m)        0 Signale  133 ms lesen  457 ms rechnen
2026-09-08T03:04:10.263Z  HSII/2021       roh          29974 reg. Kerzen        0/0/0 von 252  Tagen gewertet (1m/5m/15m)        0 Signale  129 ms lesen  340 ms rechnen
2026-09-08T03:04:11.058Z  HSII/2022       roh          31657 reg. Kerzen        0/0/0 von 251  Tagen gewertet (1m/5m/15m)        0 Signale  273 ms lesen  365 ms rechnen
2026-09-08T03:04:11.914Z  HSII/2023       roh          25945 reg. Kerzen        0/0/0 von 250  Tagen gewertet (1m/5m/15m)        0 Signale  243 ms lesen  451 ms rechnen
2026-09-08T03:04:12.523Z  HSII/2024       roh          28762 reg. Kerzen        0/0/0 von 252  Tagen gewertet (1m/5m/15m)        0 Signale  101 ms lesen  392 ms rechnen
2026-09-08T03:04:14.862Z  HSII/2025       roh          29610 reg. Kerzen      0/37/37 von 235  Tagen gewertet (1m/5m/15m)      533 Signale  70 ms lesen  2106 ms rechnen
2026-09-08T03:04:34.830Z  HSY/2016        roh          93805 reg. Kerzen    0/231/231 von 252  Tagen gewertet (1m/5m/15m)     5457 Signale  221 ms lesen  19575 ms rechnen
2026-09-08T03:04:54.969Z  HSY/2017        roh          89474 reg. Kerzen    0/251/251 von 251  Tagen gewertet (1m/5m/15m)     5393 Signale  201 ms lesen  19459 ms rechnen
2026-09-08T03:05:17.900Z  HSY/2018        roh          93158 reg. Kerzen    0/251/251 von 251  Tagen gewertet (1m/5m/15m)     5989 Signale  216 ms lesen  22214 ms rechnen
2026-09-08T03:05:39.597Z  HSY/2019        roh          93895 reg. Kerzen    0/252/252 von 252  Tagen gewertet (1m/5m/15m)     5752 Signale  438 ms lesen  20756 ms rechnen
2026-09-08T03:06:03.190Z  HSY/2020        roh          92857 reg. Kerzen    0/253/253 von 253  Tagen gewertet (1m/5m/15m)     6198 Signale  411 ms lesen  22779 ms rechnen
2026-09-08T03:06:24.665Z  HSY/2021        roh          88804 reg. Kerzen    0/250/250 von 252  Tagen gewertet (1m/5m/15m)     5638 Signale  305 ms lesen  20646 ms rechnen
2026-09-08T03:06:48.415Z  HSY/2022        roh          89907 reg. Kerzen    0/250/250 von 251  Tagen gewertet (1m/5m/15m)     6187 Signale  338 ms lesen  22998 ms rechnen
2026-09-08T03:07:10.472Z  HSY/2023        roh          91579 reg. Kerzen    0/250/250 von 250  Tagen gewertet (1m/5m/15m)     5795 Signale  248 ms lesen  21411 ms rechnen
2026-09-08T03:07:33.629Z  HSY/2024        roh          93676 reg. Kerzen    0/252/252 von 252  Tagen gewertet (1m/5m/15m)     6138 Signale  210 ms lesen  22510 ms rechnen
2026-09-08T03:07:57.426Z  HSY/2025        roh          91515 reg. Kerzen    0/250/250 von 250  Tagen gewertet (1m/5m/15m)     6366 Signale  387 ms lesen  23045 ms rechnen
2026-09-08T03:08:12.758Z  HSY/2026        roh          60962 reg. Kerzen    0/166/166 von 166  Tagen gewertet (1m/5m/15m)     4203 Signale  214 ms lesen  14653 ms rechnen
2026-09-08T03:08:13.361Z  HTGM/2016       bereinigt     8372 reg. Kerzen        0/0/0 von 252  Tagen gewertet (1m/5m/15m)        0 Signale  89 ms lesen  162 ms rechnen
2026-09-08T03:08:16.057Z  HTGM/2017       bereinigt    43215 reg. Kerzen      0/16/16 von 251  Tagen gewertet (1m/5m/15m)      442 Signale  179 ms lesen  2481 ms rechnen
2026-09-08T03:08:19.850Z  HTGM/2018       bereinigt    58984 reg. Kerzen      0/20/20 von 251  Tagen gewertet (1m/5m/15m)      551 Signale  289 ms lesen  3294 ms rechnen
2026-09-08T03:08:20.851Z  HTGM/2019       bereinigt    36953 reg. Kerzen        0/0/0 von 252  Tagen gewertet (1m/5m/15m)        0 Signale  167 ms lesen  558 ms rechnen
2026-09-08T03:08:22.467Z  HTGM/2020       bereinigt    67510 reg. Kerzen        0/0/0 von 253  Tagen gewertet (1m/5m/15m)        0 Signale  668 ms lesen  784 ms rechnen
2026-09-08T03:08:23.357Z  HTGM/2021       bereinigt    17569 reg. Kerzen        0/0/0 von 252  Tagen gewertet (1m/5m/15m)        0 Signale  114 ms lesen  249 ms rechnen
2026-09-08T03:08:25.615Z  HTGM/2022       bereinigt    29353 reg. Kerzen      0/11/11 von 251  Tagen gewertet (1m/5m/15m)      284 Signale  401 ms lesen  1762 ms rechnen
2026-09-08T03:08:25.998Z  HTGM/2023       roh          13164 reg. Kerzen        0/0/0 von 113  Tagen gewertet (1m/5m/15m)        0 Signale  93 ms lesen  159 ms rechnen
2026-09-08T03:08:45.743Z  HUBB/2016       roh          58520 reg. Kerzen    0/229/232 von 252  Tagen gewertet (1m/5m/15m)     5531 Signale  204 ms lesen  19449 ms rechnen
2026-09-08T03:09:05.849Z  HUBB/2017       roh          60502 reg. Kerzen    0/250/251 von 251  Tagen gewertet (1m/5m/15m)     5826 Signale  244 ms lesen  19569 ms rechnen
2026-09-08T03:09:28.782Z  HUBB/2018       roh          70823 reg. Kerzen    0/251/251 von 251  Tagen gewertet (1m/5m/15m)     6325 Signale  241 ms lesen  22430 ms rechnen
2026-09-08T03:09:52.338Z  HUBB/2019       roh          60071 reg. Kerzen    0/250/252 von 252  Tagen gewertet (1m/5m/15m)     6283 Signale  300 ms lesen  22763 ms rechnen
2026-09-08T03:10:17.409Z  HUBB/2020       roh          66746 reg. Kerzen    0/253/253 von 253  Tagen gewertet (1m/5m/15m)     6619 Signale  276 ms lesen  24485 ms rechnen
2026-09-08T03:10:38.929Z  HUBB/2021       roh          53387 reg. Kerzen    0/247/250 von 252  Tagen gewertet (1m/5m/15m)     6104 Signale  163 ms lesen  21028 ms rechnen
2026-09-08T03:11:03.048Z  HUBB/2022       roh          65507 reg. Kerzen    0/250/250 von 251  Tagen gewertet (1m/5m/15m)     6467 Signale  314 ms lesen  23543 ms rechnen
2026-09-08T03:11:27.623Z  HUBB/2023       roh          63579 reg. Kerzen    0/249/250 von 250  Tagen gewertet (1m/5m/15m)     6440 Signale  486 ms lesen  23784 ms rechnen
2026-09-08T03:11:51.352Z  HUBB/2024       roh          61353 reg. Kerzen    0/252/252 von 252  Tagen gewertet (1m/5m/15m)     6570 Signale  293 ms lesen  23077 ms rechnen
2026-09-08T03:12:15.167Z  HUBB/2025       roh          70007 reg. Kerzen    0/250/250 von 250  Tagen gewertet (1m/5m/15m)     6432 Signale  277 ms lesen  23230 ms rechnen
2026-09-08T03:12:31.944Z  HUBB/2026       roh          56870 reg. Kerzen    0/166/166 von 166  Tagen gewertet (1m/5m/15m)     4390 Signale  179 ms lesen  16214 ms rechnen
2026-09-08T03:12:32.253Z  HUMA/2020       roh            443 reg. Kerzen        0/0/0 von 22   Tagen gewertet (1m/5m/15m)        0 Signale  22 ms lesen  14 ms rechnen
2026-09-08T03:12:35.869Z  HUMA/2021       roh          42654 reg. Kerzen      0/28/28 von 252  Tagen gewertet (1m/5m/15m)      754 Signale  199 ms lesen  3413 ms rechnen
2026-09-08T03:12:36.920Z  HUMA/2022       roh          59516 reg. Kerzen        0/0/0 von 251  Tagen gewertet (1m/5m/15m)        0 Signale  163 ms lesen  673 ms rechnen
2026-09-08T03:12:37.941Z  HUMA/2023       roh          56188 reg. Kerzen        0/0/0 von 250  Tagen gewertet (1m/5m/15m)        0 Signale  170 ms lesen  549 ms rechnen
2026-09-08T03:12:58.271Z  HUMA/2024       roh          88026 reg. Kerzen    0/158/158 von 252  Tagen gewertet (1m/5m/15m)     4283 Signale  414 ms lesen  19565 ms rechnen
2026-09-08T03:13:22.896Z  HUMA/2025       roh          94160 reg. Kerzen    0/188/188 von 250  Tagen gewertet (1m/5m/15m)     5269 Signale  557 ms lesen  23683 ms rechnen
2026-09-08T03:13:32.225Z  HUMA/2026       roh          62583 reg. Kerzen      0/66/66 von 166  Tagen gewertet (1m/5m/15m)     1850 Signale  325 ms lesen  8587 ms rechnen
2026-09-08T03:13:36.846Z  HVBT/2021       roh          18894 reg. Kerzen      0/31/31 von 51   Tagen gewertet (1m/5m/15m)      901 Signale  79 ms lesen  4057 ms rechnen
2026-09-08T03:13:55.270Z  HWM/2020        roh          73546 reg. Kerzen    0/171/171 von 191  Tagen gewertet (1m/5m/15m)     4547 Signale  263 ms lesen  18029 ms rechnen
2026-09-08T03:14:21.780Z  HWM/2021        roh          96113 reg. Kerzen    0/250/250 von 252  Tagen gewertet (1m/5m/15m)     6614 Signale  444 ms lesen  25643 ms rechnen
2026-09-08T03:14:46.986Z  HWM/2022        roh          96640 reg. Kerzen    0/250/250 von 251  Tagen gewertet (1m/5m/15m)     6585 Signale  311 ms lesen  24453 ms rechnen
2026-09-08T03:15:09.767Z  HWM/2023        roh          96387 reg. Kerzen    0/250/250 von 250  Tagen gewertet (1m/5m/15m)     6000 Signale  314 ms lesen  22014 ms rechnen
2026-09-08T03:15:32.622Z  HWM/2024        roh          96493 reg. Kerzen    0/252/252 von 252  Tagen gewertet (1m/5m/15m)     6113 Signale  421 ms lesen  21980 ms rechnen
2026-09-08T03:15:58.114Z  HWM/2025        roh          94967 reg. Kerzen    0/250/250 von 250  Tagen gewertet (1m/5m/15m)     6444 Signale  444 ms lesen  24590 ms rechnen
2026-09-08T03:16:15.816Z  HWM/2026        roh          62829 reg. Kerzen    0/166/166 von 166  Tagen gewertet (1m/5m/15m)     4411 Signale  518 ms lesen  16705 ms rechnen
2026-09-08T03:16:27.941Z  HYZN/2021       bereinigt    43022 reg. Kerzen      0/97/97 von 117  Tagen gewertet (1m/5m/15m)     2686 Signale  214 ms lesen  11567 ms rechnen
2026-09-08T03:16:46.532Z  HYZN/2022       bereinigt    87530 reg. Kerzen    0/156/156 von 251  Tagen gewertet (1m/5m/15m)     4336 Signale  376 ms lesen  17906 ms rechnen
2026-09-08T03:16:48.025Z  HYZN/2023       bereinigt    72298 reg. Kerzen        0/0/0 von 250  Tagen gewertet (1m/5m/15m)        0 Signale  253 ms lesen  734 ms rechnen
2026-09-08T03:16:49.225Z  HYZN/2024       bereinigt    49748 reg. Kerzen        0/0/0 von 252  Tagen gewertet (1m/5m/15m)        0 Signale  264 ms lesen  535 ms rechnen
2026-09-08T03:16:49.552Z  HYZN/2025       roh           3187 reg. Kerzen        0/0/0 von 19   Tagen gewertet (1m/5m/15m)        0 Signale  18 ms lesen  74 ms rechnen
2026-09-08T03:17:10.809Z  IAC/2016        bereinigt    76545 reg. Kerzen    0/220/220 von 240  Tagen gewertet (1m/5m/15m)     5548 Signale  416 ms lesen  20806 ms rechnen
2026-09-08T03:17:33.989Z  IAC/2017        bereinigt    79586 reg. Kerzen    0/251/251 von 251  Tagen gewertet (1m/5m/15m)     6106 Signale  496 ms lesen  22127 ms rechnen
2026-09-08T03:18:00.914Z  IAC/2018        bereinigt    82122 reg. Kerzen    0/249/249 von 251  Tagen gewertet (1m/5m/15m)     6547 Signale  396 ms lesen  26192 ms rechnen
2026-09-08T03:18:26.092Z  IAC/2019        bereinigt    81341 reg. Kerzen    0/252/252 von 252  Tagen gewertet (1m/5m/15m)     6488 Signale  528 ms lesen  24296 ms rechnen
2026-09-08T03:18:53.826Z  IAC/2020        bereinigt    87280 reg. Kerzen    0/253/253 von 253  Tagen gewertet (1m/5m/15m)     6633 Signale  407 ms lesen  26958 ms rechnen
2026-09-08T03:19:21.040Z  IAC/2021        bereinigt    76326 reg. Kerzen    0/252/252 von 252  Tagen gewertet (1m/5m/15m)     6754 Signale  601 ms lesen  26189 ms rechnen
2026-09-08T03:19:49.435Z  IAC/2022        bereinigt    82692 reg. Kerzen    0/251/251 von 251  Tagen gewertet (1m/5m/15m)     6897 Signale  817 ms lesen  27202 ms rechnen
2026-09-08T03:20:15.395Z  IAC/2023        bereinigt    80385 reg. Kerzen    0/250/250 von 250  Tagen gewertet (1m/5m/15m)     6559 Signale  454 ms lesen  25074 ms rechnen
2026-09-08T03:20:40.199Z  IAC/2024        bereinigt    73122 reg. Kerzen    0/252/252 von 252  Tagen gewertet (1m/5m/15m)     6608 Signale  476 ms lesen  23945 ms rechnen
2026-09-08T03:21:05.640Z  IAC/2025        bereinigt    82307 reg. Kerzen    0/250/250 von 250  Tagen gewertet (1m/5m/15m)     6558 Signale  256 ms lesen  24842 ms rechnen
2026-09-08T03:21:16.831Z  IAC/2026        roh          35054 reg. Kerzen    0/105/105 von 105  Tagen gewertet (1m/5m/15m)     2772 Signale  206 ms lesen  10562 ms rechnen
2026-09-08T03:21:38.312Z  IART/2016       bereinigt    65139 reg. Kerzen    0/231/232 von 252  Tagen gewertet (1m/5m/15m)     5797 Signale  190 ms lesen  21097 ms rechnen
2026-09-08T03:22:00.182Z  IART/2017       bereinigt    76153 reg. Kerzen    0/251/251 von 251  Tagen gewertet (1m/5m/15m)     6221 Signale  175 ms lesen  21345 ms rechnen
2026-09-08T03:22:24.293Z  IART/2018       roh          75520 reg. Kerzen    0/249/249 von 251  Tagen gewertet (1m/5m/15m)     6360 Signale  355 ms lesen  23428 ms rechnen
2026-09-08T03:22:48.664Z  IART/2019       roh          71260 reg. Kerzen    0/252/252 von 252  Tagen gewertet (1m/5m/15m)     6278 Signale  259 ms lesen  23682 ms rechnen
2026-09-08T03:23:15.184Z  IART/2020       roh          77314 reg. Kerzen    0/253/253 von 253  Tagen gewertet (1m/5m/15m)     6595 Signale  222 ms lesen  25868 ms rechnen
2026-09-08T03:23:39.673Z  IART/2021       roh          61687 reg. Kerzen    0/249/252 von 252  Tagen gewertet (1m/5m/15m)     6352 Signale  298 ms lesen  23827 ms rechnen
2026-09-08T03:24:04.342Z  IART/2022       roh          68524 reg. Kerzen    0/251/251 von 251  Tagen gewertet (1m/5m/15m)     6541 Signale  259 ms lesen  24131 ms rechnen
2026-09-08T03:24:28.732Z  IART/2023       roh          75507 reg. Kerzen    0/250/250 von 250  Tagen gewertet (1m/5m/15m)     6294 Signale  258 ms lesen  23764 ms rechnen
2026-09-08T03:24:55.199Z  IART/2024       roh          76673 reg. Kerzen    0/252/252 von 252  Tagen gewertet (1m/5m/15m)     6648 Signale  278 ms lesen  25834 ms rechnen
2026-09-08T03:25:22.685Z  IART/2025       roh          73234 reg. Kerzen    0/250/250 von 250  Tagen gewertet (1m/5m/15m)     6862 Signale  206 ms lesen  26911 ms rechnen
2026-09-08T03:25:40.815Z  IART/2026       roh          49072 reg. Kerzen    0/166/166 von 166  Tagen gewertet (1m/5m/15m)     4543 Signale  147 ms lesen  17589 ms rechnen
2026-09-08T03:26:00.525Z  IBM/2016        roh          98042 reg. Kerzen    0/232/232 von 252  Tagen gewertet (1m/5m/15m)     5448 Signale  360 ms lesen  19048 ms rechnen
2026-09-08T03:26:19.083Z  IBM/2017        roh          97479 reg. Kerzen    0/251/251 von 251  Tagen gewertet (1m/5m/15m)     5348 Signale  378 ms lesen  17764 ms rechnen
2026-09-08T03:26:40.382Z  IBM/2018        roh          97335 reg. Kerzen    0/251/251 von 251  Tagen gewertet (1m/5m/15m)     5990 Signale  440 ms lesen  20411 ms rechnen
2026-09-08T03:27:01.559Z  IBM/2019        roh          97672 reg. Kerzen    0/252/252 von 252  Tagen gewertet (1m/5m/15m)     5906 Signale  283 ms lesen  20388 ms rechnen
2026-09-08T03:27:25.928Z  IBM/2020        roh          98244 reg. Kerzen    0/253/253 von 253  Tagen gewertet (1m/5m/15m)     6343 Signale  354 ms lesen  23577 ms rechnen
2026-09-08T03:27:47.258Z  IBM/2021        roh          97301 reg. Kerzen    0/250/250 von 252  Tagen gewertet (1m/5m/15m)     5775 Signale  350 ms lesen  20379 ms rechnen
2026-09-08T03:28:10.368Z  IBM/2022        roh          97319 reg. Kerzen    0/250/250 von 251  Tagen gewertet (1m/5m/15m)     6269 Signale  348 ms lesen  22313 ms rechnen
2026-09-08T03:28:31.607Z  IBM/2023        roh          97118 reg. Kerzen    0/250/250 von 250  Tagen gewertet (1m/5m/15m)     5649 Signale  467 ms lesen  20320 ms rechnen
2026-09-08T03:28:52.729Z  IBM/2024        roh          97600 reg. Kerzen    0/252/252 von 252  Tagen gewertet (1m/5m/15m)     5871 Signale  451 ms lesen  20232 ms rechnen
2026-09-08T03:29:16.242Z  IBM/2025        roh          96787 reg. Kerzen    0/250/250 von 250  Tagen gewertet (1m/5m/15m)     6130 Signale  405 ms lesen  22628 ms rechnen
2026-09-08T03:29:32.637Z  IBM/2026        roh          64728 reg. Kerzen    0/166/166 von 166  Tagen gewertet (1m/5m/15m)     4270 Signale  319 ms lesen  15493 ms rechnen
2026-09-08T03:29:33.233Z  ICAD/2016       roh          12062 reg. Kerzen        0/0/0 von 252  Tagen gewertet (1m/5m/15m)        0 Signale  47 ms lesen  146 ms rechnen
2026-09-08T03:29:33.500Z  ICAD/2017       roh          10148 reg. Kerzen        0/0/0 von 251  Tagen gewertet (1m/5m/15m)        0 Signale  46 ms lesen  156 ms rechnen
2026-09-08T03:29:33.790Z  ICAD/2018       roh           9708 reg. Kerzen        0/0/0 von 250  Tagen gewertet (1m/5m/15m)        0 Signale  102 ms lesen  140 ms rechnen
2026-09-08T03:29:34.330Z  ICAD/2019       roh          28455 reg. Kerzen        0/0/0 von 252  Tagen gewertet (1m/5m/15m)        0 Signale  101 ms lesen  390 ms rechnen
2026-09-08T03:29:35.490Z  ICAD/2020       roh          49655 reg. Kerzen        0/2/2 von 253  Tagen gewertet (1m/5m/15m)       43 Signale  120 ms lesen  870 ms rechnen
2026-09-08T03:29:36.306Z  ICAD/2021       roh          37710 reg. Kerzen        0/0/0 von 252  Tagen gewertet (1m/5m/15m)        0 Signale  155 ms lesen  456 ms rechnen
2026-09-08T03:29:37.019Z  ICAD/2022       roh          36414 reg. Kerzen        0/0/0 von 251  Tagen gewertet (1m/5m/15m)        0 Signale  102 ms lesen  447 ms rechnen
2026-09-08T03:29:37.707Z  ICAD/2023       roh          29377 reg. Kerzen        0/0/0 von 250  Tagen gewertet (1m/5m/15m)        0 Signale  98 ms lesen  404 ms rechnen
2026-09-08T03:29:38.255Z  ICAD/2024       roh          21475 reg. Kerzen        0/0/0 von 252  Tagen gewertet (1m/5m/15m)        0 Signale  67 ms lesen  321 ms rechnen
2026-09-08T03:29:38.826Z  ICAD/2025       roh          23016 reg. Kerzen        0/0/0 von 133  Tagen gewertet (1m/5m/15m)        0 Signale  186 ms lesen  292 ms rechnen
2026-09-08T03:29:38.986Z  ICLK/2017       bereinigt     1159 reg. Kerzen        0/0/0 von 5    Tagen gewertet (1m/5m/15m)        0 Signale  43 ms lesen  10 ms rechnen
2026-09-08T03:29:39.571Z  ICLK/2018       bereinigt    31159 reg. Kerzen        0/0/0 von 251  Tagen gewertet (1m/5m/15m)        0 Signale  220 ms lesen  360 ms rechnen
2026-09-08T03:29:40.109Z  ICLK/2019       bereinigt    19631 reg. Kerzen        0/0/0 von 252  Tagen gewertet (1m/5m/15m)        0 Signale  108 ms lesen  189 ms rechnen
2026-09-08T03:29:50.245Z  ICLK/2020       bereinigt    65257 reg. Kerzen      0/84/84 von 253  Tagen gewertet (1m/5m/15m)     2267 Signale  338 ms lesen  9707 ms rechnen
2026-09-08T03:30:03.497Z  ICLK/2021       bereinigt    67325 reg. Kerzen    0/105/106 von 252  Tagen gewertet (1m/5m/15m)     2897 Signale  375 ms lesen  12534 ms rechnen
2026-09-08T03:30:04.512Z  ICLK/2022       bereinigt    34766 reg. Kerzen        0/0/0 von 251  Tagen gewertet (1m/5m/15m)        0 Signale  363 ms lesen  354 ms rechnen
2026-09-08T03:30:04.878Z  ICLK/2023       roh           8215 reg. Kerzen        0/0/0 von 250  Tagen gewertet (1m/5m/15m)        0 Signale  60 ms lesen  98 ms rechnen
2026-09-08T03:30:05.115Z  ICLK/2024       roh           7934 reg. Kerzen        0/0/0 von 251  Tagen gewertet (1m/5m/15m)        0 Signale  82 ms lesen  118 ms rechnen
2026-09-08T03:30:05.255Z  ICLK/2025       roh           4815 reg. Kerzen        0/0/0 von 47   Tagen gewertet (1m/5m/15m)        0 Signale  40 ms lesen  59 ms rechnen
2026-09-08T03:30:05.342Z  IDBA/2021       roh            507 reg. Kerzen        0/0/0 von 130  Tagen gewertet (1m/5m/15m)        0 Signale  45 ms lesen  8 ms rechnen
2026-09-08T03:30:05.409Z  IDBA/2022       roh            913 reg. Kerzen        0/0/0 von 184  Tagen gewertet (1m/5m/15m)        0 Signale  47 ms lesen  16 ms rechnen
2026-09-08T03:30:05.445Z  IDBA/2023       roh            378 reg. Kerzen        0/0/0 von 92   Tagen gewertet (1m/5m/15m)        0 Signale  15 ms lesen  16 ms rechnen
2026-09-08T03:30:05.583Z  IDW/2021        roh           4355 reg. Kerzen        0/0/0 von 104  Tagen gewertet (1m/5m/15m)        0 Signale  17 ms lesen  114 ms rechnen
2026-09-08T03:30:05.716Z  IDW/2022        roh           4201 reg. Kerzen        0/0/0 von 250  Tagen gewertet (1m/5m/15m)        0 Signale  24 ms lesen  82 ms rechnen
2026-09-08T03:30:05.867Z  IDW/2023        roh           1506 reg. Kerzen        0/0/0 von 91   Tagen gewertet (1m/5m/15m)        0 Signale  20 ms lesen  42 ms rechnen
2026-09-08T03:30:06.166Z  IESC/2016       bereinigt    17408 reg. Kerzen        0/0/0 von 153  Tagen gewertet (1m/5m/15m)        0 Signale  113 ms lesen  169 ms rechnen
2026-09-08T03:30:06.700Z  IESC/2017       bereinigt    22043 reg. Kerzen        0/0/0 von 251  Tagen gewertet (1m/5m/15m)        0 Signale  173 ms lesen  290 ms rechnen
2026-09-08T03:30:07.035Z  IESC/2018       bereinigt    10220 reg. Kerzen        0/0/0 von 250  Tagen gewertet (1m/5m/15m)        0 Signale  66 ms lesen  147 ms rechnen
2026-09-08T03:30:07.216Z  IESC/2019       bereinigt     8112 reg. Kerzen        0/0/0 von 252  Tagen gewertet (1m/5m/15m)        0 Signale  18 ms lesen  112 ms rechnen
2026-09-08T03:30:07.560Z  IESC/2020       bereinigt    19004 reg. Kerzen        0/0/0 von 253  Tagen gewertet (1m/5m/15m)        0 Signale  90 ms lesen  220 ms rechnen
2026-09-08T03:30:07.978Z  IESC/2021       bereinigt    15106 reg. Kerzen        0/0/0 von 252  Tagen gewertet (1m/5m/15m)        0 Signale  114 ms lesen  170 ms rechnen
2026-09-08T03:30:08.263Z  IESC/2022       bereinigt    13123 reg. Kerzen        0/0/0 von 251  Tagen gewertet (1m/5m/15m)        0 Signale  56 ms lesen  149 ms rechnen
2026-09-08T03:30:08.555Z  IESC/2023       bereinigt    13534 reg. Kerzen        0/0/0 von 250  Tagen gewertet (1m/5m/15m)        0 Signale  34 ms lesen  203 ms rechnen
2026-09-08T03:30:24.258Z  IESC/2024       bereinigt    33307 reg. Kerzen    0/133/215 von 252  Tagen gewertet (1m/5m/15m)     4205 Signale  129 ms lesen  15486 ms rechnen
2026-09-08T03:30:41.234Z  IESC/2025       bereinigt    36120 reg. Kerzen    0/129/248 von 250  Tagen gewertet (1m/5m/15m)     4571 Signale  241 ms lesen  16577 ms rechnen
2026-09-08T03:31:00.093Z  IESC/2026       bereinigt    40634 reg. Kerzen    0/166/166 von 166  Tagen gewertet (1m/5m/15m)     4534 Signale  126 ms lesen  18568 ms rechnen
2026-09-08T03:31:00.444Z  IGMS/2019       roh          10492 reg. Kerzen        0/0/0 von 73   Tagen gewertet (1m/5m/15m)        0 Signale  45 ms lesen  101 ms rechnen
2026-09-08T03:31:11.181Z  IGMS/2020       roh          37749 reg. Kerzen     0/82/117 von 253  Tagen gewertet (1m/5m/15m)     2459 Signale  119 ms lesen  10574 ms rechnen
2026-09-08T03:31:33.636Z  IGMS/2021       roh          42172 reg. Kerzen    0/174/251 von 252  Tagen gewertet (1m/5m/15m)     5433 Signale  229 ms lesen  22019 ms rechnen
2026-09-08T03:31:42.715Z  IGMS/2022       roh          52004 reg. Kerzen      0/71/71 von 251  Tagen gewertet (1m/5m/15m)     1948 Signale  168 ms lesen  8715 ms rechnen
2026-09-08T03:31:43.663Z  IGMS/2023       roh          50075 reg. Kerzen        0/0/0 von 250  Tagen gewertet (1m/5m/15m)        0 Signale  215 ms lesen  482 ms rechnen
2026-09-08T03:31:45.797Z  IGMS/2024       roh          45263 reg. Kerzen       0/9/11 von 252  Tagen gewertet (1m/5m/15m)      258 Signale  117 ms lesen  1768 ms rechnen
2026-09-08T03:31:46.450Z  IGMS/2025       roh          24918 reg. Kerzen        0/0/0 von 153  Tagen gewertet (1m/5m/15m)        0 Signale  112 ms lesen  298 ms rechnen
2026-09-08T03:31:46.672Z  IIJI/2016       roh           1192 reg. Kerzen        0/0/0 von 229  Tagen gewertet (1m/5m/15m)        0 Signale  58 ms lesen  42 ms rechnen
2026-09-08T03:31:46.764Z  IIJI/2017       roh           1145 reg. Kerzen        0/0/0 von 211  Tagen gewertet (1m/5m/15m)        0 Signale  41 ms lesen  43 ms rechnen
2026-09-08T03:31:46.972Z  IIJI/2018       roh           1960 reg. Kerzen        0/0/0 von 228  Tagen gewertet (1m/5m/15m)        0 Signale  106 ms lesen  33 ms rechnen
2026-09-08T03:31:47.036Z  IIJI/2019       roh            636 reg. Kerzen        0/0/0 von 72   Tagen gewertet (1m/5m/15m)        0 Signale  33 ms lesen  13 ms rechnen
2026-09-08T03:31:50.337Z  ILG/2016        roh          17102 reg. Kerzen      0/33/33 von 53   Tagen gewertet (1m/5m/15m)      810 Signale  74 ms lesen  3214 ms rechnen
2026-09-08T03:32:13.456Z  ILG/2017        roh          83941 reg. Kerzen    0/251/251 von 251  Tagen gewertet (1m/5m/15m)     6220 Signale  387 ms lesen  22651 ms rechnen
2026-09-08T03:32:28.683Z  ILG/2018        roh          56066 reg. Kerzen    0/167/167 von 169  Tagen gewertet (1m/5m/15m)     4073 Signale  130 ms lesen  14639 ms rechnen
2026-09-08T03:32:52.322Z  IMAX/2016       roh          86629 reg. Kerzen    0/232/232 von 252  Tagen gewertet (1m/5m/15m)     6207 Signale  243 ms lesen  23090 ms rechnen
2026-09-08T03:33:18.723Z  IMAX/2017       roh          80265 reg. Kerzen    0/251/251 von 251  Tagen gewertet (1m/5m/15m)     6589 Signale  259 ms lesen  25662 ms rechnen
2026-09-08T03:33:45.296Z  IMAX/2018       roh          72880 reg. Kerzen    0/251/251 von 251  Tagen gewertet (1m/5m/15m)     6638 Signale  401 ms lesen  25810 ms rechnen
2026-09-08T03:34:01.562Z  IMAX/2019       roh          65274 reg. Kerzen    0/161/161 von 252  Tagen gewertet (1m/5m/15m)     4180 Signale  283 ms lesen  15675 ms rechnen
2026-09-08T03:34:29.540Z  IMAX/2020       roh          85560 reg. Kerzen    0/244/244 von 253  Tagen gewertet (1m/5m/15m)     6670 Signale  372 ms lesen  27292 ms rechnen
2026-09-08T03:34:56.987Z  IMAX/2021       roh          80588 reg. Kerzen    0/250/250 von 252  Tagen gewertet (1m/5m/15m)     6800 Signale  218 ms lesen  26831 ms rechnen
2026-09-08T03:35:25.311Z  IMAX/2022       roh          76228 reg. Kerzen    0/245/245 von 251  Tagen gewertet (1m/5m/15m)     6681 Signale  231 ms lesen  27655 ms rechnen
2026-09-08T03:35:51.532Z  IMAX/2023       roh          74070 reg. Kerzen    0/250/250 von 250  Tagen gewertet (1m/5m/15m)     6650 Signale  213 ms lesen  25615 ms rechnen
2026-09-08T03:36:18.174Z  IMAX/2024       roh          75079 reg. Kerzen    0/252/252 von 252  Tagen gewertet (1m/5m/15m)     6632 Signale  215 ms lesen  26023 ms rechnen
2026-09-08T03:36:44.216Z  IMAX/2025       roh          77513 reg. Kerzen    0/250/250 von 250  Tagen gewertet (1m/5m/15m)     6526 Signale  273 ms lesen  25421 ms rechnen
2026-09-08T03:37:01.912Z  IMAX/2026       roh          53737 reg. Kerzen    0/166/166 von 166  Tagen gewertet (1m/5m/15m)     4405 Signale  170 ms lesen  17179 ms rechnen
2026-09-08T03:37:02.604Z  IMH/2016        roh          23912 reg. Kerzen        0/0/0 von 252  Tagen gewertet (1m/5m/15m)        0 Signale  108 ms lesen  307 ms rechnen
2026-09-08T03:37:03.157Z  IMH/2017        roh          19666 reg. Kerzen        0/0/0 von 251  Tagen gewertet (1m/5m/15m)        0 Signale  150 ms lesen  281 ms rechnen
2026-09-08T03:37:03.550Z  IMH/2018        roh           9474 reg. Kerzen        0/0/0 von 251  Tagen gewertet (1m/5m/15m)        0 Signale  165 ms lesen  123 ms rechnen
2026-09-08T03:37:03.833Z  IMH/2019        roh           9363 reg. Kerzen        0/0/0 von 252  Tagen gewertet (1m/5m/15m)        0 Signale  44 ms lesen  197 ms rechnen
2026-09-08T03:37:04.139Z  IMH/2020        roh          13453 reg. Kerzen        0/0/0 von 252  Tagen gewertet (1m/5m/15m)        0 Signale  65 ms lesen  191 ms rechnen
2026-09-08T03:37:04.485Z  IMH/2021        roh          14835 reg. Kerzen        0/0/0 von 252  Tagen gewertet (1m/5m/15m)        0 Signale  96 ms lesen  180 ms rechnen
2026-09-08T03:37:04.700Z  IMH/2022        roh           5396 reg. Kerzen        0/0/0 von 251  Tagen gewertet (1m/5m/15m)        0 Signale  45 ms lesen  99 ms rechnen
2026-09-08T03:37:04.790Z  IMH/2023        roh           3495 reg. Kerzen        0/0/0 von 79   Tagen gewertet (1m/5m/15m)        0 Signale  23 ms lesen  41 ms rechnen
2026-09-08T03:37:05.213Z  IMNP/2017       roh          25910 reg. Kerzen        0/0/0 von 181  Tagen gewertet (1m/5m/15m)        0 Signale  124 ms lesen  282 ms rechnen
2026-09-08T03:37:05.752Z  IMNP/2018       roh          23357 reg. Kerzen        0/0/0 von 142  Tagen gewertet (1m/5m/15m)        0 Signale  133 ms lesen  264 ms rechnen
2026-09-08T03:37:22.543Z  IMS/2016        roh          64894 reg. Kerzen    0/169/169 von 189  Tagen gewertet (1m/5m/15m)     4135 Signale  334 ms lesen  16306 ms rechnen
2026-09-08T03:37:25.101Z  INDB/2016       roh          32287 reg. Kerzen      0/17/23 von 252  Tagen gewertet (1m/5m/15m)      481 Signale  125 ms lesen  2036 ms rechnen
2026-09-08T03:37:32.490Z  INDB/2017       roh          32963 reg. Kerzen     0/67/104 von 251  Tagen gewertet (1m/5m/15m)     2056 Signale  198 ms lesen  7021 ms rechnen
2026-09-08T03:37:39.786Z  INDB/2018       roh          32552 reg. Kerzen     0/65/102 von 251  Tagen gewertet (1m/5m/15m)     1956 Signale  162 ms lesen  6951 ms rechnen
2026-09-08T03:37:52.265Z  INDB/2019       roh          37070 reg. Kerzen    0/130/184 von 252  Tagen gewertet (1m/5m/15m)     3650 Signale  123 ms lesen  12126 ms rechnen
2026-09-08T03:38:09.897Z  INDB/2020       roh          44235 reg. Kerzen    0/171/202 von 253  Tagen gewertet (1m/5m/15m)     4798 Signale  124 ms lesen  17331 ms rechnen
2026-09-08T03:38:30.548Z  INDB/2021       roh          43587 reg. Kerzen    0/205/246 von 252  Tagen gewertet (1m/5m/15m)     5644 Signale  187 ms lesen  20249 ms rechnen
2026-09-08T03:38:51.943Z  INDB/2022       roh          40013 reg. Kerzen    0/206/251 von 251  Tagen gewertet (1m/5m/15m)     5645 Signale  124 ms lesen  21059 ms rechnen
2026-09-08T03:39:14.740Z  INDB/2023       roh          45797 reg. Kerzen    0/225/250 von 250  Tagen gewertet (1m/5m/15m)     6105 Signale  167 ms lesen  22455 ms rechnen
2026-09-08T03:39:35.399Z  INDB/2024       roh          44395 reg. Kerzen    0/207/248 von 252  Tagen gewertet (1m/5m/15m)     5711 Signale  205 ms lesen  20176 ms rechnen
2026-09-08T03:39:58.404Z  INDB/2025       roh          48531 reg. Kerzen    0/241/250 von 250  Tagen gewertet (1m/5m/15m)     6151 Signale  174 ms lesen  22633 ms rechnen
2026-09-08T03:40:12.843Z  INDB/2026       roh          34174 reg. Kerzen    0/163/166 von 166  Tagen gewertet (1m/5m/15m)     4148 Signale  95 ms lesen  14119 ms rechnen
2026-09-08T03:40:31.910Z  INFY/2016       bereinigt    96266 reg. Kerzen    0/232/232 von 252  Tagen gewertet (1m/5m/15m)     5787 Signale  329 ms lesen  18516 ms rechnen
2026-09-08T03:40:53.819Z  INFY/2017       bereinigt    96695 reg. Kerzen    0/251/251 von 251  Tagen gewertet (1m/5m/15m)     6023 Signale  262 ms lesen  21228 ms rechnen
2026-09-08T03:41:15.191Z  INFY/2018       bereinigt    96844 reg. Kerzen    0/251/251 von 251  Tagen gewertet (1m/5m/15m)     6210 Signale  348 ms lesen  20571 ms rechnen
2026-09-08T03:41:37.394Z  INFY/2019       roh          97254 reg. Kerzen    0/252/252 von 252  Tagen gewertet (1m/5m/15m)     6037 Signale  396 ms lesen  21371 ms rechnen
2026-09-08T03:42:02.263Z  INFY/2020       roh          97995 reg. Kerzen    0/253/253 von 253  Tagen gewertet (1m/5m/15m)     6513 Signale  327 ms lesen  23954 ms rechnen
2026-09-08T03:42:26.448Z  INFY/2021       roh          96759 reg. Kerzen    0/250/250 von 252  Tagen gewertet (1m/5m/15m)     5952 Signale  385 ms lesen  23317 ms rechnen
2026-09-08T03:42:52.940Z  INFY/2022       roh          97002 reg. Kerzen    0/250/250 von 251  Tagen gewertet (1m/5m/15m)     6384 Signale  450 ms lesen  25390 ms rechnen
2026-09-08T03:43:14.255Z  INFY/2023       roh          96949 reg. Kerzen    0/250/250 von 250  Tagen gewertet (1m/5m/15m)     6025 Signale  498 ms lesen  20344 ms rechnen
2026-09-08T03:43:34.957Z  INFY/2024       roh          97382 reg. Kerzen    0/252/252 von 252  Tagen gewertet (1m/5m/15m)     5922 Signale  443 ms lesen  19763 ms rechnen
2026-09-08T03:43:55.923Z  INFY/2025       roh          96798 reg. Kerzen    0/250/250 von 250  Tagen gewertet (1m/5m/15m)     6056 Signale  262 ms lesen  20077 ms rechnen
2026-09-08T03:44:12.718Z  INFY/2026       roh          64709 reg. Kerzen    0/166/166 von 166  Tagen gewertet (1m/5m/15m)     4407 Signale  264 ms lesen  16104 ms rechnen
2026-09-08T03:44:13.207Z  INOD/2016       roh           5085 reg. Kerzen        0/0/0 von 252  Tagen gewertet (1m/5m/15m)        0 Signale  62 ms lesen  122 ms rechnen
2026-09-08T03:44:13.381Z  INOD/2017       roh           7595 reg. Kerzen        0/0/0 von 251  Tagen gewertet (1m/5m/15m)        0 Signale  53 ms lesen  95 ms rechnen
2026-09-08T03:44:13.597Z  INOD/2018       roh           5958 reg. Kerzen        0/0/0 von 249  Tagen gewertet (1m/5m/15m)        0 Signale  47 ms lesen  131 ms rechnen
2026-09-08T03:44:13.792Z  INOD/2019       roh           5192 reg. Kerzen        0/0/0 von 252  Tagen gewertet (1m/5m/15m)        0 Signale  42 ms lesen  124 ms rechnen
2026-09-08T03:44:14.102Z  INOD/2020       roh          15522 reg. Kerzen        0/0/0 von 253  Tagen gewertet (1m/5m/15m)        0 Signale  114 ms lesen  172 ms rechnen
2026-09-08T03:44:14.566Z  INOD/2021       roh          27707 reg. Kerzen        0/0/0 von 252  Tagen gewertet (1m/5m/15m)        0 Signale  88 ms lesen  300 ms rechnen
2026-09-08T03:44:14.988Z  INOD/2022       roh          13807 reg. Kerzen        0/0/0 von 251  Tagen gewertet (1m/5m/15m)        0 Signale  69 ms lesen  217 ms rechnen
2026-09-08T03:44:22.220Z  INOD/2023       roh          54383 reg. Kerzen      0/57/57 von 250  Tagen gewertet (1m/5m/15m)     1566 Signale  176 ms lesen  6988 ms rechnen
2026-09-08T03:44:26.715Z  CHECKPOINT 2600 Dateien, 550 min, Detektorfehler {}
2026-09-08T03:44:43.626Z  INOD/2024       roh          69324 reg. Kerzen    0/142/142 von 252  Tagen gewertet (1m/5m/15m)     3843 Signale  227 ms lesen  16676 ms rechnen
2026-09-08T03:45:12.595Z  INOD/2025       roh          92353 reg. Kerzen    0/250/250 von 250  Tagen gewertet (1m/5m/15m)     6842 Signale  483 ms lesen  28173 ms rechnen
2026-09-08T03:45:32.487Z  INOD/2026       roh          58383 reg. Kerzen    0/166/166 von 166  Tagen gewertet (1m/5m/15m)     4582 Signale  248 ms lesen  19112 ms rechnen
2026-09-08T03:45:58.931Z  INSY/2016       roh          81326 reg. Kerzen    0/232/232 von 252  Tagen gewertet (1m/5m/15m)     6307 Signale  366 ms lesen  25748 ms rechnen
2026-09-08T03:46:19.164Z  INSY/2017       roh          78297 reg. Kerzen    0/176/176 von 249  Tagen gewertet (1m/5m/15m)     4729 Signale  216 ms lesen  19611 ms rechnen
2026-09-08T03:46:27.690Z  INSY/2018       roh          73000 reg. Kerzen      0/65/65 von 251  Tagen gewertet (1m/5m/15m)     1734 Signale  197 ms lesen  7950 ms rechnen
2026-09-08T03:46:31.396Z  INSY/2019       roh          35938 reg. Kerzen      0/28/28 von 116  Tagen gewertet (1m/5m/15m)      779 Signale  157 ms lesen  3189 ms rechnen
2026-09-08T03:46:50.238Z  INVH/2017       roh          79907 reg. Kerzen    0/211/211 von 231  Tagen gewertet (1m/5m/15m)     5012 Signale  332 ms lesen  18153 ms rechnen
2026-09-08T03:47:13.487Z  INVH/2018       roh          93447 reg. Kerzen    0/251/251 von 251  Tagen gewertet (1m/5m/15m)     5995 Signale  258 ms lesen  22603 ms rechnen
2026-09-08T03:47:35.627Z  INVH/2019       roh          96655 reg. Kerzen    0/252/252 von 252  Tagen gewertet (1m/5m/15m)     5814 Signale  298 ms lesen  21346 ms rechnen
2026-09-08T03:48:01.214Z  INVH/2020       roh          97825 reg. Kerzen    0/253/253 von 253  Tagen gewertet (1m/5m/15m)     6457 Signale  248 ms lesen  24686 ms rechnen
2026-09-08T03:48:24.509Z  INVH/2021       roh          96513 reg. Kerzen    0/250/250 von 252  Tagen gewertet (1m/5m/15m)     5898 Signale  308 ms lesen  22306 ms rechnen
2026-09-08T03:48:49.148Z  INVH/2022       roh          97083 reg. Kerzen    0/250/250 von 251  Tagen gewertet (1m/5m/15m)     6457 Signale  256 ms lesen  23900 ms rechnen
2026-09-08T03:49:12.111Z  INVH/2023       roh          96560 reg. Kerzen    0/250/250 von 250  Tagen gewertet (1m/5m/15m)     6214 Signale  271 ms lesen  22170 ms rechnen
2026-09-08T03:49:34.551Z  INVH/2024       roh          96409 reg. Kerzen    0/252/252 von 252  Tagen gewertet (1m/5m/15m)     5991 Signale  291 ms lesen  21663 ms rechnen
2026-09-08T03:49:57.895Z  INVH/2025       roh          95932 reg. Kerzen    0/250/250 von 250  Tagen gewertet (1m/5m/15m)     5976 Signale  260 ms lesen  22558 ms rechnen
2026-09-08T03:50:13.809Z  INVH/2026       roh          64244 reg. Kerzen    0/166/166 von 166  Tagen gewertet (1m/5m/15m)     4069 Signale  440 ms lesen  15053 ms rechnen
2026-09-08T03:50:14.515Z  INZY/2020       roh           9533 reg. Kerzen        0/0/0 von 112  Tagen gewertet (1m/5m/15m)        0 Signale  148 ms lesen  104 ms rechnen
2026-09-08T03:50:14.825Z  INZY/2021       roh          16077 reg. Kerzen        0/0/0 von 252  Tagen gewertet (1m/5m/15m)        0 Signale  104 ms lesen  161 ms rechnen
2026-09-08T03:50:15.295Z  INZY/2022       roh          23419 reg. Kerzen        0/0/0 von 251  Tagen gewertet (1m/5m/15m)        0 Signale  124 ms lesen  278 ms rechnen
2026-09-08T03:50:16.940Z  INZY/2023       roh          61864 reg. Kerzen        0/4/4 von 250  Tagen gewertet (1m/5m/15m)      105 Signale  223 ms lesen  1295 ms rechnen
2026-09-08T03:50:18.280Z  INZY/2024       roh          57640 reg. Kerzen        0/0/0 von 252  Tagen gewertet (1m/5m/15m)        0 Signale  184 ms lesen  751 ms rechnen
2026-09-08T03:50:19.088Z  INZY/2025       roh          35528 reg. Kerzen        0/0/0 von 122  Tagen gewertet (1m/5m/15m)        0 Signale  146 ms lesen  364 ms rechnen
2026-09-08T03:50:36.786Z  IOSP/2016       roh          47345 reg. Kerzen    0/176/195 von 252  Tagen gewertet (1m/5m/15m)     4593 Signale  165 ms lesen  17351 ms rechnen
2026-09-08T03:50:42.587Z  IOSP/2017       roh          33811 reg. Kerzen      0/53/75 von 251  Tagen gewertet (1m/5m/15m)     1523 Signale  223 ms lesen  5256 ms rechnen
2026-09-08T03:50:50.745Z  IOSP/2018       roh          30410 reg. Kerzen     0/64/123 von 251  Tagen gewertet (1m/5m/15m)     2157 Signale  152 ms lesen  7855 ms rechnen
2026-09-08T03:51:01.319Z  IOSP/2019       roh          31087 reg. Kerzen     0/84/185 von 252  Tagen gewertet (1m/5m/15m)     3049 Signale  116 ms lesen  10287 ms rechnen
2026-09-08T03:51:15.002Z  IOSP/2020       roh          34751 reg. Kerzen    0/117/190 von 253  Tagen gewertet (1m/5m/15m)     3700 Signale  155 ms lesen  13395 ms rechnen
2026-09-08T03:51:23.719Z  IOSP/2021       roh          27329 reg. Kerzen     0/51/207 von 252  Tagen gewertet (1m/5m/15m)     2624 Signale  124 ms lesen  8445 ms rechnen
2026-09-08T03:51:31.645Z  IOSP/2022       roh          27173 reg. Kerzen     0/52/152 von 251  Tagen gewertet (1m/5m/15m)     2177 Signale  115 ms lesen  7650 ms rechnen
2026-09-08T03:51:34.821Z  IOSP/2023       roh          21578 reg. Kerzen       0/9/82 von 250  Tagen gewertet (1m/5m/15m)      897 Signale  117 ms lesen  2937 ms rechnen
2026-09-08T03:51:41.320Z  IOSP/2024       roh          22166 reg. Kerzen     0/25/185 von 252  Tagen gewertet (1m/5m/15m)     2024 Signale  117 ms lesen  6251 ms rechnen
2026-09-08T03:51:57.319Z  IOSP/2025       roh          32884 reg. Kerzen    0/140/249 von 250  Tagen gewertet (1m/5m/15m)     4473 Signale  79 ms lesen  15820 ms rechnen
2026-09-08T03:52:07.053Z  IOSP/2026       roh          21451 reg. Kerzen     0/74/165 von 166  Tagen gewertet (1m/5m/15m)     2707 Signale  93 ms lesen  9479 ms rechnen
2026-09-08T03:52:07.224Z  IPAX/2021       roh            142 reg. Kerzen        0/0/0 von 23   Tagen gewertet (1m/5m/15m)        0 Signale  34 ms lesen  3 ms rechnen
2026-09-08T03:52:07.267Z  IPAX/2022       roh            650 reg. Kerzen        0/0/0 von 143  Tagen gewertet (1m/5m/15m)        0 Signale  27 ms lesen  15 ms rechnen
2026-09-08T03:52:07.331Z  IPAX/2023       roh            582 reg. Kerzen        0/0/0 von 27   Tagen gewertet (1m/5m/15m)        0 Signale  31 ms lesen  27 ms rechnen
2026-09-08T03:52:07.428Z  IPIC/2018       roh           4034 reg. Kerzen        0/0/0 von 228  Tagen gewertet (1m/5m/15m)        0 Signale  22 ms lesen  69 ms rechnen
2026-09-08T03:52:07.533Z  IPIC/2019       roh           2670 reg. Kerzen        0/0/0 von 149  Tagen gewertet (1m/5m/15m)        0 Signale  32 ms lesen  53 ms rechnen
2026-09-08T03:52:07.660Z  IPVA/2021       roh           2527 reg. Kerzen        0/0/0 von 164  Tagen gewertet (1m/5m/15m)        0 Signale  22 ms lesen  52 ms rechnen
2026-09-08T03:52:07.777Z  IPVA/2022       roh           2020 reg. Kerzen        0/0/0 von 229  Tagen gewertet (1m/5m/15m)        0 Signale  29 ms lesen  71 ms rechnen
2026-09-08T03:52:28.020Z  IQV/2016        roh          92450 reg. Kerzen    0/232/232 von 252  Tagen gewertet (1m/5m/15m)     5660 Signale  333 ms lesen  19880 ms rechnen
2026-09-08T03:52:49.937Z  IQV/2017        roh          90736 reg. Kerzen    0/251/251 von 251  Tagen gewertet (1m/5m/15m)     5910 Signale  234 ms lesen  21244 ms rechnen
2026-09-08T03:53:13.306Z  IQV/2018        roh          90010 reg. Kerzen    0/250/250 von 251  Tagen gewertet (1m/5m/15m)     6112 Signale  414 ms lesen  22581 ms rechnen
2026-09-08T03:53:36.291Z  IQV/2019        roh          92167 reg. Kerzen    0/251/251 von 252  Tagen gewertet (1m/5m/15m)     6207 Signale  293 ms lesen  22178 ms rechnen
2026-09-08T03:54:02.912Z  IQV/2020        roh          93094 reg. Kerzen    0/253/253 von 253  Tagen gewertet (1m/5m/15m)     6517 Signale  502 ms lesen  25669 ms rechnen
2026-09-08T03:54:27.850Z  IQV/2021        roh          85945 reg. Kerzen    0/250/250 von 252  Tagen gewertet (1m/5m/15m)     6234 Signale  548 ms lesen  23913 ms rechnen
2026-09-08T03:54:53.291Z  IQV/2022        roh          89564 reg. Kerzen    0/250/250 von 250  Tagen gewertet (1m/5m/15m)     6534 Signale  346 ms lesen  24612 ms rechnen
2026-09-08T03:55:16.789Z  IQV/2023        roh          87253 reg. Kerzen    0/250/250 von 250  Tagen gewertet (1m/5m/15m)     6427 Signale  293 ms lesen  22767 ms rechnen
2026-09-08T03:55:40.359Z  IQV/2024        roh          85687 reg. Kerzen    0/252/252 von 252  Tagen gewertet (1m/5m/15m)     6302 Signale  509 ms lesen  22578 ms rechnen
2026-09-08T03:56:04.619Z  IQV/2025        roh          89118 reg. Kerzen    0/250/250 von 250  Tagen gewertet (1m/5m/15m)     6508 Signale  255 ms lesen  23549 ms rechnen
2026-09-08T03:56:21.756Z  IQV/2026        roh          58817 reg. Kerzen    0/166/166 von 166  Tagen gewertet (1m/5m/15m)     4314 Signale  476 ms lesen  16287 ms rechnen
2026-09-08T03:56:22.406Z  IRG/2016        roh          11916 reg. Kerzen        0/0/0 von 252  Tagen gewertet (1m/5m/15m)        0 Signale  46 ms lesen  323 ms rechnen
2026-09-08T03:56:22.661Z  IRG/2017        roh           4219 reg. Kerzen        0/0/0 von 48   Tagen gewertet (1m/5m/15m)        0 Signale  34 ms lesen  157 ms rechnen
2026-09-08T03:56:22.838Z  IRTC/2016       roh           8400 reg. Kerzen        0/0/0 von 50   Tagen gewertet (1m/5m/15m)        0 Signale  41 ms lesen  91 ms rechnen
2026-09-08T03:56:40.845Z  IRTC/2017       roh          51325 reg. Kerzen    0/177/184 von 251  Tagen gewertet (1m/5m/15m)     4701 Signale  179 ms lesen  17789 ms rechnen
2026-09-08T03:57:06.465Z  IRTC/2018       roh          56316 reg. Kerzen    0/245/249 von 251  Tagen gewertet (1m/5m/15m)     6568 Signale  179 ms lesen  25198 ms rechnen
2026-09-08T03:57:33.269Z  IRTC/2019       roh          65271 reg. Kerzen    0/252/252 von 252  Tagen gewertet (1m/5m/15m)     6936 Signale  335 ms lesen  26183 ms rechnen
2026-09-08T03:58:01.679Z  IRTC/2020       roh          66794 reg. Kerzen    0/253/253 von 253  Tagen gewertet (1m/5m/15m)     6837 Signale  226 ms lesen  27871 ms rechnen
2026-09-08T03:58:30.593Z  IRTC/2021       roh          67998 reg. Kerzen    0/252/252 von 252  Tagen gewertet (1m/5m/15m)     6891 Signale  420 ms lesen  28182 ms rechnen
2026-09-08T03:59:00.690Z  IRTC/2022       roh          61031 reg. Kerzen    0/251/251 von 251  Tagen gewertet (1m/5m/15m)     6879 Signale  310 ms lesen  29451 ms rechnen
2026-09-08T03:59:26.946Z  IRTC/2023       roh          58202 reg. Kerzen    0/248/250 von 250  Tagen gewertet (1m/5m/15m)     6621 Signale  249 ms lesen  25687 ms rechnen
2026-09-08T03:59:53.950Z  IRTC/2024       roh          59590 reg. Kerzen    0/248/252 von 252  Tagen gewertet (1m/5m/15m)     6768 Signale  312 ms lesen  26377 ms rechnen
2026-09-08T04:00:18.742Z  IRTC/2025       roh          54997 reg. Kerzen    0/239/250 von 250  Tagen gewertet (1m/5m/15m)     6398 Signale  167 ms lesen  24294 ms rechnen
2026-09-08T04:00:36.521Z  IRTC/2026       roh          40789 reg. Kerzen    0/162/166 von 166  Tagen gewertet (1m/5m/15m)     4453 Signale  177 ms lesen  17351 ms rechnen
2026-09-08T04:00:36.888Z  ISIG/2016       bereinigt     2632 reg. Kerzen        0/0/0 von 236  Tagen gewertet (1m/5m/15m)        0 Signale  74 ms lesen  44 ms rechnen
2026-09-08T04:00:37.002Z  ISIG/2017       bereinigt     5313 reg. Kerzen        0/0/0 von 250  Tagen gewertet (1m/5m/15m)        0 Signale  39 ms lesen  60 ms rechnen
2026-09-08T04:00:37.218Z  ISIG/2018       bereinigt     8090 reg. Kerzen        0/0/0 von 251  Tagen gewertet (1m/5m/15m)        0 Signale  66 ms lesen  127 ms rechnen
2026-09-08T04:00:37.475Z  ISIG/2019       bereinigt     2905 reg. Kerzen        0/0/0 von 250  Tagen gewertet (1m/5m/15m)        0 Signale  17 ms lesen  96 ms rechnen
2026-09-08T04:00:37.870Z  ISIG/2020       bereinigt    14771 reg. Kerzen        0/0/0 von 253  Tagen gewertet (1m/5m/15m)        0 Signale  98 ms lesen  283 ms rechnen
2026-09-08T04:00:39.525Z  ISIG/2021       roh          17813 reg. Kerzen        0/9/9 von 252  Tagen gewertet (1m/5m/15m)      263 Signale  87 ms lesen  1488 ms rechnen
2026-09-08T04:00:42.953Z  ISIG/2022       roh          20379 reg. Kerzen      0/25/29 von 251  Tagen gewertet (1m/5m/15m)      696 Signale  120 ms lesen  3231 ms rechnen
2026-09-08T04:00:43.142Z  ISIG/2023       roh           1258 reg. Kerzen        0/0/0 von 144  Tagen gewertet (1m/5m/15m)        0 Signale  36 ms lesen  22 ms rechnen
2026-09-08T04:01:02.252Z  ISRG/2016       bereinigt    65232 reg. Kerzen    0/232/232 von 252  Tagen gewertet (1m/5m/15m)     5630 Signale  254 ms lesen  18812 ms rechnen
2026-09-08T04:01:22.707Z  ISRG/2017       bereinigt    71353 reg. Kerzen    0/251/251 von 251  Tagen gewertet (1m/5m/15m)     5738 Signale  340 ms lesen  19810 ms rechnen
2026-09-08T04:01:47.915Z  ISRG/2018       bereinigt    85234 reg. Kerzen    0/249/249 von 251  Tagen gewertet (1m/5m/15m)     6390 Signale  625 ms lesen  24132 ms rechnen
2026-09-08T04:02:10.501Z  ISRG/2019       bereinigt    82740 reg. Kerzen    0/252/252 von 252  Tagen gewertet (1m/5m/15m)     6354 Signale  325 ms lesen  21878 ms rechnen
2026-09-08T04:02:35.769Z  ISRG/2020       bereinigt    83502 reg. Kerzen    0/253/253 von 253  Tagen gewertet (1m/5m/15m)     6512 Signale  419 ms lesen  24429 ms rechnen
2026-09-08T04:03:00.345Z  ISRG/2021       bereinigt    80012 reg. Kerzen    0/252/252 von 252  Tagen gewertet (1m/5m/15m)     6343 Signale  405 ms lesen  23746 ms rechnen
2026-09-08T04:03:27.288Z  ISRG/2022       roh          96467 reg. Kerzen    0/251/251 von 251  Tagen gewertet (1m/5m/15m)     6682 Signale  337 ms lesen  26188 ms rechnen
2026-09-08T04:03:50.508Z  ISRG/2023       roh          93567 reg. Kerzen    0/250/250 von 250  Tagen gewertet (1m/5m/15m)     6368 Signale  294 ms lesen  22155 ms rechnen
2026-09-08T04:04:14.413Z  ISRG/2024       roh          88837 reg. Kerzen    0/252/252 von 252  Tagen gewertet (1m/5m/15m)     6186 Signale  242 ms lesen  23134 ms rechnen
2026-09-08T04:04:38.285Z  ISRG/2025       roh          92715 reg. Kerzen    0/250/250 von 250  Tagen gewertet (1m/5m/15m)     6385 Signale  253 ms lesen  23230 ms rechnen
2026-09-08T04:04:54.776Z  ISRG/2026       roh          64634 reg. Kerzen    0/166/166 von 166  Tagen gewertet (1m/5m/15m)     4266 Signale  395 ms lesen  15615 ms rechnen
2026-09-08T04:04:55.345Z  ITCB/2016       roh          10385 reg. Kerzen        0/0/0 von 191  Tagen gewertet (1m/5m/15m)        0 Signale  82 ms lesen  154 ms rechnen
2026-09-08T04:04:55.564Z  ITCB/2017       roh          10540 reg. Kerzen        0/0/0 von 251  Tagen gewertet (1m/5m/15m)        0 Signale  44 ms lesen  133 ms rechnen
2026-09-08T04:04:55.751Z  ITCB/2018       roh           4882 reg. Kerzen        0/0/0 von 249  Tagen gewertet (1m/5m/15m)        0 Signale  39 ms lesen  101 ms rechnen
2026-09-08T04:04:55.858Z  ITCB/2019       roh           2065 reg. Kerzen        0/0/0 von 237  Tagen gewertet (1m/5m/15m)        0 Signale  47 ms lesen  34 ms rechnen
2026-09-08T04:04:56.117Z  ITCB/2020       roh           7224 reg. Kerzen        0/0/0 von 251  Tagen gewertet (1m/5m/15m)        0 Signale  153 ms lesen  96 ms rechnen
2026-09-08T04:04:56.291Z  ITCB/2021       roh           6965 reg. Kerzen        0/0/0 von 251  Tagen gewertet (1m/5m/15m)        0 Signale  47 ms lesen  80 ms rechnen
2026-09-08T04:04:56.415Z  ITCB/2022       roh           4565 reg. Kerzen        0/0/0 von 251  Tagen gewertet (1m/5m/15m)        0 Signale  37 ms lesen  58 ms rechnen
2026-09-08T04:04:56.490Z  ITCB/2023       roh           1095 reg. Kerzen        0/0/0 von 81   Tagen gewertet (1m/5m/15m)        0 Signale  27 ms lesen  20 ms rechnen
2026-09-08T04:04:57.957Z  ITOS/2020       roh          16675 reg. Kerzen       0/8/12 von 112  Tagen gewertet (1m/5m/15m)      240 Signale  84 ms lesen  1367 ms rechnen
2026-09-08T04:05:11.288Z  ITOS/2021       roh          48342 reg. Kerzen    0/104/114 von 252  Tagen gewertet (1m/5m/15m)     2922 Signale  262 ms lesen  12994 ms rechnen
2026-09-08T04:05:33.187Z  ITOS/2022       roh          55857 reg. Kerzen    0/186/186 von 251  Tagen gewertet (1m/5m/15m)     5027 Signale  517 ms lesen  21186 ms rechnen
2026-09-08T04:05:35.037Z  ITOS/2023       roh          49583 reg. Kerzen        0/7/7 von 250  Tagen gewertet (1m/5m/15m)      189 Signale  173 ms lesen  1322 ms rechnen
2026-09-08T04:05:39.980Z  ITOS/2024       roh          54207 reg. Kerzen      0/35/35 von 252  Tagen gewertet (1m/5m/15m)      952 Signale  232 ms lesen  4482 ms rechnen
2026-09-08T04:05:45.982Z  ITOS/2025       roh          44743 reg. Kerzen      0/67/67 von 164  Tagen gewertet (1m/5m/15m)     1421 Signale  117 ms lesen  5630 ms rechnen
2026-09-08T04:05:46.403Z  IVAC/2016       roh          10283 reg. Kerzen        0/0/0 von 251  Tagen gewertet (1m/5m/15m)        0 Signale  74 ms lesen  114 ms rechnen
2026-09-08T04:05:47.079Z  IVAC/2017       roh          42262 reg. Kerzen        0/0/0 von 251  Tagen gewertet (1m/5m/15m)        0 Signale  97 ms lesen  538 ms rechnen
2026-09-08T04:05:47.794Z  IVAC/2018       roh          32456 reg. Kerzen        0/0/0 von 251  Tagen gewertet (1m/5m/15m)        0 Signale  115 ms lesen  404 ms rechnen
2026-09-08T04:05:48.226Z  IVAC/2019       roh          15889 reg. Kerzen        0/0/0 von 252  Tagen gewertet (1m/5m/15m)        0 Signale  58 ms lesen  235 ms rechnen
2026-09-08T04:05:48.788Z  IVAC/2020       roh          21557 reg. Kerzen        0/0/0 von 253  Tagen gewertet (1m/5m/15m)        0 Signale  114 ms lesen  289 ms rechnen
2026-09-08T04:05:49.424Z  IVAC/2021       roh          25992 reg. Kerzen        0/0/0 von 252  Tagen gewertet (1m/5m/15m)        0 Signale  182 ms lesen  356 ms rechnen
2026-09-08T04:05:49.843Z  IVAC/2022       roh          14979 reg. Kerzen        0/0/0 von 251  Tagen gewertet (1m/5m/15m)        0 Signale  72 ms lesen  166 ms rechnen
2026-09-08T04:05:50.349Z  IVAC/2023       roh          28099 reg. Kerzen        0/0/0 von 250  Tagen gewertet (1m/5m/15m)        0 Signale  97 ms lesen  342 ms rechnen
2026-09-08T04:05:50.762Z  IVAC/2024       roh          17221 reg. Kerzen        0/0/0 von 252  Tagen gewertet (1m/5m/15m)        0 Signale  91 ms lesen  189 ms rechnen
2026-09-08T04:05:50.970Z  IVAC/2025       roh           5789 reg. Kerzen        0/0/0 von 59   Tagen gewertet (1m/5m/15m)        0 Signale  32 ms lesen  77 ms rechnen
2026-09-08T04:05:55.314Z  IVT/2021        roh          18998 reg. Kerzen      0/37/37 von 57   Tagen gewertet (1m/5m/15m)      945 Signale  70 ms lesen  4226 ms rechnen
2026-09-08T04:06:11.798Z  IVT/2022        roh          61164 reg. Kerzen    0/156/156 von 250  Tagen gewertet (1m/5m/15m)     4204 Signale  188 ms lesen  16203 ms rechnen
2026-09-08T04:06:14.232Z  IVT/2023        roh          47784 reg. Kerzen      0/13/13 von 250  Tagen gewertet (1m/5m/15m)      320 Signale  158 ms lesen  1898 ms rechnen
2026-09-08T04:06:24.026Z  IVT/2024        roh          54774 reg. Kerzen    0/104/105 von 252  Tagen gewertet (1m/5m/15m)     2514 Signale  189 ms lesen  9354 ms rechnen
2026-09-08T04:06:47.205Z  IVT/2025        roh          58103 reg. Kerzen    0/250/250 von 250  Tagen gewertet (1m/5m/15m)     5982 Signale  252 ms lesen  22619 ms rechnen
2026-09-08T04:07:01.316Z  IVT/2026        roh          41114 reg. Kerzen    0/166/166 von 166  Tagen gewertet (1m/5m/15m)     4017 Signale  180 ms lesen  13577 ms rechnen
2026-09-08T04:07:25.323Z  JAG/2017        roh          76772 reg. Kerzen    0/214/214 von 234  Tagen gewertet (1m/5m/15m)     5841 Signale  249 ms lesen  23538 ms rechnen
2026-09-08T04:07:54.917Z  JAG/2018        roh          92906 reg. Kerzen    0/251/251 von 251  Tagen gewertet (1m/5m/15m)     6850 Signale  254 ms lesen  28918 ms rechnen
2026-09-08T04:08:22.672Z  JAG/2019        roh          93388 reg. Kerzen    0/252/252 von 252  Tagen gewertet (1m/5m/15m)     6804 Signale  492 ms lesen  26870 ms rechnen
2026-09-08T04:08:23.704Z  JAG/2020        roh           2328 reg. Kerzen        0/6/6 von 6    Tagen gewertet (1m/5m/15m)      177 Signale  13 ms lesen  610 ms rechnen
2026-09-08T04:08:48.321Z  JAZZ/2016       roh          83246 reg. Kerzen    0/232/232 von 252  Tagen gewertet (1m/5m/15m)     6137 Signale  294 ms lesen  24281 ms rechnen
2026-09-08T04:09:12.824Z  JAZZ/2017       roh          72957 reg. Kerzen    0/251/251 von 251  Tagen gewertet (1m/5m/15m)     6404 Signale  355 ms lesen  23594 ms rechnen
2026-09-08T04:09:36.684Z  JAZZ/2018       roh          72402 reg. Kerzen    0/249/249 von 251  Tagen gewertet (1m/5m/15m)     6445 Signale  215 ms lesen  23284 ms rechnen
2026-09-08T04:10:01.733Z  JAZZ/2019       roh          79116 reg. Kerzen    0/252/252 von 252  Tagen gewertet (1m/5m/15m)     6536 Signale  471 ms lesen  24199 ms rechnen
2026-09-08T04:10:27.871Z  JAZZ/2020       roh          82283 reg. Kerzen    0/253/253 von 253  Tagen gewertet (1m/5m/15m)     6625 Signale  292 ms lesen  25445 ms rechnen
2026-09-08T04:10:53.514Z  JAZZ/2021       roh          79520 reg. Kerzen    0/252/252 von 252  Tagen gewertet (1m/5m/15m)     6565 Signale  269 ms lesen  24941 ms rechnen
2026-09-08T04:11:21.319Z  JAZZ/2022       roh          74849 reg. Kerzen    0/251/251 von 251  Tagen gewertet (1m/5m/15m)     6596 Signale  369 ms lesen  26994 ms rechnen
2026-09-08T04:11:45.306Z  JAZZ/2023       roh          70633 reg. Kerzen    0/250/250 von 250  Tagen gewertet (1m/5m/15m)     6344 Signale  208 ms lesen  23413 ms rechnen
2026-09-08T04:12:09.851Z  JAZZ/2024       roh          71805 reg. Kerzen    0/252/252 von 252  Tagen gewertet (1m/5m/15m)     6485 Signale  304 ms lesen  23844 ms rechnen
2026-09-08T04:12:35.921Z  JAZZ/2025       roh          76057 reg. Kerzen    0/250/250 von 250  Tagen gewertet (1m/5m/15m)     6520 Signale  258 ms lesen  25417 ms rechnen
2026-09-08T04:12:52.366Z  JAZZ/2026       roh          47825 reg. Kerzen    0/166/166 von 166  Tagen gewertet (1m/5m/15m)     4299 Signale  136 ms lesen  15933 ms rechnen
2026-09-08T04:13:13.257Z  JCI/2016        bereinigt    97937 reg. Kerzen    0/232/232 von 252  Tagen gewertet (1m/5m/15m)     5712 Signale  386 ms lesen  20250 ms rechnen
2026-09-08T04:13:34.584Z  JCI/2017        roh          97363 reg. Kerzen    0/251/251 von 251  Tagen gewertet (1m/5m/15m)     5974 Signale  340 ms lesen  20518 ms rechnen
2026-09-08T04:13:57.904Z  JCI/2018        roh          97259 reg. Kerzen    0/251/251 von 251  Tagen gewertet (1m/5m/15m)     6388 Signale  221 ms lesen  22656 ms rechnen
2026-09-08T04:14:20.977Z  JCI/2019        roh          97600 reg. Kerzen    0/252/252 von 252  Tagen gewertet (1m/5m/15m)     5992 Signale  643 ms lesen  22006 ms rechnen
2026-09-08T04:14:46.005Z  JCI/2020        roh          98160 reg. Kerzen    0/253/253 von 253  Tagen gewertet (1m/5m/15m)     6477 Signale  432 ms lesen  23975 ms rechnen
2026-09-08T04:15:09.203Z  JCI/2021        roh          97187 reg. Kerzen    0/250/250 von 252  Tagen gewertet (1m/5m/15m)     6113 Signale  398 ms lesen  22364 ms rechnen
2026-09-08T04:15:33.714Z  JCI/2022        roh          97301 reg. Kerzen    0/250/250 von 250  Tagen gewertet (1m/5m/15m)     6562 Signale  316 ms lesen  23727 ms rechnen
2026-09-08T04:15:58.483Z  JCI/2023        roh          97082 reg. Kerzen    0/250/250 von 250  Tagen gewertet (1m/5m/15m)     6170 Signale  251 ms lesen  23976 ms rechnen
2026-09-08T04:16:20.666Z  JCI/2024        roh          97469 reg. Kerzen    0/252/252 von 252  Tagen gewertet (1m/5m/15m)     6136 Signale  336 ms lesen  21376 ms rechnen
2026-09-08T04:16:44.228Z  JCI/2025        roh          96662 reg. Kerzen    0/250/250 von 250  Tagen gewertet (1m/5m/15m)     6159 Signale  315 ms lesen  22720 ms rechnen
2026-09-08T04:16:59.884Z  JCI/2026        roh          64100 reg. Kerzen    0/166/166 von 166  Tagen gewertet (1m/5m/15m)     4264 Signale  214 ms lesen  15014 ms rechnen
2026-09-08T04:17:21.320Z  JEF/2016        roh          94675 reg. Kerzen    0/232/232 von 252  Tagen gewertet (1m/5m/15m)     5962 Signale  385 ms lesen  20644 ms rechnen
2026-09-08T04:17:42.973Z  JEF/2017        roh          92726 reg. Kerzen    0/251/251 von 251  Tagen gewertet (1m/5m/15m)     6150 Signale  264 ms lesen  20889 ms rechnen
2026-09-08T04:18:06.300Z  JEF/2018        roh          94601 reg. Kerzen    0/251/251 von 251  Tagen gewertet (1m/5m/15m)     6217 Signale  231 ms lesen  22597 ms rechnen
2026-09-08T04:18:30.344Z  JEF/2019        roh          94250 reg. Kerzen    0/252/252 von 252  Tagen gewertet (1m/5m/15m)     6357 Signale  320 ms lesen  23298 ms rechnen
2026-09-08T04:18:56.228Z  JEF/2020        roh          95489 reg. Kerzen    0/253/253 von 253  Tagen gewertet (1m/5m/15m)     6607 Signale  314 ms lesen  25098 ms rechnen
2026-09-08T04:19:20.558Z  JEF/2021        roh          95004 reg. Kerzen    0/250/250 von 252  Tagen gewertet (1m/5m/15m)     6464 Signale  370 ms lesen  23544 ms rechnen
2026-09-08T04:19:45.850Z  JEF/2022        roh          94418 reg. Kerzen    0/249/249 von 250  Tagen gewertet (1m/5m/15m)     6622 Signale  276 ms lesen  24497 ms rechnen
2026-09-08T04:20:07.160Z  JEF/2023        roh          91213 reg. Kerzen    0/230/230 von 250  Tagen gewertet (1m/5m/15m)     5775 Signale  288 ms lesen  20462 ms rechnen
2026-09-08T04:20:29.508Z  JEF/2024        roh          89847 reg. Kerzen    0/252/252 von 252  Tagen gewertet (1m/5m/15m)     6178 Signale  253 ms lesen  21676 ms rechnen
2026-09-08T04:20:54.096Z  JEF/2025        roh          91310 reg. Kerzen    0/250/250 von 250  Tagen gewertet (1m/5m/15m)     6581 Signale  293 ms lesen  23866 ms rechnen
2026-09-08T04:21:11.645Z  JEF/2026        roh          62416 reg. Kerzen    0/166/166 von 166  Tagen gewertet (1m/5m/15m)     4492 Signale  224 ms lesen  16871 ms rechnen
2026-09-08T04:21:23.430Z  JHG/2017        roh          48090 reg. Kerzen    0/130/130 von 150  Tagen gewertet (1m/5m/15m)     3121 Signale  269 ms lesen  11119 ms rechnen
2026-09-08T04:21:47.267Z  JHG/2018        roh          87462 reg. Kerzen    0/251/251 von 251  Tagen gewertet (1m/5m/15m)     6335 Signale  227 ms lesen  23385 ms rechnen
2026-09-08T04:22:10.727Z  JHG/2019        roh          92006 reg. Kerzen    0/252/252 von 252  Tagen gewertet (1m/5m/15m)     6403 Signale  266 ms lesen  22752 ms rechnen
2026-09-08T04:22:36.782Z  JHG/2020        roh          92320 reg. Kerzen    0/253/253 von 253  Tagen gewertet (1m/5m/15m)     6668 Signale  341 ms lesen  25279 ms rechnen
2026-09-08T04:23:01.694Z  JHG/2021        roh          85673 reg. Kerzen    0/250/250 von 252  Tagen gewertet (1m/5m/15m)     6416 Signale  206 ms lesen  24301 ms rechnen
2026-09-08T04:23:27.495Z  JHG/2022        roh          91529 reg. Kerzen    0/250/250 von 251  Tagen gewertet (1m/5m/15m)     6781 Signale  243 ms lesen  25105 ms rechnen
2026-09-08T04:23:52.691Z  JHG/2023        roh          87638 reg. Kerzen    0/250/250 von 250  Tagen gewertet (1m/5m/15m)     6430 Signale  352 ms lesen  24133 ms rechnen
2026-09-08T04:24:16.199Z  JHG/2024        roh          86791 reg. Kerzen    0/252/252 von 252  Tagen gewertet (1m/5m/15m)     6140 Signale  223 ms lesen  22866 ms rechnen
2026-09-08T04:24:39.617Z  JHG/2025        roh          85014 reg. Kerzen    0/250/250 von 250  Tagen gewertet (1m/5m/15m)     6309 Signale  293 ms lesen  22717 ms rechnen
2026-09-08T04:24:47.895Z  JHG/2026        roh          42907 reg. Kerzen    0/123/123 von 123  Tagen gewertet (1m/5m/15m)     2091 Signale  146 ms lesen  7712 ms rechnen
2026-09-08T04:24:48.136Z  JMAC/2021       roh            236 reg. Kerzen        0/0/0 von 20   Tagen gewertet (1m/5m/15m)        0 Signale  10 ms lesen  5 ms rechnen
2026-09-08T04:24:48.168Z  JMAC/2022       roh            340 reg. Kerzen        0/0/0 von 137  Tagen gewertet (1m/5m/15m)        0 Signale  15 ms lesen  13 ms rechnen
2026-09-08T04:24:48.211Z  JMAC/2023       roh           1360 reg. Kerzen        0/0/0 von 45   Tagen gewertet (1m/5m/15m)        0 Signale  23 ms lesen  15 ms rechnen
2026-09-08T04:24:48.775Z  JNCE/2017       roh          39392 reg. Kerzen        0/0/0 von 234  Tagen gewertet (1m/5m/15m)        0 Signale  109 ms lesen  434 ms rechnen
2026-09-08T04:25:00.827Z  JNCE/2018       roh          60182 reg. Kerzen      0/99/99 von 251  Tagen gewertet (1m/5m/15m)     2691 Signale  136 ms lesen  11642 ms rechnen
2026-09-08T04:25:02.949Z  JNCE/2019       roh          43461 reg. Kerzen      0/12/12 von 252  Tagen gewertet (1m/5m/15m)      325 Signale  118 ms lesen  1756 ms rechnen
2026-09-08T04:25:07.782Z  JNCE/2020       roh          58215 reg. Kerzen      0/30/30 von 253  Tagen gewertet (1m/5m/15m)      803 Signale  179 ms lesen  4408 ms rechnen
2026-09-08T04:25:10.974Z  JNCE/2021       roh          57773 reg. Kerzen      0/15/16 von 252  Tagen gewertet (1m/5m/15m)      398 Signale  521 ms lesen  2388 ms rechnen
2026-09-08T04:25:11.916Z  JNCE/2022       roh          48338 reg. Kerzen        0/0/0 von 251  Tagen gewertet (1m/5m/15m)        0 Signale  160 ms lesen  519 ms rechnen
2026-09-08T04:25:12.465Z  JNCE/2023       roh          21366 reg. Kerzen        0/0/0 von 84   Tagen gewertet (1m/5m/15m)        0 Signale  80 ms lesen  233 ms rechnen
2026-09-08T04:25:13.210Z  JOBS/2016       roh          33907 reg. Kerzen        0/0/0 von 252  Tagen gewertet (1m/5m/15m)        0 Signale  207 ms lesen  405 ms rechnen
2026-09-08T04:25:25.331Z  JOBS/2017       roh          40659 reg. Kerzen    0/122/140 von 251  Tagen gewertet (1m/5m/15m)     3267 Signale  188 ms lesen  11750 ms rechnen
2026-09-08T04:25:48.883Z  JOBS/2018       roh          55960 reg. Kerzen    0/238/249 von 251  Tagen gewertet (1m/5m/15m)     6460 Signale  238 ms lesen  23107 ms rechnen
2026-09-08T04:26:10.685Z  JOBS/2019       roh          49024 reg. Kerzen    0/213/252 von 252  Tagen gewertet (1m/5m/15m)     5981 Signale  141 ms lesen  21315 ms rechnen
2026-09-08T04:26:31.585Z  JOBS/2020       roh          46246 reg. Kerzen    0/200/252 von 253  Tagen gewertet (1m/5m/15m)     5695 Signale  258 ms lesen  20307 ms rechnen
2026-09-08T04:26:51.531Z  JOBS/2021       roh          52776 reg. Kerzen    0/209/248 von 252  Tagen gewertet (1m/5m/15m)     5363 Signale  258 ms lesen  19394 ms rechnen
2026-09-08T04:26:58.937Z  JOBS/2022       roh          21950 reg. Kerzen      0/78/87 von 87   Tagen gewertet (1m/5m/15m)     1987 Signale  64 ms lesen  7073 ms rechnen
2026-09-08T04:26:59.564Z  JPEP/2016       roh          25663 reg. Kerzen        0/0/0 von 252  Tagen gewertet (1m/5m/15m)        0 Signale  142 ms lesen  352 ms rechnen
2026-09-08T04:26:59.773Z  JPEP/2017       roh           3387 reg. Kerzen        0/0/0 von 44   Tagen gewertet (1m/5m/15m)        0 Signale  19 ms lesen  47 ms rechnen
2026-09-08T04:26:59.853Z  JUGG/2021       roh           1260 reg. Kerzen        0/0/0 von 77   Tagen gewertet (1m/5m/15m)        0 Signale  24 ms lesen  33 ms rechnen
2026-09-08T04:26:59.928Z  JUGG/2022       roh            899 reg. Kerzen        0/0/0 von 179  Tagen gewertet (1m/5m/15m)        0 Signale  39 ms lesen  28 ms rechnen
2026-09-08T04:26:59.996Z  JUGG/2023       roh            852 reg. Kerzen        0/0/0 von 95   Tagen gewertet (1m/5m/15m)        0 Signale  30 ms lesen  33 ms rechnen
2026-09-08T04:27:02.910Z  JWS/2020        roh          20060 reg. Kerzen      0/24/24 von 126  Tagen gewertet (1m/5m/15m)      603 Signale  104 ms lesen  2800 ms rechnen
2026-09-08T04:27:14.498Z  JWS/2021        roh          27892 reg. Kerzen    0/101/104 von 105  Tagen gewertet (1m/5m/15m)     2811 Signale  72 ms lesen  11433 ms rechnen
2026-09-08T04:27:14.738Z  KAAC/2017       roh            811 reg. Kerzen        0/0/0 von 108  Tagen gewertet (1m/5m/15m)        0 Signale  75 ms lesen  35 ms rechnen
2026-09-08T04:27:14.819Z  KAAC/2018       roh           3604 reg. Kerzen        0/0/0 von 153  Tagen gewertet (1m/5m/15m)        0 Signale  39 ms lesen  37 ms rechnen
2026-09-08T04:27:14.893Z  KALV/2016       roh           1498 reg. Kerzen        0/0/0 von 27   Tagen gewertet (1m/5m/15m)        0 Signale  36 ms lesen  17 ms rechnen
2026-09-08T04:27:15.115Z  KALV/2017       roh          13048 reg. Kerzen        0/0/0 von 248  Tagen gewertet (1m/5m/15m)        0 Signale  40 ms lesen  174 ms rechnen
2026-09-08T04:27:15.458Z  KALV/2018       roh          17420 reg. Kerzen        0/0/0 von 251  Tagen gewertet (1m/5m/15m)        0 Signale  91 ms lesen  193 ms rechnen
2026-09-08T04:27:16.096Z  KALV/2019       roh          33366 reg. Kerzen        0/0/0 von 252  Tagen gewertet (1m/5m/15m)        0 Signale  98 ms lesen  375 ms rechnen
2026-09-08T04:27:16.763Z  KALV/2020       roh          30869 reg. Kerzen        0/0/0 von 253  Tagen gewertet (1m/5m/15m)        0 Signale  95 ms lesen  427 ms rechnen
2026-09-08T04:27:24.608Z  KALV/2021       roh          45069 reg. Kerzen      0/60/66 von 252  Tagen gewertet (1m/5m/15m)     1680 Signale  213 ms lesen  7438 ms rechnen
2026-09-08T04:27:25.589Z  KALV/2022       roh          48823 reg. Kerzen        0/0/0 von 251  Tagen gewertet (1m/5m/15m)        0 Signale  235 ms lesen  545 ms rechnen
2026-09-08T04:27:26.794Z  KALV/2023       roh          47703 reg. Kerzen        0/0/0 von 250  Tagen gewertet (1m/5m/15m)        0 Signale  315 ms lesen  620 ms rechnen
2026-09-08T04:27:32.476Z  KALV/2024       roh          54135 reg. Kerzen      0/41/41 von 252  Tagen gewertet (1m/5m/15m)     1136 Signale  225 ms lesen  4998 ms rechnen
2026-09-08T04:27:53.502Z  KALV/2025       roh          71158 reg. Kerzen    0/176/176 von 250  Tagen gewertet (1m/5m/15m)     4712 Signale  403 ms lesen  20348 ms rechnen
2026-09-08T04:28:04.895Z  KALV/2026       roh          34487 reg. Kerzen    0/110/110 von 110  Tagen gewertet (1m/5m/15m)     2647 Signale  102 ms lesen  10960 ms rechnen
2026-09-08T04:28:28.193Z  KBH/2016        roh          95986 reg. Kerzen    0/232/232 von 252  Tagen gewertet (1m/5m/15m)     6137 Signale  241 ms lesen  22878 ms rechnen
2026-09-08T04:28:53.773Z  KBH/2017        roh          95452 reg. Kerzen    0/251/251 von 251  Tagen gewertet (1m/5m/15m)     6475 Signale  318 ms lesen  24803 ms rechnen
2026-09-08T04:28:57.779Z  CHECKPOINT 2800 Dateien, 594 min, Detektorfehler {}
2026-09-08T04:29:24.795Z  KBH/2018        roh          94827 reg. Kerzen    0/251/251 von 251  Tagen gewertet (1m/5m/15m)     6732 Signale  286 ms lesen  26727 ms rechnen
2026-09-08T04:29:50.141Z  KBH/2019        roh          95504 reg. Kerzen    0/252/252 von 252  Tagen gewertet (1m/5m/15m)     6546 Signale  386 ms lesen  24530 ms rechnen
2026-09-08T04:30:19.168Z  KBH/2020        roh          96055 reg. Kerzen    0/253/253 von 253  Tagen gewertet (1m/5m/15m)     6880 Signale  263 ms lesen  28209 ms rechnen
2026-09-08T04:30:45.324Z  KBH/2021        roh          93946 reg. Kerzen    0/251/251 von 252  Tagen gewertet (1m/5m/15m)     6652 Signale  269 ms lesen  25430 ms rechnen
2026-09-08T04:31:12.108Z  KBH/2022        roh          95275 reg. Kerzen    0/249/249 von 250  Tagen gewertet (1m/5m/15m)     6781 Signale  307 ms lesen  26081 ms rechnen
2026-09-08T04:31:36.970Z  KBH/2023        roh          93962 reg. Kerzen    0/250/250 von 250  Tagen gewertet (1m/5m/15m)     6461 Signale  409 ms lesen  23986 ms rechnen
2026-09-08T04:32:02.002Z  KBH/2024        roh          87825 reg. Kerzen    0/252/252 von 252  Tagen gewertet (1m/5m/15m)     6451 Signale  320 ms lesen  24275 ms rechnen
2026-09-08T04:32:26.506Z  KBH/2025        roh          87046 reg. Kerzen    0/250/250 von 250  Tagen gewertet (1m/5m/15m)     6517 Signale  259 ms lesen  23851 ms rechnen
2026-09-08T04:32:43.387Z  KBH/2026        roh          56303 reg. Kerzen    0/166/166 von 166  Tagen gewertet (1m/5m/15m)     4388 Signale  222 ms lesen  16256 ms rechnen
2026-09-08T04:32:43.673Z  KCGI/2021       roh           1274 reg. Kerzen        0/0/0 von 63   Tagen gewertet (1m/5m/15m)        0 Signale  21 ms lesen  20 ms rechnen
2026-09-08T04:32:43.821Z  KCGI/2022       roh           2199 reg. Kerzen        0/0/0 von 239  Tagen gewertet (1m/5m/15m)        0 Signale  28 ms lesen  114 ms rechnen
2026-09-08T04:32:43.926Z  KCGI/2023       roh           2477 reg. Kerzen        0/0/0 von 224  Tagen gewertet (1m/5m/15m)        0 Signale  63 ms lesen  30 ms rechnen
2026-09-08T04:32:43.955Z  KCGI/2024       roh            468 reg. Kerzen        0/0/0 von 96   Tagen gewertet (1m/5m/15m)        0 Signale  10 ms lesen  8 ms rechnen
2026-09-08T04:33:09.711Z  KERX/2016       roh          86740 reg. Kerzen    0/208/208 von 252  Tagen gewertet (1m/5m/15m)     5703 Signale  267 ms lesen  25484 ms rechnen
2026-09-08T04:33:37.911Z  KERX/2017       roh          85673 reg. Kerzen    0/243/243 von 251  Tagen gewertet (1m/5m/15m)     6709 Signale  418 ms lesen  27402 ms rechnen
2026-09-08T04:33:45.620Z  KERX/2018       roh          75119 reg. Kerzen      0/50/50 von 239  Tagen gewertet (1m/5m/15m)     1379 Signale  209 ms lesen  7035 ms rechnen
2026-09-08T04:34:13.075Z  KGC/2016        roh          97695 reg. Kerzen    0/232/232 von 252  Tagen gewertet (1m/5m/15m)     6491 Signale  287 ms lesen  26778 ms rechnen
2026-09-08T04:34:42.626Z  KGC/2017        roh          96982 reg. Kerzen    0/251/251 von 251  Tagen gewertet (1m/5m/15m)     6829 Signale  818 ms lesen  28110 ms rechnen
2026-09-08T04:35:09.650Z  KGC/2018        roh          96619 reg. Kerzen    0/251/251 von 251  Tagen gewertet (1m/5m/15m)     6821 Signale  357 ms lesen  26207 ms rechnen
2026-09-08T04:35:38.867Z  KGC/2019        roh          96412 reg. Kerzen    0/252/252 von 252  Tagen gewertet (1m/5m/15m)     6882 Signale  356 ms lesen  28379 ms rechnen
2026-09-08T04:36:08.411Z  KGC/2020        roh          98174 reg. Kerzen    0/253/253 von 253  Tagen gewertet (1m/5m/15m)     6948 Signale  248 ms lesen  28676 ms rechnen
2026-09-08T04:36:35.737Z  KGC/2021        roh          97445 reg. Kerzen    0/251/251 von 252  Tagen gewertet (1m/5m/15m)     6733 Signale  390 ms lesen  26341 ms rechnen
2026-09-08T04:37:04.421Z  KGC/2022        roh          96789 reg. Kerzen    0/249/249 von 251  Tagen gewertet (1m/5m/15m)     6862 Signale  388 ms lesen  27877 ms rechnen
2026-09-08T04:37:30.718Z  KGC/2023        roh          96902 reg. Kerzen    0/250/250 von 250  Tagen gewertet (1m/5m/15m)     6735 Signale  405 ms lesen  25276 ms rechnen
2026-09-08T04:37:56.674Z  KGC/2024        roh          97526 reg. Kerzen    0/252/252 von 252  Tagen gewertet (1m/5m/15m)     6844 Signale  377 ms lesen  25141 ms rechnen
2026-09-08T04:38:22.783Z  KGC/2025        roh          96935 reg. Kerzen    0/250/250 von 250  Tagen gewertet (1m/5m/15m)     6746 Signale  422 ms lesen  25161 ms rechnen
2026-09-08T04:38:41.082Z  KGC/2026        roh          64726 reg. Kerzen    0/166/166 von 166  Tagen gewertet (1m/5m/15m)     4560 Signale  270 ms lesen  17387 ms rechnen
2026-09-08T04:38:42.551Z  KING/2016       roh          12275 reg. Kerzen      0/14/14 von 34   Tagen gewertet (1m/5m/15m)      161 Signale  51 ms lesen  1053 ms rechnen
2026-09-08T04:39:02.250Z  KLAC/2016       bereinigt    92791 reg. Kerzen    0/232/232 von 252  Tagen gewertet (1m/5m/15m)     5344 Signale  488 ms lesen  19116 ms rechnen
2026-09-08T04:39:24.405Z  KLAC/2017       bereinigt    91144 reg. Kerzen    0/251/251 von 251  Tagen gewertet (1m/5m/15m)     6132 Signale  272 ms lesen  21341 ms rechnen
2026-09-08T04:39:49.680Z  KLAC/2018       bereinigt    93255 reg. Kerzen    0/249/249 von 251  Tagen gewertet (1m/5m/15m)     6542 Signale  460 ms lesen  24420 ms rechnen
2026-09-08T04:40:14.221Z  KLAC/2019       bereinigt    95424 reg. Kerzen    0/252/252 von 252  Tagen gewertet (1m/5m/15m)     6349 Signale  551 ms lesen  23538 ms rechnen
2026-09-08T04:40:40.874Z  KLAC/2020       bereinigt    94361 reg. Kerzen    0/253/253 von 253  Tagen gewertet (1m/5m/15m)     6698 Signale  611 ms lesen  25538 ms rechnen
2026-09-08T04:41:06.543Z  KLAC/2021       bereinigt    91202 reg. Kerzen    0/252/252 von 252  Tagen gewertet (1m/5m/15m)     6627 Signale  379 ms lesen  24795 ms rechnen
2026-09-08T04:41:34.828Z  KLAC/2022       bereinigt    94075 reg. Kerzen    0/251/251 von 251  Tagen gewertet (1m/5m/15m)     6856 Signale  577 ms lesen  27282 ms rechnen
2026-09-08T04:42:00.314Z  KLAC/2023       bereinigt    85725 reg. Kerzen    0/250/250 von 250  Tagen gewertet (1m/5m/15m)     6550 Signale  388 ms lesen  24671 ms rechnen
2026-09-08T04:42:29.656Z  KLAC/2024       bereinigt    78573 reg. Kerzen    0/252/252 von 252  Tagen gewertet (1m/5m/15m)     6618 Signale  543 ms lesen  28417 ms rechnen
2026-09-08T04:42:58.728Z  KLAC/2025       bereinigt    80534 reg. Kerzen    0/250/250 von 250  Tagen gewertet (1m/5m/15m)     6602 Signale  409 ms lesen  28185 ms rechnen
2026-09-08T04:43:17.392Z  KLAC/2026       bereinigt    63403 reg. Kerzen    0/166/166 von 166  Tagen gewertet (1m/5m/15m)     4475 Signale  542 ms lesen  17731 ms rechnen
2026-09-08T04:43:17.934Z  KLTO/2024       roh           6388 reg. Kerzen        0/0/0 von 74   Tagen gewertet (1m/5m/15m)        0 Signale  100 ms lesen  77 ms rechnen
2026-09-08T04:43:20.965Z  KLTO/2025       roh          49340 reg. Kerzen      0/22/22 von 250  Tagen gewertet (1m/5m/15m)      608 Signale  277 ms lesen  2725 ms rechnen
2026-09-08T04:43:21.364Z  KLTO/2026       roh          12284 reg. Kerzen        0/0/0 von 47   Tagen gewertet (1m/5m/15m)        0 Signale  49 ms lesen  117 ms rechnen
2026-09-08T04:43:44.147Z  KMT/2016        roh          91542 reg. Kerzen    0/232/232 von 252  Tagen gewertet (1m/5m/15m)     6216 Signale  386 ms lesen  22308 ms rechnen
2026-09-08T04:44:08.231Z  KMT/2017        roh          84761 reg. Kerzen    0/251/251 von 251  Tagen gewertet (1m/5m/15m)     6489 Signale  338 ms lesen  23310 ms rechnen
2026-09-08T04:44:33.961Z  KMT/2018        roh          87579 reg. Kerzen    0/251/251 von 251  Tagen gewertet (1m/5m/15m)     6562 Signale  247 ms lesen  25068 ms rechnen
2026-09-08T04:44:59.138Z  KMT/2019        roh          85264 reg. Kerzen    0/252/252 von 252  Tagen gewertet (1m/5m/15m)     6531 Signale  296 ms lesen  24396 ms rechnen
2026-09-08T04:45:26.878Z  KMT/2020        roh          85637 reg. Kerzen    0/253/253 von 253  Tagen gewertet (1m/5m/15m)     6810 Signale  274 ms lesen  26964 ms rechnen
2026-09-08T04:45:51.943Z  KMT/2021        roh          78375 reg. Kerzen    0/251/251 von 252  Tagen gewertet (1m/5m/15m)     6698 Signale  292 ms lesen  24293 ms rechnen
2026-09-08T04:46:18.485Z  KMT/2022        roh          84643 reg. Kerzen    0/249/249 von 251  Tagen gewertet (1m/5m/15m)     6725 Signale  218 ms lesen  25909 ms rechnen
2026-09-08T04:46:43.488Z  KMT/2023        roh          83285 reg. Kerzen    0/250/250 von 250  Tagen gewertet (1m/5m/15m)     6534 Signale  558 ms lesen  24072 ms rechnen
2026-09-08T04:47:06.870Z  KMT/2024        roh          76729 reg. Kerzen    0/252/252 von 252  Tagen gewertet (1m/5m/15m)     6353 Signale  210 ms lesen  22795 ms rechnen
2026-09-08T04:47:31.880Z  KMT/2025        roh          76204 reg. Kerzen    0/250/250 von 250  Tagen gewertet (1m/5m/15m)     6429 Signale  315 ms lesen  24336 ms rechnen
2026-09-08T04:47:49.079Z  KMT/2026        roh          55576 reg. Kerzen    0/166/166 von 166  Tagen gewertet (1m/5m/15m)     4368 Signale  226 ms lesen  16495 ms rechnen
2026-09-08T04:47:49.738Z  KNSL/2016       roh          14886 reg. Kerzen        0/0/0 von 109  Tagen gewertet (1m/5m/15m)        0 Signale  37 ms lesen  184 ms rechnen
2026-09-08T04:47:50.295Z  KNSL/2017       roh          29486 reg. Kerzen        0/0/0 von 251  Tagen gewertet (1m/5m/15m)        0 Signale  78 ms lesen  403 ms rechnen
2026-09-08T04:47:52.305Z  KNSL/2018       roh          27104 reg. Kerzen      0/13/23 von 251  Tagen gewertet (1m/5m/15m)      416 Signale  89 ms lesen  1779 ms rechnen
2026-09-08T04:48:05.791Z  KNSL/2019       roh          35866 reg. Kerzen    0/137/169 von 252  Tagen gewertet (1m/5m/15m)     3816 Signale  148 ms lesen  13184 ms rechnen
2026-09-08T04:48:28.912Z  KNSL/2020       roh          45807 reg. Kerzen    0/215/253 von 253  Tagen gewertet (1m/5m/15m)     6104 Signale  128 ms lesen  22811 ms rechnen
2026-09-08T04:48:47.935Z  KNSL/2021       roh          36865 reg. Kerzen    0/163/252 von 252  Tagen gewertet (1m/5m/15m)     5004 Signale  248 ms lesen  18574 ms rechnen
2026-09-08T04:49:04.008Z  KNSL/2022       roh          32475 reg. Kerzen    0/122/248 von 251  Tagen gewertet (1m/5m/15m)     4430 Signale  91 ms lesen  15813 ms rechnen
2026-09-08T04:49:18.920Z  KNSL/2023       roh          33266 reg. Kerzen    0/124/250 von 250  Tagen gewertet (1m/5m/15m)     4364 Signale  275 ms lesen  14439 ms rechnen
2026-09-08T04:49:32.401Z  KNSL/2024       roh          32497 reg. Kerzen    0/114/249 von 252  Tagen gewertet (1m/5m/15m)     4116 Signale  145 ms lesen  13202 ms rechnen
2026-09-08T04:49:49.018Z  KNSL/2025       roh          39168 reg. Kerzen    0/146/250 von 250  Tagen gewertet (1m/5m/15m)     4689 Signale  153 ms lesen  16326 ms rechnen
2026-09-08T04:50:06.013Z  KNSL/2026       roh          44565 reg. Kerzen    0/166/166 von 166  Tagen gewertet (1m/5m/15m)     4400 Signale  192 ms lesen  16590 ms rechnen
2026-09-08T04:50:06.762Z  KONA/2016       roh          37445 reg. Kerzen        0/0/0 von 252  Tagen gewertet (1m/5m/15m)        0 Signale  116 ms lesen  396 ms rechnen
2026-09-08T04:50:07.548Z  KONA/2017       roh          33525 reg. Kerzen        0/0/0 von 251  Tagen gewertet (1m/5m/15m)        0 Signale  138 ms lesen  450 ms rechnen
2026-09-08T04:50:07.924Z  KONA/2018       roh           8628 reg. Kerzen        0/0/0 von 250  Tagen gewertet (1m/5m/15m)        0 Signale  42 ms lesen  130 ms rechnen
2026-09-08T04:50:08.020Z  KONA/2019       roh           3085 reg. Kerzen        0/0/0 von 78   Tagen gewertet (1m/5m/15m)        0 Signale  18 ms lesen  36 ms rechnen
2026-09-08T04:50:27.617Z  KRA/2016        roh          73079 reg. Kerzen    0/191/191 von 252  Tagen gewertet (1m/5m/15m)     5125 Signale  313 ms lesen  19265 ms rechnen
2026-09-08T04:50:53.444Z  KRA/2017        roh          63819 reg. Kerzen    0/242/243 von 251  Tagen gewertet (1m/5m/15m)     6363 Signale  364 ms lesen  25095 ms rechnen
2026-09-08T04:51:13.053Z  KRA/2018        roh          55235 reg. Kerzen    0/199/201 von 251  Tagen gewertet (1m/5m/15m)     5223 Signale  283 ms lesen  19020 ms rechnen
2026-09-08T04:51:21.319Z  KRA/2019        roh          53034 reg. Kerzen      0/67/70 von 252  Tagen gewertet (1m/5m/15m)     1824 Signale  124 ms lesen  7859 ms rechnen
2026-09-08T04:51:34.769Z  KRA/2020        roh          66766 reg. Kerzen    0/113/113 von 253  Tagen gewertet (1m/5m/15m)     3086 Signale  207 ms lesen  13011 ms rechnen
2026-09-08T04:51:59.165Z  KRA/2021        roh          54072 reg. Kerzen    0/244/250 von 252  Tagen gewertet (1m/5m/15m)     6168 Signale  130 ms lesen  23941 ms rechnen
2026-09-08T04:52:02.133Z  KRA/2022        roh          11314 reg. Kerzen      0/47/47 von 49   Tagen gewertet (1m/5m/15m)      778 Signale  55 ms lesen  2682 ms rechnen
2026-09-08T04:52:05.145Z  KROS/2020       roh          20707 reg. Kerzen      0/23/32 von 186  Tagen gewertet (1m/5m/15m)      678 Signale  80 ms lesen  2878 ms rechnen
2026-09-08T04:52:13.849Z  KROS/2021       roh          33433 reg. Kerzen     0/56/124 von 252  Tagen gewertet (1m/5m/15m)     2097 Signale  87 ms lesen  8518 ms rechnen
2026-09-08T04:52:26.813Z  KROS/2022       roh          37202 reg. Kerzen     0/95/147 von 251  Tagen gewertet (1m/5m/15m)     3016 Signale  162 ms lesen  12590 ms rechnen
2026-09-08T04:52:36.858Z  KROS/2023       roh          37952 reg. Kerzen     0/82/125 von 250  Tagen gewertet (1m/5m/15m)     2539 Signale  84 ms lesen  9775 ms rechnen
2026-09-08T04:53:04.044Z  KROS/2024       roh          55782 reg. Kerzen    0/238/252 von 252  Tagen gewertet (1m/5m/15m)     6506 Signale  148 ms lesen  26837 ms rechnen
2026-09-08T04:53:24.711Z  KROS/2025       roh          69934 reg. Kerzen    0/177/177 von 250  Tagen gewertet (1m/5m/15m)     4785 Signale  166 ms lesen  20234 ms rechnen
2026-09-08T04:53:27.089Z  KROS/2026       roh          32292 reg. Kerzen      0/17/17 von 166  Tagen gewertet (1m/5m/15m)      476 Signale  260 ms lesen  1764 ms rechnen
2026-09-08T04:53:47.384Z  KSPI/2024       roh          47955 reg. Kerzen    0/200/220 von 240  Tagen gewertet (1m/5m/15m)     5462 Signale  184 ms lesen  19932 ms rechnen
2026-09-08T04:54:10.757Z  KSPI/2025       roh          55128 reg. Kerzen    0/233/250 von 250  Tagen gewertet (1m/5m/15m)     6277 Signale  325 ms lesen  22825 ms rechnen
2026-09-08T04:54:28.408Z  KSPI/2026       roh          41927 reg. Kerzen    0/160/166 von 166  Tagen gewertet (1m/5m/15m)     4355 Signale  198 ms lesen  17181 ms rechnen
2026-09-08T04:54:28.834Z  KTRA/2020       bereinigt    13476 reg. Kerzen        0/0/0 von 93   Tagen gewertet (1m/5m/15m)        0 Signale  56 ms lesen  142 ms rechnen
2026-09-08T04:54:29.609Z  KTRA/2021       bereinigt    47360 reg. Kerzen        0/0/0 von 252  Tagen gewertet (1m/5m/15m)        0 Signale  241 ms lesen  480 ms rechnen
2026-09-08T04:54:30.526Z  KTRA/2022       bereinigt    44152 reg. Kerzen        0/0/0 von 251  Tagen gewertet (1m/5m/15m)        0 Signale  147 ms lesen  538 ms rechnen
2026-09-08T04:54:31.012Z  KTRA/2023       roh          14341 reg. Kerzen        0/0/0 von 250  Tagen gewertet (1m/5m/15m)        0 Signale  108 ms lesen  182 ms rechnen
2026-09-08T04:54:31.888Z  KTRA/2024       roh          54653 reg. Kerzen        0/0/0 von 201  Tagen gewertet (1m/5m/15m)        0 Signale  183 ms lesen  630 ms rechnen
2026-09-08T04:54:45.682Z  KVUE/2023       roh          63683 reg. Kerzen    0/146/146 von 166  Tagen gewertet (1m/5m/15m)     3707 Signale  181 ms lesen  13346 ms rechnen
2026-09-08T04:55:09.080Z  KVUE/2024       roh          97719 reg. Kerzen    0/252/252 von 252  Tagen gewertet (1m/5m/15m)     6260 Signale  316 ms lesen  22778 ms rechnen
2026-09-08T04:55:33.716Z  KVUE/2025       roh          96944 reg. Kerzen    0/250/250 von 250  Tagen gewertet (1m/5m/15m)     6320 Signale  304 ms lesen  23862 ms rechnen
2026-09-08T04:55:49.056Z  KVUE/2026       roh          64696 reg. Kerzen    0/166/166 von 166  Tagen gewertet (1m/5m/15m)     4131 Signale  248 ms lesen  14675 ms rechnen
2026-09-08T04:55:49.603Z  KYO/2016        roh           7200 reg. Kerzen        0/0/0 von 252  Tagen gewertet (1m/5m/15m)        0 Signale  51 ms lesen  141 ms rechnen
2026-09-08T04:55:49.813Z  KYO/2017        roh           7631 reg. Kerzen        0/0/0 von 251  Tagen gewertet (1m/5m/15m)        0 Signale  80 ms lesen  101 ms rechnen
2026-09-08T04:55:50.003Z  KYO/2018        roh           5780 reg. Kerzen        0/0/0 von 121  Tagen gewertet (1m/5m/15m)        0 Signale  45 ms lesen  105 ms rechnen
2026-09-08T04:55:50.560Z  LAC/2018        bereinigt    31981 reg. Kerzen        0/0/0 von 235  Tagen gewertet (1m/5m/15m)        0 Signale  148 ms lesen  369 ms rechnen
2026-09-08T04:55:51.353Z  LAC/2019        bereinigt    28835 reg. Kerzen        0/0/0 von 252  Tagen gewertet (1m/5m/15m)        0 Signale  220 ms lesen  418 ms rechnen
2026-09-08T04:56:03.660Z  LAC/2020        bereinigt    76708 reg. Kerzen      0/99/99 von 253  Tagen gewertet (1m/5m/15m)     2689 Signale  555 ms lesen  11592 ms rechnen
2026-09-08T04:56:32.524Z  LAC/2021        bereinigt    96935 reg. Kerzen    0/250/250 von 252  Tagen gewertet (1m/5m/15m)     7002 Signale  525 ms lesen  27960 ms rechnen
2026-09-08T04:57:01.295Z  LAC/2022        bereinigt    96593 reg. Kerzen    0/249/249 von 251  Tagen gewertet (1m/5m/15m)     6931 Signale  701 ms lesen  27641 ms rechnen
2026-09-08T04:57:28.140Z  LAC/2023        bereinigt    95281 reg. Kerzen    0/250/250 von 250  Tagen gewertet (1m/5m/15m)     6813 Signale  670 ms lesen  25705 ms rechnen
2026-09-08T04:57:57.349Z  LAC/2024        roh          96177 reg. Kerzen    0/252/252 von 252  Tagen gewertet (1m/5m/15m)     7061 Signale  322 ms lesen  28441 ms rechnen
2026-09-08T04:58:26.291Z  LAC/2025        roh          95206 reg. Kerzen    0/250/250 von 250  Tagen gewertet (1m/5m/15m)     6980 Signale  378 ms lesen  28133 ms rechnen
2026-09-08T04:58:45.794Z  LAC/2026        roh          64596 reg. Kerzen    0/166/166 von 166  Tagen gewertet (1m/5m/15m)     4596 Signale  355 ms lesen  18680 ms rechnen
2026-09-08T04:58:46.139Z  LATG/2022       roh            375 reg. Kerzen        0/0/0 von 84   Tagen gewertet (1m/5m/15m)        0 Signale  16 ms lesen  12 ms rechnen
2026-09-08T04:58:46.192Z  LATG/2023       roh            659 reg. Kerzen        0/0/0 von 135  Tagen gewertet (1m/5m/15m)        0 Signale  29 ms lesen  18 ms rechnen
2026-09-08T04:58:46.224Z  LATG/2024       roh            418 reg. Kerzen        0/0/0 von 92   Tagen gewertet (1m/5m/15m)        0 Signale  17 ms lesen  10 ms rechnen
2026-09-08T04:58:46.254Z  LATG/2025       roh            274 reg. Kerzen        0/0/0 von 9    Tagen gewertet (1m/5m/15m)        0 Signale  17 ms lesen  10 ms rechnen
2026-09-08T04:58:46.785Z  LBAI/2016       roh          29648 reg. Kerzen        0/0/0 von 252  Tagen gewertet (1m/5m/15m)        0 Signale  189 ms lesen  326 ms rechnen
2026-09-08T04:58:47.489Z  LBAI/2017       roh          35724 reg. Kerzen        0/0/0 von 251  Tagen gewertet (1m/5m/15m)        0 Signale  140 ms lesen  422 ms rechnen
2026-09-08T04:58:48.135Z  LBAI/2018       roh          33241 reg. Kerzen        0/0/0 von 251  Tagen gewertet (1m/5m/15m)        0 Signale  108 ms lesen  371 ms rechnen
2026-09-08T04:58:49.199Z  LBAI/2019       roh          39927 reg. Kerzen        0/0/0 von 252  Tagen gewertet (1m/5m/15m)        0 Signale  284 ms lesen  618 ms rechnen
2026-09-08T04:58:50.123Z  LBAI/2020       roh          41391 reg. Kerzen        0/0/0 von 253  Tagen gewertet (1m/5m/15m)        0 Signale  176 ms lesen  588 ms rechnen
2026-09-08T04:58:51.021Z  LBAI/2021       roh          38867 reg. Kerzen        0/0/0 von 252  Tagen gewertet (1m/5m/15m)        0 Signale  155 ms lesen  534 ms rechnen
2026-09-08T04:58:53.481Z  LBAI/2022       roh          44120 reg. Kerzen      0/15/15 von 251  Tagen gewertet (1m/5m/15m)      378 Signale  237 ms lesen  1978 ms rechnen
2026-09-08T04:58:54.936Z  LBAI/2023       roh          45090 reg. Kerzen        0/5/5 von 250  Tagen gewertet (1m/5m/15m)      125 Signale  140 ms lesen  1112 ms rechnen
2026-09-08T04:58:55.414Z  LBAI/2024       roh          18486 reg. Kerzen        0/0/0 von 94   Tagen gewertet (1m/5m/15m)        0 Signale  62 ms lesen  215 ms rechnen
2026-09-08T04:58:55.562Z  LBMH/2016       roh           2041 reg. Kerzen        0/0/0 von 13   Tagen gewertet (1m/5m/15m)        0 Signale  35 ms lesen  29 ms rechnen
2026-09-08T04:58:56.401Z  LBY/2016        roh          36928 reg. Kerzen        0/0/0 von 252  Tagen gewertet (1m/5m/15m)        0 Signale  217 ms lesen  573 ms rechnen
2026-09-08T04:58:57.208Z  LBY/2017        roh          40987 reg. Kerzen        0/0/0 von 251  Tagen gewertet (1m/5m/15m)        0 Signale  134 ms lesen  445 ms rechnen
2026-09-08T04:58:58.160Z  LBY/2018        roh          45164 reg. Kerzen        0/0/0 von 251  Tagen gewertet (1m/5m/15m)        0 Signale  216 ms lesen  548 ms rechnen
2026-09-08T04:58:58.978Z  LBY/2019        roh          36851 reg. Kerzen        0/0/0 von 252  Tagen gewertet (1m/5m/15m)        0 Signale  126 ms lesen  481 ms rechnen
2026-09-08T04:58:59.478Z  LBY/2020        roh          11094 reg. Kerzen        0/0/0 von 103  Tagen gewertet (1m/5m/15m)        0 Signale  84 ms lesen  146 ms rechnen
2026-09-08T04:59:20.664Z  LCII/2016       roh          57740 reg. Kerzen    0/227/232 von 252  Tagen gewertet (1m/5m/15m)     5701 Signale  183 ms lesen  20871 ms rechnen
2026-09-08T04:59:42.230Z  LCII/2017       roh          47989 reg. Kerzen    0/230/250 von 251  Tagen gewertet (1m/5m/15m)     5991 Signale  190 ms lesen  20985 ms rechnen
2026-09-08T05:00:06.731Z  LCII/2018       roh          52590 reg. Kerzen    0/240/251 von 251  Tagen gewertet (1m/5m/15m)     6540 Signale  204 ms lesen  24080 ms rechnen
2026-09-08T05:00:30.668Z  LCII/2019       roh          47984 reg. Kerzen    0/236/252 von 252  Tagen gewertet (1m/5m/15m)     6334 Signale  219 ms lesen  23435 ms rechnen
2026-09-08T05:00:49.840Z  LCII/2020       roh          38058 reg. Kerzen    0/167/253 von 253  Tagen gewertet (1m/5m/15m)     5234 Signale  171 ms lesen  18789 ms rechnen
2026-09-08T05:01:07.315Z  LCII/2021       roh          37171 reg. Kerzen    0/152/248 von 252  Tagen gewertet (1m/5m/15m)     4843 Signale  130 ms lesen  17174 ms rechnen
2026-09-08T05:01:28.434Z  LCII/2022       roh          41287 reg. Kerzen    0/198/249 von 251  Tagen gewertet (1m/5m/15m)     5728 Signale  133 ms lesen  20772 ms rechnen
2026-09-08T05:01:47.070Z  LCII/2023       roh          39935 reg. Kerzen    0/184/250 von 250  Tagen gewertet (1m/5m/15m)     5404 Signale  194 ms lesen  18202 ms rechnen
2026-09-08T05:02:05.587Z  LCII/2024       roh          38560 reg. Kerzen    0/181/252 von 252  Tagen gewertet (1m/5m/15m)     5361 Signale  139 ms lesen  18179 ms rechnen
2026-09-08T05:02:27.922Z  LCII/2025       roh          46728 reg. Kerzen    0/221/250 von 250  Tagen gewertet (1m/5m/15m)     6001 Signale  177 ms lesen  21944 ms rechnen
2026-09-08T05:02:42.990Z  LCII/2026       roh          30316 reg. Kerzen    0/138/166 von 166  Tagen gewertet (1m/5m/15m)     3919 Signale  88 ms lesen  14749 ms rechnen
2026-09-08T05:02:43.279Z  LDWY/2023       roh           2292 reg. Kerzen        0/0/0 von 101  Tagen gewertet (1m/5m/15m)        0 Signale  42 ms lesen  27 ms rechnen
2026-09-08T05:02:43.372Z  LDWY/2024       roh           2484 reg. Kerzen        0/0/0 von 238  Tagen gewertet (1m/5m/15m)        0 Signale  38 ms lesen  43 ms rechnen
2026-09-08T05:02:43.449Z  LDWY/2025       roh           2287 reg. Kerzen        0/0/0 von 226  Tagen gewertet (1m/5m/15m)        0 Signale  23 ms lesen  42 ms rechnen
2026-09-08T05:02:43.491Z  LDWY/2026       roh           1026 reg. Kerzen        0/0/0 von 20   Tagen gewertet (1m/5m/15m)        0 Signale  14 ms lesen  17 ms rechnen
2026-09-08T05:02:43.581Z  LEGT/2024       roh           1304 reg. Kerzen        0/0/0 von 176  Tagen gewertet (1m/5m/15m)        0 Signale  14 ms lesen  21 ms rechnen
2026-09-08T05:02:43.665Z  LEGT/2025       roh           1544 reg. Kerzen        0/0/0 von 207  Tagen gewertet (1m/5m/15m)        0 Signale  39 ms lesen  38 ms rechnen
2026-09-08T05:02:43.745Z  LEGT/2026       roh           2614 reg. Kerzen        0/0/0 von 105  Tagen gewertet (1m/5m/15m)        0 Signale  23 ms lesen  49 ms rechnen
2026-09-08T05:02:43.812Z  LEVB/2017       roh            593 reg. Kerzen        0/0/0 von 29   Tagen gewertet (1m/5m/15m)        0 Signale  36 ms lesen  14 ms rechnen
2026-09-08T05:02:44.026Z  LEVB/2018       roh          14384 reg. Kerzen        0/0/0 von 248  Tagen gewertet (1m/5m/15m)        0 Signale  75 ms lesen  134 ms rechnen
2026-09-08T05:02:44.329Z  LEVB/2019       roh           7711 reg. Kerzen        0/0/0 von 82   Tagen gewertet (1m/5m/15m)        0 Signale  115 ms lesen  115 ms rechnen
2026-09-08T05:02:49.795Z  LFG/2021        roh          19384 reg. Kerzen      0/43/43 von 75   Tagen gewertet (1m/5m/15m)     1123 Signale  102 ms lesen  5320 ms rechnen
2026-09-08T05:03:16.716Z  LFG/2022        roh          83295 reg. Kerzen    0/246/246 von 248  Tagen gewertet (1m/5m/15m)     6144 Signale  254 ms lesen  26468 ms rechnen
2026-09-08T05:03:23.147Z  LG/2016         roh          20136 reg. Kerzen      0/61/61 von 81   Tagen gewertet (1m/5m/15m)     1460 Signale  237 ms lesen  5602 ms rechnen
2026-09-08T05:03:48.127Z  LGIH/2016       roh          73003 reg. Kerzen    0/232/232 von 252  Tagen gewertet (1m/5m/15m)     6328 Signale  176 ms lesen  24663 ms rechnen
2026-09-08T05:04:13.458Z  LGIH/2017       roh          65481 reg. Kerzen    0/251/251 von 251  Tagen gewertet (1m/5m/15m)     6597 Signale  290 ms lesen  24689 ms rechnen
2026-09-08T05:04:41.291Z  LGIH/2018       roh          67564 reg. Kerzen    0/248/249 von 251  Tagen gewertet (1m/5m/15m)     6743 Signale  252 ms lesen  27253 ms rechnen
2026-09-08T05:05:07.197Z  LGIH/2019       roh          61152 reg. Kerzen    0/251/252 von 252  Tagen gewertet (1m/5m/15m)     6745 Signale  210 ms lesen  25091 ms rechnen
2026-09-08T05:05:36.305Z  LGIH/2020       roh          68449 reg. Kerzen    0/253/253 von 253  Tagen gewertet (1m/5m/15m)     6850 Signale  246 ms lesen  28430 ms rechnen
2026-09-08T05:06:08.308Z  LGIH/2021       roh          57385 reg. Kerzen    0/252/252 von 252  Tagen gewertet (1m/5m/15m)     6762 Signale  179 ms lesen  31511 ms rechnen
2026-09-08T05:06:37.778Z  LGIH/2022       roh          58592 reg. Kerzen    0/249/251 von 251  Tagen gewertet (1m/5m/15m)     6793 Signale  263 ms lesen  28960 ms rechnen
2026-09-08T05:07:01.927Z  LGIH/2023       roh          44985 reg. Kerzen    0/226/249 von 250  Tagen gewertet (1m/5m/15m)     6198 Signale  401 ms lesen  23440 ms rechnen
2026-09-08T05:07:26.031Z  LGIH/2024       roh          39191 reg. Kerzen    0/175/251 von 252  Tagen gewertet (1m/5m/15m)     5260 Signale  179 ms lesen  23665 ms rechnen
2026-09-08T05:07:52.207Z  LGIH/2025       roh          54712 reg. Kerzen    0/248/250 von 250  Tagen gewertet (1m/5m/15m)     6652 Signale  220 ms lesen  25755 ms rechnen
2026-09-08T05:08:11.119Z  LGIH/2026       roh          36959 reg. Kerzen    0/162/166 von 166  Tagen gewertet (1m/5m/15m)     4470 Signale  188 ms lesen  18421 ms rechnen
2026-09-08T05:08:11.356Z  LGVC/2022       roh            584 reg. Kerzen        0/0/0 von 150  Tagen gewertet (1m/5m/15m)        0 Signale  31 ms lesen  11 ms rechnen
2026-09-08T05:08:11.415Z  LGVC/2023       roh           1573 reg. Kerzen        0/0/0 von 176  Tagen gewertet (1m/5m/15m)        0 Signale  19 ms lesen  35 ms rechnen
2026-09-08T05:08:11.457Z  LGVC/2024       roh           1193 reg. Kerzen        0/0/0 von 75   Tagen gewertet (1m/5m/15m)        0 Signale  13 ms lesen  18 ms rechnen
2026-09-08T05:08:32.654Z  LHX/2016        roh          88431 reg. Kerzen    0/232/232 von 252  Tagen gewertet (1m/5m/15m)     5516 Signale  420 ms lesen  20759 ms rechnen
2026-09-08T05:08:53.417Z  LHX/2017        roh          82351 reg. Kerzen    0/251/251 von 251  Tagen gewertet (1m/5m/15m)     5541 Signale  322 ms lesen  20042 ms rechnen
2026-09-08T05:09:15.972Z  LHX/2018        roh          85517 reg. Kerzen    0/251/251 von 251  Tagen gewertet (1m/5m/15m)     6100 Signale  296 ms lesen  21857 ms rechnen
2026-09-08T05:09:39.245Z  LHX/2019        roh          92063 reg. Kerzen    0/252/252 von 252  Tagen gewertet (1m/5m/15m)     6227 Signale  467 ms lesen  22377 ms rechnen
2026-09-08T05:10:04.559Z  LHX/2020        roh          96091 reg. Kerzen    0/253/253 von 253  Tagen gewertet (1m/5m/15m)     6495 Signale  356 ms lesen  24509 ms rechnen
2026-09-08T05:10:26.800Z  LHX/2021        roh          91670 reg. Kerzen    0/250/250 von 252  Tagen gewertet (1m/5m/15m)     5997 Signale  313 ms lesen  21499 ms rechnen
2026-09-08T05:10:51.559Z  LHX/2022        roh          90597 reg. Kerzen    0/249/249 von 251  Tagen gewertet (1m/5m/15m)     6371 Signale  244 ms lesen  24045 ms rechnen
2026-09-08T05:11:14.350Z  LHX/2023        roh          90395 reg. Kerzen    0/250/250 von 250  Tagen gewertet (1m/5m/15m)     5928 Signale  240 ms lesen  22076 ms rechnen
2026-09-08T05:11:36.545Z  LHX/2024        roh          81537 reg. Kerzen    0/252/252 von 252  Tagen gewertet (1m/5m/15m)     5917 Signale  224 ms lesen  21399 ms rechnen
2026-09-08T05:11:58.797Z  LHX/2025        roh          88975 reg. Kerzen    0/250/250 von 250  Tagen gewertet (1m/5m/15m)     6003 Signale  240 ms lesen  21619 ms rechnen
2026-09-08T05:12:15.769Z  LHX/2026        roh          63860 reg. Kerzen    0/166/166 von 166  Tagen gewertet (1m/5m/15m)     4218 Signale  315 ms lesen  16140 ms rechnen
2026-09-08T05:12:16.223Z  LIII/2021       roh           3844 reg. Kerzen        0/0/0 von 136  Tagen gewertet (1m/5m/15m)        0 Signale  24 ms lesen  58 ms rechnen
2026-09-08T05:12:16.595Z  LINX/2019       roh          22961 reg. Kerzen        0/0/0 von 131  Tagen gewertet (1m/5m/15m)        0 Signale  125 ms lesen  227 ms rechnen
2026-09-08T05:12:17.095Z  LINX/2020       roh          27903 reg. Kerzen        0/0/0 von 253  Tagen gewertet (1m/5m/15m)        0 Signale  119 ms lesen  283 ms rechnen
2026-09-08T05:12:17.344Z  LINX/2021       roh           4189 reg. Kerzen        0/0/0 von 121  Tagen gewertet (1m/5m/15m)        0 Signale  30 ms lesen  99 ms rechnen
2026-09-08T05:12:39.772Z  LIVN/2016       roh          67937 reg. Kerzen    0/231/232 von 252  Tagen gewertet (1m/5m/15m)     5927 Signale  264 ms lesen  22128 ms rechnen
2026-09-08T05:13:02.763Z  LIVN/2017       roh          65743 reg. Kerzen    0/251/251 von 251  Tagen gewertet (1m/5m/15m)     6095 Signale  305 ms lesen  22359 ms rechnen
2026-09-08T05:13:26.194Z  LIVN/2018       roh          65152 reg. Kerzen    0/249/249 von 251  Tagen gewertet (1m/5m/15m)     6362 Signale  274 ms lesen  22815 ms rechnen
2026-09-08T05:13:49.977Z  LIVN/2019       roh          69375 reg. Kerzen    0/252/252 von 252  Tagen gewertet (1m/5m/15m)     6490 Signale  223 ms lesen  23226 ms rechnen
2026-09-08T05:14:16.825Z  LIVN/2020       roh          75008 reg. Kerzen    0/253/253 von 253  Tagen gewertet (1m/5m/15m)     6737 Signale  224 ms lesen  26319 ms rechnen
2026-09-08T05:14:48.122Z  LIVN/2021       roh          56879 reg. Kerzen    0/246/252 von 252  Tagen gewertet (1m/5m/15m)     6517 Signale  226 ms lesen  30046 ms rechnen
2026-09-08T05:15:16.643Z  LIVN/2022       roh          58270 reg. Kerzen    0/250/251 von 251  Tagen gewertet (1m/5m/15m)     6697 Signale  657 ms lesen  27592 ms rechnen
2026-09-08T05:15:45.733Z  LIVN/2023       roh          63055 reg. Kerzen    0/249/250 von 250  Tagen gewertet (1m/5m/15m)     6505 Signale  659 ms lesen  28156 ms rechnen
2026-09-08T05:16:13.632Z  LIVN/2024       roh          65319 reg. Kerzen    0/251/252 von 252  Tagen gewertet (1m/5m/15m)     6513 Signale  298 ms lesen  27257 ms rechnen
2026-09-08T05:16:35.605Z  LIVN/2025       roh          66443 reg. Kerzen    0/250/250 von 250  Tagen gewertet (1m/5m/15m)     6376 Signale  491 ms lesen  21115 ms rechnen
2026-09-08T05:16:45.524Z  LIVN/2026       roh          46539 reg. Kerzen    0/166/166 von 166  Tagen gewertet (1m/5m/15m)     4398 Signale  85 ms lesen  9632 ms rechnen
2026-09-08T05:16:45.929Z  LKFN/2016       roh          26584 reg. Kerzen        0/0/0 von 252  Tagen gewertet (1m/5m/15m)        0 Signale  60 ms lesen  184 ms rechnen
2026-09-08T05:16:46.311Z  LKFN/2017       roh          28272 reg. Kerzen        0/0/0 von 251  Tagen gewertet (1m/5m/15m)        0 Signale  67 ms lesen  219 ms rechnen
2026-09-08T05:16:47.082Z  LKFN/2018       roh          30104 reg. Kerzen       0/7/12 von 251  Tagen gewertet (1m/5m/15m)      236 Signale  51 ms lesen  627 ms rechnen
2026-09-08T05:16:47.523Z  LKFN/2019       roh          27511 reg. Kerzen        0/1/2 von 252  Tagen gewertet (1m/5m/15m)       31 Signale  62 ms lesen  286 ms rechnen
2026-09-08T05:16:50.709Z  LKFN/2020       roh          36181 reg. Kerzen      0/46/49 von 253  Tagen gewertet (1m/5m/15m)     1251 Signale  84 ms lesen  3004 ms rechnen
2026-09-08T05:16:55.220Z  LKFN/2021       roh          32495 reg. Kerzen     0/64/126 von 252  Tagen gewertet (1m/5m/15m)     2102 Signale  66 ms lesen  4356 ms rechnen
2026-09-08T05:17:01.181Z  LKFN/2022       roh          31062 reg. Kerzen     0/95/138 von 251  Tagen gewertet (1m/5m/15m)     2852 Signale  65 ms lesen  5785 ms rechnen
2026-09-08T05:17:03.866Z  LKFN/2023       roh          30656 reg. Kerzen      0/37/54 von 250  Tagen gewertet (1m/5m/15m)     1123 Signale  72 ms lesen  2520 ms rechnen
2026-09-08T05:17:05.233Z  LKFN/2024       roh          23500 reg. Kerzen      0/11/43 von 252  Tagen gewertet (1m/5m/15m)      568 Signale  41 ms lesen  1217 ms rechnen
2026-09-08T05:17:09.208Z  LKFN/2025       roh          29361 reg. Kerzen     0/59/112 von 250  Tagen gewertet (1m/5m/15m)     1996 Signale  54 ms lesen  3836 ms rechnen
2026-09-08T05:17:13.802Z  LKFN/2026       roh          20306 reg. Kerzen     0/65/146 von 166  Tagen gewertet (1m/5m/15m)     2405 Signale  47 ms lesen  4469 ms rechnen
2026-09-08T05:17:15.794Z  CHECKPOINT 3000 Dateien, 642 min, Detektorfehler {}
2026-09-08T05:17:27.252Z  LLL/2016        roh          81059 reg. Kerzen    0/232/232 von 252  Tagen gewertet (1m/5m/15m)     5458 Signale  153 ms lesen  11281 ms rechnen
2026-09-08T05:17:41.130Z  LLL/2017        roh          74605 reg. Kerzen    0/251/251 von 251  Tagen gewertet (1m/5m/15m)     5715 Signale  118 ms lesen  13484 ms rechnen
2026-09-08T05:17:54.625Z  LLL/2018        roh          80212 reg. Kerzen    0/251/251 von 251  Tagen gewertet (1m/5m/15m)     6116 Signale  175 ms lesen  13069 ms rechnen
2026-09-08T05:18:01.190Z  LLL/2019        roh          37316 reg. Kerzen    0/124/124 von 124  Tagen gewertet (1m/5m/15m)     3072 Signale  76 ms lesen  6259 ms rechnen
2026-09-08T05:18:01.305Z  AUSGELASSEN LLL/2020: Datei fehlt
2026-09-08T05:18:01.527Z  LLL/2021        roh           5115 reg. Kerzen        0/0/5 von 56   Tagen gewertet (1m/5m/15m)       16 Signale  160 ms lesen  61 ms rechnen
2026-09-08T05:18:01.680Z  LLL/2022        roh          16327 reg. Kerzen        0/0/0 von 193  Tagen gewertet (1m/5m/15m)        0 Signale  33 ms lesen  99 ms rechnen
2026-09-08T05:18:02.105Z  LMAT/2016       roh          41771 reg. Kerzen        0/0/0 von 252  Tagen gewertet (1m/5m/15m)        0 Signale  68 ms lesen  292 ms rechnen
2026-09-08T05:18:05.850Z  LMAT/2017       roh          43435 reg. Kerzen      0/53/56 von 251  Tagen gewertet (1m/5m/15m)     1433 Signale  86 ms lesen  3525 ms rechnen
2026-09-08T05:18:06.650Z  LMAT/2018       roh          39861 reg. Kerzen        0/6/6 von 251  Tagen gewertet (1m/5m/15m)      164 Signale  61 ms lesen  611 ms rechnen
2026-09-08T05:18:07.097Z  LMAT/2019       roh          35381 reg. Kerzen        0/0/0 von 252  Tagen gewertet (1m/5m/15m)        0 Signale  67 ms lesen  278 ms rechnen
2026-09-08T05:18:07.566Z  LMAT/2020       roh          39215 reg. Kerzen        0/0/0 von 253  Tagen gewertet (1m/5m/15m)        0 Signale  74 ms lesen  292 ms rechnen
2026-09-08T05:18:09.724Z  LMAT/2021       roh          34554 reg. Kerzen      0/26/39 von 252  Tagen gewertet (1m/5m/15m)      791 Signale  73 ms lesen  1951 ms rechnen
2026-09-08T05:18:10.474Z  LMAT/2022       roh          27318 reg. Kerzen       0/5/10 von 251  Tagen gewertet (1m/5m/15m)      169 Signale  49 ms lesen  586 ms rechnen
2026-09-08T05:18:12.680Z  LMAT/2023       roh          28230 reg. Kerzen      0/28/61 von 250  Tagen gewertet (1m/5m/15m)      989 Signale  50 ms lesen  2061 ms rechnen
2026-09-08T05:18:17.457Z  LMAT/2024       roh          29111 reg. Kerzen     0/51/168 von 252  Tagen gewertet (1m/5m/15m)     2352 Signale  59 ms lesen  4610 ms rechnen
2026-09-08T05:18:26.357Z  LMAT/2025       roh          32742 reg. Kerzen    0/116/250 von 250  Tagen gewertet (1m/5m/15m)     4224 Signale  102 ms lesen  8693 ms rechnen
2026-09-08T05:18:33.665Z  LMAT/2026       roh          25344 reg. Kerzen    0/109/165 von 166  Tagen gewertet (1m/5m/15m)     3388 Signale  48 ms lesen  7142 ms rechnen
2026-09-08T05:18:33.793Z  LMNL/2019       bereinigt      479 reg. Kerzen        0/0/0 von 26   Tagen gewertet (1m/5m/15m)        0 Signale  32 ms lesen  3 ms rechnen
2026-09-08T05:18:34.031Z  LMNL/2020       bereinigt    23335 reg. Kerzen        0/0/0 von 251  Tagen gewertet (1m/5m/15m)        0 Signale  61 ms lesen  174 ms rechnen
2026-09-08T05:18:34.532Z  LMNL/2021       bereinigt    38037 reg. Kerzen        0/1/1 von 252  Tagen gewertet (1m/5m/15m)       26 Signale  109 ms lesen  330 ms rechnen
2026-09-08T05:18:34.728Z  LMNL/2022       bereinigt     7001 reg. Kerzen        0/0/0 von 251  Tagen gewertet (1m/5m/15m)        0 Signale  13 ms lesen  63 ms rechnen
2026-09-08T05:18:34.807Z  LMNL/2023       bereinigt     3630 reg. Kerzen        0/0/0 von 182  Tagen gewertet (1m/5m/15m)        0 Signale  19 ms lesen  38 ms rechnen
2026-09-08T05:18:47.269Z  LNCE/2016       roh          80431 reg. Kerzen    0/232/232 von 252  Tagen gewertet (1m/5m/15m)     5660 Signale  115 ms lesen  12335 ms rechnen
2026-09-08T05:19:00.704Z  LNCE/2017       roh          72877 reg. Kerzen    0/251/251 von 251  Tagen gewertet (1m/5m/15m)     5851 Signale  120 ms lesen  13060 ms rechnen
2026-09-08T05:19:03.063Z  LNCE/2018       roh          19282 reg. Kerzen      0/57/57 von 57   Tagen gewertet (1m/5m/15m)      819 Signale  46 ms lesen  2087 ms rechnen
2026-09-08T05:19:19.061Z  LNW/2016        roh          84755 reg. Kerzen    0/232/232 von 252  Tagen gewertet (1m/5m/15m)     6337 Signale  126 ms lesen  15798 ms rechnen
2026-09-08T05:19:34.406Z  LNW/2017        roh          81706 reg. Kerzen    0/251/251 von 251  Tagen gewertet (1m/5m/15m)     6686 Signale  109 ms lesen  14968 ms rechnen
2026-09-08T05:19:50.765Z  LNW/2018        roh          86873 reg. Kerzen    0/249/249 von 251  Tagen gewertet (1m/5m/15m)     6800 Signale  133 ms lesen  15979 ms rechnen
2026-09-08T05:20:05.889Z  LNW/2019        roh          90399 reg. Kerzen    0/252/252 von 252  Tagen gewertet (1m/5m/15m)     6785 Signale  113 ms lesen  14740 ms rechnen
2026-09-08T05:20:22.869Z  LNW/2020        roh          91186 reg. Kerzen    0/253/253 von 253  Tagen gewertet (1m/5m/15m)     6897 Signale  121 ms lesen  16573 ms rechnen
2026-09-08T05:20:40.354Z  LNW/2021        roh          83222 reg. Kerzen    0/252/252 von 252  Tagen gewertet (1m/5m/15m)     6877 Signale  135 ms lesen  17050 ms rechnen
2026-09-08T05:20:56.942Z  LNW/2022        roh          80295 reg. Kerzen    0/251/251 von 251  Tagen gewertet (1m/5m/15m)     6800 Signale  134 ms lesen  16223 ms rechnen
2026-09-08T05:21:11.637Z  LNW/2023        roh          69956 reg. Kerzen    0/250/250 von 250  Tagen gewertet (1m/5m/15m)     6430 Signale  109 ms lesen  14346 ms rechnen
2026-09-08T05:21:26.480Z  LNW/2024        roh          75650 reg. Kerzen    0/252/252 von 252  Tagen gewertet (1m/5m/15m)     6398 Signale  123 ms lesen  14529 ms rechnen
2026-09-08T05:21:41.942Z  LNW/2025        roh          72632 reg. Kerzen    0/217/217 von 217  Tagen gewertet (1m/5m/15m)     5675 Signale  120 ms lesen  15078 ms rechnen
2026-09-08T05:21:53.252Z  LOGI/2016       roh          68786 reg. Kerzen    0/231/231 von 252  Tagen gewertet (1m/5m/15m)     5745 Signale  104 ms lesen  10951 ms rechnen
2026-09-08T05:22:04.840Z  LOGI/2017       roh          67019 reg. Kerzen    0/251/251 von 251  Tagen gewertet (1m/5m/15m)     5936 Signale  98 ms lesen  11300 ms rechnen
2026-09-08T05:22:17.459Z  LOGI/2018       roh          61829 reg. Kerzen    0/246/247 von 251  Tagen gewertet (1m/5m/15m)     6083 Signale  122 ms lesen  12290 ms rechnen
2026-09-08T05:22:26.375Z  LOGI/2019       roh          51908 reg. Kerzen    0/183/190 von 252  Tagen gewertet (1m/5m/15m)     4628 Signale  118 ms lesen  8579 ms rechnen
2026-09-08T05:22:39.917Z  LOGI/2020       roh          76899 reg. Kerzen    0/246/246 von 253  Tagen gewertet (1m/5m/15m)     6413 Signale  132 ms lesen  13259 ms rechnen
2026-09-08T05:22:53.771Z  LOGI/2021       roh          87548 reg. Kerzen    0/252/252 von 252  Tagen gewertet (1m/5m/15m)     6632 Signale  143 ms lesen  13482 ms rechnen
2026-09-08T05:23:08.103Z  LOGI/2022       roh          87041 reg. Kerzen    0/251/251 von 251  Tagen gewertet (1m/5m/15m)     6850 Signale  134 ms lesen  14012 ms rechnen
2026-09-08T05:23:26.771Z  LOGI/2023       roh          77914 reg. Kerzen    0/250/250 von 250  Tagen gewertet (1m/5m/15m)     6129 Signale  6122 ms lesen  12284 ms rechnen
2026-09-08T05:23:39.081Z  LOGI/2024       roh          71111 reg. Kerzen    0/252/252 von 252  Tagen gewertet (1m/5m/15m)     6230 Signale  117 ms lesen  11952 ms rechnen
2026-09-08T05:23:51.173Z  LOGI/2025       roh          75415 reg. Kerzen    0/250/250 von 250  Tagen gewertet (1m/5m/15m)     6226 Signale  130 ms lesen  11762 ms rechnen
2026-09-08T05:23:59.991Z  LOGI/2026       roh          57408 reg. Kerzen    0/166/166 von 166  Tagen gewertet (1m/5m/15m)     4299 Signale  113 ms lesen  8482 ms rechnen
2026-09-08T05:24:12.643Z  LOTZ/2021       roh          88744 reg. Kerzen    0/182/182 von 239  Tagen gewertet (1m/5m/15m)     5026 Signale  150 ms lesen  12309 ms rechnen
2026-09-08T05:24:13.552Z  LOTZ/2022       roh          69435 reg. Kerzen        0/0/0 von 236  Tagen gewertet (1m/5m/15m)        0 Signale  148 ms lesen  471 ms rechnen
2026-09-08T05:24:21.880Z  LPRO/2020       roh          43811 reg. Kerzen    0/122/122 von 142  Tagen gewertet (1m/5m/15m)     3197 Signale  74 ms lesen  8034 ms rechnen
2026-09-08T05:24:37.235Z  LPRO/2021       roh          80353 reg. Kerzen    0/252/252 von 252  Tagen gewertet (1m/5m/15m)     6798 Signale  121 ms lesen  15120 ms rechnen
2026-09-08T05:24:52.504Z  LPRO/2022       roh          82646 reg. Kerzen    0/229/229 von 251  Tagen gewertet (1m/5m/15m)     6338 Signale  126 ms lesen  14902 ms rechnen
2026-09-08T05:24:56.193Z  LPRO/2023       roh          75347 reg. Kerzen      0/47/47 von 250  Tagen gewertet (1m/5m/15m)     1251 Signale  102 ms lesen  3290 ms rechnen
2026-09-08T05:24:56.837Z  LPRO/2024       roh          59187 reg. Kerzen        0/0/0 von 252  Tagen gewertet (1m/5m/15m)        0 Signale  79 ms lesen  364 ms rechnen
2026-09-08T05:24:58.325Z  LPRO/2025       roh          69696 reg. Kerzen      0/12/12 von 250  Tagen gewertet (1m/5m/15m)      325 Signale  94 ms lesen  1208 ms rechnen
2026-09-08T05:24:59.586Z  LPRO/2026       roh          37363 reg. Kerzen      0/20/20 von 143  Tagen gewertet (1m/5m/15m)      306 Signale  53 ms lesen  1037 ms rechnen
2026-09-08T05:24:59.816Z  LRAD/2016       roh           6416 reg. Kerzen        0/0/0 von 252  Tagen gewertet (1m/5m/15m)        0 Signale  61 ms lesen  51 ms rechnen
2026-09-08T05:24:59.920Z  LRAD/2017       roh           8067 reg. Kerzen        0/0/0 von 251  Tagen gewertet (1m/5m/15m)        0 Signale  25 ms lesen  60 ms rechnen
2026-09-08T05:25:00.117Z  LRAD/2018       roh          13352 reg. Kerzen        0/0/0 von 250  Tagen gewertet (1m/5m/15m)        0 Signale  52 ms lesen  124 ms rechnen
2026-09-08T05:25:00.300Z  LRAD/2019       roh          11449 reg. Kerzen        0/0/0 von 204  Tagen gewertet (1m/5m/15m)        0 Signale  44 ms lesen  91 ms rechnen
2026-09-08T05:25:12.809Z  LSCC/2016       roh          87902 reg. Kerzen    0/206/206 von 252  Tagen gewertet (1m/5m/15m)     5624 Signale  122 ms lesen  12351 ms rechnen
2026-09-08T05:25:17.535Z  LSCC/2017       roh          68225 reg. Kerzen      0/76/76 von 251  Tagen gewertet (1m/5m/15m)     1909 Signale  187 ms lesen  4287 ms rechnen
2026-09-08T05:25:25.861Z  LSCC/2018       roh          75279 reg. Kerzen    0/135/135 von 251  Tagen gewertet (1m/5m/15m)     3604 Signale  104 ms lesen  7992 ms rechnen
2026-09-08T05:25:40.521Z  LSCC/2019       roh          90685 reg. Kerzen    0/252/252 von 252  Tagen gewertet (1m/5m/15m)     6790 Signale  134 ms lesen  14302 ms rechnen
2026-09-08T05:25:56.049Z  LSCC/2020       roh          92973 reg. Kerzen    0/253/253 von 253  Tagen gewertet (1m/5m/15m)     6827 Signale  125 ms lesen  15156 ms rechnen
2026-09-08T05:26:10.357Z  LSCC/2021       roh          88360 reg. Kerzen    0/252/252 von 252  Tagen gewertet (1m/5m/15m)     6829 Signale  242 ms lesen  13778 ms rechnen
2026-09-08T05:26:25.723Z  LSCC/2022       roh          93396 reg. Kerzen    0/251/251 von 251  Tagen gewertet (1m/5m/15m)     6889 Signale  124 ms lesen  14982 ms rechnen
2026-09-08T05:26:40.222Z  LSCC/2023       roh          93658 reg. Kerzen    0/250/250 von 250  Tagen gewertet (1m/5m/15m)     6829 Signale  124 ms lesen  14153 ms rechnen
2026-09-08T05:26:55.557Z  LSCC/2024       roh          94736 reg. Kerzen    0/252/252 von 252  Tagen gewertet (1m/5m/15m)     6731 Signale  145 ms lesen  14937 ms rechnen
2026-09-08T05:27:10.647Z  LSCC/2025       roh          92965 reg. Kerzen    0/250/250 von 250  Tagen gewertet (1m/5m/15m)     6648 Signale  189 ms lesen  14616 ms rechnen
2026-09-08T05:27:20.718Z  LSCC/2026       roh          61399 reg. Kerzen    0/166/166 von 166  Tagen gewertet (1m/5m/15m)     4534 Signale  91 ms lesen  9691 ms rechnen
2026-09-08T05:27:32.656Z  LSTR/2016       roh          75492 reg. Kerzen    0/232/232 von 252  Tagen gewertet (1m/5m/15m)     5722 Signale  186 ms lesen  11593 ms rechnen
2026-09-08T05:27:45.044Z  LSTR/2017       roh          60795 reg. Kerzen    0/251/251 von 251  Tagen gewertet (1m/5m/15m)     6175 Signale  88 ms lesen  12081 ms rechnen
2026-09-08T05:27:58.254Z  LSTR/2018       roh          65085 reg. Kerzen    0/249/249 von 251  Tagen gewertet (1m/5m/15m)     6447 Signale  112 ms lesen  12948 ms rechnen
2026-09-08T05:28:10.620Z  LSTR/2019       roh          66552 reg. Kerzen    0/251/252 von 252  Tagen gewertet (1m/5m/15m)     6342 Signale  113 ms lesen  12042 ms rechnen
2026-09-08T05:28:24.725Z  LSTR/2020       roh          68172 reg. Kerzen    0/252/253 von 253  Tagen gewertet (1m/5m/15m)     6580 Signale  105 ms lesen  13839 ms rechnen
2026-09-08T05:28:37.376Z  LSTR/2021       roh          60524 reg. Kerzen    0/252/252 von 252  Tagen gewertet (1m/5m/15m)     6373 Signale  106 ms lesen  12362 ms rechnen
2026-09-08T05:28:51.356Z  LSTR/2022       roh          64202 reg. Kerzen    0/251/251 von 251  Tagen gewertet (1m/5m/15m)     6730 Signale  140 ms lesen  13680 ms rechnen
2026-09-08T05:29:03.257Z  LSTR/2023       roh          49754 reg. Kerzen    0/237/250 von 250  Tagen gewertet (1m/5m/15m)     6026 Signale  222 ms lesen  11459 ms rechnen
2026-09-08T05:29:14.223Z  LSTR/2024       roh          43466 reg. Kerzen    0/213/252 von 252  Tagen gewertet (1m/5m/15m)     5575 Signale  72 ms lesen  10786 ms rechnen
2026-09-08T05:29:27.526Z  LSTR/2025       roh          56008 reg. Kerzen    0/248/250 von 250  Tagen gewertet (1m/5m/15m)     6508 Signale  89 ms lesen  13094 ms rechnen
2026-09-08T05:29:36.562Z  LSTR/2026       roh          39355 reg. Kerzen    0/166/166 von 166  Tagen gewertet (1m/5m/15m)     4397 Signale  120 ms lesen  8769 ms rechnen
2026-09-08T05:29:38.914Z  LTHM/2018       roh          19017 reg. Kerzen      0/35/35 von 55   Tagen gewertet (1m/5m/15m)      922 Signale  51 ms lesen  2176 ms rechnen
2026-09-08T05:29:54.677Z  LTHM/2019       roh          93191 reg. Kerzen    0/251/251 von 252  Tagen gewertet (1m/5m/15m)     6804 Signale  123 ms lesen  15589 ms rechnen
2026-09-08T05:30:10.626Z  LTHM/2020       roh          95809 reg. Kerzen    0/253/253 von 253  Tagen gewertet (1m/5m/15m)     6862 Signale  156 ms lesen  15502 ms rechnen
2026-09-08T05:30:26.267Z  LTHM/2021       roh          96084 reg. Kerzen    0/250/250 von 252  Tagen gewertet (1m/5m/15m)     6883 Signale  154 ms lesen  15189 ms rechnen
2026-09-08T05:30:42.038Z  LTHM/2022       roh          96630 reg. Kerzen    0/249/249 von 251  Tagen gewertet (1m/5m/15m)     6909 Signale  164 ms lesen  15307 ms rechnen
2026-09-08T05:30:56.649Z  LTHM/2023       roh          96671 reg. Kerzen    0/250/250 von 250  Tagen gewertet (1m/5m/15m)     6696 Signale  151 ms lesen  14194 ms rechnen
2026-09-08T05:30:57.078Z  LTHM/2024       roh            780 reg. Kerzen        0/2/2 von 2    Tagen gewertet (1m/5m/15m)       55 Signale  18 ms lesen  108 ms rechnen
2026-09-08T05:30:57.220Z  LUB/2016        roh          13091 reg. Kerzen        0/0/0 von 252  Tagen gewertet (1m/5m/15m)        0 Signale  39 ms lesen  96 ms rechnen
2026-09-08T05:30:57.410Z  LUB/2017        roh          14374 reg. Kerzen        0/0/0 von 251  Tagen gewertet (1m/5m/15m)        0 Signale  30 ms lesen  121 ms rechnen
2026-09-08T05:30:57.514Z  LUB/2018        roh           6519 reg. Kerzen        0/0/0 von 251  Tagen gewertet (1m/5m/15m)        0 Signale  19 ms lesen  52 ms rechnen
2026-09-08T05:30:57.644Z  LUB/2019        roh           5577 reg. Kerzen        0/0/0 von 252  Tagen gewertet (1m/5m/15m)        0 Signale  59 ms lesen  49 ms rechnen
2026-09-08T05:30:57.838Z  LUB/2020        roh          17466 reg. Kerzen        0/0/0 von 253  Tagen gewertet (1m/5m/15m)        0 Signale  56 ms lesen  119 ms rechnen
2026-09-08T05:30:58.011Z  LUB/2021        roh          10663 reg. Kerzen        0/0/0 von 252  Tagen gewertet (1m/5m/15m)        0 Signale  27 ms lesen  93 ms rechnen
2026-09-08T05:30:58.170Z  LUB/2022        roh           5574 reg. Kerzen        0/0/0 von 102  Tagen gewertet (1m/5m/15m)        0 Signale  74 ms lesen  43 ms rechnen
2026-09-08T05:30:58.245Z  LUXA/2020       roh            408 reg. Kerzen        0/0/0 von 9    Tagen gewertet (1m/5m/15m)        0 Signale  35 ms lesen  4 ms rechnen
2026-09-08T05:30:58.602Z  LUXA/2021       roh          19910 reg. Kerzen        0/3/3 von 252  Tagen gewertet (1m/5m/15m)       82 Signale  62 ms lesen  293 ms rechnen
2026-09-08T05:30:58.693Z  LUXA/2022       roh           3429 reg. Kerzen        0/0/0 von 207  Tagen gewertet (1m/5m/15m)        0 Signale  17 ms lesen  29 ms rechnen
2026-09-08T05:30:58.740Z  LVRA/2021       roh           2722 reg. Kerzen        0/0/0 von 134  Tagen gewertet (1m/5m/15m)        0 Signale  20 ms lesen  17 ms rechnen
2026-09-08T05:30:58.765Z  LVRA/2022       roh            583 reg. Kerzen        0/0/0 von 154  Tagen gewertet (1m/5m/15m)        0 Signale  9 ms lesen  9 ms rechnen
2026-09-08T05:30:58.784Z  LVRA/2023       roh            499 reg. Kerzen        0/0/0 von 43   Tagen gewertet (1m/5m/15m)        0 Signale  11 ms lesen  5 ms rechnen
2026-09-08T05:31:10.547Z  LYB/2016        roh          97937 reg. Kerzen    0/232/232 von 252  Tagen gewertet (1m/5m/15m)     5966 Signale  240 ms lesen  11495 ms rechnen
2026-09-08T05:31:22.446Z  LYB/2017        roh          96355 reg. Kerzen    0/251/251 von 251  Tagen gewertet (1m/5m/15m)     6070 Signale  139 ms lesen  11496 ms rechnen
2026-09-08T05:31:35.493Z  LYB/2018        roh          96151 reg. Kerzen    0/251/251 von 251  Tagen gewertet (1m/5m/15m)     6321 Signale  258 ms lesen  12568 ms rechnen
2026-09-08T05:31:48.220Z  LYB/2019        roh          97027 reg. Kerzen    0/252/252 von 252  Tagen gewertet (1m/5m/15m)     6306 Signale  128 ms lesen  12325 ms rechnen
2026-09-08T05:32:02.726Z  LYB/2020        roh          97438 reg. Kerzen    0/253/253 von 253  Tagen gewertet (1m/5m/15m)     6784 Signale  140 ms lesen  14052 ms rechnen
2026-09-08T05:32:15.430Z  LYB/2021        roh          95891 reg. Kerzen    0/250/250 von 252  Tagen gewertet (1m/5m/15m)     6470 Signale  130 ms lesen  12338 ms rechnen
2026-09-08T05:32:30.079Z  LYB/2022        roh          96478 reg. Kerzen    0/249/249 von 251  Tagen gewertet (1m/5m/15m)     6506 Signale  123 ms lesen  14250 ms rechnen
2026-09-08T05:32:42.699Z  LYB/2023        roh          95675 reg. Kerzen    0/250/250 von 250  Tagen gewertet (1m/5m/15m)     6250 Signale  146 ms lesen  12169 ms rechnen
2026-09-08T05:32:54.936Z  LYB/2024        roh          95566 reg. Kerzen    0/252/252 von 252  Tagen gewertet (1m/5m/15m)     5999 Signale  152 ms lesen  11787 ms rechnen
2026-09-08T05:33:08.747Z  LYB/2025        roh          96733 reg. Kerzen    0/250/250 von 250  Tagen gewertet (1m/5m/15m)     6541 Signale  182 ms lesen  13348 ms rechnen
2026-09-08T05:33:18.131Z  LYB/2026        roh          64612 reg. Kerzen    0/166/166 von 166  Tagen gewertet (1m/5m/15m)     4439 Signale  134 ms lesen  8951 ms rechnen
2026-09-08T05:33:24.517Z  LZ/2021         roh          37193 reg. Kerzen    0/109/109 von 129  Tagen gewertet (1m/5m/15m)     2965 Signale  52 ms lesen  6181 ms rechnen
2026-09-08T05:33:40.470Z  LZ/2022         roh          86200 reg. Kerzen    0/251/251 von 251  Tagen gewertet (1m/5m/15m)     6865 Signale  188 ms lesen  15636 ms rechnen
2026-09-08T05:33:53.838Z  LZ/2023         roh          85352 reg. Kerzen    0/231/231 von 250  Tagen gewertet (1m/5m/15m)     6277 Signale  153 ms lesen  12976 ms rechnen
2026-09-08T05:34:07.255Z  LZ/2024         roh          87185 reg. Kerzen    0/232/232 von 252  Tagen gewertet (1m/5m/15m)     6223 Signale  140 ms lesen  13062 ms rechnen
2026-09-08T05:34:21.295Z  LZ/2025         roh          88026 reg. Kerzen    0/250/250 von 250  Tagen gewertet (1m/5m/15m)     6562 Signale  118 ms lesen  13661 ms rechnen
2026-09-08T05:34:31.071Z  LZ/2026         roh          61919 reg. Kerzen    0/166/166 von 166  Tagen gewertet (1m/5m/15m)     4568 Signale  106 ms lesen  9437 ms rechnen
2026-09-08T05:34:31.334Z  MACA/2021       roh           1404 reg. Kerzen        0/0/0 von 147  Tagen gewertet (1m/5m/15m)        0 Signale  40 ms lesen  14 ms rechnen
2026-09-08T05:34:31.356Z  MACA/2022       roh            471 reg. Kerzen        0/0/0 von 159  Tagen gewertet (1m/5m/15m)        0 Signale  9 ms lesen  8 ms rechnen
2026-09-08T05:34:31.382Z  MACA/2023       roh            449 reg. Kerzen        0/0/0 von 100  Tagen gewertet (1m/5m/15m)        0 Signale  18 ms lesen  6 ms rechnen
2026-09-08T05:34:31.397Z  MACA/2024       roh            297 reg. Kerzen        0/0/0 von 53   Tagen gewertet (1m/5m/15m)        0 Signale  9 ms lesen  4 ms rechnen
2026-09-08T05:34:43.164Z  MAN/2016        roh          85381 reg. Kerzen    0/232/232 von 252  Tagen gewertet (1m/5m/15m)     5821 Signale  116 ms lesen  11645 ms rechnen
2026-09-08T05:34:55.504Z  MAN/2017        roh          75084 reg. Kerzen    0/251/251 von 251  Tagen gewertet (1m/5m/15m)     6189 Signale  130 ms lesen  11972 ms rechnen
2026-09-08T05:35:08.697Z  MAN/2018        roh          80684 reg. Kerzen    0/251/251 von 251  Tagen gewertet (1m/5m/15m)     6304 Signale  102 ms lesen  12896 ms rechnen
2026-09-08T05:35:21.277Z  MAN/2019        roh          75103 reg. Kerzen    0/252/252 von 252  Tagen gewertet (1m/5m/15m)     6313 Signale  131 ms lesen  12218 ms rechnen
2026-09-08T05:35:35.080Z  MAN/2020        roh          79704 reg. Kerzen    0/252/253 von 253  Tagen gewertet (1m/5m/15m)     6584 Signale  191 ms lesen  13434 ms rechnen
2026-09-08T05:35:48.078Z  MAN/2021        roh          65946 reg. Kerzen    0/250/250 von 252  Tagen gewertet (1m/5m/15m)     6399 Signale  89 ms lesen  12709 ms rechnen
2026-09-08T05:36:01.636Z  MAN/2022        roh          67184 reg. Kerzen    0/249/249 von 251  Tagen gewertet (1m/5m/15m)     6667 Signale  107 ms lesen  13274 ms rechnen
2026-09-08T05:36:13.753Z  MAN/2023        roh          58796 reg. Kerzen    0/247/250 von 250  Tagen gewertet (1m/5m/15m)     6213 Signale  94 ms lesen  11858 ms rechnen
2026-09-08T05:36:26.219Z  MAN/2024        roh          61215 reg. Kerzen    0/249/252 von 252  Tagen gewertet (1m/5m/15m)     6272 Signale  97 ms lesen  12203 ms rechnen
2026-09-08T05:36:40.229Z  MAN/2025        roh          78796 reg. Kerzen    0/250/250 von 250  Tagen gewertet (1m/5m/15m)     6550 Signale  114 ms lesen  13720 ms rechnen
2026-09-08T05:36:50.221Z  MAN/2026        roh          55033 reg. Kerzen    0/166/166 von 166  Tagen gewertet (1m/5m/15m)     4533 Signale  105 ms lesen  9680 ms rechnen
2026-09-08T05:36:50.432Z  MARX/2023       roh            731 reg. Kerzen        0/0/0 von 138  Tagen gewertet (1m/5m/15m)        0 Signale  16 ms lesen  9 ms rechnen
2026-09-08T05:36:50.479Z  MARX/2024       roh           1058 reg. Kerzen        0/0/0 von 156  Tagen gewertet (1m/5m/15m)        0 Signale  34 ms lesen  11 ms rechnen
2026-09-08T05:36:50.519Z  MARX/2025       roh            138 reg. Kerzen        0/0/0 von 1    Tagen gewertet (1m/5m/15m)        0 Signale  33 ms lesen  3 ms rechnen
2026-09-08T05:36:51.958Z  MAX/2020        roh           9813 reg. Kerzen      0/23/25 von 45   Tagen gewertet (1m/5m/15m)      619 Signale  21 ms lesen  1408 ms rechnen
2026-09-08T05:36:58.738Z  MAX/2021        roh          47755 reg. Kerzen    0/104/131 von 252  Tagen gewertet (1m/5m/15m)     2982 Signale  64 ms lesen  6681 ms rechnen
2026-09-08T05:36:59.270Z  MAX/2022        roh          45000 reg. Kerzen        0/0/0 von 251  Tagen gewertet (1m/5m/15m)        0 Signale  89 ms lesen  311 ms rechnen
2026-09-08T05:36:59.735Z  MAX/2023        roh          42415 reg. Kerzen        0/0/0 von 250  Tagen gewertet (1m/5m/15m)        0 Signale  60 ms lesen  279 ms rechnen
2026-09-08T05:37:08.866Z  MAX/2024        roh          61619 reg. Kerzen    0/149/149 von 252  Tagen gewertet (1m/5m/15m)     4066 Signale  79 ms lesen  8959 ms rechnen
2026-09-08T05:37:11.855Z  MAX/2025        roh          56490 reg. Kerzen      0/40/40 von 250  Tagen gewertet (1m/5m/15m)     1075 Signale  97 ms lesen  2700 ms rechnen
2026-09-08T05:37:16.609Z  MAX/2026        roh          42909 reg. Kerzen      0/72/72 von 166  Tagen gewertet (1m/5m/15m)     1958 Signale  73 ms lesen  4502 ms rechnen
2026-09-08T05:37:16.816Z  MBCN/2016       bereinigt      558 reg. Kerzen        0/0/0 von 161  Tagen gewertet (1m/5m/15m)        0 Signale  33 ms lesen  8 ms rechnen
2026-09-08T05:37:16.854Z  MBCN/2017       bereinigt     2227 reg. Kerzen        0/0/0 von 221  Tagen gewertet (1m/5m/15m)        0 Signale  16 ms lesen  19 ms rechnen
2026-09-08T05:37:16.914Z  MBCN/2018       bereinigt     2457 reg. Kerzen        0/0/0 von 232  Tagen gewertet (1m/5m/15m)        0 Signale  22 ms lesen  29 ms rechnen
2026-09-08T05:37:16.967Z  MBCN/2019       bereinigt     2958 reg. Kerzen        0/0/0 von 240  Tagen gewertet (1m/5m/15m)        0 Signale  18 ms lesen  29 ms rechnen
2026-09-08T05:37:17.051Z  MBCN/2020       roh           4463 reg. Kerzen        0/0/0 von 252  Tagen gewertet (1m/5m/15m)        0 Signale  36 ms lesen  36 ms rechnen
2026-09-08T05:37:17.132Z  MBCN/2021       roh           5959 reg. Kerzen        0/0/0 von 250  Tagen gewertet (1m/5m/15m)        0 Signale  33 ms lesen  36 ms rechnen
2026-09-08T05:37:17.200Z  MBCN/2022       roh           2887 reg. Kerzen        0/0/0 von 242  Tagen gewertet (1m/5m/15m)        0 Signale  23 ms lesen  32 ms rechnen
2026-09-08T05:37:17.288Z  MBCN/2023       roh           5171 reg. Kerzen        0/0/0 von 250  Tagen gewertet (1m/5m/15m)        0 Signale  30 ms lesen  46 ms rechnen
2026-09-08T05:37:17.350Z  MBCN/2024       roh           2692 reg. Kerzen        0/0/0 von 250  Tagen gewertet (1m/5m/15m)        0 Signale  22 ms lesen  28 ms rechnen
2026-09-08T05:37:17.391Z  MBCN/2025       roh           2826 reg. Kerzen        0/0/0 von 250  Tagen gewertet (1m/5m/15m)        0 Signale  8 ms lesen  27 ms rechnen
2026-09-08T05:37:17.424Z  MBCN/2026       roh           1730 reg. Kerzen        0/0/0 von 39   Tagen gewertet (1m/5m/15m)        0 Signale  10 ms lesen  13 ms rechnen
2026-09-08T05:37:17.454Z  MBNAB/2018      bereinigt      229 reg. Kerzen        0/0/0 von 33   Tagen gewertet (1m/5m/15m)        0 Signale  10 ms lesen  3 ms rechnen
2026-09-08T05:37:17.522Z  MBVX/2016       bereinigt     6732 reg. Kerzen        0/0/0 von 95   Tagen gewertet (1m/5m/15m)        0 Signale  28 ms lesen  38 ms rechnen
2026-09-08T05:37:17.694Z  MBVX/2017       bereinigt    17412 reg. Kerzen        0/0/0 von 251  Tagen gewertet (1m/5m/15m)        0 Signale  34 ms lesen  123 ms rechnen
2026-09-08T05:37:17.846Z  MBVX/2018       bereinigt     9409 reg. Kerzen        0/0/0 von 131  Tagen gewertet (1m/5m/15m)        0 Signale  20 ms lesen  83 ms rechnen
2026-09-08T05:37:18.097Z  MCBC/2016       roh          21056 reg. Kerzen        0/0/0 von 252  Tagen gewertet (1m/5m/15m)        0 Signale  60 ms lesen  147 ms rechnen
2026-09-08T05:37:18.312Z  MCBC/2017       roh          16257 reg. Kerzen        0/0/0 von 251  Tagen gewertet (1m/5m/15m)        0 Signale  48 ms lesen  101 ms rechnen
2026-09-08T05:37:18.539Z  MCBC/2018       roh          13414 reg. Kerzen        0/0/0 von 251  Tagen gewertet (1m/5m/15m)        0 Signale  49 ms lesen  122 ms rechnen
2026-09-08T05:37:18.719Z  MCBC/2019       roh          13400 reg. Kerzen        0/0/0 von 252  Tagen gewertet (1m/5m/15m)        0 Signale  55 ms lesen  98 ms rechnen
2026-09-08T05:37:18.950Z  MCBC/2020       roh          22326 reg. Kerzen        0/0/0 von 253  Tagen gewertet (1m/5m/15m)        0 Signale  38 ms lesen  151 ms rechnen
2026-09-08T05:37:19.305Z  MCBC/2021       roh          19376 reg. Kerzen        0/0/0 von 252  Tagen gewertet (1m/5m/15m)        0 Signale  156 ms lesen  135 ms rechnen
2026-09-08T05:37:19.519Z  MCBC/2022       roh          17153 reg. Kerzen        0/0/0 von 251  Tagen gewertet (1m/5m/15m)        0 Signale  42 ms lesen  112 ms rechnen
2026-09-08T05:37:19.738Z  MCBC/2023       roh          14105 reg. Kerzen        0/0/0 von 250  Tagen gewertet (1m/5m/15m)        0 Signale  27 ms lesen  135 ms rechnen
2026-09-08T05:37:19.939Z  MCBC/2024       roh          16149 reg. Kerzen        0/0/0 von 146  Tagen gewertet (1m/5m/15m)        0 Signale  36 ms lesen  112 ms rechnen
2026-09-08T05:37:20.013Z  MCLD/2021       roh           1278 reg. Kerzen        0/0/0 von 26   Tagen gewertet (1m/5m/15m)        0 Signale  22 ms lesen  12 ms rechnen
2026-09-08T05:37:20.068Z  MCLD/2022       roh           6704 reg. Kerzen        0/0/0 von 248  Tagen gewertet (1m/5m/15m)        0 Signale  9 ms lesen  42 ms rechnen
2026-09-08T05:37:20.169Z  MCLD/2023       roh           9933 reg. Kerzen        0/0/0 von 186  Tagen gewertet (1m/5m/15m)        0 Signale  25 ms lesen  58 ms rechnen
2026-09-08T05:37:20.358Z  MCUR/2016       roh          17903 reg. Kerzen        0/0/0 von 252  Tagen gewertet (1m/5m/15m)        0 Signale  32 ms lesen  130 ms rechnen
2026-09-08T05:37:20.449Z  MCUR/2017       roh            323 reg. Kerzen        0/0/0 von 13   Tagen gewertet (1m/5m/15m)        0 Signale  22 ms lesen  5 ms rechnen
2026-09-08T05:37:20.719Z  MDGL/2016       roh          37927 reg. Kerzen        0/0/0 von 252  Tagen gewertet (1m/5m/15m)        0 Signale  58 ms lesen  203 ms rechnen
2026-09-08T05:37:21.596Z  MDGL/2017       roh          15977 reg. Kerzen       0/9/12 von 251  Tagen gewertet (1m/5m/15m)      273 Signale  51 ms lesen  727 ms rechnen
2026-09-08T05:37:36.409Z  MDGL/2018       roh          53749 reg. Kerzen    0/237/249 von 251  Tagen gewertet (1m/5m/15m)     6586 Signale  110 ms lesen  14656 ms rechnen
2026-09-08T05:37:50.328Z  MDGL/2019       roh          47356 reg. Kerzen    0/221/252 von 252  Tagen gewertet (1m/5m/15m)     6298 Signale  80 ms lesen  13664 ms rechnen
2026-09-08T05:38:04.422Z  MDGL/2020       roh          45932 reg. Kerzen    0/217/253 von 253  Tagen gewertet (1m/5m/15m)     6165 Signale  88 ms lesen  13842 ms rechnen
2026-09-08T05:38:15.805Z  MDGL/2021       roh          36912 reg. Kerzen    0/165/249 von 252  Tagen gewertet (1m/5m/15m)     5163 Signale  65 ms lesen  11183 ms rechnen
2026-09-08T05:38:29.813Z  MDGL/2022       roh          48525 reg. Kerzen    0/231/251 von 251  Tagen gewertet (1m/5m/15m)     6356 Signale  81 ms lesen  13833 ms rechnen
2026-09-08T05:38:45.189Z  MDGL/2023       roh          62039 reg. Kerzen    0/247/250 von 250  Tagen gewertet (1m/5m/15m)     6753 Signale  107 ms lesen  15139 ms rechnen
2026-09-08T05:39:02.090Z  MDGL/2024       roh          56896 reg. Kerzen    0/237/252 von 252  Tagen gewertet (1m/5m/15m)     6474 Signale  87 ms lesen  16597 ms rechnen
2026-09-08T05:39:16.919Z  MDGL/2025       roh          50320 reg. Kerzen    0/228/250 von 250  Tagen gewertet (1m/5m/15m)     6252 Signale  111 ms lesen  14535 ms rechnen
2026-09-08T05:39:27.236Z  MDGL/2026       roh          45563 reg. Kerzen    0/166/166 von 166  Tagen gewertet (1m/5m/15m)     4470 Signale  99 ms lesen  10072 ms rechnen
2026-09-08T05:39:27.498Z  MDM/2016        roh          11879 reg. Kerzen        0/0/0 von 251  Tagen gewertet (1m/5m/15m)        0 Signale  38 ms lesen  90 ms rechnen
2026-09-08T05:39:39.311Z  MDU/2016        roh          90626 reg. Kerzen    0/232/232 von 252  Tagen gewertet (1m/5m/15m)     5793 Signale  134 ms lesen  11622 ms rechnen
2026-09-08T05:39:51.204Z  MDU/2017        roh          84502 reg. Kerzen    0/251/251 von 251  Tagen gewertet (1m/5m/15m)     5865 Signale  117 ms lesen  11502 ms rechnen
2026-09-08T05:40:03.257Z  MDU/2018        roh          86129 reg. Kerzen    0/251/251 von 251  Tagen gewertet (1m/5m/15m)     5974 Signale  136 ms lesen  11707 ms rechnen
2026-09-08T05:40:14.931Z  MDU/2019        roh          88441 reg. Kerzen    0/252/252 von 252  Tagen gewertet (1m/5m/15m)     5732 Signale  145 ms lesen  11329 ms rechnen
2026-09-08T05:40:28.565Z  MDU/2020        roh          94050 reg. Kerzen    0/253/253 von 253  Tagen gewertet (1m/5m/15m)     6550 Signale  163 ms lesen  13247 ms rechnen
2026-09-08T05:40:41.101Z  MDU/2021        roh          87485 reg. Kerzen    0/250/250 von 252  Tagen gewertet (1m/5m/15m)     6130 Signale  136 ms lesen  12164 ms rechnen
2026-09-08T05:40:54.188Z  MDU/2022        roh          91253 reg. Kerzen    0/249/249 von 251  Tagen gewertet (1m/5m/15m)     6386 Signale  149 ms lesen  12707 ms rechnen
2026-09-08T05:41:05.304Z  MDU/2023        roh          89462 reg. Kerzen    0/229/229 von 250  Tagen gewertet (1m/5m/15m)     5632 Signale  122 ms lesen  10767 ms rechnen
2026-09-08T05:41:16.833Z  MDU/2024        roh          88458 reg. Kerzen    0/231/231 von 252  Tagen gewertet (1m/5m/15m)     5556 Signale  118 ms lesen  11154 ms rechnen
2026-09-08T05:41:29.943Z  MDU/2025        roh          88665 reg. Kerzen    0/250/250 von 250  Tagen gewertet (1m/5m/15m)     6129 Signale  125 ms lesen  12724 ms rechnen
2026-09-08T05:41:38.589Z  MDU/2026        roh          58474 reg. Kerzen    0/166/166 von 166  Tagen gewertet (1m/5m/15m)     4146 Signale  95 ms lesen  8334 ms rechnen
2026-09-08T05:41:47.329Z  MEET/2016       roh          83666 reg. Kerzen    0/138/138 von 252  Tagen gewertet (1m/5m/15m)     3863 Signale  135 ms lesen  8447 ms rechnen
2026-09-08T05:41:54.878Z  MEET/2017       roh          83784 reg. Kerzen    0/123/123 von 251  Tagen gewertet (1m/5m/15m)     3384 Signale  184 ms lesen  7167 ms rechnen
2026-09-08T05:41:55.732Z  MEET/2018       roh          76213 reg. Kerzen        0/1/1 von 251  Tagen gewertet (1m/5m/15m)       28 Signale  129 ms lesen  505 ms rechnen
2026-09-08T05:42:00.210Z  MEET/2019       roh          82358 reg. Kerzen      0/67/67 von 252  Tagen gewertet (1m/5m/15m)     1843 Signale  112 ms lesen  4147 ms rechnen
2026-09-08T05:42:06.416Z  MEET/2020       roh          55136 reg. Kerzen    0/116/116 von 171  Tagen gewertet (1m/5m/15m)     2630 Signale  80 ms lesen  5899 ms rechnen
2026-09-08T05:42:08.675Z  CHECKPOINT 3200 Dateien, 667 min, Detektorfehler {}
2026-09-08T05:42:08.702Z  MEOA/2021       roh            542 reg. Kerzen        0/0/0 von 36   Tagen gewertet (1m/5m/15m)        0 Signale  20 ms lesen  5 ms rechnen
2026-09-08T05:42:08.742Z  MEOA/2022       roh            349 reg. Kerzen        0/0/0 von 111  Tagen gewertet (1m/5m/15m)        0 Signale  30 ms lesen  7 ms rechnen
2026-09-08T05:42:08.759Z  MEOA/2023       roh            234 reg. Kerzen        0/0/0 von 35   Tagen gewertet (1m/5m/15m)        0 Signale  11 ms lesen  3 ms rechnen
2026-09-08T05:42:08.943Z  METX/2020       bereinigt    10523 reg. Kerzen        0/0/0 von 192  Tagen gewertet (1m/5m/15m)        0 Signale  66 ms lesen  98 ms rechnen
2026-09-08T05:42:15.408Z  METX/2021       bereinigt    83662 reg. Kerzen      0/81/81 von 252  Tagen gewertet (1m/5m/15m)     2232 Signale  221 ms lesen  6199 ms rechnen
2026-09-08T05:42:16.300Z  METX/2022       bereinigt    52217 reg. Kerzen        0/0/0 von 251  Tagen gewertet (1m/5m/15m)        0 Signale  285 ms lesen  348 ms rechnen
2026-09-08T05:42:16.630Z  METX/2023       bereinigt    17724 reg. Kerzen        0/0/0 von 186  Tagen gewertet (1m/5m/15m)        0 Signale  33 ms lesen  150 ms rechnen
2026-09-08T05:42:16.754Z  MFNC/2016       roh           2263 reg. Kerzen        0/0/0 von 240  Tagen gewertet (1m/5m/15m)        0 Signale  45 ms lesen  25 ms rechnen
2026-09-08T05:42:16.800Z  MFNC/2017       roh           1975 reg. Kerzen        0/0/0 von 232  Tagen gewertet (1m/5m/15m)        0 Signale  14 ms lesen  22 ms rechnen
2026-09-08T05:42:16.889Z  MFNC/2018       roh           3918 reg. Kerzen        0/0/0 von 245  Tagen gewertet (1m/5m/15m)        0 Signale  39 ms lesen  41 ms rechnen
2026-09-08T05:42:17.013Z  MFNC/2019       roh           6811 reg. Kerzen        0/0/0 von 252  Tagen gewertet (1m/5m/15m)        0 Signale  53 ms lesen  61 ms rechnen
2026-09-08T05:42:17.120Z  MFNC/2020       roh           5616 reg. Kerzen        0/0/0 von 252  Tagen gewertet (1m/5m/15m)        0 Signale  27 ms lesen  55 ms rechnen
2026-09-08T05:42:17.248Z  MFNC/2021       roh           9726 reg. Kerzen        0/0/0 von 170  Tagen gewertet (1m/5m/15m)        0 Signale  31 ms lesen  77 ms rechnen
2026-09-08T05:42:17.972Z  MGEE/2016       roh          34148 reg. Kerzen        0/6/7 von 252  Tagen gewertet (1m/5m/15m)      157 Signale  52 ms lesen  611 ms rechnen
2026-09-08T05:42:18.346Z  MGEE/2017       roh          27643 reg. Kerzen        0/0/0 von 251  Tagen gewertet (1m/5m/15m)        0 Signale  55 ms lesen  224 ms rechnen
2026-09-08T05:42:18.632Z  MGEE/2018       roh          24946 reg. Kerzen        0/0/0 von 251  Tagen gewertet (1m/5m/15m)        0 Signale  43 ms lesen  160 ms rechnen
2026-09-08T05:42:22.027Z  MGEE/2019       roh          32432 reg. Kerzen      0/49/91 von 252  Tagen gewertet (1m/5m/15m)     1546 Signale  110 ms lesen  3209 ms rechnen
2026-09-08T05:42:25.539Z  MGEE/2020       roh          33010 reg. Kerzen      0/47/74 von 253  Tagen gewertet (1m/5m/15m)     1497 Signale  127 ms lesen  3284 ms rechnen
2026-09-08T05:42:25.931Z  MGEE/2021       roh          22903 reg. Kerzen        0/1/1 von 252  Tagen gewertet (1m/5m/15m)       23 Signale  44 ms lesen  241 ms rechnen
2026-09-08T05:42:27.793Z  MGEE/2022       roh          26228 reg. Kerzen      0/26/41 von 251  Tagen gewertet (1m/5m/15m)      781 Signale  38 ms lesen  1764 ms rechnen
2026-09-08T05:42:29.429Z  MGEE/2023       roh          24305 reg. Kerzen      0/20/47 von 250  Tagen gewertet (1m/5m/15m)      750 Signale  43 ms lesen  1527 ms rechnen
2026-09-08T05:42:36.499Z  MGEE/2024       roh          32567 reg. Kerzen    0/105/193 von 252  Tagen gewertet (1m/5m/15m)     3360 Signale  59 ms lesen  6933 ms rechnen
2026-09-08T05:42:40.224Z  MGEE/2025       roh          23684 reg. Kerzen     0/31/164 von 250  Tagen gewertet (1m/5m/15m)     2004 Signale  54 ms lesen  3589 ms rechnen
2026-09-08T05:42:45.480Z  MGEE/2026       roh          22279 reg. Kerzen     0/84/152 von 166  Tagen gewertet (1m/5m/15m)     2691 Signale  58 ms lesen  5128 ms rechnen
2026-09-08T05:42:45.883Z  MGOL/2023       bereinigt    33490 reg. Kerzen        0/0/0 von 242  Tagen gewertet (1m/5m/15m)        0 Signale  109 ms lesen  206 ms rechnen
2026-09-08T05:42:46.240Z  MGOL/2024       bereinigt    26971 reg. Kerzen        0/0/0 von 252  Tagen gewertet (1m/5m/15m)        0 Signale  60 ms lesen  207 ms rechnen
2026-09-08T05:42:46.537Z  MGOL/2025       roh          10696 reg. Kerzen        0/2/2 von 32   Tagen gewertet (1m/5m/15m)       55 Signale  47 ms lesen  180 ms rechnen
2026-09-08T05:42:49.619Z  MHFI/2016       roh          30257 reg. Kerzen      0/60/60 von 80   Tagen gewertet (1m/5m/15m)     1497 Signale  43 ms lesen  3009 ms rechnen
2026-09-08T05:42:49.784Z  MICS/2022       roh           7879 reg. Kerzen        0/0/0 von 151  Tagen gewertet (1m/5m/15m)        0 Signale  38 ms lesen  40 ms rechnen
2026-09-08T05:42:49.913Z  MICS/2023       roh          10485 reg. Kerzen        0/0/0 von 249  Tagen gewertet (1m/5m/15m)        0 Signale  23 ms lesen  82 ms rechnen
2026-09-08T05:42:50.023Z  MICS/2024       roh           7152 reg. Kerzen        0/0/0 von 171  Tagen gewertet (1m/5m/15m)        0 Signale  18 ms lesen  55 ms rechnen
2026-09-08T05:42:50.088Z  MIL/2016        roh           2750 reg. Kerzen        0/0/0 von 29   Tagen gewertet (1m/5m/15m)        0 Signale  13 ms lesen  23 ms rechnen
2026-09-08T05:42:50.175Z  MIRN/2016       bereinigt     6736 reg. Kerzen        0/0/0 von 240  Tagen gewertet (1m/5m/15m)        0 Signale  28 ms lesen  49 ms rechnen
2026-09-08T05:42:50.253Z  MIRN/2017       bereinigt     4341 reg. Kerzen        0/0/0 von 163  Tagen gewertet (1m/5m/15m)        0 Signale  21 ms lesen  32 ms rechnen
2026-09-08T05:42:50.345Z  MJCO/2016       roh           4416 reg. Kerzen        0/0/0 von 249  Tagen gewertet (1m/5m/15m)        0 Signale  40 ms lesen  41 ms rechnen
2026-09-08T05:42:50.407Z  MJCO/2017       roh           3298 reg. Kerzen        0/0/0 von 246  Tagen gewertet (1m/5m/15m)        0 Signale  22 ms lesen  27 ms rechnen
2026-09-08T05:42:50.482Z  MJCO/2018       roh           4086 reg. Kerzen        0/0/0 von 248  Tagen gewertet (1m/5m/15m)        0 Signale  24 ms lesen  38 ms rechnen
2026-09-08T05:42:50.571Z  MJCO/2019       roh           6088 reg. Kerzen        0/0/0 von 252  Tagen gewertet (1m/5m/15m)        0 Signale  19 ms lesen  52 ms rechnen
2026-09-08T05:42:50.659Z  MJCO/2020       roh           6361 reg. Kerzen        0/0/0 von 182  Tagen gewertet (1m/5m/15m)        0 Signale  32 ms lesen  42 ms rechnen
2026-09-08T05:43:02.544Z  MKSI/2016       roh          64578 reg. Kerzen    0/231/232 von 252  Tagen gewertet (1m/5m/15m)     5856 Signale  96 ms lesen  11746 ms rechnen
2026-09-08T05:43:16.139Z  MKSI/2017       roh          73842 reg. Kerzen    0/251/251 von 251  Tagen gewertet (1m/5m/15m)     6494 Signale  128 ms lesen  13291 ms rechnen
2026-09-08T05:43:30.487Z  MKSI/2018       roh          80465 reg. Kerzen    0/249/249 von 251  Tagen gewertet (1m/5m/15m)     6585 Signale  134 ms lesen  14020 ms rechnen
2026-09-08T05:43:43.963Z  MKSI/2019       roh          75348 reg. Kerzen    0/252/252 von 252  Tagen gewertet (1m/5m/15m)     6657 Signale  120 ms lesen  13119 ms rechnen
2026-09-08T05:43:58.665Z  MKSI/2020       roh          69345 reg. Kerzen    0/252/253 von 253  Tagen gewertet (1m/5m/15m)     6806 Signale  118 ms lesen  14366 ms rechnen
2026-09-08T05:44:13.115Z  MKSI/2021       roh          67596 reg. Kerzen    0/252/252 von 252  Tagen gewertet (1m/5m/15m)     6699 Signale  104 ms lesen  14120 ms rechnen
2026-09-08T05:44:28.473Z  MKSI/2022       roh          75786 reg. Kerzen    0/251/251 von 251  Tagen gewertet (1m/5m/15m)     6911 Signale  133 ms lesen  15043 ms rechnen
2026-09-08T05:44:42.450Z  MKSI/2023       roh          73075 reg. Kerzen    0/250/250 von 250  Tagen gewertet (1m/5m/15m)     6708 Signale  102 ms lesen  13617 ms rechnen
2026-09-08T05:44:56.922Z  MKSI/2024       roh          72901 reg. Kerzen    0/252/252 von 252  Tagen gewertet (1m/5m/15m)     6823 Signale  116 ms lesen  14161 ms rechnen
2026-09-08T05:45:12.067Z  MKSI/2025       roh          80426 reg. Kerzen    0/250/250 von 250  Tagen gewertet (1m/5m/15m)     6669 Signale  129 ms lesen  14808 ms rechnen
2026-09-08T05:45:22.446Z  MKSI/2026       roh          57142 reg. Kerzen    0/166/166 von 166  Tagen gewertet (1m/5m/15m)     4489 Signale  107 ms lesen  10018 ms rechnen
2026-09-08T05:45:25.909Z  MLI/2016        bereinigt    53630 reg. Kerzen      0/56/56 von 252  Tagen gewertet (1m/5m/15m)     1403 Signale  107 ms lesen  3177 ms rechnen
2026-09-08T05:45:28.924Z  MLI/2017        bereinigt    47835 reg. Kerzen      0/52/52 von 251  Tagen gewertet (1m/5m/15m)     1359 Signale  61 ms lesen  2804 ms rechnen
2026-09-08T05:45:33.490Z  MLI/2018        bereinigt    54210 reg. Kerzen      0/80/80 von 251  Tagen gewertet (1m/5m/15m)     2044 Signale  79 ms lesen  4367 ms rechnen
2026-09-08T05:45:36.581Z  MLI/2019        bereinigt    49721 reg. Kerzen      0/51/53 von 252  Tagen gewertet (1m/5m/15m)     1313 Signale  62 ms lesen  2875 ms rechnen
2026-09-08T05:45:40.343Z  MLI/2020        bereinigt    52468 reg. Kerzen      0/58/59 von 253  Tagen gewertet (1m/5m/15m)     1536 Signale  78 ms lesen  3559 ms rechnen
2026-09-08T05:45:51.759Z  MLI/2021        bereinigt    49789 reg. Kerzen    0/217/224 von 252  Tagen gewertet (1m/5m/15m)     5692 Signale  65 ms lesen  11216 ms rechnen
2026-09-08T05:46:05.564Z  MLI/2022        bereinigt    55235 reg. Kerzen    0/248/249 von 251  Tagen gewertet (1m/5m/15m)     6729 Signale  81 ms lesen  13581 ms rechnen
2026-09-08T05:46:18.695Z  MLI/2023        bereinigt    66333 reg. Kerzen    0/250/250 von 250  Tagen gewertet (1m/5m/15m)     6529 Signale  102 ms lesen  12868 ms rechnen
2026-09-08T05:46:32.431Z  MLI/2024        bereinigt    76278 reg. Kerzen    0/252/252 von 252  Tagen gewertet (1m/5m/15m)     6569 Signale  114 ms lesen  13431 ms rechnen
2026-09-08T05:46:45.850Z  MLI/2025        bereinigt    76631 reg. Kerzen    0/250/250 von 250  Tagen gewertet (1m/5m/15m)     6412 Signale  124 ms lesen  13074 ms rechnen
2026-09-08T05:46:54.830Z  MLI/2026        bereinigt    49064 reg. Kerzen    0/166/166 von 166  Tagen gewertet (1m/5m/15m)     4326 Signale  64 ms lesen  8724 ms rechnen
2026-09-08T05:46:55.013Z  MLVF/2016       roh           2412 reg. Kerzen        0/0/0 von 234  Tagen gewertet (1m/5m/15m)        0 Signale  29 ms lesen  25 ms rechnen
2026-09-08T05:46:55.080Z  MLVF/2017       roh           4392 reg. Kerzen        0/0/0 von 248  Tagen gewertet (1m/5m/15m)        0 Signale  23 ms lesen  34 ms rechnen
2026-09-08T05:46:55.173Z  MLVF/2018       roh           4703 reg. Kerzen        0/0/0 von 247  Tagen gewertet (1m/5m/15m)        0 Signale  35 ms lesen  46 ms rechnen
2026-09-08T05:46:55.246Z  MLVF/2019       roh           2803 reg. Kerzen        0/0/0 von 244  Tagen gewertet (1m/5m/15m)        0 Signale  22 ms lesen  33 ms rechnen
2026-09-08T05:46:55.334Z  MLVF/2020       roh           5940 reg. Kerzen        0/0/0 von 251  Tagen gewertet (1m/5m/15m)        0 Signale  34 ms lesen  45 ms rechnen
2026-09-08T05:46:55.381Z  MLVF/2021       roh           1796 reg. Kerzen        0/0/0 von 237  Tagen gewertet (1m/5m/15m)        0 Signale  14 ms lesen  19 ms rechnen
2026-09-08T05:46:55.442Z  MLVF/2022       roh           3412 reg. Kerzen        0/0/0 von 247  Tagen gewertet (1m/5m/15m)        0 Signale  31 ms lesen  22 ms rechnen
2026-09-08T05:46:55.492Z  MLVF/2023       roh           2059 reg. Kerzen        0/0/0 von 127  Tagen gewertet (1m/5m/15m)        0 Signale  24 ms lesen  19 ms rechnen
2026-09-08T05:47:07.349Z  MMS/2016        roh          72766 reg. Kerzen    0/232/232 von 252  Tagen gewertet (1m/5m/15m)     5860 Signale  123 ms lesen  11703 ms rechnen
2026-09-08T05:47:19.332Z  MMS/2017        roh          66311 reg. Kerzen    0/251/251 von 251  Tagen gewertet (1m/5m/15m)     5950 Signale  103 ms lesen  11697 ms rechnen
2026-09-08T05:47:31.860Z  MMS/2018        roh          69505 reg. Kerzen    0/251/251 von 251  Tagen gewertet (1m/5m/15m)     6087 Signale  108 ms lesen  12239 ms rechnen
2026-09-08T05:47:44.429Z  MMS/2019        roh          65688 reg. Kerzen    0/251/252 von 252  Tagen gewertet (1m/5m/15m)     6048 Signale  107 ms lesen  12253 ms rechnen
2026-09-08T05:47:58.454Z  MMS/2020        roh          72432 reg. Kerzen    0/253/253 von 253  Tagen gewertet (1m/5m/15m)     6479 Signale  118 ms lesen  13732 ms rechnen
2026-09-08T05:48:11.264Z  MMS/2021        roh          59828 reg. Kerzen    0/247/250 von 252  Tagen gewertet (1m/5m/15m)     6153 Signale  190 ms lesen  12406 ms rechnen
2026-09-08T05:48:24.424Z  MMS/2022        roh          64023 reg. Kerzen    0/249/249 von 251  Tagen gewertet (1m/5m/15m)     6480 Signale  87 ms lesen  12915 ms rechnen
2026-09-08T05:48:36.625Z  MMS/2023        roh          52486 reg. Kerzen    0/243/250 von 250  Tagen gewertet (1m/5m/15m)     6062 Signale  89 ms lesen  11950 ms rechnen
2026-09-08T05:48:48.415Z  MMS/2024        roh          51937 reg. Kerzen    0/236/252 von 252  Tagen gewertet (1m/5m/15m)     5815 Signale  74 ms lesen  11569 ms rechnen
2026-09-08T05:49:01.831Z  MMS/2025        roh          63601 reg. Kerzen    0/250/250 von 250  Tagen gewertet (1m/5m/15m)     6434 Signale  91 ms lesen  13178 ms rechnen
2026-09-08T05:49:10.949Z  MMS/2026        roh          44114 reg. Kerzen    0/166/166 von 166  Tagen gewertet (1m/5m/15m)     4337 Signale  97 ms lesen  8844 ms rechnen
2026-09-08T05:49:16.751Z  MNDY/2021       roh          30883 reg. Kerzen     0/91/119 von 143  Tagen gewertet (1m/5m/15m)     2727 Signale  65 ms lesen  5604 ms rechnen
2026-09-08T05:49:32.427Z  MNDY/2022       roh          77523 reg. Kerzen    0/251/251 von 251  Tagen gewertet (1m/5m/15m)     6965 Signale  130 ms lesen  15455 ms rechnen
2026-09-08T05:49:47.311Z  MNDY/2023       roh          81717 reg. Kerzen    0/250/250 von 250  Tagen gewertet (1m/5m/15m)     6716 Signale  126 ms lesen  14573 ms rechnen
2026-09-08T05:50:01.386Z  MNDY/2024       roh          76058 reg. Kerzen    0/251/252 von 252  Tagen gewertet (1m/5m/15m)     6687 Signale  135 ms lesen  13730 ms rechnen
2026-09-08T05:50:16.382Z  MNDY/2025       roh          77875 reg. Kerzen    0/250/250 von 250  Tagen gewertet (1m/5m/15m)     6742 Signale  204 ms lesen  14567 ms rechnen
2026-09-08T05:50:26.603Z  MNDY/2026       roh          60665 reg. Kerzen    0/166/166 von 166  Tagen gewertet (1m/5m/15m)     4558 Signale  117 ms lesen  9886 ms rechnen
2026-09-08T05:50:38.452Z  MNRO/2016       roh          58692 reg. Kerzen    0/226/232 von 252  Tagen gewertet (1m/5m/15m)     5918 Signale  98 ms lesen  11575 ms rechnen
2026-09-08T05:50:51.377Z  MNRO/2017       roh          62582 reg. Kerzen    0/250/251 von 251  Tagen gewertet (1m/5m/15m)     6463 Signale  117 ms lesen  12651 ms rechnen
2026-09-08T05:51:05.105Z  MNRO/2018       roh          60962 reg. Kerzen    0/249/249 von 251  Tagen gewertet (1m/5m/15m)     6503 Signale  105 ms lesen  13488 ms rechnen
2026-09-08T05:51:18.841Z  MNRO/2019       roh          64698 reg. Kerzen    0/251/252 von 252  Tagen gewertet (1m/5m/15m)     6561 Signale  86 ms lesen  13486 ms rechnen
2026-09-08T05:51:33.906Z  MNRO/2020       roh          70506 reg. Kerzen    0/253/253 von 253  Tagen gewertet (1m/5m/15m)     6742 Signale  122 ms lesen  14764 ms rechnen
2026-09-08T05:51:46.410Z  MNRO/2021       roh          46686 reg. Kerzen    0/216/247 von 252  Tagen gewertet (1m/5m/15m)     5991 Signale  118 ms lesen  12186 ms rechnen
2026-09-08T05:52:00.783Z  MNRO/2022       roh          60362 reg. Kerzen    0/251/251 von 251  Tagen gewertet (1m/5m/15m)     6749 Signale  108 ms lesen  14102 ms rechnen
2026-09-08T05:52:14.352Z  MNRO/2023       roh          60656 reg. Kerzen    0/249/250 von 250  Tagen gewertet (1m/5m/15m)     6608 Signale  86 ms lesen  13308 ms rechnen
2026-09-08T05:52:28.844Z  MNRO/2024       roh          62880 reg. Kerzen    0/252/252 von 252  Tagen gewertet (1m/5m/15m)     6796 Signale  78 ms lesen  14257 ms rechnen
2026-09-08T05:52:43.717Z  MNRO/2025       roh          72268 reg. Kerzen    0/250/250 von 250  Tagen gewertet (1m/5m/15m)     6817 Signale  94 ms lesen  14598 ms rechnen
2026-09-08T05:52:53.963Z  MNRO/2026       roh          47951 reg. Kerzen    0/166/166 von 166  Tagen gewertet (1m/5m/15m)     4497 Signale  96 ms lesen  9968 ms rechnen
2026-09-08T05:52:54.126Z  MOBQ/2021       bereinigt     1832 reg. Kerzen        0/0/0 von 16   Tagen gewertet (1m/5m/15m)        0 Signale  15 ms lesen  12 ms rechnen
2026-09-08T05:52:54.287Z  MOBQ/2022       bereinigt    13466 reg. Kerzen        0/0/0 von 251  Tagen gewertet (1m/5m/15m)        0 Signale  42 ms lesen  112 ms rechnen
2026-09-08T05:52:54.558Z  MOBQ/2023       bereinigt    28732 reg. Kerzen        0/0/0 von 234  Tagen gewertet (1m/5m/15m)        0 Signale  64 ms lesen  170 ms rechnen
2026-09-08T05:52:54.632Z  AUSGELASSEN MOBQ/2024: Datei fehlt
2026-09-08T05:52:54.732Z  AUSGELASSEN MOBQ/2025: Datei fehlt
2026-09-08T05:52:54.839Z  MOFG/2016       roh           6998 reg. Kerzen        0/0/0 von 252  Tagen gewertet (1m/5m/15m)        0 Signale  27 ms lesen  57 ms rechnen
2026-09-08T05:52:54.990Z  MOFG/2017       roh          13233 reg. Kerzen        0/0/0 von 251  Tagen gewertet (1m/5m/15m)        0 Signale  29 ms lesen  104 ms rechnen
2026-09-08T05:52:55.129Z  MOFG/2018       roh           9954 reg. Kerzen        0/0/0 von 250  Tagen gewertet (1m/5m/15m)        0 Signale  31 ms lesen  59 ms rechnen
2026-09-08T05:52:55.275Z  MOFG/2019       roh          10711 reg. Kerzen        0/0/0 von 252  Tagen gewertet (1m/5m/15m)        0 Signale  34 ms lesen  85 ms rechnen
2026-09-08T05:52:55.477Z  MOFG/2020       roh          15588 reg. Kerzen        0/0/0 von 253  Tagen gewertet (1m/5m/15m)        0 Signale  40 ms lesen  121 ms rechnen
2026-09-08T05:52:55.643Z  MOFG/2021       roh          11912 reg. Kerzen        0/0/0 von 252  Tagen gewertet (1m/5m/15m)        0 Signale  24 ms lesen  109 ms rechnen
2026-09-08T05:52:55.804Z  MOFG/2022       roh           8805 reg. Kerzen        0/0/0 von 251  Tagen gewertet (1m/5m/15m)        0 Signale  44 ms lesen  73 ms rechnen
2026-09-08T05:52:55.925Z  MOFG/2023       roh           9129 reg. Kerzen        0/0/0 von 250  Tagen gewertet (1m/5m/15m)        0 Signale  25 ms lesen  68 ms rechnen
2026-09-08T05:52:56.093Z  MOFG/2024       roh          14454 reg. Kerzen        0/0/0 von 252  Tagen gewertet (1m/5m/15m)        0 Signale  46 ms lesen  103 ms rechnen
2026-09-08T05:52:57.858Z  MOFG/2025       roh          28458 reg. Kerzen      0/29/38 von 250  Tagen gewertet (1m/5m/15m)      830 Signale  54 ms lesen  1671 ms rechnen
2026-09-08T05:52:59.026Z  MOFG/2026       roh           4344 reg. Kerzen      0/20/30 von 30   Tagen gewertet (1m/5m/15m)      623 Signale  24 ms lesen  1069 ms rechnen
2026-09-08T05:52:59.172Z  MOR/2018        roh          11482 reg. Kerzen        0/0/0 von 176  Tagen gewertet (1m/5m/15m)        0 Signale  57 ms lesen  79 ms rechnen
2026-09-08T05:52:59.394Z  MOR/2019        roh          16555 reg. Kerzen        0/0/0 von 252  Tagen gewertet (1m/5m/15m)        0 Signale  45 ms lesen  135 ms rechnen
2026-09-08T05:52:59.688Z  MOR/2020        roh          26357 reg. Kerzen        0/0/0 von 253  Tagen gewertet (1m/5m/15m)        0 Signale  72 ms lesen  161 ms rechnen
2026-09-08T05:52:59.944Z  MOR/2021        roh          22083 reg. Kerzen        0/0/0 von 252  Tagen gewertet (1m/5m/15m)        0 Signale  45 ms lesen  137 ms rechnen
2026-09-08T05:53:00.194Z  MOR/2022        roh          18477 reg. Kerzen        0/0/0 von 251  Tagen gewertet (1m/5m/15m)        0 Signale  54 ms lesen  131 ms rechnen
2026-09-08T05:53:01.670Z  MOR/2023        roh          31926 reg. Kerzen      0/20/20 von 250  Tagen gewertet (1m/5m/15m)      549 Signale  69 ms lesen  1369 ms rechnen
2026-09-08T05:53:05.421Z  MOR/2024        roh          24982 reg. Kerzen      0/72/82 von 148  Tagen gewertet (1m/5m/15m)     1821 Signale  57 ms lesen  3580 ms rechnen
2026-09-08T05:53:05.609Z  MOTV/2021       roh          14479 reg. Kerzen        0/0/0 von 232  Tagen gewertet (1m/5m/15m)        0 Signale  29 ms lesen  89 ms rechnen
2026-09-08T05:53:05.664Z  MOTV/2022       roh           1654 reg. Kerzen        0/0/0 von 53   Tagen gewertet (1m/5m/15m)        0 Signale  3 ms lesen  14 ms rechnen
2026-09-08T05:53:20.363Z  MPLX/2016       roh          91407 reg. Kerzen    0/232/232 von 252  Tagen gewertet (1m/5m/15m)     6333 Signale  142 ms lesen  14536 ms rechnen
2026-09-08T05:53:33.291Z  MPLX/2017       roh          88617 reg. Kerzen    0/251/251 von 251  Tagen gewertet (1m/5m/15m)     6379 Signale  127 ms lesen  12532 ms rechnen
2026-09-08T05:53:47.341Z  MPLX/2018       roh          90625 reg. Kerzen    0/251/251 von 251  Tagen gewertet (1m/5m/15m)     6353 Signale  155 ms lesen  13647 ms rechnen
2026-09-08T05:54:00.484Z  MPLX/2019       roh          92920 reg. Kerzen    0/252/252 von 252  Tagen gewertet (1m/5m/15m)     6211 Signale  134 ms lesen  12773 ms rechnen
2026-09-08T05:54:15.403Z  MPLX/2020       roh          96896 reg. Kerzen    0/253/253 von 253  Tagen gewertet (1m/5m/15m)     6864 Signale  120 ms lesen  14562 ms rechnen
2026-09-08T05:54:28.805Z  MPLX/2021       roh          95049 reg. Kerzen    0/250/250 von 252  Tagen gewertet (1m/5m/15m)     6492 Signale  144 ms lesen  12984 ms rechnen
2026-09-08T05:54:42.552Z  MPLX/2022       roh          95006 reg. Kerzen    0/249/249 von 251  Tagen gewertet (1m/5m/15m)     6484 Signale  148 ms lesen  13299 ms rechnen
2026-09-08T05:54:54.272Z  MPLX/2023       roh          94418 reg. Kerzen    0/250/250 von 250  Tagen gewertet (1m/5m/15m)     5476 Signale  130 ms lesen  11315 ms rechnen
2026-09-08T05:55:05.459Z  MPLX/2024       roh          94413 reg. Kerzen    0/252/252 von 252  Tagen gewertet (1m/5m/15m)     5527 Signale  122 ms lesen  10759 ms rechnen
2026-09-08T05:55:17.660Z  MPLX/2025       roh          92632 reg. Kerzen    0/250/250 von 250  Tagen gewertet (1m/5m/15m)     6056 Signale  126 ms lesen  11813 ms rechnen
2026-09-08T05:55:26.161Z  MPLX/2026       roh          61392 reg. Kerzen    0/166/166 von 166  Tagen gewertet (1m/5m/15m)     4052 Signale  122 ms lesen  8099 ms rechnen
2026-09-08T05:55:34.044Z  MQ/2021         bereinigt    52603 reg. Kerzen    0/124/124 von 144  Tagen gewertet (1m/5m/15m)     3395 Signale  115 ms lesen  7579 ms rechnen
2026-09-08T05:55:50.237Z  MQ/2022         bereinigt    97514 reg. Kerzen    0/251/251 von 251  Tagen gewertet (1m/5m/15m)     6946 Signale  146 ms lesen  15900 ms rechnen
2026-09-08T05:56:05.622Z  MQ/2023         bereinigt    96532 reg. Kerzen    0/250/250 von 250  Tagen gewertet (1m/5m/15m)     6950 Signale  142 ms lesen  14958 ms rechnen
2026-09-08T05:56:20.506Z  MQ/2024         bereinigt    95544 reg. Kerzen    0/252/252 von 252  Tagen gewertet (1m/5m/15m)     6856 Signale  147 ms lesen  14497 ms rechnen
2026-09-08T05:56:35.106Z  MQ/2025         bereinigt    94169 reg. Kerzen    0/250/250 von 250  Tagen gewertet (1m/5m/15m)     6608 Signale  164 ms lesen  14192 ms rechnen
2026-09-08T05:56:44.663Z  MQ/2026         bereinigt    59128 reg. Kerzen    0/166/166 von 166  Tagen gewertet (1m/5m/15m)     4404 Signale  92 ms lesen  9225 ms rechnen
2026-09-08T05:56:44.906Z  MRIC/2019       roh           5564 reg. Kerzen        0/0/0 von 126  Tagen gewertet (1m/5m/15m)        0 Signale  27 ms lesen  46 ms rechnen
2026-09-08T05:56:44.959Z  MRIC/2020       roh           1612 reg. Kerzen        0/0/0 von 28   Tagen gewertet (1m/5m/15m)        0 Signale  19 ms lesen  18 ms rechnen
2026-09-08T05:56:45.100Z  MRUS/2016       roh           3498 reg. Kerzen        0/0/0 von 146  Tagen gewertet (1m/5m/15m)        0 Signale  31 ms lesen  28 ms rechnen
2026-09-08T05:56:45.232Z  MRUS/2017       roh          11027 reg. Kerzen        0/0/0 von 251  Tagen gewertet (1m/5m/15m)        0 Signale  27 ms lesen  94 ms rechnen
2026-09-08T05:56:45.391Z  MRUS/2018       roh          12566 reg. Kerzen        0/0/0 von 251  Tagen gewertet (1m/5m/15m)        0 Signale  44 ms lesen  89 ms rechnen
2026-09-08T05:56:45.549Z  MRUS/2019       roh          13754 reg. Kerzen        0/0/0 von 252  Tagen gewertet (1m/5m/15m)        0 Signale  47 ms lesen  86 ms rechnen
2026-09-08T05:56:45.814Z  MRUS/2020       roh          21640 reg. Kerzen        0/0/0 von 253  Tagen gewertet (1m/5m/15m)        0 Signale  54 ms lesen  161 ms rechnen
2026-09-08T05:56:49.358Z  MRUS/2021       roh          42946 reg. Kerzen      0/54/56 von 252  Tagen gewertet (1m/5m/15m)     1408 Signale  76 ms lesen  3421 ms rechnen
2026-09-08T05:56:52.952Z  MRUS/2022       roh          46341 reg. Kerzen      0/46/52 von 251  Tagen gewertet (1m/5m/15m)     1268 Signale  260 ms lesen  3218 ms rechnen
2026-09-08T05:56:59.746Z  MRUS/2023       roh          50720 reg. Kerzen    0/107/113 von 250  Tagen gewertet (1m/5m/15m)     2937 Signale  83 ms lesen  6588 ms rechnen
2026-09-08T05:57:14.415Z  MRUS/2024       roh          66779 reg. Kerzen    0/251/252 von 252  Tagen gewertet (1m/5m/15m)     6619 Signale  117 ms lesen  14426 ms rechnen
2026-09-08T05:57:27.232Z  MRUS/2025       roh          75248 reg. Kerzen    0/247/248 von 248  Tagen gewertet (1m/5m/15m)     5897 Signale  104 ms lesen  12547 ms rechnen
2026-09-08T05:57:27.525Z  MSBF/2016       roh           2983 reg. Kerzen        0/0/0 von 237  Tagen gewertet (1m/5m/15m)        0 Signale  46 ms lesen  20 ms rechnen
2026-09-08T05:57:27.559Z  MSBF/2017       roh           1586 reg. Kerzen        0/0/0 von 222  Tagen gewertet (1m/5m/15m)        0 Signale  7 ms lesen  18 ms rechnen
2026-09-08T05:57:27.651Z  MSBF/2018       roh           1580 reg. Kerzen        0/0/0 von 233  Tagen gewertet (1m/5m/15m)        0 Signale  69 ms lesen  20 ms rechnen
2026-09-08T05:57:27.705Z  MSBF/2019       roh           1843 reg. Kerzen        0/0/0 von 224  Tagen gewertet (1m/5m/15m)        0 Signale  33 ms lesen  14 ms rechnen
2026-09-08T05:57:27.766Z  MSBF/2020       roh           1239 reg. Kerzen        0/0/0 von 123  Tagen gewertet (1m/5m/15m)        0 Signale  37 ms lesen  15 ms rechnen
2026-09-08T05:57:34.617Z  MSGE/2020       bereinigt    32575 reg. Kerzen    0/125/159 von 179  Tagen gewertet (1m/5m/15m)     3585 Signale  128 ms lesen  6699 ms rechnen
2026-09-08T05:57:49.355Z  MSGE/2021       bereinigt    61029 reg. Kerzen    0/246/250 von 252  Tagen gewertet (1m/5m/15m)     6709 Signale  277 ms lesen  14368 ms rechnen
2026-09-08T05:58:02.577Z  MSGE/2022       bereinigt    46988 reg. Kerzen    0/216/239 von 251  Tagen gewertet (1m/5m/15m)     6011 Signale  125 ms lesen  12937 ms rechnen
2026-09-08T05:58:16.261Z  MSGE/2023       bereinigt    54818 reg. Kerzen    0/242/250 von 250  Tagen gewertet (1m/5m/15m)     6561 Signale  159 ms lesen  13426 ms rechnen
2026-09-08T05:58:29.211Z  MSGE/2024       roh          49759 reg. Kerzen    0/231/250 von 252  Tagen gewertet (1m/5m/15m)     6024 Signale  97 ms lesen  12694 ms rechnen
2026-09-08T05:58:41.928Z  MSGE/2025       roh          48839 reg. Kerzen    0/234/250 von 250  Tagen gewertet (1m/5m/15m)     6211 Signale  77 ms lesen  12481 ms rechnen
2026-09-08T05:58:50.277Z  MSGE/2026       roh          30639 reg. Kerzen    0/153/166 von 166  Tagen gewertet (1m/5m/15m)     4130 Signale  67 ms lesen  8109 ms rechnen
2026-09-08T05:58:50.468Z  MSP/2016        roh           5792 reg. Kerzen        0/0/0 von 252  Tagen gewertet (1m/5m/15m)        0 Signale  46 ms lesen  55 ms rechnen
2026-09-08T05:58:50.544Z  MSP/2017        roh           3806 reg. Kerzen        0/0/0 von 251  Tagen gewertet (1m/5m/15m)        0 Signale  15 ms lesen  41 ms rechnen
2026-09-08T05:58:50.609Z  MSP/2018        roh           2687 reg. Kerzen        0/0/0 von 193  Tagen gewertet (1m/5m/15m)        0 Signale  21 ms lesen  31 ms rechnen
2026-09-08T05:58:50.619Z  AUSGELASSEN MSP/2019: Datei fehlt
2026-09-08T05:58:52.733Z  MSP/2020        roh          14306 reg. Kerzen      0/39/39 von 50   Tagen gewertet (1m/5m/15m)     1025 Signale  59 ms lesen  2055 ms rechnen
2026-09-08T05:59:03.424Z  MSP/2021        roh          58763 reg. Kerzen    0/194/194 von 252  Tagen gewertet (1m/5m/15m)     5097 Signale  151 ms lesen  10488 ms rechnen
2026-09-08T05:59:09.139Z  MSP/2022        roh          33103 reg. Kerzen    0/116/116 von 118  Tagen gewertet (1m/5m/15m)     2716 Signale  59 ms lesen  5513 ms rechnen
2026-09-08T05:59:20.376Z  MTB/2016        roh          91693 reg. Kerzen    0/232/232 von 252  Tagen gewertet (1m/5m/15m)     5708 Signale  131 ms lesen  11010 ms rechnen
2026-09-08T05:59:32.340Z  MTB/2017        roh          83091 reg. Kerzen    0/251/251 von 251  Tagen gewertet (1m/5m/15m)     6076 Signale  179 ms lesen  11464 ms rechnen
2026-09-08T05:59:44.894Z  MTB/2018        roh          86516 reg. Kerzen    0/251/251 von 251  Tagen gewertet (1m/5m/15m)     6233 Signale  126 ms lesen  12209 ms rechnen
2026-09-08T05:59:57.162Z  MTB/2019        roh          86259 reg. Kerzen    0/251/251 von 252  Tagen gewertet (1m/5m/15m)     6173 Signale  132 ms lesen  11894 ms rechnen
2026-09-08T06:00:11.674Z  MTB/2020        roh          91407 reg. Kerzen    0/253/253 von 253  Tagen gewertet (1m/5m/15m)     6832 Signale  303 ms lesen  14000 ms rechnen
2026-09-08T06:00:24.915Z  MTB/2021        roh          89127 reg. Kerzen    0/250/250 von 252  Tagen gewertet (1m/5m/15m)     6491 Signale  126 ms lesen  12857 ms rechnen
2026-09-08T06:00:39.709Z  MTB/2022        roh          91460 reg. Kerzen    0/249/249 von 250  Tagen gewertet (1m/5m/15m)     6494 Signale  119 ms lesen  14418 ms rechnen
2026-09-08T06:00:53.297Z  MTB/2023        roh          89994 reg. Kerzen    0/250/250 von 250  Tagen gewertet (1m/5m/15m)     6529 Signale  156 ms lesen  13126 ms rechnen
2026-09-08T06:01:06.020Z  MTB/2024        roh          84251 reg. Kerzen    0/252/252 von 252  Tagen gewertet (1m/5m/15m)     6265 Signale  116 ms lesen  12385 ms rechnen
2026-09-08T06:01:18.439Z  MTB/2025        roh          84031 reg. Kerzen    0/250/250 von 250  Tagen gewertet (1m/5m/15m)     6202 Signale  129 ms lesen  12100 ms rechnen
2026-09-08T06:01:26.679Z  MTB/2026        roh          55148 reg. Kerzen    0/166/166 von 166  Tagen gewertet (1m/5m/15m)     4103 Signale  110 ms lesen  7902 ms rechnen
2026-09-08T06:01:26.853Z  MTFB/2016       roh            587 reg. Kerzen        0/0/0 von 28   Tagen gewertet (1m/5m/15m)        0 Signale  26 ms lesen  5 ms rechnen
2026-09-08T06:01:26.885Z  MTFB/2017       roh           1895 reg. Kerzen        0/0/0 von 226  Tagen gewertet (1m/5m/15m)        0 Signale  15 ms lesen  14 ms rechnen
2026-09-08T06:01:26.913Z  MTFB/2018       roh            956 reg. Kerzen        0/0/0 von 205  Tagen gewertet (1m/5m/15m)        0 Signale  12 ms lesen  11 ms rechnen
2026-09-08T06:01:27.087Z  MTFB/2019       roh          18081 reg. Kerzen        0/0/0 von 241  Tagen gewertet (1m/5m/15m)        0 Signale  48 ms lesen  123 ms rechnen
2026-09-08T06:01:27.270Z  MTP/2016        bereinigt     2869 reg. Kerzen        0/0/0 von 250  Tagen gewertet (1m/5m/15m)        0 Signale  77 ms lesen  31 ms rechnen
2026-09-08T06:01:27.319Z  MTP/2017        bereinigt     2531 reg. Kerzen        0/0/0 von 246  Tagen gewertet (1m/5m/15m)        0 Signale  19 ms lesen  19 ms rechnen
2026-09-08T06:01:27.397Z  MTP/2018        bereinigt     7562 reg. Kerzen        0/0/0 von 250  Tagen gewertet (1m/5m/15m)        0 Signale  20 ms lesen  51 ms rechnen
2026-09-08T06:01:27.629Z  MTP/2019        bereinigt    24276 reg. Kerzen        0/0/0 von 252  Tagen gewertet (1m/5m/15m)        0 Signale  64 ms lesen  151 ms rechnen
2026-09-08T06:01:27.907Z  MTP/2020        bereinigt    26883 reg. Kerzen        0/0/0 von 253  Tagen gewertet (1m/5m/15m)        0 Signale  57 ms lesen  170 ms rechnen
2026-09-08T06:01:28.197Z  MTP/2021        bereinigt    26549 reg. Kerzen        0/0/0 von 252  Tagen gewertet (1m/5m/15m)        0 Signale  55 ms lesen  182 ms rechnen
2026-09-08T06:01:28.348Z  MTP/2022        bereinigt     7300 reg. Kerzen        0/0/0 von 250  Tagen gewertet (1m/5m/15m)        0 Signale  14 ms lesen  47 ms rechnen
2026-09-08T06:01:28.441Z  MTP/2023        bereinigt     1999 reg. Kerzen        0/0/0 von 57   Tagen gewertet (1m/5m/15m)        0 Signale  49 ms lesen  19 ms rechnen
2026-09-08T06:01:37.280Z  MTUS/2016       roh          81186 reg. Kerzen    0/136/136 von 252  Tagen gewertet (1m/5m/15m)     3795 Signale  154 ms lesen  8679 ms rechnen
2026-09-08T06:01:48.327Z  MTUS/2017       roh          74372 reg. Kerzen    0/175/175 von 251  Tagen gewertet (1m/5m/15m)     4840 Signale  115 ms lesen  10700 ms rechnen
2026-09-08T06:01:54.217Z  MTUS/2018       roh          64539 reg. Kerzen      0/84/84 von 251  Tagen gewertet (1m/5m/15m)     2328 Signale  99 ms lesen  5582 ms rechnen
2026-09-08T06:01:54.985Z  MTUS/2019       roh          59623 reg. Kerzen        0/0/0 von 252  Tagen gewertet (1m/5m/15m)        0 Signale  190 ms lesen  384 ms rechnen
2026-09-08T06:01:55.703Z  MTUS/2020       roh          55637 reg. Kerzen        0/0/0 von 253  Tagen gewertet (1m/5m/15m)        0 Signale  185 ms lesen  333 ms rechnen
2026-09-08T06:02:08.484Z  MTUS/2021       roh          76890 reg. Kerzen    0/206/206 von 252  Tagen gewertet (1m/5m/15m)     5781 Signale  197 ms lesen  12426 ms rechnen
2026-09-08T06:02:22.619Z  MTUS/2022       roh          77472 reg. Kerzen    0/236/236 von 251  Tagen gewertet (1m/5m/15m)     6453 Signale  119 ms lesen  13780 ms rechnen
2026-09-08T06:02:26.132Z  MTUS/2023       roh          53265 reg. Kerzen      0/55/55 von 250  Tagen gewertet (1m/5m/15m)     1503 Signale  93 ms lesen  3210 ms rechnen
2026-09-08T06:02:28.651Z  MTUS/2024       roh          49138 reg. Kerzen      0/36/36 von 252  Tagen gewertet (1m/5m/15m)      962 Signale  105 ms lesen  2261 ms rechnen
2026-09-08T06:02:29.384Z  MTUS/2025       roh          50238 reg. Kerzen        0/3/3 von 250  Tagen gewertet (1m/5m/15m)       88 Signale  91 ms lesen  497 ms rechnen
2026-09-08T06:02:31.237Z  CHECKPOINT 3400 Dateien, 688 min, Detektorfehler {}
2026-09-08T06:02:35.043Z  MTUS/2026       roh          31654 reg. Kerzen      0/69/70 von 166  Tagen gewertet (1m/5m/15m)     1823 Signale  55 ms lesen  3750 ms rechnen
2026-09-08T06:02:35.941Z  MULN/2021       bereinigt    11140 reg. Kerzen        0/9/9 von 39   Tagen gewertet (1m/5m/15m)      256 Signale  100 ms lesen  691 ms rechnen
2026-09-08T06:02:50.943Z  MULN/2022       bereinigt    93222 reg. Kerzen    0/214/214 von 251  Tagen gewertet (1m/5m/15m)     5864 Signale  461 ms lesen  14519 ms rechnen
2026-09-08T06:03:07.600Z  MULN/2023       bereinigt    97044 reg. Kerzen    0/250/250 von 250  Tagen gewertet (1m/5m/15m)     6719 Signale  606 ms lesen  15803 ms rechnen
2026-09-08T06:03:16.242Z  MULN/2024       bereinigt    84050 reg. Kerzen    0/116/116 von 252  Tagen gewertet (1m/5m/15m)     3127 Signale  231 ms lesen  8114 ms rechnen
2026-09-08T06:03:20.505Z  MULN/2025       bereinigt    52898 reg. Kerzen      0/61/61 von 140  Tagen gewertet (1m/5m/15m)     1612 Signale  145 ms lesen  3899 ms rechnen
2026-09-08T06:03:20.782Z  MVO/2016        roh          11092 reg. Kerzen        0/0/0 von 252  Tagen gewertet (1m/5m/15m)        0 Signale  30 ms lesen  89 ms rechnen
2026-09-08T06:03:20.909Z  MVO/2017        roh           9355 reg. Kerzen        0/0/0 von 251  Tagen gewertet (1m/5m/15m)        0 Signale  23 ms lesen  74 ms rechnen
2026-09-08T06:03:21.045Z  MVO/2018        roh          10975 reg. Kerzen        0/0/0 von 251  Tagen gewertet (1m/5m/15m)        0 Signale  26 ms lesen  81 ms rechnen
2026-09-08T06:03:21.168Z  MVO/2019        roh          10173 reg. Kerzen        0/0/0 von 252  Tagen gewertet (1m/5m/15m)        0 Signale  27 ms lesen  70 ms rechnen
2026-09-08T06:03:21.291Z  MVO/2020        roh          11419 reg. Kerzen        0/0/0 von 253  Tagen gewertet (1m/5m/15m)        0 Signale  25 ms lesen  66 ms rechnen
2026-09-08T06:03:21.508Z  MVO/2021        roh          17745 reg. Kerzen        0/0/0 von 252  Tagen gewertet (1m/5m/15m)        0 Signale  34 ms lesen  148 ms rechnen
2026-09-08T06:03:21.726Z  MVO/2022        roh          20502 reg. Kerzen        0/0/0 von 251  Tagen gewertet (1m/5m/15m)        0 Signale  50 ms lesen  111 ms rechnen
2026-09-08T06:03:21.934Z  MVO/2023        roh          14511 reg. Kerzen        0/0/0 von 250  Tagen gewertet (1m/5m/15m)        0 Signale  38 ms lesen  95 ms rechnen
2026-09-08T06:03:22.115Z  MVO/2024        roh          14608 reg. Kerzen        0/0/0 von 252  Tagen gewertet (1m/5m/15m)        0 Signale  31 ms lesen  98 ms rechnen
2026-09-08T06:03:22.325Z  MVO/2025        roh          20088 reg. Kerzen        0/0/0 von 250  Tagen gewertet (1m/5m/15m)        0 Signale  45 ms lesen  133 ms rechnen
2026-09-08T06:03:22.527Z  MVO/2026        roh          19063 reg. Kerzen        0/0/0 von 140  Tagen gewertet (1m/5m/15m)        0 Signale  34 ms lesen  119 ms rechnen
2026-09-08T06:03:23.011Z  MXWL/2016       roh          47753 reg. Kerzen        0/0/0 von 252  Tagen gewertet (1m/5m/15m)        0 Signale  90 ms lesen  340 ms rechnen
2026-09-08T06:03:23.509Z  MXWL/2017       roh          43905 reg. Kerzen        0/0/0 von 251  Tagen gewertet (1m/5m/15m)        0 Signale  71 ms lesen  292 ms rechnen
2026-09-08T06:03:23.989Z  MXWL/2018       roh          42059 reg. Kerzen        0/0/0 von 251  Tagen gewertet (1m/5m/15m)        0 Signale  62 ms lesen  272 ms rechnen
2026-09-08T06:03:26.892Z  MXWL/2019       roh          27988 reg. Kerzen      0/56/56 von 93   Tagen gewertet (1m/5m/15m)     1377 Signale  49 ms lesen  2745 ms rechnen
2026-09-08T06:03:27.231Z  MYOK/2016       roh          28627 reg. Kerzen        0/0/0 von 252  Tagen gewertet (1m/5m/15m)        0 Signale  70 ms lesen  169 ms rechnen
2026-09-08T06:03:33.216Z  MYOK/2017       roh          49723 reg. Kerzen      0/94/94 von 251  Tagen gewertet (1m/5m/15m)     2472 Signale  77 ms lesen  5827 ms rechnen
2026-09-08T06:03:48.542Z  MYOK/2018       roh          62721 reg. Kerzen    0/249/249 von 251  Tagen gewertet (1m/5m/15m)     6793 Signale  131 ms lesen  15063 ms rechnen
2026-09-08T06:04:03.999Z  MYOK/2019       roh          64070 reg. Kerzen    0/251/252 von 252  Tagen gewertet (1m/5m/15m)     6816 Signale  103 ms lesen  15155 ms rechnen
2026-09-08T06:04:17.176Z  MYOK/2020       roh          68091 reg. Kerzen    0/222/222 von 222  Tagen gewertet (1m/5m/15m)     5710 Signale  92 ms lesen  12891 ms rechnen
2026-09-08T06:04:17.405Z  NAAC/2021       roh           4073 reg. Kerzen        0/0/0 von 161  Tagen gewertet (1m/5m/15m)        0 Signale  25 ms lesen  27 ms rechnen
2026-09-08T06:04:17.496Z  NAAC/2022       roh           5685 reg. Kerzen        0/0/0 von 231  Tagen gewertet (1m/5m/15m)        0 Signale  39 ms lesen  39 ms rechnen
2026-09-08T06:04:17.531Z  NAAC/2023       roh            189 reg. Kerzen        0/0/0 von 14   Tagen gewertet (1m/5m/15m)        0 Signale  10 ms lesen  4 ms rechnen
2026-09-08T06:04:25.821Z  NAPA/2021       roh          52931 reg. Kerzen    0/138/138 von 201  Tagen gewertet (1m/5m/15m)     3701 Signale  80 ms lesen  8208 ms rechnen
2026-09-08T06:04:34.852Z  NAPA/2022       roh          64918 reg. Kerzen    0/143/143 von 251  Tagen gewertet (1m/5m/15m)     3860 Signale  131 ms lesen  8771 ms rechnen
2026-09-08T06:04:44.314Z  NAPA/2023       roh          72136 reg. Kerzen    0/167/167 von 250  Tagen gewertet (1m/5m/15m)     4347 Signale  111 ms lesen  9188 ms rechnen
2026-09-08T06:04:56.213Z  NAPA/2024       roh          81219 reg. Kerzen    0/218/218 von 247  Tagen gewertet (1m/5m/15m)     5166 Signale  113 ms lesen  11611 ms rechnen
2026-09-08T06:04:56.629Z  NAVG/2016       bereinigt    21430 reg. Kerzen        0/0/0 von 252  Tagen gewertet (1m/5m/15m)        0 Signale  41 ms lesen  148 ms rechnen
2026-09-08T06:04:57.025Z  NAVG/2017       bereinigt    27431 reg. Kerzen        0/0/0 von 251  Tagen gewertet (1m/5m/15m)        0 Signale  90 ms lesen  231 ms rechnen
2026-09-08T06:04:59.991Z  NAVG/2018       roh          36559 reg. Kerzen      0/66/81 von 251  Tagen gewertet (1m/5m/15m)     1262 Signale  84 ms lesen  2605 ms rechnen
2026-09-08T06:05:03.079Z  NAVG/2019       roh          17708 reg. Kerzen      0/84/98 von 98   Tagen gewertet (1m/5m/15m)     1344 Signale  52 ms lesen  2940 ms rechnen
2026-09-08T06:05:16.296Z  NBL/2016        roh          97997 reg. Kerzen    0/232/232 von 252  Tagen gewertet (1m/5m/15m)     6294 Signale  142 ms lesen  12981 ms rechnen
2026-09-08T06:05:29.565Z  NBL/2017        roh          97418 reg. Kerzen    0/251/251 von 251  Tagen gewertet (1m/5m/15m)     6493 Signale  127 ms lesen  12885 ms rechnen
2026-09-08T06:05:43.506Z  NBL/2018        roh          97257 reg. Kerzen    0/251/251 von 251  Tagen gewertet (1m/5m/15m)     6716 Signale  166 ms lesen  13479 ms rechnen
2026-09-08T06:05:57.897Z  NBL/2019        roh          97575 reg. Kerzen    0/252/252 von 252  Tagen gewertet (1m/5m/15m)     6760 Signale  186 ms lesen  13913 ms rechnen
2026-09-08T06:06:10.187Z  NBL/2020        roh          74277 reg. Kerzen    0/191/191 von 191  Tagen gewertet (1m/5m/15m)     5169 Signale  121 ms lesen  11894 ms rechnen
2026-09-08T06:06:10.670Z  NCIT/2016       roh          15904 reg. Kerzen        0/0/0 von 252  Tagen gewertet (1m/5m/15m)        0 Signale  42 ms lesen  114 ms rechnen
2026-09-08T06:06:10.834Z  NCIT/2017       roh          12328 reg. Kerzen        0/0/0 von 156  Tagen gewertet (1m/5m/15m)        0 Signale  26 ms lesen  100 ms rechnen
2026-09-08T06:06:10.948Z  NDAC/2021       roh           5921 reg. Kerzen        0/0/0 von 176  Tagen gewertet (1m/5m/15m)        0 Signale  31 ms lesen  40 ms rechnen
2026-09-08T06:06:11.022Z  NDAC/2022       roh           3800 reg. Kerzen        0/0/0 von 230  Tagen gewertet (1m/5m/15m)        0 Signale  15 ms lesen  39 ms rechnen
2026-09-08T06:06:25.012Z  NEE/2016        bereinigt    97439 reg. Kerzen    0/232/232 von 252  Tagen gewertet (1m/5m/15m)     5364 Signale  168 ms lesen  13793 ms rechnen
2026-09-08T06:06:38.001Z  NEE/2017        bereinigt    95560 reg. Kerzen    0/251/251 von 251  Tagen gewertet (1m/5m/15m)     5462 Signale  255 ms lesen  12379 ms rechnen
2026-09-08T06:06:50.769Z  NEE/2018        bereinigt    96475 reg. Kerzen    0/251/251 von 251  Tagen gewertet (1m/5m/15m)     5879 Signale  160 ms lesen  12340 ms rechnen
2026-09-08T06:07:03.159Z  NEE/2019        bereinigt    96917 reg. Kerzen    0/252/252 von 252  Tagen gewertet (1m/5m/15m)     5603 Signale  130 ms lesen  11982 ms rechnen
2026-09-08T06:07:17.569Z  NEE/2020        bereinigt    97713 reg. Kerzen    0/253/253 von 253  Tagen gewertet (1m/5m/15m)     6425 Signale  196 ms lesen  13926 ms rechnen
2026-09-08T06:07:31.412Z  NEE/2021        roh          97316 reg. Kerzen    0/250/250 von 252  Tagen gewertet (1m/5m/15m)     5898 Signale  281 ms lesen  13294 ms rechnen
2026-09-08T06:07:45.929Z  NEE/2022        roh          97006 reg. Kerzen    0/249/249 von 251  Tagen gewertet (1m/5m/15m)     6345 Signale  178 ms lesen  14017 ms rechnen
2026-09-08T06:08:00.094Z  NEE/2023        roh          97135 reg. Kerzen    0/250/250 von 250  Tagen gewertet (1m/5m/15m)     6218 Signale  143 ms lesen  13738 ms rechnen
2026-09-08T06:08:14.065Z  NEE/2024        roh          97738 reg. Kerzen    0/252/252 von 252  Tagen gewertet (1m/5m/15m)     6200 Signale  161 ms lesen  13528 ms rechnen
2026-09-08T06:08:28.181Z  NEE/2025        roh          96960 reg. Kerzen    0/250/250 von 250  Tagen gewertet (1m/5m/15m)     6292 Signale  156 ms lesen  13681 ms rechnen
2026-09-08T06:08:37.581Z  NEE/2026        roh          64739 reg. Kerzen    0/166/166 von 166  Tagen gewertet (1m/5m/15m)     4166 Signale  116 ms lesen  8944 ms rechnen
2026-09-08T06:08:48.308Z  NEP/2016        roh          61388 reg. Kerzen    0/178/180 von 252  Tagen gewertet (1m/5m/15m)     4728 Signale  94 ms lesen  10425 ms rechnen
2026-09-08T06:09:01.051Z  NEP/2017        roh          54012 reg. Kerzen    0/228/242 von 251  Tagen gewertet (1m/5m/15m)     5944 Signale  77 ms lesen  12505 ms rechnen
2026-09-08T06:09:15.154Z  NEP/2018        roh          51491 reg. Kerzen    0/243/251 von 251  Tagen gewertet (1m/5m/15m)     6274 Signale  95 ms lesen  13852 ms rechnen
2026-09-08T06:09:28.459Z  NEP/2019        roh          56001 reg. Kerzen    0/246/252 von 252  Tagen gewertet (1m/5m/15m)     6158 Signale  111 ms lesen  13020 ms rechnen
2026-09-08T06:09:44.105Z  NEP/2020        roh          74906 reg. Kerzen    0/253/253 von 253  Tagen gewertet (1m/5m/15m)     6643 Signale  175 ms lesen  15285 ms rechnen
2026-09-08T06:09:59.660Z  NEP/2021        roh          72081 reg. Kerzen    0/250/250 von 252  Tagen gewertet (1m/5m/15m)     6439 Signale  136 ms lesen  15175 ms rechnen
2026-09-08T06:10:14.674Z  NEP/2022        roh          73396 reg. Kerzen    0/249/249 von 251  Tagen gewertet (1m/5m/15m)     6537 Signale  112 ms lesen  14667 ms rechnen
2026-09-08T06:10:31.008Z  NEP/2023        roh          87458 reg. Kerzen    0/250/250 von 250  Tagen gewertet (1m/5m/15m)     6600 Signale  259 ms lesen  15868 ms rechnen
2026-09-08T06:10:47.425Z  NEP/2024        roh          93058 reg. Kerzen    0/252/252 von 252  Tagen gewertet (1m/5m/15m)     6824 Signale  186 ms lesen  15972 ms rechnen
2026-09-08T06:10:49.059Z  NEP/2025        roh           7405 reg. Kerzen      0/20/20 von 20   Tagen gewertet (1m/5m/15m)      546 Signale  24 ms lesen  1312 ms rechnen
2026-09-08T06:10:49.338Z  NETS/2017       roh          27626 reg. Kerzen        0/0/0 von 182  Tagen gewertet (1m/5m/15m)        0 Signale  60 ms lesen  196 ms rechnen
2026-09-08T06:10:49.659Z  NETS/2018       roh          18194 reg. Kerzen        0/0/0 von 250  Tagen gewertet (1m/5m/15m)        0 Signale  56 ms lesen  173 ms rechnen
2026-09-08T06:10:49.818Z  NETS/2019       roh           8187 reg. Kerzen        0/0/0 von 114  Tagen gewertet (1m/5m/15m)        0 Signale  33 ms lesen  71 ms rechnen
2026-09-08T06:10:49.887Z  NEWTZ/2016      roh            585 reg. Kerzen        0/0/0 von 153  Tagen gewertet (1m/5m/15m)        0 Signale  14 ms lesen  8 ms rechnen
2026-09-08T06:10:49.908Z  NEWTZ/2017      roh            267 reg. Kerzen        0/0/0 von 124  Tagen gewertet (1m/5m/15m)        0 Signale  12 ms lesen  6 ms rechnen
2026-09-08T06:10:49.933Z  NEWTZ/2018      roh            967 reg. Kerzen        0/0/0 von 134  Tagen gewertet (1m/5m/15m)        0 Signale  10 ms lesen  13 ms rechnen
2026-09-08T06:10:49.946Z  NEWTZ/2019      roh            437 reg. Kerzen        0/0/0 von 123  Tagen gewertet (1m/5m/15m)        0 Signale  5 ms lesen  5 ms rechnen
2026-09-08T06:10:49.948Z  AUSGELASSEN NEWTZ/2020: Datei fehlt
2026-09-08T06:10:49.974Z  NEWTZ/2021      roh           1619 reg. Kerzen        0/0/0 von 206  Tagen gewertet (1m/5m/15m)        0 Signale  12 ms lesen  13 ms rechnen
2026-09-08T06:10:50.023Z  NEWTZ/2022      roh           1425 reg. Kerzen        0/0/0 von 228  Tagen gewertet (1m/5m/15m)        0 Signale  22 ms lesen  18 ms rechnen
2026-09-08T06:10:50.054Z  NEWTZ/2023      roh            991 reg. Kerzen        0/0/0 von 200  Tagen gewertet (1m/5m/15m)        0 Signale  11 ms lesen  13 ms rechnen
2026-09-08T06:10:50.086Z  NEWTZ/2024      roh           1326 reg. Kerzen        0/0/0 von 231  Tagen gewertet (1m/5m/15m)        0 Signale  9 ms lesen  19 ms rechnen
2026-09-08T06:10:50.119Z  NEWTZ/2025      roh           1291 reg. Kerzen        0/0/0 von 228  Tagen gewertet (1m/5m/15m)        0 Signale  8 ms lesen  18 ms rechnen
2026-09-08T06:10:50.143Z  NEWTZ/2026      roh            137 reg. Kerzen        0/0/0 von 19   Tagen gewertet (1m/5m/15m)        0 Signale  15 ms lesen  3 ms rechnen
2026-09-08T06:11:03.845Z  NFG/2016        roh          79322 reg. Kerzen    0/232/232 von 252  Tagen gewertet (1m/5m/15m)     5829 Signale  159 ms lesen  13524 ms rechnen
2026-09-08T06:11:16.912Z  NFG/2017        roh          73816 reg. Kerzen    0/251/251 von 251  Tagen gewertet (1m/5m/15m)     5953 Signale  125 ms lesen  12713 ms rechnen
2026-09-08T06:11:30.275Z  NFG/2018        roh          77080 reg. Kerzen    0/250/250 von 251  Tagen gewertet (1m/5m/15m)     6111 Signale  138 ms lesen  13042 ms rechnen
2026-09-08T06:11:42.469Z  NFG/2019        roh          79423 reg. Kerzen    0/252/252 von 252  Tagen gewertet (1m/5m/15m)     6082 Signale  113 ms lesen  11877 ms rechnen
2026-09-08T06:11:56.533Z  NFG/2020        roh          82545 reg. Kerzen    0/253/253 von 253  Tagen gewertet (1m/5m/15m)     6567 Signale  155 ms lesen  13692 ms rechnen
2026-09-08T06:12:09.296Z  NFG/2021        roh          65754 reg. Kerzen    0/250/250 von 252  Tagen gewertet (1m/5m/15m)     6337 Signale  91 ms lesen  12415 ms rechnen
2026-09-08T06:12:23.008Z  NFG/2022        roh          75705 reg. Kerzen    0/249/249 von 251  Tagen gewertet (1m/5m/15m)     6525 Signale  114 ms lesen  13408 ms rechnen
2026-09-08T06:12:35.972Z  NFG/2023        roh          72754 reg. Kerzen    0/250/250 von 250  Tagen gewertet (1m/5m/15m)     6235 Signale  113 ms lesen  12639 ms rechnen
2026-09-08T06:12:48.687Z  NFG/2024        roh          71365 reg. Kerzen    0/252/252 von 252  Tagen gewertet (1m/5m/15m)     6133 Signale  103 ms lesen  12391 ms rechnen
2026-09-08T06:13:01.636Z  NFG/2025        roh          70347 reg. Kerzen    0/250/250 von 250  Tagen gewertet (1m/5m/15m)     6132 Signale  103 ms lesen  12648 ms rechnen
2026-09-08T06:13:10.669Z  NFG/2026        roh          46899 reg. Kerzen    0/166/166 von 166  Tagen gewertet (1m/5m/15m)     4099 Signale  87 ms lesen  8729 ms rechnen
2026-09-08T06:13:10.878Z  NGAB/2021       roh           9006 reg. Kerzen        0/0/0 von 174  Tagen gewertet (1m/5m/15m)        0 Signale  28 ms lesen  55 ms rechnen
2026-09-08T06:13:11.025Z  NGHCO/2016      roh           7388 reg. Kerzen        0/0/0 von 252  Tagen gewertet (1m/5m/15m)        0 Signale  33 ms lesen  58 ms rechnen
2026-09-08T06:13:11.138Z  NGHCO/2017      roh           5791 reg. Kerzen        0/0/0 von 251  Tagen gewertet (1m/5m/15m)        0 Signale  41 ms lesen  49 ms rechnen
2026-09-08T06:13:11.258Z  NGHCO/2018      roh           6552 reg. Kerzen        0/0/0 von 249  Tagen gewertet (1m/5m/15m)        0 Signale  35 ms lesen  66 ms rechnen
2026-09-08T06:13:11.370Z  NGHCO/2019      roh           8171 reg. Kerzen        0/0/0 von 252  Tagen gewertet (1m/5m/15m)        0 Signale  27 ms lesen  64 ms rechnen
2026-09-08T06:13:11.475Z  NGHCO/2020      roh           6464 reg. Kerzen        0/0/0 von 253  Tagen gewertet (1m/5m/15m)        0 Signale  28 ms lesen  52 ms rechnen
2026-09-08T06:13:11.521Z  NGHCO/2021      roh            543 reg. Kerzen        0/0/0 von 21   Tagen gewertet (1m/5m/15m)        0 Signale  16 ms lesen  6 ms rechnen
2026-09-08T06:13:11.564Z  NHLD/2016       roh           3903 reg. Kerzen        0/0/0 von 240  Tagen gewertet (1m/5m/15m)        0 Signale  13 ms lesen  27 ms rechnen
2026-09-08T06:13:11.634Z  NHLD/2017       roh           3758 reg. Kerzen        0/0/0 von 240  Tagen gewertet (1m/5m/15m)        0 Signale  24 ms lesen  34 ms rechnen
2026-09-08T06:13:11.710Z  NHLD/2018       roh           6114 reg. Kerzen        0/0/0 von 243  Tagen gewertet (1m/5m/15m)        0 Signale  9 ms lesen  55 ms rechnen
2026-09-08T06:13:11.786Z  NHLD/2019       roh           2160 reg. Kerzen        0/0/0 von 239  Tagen gewertet (1m/5m/15m)        0 Signale  34 ms lesen  20 ms rechnen
2026-09-08T06:13:11.833Z  NHLD/2020       roh           2983 reg. Kerzen        0/0/0 von 236  Tagen gewertet (1m/5m/15m)        0 Signale  12 ms lesen  26 ms rechnen
2026-09-08T06:13:11.875Z  NHLD/2021       roh            980 reg. Kerzen        0/0/0 von 37   Tagen gewertet (1m/5m/15m)        0 Signale  20 ms lesen  10 ms rechnen
2026-09-08T06:13:11.928Z  NIR/2021        roh           2878 reg. Kerzen        0/0/0 von 177  Tagen gewertet (1m/5m/15m)        0 Signale  29 ms lesen  21 ms rechnen
2026-09-08T06:13:11.983Z  NIR/2022        roh           1302 reg. Kerzen        0/0/0 von 182  Tagen gewertet (1m/5m/15m)        0 Signale  34 ms lesen  14 ms rechnen
2026-09-08T06:13:12.270Z  NIR/2023        roh          32556 reg. Kerzen        0/0/0 von 240  Tagen gewertet (1m/5m/15m)        0 Signale  99 ms lesen  182 ms rechnen
2026-09-08T06:13:12.375Z  NKGN/2021       roh            363 reg. Kerzen        0/0/0 von 54   Tagen gewertet (1m/5m/15m)        0 Signale  18 ms lesen  2 ms rechnen
2026-09-08T06:13:12.396Z  NKGN/2022       roh            821 reg. Kerzen        0/0/0 von 124  Tagen gewertet (1m/5m/15m)        0 Signale  13 ms lesen  7 ms rechnen
2026-09-08T06:13:12.468Z  NKGN/2023       roh           6815 reg. Kerzen        0/0/0 von 235  Tagen gewertet (1m/5m/15m)        0 Signale  29 ms lesen  40 ms rechnen
2026-09-08T06:13:12.749Z  NKGN/2024       roh          32861 reg. Kerzen        0/0/0 von 252  Tagen gewertet (1m/5m/15m)        0 Signale  87 ms lesen  180 ms rechnen
2026-09-08T06:13:12.909Z  NKGN/2025       roh           5150 reg. Kerzen        0/0/0 von 41   Tagen gewertet (1m/5m/15m)        0 Signale  32 ms lesen  36 ms rechnen
2026-09-08T06:13:12.928Z  AUSGELASSEN NKGN/2026: Datei fehlt
2026-09-08T06:13:13.370Z  NLTX/2019       bereinigt    13463 reg. Kerzen        0/4/4 von 99   Tagen gewertet (1m/5m/15m)      111 Signale  113 ms lesen  328 ms rechnen
2026-09-08T06:13:16.411Z  NLTX/2020       bereinigt    58500 reg. Kerzen      0/41/41 von 253  Tagen gewertet (1m/5m/15m)     1128 Signale  113 ms lesen  2888 ms rechnen
2026-09-08T06:13:17.090Z  NLTX/2021       bereinigt    41757 reg. Kerzen        0/2/2 von 252  Tagen gewertet (1m/5m/15m)       57 Signale  76 ms lesen  426 ms rechnen
2026-09-08T06:13:17.508Z  NLTX/2022       bereinigt    36665 reg. Kerzen        0/0/0 von 251  Tagen gewertet (1m/5m/15m)        0 Signale  76 ms lesen  238 ms rechnen
2026-09-08T06:13:17.806Z  NLTX/2023       bereinigt    18990 reg. Kerzen        0/0/0 von 242  Tagen gewertet (1m/5m/15m)        0 Signale  33 ms lesen  134 ms rechnen
2026-09-08T06:13:17.900Z  NMMC/2020       roh            264 reg. Kerzen        0/0/0 von 25   Tagen gewertet (1m/5m/15m)        0 Signale  22 ms lesen  2 ms rechnen
2026-09-08T06:13:17.958Z  NMMC/2021       roh           3803 reg. Kerzen        0/0/0 von 203  Tagen gewertet (1m/5m/15m)        0 Signale  23 ms lesen  34 ms rechnen
2026-09-08T06:13:17.983Z  NMMC/2022       roh            961 reg. Kerzen        0/0/0 von 140  Tagen gewertet (1m/5m/15m)        0 Signale  2 ms lesen  9 ms rechnen
2026-09-08T06:13:18.510Z  NNA/2016        bereinigt    61460 reg. Kerzen        0/0/0 von 252  Tagen gewertet (1m/5m/15m)        0 Signale  124 ms lesen  398 ms rechnen
2026-09-08T06:13:19.093Z  NNA/2017        bereinigt    50444 reg. Kerzen        0/0/0 von 251  Tagen gewertet (1m/5m/15m)        0 Signale  80 ms lesen  317 ms rechnen
2026-09-08T06:13:19.590Z  NNA/2018        bereinigt    43723 reg. Kerzen        0/0/0 von 251  Tagen gewertet (1m/5m/15m)        0 Signale  72 ms lesen  276 ms rechnen
2026-09-08T06:13:19.949Z  NNA/2019        roh          20125 reg. Kerzen        0/0/0 von 252  Tagen gewertet (1m/5m/15m)        0 Signale  67 ms lesen  147 ms rechnen
2026-09-08T06:13:20.327Z  NNA/2020        roh          33954 reg. Kerzen        0/0/0 von 253  Tagen gewertet (1m/5m/15m)        0 Signale  57 ms lesen  265 ms rechnen
2026-09-08T06:13:20.670Z  NNA/2021        roh          23654 reg. Kerzen        0/0/0 von 198  Tagen gewertet (1m/5m/15m)        0 Signale  44 ms lesen  198 ms rechnen
2026-09-08T06:13:20.760Z  NOGN/2021       bereinigt      564 reg. Kerzen        0/0/0 von 58   Tagen gewertet (1m/5m/15m)        0 Signale  11 ms lesen  4 ms rechnen
2026-09-08T06:13:20.887Z  NOGN/2022       bereinigt    11647 reg. Kerzen        0/0/0 von 216  Tagen gewertet (1m/5m/15m)        0 Signale  40 ms lesen  84 ms rechnen
2026-09-08T06:13:21.143Z  NOGN/2023       bereinigt    23678 reg. Kerzen        0/0/0 von 245  Tagen gewertet (1m/5m/15m)        0 Signale  46 ms lesen  170 ms rechnen
2026-09-08T06:13:21.329Z  NOVS/2020       roh          11321 reg. Kerzen        0/0/0 von 141  Tagen gewertet (1m/5m/15m)        0 Signale  30 ms lesen  70 ms rechnen
2026-09-08T06:13:21.969Z  NOVS/2021       roh           4403 reg. Kerzen        0/8/8 von 19   Tagen gewertet (1m/5m/15m)      237 Signale  30 ms lesen  575 ms rechnen
2026-09-08T06:13:22.144Z  NPI/2016        roh          20964 reg. Kerzen        0/0/0 von 174  Tagen gewertet (1m/5m/15m)        0 Signale  47 ms lesen  112 ms rechnen
2026-09-08T06:13:22.334Z  NQS/2016        roh          13640 reg. Kerzen        0/0/0 von 174  Tagen gewertet (1m/5m/15m)        0 Signale  24 ms lesen  101 ms rechnen
2026-09-08T06:13:26.205Z  NRE/2016        roh          68751 reg. Kerzen      0/55/55 von 252  Tagen gewertet (1m/5m/15m)     1479 Signale  152 ms lesen  3669 ms rechnen
2026-09-08T06:13:27.925Z  NRE/2017        roh          52348 reg. Kerzen      0/20/20 von 251  Tagen gewertet (1m/5m/15m)      515 Signale  86 ms lesen  1452 ms rechnen
2026-09-08T06:13:31.035Z  NRE/2018        roh          57653 reg. Kerzen      0/51/51 von 251  Tagen gewertet (1m/5m/15m)     1214 Signale  92 ms lesen  2872 ms rechnen
2026-09-08T06:13:34.409Z  NRE/2019        roh          46666 reg. Kerzen      0/76/76 von 187  Tagen gewertet (1m/5m/15m)     1284 Signale  76 ms lesen  3144 ms rechnen
2026-09-08T06:13:46.434Z  NSC/2016        roh          96022 reg. Kerzen    0/232/232 von 252  Tagen gewertet (1m/5m/15m)     5852 Signale  162 ms lesen  11732 ms rechnen
2026-09-08T06:13:58.752Z  NSC/2017        roh          94615 reg. Kerzen    0/251/251 von 251  Tagen gewertet (1m/5m/15m)     5923 Signale  131 ms lesen  11928 ms rechnen
2026-09-08T06:14:11.833Z  NSC/2018        roh          95450 reg. Kerzen    0/251/251 von 251  Tagen gewertet (1m/5m/15m)     6322 Signale  181 ms lesen  12622 ms rechnen
2026-09-08T06:14:24.123Z  NSC/2019        roh          95588 reg. Kerzen    0/252/252 von 252  Tagen gewertet (1m/5m/15m)     6107 Signale  154 ms lesen  11804 ms rechnen
2026-09-08T06:14:38.119Z  NSC/2020        roh          96182 reg. Kerzen    0/253/253 von 253  Tagen gewertet (1m/5m/15m)     6538 Signale  160 ms lesen  13567 ms rechnen
2026-09-08T06:14:50.502Z  NSC/2021        roh          92678 reg. Kerzen    0/250/250 von 252  Tagen gewertet (1m/5m/15m)     6075 Signale  130 ms lesen  11978 ms rechnen
2026-09-08T06:15:03.994Z  NSC/2022        roh          93171 reg. Kerzen    0/249/249 von 251  Tagen gewertet (1m/5m/15m)     6431 Signale  228 ms lesen  13000 ms rechnen
2026-09-08T06:15:16.440Z  NSC/2023        roh          91730 reg. Kerzen    0/250/250 von 250  Tagen gewertet (1m/5m/15m)     6209 Signale  146 ms lesen  12065 ms rechnen
2026-09-08T06:15:29.068Z  NSC/2024        roh          87302 reg. Kerzen    0/252/252 von 252  Tagen gewertet (1m/5m/15m)     6324 Signale  133 ms lesen  12252 ms rechnen
2026-09-08T06:15:42.143Z  NSC/2025        roh          88603 reg. Kerzen    0/250/250 von 250  Tagen gewertet (1m/5m/15m)     5996 Signale  161 ms lesen  12660 ms rechnen
2026-09-08T06:15:51.886Z  NSC/2026        roh          61958 reg. Kerzen    0/166/166 von 166  Tagen gewertet (1m/5m/15m)     3952 Signale  150 ms lesen  9342 ms rechnen
2026-09-08T06:15:52.246Z  NSSC/2016       bereinigt     9939 reg. Kerzen        0/0/0 von 252  Tagen gewertet (1m/5m/15m)        0 Signale  45 ms lesen  86 ms rechnen
2026-09-08T06:15:52.448Z  NSSC/2017       bereinigt    16630 reg. Kerzen        0/0/0 von 251  Tagen gewertet (1m/5m/15m)        0 Signale  22 ms lesen  144 ms rechnen
2026-09-08T06:15:52.680Z  NSSC/2018       bereinigt    15802 reg. Kerzen        0/0/0 von 250  Tagen gewertet (1m/5m/15m)        0 Signale  46 ms lesen  132 ms rechnen
2026-09-08T06:15:54.471Z  NSSC/2019       bereinigt    38978 reg. Kerzen      0/21/21 von 252  Tagen gewertet (1m/5m/15m)      565 Signale  81 ms lesen  1667 ms rechnen
2026-09-08T06:15:58.814Z  NSSC/2020       bereinigt    31989 reg. Kerzen        0/0/0 von 253  Tagen gewertet (1m/5m/15m)        0 Signale  3946 ms lesen  260 ms rechnen
2026-09-08T06:15:59.586Z  NSSC/2021       bereinigt    19868 reg. Kerzen        0/0/0 von 252  Tagen gewertet (1m/5m/15m)        0 Signale  478 ms lesen  183 ms rechnen
2026-09-08T06:16:02.408Z  NSSC/2022       bereinigt    38900 reg. Kerzen      0/24/26 von 251  Tagen gewertet (1m/5m/15m)      655 Signale  895 ms lesen  1862 ms rechnen
2026-09-08T06:16:38.996Z  NSSC/2023       roh          62082 reg. Kerzen    0/201/202 von 250  Tagen gewertet (1m/5m/15m)     5292 Signale  23796 ms lesen  12666 ms rechnen
2026-09-08T06:16:54.023Z  NSSC/2024       roh          59047 reg. Kerzen    0/236/236 von 252  Tagen gewertet (1m/5m/15m)     6304 Signale  90 ms lesen  14726 ms rechnen
2026-09-08T06:17:08.513Z  NSSC/2025       roh          54220 reg. Kerzen    0/223/232 von 250  Tagen gewertet (1m/5m/15m)     6004 Signale  98 ms lesen  14200 ms rechnen
2026-09-08T06:17:19.066Z  NSSC/2026       roh          34837 reg. Kerzen    0/159/166 von 166  Tagen gewertet (1m/5m/15m)     4278 Signale  59 ms lesen  10312 ms rechnen
2026-09-08T06:17:29.046Z  NTCO/2020       roh          78874 reg. Kerzen    0/144/144 von 250  Tagen gewertet (1m/5m/15m)     4068 Signale  130 ms lesen  9705 ms rechnen
2026-09-08T06:17:44.918Z  NTCO/2021       roh          77701 reg. Kerzen    0/234/236 von 252  Tagen gewertet (1m/5m/15m)     6473 Signale  133 ms lesen  15481 ms rechnen
2026-09-08T06:17:55.416Z  NTCO/2022       roh          81995 reg. Kerzen    0/143/143 von 251  Tagen gewertet (1m/5m/15m)     3995 Signale  141 ms lesen  10093 ms rechnen
2026-09-08T06:17:58.735Z  NTCO/2023       roh          72844 reg. Kerzen      0/39/39 von 250  Tagen gewertet (1m/5m/15m)     1055 Signale  107 ms lesen  2951 ms rechnen
2026-09-08T06:17:59.623Z  NTCO/2024       roh           8634 reg. Kerzen        0/8/8 von 28   Tagen gewertet (1m/5m/15m)      231 Signale  31 ms lesen  618 ms rechnen
2026-09-08T06:18:02.330Z  NTLA/2016       roh          34392 reg. Kerzen      0/38/38 von 166  Tagen gewertet (1m/5m/15m)     1034 Signale  83 ms lesen  2586 ms rechnen
2026-09-08T06:18:08.102Z  NTLA/2017       roh          57870 reg. Kerzen      0/77/77 von 251  Tagen gewertet (1m/5m/15m)     2071 Signale  99 ms lesen  5551 ms rechnen
2026-09-08T06:18:26.932Z  NTLA/2018       roh          81826 reg. Kerzen    0/249/249 von 251  Tagen gewertet (1m/5m/15m)     6798 Signale  141 ms lesen  18507 ms rechnen
2026-09-08T06:18:43.350Z  NTLA/2019       roh          75116 reg. Kerzen    0/228/228 von 252  Tagen gewertet (1m/5m/15m)     6172 Signale  173 ms lesen  15977 ms rechnen
2026-09-08T06:19:01.508Z  NTLA/2020       roh          88255 reg. Kerzen    0/253/253 von 253  Tagen gewertet (1m/5m/15m)     6915 Signale  141 ms lesen  17763 ms rechnen
2026-09-08T06:19:20.864Z  NTLA/2021       roh          89512 reg. Kerzen    0/252/252 von 252  Tagen gewertet (1m/5m/15m)     6879 Signale  136 ms lesen  18948 ms rechnen
2026-09-08T06:19:40.445Z  NTLA/2022       roh          90096 reg. Kerzen    0/251/251 von 251  Tagen gewertet (1m/5m/15m)     6968 Signale  141 ms lesen  19160 ms rechnen
2026-09-08T06:19:59.790Z  NTLA/2023       roh          89621 reg. Kerzen    0/250/250 von 250  Tagen gewertet (1m/5m/15m)     6854 Signale  148 ms lesen  18882 ms rechnen
2026-09-08T06:20:17.558Z  NTLA/2024       roh          94181 reg. Kerzen    0/252/252 von 252  Tagen gewertet (1m/5m/15m)     6787 Signale  164 ms lesen  17278 ms rechnen
2026-09-08T06:20:35.416Z  NTLA/2025       roh          96377 reg. Kerzen    0/250/250 von 250  Tagen gewertet (1m/5m/15m)     6765 Signale  242 ms lesen  17306 ms rechnen
2026-09-08T06:20:46.751Z  NTLA/2026       roh          64330 reg. Kerzen    0/166/166 von 166  Tagen gewertet (1m/5m/15m)     4546 Signale  118 ms lesen  10955 ms rechnen
2026-09-08T06:20:47.157Z  NTRSP/2016      roh           6675 reg. Kerzen        0/0/0 von 252  Tagen gewertet (1m/5m/15m)        0 Signale  103 ms lesen  43 ms rechnen
2026-09-08T06:20:47.260Z  NTRSP/2017      roh           5609 reg. Kerzen        0/0/0 von 251  Tagen gewertet (1m/5m/15m)        0 Signale  31 ms lesen  48 ms rechnen
2026-09-08T06:20:47.378Z  NTRSP/2018      roh           8769 reg. Kerzen        0/0/0 von 249  Tagen gewertet (1m/5m/15m)        0 Signale  39 ms lesen  58 ms rechnen
2026-09-08T06:20:47.534Z  NTRSP/2019      roh          10076 reg. Kerzen        0/0/0 von 252  Tagen gewertet (1m/5m/15m)        0 Signale  35 ms lesen  95 ms rechnen
2026-09-08T06:21:00.413Z  NUE/2016        roh          97854 reg. Kerzen    0/232/232 von 252  Tagen gewertet (1m/5m/15m)     5959 Signale  146 ms lesen  12670 ms rechnen
2026-09-08T06:21:15.247Z  NUE/2017        roh          96903 reg. Kerzen    0/251/251 von 251  Tagen gewertet (1m/5m/15m)     6429 Signale  140 ms lesen  14401 ms rechnen
2026-09-08T06:21:29.998Z  NUE/2018        roh          97061 reg. Kerzen    0/251/251 von 251  Tagen gewertet (1m/5m/15m)     6419 Signale  144 ms lesen  14363 ms rechnen
2026-09-08T06:21:43.685Z  NUE/2019        roh          97048 reg. Kerzen    0/252/252 von 252  Tagen gewertet (1m/5m/15m)     6308 Signale  162 ms lesen  13231 ms rechnen
2026-09-08T06:21:59.093Z  NUE/2020        roh          97433 reg. Kerzen    0/253/253 von 253  Tagen gewertet (1m/5m/15m)     6620 Signale  177 ms lesen  14959 ms rechnen
2026-09-08T06:22:13.181Z  NUE/2021        roh          97072 reg. Kerzen    0/250/250 von 252  Tagen gewertet (1m/5m/15m)     6603 Signale  165 ms lesen  13696 ms rechnen
2026-09-08T06:22:28.220Z  NUE/2022        roh          96380 reg. Kerzen    0/249/249 von 251  Tagen gewertet (1m/5m/15m)     6670 Signale  243 ms lesen  14484 ms rechnen
2026-09-08T06:22:41.750Z  NUE/2023        roh          93853 reg. Kerzen    0/250/250 von 250  Tagen gewertet (1m/5m/15m)     6364 Signale  160 ms lesen  13071 ms rechnen
2026-09-08T06:22:55.209Z  NUE/2024        roh          91823 reg. Kerzen    0/252/252 von 252  Tagen gewertet (1m/5m/15m)     6366 Signale  149 ms lesen  13039 ms rechnen
2026-09-08T06:23:08.650Z  NUE/2025        roh          92805 reg. Kerzen    0/250/250 von 250  Tagen gewertet (1m/5m/15m)     6542 Signale  162 ms lesen  13032 ms rechnen
2026-09-08T06:23:17.961Z  NUE/2026        roh          59403 reg. Kerzen    0/166/166 von 166  Tagen gewertet (1m/5m/15m)     4301 Signale  121 ms lesen  8946 ms rechnen
2026-09-08T06:23:18.226Z  NUZE/2020       bereinigt     2930 reg. Kerzen        0/0/0 von 136  Tagen gewertet (1m/5m/15m)        0 Signale  29 ms lesen  36 ms rechnen
2026-09-08T06:23:18.450Z  NUZE/2021       bereinigt    20860 reg. Kerzen        0/0/0 von 252  Tagen gewertet (1m/5m/15m)        0 Signale  50 ms lesen  159 ms rechnen
2026-09-08T06:23:18.614Z  NUZE/2022       bereinigt    10363 reg. Kerzen        0/0/0 von 251  Tagen gewertet (1m/5m/15m)        0 Signale  31 ms lesen  84 ms rechnen
2026-09-08T06:23:18.729Z  NUZE/2023       roh           6166 reg. Kerzen        0/0/0 von 244  Tagen gewertet (1m/5m/15m)        0 Signale  32 ms lesen  60 ms rechnen
2026-09-08T06:23:18.899Z  NUZE/2024       roh          16086 reg. Kerzen        0/0/0 von 209  Tagen gewertet (1m/5m/15m)        0 Signale  46 ms lesen  98 ms rechnen
2026-09-08T06:23:19.019Z  NVET/2016       roh           4111 reg. Kerzen        0/0/0 von 246  Tagen gewertet (1m/5m/15m)        0 Signale  43 ms lesen  25 ms rechnen
2026-09-08T06:23:19.070Z  NVET/2017       roh           2293 reg. Kerzen        0/0/0 von 140  Tagen gewertet (1m/5m/15m)        0 Signale  14 ms lesen  24 ms rechnen
2026-09-08T06:23:29.461Z  NVO/2016        bereinigt    95856 reg. Kerzen    0/232/232 von 252  Tagen gewertet (1m/5m/15m)     5691 Signale  136 ms lesen  10220 ms rechnen
2026-09-08T06:23:40.669Z  NVO/2017        bereinigt    94605 reg. Kerzen    0/251/251 von 251  Tagen gewertet (1m/5m/15m)     5920 Signale  139 ms lesen  10820 ms rechnen
2026-09-08T06:23:52.039Z  NVO/2018        bereinigt    94998 reg. Kerzen    0/251/251 von 251  Tagen gewertet (1m/5m/15m)     5994 Signale  143 ms lesen  10977 ms rechnen
2026-09-08T06:23:54.071Z  CHECKPOINT 3600 Dateien, 709 min, Detektorfehler {}
2026-09-08T06:24:05.024Z  NVO/2019        bereinigt    95017 reg. Kerzen    0/252/252 von 252  Tagen gewertet (1m/5m/15m)     5928 Signale  144 ms lesen  10808 ms rechnen
2026-09-08T06:24:17.040Z  NVO/2020        bereinigt    93448 reg. Kerzen    0/253/253 von 253  Tagen gewertet (1m/5m/15m)     6263 Signale  128 ms lesen  11640 ms rechnen
2026-09-08T06:24:28.182Z  NVO/2021        bereinigt    88422 reg. Kerzen    0/250/250 von 252  Tagen gewertet (1m/5m/15m)     5860 Signale  136 ms lesen  10691 ms rechnen
2026-09-08T06:24:40.174Z  NVO/2022        bereinigt    93132 reg. Kerzen    0/249/249 von 250  Tagen gewertet (1m/5m/15m)     6413 Signale  141 ms lesen  11615 ms rechnen
2026-09-08T06:24:51.987Z  NVO/2023        bereinigt    95152 reg. Kerzen    0/250/250 von 250  Tagen gewertet (1m/5m/15m)     6219 Signale  143 ms lesen  11445 ms rechnen
2026-09-08T06:25:03.893Z  NVO/2024        roh          97688 reg. Kerzen    0/252/252 von 252  Tagen gewertet (1m/5m/15m)     6292 Signale  191 ms lesen  11436 ms rechnen
2026-09-08T06:25:16.542Z  NVO/2025        roh          96960 reg. Kerzen    0/250/250 von 250  Tagen gewertet (1m/5m/15m)     6469 Signale  189 ms lesen  12204 ms rechnen
2026-09-08T06:25:25.209Z  NVO/2026        roh          64720 reg. Kerzen    0/166/166 von 166  Tagen gewertet (1m/5m/15m)     4310 Signale  162 ms lesen  8215 ms rechnen
2026-09-08T06:25:25.715Z  NVTA/2016       roh          38436 reg. Kerzen        0/0/0 von 252  Tagen gewertet (1m/5m/15m)        0 Signale  95 ms lesen  234 ms rechnen
2026-09-08T06:25:26.264Z  NVTA/2017       roh          56946 reg. Kerzen        0/0/0 von 251  Tagen gewertet (1m/5m/15m)        0 Signale  89 ms lesen  361 ms rechnen
2026-09-08T06:25:35.960Z  NVTA/2018       roh          79383 reg. Kerzen    0/143/143 von 251  Tagen gewertet (1m/5m/15m)     3870 Signale  99 ms lesen  9419 ms rechnen
2026-09-08T06:25:52.199Z  NVTA/2019       roh          94512 reg. Kerzen    0/252/252 von 252  Tagen gewertet (1m/5m/15m)     6904 Signale  152 ms lesen  15880 ms rechnen
2026-09-08T06:26:08.276Z  NVTA/2020       roh          97709 reg. Kerzen    0/253/253 von 253  Tagen gewertet (1m/5m/15m)     6789 Signale  146 ms lesen  15678 ms rechnen
2026-09-08T06:26:24.485Z  NVTA/2021       roh          97024 reg. Kerzen    0/250/250 von 252  Tagen gewertet (1m/5m/15m)     6859 Signale  178 ms lesen  15762 ms rechnen
2026-09-08T06:26:41.518Z  NVTA/2022       roh          96787 reg. Kerzen    0/249/249 von 251  Tagen gewertet (1m/5m/15m)     6940 Signale  145 ms lesen  16617 ms rechnen
2026-09-08T06:26:55.764Z  NVTA/2023       roh          95750 reg. Kerzen    0/203/203 von 250  Tagen gewertet (1m/5m/15m)     5620 Signale  216 ms lesen  13751 ms rechnen
2026-09-08T06:26:56.890Z  NVTA/2024       roh           8988 reg. Kerzen      0/10/10 von 24   Tagen gewertet (1m/5m/15m)      277 Signale  37 ms lesen  792 ms rechnen
2026-09-08T06:27:08.965Z  NWG/2016        bereinigt    81230 reg. Kerzen    0/232/232 von 252  Tagen gewertet (1m/5m/15m)     6353 Signale  223 ms lesen  11762 ms rechnen
2026-09-08T06:27:17.200Z  NWG/2017        bereinigt    71954 reg. Kerzen    0/167/167 von 251  Tagen gewertet (1m/5m/15m)     4305 Signale  165 ms lesen  7789 ms rechnen
2026-09-08T06:27:23.389Z  NWG/2018        bereinigt    74110 reg. Kerzen    0/110/110 von 251  Tagen gewertet (1m/5m/15m)     2801 Signale  177 ms lesen  5849 ms rechnen
2026-09-08T06:27:29.597Z  NWG/2019        bereinigt    70683 reg. Kerzen    0/120/120 von 252  Tagen gewertet (1m/5m/15m)     3133 Signale  231 ms lesen  5804 ms rechnen
2026-09-08T06:27:37.774Z  NWG/2020        bereinigt    76447 reg. Kerzen    0/138/138 von 253  Tagen gewertet (1m/5m/15m)     3885 Signale  215 ms lesen  7784 ms rechnen
2026-09-08T06:27:45.531Z  NWG/2021        bereinigt    62249 reg. Kerzen    0/159/159 von 252  Tagen gewertet (1m/5m/15m)     4147 Signale  158 ms lesen  7390 ms rechnen
2026-09-08T06:27:58.162Z  NWG/2022        bereinigt    78330 reg. Kerzen    0/242/242 von 249  Tagen gewertet (1m/5m/15m)     6528 Signale  164 ms lesen  12288 ms rechnen
2026-09-08T06:28:10.365Z  NWG/2023        roh          82554 reg. Kerzen    0/250/250 von 250  Tagen gewertet (1m/5m/15m)     6391 Signale  149 ms lesen  11831 ms rechnen
2026-09-08T06:28:22.294Z  NWG/2024        roh          83369 reg. Kerzen    0/252/252 von 252  Tagen gewertet (1m/5m/15m)     6377 Signale  169 ms lesen  11519 ms rechnen
2026-09-08T06:28:34.198Z  NWG/2025        roh          92137 reg. Kerzen    0/250/250 von 250  Tagen gewertet (1m/5m/15m)     6172 Signale  151 ms lesen  11524 ms rechnen
2026-09-08T06:28:42.281Z  NWG/2026        roh          62622 reg. Kerzen    0/166/166 von 166  Tagen gewertet (1m/5m/15m)     4217 Signale  111 ms lesen  7717 ms rechnen
2026-09-08T06:28:42.755Z  NWTN/2022       roh           6861 reg. Kerzen        0/0/0 von 33   Tagen gewertet (1m/5m/15m)        0 Signale  219 ms lesen  37 ms rechnen
2026-09-08T06:28:42.909Z  NWTN/2023       roh          10573 reg. Kerzen        0/0/0 von 250  Tagen gewertet (1m/5m/15m)        0 Signale  49 ms lesen  90 ms rechnen
2026-09-08T06:28:43.079Z  NWTN/2024       roh          14043 reg. Kerzen        0/0/0 von 252  Tagen gewertet (1m/5m/15m)        0 Signale  50 ms lesen  83 ms rechnen
2026-09-08T06:28:43.238Z  NWTN/2025       roh          13091 reg. Kerzen        0/0/0 von 161  Tagen gewertet (1m/5m/15m)        0 Signale  33 ms lesen  90 ms rechnen
2026-09-08T06:28:56.547Z  NXST/2016       roh          79613 reg. Kerzen    0/232/232 von 252  Tagen gewertet (1m/5m/15m)     6191 Signale  98 ms lesen  13166 ms rechnen
2026-09-08T06:29:10.203Z  NXST/2017       roh          79051 reg. Kerzen    0/251/251 von 251  Tagen gewertet (1m/5m/15m)     6558 Signale  90 ms lesen  13352 ms rechnen
2026-09-08T06:29:23.859Z  NXST/2018       roh          75163 reg. Kerzen    0/249/249 von 251  Tagen gewertet (1m/5m/15m)     6535 Signale  102 ms lesen  13338 ms rechnen
2026-09-08T06:29:37.086Z  NXST/2019       roh          74643 reg. Kerzen    0/252/252 von 252  Tagen gewertet (1m/5m/15m)     6611 Signale  85 ms lesen  12915 ms rechnen
2026-09-08T06:29:52.267Z  NXST/2020       roh          77260 reg. Kerzen    0/253/253 von 253  Tagen gewertet (1m/5m/15m)     6925 Signale  144 ms lesen  14818 ms rechnen
2026-09-08T06:30:06.515Z  NXST/2021       roh          65539 reg. Kerzen    0/252/252 von 252  Tagen gewertet (1m/5m/15m)     6745 Signale  90 ms lesen  13964 ms rechnen
2026-09-08T06:30:20.268Z  NXST/2022       roh          65593 reg. Kerzen    0/251/251 von 251  Tagen gewertet (1m/5m/15m)     6617 Signale  87 ms lesen  13480 ms rechnen
2026-09-08T06:30:33.541Z  NXST/2023       roh          60088 reg. Kerzen    0/249/250 von 250  Tagen gewertet (1m/5m/15m)     6487 Signale  65 ms lesen  13009 ms rechnen
2026-09-08T06:30:47.084Z  NXST/2024       roh          50988 reg. Kerzen    0/248/252 von 252  Tagen gewertet (1m/5m/15m)     6458 Signale  87 ms lesen  13270 ms rechnen
2026-09-08T06:30:59.295Z  NXST/2025       roh          50967 reg. Kerzen    0/230/250 von 250  Tagen gewertet (1m/5m/15m)     6211 Signale  85 ms lesen  11987 ms rechnen
2026-09-08T06:31:08.456Z  NXST/2026       roh          32463 reg. Kerzen    0/151/166 von 166  Tagen gewertet (1m/5m/15m)     4155 Signale  89 ms lesen  8891 ms rechnen
2026-09-08T06:31:21.482Z  NYLD/2016       roh          79858 reg. Kerzen    0/223/223 von 252  Tagen gewertet (1m/5m/15m)     5991 Signale  117 ms lesen  12785 ms rechnen
2026-09-08T06:31:36.158Z  NYLD/2017       roh          68268 reg. Kerzen    0/251/251 von 251  Tagen gewertet (1m/5m/15m)     6541 Signale  118 ms lesen  14290 ms rechnen
2026-09-08T06:31:46.044Z  NYLD/2018       roh          51943 reg. Kerzen    0/174/174 von 178  Tagen gewertet (1m/5m/15m)     4481 Signale  92 ms lesen  9586 ms rechnen
2026-09-08T06:31:46.469Z  NYMX/2016       roh          31701 reg. Kerzen        0/0/0 von 252  Tagen gewertet (1m/5m/15m)        0 Signale  105 ms lesen  181 ms rechnen
2026-09-08T06:31:46.843Z  NYMX/2017       roh          29825 reg. Kerzen        0/0/0 von 251  Tagen gewertet (1m/5m/15m)        0 Signale  55 ms lesen  229 ms rechnen
2026-09-08T06:31:47.147Z  NYMX/2018       roh          22733 reg. Kerzen        0/0/0 von 251  Tagen gewertet (1m/5m/15m)        0 Signale  54 ms lesen  160 ms rechnen
2026-09-08T06:31:47.422Z  NYMX/2019       roh          19692 reg. Kerzen        0/0/0 von 252  Tagen gewertet (1m/5m/15m)        0 Signale  51 ms lesen  154 ms rechnen
2026-09-08T06:31:47.747Z  NYMX/2020       roh          29833 reg. Kerzen        0/0/0 von 253  Tagen gewertet (1m/5m/15m)        0 Signale  72 ms lesen  208 ms rechnen
2026-09-08T06:31:48.263Z  NYMX/2021       roh          27830 reg. Kerzen        0/0/0 von 252  Tagen gewertet (1m/5m/15m)        0 Signale  234 ms lesen  208 ms rechnen
2026-09-08T06:31:48.538Z  NYMX/2022       roh          16348 reg. Kerzen        0/0/0 von 251  Tagen gewertet (1m/5m/15m)        0 Signale  53 ms lesen  121 ms rechnen
2026-09-08T06:31:48.612Z  NYMX/2023       roh           4301 reg. Kerzen        0/0/0 von 127  Tagen gewertet (1m/5m/15m)        0 Signale  14 ms lesen  25 ms rechnen
2026-09-08T06:32:00.437Z  OAK/2016        roh          59621 reg. Kerzen    0/228/232 von 252  Tagen gewertet (1m/5m/15m)     5833 Signale  111 ms lesen  11692 ms rechnen
2026-09-08T06:32:11.527Z  OAK/2017        roh          52832 reg. Kerzen    0/227/242 von 251  Tagen gewertet (1m/5m/15m)     5562 Signale  122 ms lesen  10791 ms rechnen
2026-09-08T06:32:23.457Z  OAK/2018        roh          55643 reg. Kerzen    0/247/251 von 251  Tagen gewertet (1m/5m/15m)     6076 Signale  97 ms lesen  11680 ms rechnen
2026-09-08T06:32:31.189Z  OAK/2019        roh          48048 reg. Kerzen    0/184/187 von 187  Tagen gewertet (1m/5m/15m)     3820 Signale  80 ms lesen  7536 ms rechnen
2026-09-08T06:32:32.028Z  OBDE/2024       roh          26175 reg. Kerzen      0/12/16 von 236  Tagen gewertet (1m/5m/15m)      270 Signale  53 ms lesen  610 ms rechnen
2026-09-08T06:32:32.364Z  OBDE/2025       roh           1329 reg. Kerzen        0/6/6 von 6    Tagen gewertet (1m/5m/15m)      138 Signale  17 ms lesen  242 ms rechnen
2026-09-08T06:32:32.419Z  OCEA/2021       roh            109 reg. Kerzen        0/0/0 von 19   Tagen gewertet (1m/5m/15m)        0 Signale  50 ms lesen  1 ms rechnen
2026-09-08T06:32:32.479Z  OCEA/2022       roh            339 reg. Kerzen        0/0/0 von 117  Tagen gewertet (1m/5m/15m)        0 Signale  52 ms lesen  7 ms rechnen
2026-09-08T06:32:32.874Z  OCEA/2023       roh          33305 reg. Kerzen        0/0/0 von 244  Tagen gewertet (1m/5m/15m)        0 Signale  158 ms lesen  235 ms rechnen
2026-09-08T06:32:34.082Z  OCEA/2024       roh          24888 reg. Kerzen      0/14/14 von 252  Tagen gewertet (1m/5m/15m)      387 Signale  59 ms lesen  1050 ms rechnen
2026-09-08T06:32:34.343Z  OCEA/2025       roh          22525 reg. Kerzen        0/0/0 von 76   Tagen gewertet (1m/5m/15m)        0 Signale  60 ms lesen  129 ms rechnen
2026-09-08T06:32:34.411Z  AUSGELASSEN OCEA/2026: Datei fehlt
2026-09-08T06:32:34.541Z  OCRX/2016       roh          14775 reg. Kerzen        0/0/0 von 252  Tagen gewertet (1m/5m/15m)        0 Signale  43 ms lesen  86 ms rechnen
2026-09-08T06:32:34.839Z  OCRX/2017       roh          31764 reg. Kerzen        0/0/0 von 237  Tagen gewertet (1m/5m/15m)        0 Signale  57 ms lesen  211 ms rechnen
2026-09-08T06:32:40.926Z  ODD/2023        roh          32622 reg. Kerzen      0/94/95 von 115  Tagen gewertet (1m/5m/15m)     2561 Signale  140 ms lesen  5848 ms rechnen
2026-09-08T06:32:56.382Z  ODD/2024        roh          66121 reg. Kerzen    0/244/252 von 252  Tagen gewertet (1m/5m/15m)     6622 Signale  117 ms lesen  15236 ms rechnen
2026-09-08T06:33:12.216Z  ODD/2025        roh          69966 reg. Kerzen    0/249/250 von 250  Tagen gewertet (1m/5m/15m)     6777 Signale  111 ms lesen  15486 ms rechnen
2026-09-08T06:33:22.704Z  ODD/2026        roh          55247 reg. Kerzen    0/166/166 von 166  Tagen gewertet (1m/5m/15m)     4548 Signale  105 ms lesen  10139 ms rechnen
2026-09-08T06:33:34.082Z  OFC/2016        roh          85251 reg. Kerzen    0/232/232 von 252  Tagen gewertet (1m/5m/15m)     5661 Signale  142 ms lesen  11066 ms rechnen
2026-09-08T06:33:45.510Z  OFC/2017        roh          80013 reg. Kerzen    0/251/251 von 251  Tagen gewertet (1m/5m/15m)     5815 Signale  122 ms lesen  11057 ms rechnen
2026-09-08T06:33:57.815Z  OFC/2018        roh          86873 reg. Kerzen    0/251/251 von 251  Tagen gewertet (1m/5m/15m)     6052 Signale  142 ms lesen  11975 ms rechnen
2026-09-08T06:34:09.905Z  OFC/2019        roh          79598 reg. Kerzen    0/252/252 von 252  Tagen gewertet (1m/5m/15m)     5954 Signale  140 ms lesen  11672 ms rechnen
2026-09-08T06:34:24.188Z  OFC/2020        roh          84057 reg. Kerzen    0/253/253 von 253  Tagen gewertet (1m/5m/15m)     6569 Signale  112 ms lesen  13973 ms rechnen
2026-09-08T06:34:37.499Z  OFC/2021        roh          81996 reg. Kerzen    0/250/250 von 252  Tagen gewertet (1m/5m/15m)     6293 Signale  123 ms lesen  12952 ms rechnen
2026-09-08T06:34:51.238Z  OFC/2022        roh          81377 reg. Kerzen    0/249/249 von 251  Tagen gewertet (1m/5m/15m)     6503 Signale  134 ms lesen  13376 ms rechnen
2026-09-08T06:35:00.526Z  OFC/2023        roh          57418 reg. Kerzen    0/176/176 von 176  Tagen gewertet (1m/5m/15m)     4427 Signale  80 ms lesen  9006 ms rechnen
2026-09-08T06:35:00.682Z  OHAA/2021       roh              4 reg. Kerzen        0/0/0 von 3    Tagen gewertet (1m/5m/15m)        0 Signale  1 ms lesen  0 ms rechnen
2026-09-08T06:35:00.706Z  OHAA/2022       roh            801 reg. Kerzen        0/0/0 von 133  Tagen gewertet (1m/5m/15m)        0 Signale  14 ms lesen  9 ms rechnen
2026-09-08T06:35:00.733Z  OHAA/2023       roh            571 reg. Kerzen        0/0/0 von 113  Tagen gewertet (1m/5m/15m)        0 Signale  15 ms lesen  8 ms rechnen
2026-09-08T06:35:00.994Z  OIG/2022        bereinigt    25452 reg. Kerzen        0/0/0 von 107  Tagen gewertet (1m/5m/15m)        0 Signale  79 ms lesen  157 ms rechnen
2026-09-08T06:35:01.341Z  OIG/2023        bereinigt    21940 reg. Kerzen        0/0/0 von 164  Tagen gewertet (1m/5m/15m)        0 Signale  111 ms lesen  157 ms rechnen
2026-09-08T06:35:01.540Z  OLBK/2016       roh          10028 reg. Kerzen        0/0/0 von 252  Tagen gewertet (1m/5m/15m)        0 Signale  63 ms lesen  73 ms rechnen
2026-09-08T06:35:01.683Z  OLBK/2017       roh          12308 reg. Kerzen        0/0/0 von 251  Tagen gewertet (1m/5m/15m)        0 Signale  28 ms lesen  81 ms rechnen
2026-09-08T06:35:01.880Z  OLBK/2018       roh          19385 reg. Kerzen        0/0/0 von 251  Tagen gewertet (1m/5m/15m)        0 Signale  54 ms lesen  118 ms rechnen
2026-09-08T06:35:02.092Z  OLBK/2019       roh          17555 reg. Kerzen        0/0/0 von 227  Tagen gewertet (1m/5m/15m)        0 Signale  38 ms lesen  112 ms rechnen
2026-09-08T06:35:04.964Z  OLPX/2021       roh          23526 reg. Kerzen      0/45/45 von 65   Tagen gewertet (1m/5m/15m)     1231 Signale  88 ms lesen  2717 ms rechnen
2026-09-08T06:35:20.720Z  OLPX/2022       roh          94981 reg. Kerzen    0/251/251 von 251  Tagen gewertet (1m/5m/15m)     6967 Signale  202 ms lesen  15489 ms rechnen
2026-09-08T06:35:30.606Z  OLPX/2023       roh          92432 reg. Kerzen    0/149/149 von 250  Tagen gewertet (1m/5m/15m)     4140 Signale  137 ms lesen  9479 ms rechnen
2026-09-08T06:35:32.504Z  OLPX/2024       roh          90746 reg. Kerzen      0/15/15 von 252  Tagen gewertet (1m/5m/15m)      399 Signale  147 ms lesen  1489 ms rechnen
2026-09-08T06:35:33.299Z  OLPX/2025       roh          78195 reg. Kerzen        0/0/0 von 250  Tagen gewertet (1m/5m/15m)        0 Signale  179 ms lesen  380 ms rechnen
2026-09-08T06:35:36.049Z  OLPX/2026       roh          42220 reg. Kerzen      0/48/48 von 126  Tagen gewertet (1m/5m/15m)      939 Signale  72 ms lesen  2474 ms rechnen
2026-09-08T06:35:36.600Z  OMED/2016       roh          49327 reg. Kerzen        0/0/0 von 252  Tagen gewertet (1m/5m/15m)        0 Signale  102 ms lesen  313 ms rechnen
2026-09-08T06:35:37.175Z  OMED/2017       roh          47718 reg. Kerzen        0/0/0 von 251  Tagen gewertet (1m/5m/15m)        0 Signale  83 ms lesen  347 ms rechnen
2026-09-08T06:35:37.601Z  OMED/2018       roh          29865 reg. Kerzen        0/0/0 von 251  Tagen gewertet (1m/5m/15m)        0 Signale  67 ms lesen  217 ms rechnen
2026-09-08T06:35:37.824Z  OMED/2019       roh          11491 reg. Kerzen        0/0/0 von 76   Tagen gewertet (1m/5m/15m)        0 Signale  36 ms lesen  91 ms rechnen
2026-09-08T06:35:37.993Z  OMP/2017        roh           8146 reg. Kerzen        0/0/0 von 70   Tagen gewertet (1m/5m/15m)        0 Signale  56 ms lesen  60 ms rechnen
2026-09-08T06:35:38.196Z  OMP/2018        roh          20018 reg. Kerzen        0/0/0 von 251  Tagen gewertet (1m/5m/15m)        0 Signale  35 ms lesen  142 ms rechnen
2026-09-08T06:35:38.525Z  OMP/2019        roh          29567 reg. Kerzen        0/0/0 von 252  Tagen gewertet (1m/5m/15m)        0 Signale  38 ms lesen  227 ms rechnen
2026-09-08T06:35:39.278Z  OMP/2020        roh          41122 reg. Kerzen        0/4/4 von 253  Tagen gewertet (1m/5m/15m)      109 Signale  85 ms lesen  580 ms rechnen
2026-09-08T06:35:41.420Z  OMP/2021        roh          41357 reg. Kerzen      0/25/30 von 252  Tagen gewertet (1m/5m/15m)      705 Signale  132 ms lesen  1904 ms rechnen
2026-09-08T06:35:41.571Z  OMP/2022        roh           3065 reg. Kerzen        0/0/0 von 20   Tagen gewertet (1m/5m/15m)        0 Signale  18 ms lesen  26 ms rechnen
2026-09-08T06:35:42.126Z  ONDK/2016       roh          65981 reg. Kerzen        0/0/0 von 252  Tagen gewertet (1m/5m/15m)        0 Signale  138 ms lesen  404 ms rechnen
2026-09-08T06:35:42.797Z  ONDK/2017       roh          62027 reg. Kerzen        0/0/0 von 251  Tagen gewertet (1m/5m/15m)        0 Signale  113 ms lesen  383 ms rechnen
2026-09-08T06:35:44.024Z  ONDK/2018       roh          72390 reg. Kerzen        0/8/8 von 251  Tagen gewertet (1m/5m/15m)      227 Signale  98 ms lesen  920 ms rechnen
2026-09-08T06:35:44.709Z  ONDK/2019       roh          66716 reg. Kerzen        0/0/0 von 252  Tagen gewertet (1m/5m/15m)        0 Signale  96 ms lesen  361 ms rechnen
2026-09-08T06:35:45.258Z  ONDK/2020       roh          58420 reg. Kerzen        0/0/0 von 197  Tagen gewertet (1m/5m/15m)        0 Signale  88 ms lesen  294 ms rechnen
2026-09-08T06:35:45.436Z  ONVI/2016       roh           1365 reg. Kerzen        0/0/0 von 178  Tagen gewertet (1m/5m/15m)        0 Signale  12 ms lesen  14 ms rechnen
2026-09-08T06:35:45.468Z  ONVI/2017       roh           1309 reg. Kerzen        0/0/0 von 183  Tagen gewertet (1m/5m/15m)        0 Signale  11 ms lesen  17 ms rechnen
2026-09-08T06:35:45.505Z  OPES/2018       roh            249 reg. Kerzen        0/0/0 von 74   Tagen gewertet (1m/5m/15m)        0 Signale  27 ms lesen  4 ms rechnen
2026-09-08T06:35:45.520Z  OPES/2019       roh            475 reg. Kerzen        0/0/0 von 142  Tagen gewertet (1m/5m/15m)        0 Signale  5 ms lesen  8 ms rechnen
2026-09-08T06:35:47.220Z  OPES/2020       roh          27596 reg. Kerzen      0/23/23 von 175  Tagen gewertet (1m/5m/15m)      625 Signale  53 ms lesen  1644 ms rechnen
2026-09-08T06:35:47.395Z  OPTN/2017       bereinigt     9393 reg. Kerzen        0/0/0 von 54   Tagen gewertet (1m/5m/15m)        0 Signale  54 ms lesen  42 ms rechnen
2026-09-08T06:35:48.832Z  OPTN/2018       bereinigt    38793 reg. Kerzen      0/19/20 von 251  Tagen gewertet (1m/5m/15m)      494 Signale  75 ms lesen  1328 ms rechnen
2026-09-08T06:35:49.395Z  OPTN/2019       bereinigt    42334 reg. Kerzen        0/0/0 von 252  Tagen gewertet (1m/5m/15m)        0 Signale  171 ms lesen  285 ms rechnen
2026-09-08T06:35:50.000Z  OPTN/2020       bereinigt    53854 reg. Kerzen        0/0/0 von 253  Tagen gewertet (1m/5m/15m)        0 Signale  104 ms lesen  359 ms rechnen
2026-09-08T06:35:50.574Z  OPTN/2021       bereinigt    50979 reg. Kerzen        0/0/0 von 252  Tagen gewertet (1m/5m/15m)        0 Signale  91 ms lesen  331 ms rechnen
2026-09-08T06:35:51.035Z  OPTN/2022       bereinigt    30427 reg. Kerzen        0/0/0 von 251  Tagen gewertet (1m/5m/15m)        0 Signale  53 ms lesen  234 ms rechnen
2026-09-08T06:35:51.470Z  OPTN/2023       bereinigt    41893 reg. Kerzen        0/0/0 von 250  Tagen gewertet (1m/5m/15m)        0 Signale  73 ms lesen  254 ms rechnen
2026-09-08T06:35:52.001Z  OPTN/2024       bereinigt    50594 reg. Kerzen        0/0/0 von 252  Tagen gewertet (1m/5m/15m)        0 Signale  95 ms lesen  333 ms rechnen
2026-09-08T06:35:52.195Z  OPTN/2025       roh           4940 reg. Kerzen        0/0/0 von 95   Tagen gewertet (1m/5m/15m)        0 Signale  32 ms lesen  38 ms rechnen
2026-09-08T06:35:53.749Z  ORC/2016        bereinigt    55107 reg. Kerzen      0/26/26 von 252  Tagen gewertet (1m/5m/15m)      574 Signale  98 ms lesen  1417 ms rechnen
2026-09-08T06:36:05.730Z  ORC/2017        bereinigt    78629 reg. Kerzen    0/251/251 von 251  Tagen gewertet (1m/5m/15m)     6182 Signale  123 ms lesen  11691 ms rechnen
2026-09-08T06:36:10.841Z  ORC/2018        bereinigt    74494 reg. Kerzen      0/85/85 von 251  Tagen gewertet (1m/5m/15m)     2226 Signale  145 ms lesen  4747 ms rechnen
2026-09-08T06:36:12.138Z  ORC/2019        bereinigt    69957 reg. Kerzen        0/7/7 von 252  Tagen gewertet (1m/5m/15m)      200 Signale  240 ms lesen  856 ms rechnen
2026-09-08T06:36:18.575Z  ORC/2020        bereinigt    80075 reg. Kerzen      0/96/96 von 253  Tagen gewertet (1m/5m/15m)     2606 Signale  327 ms lesen  5922 ms rechnen
2026-09-08T06:36:31.586Z  ORC/2021        bereinigt    93515 reg. Kerzen    0/250/250 von 252  Tagen gewertet (1m/5m/15m)     6371 Signale  197 ms lesen  12582 ms rechnen
2026-09-08T06:36:46.283Z  ORC/2022        bereinigt    91542 reg. Kerzen    0/249/249 von 250  Tagen gewertet (1m/5m/15m)     6804 Signale  149 ms lesen  14318 ms rechnen
2026-09-08T06:36:59.576Z  ORC/2023        roh          82932 reg. Kerzen    0/250/250 von 250  Tagen gewertet (1m/5m/15m)     6444 Signale  298 ms lesen  12742 ms rechnen
2026-09-08T06:37:11.974Z  ORC/2024        roh          87335 reg. Kerzen    0/252/252 von 252  Tagen gewertet (1m/5m/15m)     6249 Signale  141 ms lesen  12012 ms rechnen
2026-09-08T06:37:24.819Z  ORC/2025        roh          94364 reg. Kerzen    0/250/250 von 250  Tagen gewertet (1m/5m/15m)     6172 Signale  144 ms lesen  12471 ms rechnen
2026-09-08T06:37:33.398Z  ORC/2026        roh          63501 reg. Kerzen    0/166/166 von 166  Tagen gewertet (1m/5m/15m)     4199 Signale  109 ms lesen  8223 ms rechnen
2026-09-08T06:37:37.683Z  ORIG/2016       bereinigt    80409 reg. Kerzen      0/55/55 von 252  Tagen gewertet (1m/5m/15m)     1553 Signale  168 ms lesen  3927 ms rechnen
2026-09-08T06:37:38.695Z  ORIG/2017       bereinigt    50405 reg. Kerzen        0/4/9 von 251  Tagen gewertet (1m/5m/15m)      157 Signale  102 ms lesen  693 ms rechnen
2026-09-08T06:37:45.868Z  ORIG/2018       roh          53814 reg. Kerzen    0/123/124 von 234  Tagen gewertet (1m/5m/15m)     3252 Signale  114 ms lesen  6934 ms rechnen
2026-09-08T06:37:46.011Z  ORSN/2019       roh             32 reg. Kerzen        0/0/0 von 15   Tagen gewertet (1m/5m/15m)        0 Signale  11 ms lesen  0 ms rechnen
2026-09-08T06:37:46.044Z  ORSN/2020       roh           1648 reg. Kerzen        0/0/0 von 137  Tagen gewertet (1m/5m/15m)        0 Signale  16 ms lesen  16 ms rechnen
2026-09-08T06:37:46.131Z  OSHC/2016       roh           5047 reg. Kerzen        0/0/0 von 229  Tagen gewertet (1m/5m/15m)        0 Signale  27 ms lesen  46 ms rechnen
2026-09-08T06:37:46.210Z  OSTR/2021       roh           3880 reg. Kerzen        0/0/0 von 177  Tagen gewertet (1m/5m/15m)        0 Signale  41 ms lesen  20 ms rechnen
2026-09-08T06:37:46.256Z  OSTR/2022       roh           4044 reg. Kerzen        0/0/0 von 208  Tagen gewertet (1m/5m/15m)        0 Signale  17 ms lesen  21 ms rechnen
2026-09-08T06:37:46.422Z  OTIV/2016       roh          12098 reg. Kerzen        0/0/0 von 252  Tagen gewertet (1m/5m/15m)        0 Signale  63 ms lesen  87 ms rechnen
2026-09-08T06:37:46.636Z  OTIV/2017       roh          17817 reg. Kerzen        0/0/0 von 251  Tagen gewertet (1m/5m/15m)        0 Signale  51 ms lesen  136 ms rechnen
2026-09-08T06:37:46.918Z  OTIV/2018       roh          22911 reg. Kerzen        0/0/0 von 251  Tagen gewertet (1m/5m/15m)        0 Signale  60 ms lesen  166 ms rechnen
2026-09-08T06:37:47.090Z  OTIV/2019       roh           9089 reg. Kerzen        0/0/0 von 210  Tagen gewertet (1m/5m/15m)        0 Signale  24 ms lesen  73 ms rechnen
2026-09-08T06:37:47.668Z  OVAS/2016       bereinigt    69556 reg. Kerzen        0/0/0 von 252  Tagen gewertet (1m/5m/15m)        0 Signale  149 ms lesen  401 ms rechnen
2026-09-08T06:37:48.298Z  OVAS/2017       bereinigt    51929 reg. Kerzen        0/0/0 von 251  Tagen gewertet (1m/5m/15m)        0 Signale  101 ms lesen  338 ms rechnen
2026-09-08T06:37:48.683Z  OVAS/2018       bereinigt    24517 reg. Kerzen        0/0/0 von 235  Tagen gewertet (1m/5m/15m)        0 Signale  43 ms lesen  172 ms rechnen
2026-09-08T06:37:48.845Z  OXSQZ/2019      roh           1267 reg. Kerzen        0/0/0 von 178  Tagen gewertet (1m/5m/15m)        0 Signale  70 ms lesen  16 ms rechnen
2026-09-08T06:37:48.881Z  OXSQZ/2020      roh            832 reg. Kerzen        0/0/0 von 215  Tagen gewertet (1m/5m/15m)        0 Signale  18 ms lesen  13 ms rechnen
2026-09-08T06:37:48.906Z  OXSQZ/2021      roh            758 reg. Kerzen        0/0/0 von 192  Tagen gewertet (1m/5m/15m)        0 Signale  10 ms lesen  10 ms rechnen
2026-09-08T06:37:48.935Z  OXSQZ/2022      roh            668 reg. Kerzen        0/0/0 von 171  Tagen gewertet (1m/5m/15m)        0 Signale  14 ms lesen  11 ms rechnen
2026-09-08T06:37:48.973Z  OXSQZ/2023      roh            660 reg. Kerzen        0/0/0 von 188  Tagen gewertet (1m/5m/15m)        0 Signale  24 ms lesen  11 ms rechnen
2026-09-08T06:37:48.999Z  OXSQZ/2024      roh            959 reg. Kerzen        0/0/0 von 212  Tagen gewertet (1m/5m/15m)        0 Signale  9 ms lesen  13 ms rechnen
2026-09-08T06:37:49.025Z  OXSQZ/2025      roh            680 reg. Kerzen        0/0/0 von 148  Tagen gewertet (1m/5m/15m)        0 Signale  13 ms lesen  10 ms rechnen
2026-09-08T06:38:02.557Z  PAA/2016        roh          96664 reg. Kerzen    0/232/232 von 252  Tagen gewertet (1m/5m/15m)     6210 Signale  120 ms lesen  13388 ms rechnen
2026-09-08T06:38:15.902Z  PAA/2017        roh          94601 reg. Kerzen    0/250/250 von 251  Tagen gewertet (1m/5m/15m)     6421 Signale  146 ms lesen  12931 ms rechnen
2026-09-08T06:38:29.945Z  PAA/2018        roh          95132 reg. Kerzen    0/251/251 von 251  Tagen gewertet (1m/5m/15m)     6520 Signale  278 ms lesen  13520 ms rechnen
2026-09-08T06:38:43.569Z  PAA/2019        roh          94264 reg. Kerzen    0/252/252 von 252  Tagen gewertet (1m/5m/15m)     6479 Signale  299 ms lesen  13051 ms rechnen
2026-09-08T06:38:59.971Z  PAA/2020        roh          97678 reg. Kerzen    0/253/253 von 253  Tagen gewertet (1m/5m/15m)     6872 Signale  143 ms lesen  16014 ms rechnen
2026-09-08T06:39:15.567Z  PAA/2021        roh          96652 reg. Kerzen    0/252/252 von 252  Tagen gewertet (1m/5m/15m)     6820 Signale  156 ms lesen  15195 ms rechnen
2026-09-08T06:39:30.446Z  PAA/2022        roh          96343 reg. Kerzen    0/251/251 von 251  Tagen gewertet (1m/5m/15m)     6820 Signale  169 ms lesen  14442 ms rechnen
2026-09-08T06:39:43.529Z  PAA/2023        roh          95800 reg. Kerzen    0/250/250 von 250  Tagen gewertet (1m/5m/15m)     6098 Signale  183 ms lesen  12632 ms rechnen
2026-09-08T06:39:56.670Z  PAA/2024        roh          94983 reg. Kerzen    0/252/252 von 252  Tagen gewertet (1m/5m/15m)     6181 Signale  132 ms lesen  12737 ms rechnen
2026-09-08T06:40:10.095Z  PAA/2025        roh          94958 reg. Kerzen    0/250/250 von 250  Tagen gewertet (1m/5m/15m)     6191 Signale  145 ms lesen  12963 ms rechnen
2026-09-08T06:40:18.651Z  PAA/2026        roh          63702 reg. Kerzen    0/166/166 von 166  Tagen gewertet (1m/5m/15m)     4168 Signale  129 ms lesen  8165 ms rechnen
2026-09-08T06:40:28.150Z  PACS/2024       roh          46873 reg. Kerzen    0/152/155 von 183  Tagen gewertet (1m/5m/15m)     4075 Signale  112 ms lesen  9185 ms rechnen
2026-09-08T06:40:36.225Z  PACS/2025       roh          65617 reg. Kerzen    0/125/125 von 250  Tagen gewertet (1m/5m/15m)     3302 Signale  114 ms lesen  7849 ms rechnen
2026-09-08T06:40:46.855Z  PACS/2026       roh          49202 reg. Kerzen    0/166/166 von 166  Tagen gewertet (1m/5m/15m)     4488 Signale  105 ms lesen  10331 ms rechnen
2026-09-08T06:41:01.073Z  PAH/2016        roh          94550 reg. Kerzen    0/232/232 von 252  Tagen gewertet (1m/5m/15m)     6391 Signale  115 ms lesen  13938 ms rechnen
2026-09-08T06:41:15.248Z  PAH/2017        roh          92443 reg. Kerzen    0/251/251 von 251  Tagen gewertet (1m/5m/15m)     6592 Signale  144 ms lesen  13752 ms rechnen
2026-09-08T06:41:30.300Z  PAH/2018        roh          94698 reg. Kerzen    0/251/251 von 251  Tagen gewertet (1m/5m/15m)     6652 Signale  152 ms lesen  14628 ms rechnen
2026-09-08T06:41:31.912Z  PAH/2019        roh           7944 reg. Kerzen      0/21/21 von 21   Tagen gewertet (1m/5m/15m)      553 Signale  23 ms lesen  1358 ms rechnen
2026-09-08T06:41:32.050Z  PAR/2016        roh           7778 reg. Kerzen        0/0/0 von 252  Tagen gewertet (1m/5m/15m)        0 Signale  51 ms lesen  59 ms rechnen
2026-09-08T06:41:32.216Z  PAR/2017        roh          13235 reg. Kerzen        0/0/0 von 251  Tagen gewertet (1m/5m/15m)        0 Signale  52 ms lesen  84 ms rechnen
2026-09-08T06:41:32.539Z  PAR/2018        roh          28809 reg. Kerzen        0/0/0 von 251  Tagen gewertet (1m/5m/15m)        0 Signale  75 ms lesen  203 ms rechnen
2026-09-08T06:41:33.511Z  PAR/2019        roh          40859 reg. Kerzen        0/9/9 von 252  Tagen gewertet (1m/5m/15m)      244 Signale  87 ms lesen  790 ms rechnen
2026-09-08T06:41:46.981Z  PAR/2020        roh          58166 reg. Kerzen    0/224/227 von 253  Tagen gewertet (1m/5m/15m)     6085 Signale  86 ms lesen  13291 ms rechnen
2026-09-08T06:42:01.981Z  PAR/2021        roh          54146 reg. Kerzen    0/245/250 von 252  Tagen gewertet (1m/5m/15m)     6704 Signale  115 ms lesen  14738 ms rechnen
2026-09-08T06:42:15.787Z  PAR/2022        roh          56391 reg. Kerzen    0/219/223 von 251  Tagen gewertet (1m/5m/15m)     6026 Signale  117 ms lesen  13522 ms rechnen
2026-09-08T06:42:26.219Z  PAR/2023        roh          45710 reg. Kerzen    0/174/182 von 250  Tagen gewertet (1m/5m/15m)     4672 Signale  111 ms lesen  10158 ms rechnen
2026-09-08T06:42:40.513Z  PAR/2024        roh          52753 reg. Kerzen    0/242/252 von 252  Tagen gewertet (1m/5m/15m)     6397 Signale  102 ms lesen  14067 ms rechnen
2026-09-08T06:42:55.778Z  PAR/2025        roh          62543 reg. Kerzen    0/249/250 von 250  Tagen gewertet (1m/5m/15m)     6613 Signale  121 ms lesen  14978 ms rechnen
2026-09-08T06:43:06.624Z  PAR/2026        roh          52322 reg. Kerzen    0/166/166 von 166  Tagen gewertet (1m/5m/15m)     4560 Signale  159 ms lesen  10537 ms rechnen
2026-09-08T06:43:10.531Z  PAX/2021        roh          48122 reg. Kerzen      0/51/55 von 239  Tagen gewertet (1m/5m/15m)     1402 Signale  194 ms lesen  3518 ms rechnen
2026-09-08T06:43:11.444Z  PAX/2022        roh          48640 reg. Kerzen        0/8/8 von 251  Tagen gewertet (1m/5m/15m)      229 Signale  68 ms lesen  728 ms rechnen
2026-09-08T06:43:12.196Z  PAX/2023        roh          44945 reg. Kerzen        0/6/6 von 250  Tagen gewertet (1m/5m/15m)      142 Signale  67 ms lesen  563 ms rechnen
2026-09-08T06:43:16.603Z  PAX/2024        roh          60923 reg. Kerzen      0/77/77 von 252  Tagen gewertet (1m/5m/15m)     1998 Signale  157 ms lesen  4116 ms rechnen
2026-09-08T06:43:23.412Z  PAX/2025        roh          62327 reg. Kerzen    0/123/123 von 250  Tagen gewertet (1m/5m/15m)     3154 Signale  119 ms lesen  6497 ms rechnen
2026-09-08T06:43:32.950Z  PAX/2026        roh          49826 reg. Kerzen    0/166/166 von 166  Tagen gewertet (1m/5m/15m)     4467 Signale  129 ms lesen  9227 ms rechnen
2026-09-08T06:43:33.144Z  PBBI/2016       roh           2095 reg. Kerzen        0/0/0 von 226  Tagen gewertet (1m/5m/15m)        0 Signale  32 ms lesen  18 ms rechnen
2026-09-08T06:43:33.209Z  PBBI/2017       roh           2228 reg. Kerzen        0/0/0 von 235  Tagen gewertet (1m/5m/15m)        0 Signale  35 ms lesen  22 ms rechnen
2026-09-08T06:43:33.257Z  PBBI/2018       roh           1433 reg. Kerzen        0/0/0 von 232  Tagen gewertet (1m/5m/15m)        0 Signale  22 ms lesen  16 ms rechnen
2026-09-08T06:43:33.302Z  PBBI/2019       roh           2013 reg. Kerzen        0/0/0 von 210  Tagen gewertet (1m/5m/15m)        0 Signale  23 ms lesen  18 ms rechnen
2026-09-08T06:43:33.341Z  PBBI/2020       roh           2735 reg. Kerzen        0/0/0 von 80   Tagen gewertet (1m/5m/15m)        0 Signale  12 ms lesen  19 ms rechnen
2026-09-08T06:43:33.418Z  PBIP/2016       roh           3659 reg. Kerzen        0/0/0 von 241  Tagen gewertet (1m/5m/15m)        0 Signale  38 ms lesen  32 ms rechnen
2026-09-08T06:43:33.530Z  PBIP/2017       roh           7735 reg. Kerzen        0/0/0 von 249  Tagen gewertet (1m/5m/15m)        0 Signale  39 ms lesen  61 ms rechnen
2026-09-08T06:43:33.605Z  PBIP/2018       roh           4732 reg. Kerzen        0/0/0 von 248  Tagen gewertet (1m/5m/15m)        0 Signale  17 ms lesen  30 ms rechnen
2026-09-08T06:43:33.658Z  PBIP/2019       roh           2678 reg. Kerzen        0/0/0 von 248  Tagen gewertet (1m/5m/15m)        0 Signale  12 ms lesen  25 ms rechnen
2026-09-08T06:43:35.552Z  CHECKPOINT 3800 Dateien, 729 min, Detektorfehler {}
2026-09-08T06:43:35.610Z  PBIP/2020       roh           4202 reg. Kerzen        0/0/0 von 251  Tagen gewertet (1m/5m/15m)        0 Signale  18 ms lesen  40 ms rechnen
2026-09-08T06:43:35.696Z  PBIP/2021       roh           5545 reg. Kerzen        0/0/0 von 251  Tagen gewertet (1m/5m/15m)        0 Signale  19 ms lesen  57 ms rechnen
2026-09-08T06:43:35.771Z  PBIP/2022       roh           3725 reg. Kerzen        0/0/0 von 124  Tagen gewertet (1m/5m/15m)        0 Signale  20 ms lesen  33 ms rechnen
2026-09-08T06:43:35.898Z  PBTS/2019       bereinigt     7908 reg. Kerzen        0/0/0 von 190  Tagen gewertet (1m/5m/15m)        0 Signale  53 ms lesen  40 ms rechnen
2026-09-08T06:43:36.003Z  PBTS/2020       bereinigt     9303 reg. Kerzen        0/0/0 von 253  Tagen gewertet (1m/5m/15m)        0 Signale  15 ms lesen  69 ms rechnen
2026-09-08T06:43:39.048Z  PBTS/2021       bereinigt    58141 reg. Kerzen      0/34/34 von 252  Tagen gewertet (1m/5m/15m)      929 Signale  213 ms lesen  2796 ms rechnen
2026-09-08T06:43:39.800Z  PBTS/2022       bereinigt    64520 reg. Kerzen        0/0/0 von 251  Tagen gewertet (1m/5m/15m)        0 Signale  167 ms lesen  409 ms rechnen
2026-09-08T06:43:40.438Z  PBTS/2023       bereinigt    61381 reg. Kerzen        0/0/0 von 250  Tagen gewertet (1m/5m/15m)        0 Signale  135 ms lesen  311 ms rechnen
2026-09-08T06:43:40.653Z  PBTS/2024       roh           1856 reg. Kerzen        0/0/0 von 19   Tagen gewertet (1m/5m/15m)        0 Signale  38 ms lesen  21 ms rechnen
2026-09-08T06:43:40.791Z  PCOM/2016       roh          12954 reg. Kerzen        0/0/0 von 252  Tagen gewertet (1m/5m/15m)        0 Signale  42 ms lesen  90 ms rechnen
2026-09-08T06:43:41.008Z  PCOM/2017       roh          23281 reg. Kerzen        0/0/0 von 251  Tagen gewertet (1m/5m/15m)        0 Signale  46 ms lesen  141 ms rechnen
2026-09-08T06:43:41.306Z  PCOM/2018       roh          30024 reg. Kerzen        0/0/0 von 250  Tagen gewertet (1m/5m/15m)        0 Signale  51 ms lesen  181 ms rechnen
2026-09-08T06:43:41.605Z  PCOM/2019       roh          21038 reg. Kerzen        0/0/0 von 252  Tagen gewertet (1m/5m/15m)        0 Signale  42 ms lesen  156 ms rechnen
2026-09-08T06:43:41.831Z  PCOM/2020       roh          17796 reg. Kerzen        0/0/0 von 253  Tagen gewertet (1m/5m/15m)        0 Signale  41 ms lesen  131 ms rechnen
2026-09-08T06:43:41.982Z  PCOM/2021       roh           7847 reg. Kerzen        0/0/0 von 252  Tagen gewertet (1m/5m/15m)        0 Signale  17 ms lesen  70 ms rechnen
2026-09-08T06:43:42.400Z  PCOM/2022       roh           7801 reg. Kerzen        0/9/9 von 123  Tagen gewertet (1m/5m/15m)      173 Signale  23 ms lesen  366 ms rechnen
2026-09-08T06:43:42.615Z  PCT/2020        roh           5486 reg. Kerzen        0/1/4 von 87   Tagen gewertet (1m/5m/15m)       55 Signale  29 ms lesen  142 ms rechnen
2026-09-08T06:43:57.262Z  PCT/2021        roh          78012 reg. Kerzen    0/219/222 von 252  Tagen gewertet (1m/5m/15m)     6032 Signale  122 ms lesen  14509 ms rechnen
2026-09-08T06:44:12.977Z  PCT/2022        roh          87211 reg. Kerzen    0/242/242 von 251  Tagen gewertet (1m/5m/15m)     6669 Signale  117 ms lesen  15388 ms rechnen
2026-09-08T06:44:28.451Z  PCT/2023        roh          92706 reg. Kerzen    0/250/250 von 250  Tagen gewertet (1m/5m/15m)     6877 Signale  125 ms lesen  15100 ms rechnen
2026-09-08T06:44:44.976Z  PCT/2024        roh          91525 reg. Kerzen    0/252/252 von 252  Tagen gewertet (1m/5m/15m)     6874 Signale  135 ms lesen  16160 ms rechnen
2026-09-08T06:45:01.583Z  PCT/2025        roh          93926 reg. Kerzen    0/250/250 von 250  Tagen gewertet (1m/5m/15m)     6812 Signale  160 ms lesen  16209 ms rechnen
2026-09-08T06:45:16.193Z  PCT/2026        roh          63965 reg. Kerzen    0/166/166 von 166  Tagen gewertet (1m/5m/15m)     4672 Signale  240 ms lesen  13800 ms rechnen
2026-09-08T06:45:31.447Z  PDCE/2016       roh          93690 reg. Kerzen    0/232/232 von 252  Tagen gewertet (1m/5m/15m)     6231 Signale  370 ms lesen  14655 ms rechnen
2026-09-08T06:45:45.988Z  PDCE/2017       roh          89698 reg. Kerzen    0/251/251 von 251  Tagen gewertet (1m/5m/15m)     6716 Signale  126 ms lesen  14179 ms rechnen
2026-09-08T06:46:01.580Z  PDCE/2018       roh          89995 reg. Kerzen    0/249/249 von 251  Tagen gewertet (1m/5m/15m)     6693 Signale  147 ms lesen  15179 ms rechnen
2026-09-08T06:46:17.111Z  PDCE/2019       roh          94003 reg. Kerzen    0/252/252 von 252  Tagen gewertet (1m/5m/15m)     6745 Signale  157 ms lesen  15123 ms rechnen
2026-09-08T06:46:34.017Z  PDCE/2020       roh          94946 reg. Kerzen    0/253/253 von 253  Tagen gewertet (1m/5m/15m)     6883 Signale  181 ms lesen  16420 ms rechnen
2026-09-08T06:46:50.268Z  PDCE/2021       roh          88911 reg. Kerzen    0/252/252 von 252  Tagen gewertet (1m/5m/15m)     6943 Signale  154 ms lesen  15858 ms rechnen
2026-09-08T06:47:05.779Z  PDCE/2022       roh          90513 reg. Kerzen    0/251/251 von 251  Tagen gewertet (1m/5m/15m)     6957 Signale  144 ms lesen  15117 ms rechnen
2026-09-08T06:47:13.931Z  PDCE/2023       roh          53191 reg. Kerzen    0/148/148 von 148  Tagen gewertet (1m/5m/15m)     3904 Signale  72 ms lesen  7764 ms rechnen
2026-09-08T06:47:15.025Z  PEAK/2019       roh          14697 reg. Kerzen      0/19/19 von 39   Tagen gewertet (1m/5m/15m)      413 Signale  68 ms lesen  852 ms rechnen
2026-09-08T06:47:29.197Z  PEAK/2020       roh          97942 reg. Kerzen    0/253/253 von 253  Tagen gewertet (1m/5m/15m)     6506 Signale  133 ms lesen  13987 ms rechnen
2026-09-08T06:47:41.986Z  PEAK/2021       roh          96220 reg. Kerzen    0/250/250 von 252  Tagen gewertet (1m/5m/15m)     6087 Signale  209 ms lesen  12334 ms rechnen
2026-09-08T06:47:55.655Z  PEAK/2022       roh          96622 reg. Kerzen    0/249/249 von 251  Tagen gewertet (1m/5m/15m)     6386 Signale  155 ms lesen  13223 ms rechnen
2026-09-08T06:48:09.103Z  PEAK/2023       roh          96788 reg. Kerzen    0/250/250 von 250  Tagen gewertet (1m/5m/15m)     6403 Signale  139 ms lesen  13066 ms rechnen
2026-09-08T06:48:11.825Z  PEAK/2024       roh          16348 reg. Kerzen      0/42/42 von 42   Tagen gewertet (1m/5m/15m)     1096 Signale  38 ms lesen  2406 ms rechnen
2026-09-08T06:48:11.958Z  PEGR/2021       roh              9 reg. Kerzen        0/0/0 von 4    Tagen gewertet (1m/5m/15m)        0 Signale  46 ms lesen  0 ms rechnen
2026-09-08T06:48:11.985Z  PEGR/2022       roh            515 reg. Kerzen        0/0/0 von 119  Tagen gewertet (1m/5m/15m)        0 Signale  19 ms lesen  7 ms rechnen
2026-09-08T06:48:12.029Z  PEGR/2023       roh           1141 reg. Kerzen        0/0/0 von 189  Tagen gewertet (1m/5m/15m)        0 Signale  33 ms lesen  8 ms rechnen
2026-09-08T06:48:12.054Z  PEGR/2024       roh           1344 reg. Kerzen        0/0/0 von 119  Tagen gewertet (1m/5m/15m)        0 Signale  10 ms lesen  12 ms rechnen
2026-09-08T06:48:12.374Z  PER/2016        roh          36771 reg. Kerzen        0/0/0 von 252  Tagen gewertet (1m/5m/15m)        0 Signale  89 ms lesen  226 ms rechnen
2026-09-08T06:48:12.728Z  PER/2017        roh          24439 reg. Kerzen        0/0/0 von 251  Tagen gewertet (1m/5m/15m)        0 Signale  70 ms lesen  185 ms rechnen
2026-09-08T06:48:13.026Z  PER/2018        roh          24824 reg. Kerzen        0/0/0 von 251  Tagen gewertet (1m/5m/15m)        0 Signale  69 ms lesen  161 ms rechnen
2026-09-08T06:48:13.289Z  PER/2019        roh          19265 reg. Kerzen        0/0/0 von 252  Tagen gewertet (1m/5m/15m)        0 Signale  59 ms lesen  126 ms rechnen
2026-09-08T06:48:13.497Z  PER/2020        roh          19583 reg. Kerzen        0/0/0 von 173  Tagen gewertet (1m/5m/15m)        0 Signale  39 ms lesen  129 ms rechnen
2026-09-08T06:48:24.827Z  PF/2016         roh          90266 reg. Kerzen    0/232/232 von 252  Tagen gewertet (1m/5m/15m)     5553 Signale  129 ms lesen  11133 ms rechnen
2026-09-08T06:48:36.506Z  PF/2017         roh          88447 reg. Kerzen    0/251/251 von 251  Tagen gewertet (1m/5m/15m)     5768 Signale  131 ms lesen  11289 ms rechnen
2026-09-08T06:48:45.968Z  PF/2018         roh          75340 reg. Kerzen    0/207/207 von 207  Tagen gewertet (1m/5m/15m)     4510 Signale  103 ms lesen  9117 ms rechnen
2026-09-08T06:48:51.810Z  PFGC/2016       roh          59120 reg. Kerzen    0/109/109 von 252  Tagen gewertet (1m/5m/15m)     2733 Signale  118 ms lesen  5518 ms rechnen
2026-09-08T06:49:05.494Z  PFGC/2017       roh          76107 reg. Kerzen    0/251/251 von 251  Tagen gewertet (1m/5m/15m)     6459 Signale  201 ms lesen  13332 ms rechnen
2026-09-08T06:49:19.612Z  PFGC/2018       roh          76779 reg. Kerzen    0/251/251 von 251  Tagen gewertet (1m/5m/15m)     6470 Signale  133 ms lesen  13754 ms rechnen
2026-09-08T06:49:32.487Z  PFGC/2019       roh          79765 reg. Kerzen    0/252/252 von 252  Tagen gewertet (1m/5m/15m)     6200 Signale  136 ms lesen  12519 ms rechnen
2026-09-08T06:49:48.228Z  PFGC/2020       roh          91408 reg. Kerzen    0/253/253 von 253  Tagen gewertet (1m/5m/15m)     6774 Signale  121 ms lesen  15409 ms rechnen
2026-09-08T06:50:03.596Z  PFGC/2021       roh          89054 reg. Kerzen    0/250/250 von 252  Tagen gewertet (1m/5m/15m)     6732 Signale  107 ms lesen  14999 ms rechnen
2026-09-08T06:50:18.969Z  PFGC/2022       roh          92169 reg. Kerzen    0/249/249 von 251  Tagen gewertet (1m/5m/15m)     6760 Signale  124 ms lesen  14937 ms rechnen
2026-09-08T06:50:31.925Z  PFGC/2023       roh          86502 reg. Kerzen    0/250/250 von 250  Tagen gewertet (1m/5m/15m)     6232 Signale  113 ms lesen  12574 ms rechnen
2026-09-08T06:50:44.920Z  PFGC/2024       roh          84086 reg. Kerzen    0/252/252 von 252  Tagen gewertet (1m/5m/15m)     6089 Signale  153 ms lesen  12590 ms rechnen
2026-09-08T06:50:58.112Z  PFGC/2025       roh          83838 reg. Kerzen    0/250/250 von 250  Tagen gewertet (1m/5m/15m)     6241 Signale  144 ms lesen  12794 ms rechnen
2026-09-08T06:51:07.198Z  PFGC/2026       roh          58920 reg. Kerzen    0/166/166 von 166  Tagen gewertet (1m/5m/15m)     4218 Signale  95 ms lesen  8782 ms rechnen
2026-09-08T06:51:07.846Z  PFS/2016        roh          52263 reg. Kerzen        0/0/0 von 252  Tagen gewertet (1m/5m/15m)        0 Signale  110 ms lesen  336 ms rechnen
2026-09-08T06:51:10.257Z  PFS/2017        roh          49835 reg. Kerzen      0/39/39 von 251  Tagen gewertet (1m/5m/15m)      976 Signale  96 ms lesen  2146 ms rechnen
2026-09-08T06:51:10.976Z  PFS/2018        roh          47133 reg. Kerzen        0/3/3 von 251  Tagen gewertet (1m/5m/15m)       73 Signale  103 ms lesen  499 ms rechnen
2026-09-08T06:51:11.681Z  PFS/2019        roh          48474 reg. Kerzen        0/3/3 von 252  Tagen gewertet (1m/5m/15m)       72 Signale  96 ms lesen  492 ms rechnen
2026-09-08T06:51:13.071Z  PFS/2020        roh          62410 reg. Kerzen      0/14/14 von 253  Tagen gewertet (1m/5m/15m)      360 Signale  119 ms lesen  1157 ms rechnen
2026-09-08T06:51:17.025Z  PFS/2021        roh          51451 reg. Kerzen      0/67/68 von 252  Tagen gewertet (1m/5m/15m)     1731 Signale  98 ms lesen  3677 ms rechnen
2026-09-08T06:51:23.225Z  PFS/2022        roh          59741 reg. Kerzen    0/111/111 von 251  Tagen gewertet (1m/5m/15m)     2863 Signale  133 ms lesen  5895 ms rechnen
2026-09-08T06:51:33.460Z  PFS/2023        roh          72302 reg. Kerzen    0/180/180 von 250  Tagen gewertet (1m/5m/15m)     4672 Signale  103 ms lesen  9981 ms rechnen
2026-09-08T06:51:47.771Z  PFS/2024        roh          76951 reg. Kerzen    0/252/252 von 252  Tagen gewertet (1m/5m/15m)     6582 Signale  113 ms lesen  13995 ms rechnen
2026-09-08T06:52:01.245Z  PFS/2025        roh          66343 reg. Kerzen    0/250/250 von 250  Tagen gewertet (1m/5m/15m)     6329 Signale  96 ms lesen  13165 ms rechnen
2026-09-08T06:52:10.542Z  PFS/2026        roh          53422 reg. Kerzen    0/166/166 von 166  Tagen gewertet (1m/5m/15m)     4246 Signale  98 ms lesen  9011 ms rechnen
2026-09-08T06:52:11.095Z  PGLC/2016       roh          34496 reg. Kerzen        0/0/0 von 252  Tagen gewertet (1m/5m/15m)        0 Signale  118 ms lesen  224 ms rechnen
2026-09-08T06:52:11.430Z  PGLC/2017       roh          20427 reg. Kerzen        0/0/0 von 251  Tagen gewertet (1m/5m/15m)        0 Signale  46 ms lesen  163 ms rechnen
2026-09-08T06:52:11.799Z  PGLC/2018       roh          14512 reg. Kerzen        0/0/0 von 251  Tagen gewertet (1m/5m/15m)        0 Signale  165 ms lesen  136 ms rechnen
2026-09-08T06:52:11.888Z  PGLC/2019       roh           2882 reg. Kerzen        0/0/0 von 64   Tagen gewertet (1m/5m/15m)        0 Signale  13 ms lesen  25 ms rechnen
2026-09-08T06:52:11.959Z  PGSS/2021       roh            219 reg. Kerzen        0/0/0 von 14   Tagen gewertet (1m/5m/15m)        0 Signale  35 ms lesen  2 ms rechnen
2026-09-08T06:52:11.986Z  PGSS/2022       roh            609 reg. Kerzen        0/0/0 von 144  Tagen gewertet (1m/5m/15m)        0 Signale  16 ms lesen  9 ms rechnen
2026-09-08T06:52:12.022Z  PGSS/2023       roh            648 reg. Kerzen        0/0/0 von 157  Tagen gewertet (1m/5m/15m)        0 Signale  26 ms lesen  7 ms rechnen
2026-09-08T06:52:12.035Z  PGSS/2024       roh            337 reg. Kerzen        0/0/0 von 62   Tagen gewertet (1m/5m/15m)        0 Signale  6 ms lesen  4 ms rechnen
2026-09-08T06:52:22.664Z  PHH/2016        roh          76343 reg. Kerzen    0/169/169 von 252  Tagen gewertet (1m/5m/15m)     4589 Signale  144 ms lesen  10482 ms rechnen
2026-09-08T06:52:27.383Z  PHH/2017        roh          68072 reg. Kerzen      0/75/75 von 251  Tagen gewertet (1m/5m/15m)     1897 Signale  96 ms lesen  4396 ms rechnen
2026-09-08T06:52:28.363Z  PHH/2018        roh          35829 reg. Kerzen      0/13/13 von 191  Tagen gewertet (1m/5m/15m)      277 Signale  100 ms lesen  689 ms rechnen
2026-09-08T06:52:28.443Z  AUSGELASSEN PHH/2019: Datei fehlt
2026-09-08T06:52:28.577Z  AUSGELASSEN PHH/2020: Datei fehlt
2026-09-08T06:52:28.578Z  AUSGELASSEN PHH/2021: Datei fehlt
2026-09-08T06:52:28.578Z  AUSGELASSEN PHH/2022: Datei fehlt
2026-09-08T06:52:28.579Z  AUSGELASSEN PHH/2023: Datei fehlt
2026-09-08T06:52:28.599Z  PHH/2024        roh            444 reg. Kerzen        0/0/0 von 3    Tagen gewertet (1m/5m/15m)        0 Signale  17 ms lesen  3 ms rechnen
2026-09-08T06:52:30.435Z  PHH/2025        roh          27259 reg. Kerzen      0/25/51 von 205  Tagen gewertet (1m/5m/15m)      834 Signale  52 ms lesen  1782 ms rechnen
2026-09-08T06:52:33.482Z  PHR/2019        roh          23976 reg. Kerzen      0/43/48 von 116  Tagen gewertet (1m/5m/15m)     1160 Signale  102 ms lesen  2827 ms rechnen
2026-09-08T06:52:49.526Z  PHR/2020        roh          68980 reg. Kerzen    0/252/253 von 253  Tagen gewertet (1m/5m/15m)     6938 Signale  123 ms lesen  15845 ms rechnen
2026-09-08T06:53:05.215Z  PHR/2021        roh          66451 reg. Kerzen    0/248/250 von 252  Tagen gewertet (1m/5m/15m)     6802 Signale  259 ms lesen  15251 ms rechnen
2026-09-08T06:53:20.938Z  PHR/2022        roh          69786 reg. Kerzen    0/239/239 von 250  Tagen gewertet (1m/5m/15m)     6602 Signale  118 ms lesen  15389 ms rechnen
2026-09-08T06:53:35.354Z  PHR/2023        roh          66466 reg. Kerzen    0/240/240 von 250  Tagen gewertet (1m/5m/15m)     6507 Signale  104 ms lesen  14109 ms rechnen
2026-09-08T06:53:50.258Z  PHR/2024        roh          62034 reg. Kerzen    0/239/240 von 252  Tagen gewertet (1m/5m/15m)     6467 Signale  84 ms lesen  14622 ms rechnen
2026-09-08T06:54:05.589Z  PHR/2025        roh          67427 reg. Kerzen    0/250/250 von 250  Tagen gewertet (1m/5m/15m)     6745 Signale  138 ms lesen  15013 ms rechnen
2026-09-08T06:54:16.084Z  PHR/2026        roh          54420 reg. Kerzen    0/166/166 von 166  Tagen gewertet (1m/5m/15m)     4569 Signale  102 ms lesen  10190 ms rechnen
2026-09-08T06:54:16.584Z  PICO/2016       roh          33249 reg. Kerzen        0/0/0 von 252  Tagen gewertet (1m/5m/15m)        0 Signale  72 ms lesen  262 ms rechnen
2026-09-08T06:54:16.948Z  PICO/2017       roh          29065 reg. Kerzen        0/0/0 von 251  Tagen gewertet (1m/5m/15m)        0 Signale  62 ms lesen  208 ms rechnen
2026-09-08T06:54:17.321Z  PICO/2018       roh          27298 reg. Kerzen        0/0/0 von 251  Tagen gewertet (1m/5m/15m)        0 Signale  72 ms lesen  230 ms rechnen
2026-09-08T06:54:17.611Z  PICO/2019       roh          21295 reg. Kerzen        0/0/0 von 252  Tagen gewertet (1m/5m/15m)        0 Signale  56 ms lesen  154 ms rechnen
2026-09-08T06:54:17.908Z  PICO/2020       roh          19569 reg. Kerzen        0/0/0 von 253  Tagen gewertet (1m/5m/15m)        0 Signale  57 ms lesen  171 ms rechnen
2026-09-08T06:54:18.008Z  PICO/2021       roh           2678 reg. Kerzen        0/0/0 von 44   Tagen gewertet (1m/5m/15m)        0 Signale  25 ms lesen  17 ms rechnen
2026-09-08T06:54:20.090Z  PIPP/2021       roh          35887 reg. Kerzen      0/29/29 von 249  Tagen gewertet (1m/5m/15m)      809 Signale  96 ms lesen  1979 ms rechnen
2026-09-08T06:54:20.266Z  PIPP/2022       roh           7407 reg. Kerzen        0/0/0 von 207  Tagen gewertet (1m/5m/15m)        0 Signale  26 ms lesen  56 ms rechnen
2026-09-08T06:54:20.334Z  PKBO/2021       roh            815 reg. Kerzen        0/0/0 von 137  Tagen gewertet (1m/5m/15m)        0 Signale  11 ms lesen  10 ms rechnen
2026-09-08T06:54:20.373Z  PKBO/2022       roh           4646 reg. Kerzen        0/0/0 von 148  Tagen gewertet (1m/5m/15m)        0 Signale  8 ms lesen  27 ms rechnen
2026-09-08T06:54:20.407Z  PKBO/2023       roh            134 reg. Kerzen        0/0/0 von 5    Tagen gewertet (1m/5m/15m)        0 Signale  19 ms lesen  5 ms rechnen
2026-09-08T06:54:20.408Z  AUSGELASSEN PKBO/2024: Datei fehlt
2026-09-08T06:54:20.410Z  AUSGELASSEN PKBO/2025: Datei fehlt
2026-09-08T06:54:20.435Z  PLAO/2022       roh            486 reg. Kerzen        0/0/0 von 95   Tagen gewertet (1m/5m/15m)        0 Signale  19 ms lesen  5 ms rechnen
2026-09-08T06:54:20.477Z  PLAO/2023       roh           1345 reg. Kerzen        0/0/0 von 196  Tagen gewertet (1m/5m/15m)        0 Signale  27 ms lesen  13 ms rechnen
2026-09-08T06:54:20.505Z  PLAO/2024       roh            452 reg. Kerzen        0/0/0 von 137  Tagen gewertet (1m/5m/15m)        0 Signale  15 ms lesen  7 ms rechnen
2026-09-08T06:54:20.518Z  PLAO/2025       roh             14 reg. Kerzen        0/0/0 von 9    Tagen gewertet (1m/5m/15m)        0 Signale  11 ms lesen  0 ms rechnen
2026-09-08T06:54:20.693Z  PLM/2016        bereinigt    15091 reg. Kerzen        0/0/0 von 252  Tagen gewertet (1m/5m/15m)        0 Signale  58 ms lesen  115 ms rechnen
2026-09-08T06:54:20.865Z  PLM/2017        bereinigt    16272 reg. Kerzen        0/0/0 von 251  Tagen gewertet (1m/5m/15m)        0 Signale  28 ms lesen  99 ms rechnen
2026-09-08T06:54:21.183Z  PLM/2018        bereinigt    28103 reg. Kerzen        0/0/0 von 251  Tagen gewertet (1m/5m/15m)        0 Signale  54 ms lesen  224 ms rechnen
2026-09-08T06:54:21.514Z  PLM/2019        bereinigt    28351 reg. Kerzen        0/0/0 von 252  Tagen gewertet (1m/5m/15m)        0 Signale  46 ms lesen  201 ms rechnen
2026-09-08T06:54:22.305Z  PLM/2020        bereinigt    57206 reg. Kerzen        0/1/1 von 253  Tagen gewertet (1m/5m/15m)       24 Signale  254 ms lesen  461 ms rechnen
2026-09-08T06:54:23.362Z  PLM/2021        roh          38066 reg. Kerzen        0/6/6 von 252  Tagen gewertet (1m/5m/15m)      169 Signale  218 ms lesen  677 ms rechnen
2026-09-08T06:54:23.654Z  PLM/2022        roh          21231 reg. Kerzen        0/0/0 von 251  Tagen gewertet (1m/5m/15m)        0 Signale  59 ms lesen  149 ms rechnen
2026-09-08T06:54:23.896Z  PLM/2023        roh          18888 reg. Kerzen        0/0/0 von 213  Tagen gewertet (1m/5m/15m)        0 Signale  40 ms lesen  157 ms rechnen
2026-09-08T06:54:27.066Z  PLTR/2020       roh          24742 reg. Kerzen      0/45/45 von 65   Tagen gewertet (1m/5m/15m)     1210 Signale  123 ms lesen  2973 ms rechnen
2026-09-08T06:54:43.245Z  PLTR/2021       roh          97317 reg. Kerzen    0/250/250 von 252  Tagen gewertet (1m/5m/15m)     6809 Signale  337 ms lesen  15788 ms rechnen
2026-09-08T06:54:59.254Z  PLTR/2022       roh          97005 reg. Kerzen    0/249/249 von 250  Tagen gewertet (1m/5m/15m)     6866 Signale  266 ms lesen  15460 ms rechnen
2026-09-08T06:55:15.391Z  PLTR/2023       roh          97127 reg. Kerzen    0/250/250 von 250  Tagen gewertet (1m/5m/15m)     6712 Signale  221 ms lesen  15620 ms rechnen
2026-09-08T06:55:30.350Z  PLTR/2024       roh          97740 reg. Kerzen    0/252/252 von 252  Tagen gewertet (1m/5m/15m)     6826 Signale  238 ms lesen  14445 ms rechnen
2026-09-08T06:55:45.768Z  PLTR/2025       roh          96956 reg. Kerzen    0/250/250 von 250  Tagen gewertet (1m/5m/15m)     6798 Signale  300 ms lesen  14866 ms rechnen
2026-09-08T06:55:55.914Z  PLTR/2026       roh          64740 reg. Kerzen    0/166/166 von 166  Tagen gewertet (1m/5m/15m)     4547 Signale  360 ms lesen  9495 ms rechnen
2026-09-08T06:55:56.247Z  PMBC/2016       roh          15865 reg. Kerzen        0/0/0 von 252  Tagen gewertet (1m/5m/15m)        0 Signale  54 ms lesen  96 ms rechnen
2026-09-08T06:55:56.410Z  PMBC/2017       roh           8853 reg. Kerzen        0/0/0 von 251  Tagen gewertet (1m/5m/15m)        0 Signale  32 ms lesen  73 ms rechnen
2026-09-08T06:55:56.573Z  PMBC/2018       roh           7933 reg. Kerzen        0/0/0 von 250  Tagen gewertet (1m/5m/15m)        0 Signale  80 ms lesen  57 ms rechnen
2026-09-08T06:55:56.755Z  PMBC/2019       roh           9410 reg. Kerzen        0/0/0 von 252  Tagen gewertet (1m/5m/15m)        0 Signale  96 ms lesen  63 ms rechnen
2026-09-08T06:55:56.919Z  PMBC/2020       roh          13198 reg. Kerzen        0/0/0 von 253  Tagen gewertet (1m/5m/15m)        0 Signale  57 ms lesen  85 ms rechnen
2026-09-08T06:55:57.239Z  PMBC/2021       roh          11417 reg. Kerzen        0/0/0 von 200  Tagen gewertet (1m/5m/15m)        0 Signale  188 ms lesen  84 ms rechnen
2026-09-08T06:55:57.316Z  PNAC/2022       roh            405 reg. Kerzen        0/0/0 von 76   Tagen gewertet (1m/5m/15m)        0 Signale  26 ms lesen  4 ms rechnen
2026-09-08T06:55:57.342Z  PNAC/2023       roh           1671 reg. Kerzen        0/0/0 von 125  Tagen gewertet (1m/5m/15m)        0 Signale  8 ms lesen  16 ms rechnen
2026-09-08T06:55:57.507Z  PNST/2024       roh          15366 reg. Kerzen        0/0/0 von 252  Tagen gewertet (1m/5m/15m)        0 Signale  52 ms lesen  104 ms rechnen
2026-09-08T06:55:57.583Z  PNST/2025       roh           2711 reg. Kerzen        0/0/0 von 42   Tagen gewertet (1m/5m/15m)        0 Signale  15 ms lesen  19 ms rechnen
2026-09-08T06:55:57.680Z  POAI/2019       bereinigt     5922 reg. Kerzen        0/0/0 von 139  Tagen gewertet (1m/5m/15m)        0 Signale  54 ms lesen  36 ms rechnen
2026-09-08T06:55:58.060Z  POAI/2020       bereinigt    40483 reg. Kerzen        0/0/0 von 253  Tagen gewertet (1m/5m/15m)        0 Signale  89 ms lesen  279 ms rechnen
2026-09-08T06:56:00.724Z  POAI/2021       bereinigt    74022 reg. Kerzen      0/30/30 von 252  Tagen gewertet (1m/5m/15m)      836 Signale  222 ms lesen  2332 ms rechnen
2026-09-08T06:56:01.234Z  POAI/2022       bereinigt    30616 reg. Kerzen        0/0/0 von 251  Tagen gewertet (1m/5m/15m)        0 Signale  75 ms lesen  230 ms rechnen
2026-09-08T06:56:01.503Z  POAI/2023       bereinigt    21755 reg. Kerzen        0/0/0 von 250  Tagen gewertet (1m/5m/15m)        0 Signale  48 ms lesen  129 ms rechnen
2026-09-08T06:56:01.803Z  POAI/2024       bereinigt    17449 reg. Kerzen        0/0/0 von 252  Tagen gewertet (1m/5m/15m)        0 Signale  78 ms lesen  147 ms rechnen
2026-09-08T06:56:02.045Z  POAI/2025       bereinigt    22898 reg. Kerzen        0/0/0 von 237  Tagen gewertet (1m/5m/15m)        0 Signale  45 ms lesen  144 ms rechnen
2026-09-08T06:56:02.144Z  PORT/2022       roh            346 reg. Kerzen        0/0/0 von 128  Tagen gewertet (1m/5m/15m)        0 Signale  28 ms lesen  5 ms rechnen
2026-09-08T06:56:02.181Z  PORT/2023       roh           1332 reg. Kerzen        0/0/0 von 176  Tagen gewertet (1m/5m/15m)        0 Signale  26 ms lesen  9 ms rechnen
2026-09-08T06:56:02.204Z  PORT/2024       roh            134 reg. Kerzen        0/0/0 von 37   Tagen gewertet (1m/5m/15m)        0 Signale  16 ms lesen  3 ms rechnen
2026-09-08T06:56:15.170Z  PPD/2020        roh          76707 reg. Kerzen    0/209/209 von 229  Tagen gewertet (1m/5m/15m)     5571 Signale  123 ms lesen  12841 ms rechnen
2026-09-08T06:56:25.215Z  PPD/2021        roh          76188 reg. Kerzen    0/235/235 von 235  Tagen gewertet (1m/5m/15m)     4531 Signale  116 ms lesen  9728 ms rechnen
2026-09-08T06:56:26.024Z  PPP/2016        roh          78940 reg. Kerzen        0/0/0 von 252  Tagen gewertet (1m/5m/15m)        0 Signale  103 ms lesen  458 ms rechnen
2026-09-08T06:56:26.623Z  PPP/2017        roh          44013 reg. Kerzen        0/0/0 von 155  Tagen gewertet (1m/5m/15m)        0 Signale  91 ms lesen  281 ms rechnen
2026-09-08T06:56:26.892Z  PRAN/2016       bereinigt    11255 reg. Kerzen        0/0/0 von 252  Tagen gewertet (1m/5m/15m)        0 Signale  56 ms lesen  89 ms rechnen
2026-09-08T06:56:27.084Z  PRAN/2017       roh          10985 reg. Kerzen        0/0/0 von 251  Tagen gewertet (1m/5m/15m)        0 Signale  68 ms lesen  86 ms rechnen
2026-09-08T06:56:27.212Z  PRAN/2018       roh           5615 reg. Kerzen        0/0/0 von 248  Tagen gewertet (1m/5m/15m)        0 Signale  43 ms lesen  46 ms rechnen
2026-09-08T06:56:27.273Z  PRAN/2019       roh           3047 reg. Kerzen        0/0/0 von 67   Tagen gewertet (1m/5m/15m)        0 Signale  20 ms lesen  27 ms rechnen
2026-09-08T06:56:27.538Z  PRG/2020        roh           6976 reg. Kerzen        0/2/2 von 22   Tagen gewertet (1m/5m/15m)       48 Signale  71 ms lesen  151 ms rechnen
2026-09-08T06:56:41.647Z  PRG/2021        roh          70998 reg. Kerzen    0/250/250 von 252  Tagen gewertet (1m/5m/15m)     6743 Signale  109 ms lesen  13981 ms rechnen
2026-09-08T06:56:56.655Z  PRG/2022        roh          79688 reg. Kerzen    0/247/247 von 251  Tagen gewertet (1m/5m/15m)     6841 Signale  105 ms lesen  14733 ms rechnen
2026-09-08T06:57:10.044Z  PRG/2023        roh          66252 reg. Kerzen    0/225/225 von 250  Tagen gewertet (1m/5m/15m)     6039 Signale  120 ms lesen  13050 ms rechnen
2026-09-08T06:57:22.847Z  PRG/2024        roh          53203 reg. Kerzen    0/230/237 von 252  Tagen gewertet (1m/5m/15m)     6098 Signale  80 ms lesen  12528 ms rechnen
2026-09-08T06:57:37.123Z  PRG/2025        roh          55394 reg. Kerzen    0/249/250 von 250  Tagen gewertet (1m/5m/15m)     6556 Signale  118 ms lesen  14017 ms rechnen
2026-09-08T06:57:46.754Z  PRG/2026        roh          37205 reg. Kerzen    0/165/166 von 166  Tagen gewertet (1m/5m/15m)     4444 Signale  87 ms lesen  9379 ms rechnen
2026-09-08T06:57:47.033Z  PRKR/2016       bereinigt    20114 reg. Kerzen        0/0/0 von 252  Tagen gewertet (1m/5m/15m)        0 Signale  40 ms lesen  136 ms rechnen
2026-09-08T06:57:47.374Z  PRKR/2017       roh          28196 reg. Kerzen        0/0/0 von 251  Tagen gewertet (1m/5m/15m)        0 Signale  68 ms lesen  217 ms rechnen
2026-09-08T06:57:47.583Z  PRKR/2018       roh          12371 reg. Kerzen        0/0/0 von 158  Tagen gewertet (1m/5m/15m)        0 Signale  47 ms lesen  94 ms rechnen
2026-09-08T06:57:47.668Z  PROC/2019       roh             35 reg. Kerzen        0/0/0 von 5    Tagen gewertet (1m/5m/15m)        0 Signale  46 ms lesen  0 ms rechnen
2026-09-08T06:57:47.702Z  PROC/2020       roh           1380 reg. Kerzen        0/0/0 von 162  Tagen gewertet (1m/5m/15m)        0 Signale  19 ms lesen  14 ms rechnen
2026-09-08T06:57:47.843Z  PROC/2021       roh          13957 reg. Kerzen        0/0/0 von 247  Tagen gewertet (1m/5m/15m)        0 Signale  37 ms lesen  98 ms rechnen
2026-09-08T06:57:48.051Z  PROC/2022       roh           9310 reg. Kerzen        0/0/0 von 237  Tagen gewertet (1m/5m/15m)        0 Signale  85 ms lesen  79 ms rechnen
2026-09-08T06:57:48.370Z  PROC/2023       roh           6888 reg. Kerzen        0/0/0 von 242  Tagen gewertet (1m/5m/15m)        0 Signale  225 ms lesen  60 ms rechnen
2026-09-08T06:57:48.465Z  PROC/2024       roh           4683 reg. Kerzen        0/0/0 von 237  Tagen gewertet (1m/5m/15m)        0 Signale  28 ms lesen  45 ms rechnen
2026-09-08T06:57:48.504Z  PROC/2025       roh            589 reg. Kerzen        0/0/0 von 21   Tagen gewertet (1m/5m/15m)        0 Signale  16 ms lesen  9 ms rechnen
2026-09-08T06:57:48.629Z  PRSR/2021       roh          10019 reg. Kerzen        0/0/0 von 214  Tagen gewertet (1m/5m/15m)        0 Signale  38 ms lesen  78 ms rechnen
2026-09-08T06:57:48.717Z  PRSR/2022       roh           4137 reg. Kerzen        0/0/0 von 251  Tagen gewertet (1m/5m/15m)        0 Signale  26 ms lesen  35 ms rechnen
2026-09-08T06:57:48.847Z  PRSR/2023       roh           2921 reg. Kerzen        0/0/0 von 245  Tagen gewertet (1m/5m/15m)        0 Signale  86 ms lesen  29 ms rechnen
2026-09-08T06:58:00.913Z  PRU/2016        roh          97869 reg. Kerzen    0/232/232 von 252  Tagen gewertet (1m/5m/15m)     5944 Signale  308 ms lesen  11732 ms rechnen
2026-09-08T06:58:13.183Z  PRU/2017        roh          95964 reg. Kerzen    0/251/251 von 251  Tagen gewertet (1m/5m/15m)     5887 Signale  194 ms lesen  11811 ms rechnen
2026-09-08T06:58:26.381Z  PRU/2018        roh          96568 reg. Kerzen    0/251/251 von 251  Tagen gewertet (1m/5m/15m)     6304 Signale  162 ms lesen  12790 ms rechnen
2026-09-08T06:58:38.732Z  PRU/2019        roh          97247 reg. Kerzen    0/252/252 von 252  Tagen gewertet (1m/5m/15m)     6138 Signale  140 ms lesen  11950 ms rechnen
2026-09-08T06:58:53.277Z  PRU/2020        roh          98080 reg. Kerzen    0/253/253 von 253  Tagen gewertet (1m/5m/15m)     6698 Signale  179 ms lesen  14067 ms rechnen
2026-09-08T06:59:05.955Z  PRU/2021        roh          96844 reg. Kerzen    0/250/250 von 252  Tagen gewertet (1m/5m/15m)     6237 Signale  155 ms lesen  12232 ms rechnen
2026-09-08T06:59:19.484Z  PRU/2022        roh          96136 reg. Kerzen    0/249/249 von 251  Tagen gewertet (1m/5m/15m)     6465 Signale  149 ms lesen  13117 ms rechnen
2026-09-08T06:59:31.746Z  PRU/2023        roh          95761 reg. Kerzen    0/250/250 von 250  Tagen gewertet (1m/5m/15m)     6160 Signale  133 ms lesen  11897 ms rechnen
2026-09-08T06:59:43.436Z  PRU/2024        roh          93519 reg. Kerzen    0/252/252 von 252  Tagen gewertet (1m/5m/15m)     5868 Signale  247 ms lesen  11116 ms rechnen
2026-09-08T06:59:55.717Z  PRU/2025        roh          92583 reg. Kerzen    0/250/250 von 250  Tagen gewertet (1m/5m/15m)     6107 Signale  134 ms lesen  11882 ms rechnen
2026-09-08T07:00:04.229Z  PRU/2026        roh          62177 reg. Kerzen    0/166/166 von 166  Tagen gewertet (1m/5m/15m)     4157 Signale  114 ms lesen  8172 ms rechnen
2026-09-08T07:00:04.528Z  PSAG/2021       roh           1670 reg. Kerzen        0/0/0 von 155  Tagen gewertet (1m/5m/15m)        0 Signale  38 ms lesen  17 ms rechnen
2026-09-08T07:00:04.564Z  PSAG/2022       roh           1418 reg. Kerzen        0/0/0 von 201  Tagen gewertet (1m/5m/15m)        0 Signale  19 ms lesen  13 ms rechnen
2026-09-08T07:00:11.382Z  PSNY/2022       bereinigt    48951 reg. Kerzen    0/112/112 von 132  Tagen gewertet (1m/5m/15m)     3059 Signale  131 ms lesen  6656 ms rechnen
2026-09-08T07:00:28.278Z  PSNY/2023       bereinigt    92900 reg. Kerzen    0/250/250 von 250  Tagen gewertet (1m/5m/15m)     6879 Signale  182 ms lesen  16586 ms rechnen
2026-09-08T07:00:39.076Z  PSNY/2024       bereinigt    93310 reg. Kerzen    0/155/155 von 252  Tagen gewertet (1m/5m/15m)     4328 Signale  205 ms lesen  10324 ms rechnen
2026-09-08T07:00:42.805Z  PSNY/2025       bereinigt    87382 reg. Kerzen      0/43/43 von 250  Tagen gewertet (1m/5m/15m)     1207 Signale  162 ms lesen  3332 ms rechnen
2026-09-08T07:00:43.376Z  PSNY/2026       roh          23320 reg. Kerzen        0/0/0 von 166  Tagen gewertet (1m/5m/15m)        0 Signale  73 ms lesen  193 ms rechnen
2026-09-08T07:00:43.549Z  PSV/2016        roh           7126 reg. Kerzen        0/0/0 von 91   Tagen gewertet (1m/5m/15m)        0 Signale  40 ms lesen  61 ms rechnen
2026-09-08T07:00:43.890Z  PSV/2017        roh          33014 reg. Kerzen        0/0/0 von 251  Tagen gewertet (1m/5m/15m)        0 Signale  69 ms lesen  247 ms rechnen
2026-09-08T07:00:44.177Z  PSV/2018        roh          15370 reg. Kerzen        0/0/0 von 251  Tagen gewertet (1m/5m/15m)        0 Signale  43 ms lesen  137 ms rechnen
2026-09-08T07:00:44.355Z  PSV/2019        roh          11012 reg. Kerzen        0/0/0 von 252  Tagen gewertet (1m/5m/15m)        0 Signale  55 ms lesen  64 ms rechnen
2026-09-08T07:00:44.583Z  PSV/2020        roh          18412 reg. Kerzen        0/0/0 von 184  Tagen gewertet (1m/5m/15m)        0 Signale  57 ms lesen  135 ms rechnen
2026-09-08T07:00:44.753Z  PTGX/2016       roh           8817 reg. Kerzen        0/0/0 von 99   Tagen gewertet (1m/5m/15m)        0 Signale  39 ms lesen  50 ms rechnen
2026-09-08T07:00:44.962Z  PTGX/2017       roh          21571 reg. Kerzen        0/0/0 von 251  Tagen gewertet (1m/5m/15m)        0 Signale  43 ms lesen  146 ms rechnen
2026-09-08T07:00:45.497Z  PTGX/2018       roh          37405 reg. Kerzen        0/0/0 von 251  Tagen gewertet (1m/5m/15m)        0 Signale  210 ms lesen  253 ms rechnen
2026-09-08T07:00:45.923Z  PTGX/2019       roh          42691 reg. Kerzen        0/0/0 von 252  Tagen gewertet (1m/5m/15m)        0 Signale  62 ms lesen  272 ms rechnen
2026-09-08T07:00:51.944Z  PTGX/2020       roh          55122 reg. Kerzen      0/88/89 von 253  Tagen gewertet (1m/5m/15m)     2438 Signale  86 ms lesen  5814 ms rechnen
2026-09-08T07:01:07.963Z  PTGX/2021       roh          62735 reg. Kerzen    0/252/252 von 252  Tagen gewertet (1m/5m/15m)     6866 Signale  115 ms lesen  15756 ms rechnen
2026-09-08T07:01:19.514Z  PTGX/2022       roh          79614 reg. Kerzen    0/182/182 von 251  Tagen gewertet (1m/5m/15m)     5028 Signale  107 ms lesen  11279 ms rechnen
2026-09-08T07:01:21.405Z  CHECKPOINT 4000 Dateien, 746 min, Detektorfehler {}
2026-09-08T07:01:36.006Z  PTGX/2023       roh          79542 reg. Kerzen    0/250/250 von 250  Tagen gewertet (1m/5m/15m)     6765 Signale  133 ms lesen  14467 ms rechnen
2026-09-08T07:01:50.923Z  PTGX/2024       roh          68436 reg. Kerzen    0/252/252 von 252  Tagen gewertet (1m/5m/15m)     6853 Signale  215 ms lesen  14462 ms rechnen
2026-09-08T07:02:05.721Z  PTGX/2025       roh          73203 reg. Kerzen    0/249/250 von 250  Tagen gewertet (1m/5m/15m)     6624 Signale  132 ms lesen  14464 ms rechnen
2026-09-08T07:02:15.217Z  PTGX/2026       roh          41718 reg. Kerzen    0/166/166 von 166  Tagen gewertet (1m/5m/15m)     4501 Signale  94 ms lesen  9178 ms rechnen
2026-09-08T07:02:15.345Z  PTK/2020        roh            501 reg. Kerzen        0/0/0 von 61   Tagen gewertet (1m/5m/15m)        0 Signale  8 ms lesen  4 ms rechnen
2026-09-08T07:02:15.404Z  PTK/2021        roh           5943 reg. Kerzen        0/0/0 von 183  Tagen gewertet (1m/5m/15m)        0 Signale  18 ms lesen  38 ms rechnen
2026-09-08T07:02:15.489Z  PTPI/2020       bereinigt     2003 reg. Kerzen        0/0/0 von 21   Tagen gewertet (1m/5m/15m)        0 Signale  51 ms lesen  16 ms rechnen
2026-09-08T07:02:17.117Z  PTPI/2021       bereinigt    24708 reg. Kerzen      0/21/21 von 252  Tagen gewertet (1m/5m/15m)      594 Signale  42 ms lesen  1578 ms rechnen
2026-09-08T07:02:18.647Z  PTPI/2022       bereinigt    28034 reg. Kerzen      0/19/19 von 251  Tagen gewertet (1m/5m/15m)      511 Signale  71 ms lesen  1377 ms rechnen
2026-09-08T07:02:18.862Z  PTPI/2023       bereinigt    14566 reg. Kerzen        0/0/0 von 250  Tagen gewertet (1m/5m/15m)        0 Signale  29 ms lesen  88 ms rechnen
2026-09-08T07:02:19.197Z  PTPI/2024       bereinigt    29327 reg. Kerzen        0/0/0 von 252  Tagen gewertet (1m/5m/15m)        0 Signale  78 ms lesen  215 ms rechnen
2026-09-08T07:02:19.455Z  PTPI/2025       bereinigt    24993 reg. Kerzen        0/0/0 von 96   Tagen gewertet (1m/5m/15m)        0 Signale  56 ms lesen  127 ms rechnen
2026-09-08T07:02:19.536Z  AUSGELASSEN PTPI/2026: Datei fehlt
2026-09-08T07:02:19.568Z  PTWO/2022       roh            259 reg. Kerzen        0/0/0 von 39   Tagen gewertet (1m/5m/15m)        0 Signale  28 ms lesen  2 ms rechnen
2026-09-08T07:02:19.603Z  PTWO/2023       roh            843 reg. Kerzen        0/0/0 von 157  Tagen gewertet (1m/5m/15m)        0 Signale  24 ms lesen  9 ms rechnen
2026-09-08T07:02:19.663Z  PTWO/2024       roh           1274 reg. Kerzen        0/0/0 von 139  Tagen gewertet (1m/5m/15m)        0 Signale  43 ms lesen  14 ms rechnen
2026-09-08T07:02:19.698Z  PVA/2016        roh           2186 reg. Kerzen        0/0/0 von 7    Tagen gewertet (1m/5m/15m)        0 Signale  19 ms lesen  12 ms rechnen
2026-09-08T07:02:28.995Z  PVTL/2018       roh          60716 reg. Kerzen    0/156/156 von 176  Tagen gewertet (1m/5m/15m)     4216 Signale  146 ms lesen  9139 ms rechnen
2026-09-08T07:02:41.784Z  PVTL/2019       roh          87311 reg. Kerzen    0/250/250 von 250  Tagen gewertet (1m/5m/15m)     5454 Signale  118 ms lesen  12496 ms rechnen
2026-09-08T07:02:42.087Z  PWUP/2022       roh           1072 reg. Kerzen        0/0/0 von 157  Tagen gewertet (1m/5m/15m)        0 Signale  56 ms lesen  11 ms rechnen
2026-09-08T07:02:42.133Z  PWUP/2023       roh           1357 reg. Kerzen        0/0/0 von 170  Tagen gewertet (1m/5m/15m)        0 Signale  26 ms lesen  15 ms rechnen
2026-09-08T07:02:42.157Z  PWUP/2024       roh            491 reg. Kerzen        0/0/0 von 125  Tagen gewertet (1m/5m/15m)        0 Signale  10 ms lesen  8 ms rechnen
2026-09-08T07:02:42.173Z  PWUP/2025       roh            271 reg. Kerzen        0/0/0 von 22   Tagen gewertet (1m/5m/15m)        0 Signale  10 ms lesen  4 ms rechnen
2026-09-08T07:02:53.464Z  PYPL/2016       roh          98023 reg. Kerzen    0/232/232 von 252  Tagen gewertet (1m/5m/15m)     5755 Signale  144 ms lesen  11134 ms rechnen
2026-09-08T07:03:05.666Z  PYPL/2017       roh          97507 reg. Kerzen    0/251/251 von 251  Tagen gewertet (1m/5m/15m)     6001 Signale  155 ms lesen  11769 ms rechnen
2026-09-08T07:03:19.493Z  PYPL/2018       roh          96572 reg. Kerzen    0/249/249 von 251  Tagen gewertet (1m/5m/15m)     6406 Signale  158 ms lesen  13425 ms rechnen
2026-09-08T07:03:31.651Z  PYPL/2019       roh          97737 reg. Kerzen    0/252/252 von 252  Tagen gewertet (1m/5m/15m)     6144 Signale  239 ms lesen  11676 ms rechnen
2026-09-08T07:03:45.965Z  PYPL/2020       roh          98254 reg. Kerzen    0/253/253 von 253  Tagen gewertet (1m/5m/15m)     6712 Signale  153 ms lesen  13871 ms rechnen
2026-09-08T07:03:59.273Z  PYPL/2021       roh          98099 reg. Kerzen    0/252/252 von 252  Tagen gewertet (1m/5m/15m)     6596 Signale  167 ms lesen  12823 ms rechnen
2026-09-08T07:04:14.497Z  PYPL/2022       roh          97710 reg. Kerzen    0/251/251 von 251  Tagen gewertet (1m/5m/15m)     6848 Signale  170 ms lesen  14785 ms rechnen
2026-09-08T07:04:27.660Z  PYPL/2023       roh          97140 reg. Kerzen    0/250/250 von 250  Tagen gewertet (1m/5m/15m)     6564 Signale  199 ms lesen  12723 ms rechnen
2026-09-08T07:04:40.514Z  PYPL/2024       roh          97740 reg. Kerzen    0/252/252 von 252  Tagen gewertet (1m/5m/15m)     6461 Signale  183 ms lesen  12432 ms rechnen
2026-09-08T07:04:53.293Z  PYPL/2025       roh          96960 reg. Kerzen    0/250/250 von 250  Tagen gewertet (1m/5m/15m)     6461 Signale  195 ms lesen  12338 ms rechnen
2026-09-08T07:05:02.373Z  PYPL/2026       roh          64735 reg. Kerzen    0/166/166 von 166  Tagen gewertet (1m/5m/15m)     4244 Signale  217 ms lesen  8546 ms rechnen
2026-09-08T07:05:02.590Z  QADB/2016       roh           1106 reg. Kerzen        0/0/0 von 173  Tagen gewertet (1m/5m/15m)        0 Signale  43 ms lesen  10 ms rechnen
2026-09-08T07:05:02.617Z  QADB/2017       roh            876 reg. Kerzen        0/0/0 von 168  Tagen gewertet (1m/5m/15m)        0 Signale  11 ms lesen  10 ms rechnen
2026-09-08T07:05:02.655Z  QADB/2018       roh            868 reg. Kerzen        0/0/0 von 171  Tagen gewertet (1m/5m/15m)        0 Signale  24 ms lesen  11 ms rechnen
2026-09-08T07:05:02.695Z  QADB/2019       roh            622 reg. Kerzen        0/0/0 von 150  Tagen gewertet (1m/5m/15m)        0 Signale  30 ms lesen  6 ms rechnen
2026-09-08T07:05:02.712Z  QADB/2020       roh            454 reg. Kerzen        0/0/0 von 125  Tagen gewertet (1m/5m/15m)        0 Signale  7 ms lesen  8 ms rechnen
2026-09-08T07:05:02.730Z  QADB/2021       roh            795 reg. Kerzen        0/0/0 von 139  Tagen gewertet (1m/5m/15m)        0 Signale  7 ms lesen  9 ms rechnen
2026-09-08T07:05:17.064Z  QEP/2016        roh          97899 reg. Kerzen    0/232/232 von 252  Tagen gewertet (1m/5m/15m)     6423 Signale  175 ms lesen  14143 ms rechnen
2026-09-08T07:05:33.630Z  QEP/2017        roh          96986 reg. Kerzen    0/251/251 von 251  Tagen gewertet (1m/5m/15m)     6823 Signale  137 ms lesen  16192 ms rechnen
2026-09-08T07:05:48.933Z  QEP/2018        roh          96919 reg. Kerzen    0/251/251 von 251  Tagen gewertet (1m/5m/15m)     6785 Signale  154 ms lesen  14879 ms rechnen
2026-09-08T07:06:05.061Z  QEP/2019        roh          96353 reg. Kerzen    0/252/252 von 252  Tagen gewertet (1m/5m/15m)     6898 Signale  190 ms lesen  15689 ms rechnen
2026-09-08T07:06:16.842Z  QEP/2020        roh          95428 reg. Kerzen    0/174/174 von 253  Tagen gewertet (1m/5m/15m)     4695 Signale  150 ms lesen  11390 ms rechnen
2026-09-08T07:06:20.208Z  QEP/2021        roh          19022 reg. Kerzen      0/50/50 von 50   Tagen gewertet (1m/5m/15m)     1434 Signale  39 ms lesen  3055 ms rechnen
2026-09-08T07:06:25.825Z  QIWI/2016       roh          61085 reg. Kerzen     0/99/101 von 252  Tagen gewertet (1m/5m/15m)     2679 Signale  99 ms lesen  5450 ms rechnen
2026-09-08T07:06:36.368Z  QIWI/2017       roh          63459 reg. Kerzen    0/192/193 von 251  Tagen gewertet (1m/5m/15m)     5175 Signale  96 ms lesen  10243 ms rechnen
2026-09-08T07:06:38.478Z  QIWI/2018       roh          48066 reg. Kerzen      0/32/32 von 251  Tagen gewertet (1m/5m/15m)      877 Signale  94 ms lesen  1854 ms rechnen
2026-09-08T07:06:43.839Z  QIWI/2019       roh          52892 reg. Kerzen      0/95/95 von 252  Tagen gewertet (1m/5m/15m)     2500 Signale  100 ms lesen  5138 ms rechnen
2026-09-08T07:06:49.389Z  QIWI/2020       roh          62238 reg. Kerzen      0/85/85 von 253  Tagen gewertet (1m/5m/15m)     2290 Signale  102 ms lesen  5286 ms rechnen
2026-09-08T07:06:50.616Z  QIWI/2021       roh          54826 reg. Kerzen        0/9/9 von 252  Tagen gewertet (1m/5m/15m)      237 Signale  251 ms lesen  768 ms rechnen
2026-09-08T07:06:50.877Z  QIWI/2022       roh           8492 reg. Kerzen        0/0/0 von 38   Tagen gewertet (1m/5m/15m)        0 Signale  33 ms lesen  56 ms rechnen
2026-09-08T07:06:50.902Z  AUSGELASSEN QIWI/2023: Datei fehlt
2026-09-08T07:06:50.939Z  AUSGELASSEN QIWI/2024: Datei fehlt
2026-09-08T07:06:50.982Z  QOMO/2022       roh             23 reg. Kerzen        0/0/0 von 7    Tagen gewertet (1m/5m/15m)        0 Signale  21 ms lesen  0 ms rechnen
2026-09-08T07:06:51.025Z  QOMO/2023       roh            620 reg. Kerzen        0/0/0 von 124  Tagen gewertet (1m/5m/15m)        0 Signale  35 ms lesen  7 ms rechnen
2026-09-08T07:06:51.065Z  QOMO/2024       roh            236 reg. Kerzen        0/0/0 von 70   Tagen gewertet (1m/5m/15m)        0 Signale  34 ms lesen  3 ms rechnen
2026-09-08T07:06:55.989Z  QSII/2016       roh          70378 reg. Kerzen      0/82/82 von 252  Tagen gewertet (1m/5m/15m)     2151 Signale  182 ms lesen  4740 ms rechnen
2026-09-08T07:06:57.795Z  QSII/2017       roh          58172 reg. Kerzen      0/24/24 von 251  Tagen gewertet (1m/5m/15m)      586 Signale  78 ms lesen  1515 ms rechnen
2026-09-08T07:06:59.521Z  QSII/2018       roh          40185 reg. Kerzen      0/28/28 von 173  Tagen gewertet (1m/5m/15m)      714 Signale  83 ms lesen  1481 ms rechnen
2026-09-08T07:07:00.440Z  QTT/2018        bereinigt    17139 reg. Kerzen      0/11/12 von 74   Tagen gewertet (1m/5m/15m)      310 Signale  52 ms lesen  738 ms rechnen
2026-09-08T07:07:12.541Z  QTT/2019        bereinigt    81822 reg. Kerzen    0/192/192 von 252  Tagen gewertet (1m/5m/15m)     5291 Signale  153 ms lesen  11897 ms rechnen
2026-09-08T07:07:16.992Z  QTT/2020        bereinigt    80196 reg. Kerzen      0/57/57 von 253  Tagen gewertet (1m/5m/15m)     1606 Signale  170 ms lesen  4055 ms rechnen
2026-09-08T07:07:22.427Z  QTT/2021        bereinigt    71289 reg. Kerzen      0/77/77 von 252  Tagen gewertet (1m/5m/15m)     2174 Signale  165 ms lesen  5041 ms rechnen
2026-09-08T07:07:22.815Z  QTT/2022        roh          22477 reg. Kerzen        0/0/0 von 251  Tagen gewertet (1m/5m/15m)        0 Signale  66 ms lesen  142 ms rechnen
2026-09-08T07:07:22.924Z  QTT/2023        roh           2472 reg. Kerzen        0/0/0 von 55   Tagen gewertet (1m/5m/15m)        0 Signale  37 ms lesen  26 ms rechnen
2026-09-08T07:07:23.338Z  QVCGA/2025      bereinigt    41405 reg. Kerzen        0/0/0 von 216  Tagen gewertet (1m/5m/15m)        0 Signale  147 ms lesen  239 ms rechnen
2026-09-08T07:07:23.510Z  QVCGA/2026      roh           9286 reg. Kerzen        0/0/0 von 77   Tagen gewertet (1m/5m/15m)        0 Signale  24 ms lesen  47 ms rechnen
2026-09-08T07:07:23.581Z  RACB/2021       roh           1158 reg. Kerzen        0/0/0 von 102  Tagen gewertet (1m/5m/15m)        0 Signale  36 ms lesen  12 ms rechnen
2026-09-08T07:07:23.615Z  RACB/2022       roh            716 reg. Kerzen        0/0/0 von 133  Tagen gewertet (1m/5m/15m)        0 Signale  21 ms lesen  8 ms rechnen
2026-09-08T07:07:23.696Z  RAPT/2019       bereinigt     4611 reg. Kerzen        0/0/0 von 42   Tagen gewertet (1m/5m/15m)        0 Signale  45 ms lesen  33 ms rechnen
2026-09-08T07:07:26.870Z  RAPT/2020       bereinigt    38761 reg. Kerzen      0/50/56 von 253  Tagen gewertet (1m/5m/15m)     1361 Signale  56 ms lesen  3097 ms rechnen
2026-09-08T07:07:31.839Z  RAPT/2021       bereinigt    42895 reg. Kerzen      0/72/85 von 252  Tagen gewertet (1m/5m/15m)     2044 Signale  68 ms lesen  4777 ms rechnen
2026-09-08T07:07:37.707Z  RAPT/2022       bereinigt    53207 reg. Kerzen      0/90/94 von 251  Tagen gewertet (1m/5m/15m)     2459 Signale  83 ms lesen  5664 ms rechnen
2026-09-08T07:07:44.513Z  RAPT/2023       bereinigt    54623 reg. Kerzen    0/105/105 von 250  Tagen gewertet (1m/5m/15m)     2853 Signale  77 ms lesen  6607 ms rechnen
2026-09-08T07:07:49.022Z  RAPT/2024       bereinigt    60460 reg. Kerzen      0/60/60 von 252  Tagen gewertet (1m/5m/15m)     1638 Signale  110 ms lesen  4248 ms rechnen
2026-09-08T07:07:53.160Z  RAPT/2025       bereinigt    51963 reg. Kerzen      0/57/60 von 250  Tagen gewertet (1m/5m/15m)     1538 Signale  94 ms lesen  3877 ms rechnen
2026-09-08T07:07:54.917Z  RAPT/2026       roh          12011 reg. Kerzen      0/39/40 von 40   Tagen gewertet (1m/5m/15m)      702 Signale  42 ms lesen  1572 ms rechnen
2026-09-08T07:08:03.821Z  RBC/2016        roh          38597 reg. Kerzen    0/149/220 von 252  Tagen gewertet (1m/5m/15m)     4427 Signale  79 ms lesen  8761 ms rechnen
2026-09-08T07:08:10.044Z  RBC/2017        roh          30100 reg. Kerzen     0/80/226 von 251  Tagen gewertet (1m/5m/15m)     3371 Signale  77 ms lesen  6019 ms rechnen
2026-09-08T07:08:16.799Z  RBC/2018        roh          30116 reg. Kerzen     0/84/245 von 251  Tagen gewertet (1m/5m/15m)     3714 Signale  65 ms lesen  6600 ms rechnen
2026-09-08T07:08:24.729Z  RBC/2019        roh          33352 reg. Kerzen    0/120/251 von 252  Tagen gewertet (1m/5m/15m)     4254 Signale  78 ms lesen  7751 ms rechnen
2026-09-08T07:08:35.464Z  RBC/2020        roh          38694 reg. Kerzen    0/180/253 von 253  Tagen gewertet (1m/5m/15m)     5403 Signale  196 ms lesen  10422 ms rechnen
2026-09-08T07:08:41.346Z  RBC/2021        roh          29350 reg. Kerzen     0/66/219 von 252  Tagen gewertet (1m/5m/15m)     3094 Signale  83 ms lesen  5720 ms rechnen
2026-09-08T07:08:50.626Z  RBC/2022        roh          36214 reg. Kerzen    0/153/251 von 251  Tagen gewertet (1m/5m/15m)     4840 Signale  68 ms lesen  9110 ms rechnen
2026-09-08T07:09:00.002Z  RBC/2023        roh          36430 reg. Kerzen    0/153/249 von 250  Tagen gewertet (1m/5m/15m)     4906 Signale  82 ms lesen  9185 ms rechnen
2026-09-08T07:09:05.402Z  RBC/2024        roh          28041 reg. Kerzen     0/71/244 von 252  Tagen gewertet (1m/5m/15m)     3330 Signale  65 ms lesen  5221 ms rechnen
2026-09-08T07:09:12.179Z  RBC/2025        roh          31951 reg. Kerzen     0/88/245 von 250  Tagen gewertet (1m/5m/15m)     3645 Signale  53 ms lesen  6650 ms rechnen
2026-09-08T07:09:21.411Z  RBC/2026        roh          39158 reg. Kerzen    0/166/166 von 166  Tagen gewertet (1m/5m/15m)     4304 Signale  69 ms lesen  9070 ms rechnen
2026-09-08T07:09:33.323Z  RBS/2016        roh          81230 reg. Kerzen    0/232/232 von 252  Tagen gewertet (1m/5m/15m)     6353 Signale  239 ms lesen  11528 ms rechnen
2026-09-08T07:09:41.506Z  RBS/2017        roh          71954 reg. Kerzen    0/167/167 von 251  Tagen gewertet (1m/5m/15m)     4304 Signale  99 ms lesen  7871 ms rechnen
2026-09-08T07:09:47.434Z  RBS/2018        roh          74110 reg. Kerzen    0/110/110 von 251  Tagen gewertet (1m/5m/15m)     2802 Signale  104 ms lesen  5656 ms rechnen
2026-09-08T07:09:53.638Z  RBS/2019        roh          70683 reg. Kerzen    0/120/120 von 252  Tagen gewertet (1m/5m/15m)     3134 Signale  110 ms lesen  5900 ms rechnen
2026-09-08T07:10:01.120Z  RBS/2020        roh          47560 reg. Kerzen    0/138/138 von 140  Tagen gewertet (1m/5m/15m)     3885 Signale  78 ms lesen  7212 ms rechnen
2026-09-08T07:10:11.987Z  RCI/2016        roh          75650 reg. Kerzen    0/230/232 von 252  Tagen gewertet (1m/5m/15m)     5659 Signale  160 ms lesen  10574 ms rechnen
2026-09-08T07:10:23.142Z  RCI/2017        roh          76989 reg. Kerzen    0/251/251 von 251  Tagen gewertet (1m/5m/15m)     5674 Signale  127 ms lesen  10797 ms rechnen
2026-09-08T07:10:34.519Z  RCI/2018        roh          77554 reg. Kerzen    0/251/251 von 251  Tagen gewertet (1m/5m/15m)     5867 Signale  138 ms lesen  11052 ms rechnen
2026-09-08T07:10:45.945Z  RCI/2019        roh          80276 reg. Kerzen    0/252/252 von 252  Tagen gewertet (1m/5m/15m)     5715 Signale  143 ms lesen  11047 ms rechnen
2026-09-08T07:10:58.658Z  RCI/2020        roh          81876 reg. Kerzen    0/252/253 von 253  Tagen gewertet (1m/5m/15m)     6250 Signale  128 ms lesen  12382 ms rechnen
2026-09-08T07:11:09.512Z  RCI/2021        roh          69419 reg. Kerzen    0/249/250 von 252  Tagen gewertet (1m/5m/15m)     5794 Signale  126 ms lesen  10509 ms rechnen
2026-09-08T07:11:22.344Z  RCI/2022        roh          77118 reg. Kerzen    0/248/249 von 251  Tagen gewertet (1m/5m/15m)     6285 Signale  149 ms lesen  12510 ms rechnen
2026-09-08T07:11:35.066Z  RCI/2023        roh          71784 reg. Kerzen    0/250/250 von 250  Tagen gewertet (1m/5m/15m)     6126 Signale  112 ms lesen  12409 ms rechnen
2026-09-08T07:11:46.988Z  RCI/2024        roh          81724 reg. Kerzen    0/252/252 von 252  Tagen gewertet (1m/5m/15m)     6209 Signale  315 ms lesen  11397 ms rechnen
2026-09-08T07:11:59.383Z  RCI/2025        roh          87527 reg. Kerzen    0/250/250 von 250  Tagen gewertet (1m/5m/15m)     6123 Signale  144 ms lesen  12034 ms rechnen
2026-09-08T07:12:08.063Z  RCI/2026        roh          57151 reg. Kerzen    0/166/166 von 166  Tagen gewertet (1m/5m/15m)     4257 Signale  253 ms lesen  8213 ms rechnen
2026-09-08T07:12:08.598Z  RDBX/2021       roh          10387 reg. Kerzen        0/5/5 von 48   Tagen gewertet (1m/5m/15m)      115 Signale  33 ms lesen  307 ms rechnen
2026-09-08T07:12:13.230Z  RDBX/2022       roh          43750 reg. Kerzen      0/68/68 von 152  Tagen gewertet (1m/5m/15m)     1850 Signale  114 ms lesen  4480 ms rechnen
2026-09-08T07:12:27.627Z  RDUS/2016       roh          84281 reg. Kerzen    0/232/232 von 252  Tagen gewertet (1m/5m/15m)     6310 Signale  200 ms lesen  14060 ms rechnen
2026-09-08T07:12:42.955Z  RDUS/2017       roh          82632 reg. Kerzen    0/251/251 von 251  Tagen gewertet (1m/5m/15m)     6778 Signale  121 ms lesen  14965 ms rechnen
2026-09-08T07:12:58.071Z  RDUS/2018       roh          79059 reg. Kerzen    0/249/249 von 251  Tagen gewertet (1m/5m/15m)     6753 Signale  130 ms lesen  14740 ms rechnen
2026-09-08T07:13:13.503Z  RDUS/2019       roh          76510 reg. Kerzen    0/252/252 von 252  Tagen gewertet (1m/5m/15m)     6816 Signale  119 ms lesen  15120 ms rechnen
2026-09-08T07:13:25.880Z  RDUS/2020       roh          74297 reg. Kerzen    0/192/192 von 253  Tagen gewertet (1m/5m/15m)     5296 Signale  121 ms lesen  12037 ms rechnen
2026-09-08T07:13:34.815Z  RDUS/2021       roh          63361 reg. Kerzen    0/139/139 von 252  Tagen gewertet (1m/5m/15m)     3741 Signale  99 ms lesen  8669 ms rechnen
2026-09-08T07:13:40.934Z  RDUS/2022       roh          48498 reg. Kerzen      0/93/93 von 154  Tagen gewertet (1m/5m/15m)     2351 Signale  84 ms lesen  5856 ms rechnen
2026-09-08T07:13:41.783Z  RDUS/2023       roh          12122 reg. Kerzen      0/10/13 von 83   Tagen gewertet (1m/5m/15m)      309 Signale  44 ms lesen  641 ms rechnen
2026-09-08T07:13:42.117Z  RDUS/2024       roh          39468 reg. Kerzen        0/0/0 von 252  Tagen gewertet (1m/5m/15m)        0 Signale  81 ms lesen  227 ms rechnen
2026-09-08T07:13:44.900Z  RDUS/2025       roh          32054 reg. Kerzen      0/72/72 von 129  Tagen gewertet (1m/5m/15m)     1313 Signale  59 ms lesen  2627 ms rechnen
2026-09-08T07:13:57.478Z  REGN/2016       roh          86214 reg. Kerzen    0/232/232 von 252  Tagen gewertet (1m/5m/15m)     6203 Signale  163 ms lesen  12323 ms rechnen
2026-09-08T07:14:10.985Z  REGN/2017       roh          85998 reg. Kerzen    0/250/250 von 251  Tagen gewertet (1m/5m/15m)     6460 Signale  165 ms lesen  13082 ms rechnen
2026-09-08T07:14:24.802Z  REGN/2018       roh          84592 reg. Kerzen    0/249/249 von 251  Tagen gewertet (1m/5m/15m)     6519 Signale  118 ms lesen  13490 ms rechnen
2026-09-08T07:14:38.293Z  REGN/2019       roh          86063 reg. Kerzen    0/252/252 von 252  Tagen gewertet (1m/5m/15m)     6551 Signale  158 ms lesen  13081 ms rechnen
2026-09-08T07:14:52.653Z  REGN/2020       roh          90613 reg. Kerzen    0/253/253 von 253  Tagen gewertet (1m/5m/15m)     6645 Signale  159 ms lesen  13922 ms rechnen
2026-09-08T07:15:05.888Z  REGN/2021       roh          85842 reg. Kerzen    0/252/252 von 252  Tagen gewertet (1m/5m/15m)     6408 Signale  150 ms lesen  12841 ms rechnen
2026-09-08T07:15:19.489Z  REGN/2022       roh          77198 reg. Kerzen    0/251/251 von 251  Tagen gewertet (1m/5m/15m)     6565 Signale  148 ms lesen  13187 ms rechnen
2026-09-08T07:15:31.952Z  REGN/2023       roh          69866 reg. Kerzen    0/250/250 von 250  Tagen gewertet (1m/5m/15m)     6113 Signale  241 ms lesen  11992 ms rechnen
2026-09-08T07:15:44.332Z  REGN/2024       roh          62502 reg. Kerzen    0/251/252 von 252  Tagen gewertet (1m/5m/15m)     6214 Signale  116 ms lesen  12069 ms rechnen
2026-09-08T07:15:57.856Z  REGN/2025       roh          81560 reg. Kerzen    0/250/250 von 250  Tagen gewertet (1m/5m/15m)     6503 Signale  192 ms lesen  13178 ms rechnen
2026-09-08T07:16:06.562Z  REGN/2026       roh          59988 reg. Kerzen    0/166/166 von 166  Tagen gewertet (1m/5m/15m)     4238 Signale  114 ms lesen  8350 ms rechnen
2026-09-08T07:16:06.832Z  RENE/2022       roh            632 reg. Kerzen        0/0/0 von 100  Tagen gewertet (1m/5m/15m)        0 Signale  37 ms lesen  6 ms rechnen
2026-09-08T07:16:06.868Z  RENE/2023       roh           1532 reg. Kerzen        0/0/0 von 199  Tagen gewertet (1m/5m/15m)        0 Signale  14 ms lesen  18 ms rechnen
2026-09-08T07:16:06.912Z  RENE/2024       roh            821 reg. Kerzen        0/0/0 von 185  Tagen gewertet (1m/5m/15m)        0 Signale  29 ms lesen  10 ms rechnen
2026-09-08T07:16:06.940Z  RENE/2025       roh            141 reg. Kerzen        0/0/0 von 49   Tagen gewertet (1m/5m/15m)        0 Signale  22 ms lesen  3 ms rechnen
2026-09-08T07:16:07.104Z  RETA/2016       roh          15596 reg. Kerzen        0/0/0 von 152  Tagen gewertet (1m/5m/15m)        0 Signale  66 ms lesen  96 ms rechnen
2026-09-08T07:16:08.165Z  RETA/2017       roh          31067 reg. Kerzen      0/10/10 von 251  Tagen gewertet (1m/5m/15m)      275 Signale  74 ms lesen  941 ms rechnen
2026-09-08T07:16:19.295Z  RETA/2018       roh          52271 reg. Kerzen    0/181/183 von 251  Tagen gewertet (1m/5m/15m)     4840 Signale  104 ms lesen  10941 ms rechnen
2026-09-08T07:16:34.311Z  RETA/2019       roh          57113 reg. Kerzen    0/249/252 von 252  Tagen gewertet (1m/5m/15m)     6880 Signale  150 ms lesen  14716 ms rechnen
2026-09-08T07:16:49.638Z  RETA/2020       roh          64647 reg. Kerzen    0/251/253 von 253  Tagen gewertet (1m/5m/15m)     6840 Signale  145 ms lesen  14988 ms rechnen
2026-09-08T07:17:04.725Z  RETA/2021       roh          62042 reg. Kerzen    0/248/251 von 251  Tagen gewertet (1m/5m/15m)     6829 Signale  123 ms lesen  14799 ms rechnen
2026-09-08T07:17:21.199Z  RETA/2022       roh          72764 reg. Kerzen    0/251/251 von 251  Tagen gewertet (1m/5m/15m)     6899 Signale  109 ms lesen  16172 ms rechnen
2026-09-08T07:17:31.590Z  RETA/2023       roh          55782 reg. Kerzen    0/183/183 von 183  Tagen gewertet (1m/5m/15m)     4510 Signale  90 ms lesen  10100 ms rechnen
2026-09-08T07:17:31.851Z  REXX/2017       roh          14442 reg. Kerzen        0/0/0 von 160  Tagen gewertet (1m/5m/15m)        0 Signale  37 ms lesen  87 ms rechnen
2026-09-08T07:17:31.966Z  REXX/2018       roh           8585 reg. Kerzen        0/0/0 von 69   Tagen gewertet (1m/5m/15m)        0 Signale  25 ms lesen  52 ms rechnen
2026-09-08T07:17:32.111Z  RGF/2021        bereinigt     5066 reg. Kerzen        0/0/0 von 39   Tagen gewertet (1m/5m/15m)        0 Signale  64 ms lesen  40 ms rechnen
2026-09-08T07:17:32.208Z  RGF/2022        bereinigt     6611 reg. Kerzen        0/0/0 von 250  Tagen gewertet (1m/5m/15m)        0 Signale  14 ms lesen  64 ms rechnen
2026-09-08T07:17:32.325Z  RGF/2023        bereinigt    11445 reg. Kerzen        0/0/0 von 250  Tagen gewertet (1m/5m/15m)        0 Signale  24 ms lesen  69 ms rechnen
2026-09-08T07:17:32.539Z  RGF/2024        bereinigt    20354 reg. Kerzen        0/0/0 von 252  Tagen gewertet (1m/5m/15m)        0 Signale  50 ms lesen  133 ms rechnen
2026-09-08T07:17:32.611Z  RGF/2025        bereinigt      801 reg. Kerzen        0/0/0 von 3    Tagen gewertet (1m/5m/15m)        0 Signale  4 ms lesen  11 ms rechnen
2026-09-08T07:17:44.597Z  RHI/2016        roh          93444 reg. Kerzen    0/232/232 von 252  Tagen gewertet (1m/5m/15m)     5745 Signale  289 ms lesen  11664 ms rechnen
2026-09-08T07:17:57.005Z  RHI/2017        roh          87620 reg. Kerzen    0/251/251 von 251  Tagen gewertet (1m/5m/15m)     6081 Signale  135 ms lesen  11980 ms rechnen
2026-09-08T07:18:11.564Z  RHI/2018        roh          91974 reg. Kerzen    0/251/251 von 251  Tagen gewertet (1m/5m/15m)     6174 Signale  222 ms lesen  14051 ms rechnen
2026-09-08T07:18:24.339Z  RHI/2019        roh          91825 reg. Kerzen    0/252/252 von 252  Tagen gewertet (1m/5m/15m)     6040 Signale  218 ms lesen  12260 ms rechnen
2026-09-08T07:18:38.310Z  RHI/2020        roh          92085 reg. Kerzen    0/253/253 von 253  Tagen gewertet (1m/5m/15m)     6685 Signale  151 ms lesen  13578 ms rechnen
2026-09-08T07:18:50.722Z  RHI/2021        roh          84843 reg. Kerzen    0/250/250 von 252  Tagen gewertet (1m/5m/15m)     6228 Signale  132 ms lesen  11996 ms rechnen
2026-09-08T07:19:04.490Z  RHI/2022        roh          88577 reg. Kerzen    0/249/249 von 250  Tagen gewertet (1m/5m/15m)     6714 Signale  133 ms lesen  13422 ms rechnen
2026-09-08T07:19:17.158Z  RHI/2023        roh          85357 reg. Kerzen    0/250/250 von 250  Tagen gewertet (1m/5m/15m)     6341 Signale  110 ms lesen  12331 ms rechnen
2026-09-08T07:19:29.542Z  RHI/2024        roh          87689 reg. Kerzen    0/252/252 von 252  Tagen gewertet (1m/5m/15m)     6174 Signale  125 ms lesen  11989 ms rechnen
2026-09-08T07:19:43.670Z  RHI/2025        roh          89089 reg. Kerzen    0/250/250 von 250  Tagen gewertet (1m/5m/15m)     6541 Signale  132 ms lesen  13762 ms rechnen
2026-09-08T07:19:53.673Z  RHI/2026        roh          62245 reg. Kerzen    0/166/166 von 166  Tagen gewertet (1m/5m/15m)     4570 Signale  107 ms lesen  9658 ms rechnen
2026-09-08T07:19:55.605Z  RIDE/2020       bereinigt    17914 reg. Kerzen      0/27/27 von 47   Tagen gewertet (1m/5m/15m)      713 Signale  79 ms lesen  1660 ms rechnen
2026-09-08T07:20:11.744Z  RIDE/2021       bereinigt    97921 reg. Kerzen    0/252/252 von 252  Tagen gewertet (1m/5m/15m)     6955 Signale  237 ms lesen  15854 ms rechnen
2026-09-08T07:20:28.351Z  RIDE/2022       bereinigt    96267 reg. Kerzen    0/251/251 von 251  Tagen gewertet (1m/5m/15m)     7019 Signale  189 ms lesen  16185 ms rechnen
2026-09-08T07:20:30.062Z  RIDE/2023       bereinigt    46013 reg. Kerzen      0/15/15 von 127  Tagen gewertet (1m/5m/15m)      420 Signale  103 ms lesen  1347 ms rechnen
2026-09-08T07:20:42.259Z  RITM/2016       roh          94474 reg. Kerzen    0/232/232 von 252  Tagen gewertet (1m/5m/15m)     5892 Signale  155 ms lesen  11921 ms rechnen
2026-09-08T07:20:53.614Z  RITM/2017       roh          95577 reg. Kerzen    0/251/251 von 251  Tagen gewertet (1m/5m/15m)     5721 Signale  147 ms lesen  10953 ms rechnen
2026-09-08T07:21:04.688Z  RITM/2018       roh          95419 reg. Kerzen    0/251/251 von 251  Tagen gewertet (1m/5m/15m)     5685 Signale  243 ms lesen  10545 ms rechnen
2026-09-08T07:21:16.150Z  RITM/2019       roh          96616 reg. Kerzen    0/252/252 von 252  Tagen gewertet (1m/5m/15m)     5830 Signale  307 ms lesen  10893 ms rechnen
2026-09-08T07:21:30.480Z  RITM/2020       roh          97537 reg. Kerzen    0/253/253 von 253  Tagen gewertet (1m/5m/15m)     6654 Signale  164 ms lesen  13864 ms rechnen
2026-09-08T07:21:43.692Z  RITM/2021       roh          96537 reg. Kerzen    0/250/250 von 252  Tagen gewertet (1m/5m/15m)     6356 Signale  144 ms lesen  12805 ms rechnen
2026-09-08T07:21:57.739Z  RITM/2022       roh          96093 reg. Kerzen    0/249/249 von 251  Tagen gewertet (1m/5m/15m)     6644 Signale  154 ms lesen  13556 ms rechnen
2026-09-08T07:22:10.487Z  RITM/2023       roh          96083 reg. Kerzen    0/250/250 von 250  Tagen gewertet (1m/5m/15m)     6350 Signale  117 ms lesen  12375 ms rechnen
2026-09-08T07:22:22.312Z  RITM/2024       roh          95831 reg. Kerzen    0/252/252 von 252  Tagen gewertet (1m/5m/15m)     5991 Signale  165 ms lesen  11426 ms rechnen
2026-09-08T07:22:34.520Z  RITM/2025       roh          95648 reg. Kerzen    0/250/250 von 250  Tagen gewertet (1m/5m/15m)     6078 Signale  158 ms lesen  11754 ms rechnen
2026-09-08T07:22:43.495Z  RITM/2026       roh          64186 reg. Kerzen    0/166/166 von 166  Tagen gewertet (1m/5m/15m)     4261 Signale  126 ms lesen  8589 ms rechnen
2026-09-08T07:22:43.696Z  RKTA/2021       roh           1159 reg. Kerzen        0/0/0 von 127  Tagen gewertet (1m/5m/15m)        0 Signale  23 ms lesen  8 ms rechnen
2026-09-08T07:22:43.746Z  RKTA/2022       roh            947 reg. Kerzen        0/0/0 von 181  Tagen gewertet (1m/5m/15m)        0 Signale  36 ms lesen  11 ms rechnen
2026-09-08T07:22:43.766Z  RKTA/2023       roh            256 reg. Kerzen        0/0/0 von 49   Tagen gewertet (1m/5m/15m)        0 Signale  12 ms lesen  4 ms rechnen
2026-09-08T07:22:43.842Z  RLJE/2016       bereinigt     5319 reg. Kerzen        0/0/0 von 246  Tagen gewertet (1m/5m/15m)        0 Signale  33 ms lesen  41 ms rechnen
2026-09-08T07:22:43.968Z  RLJE/2017       roh           4523 reg. Kerzen        0/0/0 von 251  Tagen gewertet (1m/5m/15m)        0 Signale  77 ms lesen  33 ms rechnen
2026-09-08T07:22:44.037Z  RLJE/2018       roh           2809 reg. Kerzen        0/0/0 von 203  Tagen gewertet (1m/5m/15m)        0 Signale  23 ms lesen  28 ms rechnen
2026-09-08T07:22:45.034Z  RMGB/2021       roh          22856 reg. Kerzen      0/16/16 von 142  Tagen gewertet (1m/5m/15m)      393 Signale  49 ms lesen  917 ms rechnen
2026-09-08T07:22:45.137Z  RNDB/2016       roh           2677 reg. Kerzen        0/0/0 von 126  Tagen gewertet (1m/5m/15m)        0 Signale  40 ms lesen  16 ms rechnen
2026-09-08T07:22:45.183Z  RNDB/2017       roh           2108 reg. Kerzen        0/0/0 von 233  Tagen gewertet (1m/5m/15m)        0 Signale  20 ms lesen  17 ms rechnen
2026-09-08T07:22:45.221Z  RNDB/2018       roh           1544 reg. Kerzen        0/0/0 von 218  Tagen gewertet (1m/5m/15m)        0 Signale  16 ms lesen  16 ms rechnen
2026-09-08T07:22:45.273Z  RNDB/2019       roh           2124 reg. Kerzen        0/0/0 von 219  Tagen gewertet (1m/5m/15m)        0 Signale  31 ms lesen  17 ms rechnen
2026-09-08T07:22:45.339Z  RNDB/2020       roh           4737 reg. Kerzen        0/0/0 von 247  Tagen gewertet (1m/5m/15m)        0 Signale  29 ms lesen  30 ms rechnen
2026-09-08T07:22:45.403Z  RNDB/2021       roh           3285 reg. Kerzen        0/0/0 von 237  Tagen gewertet (1m/5m/15m)        0 Signale  19 ms lesen  29 ms rechnen
2026-09-08T07:22:45.468Z  RNDB/2022       roh           3870 reg. Kerzen        0/0/0 von 178  Tagen gewertet (1m/5m/15m)        0 Signale  17 ms lesen  37 ms rechnen
2026-09-08T07:22:47.786Z  RNST/2016       roh          49345 reg. Kerzen      0/37/37 von 252  Tagen gewertet (1m/5m/15m)      899 Signale  110 ms lesen  2167 ms rechnen
2026-09-08T07:22:59.575Z  RNST/2017       roh          51397 reg. Kerzen    0/214/220 von 251  Tagen gewertet (1m/5m/15m)     5528 Signale  83 ms lesen  11560 ms rechnen
2026-09-08T07:23:08.990Z  RNST/2018       roh          47684 reg. Kerzen    0/175/184 von 251  Tagen gewertet (1m/5m/15m)     4470 Signale  121 ms lesen  9130 ms rechnen
2026-09-08T07:23:16.393Z  RNST/2019       roh          51374 reg. Kerzen    0/145/146 von 252  Tagen gewertet (1m/5m/15m)     3650 Signale  75 ms lesen  7200 ms rechnen
2026-09-08T07:23:25.490Z  RNST/2020       roh          60122 reg. Kerzen    0/161/163 von 253  Tagen gewertet (1m/5m/15m)     4287 Signale  115 ms lesen  8839 ms rechnen
2026-09-08T07:23:36.877Z  RNST/2021       roh          50011 reg. Kerzen    0/206/209 von 252  Tagen gewertet (1m/5m/15m)     5427 Signale  86 ms lesen  11159 ms rechnen
2026-09-08T07:23:41.753Z  RNST/2022       roh          46816 reg. Kerzen      0/86/90 von 251  Tagen gewertet (1m/5m/15m)     2259 Signale  66 ms lesen  4644 ms rechnen
2026-09-08T07:23:42.952Z  RNST/2023       roh          42380 reg. Kerzen      0/13/13 von 250  Tagen gewertet (1m/5m/15m)      343 Signale  69 ms lesen  998 ms rechnen
2026-09-08T07:23:49.271Z  RNST/2024       roh          50821 reg. Kerzen    0/117/117 von 252  Tagen gewertet (1m/5m/15m)     3006 Signale  88 ms lesen  6083 ms rechnen
2026-09-08T07:24:02.046Z  RNST/2025       roh          65198 reg. Kerzen    0/250/250 von 250  Tagen gewertet (1m/5m/15m)     6330 Signale  110 ms lesen  12504 ms rechnen
2026-09-08T07:24:10.355Z  RNST/2026       roh          45058 reg. Kerzen    0/166/166 von 166  Tagen gewertet (1m/5m/15m)     4226 Signale  88 ms lesen  8075 ms rechnen
2026-09-08T07:24:18.489Z  ROCK/2016       roh          58601 reg. Kerzen    0/154/154 von 252  Tagen gewertet (1m/5m/15m)     4035 Signale  92 ms lesen  7915 ms rechnen
2026-09-08T07:24:29.780Z  ROCK/2017       roh          52487 reg. Kerzen    0/214/218 von 251  Tagen gewertet (1m/5m/15m)     5642 Signale  71 ms lesen  11080 ms rechnen
2026-09-08T07:24:38.760Z  ROCK/2018       roh          47680 reg. Kerzen    0/167/191 von 251  Tagen gewertet (1m/5m/15m)     4429 Signale  100 ms lesen  8752 ms rechnen
2026-09-08T07:24:44.821Z  ROCK/2019       roh          45256 reg. Kerzen    0/119/123 von 252  Tagen gewertet (1m/5m/15m)     2969 Signale  79 ms lesen  5820 ms rechnen
2026-09-08T07:24:46.559Z  CHECKPOINT 4200 Dateien, 770 min, Detektorfehler {}
2026-09-08T07:24:59.394Z  ROCK/2020       roh          51119 reg. Kerzen    0/227/237 von 253  Tagen gewertet (1m/5m/15m)     6052 Signale  91 ms lesen  12743 ms rechnen
2026-09-08T07:25:08.179Z  ROCK/2021       roh          39503 reg. Kerzen    0/150/197 von 252  Tagen gewertet (1m/5m/15m)     4412 Signale  58 ms lesen  8591 ms rechnen
2026-09-08T07:25:18.750Z  ROCK/2022       roh          46373 reg. Kerzen    0/181/201 von 251  Tagen gewertet (1m/5m/15m)     5061 Signale  68 ms lesen  10395 ms rechnen
2026-09-08T07:25:25.552Z  ROCK/2023       roh          35661 reg. Kerzen    0/116/178 von 250  Tagen gewertet (1m/5m/15m)     3497 Signale  72 ms lesen  6577 ms rechnen
2026-09-08T07:25:34.763Z  ROCK/2024       roh          35578 reg. Kerzen    0/156/249 von 252  Tagen gewertet (1m/5m/15m)     4824 Signale  68 ms lesen  9028 ms rechnen
2026-09-08T07:25:47.126Z  ROCK/2025       roh          43367 reg. Kerzen    0/231/250 von 250  Tagen gewertet (1m/5m/15m)     6116 Signale  56 ms lesen  12219 ms rechnen
2026-09-08T07:25:55.766Z  ROCK/2026       roh          31467 reg. Kerzen    0/153/166 von 166  Tagen gewertet (1m/5m/15m)     4237 Signale  68 ms lesen  8441 ms rechnen
2026-09-08T07:25:55.929Z  ROIV/2020       roh            651 reg. Kerzen        0/0/0 von 17   Tagen gewertet (1m/5m/15m)        0 Signale  55 ms lesen  4 ms rechnen
2026-09-08T07:25:57.216Z  ROIV/2021       roh          31405 reg. Kerzen      0/14/14 von 252  Tagen gewertet (1m/5m/15m)      381 Signale  184 ms lesen  1101 ms rechnen
2026-09-08T07:26:00.396Z  ROIV/2022       roh          74489 reg. Kerzen      0/45/45 von 251  Tagen gewertet (1m/5m/15m)     1229 Signale  225 ms lesen  2891 ms rechnen
2026-09-08T07:26:15.282Z  ROIV/2023       roh          94999 reg. Kerzen    0/250/250 von 250  Tagen gewertet (1m/5m/15m)     6673 Signale  187 ms lesen  14484 ms rechnen
2026-09-08T07:26:29.106Z  ROIV/2024       roh          96696 reg. Kerzen    0/252/252 von 252  Tagen gewertet (1m/5m/15m)     6597 Signale  137 ms lesen  13424 ms rechnen
2026-09-08T07:26:43.297Z  ROIV/2025       roh          96189 reg. Kerzen    0/250/250 von 250  Tagen gewertet (1m/5m/15m)     6572 Signale  181 ms lesen  13763 ms rechnen
2026-09-08T07:26:52.477Z  ROIV/2026       roh          64476 reg. Kerzen    0/166/166 von 166  Tagen gewertet (1m/5m/15m)     4321 Signale  148 ms lesen  8784 ms rechnen
2026-09-08T07:26:52.758Z  ROSE/2017       roh           6084 reg. Kerzen        0/0/0 von 171  Tagen gewertet (1m/5m/15m)        0 Signale  63 ms lesen  43 ms rechnen
2026-09-08T07:26:52.914Z  ROSE/2018       roh          18137 reg. Kerzen        0/0/0 von 249  Tagen gewertet (1m/5m/15m)        0 Signale  43 ms lesen  94 ms rechnen
2026-09-08T07:26:53.161Z  ROSE/2019       roh          19257 reg. Kerzen        0/0/0 von 252  Tagen gewertet (1m/5m/15m)        0 Signale  60 ms lesen  147 ms rechnen
2026-09-08T07:26:53.652Z  ROSE/2020       roh          26614 reg. Kerzen        0/0/0 von 147  Tagen gewertet (1m/5m/15m)        0 Signale  281 ms lesen  172 ms rechnen
2026-09-08T07:26:53.772Z  ROSE/2021       roh            138 reg. Kerzen        0/0/0 von 19   Tagen gewertet (1m/5m/15m)        0 Signale  23 ms lesen  15 ms rechnen
2026-09-08T07:26:53.807Z  ROSE/2022       roh            622 reg. Kerzen        0/0/0 von 169  Tagen gewertet (1m/5m/15m)        0 Signale  26 ms lesen  8 ms rechnen
2026-09-08T07:26:53.857Z  ROSE/2023       roh           3959 reg. Kerzen        0/0/0 von 167  Tagen gewertet (1m/5m/15m)        0 Signale  12 ms lesen  36 ms rechnen
2026-09-08T07:27:01.900Z  RP/2016         roh          62727 reg. Kerzen    0/151/151 von 252  Tagen gewertet (1m/5m/15m)     3938 Signale  121 ms lesen  7906 ms rechnen
2026-09-08T07:27:15.335Z  RP/2017         roh          70540 reg. Kerzen    0/251/251 von 251  Tagen gewertet (1m/5m/15m)     6420 Signale  158 ms lesen  13117 ms rechnen
2026-09-08T07:27:28.360Z  RP/2018         roh          75905 reg. Kerzen    0/249/249 von 251  Tagen gewertet (1m/5m/15m)     6577 Signale  130 ms lesen  12737 ms rechnen
2026-09-08T07:27:41.144Z  RP/2019         roh          80850 reg. Kerzen    0/252/252 von 252  Tagen gewertet (1m/5m/15m)     6402 Signale  120 ms lesen  12451 ms rechnen
2026-09-08T07:27:54.774Z  RP/2020         roh          85148 reg. Kerzen    0/253/253 von 253  Tagen gewertet (1m/5m/15m)     6529 Signale  128 ms lesen  13280 ms rechnen
2026-09-08T07:27:57.550Z  RP/2021         roh          26669 reg. Kerzen      0/75/75 von 75   Tagen gewertet (1m/5m/15m)     1231 Signale  55 ms lesen  2470 ms rechnen
2026-09-08T07:28:01.012Z  RPTP/2016       roh          67330 reg. Kerzen      0/59/59 von 205  Tagen gewertet (1m/5m/15m)     1248 Signale  108 ms lesen  3256 ms rechnen
2026-09-08T07:28:08.862Z  RRR/2016        roh          48053 reg. Kerzen    0/133/134 von 173  Tagen gewertet (1m/5m/15m)     3547 Signale  117 ms lesen  7523 ms rechnen
2026-09-08T07:28:21.427Z  RRR/2017        roh          75987 reg. Kerzen    0/251/251 von 251  Tagen gewertet (1m/5m/15m)     6285 Signale  101 ms lesen  12319 ms rechnen
2026-09-08T07:28:35.209Z  RRR/2018        roh          76848 reg. Kerzen    0/249/249 von 251  Tagen gewertet (1m/5m/15m)     6465 Signale  165 ms lesen  13422 ms rechnen
2026-09-08T07:28:49.063Z  RRR/2019        roh          77371 reg. Kerzen    0/252/252 von 252  Tagen gewertet (1m/5m/15m)     6572 Signale  121 ms lesen  13533 ms rechnen
2026-09-08T07:29:04.655Z  RRR/2020        roh          91361 reg. Kerzen    0/253/253 von 253  Tagen gewertet (1m/5m/15m)     6956 Signale  138 ms lesen  15222 ms rechnen
2026-09-08T07:29:19.596Z  RRR/2021        roh          83117 reg. Kerzen    0/252/252 von 252  Tagen gewertet (1m/5m/15m)     6821 Signale  133 ms lesen  14573 ms rechnen
2026-09-08T07:29:34.180Z  RRR/2022        roh          79584 reg. Kerzen    0/251/251 von 251  Tagen gewertet (1m/5m/15m)     6743 Signale  95 ms lesen  14259 ms rechnen
2026-09-08T07:29:47.114Z  RRR/2023        roh          68558 reg. Kerzen    0/250/250 von 250  Tagen gewertet (1m/5m/15m)     6568 Signale  106 ms lesen  12641 ms rechnen
2026-09-08T07:30:00.265Z  RRR/2024        roh          64012 reg. Kerzen    0/252/252 von 252  Tagen gewertet (1m/5m/15m)     6548 Signale  119 ms lesen  12866 ms rechnen
2026-09-08T07:30:13.921Z  RRR/2025        roh          73442 reg. Kerzen    0/250/250 von 250  Tagen gewertet (1m/5m/15m)     6512 Signale  116 ms lesen  13393 ms rechnen
2026-09-08T07:30:23.314Z  RRR/2026        roh          46828 reg. Kerzen    0/166/166 von 166  Tagen gewertet (1m/5m/15m)     4360 Signale  87 ms lesen  9094 ms rechnen
2026-09-08T07:30:24.377Z  RSO/2016        roh          52210 reg. Kerzen        0/8/8 von 252  Tagen gewertet (1m/5m/15m)      200 Signale  91 ms lesen  776 ms rechnen
2026-09-08T07:30:24.997Z  RSO/2017        roh          52957 reg. Kerzen        0/0/0 von 251  Tagen gewertet (1m/5m/15m)        0 Signale  98 ms lesen  353 ms rechnen
2026-09-08T07:30:25.336Z  RSO/2018        roh          17805 reg. Kerzen        0/0/0 von 101  Tagen gewertet (1m/5m/15m)        0 Signale  66 ms lesen  127 ms rechnen
2026-09-08T07:30:25.470Z  RTC/2016        bereinigt     2144 reg. Kerzen        0/0/0 von 222  Tagen gewertet (1m/5m/15m)        0 Signale  45 ms lesen  23 ms rechnen
2026-09-08T07:30:25.527Z  RTC/2017        bereinigt     5161 reg. Kerzen        0/0/0 von 244  Tagen gewertet (1m/5m/15m)        0 Signale  10 ms lesen  39 ms rechnen
2026-09-08T07:30:25.582Z  RTC/2018        bereinigt     4393 reg. Kerzen        0/0/0 von 243  Tagen gewertet (1m/5m/15m)        0 Signale  8 ms lesen  36 ms rechnen
2026-09-08T07:30:25.668Z  RTC/2019        bereinigt     9799 reg. Kerzen        0/0/0 von 251  Tagen gewertet (1m/5m/15m)        0 Signale  20 ms lesen  51 ms rechnen
2026-09-08T07:30:25.804Z  RTC/2020        bereinigt    11943 reg. Kerzen        0/0/0 von 252  Tagen gewertet (1m/5m/15m)        0 Signale  33 ms lesen  80 ms rechnen
2026-09-08T07:30:25.920Z  RTC/2021        bereinigt     8337 reg. Kerzen        0/0/0 von 252  Tagen gewertet (1m/5m/15m)        0 Signale  16 ms lesen  75 ms rechnen
2026-09-08T07:30:25.983Z  RTC/2022        bereinigt     3565 reg. Kerzen        0/0/0 von 243  Tagen gewertet (1m/5m/15m)        0 Signale  7 ms lesen  37 ms rechnen
2026-09-08T07:30:26.046Z  RTC/2023        bereinigt     5119 reg. Kerzen        0/0/0 von 250  Tagen gewertet (1m/5m/15m)        0 Signale  8 ms lesen  46 ms rechnen
2026-09-08T07:30:26.188Z  RTC/2024        bereinigt    16550 reg. Kerzen        0/0/0 von 252  Tagen gewertet (1m/5m/15m)        0 Signale  29 ms lesen  100 ms rechnen
2026-09-08T07:30:26.416Z  RTC/2025        roh          15843 reg. Kerzen        0/0/0 von 91   Tagen gewertet (1m/5m/15m)        0 Signale  68 ms lesen  109 ms rechnen
2026-09-08T07:30:28.180Z  RTO/2022        roh          16479 reg. Kerzen      0/36/36 von 56   Tagen gewertet (1m/5m/15m)      978 Signale  45 ms lesen  1636 ms rechnen
2026-09-08T07:30:37.550Z  RTO/2023        roh          58932 reg. Kerzen    0/208/213 von 250  Tagen gewertet (1m/5m/15m)     5127 Signale  97 ms lesen  9231 ms rechnen
2026-09-08T07:30:49.203Z  RTO/2024        roh          75068 reg. Kerzen    0/252/252 von 252  Tagen gewertet (1m/5m/15m)     6369 Signale  151 ms lesen  11304 ms rechnen
2026-09-08T07:31:00.702Z  RTO/2025        roh          73989 reg. Kerzen    0/250/250 von 250  Tagen gewertet (1m/5m/15m)     6213 Signale  212 ms lesen  11070 ms rechnen
2026-09-08T07:31:08.770Z  RTO/2026        roh          57317 reg. Kerzen    0/166/166 von 166  Tagen gewertet (1m/5m/15m)     4177 Signale  110 ms lesen  7770 ms rechnen
2026-09-08T07:31:09.329Z  RUBY/2018       roh          18759 reg. Kerzen        0/2/3 von 115  Tagen gewertet (1m/5m/15m)       70 Signale  62 ms lesen  293 ms rechnen
2026-09-08T07:31:11.309Z  RUBY/2019       roh          52880 reg. Kerzen      0/24/27 von 252  Tagen gewertet (1m/5m/15m)      652 Signale  103 ms lesen  1821 ms rechnen
2026-09-08T07:31:12.657Z  RUBY/2020       roh          52303 reg. Kerzen      0/12/12 von 253  Tagen gewertet (1m/5m/15m)      351 Signale  113 ms lesen  1072 ms rechnen
2026-09-08T07:31:21.009Z  RUBY/2021       roh          65241 reg. Kerzen    0/128/130 von 252  Tagen gewertet (1m/5m/15m)     3538 Signale  105 ms lesen  8128 ms rechnen
2026-09-08T07:31:21.682Z  RUBY/2022       roh          67384 reg. Kerzen        0/0/0 von 251  Tagen gewertet (1m/5m/15m)        0 Signale  114 ms lesen  382 ms rechnen
2026-09-08T07:31:21.999Z  RUBY/2023       roh          10598 reg. Kerzen        0/0/0 von 43   Tagen gewertet (1m/5m/15m)        0 Signale  65 ms lesen  73 ms rechnen
2026-09-08T07:31:22.037Z  AUSGELASSEN RUBY/2024: Datei fehlt
2026-09-08T07:31:22.188Z  RVLT/2016       bereinigt    15170 reg. Kerzen        0/0/0 von 252  Tagen gewertet (1m/5m/15m)        0 Signale  38 ms lesen  102 ms rechnen
2026-09-08T07:31:22.633Z  RVLT/2017       roh          31079 reg. Kerzen        0/0/0 von 251  Tagen gewertet (1m/5m/15m)        0 Signale  191 ms lesen  210 ms rechnen
2026-09-08T07:31:22.988Z  RVLT/2018       roh          31470 reg. Kerzen        0/0/0 von 251  Tagen gewertet (1m/5m/15m)        0 Signale  65 ms lesen  217 ms rechnen
2026-09-08T07:31:23.247Z  RVLT/2019       roh          19285 reg. Kerzen        0/0/0 von 197  Tagen gewertet (1m/5m/15m)        0 Signale  46 ms lesen  132 ms rechnen
2026-09-08T07:31:23.358Z  RWC/2016        roh           2958 reg. Kerzen        0/0/0 von 249  Tagen gewertet (1m/5m/15m)        0 Signale  22 ms lesen  29 ms rechnen
2026-09-08T07:31:23.428Z  RWC/2017        roh           4183 reg. Kerzen        0/0/0 von 251  Tagen gewertet (1m/5m/15m)        0 Signale  17 ms lesen  46 ms rechnen
2026-09-08T07:31:23.468Z  RWC/2018        roh           1038 reg. Kerzen        0/0/0 von 103  Tagen gewertet (1m/5m/15m)        0 Signale  11 ms lesen  13 ms rechnen
2026-09-08T07:31:24.907Z  RXO/2022        roh          14574 reg. Kerzen      0/22/22 von 42   Tagen gewertet (1m/5m/15m)      606 Signale  45 ms lesen  1370 ms rechnen
2026-09-08T07:31:38.803Z  RXO/2023        roh          81208 reg. Kerzen    0/250/250 von 250  Tagen gewertet (1m/5m/15m)     6672 Signale  108 ms lesen  13748 ms rechnen
2026-09-08T07:31:52.884Z  RXO/2024        roh          74456 reg. Kerzen    0/252/252 von 252  Tagen gewertet (1m/5m/15m)     6649 Signale  113 ms lesen  13750 ms rechnen
2026-09-08T07:32:07.743Z  RXO/2025        roh          86904 reg. Kerzen    0/250/250 von 250  Tagen gewertet (1m/5m/15m)     6745 Signale  135 ms lesen  14521 ms rechnen
2026-09-08T07:32:17.560Z  RXO/2026        roh          59576 reg. Kerzen    0/166/166 von 166  Tagen gewertet (1m/5m/15m)     4523 Signale  98 ms lesen  9503 ms rechnen
2026-09-08T07:32:18.497Z  RYCE/2016       roh          38170 reg. Kerzen        0/8/8 von 252  Tagen gewertet (1m/5m/15m)      211 Signale  92 ms lesen  682 ms rechnen
2026-09-08T07:32:18.890Z  RYCE/2017       roh          30658 reg. Kerzen        0/0/0 von 251  Tagen gewertet (1m/5m/15m)        0 Signale  66 ms lesen  210 ms rechnen
2026-09-08T07:32:19.260Z  RYCE/2018       roh          28244 reg. Kerzen        0/0/0 von 251  Tagen gewertet (1m/5m/15m)        0 Signale  64 ms lesen  205 ms rechnen
2026-09-08T07:32:19.647Z  RYCE/2019       roh          33233 reg. Kerzen        0/0/0 von 252  Tagen gewertet (1m/5m/15m)        0 Signale  82 ms lesen  229 ms rechnen
2026-09-08T07:32:19.803Z  RYCE/2020       roh           4928 reg. Kerzen        0/0/0 von 158  Tagen gewertet (1m/5m/15m)        0 Signale  14 ms lesen  41 ms rechnen
2026-09-08T07:32:23.126Z  SAAS/2016       roh          61892 reg. Kerzen      0/81/82 von 219  Tagen gewertet (1m/5m/15m)     1270 Signale  107 ms lesen  3199 ms rechnen
2026-09-08T07:32:29.310Z  SAH/2016        roh          65458 reg. Kerzen    0/107/107 von 252  Tagen gewertet (1m/5m/15m)     2891 Signale  108 ms lesen  5922 ms rechnen
2026-09-08T07:32:31.708Z  SAH/2017        roh          52550 reg. Kerzen      0/28/28 von 251  Tagen gewertet (1m/5m/15m)      760 Signale  96 ms lesen  2074 ms rechnen
2026-09-08T07:32:34.283Z  SAH/2018        roh          46842 reg. Kerzen      0/35/35 von 251  Tagen gewertet (1m/5m/15m)      971 Signale  85 ms lesen  2313 ms rechnen
2026-09-08T07:32:40.875Z  SAH/2019        roh          56283 reg. Kerzen    0/114/114 von 252  Tagen gewertet (1m/5m/15m)     2968 Signale  166 ms lesen  6286 ms rechnen
2026-09-08T07:32:55.830Z  SAH/2020        roh          67564 reg. Kerzen    0/249/252 von 253  Tagen gewertet (1m/5m/15m)     6798 Signale  99 ms lesen  14723 ms rechnen
2026-09-08T07:33:10.491Z  SAH/2021        roh          57301 reg. Kerzen    0/246/251 von 252  Tagen gewertet (1m/5m/15m)     6675 Signale  109 ms lesen  14355 ms rechnen
2026-09-08T07:33:26.657Z  SAH/2022        roh          64533 reg. Kerzen    0/249/249 von 251  Tagen gewertet (1m/5m/15m)     6807 Signale  120 ms lesen  15876 ms rechnen
2026-09-08T07:33:40.875Z  SAH/2023        roh          52230 reg. Kerzen    0/238/250 von 250  Tagen gewertet (1m/5m/15m)     6386 Signale  202 ms lesen  13837 ms rechnen
2026-09-08T07:33:48.812Z  SAH/2024        roh          34712 reg. Kerzen    0/121/202 von 252  Tagen gewertet (1m/5m/15m)     3897 Signale  70 ms lesen  7730 ms rechnen
2026-09-08T07:33:58.803Z  SAH/2025        roh          38097 reg. Kerzen    0/165/241 von 250  Tagen gewertet (1m/5m/15m)     4915 Signale  72 ms lesen  9814 ms rechnen
2026-09-08T07:34:05.773Z  SAH/2026        roh          26346 reg. Kerzen    0/113/166 von 166  Tagen gewertet (1m/5m/15m)     3502 Signale  53 ms lesen  6781 ms rechnen
2026-09-08T07:34:06.065Z  SALM/2016       roh          19884 reg. Kerzen        0/0/0 von 252  Tagen gewertet (1m/5m/15m)        0 Signale  61 ms lesen  114 ms rechnen
2026-09-08T07:34:06.271Z  SALM/2017       roh          15300 reg. Kerzen        0/0/0 von 251  Tagen gewertet (1m/5m/15m)        0 Signale  29 ms lesen  121 ms rechnen
2026-09-08T07:34:06.509Z  SALM/2018       roh          19025 reg. Kerzen        0/0/0 von 251  Tagen gewertet (1m/5m/15m)        0 Signale  56 ms lesen  126 ms rechnen
2026-09-08T07:34:06.722Z  SALM/2019       roh          13748 reg. Kerzen        0/0/0 von 252  Tagen gewertet (1m/5m/15m)        0 Signale  49 ms lesen  108 ms rechnen
2026-09-08T07:34:07.215Z  SALM/2020       roh          35342 reg. Kerzen        0/0/0 von 253  Tagen gewertet (1m/5m/15m)        0 Signale  200 ms lesen  244 ms rechnen
2026-09-08T07:34:07.992Z  SALM/2021       roh          39953 reg. Kerzen        0/5/5 von 252  Tagen gewertet (1m/5m/15m)      126 Signale  74 ms lesen  614 ms rechnen
2026-09-08T07:34:08.311Z  SALM/2022       roh          18504 reg. Kerzen        0/0/0 von 251  Tagen gewertet (1m/5m/15m)        0 Signale  66 ms lesen  145 ms rechnen
2026-09-08T07:34:08.446Z  SALM/2023       roh           7327 reg. Kerzen        0/0/0 von 250  Tagen gewertet (1m/5m/15m)        0 Signale  28 ms lesen  58 ms rechnen
2026-09-08T07:34:08.497Z  SALM/2024       roh            997 reg. Kerzen        0/0/0 von 12   Tagen gewertet (1m/5m/15m)        0 Signale  20 ms lesen  10 ms rechnen
2026-09-08T07:34:08.500Z  AUSGELASSEN SALM/2025: Datei fehlt
2026-09-08T07:34:21.511Z  SANM/2016       roh          77725 reg. Kerzen    0/232/232 von 252  Tagen gewertet (1m/5m/15m)     6009 Signale  127 ms lesen  12883 ms rechnen
2026-09-08T07:34:35.710Z  SANM/2017       roh          73120 reg. Kerzen    0/251/251 von 251  Tagen gewertet (1m/5m/15m)     6479 Signale  111 ms lesen  13898 ms rechnen
2026-09-08T07:34:49.254Z  SANM/2018       roh          66720 reg. Kerzen    0/238/238 von 251  Tagen gewertet (1m/5m/15m)     6310 Signale  112 ms lesen  13187 ms rechnen
2026-09-08T07:35:02.413Z  SANM/2019       roh          68439 reg. Kerzen    0/252/252 von 252  Tagen gewertet (1m/5m/15m)     6532 Signale  228 ms lesen  12775 ms rechnen
2026-09-08T07:35:17.382Z  SANM/2020       roh          72187 reg. Kerzen    0/253/253 von 253  Tagen gewertet (1m/5m/15m)     6719 Signale  130 ms lesen  14643 ms rechnen
2026-09-08T07:35:30.133Z  SANM/2021       roh          59483 reg. Kerzen    0/250/252 von 252  Tagen gewertet (1m/5m/15m)     6399 Signale  154 ms lesen  12380 ms rechnen
2026-09-08T07:35:43.524Z  SANM/2022       roh          68809 reg. Kerzen    0/251/251 von 251  Tagen gewertet (1m/5m/15m)     6583 Signale  99 ms lesen  13105 ms rechnen
2026-09-08T07:35:56.457Z  SANM/2023       roh          60148 reg. Kerzen    0/250/250 von 250  Tagen gewertet (1m/5m/15m)     6484 Signale  112 ms lesen  12629 ms rechnen
2026-09-08T07:36:09.134Z  SANM/2024       roh          56123 reg. Kerzen    0/248/252 von 252  Tagen gewertet (1m/5m/15m)     6468 Signale  111 ms lesen  12371 ms rechnen
2026-09-08T07:36:22.572Z  SANM/2025       roh          62445 reg. Kerzen    0/250/250 von 250  Tagen gewertet (1m/5m/15m)     6618 Signale  99 ms lesen  13191 ms rechnen
2026-09-08T07:36:32.502Z  SANM/2026       roh          49628 reg. Kerzen    0/166/166 von 166  Tagen gewertet (1m/5m/15m)     4492 Signale  107 ms lesen  9662 ms rechnen
2026-09-08T07:36:33.383Z  SATX/2022       roh           8277 reg. Kerzen      0/11/11 von 44   Tagen gewertet (1m/5m/15m)      274 Signale  63 ms lesen  670 ms rechnen
2026-09-08T07:36:33.666Z  SATX/2023       roh          33400 reg. Kerzen        0/0/0 von 250  Tagen gewertet (1m/5m/15m)        0 Signale  64 ms lesen  201 ms rechnen
2026-09-08T07:36:33.849Z  SATX/2024       roh           9312 reg. Kerzen        0/0/0 von 252  Tagen gewertet (1m/5m/15m)        0 Signale  27 ms lesen  60 ms rechnen
2026-09-08T07:36:33.982Z  SATX/2025       roh          12947 reg. Kerzen        0/0/0 von 123  Tagen gewertet (1m/5m/15m)        0 Signale  38 ms lesen  71 ms rechnen
2026-09-08T07:36:34.059Z  SBCP/2016       roh           2025 reg. Kerzen        0/0/0 von 226  Tagen gewertet (1m/5m/15m)        0 Signale  26 ms lesen  23 ms rechnen
2026-09-08T07:36:34.193Z  SBCP/2017       roh          13339 reg. Kerzen        0/0/0 von 250  Tagen gewertet (1m/5m/15m)        0 Signale  37 ms lesen  89 ms rechnen
2026-09-08T07:36:45.957Z  SBH/2016        roh          93153 reg. Kerzen    0/232/232 von 252  Tagen gewertet (1m/5m/15m)     5909 Signale  144 ms lesen  11592 ms rechnen
2026-09-08T07:36:58.826Z  SBH/2017        roh          93874 reg. Kerzen    0/251/251 von 251  Tagen gewertet (1m/5m/15m)     6508 Signale  196 ms lesen  12412 ms rechnen
2026-09-08T07:37:13.267Z  SBH/2018        roh          94923 reg. Kerzen    0/251/251 von 251  Tagen gewertet (1m/5m/15m)     6664 Signale  145 ms lesen  14002 ms rechnen
2026-09-08T07:37:27.331Z  SBH/2019        roh          94345 reg. Kerzen    0/251/251 von 252  Tagen gewertet (1m/5m/15m)     6707 Signale  123 ms lesen  13707 ms rechnen
2026-09-08T07:37:42.461Z  SBH/2020        roh          94773 reg. Kerzen    0/253/253 von 253  Tagen gewertet (1m/5m/15m)     6872 Signale  147 ms lesen  14745 ms rechnen
2026-09-08T07:37:57.452Z  SBH/2021        roh          89179 reg. Kerzen    0/251/251 von 252  Tagen gewertet (1m/5m/15m)     6779 Signale  155 ms lesen  14602 ms rechnen
2026-09-08T07:38:12.517Z  SBH/2022        roh          92717 reg. Kerzen    0/249/249 von 251  Tagen gewertet (1m/5m/15m)     6809 Signale  116 ms lesen  14692 ms rechnen
2026-09-08T07:38:26.936Z  SBH/2023        roh          92321 reg. Kerzen    0/250/250 von 250  Tagen gewertet (1m/5m/15m)     6821 Signale  135 ms lesen  14060 ms rechnen
2026-09-08T07:38:41.471Z  SBH/2024        roh          90694 reg. Kerzen    0/252/252 von 252  Tagen gewertet (1m/5m/15m)     6781 Signale  141 ms lesen  14123 ms rechnen
2026-09-08T07:38:56.166Z  SBH/2025        roh          90380 reg. Kerzen    0/250/250 von 250  Tagen gewertet (1m/5m/15m)     6733 Signale  131 ms lesen  14322 ms rechnen
2026-09-08T07:39:05.760Z  SBH/2026        roh          55165 reg. Kerzen    0/166/166 von 166  Tagen gewertet (1m/5m/15m)     4558 Signale  104 ms lesen  9247 ms rechnen
2026-09-08T07:39:05.989Z  SBPH/2016       bereinigt     2976 reg. Kerzen        0/0/0 von 165  Tagen gewertet (1m/5m/15m)        0 Signale  30 ms lesen  29 ms rechnen
2026-09-08T07:39:06.093Z  SBPH/2017       bereinigt    11437 reg. Kerzen        0/0/0 von 251  Tagen gewertet (1m/5m/15m)        0 Signale  15 ms lesen  77 ms rechnen
2026-09-08T07:39:06.262Z  SBPH/2018       bereinigt    14387 reg. Kerzen        0/0/0 von 250  Tagen gewertet (1m/5m/15m)        0 Signale  18 ms lesen  110 ms rechnen
2026-09-08T07:39:06.417Z  SBPH/2019       bereinigt    15127 reg. Kerzen        0/0/0 von 252  Tagen gewertet (1m/5m/15m)        0 Signale  23 ms lesen  91 ms rechnen
2026-09-08T07:39:06.612Z  SBPH/2020       bereinigt    16816 reg. Kerzen        0/0/0 von 226  Tagen gewertet (1m/5m/15m)        0 Signale  27 ms lesen  112 ms rechnen
2026-09-08T07:39:08.019Z  SBY/2016        roh          59559 reg. Kerzen      0/20/20 von 252  Tagen gewertet (1m/5m/15m)      500 Signale  110 ms lesen  1242 ms rechnen
2026-09-08T07:39:09.180Z  SBY/2017        roh          19745 reg. Kerzen      0/25/25 von 87   Tagen gewertet (1m/5m/15m)      407 Signale  41 ms lesen  909 ms rechnen
2026-09-08T07:39:21.049Z  SCHW/2016       roh          98075 reg. Kerzen    0/232/232 von 252  Tagen gewertet (1m/5m/15m)     5962 Signale  147 ms lesen  11646 ms rechnen
2026-09-08T07:39:33.143Z  SCHW/2017       roh          97482 reg. Kerzen    0/251/251 von 251  Tagen gewertet (1m/5m/15m)     6190 Signale  122 ms lesen  11711 ms rechnen
2026-09-08T07:39:46.092Z  SCHW/2018       roh          97327 reg. Kerzen    0/251/251 von 251  Tagen gewertet (1m/5m/15m)     6469 Signale  128 ms lesen  12559 ms rechnen
2026-09-08T07:39:58.670Z  SCHW/2019       roh          97690 reg. Kerzen    0/252/252 von 252  Tagen gewertet (1m/5m/15m)     6338 Signale  147 ms lesen  12126 ms rechnen
2026-09-08T07:40:12.855Z  SCHW/2020       roh          98250 reg. Kerzen    0/253/253 von 253  Tagen gewertet (1m/5m/15m)     6652 Signale  133 ms lesen  13804 ms rechnen
2026-09-08T07:40:25.753Z  SCHW/2021       roh          97688 reg. Kerzen    0/251/251 von 252  Tagen gewertet (1m/5m/15m)     6425 Signale  229 ms lesen  12358 ms rechnen
2026-09-08T07:40:39.375Z  SCHW/2022       roh          96945 reg. Kerzen    0/249/249 von 251  Tagen gewertet (1m/5m/15m)     6535 Signale  142 ms lesen  13236 ms rechnen
2026-09-08T07:40:52.897Z  SCHW/2023       roh          97122 reg. Kerzen    0/250/250 von 250  Tagen gewertet (1m/5m/15m)     6338 Signale  158 ms lesen  13097 ms rechnen
2026-09-08T07:41:05.380Z  SCHW/2024       roh          97727 reg. Kerzen    0/252/252 von 252  Tagen gewertet (1m/5m/15m)     6124 Signale  205 ms lesen  12027 ms rechnen
2026-09-08T07:41:17.944Z  SCHW/2025       roh          96956 reg. Kerzen    0/250/250 von 250  Tagen gewertet (1m/5m/15m)     6074 Signale  147 ms lesen  12151 ms rechnen
2026-09-08T07:41:26.423Z  SCHW/2026       roh          64736 reg. Kerzen    0/166/166 von 166  Tagen gewertet (1m/5m/15m)     4189 Signale  113 ms lesen  8126 ms rechnen
2026-09-08T07:41:26.715Z  SCOA/2021       roh          14698 reg. Kerzen        0/0/0 von 227  Tagen gewertet (1m/5m/15m)        0 Signale  41 ms lesen  90 ms rechnen
2026-09-08T07:41:26.817Z  SCOA/2022       roh           3372 reg. Kerzen        0/0/0 von 234  Tagen gewertet (1m/5m/15m)        0 Signale  21 ms lesen  30 ms rechnen
2026-09-08T07:41:26.890Z  SCRM/2022       roh           2702 reg. Kerzen        0/0/0 von 194  Tagen gewertet (1m/5m/15m)        0 Signale  21 ms lesen  24 ms rechnen
2026-09-08T07:41:26.955Z  SCRM/2023       roh           4452 reg. Kerzen        0/0/0 von 245  Tagen gewertet (1m/5m/15m)        0 Signale  29 ms lesen  29 ms rechnen
2026-09-08T07:41:27.067Z  SCRM/2024       roh           5858 reg. Kerzen        0/1/8 von 92   Tagen gewertet (1m/5m/15m)       36 Signale  12 ms lesen  89 ms rechnen
2026-09-08T07:41:28.008Z  SCVL/2016       bereinigt    36822 reg. Kerzen      0/13/13 von 252  Tagen gewertet (1m/5m/15m)      326 Signale  86 ms lesen  835 ms rechnen
2026-09-08T07:41:29.921Z  SCVL/2017       bereinigt    48112 reg. Kerzen      0/25/25 von 251  Tagen gewertet (1m/5m/15m)      672 Signale  83 ms lesen  1701 ms rechnen
2026-09-08T07:41:40.223Z  SCVL/2018       bereinigt    60731 reg. Kerzen    0/176/176 von 251  Tagen gewertet (1m/5m/15m)     4792 Signale  77 ms lesen  10086 ms rechnen
2026-09-08T07:41:52.902Z  SCVL/2019       bereinigt    68690 reg. Kerzen    0/226/226 von 252  Tagen gewertet (1m/5m/15m)     6156 Signale  112 ms lesen  12392 ms rechnen
2026-09-08T07:41:57.766Z  SCVL/2020       bereinigt    52477 reg. Kerzen      0/75/79 von 253  Tagen gewertet (1m/5m/15m)     2090 Signale  159 ms lesen  4525 ms rechnen
2026-09-08T07:42:07.054Z  SCVL/2021       bereinigt    46809 reg. Kerzen    0/156/175 von 252  Tagen gewertet (1m/5m/15m)     4342 Signale  58 ms lesen  9082 ms rechnen
2026-09-08T07:42:22.351Z  SCVL/2022       roh          65095 reg. Kerzen    0/231/231 von 251  Tagen gewertet (1m/5m/15m)     6408 Signale  109 ms lesen  15048 ms rechnen
2026-09-08T07:42:32.541Z  SCVL/2023       roh          59272 reg. Kerzen    0/163/163 von 250  Tagen gewertet (1m/5m/15m)     4378 Signale  94 ms lesen  9868 ms rechnen
2026-09-08T07:42:41.054Z  SCVL/2024       roh          47007 reg. Kerzen    0/150/159 von 252  Tagen gewertet (1m/5m/15m)     4035 Signale  79 ms lesen  8259 ms rechnen
2026-09-08T07:42:54.906Z  SCVL/2025       roh          60632 reg. Kerzen    0/237/237 von 250  Tagen gewertet (1m/5m/15m)     6423 Signale  298 ms lesen  13440 ms rechnen
2026-09-08T07:42:58.385Z  SCVL/2026       roh          25424 reg. Kerzen      0/57/57 von 111  Tagen gewertet (1m/5m/15m)     1525 Signale  51 ms lesen  3274 ms rechnen
2026-09-08T07:43:00.666Z  SDIG/2021       bereinigt    14986 reg. Kerzen      0/31/31 von 51   Tagen gewertet (1m/5m/15m)      880 Signale  51 ms lesen  2119 ms rechnen
2026-09-08T07:43:05.707Z  SDIG/2022       bereinigt    70376 reg. Kerzen      0/69/69 von 251  Tagen gewertet (1m/5m/15m)     1933 Signale  145 ms lesen  4857 ms rechnen
2026-09-08T07:43:06.772Z  SDIG/2023       bereinigt    59102 reg. Kerzen        0/6/6 von 250  Tagen gewertet (1m/5m/15m)      162 Signale  105 ms lesen  772 ms rechnen
2026-09-08T07:43:09.150Z  SDIG/2024       roh          62023 reg. Kerzen      0/24/24 von 252  Tagen gewertet (1m/5m/15m)      665 Signale  157 ms lesen  2048 ms rechnen
2026-09-08T07:43:09.425Z  SDIG/2025       roh           8259 reg. Kerzen        0/0/0 von 49   Tagen gewertet (1m/5m/15m)        0 Signale  27 ms lesen  73 ms rechnen
2026-09-08T07:43:09.856Z  SEAC/2016       bereinigt    39622 reg. Kerzen        0/0/0 von 252  Tagen gewertet (1m/5m/15m)        0 Signale  115 ms lesen  286 ms rechnen
2026-09-08T07:43:10.182Z  SEAC/2017       bereinigt    21147 reg. Kerzen        0/0/0 von 251  Tagen gewertet (1m/5m/15m)        0 Signale  35 ms lesen  156 ms rechnen
2026-09-08T07:43:10.565Z  SEAC/2018       bereinigt    34272 reg. Kerzen        0/0/0 von 251  Tagen gewertet (1m/5m/15m)        0 Signale  59 ms lesen  232 ms rechnen
2026-09-08T07:43:10.884Z  SEAC/2019       bereinigt    27787 reg. Kerzen        0/0/0 von 252  Tagen gewertet (1m/5m/15m)        0 Signale  46 ms lesen  173 ms rechnen
2026-09-08T07:43:11.429Z  SEAC/2020       bereinigt    55938 reg. Kerzen        0/0/0 von 253  Tagen gewertet (1m/5m/15m)        0 Signale  106 ms lesen  338 ms rechnen
2026-09-08T07:43:13.808Z  SEAC/2021       bereinigt    64827 reg. Kerzen      0/24/24 von 252  Tagen gewertet (1m/5m/15m)      660 Signale  130 ms lesen  2091 ms rechnen
2026-09-08T07:43:15.873Z  SEAC/2022       bereinigt    47609 reg. Kerzen      0/18/18 von 251  Tagen gewertet (1m/5m/15m)      501 Signale  122 ms lesen  1730 ms rechnen
2026-09-08T07:43:16.063Z  SEAC/2023       bereinigt     6675 reg. Kerzen        0/0/0 von 162  Tagen gewertet (1m/5m/15m)        0 Signale  13 ms lesen  59 ms rechnen
2026-09-08T07:43:16.090Z  AUSGELASSEN SEAC/2024: Datei fehlt
2026-09-08T07:43:16.114Z  AUSGELASSEN SEAC/2025: Datei fehlt
2026-09-08T07:43:16.443Z  SEEL/2016       bereinigt    31577 reg. Kerzen        0/0/0 von 252  Tagen gewertet (1m/5m/15m)        0 Signale  104 ms lesen  211 ms rechnen
2026-09-08T07:43:16.765Z  SEEL/2017       bereinigt    31221 reg. Kerzen        0/0/0 von 251  Tagen gewertet (1m/5m/15m)        0 Signale  60 ms lesen  176 ms rechnen
2026-09-08T07:43:17.179Z  SEEL/2018       bereinigt    38719 reg. Kerzen        0/0/0 von 251  Tagen gewertet (1m/5m/15m)        0 Signale  87 ms lesen  240 ms rechnen
2026-09-08T07:43:18.918Z  SEEL/2019       bereinigt    48171 reg. Kerzen      0/18/18 von 252  Tagen gewertet (1m/5m/15m)      507 Signale  102 ms lesen  1514 ms rechnen
2026-09-08T07:43:19.492Z  SEEL/2020       bereinigt    53452 reg. Kerzen        0/0/0 von 253  Tagen gewertet (1m/5m/15m)        0 Signale  121 ms lesen  326 ms rechnen
2026-09-08T07:43:31.489Z  SEEL/2021       bereinigt    89967 reg. Kerzen    0/172/172 von 252  Tagen gewertet (1m/5m/15m)     4807 Signale  179 ms lesen  11660 ms rechnen
2026-09-08T07:43:32.254Z  SEEL/2022       bereinigt    72312 reg. Kerzen        0/0/0 von 251  Tagen gewertet (1m/5m/15m)        0 Signale  137 ms lesen  417 ms rechnen
2026-09-08T07:43:32.981Z  SEEL/2023       bereinigt    64672 reg. Kerzen        0/0/0 von 250  Tagen gewertet (1m/5m/15m)        0 Signale  137 ms lesen  348 ms rechnen
2026-09-08T07:43:33.506Z  SEEL/2024       bereinigt    42993 reg. Kerzen        0/0/0 von 199  Tagen gewertet (1m/5m/15m)        0 Signale  70 ms lesen  265 ms rechnen
2026-09-08T07:43:45.690Z  SEP/2016        roh          76921 reg. Kerzen    0/232/232 von 252  Tagen gewertet (1m/5m/15m)     5926 Signale  136 ms lesen  11912 ms rechnen
2026-09-08T07:43:57.789Z  SEP/2017        roh          72670 reg. Kerzen    0/251/251 von 251  Tagen gewertet (1m/5m/15m)     5937 Signale  490 ms lesen  11405 ms rechnen
2026-09-08T07:44:10.028Z  SEP/2018        roh          77410 reg. Kerzen    0/241/241 von 241  Tagen gewertet (1m/5m/15m)     6167 Signale  160 ms lesen  11893 ms rechnen
2026-09-08T07:44:11.090Z  SFG/2016        roh          12675 reg. Kerzen      0/24/24 von 44   Tagen gewertet (1m/5m/15m)      331 Signale  35 ms lesen  808 ms rechnen
2026-09-08T07:44:11.186Z  SFT/2019        bereinigt      107 reg. Kerzen        0/0/0 von 28   Tagen gewertet (1m/5m/15m)        0 Signale  37 ms lesen  1 ms rechnen
2026-09-08T07:44:14.556Z  SFT/2020        bereinigt    35320 reg. Kerzen      0/48/53 von 184  Tagen gewertet (1m/5m/15m)     1340 Signale  86 ms lesen  3283 ms rechnen
2026-09-08T07:44:30.786Z  SFT/2021        bereinigt    91690 reg. Kerzen    0/252/252 von 252  Tagen gewertet (1m/5m/15m)     6973 Signale  165 ms lesen  15963 ms rechnen
2026-09-08T07:44:35.479Z  SFT/2022        bereinigt    79799 reg. Kerzen      0/61/61 von 251  Tagen gewertet (1m/5m/15m)     1725 Signale  166 ms lesen  4262 ms rechnen
2026-09-08T07:44:36.067Z  SFT/2023        bereinigt    38251 reg. Kerzen        0/0/0 von 200  Tagen gewertet (1m/5m/15m)        0 Signale  53 ms lesen  292 ms rechnen
2026-09-08T07:44:36.220Z  SGBXV/2023      roh            835 reg. Kerzen        0/0/0 von 7    Tagen gewertet (1m/5m/15m)        0 Signale  19 ms lesen  6 ms rechnen
2026-09-08T07:44:36.263Z  SGII/2021       roh            102 reg. Kerzen        0/0/0 von 16   Tagen gewertet (1m/5m/15m)        0 Signale  38 ms lesen  1 ms rechnen
2026-09-08T07:44:36.302Z  SGII/2022       roh            575 reg. Kerzen        0/0/0 von 140  Tagen gewertet (1m/5m/15m)        0 Signale  29 ms lesen  9 ms rechnen
2026-09-08T07:44:36.347Z  SGII/2023       roh            609 reg. Kerzen        0/0/0 von 134  Tagen gewertet (1m/5m/15m)        0 Signale  33 ms lesen  9 ms rechnen
2026-09-08T07:44:36.457Z  SGNL/2016       bereinigt     7659 reg. Kerzen        0/0/0 von 252  Tagen gewertet (1m/5m/15m)        0 Signale  38 ms lesen  67 ms rechnen
2026-09-08T07:44:36.507Z  SGNL/2017       roh           1775 reg. Kerzen        0/0/0 von 29   Tagen gewertet (1m/5m/15m)        0 Signale  20 ms lesen  14 ms rechnen
2026-09-08T07:44:38.188Z  CHECKPOINT 4400 Dateien, 790 min, Detektorfehler {}
2026-09-08T07:44:51.179Z  SHAK/2016       roh          84136 reg. Kerzen    0/232/232 von 252  Tagen gewertet (1m/5m/15m)     6267 Signale  153 ms lesen  12826 ms rechnen
2026-09-08T07:45:04.834Z  SHAK/2017       roh          80343 reg. Kerzen    0/251/251 von 251  Tagen gewertet (1m/5m/15m)     6505 Signale  163 ms lesen  13245 ms rechnen
2026-09-08T07:45:19.147Z  SHAK/2018       roh          84159 reg. Kerzen    0/251/251 von 251  Tagen gewertet (1m/5m/15m)     6609 Signale  136 ms lesen  13980 ms rechnen
2026-09-08T07:45:33.058Z  SHAK/2019       roh          85838 reg. Kerzen    0/252/252 von 252  Tagen gewertet (1m/5m/15m)     6652 Signale  126 ms lesen  13574 ms rechnen
2026-09-08T07:45:48.531Z  SHAK/2020       roh          93382 reg. Kerzen    0/253/253 von 253  Tagen gewertet (1m/5m/15m)     6892 Signale  269 ms lesen  15023 ms rechnen
2026-09-08T07:46:03.676Z  SHAK/2021       roh          84528 reg. Kerzen    0/251/251 von 252  Tagen gewertet (1m/5m/15m)     6868 Signale  169 ms lesen  14687 ms rechnen
2026-09-08T07:46:19.526Z  SHAK/2022       roh          87153 reg. Kerzen    0/248/248 von 251  Tagen gewertet (1m/5m/15m)     6854 Signale  359 ms lesen  15240 ms rechnen
2026-09-08T07:46:33.622Z  SHAK/2023       roh          83656 reg. Kerzen    0/250/250 von 250  Tagen gewertet (1m/5m/15m)     6630 Signale  150 ms lesen  13690 ms rechnen
2026-09-08T07:46:47.647Z  SHAK/2024       roh          83294 reg. Kerzen    0/252/252 von 252  Tagen gewertet (1m/5m/15m)     6684 Signale  131 ms lesen  13687 ms rechnen
2026-09-08T07:47:01.920Z  SHAK/2025       roh          88801 reg. Kerzen    0/250/250 von 250  Tagen gewertet (1m/5m/15m)     6590 Signale  129 ms lesen  13878 ms rechnen
2026-09-08T07:47:11.838Z  SHAK/2026       roh          59735 reg. Kerzen    0/166/166 von 166  Tagen gewertet (1m/5m/15m)     4544 Signale  116 ms lesen  9577 ms rechnen
2026-09-08T07:47:12.063Z  SHLL/2019       roh            292 reg. Kerzen        0/0/0 von 100  Tagen gewertet (1m/5m/15m)        0 Signale  27 ms lesen  5 ms rechnen
2026-09-08T07:47:16.352Z  SHLL/2020       roh          29302 reg. Kerzen      0/64/64 von 156  Tagen gewertet (1m/5m/15m)     1768 Signale  62 ms lesen  4225 ms rechnen
2026-09-08T07:47:29.308Z  SHOP/2016       bereinigt    84047 reg. Kerzen    0/232/232 von 252  Tagen gewertet (1m/5m/15m)     6211 Signale  326 ms lesen  12538 ms rechnen
2026-09-08T07:47:42.868Z  SHOP/2017       bereinigt    94566 reg. Kerzen    0/251/251 von 251  Tagen gewertet (1m/5m/15m)     6743 Signale  144 ms lesen  13187 ms rechnen
2026-09-08T07:47:57.111Z  SHOP/2018       bereinigt    94491 reg. Kerzen    0/251/251 von 251  Tagen gewertet (1m/5m/15m)     6667 Signale  166 ms lesen  13805 ms rechnen
2026-09-08T07:48:11.026Z  SHOP/2019       bereinigt    95709 reg. Kerzen    0/252/252 von 252  Tagen gewertet (1m/5m/15m)     6750 Signale  180 ms lesen  13434 ms rechnen
2026-09-08T07:48:28.430Z  SHOP/2020       bereinigt    96789 reg. Kerzen    0/253/253 von 253  Tagen gewertet (1m/5m/15m)     6877 Signale  178 ms lesen  16961 ms rechnen
2026-09-08T07:48:43.351Z  SHOP/2021       bereinigt    89698 reg. Kerzen    0/251/251 von 252  Tagen gewertet (1m/5m/15m)     6847 Signale  180 ms lesen  14431 ms rechnen
2026-09-08T07:48:59.009Z  SHOP/2022       bereinigt    96594 reg. Kerzen    0/249/249 von 251  Tagen gewertet (1m/5m/15m)     6892 Signale  188 ms lesen  15219 ms rechnen
2026-09-08T07:49:13.635Z  SHOP/2023       roh          97127 reg. Kerzen    0/250/250 von 250  Tagen gewertet (1m/5m/15m)     6759 Signale  189 ms lesen  14127 ms rechnen
2026-09-08T07:49:27.789Z  SHOP/2024       roh          97732 reg. Kerzen    0/252/252 von 252  Tagen gewertet (1m/5m/15m)     6609 Signale  160 ms lesen  13729 ms rechnen
2026-09-08T07:49:42.051Z  SHOP/2025       roh          96932 reg. Kerzen    0/250/250 von 250  Tagen gewertet (1m/5m/15m)     6711 Signale  175 ms lesen  13829 ms rechnen
2026-09-08T07:49:52.175Z  SHOP/2026       roh          64735 reg. Kerzen    0/166/166 von 166  Tagen gewertet (1m/5m/15m)     4510 Signale  149 ms lesen  9716 ms rechnen
2026-09-08T07:50:03.629Z  SHW/2016        bereinigt    85954 reg. Kerzen    0/232/232 von 252  Tagen gewertet (1m/5m/15m)     5552 Signale  189 ms lesen  11040 ms rechnen
2026-09-08T07:50:14.799Z  SHW/2017        bereinigt    80027 reg. Kerzen    0/251/251 von 251  Tagen gewertet (1m/5m/15m)     5605 Signale  152 ms lesen  10764 ms rechnen
2026-09-08T07:50:28.157Z  SHW/2018        bereinigt    81874 reg. Kerzen    0/251/251 von 251  Tagen gewertet (1m/5m/15m)     6261 Signale  161 ms lesen  12983 ms rechnen
2026-09-08T07:50:40.094Z  SHW/2019        bereinigt    78567 reg. Kerzen    0/252/252 von 252  Tagen gewertet (1m/5m/15m)     6054 Signale  142 ms lesen  11577 ms rechnen
2026-09-08T07:50:53.901Z  SHW/2020        bereinigt    78193 reg. Kerzen    0/253/253 von 253  Tagen gewertet (1m/5m/15m)     6424 Signale  165 ms lesen  13427 ms rechnen
2026-09-08T07:51:05.992Z  SHW/2021        bereinigt    87827 reg. Kerzen    0/251/251 von 252  Tagen gewertet (1m/5m/15m)     6098 Signale  126 ms lesen  11747 ms rechnen
2026-09-08T07:51:19.616Z  SHW/2022        roh          94351 reg. Kerzen    0/249/249 von 251  Tagen gewertet (1m/5m/15m)     6561 Signale  195 ms lesen  13204 ms rechnen
2026-09-08T07:51:32.177Z  SHW/2023        roh          92337 reg. Kerzen    0/250/250 von 250  Tagen gewertet (1m/5m/15m)     6122 Signale  155 ms lesen  12121 ms rechnen
2026-09-08T07:51:44.034Z  SHW/2024        roh          91506 reg. Kerzen    0/252/252 von 252  Tagen gewertet (1m/5m/15m)     5845 Signale  149 ms lesen  11480 ms rechnen
2026-09-08T07:51:56.534Z  SHW/2025        roh          92238 reg. Kerzen    0/250/250 von 250  Tagen gewertet (1m/5m/15m)     6188 Signale  138 ms lesen  12088 ms rechnen
2026-09-08T07:52:05.036Z  SHW/2026        roh          64311 reg. Kerzen    0/166/166 von 166  Tagen gewertet (1m/5m/15m)     4156 Signale  130 ms lesen  8128 ms rechnen
2026-09-08T07:52:15.225Z  SILK/2019       roh          41442 reg. Kerzen    0/162/168 von 188  Tagen gewertet (1m/5m/15m)     4390 Signale  100 ms lesen  9911 ms rechnen
2026-09-08T07:52:30.614Z  SILK/2020       roh          62591 reg. Kerzen    0/249/252 von 253  Tagen gewertet (1m/5m/15m)     6723 Signale  104 ms lesen  15141 ms rechnen
2026-09-08T07:52:45.466Z  SILK/2021       roh          59725 reg. Kerzen    0/251/252 von 252  Tagen gewertet (1m/5m/15m)     6748 Signale  107 ms lesen  14597 ms rechnen
2026-09-08T07:53:00.908Z  SILK/2022       roh          61818 reg. Kerzen    0/250/251 von 251  Tagen gewertet (1m/5m/15m)     6900 Signale  110 ms lesen  15163 ms rechnen
2026-09-08T07:53:15.829Z  SILK/2023       roh          74696 reg. Kerzen    0/246/246 von 250  Tagen gewertet (1m/5m/15m)     6708 Signale  132 ms lesen  14649 ms rechnen
2026-09-08T07:53:25.136Z  SILK/2024       roh          55452 reg. Kerzen    0/177/177 von 178  Tagen gewertet (1m/5m/15m)     4138 Signale  87 ms lesen  9024 ms rechnen
2026-09-08T07:53:25.389Z  SIRE/2022       roh           6042 reg. Kerzen        0/0/0 von 211  Tagen gewertet (1m/5m/15m)        0 Signale  26 ms lesen  45 ms rechnen
2026-09-08T07:53:25.459Z  SIRE/2023       roh           4486 reg. Kerzen        0/0/0 von 100  Tagen gewertet (1m/5m/15m)        0 Signale  18 ms lesen  33 ms rechnen
2026-09-08T07:53:36.869Z  SIX/2016        roh          89242 reg. Kerzen    0/232/232 von 252  Tagen gewertet (1m/5m/15m)     5715 Signale  179 ms lesen  11213 ms rechnen
2026-09-08T07:53:48.970Z  SIX/2017        roh          87343 reg. Kerzen    0/251/251 von 251  Tagen gewertet (1m/5m/15m)     6084 Signale  134 ms lesen  11674 ms rechnen
2026-09-08T07:54:01.783Z  SIX/2018        roh          88206 reg. Kerzen    0/251/251 von 251  Tagen gewertet (1m/5m/15m)     6406 Signale  138 ms lesen  12385 ms rechnen
2026-09-08T07:54:14.746Z  SIX/2019        roh          93296 reg. Kerzen    0/252/252 von 252  Tagen gewertet (1m/5m/15m)     6440 Signale  143 ms lesen  12571 ms rechnen
2026-09-08T07:54:30.456Z  SIX/2020        roh          96807 reg. Kerzen    0/253/253 von 253  Tagen gewertet (1m/5m/15m)     6877 Signale  198 ms lesen  15240 ms rechnen
2026-09-08T07:54:45.109Z  SIX/2021        roh          93399 reg. Kerzen    0/250/250 von 252  Tagen gewertet (1m/5m/15m)     6770 Signale  123 ms lesen  14270 ms rechnen
2026-09-08T07:54:59.946Z  SIX/2022        roh          95739 reg. Kerzen    0/249/249 von 251  Tagen gewertet (1m/5m/15m)     6798 Signale  133 ms lesen  14445 ms rechnen
2026-09-08T07:55:14.273Z  SIX/2023        roh          93416 reg. Kerzen    0/250/250 von 250  Tagen gewertet (1m/5m/15m)     6731 Signale  236 ms lesen  13804 ms rechnen
2026-09-08T07:55:21.756Z  SIX/2024        roh          41889 reg. Kerzen    0/125/125 von 125  Tagen gewertet (1m/5m/15m)     3320 Signale  88 ms lesen  7110 ms rechnen
2026-09-08T07:55:21.995Z  SKIS/2016       roh          12035 reg. Kerzen        0/0/0 von 252  Tagen gewertet (1m/5m/15m)        0 Signale  36 ms lesen  92 ms rechnen
2026-09-08T07:55:22.201Z  SKIS/2017       roh          12578 reg. Kerzen        0/0/0 von 251  Tagen gewertet (1m/5m/15m)        0 Signale  49 ms lesen  114 ms rechnen
2026-09-08T07:55:22.331Z  SKIS/2018       roh           5553 reg. Kerzen        0/0/0 von 250  Tagen gewertet (1m/5m/15m)        0 Signale  47 ms lesen  38 ms rechnen
2026-09-08T07:55:22.446Z  SKIS/2019       roh           8042 reg. Kerzen        0/0/0 von 184  Tagen gewertet (1m/5m/15m)        0 Signale  45 ms lesen  53 ms rechnen
2026-09-08T07:55:22.720Z  SKYS/2016       bereinigt    17813 reg. Kerzen        0/0/0 von 252  Tagen gewertet (1m/5m/15m)        0 Signale  101 ms lesen  129 ms rechnen
2026-09-08T07:55:22.870Z  SKYS/2017       bereinigt     9234 reg. Kerzen        0/0/0 von 250  Tagen gewertet (1m/5m/15m)        0 Signale  16 ms lesen  73 ms rechnen
2026-09-08T07:55:22.976Z  SKYS/2018       bereinigt     9092 reg. Kerzen        0/0/0 von 249  Tagen gewertet (1m/5m/15m)        0 Signale  17 ms lesen  68 ms rechnen
2026-09-08T07:55:23.109Z  SKYS/2019       bereinigt    11511 reg. Kerzen        0/0/0 von 252  Tagen gewertet (1m/5m/15m)        0 Signale  23 ms lesen  78 ms rechnen
2026-09-08T07:55:23.288Z  SKYS/2020       roh          11838 reg. Kerzen        0/0/0 von 195  Tagen gewertet (1m/5m/15m)        0 Signale  60 ms lesen  87 ms rechnen
2026-09-08T07:55:36.851Z  SLCA/2016       roh          96733 reg. Kerzen    0/232/232 von 252  Tagen gewertet (1m/5m/15m)     6365 Signale  145 ms lesen  13376 ms rechnen
2026-09-08T07:55:51.788Z  SLCA/2017       roh          96207 reg. Kerzen    0/251/251 von 251  Tagen gewertet (1m/5m/15m)     6855 Signale  117 ms lesen  14533 ms rechnen
2026-09-08T07:56:06.790Z  SLCA/2018       roh          96298 reg. Kerzen    0/251/251 von 251  Tagen gewertet (1m/5m/15m)     6842 Signale  157 ms lesen  14562 ms rechnen
2026-09-08T07:56:22.350Z  SLCA/2019       roh          94978 reg. Kerzen    0/252/252 von 252  Tagen gewertet (1m/5m/15m)     6851 Signale  149 ms lesen  15134 ms rechnen
2026-09-08T07:56:29.452Z  SLCA/2020       roh          87376 reg. Kerzen    0/100/100 von 253  Tagen gewertet (1m/5m/15m)     2759 Signale  137 ms lesen  6671 ms rechnen
2026-09-08T07:56:43.030Z  SLCA/2021       roh          83213 reg. Kerzen    0/214/214 von 252  Tagen gewertet (1m/5m/15m)     5948 Signale  126 ms lesen  13208 ms rechnen
2026-09-08T07:56:58.216Z  SLCA/2022       roh          88046 reg. Kerzen    0/241/241 von 251  Tagen gewertet (1m/5m/15m)     6725 Signale  131 ms lesen  14850 ms rechnen
2026-09-08T07:57:11.167Z  SLCA/2023       roh          79896 reg. Kerzen    0/215/215 von 250  Tagen gewertet (1m/5m/15m)     5886 Signale  140 ms lesen  12598 ms rechnen
2026-09-08T07:57:18.344Z  SLCA/2024       roh          47570 reg. Kerzen    0/146/146 von 146  Tagen gewertet (1m/5m/15m)     3191 Signale  72 ms lesen  6896 ms rechnen
2026-09-08T07:57:29.751Z  SLGN/2016       roh          65253 reg. Kerzen    0/232/232 von 252  Tagen gewertet (1m/5m/15m)     5676 Signale  122 ms lesen  11152 ms rechnen
2026-09-08T07:57:41.303Z  SLGN/2017       roh          67974 reg. Kerzen    0/251/251 von 251  Tagen gewertet (1m/5m/15m)     5923 Signale  105 ms lesen  11293 ms rechnen
2026-09-08T07:57:53.389Z  SLGN/2018       roh          70635 reg. Kerzen    0/249/249 von 251  Tagen gewertet (1m/5m/15m)     6139 Signale  117 ms lesen  11811 ms rechnen
2026-09-08T07:58:05.340Z  SLGN/2019       roh          70030 reg. Kerzen    0/252/252 von 252  Tagen gewertet (1m/5m/15m)     6002 Signale  113 ms lesen  11642 ms rechnen
2026-09-08T07:58:19.117Z  SLGN/2020       roh          78697 reg. Kerzen    0/253/253 von 253  Tagen gewertet (1m/5m/15m)     6235 Signale  187 ms lesen  13407 ms rechnen
2026-09-08T07:58:31.411Z  SLGN/2021       roh          60220 reg. Kerzen    0/251/252 von 252  Tagen gewertet (1m/5m/15m)     6215 Signale  110 ms lesen  11956 ms rechnen
2026-09-08T07:58:44.103Z  SLGN/2022       roh          70002 reg. Kerzen    0/251/251 von 251  Tagen gewertet (1m/5m/15m)     6367 Signale  100 ms lesen  12419 ms rechnen
2026-09-08T07:58:55.833Z  SLGN/2023       roh          70760 reg. Kerzen    0/250/250 von 250  Tagen gewertet (1m/5m/15m)     6079 Signale  87 ms lesen  11460 ms rechnen
2026-09-08T07:59:08.516Z  SLGN/2024       roh          68376 reg. Kerzen    0/252/252 von 252  Tagen gewertet (1m/5m/15m)     6132 Signale  99 ms lesen  12402 ms rechnen
2026-09-08T07:59:21.067Z  SLGN/2025       roh          74768 reg. Kerzen    0/250/250 von 250  Tagen gewertet (1m/5m/15m)     6108 Signale  190 ms lesen  12184 ms rechnen
2026-09-08T07:59:29.852Z  SLGN/2026       roh          50685 reg. Kerzen    0/166/166 von 166  Tagen gewertet (1m/5m/15m)     4338 Signale  104 ms lesen  8508 ms rechnen
2026-09-08T07:59:32.626Z  SLVM/2021       roh          19371 reg. Kerzen      0/44/44 von 64   Tagen gewertet (1m/5m/15m)     1195 Signale  56 ms lesen  2563 ms rechnen
2026-09-08T07:59:47.066Z  SLVM/2022       roh          68771 reg. Kerzen    0/248/248 von 251  Tagen gewertet (1m/5m/15m)     6621 Signale  138 ms lesen  14234 ms rechnen
2026-09-08T07:59:59.929Z  SLVM/2023       roh          56327 reg. Kerzen    0/241/250 von 250  Tagen gewertet (1m/5m/15m)     6503 Signale  106 ms lesen  12544 ms rechnen
2026-09-08T08:00:12.240Z  SLVM/2024       roh          46373 reg. Kerzen    0/230/252 von 252  Tagen gewertet (1m/5m/15m)     6217 Signale  78 ms lesen  12085 ms rechnen
2026-09-08T08:00:24.909Z  SLVM/2025       roh          50266 reg. Kerzen    0/244/250 von 250  Tagen gewertet (1m/5m/15m)     6431 Signale  81 ms lesen  12479 ms rechnen
2026-09-08T08:00:33.762Z  SLVM/2026       roh          30127 reg. Kerzen    0/149/166 von 166  Tagen gewertet (1m/5m/15m)     4166 Signale  65 ms lesen  8657 ms rechnen
2026-09-08T08:00:39.546Z  SMFR/2021       roh          38045 reg. Kerzen      0/90/90 von 113  Tagen gewertet (1m/5m/15m)     2464 Signale  79 ms lesen  5603 ms rechnen
2026-09-08T08:00:42.272Z  SMFR/2022       roh          85496 reg. Kerzen      0/35/35 von 251  Tagen gewertet (1m/5m/15m)      941 Signale  139 ms lesen  2467 ms rechnen
2026-09-08T08:00:42.551Z  SMFR/2023       roh           1692 reg. Kerzen        0/0/0 von 5    Tagen gewertet (1m/5m/15m)        0 Signale  19 ms lesen  24 ms rechnen
2026-09-08T08:00:42.683Z  SMMT/2016       roh           6918 reg. Kerzen        0/0/0 von 233  Tagen gewertet (1m/5m/15m)        0 Signale  74 ms lesen  50 ms rechnen
2026-09-08T08:00:42.821Z  SMMT/2017       roh           8790 reg. Kerzen        0/0/0 von 251  Tagen gewertet (1m/5m/15m)        0 Signale  48 ms lesen  70 ms rechnen
2026-09-08T08:00:43.044Z  SMMT/2018       roh          15695 reg. Kerzen        0/0/0 von 250  Tagen gewertet (1m/5m/15m)        0 Signale  64 ms lesen  130 ms rechnen
2026-09-08T08:00:43.200Z  SMMT/2019       roh           6309 reg. Kerzen        0/0/0 von 252  Tagen gewertet (1m/5m/15m)        0 Signale  51 ms lesen  49 ms rechnen
2026-09-08T08:00:43.401Z  SMMT/2020       roh          21774 reg. Kerzen        0/0/0 von 253  Tagen gewertet (1m/5m/15m)        0 Signale  50 ms lesen  131 ms rechnen
2026-09-08T08:00:43.846Z  SMMT/2021       roh          35785 reg. Kerzen        0/0/0 von 252  Tagen gewertet (1m/5m/15m)        0 Signale  179 ms lesen  209 ms rechnen
2026-09-08T08:00:44.696Z  SMMT/2022       roh          35515 reg. Kerzen        0/8/8 von 251  Tagen gewertet (1m/5m/15m)      205 Signale  65 ms lesen  687 ms rechnen
2026-09-08T08:00:47.213Z  SMMT/2023       roh          78996 reg. Kerzen      0/36/36 von 250  Tagen gewertet (1m/5m/15m)     1008 Signale  137 ms lesen  2281 ms rechnen
2026-09-08T08:01:01.328Z  SMMT/2024       roh          92015 reg. Kerzen    0/222/223 von 252  Tagen gewertet (1m/5m/15m)     6068 Signale  127 ms lesen  13730 ms rechnen
2026-09-08T08:01:16.724Z  SMMT/2025       roh          94918 reg. Kerzen    0/249/249 von 250  Tagen gewertet (1m/5m/15m)     6712 Signale  159 ms lesen  14941 ms rechnen
2026-09-08T08:01:26.785Z  SMMT/2026       roh          63765 reg. Kerzen    0/166/166 von 166  Tagen gewertet (1m/5m/15m)     4523 Signale  125 ms lesen  9693 ms rechnen
2026-09-08T08:01:27.058Z  SMTX/2016       roh           3740 reg. Kerzen        0/0/0 von 252  Tagen gewertet (1m/5m/15m)        0 Signale  38 ms lesen  36 ms rechnen
2026-09-08T08:01:27.147Z  SMTX/2017       roh           5350 reg. Kerzen        0/0/0 von 248  Tagen gewertet (1m/5m/15m)        0 Signale  32 ms lesen  42 ms rechnen
2026-09-08T08:01:27.264Z  SMTX/2018       roh           7595 reg. Kerzen        0/0/0 von 251  Tagen gewertet (1m/5m/15m)        0 Signale  39 ms lesen  57 ms rechnen
2026-09-08T08:01:27.493Z  SMTX/2019       roh          20763 reg. Kerzen        0/0/0 von 252  Tagen gewertet (1m/5m/15m)        0 Signale  65 ms lesen  138 ms rechnen
2026-09-08T08:01:27.709Z  SMTX/2020       roh          17829 reg. Kerzen        0/0/0 von 253  Tagen gewertet (1m/5m/15m)        0 Signale  55 ms lesen  111 ms rechnen
2026-09-08T08:01:27.800Z  SMTX/2021       roh           5756 reg. Kerzen        0/0/0 von 62   Tagen gewertet (1m/5m/15m)        0 Signale  22 ms lesen  33 ms rechnen
2026-09-08T08:01:40.487Z  SNBR/2016       roh          84309 reg. Kerzen    0/232/232 von 252  Tagen gewertet (1m/5m/15m)     6069 Signale  127 ms lesen  12531 ms rechnen
2026-09-08T08:01:54.227Z  SNBR/2017       roh          83315 reg. Kerzen    0/251/251 von 251  Tagen gewertet (1m/5m/15m)     6534 Signale  209 ms lesen  13345 ms rechnen
2026-09-08T08:02:08.187Z  SNBR/2018       roh          75228 reg. Kerzen    0/249/249 von 251  Tagen gewertet (1m/5m/15m)     6610 Signale  125 ms lesen  13633 ms rechnen
2026-09-08T08:02:22.776Z  SNBR/2019       roh          77336 reg. Kerzen    0/252/252 von 252  Tagen gewertet (1m/5m/15m)     6705 Signale  215 ms lesen  14145 ms rechnen
2026-09-08T08:02:38.256Z  SNBR/2020       roh          75473 reg. Kerzen    0/253/253 von 253  Tagen gewertet (1m/5m/15m)     6915 Signale  100 ms lesen  15170 ms rechnen
2026-09-08T08:02:53.124Z  SNBR/2021       roh          70264 reg. Kerzen    0/252/252 von 252  Tagen gewertet (1m/5m/15m)     6841 Signale  124 ms lesen  14573 ms rechnen
2026-09-08T08:03:08.546Z  SNBR/2022       roh          72984 reg. Kerzen    0/251/251 von 251  Tagen gewertet (1m/5m/15m)     6783 Signale  100 ms lesen  15132 ms rechnen
2026-09-08T08:03:24.305Z  SNBR/2023       roh          73606 reg. Kerzen    0/250/250 von 250  Tagen gewertet (1m/5m/15m)     6780 Signale  167 ms lesen  15410 ms rechnen
2026-09-08T08:03:33.128Z  SNBR/2024       roh          63993 reg. Kerzen    0/139/139 von 252  Tagen gewertet (1m/5m/15m)     3803 Signale  139 ms lesen  8501 ms rechnen
2026-09-08T08:03:36.508Z  SNBR/2025       roh          64313 reg. Kerzen      0/46/46 von 250  Tagen gewertet (1m/5m/15m)     1265 Signale  92 ms lesen  3118 ms rechnen
2026-09-08T08:03:39.070Z  SNBR/2026       roh          35538 reg. Kerzen      0/37/37 von 117  Tagen gewertet (1m/5m/15m)      980 Signale  67 ms lesen  2327 ms rechnen
2026-09-08T08:03:48.193Z  SNDR/2017       roh          55623 reg. Kerzen    0/166/166 von 186  Tagen gewertet (1m/5m/15m)     4378 Signale  108 ms lesen  8887 ms rechnen
2026-09-08T08:04:01.668Z  SNDR/2018       roh          82003 reg. Kerzen    0/251/251 von 251  Tagen gewertet (1m/5m/15m)     6615 Signale  115 ms lesen  13169 ms rechnen
2026-09-08T08:04:14.825Z  SNDR/2019       roh          78380 reg. Kerzen    0/250/250 von 252  Tagen gewertet (1m/5m/15m)     6486 Signale  125 ms lesen  12819 ms rechnen
2026-09-08T08:04:28.836Z  SNDR/2020       roh          79928 reg. Kerzen    0/253/253 von 253  Tagen gewertet (1m/5m/15m)     6635 Signale  128 ms lesen  13631 ms rechnen
2026-09-08T08:04:42.078Z  SNDR/2021       roh          72335 reg. Kerzen    0/250/250 von 252  Tagen gewertet (1m/5m/15m)     6393 Signale  131 ms lesen  12828 ms rechnen
2026-09-08T08:04:55.757Z  SNDR/2022       roh          77863 reg. Kerzen    0/249/249 von 251  Tagen gewertet (1m/5m/15m)     6561 Signale  130 ms lesen  13367 ms rechnen
2026-09-08T08:05:08.655Z  SNDR/2023       roh          76236 reg. Kerzen    0/250/250 von 250  Tagen gewertet (1m/5m/15m)     6459 Signale  131 ms lesen  12541 ms rechnen
2026-09-08T08:05:21.657Z  SNDR/2024       roh          78233 reg. Kerzen    0/252/252 von 252  Tagen gewertet (1m/5m/15m)     6417 Signale  127 ms lesen  12700 ms rechnen
2026-09-08T08:05:34.813Z  SNDR/2025       roh          76115 reg. Kerzen    0/250/250 von 250  Tagen gewertet (1m/5m/15m)     6499 Signale  105 ms lesen  12829 ms rechnen
2026-09-08T08:05:43.889Z  SNDR/2026       roh          51997 reg. Kerzen    0/166/166 von 166  Tagen gewertet (1m/5m/15m)     4389 Signale  102 ms lesen  8733 ms rechnen
2026-09-08T08:05:44.454Z  SNMX/2016       roh          57306 reg. Kerzen        0/0/0 von 252  Tagen gewertet (1m/5m/15m)        0 Signale  102 ms lesen  304 ms rechnen
2026-09-08T08:05:44.913Z  SNMX/2017       roh          31235 reg. Kerzen        0/0/0 von 251  Tagen gewertet (1m/5m/15m)        0 Signale  74 ms lesen  223 ms rechnen
2026-09-08T08:05:45.152Z  SNMX/2018       roh          17156 reg. Kerzen        0/0/0 von 212  Tagen gewertet (1m/5m/15m)        0 Signale  46 ms lesen  116 ms rechnen
2026-09-08T08:05:51.342Z  SNR/2016        bereinigt    74258 reg. Kerzen    0/109/109 von 252  Tagen gewertet (1m/5m/15m)     2962 Signale  112 ms lesen  6011 ms rechnen
2026-09-08T08:05:57.920Z  SNR/2017        bereinigt    75164 reg. Kerzen    0/118/118 von 251  Tagen gewertet (1m/5m/15m)     3003 Signale  97 ms lesen  6257 ms rechnen
2026-09-08T08:06:00.713Z  SNR/2018        bereinigt    76097 reg. Kerzen      0/38/38 von 251  Tagen gewertet (1m/5m/15m)      981 Signale  127 ms lesen  2473 ms rechnen
2026-09-08T08:06:01.419Z  SNR/2019        roh          68937 reg. Kerzen        0/0/0 von 252  Tagen gewertet (1m/5m/15m)        0 Signale  147 ms lesen  377 ms rechnen
2026-09-08T08:06:02.189Z  SNR/2020        roh          70101 reg. Kerzen        0/0/0 von 253  Tagen gewertet (1m/5m/15m)        0 Signale  123 ms lesen  406 ms rechnen
2026-09-08T08:06:06.314Z  SNR/2021        roh          49429 reg. Kerzen      0/72/72 von 180  Tagen gewertet (1m/5m/15m)     1811 Signale  80 ms lesen  3881 ms rechnen
2026-09-08T08:06:16.368Z  SNY/2016        roh          95411 reg. Kerzen    0/232/232 von 252  Tagen gewertet (1m/5m/15m)     5653 Signale  171 ms lesen  9702 ms rechnen
2026-09-08T08:06:27.248Z  SNY/2017        roh          90858 reg. Kerzen    0/251/251 von 251  Tagen gewertet (1m/5m/15m)     5654 Signale  302 ms lesen  10324 ms rechnen
2026-09-08T08:06:38.772Z  SNY/2018        roh          92186 reg. Kerzen    0/251/251 von 251  Tagen gewertet (1m/5m/15m)     5995 Signale  152 ms lesen  11077 ms rechnen
2026-09-08T08:06:49.462Z  SNY/2019        roh          90129 reg. Kerzen    0/252/252 von 252  Tagen gewertet (1m/5m/15m)     5921 Signale  247 ms lesen  10229 ms rechnen
2026-09-08T08:07:01.493Z  SNY/2020        roh          92441 reg. Kerzen    0/253/253 von 253  Tagen gewertet (1m/5m/15m)     6388 Signale  147 ms lesen  11657 ms rechnen
2026-09-08T08:07:13.155Z  SNY/2021        roh          90658 reg. Kerzen    0/252/252 von 252  Tagen gewertet (1m/5m/15m)     5782 Signale  231 ms lesen  11191 ms rechnen
2026-09-08T08:07:25.077Z  SNY/2022        roh          94796 reg. Kerzen    0/251/251 von 251  Tagen gewertet (1m/5m/15m)     6281 Signale  151 ms lesen  11563 ms rechnen
2026-09-08T08:07:36.382Z  SNY/2023        roh          93707 reg. Kerzen    0/250/250 von 250  Tagen gewertet (1m/5m/15m)     5937 Signale  265 ms lesen  10711 ms rechnen
2026-09-08T08:07:47.523Z  SNY/2024        roh          94372 reg. Kerzen    0/252/252 von 252  Tagen gewertet (1m/5m/15m)     5859 Signale  146 ms lesen  10734 ms rechnen
2026-09-08T08:07:59.186Z  SNY/2025        roh          95189 reg. Kerzen    0/250/250 von 250  Tagen gewertet (1m/5m/15m)     6004 Signale  255 ms lesen  11192 ms rechnen
2026-09-08T08:08:07.076Z  SNY/2026        roh          64280 reg. Kerzen    0/166/166 von 166  Tagen gewertet (1m/5m/15m)     4108 Signale  123 ms lesen  7487 ms rechnen
2026-09-08T08:08:07.455Z  SOHO/2016       roh          13545 reg. Kerzen        0/0/0 von 252  Tagen gewertet (1m/5m/15m)        0 Signale  116 ms lesen  104 ms rechnen
2026-09-08T08:08:07.647Z  SOHO/2017       roh          15024 reg. Kerzen        0/0/0 von 251  Tagen gewertet (1m/5m/15m)        0 Signale  42 ms lesen  116 ms rechnen
2026-09-08T08:08:07.855Z  SOHO/2018       roh          11883 reg. Kerzen        0/0/0 von 250  Tagen gewertet (1m/5m/15m)        0 Signale  51 ms lesen  109 ms rechnen
2026-09-08T08:08:08.010Z  SOHO/2019       roh          11320 reg. Kerzen        0/0/0 von 252  Tagen gewertet (1m/5m/15m)        0 Signale  28 ms lesen  82 ms rechnen
2026-09-08T08:08:08.317Z  SOHO/2020       roh          27782 reg. Kerzen        0/0/0 von 253  Tagen gewertet (1m/5m/15m)        0 Signale  70 ms lesen  209 ms rechnen
2026-09-08T08:08:08.587Z  SOHO/2021       roh          19714 reg. Kerzen        0/0/0 von 252  Tagen gewertet (1m/5m/15m)        0 Signale  42 ms lesen  148 ms rechnen
2026-09-08T08:08:08.793Z  SOHO/2022       roh          11890 reg. Kerzen        0/0/0 von 251  Tagen gewertet (1m/5m/15m)        0 Signale  64 ms lesen  86 ms rechnen
2026-09-08T08:08:08.986Z  SOHO/2023       roh           8985 reg. Kerzen        0/0/0 von 250  Tagen gewertet (1m/5m/15m)        0 Signale  76 ms lesen  75 ms rechnen
2026-09-08T08:08:09.109Z  SOHO/2024       roh           8840 reg. Kerzen        0/0/0 von 252  Tagen gewertet (1m/5m/15m)        0 Signale  30 ms lesen  60 ms rechnen
2026-09-08T08:08:09.237Z  SOHO/2025       roh           9269 reg. Kerzen        0/0/0 von 250  Tagen gewertet (1m/5m/15m)        0 Signale  44 ms lesen  65 ms rechnen
2026-09-08T08:08:09.292Z  SOHO/2026       roh           1269 reg. Kerzen        0/0/0 von 29   Tagen gewertet (1m/5m/15m)        0 Signale  15 ms lesen  9 ms rechnen
2026-09-08T08:08:20.241Z  SON/2016        roh          80714 reg. Kerzen    0/232/232 von 252  Tagen gewertet (1m/5m/15m)     5436 Signale  136 ms lesen  10792 ms rechnen
2026-09-08T08:08:31.514Z  SON/2017        roh          75929 reg. Kerzen    0/251/251 von 251  Tagen gewertet (1m/5m/15m)     5622 Signale  131 ms lesen  10931 ms rechnen
2026-09-08T08:08:43.191Z  SON/2018        roh          74174 reg. Kerzen    0/251/251 von 251  Tagen gewertet (1m/5m/15m)     5991 Signale  129 ms lesen  11344 ms rechnen
2026-09-08T08:08:54.625Z  SON/2019        roh          74201 reg. Kerzen    0/252/252 von 252  Tagen gewertet (1m/5m/15m)     5986 Signale  106 ms lesen  11079 ms rechnen
2026-09-08T08:09:08.464Z  SON/2020        roh          77490 reg. Kerzen    0/253/253 von 253  Tagen gewertet (1m/5m/15m)     6480 Signale  103 ms lesen  13556 ms rechnen
2026-09-08T08:09:20.908Z  SON/2021        roh          72855 reg. Kerzen    0/250/250 von 252  Tagen gewertet (1m/5m/15m)     5974 Signale  101 ms lesen  12180 ms rechnen
2026-09-08T08:09:33.892Z  SON/2022        roh          75674 reg. Kerzen    0/249/249 von 251  Tagen gewertet (1m/5m/15m)     6399 Signale  139 ms lesen  12674 ms rechnen
2026-09-08T08:09:46.050Z  SON/2023        roh          71597 reg. Kerzen    0/250/250 von 250  Tagen gewertet (1m/5m/15m)     6141 Signale  127 ms lesen  11790 ms rechnen
2026-09-08T08:09:58.226Z  SON/2024        roh          71793 reg. Kerzen    0/252/252 von 252  Tagen gewertet (1m/5m/15m)     6150 Signale  125 ms lesen  11833 ms rechnen
2026-09-08T08:10:10.949Z  SON/2025        roh          79829 reg. Kerzen    0/250/250 von 250  Tagen gewertet (1m/5m/15m)     6245 Signale  134 ms lesen  12384 ms rechnen
2026-09-08T08:10:19.848Z  SON/2026        roh          55066 reg. Kerzen    0/166/166 von 166  Tagen gewertet (1m/5m/15m)     4282 Signale  95 ms lesen  8579 ms rechnen
2026-09-08T08:10:20.144Z  SONX/2021       roh           8480 reg. Kerzen        0/0/0 von 44   Tagen gewertet (1m/5m/15m)        0 Signale  32 ms lesen  57 ms rechnen
2026-09-08T08:10:20.444Z  SONX/2022       roh          31535 reg. Kerzen        0/0/0 von 251  Tagen gewertet (1m/5m/15m)        0 Signale  70 ms lesen  206 ms rechnen
2026-09-08T08:10:20.697Z  SONX/2023       roh          14748 reg. Kerzen        0/0/0 von 224  Tagen gewertet (1m/5m/15m)        0 Signale  32 ms lesen  122 ms rechnen
2026-09-08T08:10:20.748Z  AUSGELASSEN SONX/2024: Datei fehlt
2026-09-08T08:10:20.799Z  AUSGELASSEN SONX/2025: Datei fehlt
2026-09-08T08:10:20.870Z  SPAN/2016       roh           1903 reg. Kerzen        0/0/0 von 237  Tagen gewertet (1m/5m/15m)        0 Signale  30 ms lesen  21 ms rechnen
2026-09-08T08:10:20.916Z  SPAN/2017       roh           1649 reg. Kerzen        0/0/0 von 111  Tagen gewertet (1m/5m/15m)        0 Signale  19 ms lesen  19 ms rechnen
2026-09-08T08:10:21.027Z  SPGC/2023       bereinigt     8596 reg. Kerzen        0/0/0 von 96   Tagen gewertet (1m/5m/15m)        0 Signale  48 ms lesen  47 ms rechnen
2026-09-08T08:10:21.151Z  SPGC/2024       bereinigt    11991 reg. Kerzen        0/0/0 von 251  Tagen gewertet (1m/5m/15m)        0 Signale  24 ms lesen  82 ms rechnen
2026-09-08T08:10:21.312Z  SPGC/2025       roh          14247 reg. Kerzen        0/0/0 von 49   Tagen gewertet (1m/5m/15m)        0 Signale  41 ms lesen  89 ms rechnen
2026-09-08T08:10:21.363Z  AUSGELASSEN SPGC/2026: Datei fehlt
2026-09-08T08:10:21.392Z  SPK/2021        roh            615 reg. Kerzen        0/0/0 von 66   Tagen gewertet (1m/5m/15m)        0 Signale  21 ms lesen  6 ms rechnen
2026-09-08T08:10:21.423Z  SPK/2022        roh            515 reg. Kerzen        0/0/0 von 119  Tagen gewertet (1m/5m/15m)        0 Signale  22 ms lesen  6 ms rechnen
2026-09-08T08:10:21.657Z  SPNS/2016       roh          18880 reg. Kerzen        0/0/0 von 252  Tagen gewertet (1m/5m/15m)        0 Signale  68 ms lesen  141 ms rechnen
2026-09-08T08:10:21.912Z  SPNS/2017       roh          23608 reg. Kerzen        0/0/0 von 251  Tagen gewertet (1m/5m/15m)        0 Signale  41 ms lesen  148 ms rechnen
2026-09-08T08:10:22.162Z  SPNS/2018       roh          11010 reg. Kerzen        0/0/0 von 251  Tagen gewertet (1m/5m/15m)        0 Signale  99 ms lesen  79 ms rechnen
2026-09-08T08:10:22.443Z  SPNS/2019       roh          27068 reg. Kerzen        0/0/0 von 252  Tagen gewertet (1m/5m/15m)        0 Signale  63 ms lesen  195 ms rechnen
2026-09-08T08:10:25.072Z  SPNS/2020       roh          46605 reg. Kerzen      0/39/40 von 253  Tagen gewertet (1m/5m/15m)     1080 Signale  93 ms lesen  2457 ms rechnen
2026-09-08T08:10:25.540Z  SPNS/2021       roh          32646 reg. Kerzen        0/0/0 von 252  Tagen gewertet (1m/5m/15m)        0 Signale  84 ms lesen  265 ms rechnen
2026-09-08T08:10:26.783Z  SPNS/2022       roh          36423 reg. Kerzen      0/13/15 von 251  Tagen gewertet (1m/5m/15m)      383 Signale  87 ms lesen  1046 ms rechnen
2026-09-08T08:10:27.210Z  SPNS/2023       roh          33147 reg. Kerzen        0/0/0 von 250  Tagen gewertet (1m/5m/15m)        0 Signale  99 ms lesen  238 ms rechnen
2026-09-08T08:10:28.191Z  SPNS/2024       roh          29275 reg. Kerzen       0/8/16 von 252  Tagen gewertet (1m/5m/15m)      275 Signale  72 ms lesen  829 ms rechnen
2026-09-08T08:10:31.194Z  SPNS/2025       roh          41498 reg. Kerzen      0/85/86 von 240  Tagen gewertet (1m/5m/15m)     1240 Signale  67 ms lesen  2861 ms rechnen
2026-09-08T08:10:31.488Z  SPRT/2016       bereinigt    19972 reg. Kerzen        0/0/0 von 252  Tagen gewertet (1m/5m/15m)        0 Signale  55 ms lesen  129 ms rechnen
2026-09-08T08:10:31.649Z  SPRT/2017       bereinigt    10631 reg. Kerzen        0/0/0 von 251  Tagen gewertet (1m/5m/15m)        0 Signale  15 ms lesen  100 ms rechnen
2026-09-08T08:10:31.780Z  SPRT/2018       roh           7268 reg. Kerzen        0/0/0 von 249  Tagen gewertet (1m/5m/15m)        0 Signale  44 ms lesen  58 ms rechnen
2026-09-08T08:10:31.913Z  SPRT/2019       roh           9610 reg. Kerzen        0/0/0 von 252  Tagen gewertet (1m/5m/15m)        0 Signale  42 ms lesen  68 ms rechnen
2026-09-08T08:10:32.087Z  SPRT/2020       roh          16268 reg. Kerzen        0/0/0 von 253  Tagen gewertet (1m/5m/15m)        0 Signale  37 ms lesen  115 ms rechnen
2026-09-08T08:10:36.354Z  SPRT/2021       roh          45015 reg. Kerzen      0/55/55 von 176  Tagen gewertet (1m/5m/15m)     1446 Signale  96 ms lesen  4131 ms rechnen
2026-09-08T08:10:44.349Z  SPXC/2016       roh          72242 reg. Kerzen    0/137/137 von 252  Tagen gewertet (1m/5m/15m)     3672 Signale  135 ms lesen  7721 ms rechnen
2026-09-08T08:10:51.293Z  SPXC/2017       roh          59080 reg. Kerzen    0/121/121 von 251  Tagen gewertet (1m/5m/15m)     3146 Signale  97 ms lesen  6605 ms rechnen
2026-09-08T08:10:59.969Z  SPXC/2018       roh          56524 reg. Kerzen    0/173/173 von 251  Tagen gewertet (1m/5m/15m)     4415 Signale  94 ms lesen  8381 ms rechnen
2026-09-08T08:11:09.591Z  SPXC/2019       roh          57288 reg. Kerzen    0/190/191 von 252  Tagen gewertet (1m/5m/15m)     4816 Signale  107 ms lesen  9360 ms rechnen
2026-09-08T08:11:11.456Z  CHECKPOINT 4600 Dateien, 816 min, Detektorfehler {}
2026-09-08T08:11:25.600Z  SPXC/2020       roh          58412 reg. Kerzen    0/246/253 von 253  Tagen gewertet (1m/5m/15m)     6542 Signale  83 ms lesen  14060 ms rechnen
2026-09-08T08:11:34.269Z  SPXC/2021       roh          40520 reg. Kerzen    0/151/203 von 252  Tagen gewertet (1m/5m/15m)     4402 Signale  83 ms lesen  8425 ms rechnen
2026-09-08T08:11:42.919Z  SPXC/2022       roh          39861 reg. Kerzen    0/155/189 von 251  Tagen gewertet (1m/5m/15m)     4358 Signale  76 ms lesen  8475 ms rechnen
2026-09-08T08:11:52.949Z  SPXC/2023       roh          39179 reg. Kerzen    0/183/250 von 250  Tagen gewertet (1m/5m/15m)     5278 Signale  80 ms lesen  9837 ms rechnen
2026-09-08T08:12:03.379Z  SPXC/2024       roh          39780 reg. Kerzen    0/178/252 von 252  Tagen gewertet (1m/5m/15m)     5268 Signale  100 ms lesen  10203 ms rechnen
2026-09-08T08:12:14.718Z  SPXC/2025       roh          43050 reg. Kerzen    0/207/250 von 250  Tagen gewertet (1m/5m/15m)     5621 Signale  87 ms lesen  11132 ms rechnen
2026-09-08T08:12:23.895Z  SPXC/2026       roh          37249 reg. Kerzen    0/162/166 von 166  Tagen gewertet (1m/5m/15m)     4430 Signale  67 ms lesen  9003 ms rechnen
2026-09-08T08:12:26.340Z  SRAC/2020       roh          17732 reg. Kerzen      0/36/37 von 159  Tagen gewertet (1m/5m/15m)      945 Signale  110 ms lesen  2182 ms rechnen
2026-09-08T08:12:34.505Z  SRAC/2021       roh          46670 reg. Kerzen    0/121/121 von 154  Tagen gewertet (1m/5m/15m)     3334 Signale  166 ms lesen  7940 ms rechnen
2026-09-08T08:12:45.255Z  SRE/2016        bereinigt    94123 reg. Kerzen    0/232/232 von 252  Tagen gewertet (1m/5m/15m)     5398 Signale  157 ms lesen  10475 ms rechnen
2026-09-08T08:12:55.764Z  SRE/2017        bereinigt    90708 reg. Kerzen    0/251/251 von 251  Tagen gewertet (1m/5m/15m)     5423 Signale  108 ms lesen  10170 ms rechnen
2026-09-08T08:13:07.720Z  SRE/2018        bereinigt    94971 reg. Kerzen    0/251/251 von 251  Tagen gewertet (1m/5m/15m)     6031 Signale  114 ms lesen  11565 ms rechnen
2026-09-08T08:13:19.146Z  SRE/2019        bereinigt    94172 reg. Kerzen    0/252/252 von 252  Tagen gewertet (1m/5m/15m)     5642 Signale  132 ms lesen  11048 ms rechnen
2026-09-08T08:13:32.756Z  SRE/2020        bereinigt    96083 reg. Kerzen    0/253/253 von 253  Tagen gewertet (1m/5m/15m)     6442 Signale  121 ms lesen  13247 ms rechnen
2026-09-08T08:13:44.822Z  SRE/2021        bereinigt    92888 reg. Kerzen    0/250/250 von 252  Tagen gewertet (1m/5m/15m)     6015 Signale  146 ms lesen  11640 ms rechnen
2026-09-08T08:13:57.702Z  SRE/2022        bereinigt    92631 reg. Kerzen    0/248/248 von 251  Tagen gewertet (1m/5m/15m)     6187 Signale  114 ms lesen  12513 ms rechnen
2026-09-08T08:14:10.181Z  SRE/2023        bereinigt    93351 reg. Kerzen    0/250/250 von 250  Tagen gewertet (1m/5m/15m)     6119 Signale  124 ms lesen  12136 ms rechnen
2026-09-08T08:14:22.282Z  SRE/2024        roh          97055 reg. Kerzen    0/252/252 von 252  Tagen gewertet (1m/5m/15m)     5851 Signale  178 ms lesen  11683 ms rechnen
2026-09-08T08:14:34.578Z  SRE/2025        roh          96428 reg. Kerzen    0/250/250 von 250  Tagen gewertet (1m/5m/15m)     6084 Signale  128 ms lesen  11958 ms rechnen
2026-09-08T08:14:43.124Z  SRE/2026        roh          63962 reg. Kerzen    0/166/166 von 166  Tagen gewertet (1m/5m/15m)     4020 Signale  113 ms lesen  8129 ms rechnen
2026-09-08T08:14:43.633Z  SRRA/2017       bereinigt    36699 reg. Kerzen        0/0/0 von 246  Tagen gewertet (1m/5m/15m)        0 Signale  103 ms lesen  218 ms rechnen
2026-09-08T08:14:44.230Z  SRRA/2018       bereinigt    55794 reg. Kerzen        0/0/0 von 251  Tagen gewertet (1m/5m/15m)        0 Signale  105 ms lesen  393 ms rechnen
2026-09-08T08:14:44.783Z  SRRA/2019       bereinigt    42101 reg. Kerzen        0/0/0 von 252  Tagen gewertet (1m/5m/15m)        0 Signale  72 ms lesen  306 ms rechnen
2026-09-08T08:14:45.066Z  SRRA/2020       bereinigt    12658 reg. Kerzen        0/0/0 von 253  Tagen gewertet (1m/5m/15m)        0 Signale  25 ms lesen  108 ms rechnen
2026-09-08T08:14:45.199Z  SRRA/2021       roh           7896 reg. Kerzen        0/0/0 von 252  Tagen gewertet (1m/5m/15m)        0 Signale  35 ms lesen  66 ms rechnen
2026-09-08T08:14:49.476Z  SRRA/2022       roh          28598 reg. Kerzen     0/98/101 von 124  Tagen gewertet (1m/5m/15m)     2091 Signale  54 ms lesen  4201 ms rechnen
2026-09-08T08:14:49.737Z  SSBK/2021       roh           1783 reg. Kerzen        0/0/0 von 95   Tagen gewertet (1m/5m/15m)        0 Signale  106 ms lesen  14 ms rechnen
2026-09-08T08:14:49.821Z  SSBK/2022       roh           3846 reg. Kerzen        0/0/0 von 244  Tagen gewertet (1m/5m/15m)        0 Signale  49 ms lesen  29 ms rechnen
2026-09-08T08:14:49.910Z  SSBK/2023       roh           6024 reg. Kerzen        0/0/0 von 250  Tagen gewertet (1m/5m/15m)        0 Signale  33 ms lesen  43 ms rechnen
2026-09-08T08:14:50.009Z  SSBK/2024       roh           4561 reg. Kerzen        0/0/0 von 249  Tagen gewertet (1m/5m/15m)        0 Signale  35 ms lesen  44 ms rechnen
2026-09-08T08:14:50.074Z  SSBK/2025       roh           4253 reg. Kerzen        0/0/0 von 122  Tagen gewertet (1m/5m/15m)        0 Signale  20 ms lesen  28 ms rechnen
2026-09-08T08:14:50.210Z  SSKN/2016       bereinigt     6990 reg. Kerzen        0/0/0 von 252  Tagen gewertet (1m/5m/15m)        0 Signale  51 ms lesen  61 ms rechnen
2026-09-08T08:14:50.356Z  SSKN/2017       bereinigt    10206 reg. Kerzen        0/0/0 von 251  Tagen gewertet (1m/5m/15m)        0 Signale  33 ms lesen  87 ms rechnen
2026-09-08T08:14:50.604Z  SSKN/2018       bereinigt    23033 reg. Kerzen        0/0/0 von 251  Tagen gewertet (1m/5m/15m)        0 Signale  51 ms lesen  165 ms rechnen
2026-09-08T08:14:50.787Z  SSKN/2019       bereinigt    11054 reg. Kerzen        0/0/0 von 252  Tagen gewertet (1m/5m/15m)        0 Signale  21 ms lesen  102 ms rechnen
2026-09-08T08:14:50.919Z  SSKN/2020       bereinigt    10032 reg. Kerzen        0/0/0 von 253  Tagen gewertet (1m/5m/15m)        0 Signale  20 ms lesen  74 ms rechnen
2026-09-08T08:14:51.099Z  SSKN/2021       bereinigt    15137 reg. Kerzen        0/0/0 von 252  Tagen gewertet (1m/5m/15m)        0 Signale  30 ms lesen  118 ms rechnen
2026-09-08T08:14:51.197Z  SSKN/2022       bereinigt     5359 reg. Kerzen        0/0/0 von 250  Tagen gewertet (1m/5m/15m)        0 Signale  12 ms lesen  44 ms rechnen
2026-09-08T08:14:51.274Z  SSKN/2023       bereinigt     5479 reg. Kerzen        0/0/0 von 250  Tagen gewertet (1m/5m/15m)        0 Signale  12 ms lesen  48 ms rechnen
2026-09-08T08:14:51.346Z  SSKN/2024       bereinigt     5149 reg. Kerzen        0/0/0 von 251  Tagen gewertet (1m/5m/15m)        0 Signale  9 ms lesen  42 ms rechnen
2026-09-08T08:14:51.514Z  SSKN/2025       roh          12647 reg. Kerzen        0/0/0 von 246  Tagen gewertet (1m/5m/15m)        0 Signale  49 ms lesen  99 ms rechnen
2026-09-08T08:14:51.600Z  SSKN/2026       roh           2772 reg. Kerzen        0/0/0 von 32   Tagen gewertet (1m/5m/15m)        0 Signale  20 ms lesen  19 ms rechnen
2026-09-08T08:15:05.840Z  SSRI/2016       roh          95082 reg. Kerzen    0/232/232 von 252  Tagen gewertet (1m/5m/15m)     6457 Signale  151 ms lesen  14081 ms rechnen
2026-09-08T08:15:14.475Z  SSRI/2017       roh          54870 reg. Kerzen    0/147/147 von 147  Tagen gewertet (1m/5m/15m)     3994 Signale  95 ms lesen  8337 ms rechnen
2026-09-08T08:15:26.387Z  ST/2016         roh          91448 reg. Kerzen    0/232/232 von 252  Tagen gewertet (1m/5m/15m)     5961 Signale  160 ms lesen  11601 ms rechnen
2026-09-08T08:15:38.296Z  ST/2017         roh          88665 reg. Kerzen    0/251/251 von 251  Tagen gewertet (1m/5m/15m)     6097 Signale  129 ms lesen  11504 ms rechnen
2026-09-08T08:15:51.164Z  ST/2018         roh          88460 reg. Kerzen    0/251/251 von 251  Tagen gewertet (1m/5m/15m)     6266 Signale  283 ms lesen  12345 ms rechnen
2026-09-08T08:16:03.221Z  ST/2019         roh          85532 reg. Kerzen    0/252/252 von 252  Tagen gewertet (1m/5m/15m)     6175 Signale  127 ms lesen  11715 ms rechnen
2026-09-08T08:16:18.021Z  ST/2020         roh          91689 reg. Kerzen    0/253/253 von 253  Tagen gewertet (1m/5m/15m)     6729 Signale  194 ms lesen  14327 ms rechnen
2026-09-08T08:16:30.919Z  ST/2021         roh          87077 reg. Kerzen    0/250/250 von 252  Tagen gewertet (1m/5m/15m)     6433 Signale  146 ms lesen  12473 ms rechnen
2026-09-08T08:16:44.949Z  ST/2022         roh          93002 reg. Kerzen    0/249/249 von 251  Tagen gewertet (1m/5m/15m)     6659 Signale  136 ms lesen  13651 ms rechnen
2026-09-08T08:16:57.752Z  ST/2023         roh          91272 reg. Kerzen    0/250/250 von 250  Tagen gewertet (1m/5m/15m)     6373 Signale  129 ms lesen  12424 ms rechnen
2026-09-08T08:17:10.647Z  ST/2024         roh          90679 reg. Kerzen    0/252/252 von 252  Tagen gewertet (1m/5m/15m)     6342 Signale  165 ms lesen  12420 ms rechnen
2026-09-08T08:17:24.267Z  ST/2025         roh          89173 reg. Kerzen    0/250/250 von 250  Tagen gewertet (1m/5m/15m)     6547 Signale  139 ms lesen  13234 ms rechnen
2026-09-08T08:17:33.605Z  ST/2026         roh          60496 reg. Kerzen    0/165/165 von 166  Tagen gewertet (1m/5m/15m)     4401 Signale  104 ms lesen  8998 ms rechnen
2026-09-08T08:17:34.046Z  STB/2016        roh          31589 reg. Kerzen        0/0/0 von 252  Tagen gewertet (1m/5m/15m)        0 Signale  60 ms lesen  216 ms rechnen
2026-09-08T08:17:34.509Z  STB/2017        roh          44064 reg. Kerzen        0/0/0 von 251  Tagen gewertet (1m/5m/15m)        0 Signale  92 ms lesen  281 ms rechnen
2026-09-08T08:17:35.719Z  STB/2018        roh          20433 reg. Kerzen      0/28/32 von 81   Tagen gewertet (1m/5m/15m)      342 Signale  52 ms lesen  1040 ms rechnen
2026-09-08T08:17:35.881Z  STEC/2024       roh           9006 reg. Kerzen        0/0/0 von 115  Tagen gewertet (1m/5m/15m)        0 Signale  34 ms lesen  65 ms rechnen
2026-09-08T08:17:36.047Z  STEC/2025       roh          11643 reg. Kerzen        0/0/0 von 245  Tagen gewertet (1m/5m/15m)        0 Signale  51 ms lesen  96 ms rechnen
2026-09-08T08:17:46.271Z  STJ/2016        roh          96684 reg. Kerzen    0/232/232 von 252  Tagen gewertet (1m/5m/15m)     5035 Signale  283 ms lesen  9899 ms rechnen
2026-09-08T08:17:46.636Z  STJ/2017        roh            766 reg. Kerzen        0/2/2 von 2    Tagen gewertet (1m/5m/15m)       31 Signale  10 ms lesen  72 ms rechnen
2026-09-08T08:17:59.238Z  STMP/2016       roh          77085 reg. Kerzen    0/232/232 von 252  Tagen gewertet (1m/5m/15m)     6237 Signale  155 ms lesen  12444 ms rechnen
2026-09-08T08:20:33.946Z  STMP/2017       roh          71823 reg. Kerzen    0/251/251 von 251  Tagen gewertet (1m/5m/15m)     6709 Signale  141418 ms lesen  13075 ms rechnen
2026-09-08T08:20:49.703Z  STMP/2018       roh          64067 reg. Kerzen    0/249/249 von 251  Tagen gewertet (1m/5m/15m)     6569 Signale  1513 ms lesen  13999 ms rechnen
2026-09-08T08:21:04.193Z  STMP/2019       roh          75889 reg. Kerzen    0/252/252 von 252  Tagen gewertet (1m/5m/15m)     6722 Signale  121 ms lesen  14149 ms rechnen
2026-09-08T08:21:19.790Z  STMP/2020       roh          68483 reg. Kerzen    0/251/253 von 253  Tagen gewertet (1m/5m/15m)     6818 Signale  118 ms lesen  15268 ms rechnen
2026-09-08T08:21:29.612Z  STMP/2021       roh          45459 reg. Kerzen    0/188/190 von 190  Tagen gewertet (1m/5m/15m)     4350 Signale  83 ms lesen  9525 ms rechnen
2026-09-08T08:21:31.722Z  STON/2016       roh          48004 reg. Kerzen      0/29/29 von 252  Tagen gewertet (1m/5m/15m)      767 Signale  89 ms lesen  1895 ms rechnen
2026-09-08T08:21:32.654Z  STON/2017       roh          56462 reg. Kerzen        0/0/0 von 251  Tagen gewertet (1m/5m/15m)        0 Signale  393 ms lesen  399 ms rechnen
2026-09-08T08:21:33.126Z  STON/2018       roh          24867 reg. Kerzen        0/0/0 von 251  Tagen gewertet (1m/5m/15m)        0 Signale  115 ms lesen  177 ms rechnen
2026-09-08T08:21:33.315Z  STON/2019       roh          11633 reg. Kerzen        0/0/0 von 252  Tagen gewertet (1m/5m/15m)        0 Signale  37 ms lesen  86 ms rechnen
2026-09-08T08:21:33.590Z  STON/2020       roh          30021 reg. Kerzen        0/0/0 von 253  Tagen gewertet (1m/5m/15m)        0 Signale  74 ms lesen  169 ms rechnen
2026-09-08T08:21:33.986Z  STON/2021       roh          37271 reg. Kerzen        0/0/0 von 252  Tagen gewertet (1m/5m/15m)        0 Signale  72 ms lesen  219 ms rechnen
2026-09-08T08:21:34.328Z  STON/2022       roh          20646 reg. Kerzen        0/0/0 von 212  Tagen gewertet (1m/5m/15m)        0 Signale  59 ms lesen  152 ms rechnen
2026-09-08T08:21:34.548Z  STRM/2016       bereinigt     8791 reg. Kerzen        0/0/0 von 252  Tagen gewertet (1m/5m/15m)        0 Signale  69 ms lesen  65 ms rechnen
2026-09-08T08:21:34.685Z  STRM/2017       bereinigt    13056 reg. Kerzen        0/0/0 von 250  Tagen gewertet (1m/5m/15m)        0 Signale  23 ms lesen  96 ms rechnen
2026-09-08T08:21:34.783Z  STRM/2018       bereinigt     6399 reg. Kerzen        0/0/0 von 251  Tagen gewertet (1m/5m/15m)        0 Signale  12 ms lesen  56 ms rechnen
2026-09-08T08:21:34.855Z  STRM/2019       bereinigt     4625 reg. Kerzen        0/0/0 von 251  Tagen gewertet (1m/5m/15m)        0 Signale  21 ms lesen  37 ms rechnen
2026-09-08T08:21:34.985Z  STRM/2020       bereinigt    11104 reg. Kerzen        0/0/0 von 253  Tagen gewertet (1m/5m/15m)        0 Signale  21 ms lesen  92 ms rechnen
2026-09-08T08:21:35.176Z  STRM/2021       bereinigt    19277 reg. Kerzen        0/0/0 von 252  Tagen gewertet (1m/5m/15m)        0 Signale  42 ms lesen  121 ms rechnen
2026-09-08T08:21:35.299Z  STRM/2022       bereinigt     8161 reg. Kerzen        0/0/0 von 251  Tagen gewertet (1m/5m/15m)        0 Signale  14 ms lesen  60 ms rechnen
2026-09-08T08:21:35.440Z  STRM/2023       bereinigt    11094 reg. Kerzen        0/0/0 von 250  Tagen gewertet (1m/5m/15m)        0 Signale  21 ms lesen  90 ms rechnen
2026-09-08T08:21:35.557Z  STRM/2024       bereinigt    10204 reg. Kerzen        0/0/0 von 252  Tagen gewertet (1m/5m/15m)        0 Signale  20 ms lesen  68 ms rechnen
2026-09-08T08:21:35.646Z  STRM/2025       roh           2795 reg. Kerzen        0/0/0 von 151  Tagen gewertet (1m/5m/15m)        0 Signale  45 ms lesen  18 ms rechnen
2026-09-08T08:21:35.823Z  STSS/2022       bereinigt    14038 reg. Kerzen        0/0/0 von 180  Tagen gewertet (1m/5m/15m)        0 Signale  59 ms lesen  101 ms rechnen
2026-09-08T08:21:36.004Z  STSS/2023       bereinigt    14772 reg. Kerzen        0/0/0 von 250  Tagen gewertet (1m/5m/15m)        0 Signale  41 ms lesen  107 ms rechnen
2026-09-08T08:21:36.284Z  STSS/2024       bereinigt    27528 reg. Kerzen        0/0/0 von 252  Tagen gewertet (1m/5m/15m)        0 Signale  91 ms lesen  155 ms rechnen
2026-09-08T08:21:37.296Z  STSS/2025       bereinigt    45611 reg. Kerzen        0/8/8 von 250  Tagen gewertet (1m/5m/15m)      222 Signale  118 ms lesen  825 ms rechnen
2026-09-08T08:21:37.649Z  STSS/2026       roh          16953 reg. Kerzen        0/0/0 von 100  Tagen gewertet (1m/5m/15m)        0 Signale  123 ms lesen  111 ms rechnen
2026-09-08T08:21:49.115Z  STZ/2016        roh          95054 reg. Kerzen    0/232/232 von 252  Tagen gewertet (1m/5m/15m)     5553 Signale  180 ms lesen  11212 ms rechnen
2026-09-08T08:22:01.138Z  STZ/2017        roh          91730 reg. Kerzen    0/251/251 von 251  Tagen gewertet (1m/5m/15m)     5616 Signale  206 ms lesen  11555 ms rechnen
2026-09-08T08:22:13.479Z  STZ/2018        roh          94669 reg. Kerzen    0/251/251 von 251  Tagen gewertet (1m/5m/15m)     5996 Signale  156 ms lesen  11915 ms rechnen
2026-09-08T08:22:25.933Z  STZ/2019        roh          94813 reg. Kerzen    0/252/252 von 252  Tagen gewertet (1m/5m/15m)     6209 Signale  156 ms lesen  12038 ms rechnen
2026-09-08T08:22:39.994Z  STZ/2020        roh          94703 reg. Kerzen    0/253/253 von 253  Tagen gewertet (1m/5m/15m)     6514 Signale  276 ms lesen  13517 ms rechnen
2026-09-08T08:22:52.315Z  STZ/2021        roh          91163 reg. Kerzen    0/250/250 von 252  Tagen gewertet (1m/5m/15m)     5961 Signale  159 ms lesen  11926 ms rechnen
2026-09-08T08:23:05.287Z  STZ/2022        roh          88717 reg. Kerzen    0/249/249 von 250  Tagen gewertet (1m/5m/15m)     6164 Signale  138 ms lesen  12631 ms rechnen
2026-09-08T08:23:18.516Z  STZ/2023        roh          88547 reg. Kerzen    0/250/250 von 250  Tagen gewertet (1m/5m/15m)     5818 Signale  2328 ms lesen  10653 ms rechnen
2026-09-08T08:23:38.567Z  STZ/2024        roh          89073 reg. Kerzen    0/252/252 von 252  Tagen gewertet (1m/5m/15m)     5855 Signale  7819 ms lesen  12044 ms rechnen
2026-09-08T08:23:53.468Z  STZ/2025        roh          94920 reg. Kerzen    0/250/250 von 250  Tagen gewertet (1m/5m/15m)     6321 Signale  138 ms lesen  14506 ms rechnen
2026-09-08T08:24:02.794Z  STZ/2026        roh          62033 reg. Kerzen    0/166/166 von 166  Tagen gewertet (1m/5m/15m)     4335 Signale  103 ms lesen  8981 ms rechnen
2026-09-08T08:24:16.170Z  SUN/2016        roh          77702 reg. Kerzen    0/232/232 von 252  Tagen gewertet (1m/5m/15m)     6189 Signale  121 ms lesen  13036 ms rechnen
2026-09-08T08:24:29.294Z  SUN/2017        roh          67235 reg. Kerzen    0/238/238 von 251  Tagen gewertet (1m/5m/15m)     6163 Signale  110 ms lesen  12775 ms rechnen
2026-09-08T08:24:42.669Z  SUN/2018        roh          65194 reg. Kerzen    0/251/251 von 251  Tagen gewertet (1m/5m/15m)     6458 Signale  129 ms lesen  13055 ms rechnen
2026-09-08T08:24:52.783Z  SUN/2019        roh          52821 reg. Kerzen    0/202/204 von 252  Tagen gewertet (1m/5m/15m)     4859 Signale  94 ms lesen  9828 ms rechnen
2026-09-08T08:25:07.805Z  SUN/2020        roh          67961 reg. Kerzen    0/252/253 von 253  Tagen gewertet (1m/5m/15m)     6801 Signale  105 ms lesen  14751 ms rechnen
2026-09-08T08:25:20.754Z  SUN/2021        roh          62191 reg. Kerzen    0/250/250 von 252  Tagen gewertet (1m/5m/15m)     6209 Signale  117 ms lesen  12655 ms rechnen
2026-09-08T08:25:34.350Z  SUN/2022        roh          55684 reg. Kerzen    0/245/249 von 250  Tagen gewertet (1m/5m/15m)     6486 Signale  141 ms lesen  13263 ms rechnen
2026-09-08T08:25:42.863Z  SUN/2023        roh          50642 reg. Kerzen    0/169/181 von 250  Tagen gewertet (1m/5m/15m)     4314 Signale  77 ms lesen  8277 ms rechnen
2026-09-08T08:25:56.245Z  SUN/2024        roh          66883 reg. Kerzen    0/252/252 von 252  Tagen gewertet (1m/5m/15m)     6253 Signale  136 ms lesen  13130 ms rechnen
2026-09-08T08:26:09.436Z  SUN/2025        roh          69737 reg. Kerzen    0/248/250 von 250  Tagen gewertet (1m/5m/15m)     6281 Signale  107 ms lesen  12895 ms rechnen
2026-09-08T08:26:18.559Z  SUN/2026        roh          43862 reg. Kerzen    0/165/166 von 166  Tagen gewertet (1m/5m/15m)     4296 Signale  69 ms lesen  8862 ms rechnen
2026-09-08T08:26:18.750Z  SUUN/2024       roh           7777 reg. Kerzen        0/0/0 von 186  Tagen gewertet (1m/5m/15m)        0 Signale  19 ms lesen  51 ms rechnen
2026-09-08T08:26:19.040Z  SUUN/2025       roh          31984 reg. Kerzen        0/0/0 von 250  Tagen gewertet (1m/5m/15m)        0 Signale  65 ms lesen  200 ms rechnen
2026-09-08T08:26:19.363Z  SUUN/2026       roh          22216 reg. Kerzen        0/0/0 von 104  Tagen gewertet (1m/5m/15m)        0 Signale  105 ms lesen  130 ms rechnen
2026-09-08T08:26:19.516Z  SVFC/2021       roh          10417 reg. Kerzen        0/0/0 von 206  Tagen gewertet (1m/5m/15m)        0 Signale  28 ms lesen  59 ms rechnen
2026-09-08T08:26:19.614Z  SVFC/2022       roh           4198 reg. Kerzen        0/0/0 von 107  Tagen gewertet (1m/5m/15m)        0 Signale  26 ms lesen  35 ms rechnen
2026-09-08T08:26:19.728Z  SVT/2016        roh           2790 reg. Kerzen        0/0/0 von 236  Tagen gewertet (1m/5m/15m)        0 Signale  49 ms lesen  26 ms rechnen
2026-09-08T08:26:19.794Z  SVT/2017        roh           1802 reg. Kerzen        0/0/0 von 220  Tagen gewertet (1m/5m/15m)        0 Signale  36 ms lesen  18 ms rechnen
2026-09-08T08:26:19.834Z  SVT/2018        roh           2028 reg. Kerzen        0/0/0 von 225  Tagen gewertet (1m/5m/15m)        0 Signale  17 ms lesen  19 ms rechnen
2026-09-08T08:26:19.878Z  SVT/2019        roh           1583 reg. Kerzen        0/0/0 von 210  Tagen gewertet (1m/5m/15m)        0 Signale  27 ms lesen  11 ms rechnen
2026-09-08T08:26:19.933Z  SVT/2020        roh           1392 reg. Kerzen        0/0/0 von 217  Tagen gewertet (1m/5m/15m)        0 Signale  33 ms lesen  18 ms rechnen
2026-09-08T08:26:19.983Z  SVT/2021        roh           1360 reg. Kerzen        0/0/0 von 211  Tagen gewertet (1m/5m/15m)        0 Signale  28 ms lesen  17 ms rechnen
2026-09-08T08:26:20.053Z  SVT/2022        roh           2073 reg. Kerzen        0/0/0 von 216  Tagen gewertet (1m/5m/15m)        0 Signale  42 ms lesen  22 ms rechnen
2026-09-08T08:26:20.102Z  SVT/2023        roh           1201 reg. Kerzen        0/0/0 von 204  Tagen gewertet (1m/5m/15m)        0 Signale  26 ms lesen  17 ms rechnen
2026-09-08T08:26:20.134Z  SVT/2024        roh            968 reg. Kerzen        0/0/0 von 197  Tagen gewertet (1m/5m/15m)        0 Signale  19 ms lesen  8 ms rechnen
2026-09-08T08:26:20.161Z  SVT/2025        roh           1370 reg. Kerzen        0/0/0 von 101  Tagen gewertet (1m/5m/15m)        0 Signale  13 ms lesen  11 ms rechnen
2026-09-08T08:26:20.281Z  SWBK/2021       roh          13038 reg. Kerzen        0/0/0 von 173  Tagen gewertet (1m/5m/15m)        0 Signale  27 ms lesen  84 ms rechnen
2026-09-08T08:26:23.883Z  SWIR/2016       roh          61432 reg. Kerzen      0/55/55 von 252  Tagen gewertet (1m/5m/15m)     1434 Signale  220 ms lesen  3348 ms rechnen
2026-09-08T08:26:35.331Z  SWIR/2017       roh          63349 reg. Kerzen    0/191/191 von 251  Tagen gewertet (1m/5m/15m)     5207 Signale  255 ms lesen  11026 ms rechnen
2026-09-08T08:26:39.267Z  SWIR/2018       roh          55888 reg. Kerzen      0/60/60 von 251  Tagen gewertet (1m/5m/15m)     1663 Signale  114 ms lesen  3653 ms rechnen
2026-09-08T08:26:39.900Z  SWIR/2019       roh          53816 reg. Kerzen        0/0/0 von 252  Tagen gewertet (1m/5m/15m)        0 Signale  112 ms lesen  362 ms rechnen
2026-09-08T08:26:40.516Z  SWIR/2020       roh          55349 reg. Kerzen        0/0/0 von 253  Tagen gewertet (1m/5m/15m)        0 Signale  113 ms lesen  375 ms rechnen
2026-09-08T08:26:41.285Z  SWIR/2021       roh          44991 reg. Kerzen        0/3/3 von 252  Tagen gewertet (1m/5m/15m)       84 Signale  89 ms lesen  535 ms rechnen
2026-09-08T08:26:48.932Z  SWIR/2022       roh          68197 reg. Kerzen    0/157/158 von 251  Tagen gewertet (1m/5m/15m)     3384 Signale  130 ms lesen  7393 ms rechnen
2026-09-08T08:26:49.504Z  SWIR/2023       roh           2583 reg. Kerzen        0/8/8 von 8    Tagen gewertet (1m/5m/15m)      131 Signale  19 ms lesen  347 ms rechnen
2026-09-08T08:26:53.218Z  SXC/2016        roh          81646 reg. Kerzen      0/51/51 von 252  Tagen gewertet (1m/5m/15m)     1401 Signale  112 ms lesen  3578 ms rechnen
2026-09-08T08:27:01.592Z  SXC/2017        roh          79417 reg. Kerzen    0/135/135 von 251  Tagen gewertet (1m/5m/15m)     3648 Signale  128 ms lesen  8013 ms rechnen
2026-09-08T08:27:05.053Z  SXC/2018        roh          72664 reg. Kerzen      0/51/51 von 251  Tagen gewertet (1m/5m/15m)     1370 Signale  130 ms lesen  3125 ms rechnen
2026-09-08T08:27:11.276Z  SXC/2019        roh          81888 reg. Kerzen      0/93/93 von 252  Tagen gewertet (1m/5m/15m)     2576 Signale  127 ms lesen  5866 ms rechnen
2026-09-08T08:27:12.108Z  SXC/2020        roh          76321 reg. Kerzen        0/0/0 von 253  Tagen gewertet (1m/5m/15m)        0 Signale  212 ms lesen  409 ms rechnen
2026-09-08T08:27:17.924Z  SXC/2021        roh          79664 reg. Kerzen      0/92/92 von 252  Tagen gewertet (1m/5m/15m)     2518 Signale  120 ms lesen  5491 ms rechnen
2026-09-08T08:27:23.606Z  SXC/2022        roh          81261 reg. Kerzen      0/84/84 von 251  Tagen gewertet (1m/5m/15m)     2223 Signale  143 ms lesen  5354 ms rechnen
2026-09-08T08:27:27.021Z  SXC/2023        roh          72662 reg. Kerzen      0/48/48 von 250  Tagen gewertet (1m/5m/15m)     1283 Signale  125 ms lesen  3032 ms rechnen
2026-09-08T08:27:33.596Z  SXC/2024        roh          75477 reg. Kerzen    0/112/112 von 252  Tagen gewertet (1m/5m/15m)     2962 Signale  103 ms lesen  6275 ms rechnen
2026-09-08T08:27:45.128Z  SXC/2025        roh          76380 reg. Kerzen    0/198/198 von 250  Tagen gewertet (1m/5m/15m)     5232 Signale  105 ms lesen  11188 ms rechnen
2026-09-08T08:27:55.049Z  SXC/2026        roh          54458 reg. Kerzen    0/166/166 von 166  Tagen gewertet (1m/5m/15m)     4562 Signale  73 ms lesen  9654 ms rechnen
2026-09-08T08:28:07.175Z  SYF/2016        roh          97957 reg. Kerzen    0/232/232 von 252  Tagen gewertet (1m/5m/15m)     5777 Signale  172 ms lesen  11782 ms rechnen
2026-09-08T08:28:22.290Z  SYF/2017        roh          97413 reg. Kerzen    0/251/251 von 251  Tagen gewertet (1m/5m/15m)     6255 Signale  2570 ms lesen  12236 ms rechnen
2026-09-08T08:28:43.690Z  SYF/2018        roh          97252 reg. Kerzen    0/251/251 von 251  Tagen gewertet (1m/5m/15m)     6356 Signale  8359 ms lesen  12823 ms rechnen
2026-09-08T08:28:56.333Z  SYF/2019        roh          97605 reg. Kerzen    0/252/252 von 252  Tagen gewertet (1m/5m/15m)     6031 Signale  188 ms lesen  12198 ms rechnen
2026-09-08T08:29:11.192Z  SYF/2020        roh          98201 reg. Kerzen    0/253/253 von 253  Tagen gewertet (1m/5m/15m)     6730 Signale  147 ms lesen  14478 ms rechnen
2026-09-08T08:29:24.586Z  SYF/2021        roh          97274 reg. Kerzen    0/250/250 von 252  Tagen gewertet (1m/5m/15m)     6525 Signale  124 ms lesen  13007 ms rechnen
2026-09-08T08:29:38.710Z  SYF/2022        roh          96917 reg. Kerzen    0/249/249 von 251  Tagen gewertet (1m/5m/15m)     6638 Signale  146 ms lesen  13701 ms rechnen
2026-09-08T08:29:52.393Z  SYF/2023        roh          96969 reg. Kerzen    0/250/250 von 250  Tagen gewertet (1m/5m/15m)     6489 Signale  137 ms lesen  13292 ms rechnen
2026-09-08T08:30:05.703Z  SYF/2024        roh          97393 reg. Kerzen    0/252/252 von 252  Tagen gewertet (1m/5m/15m)     6442 Signale  165 ms lesen  12847 ms rechnen
2026-09-08T08:30:19.334Z  SYF/2025        roh          96265 reg. Kerzen    0/250/250 von 250  Tagen gewertet (1m/5m/15m)     6420 Signale  149 ms lesen  13244 ms rechnen
2026-09-08T08:30:28.292Z  SYF/2026        roh          64411 reg. Kerzen    0/166/166 von 166  Tagen gewertet (1m/5m/15m)     4187 Signale  147 ms lesen  8541 ms rechnen
2026-09-08T08:30:28.744Z  SYNC/2016       roh          29087 reg. Kerzen        0/0/0 von 252  Tagen gewertet (1m/5m/15m)        0 Signale  76 ms lesen  190 ms rechnen
2026-09-08T08:30:29.095Z  SYNC/2017       roh          27147 reg. Kerzen        0/0/0 von 251  Tagen gewertet (1m/5m/15m)        0 Signale  50 ms lesen  216 ms rechnen
2026-09-08T08:30:29.342Z  SYNC/2018       roh          13646 reg. Kerzen        0/0/0 von 250  Tagen gewertet (1m/5m/15m)        0 Signale  58 ms lesen  112 ms rechnen
2026-09-08T08:30:29.520Z  SYNC/2019       roh          10258 reg. Kerzen        0/0/0 von 252  Tagen gewertet (1m/5m/15m)        0 Signale  54 ms lesen  75 ms rechnen
2026-09-08T08:30:29.715Z  SYNC/2020       roh          16045 reg. Kerzen        0/0/0 von 253  Tagen gewertet (1m/5m/15m)        0 Signale  54 ms lesen  115 ms rechnen
2026-09-08T08:30:29.845Z  SYNC/2021       roh           6386 reg. Kerzen        0/0/0 von 61   Tagen gewertet (1m/5m/15m)        0 Signale  24 ms lesen  51 ms rechnen
2026-09-08T08:30:38.901Z  SYT/2016        roh          72502 reg. Kerzen    0/232/232 von 252  Tagen gewertet (1m/5m/15m)     4935 Signale  117 ms lesen  8914 ms rechnen
2026-09-08T08:30:43.041Z  SYT/2017        roh          34822 reg. Kerzen    0/107/117 von 249  Tagen gewertet (1m/5m/15m)     2138 Signale  66 ms lesen  3891 ms rechnen
2026-09-08T08:30:43.175Z  SYT/2018        roh             73 reg. Kerzen        0/0/0 von 4    Tagen gewertet (1m/5m/15m)        0 Signale  13 ms lesen  3 ms rechnen
2026-09-08T08:30:43.175Z  AUSGELASSEN SYT/2019: Datei fehlt
2026-09-08T08:30:43.177Z  AUSGELASSEN SYT/2020: Datei fehlt
2026-09-08T08:30:43.178Z  AUSGELASSEN SYT/2021: Datei fehlt
2026-09-08T08:30:43.178Z  AUSGELASSEN SYT/2022: Datei fehlt
2026-09-08T08:30:43.220Z  SYT/2023        roh           1519 reg. Kerzen        0/0/0 von 152  Tagen gewertet (1m/5m/15m)        0 Signale  25 ms lesen  16 ms rechnen
2026-09-08T08:30:43.305Z  SYT/2024        roh           7329 reg. Kerzen        0/0/0 von 250  Tagen gewertet (1m/5m/15m)        0 Signale  39 ms lesen  41 ms rechnen
2026-09-08T08:30:43.348Z  SYT/2025        roh           1418 reg. Kerzen        0/0/0 von 100  Tagen gewertet (1m/5m/15m)        0 Signale  9 ms lesen  16 ms rechnen
2026-09-08T08:30:43.610Z  TAC/2016        roh          29145 reg. Kerzen        0/0/0 von 252  Tagen gewertet (1m/5m/15m)        0 Signale  54 ms lesen  184 ms rechnen
2026-09-08T08:30:43.850Z  TAC/2017        roh          11622 reg. Kerzen        0/0/0 von 251  Tagen gewertet (1m/5m/15m)        0 Signale  54 ms lesen  103 ms rechnen
2026-09-08T08:30:43.997Z  TAC/2018        roh          11359 reg. Kerzen        0/0/0 von 251  Tagen gewertet (1m/5m/15m)        0 Signale  33 ms lesen  78 ms rechnen
2026-09-08T08:30:44.440Z  TAC/2019        roh          43688 reg. Kerzen        0/0/0 von 252  Tagen gewertet (1m/5m/15m)        0 Signale  85 ms lesen  325 ms rechnen
2026-09-08T08:30:45.619Z  TAC/2020        roh          59432 reg. Kerzen        0/8/8 von 253  Tagen gewertet (1m/5m/15m)      214 Signale  105 ms lesen  947 ms rechnen
2026-09-08T08:30:46.273Z  TAC/2021        roh          57158 reg. Kerzen        0/0/0 von 252  Tagen gewertet (1m/5m/15m)        0 Signale  102 ms lesen  374 ms rechnen
2026-09-08T08:30:46.864Z  TAC/2022        roh          63183 reg. Kerzen        0/0/0 von 251  Tagen gewertet (1m/5m/15m)        0 Signale  98 ms lesen  342 ms rechnen
2026-09-08T08:30:47.551Z  TAC/2023        roh          60636 reg. Kerzen        0/0/0 von 250  Tagen gewertet (1m/5m/15m)        0 Signale  137 ms lesen  390 ms rechnen
2026-09-08T08:30:53.150Z  TAC/2024        roh          71844 reg. Kerzen      0/96/96 von 252  Tagen gewertet (1m/5m/15m)     2497 Signale  106 ms lesen  5342 ms rechnen
2026-09-08T08:31:07.257Z  TAC/2025        roh          82332 reg. Kerzen    0/250/250 von 250  Tagen gewertet (1m/5m/15m)     6599 Signale  124 ms lesen  13781 ms rechnen
2026-09-08T08:31:17.137Z  TAC/2026        roh          56776 reg. Kerzen    0/166/166 von 166  Tagen gewertet (1m/5m/15m)     4551 Signale  93 ms lesen  9571 ms rechnen
2026-09-08T08:31:17.520Z  TALS/2021       bereinigt    16547 reg. Kerzen        0/0/0 von 166  Tagen gewertet (1m/5m/15m)        0 Signale  51 ms lesen  102 ms rechnen
2026-09-08T08:31:17.745Z  TALS/2022       bereinigt    19777 reg. Kerzen        0/0/0 von 251  Tagen gewertet (1m/5m/15m)        0 Signale  36 ms lesen  148 ms rechnen
2026-09-08T08:31:18.025Z  TALS/2023       bereinigt    26386 reg. Kerzen        0/0/0 von 201  Tagen gewertet (1m/5m/15m)        0 Signale  48 ms lesen  166 ms rechnen
2026-09-08T08:31:19.199Z  TAST/2016       roh          59507 reg. Kerzen      0/10/10 von 252  Tagen gewertet (1m/5m/15m)      277 Signale  113 ms lesen  976 ms rechnen
2026-09-08T08:31:20.185Z  TAST/2017       roh          52441 reg. Kerzen        0/9/9 von 251  Tagen gewertet (1m/5m/15m)      215 Signale  101 ms lesen  723 ms rechnen
2026-09-08T08:31:20.853Z  TAST/2018       roh          50123 reg. Kerzen        0/0/0 von 251  Tagen gewertet (1m/5m/15m)        0 Signale  191 ms lesen  311 ms rechnen
2026-09-08T08:31:21.490Z  TAST/2019       roh          60541 reg. Kerzen        0/0/0 von 252  Tagen gewertet (1m/5m/15m)        0 Signale  106 ms lesen  401 ms rechnen
2026-09-08T08:31:22.176Z  TAST/2020       roh          69434 reg. Kerzen        0/0/0 von 253  Tagen gewertet (1m/5m/15m)        0 Signale  100 ms lesen  404 ms rechnen
2026-09-08T08:31:22.796Z  TAST/2021       roh          52289 reg. Kerzen        0/0/0 von 252  Tagen gewertet (1m/5m/15m)        0 Signale  86 ms lesen  320 ms rechnen
2026-09-08T08:31:23.361Z  TAST/2022       roh          40539 reg. Kerzen        0/0/0 von 251  Tagen gewertet (1m/5m/15m)        0 Signale  83 ms lesen  287 ms rechnen
2026-09-08T08:31:24.224Z  TAST/2023       roh          56051 reg. Kerzen        0/6/6 von 250  Tagen gewertet (1m/5m/15m)      167 Signale  89 ms lesen  669 ms rechnen
2026-09-08T08:31:25.825Z  TAST/2024       roh          25518 reg. Kerzen      0/34/34 von 94   Tagen gewertet (1m/5m/15m)      581 Signale  54 ms lesen  1350 ms rechnen
2026-09-08T08:31:26.078Z  TBIO/2021       bereinigt    16493 reg. Kerzen        0/0/0 von 137  Tagen gewertet (1m/5m/15m)        0 Signale  69 ms lesen  100 ms rechnen
2026-09-08T08:31:26.457Z  TBIO/2022       bereinigt    36810 reg. Kerzen        0/0/0 von 251  Tagen gewertet (1m/5m/15m)        0 Signale  82 ms lesen  251 ms rechnen
2026-09-08T08:31:26.681Z  TBIO/2023       bereinigt    13368 reg. Kerzen        0/0/0 von 250  Tagen gewertet (1m/5m/15m)        0 Signale  28 ms lesen  113 ms rechnen
2026-09-08T08:31:26.810Z  TBIO/2024       bereinigt    11595 reg. Kerzen        0/0/0 von 187  Tagen gewertet (1m/5m/15m)        0 Signale  26 ms lesen  74 ms rechnen
2026-09-08T08:31:26.862Z  AUSGELASSEN TBIO/2025: Datei fehlt
2026-09-08T08:31:38.955Z  TCB/2016        roh          91778 reg. Kerzen    0/232/232 von 252  Tagen gewertet (1m/5m/15m)     6037 Signale  114 ms lesen  11954 ms rechnen
2026-09-08T08:31:43.600Z  TCB/2017        roh          32645 reg. Kerzen      0/86/86 von 86   Tagen gewertet (1m/5m/15m)     2310 Signale  60 ms lesen  4347 ms rechnen
2026-09-08T08:31:43.801Z  TCGL/2025       roh           6274 reg. Kerzen        0/0/0 von 54   Tagen gewertet (1m/5m/15m)        0 Signale  24 ms lesen  46 ms rechnen
2026-09-08T08:31:45.492Z  CHECKPOINT 4800 Dateien, 837 min, Detektorfehler {}
2026-09-08T08:31:46.023Z  TCGL/2026       roh           3984 reg. Kerzen        0/7/8 von 20   Tagen gewertet (1m/5m/15m)      185 Signale  23 ms lesen  507 ms rechnen
2026-09-08T08:31:46.424Z  TCPC/2016       roh          43887 reg. Kerzen        0/0/0 von 252  Tagen gewertet (1m/5m/15m)        0 Signale  74 ms lesen  286 ms rechnen
2026-09-08T08:31:47.122Z  TCPC/2017       roh          45559 reg. Kerzen        0/0/0 von 251  Tagen gewertet (1m/5m/15m)        0 Signale  227 ms lesen  323 ms rechnen
2026-09-08T08:31:48.725Z  TCPC/2018       roh          55460 reg. Kerzen      0/25/25 von 251  Tagen gewertet (1m/5m/15m)      604 Signale  105 ms lesen  1337 ms rechnen
2026-09-08T08:31:49.741Z  TCPC/2019       roh          50344 reg. Kerzen        0/8/8 von 252  Tagen gewertet (1m/5m/15m)      192 Signale  135 ms lesen  713 ms rechnen
2026-09-08T08:31:52.177Z  TCPC/2020       roh          58444 reg. Kerzen      0/31/31 von 253  Tagen gewertet (1m/5m/15m)      874 Signale  89 ms lesen  2228 ms rechnen
2026-09-08T08:31:53.350Z  TCPC/2021       roh          47794 reg. Kerzen      0/11/11 von 252  Tagen gewertet (1m/5m/15m)      274 Signale  98 ms lesen  929 ms rechnen
2026-09-08T08:31:53.899Z  TCPC/2022       roh          47592 reg. Kerzen        0/0/0 von 251  Tagen gewertet (1m/5m/15m)        0 Signale  91 ms lesen  322 ms rechnen
2026-09-08T08:31:54.467Z  TCPC/2023       roh          52138 reg. Kerzen        0/0/0 von 250  Tagen gewertet (1m/5m/15m)        0 Signale  80 ms lesen  341 ms rechnen
2026-09-08T08:31:57.392Z  TCPC/2024       roh          62112 reg. Kerzen      0/50/50 von 252  Tagen gewertet (1m/5m/15m)     1227 Signale  87 ms lesen  2698 ms rechnen
2026-09-08T08:31:59.598Z  TCPC/2025       roh          67233 reg. Kerzen      0/31/31 von 250  Tagen gewertet (1m/5m/15m)      806 Signale  100 ms lesen  1949 ms rechnen
2026-09-08T08:32:01.185Z  TCPC/2026       roh          49751 reg. Kerzen      0/15/15 von 166  Tagen gewertet (1m/5m/15m)      408 Signale  149 ms lesen  1255 ms rechnen
2026-09-08T08:32:13.538Z  TDC/2016        roh          95934 reg. Kerzen    0/232/232 von 252  Tagen gewertet (1m/5m/15m)     6040 Signale  179 ms lesen  12027 ms rechnen
2026-09-08T08:32:26.237Z  TDC/2017        roh          92230 reg. Kerzen    0/251/251 von 251  Tagen gewertet (1m/5m/15m)     6079 Signale  264 ms lesen  12158 ms rechnen
2026-09-08T08:32:39.264Z  TDC/2018        roh          90161 reg. Kerzen    0/251/251 von 251  Tagen gewertet (1m/5m/15m)     6398 Signale  153 ms lesen  12638 ms rechnen
2026-09-08T08:32:52.292Z  TDC/2019        roh          91564 reg. Kerzen    0/251/251 von 252  Tagen gewertet (1m/5m/15m)     6260 Signale  127 ms lesen  12591 ms rechnen
2026-09-08T08:33:06.746Z  TDC/2020        roh          90875 reg. Kerzen    0/253/253 von 253  Tagen gewertet (1m/5m/15m)     6720 Signale  131 ms lesen  14044 ms rechnen
2026-09-08T08:33:22.809Z  TDC/2021        roh          88646 reg. Kerzen    0/250/250 von 252  Tagen gewertet (1m/5m/15m)     6611 Signale  2397 ms lesen  13421 ms rechnen
2026-09-08T08:33:41.046Z  TDC/2022        roh          87711 reg. Kerzen    0/249/249 von 251  Tagen gewertet (1m/5m/15m)     6690 Signale  3966 ms lesen  14026 ms rechnen
2026-09-08T08:33:53.931Z  TDC/2023        roh          86584 reg. Kerzen    0/250/250 von 250  Tagen gewertet (1m/5m/15m)     6302 Signale  148 ms lesen  12496 ms rechnen
2026-09-08T08:34:06.996Z  TDC/2024        roh          81841 reg. Kerzen    0/252/252 von 252  Tagen gewertet (1m/5m/15m)     6322 Signale  106 ms lesen  12728 ms rechnen
2026-09-08T08:34:20.126Z  TDC/2025        roh          85244 reg. Kerzen    0/250/250 von 250  Tagen gewertet (1m/5m/15m)     6503 Signale  129 ms lesen  12775 ms rechnen
2026-09-08T08:34:30.017Z  TDC/2026        roh          62018 reg. Kerzen    0/166/166 von 166  Tagen gewertet (1m/5m/15m)     4388 Signale  94 ms lesen  9518 ms rechnen
2026-09-08T08:34:30.331Z  TEAR/2017       roh          15682 reg. Kerzen        0/0/0 von 179  Tagen gewertet (1m/5m/15m)        0 Signale  39 ms lesen  108 ms rechnen
2026-09-08T08:34:41.295Z  TEL/2016        roh          95926 reg. Kerzen    0/232/232 von 252  Tagen gewertet (1m/5m/15m)     5578 Signale  131 ms lesen  10767 ms rechnen
2026-09-08T08:34:52.749Z  TEL/2017        roh          92880 reg. Kerzen    0/251/251 von 251  Tagen gewertet (1m/5m/15m)     5643 Signale  143 ms lesen  11017 ms rechnen
2026-09-08T08:35:05.048Z  TEL/2018        roh          95315 reg. Kerzen    0/251/251 von 251  Tagen gewertet (1m/5m/15m)     6165 Signale  244 ms lesen  11811 ms rechnen
2026-09-08T08:35:16.559Z  TEL/2019        roh          94269 reg. Kerzen    0/252/252 von 252  Tagen gewertet (1m/5m/15m)     6000 Signale  149 ms lesen  11081 ms rechnen
2026-09-08T08:35:30.121Z  TEL/2020        roh          96070 reg. Kerzen    0/253/253 von 253  Tagen gewertet (1m/5m/15m)     6512 Signale  144 ms lesen  13141 ms rechnen
2026-09-08T08:35:42.638Z  TEL/2021        roh          93156 reg. Kerzen    0/250/250 von 252  Tagen gewertet (1m/5m/15m)     6251 Signale  148 ms lesen  12101 ms rechnen
2026-09-08T08:35:55.955Z  TEL/2022        roh          93967 reg. Kerzen    0/249/249 von 250  Tagen gewertet (1m/5m/15m)     6576 Signale  130 ms lesen  12930 ms rechnen
2026-09-08T08:36:07.923Z  TEL/2023        roh          92845 reg. Kerzen    0/250/250 von 250  Tagen gewertet (1m/5m/15m)     6038 Signale  136 ms lesen  11610 ms rechnen
2026-09-08T08:36:20.075Z  TEL/2024        roh          92952 reg. Kerzen    0/252/252 von 252  Tagen gewertet (1m/5m/15m)     5974 Signale  134 ms lesen  11736 ms rechnen
2026-09-08T08:36:32.957Z  TEL/2025        roh          91658 reg. Kerzen    0/250/250 von 250  Tagen gewertet (1m/5m/15m)     6144 Signale  145 ms lesen  12490 ms rechnen
2026-09-08T08:36:41.990Z  TEL/2026        roh          61679 reg. Kerzen    0/166/166 von 166  Tagen gewertet (1m/5m/15m)     4348 Signale  95 ms lesen  8707 ms rechnen
2026-09-08T08:36:42.362Z  TERN/2021       roh          22697 reg. Kerzen        0/0/0 von 229  Tagen gewertet (1m/5m/15m)        0 Signale  65 ms lesen  148 ms rechnen
2026-09-08T08:36:42.637Z  TERN/2022       roh          23459 reg. Kerzen        0/0/0 von 251  Tagen gewertet (1m/5m/15m)        0 Signale  63 ms lesen  158 ms rechnen
2026-09-08T08:36:45.535Z  TERN/2023       roh          60116 reg. Kerzen      0/36/36 von 250  Tagen gewertet (1m/5m/15m)      974 Signale  83 ms lesen  2745 ms rechnen
2026-09-08T08:36:56.334Z  TERN/2024       roh          79324 reg. Kerzen    0/153/153 von 252  Tagen gewertet (1m/5m/15m)     4113 Signale  117 ms lesen  10516 ms rechnen
2026-09-08T08:37:04.702Z  TERN/2025       roh          81758 reg. Kerzen    0/122/122 von 250  Tagen gewertet (1m/5m/15m)     3334 Signale  115 ms lesen  8033 ms rechnen
2026-09-08T08:37:09.514Z  TERN/2026       roh          31466 reg. Kerzen      0/84/84 von 84   Tagen gewertet (1m/5m/15m)     2000 Signale  57 ms lesen  4547 ms rechnen
2026-09-08T08:37:22.796Z  TEX/2016        roh          91258 reg. Kerzen    0/232/232 von 252  Tagen gewertet (1m/5m/15m)     6194 Signale  135 ms lesen  13038 ms rechnen
2026-09-08T08:37:36.043Z  TEX/2017        roh          91599 reg. Kerzen    0/250/250 von 251  Tagen gewertet (1m/5m/15m)     6530 Signale  143 ms lesen  12853 ms rechnen
2026-09-08T08:37:51.124Z  TEX/2018        roh          93402 reg. Kerzen    0/251/251 von 251  Tagen gewertet (1m/5m/15m)     6684 Signale  124 ms lesen  14682 ms rechnen
2026-09-08T08:38:04.783Z  TEX/2019        roh          88271 reg. Kerzen    0/252/252 von 252  Tagen gewertet (1m/5m/15m)     6599 Signale  121 ms lesen  13278 ms rechnen
2026-09-08T08:38:22.138Z  TEX/2020        roh          86865 reg. Kerzen    0/253/253 von 253  Tagen gewertet (1m/5m/15m)     6806 Signale  2658 ms lesen  14439 ms rechnen
2026-09-08T08:38:39.228Z  TEX/2021        roh          80201 reg. Kerzen    0/250/250 von 252  Tagen gewertet (1m/5m/15m)     6780 Signale  2942 ms lesen  13904 ms rechnen
2026-09-08T08:38:53.861Z  TEX/2022        roh          83431 reg. Kerzen    0/249/249 von 251  Tagen gewertet (1m/5m/15m)     6741 Signale  136 ms lesen  14253 ms rechnen
2026-09-08T08:39:07.888Z  TEX/2023        roh          85143 reg. Kerzen    0/250/250 von 250  Tagen gewertet (1m/5m/15m)     6635 Signale  127 ms lesen  13674 ms rechnen
2026-09-08T08:39:21.954Z  TEX/2024        roh          81111 reg. Kerzen    0/252/252 von 252  Tagen gewertet (1m/5m/15m)     6673 Signale  108 ms lesen  13697 ms rechnen
2026-09-08T08:39:36.617Z  TEX/2025        roh          80847 reg. Kerzen    0/250/250 von 250  Tagen gewertet (1m/5m/15m)     6658 Signale  118 ms lesen  14317 ms rechnen
2026-09-08T08:39:46.524Z  TEX/2026        roh          57582 reg. Kerzen    0/166/166 von 166  Tagen gewertet (1m/5m/15m)     4467 Signale  95 ms lesen  9616 ms rechnen
2026-09-08T08:39:57.567Z  TFX/2016        roh          66295 reg. Kerzen    0/229/232 von 252  Tagen gewertet (1m/5m/15m)     5476 Signale  126 ms lesen  10745 ms rechnen
2026-09-08T08:40:09.970Z  TFX/2017        roh          55188 reg. Kerzen    0/247/251 von 251  Tagen gewertet (1m/5m/15m)     5954 Signale  128 ms lesen  12091 ms rechnen
2026-09-08T08:40:22.308Z  TFX/2018        roh          57688 reg. Kerzen    0/248/251 von 251  Tagen gewertet (1m/5m/15m)     6225 Signale  107 ms lesen  12037 ms rechnen
2026-09-08T08:40:34.569Z  TFX/2019        roh          56219 reg. Kerzen    0/248/252 von 252  Tagen gewertet (1m/5m/15m)     6192 Signale  120 ms lesen  12002 ms rechnen
2026-09-08T08:40:48.144Z  TFX/2020        roh          54133 reg. Kerzen    0/246/253 von 253  Tagen gewertet (1m/5m/15m)     6492 Signale  104 ms lesen  13328 ms rechnen
2026-09-08T08:41:00.602Z  TFX/2021        roh          52587 reg. Kerzen    0/244/250 von 252  Tagen gewertet (1m/5m/15m)     6335 Signale  105 ms lesen  12199 ms rechnen
2026-09-08T08:41:14.227Z  TFX/2022        roh          61218 reg. Kerzen    0/248/249 von 250  Tagen gewertet (1m/5m/15m)     6537 Signale  105 ms lesen  13345 ms rechnen
2026-09-08T08:41:26.316Z  TFX/2023        roh          52071 reg. Kerzen    0/239/250 von 250  Tagen gewertet (1m/5m/15m)     6103 Signale  89 ms lesen  11825 ms rechnen
2026-09-08T08:41:38.073Z  TFX/2024        roh          51245 reg. Kerzen    0/239/252 von 252  Tagen gewertet (1m/5m/15m)     6143 Signale  95 ms lesen  11531 ms rechnen
2026-09-08T08:41:51.752Z  TFX/2025        roh          68054 reg. Kerzen    0/249/250 von 250  Tagen gewertet (1m/5m/15m)     6395 Signale  102 ms lesen  13452 ms rechnen
2026-09-08T08:42:01.363Z  TFX/2026        roh          46620 reg. Kerzen    0/166/166 von 166  Tagen gewertet (1m/5m/15m)     4398 Signale  78 ms lesen  9311 ms rechnen
2026-09-08T08:42:14.863Z  TGI/2016        roh          83105 reg. Kerzen    0/232/232 von 252  Tagen gewertet (1m/5m/15m)     6385 Signale  140 ms lesen  13212 ms rechnen
2026-09-08T08:42:30.714Z  TGI/2017        roh          74963 reg. Kerzen    0/251/251 von 251  Tagen gewertet (1m/5m/15m)     6892 Signale  132 ms lesen  15512 ms rechnen
2026-09-08T08:42:46.487Z  TGI/2018        roh          74831 reg. Kerzen    0/251/251 von 251  Tagen gewertet (1m/5m/15m)     6764 Signale  248 ms lesen  15313 ms rechnen
2026-09-08T08:43:01.166Z  TGI/2019        roh          75814 reg. Kerzen    0/249/249 von 252  Tagen gewertet (1m/5m/15m)     6633 Signale  130 ms lesen  14329 ms rechnen
2026-09-08T08:43:19.506Z  TGI/2020        roh          89266 reg. Kerzen    0/253/253 von 253  Tagen gewertet (1m/5m/15m)     6926 Signale  2367 ms lesen  15801 ms rechnen
2026-09-08T08:43:36.042Z  TGI/2021        roh          79859 reg. Kerzen    0/250/250 von 252  Tagen gewertet (1m/5m/15m)     6864 Signale  861 ms lesen  15412 ms rechnen
2026-09-08T08:43:49.585Z  TGI/2022        roh          79464 reg. Kerzen    0/217/217 von 251  Tagen gewertet (1m/5m/15m)     5977 Signale  126 ms lesen  13223 ms rechnen
2026-09-08T08:44:03.908Z  TGI/2023        roh          83969 reg. Kerzen    0/243/243 von 250  Tagen gewertet (1m/5m/15m)     6607 Signale  123 ms lesen  13993 ms rechnen
2026-09-08T08:44:17.437Z  TGI/2024        roh          75543 reg. Kerzen    0/236/236 von 252  Tagen gewertet (1m/5m/15m)     6231 Signale  113 ms lesen  13174 ms rechnen
2026-09-08T08:44:22.605Z  TGI/2025        roh          42229 reg. Kerzen    0/133/133 von 139  Tagen gewertet (1m/5m/15m)     2377 Signale  73 ms lesen  4887 ms rechnen
2026-09-08T08:44:22.785Z  THAC/2021       roh             59 reg. Kerzen        0/0/0 von 11   Tagen gewertet (1m/5m/15m)        0 Signale  25 ms lesen  1 ms rechnen
2026-09-08T08:44:22.816Z  THAC/2022       roh            781 reg. Kerzen        0/0/0 von 186  Tagen gewertet (1m/5m/15m)        0 Signale  24 ms lesen  7 ms rechnen
2026-09-08T08:44:22.834Z  THAC/2023       roh             46 reg. Kerzen        0/0/0 von 12   Tagen gewertet (1m/5m/15m)        0 Signale  12 ms lesen  2 ms rechnen
2026-09-08T08:44:23.396Z  THLD/2016       bereinigt    57798 reg. Kerzen        0/0/0 von 252  Tagen gewertet (1m/5m/15m)        0 Signale  231 ms lesen  330 ms rechnen
2026-09-08T08:44:23.771Z  THLD/2017       bereinigt    21998 reg. Kerzen        0/0/0 von 146  Tagen gewertet (1m/5m/15m)        0 Signale  50 ms lesen  132 ms rechnen
2026-09-08T08:44:23.910Z  THRX/2016       roh           1691 reg. Kerzen        0/0/0 von 5    Tagen gewertet (1m/5m/15m)        0 Signale  49 ms lesen  10 ms rechnen
2026-09-08T08:44:23.915Z  AUSGELASSEN THRX/2017: Datei fehlt
2026-09-08T08:44:23.923Z  AUSGELASSEN THRX/2018: Datei fehlt
2026-09-08T08:44:23.923Z  AUSGELASSEN THRX/2019: Datei fehlt
2026-09-08T08:44:23.924Z  AUSGELASSEN THRX/2020: Datei fehlt
2026-09-08T08:44:24.021Z  THRX/2021       roh          12001 reg. Kerzen        0/0/0 von 60   Tagen gewertet (1m/5m/15m)        0 Signale  24 ms lesen  73 ms rechnen
2026-09-08T08:44:24.293Z  THRX/2022       roh          19525 reg. Kerzen        0/0/0 von 251  Tagen gewertet (1m/5m/15m)        0 Signale  50 ms lesen  179 ms rechnen
2026-09-08T08:44:24.631Z  THRX/2023       roh          34968 reg. Kerzen        0/0/0 von 250  Tagen gewertet (1m/5m/15m)        0 Signale  48 ms lesen  220 ms rechnen
2026-09-08T08:44:24.865Z  THRX/2024       roh           4620 reg. Kerzen        0/0/0 von 30   Tagen gewertet (1m/5m/15m)        0 Signale  92 ms lesen  39 ms rechnen
2026-09-08T08:44:36.540Z  TIF/2016        roh          95714 reg. Kerzen    0/232/232 von 252  Tagen gewertet (1m/5m/15m)     5933 Signale  141 ms lesen  11511 ms rechnen
2026-09-08T08:44:48.635Z  TIF/2017        roh          92678 reg. Kerzen    0/251/251 von 251  Tagen gewertet (1m/5m/15m)     6075 Signale  128 ms lesen  11711 ms rechnen
2026-09-08T08:45:02.104Z  TIF/2018        roh          93816 reg. Kerzen    0/251/251 von 251  Tagen gewertet (1m/5m/15m)     6220 Signale  154 ms lesen  13028 ms rechnen
2026-09-08T08:45:14.753Z  TIF/2019        roh          96006 reg. Kerzen    0/252/252 von 252  Tagen gewertet (1m/5m/15m)     6164 Signale  145 ms lesen  12272 ms rechnen
2026-09-08T08:45:25.505Z  TIF/2020        roh          91573 reg. Kerzen    0/253/253 von 253  Tagen gewertet (1m/5m/15m)     4924 Signale  159 ms lesen  10337 ms rechnen
2026-09-08T08:45:25.937Z  TIF/2021        roh           1076 reg. Kerzen        0/3/3 von 3    Tagen gewertet (1m/5m/15m)       41 Signale  35 ms lesen  97 ms rechnen
2026-09-08T08:45:26.020Z  TIOA/2021       roh           1656 reg. Kerzen        0/0/0 von 108  Tagen gewertet (1m/5m/15m)        0 Signale  55 ms lesen  10 ms rechnen
2026-09-08T08:45:26.169Z  TIOA/2022       roh           1371 reg. Kerzen        0/0/0 von 181  Tagen gewertet (1m/5m/15m)        0 Signale  132 ms lesen  13 ms rechnen
2026-09-08T08:45:26.193Z  TIOA/2023       roh           1196 reg. Kerzen        0/0/0 von 64   Tagen gewertet (1m/5m/15m)        0 Signale  9 ms lesen  8 ms rechnen
2026-09-08T08:45:40.807Z  TK/2016         roh          92104 reg. Kerzen    0/232/232 von 252  Tagen gewertet (1m/5m/15m)     6571 Signale  127 ms lesen  14468 ms rechnen
2026-09-08T08:45:54.744Z  TK/2017         roh          82808 reg. Kerzen    0/223/223 von 251  Tagen gewertet (1m/5m/15m)     6053 Signale  116 ms lesen  13552 ms rechnen
2026-09-08T08:46:01.093Z  TK/2018         roh          76395 reg. Kerzen      0/97/97 von 251  Tagen gewertet (1m/5m/15m)     2608 Signale  124 ms lesen  6001 ms rechnen
2026-09-08T08:46:01.896Z  TK/2019         roh          69061 reg. Kerzen        0/0/0 von 252  Tagen gewertet (1m/5m/15m)        0 Signale  122 ms lesen  447 ms rechnen
2026-09-08T08:46:03.416Z  TK/2020         roh          72782 reg. Kerzen        0/6/6 von 253  Tagen gewertet (1m/5m/15m)      166 Signale  130 ms lesen  1174 ms rechnen
2026-09-08T08:46:04.247Z  TK/2021         roh          65215 reg. Kerzen        0/0/0 von 252  Tagen gewertet (1m/5m/15m)        0 Signale  123 ms lesen  463 ms rechnen
2026-09-08T08:46:05.076Z  TK/2022         roh          58079 reg. Kerzen        0/0/0 von 250  Tagen gewertet (1m/5m/15m)        0 Signale  147 ms lesen  459 ms rechnen
2026-09-08T08:46:08.225Z  TK/2023         roh          72775 reg. Kerzen      0/33/33 von 250  Tagen gewertet (1m/5m/15m)      902 Signale  179 ms lesen  2761 ms rechnen
2026-09-08T08:46:12.802Z  TK/2024         roh          72531 reg. Kerzen      0/75/75 von 252  Tagen gewertet (1m/5m/15m)     1958 Signale  116 ms lesen  4260 ms rechnen
2026-09-08T08:46:17.654Z  TK/2025         roh          68745 reg. Kerzen      0/76/76 von 250  Tagen gewertet (1m/5m/15m)     2002 Signale  250 ms lesen  4390 ms rechnen
2026-09-08T08:46:20.930Z  TK/2026         roh          42178 reg. Kerzen      0/49/49 von 166  Tagen gewertet (1m/5m/15m)     1318 Signale  67 ms lesen  3012 ms rechnen
2026-09-08T08:46:21.644Z  TLGT/2016       bereinigt    61125 reg. Kerzen        0/0/0 von 252  Tagen gewertet (1m/5m/15m)        0 Signale  158 ms lesen  423 ms rechnen
2026-09-08T08:46:22.511Z  TLGT/2017       bereinigt    66687 reg. Kerzen        0/0/0 von 251  Tagen gewertet (1m/5m/15m)        0 Signale  326 ms lesen  374 ms rechnen
2026-09-08T08:46:23.173Z  TLGT/2018       bereinigt    59387 reg. Kerzen        0/0/0 von 251  Tagen gewertet (1m/5m/15m)        0 Signale  123 ms lesen  327 ms rechnen
2026-09-08T08:46:23.747Z  TLGT/2019       bereinigt    39988 reg. Kerzen        0/0/0 von 252  Tagen gewertet (1m/5m/15m)        0 Signale  78 ms lesen  303 ms rechnen
2026-09-08T08:46:24.139Z  TLGT/2020       bereinigt    38490 reg. Kerzen        0/0/0 von 253  Tagen gewertet (1m/5m/15m)        0 Signale  67 ms lesen  219 ms rechnen
2026-09-08T08:46:25.622Z  TLGT/2021       roh          63791 reg. Kerzen      0/13/13 von 199  Tagen gewertet (1m/5m/15m)      373 Signale  160 ms lesen  1204 ms rechnen
2026-09-08T08:46:26.068Z  TLOG/2016       roh          23204 reg. Kerzen        0/0/0 von 213  Tagen gewertet (1m/5m/15m)        0 Signale  43 ms lesen  162 ms rechnen
2026-09-08T08:46:26.476Z  TMBR/2019       bereinigt    28169 reg. Kerzen        0/0/0 von 173  Tagen gewertet (1m/5m/15m)        0 Signale  128 ms lesen  191 ms rechnen
2026-09-08T08:46:27.042Z  TMBR/2020       bereinigt    56588 reg. Kerzen        0/0/0 von 253  Tagen gewertet (1m/5m/15m)        0 Signale  107 ms lesen  374 ms rechnen
2026-09-08T08:46:31.540Z  TMBR/2021       bereinigt    70210 reg. Kerzen      0/53/53 von 252  Tagen gewertet (1m/5m/15m)     1457 Signale  128 ms lesen  4193 ms rechnen
2026-09-08T08:46:32.139Z  TMBR/2022       bereinigt    44827 reg. Kerzen        0/0/0 von 246  Tagen gewertet (1m/5m/15m)        0 Signale  101 ms lesen  288 ms rechnen
2026-09-08T08:46:32.416Z  TMBR/2023       roh          14502 reg. Kerzen        0/0/0 von 227  Tagen gewertet (1m/5m/15m)        0 Signale  52 ms lesen  99 ms rechnen
2026-09-08T08:46:43.416Z  TMO/2016        roh          96146 reg. Kerzen    0/232/232 von 252  Tagen gewertet (1m/5m/15m)     5583 Signale  133 ms lesen  10804 ms rechnen
2026-09-08T08:46:54.609Z  TMO/2017        roh          93478 reg. Kerzen    0/251/251 von 251  Tagen gewertet (1m/5m/15m)     5595 Signale  166 ms lesen  10761 ms rechnen
2026-09-08T08:47:07.107Z  TMO/2018        roh          93833 reg. Kerzen    0/251/251 von 251  Tagen gewertet (1m/5m/15m)     6041 Signale  153 ms lesen  12061 ms rechnen
2026-09-08T08:47:19.527Z  TMO/2019        roh          95002 reg. Kerzen    0/252/252 von 252  Tagen gewertet (1m/5m/15m)     6127 Signale  151 ms lesen  12000 ms rechnen
2026-09-08T08:47:33.256Z  TMO/2020        roh          96161 reg. Kerzen    0/253/253 von 253  Tagen gewertet (1m/5m/15m)     6432 Signale  139 ms lesen  13369 ms rechnen
2026-09-08T08:47:46.519Z  TMO/2021        roh          92663 reg. Kerzen    0/250/250 von 252  Tagen gewertet (1m/5m/15m)     6130 Signale  206 ms lesen  12813 ms rechnen
2026-09-08T08:48:00.833Z  TMO/2022        roh          91627 reg. Kerzen    0/249/249 von 251  Tagen gewertet (1m/5m/15m)     6427 Signale  138 ms lesen  13864 ms rechnen
2026-09-08T08:48:17.563Z  TMO/2023        roh          92182 reg. Kerzen    0/250/250 von 250  Tagen gewertet (1m/5m/15m)     6239 Signale  4093 ms lesen  12392 ms rechnen
2026-09-08T08:48:32.154Z  TMO/2024        roh          89907 reg. Kerzen    0/252/252 von 252  Tagen gewertet (1m/5m/15m)     6017 Signale  1967 ms lesen  12356 ms rechnen
2026-09-08T08:48:45.682Z  TMO/2025        roh          94402 reg. Kerzen    0/250/250 von 250  Tagen gewertet (1m/5m/15m)     6311 Signale  151 ms lesen  13103 ms rechnen
2026-09-08T08:48:55.414Z  TMO/2026        roh          64524 reg. Kerzen    0/166/166 von 166  Tagen gewertet (1m/5m/15m)     4252 Signale  111 ms lesen  9290 ms rechnen
2026-09-08T08:48:55.918Z  TNAV/2016       roh          27839 reg. Kerzen        0/0/0 von 252  Tagen gewertet (1m/5m/15m)        0 Signale  85 ms lesen  223 ms rechnen
2026-09-08T08:48:56.295Z  TNAV/2017       roh          28464 reg. Kerzen        0/0/0 von 251  Tagen gewertet (1m/5m/15m)        0 Signale  83 ms lesen  203 ms rechnen
2026-09-08T08:48:56.589Z  TNAV/2018       roh          17208 reg. Kerzen        0/0/0 von 251  Tagen gewertet (1m/5m/15m)        0 Signale  64 ms lesen  145 ms rechnen
2026-09-08T08:48:59.093Z  TNAV/2019       roh          54420 reg. Kerzen      0/31/31 von 252  Tagen gewertet (1m/5m/15m)      825 Signale  101 ms lesen  2344 ms rechnen
2026-09-08T08:48:59.670Z  TNAV/2020       roh          50923 reg. Kerzen        0/0/0 von 253  Tagen gewertet (1m/5m/15m)        0 Signale  85 ms lesen  339 ms rechnen
2026-09-08T08:48:59.906Z  TNAV/2021       roh           6196 reg. Kerzen        0/0/0 von 30   Tagen gewertet (1m/5m/15m)        0 Signale  29 ms lesen  72 ms rechnen
2026-09-08T08:49:08.174Z  TNK/2016        bereinigt    89501 reg. Kerzen    0/115/115 von 252  Tagen gewertet (1m/5m/15m)     3267 Signale  159 ms lesen  8076 ms rechnen
2026-09-08T08:49:09.074Z  TNK/2017        bereinigt    81912 reg. Kerzen        0/0/0 von 251  Tagen gewertet (1m/5m/15m)        0 Signale  101 ms lesen  547 ms rechnen
2026-09-08T08:49:09.870Z  TNK/2018        bereinigt    75697 reg. Kerzen        0/0/0 von 251  Tagen gewertet (1m/5m/15m)        0 Signale  110 ms lesen  413 ms rechnen
2026-09-08T08:49:13.761Z  TNK/2019        bereinigt    81074 reg. Kerzen      0/51/51 von 252  Tagen gewertet (1m/5m/15m)     1381 Signale  115 ms lesen  3568 ms rechnen
2026-09-08T08:49:27.136Z  TNK/2020        roh          83301 reg. Kerzen    0/202/202 von 253  Tagen gewertet (1m/5m/15m)     5544 Signale  136 ms lesen  13008 ms rechnen
2026-09-08T08:49:35.344Z  TNK/2021        roh          63454 reg. Kerzen      0/93/93 von 252  Tagen gewertet (1m/5m/15m)     2505 Signale  2069 ms lesen  5880 ms rechnen
2026-09-08T08:49:46.839Z  TNK/2022        roh          65952 reg. Kerzen    0/175/175 von 251  Tagen gewertet (1m/5m/15m)     4904 Signale  111 ms lesen  11163 ms rechnen
2026-09-08T08:50:01.795Z  TNK/2023        roh          70614 reg. Kerzen    0/250/250 von 250  Tagen gewertet (1m/5m/15m)     6805 Signale  100 ms lesen  14664 ms rechnen
2026-09-08T08:50:15.477Z  TNK/2024        roh          60048 reg. Kerzen    0/251/252 von 252  Tagen gewertet (1m/5m/15m)     6580 Signale  92 ms lesen  13387 ms rechnen
2026-09-08T08:50:29.914Z  TNK/2025        roh          62988 reg. Kerzen    0/250/250 von 250  Tagen gewertet (1m/5m/15m)     6647 Signale  134 ms lesen  14129 ms rechnen
2026-09-08T08:50:39.759Z  TNK/2026        roh          40476 reg. Kerzen    0/166/166 von 166  Tagen gewertet (1m/5m/15m)     4475 Signale  62 ms lesen  9600 ms rechnen
2026-09-08T08:50:39.963Z  TOI/2021        roh           4142 reg. Kerzen        0/0/0 von 33   Tagen gewertet (1m/5m/15m)        0 Signale  59 ms lesen  32 ms rechnen
2026-09-08T08:50:40.277Z  TOI/2022        roh          26783 reg. Kerzen        0/0/0 von 251  Tagen gewertet (1m/5m/15m)        0 Signale  77 ms lesen  223 ms rechnen
2026-09-08T08:50:40.629Z  TOI/2023        roh          30094 reg. Kerzen        0/0/0 von 250  Tagen gewertet (1m/5m/15m)        0 Signale  64 ms lesen  205 ms rechnen
2026-09-08T08:50:41.017Z  TOI/2024        roh          22532 reg. Kerzen        0/0/0 von 252  Tagen gewertet (1m/5m/15m)        0 Signale  122 ms lesen  169 ms rechnen
2026-09-08T08:50:47.565Z  TOI/2025        roh          72938 reg. Kerzen      0/93/93 von 250  Tagen gewertet (1m/5m/15m)     2539 Signale  104 ms lesen  6390 ms rechnen
2026-09-08T08:50:53.084Z  TOI/2026        roh          49524 reg. Kerzen      0/82/82 von 146  Tagen gewertet (1m/5m/15m)     2268 Signale  72 ms lesen  5244 ms rechnen
2026-09-08T08:50:55.164Z  TOWN/2016       roh          45260 reg. Kerzen      0/27/27 von 252  Tagen gewertet (1m/5m/15m)      704 Signale  82 ms lesen  1813 ms rechnen
2026-09-08T08:50:56.096Z  TOWN/2017       roh          39346 reg. Kerzen        0/7/7 von 251  Tagen gewertet (1m/5m/15m)      202 Signale  77 ms lesen  707 ms rechnen
2026-09-08T08:50:57.162Z  TOWN/2018       roh          37170 reg. Kerzen      0/10/10 von 251  Tagen gewertet (1m/5m/15m)      267 Signale  138 ms lesen  806 ms rechnen
2026-09-08T08:50:57.663Z  TOWN/2019       roh          38484 reg. Kerzen        0/0/0 von 252  Tagen gewertet (1m/5m/15m)        0 Signale  70 ms lesen  307 ms rechnen
2026-09-08T08:50:58.272Z  TOWN/2020       roh          45820 reg. Kerzen        0/0/0 von 253  Tagen gewertet (1m/5m/15m)        0 Signale  143 ms lesen  346 ms rechnen
2026-09-08T08:50:58.803Z  TOWN/2021       roh          38145 reg. Kerzen        0/0/0 von 252  Tagen gewertet (1m/5m/15m)        0 Signale  81 ms lesen  312 ms rechnen
2026-09-08T08:51:00.589Z  TOWN/2022       roh          42188 reg. Kerzen      0/24/24 von 251  Tagen gewertet (1m/5m/15m)      622 Signale  75 ms lesen  1588 ms rechnen
2026-09-08T08:51:01.721Z  TOWN/2023       roh          44364 reg. Kerzen      0/11/11 von 250  Tagen gewertet (1m/5m/15m)      278 Signale  142 ms lesen  870 ms rechnen
2026-09-08T08:51:05.288Z  TOWN/2024       roh          44927 reg. Kerzen      0/59/62 von 252  Tagen gewertet (1m/5m/15m)     1449 Signale  92 ms lesen  3331 ms rechnen
2026-09-08T08:51:13.033Z  TOWN/2025       roh          44932 reg. Kerzen    0/160/169 von 250  Tagen gewertet (1m/5m/15m)     3914 Signale  68 ms lesen  7544 ms rechnen
2026-09-08T08:51:21.106Z  TOWN/2026       roh          42027 reg. Kerzen    0/166/166 von 166  Tagen gewertet (1m/5m/15m)     4146 Signale  62 ms lesen  7904 ms rechnen
2026-09-08T08:51:21.297Z  TPGS/2021       roh           7620 reg. Kerzen        0/0/0 von 146  Tagen gewertet (1m/5m/15m)        0 Signale  18 ms lesen  54 ms rechnen
2026-09-08T08:51:21.846Z  TPLM/2016       roh          68936 reg. Kerzen        0/0/0 von 252  Tagen gewertet (1m/5m/15m)        0 Signale  150 ms lesen  375 ms rechnen
2026-09-08T08:51:22.192Z  TPLM/2017       roh          11871 reg. Kerzen        0/0/0 von 57   Tagen gewertet (1m/5m/15m)        0 Signale  31 ms lesen  96 ms rechnen
2026-09-08T08:51:22.249Z  TRAQ/2021       roh            188 reg. Kerzen        0/0/0 von 5    Tagen gewertet (1m/5m/15m)        0 Signale  18 ms lesen  2 ms rechnen
2026-09-08T08:51:22.291Z  TRAQ/2022       roh           1463 reg. Kerzen        0/0/0 von 194  Tagen gewertet (1m/5m/15m)        0 Signale  25 ms lesen  16 ms rechnen
2026-09-08T08:51:22.324Z  TRAQ/2023       roh            803 reg. Kerzen        0/0/0 von 66   Tagen gewertet (1m/5m/15m)        0 Signale  19 ms lesen  8 ms rechnen
2026-09-08T08:51:36.198Z  TREE/2016       roh          69990 reg. Kerzen    0/232/232 von 252  Tagen gewertet (1m/5m/15m)     6269 Signale  126 ms lesen  13709 ms rechnen
2026-09-08T08:51:50.042Z  TREE/2017       roh          52574 reg. Kerzen    0/245/251 von 251  Tagen gewertet (1m/5m/15m)     6544 Signale  108 ms lesen  13534 ms rechnen
2026-09-08T08:52:04.447Z  TREE/2018       roh          53543 reg. Kerzen    0/239/249 von 251  Tagen gewertet (1m/5m/15m)     6545 Signale  105 ms lesen  14151 ms rechnen
2026-09-08T08:52:16.397Z  TREE/2019       roh          43707 reg. Kerzen    0/207/252 von 252  Tagen gewertet (1m/5m/15m)     5971 Signale  162 ms lesen  11638 ms rechnen
2026-09-08T08:52:29.257Z  TREE/2020       roh          46943 reg. Kerzen    0/210/253 von 253  Tagen gewertet (1m/5m/15m)     6027 Signale  93 ms lesen  12648 ms rechnen
2026-09-08T08:52:44.287Z  TREE/2021       roh          57784 reg. Kerzen    0/246/252 von 252  Tagen gewertet (1m/5m/15m)     6700 Signale  101 ms lesen  14778 ms rechnen
2026-09-08T08:52:59.095Z  TREE/2022       roh          54647 reg. Kerzen    0/234/243 von 251  Tagen gewertet (1m/5m/15m)     6518 Signale  122 ms lesen  14524 ms rechnen
2026-09-08T08:53:07.907Z  TREE/2023       roh          54080 reg. Kerzen      0/89/90 von 250  Tagen gewertet (1m/5m/15m)     2449 Signale  3123 ms lesen  5526 ms rechnen
2026-09-08T08:53:19.923Z  TREE/2024       roh          46551 reg. Kerzen    0/183/218 von 252  Tagen gewertet (1m/5m/15m)     5292 Signale  125 ms lesen  11715 ms rechnen
2026-09-08T08:53:33.668Z  TREE/2025       roh          48008 reg. Kerzen    0/215/238 von 250  Tagen gewertet (1m/5m/15m)     5950 Signale  88 ms lesen  13513 ms rechnen
2026-09-08T08:53:42.875Z  TREE/2026       roh          32215 reg. Kerzen    0/144/158 von 166  Tagen gewertet (1m/5m/15m)     3975 Signale  55 ms lesen  8997 ms rechnen
2026-09-08T08:53:43.043Z  TRINZ/2024      roh           5807 reg. Kerzen        0/0/0 von 191  Tagen gewertet (1m/5m/15m)        0 Signale  17 ms lesen  41 ms rechnen
2026-09-08T08:53:43.131Z  TRINZ/2025      roh           4650 reg. Kerzen        0/0/0 von 250  Tagen gewertet (1m/5m/15m)        0 Signale  24 ms lesen  44 ms rechnen
2026-09-08T08:53:43.172Z  TRINZ/2026      roh           1748 reg. Kerzen        0/0/0 von 140  Tagen gewertet (1m/5m/15m)        0 Signale  11 ms lesen  14 ms rechnen
2026-09-08T08:53:43.218Z  TRMD/2018       roh            293 reg. Kerzen        0/0/0 von 110  Tagen gewertet (1m/5m/15m)        0 Signale  15 ms lesen  6 ms rechnen
2026-09-08T08:53:43.236Z  TRMD/2019       roh            572 reg. Kerzen        0/0/0 von 118  Tagen gewertet (1m/5m/15m)        0 Signale  9 ms lesen  7 ms rechnen
2026-09-08T08:53:43.345Z  TRMD/2020       roh           9130 reg. Kerzen        0/0/0 von 217  Tagen gewertet (1m/5m/15m)        0 Signale  38 ms lesen  68 ms rechnen
2026-09-08T08:53:43.497Z  TRMD/2021       roh          14036 reg. Kerzen        0/0/0 von 252  Tagen gewertet (1m/5m/15m)        0 Signale  38 ms lesen  86 ms rechnen
2026-09-08T08:53:49.606Z  TRMD/2022       roh          50778 reg. Kerzen      0/94/94 von 251  Tagen gewertet (1m/5m/15m)     2649 Signale  91 ms lesen  5979 ms rechnen
2026-09-08T08:54:03.827Z  TRMD/2023       roh          65459 reg. Kerzen    0/235/236 von 250  Tagen gewertet (1m/5m/15m)     6420 Signale  117 ms lesen  13944 ms rechnen
2026-09-08T08:54:17.336Z  TRMD/2024       roh          83041 reg. Kerzen    0/252/252 von 252  Tagen gewertet (1m/5m/15m)     6769 Signale  112 ms lesen  13209 ms rechnen
2026-09-08T08:54:31.077Z  TRMD/2025       roh          76852 reg. Kerzen    0/250/250 von 250  Tagen gewertet (1m/5m/15m)     6677 Signale  122 ms lesen  13387 ms rechnen
2026-09-08T08:54:40.743Z  TRMD/2026       roh          50823 reg. Kerzen    0/166/166 von 166  Tagen gewertet (1m/5m/15m)     4503 Signale  92 ms lesen  9373 ms rechnen
2026-09-08T08:54:43.135Z  TRNO/2016       roh          51473 reg. Kerzen      0/38/38 von 252  Tagen gewertet (1m/5m/15m)      967 Signale  85 ms lesen  2138 ms rechnen
2026-09-08T08:54:53.838Z  TRNO/2017       roh          63423 reg. Kerzen    0/210/210 von 251  Tagen gewertet (1m/5m/15m)     4945 Signale  120 ms lesen  10418 ms rechnen
2026-09-08T08:55:06.511Z  TRNO/2018       roh          68647 reg. Kerzen    0/251/251 von 251  Tagen gewertet (1m/5m/15m)     6027 Signale  111 ms lesen  12364 ms rechnen
2026-09-08T08:55:18.656Z  TRNO/2019       roh          62814 reg. Kerzen    0/252/252 von 252  Tagen gewertet (1m/5m/15m)     5782 Signale  120 ms lesen  11828 ms rechnen
2026-09-08T08:55:32.788Z  TRNO/2020       roh          68092 reg. Kerzen    0/253/253 von 253  Tagen gewertet (1m/5m/15m)     6487 Signale  96 ms lesen  13894 ms rechnen
2026-09-08T08:55:45.232Z  TRNO/2021       roh          59231 reg. Kerzen    0/250/250 von 252  Tagen gewertet (1m/5m/15m)     5909 Signale  90 ms lesen  12174 ms rechnen
2026-09-08T08:55:59.272Z  TRNO/2022       roh          67566 reg. Kerzen    0/249/249 von 251  Tagen gewertet (1m/5m/15m)     6490 Signale  111 ms lesen  13776 ms rechnen
2026-09-08T08:56:12.490Z  TRNO/2023       roh          73578 reg. Kerzen    0/250/250 von 250  Tagen gewertet (1m/5m/15m)     6313 Signale  106 ms lesen  12948 ms rechnen
2026-09-08T08:56:25.896Z  TRNO/2024       roh          76907 reg. Kerzen    0/252/252 von 252  Tagen gewertet (1m/5m/15m)     6207 Signale  283 ms lesen  12944 ms rechnen
2026-09-08T08:56:39.505Z  TRNO/2025       roh          76868 reg. Kerzen    0/250/250 von 250  Tagen gewertet (1m/5m/15m)     6221 Signale  103 ms lesen  13314 ms rechnen
2026-09-08T08:56:48.412Z  TRNO/2026       roh          45382 reg. Kerzen    0/166/166 von 166  Tagen gewertet (1m/5m/15m)     4096 Signale  78 ms lesen  8594 ms rechnen
2026-09-08T08:56:50.209Z  CHECKPOINT 5000 Dateien, 862 min, Detektorfehler {}
2026-09-08T08:57:02.981Z  TRQ/2016        bereinigt    90501 reg. Kerzen    0/197/197 von 252  Tagen gewertet (1m/5m/15m)     5368 Signale  312 ms lesen  12452 ms rechnen
2026-09-08T08:57:17.626Z  TRQ/2017        bereinigt    90796 reg. Kerzen    0/236/236 von 251  Tagen gewertet (1m/5m/15m)     6451 Signale  155 ms lesen  14237 ms rechnen
2026-09-08T08:57:31.395Z  TRQ/2018        bereinigt    87128 reg. Kerzen    0/217/217 von 251  Tagen gewertet (1m/5m/15m)     5918 Signale  403 ms lesen  13098 ms rechnen
2026-09-08T08:57:40.777Z  TRQ/2019        bereinigt    88404 reg. Kerzen    0/135/135 von 252  Tagen gewertet (1m/5m/15m)     3633 Signale  167 ms lesen  8986 ms rechnen
2026-09-08T08:57:42.438Z  TRQ/2020        bereinigt    77116 reg. Kerzen      0/13/13 von 253  Tagen gewertet (1m/5m/15m)      348 Signale  158 ms lesen  1236 ms rechnen
2026-09-08T08:57:57.562Z  TRQ/2021        roh          83528 reg. Kerzen    0/249/249 von 252  Tagen gewertet (1m/5m/15m)     6764 Signale  249 ms lesen  14674 ms rechnen
2026-09-08T08:58:13.676Z  TRQ/2022        roh          82701 reg. Kerzen    0/239/239 von 241  Tagen gewertet (1m/5m/15m)     6289 Signale  3114 ms lesen  12745 ms rechnen
2026-09-08T08:58:14.896Z  TRUP/2016       roh          33320 reg. Kerzen        0/0/0 von 252  Tagen gewertet (1m/5m/15m)        0 Signale  722 ms lesen  238 ms rechnen
2026-09-08T08:58:17.699Z  TRUP/2017       roh          40864 reg. Kerzen      0/41/41 von 251  Tagen gewertet (1m/5m/15m)     1069 Signale  89 ms lesen  2607 ms rechnen
2026-09-08T08:58:32.195Z  TRUP/2018       roh          63928 reg. Kerzen    0/243/245 von 251  Tagen gewertet (1m/5m/15m)     6447 Signale  113 ms lesen  14247 ms rechnen
2026-09-08T08:58:43.900Z  TRUP/2019       roh          55778 reg. Kerzen    0/205/206 von 252  Tagen gewertet (1m/5m/15m)     5438 Signale  109 ms lesen  11435 ms rechnen
2026-09-08T08:58:59.643Z  TRUP/2020       roh          71642 reg. Kerzen    0/253/253 von 253  Tagen gewertet (1m/5m/15m)     6853 Signale  115 ms lesen  15469 ms rechnen
2026-09-08T08:59:14.952Z  TRUP/2021       roh          63405 reg. Kerzen    0/251/252 von 252  Tagen gewertet (1m/5m/15m)     6876 Signale  108 ms lesen  14996 ms rechnen
2026-09-08T08:59:31.151Z  TRUP/2022       roh          71514 reg. Kerzen    0/251/251 von 251  Tagen gewertet (1m/5m/15m)     7012 Signale  115 ms lesen  15931 ms rechnen
2026-09-08T08:59:47.525Z  TRUP/2023       roh          79055 reg. Kerzen    0/250/250 von 250  Tagen gewertet (1m/5m/15m)     6866 Signale  146 ms lesen  16040 ms rechnen
2026-09-08T09:00:04.227Z  TRUP/2024       roh          69885 reg. Kerzen    0/252/252 von 252  Tagen gewertet (1m/5m/15m)     6839 Signale  119 ms lesen  16351 ms rechnen
2026-09-08T09:00:19.850Z  TRUP/2025       roh          62560 reg. Kerzen    0/247/250 von 250  Tagen gewertet (1m/5m/15m)     6685 Signale  113 ms lesen  15307 ms rechnen
2026-09-08T09:00:29.884Z  TRUP/2026       roh          36443 reg. Kerzen    0/165/166 von 166  Tagen gewertet (1m/5m/15m)     4540 Signale  66 ms lesen  9751 ms rechnen
2026-09-08T09:00:41.711Z  TSCO/2016       bereinigt    93790 reg. Kerzen    0/232/232 von 252  Tagen gewertet (1m/5m/15m)     5728 Signale  182 ms lesen  11532 ms rechnen
2026-09-08T09:00:54.454Z  TSCO/2017       bereinigt    95660 reg. Kerzen    0/251/251 von 251  Tagen gewertet (1m/5m/15m)     6383 Signale  172 ms lesen  12325 ms rechnen
2026-09-08T09:01:08.175Z  TSCO/2018       bereinigt    94267 reg. Kerzen    0/249/249 von 251  Tagen gewertet (1m/5m/15m)     6309 Signale  182 ms lesen  13295 ms rechnen
2026-09-08T09:01:21.913Z  TSCO/2019       bereinigt    95587 reg. Kerzen    0/252/252 von 252  Tagen gewertet (1m/5m/15m)     6280 Signale  153 ms lesen  13313 ms rechnen
2026-09-08T09:01:36.546Z  TSCO/2020       bereinigt    96193 reg. Kerzen    0/253/253 von 253  Tagen gewertet (1m/5m/15m)     6450 Signale  143 ms lesen  14228 ms rechnen
2026-09-08T09:01:49.979Z  TSCO/2021       bereinigt    90047 reg. Kerzen    0/252/252 von 252  Tagen gewertet (1m/5m/15m)     6401 Signale  159 ms lesen  12968 ms rechnen
2026-09-08T09:02:04.641Z  TSCO/2022       bereinigt    92935 reg. Kerzen    0/251/251 von 251  Tagen gewertet (1m/5m/15m)     6694 Signale  134 ms lesen  14269 ms rechnen
2026-09-08T09:02:17.319Z  TSCO/2023       bereinigt    91422 reg. Kerzen    0/250/250 von 250  Tagen gewertet (1m/5m/15m)     6306 Signale  148 ms lesen  12252 ms rechnen
2026-09-08T09:02:30.451Z  TSCO/2024       bereinigt    85076 reg. Kerzen    0/252/252 von 252  Tagen gewertet (1m/5m/15m)     6256 Signale  145 ms lesen  12739 ms rechnen
2026-09-08T09:02:43.077Z  TSCO/2025       roh          96894 reg. Kerzen    0/246/246 von 250  Tagen gewertet (1m/5m/15m)     6173 Signale  134 ms lesen  12217 ms rechnen
2026-09-08T09:02:52.613Z  TSCO/2026       roh          64727 reg. Kerzen    0/166/166 von 166  Tagen gewertet (1m/5m/15m)     4299 Signale  114 ms lesen  9108 ms rechnen
2026-09-08T09:03:04.472Z  TSN/2016        roh          97802 reg. Kerzen    0/232/232 von 252  Tagen gewertet (1m/5m/15m)     5651 Signale  147 ms lesen  11515 ms rechnen
2026-09-08T09:03:19.543Z  TSN/2017        roh          95795 reg. Kerzen    0/251/251 von 251  Tagen gewertet (1m/5m/15m)     5873 Signale  2996 ms lesen  11784 ms rechnen
2026-09-08T09:03:32.585Z  TSN/2018        roh          96121 reg. Kerzen    0/251/251 von 251  Tagen gewertet (1m/5m/15m)     6119 Signale  207 ms lesen  12517 ms rechnen
2026-09-08T09:03:45.311Z  TSN/2019        roh          97090 reg. Kerzen    0/252/252 von 252  Tagen gewertet (1m/5m/15m)     6202 Signale  146 ms lesen  12329 ms rechnen
2026-09-08T09:04:00.050Z  TSN/2020        roh          97900 reg. Kerzen    0/253/253 von 253  Tagen gewertet (1m/5m/15m)     6611 Signale  143 ms lesen  14350 ms rechnen
2026-09-08T09:04:12.787Z  TSN/2021        roh          95754 reg. Kerzen    0/250/250 von 252  Tagen gewertet (1m/5m/15m)     6064 Signale  142 ms lesen  12333 ms rechnen
2026-09-08T09:04:25.854Z  TSN/2022        roh          96188 reg. Kerzen    0/249/249 von 251  Tagen gewertet (1m/5m/15m)     6344 Signale  147 ms lesen  12644 ms rechnen
2026-09-08T09:04:38.922Z  TSN/2023        roh          96815 reg. Kerzen    0/250/250 von 250  Tagen gewertet (1m/5m/15m)     6159 Signale  140 ms lesen  12682 ms rechnen
2026-09-08T09:04:51.305Z  TSN/2024        roh          95183 reg. Kerzen    0/252/252 von 252  Tagen gewertet (1m/5m/15m)     5964 Signale  129 ms lesen  11966 ms rechnen
2026-09-08T09:05:03.647Z  TSN/2025        roh          95555 reg. Kerzen    0/250/250 von 250  Tagen gewertet (1m/5m/15m)     6004 Signale  226 ms lesen  11837 ms rechnen
2026-09-08T09:05:12.215Z  TSN/2026        roh          63560 reg. Kerzen    0/166/166 von 166  Tagen gewertet (1m/5m/15m)     4191 Signale  105 ms lesen  8196 ms rechnen
2026-09-08T09:05:12.537Z  TST/2016        roh          10045 reg. Kerzen        0/0/0 von 252  Tagen gewertet (1m/5m/15m)        0 Signale  51 ms lesen  62 ms rechnen
2026-09-08T09:05:12.710Z  TST/2017        roh          16565 reg. Kerzen        0/0/0 von 251  Tagen gewertet (1m/5m/15m)        0 Signale  52 ms lesen  94 ms rechnen
2026-09-08T09:05:13.004Z  TST/2018        roh          24332 reg. Kerzen        0/0/0 von 251  Tagen gewertet (1m/5m/15m)        0 Signale  76 ms lesen  175 ms rechnen
2026-09-08T09:05:13.223Z  TST/2019        roh           9168 reg. Kerzen        0/0/0 von 151  Tagen gewertet (1m/5m/15m)        0 Signale  65 ms lesen  69 ms rechnen
2026-09-08T09:05:24.321Z  TTE/2016        roh          95559 reg. Kerzen    0/232/232 von 252  Tagen gewertet (1m/5m/15m)     5853 Signale  124 ms lesen  10918 ms rechnen
2026-09-08T09:05:35.132Z  TTE/2017        roh          92306 reg. Kerzen    0/251/251 von 251  Tagen gewertet (1m/5m/15m)     5701 Signale  139 ms lesen  10349 ms rechnen
2026-09-08T09:05:47.258Z  TTE/2018        roh          94915 reg. Kerzen    0/251/251 von 251  Tagen gewertet (1m/5m/15m)     6139 Signale  144 ms lesen  11708 ms rechnen
2026-09-08T09:05:58.670Z  TTE/2019        roh          94737 reg. Kerzen    0/252/252 von 252  Tagen gewertet (1m/5m/15m)     6081 Signale  141 ms lesen  11006 ms rechnen
2026-09-08T09:06:12.348Z  TTE/2020        roh          97455 reg. Kerzen    0/253/253 von 253  Tagen gewertet (1m/5m/15m)     6667 Signale  218 ms lesen  13201 ms rechnen
2026-09-08T09:06:24.686Z  TTE/2021        roh          95762 reg. Kerzen    0/250/250 von 252  Tagen gewertet (1m/5m/15m)     6252 Signale  145 ms lesen  11891 ms rechnen
2026-09-08T09:06:37.864Z  TTE/2022        roh          95933 reg. Kerzen    0/249/249 von 251  Tagen gewertet (1m/5m/15m)     6562 Signale  150 ms lesen  12749 ms rechnen
2026-09-08T09:06:50.015Z  TTE/2023        roh          94375 reg. Kerzen    0/250/250 von 250  Tagen gewertet (1m/5m/15m)     6119 Signale  144 ms lesen  11753 ms rechnen
2026-09-08T09:07:01.621Z  TTE/2024        roh          93946 reg. Kerzen    0/252/252 von 252  Tagen gewertet (1m/5m/15m)     6014 Signale  143 ms lesen  11170 ms rechnen
2026-09-08T09:07:13.600Z  TTE/2025        roh          92935 reg. Kerzen    0/250/250 von 250  Tagen gewertet (1m/5m/15m)     6054 Signale  139 ms lesen  11586 ms rechnen
2026-09-08T09:07:21.855Z  TTE/2026        roh          61839 reg. Kerzen    0/166/166 von 166  Tagen gewertet (1m/5m/15m)     4151 Signale  112 ms lesen  7856 ms rechnen
2026-09-08T09:07:34.451Z  TTWO/2016       roh          93946 reg. Kerzen    0/232/232 von 252  Tagen gewertet (1m/5m/15m)     5907 Signale  135 ms lesen  12261 ms rechnen
2026-09-08T09:07:48.655Z  TTWO/2017       roh          93451 reg. Kerzen    0/251/251 von 251  Tagen gewertet (1m/5m/15m)     6307 Signale  713 ms lesen  13237 ms rechnen
2026-09-08T09:08:02.991Z  TTWO/2018       roh          94945 reg. Kerzen    0/249/249 von 251  Tagen gewertet (1m/5m/15m)     6539 Signale  143 ms lesen  13865 ms rechnen
2026-09-08T09:08:20.024Z  TTWO/2019       roh          95430 reg. Kerzen    0/252/252 von 252  Tagen gewertet (1m/5m/15m)     6560 Signale  3958 ms lesen  12805 ms rechnen
2026-09-08T09:08:34.657Z  TTWO/2020       roh          96248 reg. Kerzen    0/253/253 von 253  Tagen gewertet (1m/5m/15m)     6651 Signale  139 ms lesen  14233 ms rechnen
2026-09-08T09:08:48.625Z  TTWO/2021       roh          93772 reg. Kerzen    0/252/252 von 252  Tagen gewertet (1m/5m/15m)     6501 Signale  135 ms lesen  13497 ms rechnen
2026-09-08T09:09:02.980Z  TTWO/2022       roh          96254 reg. Kerzen    0/251/251 von 251  Tagen gewertet (1m/5m/15m)     6689 Signale  139 ms lesen  13951 ms rechnen
2026-09-08T09:09:16.279Z  TTWO/2023       roh          92542 reg. Kerzen    0/250/250 von 250  Tagen gewertet (1m/5m/15m)     6287 Signale  143 ms lesen  12878 ms rechnen
2026-09-08T09:09:29.310Z  TTWO/2024       roh          91226 reg. Kerzen    0/252/252 von 252  Tagen gewertet (1m/5m/15m)     6202 Signale  135 ms lesen  12643 ms rechnen
2026-09-08T09:09:48.287Z  TTWO/2025       roh          89280 reg. Kerzen    0/250/250 von 250  Tagen gewertet (1m/5m/15m)     6259 Signale  149 ms lesen  18535 ms rechnen
2026-09-08T09:10:01.571Z  TTWO/2026       roh          61355 reg. Kerzen    0/166/166 von 166  Tagen gewertet (1m/5m/15m)     4417 Signale  171 ms lesen  12788 ms rechnen
2026-09-08T09:10:14.214Z  TUP/2016        roh          81322 reg. Kerzen    0/232/232 von 252  Tagen gewertet (1m/5m/15m)     5984 Signale  126 ms lesen  12313 ms rechnen
2026-09-08T09:10:26.675Z  TUP/2017        roh          72595 reg. Kerzen    0/251/251 von 251  Tagen gewertet (1m/5m/15m)     6081 Signale  181 ms lesen  12075 ms rechnen
2026-09-08T09:10:40.284Z  TUP/2018        roh          81985 reg. Kerzen    0/251/251 von 251  Tagen gewertet (1m/5m/15m)     6555 Signale  145 ms lesen  13268 ms rechnen
2026-09-08T09:10:54.615Z  TUP/2019        roh          85992 reg. Kerzen    0/252/252 von 252  Tagen gewertet (1m/5m/15m)     6697 Signale  124 ms lesen  13985 ms rechnen
2026-09-08T09:11:09.770Z  TUP/2020        roh          93048 reg. Kerzen    0/232/232 von 253  Tagen gewertet (1m/5m/15m)     6371 Signale  114 ms lesen  14790 ms rechnen
2026-09-08T09:11:25.373Z  TUP/2021        roh          81911 reg. Kerzen    0/250/250 von 252  Tagen gewertet (1m/5m/15m)     6792 Signale  129 ms lesen  15206 ms rechnen
2026-09-08T09:11:38.548Z  TUP/2022        roh          84792 reg. Kerzen    0/206/206 von 250  Tagen gewertet (1m/5m/15m)     5747 Signale  125 ms lesen  12802 ms rechnen
2026-09-08T09:11:42.749Z  TUP/2023        roh          81341 reg. Kerzen      0/48/48 von 250  Tagen gewertet (1m/5m/15m)     1338 Signale  147 ms lesen  3770 ms rechnen
2026-09-08T09:11:43.319Z  TUP/2024        roh          41799 reg. Kerzen        0/0/0 von 178  Tagen gewertet (1m/5m/15m)        0 Signale  83 ms lesen  262 ms rechnen
2026-09-08T09:11:53.455Z  TW/2019         roh          56053 reg. Kerzen    0/168/168 von 188  Tagen gewertet (1m/5m/15m)     4481 Signale  342 ms lesen  9660 ms rechnen
2026-09-08T09:12:08.158Z  TW/2020         roh          83695 reg. Kerzen    0/253/253 von 253  Tagen gewertet (1m/5m/15m)     6732 Signale  218 ms lesen  14320 ms rechnen
2026-09-08T09:12:20.620Z  TW/2021         roh          70209 reg. Kerzen    0/251/252 von 252  Tagen gewertet (1m/5m/15m)     6244 Signale  119 ms lesen  12121 ms rechnen
2026-09-08T09:12:34.155Z  TW/2022         roh          83154 reg. Kerzen    0/251/251 von 251  Tagen gewertet (1m/5m/15m)     6587 Signale  142 ms lesen  13162 ms rechnen
2026-09-08T09:12:46.782Z  TW/2023         roh          83751 reg. Kerzen    0/250/250 von 250  Tagen gewertet (1m/5m/15m)     6308 Signale  191 ms lesen  12215 ms rechnen
2026-09-08T09:12:59.777Z  TW/2024         roh          77590 reg. Kerzen    0/252/252 von 252  Tagen gewertet (1m/5m/15m)     6238 Signale  112 ms lesen  12626 ms rechnen
2026-09-08T09:13:17.142Z  TW/2025         roh          83466 reg. Kerzen    0/250/250 von 250  Tagen gewertet (1m/5m/15m)     6214 Signale  4230 ms lesen  12942 ms rechnen
2026-09-08T09:13:26.283Z  TW/2026         roh          57587 reg. Kerzen    0/166/166 von 166  Tagen gewertet (1m/5m/15m)     4363 Signale  89 ms lesen  8836 ms rechnen
2026-09-08T09:13:26.512Z  TWND/2020       roh           2471 reg. Kerzen        0/0/0 von 48   Tagen gewertet (1m/5m/15m)        0 Signale  25 ms lesen  17 ms rechnen
2026-09-08T09:13:27.148Z  TWND/2021       roh          24823 reg. Kerzen        0/7/9 von 252  Tagen gewertet (1m/5m/15m)      166 Signale  104 ms lesen  527 ms rechnen
2026-09-08T09:13:27.285Z  TWND/2022       roh           3300 reg. Kerzen        0/0/0 von 235  Tagen gewertet (1m/5m/15m)        0 Signale  31 ms lesen  31 ms rechnen
2026-09-08T09:13:27.323Z  TWND/2023       roh            997 reg. Kerzen        0/0/0 von 20   Tagen gewertet (1m/5m/15m)        0 Signale  16 ms lesen  11 ms rechnen
2026-09-08T09:13:40.719Z  TWOU/2016       bereinigt    76765 reg. Kerzen    0/232/232 von 252  Tagen gewertet (1m/5m/15m)     6272 Signale  215 ms lesen  13155 ms rechnen
2026-09-08T09:13:54.870Z  TWOU/2017       bereinigt    67807 reg. Kerzen    0/251/251 von 251  Tagen gewertet (1m/5m/15m)     6758 Signale  130 ms lesen  13798 ms rechnen
2026-09-08T09:14:09.712Z  TWOU/2018       bereinigt    76199 reg. Kerzen    0/249/249 von 251  Tagen gewertet (1m/5m/15m)     6640 Signale  159 ms lesen  14471 ms rechnen
2026-09-08T09:14:24.197Z  TWOU/2019       bereinigt    87504 reg. Kerzen    0/252/252 von 252  Tagen gewertet (1m/5m/15m)     6676 Signale  156 ms lesen  14113 ms rechnen
2026-09-08T09:14:40.158Z  TWOU/2020       bereinigt    93764 reg. Kerzen    0/253/253 von 253  Tagen gewertet (1m/5m/15m)     6873 Signale  174 ms lesen  15534 ms rechnen
2026-09-08T09:14:56.093Z  TWOU/2021       bereinigt    90722 reg. Kerzen    0/252/252 von 252  Tagen gewertet (1m/5m/15m)     6800 Signale  176 ms lesen  15475 ms rechnen
2026-09-08T09:15:10.654Z  TWOU/2022       bereinigt    91084 reg. Kerzen    0/223/223 von 251  Tagen gewertet (1m/5m/15m)     6101 Signale  182 ms lesen  14133 ms rechnen
2026-09-08T09:15:15.000Z  TWOU/2023       bereinigt    84959 reg. Kerzen      0/59/59 von 250  Tagen gewertet (1m/5m/15m)     1636 Signale  146 ms lesen  3939 ms rechnen
2026-09-08T09:15:15.594Z  TWOU/2024       bereinigt    44201 reg. Kerzen        0/0/0 von 150  Tagen gewertet (1m/5m/15m)        0 Signale  104 ms lesen  261 ms rechnen
2026-09-08T09:15:27.277Z  TXNM/2016       roh          83895 reg. Kerzen    0/232/232 von 252  Tagen gewertet (1m/5m/15m)     5630 Signale  156 ms lesen  11345 ms rechnen
2026-09-08T09:15:39.421Z  TXNM/2017       roh          72838 reg. Kerzen    0/251/251 von 251  Tagen gewertet (1m/5m/15m)     5791 Signale  124 ms lesen  11801 ms rechnen
2026-09-08T09:15:52.295Z  TXNM/2018       roh          72378 reg. Kerzen    0/251/251 von 251  Tagen gewertet (1m/5m/15m)     6170 Signale  135 ms lesen  12540 ms rechnen
2026-09-08T09:16:04.732Z  TXNM/2019       roh          71035 reg. Kerzen    0/252/252 von 252  Tagen gewertet (1m/5m/15m)     5926 Signale  105 ms lesen  12137 ms rechnen
2026-09-08T09:16:18.041Z  TXNM/2020       roh          81378 reg. Kerzen    0/253/253 von 253  Tagen gewertet (1m/5m/15m)     6143 Signale  143 ms lesen  13007 ms rechnen
2026-09-08T09:16:27.250Z  TXNM/2021       roh          73409 reg. Kerzen    0/250/250 von 252  Tagen gewertet (1m/5m/15m)     4355 Signale  129 ms lesen  8850 ms rechnen
2026-09-08T09:16:38.667Z  TXNM/2022       roh          69792 reg. Kerzen    0/249/249 von 251  Tagen gewertet (1m/5m/15m)     5451 Signale  124 ms lesen  11103 ms rechnen
2026-09-08T09:16:48.657Z  TXNM/2023       roh          68022 reg. Kerzen    0/249/249 von 250  Tagen gewertet (1m/5m/15m)     4963 Signale  115 ms lesen  9669 ms rechnen
2026-09-08T09:17:00.941Z  TXNM/2024       roh          75870 reg. Kerzen    0/252/252 von 252  Tagen gewertet (1m/5m/15m)     6020 Signale  124 ms lesen  11972 ms rechnen
2026-09-08T09:17:11.585Z  TXNM/2025       roh          76808 reg. Kerzen    0/250/250 von 250  Tagen gewertet (1m/5m/15m)     5051 Signale  113 ms lesen  10338 ms rechnen
2026-09-08T09:17:17.854Z  TXNM/2026       roh          50769 reg. Kerzen    0/166/166 von 166  Tagen gewertet (1m/5m/15m)     2887 Signale  84 ms lesen  5966 ms rechnen
2026-09-08T09:17:29.828Z  TYL/2016        roh          65718 reg. Kerzen    0/232/232 von 252  Tagen gewertet (1m/5m/15m)     5930 Signale  111 ms lesen  11702 ms rechnen
2026-09-08T09:17:41.432Z  TYL/2017        roh          49948 reg. Kerzen    0/243/251 von 251  Tagen gewertet (1m/5m/15m)     5829 Signale  108 ms lesen  11278 ms rechnen
2026-09-08T09:17:53.739Z  TYL/2018        roh          52204 reg. Kerzen    0/244/251 von 251  Tagen gewertet (1m/5m/15m)     6247 Signale  156 ms lesen  12011 ms rechnen
2026-09-08T09:18:05.796Z  TYL/2019        roh          55997 reg. Kerzen    0/246/252 von 252  Tagen gewertet (1m/5m/15m)     6103 Signale  104 ms lesen  11803 ms rechnen
2026-09-08T09:18:21.127Z  TYL/2020        roh          61647 reg. Kerzen    0/251/253 von 253  Tagen gewertet (1m/5m/15m)     6619 Signale  1313 ms lesen  13863 ms rechnen
2026-09-08T09:18:32.642Z  TYL/2021        roh          45581 reg. Kerzen    0/218/250 von 252  Tagen gewertet (1m/5m/15m)     5819 Signale  181 ms lesen  11156 ms rechnen
2026-09-08T09:18:44.971Z  TYL/2022        roh          48604 reg. Kerzen    0/231/249 von 251  Tagen gewertet (1m/5m/15m)     6342 Signale  89 ms lesen  12107 ms rechnen
2026-09-08T09:18:56.585Z  TYL/2023        roh          46696 reg. Kerzen    0/223/250 von 250  Tagen gewertet (1m/5m/15m)     5845 Signale  79 ms lesen  11416 ms rechnen
2026-09-08T09:19:05.134Z  TYL/2024        roh          36858 reg. Kerzen    0/163/252 von 252  Tagen gewertet (1m/5m/15m)     4823 Signale  69 ms lesen  8371 ms rechnen
2026-09-08T09:19:16.006Z  TYL/2025        roh          45147 reg. Kerzen    0/199/250 von 250  Tagen gewertet (1m/5m/15m)     5401 Signale  79 ms lesen  10690 ms rechnen
2026-09-08T09:19:25.343Z  TYL/2026        roh          58047 reg. Kerzen    0/166/166 von 166  Tagen gewertet (1m/5m/15m)     4386 Signale  93 ms lesen  9137 ms rechnen
2026-09-08T09:19:34.108Z  UAA/2016        roh          67879 reg. Kerzen    0/166/166 von 186  Tagen gewertet (1m/5m/15m)     4252 Signale  111 ms lesen  8434 ms rechnen
2026-09-08T09:19:49.515Z  UAA/2017        roh          97324 reg. Kerzen    0/251/251 von 251  Tagen gewertet (1m/5m/15m)     6628 Signale  139 ms lesen  15101 ms rechnen
2026-09-08T09:20:03.814Z  UAA/2018        roh          97172 reg. Kerzen    0/251/251 von 251  Tagen gewertet (1m/5m/15m)     6707 Signale  316 ms lesen  13723 ms rechnen
2026-09-08T09:20:17.711Z  UAA/2019        roh          97515 reg. Kerzen    0/252/252 von 252  Tagen gewertet (1m/5m/15m)     6478 Signale  142 ms lesen  13448 ms rechnen
2026-09-08T09:20:33.364Z  UAA/2020        roh          98150 reg. Kerzen    0/253/253 von 253  Tagen gewertet (1m/5m/15m)     6846 Signale  158 ms lesen  15199 ms rechnen
2026-09-08T09:20:47.992Z  UAA/2021        roh          97124 reg. Kerzen    0/250/250 von 252  Tagen gewertet (1m/5m/15m)     6718 Signale  161 ms lesen  14162 ms rechnen
2026-09-08T09:21:03.444Z  UAA/2022        roh          96823 reg. Kerzen    0/249/249 von 251  Tagen gewertet (1m/5m/15m)     6766 Signale  158 ms lesen  15057 ms rechnen
2026-09-08T09:21:18.635Z  UAA/2023        roh          96928 reg. Kerzen    0/250/250 von 250  Tagen gewertet (1m/5m/15m)     6768 Signale  127 ms lesen  14790 ms rechnen
2026-09-08T09:21:33.883Z  UAA/2024        roh          97543 reg. Kerzen    0/252/252 von 252  Tagen gewertet (1m/5m/15m)     6702 Signale  138 ms lesen  14821 ms rechnen
2026-09-08T09:21:49.314Z  UAA/2025        roh          96694 reg. Kerzen    0/250/250 von 250  Tagen gewertet (1m/5m/15m)     6723 Signale  169 ms lesen  15004 ms rechnen
2026-09-08T09:21:59.446Z  UAA/2026        roh          64425 reg. Kerzen    0/166/166 von 166  Tagen gewertet (1m/5m/15m)     4535 Signale  116 ms lesen  9734 ms rechnen
2026-09-08T09:21:59.705Z  UBOH/2016       roh           1173 reg. Kerzen        0/0/0 von 229  Tagen gewertet (1m/5m/15m)        0 Signale  36 ms lesen  14 ms rechnen
2026-09-08T09:21:59.776Z  UBOH/2017       roh           1013 reg. Kerzen        0/0/0 von 188  Tagen gewertet (1m/5m/15m)        0 Signale  55 ms lesen  13 ms rechnen
2026-09-08T09:21:59.807Z  UBOH/2018       roh            862 reg. Kerzen        0/0/0 von 201  Tagen gewertet (1m/5m/15m)        0 Signale  17 ms lesen  8 ms rechnen
2026-09-08T09:21:59.844Z  UBOH/2019       roh           1081 reg. Kerzen        0/0/0 von 216  Tagen gewertet (1m/5m/15m)        0 Signale  20 ms lesen  13 ms rechnen
2026-09-08T09:21:59.878Z  UBOH/2020       roh           1192 reg. Kerzen        0/0/0 von 215  Tagen gewertet (1m/5m/15m)        0 Signale  19 ms lesen  11 ms rechnen
2026-09-08T09:21:59.922Z  UBOH/2021       roh           1753 reg. Kerzen        0/0/0 von 225  Tagen gewertet (1m/5m/15m)        0 Signale  24 ms lesen  16 ms rechnen
2026-09-08T09:21:59.976Z  UBOH/2022       roh           1027 reg. Kerzen        0/0/0 von 144  Tagen gewertet (1m/5m/15m)        0 Signale  41 ms lesen  9 ms rechnen
2026-09-08T09:22:00.014Z  UCBA/2016       roh           1029 reg. Kerzen        0/0/0 von 189  Tagen gewertet (1m/5m/15m)        0 Signale  9 ms lesen  11 ms rechnen
2026-09-08T09:22:00.071Z  UCBA/2017       roh           1505 reg. Kerzen        0/0/0 von 217  Tagen gewertet (1m/5m/15m)        0 Signale  36 ms lesen  18 ms rechnen
2026-09-08T09:22:00.120Z  UCBA/2018       roh           2334 reg. Kerzen        0/0/0 von 167  Tagen gewertet (1m/5m/15m)        0 Signale  19 ms lesen  24 ms rechnen
2026-09-08T09:22:11.341Z  UE/2016         roh          77022 reg. Kerzen    0/232/232 von 252  Tagen gewertet (1m/5m/15m)     5614 Signale  107 ms lesen  11083 ms rechnen
2026-09-08T09:22:24.007Z  UE/2017         roh          76822 reg. Kerzen    0/251/251 von 251  Tagen gewertet (1m/5m/15m)     6182 Signale  106 ms lesen  12348 ms rechnen
2026-09-08T09:22:36.938Z  UE/2018         roh          82282 reg. Kerzen    0/251/251 von 251  Tagen gewertet (1m/5m/15m)     6150 Signale  134 ms lesen  12575 ms rechnen
2026-09-08T09:22:49.936Z  UE/2019         roh          82145 reg. Kerzen    0/252/252 von 252  Tagen gewertet (1m/5m/15m)     6062 Signale  145 ms lesen  12601 ms rechnen
2026-09-08T09:23:04.453Z  UE/2020         roh          85491 reg. Kerzen    0/245/245 von 253  Tagen gewertet (1m/5m/15m)     6596 Signale  141 ms lesen  14138 ms rechnen
2026-09-08T09:23:21.633Z  UE/2021         roh          79395 reg. Kerzen    0/250/250 von 252  Tagen gewertet (1m/5m/15m)     6558 Signale  2621 ms lesen  14278 ms rechnen
2026-09-08T09:23:35.879Z  UE/2022         roh          85955 reg. Kerzen    0/249/249 von 251  Tagen gewertet (1m/5m/15m)     6609 Signale  134 ms lesen  13864 ms rechnen
2026-09-08T09:23:49.265Z  UE/2023         roh          85758 reg. Kerzen    0/250/250 von 250  Tagen gewertet (1m/5m/15m)     6382 Signale  106 ms lesen  13048 ms rechnen
2026-09-08T09:24:01.925Z  UE/2024         roh          79608 reg. Kerzen    0/252/252 von 252  Tagen gewertet (1m/5m/15m)     6096 Signale  116 ms lesen  12288 ms rechnen
2026-09-08T09:24:15.365Z  UE/2025         roh          75498 reg. Kerzen    0/250/250 von 250  Tagen gewertet (1m/5m/15m)     6218 Signale  131 ms lesen  13088 ms rechnen
2026-09-08T09:24:24.004Z  UE/2026         roh          49768 reg. Kerzen    0/166/166 von 166  Tagen gewertet (1m/5m/15m)     4042 Signale  75 ms lesen  8344 ms rechnen
2026-09-08T09:24:24.201Z  UHAL.B/2022     roh           2164 reg. Kerzen        0/0/0 von 9    Tagen gewertet (1m/5m/15m)        0 Signale  27 ms lesen  10 ms rechnen
2026-09-08T09:24:36.029Z  UHAL.B/2023     roh          47488 reg. Kerzen    0/217/239 von 250  Tagen gewertet (1m/5m/15m)     5840 Signale  93 ms lesen  11730 ms rechnen
2026-09-08T09:24:46.673Z  UHAL.B/2024     roh          41069 reg. Kerzen    0/195/252 von 252  Tagen gewertet (1m/5m/15m)     5532 Signale  84 ms lesen  10411 ms rechnen
2026-09-08T09:24:59.723Z  UHAL.B/2025     roh          50315 reg. Kerzen    0/238/250 von 250  Tagen gewertet (1m/5m/15m)     6260 Signale  93 ms lesen  12838 ms rechnen
2026-09-08T09:25:08.882Z  UHAL.B/2026     roh          37713 reg. Kerzen    0/164/166 von 166  Tagen gewertet (1m/5m/15m)     4342 Signale  52 ms lesen  8942 ms rechnen
2026-09-08T09:25:20.759Z  ULTA/2016       roh          88762 reg. Kerzen    0/232/232 von 252  Tagen gewertet (1m/5m/15m)     5755 Signale  139 ms lesen  11591 ms rechnen
2026-09-08T09:25:33.476Z  ULTA/2017       roh          85429 reg. Kerzen    0/251/251 von 251  Tagen gewertet (1m/5m/15m)     6154 Signale  217 ms lesen  12271 ms rechnen
2026-09-08T09:25:47.587Z  ULTA/2018       roh          88012 reg. Kerzen    0/249/249 von 251  Tagen gewertet (1m/5m/15m)     6547 Signale  166 ms lesen  13702 ms rechnen
2026-09-08T09:26:00.922Z  ULTA/2019       roh          88989 reg. Kerzen    0/252/252 von 252  Tagen gewertet (1m/5m/15m)     6541 Signale  143 ms lesen  12935 ms rechnen
2026-09-08T09:26:16.286Z  ULTA/2020       roh          93448 reg. Kerzen    0/253/253 von 253  Tagen gewertet (1m/5m/15m)     6847 Signale  140 ms lesen  14958 ms rechnen
2026-09-08T09:26:30.162Z  ULTA/2021       roh          83694 reg. Kerzen    0/252/252 von 252  Tagen gewertet (1m/5m/15m)     6592 Signale  124 ms lesen  13479 ms rechnen
2026-09-08T09:26:44.851Z  ULTA/2022       roh          86630 reg. Kerzen    0/251/251 von 251  Tagen gewertet (1m/5m/15m)     6743 Signale  125 ms lesen  14305 ms rechnen
2026-09-08T09:26:57.950Z  ULTA/2023       roh          81885 reg. Kerzen    0/250/250 von 250  Tagen gewertet (1m/5m/15m)     6162 Signale  144 ms lesen  12714 ms rechnen
2026-09-08T09:27:11.479Z  ULTA/2024       roh          83872 reg. Kerzen    0/252/252 von 252  Tagen gewertet (1m/5m/15m)     6417 Signale  160 ms lesen  13126 ms rechnen
2026-09-08T09:27:25.210Z  ULTA/2025       roh          76007 reg. Kerzen    0/250/250 von 250  Tagen gewertet (1m/5m/15m)     6509 Signale  120 ms lesen  13399 ms rechnen
2026-09-08T09:27:34.568Z  ULTA/2026       roh          58640 reg. Kerzen    0/166/166 von 166  Tagen gewertet (1m/5m/15m)     4381 Signale  99 ms lesen  9051 ms rechnen
2026-09-08T09:27:42.160Z  UNF/2016        roh          36727 reg. Kerzen    0/131/230 von 252  Tagen gewertet (1m/5m/15m)     3983 Signale  66 ms lesen  7343 ms rechnen
2026-09-08T09:27:45.702Z  UNF/2017        roh          24260 reg. Kerzen     0/42/151 von 251  Tagen gewertet (1m/5m/15m)     1943 Signale  53 ms lesen  3390 ms rechnen
2026-09-08T09:27:49.571Z  UNF/2018        roh          23406 reg. Kerzen     0/23/193 von 251  Tagen gewertet (1m/5m/15m)     2103 Signale  69 ms lesen  3728 ms rechnen
2026-09-08T09:27:57.080Z  UNF/2019        roh          34259 reg. Kerzen    0/125/250 von 252  Tagen gewertet (1m/5m/15m)     4217 Signale  63 ms lesen  7388 ms rechnen
2026-09-08T09:28:04.639Z  UNF/2020        roh          28117 reg. Kerzen     0/77/244 von 253  Tagen gewertet (1m/5m/15m)     3470 Signale  1233 ms lesen  6207 ms rechnen
2026-09-08T09:28:08.549Z  UNF/2021        roh          18614 reg. Kerzen     0/18/174 von 252  Tagen gewertet (1m/5m/15m)     1834 Signale  924 ms lesen  2900 ms rechnen
2026-09-08T09:28:12.720Z  UNF/2022        roh          21467 reg. Kerzen     0/19/201 von 251  Tagen gewertet (1m/5m/15m)     2134 Signale  431 ms lesen  3675 ms rechnen
2026-09-08T09:28:15.354Z  UNF/2023        roh          17445 reg. Kerzen      0/7/156 von 250  Tagen gewertet (1m/5m/15m)     1473 Signale  47 ms lesen  2530 ms rechnen
2026-09-08T09:28:18.218Z  UNF/2024        roh          18898 reg. Kerzen     0/14/175 von 252  Tagen gewertet (1m/5m/15m)     1784 Signale  51 ms lesen  2767 ms rechnen
2026-09-08T09:28:23.508Z  UNF/2025        roh          24051 reg. Kerzen     0/53/223 von 250  Tagen gewertet (1m/5m/15m)     2745 Signale  59 ms lesen  5171 ms rechnen
2026-09-08T09:28:30.136Z  UNF/2026        roh          31903 reg. Kerzen    0/123/165 von 166  Tagen gewertet (1m/5m/15m)     3315 Signale  58 ms lesen  6503 ms rechnen
2026-09-08T09:28:36.668Z  UNVR/2016       roh          68750 reg. Kerzen    0/116/116 von 252  Tagen gewertet (1m/5m/15m)     2956 Signale  189 ms lesen  6243 ms rechnen
2026-09-08T09:28:49.380Z  UNVR/2017       roh          81915 reg. Kerzen    0/251/251 von 251  Tagen gewertet (1m/5m/15m)     6366 Signale  141 ms lesen  12378 ms rechnen
2026-09-08T09:29:02.911Z  UNVR/2018       roh          83477 reg. Kerzen    0/251/251 von 251  Tagen gewertet (1m/5m/15m)     6429 Signale  129 ms lesen  13188 ms rechnen
2026-09-08T09:29:16.737Z  UNVR/2019       roh          90835 reg. Kerzen    0/252/252 von 252  Tagen gewertet (1m/5m/15m)     6511 Signale  143 ms lesen  13456 ms rechnen
2026-09-08T09:29:31.824Z  UNVR/2020       roh          93563 reg. Kerzen    0/253/253 von 253  Tagen gewertet (1m/5m/15m)     6731 Signale  136 ms lesen  14697 ms rechnen
2026-09-08T09:29:45.367Z  UNVR/2021       roh          82149 reg. Kerzen    0/250/250 von 252  Tagen gewertet (1m/5m/15m)     6464 Signale  139 ms lesen  13140 ms rechnen
2026-09-08T09:29:59.643Z  UNVR/2022       roh          91119 reg. Kerzen    0/249/249 von 251  Tagen gewertet (1m/5m/15m)     6601 Signale  111 ms lesen  13950 ms rechnen
2026-09-08T09:30:05.915Z  UNVR/2023       roh          50719 reg. Kerzen    0/144/144 von 144  Tagen gewertet (1m/5m/15m)     2740 Signale  84 ms lesen  5947 ms rechnen
2026-09-08T09:30:06.125Z  UPTD/2021       roh            206 reg. Kerzen        0/0/0 von 46   Tagen gewertet (1m/5m/15m)        0 Signale  24 ms lesen  3 ms rechnen
2026-09-08T09:30:06.151Z  UPTD/2022       roh            259 reg. Kerzen        0/0/0 von 99   Tagen gewertet (1m/5m/15m)        0 Signale  21 ms lesen  3 ms rechnen
2026-09-08T09:30:06.212Z  UPTD/2023       roh           5160 reg. Kerzen        0/0/0 von 109  Tagen gewertet (1m/5m/15m)        0 Signale  31 ms lesen  28 ms rechnen
2026-09-08T09:30:06.369Z  USAP/2016       roh          11058 reg. Kerzen        0/0/0 von 252  Tagen gewertet (1m/5m/15m)        0 Signale  46 ms lesen  91 ms rechnen
2026-09-08T09:30:06.522Z  USAP/2017       roh           8524 reg. Kerzen        0/0/0 von 251  Tagen gewertet (1m/5m/15m)        0 Signale  46 ms lesen  68 ms rechnen
2026-09-08T09:30:06.759Z  USAP/2018       roh          21983 reg. Kerzen        0/0/0 von 250  Tagen gewertet (1m/5m/15m)        0 Signale  66 ms lesen  139 ms rechnen
2026-09-08T09:30:06.987Z  USAP/2019       roh          14331 reg. Kerzen        0/0/0 von 252  Tagen gewertet (1m/5m/15m)        0 Signale  52 ms lesen  100 ms rechnen
2026-09-08T09:30:07.189Z  USAP/2020       roh           9272 reg. Kerzen        0/0/0 von 253  Tagen gewertet (1m/5m/15m)        0 Signale  84 ms lesen  86 ms rechnen
2026-09-08T09:30:07.334Z  USAP/2021       roh          10736 reg. Kerzen        0/0/0 von 252  Tagen gewertet (1m/5m/15m)        0 Signale  23 ms lesen  94 ms rechnen
2026-09-08T09:30:07.437Z  USAP/2022       roh           6196 reg. Kerzen        0/0/0 von 251  Tagen gewertet (1m/5m/15m)        0 Signale  17 ms lesen  47 ms rechnen
2026-09-08T09:30:07.579Z  USAP/2023       roh          12199 reg. Kerzen        0/0/0 von 250  Tagen gewertet (1m/5m/15m)        0 Signale  34 ms lesen  86 ms rechnen
2026-09-08T09:30:08.920Z  USAP/2024       roh          35181 reg. Kerzen      0/21/34 von 252  Tagen gewertet (1m/5m/15m)      500 Signale  56 ms lesen  1255 ms rechnen
2026-09-08T09:30:09.360Z  USAP/2025       roh           1968 reg. Kerzen       0/7/13 von 13   Tagen gewertet (1m/5m/15m)      185 Signale  19 ms lesen  301 ms rechnen
2026-09-08T09:30:16.610Z  USFD/2016       roh          48334 reg. Kerzen    0/132/132 von 152  Tagen gewertet (1m/5m/15m)     3352 Signale  85 ms lesen  7152 ms rechnen
2026-09-08T09:30:29.062Z  USFD/2017       roh          89635 reg. Kerzen    0/251/251 von 251  Tagen gewertet (1m/5m/15m)     5919 Signale  148 ms lesen  12156 ms rechnen
2026-09-08T09:30:31.092Z  CHECKPOINT 5200 Dateien, 896 min, Detektorfehler {}
2026-09-08T09:30:44.112Z  USFD/2018       roh          94049 reg. Kerzen    0/251/251 von 251  Tagen gewertet (1m/5m/15m)     6187 Signale  128 ms lesen  12891 ms rechnen
2026-09-08T09:30:56.578Z  USFD/2019       roh          91762 reg. Kerzen    0/252/252 von 252  Tagen gewertet (1m/5m/15m)     6033 Signale  152 ms lesen  12028 ms rechnen
2026-09-08T09:31:11.811Z  USFD/2020       roh          96126 reg. Kerzen    0/253/253 von 253  Tagen gewertet (1m/5m/15m)     6732 Signale  152 ms lesen  14806 ms rechnen
2026-09-08T09:31:25.871Z  USFD/2021       roh          93557 reg. Kerzen    0/250/250 von 252  Tagen gewertet (1m/5m/15m)     6647 Signale  150 ms lesen  13680 ms rechnen
2026-09-08T09:31:40.353Z  USFD/2022       roh          93651 reg. Kerzen    0/249/249 von 251  Tagen gewertet (1m/5m/15m)     6607 Signale  145 ms lesen  14101 ms rechnen
2026-09-08T09:31:52.951Z  USFD/2023       roh          93737 reg. Kerzen    0/250/250 von 250  Tagen gewertet (1m/5m/15m)     6122 Signale  122 ms lesen  12196 ms rechnen
2026-09-08T09:32:05.256Z  USFD/2024       roh          93033 reg. Kerzen    0/252/252 von 252  Tagen gewertet (1m/5m/15m)     6056 Signale  196 ms lesen  11878 ms rechnen
2026-09-08T09:32:18.175Z  USFD/2025       roh          92413 reg. Kerzen    0/250/250 von 250  Tagen gewertet (1m/5m/15m)     6081 Signale  138 ms lesen  12523 ms rechnen
2026-09-08T09:32:27.245Z  USFD/2026       roh          62017 reg. Kerzen    0/166/166 von 166  Tagen gewertet (1m/5m/15m)     4259 Signale  102 ms lesen  8699 ms rechnen
2026-09-08T09:32:27.526Z  UTRS/2021       bereinigt     7516 reg. Kerzen        0/0/0 von 49   Tagen gewertet (1m/5m/15m)        0 Signale  36 ms lesen  44 ms rechnen
2026-09-08T09:32:27.680Z  UTRS/2022       bereinigt    13737 reg. Kerzen        0/0/0 von 251  Tagen gewertet (1m/5m/15m)        0 Signale  27 ms lesen  100 ms rechnen
2026-09-08T09:32:27.915Z  UTRS/2023       bereinigt    21086 reg. Kerzen        0/0/0 von 249  Tagen gewertet (1m/5m/15m)        0 Signale  45 ms lesen  145 ms rechnen
2026-09-08T09:32:27.985Z  AUSGELASSEN UTRS/2024: Datei fehlt
2026-09-08T09:32:28.068Z  AUSGELASSEN UTRS/2025: Datei fehlt
2026-09-08T09:32:37.302Z  VA/2016         roh          73862 reg. Kerzen    0/220/220 von 240  Tagen gewertet (1m/5m/15m)     4459 Signale  110 ms lesen  9123 ms rechnen
2026-09-08T09:32:37.573Z  VAPO/2018       bereinigt     3850 reg. Kerzen        0/0/0 von 31   Tagen gewertet (1m/5m/15m)        0 Signale  37 ms lesen  24 ms rechnen
2026-09-08T09:32:37.818Z  VAPO/2019       bereinigt    27096 reg. Kerzen        0/0/0 von 252  Tagen gewertet (1m/5m/15m)        0 Signale  38 ms lesen  198 ms rechnen
2026-09-08T09:32:50.511Z  VAPO/2020       bereinigt    66527 reg. Kerzen    0/196/196 von 253  Tagen gewertet (1m/5m/15m)     5344 Signale  121 ms lesen  12513 ms rechnen
2026-09-08T09:32:58.117Z  VAPO/2021       bereinigt    49830 reg. Kerzen    0/113/113 von 252  Tagen gewertet (1m/5m/15m)     3051 Signale  72 ms lesen  7322 ms rechnen
2026-09-08T09:33:00.288Z  VAPO/2022       bereinigt    46435 reg. Kerzen        0/0/0 von 250  Tagen gewertet (1m/5m/15m)        0 Signale  1723 ms lesen  318 ms rechnen
2026-09-08T09:33:01.187Z  VAPO/2023       bereinigt    20082 reg. Kerzen        0/0/0 von 240  Tagen gewertet (1m/5m/15m)        0 Signale  641 ms lesen  145 ms rechnen
2026-09-08T09:33:01.264Z  AUSGELASSEN VAPO/2024: Datei fehlt
2026-09-08T09:33:03.221Z  VBLT/2016       bereinigt    27343 reg. Kerzen        0/0/0 von 252  Tagen gewertet (1m/5m/15m)        0 Signale  1309 ms lesen  168 ms rechnen
2026-09-08T09:33:04.671Z  VBLT/2017       bereinigt    26667 reg. Kerzen        0/0/0 von 251  Tagen gewertet (1m/5m/15m)        0 Signale  1166 ms lesen  193 ms rechnen
2026-09-08T09:33:05.657Z  VBLT/2018       bereinigt    23001 reg. Kerzen        0/0/0 von 251  Tagen gewertet (1m/5m/15m)        0 Signale  745 ms lesen  178 ms rechnen
2026-09-08T09:33:06.657Z  VBLT/2019       bereinigt     8824 reg. Kerzen        0/0/0 von 252  Tagen gewertet (1m/5m/15m)        0 Signale  868 ms lesen  72 ms rechnen
2026-09-08T09:33:08.306Z  VBLT/2020       bereinigt    26351 reg. Kerzen        0/0/0 von 253  Tagen gewertet (1m/5m/15m)        0 Signale  1441 ms lesen  188 ms rechnen
2026-09-08T09:33:08.761Z  VBLT/2021       bereinigt    37598 reg. Kerzen        0/0/0 von 252  Tagen gewertet (1m/5m/15m)        0 Signale  107 ms lesen  278 ms rechnen
2026-09-08T09:33:09.588Z  VBLT/2022       bereinigt    36808 reg. Kerzen        0/0/0 von 251  Tagen gewertet (1m/5m/15m)        0 Signale  452 ms lesen  250 ms rechnen
2026-09-08T09:33:10.000Z  VBLT/2023       bereinigt    30639 reg. Kerzen        0/0/0 von 198  Tagen gewertet (1m/5m/15m)        0 Signale  123 ms lesen  197 ms rechnen
2026-09-08T09:33:10.236Z  VCO/2016        roh           2102 reg. Kerzen        0/0/0 von 238  Tagen gewertet (1m/5m/15m)        0 Signale  59 ms lesen  22 ms rechnen
2026-09-08T09:33:10.306Z  VCO/2017        roh           1925 reg. Kerzen        0/0/0 von 241  Tagen gewertet (1m/5m/15m)        0 Signale  40 ms lesen  23 ms rechnen
2026-09-08T09:33:10.356Z  VCO/2018        roh           1712 reg. Kerzen        0/0/0 von 130  Tagen gewertet (1m/5m/15m)        0 Signale  25 ms lesen  16 ms rechnen
2026-09-08T09:33:14.110Z  VDSI/2016       roh          66647 reg. Kerzen      0/53/53 von 252  Tagen gewertet (1m/5m/15m)     1421 Signale  96 ms lesen  3650 ms rechnen
2026-09-08T09:33:14.728Z  VDSI/2017       roh          45872 reg. Kerzen        0/0/0 von 251  Tagen gewertet (1m/5m/15m)        0 Signale  126 ms lesen  306 ms rechnen
2026-09-08T09:33:15.199Z  VDSI/2018       roh          19526 reg. Kerzen        0/2/2 von 105  Tagen gewertet (1m/5m/15m)       59 Signale  39 ms lesen  285 ms rechnen
2026-09-08T09:33:17.453Z  VEI/2021        roh          36307 reg. Kerzen      0/30/30 von 159  Tagen gewertet (1m/5m/15m)      829 Signale  57 ms lesen  2141 ms rechnen
2026-09-08T09:33:17.599Z  VERY/2019       roh            474 reg. Kerzen        0/0/0 von 74   Tagen gewertet (1m/5m/15m)        0 Signale  28 ms lesen  6 ms rechnen
2026-09-08T09:33:17.629Z  VERY/2020       roh           1426 reg. Kerzen        0/0/0 von 206  Tagen gewertet (1m/5m/15m)        0 Signale  13 ms lesen  15 ms rechnen
2026-09-08T09:33:17.682Z  VERY/2021       roh           3854 reg. Kerzen        0/0/0 von 244  Tagen gewertet (1m/5m/15m)        0 Signale  25 ms lesen  23 ms rechnen
2026-09-08T09:33:17.728Z  VERY/2022       roh            821 reg. Kerzen        0/0/0 von 172  Tagen gewertet (1m/5m/15m)        0 Signale  19 ms lesen  11 ms rechnen
2026-09-08T09:33:17.773Z  VERY/2023       roh           1477 reg. Kerzen        0/0/0 von 212  Tagen gewertet (1m/5m/15m)        0 Signale  29 ms lesen  12 ms rechnen
2026-09-08T09:33:17.795Z  VERY/2024       roh            616 reg. Kerzen        0/0/0 von 115  Tagen gewertet (1m/5m/15m)        0 Signale  8 ms lesen  8 ms rechnen
2026-09-08T09:33:18.156Z  VHAI/2024       roh          45861 reg. Kerzen        0/0/0 von 139  Tagen gewertet (1m/5m/15m)        0 Signale  115 ms lesen  242 ms rechnen
2026-09-08T09:33:18.270Z  AUSGELASSEN VHAI/2025: Datei fehlt
2026-09-08T09:33:18.353Z  VIE/2019        roh           8425 reg. Kerzen        0/0/0 von 62   Tagen gewertet (1m/5m/15m)        0 Signale  30 ms lesen  52 ms rechnen
2026-09-08T09:33:23.050Z  VIE/2020        roh          43880 reg. Kerzen      0/66/69 von 253  Tagen gewertet (1m/5m/15m)     1841 Signale  58 ms lesen  4610 ms rechnen
2026-09-08T09:33:24.690Z  VIE/2021        roh          12304 reg. Kerzen      0/32/36 von 48   Tagen gewertet (1m/5m/15m)      646 Signale  35 ms lesen  1476 ms rechnen
2026-09-08T09:33:38.466Z  VIPS/2016       roh          97444 reg. Kerzen    0/232/232 von 252  Tagen gewertet (1m/5m/15m)     6227 Signale  162 ms lesen  13566 ms rechnen
2026-09-08T09:33:52.231Z  VIPS/2017       roh          96403 reg. Kerzen    0/251/251 von 251  Tagen gewertet (1m/5m/15m)     6610 Signale  141 ms lesen  13376 ms rechnen
2026-09-08T09:34:07.421Z  VIPS/2018       roh          96681 reg. Kerzen    0/251/251 von 251  Tagen gewertet (1m/5m/15m)     6764 Signale  159 ms lesen  14776 ms rechnen
2026-09-08T09:34:22.522Z  VIPS/2019       roh          96927 reg. Kerzen    0/252/252 von 252  Tagen gewertet (1m/5m/15m)     6867 Signale  134 ms lesen  14701 ms rechnen
2026-09-08T09:34:37.691Z  VIPS/2020       roh          97986 reg. Kerzen    0/253/253 von 253  Tagen gewertet (1m/5m/15m)     6803 Signale  159 ms lesen  14697 ms rechnen
2026-09-08T09:34:52.871Z  VIPS/2021       roh          97080 reg. Kerzen    0/250/250 von 252  Tagen gewertet (1m/5m/15m)     6762 Signale  285 ms lesen  14644 ms rechnen
2026-09-08T09:35:08.117Z  VIPS/2022       roh          96346 reg. Kerzen    0/249/249 von 251  Tagen gewertet (1m/5m/15m)     6800 Signale  140 ms lesen  14816 ms rechnen
2026-09-08T09:35:22.038Z  VIPS/2023       roh          95912 reg. Kerzen    0/250/250 von 250  Tagen gewertet (1m/5m/15m)     6650 Signale  160 ms lesen  13463 ms rechnen
2026-09-08T09:35:36.244Z  VIPS/2024       roh          96004 reg. Kerzen    0/252/252 von 252  Tagen gewertet (1m/5m/15m)     6667 Signale  141 ms lesen  13809 ms rechnen
2026-09-08T09:35:50.103Z  VIPS/2025       roh          93294 reg. Kerzen    0/250/250 von 250  Tagen gewertet (1m/5m/15m)     6384 Signale  130 ms lesen  13452 ms rechnen
2026-09-08T09:35:59.260Z  VIPS/2026       roh          60325 reg. Kerzen    0/166/166 von 166  Tagen gewertet (1m/5m/15m)     4259 Signale  101 ms lesen  8781 ms rechnen
2026-09-08T09:36:03.267Z  VITL/2020       roh          24640 reg. Kerzen      0/61/62 von 107  Tagen gewertet (1m/5m/15m)     1657 Signale  50 ms lesen  3733 ms rechnen
2026-09-08T09:36:11.966Z  VITL/2021       roh          59118 reg. Kerzen    0/137/140 von 252  Tagen gewertet (1m/5m/15m)     3776 Signale  123 ms lesen  8511 ms rechnen
2026-09-08T09:36:12.556Z  VITL/2022       roh          46744 reg. Kerzen        0/0/0 von 251  Tagen gewertet (1m/5m/15m)        0 Signale  90 ms lesen  307 ms rechnen
2026-09-08T09:36:13.076Z  VITL/2023       roh          50646 reg. Kerzen        0/0/0 von 250  Tagen gewertet (1m/5m/15m)        0 Signale  102 ms lesen  319 ms rechnen
2026-09-08T09:36:25.865Z  VITL/2024       roh          75319 reg. Kerzen    0/203/203 von 252  Tagen gewertet (1m/5m/15m)     5445 Signale  119 ms lesen  12540 ms rechnen
2026-09-08T09:36:41.910Z  VITL/2025       roh          81451 reg. Kerzen    0/250/250 von 250  Tagen gewertet (1m/5m/15m)     6778 Signale  120 ms lesen  15689 ms rechnen
2026-09-08T09:36:52.702Z  VITL/2026       roh          60287 reg. Kerzen    0/166/166 von 166  Tagen gewertet (1m/5m/15m)     4515 Signale  103 ms lesen  10466 ms rechnen
2026-09-08T09:36:55.982Z  VLDR/2020       roh          24463 reg. Kerzen      0/45/45 von 65   Tagen gewertet (1m/5m/15m)     1227 Signale  70 ms lesen  2981 ms rechnen
2026-09-08T09:37:12.181Z  VLDR/2021       roh          97087 reg. Kerzen    0/252/252 von 252  Tagen gewertet (1m/5m/15m)     6954 Signale  168 ms lesen  15961 ms rechnen
2026-09-08T09:37:21.053Z  VLDR/2022       roh          95018 reg. Kerzen    0/120/120 von 251  Tagen gewertet (1m/5m/15m)     3306 Signale  171 ms lesen  8435 ms rechnen
2026-09-08T09:37:21.406Z  VLDR/2023       roh          10193 reg. Kerzen        0/0/0 von 28   Tagen gewertet (1m/5m/15m)        0 Signale  26 ms lesen  61 ms rechnen
2026-09-08T09:37:23.644Z  VLTO/2023       roh          23850 reg. Kerzen      0/43/43 von 63   Tagen gewertet (1m/5m/15m)     1063 Signale  46 ms lesen  2143 ms rechnen
2026-09-08T09:37:35.857Z  VLTO/2024       roh          89941 reg. Kerzen    0/252/252 von 252  Tagen gewertet (1m/5m/15m)     5963 Signale  141 ms lesen  12001 ms rechnen
2026-09-08T09:37:48.414Z  VLTO/2025       roh          84609 reg. Kerzen    0/250/250 von 250  Tagen gewertet (1m/5m/15m)     6009 Signale  190 ms lesen  12118 ms rechnen
2026-09-08T09:37:57.213Z  VLTO/2026       roh          59349 reg. Kerzen    0/166/166 von 166  Tagen gewertet (1m/5m/15m)     4134 Signale  118 ms lesen  8454 ms rechnen
2026-09-08T09:38:07.259Z  VMI/2016        roh          47951 reg. Kerzen    0/210/232 von 252  Tagen gewertet (1m/5m/15m)     5452 Signale  86 ms lesen  9741 ms rechnen
2026-09-08T09:38:18.872Z  VMI/2017        roh          42313 reg. Kerzen    0/210/251 von 251  Tagen gewertet (1m/5m/15m)     5345 Signale  1206 ms lesen  10249 ms rechnen
2026-09-08T09:38:27.964Z  VMI/2018        roh          37137 reg. Kerzen    0/161/251 von 251  Tagen gewertet (1m/5m/15m)     4803 Signale  75 ms lesen  8885 ms rechnen
2026-09-08T09:38:37.020Z  VMI/2019        roh          38314 reg. Kerzen    0/152/251 von 252  Tagen gewertet (1m/5m/15m)     4634 Signale  121 ms lesen  8803 ms rechnen
2026-09-08T09:38:48.073Z  VMI/2020        roh          40412 reg. Kerzen    0/195/252 von 253  Tagen gewertet (1m/5m/15m)     5556 Signale  95 ms lesen  10855 ms rechnen
2026-09-08T09:38:55.878Z  VMI/2021        roh          31829 reg. Kerzen    0/126/244 von 252  Tagen gewertet (1m/5m/15m)     4256 Signale  60 ms lesen  7631 ms rechnen
2026-09-08T09:39:02.626Z  VMI/2022        roh          29716 reg. Kerzen     0/84/247 von 251  Tagen gewertet (1m/5m/15m)     3656 Signale  66 ms lesen  6604 ms rechnen
2026-09-08T09:39:10.812Z  VMI/2023        roh          34460 reg. Kerzen    0/137/250 von 250  Tagen gewertet (1m/5m/15m)     4502 Signale  136 ms lesen  7965 ms rechnen
2026-09-08T09:39:17.115Z  VMI/2024        roh          28737 reg. Kerzen     0/84/239 von 252  Tagen gewertet (1m/5m/15m)     3383 Signale  66 ms lesen  6161 ms rechnen
2026-09-08T09:39:23.341Z  VMI/2025        roh          28999 reg. Kerzen     0/70/246 von 250  Tagen gewertet (1m/5m/15m)     3370 Signale  65 ms lesen  6062 ms rechnen
2026-09-08T09:39:32.095Z  VMI/2026        roh          36383 reg. Kerzen    0/162/166 von 166  Tagen gewertet (1m/5m/15m)     4332 Signale  68 ms lesen  8602 ms rechnen
2026-09-08T09:39:37.190Z  VNTR/2017       roh          33391 reg. Kerzen      0/84/84 von 104  Tagen gewertet (1m/5m/15m)     2216 Signale  86 ms lesen  4892 ms rechnen
2026-09-08T09:39:51.484Z  VNTR/2018       roh          80154 reg. Kerzen    0/242/242 von 251  Tagen gewertet (1m/5m/15m)     6548 Signale  119 ms lesen  14079 ms rechnen
2026-09-08T09:39:52.206Z  VNTR/2019       roh          68042 reg. Kerzen        0/0/0 von 252  Tagen gewertet (1m/5m/15m)        0 Signale  107 ms lesen  404 ms rechnen
2026-09-08T09:39:52.772Z  VNTR/2020       roh          46072 reg. Kerzen        0/0/0 von 253  Tagen gewertet (1m/5m/15m)        0 Signale  87 ms lesen  315 ms rechnen
2026-09-08T09:39:53.274Z  VNTR/2021       roh          52257 reg. Kerzen        0/0/0 von 252  Tagen gewertet (1m/5m/15m)        0 Signale  72 ms lesen  295 ms rechnen
2026-09-08T09:39:53.892Z  VNTR/2022       roh          37402 reg. Kerzen        0/0/0 von 251  Tagen gewertet (1m/5m/15m)        0 Signale  194 ms lesen  256 ms rechnen
2026-09-08T09:39:54.118Z  VNTR/2023       roh          11649 reg. Kerzen        0/0/0 von 91   Tagen gewertet (1m/5m/15m)        0 Signale  26 ms lesen  96 ms rechnen
2026-09-08T09:39:54.254Z  VPCC/2021       roh           6593 reg. Kerzen        0/0/0 von 160  Tagen gewertet (1m/5m/15m)        0 Signale  23 ms lesen  43 ms rechnen
2026-09-08T09:39:54.311Z  VPCC/2022       roh            570 reg. Kerzen        0/0/0 von 3    Tagen gewertet (1m/5m/15m)        0 Signale  23 ms lesen  10 ms rechnen
2026-09-08T09:40:02.022Z  VRN/2024        roh          58659 reg. Kerzen    0/139/139 von 159  Tagen gewertet (1m/5m/15m)     3720 Signale  100 ms lesen  7599 ms rechnen
2026-09-08T09:40:07.330Z  VRN/2025        roh          33758 reg. Kerzen      0/88/88 von 88   Tagen gewertet (1m/5m/15m)     2369 Signale  57 ms lesen  5111 ms rechnen
2026-09-08T09:40:17.749Z  VRSK/2016       roh          86700 reg. Kerzen    0/232/232 von 252  Tagen gewertet (1m/5m/15m)     5194 Signale  205 ms lesen  10105 ms rechnen
2026-09-08T09:40:28.759Z  VRSK/2017       roh          84105 reg. Kerzen    0/251/251 von 251  Tagen gewertet (1m/5m/15m)     5391 Signale  125 ms lesen  10592 ms rechnen
2026-09-08T09:40:40.628Z  VRSK/2018       roh          86618 reg. Kerzen    0/249/249 von 251  Tagen gewertet (1m/5m/15m)     5676 Signale  138 ms lesen  11500 ms rechnen
2026-09-08T09:40:52.333Z  VRSK/2019       roh          85908 reg. Kerzen    0/252/252 von 252  Tagen gewertet (1m/5m/15m)     5729 Signale  148 ms lesen  11276 ms rechnen
2026-09-08T09:41:05.967Z  VRSK/2020       roh          88073 reg. Kerzen    0/253/253 von 253  Tagen gewertet (1m/5m/15m)     6368 Signale  153 ms lesen  13282 ms rechnen
2026-09-08T09:41:17.915Z  VRSK/2021       roh          84300 reg. Kerzen    0/252/252 von 252  Tagen gewertet (1m/5m/15m)     6001 Signale  137 ms lesen  11560 ms rechnen
2026-09-08T09:41:31.189Z  VRSK/2022       roh          86262 reg. Kerzen    0/251/251 von 251  Tagen gewertet (1m/5m/15m)     6424 Signale  125 ms lesen  12934 ms rechnen
2026-09-08T09:41:43.966Z  VRSK/2023       roh          88631 reg. Kerzen    0/250/250 von 250  Tagen gewertet (1m/5m/15m)     5995 Signale  579 ms lesen  11996 ms rechnen
2026-09-08T09:41:56.007Z  VRSK/2024       roh          74379 reg. Kerzen    0/252/252 von 252  Tagen gewertet (1m/5m/15m)     5737 Signale  147 ms lesen  11638 ms rechnen
2026-09-08T09:42:08.559Z  VRSK/2025       roh          79301 reg. Kerzen    0/250/250 von 250  Tagen gewertet (1m/5m/15m)     6054 Signale  137 ms lesen  12207 ms rechnen
2026-09-08T09:42:18.189Z  VRSK/2026       roh          62696 reg. Kerzen    0/166/166 von 166  Tagen gewertet (1m/5m/15m)     4319 Signale  108 ms lesen  9291 ms rechnen
2026-09-08T09:42:18.408Z  VSAC/2021       roh            111 reg. Kerzen        0/0/0 von 6    Tagen gewertet (1m/5m/15m)        0 Signale  27 ms lesen  1 ms rechnen
2026-09-08T09:42:18.446Z  VSAC/2022       roh            365 reg. Kerzen        0/0/0 von 117  Tagen gewertet (1m/5m/15m)        0 Signale  32 ms lesen  5 ms rechnen
2026-09-08T09:42:18.485Z  VSAC/2023       roh            304 reg. Kerzen        0/0/0 von 119  Tagen gewertet (1m/5m/15m)        0 Signale  31 ms lesen  6 ms rechnen
2026-09-08T09:42:18.510Z  VSAC/2024       roh            504 reg. Kerzen        0/0/0 von 77   Tagen gewertet (1m/5m/15m)        0 Signale  18 ms lesen  5 ms rechnen
2026-09-08T09:42:20.040Z  VSLR/2016       roh          71184 reg. Kerzen      0/15/15 von 252  Tagen gewertet (1m/5m/15m)      415 Signale  133 ms lesen  1393 ms rechnen
2026-09-08T09:42:20.792Z  VSLR/2017       roh          62768 reg. Kerzen        0/0/0 von 251  Tagen gewertet (1m/5m/15m)        0 Signale  85 ms lesen  429 ms rechnen
2026-09-08T09:42:21.539Z  VSLR/2018       roh          63875 reg. Kerzen        0/0/0 von 251  Tagen gewertet (1m/5m/15m)        0 Signale  119 ms lesen  435 ms rechnen
2026-09-08T09:42:30.833Z  VSLR/2019       roh          81716 reg. Kerzen    0/139/139 von 252  Tagen gewertet (1m/5m/15m)     3829 Signale  105 ms lesen  9031 ms rechnen
2026-09-08T09:42:43.437Z  VSLR/2020       roh          74043 reg. Kerzen    0/194/194 von 194  Tagen gewertet (1m/5m/15m)     5283 Signale  107 ms lesen  12238 ms rechnen
2026-09-08T09:42:43.714Z  VSTE/2022       roh            908 reg. Kerzen        0/0/0 von 167  Tagen gewertet (1m/5m/15m)        0 Signale  55 ms lesen  11 ms rechnen
2026-09-08T09:42:43.761Z  VSTE/2023       roh           1451 reg. Kerzen        0/0/0 von 167  Tagen gewertet (1m/5m/15m)        0 Signale  28 ms lesen  14 ms rechnen
2026-09-08T09:42:43.900Z  VSTE/2024       roh          16373 reg. Kerzen        0/0/0 von 251  Tagen gewertet (1m/5m/15m)        0 Signale  40 ms lesen  93 ms rechnen
2026-09-08T09:42:44.172Z  VSTE/2025       roh          15811 reg. Kerzen        0/0/0 von 98   Tagen gewertet (1m/5m/15m)        0 Signale  131 ms lesen  99 ms rechnen
2026-09-08T09:42:44.347Z  VTNR/2016       roh           9837 reg. Kerzen        0/0/0 von 252  Tagen gewertet (1m/5m/15m)        0 Signale  54 ms lesen  64 ms rechnen
2026-09-08T09:42:44.477Z  VTNR/2017       roh          10576 reg. Kerzen        0/0/0 von 251  Tagen gewertet (1m/5m/15m)        0 Signale  30 ms lesen  74 ms rechnen
2026-09-08T09:42:44.691Z  VTNR/2018       roh          16147 reg. Kerzen        0/0/0 von 250  Tagen gewertet (1m/5m/15m)        0 Signale  64 ms lesen  124 ms rechnen
2026-09-08T09:42:44.877Z  VTNR/2019       roh          10988 reg. Kerzen        0/0/0 von 252  Tagen gewertet (1m/5m/15m)        0 Signale  50 ms lesen  85 ms rechnen
2026-09-08T09:42:45.139Z  VTNR/2020       roh          23270 reg. Kerzen        0/0/0 von 253  Tagen gewertet (1m/5m/15m)        0 Signale  93 ms lesen  137 ms rechnen
2026-09-08T09:42:55.790Z  VTNR/2021       roh          80238 reg. Kerzen    0/158/158 von 252  Tagen gewertet (1m/5m/15m)     4369 Signale  205 ms lesen  10363 ms rechnen
2026-09-08T09:43:11.240Z  VTNR/2022       roh          95687 reg. Kerzen    0/251/251 von 251  Tagen gewertet (1m/5m/15m)     6946 Signale  140 ms lesen  15089 ms rechnen
2026-09-08T09:43:27.178Z  VTNR/2023       roh          92143 reg. Kerzen    0/242/242 von 250  Tagen gewertet (1m/5m/15m)     6625 Signale  145 ms lesen  15529 ms rechnen
2026-09-08T09:43:29.437Z  VTNR/2024       roh          64401 reg. Kerzen      0/24/24 von 193  Tagen gewertet (1m/5m/15m)      672 Signale  103 ms lesen  1925 ms rechnen
2026-09-08T09:43:33.535Z  VVNT/2020       roh          51851 reg. Kerzen      0/60/61 von 241  Tagen gewertet (1m/5m/15m)     1613 Signale  111 ms lesen  3791 ms rechnen
2026-09-08T09:43:40.434Z  VVNT/2021       roh          64681 reg. Kerzen    0/102/102 von 252  Tagen gewertet (1m/5m/15m)     2788 Signale  111 ms lesen  6631 ms rechnen
2026-09-08T09:43:41.490Z  VVNT/2022       roh          66650 reg. Kerzen        0/8/8 von 250  Tagen gewertet (1m/5m/15m)       97 Signale  132 ms lesen  712 ms rechnen
2026-09-08T09:43:43.344Z  VVNT/2023       roh          14634 reg. Kerzen      0/46/46 von 46   Tagen gewertet (1m/5m/15m)      674 Signale  32 ms lesen  1663 ms rechnen
2026-09-08T09:43:43.551Z  VXRT/2016       roh          10038 reg. Kerzen        0/0/0 von 252  Tagen gewertet (1m/5m/15m)        0 Signale  52 ms lesen  90 ms rechnen
2026-09-08T09:43:43.838Z  VXRT/2017       roh          23370 reg. Kerzen        0/0/0 von 251  Tagen gewertet (1m/5m/15m)        0 Signale  68 ms lesen  182 ms rechnen
2026-09-08T09:43:44.096Z  VXRT/2018       roh          19263 reg. Kerzen        0/0/0 von 249  Tagen gewertet (1m/5m/15m)        0 Signale  65 ms lesen  112 ms rechnen
2026-09-08T09:43:44.389Z  VXRT/2019       roh          25367 reg. Kerzen        0/0/0 von 252  Tagen gewertet (1m/5m/15m)        0 Signale  73 ms lesen  178 ms rechnen
2026-09-08T09:43:59.649Z  VXRT/2020       roh          93410 reg. Kerzen    0/226/226 von 253  Tagen gewertet (1m/5m/15m)     6179 Signale  172 ms lesen  15021 ms rechnen
2026-09-08T09:44:16.259Z  VXRT/2021       roh          96980 reg. Kerzen    0/252/252 von 252  Tagen gewertet (1m/5m/15m)     6997 Signale  162 ms lesen  16171 ms rechnen
2026-09-08T09:44:29.950Z  VXRT/2022       roh          93280 reg. Kerzen    0/199/199 von 251  Tagen gewertet (1m/5m/15m)     5456 Signale  230 ms lesen  13176 ms rechnen
2026-09-08T09:44:30.707Z  VXRT/2023       roh          74507 reg. Kerzen        0/0/0 von 250  Tagen gewertet (1m/5m/15m)        0 Signale  127 ms lesen  405 ms rechnen
2026-09-08T09:44:31.570Z  VXRT/2024       roh          75860 reg. Kerzen        0/0/0 von 252  Tagen gewertet (1m/5m/15m)        0 Signale  148 ms lesen  457 ms rechnen
2026-09-08T09:44:32.078Z  VXRT/2025       roh          37196 reg. Kerzen        0/0/0 von 126  Tagen gewertet (1m/5m/15m)        0 Signale  87 ms lesen  220 ms rechnen
2026-09-08T09:44:32.174Z  AUSGELASSEN VXRT/2026: Datei fehlt
2026-09-08T09:44:32.363Z  WAAS/2016       roh           8124 reg. Kerzen        0/0/0 von 60   Tagen gewertet (1m/5m/15m)        0 Signale  128 ms lesen  51 ms rechnen
2026-09-08T09:44:32.693Z  WAAS/2017       roh          33198 reg. Kerzen        0/0/0 von 251  Tagen gewertet (1m/5m/15m)        0 Signale  76 ms lesen  226 ms rechnen
2026-09-08T09:44:33.079Z  WAAS/2018       roh          29470 reg. Kerzen        0/0/0 von 251  Tagen gewertet (1m/5m/15m)        0 Signale  81 ms lesen  229 ms rechnen
2026-09-08T09:44:33.458Z  WAAS/2019       roh          32587 reg. Kerzen        0/0/0 von 252  Tagen gewertet (1m/5m/15m)        0 Signale  58 ms lesen  244 ms rechnen
2026-09-08T09:44:35.661Z  WAAS/2020       roh          15001 reg. Kerzen      0/53/55 von 60   Tagen gewertet (1m/5m/15m)      885 Signale  30 ms lesen  2086 ms rechnen
2026-09-08T09:44:35.759Z  WARR/2021       roh           3178 reg. Kerzen        0/0/0 von 159  Tagen gewertet (1m/5m/15m)        0 Signale  26 ms lesen  17 ms rechnen
2026-09-08T09:44:35.806Z  WARR/2022       roh           1393 reg. Kerzen        0/0/0 von 152  Tagen gewertet (1m/5m/15m)        0 Signale  21 ms lesen  16 ms rechnen
2026-09-08T09:44:46.741Z  WBA/2016        roh          97972 reg. Kerzen    0/232/232 von 252  Tagen gewertet (1m/5m/15m)     5559 Signale  197 ms lesen  10709 ms rechnen
2026-09-08T09:44:58.550Z  WBA/2017        roh          97440 reg. Kerzen    0/251/251 von 251  Tagen gewertet (1m/5m/15m)     5758 Signale  290 ms lesen  11265 ms rechnen
2026-09-08T09:45:11.435Z  WBA/2018        roh          96551 reg. Kerzen    0/249/249 von 251  Tagen gewertet (1m/5m/15m)     6188 Signale  143 ms lesen  12501 ms rechnen
2026-09-08T09:45:24.644Z  WBA/2019        roh          97717 reg. Kerzen    0/252/252 von 252  Tagen gewertet (1m/5m/15m)     6186 Signale  164 ms lesen  12756 ms rechnen
2026-09-08T09:45:39.168Z  WBA/2020        roh          98245 reg. Kerzen    0/253/253 von 253  Tagen gewertet (1m/5m/15m)     6610 Signale  174 ms lesen  14073 ms rechnen
2026-09-08T09:45:52.271Z  WBA/2021        roh          98053 reg. Kerzen    0/252/252 von 252  Tagen gewertet (1m/5m/15m)     6335 Signale  145 ms lesen  12713 ms rechnen
2026-09-08T09:46:06.146Z  WBA/2022        roh          97704 reg. Kerzen    0/251/251 von 251  Tagen gewertet (1m/5m/15m)     6583 Signale  153 ms lesen  13488 ms rechnen
2026-09-08T09:46:19.624Z  WBA/2023        roh          97131 reg. Kerzen    0/250/250 von 250  Tagen gewertet (1m/5m/15m)     6319 Signale  168 ms lesen  13048 ms rechnen
2026-09-08T09:46:34.524Z  WBA/2024        roh          97728 reg. Kerzen    0/252/252 von 252  Tagen gewertet (1m/5m/15m)     6597 Signale  177 ms lesen  14470 ms rechnen
2026-09-08T09:46:42.208Z  WBA/2025        roh          63201 reg. Kerzen    0/163/163 von 163  Tagen gewertet (1m/5m/15m)     3462 Signale  100 ms lesen  7349 ms rechnen
2026-09-08T09:46:54.911Z  WBMD/2016       roh          81602 reg. Kerzen    0/232/232 von 252  Tagen gewertet (1m/5m/15m)     5916 Signale  127 ms lesen  12351 ms rechnen
2026-09-08T09:47:03.221Z  WBMD/2017       roh          53078 reg. Kerzen    0/178/178 von 178  Tagen gewertet (1m/5m/15m)     3887 Signale  82 ms lesen  8003 ms rechnen
2026-09-08T09:47:03.438Z  WCST/2016       roh           1075 reg. Kerzen        0/0/0 von 33   Tagen gewertet (1m/5m/15m)        0 Signale  29 ms lesen  10 ms rechnen
2026-09-08T09:47:03.574Z  WCST/2017       roh          13789 reg. Kerzen        0/0/0 von 134  Tagen gewertet (1m/5m/15m)        0 Signale  31 ms lesen  102 ms rechnen
2026-09-08T09:47:03.692Z  WE/2020         bereinigt     1641 reg. Kerzen        0/0/0 von 43   Tagen gewertet (1m/5m/15m)        0 Signale  35 ms lesen  13 ms rechnen
2026-09-08T09:47:09.864Z  WE/2021         bereinigt    56147 reg. Kerzen     0/95/107 von 252  Tagen gewertet (1m/5m/15m)     2590 Signale  94 ms lesen  6073 ms rechnen
2026-09-08T09:47:26.271Z  WE/2022         bereinigt    95271 reg. Kerzen    0/249/249 von 251  Tagen gewertet (1m/5m/15m)     6897 Signale  171 ms lesen  16074 ms rechnen
2026-09-08T09:47:34.888Z  WE/2023         bereinigt    79087 reg. Kerzen    0/122/122 von 212  Tagen gewertet (1m/5m/15m)     3270 Signale  237 ms lesen  8136 ms rechnen
2026-09-08T09:47:46.511Z  WELL/2016       roh          97424 reg. Kerzen    0/232/232 von 252  Tagen gewertet (1m/5m/15m)     5623 Signale  140 ms lesen  11205 ms rechnen
2026-09-08T09:47:58.202Z  WELL/2017       roh          95917 reg. Kerzen    0/251/251 von 251  Tagen gewertet (1m/5m/15m)     5741 Signale  161 ms lesen  11223 ms rechnen
2026-09-08T09:48:14.849Z  WELL/2018       roh          96802 reg. Kerzen    0/251/251 von 251  Tagen gewertet (1m/5m/15m)     6203 Signale  4331 ms lesen  12053 ms rechnen
2026-09-08T09:48:26.624Z  WELL/2019       roh          97033 reg. Kerzen    0/252/252 von 252  Tagen gewertet (1m/5m/15m)     5920 Signale  143 ms lesen  11361 ms rechnen
2026-09-08T09:48:41.227Z  WELL/2020       roh          97799 reg. Kerzen    0/253/253 von 253  Tagen gewertet (1m/5m/15m)     6687 Signale  131 ms lesen  14194 ms rechnen
2026-09-08T09:48:54.369Z  WELL/2021       roh          95273 reg. Kerzen    0/250/250 von 252  Tagen gewertet (1m/5m/15m)     6321 Signale  151 ms lesen  12729 ms rechnen
2026-09-08T09:49:08.007Z  WELL/2022       roh          95536 reg. Kerzen    0/249/249 von 251  Tagen gewertet (1m/5m/15m)     6446 Signale  149 ms lesen  13197 ms rechnen
2026-09-08T09:49:21.281Z  WELL/2023       roh          95687 reg. Kerzen    0/250/250 von 250  Tagen gewertet (1m/5m/15m)     6239 Signale  134 ms lesen  12857 ms rechnen
2026-09-08T09:49:33.692Z  WELL/2024       roh          95956 reg. Kerzen    0/252/252 von 252  Tagen gewertet (1m/5m/15m)     5923 Signale  120 ms lesen  12013 ms rechnen
2026-09-08T09:49:46.254Z  WELL/2025       roh          94700 reg. Kerzen    0/250/250 von 250  Tagen gewertet (1m/5m/15m)     6039 Signale  140 ms lesen  12187 ms rechnen
2026-09-08T09:49:54.954Z  WELL/2026       roh          63014 reg. Kerzen    0/166/166 von 166  Tagen gewertet (1m/5m/15m)     4163 Signale  102 ms lesen  8305 ms rechnen
2026-09-08T09:50:05.859Z  WFC/2016        roh          98091 reg. Kerzen    0/232/232 von 252  Tagen gewertet (1m/5m/15m)     5539 Signale  153 ms lesen  10571 ms rechnen
2026-09-08T09:50:17.803Z  WFC/2017        roh          97529 reg. Kerzen    0/251/251 von 251  Tagen gewertet (1m/5m/15m)     5900 Signale  152 ms lesen  11552 ms rechnen
2026-09-08T09:50:30.438Z  WFC/2018        roh          97338 reg. Kerzen    0/251/251 von 251  Tagen gewertet (1m/5m/15m)     6149 Signale  140 ms lesen  12224 ms rechnen
2026-09-08T09:50:42.687Z  WFC/2019        roh          97699 reg. Kerzen    0/252/252 von 252  Tagen gewertet (1m/5m/15m)     6032 Signale  133 ms lesen  11805 ms rechnen
2026-09-08T09:50:57.067Z  WFC/2020        roh          98254 reg. Kerzen    0/253/253 von 253  Tagen gewertet (1m/5m/15m)     6606 Signale  176 ms lesen  13950 ms rechnen
2026-09-08T09:51:10.494Z  WFC/2021        roh          97315 reg. Kerzen    0/250/250 von 252  Tagen gewertet (1m/5m/15m)     6362 Signale  211 ms lesen  12947 ms rechnen
2026-09-08T09:51:24.449Z  WFC/2022        roh          96945 reg. Kerzen    0/249/249 von 251  Tagen gewertet (1m/5m/15m)     6510 Signale  171 ms lesen  13510 ms rechnen
2026-09-08T09:51:37.394Z  WFC/2023        roh          97119 reg. Kerzen    0/250/250 von 250  Tagen gewertet (1m/5m/15m)     6305 Signale  208 ms lesen  12461 ms rechnen
2026-09-08T09:51:50.167Z  WFC/2024        roh          97718 reg. Kerzen    0/252/252 von 252  Tagen gewertet (1m/5m/15m)     6264 Signale  172 ms lesen  12281 ms rechnen
2026-09-08T09:52:02.959Z  WFC/2025        roh          96953 reg. Kerzen    0/250/250 von 250  Tagen gewertet (1m/5m/15m)     6203 Signale  203 ms lesen  12291 ms rechnen
2026-09-08T09:52:11.619Z  WFC/2026        roh          64728 reg. Kerzen    0/166/166 von 166  Tagen gewertet (1m/5m/15m)     4261 Signale  121 ms lesen  8276 ms rechnen
2026-09-08T09:52:23.400Z  WGL/2016        roh          63422 reg. Kerzen    0/232/232 von 252  Tagen gewertet (1m/5m/15m)     5610 Signale  128 ms lesen  11422 ms rechnen
2026-09-08T09:52:33.125Z  WGL/2017        roh          58688 reg. Kerzen    0/248/251 von 251  Tagen gewertet (1m/5m/15m)     4805 Signale  92 ms lesen  9467 ms rechnen
2026-09-08T09:52:38.372Z  WGL/2018        roh          31899 reg. Kerzen    0/128/129 von 129  Tagen gewertet (1m/5m/15m)     2450 Signale  66 ms lesen  5024 ms rechnen
2026-09-08T09:52:38.747Z  WHLR/2016       bereinigt    23704 reg. Kerzen        0/0/0 von 252  Tagen gewertet (1m/5m/15m)        0 Signale  86 ms lesen  167 ms rechnen
2026-09-08T09:52:39.159Z  WHLR/2017       bereinigt    27624 reg. Kerzen        0/0/0 von 251  Tagen gewertet (1m/5m/15m)        0 Signale  124 ms lesen  213 ms rechnen
2026-09-08T09:52:39.466Z  WHLR/2018       bereinigt    21655 reg. Kerzen        0/0/0 von 251  Tagen gewertet (1m/5m/15m)        0 Signale  46 ms lesen  175 ms rechnen
2026-09-08T09:52:39.639Z  WHLR/2019       bereinigt     9001 reg. Kerzen        0/0/0 von 252  Tagen gewertet (1m/5m/15m)        0 Signale  36 ms lesen  76 ms rechnen
2026-09-08T09:52:39.750Z  WHLR/2020       bereinigt     8616 reg. Kerzen        0/0/0 von 253  Tagen gewertet (1m/5m/15m)        0 Signale  18 ms lesen  64 ms rechnen
2026-09-08T09:52:39.925Z  WHLR/2021       bereinigt    12943 reg. Kerzen        0/0/0 von 252  Tagen gewertet (1m/5m/15m)        0 Signale  55 ms lesen  93 ms rechnen
2026-09-08T09:52:40.005Z  WHLR/2022       bereinigt     4988 reg. Kerzen        0/0/0 von 250  Tagen gewertet (1m/5m/15m)        0 Signale  14 ms lesen  40 ms rechnen
2026-09-08T09:52:40.243Z  WHLR/2023       bereinigt    24050 reg. Kerzen        0/0/0 von 249  Tagen gewertet (1m/5m/15m)        0 Signale  100 ms lesen  121 ms rechnen
2026-09-08T09:52:41.899Z  WHLR/2024       bereinigt    34319 reg. Kerzen      0/19/19 von 252  Tagen gewertet (1m/5m/15m)      489 Signale  113 ms lesen  1493 ms rechnen
2026-09-08T09:52:42.329Z  WHLR/2025       bereinigt    39263 reg. Kerzen        0/0/0 von 250  Tagen gewertet (1m/5m/15m)        0 Signale  99 ms lesen  234 ms rechnen
2026-09-08T09:52:42.645Z  WHLR/2026       bereinigt    23373 reg. Kerzen        0/0/0 von 166  Tagen gewertet (1m/5m/15m)        0 Signale  57 ms lesen  155 ms rechnen
2026-09-08T09:52:44.402Z  CHECKPOINT 5400 Dateien, 918 min, Detektorfehler {}
2026-09-08T09:52:44.433Z  WINR/2017       bereinigt      290 reg. Kerzen        0/0/0 von 39   Tagen gewertet (1m/5m/15m)        0 Signale  15 ms lesen  3 ms rechnen
2026-09-08T09:52:44.463Z  WINR/2018       bereinigt     1426 reg. Kerzen        0/0/0 von 148  Tagen gewertet (1m/5m/15m)        0 Signale  17 ms lesen  12 ms rechnen
2026-09-08T09:52:44.479Z  WINR/2019       bereinigt     1243 reg. Kerzen        0/0/0 von 16   Tagen gewertet (1m/5m/15m)        0 Signale  3 ms lesen  9 ms rechnen
2026-09-08T09:52:53.902Z  WIX/2016        roh          62647 reg. Kerzen    0/166/166 von 252  Tagen gewertet (1m/5m/15m)     4413 Signale  105 ms lesen  9294 ms rechnen
2026-09-08T09:53:08.145Z  WIX/2017        roh          80233 reg. Kerzen    0/251/251 von 251  Tagen gewertet (1m/5m/15m)     6800 Signale  109 ms lesen  13949 ms rechnen
2026-09-08T09:53:22.437Z  WIX/2018        roh          79661 reg. Kerzen    0/249/249 von 251  Tagen gewertet (1m/5m/15m)     6728 Signale  179 ms lesen  13918 ms rechnen
2026-09-08T09:53:36.067Z  WIX/2019        roh          79463 reg. Kerzen    0/252/252 von 252  Tagen gewertet (1m/5m/15m)     6658 Signale  124 ms lesen  13294 ms rechnen
2026-09-08T09:53:51.091Z  WIX/2020        roh          84713 reg. Kerzen    0/253/253 von 253  Tagen gewertet (1m/5m/15m)     6891 Signale  183 ms lesen  14648 ms rechnen
2026-09-08T09:54:05.928Z  WIX/2021        roh          79810 reg. Kerzen    0/252/252 von 252  Tagen gewertet (1m/5m/15m)     6816 Signale  123 ms lesen  14507 ms rechnen
2026-09-08T09:54:21.512Z  WIX/2022        roh          87952 reg. Kerzen    0/251/251 von 251  Tagen gewertet (1m/5m/15m)     6896 Signale  137 ms lesen  15206 ms rechnen
2026-09-08T09:54:36.199Z  WIX/2023        roh          80022 reg. Kerzen    0/250/250 von 250  Tagen gewertet (1m/5m/15m)     6682 Signale  130 ms lesen  14325 ms rechnen
2026-09-08T09:54:49.850Z  WIX/2024        roh          68490 reg. Kerzen    0/251/252 von 252  Tagen gewertet (1m/5m/15m)     6513 Signale  173 ms lesen  13249 ms rechnen
2026-09-08T09:55:04.943Z  WIX/2025        roh          80549 reg. Kerzen    0/250/250 von 250  Tagen gewertet (1m/5m/15m)     6763 Signale  130 ms lesen  14763 ms rechnen
2026-09-08T09:55:15.302Z  WIX/2026        roh          61155 reg. Kerzen    0/166/166 von 166  Tagen gewertet (1m/5m/15m)     4513 Signale  140 ms lesen  9963 ms rechnen
2026-09-08T09:55:28.276Z  WLK/2016        roh          90905 reg. Kerzen    0/232/232 von 252  Tagen gewertet (1m/5m/15m)     6180 Signale  119 ms lesen  12645 ms rechnen
2026-09-08T09:55:41.399Z  WLK/2017        roh          85014 reg. Kerzen    0/251/251 von 251  Tagen gewertet (1m/5m/15m)     6361 Signale  135 ms lesen  12725 ms rechnen
2026-09-08T09:55:55.137Z  WLK/2018        roh          85783 reg. Kerzen    0/251/251 von 251  Tagen gewertet (1m/5m/15m)     6655 Signale  159 ms lesen  13365 ms rechnen
2026-09-08T09:56:08.579Z  WLK/2019        roh          83610 reg. Kerzen    0/252/252 von 252  Tagen gewertet (1m/5m/15m)     6626 Signale  214 ms lesen  13003 ms rechnen
2026-09-08T09:56:23.265Z  WLK/2020        roh          79601 reg. Kerzen    0/253/253 von 253  Tagen gewertet (1m/5m/15m)     6827 Signale  134 ms lesen  14335 ms rechnen
2026-09-08T09:56:36.878Z  WLK/2021        roh          76318 reg. Kerzen    0/250/250 von 252  Tagen gewertet (1m/5m/15m)     6598 Signale  111 ms lesen  13269 ms rechnen
2026-09-08T09:56:50.939Z  WLK/2022        roh          84462 reg. Kerzen    0/249/249 von 251  Tagen gewertet (1m/5m/15m)     6656 Signale  128 ms lesen  13748 ms rechnen
2026-09-08T09:57:04.194Z  WLK/2023        roh          70807 reg. Kerzen    0/249/249 von 250  Tagen gewertet (1m/5m/15m)     6423 Signale  163 ms lesen  12887 ms rechnen
2026-09-08T09:57:16.976Z  WLK/2024        roh          61618 reg. Kerzen    0/251/252 von 252  Tagen gewertet (1m/5m/15m)     6333 Signale  119 ms lesen  12411 ms rechnen
2026-09-08T09:57:31.160Z  WLK/2025        roh          80899 reg. Kerzen    0/250/250 von 250  Tagen gewertet (1m/5m/15m)     6577 Signale  127 ms lesen  13878 ms rechnen
2026-09-08T09:57:40.631Z  WLK/2026        roh          54054 reg. Kerzen    0/166/166 von 166  Tagen gewertet (1m/5m/15m)     4399 Signale  143 ms lesen  9122 ms rechnen
2026-09-08T09:57:48.193Z  WMG/2020        roh          47362 reg. Kerzen    0/128/128 von 148  Tagen gewertet (1m/5m/15m)     3386 Signale  72 ms lesen  7300 ms rechnen
2026-09-08T09:58:02.782Z  WMG/2021        roh          76254 reg. Kerzen    0/252/252 von 252  Tagen gewertet (1m/5m/15m)     6736 Signale  118 ms lesen  14322 ms rechnen
2026-09-08T09:58:19.961Z  WMG/2022        roh          89075 reg. Kerzen    0/251/251 von 251  Tagen gewertet (1m/5m/15m)     6792 Signale  2624 ms lesen  14367 ms rechnen
2026-09-08T09:58:34.183Z  WMG/2023        roh          90112 reg. Kerzen    0/250/250 von 250  Tagen gewertet (1m/5m/15m)     6497 Signale  103 ms lesen  13862 ms rechnen
2026-09-08T09:58:47.584Z  WMG/2024        roh          88107 reg. Kerzen    0/252/252 von 252  Tagen gewertet (1m/5m/15m)     6317 Signale  246 ms lesen  12923 ms rechnen
2026-09-08T09:59:00.631Z  WMG/2025        roh          89417 reg. Kerzen    0/250/250 von 250  Tagen gewertet (1m/5m/15m)     6259 Signale  138 ms lesen  12688 ms rechnen
2026-09-08T09:59:09.705Z  WMG/2026        roh          60856 reg. Kerzen    0/166/166 von 166  Tagen gewertet (1m/5m/15m)     4323 Signale  95 ms lesen  8752 ms rechnen
2026-09-08T09:59:09.935Z  WNNR/2022       roh            624 reg. Kerzen        0/0/0 von 143  Tagen gewertet (1m/5m/15m)        0 Signale  22 ms lesen  9 ms rechnen
2026-09-08T09:59:09.991Z  WNNR/2023       roh           2656 reg. Kerzen        0/0/0 von 214  Tagen gewertet (1m/5m/15m)        0 Signale  31 ms lesen  21 ms rechnen
2026-09-08T09:59:10.086Z  WNNR/2024       roh           1409 reg. Kerzen        0/0/0 von 61   Tagen gewertet (1m/5m/15m)        0 Signale  70 ms lesen  14 ms rechnen
2026-09-08T09:59:10.238Z  WORX/2016       bereinigt     1360 reg. Kerzen        0/0/0 von 60   Tagen gewertet (1m/5m/15m)        0 Signale  113 ms lesen  12 ms rechnen
2026-09-08T09:59:10.358Z  WORX/2017       bereinigt    10833 reg. Kerzen        0/0/0 von 251  Tagen gewertet (1m/5m/15m)        0 Signale  44 ms lesen  73 ms rechnen
2026-09-08T09:59:10.600Z  WORX/2018       bereinigt    23628 reg. Kerzen        0/0/0 von 251  Tagen gewertet (1m/5m/15m)        0 Signale  52 ms lesen  166 ms rechnen
2026-09-08T09:59:10.791Z  WORX/2019       bereinigt    11612 reg. Kerzen        0/0/0 von 252  Tagen gewertet (1m/5m/15m)        0 Signale  24 ms lesen  107 ms rechnen
2026-09-08T09:59:11.214Z  WORX/2020       bereinigt    25079 reg. Kerzen        0/2/2 von 177  Tagen gewertet (1m/5m/15m)       51 Signale  71 ms lesen  321 ms rechnen
2026-09-08T09:59:13.263Z  WORX/2021       bereinigt    46407 reg. Kerzen      0/23/23 von 252  Tagen gewertet (1m/5m/15m)      648 Signale  96 ms lesen  1879 ms rechnen
2026-09-08T09:59:13.510Z  WORX/2022       bereinigt    11610 reg. Kerzen        0/0/0 von 251  Tagen gewertet (1m/5m/15m)        0 Signale  29 ms lesen  72 ms rechnen
2026-09-08T09:59:13.711Z  WORX/2023       bereinigt    16841 reg. Kerzen        0/0/0 von 250  Tagen gewertet (1m/5m/15m)        0 Signale  43 ms lesen  126 ms rechnen
2026-09-08T09:59:13.873Z  WORX/2024       bereinigt    13109 reg. Kerzen        0/0/0 von 252  Tagen gewertet (1m/5m/15m)        0 Signale  51 ms lesen  69 ms rechnen
2026-09-08T09:59:14.196Z  WORX/2025       bereinigt    30371 reg. Kerzen        0/0/0 von 250  Tagen gewertet (1m/5m/15m)        0 Signale  94 ms lesen  194 ms rechnen
2026-09-08T09:59:14.416Z  WORX/2026       bereinigt    13560 reg. Kerzen        0/0/0 von 69   Tagen gewertet (1m/5m/15m)        0 Signale  45 ms lesen  81 ms rechnen
2026-09-08T09:59:27.686Z  WPG/2016        bereinigt    91433 reg. Kerzen    0/232/232 von 252  Tagen gewertet (1m/5m/15m)     6154 Signale  166 ms lesen  13055 ms rechnen
2026-09-08T09:59:41.627Z  WPG/2017        bereinigt    92843 reg. Kerzen    0/251/251 von 251  Tagen gewertet (1m/5m/15m)     6778 Signale  157 ms lesen  13497 ms rechnen
2026-09-08T09:59:55.846Z  WPG/2018        bereinigt    93669 reg. Kerzen    0/251/251 von 251  Tagen gewertet (1m/5m/15m)     6727 Signale  183 ms lesen  13751 ms rechnen
2026-09-08T10:00:11.244Z  WPG/2019        bereinigt    93650 reg. Kerzen    0/252/252 von 252  Tagen gewertet (1m/5m/15m)     6810 Signale  171 ms lesen  14939 ms rechnen
2026-09-08T10:00:16.647Z  WPG/2020        bereinigt    93659 reg. Kerzen      0/78/78 von 253  Tagen gewertet (1m/5m/15m)     2126 Signale  183 ms lesen  4977 ms rechnen
2026-09-08T10:00:21.398Z  WPG/2021        roh          59040 reg. Kerzen      0/59/59 von 187  Tagen gewertet (1m/5m/15m)     1619 Signale  157 ms lesen  4361 ms rechnen
2026-09-08T10:00:32.002Z  WRB/2016        bereinigt    76034 reg. Kerzen    0/232/232 von 252  Tagen gewertet (1m/5m/15m)     5141 Signale  199 ms lesen  10226 ms rechnen
2026-09-08T10:00:43.087Z  WRB/2017        bereinigt    71590 reg. Kerzen    0/251/251 von 251  Tagen gewertet (1m/5m/15m)     5366 Signale  153 ms lesen  10704 ms rechnen
2026-09-08T10:00:54.810Z  WRB/2018        bereinigt    67294 reg. Kerzen    0/251/251 von 251  Tagen gewertet (1m/5m/15m)     5880 Signale  158 ms lesen  11341 ms rechnen
2026-09-08T10:01:08.341Z  WRB/2019        bereinigt    77434 reg. Kerzen    0/252/252 von 252  Tagen gewertet (1m/5m/15m)     5716 Signale  162 ms lesen  13173 ms rechnen
2026-09-08T10:01:22.054Z  WRB/2020        bereinigt    90224 reg. Kerzen    0/253/253 von 253  Tagen gewertet (1m/5m/15m)     6504 Signale  211 ms lesen  13279 ms rechnen
2026-09-08T10:01:34.494Z  WRB/2021        bereinigt    82016 reg. Kerzen    0/250/250 von 252  Tagen gewertet (1m/5m/15m)     6110 Signale  176 ms lesen  12000 ms rechnen
2026-09-08T10:01:47.600Z  WRB/2022        bereinigt    90228 reg. Kerzen    0/249/249 von 251  Tagen gewertet (1m/5m/15m)     6257 Signale  296 ms lesen  12592 ms rechnen
2026-09-08T10:01:59.848Z  WRB/2023        bereinigt    91010 reg. Kerzen    0/250/250 von 250  Tagen gewertet (1m/5m/15m)     6074 Signale  201 ms lesen  11800 ms rechnen
2026-09-08T10:02:11.974Z  WRB/2024        bereinigt    89783 reg. Kerzen    0/252/252 von 252  Tagen gewertet (1m/5m/15m)     5885 Signale  169 ms lesen  11691 ms rechnen
2026-09-08T10:02:24.384Z  WRB/2025        roh          92225 reg. Kerzen    0/250/250 von 250  Tagen gewertet (1m/5m/15m)     5911 Signale  145 ms lesen  12015 ms rechnen
2026-09-08T10:02:32.895Z  WRB/2026        roh          61344 reg. Kerzen    0/166/166 von 166  Tagen gewertet (1m/5m/15m)     4121 Signale  88 ms lesen  8162 ms rechnen
2026-09-08T10:02:33.166Z  WSC/2016        roh            386 reg. Kerzen        0/0/0 von 116  Tagen gewertet (1m/5m/15m)        0 Signale  12 ms lesen  5 ms rechnen
2026-09-08T10:02:33.296Z  WSC/2017        roh           6681 reg. Kerzen        0/0/6 von 186  Tagen gewertet (1m/5m/15m)        9 Signale  73 ms lesen  54 ms rechnen
2026-09-08T10:02:39.945Z  WSC/2018        roh          58582 reg. Kerzen    0/118/120 von 251  Tagen gewertet (1m/5m/15m)     3064 Signale  109 ms lesen  6523 ms rechnen
2026-09-08T10:02:49.828Z  WSC/2019        roh          72544 reg. Kerzen    0/169/169 von 252  Tagen gewertet (1m/5m/15m)     4458 Signale  134 ms lesen  9579 ms rechnen
2026-09-08T10:03:04.306Z  WSC/2020        roh          85644 reg. Kerzen    0/233/233 von 253  Tagen gewertet (1m/5m/15m)     6259 Signale  120 ms lesen  14103 ms rechnen
2026-09-08T10:03:21.831Z  WSC/2021        roh          91434 reg. Kerzen    0/252/252 von 252  Tagen gewertet (1m/5m/15m)     6522 Signale  2620 ms lesen  14691 ms rechnen
2026-09-08T10:03:36.611Z  WSC/2022        roh          96383 reg. Kerzen    0/251/251 von 251  Tagen gewertet (1m/5m/15m)     6704 Signale  143 ms lesen  14365 ms rechnen
2026-09-08T10:03:49.921Z  WSC/2023        roh          93757 reg. Kerzen    0/250/250 von 250  Tagen gewertet (1m/5m/15m)     6411 Signale  163 ms lesen  12850 ms rechnen
2026-09-08T10:04:04.221Z  WSC/2024        roh          93868 reg. Kerzen    0/252/252 von 252  Tagen gewertet (1m/5m/15m)     6508 Signale  153 ms lesen  13820 ms rechnen
2026-09-08T10:04:18.944Z  WSC/2025        roh          93077 reg. Kerzen    0/250/250 von 250  Tagen gewertet (1m/5m/15m)     6626 Signale  124 ms lesen  14324 ms rechnen
2026-09-08T10:04:29.179Z  WSC/2026        roh          61638 reg. Kerzen    0/166/166 von 166  Tagen gewertet (1m/5m/15m)     4500 Signale  125 ms lesen  9882 ms rechnen
2026-09-08T10:04:40.271Z  WST/2016        roh          71836 reg. Kerzen    0/232/232 von 252  Tagen gewertet (1m/5m/15m)     5618 Signale  125 ms lesen  10794 ms rechnen
2026-09-08T10:04:52.084Z  WST/2017        roh          64788 reg. Kerzen    0/251/251 von 251  Tagen gewertet (1m/5m/15m)     5881 Signale  107 ms lesen  11504 ms rechnen
2026-09-08T10:05:04.734Z  WST/2018        roh          63981 reg. Kerzen    0/251/251 von 251  Tagen gewertet (1m/5m/15m)     6359 Signale  109 ms lesen  12372 ms rechnen
2026-09-08T10:05:17.212Z  WST/2019        roh          63497 reg. Kerzen    0/252/252 von 252  Tagen gewertet (1m/5m/15m)     6257 Signale  114 ms lesen  12165 ms rechnen
2026-09-08T10:05:31.430Z  WST/2020        roh          77006 reg. Kerzen    0/253/253 von 253  Tagen gewertet (1m/5m/15m)     6620 Signale  126 ms lesen  13887 ms rechnen
2026-09-08T10:05:44.496Z  WST/2021        roh          65352 reg. Kerzen    0/250/250 von 252  Tagen gewertet (1m/5m/15m)     6362 Signale  116 ms lesen  12716 ms rechnen
2026-09-08T10:05:58.082Z  WST/2022        roh          67633 reg. Kerzen    0/249/249 von 251  Tagen gewertet (1m/5m/15m)     6682 Signale  123 ms lesen  13262 ms rechnen
2026-09-08T10:06:11.064Z  WST/2023        roh          60869 reg. Kerzen    0/250/250 von 250  Tagen gewertet (1m/5m/15m)     6371 Signale  108 ms lesen  12704 ms rechnen
2026-09-08T10:06:24.219Z  WST/2024        roh          62807 reg. Kerzen    0/250/251 von 252  Tagen gewertet (1m/5m/15m)     6394 Signale  86 ms lesen  12904 ms rechnen
2026-09-08T10:06:37.907Z  WST/2025        roh          70846 reg. Kerzen    0/250/250 von 250  Tagen gewertet (1m/5m/15m)     6541 Signale  127 ms lesen  13383 ms rechnen
2026-09-08T10:06:47.252Z  WST/2026        roh          51741 reg. Kerzen    0/166/166 von 166  Tagen gewertet (1m/5m/15m)     4221 Signale  86 ms lesen  9062 ms rechnen
2026-09-08T10:06:47.560Z  WTO/2023        bereinigt     3723 reg. Kerzen        0/0/0 von 82   Tagen gewertet (1m/5m/15m)        0 Signale  121 ms lesen  33 ms rechnen
2026-09-08T10:06:47.932Z  WTO/2024        bereinigt    31826 reg. Kerzen        0/0/0 von 252  Tagen gewertet (1m/5m/15m)        0 Signale  158 ms lesen  205 ms rechnen
2026-09-08T10:06:48.241Z  WTO/2025        bereinigt    28201 reg. Kerzen        0/0/0 von 250  Tagen gewertet (1m/5m/15m)        0 Signale  69 ms lesen  173 ms rechnen
2026-09-08T10:06:48.407Z  WTO/2026        bereinigt    10495 reg. Kerzen        0/0/0 von 124  Tagen gewertet (1m/5m/15m)        0 Signale  29 ms lesen  79 ms rechnen
2026-09-08T10:06:59.671Z  WU/2016         roh          97387 reg. Kerzen    0/232/232 von 252  Tagen gewertet (1m/5m/15m)     5577 Signale  138 ms lesen  11075 ms rechnen
2026-09-08T10:07:11.457Z  WU/2017         roh          96423 reg. Kerzen    0/250/250 von 251  Tagen gewertet (1m/5m/15m)     5842 Signale  136 ms lesen  11349 ms rechnen
2026-09-08T10:07:24.312Z  WU/2018         roh          96873 reg. Kerzen    0/251/251 von 251  Tagen gewertet (1m/5m/15m)     6088 Signale  153 ms lesen  12416 ms rechnen
2026-09-08T10:07:36.686Z  WU/2019         roh          97464 reg. Kerzen    0/252/252 von 252  Tagen gewertet (1m/5m/15m)     5956 Signale  142 ms lesen  11965 ms rechnen
2026-09-08T10:07:50.808Z  WU/2020         roh          97915 reg. Kerzen    0/253/253 von 253  Tagen gewertet (1m/5m/15m)     6605 Signale  132 ms lesen  13704 ms rechnen
2026-09-08T10:08:03.947Z  WU/2021         roh          96614 reg. Kerzen    0/250/250 von 251  Tagen gewertet (1m/5m/15m)     6239 Signale  115 ms lesen  12724 ms rechnen
2026-09-08T10:08:21.048Z  WU/2022         roh          96373 reg. Kerzen    0/249/249 von 251  Tagen gewertet (1m/5m/15m)     6561 Signale  3191 ms lesen  13661 ms rechnen
2026-09-08T10:08:34.515Z  WU/2023         roh          96474 reg. Kerzen    0/250/250 von 250  Tagen gewertet (1m/5m/15m)     6341 Signale  135 ms lesen  13063 ms rechnen
2026-09-08T10:08:47.750Z  WU/2024         roh          96558 reg. Kerzen    0/252/252 von 252  Tagen gewertet (1m/5m/15m)     6250 Signale  153 ms lesen  12820 ms rechnen
2026-09-08T10:09:01.958Z  WU/2025         roh          96542 reg. Kerzen    0/250/250 von 250  Tagen gewertet (1m/5m/15m)     6487 Signale  153 ms lesen  13755 ms rechnen
2026-09-08T10:09:11.664Z  WU/2026         roh          64524 reg. Kerzen    0/166/166 von 166  Tagen gewertet (1m/5m/15m)     4432 Signale  88 ms lesen  9365 ms rechnen
2026-09-08T10:09:24.706Z  WWW/2016        roh          88238 reg. Kerzen    0/232/232 von 252  Tagen gewertet (1m/5m/15m)     6131 Signale  273 ms lesen  12553 ms rechnen
2026-09-08T10:09:38.210Z  WWW/2017        roh          78561 reg. Kerzen    0/251/251 von 251  Tagen gewertet (1m/5m/15m)     6514 Signale  112 ms lesen  13146 ms rechnen
2026-09-08T10:09:51.649Z  WWW/2018        roh          80565 reg. Kerzen    0/251/251 von 251  Tagen gewertet (1m/5m/15m)     6480 Signale  125 ms lesen  13082 ms rechnen
2026-09-08T10:10:05.608Z  WWW/2019        roh          83230 reg. Kerzen    0/252/252 von 252  Tagen gewertet (1m/5m/15m)     6400 Signale  116 ms lesen  13616 ms rechnen
2026-09-08T10:10:21.248Z  WWW/2020        roh          79716 reg. Kerzen    0/253/253 von 253  Tagen gewertet (1m/5m/15m)     6826 Signale  120 ms lesen  15288 ms rechnen
2026-09-08T10:10:35.804Z  WWW/2021        roh          74183 reg. Kerzen    0/250/250 von 252  Tagen gewertet (1m/5m/15m)     6674 Signale  119 ms lesen  14236 ms rechnen
2026-09-08T10:10:51.155Z  WWW/2022        roh          81326 reg. Kerzen    0/249/249 von 251  Tagen gewertet (1m/5m/15m)     6818 Signale  138 ms lesen  15019 ms rechnen
2026-09-08T10:11:06.476Z  WWW/2023        roh          87353 reg. Kerzen    0/250/250 von 250  Tagen gewertet (1m/5m/15m)     6932 Signale  134 ms lesen  14961 ms rechnen
2026-09-08T10:11:21.562Z  WWW/2024        roh          85658 reg. Kerzen    0/252/252 von 252  Tagen gewertet (1m/5m/15m)     6761 Signale  122 ms lesen  14699 ms rechnen
2026-09-08T10:11:36.476Z  WWW/2025        roh          87983 reg. Kerzen    0/250/250 von 250  Tagen gewertet (1m/5m/15m)     6639 Signale  142 ms lesen  14541 ms rechnen
2026-09-08T10:11:46.382Z  WWW/2026        roh          52715 reg. Kerzen    0/166/166 von 166  Tagen gewertet (1m/5m/15m)     4511 Signale  67 ms lesen  9606 ms rechnen
2026-09-08T10:11:46.800Z  XAN/2018        bereinigt    27874 reg. Kerzen        0/0/0 von 150  Tagen gewertet (1m/5m/15m)        0 Signale  90 ms lesen  175 ms rechnen
2026-09-08T10:11:47.213Z  XAN/2019        bereinigt    34923 reg. Kerzen        0/0/0 von 252  Tagen gewertet (1m/5m/15m)        0 Signale  71 ms lesen  261 ms rechnen
2026-09-08T10:11:48.303Z  XAN/2020        bereinigt    66891 reg. Kerzen        0/6/6 von 253  Tagen gewertet (1m/5m/15m)      148 Signale  127 ms lesen  833 ms rechnen
2026-09-08T10:11:48.563Z  XAN/2021        bereinigt     7050 reg. Kerzen        0/0/0 von 30   Tagen gewertet (1m/5m/15m)        0 Signale  15 ms lesen  36 ms rechnen
2026-09-08T10:11:49.712Z  XENT/2016       roh          59386 reg. Kerzen      0/12/12 von 252  Tagen gewertet (1m/5m/15m)      331 Signale  120 ms lesen  1013 ms rechnen
2026-09-08T10:11:58.708Z  XENT/2017       roh          52516 reg. Kerzen    0/146/148 von 251  Tagen gewertet (1m/5m/15m)     3945 Signale  241 ms lesen  8587 ms rechnen
2026-09-08T10:12:13.195Z  XENT/2018       roh          55104 reg. Kerzen    0/248/249 von 251  Tagen gewertet (1m/5m/15m)     6574 Signale  113 ms lesen  14247 ms rechnen
2026-09-08T10:12:23.360Z  XENT/2019       roh          59583 reg. Kerzen    0/169/173 von 252  Tagen gewertet (1m/5m/15m)     4544 Signale  82 ms lesen  9909 ms rechnen
2026-09-08T10:12:31.446Z  XENT/2020       roh          65225 reg. Kerzen    0/124/124 von 253  Tagen gewertet (1m/5m/15m)     3362 Signale  103 ms lesen  7822 ms rechnen
2026-09-08T10:12:34.730Z  XENT/2021       roh          47080 reg. Kerzen      0/60/69 von 252  Tagen gewertet (1m/5m/15m)     1363 Signale  70 ms lesen  3012 ms rechnen
2026-09-08T10:12:35.996Z  XENT/2022       roh          17003 reg. Kerzen      0/28/29 von 91   Tagen gewertet (1m/5m/15m)      488 Signale  45 ms lesen  1088 ms rechnen
2026-09-08T10:12:36.078Z  XLYO/2024       roh             32 reg. Kerzen        0/0/0 von 1    Tagen gewertet (1m/5m/15m)        0 Signale  6 ms lesen  1 ms rechnen
2026-09-08T10:12:36.171Z  XOMAO/2021      roh           4704 reg. Kerzen        0/0/0 von 185  Tagen gewertet (1m/5m/15m)        0 Signale  47 ms lesen  36 ms rechnen
2026-09-08T10:12:36.249Z  XOMAO/2022      roh           2166 reg. Kerzen        0/0/0 von 250  Tagen gewertet (1m/5m/15m)        0 Signale  33 ms lesen  27 ms rechnen
2026-09-08T10:12:36.308Z  XOMAO/2023      roh           2071 reg. Kerzen        0/0/0 von 242  Tagen gewertet (1m/5m/15m)        0 Signale  33 ms lesen  20 ms rechnen
2026-09-08T10:12:36.380Z  XOMAO/2024      roh           1741 reg. Kerzen        0/0/0 von 246  Tagen gewertet (1m/5m/15m)        0 Signale  39 ms lesen  24 ms rechnen
2026-09-08T10:12:36.498Z  XOMAO/2025      roh           1608 reg. Kerzen        0/0/0 von 244  Tagen gewertet (1m/5m/15m)        0 Signale  89 ms lesen  22 ms rechnen
2026-09-08T10:12:36.531Z  XOMAO/2026      roh            955 reg. Kerzen        0/0/0 von 130  Tagen gewertet (1m/5m/15m)        0 Signale  14 ms lesen  11 ms rechnen
2026-09-08T10:12:41.077Z  XPEV/2020       roh          33724 reg. Kerzen      0/68/68 von 88   Tagen gewertet (1m/5m/15m)     1846 Signale  102 ms lesen  4440 ms rechnen
2026-09-08T10:12:57.047Z  XPEV/2021       roh          97304 reg. Kerzen    0/250/250 von 252  Tagen gewertet (1m/5m/15m)     6858 Signale  208 ms lesen  15694 ms rechnen
2026-09-08T10:13:19.021Z  XPEV/2022       roh          96944 reg. Kerzen    0/249/249 von 250  Tagen gewertet (1m/5m/15m)     6889 Signale  6379 ms lesen  15314 ms rechnen
2026-09-08T10:13:34.066Z  XPEV/2023       roh          97085 reg. Kerzen    0/250/250 von 250  Tagen gewertet (1m/5m/15m)     6770 Signale  215 ms lesen  14584 ms rechnen
2026-09-08T10:13:48.857Z  XPEV/2024       roh          97636 reg. Kerzen    0/252/252 von 252  Tagen gewertet (1m/5m/15m)     6862 Signale  225 ms lesen  14311 ms rechnen
2026-09-08T10:14:02.244Z  XPEV/2025       roh          96802 reg. Kerzen    0/250/250 von 250  Tagen gewertet (1m/5m/15m)     6564 Signale  200 ms lesen  12906 ms rechnen
2026-09-08T10:14:11.290Z  XPEV/2026       roh          64440 reg. Kerzen    0/166/166 von 166  Tagen gewertet (1m/5m/15m)     4406 Signale  135 ms lesen  8641 ms rechnen
2026-09-08T10:14:12.202Z  XRF/2017        bereinigt    27038 reg. Kerzen        0/8/8 von 171  Tagen gewertet (1m/5m/15m)      207 Signale  57 ms lesen  650 ms rechnen
2026-09-08T10:14:12.571Z  XRF/2018        bereinigt    27699 reg. Kerzen        0/0/0 von 251  Tagen gewertet (1m/5m/15m)        0 Signale  58 ms lesen  227 ms rechnen
2026-09-08T10:14:12.833Z  XRF/2019        bereinigt    20532 reg. Kerzen        0/0/0 von 252  Tagen gewertet (1m/5m/15m)        0 Signale  33 ms lesen  132 ms rechnen
2026-09-08T10:14:13.037Z  XRF/2020        roh          11835 reg. Kerzen        0/0/0 von 137  Tagen gewertet (1m/5m/15m)        0 Signale  48 ms lesen  93 ms rechnen
2026-09-08T10:14:13.173Z  XWIN/2025       roh          10048 reg. Kerzen        0/0/0 von 36   Tagen gewertet (1m/5m/15m)        0 Signale  36 ms lesen  57 ms rechnen
2026-09-08T10:14:15.278Z  XWIN/2026       roh          27996 reg. Kerzen      0/37/37 von 93   Tagen gewertet (1m/5m/15m)      929 Signale  85 ms lesen  1989 ms rechnen
2026-09-08T10:14:21.234Z  YDKN/2016       roh          57484 reg. Kerzen    0/118/119 von 252  Tagen gewertet (1m/5m/15m)     2942 Signale  103 ms lesen  5783 ms rechnen
2026-09-08T10:14:22.854Z  YDKN/2017       roh           9221 reg. Kerzen      0/27/28 von 47   Tagen gewertet (1m/5m/15m)      754 Signale  22 ms lesen  1413 ms rechnen
2026-09-08T10:14:22.966Z  YGF/2023        roh           6560 reg. Kerzen        0/0/0 von 192  Tagen gewertet (1m/5m/15m)        0 Signale  40 ms lesen  45 ms rechnen
2026-09-08T10:14:23.020Z  YGF/2024        roh           1170 reg. Kerzen        0/0/0 von 27   Tagen gewertet (1m/5m/15m)        0 Signale  19 ms lesen  13 ms rechnen
2026-09-08T10:14:23.057Z  YMTX/2020       bereinigt      858 reg. Kerzen        0/0/0 von 6    Tagen gewertet (1m/5m/15m)        0 Signale  25 ms lesen  6 ms rechnen
2026-09-08T10:14:23.326Z  YMTX/2021       bereinigt    27431 reg. Kerzen        0/0/0 von 252  Tagen gewertet (1m/5m/15m)        0 Signale  76 ms lesen  190 ms rechnen
2026-09-08T10:14:23.563Z  YMTX/2022       bereinigt    14916 reg. Kerzen        0/0/0 von 242  Tagen gewertet (1m/5m/15m)        0 Signale  30 ms lesen  129 ms rechnen
2026-09-08T10:14:23.672Z  YOTA/2022       roh            384 reg. Kerzen        0/0/0 von 72   Tagen gewertet (1m/5m/15m)        0 Signale  42 ms lesen  5 ms rechnen
2026-09-08T10:14:23.696Z  YOTA/2023       roh            702 reg. Kerzen        0/0/0 von 127  Tagen gewertet (1m/5m/15m)        0 Signale  14 ms lesen  8 ms rechnen
2026-09-08T10:14:23.726Z  YOTA/2024       roh            482 reg. Kerzen        0/0/0 von 126  Tagen gewertet (1m/5m/15m)        0 Signale  22 ms lesen  5 ms rechnen
2026-09-08T10:14:23.741Z  YOTA/2025       roh             94 reg. Kerzen        0/0/0 von 19   Tagen gewertet (1m/5m/15m)        0 Signale  10 ms lesen  2 ms rechnen
2026-09-08T10:14:23.741Z  AUSGELASSEN YOTA/2026: Datei fehlt
2026-09-08T10:14:23.799Z  YTPG/2021       roh           3715 reg. Kerzen        0/0/0 von 160  Tagen gewertet (1m/5m/15m)        0 Signale  21 ms lesen  35 ms rechnen
2026-09-08T10:14:23.862Z  YTPG/2022       roh           3104 reg. Kerzen        0/0/0 von 214  Tagen gewertet (1m/5m/15m)        0 Signale  23 ms lesen  26 ms rechnen
2026-09-08T10:14:23.895Z  YTPG/2023       roh            808 reg. Kerzen        0/0/0 von 68   Tagen gewertet (1m/5m/15m)        0 Signale  14 ms lesen  7 ms rechnen
2026-09-08T10:14:37.368Z  Z/2016          roh          91915 reg. Kerzen    0/232/232 von 252  Tagen gewertet (1m/5m/15m)     6246 Signale  121 ms lesen  13334 ms rechnen
2026-09-08T10:14:50.831Z  Z/2017          roh          87302 reg. Kerzen    0/251/251 von 251  Tagen gewertet (1m/5m/15m)     6502 Signale  128 ms lesen  13094 ms rechnen
2026-09-08T10:15:05.301Z  Z/2018          roh          92303 reg. Kerzen    0/249/249 von 251  Tagen gewertet (1m/5m/15m)     6636 Signale  130 ms lesen  14078 ms rechnen
2026-09-08T10:15:20.055Z  Z/2019          roh          96850 reg. Kerzen    0/252/252 von 252  Tagen gewertet (1m/5m/15m)     6683 Signale  134 ms lesen  14295 ms rechnen
2026-09-08T10:15:35.873Z  Z/2020          roh          97570 reg. Kerzen    0/253/253 von 253  Tagen gewertet (1m/5m/15m)     6821 Signale  220 ms lesen  15354 ms rechnen
2026-09-08T10:15:51.122Z  Z/2021          roh          97631 reg. Kerzen    0/252/252 von 252  Tagen gewertet (1m/5m/15m)     6887 Signale  148 ms lesen  14805 ms rechnen
2026-09-08T10:16:06.833Z  Z/2022          roh          97541 reg. Kerzen    0/251/251 von 251  Tagen gewertet (1m/5m/15m)     6841 Signale  147 ms lesen  15254 ms rechnen
2026-09-08T10:16:21.418Z  Z/2023          roh          96090 reg. Kerzen    0/250/250 von 250  Tagen gewertet (1m/5m/15m)     6644 Signale  137 ms lesen  14163 ms rechnen
2026-09-08T10:16:36.319Z  Z/2024          roh          97049 reg. Kerzen    0/252/252 von 252  Tagen gewertet (1m/5m/15m)     6637 Signale  134 ms lesen  14479 ms rechnen
2026-09-08T10:16:50.641Z  Z/2025          roh          94489 reg. Kerzen    0/250/250 von 250  Tagen gewertet (1m/5m/15m)     6685 Signale  134 ms lesen  13918 ms rechnen
2026-09-08T10:17:00.967Z  Z/2026          roh          64219 reg. Kerzen    0/166/166 von 166  Tagen gewertet (1m/5m/15m)     4529 Signale  104 ms lesen  9938 ms rechnen
2026-09-08T10:17:01.196Z  ZCAR/2022       bereinigt      682 reg. Kerzen        0/0/0 von 157  Tagen gewertet (1m/5m/15m)        0 Signale  48 ms lesen  7 ms rechnen
2026-09-08T10:17:01.231Z  ZCAR/2023       bereinigt     1557 reg. Kerzen        0/0/0 von 158  Tagen gewertet (1m/5m/15m)        0 Signale  21 ms lesen  10 ms rechnen
2026-09-08T10:17:01.561Z  ZCAR/2024       bereinigt    39371 reg. Kerzen        0/0/0 von 252  Tagen gewertet (1m/5m/15m)        0 Signale  89 ms lesen  237 ms rechnen
2026-09-08T10:17:01.778Z  ZCAR/2025       bereinigt    14646 reg. Kerzen        0/0/0 von 86   Tagen gewertet (1m/5m/15m)        0 Signale  34 ms lesen  91 ms rechnen
2026-09-08T10:17:01.849Z  AUSGELASSEN ZCAR/2026: Datei fehlt
2026-09-08T10:17:02.227Z  ZEUS/2016       roh          43043 reg. Kerzen        0/0/0 von 252  Tagen gewertet (1m/5m/15m)        0 Signale  87 ms lesen  257 ms rechnen
2026-09-08T10:17:04.189Z  ZEUS/2017       roh          46286 reg. Kerzen      0/20/20 von 251  Tagen gewertet (1m/5m/15m)      574 Signale  187 ms lesen  1645 ms rechnen
2026-09-08T10:17:04.594Z  ZEUS/2018       roh          31537 reg. Kerzen        0/0/0 von 251  Tagen gewertet (1m/5m/15m)        0 Signale  69 ms lesen  216 ms rechnen
2026-09-08T10:17:04.927Z  ZEUS/2019       roh          25635 reg. Kerzen        0/0/0 von 252  Tagen gewertet (1m/5m/15m)        0 Signale  77 ms lesen  164 ms rechnen
2026-09-08T10:17:05.202Z  ZEUS/2020       roh          18649 reg. Kerzen        0/0/0 von 253  Tagen gewertet (1m/5m/15m)        0 Signale  58 ms lesen  155 ms rechnen
2026-09-08T10:17:05.774Z  ZEUS/2021       roh          29172 reg. Kerzen        0/1/2 von 252  Tagen gewertet (1m/5m/15m)       31 Signale  189 ms lesen  318 ms rechnen
2026-09-08T10:17:06.079Z  ZEUS/2022       roh          24510 reg. Kerzen        0/0/0 von 251  Tagen gewertet (1m/5m/15m)        0 Signale  57 ms lesen  168 ms rechnen
2026-09-08T10:17:07.744Z  ZEUS/2023       roh          26642 reg. Kerzen      0/23/27 von 250  Tagen gewertet (1m/5m/15m)      641 Signale  46 ms lesen  1536 ms rechnen
2026-09-08T10:17:08.400Z  ZEUS/2024       roh          24129 reg. Kerzen       0/4/12 von 252  Tagen gewertet (1m/5m/15m)      183 Signale  52 ms lesen  511 ms rechnen
2026-09-08T10:17:08.925Z  ZEUS/2025       roh          22581 reg. Kerzen        0/4/7 von 250  Tagen gewertet (1m/5m/15m)      126 Signale  57 ms lesen  390 ms rechnen
2026-09-08T10:17:09.034Z  ZEUS/2026       roh           2795 reg. Kerzen        0/0/0 von 29   Tagen gewertet (1m/5m/15m)        0 Signale  13 ms lesen  26 ms rechnen
2026-09-08T10:17:09.068Z  ZGYH/2020       roh            426 reg. Kerzen        0/0/0 von 120  Tagen gewertet (1m/5m/15m)        0 Signale  7 ms lesen  5 ms rechnen
2026-09-08T10:17:09.133Z  ZGYH/2021       roh           6124 reg. Kerzen        0/0/0 von 217  Tagen gewertet (1m/5m/15m)        0 Signale  23 ms lesen  40 ms rechnen
2026-09-08T10:17:17.329Z  ZIP/2021        roh          44350 reg. Kerzen    0/132/132 von 153  Tagen gewertet (1m/5m/15m)     3570 Signale  75 ms lesen  8094 ms rechnen
2026-09-08T10:17:32.739Z  ZIP/2022        roh          85864 reg. Kerzen    0/249/249 von 250  Tagen gewertet (1m/5m/15m)     6844 Signale  140 ms lesen  15150 ms rechnen
2026-09-08T10:17:47.737Z  ZIP/2023        roh          76796 reg. Kerzen    0/246/246 von 250  Tagen gewertet (1m/5m/15m)     6571 Signale  112 ms lesen  14659 ms rechnen
2026-09-08T10:17:51.755Z  ZIP/2024        roh          67201 reg. Kerzen      0/58/58 von 252  Tagen gewertet (1m/5m/15m)     1606 Signale  100 ms lesen  3674 ms rechnen
2026-09-08T10:17:54.799Z  ZIP/2025        roh          75256 reg. Kerzen      0/35/35 von 250  Tagen gewertet (1m/5m/15m)      947 Signale  139 ms lesen  2706 ms rechnen
2026-09-08T10:17:55.416Z  ZIP/2026        roh          50895 reg. Kerzen        0/0/0 von 166  Tagen gewertet (1m/5m/15m)        0 Signale  78 ms lesen  326 ms rechnen
2026-09-08T10:17:55.864Z  ZME/2021        bereinigt    12736 reg. Kerzen        0/2/2 von 145  Tagen gewertet (1m/5m/15m)       53 Signale  39 ms lesen  249 ms rechnen
2026-09-08T10:17:55.997Z  ZME/2022        roh           8081 reg. Kerzen        0/0/0 von 104  Tagen gewertet (1m/5m/15m)        0 Signale  20 ms lesen  67 ms rechnen
2026-09-08T10:17:56.098Z  ZPTA/2022       roh            624 reg. Kerzen        0/0/0 von 143  Tagen gewertet (1m/5m/15m)        0 Signale  41 ms lesen  10 ms rechnen
2026-09-08T10:17:56.150Z  ZPTA/2023       roh           2656 reg. Kerzen        0/0/0 von 214  Tagen gewertet (1m/5m/15m)        0 Signale  20 ms lesen  29 ms rechnen
2026-09-08T10:17:56.530Z  ZPTA/2024       roh          35184 reg. Kerzen        0/0/0 von 207  Tagen gewertet (1m/5m/15m)        0 Signale  134 ms lesen  235 ms rechnen
2026-09-08T10:17:56.630Z  AUSGELASSEN ZPTA/2025: Datei fehlt
2026-09-08T10:18:06.671Z  ZUO/2018        roh          60383 reg. Kerzen    0/150/150 von 182  Tagen gewertet (1m/5m/15m)     4094 Signale  131 ms lesen  9908 ms rechnen
2026-09-08T10:18:22.597Z  ZUO/2019        roh          90396 reg. Kerzen    0/252/252 von 252  Tagen gewertet (1m/5m/15m)     6868 Signale  239 ms lesen  15526 ms rechnen
2026-09-08T10:18:39.161Z  ZUO/2020        roh          92053 reg. Kerzen    0/253/253 von 253  Tagen gewertet (1m/5m/15m)     6938 Signale  137 ms lesen  16172 ms rechnen
2026-09-08T10:18:54.354Z  ZUO/2021        roh          86885 reg. Kerzen    0/250/250 von 252  Tagen gewertet (1m/5m/15m)     6867 Signale  136 ms lesen  14748 ms rechnen
2026-09-08T10:19:08.882Z  ZUO/2022        roh          89446 reg. Kerzen    0/232/232 von 251  Tagen gewertet (1m/5m/15m)     6441 Signale  135 ms lesen  14153 ms rechnen
2026-09-08T10:19:11.684Z  CHECKPOINT 5600 Dateien, 944 min, Detektorfehler {}
2026-09-08T10:19:22.079Z  ZUO/2023        roh          81291 reg. Kerzen    0/173/173 von 250  Tagen gewertet (1m/5m/15m)     4727 Signale  121 ms lesen  10273 ms rechnen
2026-09-08T10:19:35.785Z  ZUO/2024        roh          85347 reg. Kerzen    0/252/252 von 252  Tagen gewertet (1m/5m/15m)     6180 Signale  116 ms lesen  13354 ms rechnen
2026-09-08T10:19:37.172Z  ZUO/2025        roh           8856 reg. Kerzen      0/29/29 von 29   Tagen gewertet (1m/5m/15m)      363 Signale  24 ms lesen  1112 ms rechnen
2026-09-08T10:19:37.281Z  ZYME/2017       roh           5345 reg. Kerzen        0/0/0 von 171  Tagen gewertet (1m/5m/15m)        0 Signale  31 ms lesen  35 ms rechnen
2026-09-08T10:19:38.200Z  ZYME/2018       roh          26688 reg. Kerzen      0/10/10 von 251  Tagen gewertet (1m/5m/15m)      274 Signale  45 ms lesen  859 ms rechnen
2026-09-08T10:19:44.663Z  ZYME/2019       roh          46939 reg. Kerzen    0/104/108 von 252  Tagen gewertet (1m/5m/15m)     2830 Signale  95 ms lesen  6305 ms rechnen
2026-09-08T10:20:00.837Z  ZYME/2020       roh          66462 reg. Kerzen    0/251/253 von 253  Tagen gewertet (1m/5m/15m)     6937 Signale  118 ms lesen  15935 ms rechnen
2026-09-08T10:20:16.369Z  ZYME/2021       roh          64498 reg. Kerzen    0/250/250 von 252  Tagen gewertet (1m/5m/15m)     6760 Signale  100 ms lesen  15240 ms rechnen
2026-09-08T10:20:24.381Z  ZYME/2022       roh          78876 reg. Kerzen    0/112/112 von 250  Tagen gewertet (1m/5m/15m)     3080 Signale  114 ms lesen  7714 ms rechnen
2026-09-08T10:20:27.384Z  ZYME/2023       roh          68439 reg. Kerzen      0/39/39 von 250  Tagen gewertet (1m/5m/15m)     1040 Signale  84 ms lesen  2718 ms rechnen
2026-09-08T10:20:28.999Z  ZYME/2024       roh          65427 reg. Kerzen      0/15/15 von 252  Tagen gewertet (1m/5m/15m)      384 Signale  105 ms lesen  1331 ms rechnen
2026-09-08T10:20:36.185Z  ZYME/2025       roh          67802 reg. Kerzen    0/115/115 von 250  Tagen gewertet (1m/5m/15m)     3114 Signale  121 ms lesen  6892 ms rechnen
2026-09-08T10:20:45.998Z  ZYME/2026       roh          48417 reg. Kerzen    0/166/166 von 166  Tagen gewertet (1m/5m/15m)     4557 Signale  72 ms lesen  9552 ms rechnen
2026-09-08T10:20:47.916Z  ENDE vollstaendig | 5613 Dateien | 14.73 GB | 287.289.344 reg. Kerzen | lesen 1368 s, rechnen 54078 s | ausgelassen 66 | Detektorfehler {}
Ende 08.09.2026 12:20:56,66  (Rueckgabewert 0) 
