Signalstudie Minuten: Ausgabe voll-6-5m-15m --teil 6/8 --zeitrahmen 5m 15m, Start 07.09.2026 20:34:55,96 

!!! WERTPAPIERART: Referenzkarte vorhanden, aber ohne Eintrag fuer GCI (erster Fall dieses Laufs; weitere werden nicht gemeldet) - solche Symbole fallen STILL aus dem Universum heraus.

2026-09-07T18:34:56.699Z  START signale-minuten-2026-09-06/v4/13x3x3x4x3+kurs | 912 Reihen (7299 Aktien, ausgeschlossen {"ETF":694,"ETN":7,"ETV":35,"FUND":16,"ETS":4,"ohne Art":1,"TEST":1,"UNIT":1}) | 13 Detektoren | Tage 2680 | Bestaetigung ab 2023-02-07 | Teil 6/8
2026-09-07T18:34:56.700Z  ZEITRAHMEN-TEIL: nur 5m 15m - die uebrigen Zeitrahmen muessen in einem eigenen Lauf gemessen und beim Auswerten zusammengelegt werden
2026-09-07T18:34:56.828Z  AACT/2023       roh            982 reg. Kerzen        0/0/0 von 131  Tagen gewertet (1m/5m/15m)        0 Signale  98 ms lesen  28 ms rechnen
2026-09-07T18:34:57.069Z  AACT/2024       roh           4429 reg. Kerzen        0/0/0 von 249  Tagen gewertet (1m/5m/15m)        0 Signale  157 ms lesen  80 ms rechnen
2026-09-07T18:34:58.461Z  AACT/2025       roh          11130 reg. Kerzen       0/5/18 von 182  Tagen gewertet (1m/5m/15m)      141 Signale  104 ms lesen  1264 ms rechnen
2026-09-07T18:35:24.734Z  AAN/2016        bereinigt    83634 reg. Kerzen    0/232/232 von 252  Tagen gewertet (1m/5m/15m)     6160 Signale  629 ms lesen  25540 ms rechnen
2026-09-07T18:35:49.523Z  AAN/2017        bereinigt    83684 reg. Kerzen    0/251/251 von 251  Tagen gewertet (1m/5m/15m)     6412 Signale  296 ms lesen  24025 ms rechnen
2026-09-07T18:36:16.124Z  AAN/2018        bereinigt    81052 reg. Kerzen    0/251/251 von 251  Tagen gewertet (1m/5m/15m)     6533 Signale  261 ms lesen  25904 ms rechnen
2026-09-07T18:36:38.290Z  AAN/2019        bereinigt    82362 reg. Kerzen    0/252/252 von 252  Tagen gewertet (1m/5m/15m)     6638 Signale  859 ms lesen  20875 ms rechnen
2026-09-07T18:37:09.494Z  AAN/2020        bereinigt    86630 reg. Kerzen    0/253/253 von 253  Tagen gewertet (1m/5m/15m)     6759 Signale  1045 ms lesen  29724 ms rechnen
2026-09-07T18:37:31.655Z  AAN/2021        roh          56923 reg. Kerzen    0/178/179 von 252  Tagen gewertet (1m/5m/15m)     4802 Signale  655 ms lesen  21082 ms rechnen
2026-09-07T18:37:34.381Z  AAN/2022        roh          59685 reg. Kerzen        0/6/6 von 251  Tagen gewertet (1m/5m/15m)      161 Signale  799 ms lesen  1524 ms rechnen
2026-09-07T18:37:37.082Z  AAN/2023        roh          55838 reg. Kerzen      0/10/10 von 250  Tagen gewertet (1m/5m/15m)      278 Signale  410 ms lesen  1981 ms rechnen
2026-09-07T18:37:42.505Z  AAN/2024        roh          44410 reg. Kerzen      0/60/60 von 191  Tagen gewertet (1m/5m/15m)      922 Signale  444 ms lesen  4695 ms rechnen
2026-09-07T18:37:58.416Z  AAT/2016        roh          51757 reg. Kerzen    0/146/148 von 252  Tagen gewertet (1m/5m/15m)     3586 Signale  673 ms lesen  14925 ms rechnen
2026-09-07T18:38:21.903Z  AAT/2017        roh          59004 reg. Kerzen    0/235/235 von 251  Tagen gewertet (1m/5m/15m)     5576 Signale  541 ms lesen  22557 ms rechnen
2026-09-07T18:38:43.424Z  AAT/2018        roh          59273 reg. Kerzen    0/206/206 von 251  Tagen gewertet (1m/5m/15m)     5002 Signale  978 ms lesen  20227 ms rechnen
2026-09-07T18:39:08.348Z  AAT/2019        roh          58253 reg. Kerzen    0/243/243 von 252  Tagen gewertet (1m/5m/15m)     5584 Signale  711 ms lesen  23777 ms rechnen
2026-09-07T18:39:36.535Z  AAT/2020        roh          64310 reg. Kerzen    0/233/233 von 253  Tagen gewertet (1m/5m/15m)     6177 Signale  897 ms lesen  26909 ms rechnen
2026-09-07T18:40:00.407Z  AAT/2021        roh          54827 reg. Kerzen    0/221/221 von 252  Tagen gewertet (1m/5m/15m)     5600 Signale  580 ms lesen  22865 ms rechnen
2026-09-07T18:40:21.138Z  AAT/2022        roh          53463 reg. Kerzen    0/173/174 von 251  Tagen gewertet (1m/5m/15m)     4561 Signale  906 ms lesen  19520 ms rechnen
2026-09-07T18:40:36.504Z  AAT/2023        roh          61353 reg. Kerzen    0/144/144 von 250  Tagen gewertet (1m/5m/15m)     3823 Signale  572 ms lesen  14401 ms rechnen
2026-09-07T18:40:39.914Z  AAT/2024        roh          46087 reg. Kerzen      0/15/15 von 252  Tagen gewertet (1m/5m/15m)      393 Signale  599 ms lesen  2395 ms rechnen
2026-09-07T18:40:53.739Z  AAT/2025        roh          54278 reg. Kerzen    0/105/105 von 250  Tagen gewertet (1m/5m/15m)     2642 Signale  643 ms lesen  12900 ms rechnen
2026-09-07T18:41:06.629Z  AAT/2026        roh          34990 reg. Kerzen    0/104/106 von 166  Tagen gewertet (1m/5m/15m)     2688 Signale  390 ms lesen  12088 ms rechnen
2026-09-07T18:41:33.236Z  ABB/2016        roh          88484 reg. Kerzen    0/232/232 von 252  Tagen gewertet (1m/5m/15m)     5509 Signale  1447 ms lesen  24803 ms rechnen
2026-09-07T18:41:57.891Z  ABB/2017        roh          89509 reg. Kerzen    0/251/251 von 251  Tagen gewertet (1m/5m/15m)     5575 Signale  682 ms lesen  23357 ms rechnen
2026-09-07T18:42:25.480Z  ABB/2018        roh          93311 reg. Kerzen    0/251/251 von 251  Tagen gewertet (1m/5m/15m)     6031 Signale  919 ms lesen  25887 ms rechnen
2026-09-07T18:42:56.571Z  ABB/2019        roh          93316 reg. Kerzen    0/252/252 von 252  Tagen gewertet (1m/5m/15m)     5842 Signale  1150 ms lesen  28816 ms rechnen
2026-09-07T18:43:19.360Z  ABB/2020        roh          94071 reg. Kerzen    0/253/253 von 253  Tagen gewertet (1m/5m/15m)     6311 Signale  831 ms lesen  21525 ms rechnen
2026-09-07T18:43:41.499Z  ABB/2021        roh          91331 reg. Kerzen    0/251/251 von 252  Tagen gewertet (1m/5m/15m)     5922 Signale  1311 ms lesen  20365 ms rechnen
2026-09-07T18:44:04.000Z  ABB/2022        roh          95237 reg. Kerzen    0/228/228 von 251  Tagen gewertet (1m/5m/15m)     5809 Signale  1211 ms lesen  20764 ms rechnen
2026-09-07T18:44:12.234Z  ABB/2023        roh          36386 reg. Kerzen      0/97/97 von 97   Tagen gewertet (1m/5m/15m)     2344 Signale  497 ms lesen  7212 ms rechnen
2026-09-07T18:44:36.397Z  ABEV/2016       roh          97279 reg. Kerzen    0/232/232 von 252  Tagen gewertet (1m/5m/15m)     6296 Signale  739 ms lesen  23196 ms rechnen
2026-09-07T18:45:01.067Z  ABEV/2017       roh          96742 reg. Kerzen    0/251/251 von 251  Tagen gewertet (1m/5m/15m)     6488 Signale  795 ms lesen  23367 ms rechnen
2026-09-07T18:45:26.797Z  ABEV/2018       roh          96966 reg. Kerzen    0/251/251 von 251  Tagen gewertet (1m/5m/15m)     6777 Signale  617 ms lesen  24547 ms rechnen
2026-09-07T18:45:54.277Z  ABEV/2019       roh          97006 reg. Kerzen    0/252/252 von 252  Tagen gewertet (1m/5m/15m)     6642 Signale  922 ms lesen  26097 ms rechnen
2026-09-07T18:46:22.652Z  ABEV/2020       roh          97718 reg. Kerzen    0/253/253 von 253  Tagen gewertet (1m/5m/15m)     7014 Signale  1239 ms lesen  26553 ms rechnen
2026-09-07T18:46:49.906Z  ABEV/2021       roh          96611 reg. Kerzen    0/251/251 von 252  Tagen gewertet (1m/5m/15m)     6938 Signale  954 ms lesen  25835 ms rechnen
2026-09-07T18:47:16.019Z  ABEV/2022       roh          96252 reg. Kerzen    0/249/249 von 251  Tagen gewertet (1m/5m/15m)     7029 Signale  372 ms lesen  25281 ms rechnen
2026-09-07T18:47:40.673Z  ABEV/2023       roh          95694 reg. Kerzen    0/250/250 von 250  Tagen gewertet (1m/5m/15m)     6896 Signale  305 ms lesen  23919 ms rechnen
2026-09-07T18:48:07.087Z  ABEV/2024       roh          96523 reg. Kerzen    0/252/252 von 252  Tagen gewertet (1m/5m/15m)     6817 Signale  324 ms lesen  25634 ms rechnen
2026-09-07T18:48:36.654Z  ABEV/2025       roh          96347 reg. Kerzen    0/250/250 von 250  Tagen gewertet (1m/5m/15m)     6802 Signale  307 ms lesen  28678 ms rechnen
2026-09-07T18:48:53.406Z  ABEV/2026       roh          64118 reg. Kerzen    0/166/166 von 166  Tagen gewertet (1m/5m/15m)     4568 Signale  163 ms lesen  16160 ms rechnen
2026-09-07T18:49:12.321Z  ABM/2016        roh          64178 reg. Kerzen    0/232/232 von 252  Tagen gewertet (1m/5m/15m)     5588 Signale  386 ms lesen  18113 ms rechnen
2026-09-07T18:49:32.299Z  ABM/2017        roh          62145 reg. Kerzen    0/250/251 von 251  Tagen gewertet (1m/5m/15m)     5900 Signale  228 ms lesen  19391 ms rechnen
2026-09-07T18:49:55.230Z  ABM/2018        roh          77939 reg. Kerzen    0/251/251 von 251  Tagen gewertet (1m/5m/15m)     6402 Signale  185 ms lesen  22454 ms rechnen
2026-09-07T18:50:17.871Z  ABM/2019        roh          66701 reg. Kerzen    0/252/252 von 252  Tagen gewertet (1m/5m/15m)     6379 Signale  193 ms lesen  22062 ms rechnen
2026-09-07T18:50:43.478Z  ABM/2020        roh          70085 reg. Kerzen    0/253/253 von 253  Tagen gewertet (1m/5m/15m)     6732 Signale  346 ms lesen  24952 ms rechnen
2026-09-07T18:51:05.899Z  ABM/2021        roh          62739 reg. Kerzen    0/250/251 von 252  Tagen gewertet (1m/5m/15m)     6525 Signale  237 ms lesen  21894 ms rechnen
2026-09-07T18:51:30.172Z  ABM/2022        roh          61544 reg. Kerzen    0/248/249 von 251  Tagen gewertet (1m/5m/15m)     6530 Signale  202 ms lesen  23615 ms rechnen
2026-09-07T18:51:51.672Z  ABM/2023        roh          58889 reg. Kerzen    0/250/250 von 250  Tagen gewertet (1m/5m/15m)     6245 Signale  220 ms lesen  20962 ms rechnen
2026-09-07T18:52:13.124Z  ABM/2024        roh          57925 reg. Kerzen    0/249/252 von 252  Tagen gewertet (1m/5m/15m)     6200 Signale  174 ms lesen  20932 ms rechnen
2026-09-07T18:52:33.783Z  ABM/2025        roh          56726 reg. Kerzen    0/249/250 von 250  Tagen gewertet (1m/5m/15m)     6207 Signale  318 ms lesen  20098 ms rechnen
2026-09-07T18:52:49.265Z  ABM/2026        roh          38984 reg. Kerzen    0/165/166 von 166  Tagen gewertet (1m/5m/15m)     4251 Signale  144 ms lesen  15053 ms rechnen
2026-09-07T18:52:49.756Z  ABTX/2016       roh          15854 reg. Kerzen        0/0/0 von 252  Tagen gewertet (1m/5m/15m)        0 Signale  82 ms lesen  182 ms rechnen
2026-09-07T18:52:50.088Z  ABTX/2017       roh          14164 reg. Kerzen        0/0/0 von 251  Tagen gewertet (1m/5m/15m)        0 Signale  82 ms lesen  158 ms rechnen
2026-09-07T18:52:50.445Z  ABTX/2018       roh          14760 reg. Kerzen        0/0/0 von 251  Tagen gewertet (1m/5m/15m)        0 Signale  55 ms lesen  202 ms rechnen
2026-09-07T18:52:53.628Z  ABTX/2019       roh          34484 reg. Kerzen      0/26/26 von 252  Tagen gewertet (1m/5m/15m)      673 Signale  141 ms lesen  2958 ms rechnen
2026-09-07T18:52:54.233Z  ABTX/2020       roh          27647 reg. Kerzen        0/0/0 von 253  Tagen gewertet (1m/5m/15m)        0 Signale  120 ms lesen  314 ms rechnen
2026-09-07T18:52:54.656Z  ABTX/2021       roh          17283 reg. Kerzen        0/0/0 von 252  Tagen gewertet (1m/5m/15m)        0 Signale  65 ms lesen  230 ms rechnen
2026-09-07T18:52:54.979Z  ABTX/2022       roh          14863 reg. Kerzen        0/0/0 von 188  Tagen gewertet (1m/5m/15m)        0 Signale  45 ms lesen  206 ms rechnen
2026-09-07T18:53:21.073Z  ACAD/2016       roh          96308 reg. Kerzen    0/231/231 von 251  Tagen gewertet (1m/5m/15m)     6323 Signale  233 ms lesen  25775 ms rechnen
2026-09-07T18:53:47.629Z  ACAD/2017       roh          92336 reg. Kerzen    0/251/251 von 251  Tagen gewertet (1m/5m/15m)     6743 Signale  436 ms lesen  25556 ms rechnen
2026-09-07T18:54:14.842Z  ACAD/2018       roh          93623 reg. Kerzen    0/249/249 von 251  Tagen gewertet (1m/5m/15m)     6649 Signale  255 ms lesen  26421 ms rechnen
2026-09-07T18:54:41.111Z  ACAD/2019       roh          92484 reg. Kerzen    0/252/252 von 252  Tagen gewertet (1m/5m/15m)     6791 Signale  223 ms lesen  25533 ms rechnen
2026-09-07T18:55:07.080Z  ACAD/2020       roh          93732 reg. Kerzen    0/253/253 von 253  Tagen gewertet (1m/5m/15m)     6762 Signale  302 ms lesen  25167 ms rechnen
2026-09-07T18:55:33.517Z  ACAD/2021       roh          91988 reg. Kerzen    0/252/252 von 252  Tagen gewertet (1m/5m/15m)     6929 Signale  517 ms lesen  25482 ms rechnen
2026-09-07T18:56:02.641Z  ACAD/2022       roh          92158 reg. Kerzen    0/250/250 von 250  Tagen gewertet (1m/5m/15m)     6851 Signale  992 ms lesen  27699 ms rechnen
2026-09-07T18:56:29.524Z  ACAD/2023       roh          90427 reg. Kerzen    0/250/250 von 250  Tagen gewertet (1m/5m/15m)     6680 Signale  634 ms lesen  25756 ms rechnen
2026-09-07T18:56:56.257Z  ACAD/2024       roh          91121 reg. Kerzen    0/252/252 von 252  Tagen gewertet (1m/5m/15m)     6667 Signale  1169 ms lesen  25144 ms rechnen
2026-09-07T18:57:22.724Z  ACAD/2025       roh          90419 reg. Kerzen    0/250/250 von 250  Tagen gewertet (1m/5m/15m)     6609 Signale  777 ms lesen  25258 ms rechnen
2026-09-07T18:57:39.550Z  ACAD/2026       roh          59087 reg. Kerzen    0/166/166 von 166  Tagen gewertet (1m/5m/15m)     4323 Signale  166 ms lesen  16247 ms rechnen
2026-09-07T18:57:40.245Z  ACBI/2016       roh          22366 reg. Kerzen        0/0/0 von 252  Tagen gewertet (1m/5m/15m)        0 Signale  140 ms lesen  294 ms rechnen
2026-09-07T18:57:40.771Z  ACBI/2017       roh          24264 reg. Kerzen        0/0/0 von 251  Tagen gewertet (1m/5m/15m)        0 Signale  92 ms lesen  317 ms rechnen
2026-09-07T18:57:41.312Z  ACBI/2018       roh          27443 reg. Kerzen        0/0/0 von 251  Tagen gewertet (1m/5m/15m)        0 Signale  95 ms lesen  343 ms rechnen
2026-09-07T18:57:42.077Z  ACBI/2019       roh          36148 reg. Kerzen        0/0/0 von 252  Tagen gewertet (1m/5m/15m)        0 Signale  179 ms lesen  456 ms rechnen
2026-09-07T18:57:42.732Z  ACBI/2020       roh          29227 reg. Kerzen        0/0/0 von 253  Tagen gewertet (1m/5m/15m)        0 Signale  76 ms lesen  418 ms rechnen
2026-09-07T18:57:43.285Z  ACBI/2021       roh          27613 reg. Kerzen        0/0/0 von 252  Tagen gewertet (1m/5m/15m)        0 Signale  81 ms lesen  335 ms rechnen
2026-09-07T18:57:43.618Z  ACBI/2022       roh           5356 reg. Kerzen        0/0/0 von 39   Tagen gewertet (1m/5m/15m)        0 Signale  45 ms lesen  96 ms rechnen
2026-09-07T18:57:43.825Z  ACFC/2016       roh           5059 reg. Kerzen        0/0/0 von 252  Tagen gewertet (1m/5m/15m)        0 Signale  32 ms lesen  128 ms rechnen
2026-09-07T18:57:44.060Z  ACFC/2017       roh           8130 reg. Kerzen        0/0/0 von 250  Tagen gewertet (1m/5m/15m)        0 Signale  93 ms lesen  119 ms rechnen
2026-09-07T18:57:44.210Z  ACFC/2018       roh           5125 reg. Kerzen        0/0/0 von 99   Tagen gewertet (1m/5m/15m)        0 Signale  25 ms lesen  83 ms rechnen
2026-09-07T18:57:55.494Z  ACI/2020        roh          49713 reg. Kerzen    0/111/111 von 131  Tagen gewertet (1m/5m/15m)     2866 Signale  184 ms lesen  11045 ms rechnen
2026-09-07T18:58:20.314Z  ACI/2021        roh          91514 reg. Kerzen    0/251/251 von 252  Tagen gewertet (1m/5m/15m)     6715 Signale  313 ms lesen  24271 ms rechnen
2026-09-07T18:58:44.549Z  ACI/2022        roh          95015 reg. Kerzen    0/249/249 von 250  Tagen gewertet (1m/5m/15m)     6390 Signale  355 ms lesen  23402 ms rechnen
2026-09-07T18:59:03.287Z  ACI/2023        roh          93893 reg. Kerzen    0/250/250 von 250  Tagen gewertet (1m/5m/15m)     5455 Signale  311 ms lesen  17999 ms rechnen
2026-09-07T18:59:23.389Z  ACI/2024        roh          93628 reg. Kerzen    0/252/252 von 252  Tagen gewertet (1m/5m/15m)     5907 Signale  342 ms lesen  19163 ms rechnen
2026-09-07T18:59:45.923Z  ACI/2025        roh          96270 reg. Kerzen    0/250/250 von 250  Tagen gewertet (1m/5m/15m)     6165 Signale  442 ms lesen  21673 ms rechnen
2026-09-07T19:00:02.663Z  ACI/2026        roh          64461 reg. Kerzen    0/166/166 von 166  Tagen gewertet (1m/5m/15m)     4369 Signale  310 ms lesen  15933 ms rechnen
2026-09-07T19:00:03.059Z  ACND/2020       roh           2073 reg. Kerzen        0/0/0 von 76   Tagen gewertet (1m/5m/15m)        0 Signale  39 ms lesen  33 ms rechnen
2026-09-07T19:00:03.304Z  ACND/2021       roh          14394 reg. Kerzen        0/0/2 von 138  Tagen gewertet (1m/5m/15m)        9 Signale  37 ms lesen  197 ms rechnen
2026-09-07T19:00:03.942Z  ACT/2021        roh          13873 reg. Kerzen        0/2/2 von 75   Tagen gewertet (1m/5m/15m)       42 Signale  131 ms lesen  408 ms rechnen
2026-09-07T19:00:07.010Z  ACT/2022        roh          43918 reg. Kerzen      0/26/26 von 251  Tagen gewertet (1m/5m/15m)      677 Signale  164 ms lesen  2842 ms rechnen
2026-09-07T19:00:11.476Z  ACT/2023        roh          41987 reg. Kerzen      0/50/52 von 250  Tagen gewertet (1m/5m/15m)     1226 Signale  146 ms lesen  4106 ms rechnen
2026-09-07T19:00:23.718Z  ACT/2024        roh          48900 reg. Kerzen    0/149/152 von 252  Tagen gewertet (1m/5m/15m)     3515 Signale  118 ms lesen  11955 ms rechnen
2026-09-07T19:00:41.856Z  ACT/2025        roh          50802 reg. Kerzen    0/213/225 von 250  Tagen gewertet (1m/5m/15m)     5312 Signale  220 ms lesen  17637 ms rechnen
2026-09-07T19:00:56.810Z  ACT/2026        roh          31883 reg. Kerzen    0/161/166 von 166  Tagen gewertet (1m/5m/15m)     4062 Signale  106 ms lesen  14586 ms rechnen
2026-09-07T19:01:17.669Z  ACXM/2016       roh          68128 reg. Kerzen    0/227/227 von 252  Tagen gewertet (1m/5m/15m)     5667 Signale  257 ms lesen  20430 ms rechnen
2026-09-07T19:01:38.832Z  ACXM/2017       roh          67077 reg. Kerzen    0/251/251 von 251  Tagen gewertet (1m/5m/15m)     6239 Signale  190 ms lesen  20666 ms rechnen
2026-09-07T19:01:55.648Z  ACXM/2018       roh          57606 reg. Kerzen    0/187/187 von 189  Tagen gewertet (1m/5m/15m)     4738 Signale  286 ms lesen  16144 ms rechnen
2026-09-07T19:01:56.102Z  ADES/2016       roh           8321 reg. Kerzen        0/0/0 von 124  Tagen gewertet (1m/5m/15m)        0 Signale  71 ms lesen  102 ms rechnen
2026-09-07T19:01:56.687Z  ADES/2017       roh          35718 reg. Kerzen        0/0/0 von 251  Tagen gewertet (1m/5m/15m)        0 Signale  194 ms lesen  358 ms rechnen
2026-09-07T19:01:57.465Z  ADES/2018       roh          33019 reg. Kerzen        0/0/0 von 251  Tagen gewertet (1m/5m/15m)        0 Signale  139 ms lesen  459 ms rechnen
2026-09-07T19:01:58.285Z  ADES/2019       roh          39228 reg. Kerzen        0/0/0 von 252  Tagen gewertet (1m/5m/15m)        0 Signale  151 ms lesen  478 ms rechnen
2026-09-07T19:01:59.165Z  ADES/2020       roh          39450 reg. Kerzen        0/0/0 von 253  Tagen gewertet (1m/5m/15m)        0 Signale  118 ms lesen  518 ms rechnen
2026-09-07T19:02:00.258Z  ADES/2021       roh          35102 reg. Kerzen        0/0/0 von 252  Tagen gewertet (1m/5m/15m)        0 Signale  260 ms lesen  549 ms rechnen
2026-09-07T19:02:00.960Z  ADES/2022       roh          22046 reg. Kerzen        0/0/0 von 251  Tagen gewertet (1m/5m/15m)        0 Signale  123 ms lesen  384 ms rechnen
2026-09-07T19:02:01.438Z  ADES/2023       roh          16043 reg. Kerzen        0/0/0 von 250  Tagen gewertet (1m/5m/15m)        0 Signale  54 ms lesen  263 ms rechnen
2026-09-07T19:02:01.649Z  ADES/2024       roh           1562 reg. Kerzen        0/0/0 von 21   Tagen gewertet (1m/5m/15m)        0 Signale  63 ms lesen  26 ms rechnen
2026-09-07T19:02:01.889Z  ADMA/2016       roh          12446 reg. Kerzen        0/0/0 von 252  Tagen gewertet (1m/5m/15m)        0 Signale  63 ms lesen  164 ms rechnen
2026-09-07T19:02:02.164Z  ADMA/2017       roh          13154 reg. Kerzen        0/0/0 von 251  Tagen gewertet (1m/5m/15m)        0 Signale  50 ms lesen  165 ms rechnen
2026-09-07T19:02:02.773Z  ADMA/2018       roh          35363 reg. Kerzen        0/0/0 von 250  Tagen gewertet (1m/5m/15m)        0 Signale  120 ms lesen  433 ms rechnen
2026-09-07T19:02:03.896Z  ADMA/2019       roh          68293 reg. Kerzen        0/0/0 von 252  Tagen gewertet (1m/5m/15m)        0 Signale  297 ms lesen  661 ms rechnen
2026-09-07T19:02:26.251Z  ADMA/2020       roh          90236 reg. Kerzen    0/180/180 von 253  Tagen gewertet (1m/5m/15m)     4991 Signale  251 ms lesen  21758 ms rechnen
2026-09-07T19:02:38.152Z  ADMA/2021       roh          83957 reg. Kerzen      0/86/86 von 252  Tagen gewertet (1m/5m/15m)     2421 Signale  432 ms lesen  10962 ms rechnen
2026-09-07T19:02:49.164Z  ADMA/2022       roh          91463 reg. Kerzen      0/80/80 von 251  Tagen gewertet (1m/5m/15m)     2248 Signale  302 ms lesen  10332 ms rechnen
2026-09-07T19:03:05.858Z  ADMA/2023       roh          89321 reg. Kerzen    0/144/144 von 250  Tagen gewertet (1m/5m/15m)     3871 Signale  284 ms lesen  16002 ms rechnen
2026-09-07T19:03:32.953Z  ADMA/2024       roh          94861 reg. Kerzen    0/250/250 von 252  Tagen gewertet (1m/5m/15m)     6630 Signale  285 ms lesen  26409 ms rechnen
2026-09-07T19:04:01.345Z  ADMA/2025       roh          94734 reg. Kerzen    0/250/250 von 250  Tagen gewertet (1m/5m/15m)     6716 Signale  664 ms lesen  27274 ms rechnen
2026-09-07T19:04:19.541Z  ADMA/2026       roh          62325 reg. Kerzen    0/166/166 von 166  Tagen gewertet (1m/5m/15m)     4474 Signale  205 ms lesen  17493 ms rechnen
2026-09-07T19:04:20.075Z  ADRA/2016       roh            602 reg. Kerzen        0/0/0 von 186  Tagen gewertet (1m/5m/15m)        0 Signale  33 ms lesen  26 ms rechnen
2026-09-07T19:04:20.133Z  ADRA/2017       roh            632 reg. Kerzen        0/0/0 von 202  Tagen gewertet (1m/5m/15m)        0 Signale  13 ms lesen  39 ms rechnen
2026-09-07T19:04:20.171Z  ADRA/2018       roh            586 reg. Kerzen        0/0/0 von 194  Tagen gewertet (1m/5m/15m)        0 Signale  11 ms lesen  21 ms rechnen
2026-09-07T19:04:20.278Z  ADRA/2019       roh            382 reg. Kerzen        0/0/0 von 188  Tagen gewertet (1m/5m/15m)        0 Signale  87 ms lesen  14 ms rechnen
2026-09-07T19:04:20.301Z  ADRA/2020       roh             95 reg. Kerzen        0/0/0 von 27   Tagen gewertet (1m/5m/15m)        0 Signale  17 ms lesen  3 ms rechnen
2026-09-07T19:04:20.434Z  ADRA/2021       roh           2236 reg. Kerzen        0/0/0 von 165  Tagen gewertet (1m/5m/15m)        0 Signale  91 ms lesen  40 ms rechnen
2026-09-07T19:04:20.501Z  ADRA/2022       roh           1591 reg. Kerzen        0/0/0 von 208  Tagen gewertet (1m/5m/15m)        0 Signale  20 ms lesen  34 ms rechnen
2026-09-07T19:04:20.569Z  ADRA/2023       roh            989 reg. Kerzen        0/0/0 von 28   Tagen gewertet (1m/5m/15m)        0 Signale  37 ms lesen  18 ms rechnen
2026-09-07T19:04:21.034Z  ADUS/2016       roh          27185 reg. Kerzen        0/0/0 von 252  Tagen gewertet (1m/5m/15m)        0 Signale  66 ms lesen  386 ms rechnen
2026-09-07T19:04:21.483Z  ADUS/2017       roh          16851 reg. Kerzen        0/0/0 von 251  Tagen gewertet (1m/5m/15m)        0 Signale  112 ms lesen  198 ms rechnen
2026-09-07T19:04:31.180Z  ADUS/2018       roh          32059 reg. Kerzen     0/92/110 von 251  Tagen gewertet (1m/5m/15m)     2516 Signale  115 ms lesen  9466 ms rechnen
2026-09-07T19:04:49.413Z  ADUS/2019       roh          39872 reg. Kerzen    0/163/226 von 252  Tagen gewertet (1m/5m/15m)     4817 Signale  106 ms lesen  17965 ms rechnen
2026-09-07T19:05:09.162Z  ADUS/2020       roh          37984 reg. Kerzen    0/164/251 von 253  Tagen gewertet (1m/5m/15m)     5038 Signale  131 ms lesen  19431 ms rechnen
2026-09-07T19:05:21.002Z  ADUS/2021       roh          29742 reg. Kerzen     0/84/199 von 252  Tagen gewertet (1m/5m/15m)     3188 Signale  78 ms lesen  11553 ms rechnen
2026-09-07T19:05:26.199Z  ADUS/2022       roh          26484 reg. Kerzen      0/29/85 von 251  Tagen gewertet (1m/5m/15m)     1272 Signale  114 ms lesen  4917 ms rechnen
2026-09-07T19:05:33.587Z  ADUS/2023       roh          26096 reg. Kerzen     0/43/157 von 250  Tagen gewertet (1m/5m/15m)     2142 Signale  90 ms lesen  7159 ms rechnen
2026-09-07T19:05:45.191Z  ADUS/2024       roh          27406 reg. Kerzen     0/58/221 von 252  Tagen gewertet (1m/5m/15m)     2904 Signale  140 ms lesen  11309 ms rechnen
2026-09-07T19:06:01.170Z  ADUS/2025       roh          31532 reg. Kerzen    0/105/247 von 250  Tagen gewertet (1m/5m/15m)     4018 Signale  131 ms lesen  15726 ms rechnen
2026-09-07T19:06:14.347Z  ADUS/2026       roh          24207 reg. Kerzen    0/118/166 von 166  Tagen gewertet (1m/5m/15m)     3502 Signale  73 ms lesen  12945 ms rechnen
2026-09-07T19:06:33.807Z  AEE/2016        roh          96540 reg. Kerzen    0/232/232 von 252  Tagen gewertet (1m/5m/15m)     5550 Signale  190 ms lesen  19137 ms rechnen
2026-09-07T19:06:54.168Z  AEE/2017        roh          93302 reg. Kerzen    0/251/251 von 251  Tagen gewertet (1m/5m/15m)     5457 Signale  264 ms lesen  19661 ms rechnen
2026-09-07T19:07:17.354Z  AEE/2018        roh          95732 reg. Kerzen    0/251/251 von 251  Tagen gewertet (1m/5m/15m)     5938 Signale  254 ms lesen  22502 ms rechnen
2026-09-07T19:07:38.611Z  AEE/2019        roh          95532 reg. Kerzen    0/252/252 von 252  Tagen gewertet (1m/5m/15m)     5675 Signale  263 ms lesen  20596 ms rechnen
2026-09-07T19:08:03.788Z  AEE/2020        roh          96248 reg. Kerzen    0/253/253 von 253  Tagen gewertet (1m/5m/15m)     6317 Signale  340 ms lesen  24234 ms rechnen
2026-09-07T19:08:26.500Z  AEE/2021        roh          92795 reg. Kerzen    0/251/251 von 252  Tagen gewertet (1m/5m/15m)     6016 Signale  558 ms lesen  21698 ms rechnen
2026-09-07T19:08:50.027Z  AEE/2022        roh          93692 reg. Kerzen    0/249/249 von 251  Tagen gewertet (1m/5m/15m)     6089 Signale  345 ms lesen  22578 ms rechnen
2026-09-07T19:09:12.190Z  AEE/2023        roh          94594 reg. Kerzen    0/250/250 von 250  Tagen gewertet (1m/5m/15m)     6159 Signale  348 ms lesen  21268 ms rechnen
2026-09-07T19:09:35.216Z  AEE/2024        roh          92842 reg. Kerzen    0/252/252 von 252  Tagen gewertet (1m/5m/15m)     5963 Signale  245 ms lesen  22371 ms rechnen
2026-09-07T19:09:59.403Z  AEE/2025        roh          90722 reg. Kerzen    0/250/250 von 250  Tagen gewertet (1m/5m/15m)     5717 Signale  293 ms lesen  23419 ms rechnen
2026-09-07T19:10:17.306Z  AEE/2026        roh          59844 reg. Kerzen    0/166/166 von 166  Tagen gewertet (1m/5m/15m)     4051 Signale  228 ms lesen  17058 ms rechnen
2026-09-07T19:10:45.220Z  AEM/2016        roh          97747 reg. Kerzen    0/232/232 von 252  Tagen gewertet (1m/5m/15m)     6343 Signale  223 ms lesen  27381 ms rechnen
2026-09-07T19:11:12.184Z  AEM/2017        roh          96156 reg. Kerzen    0/251/251 von 251  Tagen gewertet (1m/5m/15m)     6495 Signale  346 ms lesen  26099 ms rechnen
2026-09-07T19:11:39.267Z  AEM/2018        roh          95096 reg. Kerzen    0/251/251 von 251  Tagen gewertet (1m/5m/15m)     6550 Signale  231 ms lesen  26212 ms rechnen
2026-09-07T19:12:06.988Z  AEM/2019        roh          95791 reg. Kerzen    0/252/252 von 252  Tagen gewertet (1m/5m/15m)     6500 Signale  371 ms lesen  26877 ms rechnen
2026-09-07T19:12:37.944Z  AEM/2020        roh          96820 reg. Kerzen    0/253/253 von 253  Tagen gewertet (1m/5m/15m)     6806 Signale  268 ms lesen  30195 ms rechnen
2026-09-07T19:13:05.915Z  AEM/2021        roh          95876 reg. Kerzen    0/251/251 von 252  Tagen gewertet (1m/5m/15m)     6533 Signale  238 ms lesen  27290 ms rechnen
2026-09-07T19:13:34.468Z  AEM/2022        roh          96854 reg. Kerzen    0/249/249 von 251  Tagen gewertet (1m/5m/15m)     6610 Signale  271 ms lesen  27599 ms rechnen
2026-09-07T19:14:00.156Z  AEM/2023        roh          96910 reg. Kerzen    0/250/250 von 250  Tagen gewertet (1m/5m/15m)     6410 Signale  466 ms lesen  24798 ms rechnen
2026-09-07T19:14:25.928Z  AEM/2024        roh          97032 reg. Kerzen    0/252/252 von 252  Tagen gewertet (1m/5m/15m)     6410 Signale  305 ms lesen  25004 ms rechnen
2026-09-07T19:14:50.864Z  AEM/2025        roh          96291 reg. Kerzen    0/250/250 von 250  Tagen gewertet (1m/5m/15m)     6533 Signale  314 ms lesen  24067 ms rechnen
2026-09-07T19:15:08.821Z  AEM/2026        roh          64163 reg. Kerzen    0/166/166 von 166  Tagen gewertet (1m/5m/15m)     4385 Signale  263 ms lesen  17229 ms rechnen
2026-09-07T19:15:31.978Z  AERI/2016       roh          74706 reg. Kerzen    0/184/184 von 252  Tagen gewertet (1m/5m/15m)     4986 Signale  187 ms lesen  22594 ms rechnen
2026-09-07T19:16:02.314Z  AERI/2017       roh          70684 reg. Kerzen    0/250/250 von 251  Tagen gewertet (1m/5m/15m)     6794 Signale  168 ms lesen  29836 ms rechnen
2026-09-07T19:16:28.429Z  AERI/2018       roh          69966 reg. Kerzen    0/249/249 von 251  Tagen gewertet (1m/5m/15m)     6725 Signale  179 ms lesen  25496 ms rechnen
2026-09-07T19:16:56.730Z  AERI/2019       roh          84196 reg. Kerzen    0/252/252 von 252  Tagen gewertet (1m/5m/15m)     6840 Signale  374 ms lesen  27529 ms rechnen
2026-09-07T19:17:25.499Z  AERI/2020       roh          83956 reg. Kerzen    0/248/248 von 253  Tagen gewertet (1m/5m/15m)     6717 Signale  237 ms lesen  28162 ms rechnen
2026-09-07T19:17:49.201Z  AERI/2021       roh          71284 reg. Kerzen    0/198/198 von 252  Tagen gewertet (1m/5m/15m)     5297 Signale  312 ms lesen  22941 ms rechnen
2026-09-07T19:17:59.857Z  AERI/2022       roh          65935 reg. Kerzen    0/107/107 von 223  Tagen gewertet (1m/5m/15m)     2203 Signale  329 ms lesen  9982 ms rechnen
2026-09-07T19:18:00.311Z  AFAC/2022       roh            533 reg. Kerzen        0/0/0 von 125  Tagen gewertet (1m/5m/15m)        0 Signale  10 ms lesen  32 ms rechnen
2026-09-07T19:18:18.606Z  AFG/2016        roh          65063 reg. Kerzen    0/232/232 von 252  Tagen gewertet (1m/5m/15m)     5115 Signale  234 ms lesen  18031 ms rechnen
2026-09-07T19:18:40.197Z  AFG/2017        roh          65226 reg. Kerzen    0/251/251 von 251  Tagen gewertet (1m/5m/15m)     5313 Signale  233 ms lesen  21033 ms rechnen
2026-09-07T19:19:02.819Z  AFG/2018        roh          60324 reg. Kerzen    0/251/251 von 251  Tagen gewertet (1m/5m/15m)     5916 Signale  252 ms lesen  22032 ms rechnen
2026-09-07T19:19:25.300Z  AFG/2019        roh          64873 reg. Kerzen    0/252/252 von 252  Tagen gewertet (1m/5m/15m)     5655 Signale  199 ms lesen  21962 ms rechnen
2026-09-07T19:19:52.153Z  AFG/2020        roh          78015 reg. Kerzen    0/253/253 von 253  Tagen gewertet (1m/5m/15m)     6635 Signale  312 ms lesen  26240 ms rechnen
2026-09-07T19:20:16.946Z  AFG/2021        roh          67577 reg. Kerzen    0/250/250 von 252  Tagen gewertet (1m/5m/15m)     6287 Signale  319 ms lesen  24081 ms rechnen
2026-09-07T19:20:41.937Z  AFG/2022        roh          59535 reg. Kerzen    0/249/249 von 251  Tagen gewertet (1m/5m/15m)     6431 Signale  145 ms lesen  24475 ms rechnen
2026-09-07T19:21:06.377Z  AFG/2023        roh          57210 reg. Kerzen    0/249/250 von 250  Tagen gewertet (1m/5m/15m)     6003 Signale  180 ms lesen  23900 ms rechnen
2026-09-07T19:21:27.113Z  AFG/2024        roh          46367 reg. Kerzen    0/228/252 von 252  Tagen gewertet (1m/5m/15m)     5605 Signale  237 ms lesen  20180 ms rechnen
2026-09-07T19:21:49.325Z  AFG/2025        roh          56694 reg. Kerzen    0/249/250 von 250  Tagen gewertet (1m/5m/15m)     5980 Signale  161 ms lesen  21831 ms rechnen
2026-09-07T19:22:04.716Z  AFG/2026        roh          36144 reg. Kerzen    0/163/166 von 166  Tagen gewertet (1m/5m/15m)     3992 Signale  141 ms lesen  14842 ms rechnen
2026-09-07T19:22:27.986Z  AFSI/2016       bereinigt    84123 reg. Kerzen    0/232/232 von 252  Tagen gewertet (1m/5m/15m)     5912 Signale  314 ms lesen  22785 ms rechnen
2026-09-07T19:22:58.466Z  AFSI/2017       roh          89372 reg. Kerzen    0/251/251 von 251  Tagen gewertet (1m/5m/15m)     6589 Signale  295 ms lesen  29713 ms rechnen
2026-09-07T19:23:20.631Z  AFSI/2018       roh          70032 reg. Kerzen    0/190/190 von 230  Tagen gewertet (1m/5m/15m)     4263 Signale  262 ms lesen  21014 ms rechnen
2026-09-07T19:23:46.425Z  AGCO/2016       roh          89467 reg. Kerzen    0/232/232 von 252  Tagen gewertet (1m/5m/15m)     5986 Signale  479 ms lesen  24894 ms rechnen
2026-09-07T19:24:09.491Z  AGCO/2017       roh          79521 reg. Kerzen    0/251/251 von 251  Tagen gewertet (1m/5m/15m)     5945 Signale  213 ms lesen  22417 ms rechnen
2026-09-07T19:24:35.972Z  AGCO/2018       roh          83851 reg. Kerzen    0/251/251 von 251  Tagen gewertet (1m/5m/15m)     6593 Signale  217 ms lesen  25888 ms rechnen
2026-09-07T19:24:59.982Z  AGCO/2019       roh          81786 reg. Kerzen    0/252/252 von 252  Tagen gewertet (1m/5m/15m)     6214 Signale  329 ms lesen  23313 ms rechnen
2026-09-07T19:25:27.222Z  AGCO/2020       roh          82502 reg. Kerzen    0/253/253 von 253  Tagen gewertet (1m/5m/15m)     6591 Signale  178 ms lesen  26619 ms rechnen
2026-09-07T19:25:52.890Z  AGCO/2021       roh          81441 reg. Kerzen    0/250/250 von 252  Tagen gewertet (1m/5m/15m)     6640 Signale  235 ms lesen  25025 ms rechnen
2026-09-07T19:26:21.441Z  AGCO/2022       roh          81994 reg. Kerzen    0/249/249 von 251  Tagen gewertet (1m/5m/15m)     6655 Signale  314 ms lesen  27741 ms rechnen
2026-09-07T19:26:47.156Z  AGCO/2023       roh          79692 reg. Kerzen    0/250/250 von 250  Tagen gewertet (1m/5m/15m)     6509 Signale  224 ms lesen  25068 ms rechnen
2026-09-07T19:27:12.810Z  AGCO/2024       roh          80560 reg. Kerzen    0/252/252 von 252  Tagen gewertet (1m/5m/15m)     6428 Signale  259 ms lesen  25015 ms rechnen
2026-09-07T19:27:39.230Z  AGCO/2025       roh          75440 reg. Kerzen    0/250/250 von 250  Tagen gewertet (1m/5m/15m)     6555 Signale  266 ms lesen  25654 ms rechnen
2026-09-07T19:27:57.442Z  AGCO/2026       roh          47613 reg. Kerzen    0/166/166 von 166  Tagen gewertet (1m/5m/15m)     4388 Signale  133 ms lesen  17524 ms rechnen
2026-09-07T19:27:57.714Z  AGIL/2020       roh            387 reg. Kerzen        0/0/0 von 109  Tagen gewertet (1m/5m/15m)        0 Signale  7 ms lesen  14 ms rechnen
2026-09-07T19:27:59.334Z  AGIL/2021       roh          14948 reg. Kerzen       0/9/16 von 238  Tagen gewertet (1m/5m/15m)      305 Signale  67 ms lesen  1550 ms rechnen
2026-09-07T19:27:59.706Z  AGIL/2022       roh          10373 reg. Kerzen        0/0/0 von 251  Tagen gewertet (1m/5m/15m)        0 Signale  39 ms lesen  245 ms rechnen
2026-09-07T19:28:00.187Z  AGIL/2023       roh          22611 reg. Kerzen        0/0/0 von 225  Tagen gewertet (1m/5m/15m)        0 Signale  89 ms lesen  301 ms rechnen
2026-09-07T19:28:22.224Z  AGO/2016        roh          89178 reg. Kerzen    0/232/232 von 252  Tagen gewertet (1m/5m/15m)     5762 Signale  306 ms lesen  21580 ms rechnen
2026-09-07T19:28:45.009Z  AGO/2017        roh          86556 reg. Kerzen    0/251/251 von 251  Tagen gewertet (1m/5m/15m)     6053 Signale  251 ms lesen  22062 ms rechnen
2026-09-07T19:29:08.338Z  AGO/2018        roh          84564 reg. Kerzen    0/251/251 von 251  Tagen gewertet (1m/5m/15m)     6268 Signale  268 ms lesen  22668 ms rechnen
2026-09-07T19:29:12.242Z  CHECKPOINT 200 Dateien, 54 min, Detektorfehler {}
2026-09-07T19:29:34.548Z  AGO/2019        roh          79829 reg. Kerzen    0/252/252 von 252  Tagen gewertet (1m/5m/15m)     5813 Signale  330 ms lesen  21973 ms rechnen
2026-09-07T19:29:59.991Z  AGO/2020        roh          85349 reg. Kerzen    0/253/253 von 253  Tagen gewertet (1m/5m/15m)     6654 Signale  331 ms lesen  24742 ms rechnen
2026-09-07T19:30:25.579Z  AGO/2021        roh          72431 reg. Kerzen    0/250/250 von 252  Tagen gewertet (1m/5m/15m)     6469 Signale  154 ms lesen  24906 ms rechnen
2026-09-07T19:30:50.781Z  AGO/2022        roh          64369 reg. Kerzen    0/249/249 von 251  Tagen gewertet (1m/5m/15m)     6427 Signale  176 ms lesen  24506 ms rechnen
2026-09-07T19:31:13.688Z  AGO/2023        roh          51977 reg. Kerzen    0/248/250 von 250  Tagen gewertet (1m/5m/15m)     6079 Signale  132 ms lesen  22345 ms rechnen
2026-09-07T19:31:36.078Z  AGO/2024        roh          56281 reg. Kerzen    0/250/252 von 252  Tagen gewertet (1m/5m/15m)     6057 Signale  151 ms lesen  22022 ms rechnen
2026-09-07T19:31:56.612Z  AGO/2025        roh          48876 reg. Kerzen    0/244/250 von 250  Tagen gewertet (1m/5m/15m)     5910 Signale  112 ms lesen  20150 ms rechnen
2026-09-07T19:32:11.077Z  AGO/2026        roh          31662 reg. Kerzen    0/162/166 von 166  Tagen gewertet (1m/5m/15m)     4043 Signale  112 ms lesen  14122 ms rechnen
2026-09-07T19:32:32.113Z  AGU/2016        roh          87029 reg. Kerzen    0/231/231 von 252  Tagen gewertet (1m/5m/15m)     5895 Signale  329 ms lesen  20550 ms rechnen
2026-09-07T19:32:56.081Z  AGU/2017        roh          71823 reg. Kerzen    0/251/251 von 251  Tagen gewertet (1m/5m/15m)     6156 Signale  193 ms lesen  23414 ms rechnen
2026-09-07T19:32:57.352Z  AHI/2021        bereinigt     6747 reg. Kerzen        0/3/3 von 29   Tagen gewertet (1m/5m/15m)       76 Signale  179 ms lesen  621 ms rechnen
2026-09-07T19:32:57.790Z  AHI/2022        bereinigt    17512 reg. Kerzen        0/0/0 von 241  Tagen gewertet (1m/5m/15m)        0 Signale  139 ms lesen  264 ms rechnen
2026-09-07T19:32:59.006Z  AHI/2023        bereinigt    17161 reg. Kerzen        0/6/6 von 248  Tagen gewertet (1m/5m/15m)      167 Signale  144 ms lesen  976 ms rechnen
2026-09-07T19:32:59.214Z  AHI/2024        roh            370 reg. Kerzen        0/0/0 von 21   Tagen gewertet (1m/5m/15m)        0 Signale  15 ms lesen  96 ms rechnen
2026-09-07T19:32:59.420Z  AIEV/2022       roh            276 reg. Kerzen        0/0/0 von 56   Tagen gewertet (1m/5m/15m)        0 Signale  14 ms lesen  41 ms rechnen
2026-09-07T19:32:59.504Z  AIEV/2023       roh           1263 reg. Kerzen        0/0/0 von 196  Tagen gewertet (1m/5m/15m)        0 Signale  23 ms lesen  52 ms rechnen
2026-09-07T19:32:59.870Z  AIEV/2024       roh          13802 reg. Kerzen        0/0/0 von 208  Tagen gewertet (1m/5m/15m)        0 Signale  174 ms lesen  183 ms rechnen
2026-09-07T19:33:00.163Z  AIEV/2025       roh           6300 reg. Kerzen        0/0/0 von 74   Tagen gewertet (1m/5m/15m)        0 Signale  155 ms lesen  78 ms rechnen
2026-09-07T19:33:00.193Z  AUSGELASSEN AIEV/2026: Datei fehlt
2026-09-07T19:33:04.188Z  AIMT/2016       roh          51599 reg. Kerzen      0/28/28 von 252  Tagen gewertet (1m/5m/15m)      722 Signale  204 ms lesen  3784 ms rechnen
2026-09-07T19:33:19.154Z  AIMT/2017       roh          60780 reg. Kerzen    0/120/120 von 251  Tagen gewertet (1m/5m/15m)     3207 Signale  151 ms lesen  14567 ms rechnen
2026-09-07T19:33:46.667Z  AIMT/2018       roh          74804 reg. Kerzen    0/249/249 von 251  Tagen gewertet (1m/5m/15m)     6751 Signale  236 ms lesen  27006 ms rechnen
2026-09-07T19:34:14.912Z  AIMT/2019       roh          81091 reg. Kerzen    0/251/251 von 251  Tagen gewertet (1m/5m/15m)     6747 Signale  433 ms lesen  27479 ms rechnen
2026-09-07T19:34:35.517Z  AIMT/2020       roh          72387 reg. Kerzen    0/197/197 von 197  Tagen gewertet (1m/5m/15m)     5013 Signale  271 ms lesen  19947 ms rechnen
2026-09-07T19:34:35.907Z  AITR/2024       roh            974 reg. Kerzen        0/0/0 von 209  Tagen gewertet (1m/5m/15m)        0 Signale  15 ms lesen  19 ms rechnen
2026-09-07T19:34:35.937Z  AITR/2025       roh            101 reg. Kerzen        0/0/0 von 39   Tagen gewertet (1m/5m/15m)        0 Signale  15 ms lesen  9 ms rechnen
2026-09-07T19:34:36.320Z  AJX/2016        roh          17712 reg. Kerzen        0/0/0 von 252  Tagen gewertet (1m/5m/15m)        0 Signale  96 ms lesen  253 ms rechnen
2026-09-07T19:34:36.707Z  AJX/2017        roh          17460 reg. Kerzen        0/0/0 von 251  Tagen gewertet (1m/5m/15m)        0 Signale  79 ms lesen  239 ms rechnen
2026-09-07T19:34:37.170Z  AJX/2018        roh          17047 reg. Kerzen        0/0/0 von 251  Tagen gewertet (1m/5m/15m)        0 Signale  105 ms lesen  274 ms rechnen
2026-09-07T19:34:37.807Z  AJX/2019        roh          26496 reg. Kerzen        0/0/0 von 252  Tagen gewertet (1m/5m/15m)        0 Signale  116 ms lesen  435 ms rechnen
2026-09-07T19:34:38.541Z  AJX/2020        roh          37015 reg. Kerzen        0/0/0 von 253  Tagen gewertet (1m/5m/15m)        0 Signale  116 ms lesen  496 ms rechnen
2026-09-07T19:34:39.165Z  AJX/2021        roh          23021 reg. Kerzen        0/0/0 von 252  Tagen gewertet (1m/5m/15m)        0 Signale  136 ms lesen  320 ms rechnen
2026-09-07T19:34:39.706Z  AJX/2022        roh          28938 reg. Kerzen        0/0/0 von 251  Tagen gewertet (1m/5m/15m)        0 Signale  115 ms lesen  323 ms rechnen
2026-09-07T19:34:40.474Z  AJX/2023        roh          31982 reg. Kerzen        0/0/0 von 250  Tagen gewertet (1m/5m/15m)        0 Signale  159 ms lesen  379 ms rechnen
2026-09-07T19:34:41.081Z  AJX/2024        roh          24951 reg. Kerzen        0/0/0 von 232  Tagen gewertet (1m/5m/15m)        0 Signale  75 ms lesen  345 ms rechnen
2026-09-07T19:34:41.560Z  AKP/2016        roh          13471 reg. Kerzen        0/0/0 von 252  Tagen gewertet (1m/5m/15m)        0 Signale  179 ms lesen  175 ms rechnen
2026-09-07T19:34:41.907Z  AKP/2017        roh          12964 reg. Kerzen        0/0/0 von 251  Tagen gewertet (1m/5m/15m)        0 Signale  43 ms lesen  157 ms rechnen
2026-09-07T19:34:42.128Z  AKP/2018        roh           9867 reg. Kerzen        0/0/0 von 251  Tagen gewertet (1m/5m/15m)        0 Signale  36 ms lesen  123 ms rechnen
2026-09-07T19:34:42.262Z  AKP/2019        roh           2269 reg. Kerzen        0/0/0 von 84   Tagen gewertet (1m/5m/15m)        0 Signale  24 ms lesen  36 ms rechnen
2026-09-07T19:35:05.442Z  AL/2016         roh          91881 reg. Kerzen    0/232/232 von 252  Tagen gewertet (1m/5m/15m)     6163 Signale  201 ms lesen  22958 ms rechnen
2026-09-07T19:35:28.833Z  AL/2017         roh          83597 reg. Kerzen    0/251/251 von 251  Tagen gewertet (1m/5m/15m)     6197 Signale  206 ms lesen  22753 ms rechnen
2026-09-07T19:35:53.553Z  AL/2018         roh          84781 reg. Kerzen    0/251/251 von 251  Tagen gewertet (1m/5m/15m)     6438 Signale  309 ms lesen  23951 ms rechnen
2026-09-07T19:36:18.509Z  AL/2019         roh          85654 reg. Kerzen    0/252/252 von 252  Tagen gewertet (1m/5m/15m)     6370 Signale  501 ms lesen  24058 ms rechnen
2026-09-07T19:36:47.696Z  AL/2020         roh          91198 reg. Kerzen    0/253/253 von 253  Tagen gewertet (1m/5m/15m)     6901 Signale  287 ms lesen  28484 ms rechnen
2026-09-07T19:37:14.743Z  AL/2021         roh          79846 reg. Kerzen    0/250/250 von 252  Tagen gewertet (1m/5m/15m)     6708 Signale  236 ms lesen  26322 ms rechnen
2026-09-07T19:37:40.389Z  AL/2022         roh          79867 reg. Kerzen    0/249/249 von 251  Tagen gewertet (1m/5m/15m)     6705 Signale  298 ms lesen  24876 ms rechnen
2026-09-07T19:38:06.311Z  AL/2023         roh          80454 reg. Kerzen    0/250/250 von 250  Tagen gewertet (1m/5m/15m)     6359 Signale  334 ms lesen  25177 ms rechnen
2026-09-07T19:38:29.855Z  AL/2024         roh          78850 reg. Kerzen    0/252/252 von 252  Tagen gewertet (1m/5m/15m)     6395 Signale  307 ms lesen  22891 ms rechnen
2026-09-07T19:38:52.075Z  AL/2025         roh          80096 reg. Kerzen    0/250/250 von 250  Tagen gewertet (1m/5m/15m)     5540 Signale  323 ms lesen  21484 ms rechnen
2026-09-07T19:38:56.319Z  AL/2026         roh          22841 reg. Kerzen      0/65/65 von 65   Tagen gewertet (1m/5m/15m)      967 Signale  102 ms lesen  3773 ms rechnen
2026-09-07T19:38:56.485Z  ALCE/2022       bereinigt      438 reg. Kerzen        0/0/0 von 102  Tagen gewertet (1m/5m/15m)        0 Signale  23 ms lesen  13 ms rechnen
2026-09-07T19:38:56.569Z  ALCE/2023       bereinigt     3029 reg. Kerzen        0/0/0 von 189  Tagen gewertet (1m/5m/15m)        0 Signale  37 ms lesen  43 ms rechnen
2026-09-07T19:38:57.032Z  ALCE/2024       bereinigt    18447 reg. Kerzen        0/0/0 von 252  Tagen gewertet (1m/5m/15m)        0 Signale  161 ms lesen  285 ms rechnen
2026-09-07T19:38:57.209Z  ALCE/2025       bereinigt     4193 reg. Kerzen        0/0/0 von 27   Tagen gewertet (1m/5m/15m)        0 Signale  18 ms lesen  57 ms rechnen
2026-09-07T19:38:57.271Z  AUSGELASSEN ALCE/2026: Datei fehlt
2026-09-07T19:39:18.019Z  ALGN/2016       roh          86982 reg. Kerzen    0/232/232 von 252  Tagen gewertet (1m/5m/15m)     5820 Signale  260 ms lesen  20458 ms rechnen
2026-09-07T19:39:41.182Z  ALGN/2017       roh          88064 reg. Kerzen    0/251/251 von 251  Tagen gewertet (1m/5m/15m)     6235 Signale  260 ms lesen  22470 ms rechnen
2026-09-07T19:40:07.278Z  ALGN/2018       roh          89883 reg. Kerzen    0/249/249 von 251  Tagen gewertet (1m/5m/15m)     6580 Signale  206 ms lesen  25510 ms rechnen
2026-09-07T19:40:33.293Z  ALGN/2019       roh          90634 reg. Kerzen    0/252/252 von 252  Tagen gewertet (1m/5m/15m)     6676 Signale  296 ms lesen  25098 ms rechnen
2026-09-07T19:41:00.882Z  ALGN/2020       roh          88741 reg. Kerzen    0/253/253 von 253  Tagen gewertet (1m/5m/15m)     6788 Signale  278 ms lesen  26805 ms rechnen
2026-09-07T19:41:26.841Z  ALGN/2021       roh          76929 reg. Kerzen    0/252/252 von 252  Tagen gewertet (1m/5m/15m)     6761 Signale  367 ms lesen  25207 ms rechnen
2026-09-07T19:41:55.003Z  ALGN/2022       roh          87657 reg. Kerzen    0/251/251 von 251  Tagen gewertet (1m/5m/15m)     6947 Signale  441 ms lesen  27374 ms rechnen
2026-09-07T19:42:23.521Z  ALGN/2023       roh          83860 reg. Kerzen    0/250/250 von 250  Tagen gewertet (1m/5m/15m)     6645 Signale  244 ms lesen  27784 ms rechnen
2026-09-07T19:42:54.389Z  ALGN/2024       roh          77811 reg. Kerzen    0/252/252 von 252  Tagen gewertet (1m/5m/15m)     6666 Signale  425 ms lesen  29874 ms rechnen
2026-09-07T19:43:22.656Z  ALGN/2025       roh          82581 reg. Kerzen    0/250/250 von 250  Tagen gewertet (1m/5m/15m)     6608 Signale  369 ms lesen  27440 ms rechnen
2026-09-07T19:43:40.564Z  ALGN/2026       roh          50599 reg. Kerzen    0/166/166 von 166  Tagen gewertet (1m/5m/15m)     4503 Signale  220 ms lesen  17235 ms rechnen
2026-09-07T19:44:02.982Z  ALK/2016        roh          95683 reg. Kerzen    0/232/232 von 252  Tagen gewertet (1m/5m/15m)     6068 Signale  217 ms lesen  21904 ms rechnen
2026-09-07T19:44:26.126Z  ALK/2017        roh          94663 reg. Kerzen    0/250/250 von 251  Tagen gewertet (1m/5m/15m)     6324 Signale  355 ms lesen  22307 ms rechnen
2026-09-07T19:44:51.464Z  ALK/2018        roh          95840 reg. Kerzen    0/251/251 von 251  Tagen gewertet (1m/5m/15m)     6523 Signale  408 ms lesen  24519 ms rechnen
2026-09-07T19:45:15.889Z  ALK/2019        roh          93177 reg. Kerzen    0/252/252 von 252  Tagen gewertet (1m/5m/15m)     6389 Signale  370 ms lesen  23556 ms rechnen
2026-09-07T19:45:44.852Z  ALK/2020        roh          97569 reg. Kerzen    0/253/253 von 253  Tagen gewertet (1m/5m/15m)     6901 Signale  333 ms lesen  28200 ms rechnen
2026-09-07T19:46:12.847Z  ALK/2021        roh          96178 reg. Kerzen    0/250/250 von 252  Tagen gewertet (1m/5m/15m)     6717 Signale  294 ms lesen  27212 ms rechnen
2026-09-07T19:46:41.130Z  ALK/2022        roh          96095 reg. Kerzen    0/249/249 von 251  Tagen gewertet (1m/5m/15m)     6617 Signale  398 ms lesen  27431 ms rechnen
2026-09-07T19:47:07.024Z  ALK/2023        roh          95542 reg. Kerzen    0/250/250 von 250  Tagen gewertet (1m/5m/15m)     6463 Signale  320 ms lesen  25117 ms rechnen
2026-09-07T19:47:33.921Z  ALK/2024        roh          96261 reg. Kerzen    0/252/252 von 252  Tagen gewertet (1m/5m/15m)     6575 Signale  283 ms lesen  26112 ms rechnen
2026-09-07T19:48:01.143Z  ALK/2025        roh          95895 reg. Kerzen    0/250/250 von 250  Tagen gewertet (1m/5m/15m)     6686 Signale  328 ms lesen  26466 ms rechnen
2026-09-07T19:48:19.831Z  ALK/2026        roh          64125 reg. Kerzen    0/166/166 von 166  Tagen gewertet (1m/5m/15m)     4505 Signale  225 ms lesen  17965 ms rechnen
2026-09-07T19:48:43.668Z  ALLY/2016       roh          97050 reg. Kerzen    0/232/232 von 252  Tagen gewertet (1m/5m/15m)     6000 Signale  323 ms lesen  23207 ms rechnen
2026-09-07T19:49:07.638Z  ALLY/2017       roh          96401 reg. Kerzen    0/251/251 von 251  Tagen gewertet (1m/5m/15m)     6316 Signale  1025 ms lesen  22504 ms rechnen
2026-09-07T19:49:32.578Z  ALLY/2018       roh          96394 reg. Kerzen    0/251/251 von 251  Tagen gewertet (1m/5m/15m)     6269 Signale  1210 ms lesen  23289 ms rechnen
2026-09-07T19:49:55.615Z  ALLY/2019       roh          97219 reg. Kerzen    0/252/252 von 252  Tagen gewertet (1m/5m/15m)     6137 Signale  1108 ms lesen  21485 ms rechnen
2026-09-07T19:50:22.780Z  ALLY/2020       roh          98120 reg. Kerzen    0/253/253 von 253  Tagen gewertet (1m/5m/15m)     6829 Signale  930 ms lesen  25777 ms rechnen
2026-09-07T19:50:47.566Z  ALLY/2021       roh          97067 reg. Kerzen    0/250/250 von 252  Tagen gewertet (1m/5m/15m)     6505 Signale  314 ms lesen  24026 ms rechnen
2026-09-07T19:51:16.165Z  ALLY/2022       roh          96910 reg. Kerzen    0/249/249 von 251  Tagen gewertet (1m/5m/15m)     6747 Signale  876 ms lesen  27246 ms rechnen
2026-09-07T19:51:41.623Z  ALLY/2023       roh          97006 reg. Kerzen    0/250/250 von 250  Tagen gewertet (1m/5m/15m)     6602 Signale  350 ms lesen  24631 ms rechnen
2026-09-07T19:52:07.788Z  ALLY/2024       roh          96773 reg. Kerzen    0/252/252 von 252  Tagen gewertet (1m/5m/15m)     6388 Signale  542 ms lesen  25141 ms rechnen
2026-09-07T19:52:33.553Z  ALLY/2025       roh          96101 reg. Kerzen    0/250/250 von 250  Tagen gewertet (1m/5m/15m)     6441 Signale  438 ms lesen  24708 ms rechnen
2026-09-07T19:52:50.013Z  ALLY/2026       roh          64061 reg. Kerzen    0/166/166 von 166  Tagen gewertet (1m/5m/15m)     4340 Signale  216 ms lesen  15730 ms rechnen
2026-09-07T19:52:50.447Z  ALPN/2017       roh           4496 reg. Kerzen        0/0/0 von 111  Tagen gewertet (1m/5m/15m)        0 Signale  39 ms lesen  68 ms rechnen
2026-09-07T19:52:50.676Z  ALPN/2018       roh           6563 reg. Kerzen        0/0/0 von 250  Tagen gewertet (1m/5m/15m)        0 Signale  45 ms lesen  159 ms rechnen
2026-09-07T19:52:50.908Z  ALPN/2019       roh           5533 reg. Kerzen        0/0/0 von 251  Tagen gewertet (1m/5m/15m)        0 Signale  97 ms lesen  98 ms rechnen
2026-09-07T19:52:51.352Z  ALPN/2020       roh          17024 reg. Kerzen        0/0/0 von 253  Tagen gewertet (1m/5m/15m)        0 Signale  179 ms lesen  238 ms rechnen
2026-09-07T19:52:52.026Z  ALPN/2021       roh          27821 reg. Kerzen        0/0/0 von 252  Tagen gewertet (1m/5m/15m)        0 Signale  158 ms lesen  405 ms rechnen
2026-09-07T19:52:52.653Z  ALPN/2022       roh          25772 reg. Kerzen        0/0/0 von 251  Tagen gewertet (1m/5m/15m)        0 Signale  61 ms lesen  410 ms rechnen
2026-09-07T19:52:57.752Z  ALPN/2023       roh          38538 reg. Kerzen      0/33/33 von 250  Tagen gewertet (1m/5m/15m)      897 Signale  257 ms lesen  4705 ms rechnen
2026-09-07T19:53:07.820Z  ALPN/2024       roh          32878 reg. Kerzen      0/96/96 von 96   Tagen gewertet (1m/5m/15m)     2297 Signale  315 ms lesen  9555 ms rechnen
2026-09-07T19:53:29.598Z  ALSN/2016       roh          91859 reg. Kerzen    0/232/232 von 252  Tagen gewertet (1m/5m/15m)     5726 Signale  219 ms lesen  21352 ms rechnen
2026-09-07T19:53:52.981Z  ALSN/2017       roh          91721 reg. Kerzen    0/251/251 von 251  Tagen gewertet (1m/5m/15m)     6063 Signale  230 ms lesen  22686 ms rechnen
2026-09-07T19:54:17.562Z  ALSN/2018       roh          91195 reg. Kerzen    0/251/251 von 251  Tagen gewertet (1m/5m/15m)     6434 Signale  408 ms lesen  23708 ms rechnen
2026-09-07T19:54:40.965Z  ALSN/2019       roh          90557 reg. Kerzen    0/252/252 von 252  Tagen gewertet (1m/5m/15m)     6349 Signale  274 ms lesen  22685 ms rechnen
2026-09-07T19:55:06.766Z  ALSN/2020       roh          91932 reg. Kerzen    0/253/253 von 253  Tagen gewertet (1m/5m/15m)     6634 Signale  302 ms lesen  25104 ms rechnen
2026-09-07T19:55:31.876Z  ALSN/2021       roh          89586 reg. Kerzen    0/250/250 von 252  Tagen gewertet (1m/5m/15m)     6507 Signale  321 ms lesen  24252 ms rechnen
2026-09-07T19:55:59.332Z  ALSN/2022       roh          87549 reg. Kerzen    0/249/249 von 251  Tagen gewertet (1m/5m/15m)     6547 Signale  229 ms lesen  26750 ms rechnen
2026-09-07T19:56:24.713Z  ALSN/2023       roh          82758 reg. Kerzen    0/250/250 von 250  Tagen gewertet (1m/5m/15m)     6225 Signale  267 ms lesen  24665 ms rechnen
2026-09-07T19:56:49.524Z  ALSN/2024       roh          75154 reg. Kerzen    0/252/252 von 252  Tagen gewertet (1m/5m/15m)     6187 Signale  230 ms lesen  24183 ms rechnen
2026-09-07T19:57:15.720Z  ALSN/2025       roh          78186 reg. Kerzen    0/250/250 von 250  Tagen gewertet (1m/5m/15m)     6419 Signale  233 ms lesen  25334 ms rechnen
2026-09-07T19:57:34.007Z  ALSN/2026       roh          50045 reg. Kerzen    0/166/166 von 166  Tagen gewertet (1m/5m/15m)     4381 Signale  399 ms lesen  17505 ms rechnen
2026-09-07T19:57:34.486Z  ALUR/2023       bereinigt     7313 reg. Kerzen        0/0/0 von 105  Tagen gewertet (1m/5m/15m)        0 Signale  41 ms lesen  148 ms rechnen
2026-09-07T19:57:35.017Z  ALUR/2024       bereinigt    25761 reg. Kerzen        0/0/0 von 252  Tagen gewertet (1m/5m/15m)        0 Signale  150 ms lesen  351 ms rechnen
2026-09-07T19:57:35.563Z  ALUR/2025       bereinigt    21780 reg. Kerzen        0/0/0 von 250  Tagen gewertet (1m/5m/15m)        0 Signale  138 ms lesen  291 ms rechnen
2026-09-07T19:57:35.819Z  ALUR/2026       bereinigt     5629 reg. Kerzen        0/0/0 von 44   Tagen gewertet (1m/5m/15m)        0 Signale  49 ms lesen  101 ms rechnen
2026-09-07T19:57:35.990Z  AMAM/2021       roh           5851 reg. Kerzen        0/0/0 von 136  Tagen gewertet (1m/5m/15m)        0 Signale  38 ms lesen  84 ms rechnen
2026-09-07T19:57:36.240Z  AMAM/2022       roh          10145 reg. Kerzen        0/0/0 von 250  Tagen gewertet (1m/5m/15m)        0 Signale  91 ms lesen  130 ms rechnen
2026-09-07T19:57:49.468Z  AMAM/2023       roh          61591 reg. Kerzen    0/102/103 von 250  Tagen gewertet (1m/5m/15m)     2818 Signale  227 ms lesen  12947 ms rechnen
2026-09-07T19:57:53.287Z  AMAM/2024       roh          14727 reg. Kerzen      0/45/45 von 45   Tagen gewertet (1m/5m/15m)      772 Signale  144 ms lesen  3205 ms rechnen
2026-09-07T19:57:54.036Z  AMCN/2016       bereinigt    41484 reg. Kerzen        0/0/0 von 252  Tagen gewertet (1m/5m/15m)        0 Signale  253 ms lesen  425 ms rechnen
2026-09-07T19:57:54.786Z  AMCN/2017       bereinigt    26914 reg. Kerzen        0/0/0 von 251  Tagen gewertet (1m/5m/15m)        0 Signale  138 ms lesen  403 ms rechnen
2026-09-07T19:57:55.577Z  AMCN/2018       bereinigt    34100 reg. Kerzen        0/0/0 von 251  Tagen gewertet (1m/5m/15m)        0 Signale  188 ms lesen  479 ms rechnen
2026-09-07T19:57:55.927Z  AMCN/2019       bereinigt     7714 reg. Kerzen        0/0/0 von 112  Tagen gewertet (1m/5m/15m)        0 Signale  51 ms lesen  93 ms rechnen
2026-09-07T19:57:56.003Z  AMEH/2017       roh            559 reg. Kerzen        0/0/0 von 15   Tagen gewertet (1m/5m/15m)        0 Signale  17 ms lesen  20 ms rechnen
2026-09-07T19:57:56.492Z  AMEH/2018       roh          20767 reg. Kerzen        0/0/0 von 250  Tagen gewertet (1m/5m/15m)        0 Signale  197 ms lesen  285 ms rechnen
2026-09-07T19:57:57.032Z  AMEH/2019       roh          24825 reg. Kerzen        0/0/0 von 252  Tagen gewertet (1m/5m/15m)        0 Signale  135 ms lesen  303 ms rechnen
2026-09-07T19:57:57.612Z  AMEH/2020       roh          23798 reg. Kerzen        0/0/0 von 253  Tagen gewertet (1m/5m/15m)        0 Signale  85 ms lesen  301 ms rechnen
2026-09-07T19:58:16.229Z  AMEH/2021       roh          53631 reg. Kerzen    0/143/143 von 252  Tagen gewertet (1m/5m/15m)     3884 Signale  307 ms lesen  18202 ms rechnen
2026-09-07T19:58:53.233Z  AMEH/2022       roh          55778 reg. Kerzen    0/246/251 von 251  Tagen gewertet (1m/5m/15m)     6867 Signale  179 ms lesen  36499 ms rechnen
2026-09-07T19:58:56.524Z  AMEH/2023       roh          35746 reg. Kerzen      0/17/32 von 250  Tagen gewertet (1m/5m/15m)      581 Signale  233 ms lesen  2789 ms rechnen
2026-09-07T19:58:57.084Z  AMEH/2024       roh           5396 reg. Kerzen        0/0/0 von 37   Tagen gewertet (1m/5m/15m)        0 Signale  245 ms lesen  120 ms rechnen
2026-09-07T19:59:12.829Z  AMKR/2016       roh          86169 reg. Kerzen    0/137/137 von 252  Tagen gewertet (1m/5m/15m)     3657 Signale  530 ms lesen  15164 ms rechnen
2026-09-07T19:59:39.433Z  AMKR/2017       roh          88543 reg. Kerzen    0/251/251 von 251  Tagen gewertet (1m/5m/15m)     6779 Signale  811 ms lesen  25347 ms rechnen
2026-09-07T20:00:05.027Z  AMKR/2018       roh          85952 reg. Kerzen    0/238/238 von 251  Tagen gewertet (1m/5m/15m)     6396 Signale  911 ms lesen  24265 ms rechnen
2026-09-07T20:00:22.538Z  AMKR/2019       roh          83780 reg. Kerzen    0/160/160 von 252  Tagen gewertet (1m/5m/15m)     4273 Signale  735 ms lesen  16366 ms rechnen
2026-09-07T20:00:50.857Z  AMKR/2020       roh          91844 reg. Kerzen    0/253/253 von 253  Tagen gewertet (1m/5m/15m)     6824 Signale  524 ms lesen  27256 ms rechnen
2026-09-07T20:01:18.551Z  AMKR/2021       roh          92024 reg. Kerzen    0/252/252 von 252  Tagen gewertet (1m/5m/15m)     6696 Signale  801 ms lesen  26136 ms rechnen
2026-09-07T20:01:46.177Z  AMKR/2022       roh          89138 reg. Kerzen    0/251/251 von 251  Tagen gewertet (1m/5m/15m)     6884 Signale  727 ms lesen  26443 ms rechnen
2026-09-07T20:02:11.406Z  AMKR/2023       roh          87406 reg. Kerzen    0/250/250 von 250  Tagen gewertet (1m/5m/15m)     6667 Signale  538 ms lesen  24275 ms rechnen
2026-09-07T20:02:37.646Z  AMKR/2024       roh          88247 reg. Kerzen    0/252/252 von 252  Tagen gewertet (1m/5m/15m)     6714 Signale  848 ms lesen  24998 ms rechnen
2026-09-07T20:03:04.357Z  AMKR/2025       roh          94094 reg. Kerzen    0/250/250 von 250  Tagen gewertet (1m/5m/15m)     6647 Signale  768 ms lesen  25516 ms rechnen
2026-09-07T20:03:23.446Z  AMKR/2026       roh          64601 reg. Kerzen    0/166/166 von 166  Tagen gewertet (1m/5m/15m)     4455 Signale  648 ms lesen  17959 ms rechnen
2026-09-07T20:03:25.033Z  AMPE/2016       bereinigt    43649 reg. Kerzen        0/0/0 von 252  Tagen gewertet (1m/5m/15m)        0 Signale  592 ms lesen  658 ms rechnen
2026-09-07T20:03:26.508Z  AMPE/2017       bereinigt    47508 reg. Kerzen        0/0/0 von 251  Tagen gewertet (1m/5m/15m)        0 Signale  748 ms lesen  529 ms rechnen
2026-09-07T20:03:29.875Z  AMPE/2018       bereinigt    71838 reg. Kerzen      0/10/10 von 251  Tagen gewertet (1m/5m/15m)      284 Signale  1281 ms lesen  1864 ms rechnen
2026-09-07T20:03:31.814Z  AMPE/2019       bereinigt    53192 reg. Kerzen        0/0/0 von 252  Tagen gewertet (1m/5m/15m)        0 Signale  1028 ms lesen  600 ms rechnen
2026-09-07T20:03:35.816Z  AMPE/2020       bereinigt    74445 reg. Kerzen        0/7/7 von 253  Tagen gewertet (1m/5m/15m)      170 Signale  2009 ms lesen  1686 ms rechnen
2026-09-07T20:03:44.658Z  AMPE/2021       bereinigt    78665 reg. Kerzen      0/45/45 von 252  Tagen gewertet (1m/5m/15m)     1249 Signale  1671 ms lesen  6836 ms rechnen
2026-09-07T20:03:46.637Z  AMPE/2022       bereinigt    63057 reg. Kerzen        0/0/0 von 216  Tagen gewertet (1m/5m/15m)        0 Signale  1001 ms lesen  624 ms rechnen
2026-09-07T20:03:47.462Z  AMPE/2023       bereinigt    15245 reg. Kerzen        0/0/0 von 250  Tagen gewertet (1m/5m/15m)        0 Signale  288 ms lesen  231 ms rechnen
2026-09-07T20:03:47.709Z  AMPE/2024       roh           3968 reg. Kerzen        0/0/0 von 71   Tagen gewertet (1m/5m/15m)        0 Signale  105 ms lesen  54 ms rechnen
2026-09-07T20:03:47.730Z  AUSGELASSEN AMPE/2025: Datei fehlt
2026-09-07T20:03:49.049Z  AMRI/2016       roh          59010 reg. Kerzen        0/0/0 von 252  Tagen gewertet (1m/5m/15m)        0 Signale  601 ms lesen  685 ms rechnen
2026-09-07T20:03:59.076Z  AMRI/2017       roh          48756 reg. Kerzen    0/109/109 von 168  Tagen gewertet (1m/5m/15m)     2196 Signale  526 ms lesen  9219 ms rechnen
2026-09-07T20:04:20.172Z  AMT/2016        roh          97285 reg. Kerzen    0/232/232 von 252  Tagen gewertet (1m/5m/15m)     5422 Signale  1647 ms lesen  19133 ms rechnen
2026-09-07T20:04:42.704Z  AMT/2017        roh          95920 reg. Kerzen    0/251/251 von 251  Tagen gewertet (1m/5m/15m)     5669 Signale  1066 ms lesen  20876 ms rechnen
2026-09-07T20:05:06.359Z  AMT/2018        roh          95975 reg. Kerzen    0/251/251 von 251  Tagen gewertet (1m/5m/15m)     6035 Signale  1070 ms lesen  22131 ms rechnen
2026-09-07T20:05:29.633Z  AMT/2019        roh          96398 reg. Kerzen    0/252/252 von 252  Tagen gewertet (1m/5m/15m)     5815 Signale  968 ms lesen  21835 ms rechnen
2026-09-07T20:05:55.947Z  AMT/2020        roh          97343 reg. Kerzen    0/253/253 von 253  Tagen gewertet (1m/5m/15m)     6388 Signale  1137 ms lesen  24605 ms rechnen
2026-09-07T20:06:21.273Z  AMT/2021        roh          95566 reg. Kerzen    0/250/250 von 252  Tagen gewertet (1m/5m/15m)     5977 Signale  1119 ms lesen  23764 ms rechnen
2026-09-07T20:06:45.916Z  AMT/2022        roh          95491 reg. Kerzen    0/249/249 von 251  Tagen gewertet (1m/5m/15m)     6520 Signale  934 ms lesen  23249 ms rechnen
2026-09-07T20:07:11.049Z  AMT/2023        roh          95915 reg. Kerzen    0/250/250 von 250  Tagen gewertet (1m/5m/15m)     6315 Signale  911 ms lesen  23751 ms rechnen
2026-09-07T20:07:36.413Z  AMT/2024        roh          95593 reg. Kerzen    0/252/252 von 252  Tagen gewertet (1m/5m/15m)     6288 Signale  902 ms lesen  23979 ms rechnen
2026-09-07T20:08:00.536Z  AMT/2025        roh          95035 reg. Kerzen    0/250/250 von 250  Tagen gewertet (1m/5m/15m)     6091 Signale  1099 ms lesen  22619 ms rechnen
2026-09-07T20:08:17.274Z  AMT/2026        roh          63875 reg. Kerzen    0/166/166 von 166  Tagen gewertet (1m/5m/15m)     4265 Signale  763 ms lesen  15478 ms rechnen
2026-09-07T20:08:38.452Z  AMZN/2016       bereinigt    97844 reg. Kerzen    0/232/232 von 252  Tagen gewertet (1m/5m/15m)     5607 Signale  1138 ms lesen  19728 ms rechnen
2026-09-07T20:09:00.583Z  AMZN/2017       bereinigt    97305 reg. Kerzen    0/251/251 von 251  Tagen gewertet (1m/5m/15m)     5747 Signale  1265 ms lesen  20310 ms rechnen
2026-09-07T20:09:25.473Z  AMZN/2018       bereinigt    96497 reg. Kerzen    0/249/249 von 251  Tagen gewertet (1m/5m/15m)     6241 Signale  1605 ms lesen  22803 ms rechnen
2026-09-07T20:09:48.094Z  AMZN/2019       bereinigt    97474 reg. Kerzen    0/252/252 von 252  Tagen gewertet (1m/5m/15m)     6095 Signale  1158 ms lesen  20940 ms rechnen
2026-09-07T20:10:14.170Z  AMZN/2020       bereinigt    98128 reg. Kerzen    0/253/253 von 253  Tagen gewertet (1m/5m/15m)     6623 Signale  1578 ms lesen  23997 ms rechnen
2026-09-07T20:10:39.146Z  AMZN/2021       bereinigt    97428 reg. Kerzen    0/252/252 von 252  Tagen gewertet (1m/5m/15m)     6294 Signale  1502 ms lesen  23027 ms rechnen
2026-09-07T20:11:06.520Z  AMZN/2022       bereinigt    97579 reg. Kerzen    0/251/251 von 251  Tagen gewertet (1m/5m/15m)     6865 Signale  1654 ms lesen  25314 ms rechnen
2026-09-07T20:11:35.503Z  AMZN/2023       roh          97140 reg. Kerzen    0/250/250 von 250  Tagen gewertet (1m/5m/15m)     6532 Signale  1902 ms lesen  26610 ms rechnen
2026-09-07T20:11:59.310Z  AMZN/2024       roh          97740 reg. Kerzen    0/252/252 von 252  Tagen gewertet (1m/5m/15m)     6331 Signale  1576 ms lesen  21747 ms rechnen
2026-09-07T20:12:25.351Z  AMZN/2025       roh          96960 reg. Kerzen    0/250/250 von 250  Tagen gewertet (1m/5m/15m)     6311 Signale  1886 ms lesen  23564 ms rechnen
2026-09-07T20:12:42.032Z  AMZN/2026       roh          64740 reg. Kerzen    0/166/166 von 166  Tagen gewertet (1m/5m/15m)     4269 Signale  1014 ms lesen  15049 ms rechnen
2026-09-07T20:12:42.583Z  ANCX/2016       roh          11389 reg. Kerzen        0/0/0 von 252  Tagen gewertet (1m/5m/15m)        0 Signale  53 ms lesen  181 ms rechnen
2026-09-07T20:12:43.023Z  ANCX/2017       roh          16379 reg. Kerzen        0/0/0 von 251  Tagen gewertet (1m/5m/15m)        0 Signale  192 ms lesen  198 ms rechnen
2026-09-07T20:12:43.895Z  ANCX/2018       roh          23246 reg. Kerzen        0/0/0 von 251  Tagen gewertet (1m/5m/15m)        0 Signale  403 ms lesen  351 ms rechnen
2026-09-07T20:12:44.188Z  ANCX/2019       roh           2057 reg. Kerzen        0/0/0 von 21   Tagen gewertet (1m/5m/15m)        0 Signale  85 ms lesen  107 ms rechnen
2026-09-07T20:12:46.211Z  ANFI/2016       bereinigt    38170 reg. Kerzen        0/8/8 von 252  Tagen gewertet (1m/5m/15m)      211 Signale  470 ms lesen  1494 ms rechnen
2026-09-07T20:12:47.033Z  ANFI/2017       bereinigt    30658 reg. Kerzen        0/0/0 von 251  Tagen gewertet (1m/5m/15m)        0 Signale  209 ms lesen  380 ms rechnen
2026-09-07T20:12:47.846Z  ANFI/2018       bereinigt    28244 reg. Kerzen        0/0/0 von 251  Tagen gewertet (1m/5m/15m)        0 Signale  299 ms lesen  348 ms rechnen
2026-09-07T20:12:48.864Z  ANFI/2019       bereinigt    32882 reg. Kerzen        0/0/0 von 245  Tagen gewertet (1m/5m/15m)        0 Signale  380 ms lesen  480 ms rechnen
2026-09-07T20:13:10.480Z  ANSS/2016       roh          75972 reg. Kerzen    0/232/232 von 252  Tagen gewertet (1m/5m/15m)     5455 Signale  943 ms lesen  20507 ms rechnen
2026-09-07T20:13:32.661Z  ANSS/2017       roh          71527 reg. Kerzen    0/251/251 von 251  Tagen gewertet (1m/5m/15m)     5714 Signale  822 ms lesen  20914 ms rechnen
2026-09-07T20:13:57.091Z  ANSS/2018       roh          73328 reg. Kerzen    0/249/249 von 251  Tagen gewertet (1m/5m/15m)     6187 Signale  546 ms lesen  23568 ms rechnen
2026-09-07T20:14:20.314Z  ANSS/2019       roh          75582 reg. Kerzen    0/252/252 von 252  Tagen gewertet (1m/5m/15m)     6235 Signale  744 ms lesen  22131 ms rechnen
2026-09-07T20:14:45.677Z  ANSS/2020       roh          75608 reg. Kerzen    0/253/253 von 253  Tagen gewertet (1m/5m/15m)     6614 Signale  433 ms lesen  24591 ms rechnen
2026-09-07T20:15:10.308Z  ANSS/2021       roh          65495 reg. Kerzen    0/252/252 von 252  Tagen gewertet (1m/5m/15m)     6592 Signale  590 ms lesen  23628 ms rechnen
2026-09-07T20:15:35.955Z  ANSS/2022       roh          75154 reg. Kerzen    0/251/251 von 251  Tagen gewertet (1m/5m/15m)     6840 Signale  389 ms lesen  24929 ms rechnen
2026-09-07T20:15:59.782Z  ANSS/2023       roh          70583 reg. Kerzen    0/250/250 von 250  Tagen gewertet (1m/5m/15m)     6375 Signale  827 ms lesen  22672 ms rechnen
2026-09-07T20:16:24.023Z  ANSS/2024       roh          58053 reg. Kerzen    0/245/252 von 252  Tagen gewertet (1m/5m/15m)     6140 Signale  560 ms lesen  23177 ms rechnen
2026-09-07T20:16:36.167Z  ANSS/2025       roh          33828 reg. Kerzen    0/133/133 von 133  Tagen gewertet (1m/5m/15m)     3243 Signale  174 ms lesen  11700 ms rechnen
2026-09-07T20:16:55.154Z  AON/2016        roh          92863 reg. Kerzen    0/232/232 von 252  Tagen gewertet (1m/5m/15m)     5260 Signale  889 ms lesen  17863 ms rechnen
2026-09-07T20:17:15.800Z  AON/2017        roh          90106 reg. Kerzen    0/251/251 von 251  Tagen gewertet (1m/5m/15m)     5293 Signale  989 ms lesen  19238 ms rechnen
2026-09-07T20:17:38.356Z  AON/2018        roh          89508 reg. Kerzen    0/251/251 von 251  Tagen gewertet (1m/5m/15m)     5842 Signale  705 ms lesen  21470 ms rechnen
2026-09-07T20:18:00.210Z  AON/2019        roh          88723 reg. Kerzen    0/252/252 von 252  Tagen gewertet (1m/5m/15m)     5770 Signale  249 ms lesen  21215 ms rechnen
2026-09-07T20:18:24.996Z  AON/2020        roh          94902 reg. Kerzen    0/253/253 von 253  Tagen gewertet (1m/5m/15m)     6249 Signale  454 ms lesen  23533 ms rechnen
2026-09-07T20:18:45.999Z  AON/2021        roh          93593 reg. Kerzen    0/250/250 von 252  Tagen gewertet (1m/5m/15m)     5967 Signale  388 ms lesen  20209 ms rechnen
2026-09-07T20:19:09.877Z  AON/2022        roh          87476 reg. Kerzen    0/249/249 von 251  Tagen gewertet (1m/5m/15m)     6331 Signale  181 ms lesen  23234 ms rechnen
2026-09-07T20:19:31.367Z  AON/2023        roh          79591 reg. Kerzen    0/250/250 von 250  Tagen gewertet (1m/5m/15m)     5883 Signale  308 ms lesen  20764 ms rechnen
2026-09-07T20:19:52.853Z  AON/2024        roh          80700 reg. Kerzen    0/252/252 von 252  Tagen gewertet (1m/5m/15m)     5807 Signale  391 ms lesen  20682 ms rechnen
2026-09-07T20:20:20.225Z  AON/2025        roh          82934 reg. Kerzen    0/250/250 von 250  Tagen gewertet (1m/5m/15m)     5908 Signale  203 ms lesen  26807 ms rechnen
2026-09-07T20:20:36.542Z  AON/2026        roh          62957 reg. Kerzen    0/166/166 von 166  Tagen gewertet (1m/5m/15m)     4216 Signale  342 ms lesen  15577 ms rechnen
2026-09-07T20:20:36.918Z  APCA/2022       roh            395 reg. Kerzen        0/0/0 von 122  Tagen gewertet (1m/5m/15m)        0 Signale  57 ms lesen  7 ms rechnen
2026-09-07T20:20:36.988Z  APCA/2023       roh           1000 reg. Kerzen        0/0/0 von 177  Tagen gewertet (1m/5m/15m)        0 Signale  49 ms lesen  14 ms rechnen
2026-09-07T20:20:46.887Z  CHECKPOINT 400 Dateien, 106 min, Detektorfehler {}
2026-09-07T20:20:47.043Z  APCA/2024       roh            584 reg. Kerzen        0/0/0 von 105  Tagen gewertet (1m/5m/15m)        0 Signale  144 ms lesen  11 ms rechnen
2026-09-07T20:21:05.049Z  APG/2020        bereinigt    55084 reg. Kerzen    0/152/152 von 172  Tagen gewertet (1m/5m/15m)     4022 Signale  997 ms lesen  16952 ms rechnen
2026-09-07T20:21:32.892Z  APG/2021        bereinigt    77945 reg. Kerzen    0/250/250 von 252  Tagen gewertet (1m/5m/15m)     6620 Signale  704 ms lesen  26860 ms rechnen
2026-09-07T20:22:01.367Z  APG/2022        bereinigt    84499 reg. Kerzen    0/249/249 von 251  Tagen gewertet (1m/5m/15m)     6779 Signale  1643 ms lesen  26443 ms rechnen
2026-09-07T20:22:32.135Z  APG/2023        bereinigt    85255 reg. Kerzen    0/250/250 von 250  Tagen gewertet (1m/5m/15m)     6380 Signale  1292 ms lesen  28980 ms rechnen
2026-09-07T20:23:04.761Z  APG/2024        bereinigt    88445 reg. Kerzen    0/252/252 von 252  Tagen gewertet (1m/5m/15m)     6354 Signale  626 ms lesen  31386 ms rechnen
2026-09-07T20:23:33.385Z  APG/2025        bereinigt    90345 reg. Kerzen    0/250/250 von 250  Tagen gewertet (1m/5m/15m)     6302 Signale  370 ms lesen  27823 ms rechnen
2026-09-07T20:23:53.522Z  APG/2026        roh          63082 reg. Kerzen    0/166/166 von 166  Tagen gewertet (1m/5m/15m)     4353 Signale  194 ms lesen  19474 ms rechnen
2026-09-07T20:23:56.031Z  APLD/2022       roh          46726 reg. Kerzen      0/10/10 von 181  Tagen gewertet (1m/5m/15m)      295 Signale  237 ms lesen  1900 ms rechnen
2026-09-07T20:24:16.779Z  APLD/2023       roh          86413 reg. Kerzen    0/148/148 von 250  Tagen gewertet (1m/5m/15m)     4115 Signale  388 ms lesen  20095 ms rechnen
2026-09-07T20:24:50.403Z  APLD/2024       roh          96445 reg. Kerzen    0/252/252 von 252  Tagen gewertet (1m/5m/15m)     6936 Signale  352 ms lesen  32810 ms rechnen
2026-09-07T20:25:23.411Z  APLD/2025       roh          96960 reg. Kerzen    0/250/250 von 250  Tagen gewertet (1m/5m/15m)     6855 Signale  652 ms lesen  31678 ms rechnen
2026-09-07T20:25:46.344Z  APLD/2026       roh          64740 reg. Kerzen    0/166/166 von 166  Tagen gewertet (1m/5m/15m)     4623 Signale  536 ms lesen  21961 ms rechnen
2026-09-07T20:26:10.939Z  APOG/2016       roh          62995 reg. Kerzen    0/231/232 von 252  Tagen gewertet (1m/5m/15m)     5962 Signale  237 ms lesen  24012 ms rechnen
2026-09-07T20:26:42.041Z  APOG/2017       roh          58725 reg. Kerzen    0/249/251 von 251  Tagen gewertet (1m/5m/15m)     6305 Signale  293 ms lesen  30106 ms rechnen
2026-09-07T20:27:09.527Z  APOG/2018       roh          55510 reg. Kerzen    0/226/234 von 251  Tagen gewertet (1m/5m/15m)     5857 Signale  249 ms lesen  26836 ms rechnen
2026-09-07T20:27:22.625Z  APOG/2019       roh          49989 reg. Kerzen    0/109/112 von 252  Tagen gewertet (1m/5m/15m)     2813 Signale  180 ms lesen  12645 ms rechnen
2026-09-07T20:27:40.585Z  APOG/2020       roh          61021 reg. Kerzen    0/126/127 von 253  Tagen gewertet (1m/5m/15m)     3453 Signale  250 ms lesen  17421 ms rechnen
2026-09-07T20:27:51.820Z  APOG/2021       roh          39006 reg. Kerzen      0/76/79 von 252  Tagen gewertet (1m/5m/15m)     2014 Signale  328 ms lesen  10525 ms rechnen
2026-09-07T20:28:09.050Z  APOG/2022       roh          38361 reg. Kerzen    0/126/134 von 251  Tagen gewertet (1m/5m/15m)     3397 Signale  145 ms lesen  16740 ms rechnen
2026-09-07T20:28:13.252Z  APOG/2023       roh          32481 reg. Kerzen      0/26/37 von 250  Tagen gewertet (1m/5m/15m)      722 Signale  198 ms lesen  3758 ms rechnen
2026-09-07T20:28:21.767Z  APOG/2024       roh          28915 reg. Kerzen     0/54/114 von 252  Tagen gewertet (1m/5m/15m)     1925 Signale  203 ms lesen  8121 ms rechnen
2026-09-07T20:28:41.419Z  APOG/2025       roh          38856 reg. Kerzen    0/130/152 von 250  Tagen gewertet (1m/5m/15m)     3623 Signale  273 ms lesen  19212 ms rechnen
2026-09-07T20:28:48.660Z  APOG/2026       roh          24806 reg. Kerzen      0/58/79 von 166  Tagen gewertet (1m/5m/15m)     1712 Signale  123 ms lesen  6929 ms rechnen
2026-09-07T20:28:49.040Z  APPY/2016       bereinigt    10517 reg. Kerzen        0/0/0 von 238  Tagen gewertet (1m/5m/15m)        0 Signale  92 ms lesen  151 ms rechnen
2026-09-07T20:28:50.006Z  APTS/2016       roh          44948 reg. Kerzen        0/0/0 von 252  Tagen gewertet (1m/5m/15m)        0 Signale  241 ms lesen  649 ms rechnen
2026-09-07T20:29:01.637Z  APTS/2017       roh          56908 reg. Kerzen    0/100/100 von 251  Tagen gewertet (1m/5m/15m)     2552 Signale  291 ms lesen  11108 ms rechnen
2026-09-07T20:29:15.563Z  APTS/2018       roh          60810 reg. Kerzen      0/96/96 von 251  Tagen gewertet (1m/5m/15m)     2496 Signale  519 ms lesen  12969 ms rechnen
2026-09-07T20:29:17.257Z  APTS/2019       roh          56665 reg. Kerzen        0/0/0 von 252  Tagen gewertet (1m/5m/15m)        0 Signale  277 ms lesen  933 ms rechnen
2026-09-07T20:29:23.871Z  APTS/2020       roh          71510 reg. Kerzen      0/39/39 von 253  Tagen gewertet (1m/5m/15m)     1070 Signale  375 ms lesen  5860 ms rechnen
2026-09-07T20:29:28.529Z  APTS/2021       roh          62228 reg. Kerzen      0/26/26 von 252  Tagen gewertet (1m/5m/15m)      668 Signale  333 ms lesen  3872 ms rechnen
2026-09-07T20:29:40.348Z  APTS/2022       roh          39185 reg. Kerzen    0/117/117 von 119  Tagen gewertet (1m/5m/15m)     2219 Signale  125 ms lesen  11009 ms rechnen
2026-09-07T20:29:40.638Z  AQN/2016        roh           1706 reg. Kerzen        0/0/0 von 23   Tagen gewertet (1m/5m/15m)        0 Signale  18 ms lesen  43 ms rechnen
2026-09-07T20:29:41.387Z  AQN/2017        roh          33190 reg. Kerzen        0/0/0 von 251  Tagen gewertet (1m/5m/15m)        0 Signale  146 ms lesen  589 ms rechnen
2026-09-07T20:29:42.449Z  AQN/2018        roh          51095 reg. Kerzen        0/0/0 von 251  Tagen gewertet (1m/5m/15m)        0 Signale  195 ms lesen  668 ms rechnen
2026-09-07T20:29:49.309Z  AQN/2019        roh          69183 reg. Kerzen      0/58/58 von 252  Tagen gewertet (1m/5m/15m)     1345 Signale  330 ms lesen  6190 ms rechnen
2026-09-07T20:30:16.118Z  AQN/2020        roh          88305 reg. Kerzen    0/253/253 von 253  Tagen gewertet (1m/5m/15m)     6432 Signale  294 ms lesen  26028 ms rechnen
2026-09-07T20:30:41.668Z  AQN/2021        roh          87471 reg. Kerzen    0/250/250 von 252  Tagen gewertet (1m/5m/15m)     5999 Signale  399 ms lesen  24581 ms rechnen
2026-09-07T20:31:06.994Z  AQN/2022        roh          91818 reg. Kerzen    0/249/249 von 251  Tagen gewertet (1m/5m/15m)     6303 Signale  819 ms lesen  24076 ms rechnen
2026-09-07T20:31:35.764Z  AQN/2023        roh          94481 reg. Kerzen    0/250/250 von 250  Tagen gewertet (1m/5m/15m)     6552 Signale  918 ms lesen  27255 ms rechnen
2026-09-07T20:32:02.632Z  AQN/2024        roh          94246 reg. Kerzen    0/252/252 von 252  Tagen gewertet (1m/5m/15m)     6739 Signale  937 ms lesen  25424 ms rechnen
2026-09-07T20:32:27.867Z  AQN/2025        roh          93004 reg. Kerzen    0/250/250 von 250  Tagen gewertet (1m/5m/15m)     6405 Signale  1249 ms lesen  23547 ms rechnen
2026-09-07T20:32:44.834Z  AQN/2026        roh          59445 reg. Kerzen    0/166/166 von 166  Tagen gewertet (1m/5m/15m)     4344 Signale  616 ms lesen  15848 ms rechnen
2026-09-07T20:32:45.253Z  ARBG/2021       roh           4446 reg. Kerzen        0/0/0 von 213  Tagen gewertet (1m/5m/15m)        0 Signale  45 ms lesen  75 ms rechnen
2026-09-07T20:32:45.324Z  ARBG/2022       roh           1501 reg. Kerzen        0/0/0 von 205  Tagen gewertet (1m/5m/15m)        0 Signale  23 ms lesen  26 ms rechnen
2026-09-07T20:32:45.359Z  ARBG/2023       roh            228 reg. Kerzen        0/0/0 von 48   Tagen gewertet (1m/5m/15m)        0 Signale  23 ms lesen  3 ms rechnen
2026-09-07T20:32:46.821Z  ARCO/2016       roh          61593 reg. Kerzen        0/0/0 von 252  Tagen gewertet (1m/5m/15m)        0 Signale  555 ms lesen  876 ms rechnen
2026-09-07T20:32:55.030Z  ARCO/2017       roh          69508 reg. Kerzen      0/57/57 von 251  Tagen gewertet (1m/5m/15m)     1503 Signale  442 ms lesen  7449 ms rechnen
2026-09-07T20:33:02.960Z  ARCO/2018       roh          67929 reg. Kerzen      0/53/53 von 251  Tagen gewertet (1m/5m/15m)     1414 Signale  614 ms lesen  6877 ms rechnen
2026-09-07T20:33:04.253Z  ARCO/2019       roh          61166 reg. Kerzen        0/0/0 von 252  Tagen gewertet (1m/5m/15m)        0 Signale  257 ms lesen  658 ms rechnen
2026-09-07T20:33:09.553Z  ARCO/2020       roh          75605 reg. Kerzen      0/32/32 von 253  Tagen gewertet (1m/5m/15m)      855 Signale  597 ms lesen  4394 ms rechnen
2026-09-07T20:33:18.826Z  ARCO/2021       roh          74455 reg. Kerzen      0/69/69 von 252  Tagen gewertet (1m/5m/15m)     1856 Signale  577 ms lesen  8218 ms rechnen
2026-09-07T20:33:33.785Z  ARCO/2022       roh          76774 reg. Kerzen    0/126/126 von 251  Tagen gewertet (1m/5m/15m)     3416 Signale  680 ms lesen  13908 ms rechnen
2026-09-07T20:33:55.106Z  ARCO/2023       roh          80824 reg. Kerzen    0/212/212 von 250  Tagen gewertet (1m/5m/15m)     5600 Signale  711 ms lesen  20206 ms rechnen
2026-09-07T20:34:21.537Z  ARCO/2024       roh          83864 reg. Kerzen    0/252/252 von 252  Tagen gewertet (1m/5m/15m)     6629 Signale  919 ms lesen  25089 ms rechnen
2026-09-07T20:34:47.692Z  ARCO/2025       roh          79605 reg. Kerzen    0/246/246 von 250  Tagen gewertet (1m/5m/15m)     6418 Signale  589 ms lesen  25087 ms rechnen
2026-09-07T20:35:05.004Z  ARCO/2026       roh          50180 reg. Kerzen    0/159/159 von 166  Tagen gewertet (1m/5m/15m)     4217 Signale  212 ms lesen  16554 ms rechnen
2026-09-07T20:35:25.253Z  ARE/2016        roh          77239 reg. Kerzen    0/232/232 von 252  Tagen gewertet (1m/5m/15m)     5643 Signale  651 ms lesen  19206 ms rechnen
2026-09-07T20:35:47.804Z  ARE/2017        roh          78686 reg. Kerzen    0/251/251 von 251  Tagen gewertet (1m/5m/15m)     5695 Signale  823 ms lesen  21353 ms rechnen
2026-09-07T20:36:11.066Z  ARE/2018        roh          79800 reg. Kerzen    0/251/251 von 251  Tagen gewertet (1m/5m/15m)     5976 Signale  665 ms lesen  22216 ms rechnen
2026-09-07T20:36:34.267Z  ARE/2019        roh          80524 reg. Kerzen    0/252/252 von 252  Tagen gewertet (1m/5m/15m)     5824 Signale  778 ms lesen  21961 ms rechnen
2026-09-07T20:37:01.333Z  ARE/2020        roh          86120 reg. Kerzen    0/253/253 von 253  Tagen gewertet (1m/5m/15m)     6426 Signale  721 ms lesen  25994 ms rechnen
2026-09-07T20:37:26.046Z  ARE/2021        roh          82610 reg. Kerzen    0/250/250 von 252  Tagen gewertet (1m/5m/15m)     5822 Signale  264 ms lesen  24027 ms rechnen
2026-09-07T20:37:51.042Z  ARE/2022        roh          87221 reg. Kerzen    0/249/249 von 250  Tagen gewertet (1m/5m/15m)     6380 Signale  689 ms lesen  23748 ms rechnen
2026-09-07T20:38:17.882Z  ARE/2023        roh          88372 reg. Kerzen    0/250/250 von 250  Tagen gewertet (1m/5m/15m)     6412 Signale  893 ms lesen  25482 ms rechnen
2026-09-07T20:38:42.417Z  ARE/2024        roh          85284 reg. Kerzen    0/252/252 von 252  Tagen gewertet (1m/5m/15m)     6355 Signale  699 ms lesen  23433 ms rechnen
2026-09-07T20:39:08.709Z  ARE/2025        roh          91851 reg. Kerzen    0/250/250 von 250  Tagen gewertet (1m/5m/15m)     6533 Signale  931 ms lesen  24937 ms rechnen
2026-09-07T20:39:28.715Z  ARE/2026        roh          61637 reg. Kerzen    0/166/166 von 166  Tagen gewertet (1m/5m/15m)     4480 Signale  541 ms lesen  19026 ms rechnen
2026-09-07T20:39:31.028Z  ARGX/2017       roh           9127 reg. Kerzen        0/7/7 von 153  Tagen gewertet (1m/5m/15m)      188 Signale  118 ms lesen  1488 ms rechnen
2026-09-07T20:39:55.038Z  ARGX/2018       roh          44603 reg. Kerzen    0/171/245 von 251  Tagen gewertet (1m/5m/15m)     5188 Signale  955 ms lesen  22997 ms rechnen
2026-09-07T20:40:23.327Z  ARGX/2019       roh          45675 reg. Kerzen    0/193/250 von 252  Tagen gewertet (1m/5m/15m)     5552 Signale  687 ms lesen  27339 ms rechnen
2026-09-07T20:40:51.977Z  ARGX/2020       roh          45223 reg. Kerzen    0/185/252 von 253  Tagen gewertet (1m/5m/15m)     5509 Signale  402 ms lesen  27883 ms rechnen
2026-09-07T20:41:22.982Z  ARGX/2021       roh          44781 reg. Kerzen    0/185/252 von 252  Tagen gewertet (1m/5m/15m)     5480 Signale  291 ms lesen  30471 ms rechnen
2026-09-07T20:41:55.330Z  ARGX/2022       roh          52302 reg. Kerzen    0/232/251 von 251  Tagen gewertet (1m/5m/15m)     6518 Signale  187 ms lesen  31754 ms rechnen
2026-09-07T20:42:23.838Z  ARGX/2023       roh          48097 reg. Kerzen    0/217/249 von 250  Tagen gewertet (1m/5m/15m)     5852 Signale  525 ms lesen  27747 ms rechnen
2026-09-07T20:42:54.240Z  ARGX/2024       roh          48159 reg. Kerzen    0/220/252 von 252  Tagen gewertet (1m/5m/15m)     5977 Signale  502 ms lesen  29630 ms rechnen
2026-09-07T20:43:26.270Z  ARGX/2025       roh          53868 reg. Kerzen    0/238/250 von 250  Tagen gewertet (1m/5m/15m)     6294 Signale  502 ms lesen  31189 ms rechnen
2026-09-07T20:43:49.864Z  ARGX/2026       roh          50956 reg. Kerzen    0/166/166 von 166  Tagen gewertet (1m/5m/15m)     4485 Signale  475 ms lesen  22742 ms rechnen
2026-09-07T20:44:16.145Z  ARMK/2016       bereinigt    93276 reg. Kerzen    0/232/232 von 252  Tagen gewertet (1m/5m/15m)     5457 Signale  2400 ms lesen  23419 ms rechnen
2026-09-07T20:44:40.517Z  ARMK/2017       bereinigt    88888 reg. Kerzen    0/251/251 von 251  Tagen gewertet (1m/5m/15m)     5384 Signale  1640 ms lesen  22213 ms rechnen
2026-09-07T20:45:12.490Z  ARMK/2018       bereinigt    90482 reg. Kerzen    0/251/251 von 251  Tagen gewertet (1m/5m/15m)     6181 Signale  952 ms lesen  30339 ms rechnen
2026-09-07T20:45:48.673Z  ARMK/2019       bereinigt    94404 reg. Kerzen    0/252/252 von 252  Tagen gewertet (1m/5m/15m)     6093 Signale  1677 ms lesen  33839 ms rechnen
2026-09-07T20:46:21.859Z  ARMK/2020       bereinigt    95776 reg. Kerzen    0/253/253 von 253  Tagen gewertet (1m/5m/15m)     6706 Signale  1030 ms lesen  31625 ms rechnen
2026-09-07T20:46:52.147Z  ARMK/2021       bereinigt    92132 reg. Kerzen    0/250/250 von 252  Tagen gewertet (1m/5m/15m)     6583 Signale  489 ms lesen  29185 ms rechnen
2026-09-07T20:47:21.146Z  ARMK/2022       bereinigt    93742 reg. Kerzen    0/249/249 von 251  Tagen gewertet (1m/5m/15m)     6483 Signale  756 ms lesen  27782 ms rechnen
2026-09-07T20:47:53.815Z  ARMK/2023       bereinigt    95743 reg. Kerzen    0/250/250 von 250  Tagen gewertet (1m/5m/15m)     6273 Signale  834 ms lesen  31351 ms rechnen
2026-09-07T20:48:19.971Z  ARMK/2024       roh          93627 reg. Kerzen    0/251/251 von 252  Tagen gewertet (1m/5m/15m)     6096 Signale  349 ms lesen  25288 ms rechnen
2026-09-07T20:48:48.005Z  ARMK/2025       roh          91226 reg. Kerzen    0/250/250 von 250  Tagen gewertet (1m/5m/15m)     6311 Signale  377 ms lesen  27209 ms rechnen
2026-09-07T20:49:07.222Z  ARMK/2026       roh          61977 reg. Kerzen    0/165/165 von 166  Tagen gewertet (1m/5m/15m)     4167 Signale  289 ms lesen  18211 ms rechnen
2026-09-07T20:49:07.726Z  ARPO/2018       bereinigt     9805 reg. Kerzen        0/0/0 von 130  Tagen gewertet (1m/5m/15m)        0 Signale  62 ms lesen  101 ms rechnen
2026-09-07T20:49:08.305Z  ARPO/2019       bereinigt    22356 reg. Kerzen        0/0/0 von 252  Tagen gewertet (1m/5m/15m)        0 Signale  161 ms lesen  350 ms rechnen
2026-09-07T20:49:09.353Z  ARPO/2020       bereinigt    46078 reg. Kerzen        0/0/0 von 253  Tagen gewertet (1m/5m/15m)        0 Signale  293 ms lesen  655 ms rechnen
2026-09-07T20:49:10.465Z  ARPO/2021       bereinigt    42408 reg. Kerzen        0/0/0 von 164  Tagen gewertet (1m/5m/15m)        0 Signale  326 ms lesen  512 ms rechnen
2026-09-07T20:49:10.736Z  ARTE/2021       roh            225 reg. Kerzen        0/0/0 von 13   Tagen gewertet (1m/5m/15m)        0 Signale  31 ms lesen  8 ms rechnen
2026-09-07T20:49:10.787Z  ARTE/2022       roh            900 reg. Kerzen        0/0/0 von 156  Tagen gewertet (1m/5m/15m)        0 Signale  19 ms lesen  30 ms rechnen
2026-09-07T20:49:10.832Z  ARTE/2023       roh           1172 reg. Kerzen        0/0/0 von 143  Tagen gewertet (1m/5m/15m)        0 Signale  16 ms lesen  23 ms rechnen
2026-09-07T20:49:10.947Z  ARYB/2020       roh           1860 reg. Kerzen        0/0/0 von 60   Tagen gewertet (1m/5m/15m)        0 Signale  13 ms lesen  91 ms rechnen
2026-09-07T20:49:11.277Z  ASAX/2021       roh           2952 reg. Kerzen        0/0/0 von 182  Tagen gewertet (1m/5m/15m)        0 Signale  98 ms lesen  138 ms rechnen
2026-09-07T20:49:11.412Z  ASAX/2022       roh           3235 reg. Kerzen        0/0/0 von 201  Tagen gewertet (1m/5m/15m)        0 Signale  30 ms lesen  88 ms rechnen
2026-09-07T20:49:37.818Z  ASGN/2016       roh          67273 reg. Kerzen    0/232/232 von 252  Tagen gewertet (1m/5m/15m)     6021 Signale  191 ms lesen  26181 ms rechnen
2026-09-07T20:50:06.501Z  ASGN/2017       roh          60411 reg. Kerzen    0/251/251 von 251  Tagen gewertet (1m/5m/15m)     6361 Signale  202 ms lesen  27798 ms rechnen
2026-09-07T20:50:33.192Z  ASGN/2018       roh          62583 reg. Kerzen    0/251/251 von 251  Tagen gewertet (1m/5m/15m)     6564 Signale  299 ms lesen  26079 ms rechnen
2026-09-07T20:51:00.078Z  ASGN/2019       roh          60027 reg. Kerzen    0/251/252 von 252  Tagen gewertet (1m/5m/15m)     6581 Signale  274 ms lesen  26183 ms rechnen
2026-09-07T20:51:31.643Z  ASGN/2020       roh          62910 reg. Kerzen    0/251/253 von 253  Tagen gewertet (1m/5m/15m)     6692 Signale  214 ms lesen  31064 ms rechnen
2026-09-07T20:51:56.474Z  ASGN/2021       roh          49424 reg. Kerzen    0/246/250 von 252  Tagen gewertet (1m/5m/15m)     6356 Signale  351 ms lesen  24073 ms rechnen
2026-09-07T20:52:21.765Z  ASGN/2022       roh          50856 reg. Kerzen    0/247/249 von 251  Tagen gewertet (1m/5m/15m)     6561 Signale  413 ms lesen  24628 ms rechnen
2026-09-07T20:52:46.549Z  ASGN/2023       roh          52564 reg. Kerzen    0/244/250 von 250  Tagen gewertet (1m/5m/15m)     6285 Signale  423 ms lesen  24048 ms rechnen
2026-09-07T20:53:09.785Z  ASGN/2024       roh          54817 reg. Kerzen    0/252/252 von 252  Tagen gewertet (1m/5m/15m)     6312 Signale  497 ms lesen  22485 ms rechnen
2026-09-07T20:53:36.749Z  ASGN/2025       roh          67730 reg. Kerzen    0/250/250 von 250  Tagen gewertet (1m/5m/15m)     6579 Signale  548 ms lesen  26058 ms rechnen
2026-09-07T20:53:45.770Z  ASGN/2026       roh          22693 reg. Kerzen      0/77/77 von 77   Tagen gewertet (1m/5m/15m)     2087 Signale  315 ms lesen  8291 ms rechnen
2026-09-07T20:53:45.921Z  ASPA/2021       roh            250 reg. Kerzen        0/0/0 von 48   Tagen gewertet (1m/5m/15m)        0 Signale  19 ms lesen  14 ms rechnen
2026-09-07T20:53:45.987Z  ASPA/2022       roh            642 reg. Kerzen        0/0/0 von 141  Tagen gewertet (1m/5m/15m)        0 Signale  30 ms lesen  34 ms rechnen
2026-09-07T20:53:46.026Z  ASPA/2023       roh            689 reg. Kerzen        0/0/0 von 70   Tagen gewertet (1m/5m/15m)        0 Signale  22 ms lesen  12 ms rechnen
2026-09-07T20:53:50.819Z  ASTL/2021       roh          33539 reg. Kerzen      0/46/50 von 211  Tagen gewertet (1m/5m/15m)     1267 Signale  159 ms lesen  4598 ms rechnen
2026-09-07T20:54:13.892Z  ASTL/2022       roh          83350 reg. Kerzen    0/214/214 von 251  Tagen gewertet (1m/5m/15m)     5852 Signale  530 ms lesen  22395 ms rechnen
2026-09-07T20:54:23.911Z  ASTL/2023       roh          74771 reg. Kerzen      0/91/91 von 250  Tagen gewertet (1m/5m/15m)     2461 Signale  347 ms lesen  9238 ms rechnen
2026-09-07T20:54:32.214Z  ASTL/2024       roh          66472 reg. Kerzen      0/67/67 von 252  Tagen gewertet (1m/5m/15m)     1786 Signale  436 ms lesen  7408 ms rechnen
2026-09-07T20:54:44.988Z  ASTL/2025       roh          75866 reg. Kerzen    0/108/108 von 250  Tagen gewertet (1m/5m/15m)     2921 Signale  732 ms lesen  11651 ms rechnen
2026-09-07T20:54:51.861Z  ASTL/2026       roh          53047 reg. Kerzen      0/50/50 von 166  Tagen gewertet (1m/5m/15m)     1393 Signale  354 ms lesen  6160 ms rechnen
2026-09-07T20:54:52.236Z  ATA/2021        roh           3067 reg. Kerzen        0/0/0 von 215  Tagen gewertet (1m/5m/15m)        0 Signale  35 ms lesen  41 ms rechnen
2026-09-07T20:54:52.330Z  ATA/2022        roh            676 reg. Kerzen        0/0/0 von 178  Tagen gewertet (1m/5m/15m)        0 Signale  36 ms lesen  11 ms rechnen
2026-09-07T20:54:52.391Z  ATEK/2022       roh           1083 reg. Kerzen        0/0/0 von 148  Tagen gewertet (1m/5m/15m)        0 Signale  30 ms lesen  19 ms rechnen
2026-09-07T20:54:52.455Z  ATEK/2023       roh            878 reg. Kerzen        0/0/0 von 181  Tagen gewertet (1m/5m/15m)        0 Signale  36 ms lesen  20 ms rechnen
2026-09-07T20:54:52.540Z  ATEK/2024       roh           1298 reg. Kerzen        0/0/0 von 160  Tagen gewertet (1m/5m/15m)        0 Signale  26 ms lesen  51 ms rechnen
2026-09-07T20:54:52.547Z  AUSGELASSEN ATEK/2025: Datei fehlt
2026-09-07T20:54:53.517Z  ATHX/2016       bereinigt    52536 reg. Kerzen        0/0/0 von 252  Tagen gewertet (1m/5m/15m)        0 Signale  387 ms lesen  552 ms rechnen
2026-09-07T20:54:55.640Z  ATHX/2017       bereinigt    62060 reg. Kerzen        0/0/0 von 251  Tagen gewertet (1m/5m/15m)        0 Signale  1120 ms lesen  725 ms rechnen
2026-09-07T20:54:57.030Z  ATHX/2018       bereinigt    53148 reg. Kerzen        0/0/0 von 251  Tagen gewertet (1m/5m/15m)        0 Signale  346 ms lesen  705 ms rechnen
2026-09-07T20:54:58.897Z  ATHX/2019       bereinigt    55943 reg. Kerzen        0/0/0 von 252  Tagen gewertet (1m/5m/15m)        0 Signale  877 ms lesen  733 ms rechnen
2026-09-07T20:55:13.157Z  ATHX/2020       bereinigt    82009 reg. Kerzen      0/96/96 von 253  Tagen gewertet (1m/5m/15m)     2752 Signale  1231 ms lesen  12743 ms rechnen
2026-09-07T20:55:18.464Z  ATHX/2021       bereinigt    82183 reg. Kerzen      0/23/23 von 252  Tagen gewertet (1m/5m/15m)      641 Signale  729 ms lesen  4170 ms rechnen
2026-09-07T20:55:20.914Z  ATHX/2022       bereinigt    74564 reg. Kerzen        0/0/0 von 251  Tagen gewertet (1m/5m/15m)        0 Signale  1227 ms lesen  743 ms rechnen
2026-09-07T20:55:22.014Z  ATHX/2023       roh          21969 reg. Kerzen        0/0/0 von 199  Tagen gewertet (1m/5m/15m)        0 Signale  339 ms lesen  358 ms rechnen
2026-09-07T20:55:22.125Z  AUSGELASSEN ATHX/2024: Datei fehlt
2026-09-07T20:55:22.178Z  ATMC/2023       roh            591 reg. Kerzen        0/0/0 von 140  Tagen gewertet (1m/5m/15m)        0 Signale  17 ms lesen  13 ms rechnen
2026-09-07T20:55:22.203Z  ATMC/2024       roh            287 reg. Kerzen        0/0/0 von 110  Tagen gewertet (1m/5m/15m)        0 Signale  12 ms lesen  7 ms rechnen
2026-09-07T20:55:22.329Z  ATMC/2025       roh            292 reg. Kerzen        0/0/0 von 86   Tagen gewertet (1m/5m/15m)        0 Signale  118 ms lesen  5 ms rechnen
2026-09-07T20:55:22.332Z  AUSGELASSEN ATMC/2026: Datei fehlt
2026-09-07T20:55:42.341Z  ATR/2016        roh          66853 reg. Kerzen    0/232/232 von 252  Tagen gewertet (1m/5m/15m)     5460 Signale  866 ms lesen  19125 ms rechnen
2026-09-07T20:56:02.745Z  ATR/2017        roh          63299 reg. Kerzen    0/251/251 von 251  Tagen gewertet (1m/5m/15m)     5596 Signale  588 ms lesen  19338 ms rechnen
2026-09-07T20:56:27.120Z  ATR/2018        roh          59300 reg. Kerzen    0/250/251 von 251  Tagen gewertet (1m/5m/15m)     6158 Signale  1145 ms lesen  22836 ms rechnen
2026-09-07T20:56:50.874Z  ATR/2019        roh          56709 reg. Kerzen    0/251/252 von 252  Tagen gewertet (1m/5m/15m)     5918 Signale  297 ms lesen  23179 ms rechnen
2026-09-07T20:57:15.743Z  ATR/2020        roh          57863 reg. Kerzen    0/248/253 von 253  Tagen gewertet (1m/5m/15m)     6241 Signale  777 ms lesen  23853 ms rechnen
2026-09-07T20:57:37.259Z  ATR/2021        roh          53326 reg. Kerzen    0/247/250 von 252  Tagen gewertet (1m/5m/15m)     5826 Signale  556 ms lesen  20685 ms rechnen
2026-09-07T20:58:01.826Z  ATR/2022        roh          52518 reg. Kerzen    0/247/249 von 251  Tagen gewertet (1m/5m/15m)     6351 Signale  555 ms lesen  23716 ms rechnen
2026-09-07T20:58:22.789Z  ATR/2023        roh          48415 reg. Kerzen    0/240/250 von 250  Tagen gewertet (1m/5m/15m)     5742 Signale  755 ms lesen  19862 ms rechnen
2026-09-07T20:58:43.359Z  ATR/2024        roh          47834 reg. Kerzen    0/238/252 von 252  Tagen gewertet (1m/5m/15m)     5597 Signale  553 ms lesen  19809 ms rechnen
2026-09-07T20:59:07.630Z  ATR/2025        roh          57483 reg. Kerzen    0/249/250 von 250  Tagen gewertet (1m/5m/15m)     6030 Signale  424 ms lesen  23612 ms rechnen
2026-09-07T20:59:23.951Z  ATR/2026        roh          36608 reg. Kerzen    0/165/166 von 166  Tagen gewertet (1m/5m/15m)     4192 Signale  655 ms lesen  15390 ms rechnen
2026-09-07T20:59:24.364Z  ATV/2016        roh           8516 reg. Kerzen        0/0/0 von 250  Tagen gewertet (1m/5m/15m)        0 Signale  60 ms lesen  96 ms rechnen
2026-09-07T20:59:24.498Z  ATV/2017        roh           2167 reg. Kerzen        0/0/0 von 241  Tagen gewertet (1m/5m/15m)        0 Signale  57 ms lesen  35 ms rechnen
2026-09-07T20:59:24.724Z  ATV/2018        roh           4183 reg. Kerzen        0/0/0 von 250  Tagen gewertet (1m/5m/15m)        0 Signale  160 ms lesen  56 ms rechnen
2026-09-07T20:59:24.933Z  ATV/2019        roh           1885 reg. Kerzen        0/0/0 von 245  Tagen gewertet (1m/5m/15m)        0 Signale  154 ms lesen  34 ms rechnen
2026-09-07T20:59:25.052Z  ATV/2020        roh           2184 reg. Kerzen        0/0/0 von 249  Tagen gewertet (1m/5m/15m)        0 Signale  55 ms lesen  53 ms rechnen
2026-09-07T20:59:25.133Z  ATV/2021        roh            133 reg. Kerzen        0/0/0 von 19   Tagen gewertet (1m/5m/15m)        0 Signale  30 ms lesen  39 ms rechnen
2026-09-07T20:59:26.120Z  AUB/2016        roh          42736 reg. Kerzen        0/0/0 von 252  Tagen gewertet (1m/5m/15m)        0 Signale  436 ms lesen  485 ms rechnen
2026-09-07T20:59:34.260Z  AUB/2017        roh          46024 reg. Kerzen      0/74/75 von 251  Tagen gewertet (1m/5m/15m)     1845 Signale  665 ms lesen  7265 ms rechnen
2026-09-07T20:59:58.640Z  AUB/2018        roh          69820 reg. Kerzen    0/249/249 von 251  Tagen gewertet (1m/5m/15m)     6249 Signale  820 ms lesen  23363 ms rechnen
2026-09-07T21:00:23.456Z  AUB/2019        roh          62110 reg. Kerzen    0/251/252 von 252  Tagen gewertet (1m/5m/15m)     6283 Signale  787 ms lesen  23724 ms rechnen
2026-09-07T21:00:46.538Z  AUB/2020        roh          62597 reg. Kerzen    0/185/187 von 253  Tagen gewertet (1m/5m/15m)     4975 Signale  272 ms lesen  22512 ms rechnen
2026-09-07T21:01:09.585Z  AUB/2021        roh          52367 reg. Kerzen    0/224/231 von 252  Tagen gewertet (1m/5m/15m)     5862 Signale  706 ms lesen  22019 ms rechnen
2026-09-07T21:01:31.737Z  AUB/2022        roh          53392 reg. Kerzen    0/214/216 von 251  Tagen gewertet (1m/5m/15m)     5675 Signale  510 ms lesen  21318 ms rechnen
2026-09-07T21:01:58.636Z  AUB/2023        roh          61730 reg. Kerzen    0/250/250 von 250  Tagen gewertet (1m/5m/15m)     6578 Signale  483 ms lesen  26184 ms rechnen
2026-09-07T21:02:22.740Z  AUB/2024        roh          58856 reg. Kerzen    0/252/252 von 252  Tagen gewertet (1m/5m/15m)     6462 Signale  385 ms lesen  23447 ms rechnen
2026-09-07T21:02:48.741Z  AUB/2025        roh          82681 reg. Kerzen    0/250/250 von 250  Tagen gewertet (1m/5m/15m)     6439 Signale  1262 ms lesen  24404 ms rechnen
2026-09-07T21:03:05.246Z  AUB/2026        roh          56840 reg. Kerzen    0/166/166 von 166  Tagen gewertet (1m/5m/15m)     4189 Signale  766 ms lesen  15311 ms rechnen
2026-09-07T21:03:11.105Z  AUR/2021        roh          30489 reg. Kerzen      0/51/53 von 165  Tagen gewertet (1m/5m/15m)     1326 Signale  287 ms lesen  5280 ms rechnen
2026-09-07T21:03:31.387Z  AUR/2022        roh          93453 reg. Kerzen    0/159/159 von 251  Tagen gewertet (1m/5m/15m)     4480 Signale  717 ms lesen  19409 ms rechnen
2026-09-07T21:03:48.522Z  AUR/2023        roh          94143 reg. Kerzen    0/134/134 von 250  Tagen gewertet (1m/5m/15m)     3639 Signale  1117 ms lesen  15542 ms rechnen
2026-09-07T21:04:19.597Z  AUR/2024        roh          97235 reg. Kerzen    0/252/252 von 252  Tagen gewertet (1m/5m/15m)     6938 Signale  412 ms lesen  30221 ms rechnen
2026-09-07T21:04:50.565Z  AUR/2025        roh          96924 reg. Kerzen    0/250/250 von 250  Tagen gewertet (1m/5m/15m)     6859 Signale  383 ms lesen  30126 ms rechnen
2026-09-07T21:05:16.539Z  AUR/2026        roh          64729 reg. Kerzen    0/166/166 von 166  Tagen gewertet (1m/5m/15m)     4576 Signale  993 ms lesen  24537 ms rechnen
2026-09-07T21:05:17.047Z  AVAC/2021       roh            402 reg. Kerzen        0/0/0 von 20   Tagen gewertet (1m/5m/15m)        0 Signale  55 ms lesen  6 ms rechnen
2026-09-07T21:05:17.138Z  AVAC/2022       roh            824 reg. Kerzen        0/0/0 von 177  Tagen gewertet (1m/5m/15m)        0 Signale  41 ms lesen  46 ms rechnen
2026-09-07T21:05:17.188Z  AVAC/2023       roh            856 reg. Kerzen        0/0/0 von 84   Tagen gewertet (1m/5m/15m)        0 Signale  22 ms lesen  22 ms rechnen
2026-09-07T21:05:22.174Z  AVDX/2021       roh          19066 reg. Kerzen      0/36/36 von 56   Tagen gewertet (1m/5m/15m)      972 Signale  114 ms lesen  4835 ms rechnen
2026-09-07T21:05:52.705Z  AVDX/2022       roh          89268 reg. Kerzen    0/251/251 von 251  Tagen gewertet (1m/5m/15m)     6851 Signale  542 ms lesen  29892 ms rechnen
2026-09-07T21:06:20.389Z  AVDX/2023       roh          90333 reg. Kerzen    0/250/250 von 250  Tagen gewertet (1m/5m/15m)     6709 Signale  228 ms lesen  27016 ms rechnen
2026-09-07T21:06:48.083Z  AVDX/2024       roh          88911 reg. Kerzen    0/252/252 von 252  Tagen gewertet (1m/5m/15m)     6571 Signale  270 ms lesen  27009 ms rechnen
2026-09-07T21:07:06.146Z  AVDX/2025       roh          65438 reg. Kerzen    0/196/196 von 196  Tagen gewertet (1m/5m/15m)     3638 Signale  198 ms lesen  17320 ms rechnen
2026-09-07T21:07:19.624Z  AVLR/2018       roh          33063 reg. Kerzen    0/117/117 von 137  Tagen gewertet (1m/5m/15m)     3166 Signale  101 ms lesen  12985 ms rechnen
2026-09-07T21:07:45.650Z  AVLR/2019       roh          82095 reg. Kerzen    0/252/252 von 252  Tagen gewertet (1m/5m/15m)     6864 Signale  191 ms lesen  25616 ms rechnen
2026-09-07T21:08:14.176Z  AVLR/2020       roh          86037 reg. Kerzen    0/253/253 von 253  Tagen gewertet (1m/5m/15m)     6946 Signale  393 ms lesen  27681 ms rechnen
2026-09-07T21:08:41.520Z  AVLR/2021       roh          80897 reg. Kerzen    0/250/250 von 252  Tagen gewertet (1m/5m/15m)     6754 Signale  404 ms lesen  26572 ms rechnen
2026-09-07T21:09:01.552Z  AVLR/2022       roh          71937 reg. Kerzen    0/198/198 von 200  Tagen gewertet (1m/5m/15m)     4968 Signale  200 ms lesen  19427 ms rechnen
2026-09-07T21:09:05.634Z  AVTA/2016       roh          68852 reg. Kerzen      0/26/26 von 252  Tagen gewertet (1m/5m/15m)      711 Signale  216 ms lesen  3498 ms rechnen
2026-09-07T21:09:26.533Z  AVTA/2017       roh          66273 reg. Kerzen    0/193/193 von 251  Tagen gewertet (1m/5m/15m)     5125 Signale  232 ms lesen  20298 ms rechnen
2026-09-07T21:09:53.348Z  AVTA/2018       roh          64684 reg. Kerzen    0/249/249 von 251  Tagen gewertet (1m/5m/15m)     6585 Signale  219 ms lesen  26248 ms rechnen
2026-09-07T21:10:14.192Z  AVTA/2019       roh          59529 reg. Kerzen    0/199/200 von 252  Tagen gewertet (1m/5m/15m)     5201 Signale  317 ms lesen  20228 ms rechnen
2026-09-07T21:10:21.200Z  AVTA/2020       roh          65807 reg. Kerzen      0/54/54 von 253  Tagen gewertet (1m/5m/15m)     1451 Signale  342 ms lesen  6302 ms rechnen
2026-09-07T21:10:23.465Z  AVTA/2021       roh          50822 reg. Kerzen      0/10/11 von 252  Tagen gewertet (1m/5m/15m)      276 Signale  248 ms lesen  1686 ms rechnen
2026-09-07T21:10:35.981Z  AVTA/2022       roh          57136 reg. Kerzen    0/111/112 von 251  Tagen gewertet (1m/5m/15m)     2943 Signale  248 ms lesen  12028 ms rechnen
2026-09-07T21:10:50.839Z  AVTA/2023       roh          56432 reg. Kerzen    0/157/157 von 227  Tagen gewertet (1m/5m/15m)     3490 Signale  264 ms lesen  14318 ms rechnen
2026-09-07T21:10:51.226Z  AWIN/2021       bereinigt      259 reg. Kerzen        0/0/0 von 44   Tagen gewertet (1m/5m/15m)        0 Signale  18 ms lesen  7 ms rechnen
2026-09-07T21:10:51.347Z  AWIN/2022       bereinigt      623 reg. Kerzen        0/0/0 von 154  Tagen gewertet (1m/5m/15m)        0 Signale  30 ms lesen  85 ms rechnen
2026-09-07T21:10:51.968Z  AWIN/2023       bereinigt    32792 reg. Kerzen        0/0/0 von 247  Tagen gewertet (1m/5m/15m)        0 Signale  183 ms lesen  433 ms rechnen
2026-09-07T21:10:52.394Z  AWIN/2024       bereinigt    12573 reg. Kerzen        0/0/0 von 117  Tagen gewertet (1m/5m/15m)        0 Signale  112 ms lesen  177 ms rechnen
2026-09-07T21:10:52.507Z  AUSGELASSEN AWIN/2025: Datei fehlt
2026-09-07T21:11:07.769Z  AXDX/2016       bereinigt    61247 reg. Kerzen    0/125/125 von 252  Tagen gewertet (1m/5m/15m)     3382 Signale  506 ms lesen  14729 ms rechnen
2026-09-07T21:11:29.876Z  AXDX/2017       bereinigt    61385 reg. Kerzen    0/186/187 von 251  Tagen gewertet (1m/5m/15m)     5096 Signale  363 ms lesen  21465 ms rechnen
2026-09-07T21:11:44.123Z  AXDX/2018       bereinigt    53808 reg. Kerzen    0/109/109 von 251  Tagen gewertet (1m/5m/15m)     2983 Signale  189 ms lesen  13736 ms rechnen
2026-09-07T21:11:49.523Z  AXDX/2019       bereinigt    49736 reg. Kerzen      0/31/31 von 252  Tagen gewertet (1m/5m/15m)      831 Signale  519 ms lesen  4506 ms rechnen
2026-09-07T21:11:53.692Z  AXDX/2020       bereinigt    56598 reg. Kerzen      0/29/29 von 253  Tagen gewertet (1m/5m/15m)      795 Signale  285 ms lesen  3665 ms rechnen
2026-09-07T21:11:56.837Z  AXDX/2021       bereinigt    49292 reg. Kerzen      0/18/18 von 252  Tagen gewertet (1m/5m/15m)      481 Signale  223 ms lesen  2690 ms rechnen
2026-09-07T21:12:01.098Z  CHECKPOINT 600 Dateien, 157 min, Detektorfehler {}
2026-09-07T21:12:02.321Z  AXDX/2022       bereinigt    56003 reg. Kerzen        0/0/0 von 251  Tagen gewertet (1m/5m/15m)        0 Signale  306 ms lesen  916 ms rechnen
2026-09-07T21:12:03.141Z  AXDX/2023       bereinigt    19333 reg. Kerzen        0/0/0 von 250  Tagen gewertet (1m/5m/15m)        0 Signale  122 ms lesen  406 ms rechnen
2026-09-07T21:12:03.509Z  AXDX/2024       roh          12433 reg. Kerzen        0/0/0 von 252  Tagen gewertet (1m/5m/15m)        0 Signale  86 ms lesen  201 ms rechnen
2026-09-07T21:12:03.643Z  AXDX/2025       roh           4113 reg. Kerzen        0/0/0 von 91   Tagen gewertet (1m/5m/15m)        0 Signale  23 ms lesen  50 ms rechnen
2026-09-07T21:12:17.694Z  AXLL/2016       roh          58754 reg. Kerzen    0/147/147 von 167  Tagen gewertet (1m/5m/15m)     3392 Signale  313 ms lesen  13689 ms rechnen
2026-09-07T21:12:18.941Z  AXU/2016        roh          47289 reg. Kerzen        0/0/0 von 252  Tagen gewertet (1m/5m/15m)        0 Signale  338 ms lesen  582 ms rechnen
2026-09-07T21:12:19.728Z  AXU/2017        roh          35728 reg. Kerzen        0/0/0 von 251  Tagen gewertet (1m/5m/15m)        0 Signale  125 ms lesen  438 ms rechnen
2026-09-07T21:12:20.472Z  AXU/2018        roh          27626 reg. Kerzen        0/0/0 von 251  Tagen gewertet (1m/5m/15m)        0 Signale  253 ms lesen  316 ms rechnen
2026-09-07T21:12:21.623Z  AXU/2019        roh          51772 reg. Kerzen        0/2/2 von 252  Tagen gewertet (1m/5m/15m)       56 Signale  202 ms lesen  821 ms rechnen
2026-09-07T21:12:26.612Z  AXU/2020        roh          77903 reg. Kerzen      0/28/28 von 253  Tagen gewertet (1m/5m/15m)      777 Signale  355 ms lesen  4280 ms rechnen
2026-09-07T21:12:27.888Z  AXU/2021        roh          65183 reg. Kerzen        0/0/0 von 252  Tagen gewertet (1m/5m/15m)        0 Signale  219 ms lesen  679 ms rechnen
2026-09-07T21:12:28.860Z  AXU/2022        roh          41378 reg. Kerzen        0/0/0 von 170  Tagen gewertet (1m/5m/15m)        0 Signale  178 ms lesen  478 ms rechnen
2026-09-07T21:12:40.092Z  AZN/2026        roh          55673 reg. Kerzen    0/126/126 von 146  Tagen gewertet (1m/5m/15m)     3167 Signale  250 ms lesen  10686 ms rechnen
2026-09-07T21:12:40.645Z  AZYO/2020       roh           4269 reg. Kerzen        0/0/0 von 59   Tagen gewertet (1m/5m/15m)        0 Signale  105 ms lesen  80 ms rechnen
2026-09-07T21:12:40.944Z  AZYO/2021       roh           6169 reg. Kerzen        0/0/0 von 251  Tagen gewertet (1m/5m/15m)        0 Signale  94 ms lesen  184 ms rechnen
2026-09-07T21:12:41.114Z  AZYO/2022       roh           3261 reg. Kerzen        0/0/0 von 231  Tagen gewertet (1m/5m/15m)        0 Signale  34 ms lesen  104 ms rechnen
2026-09-07T21:12:41.519Z  AZYO/2023       roh           7622 reg. Kerzen        0/0/0 von 170  Tagen gewertet (1m/5m/15m)        0 Signale  72 ms lesen  317 ms rechnen
2026-09-07T21:12:41.633Z  BACA/2021       roh            446 reg. Kerzen        0/0/0 von 28   Tagen gewertet (1m/5m/15m)        0 Signale  37 ms lesen  13 ms rechnen
2026-09-07T21:12:41.689Z  BACA/2022       roh           1177 reg. Kerzen        0/0/0 von 176  Tagen gewertet (1m/5m/15m)        0 Signale  26 ms lesen  23 ms rechnen
2026-09-07T21:12:41.834Z  BACA/2023       roh           1168 reg. Kerzen        0/0/0 von 175  Tagen gewertet (1m/5m/15m)        0 Signale  105 ms lesen  31 ms rechnen
2026-09-07T21:12:41.890Z  BACA/2024       roh            617 reg. Kerzen        0/0/0 von 90   Tagen gewertet (1m/5m/15m)        0 Signale  19 ms lesen  18 ms rechnen
2026-09-07T21:13:03.625Z  BAM/2016        bereinigt    92697 reg. Kerzen    0/232/232 von 252  Tagen gewertet (1m/5m/15m)     5746 Signale  412 ms lesen  21300 ms rechnen
2026-09-07T21:13:24.544Z  BAM/2017        bereinigt    89779 reg. Kerzen    0/251/251 von 251  Tagen gewertet (1m/5m/15m)     5660 Signale  394 ms lesen  20046 ms rechnen
2026-09-07T21:13:48.279Z  BAM/2018        bereinigt    92411 reg. Kerzen    0/251/251 von 251  Tagen gewertet (1m/5m/15m)     5921 Signale  373 ms lesen  22886 ms rechnen
2026-09-07T21:14:12.589Z  BAM/2019        bereinigt    95405 reg. Kerzen    0/252/252 von 252  Tagen gewertet (1m/5m/15m)     5670 Signale  723 ms lesen  23138 ms rechnen
2026-09-07T21:14:38.651Z  BAM/2020        bereinigt    97456 reg. Kerzen    0/253/253 von 253  Tagen gewertet (1m/5m/15m)     6635 Signale  387 ms lesen  25225 ms rechnen
2026-09-07T21:15:00.273Z  BAM/2021        roh          95990 reg. Kerzen    0/229/229 von 252  Tagen gewertet (1m/5m/15m)     5617 Signale  466 ms lesen  20526 ms rechnen
2026-09-07T21:15:23.912Z  BAM/2022        roh          96102 reg. Kerzen    0/228/228 von 251  Tagen gewertet (1m/5m/15m)     6044 Signale  315 ms lesen  22765 ms rechnen
2026-09-07T21:15:48.028Z  BAM/2023        roh          94052 reg. Kerzen    0/250/250 von 250  Tagen gewertet (1m/5m/15m)     6440 Signale  314 ms lesen  23214 ms rechnen
2026-09-07T21:16:12.148Z  BAM/2024        roh          90838 reg. Kerzen    0/252/252 von 252  Tagen gewertet (1m/5m/15m)     6407 Signale  369 ms lesen  23274 ms rechnen
2026-09-07T21:16:37.808Z  BAM/2025        roh          93857 reg. Kerzen    0/250/250 von 250  Tagen gewertet (1m/5m/15m)     6462 Signale  438 ms lesen  24730 ms rechnen
2026-09-07T21:16:56.845Z  BAM/2026        roh          63924 reg. Kerzen    0/166/166 von 166  Tagen gewertet (1m/5m/15m)     4379 Signale  556 ms lesen  18017 ms rechnen
2026-09-07T21:16:57.214Z  BASI/2016       roh           2447 reg. Kerzen        0/0/0 von 231  Tagen gewertet (1m/5m/15m)        0 Signale  40 ms lesen  35 ms rechnen
2026-09-07T21:16:57.454Z  BASI/2017       roh          11534 reg. Kerzen        0/0/0 von 251  Tagen gewertet (1m/5m/15m)        0 Signale  65 ms lesen  159 ms rechnen
2026-09-07T21:16:57.609Z  BASI/2018       roh           4246 reg. Kerzen        0/0/0 von 246  Tagen gewertet (1m/5m/15m)        0 Signale  23 ms lesen  67 ms rechnen
2026-09-07T21:16:57.793Z  BASI/2019       roh           7619 reg. Kerzen        0/0/0 von 252  Tagen gewertet (1m/5m/15m)        0 Signale  46 ms lesen  112 ms rechnen
2026-09-07T21:16:58.095Z  BASI/2020       roh           9369 reg. Kerzen        0/0/0 von 253  Tagen gewertet (1m/5m/15m)        0 Signale  114 ms lesen  149 ms rechnen
2026-09-07T21:16:58.423Z  BASI/2021       roh           6109 reg. Kerzen        0/0/0 von 53   Tagen gewertet (1m/5m/15m)        0 Signale  164 ms lesen  107 ms rechnen
2026-09-07T21:17:26.550Z  BBD/2016        roh          97155 reg. Kerzen    0/232/232 von 252  Tagen gewertet (1m/5m/15m)     6418 Signale  1103 ms lesen  26846 ms rechnen
2026-09-07T21:17:51.681Z  BBD/2017        roh          96401 reg. Kerzen    0/251/251 von 251  Tagen gewertet (1m/5m/15m)     6735 Signale  287 ms lesen  24358 ms rechnen
2026-09-07T21:18:16.301Z  BBD/2018        roh          96851 reg. Kerzen    0/251/251 von 251  Tagen gewertet (1m/5m/15m)     6883 Signale  922 ms lesen  23285 ms rechnen
2026-09-07T21:18:40.923Z  BBD/2019        roh          97342 reg. Kerzen    0/252/252 von 252  Tagen gewertet (1m/5m/15m)     6719 Signale  876 ms lesen  23327 ms rechnen
2026-09-07T21:19:06.609Z  BBD/2020        roh          97663 reg. Kerzen    0/253/253 von 253  Tagen gewertet (1m/5m/15m)     6993 Signale  447 ms lesen  24694 ms rechnen
2026-09-07T21:19:33.033Z  BBD/2021        roh          96692 reg. Kerzen    0/250/250 von 252  Tagen gewertet (1m/5m/15m)     6857 Signale  2074 ms lesen  23838 ms rechnen
2026-09-07T21:19:58.820Z  BBD/2022        roh          96394 reg. Kerzen    0/249/249 von 251  Tagen gewertet (1m/5m/15m)     6786 Signale  789 ms lesen  24501 ms rechnen
2026-09-07T21:20:23.629Z  BBD/2023        roh          96170 reg. Kerzen    0/250/250 von 250  Tagen gewertet (1m/5m/15m)     6944 Signale  1747 ms lesen  22511 ms rechnen
2026-09-07T21:20:48.309Z  BBD/2024        roh          96450 reg. Kerzen    0/252/252 von 252  Tagen gewertet (1m/5m/15m)     6958 Signale  1647 ms lesen  22582 ms rechnen
2026-09-07T21:21:13.363Z  BBD/2025        roh          96212 reg. Kerzen    0/250/250 von 250  Tagen gewertet (1m/5m/15m)     6889 Signale  892 ms lesen  23767 ms rechnen
2026-09-07T21:21:29.393Z  BBD/2026        roh          64153 reg. Kerzen    0/166/166 von 166  Tagen gewertet (1m/5m/15m)     4522 Signale  875 ms lesen  14742 ms rechnen
2026-09-07T21:21:31.326Z  BBOX/2016       roh          38692 reg. Kerzen        0/0/0 von 252  Tagen gewertet (1m/5m/15m)        0 Signale  852 ms lesen  729 ms rechnen
2026-09-07T21:21:32.307Z  BBOX/2017       roh          41742 reg. Kerzen        0/0/0 von 251  Tagen gewertet (1m/5m/15m)        0 Signale  310 ms lesen  454 ms rechnen
2026-09-07T21:21:32.949Z  BBOX/2018       roh          33660 reg. Kerzen        0/0/0 von 251  Tagen gewertet (1m/5m/15m)        0 Signale  127 ms lesen  355 ms rechnen
2026-09-07T21:21:33.133Z  BBOX/2019       roh            141 reg. Kerzen        0/0/0 von 3    Tagen gewertet (1m/5m/15m)        0 Signale  26 ms lesen  9 ms rechnen
2026-09-07T21:21:56.541Z  BBY/2016        roh          97917 reg. Kerzen    0/232/232 von 252  Tagen gewertet (1m/5m/15m)     5992 Signale  1303 ms lesen  22016 ms rechnen
2026-09-07T21:22:18.689Z  BBY/2017        roh          97365 reg. Kerzen    0/251/251 von 251  Tagen gewertet (1m/5m/15m)     6190 Signale  822 ms lesen  20875 ms rechnen
2026-09-07T21:22:42.407Z  BBY/2018        roh          97188 reg. Kerzen    0/251/251 von 251  Tagen gewertet (1m/5m/15m)     6566 Signale  1448 ms lesen  21866 ms rechnen
2026-09-07T21:23:08.344Z  BBY/2019        roh          97443 reg. Kerzen    0/252/252 von 252  Tagen gewertet (1m/5m/15m)     6359 Signale  990 ms lesen  24477 ms rechnen
2026-09-07T21:23:36.769Z  BBY/2020        roh          97972 reg. Kerzen    0/253/253 von 253  Tagen gewertet (1m/5m/15m)     6571 Signale  293 ms lesen  27631 ms rechnen
2026-09-07T21:24:00.959Z  BBY/2021        roh          96884 reg. Kerzen    0/250/250 von 252  Tagen gewertet (1m/5m/15m)     6374 Signale  412 ms lesen  23285 ms rechnen
2026-09-07T21:24:27.736Z  BBY/2022        roh          96865 reg. Kerzen    0/249/249 von 251  Tagen gewertet (1m/5m/15m)     6701 Signale  268 ms lesen  26076 ms rechnen
2026-09-07T21:24:52.196Z  BBY/2023        roh          96743 reg. Kerzen    0/250/250 von 250  Tagen gewertet (1m/5m/15m)     6322 Signale  360 ms lesen  23562 ms rechnen
2026-09-07T21:25:16.902Z  BBY/2024        roh          97326 reg. Kerzen    0/252/252 von 252  Tagen gewertet (1m/5m/15m)     6452 Signale  386 ms lesen  23766 ms rechnen
2026-09-07T21:25:42.258Z  BBY/2025        roh          96425 reg. Kerzen    0/250/250 von 250  Tagen gewertet (1m/5m/15m)     6479 Signale  464 ms lesen  24462 ms rechnen
2026-09-07T21:25:59.809Z  BBY/2026        roh          64380 reg. Kerzen    0/166/166 von 166  Tagen gewertet (1m/5m/15m)     4418 Signale  186 ms lesen  16847 ms rechnen
2026-09-07T21:26:12.616Z  BCEI/2016       roh          86735 reg. Kerzen      0/90/90 von 252  Tagen gewertet (1m/5m/15m)     2480 Signale  424 ms lesen  12052 ms rechnen
2026-09-07T21:26:23.277Z  BCEI/2017       roh          56742 reg. Kerzen      0/89/96 von 251  Tagen gewertet (1m/5m/15m)     2449 Signale  159 ms lesen  10102 ms rechnen
2026-09-07T21:26:45.400Z  BCEI/2018       roh          58892 reg. Kerzen    0/204/204 von 251  Tagen gewertet (1m/5m/15m)     5547 Signale  148 ms lesen  21695 ms rechnen
2026-09-07T21:26:46.511Z  BCEI/2019       roh          55274 reg. Kerzen        0/0/0 von 252  Tagen gewertet (1m/5m/15m)        0 Signale  188 ms lesen  613 ms rechnen
2026-09-07T21:26:50.823Z  BCEI/2020       roh          56185 reg. Kerzen      0/23/23 von 253  Tagen gewertet (1m/5m/15m)      625 Signale  287 ms lesen  3730 ms rechnen
2026-09-07T21:27:13.429Z  BCEI/2021       roh          60929 reg. Kerzen    0/189/189 von 210  Tagen gewertet (1m/5m/15m)     5177 Signale  374 ms lesen  21875 ms rechnen
2026-09-07T21:27:33.625Z  BCR/2016        roh          78965 reg. Kerzen    0/232/232 von 252  Tagen gewertet (1m/5m/15m)     5387 Signale  247 ms lesen  19656 ms rechnen
2026-09-07T21:27:51.834Z  BCR/2017        roh          72907 reg. Kerzen    0/249/249 von 250  Tagen gewertet (1m/5m/15m)     4521 Signale  237 ms lesen  17537 ms rechnen
2026-09-07T21:27:52.314Z  BCYP/2021       roh           4063 reg. Kerzen        0/0/0 von 170  Tagen gewertet (1m/5m/15m)        0 Signale  89 ms lesen  64 ms rechnen
2026-09-07T21:28:01.886Z  BE/2018         roh          31164 reg. Kerzen      0/87/87 von 110  Tagen gewertet (1m/5m/15m)     2341 Signale  157 ms lesen  9378 ms rechnen
2026-09-07T21:28:30.702Z  BE/2019         roh          88574 reg. Kerzen    0/247/247 von 252  Tagen gewertet (1m/5m/15m)     6731 Signale  252 ms lesen  28428 ms rechnen
2026-09-07T21:29:02.099Z  BE/2020         roh          97198 reg. Kerzen    0/253/253 von 253  Tagen gewertet (1m/5m/15m)     6886 Signale  394 ms lesen  30621 ms rechnen
2026-09-07T21:29:30.739Z  BE/2021         roh          96832 reg. Kerzen    0/250/250 von 252  Tagen gewertet (1m/5m/15m)     6905 Signale  382 ms lesen  27791 ms rechnen
2026-09-07T21:29:59.765Z  BE/2022         roh          96526 reg. Kerzen    0/249/249 von 251  Tagen gewertet (1m/5m/15m)     6922 Signale  274 ms lesen  28256 ms rechnen
2026-09-07T21:30:28.269Z  BE/2023         roh          96498 reg. Kerzen    0/250/250 von 250  Tagen gewertet (1m/5m/15m)     6806 Signale  664 ms lesen  27246 ms rechnen
2026-09-07T21:31:02.088Z  BE/2024         roh          97376 reg. Kerzen    0/251/251 von 252  Tagen gewertet (1m/5m/15m)     6883 Signale  4221 ms lesen  29129 ms rechnen
2026-09-07T21:31:31.017Z  BE/2025         roh          96889 reg. Kerzen    0/250/250 von 250  Tagen gewertet (1m/5m/15m)     6750 Signale  1919 ms lesen  26483 ms rechnen
2026-09-07T21:31:52.030Z  BE/2026         roh          64740 reg. Kerzen    0/166/166 von 166  Tagen gewertet (1m/5m/15m)     4564 Signale  1954 ms lesen  18555 ms rechnen
2026-09-07T21:31:57.009Z  BENE/2021       roh          13705 reg. Kerzen      0/31/34 von 211  Tagen gewertet (1m/5m/15m)      721 Signale  1901 ms lesen  2678 ms rechnen
2026-09-07T21:31:57.471Z  BENE/2022       roh           6838 reg. Kerzen        0/0/0 von 209  Tagen gewertet (1m/5m/15m)        0 Signale  317 ms lesen  86 ms rechnen
2026-09-07T21:32:19.022Z  BFAM/2016       roh          57078 reg. Kerzen    0/232/232 von 252  Tagen gewertet (1m/5m/15m)     5619 Signale  1484 ms lesen  20037 ms rechnen
2026-09-07T21:32:40.200Z  BFAM/2017       roh          58250 reg. Kerzen    0/250/251 von 251  Tagen gewertet (1m/5m/15m)     5579 Signale  2199 ms lesen  18634 ms rechnen
2026-09-07T21:33:02.940Z  BFAM/2018       roh          54956 reg. Kerzen    0/249/251 von 251  Tagen gewertet (1m/5m/15m)     6065 Signale  1168 ms lesen  21223 ms rechnen
2026-09-07T21:33:25.011Z  BFAM/2019       roh          54970 reg. Kerzen    0/250/252 von 252  Tagen gewertet (1m/5m/15m)     6053 Signale  151 ms lesen  21552 ms rechnen
2026-09-07T21:33:50.217Z  BFAM/2020       roh          74331 reg. Kerzen    0/251/253 von 253  Tagen gewertet (1m/5m/15m)     6594 Signale  1715 ms lesen  23230 ms rechnen
2026-09-07T21:34:14.867Z  BFAM/2021       roh          63394 reg. Kerzen    0/249/250 von 252  Tagen gewertet (1m/5m/15m)     6514 Signale  1308 ms lesen  23017 ms rechnen
2026-09-07T21:34:41.291Z  BFAM/2022       roh          68725 reg. Kerzen    0/249/249 von 251  Tagen gewertet (1m/5m/15m)     6699 Signale  1030 ms lesen  25084 ms rechnen
2026-09-07T21:35:06.349Z  BFAM/2023       roh          62500 reg. Kerzen    0/250/250 von 250  Tagen gewertet (1m/5m/15m)     6470 Signale  1508 ms lesen  23245 ms rechnen
2026-09-07T21:35:30.335Z  BFAM/2024       roh          57100 reg. Kerzen    0/251/252 von 252  Tagen gewertet (1m/5m/15m)     6339 Signale  992 ms lesen  22718 ms rechnen
2026-09-07T21:35:55.150Z  BFAM/2025       roh          60768 reg. Kerzen    0/250/250 von 250  Tagen gewertet (1m/5m/15m)     6329 Signale  1103 ms lesen  23423 ms rechnen
2026-09-07T21:36:11.606Z  BFAM/2026       roh          49886 reg. Kerzen    0/166/166 von 166  Tagen gewertet (1m/5m/15m)     4347 Signale  951 ms lesen  15243 ms rechnen
2026-09-07T21:36:22.250Z  BFYT/2020       roh          32822 reg. Kerzen      0/96/97 von 117  Tagen gewertet (1m/5m/15m)     2350 Signale  301 ms lesen  10047 ms rechnen
2026-09-07T21:36:23.802Z  BGRY/2021       roh          33332 reg. Kerzen        0/2/2 von 114  Tagen gewertet (1m/5m/15m)       52 Signale  553 ms lesen  696 ms rechnen
2026-09-07T21:36:27.564Z  BGRY/2022       roh          71904 reg. Kerzen      0/16/16 von 251  Tagen gewertet (1m/5m/15m)      421 Signale  959 ms lesen  2660 ms rechnen
2026-09-07T21:36:28.926Z  BGRY/2023       roh          32318 reg. Kerzen        0/0/0 von 136  Tagen gewertet (1m/5m/15m)        0 Signale  664 ms lesen  359 ms rechnen
2026-09-07T21:36:43.092Z  BHE/2016        roh          65259 reg. Kerzen    0/142/142 von 252  Tagen gewertet (1m/5m/15m)     3685 Signale  1352 ms lesen  12637 ms rechnen
2026-09-07T21:37:07.972Z  BHE/2017        roh          56763 reg. Kerzen    0/249/251 von 251  Tagen gewertet (1m/5m/15m)     6516 Signale  1002 ms lesen  23605 ms rechnen
2026-09-07T21:37:33.950Z  BHE/2018        roh          67252 reg. Kerzen    0/250/251 von 251  Tagen gewertet (1m/5m/15m)     6427 Signale  1696 ms lesen  23982 ms rechnen
2026-09-07T21:37:51.206Z  BHE/2019        roh          65731 reg. Kerzen    0/167/167 von 252  Tagen gewertet (1m/5m/15m)     4184 Signale  1134 ms lesen  15740 ms rechnen
2026-09-07T21:38:00.118Z  BHE/2020        roh          57171 reg. Kerzen      0/69/69 von 253  Tagen gewertet (1m/5m/15m)     1775 Signale  744 ms lesen  7874 ms rechnen
2026-09-07T21:38:06.408Z  BHE/2021        roh          45669 reg. Kerzen      0/56/57 von 252  Tagen gewertet (1m/5m/15m)     1418 Signale  197 ms lesen  5710 ms rechnen
2026-09-07T21:38:07.953Z  BHE/2022        roh          38919 reg. Kerzen        0/0/0 von 251  Tagen gewertet (1m/5m/15m)        0 Signale  847 ms lesen  453 ms rechnen
2026-09-07T21:38:09.003Z  BHE/2023        roh          36845 reg. Kerzen        0/0/0 von 250  Tagen gewertet (1m/5m/15m)        0 Signale  430 ms lesen  399 ms rechnen
2026-09-07T21:38:26.879Z  BHE/2024        roh          46374 reg. Kerzen    0/181/201 von 252  Tagen gewertet (1m/5m/15m)     4851 Signale  774 ms lesen  16946 ms rechnen
2026-09-07T21:38:46.114Z  BHE/2025        roh          44671 reg. Kerzen    0/188/210 von 250  Tagen gewertet (1m/5m/15m)     5003 Signale  708 ms lesen  18303 ms rechnen
2026-09-07T21:39:02.346Z  BHE/2026        roh          33942 reg. Kerzen    0/160/166 von 166  Tagen gewertet (1m/5m/15m)     4345 Signale  485 ms lesen  15547 ms rechnen
2026-09-07T21:39:02.799Z  BHTG/2018       roh           4048 reg. Kerzen        0/0/0 von 184  Tagen gewertet (1m/5m/15m)        0 Signale  120 ms lesen  157 ms rechnen
2026-09-07T21:39:03.198Z  BHTG/2019       roh           5361 reg. Kerzen        0/0/0 von 252  Tagen gewertet (1m/5m/15m)        0 Signale  243 ms lesen  136 ms rechnen
2026-09-07T21:39:04.022Z  BHTG/2020       roh          23094 reg. Kerzen        0/0/0 von 253  Tagen gewertet (1m/5m/15m)        0 Signale  461 ms lesen  337 ms rechnen
2026-09-07T21:39:05.659Z  BHTG/2021       roh          41513 reg. Kerzen        0/0/0 von 238  Tagen gewertet (1m/5m/15m)        0 Signale  862 ms lesen  606 ms rechnen
2026-09-07T21:39:26.026Z  BILI/2018       roh          70458 reg. Kerzen    0/170/170 von 192  Tagen gewertet (1m/5m/15m)     4689 Signale  1687 ms lesen  18317 ms rechnen
2026-09-07T21:39:51.854Z  BILI/2019       roh          95788 reg. Kerzen    0/252/252 von 252  Tagen gewertet (1m/5m/15m)     6770 Signale  1303 ms lesen  24159 ms rechnen
2026-09-07T21:40:19.170Z  BILI/2020       roh          98060 reg. Kerzen    0/253/253 von 253  Tagen gewertet (1m/5m/15m)     6857 Signale  1782 ms lesen  25057 ms rechnen
2026-09-07T21:40:45.445Z  BILI/2021       roh          97695 reg. Kerzen    0/252/252 von 252  Tagen gewertet (1m/5m/15m)     6928 Signale  1844 ms lesen  23986 ms rechnen
2026-09-07T21:41:16.903Z  BILI/2022       roh          97568 reg. Kerzen    0/251/251 von 251  Tagen gewertet (1m/5m/15m)     6973 Signale  2322 ms lesen  28467 ms rechnen
2026-09-07T21:41:45.533Z  BILI/2023       roh          96462 reg. Kerzen    0/250/250 von 250  Tagen gewertet (1m/5m/15m)     6768 Signale  2330 ms lesen  25642 ms rechnen
2026-09-07T21:42:12.164Z  BILI/2024       roh          97166 reg. Kerzen    0/252/252 von 252  Tagen gewertet (1m/5m/15m)     6650 Signale  554 ms lesen  25536 ms rechnen
2026-09-07T21:42:43.616Z  BILI/2025       roh          94539 reg. Kerzen    0/250/250 von 250  Tagen gewertet (1m/5m/15m)     6515 Signale  343 ms lesen  30517 ms rechnen
2026-09-07T21:43:01.176Z  BILI/2026       roh          62663 reg. Kerzen    0/166/166 von 166  Tagen gewertet (1m/5m/15m)     4339 Signale  891 ms lesen  15901 ms rechnen
2026-09-07T21:43:02.263Z  BIOL/2016       bereinigt    13404 reg. Kerzen        0/0/0 von 252  Tagen gewertet (1m/5m/15m)        0 Signale  358 ms lesen  175 ms rechnen
2026-09-07T21:43:02.803Z  BIOL/2017       bereinigt    17045 reg. Kerzen        0/0/0 von 251  Tagen gewertet (1m/5m/15m)        0 Signale  224 ms lesen  255 ms rechnen
2026-09-07T21:43:03.524Z  BIOL/2018       bereinigt    13910 reg. Kerzen        0/0/0 von 251  Tagen gewertet (1m/5m/15m)        0 Signale  416 ms lesen  208 ms rechnen
2026-09-07T21:43:03.900Z  BIOL/2019       bereinigt    12348 reg. Kerzen        0/0/0 von 252  Tagen gewertet (1m/5m/15m)        0 Signale  49 ms lesen  257 ms rechnen
2026-09-07T21:43:05.659Z  BIOL/2020       bereinigt    62143 reg. Kerzen        0/0/0 von 253  Tagen gewertet (1m/5m/15m)        0 Signale  881 ms lesen  794 ms rechnen
2026-09-07T21:43:16.961Z  BIOL/2021       bereinigt    86347 reg. Kerzen      0/59/59 von 252  Tagen gewertet (1m/5m/15m)     1629 Signale  1258 ms lesen  9701 ms rechnen
2026-09-07T21:43:18.455Z  BIOL/2022       bereinigt    28639 reg. Kerzen        0/0/0 von 251  Tagen gewertet (1m/5m/15m)        0 Signale  604 ms lesen  491 ms rechnen
2026-09-07T21:43:19.776Z  BIOL/2023       bereinigt    44671 reg. Kerzen        0/0/0 von 250  Tagen gewertet (1m/5m/15m)        0 Signale  678 ms lesen  459 ms rechnen
2026-09-07T21:43:20.847Z  BIOL/2024       roh          24477 reg. Kerzen        0/0/0 von 117  Tagen gewertet (1m/5m/15m)        0 Signale  452 ms lesen  318 ms rechnen
2026-09-07T21:43:21.107Z  BITE/2016       roh            890 reg. Kerzen        0/0/0 von 229  Tagen gewertet (1m/5m/15m)        0 Signale  79 ms lesen  26 ms rechnen
2026-09-07T21:43:21.114Z  AUSGELASSEN BITE/2017: Datei fehlt
2026-09-07T21:43:21.230Z  AUSGELASSEN BITE/2018: Datei fehlt
2026-09-07T21:43:21.231Z  AUSGELASSEN BITE/2019: Datei fehlt
2026-09-07T21:43:21.254Z  AUSGELASSEN BITE/2020: Datei fehlt
2026-09-07T21:43:21.488Z  BITE/2021       roh           3792 reg. Kerzen        0/0/0 von 180  Tagen gewertet (1m/5m/15m)        0 Signale  180 ms lesen  53 ms rechnen
2026-09-07T21:43:21.661Z  BITE/2022       roh           1401 reg. Kerzen        0/0/0 von 214  Tagen gewertet (1m/5m/15m)        0 Signale  89 ms lesen  69 ms rechnen
2026-09-07T21:43:21.787Z  BITE/2023       roh            628 reg. Kerzen        0/0/0 von 148  Tagen gewertet (1m/5m/15m)        0 Signale  72 ms lesen  45 ms rechnen
2026-09-07T21:43:21.907Z  BITE/2024       roh           1244 reg. Kerzen        0/0/0 von 104  Tagen gewertet (1m/5m/15m)        0 Signale  95 ms lesen  15 ms rechnen
2026-09-07T21:43:48.381Z  BKD/2016        roh          96862 reg. Kerzen    0/232/232 von 252  Tagen gewertet (1m/5m/15m)     6293 Signale  721 ms lesen  25719 ms rechnen
2026-09-07T21:44:16.864Z  BKD/2017        roh          93978 reg. Kerzen    0/251/251 von 251  Tagen gewertet (1m/5m/15m)     6642 Signale  634 ms lesen  27172 ms rechnen
2026-09-07T21:44:45.181Z  BKD/2018        roh          93574 reg. Kerzen    0/251/251 von 251  Tagen gewertet (1m/5m/15m)     6799 Signale  474 ms lesen  27254 ms rechnen
2026-09-07T21:45:15.123Z  BKD/2019        roh          91992 reg. Kerzen    0/249/249 von 252  Tagen gewertet (1m/5m/15m)     6577 Signale  537 ms lesen  28891 ms rechnen
2026-09-07T21:45:38.671Z  BKD/2020        roh          88699 reg. Kerzen    0/189/189 von 253  Tagen gewertet (1m/5m/15m)     5175 Signale  455 ms lesen  22543 ms rechnen
2026-09-07T21:46:04.586Z  BKD/2021        roh          86039 reg. Kerzen    0/216/216 von 252  Tagen gewertet (1m/5m/15m)     5893 Signale  722 ms lesen  24787 ms rechnen
2026-09-07T21:46:33.046Z  BKD/2022        roh          89372 reg. Kerzen    0/247/247 von 251  Tagen gewertet (1m/5m/15m)     6731 Signale  675 ms lesen  27375 ms rechnen
2026-09-07T21:46:45.751Z  BKD/2023        roh          83703 reg. Kerzen      0/98/98 von 250  Tagen gewertet (1m/5m/15m)     2618 Signale  816 ms lesen  11334 ms rechnen
2026-09-07T21:47:14.935Z  BKD/2024        roh          87596 reg. Kerzen    0/252/252 von 252  Tagen gewertet (1m/5m/15m)     6673 Signale  558 ms lesen  28197 ms rechnen
2026-09-07T21:47:43.511Z  BKD/2025        roh          89876 reg. Kerzen    0/250/250 von 250  Tagen gewertet (1m/5m/15m)     6602 Signale  490 ms lesen  27483 ms rechnen
2026-09-07T21:48:02.273Z  BKD/2026        roh          62964 reg. Kerzen    0/166/166 von 166  Tagen gewertet (1m/5m/15m)     4450 Signale  747 ms lesen  17581 ms rechnen
2026-09-07T21:48:24.873Z  BKNG/2016       bereinigt    80048 reg. Kerzen    0/232/232 von 252  Tagen gewertet (1m/5m/15m)     5672 Signale  771 ms lesen  21331 ms rechnen
2026-09-07T21:48:46.629Z  BKNG/2017       bereinigt    72621 reg. Kerzen    0/251/251 von 251  Tagen gewertet (1m/5m/15m)     5574 Signale  985 ms lesen  20425 ms rechnen
2026-09-07T21:49:11.871Z  BKNG/2018       bereinigt    71710 reg. Kerzen    0/249/249 von 251  Tagen gewertet (1m/5m/15m)     6276 Signale  710 ms lesen  24074 ms rechnen
2026-09-07T21:49:35.057Z  BKNG/2019       bereinigt    69767 reg. Kerzen    0/252/252 von 252  Tagen gewertet (1m/5m/15m)     6204 Signale  608 ms lesen  21987 ms rechnen
2026-09-07T21:49:59.342Z  BKNG/2020       bereinigt    72821 reg. Kerzen    0/253/253 von 253  Tagen gewertet (1m/5m/15m)     6702 Signale  233 ms lesen  23719 ms rechnen
2026-09-07T21:50:23.702Z  BKNG/2021       bereinigt    59939 reg. Kerzen    0/247/252 von 252  Tagen gewertet (1m/5m/15m)     6475 Signale  382 ms lesen  23650 ms rechnen
2026-09-07T21:50:45.294Z  BKNG/2022       bereinigt    66767 reg. Kerzen    0/251/251 von 251  Tagen gewertet (1m/5m/15m)     6818 Signale  489 ms lesen  20633 ms rechnen
2026-09-07T21:51:12.512Z  BKNG/2023       bereinigt    51898 reg. Kerzen    0/237/250 von 250  Tagen gewertet (1m/5m/15m)     6092 Signale  5693 ms lesen  21294 ms rechnen
2026-09-07T21:51:28.974Z  BKNG/2024       bereinigt    37679 reg. Kerzen    0/185/251 von 252  Tagen gewertet (1m/5m/15m)     5166 Signale  248 ms lesen  15991 ms rechnen
2026-09-07T21:51:44.362Z  BKNG/2025       bereinigt    42789 reg. Kerzen    0/140/245 von 250  Tagen gewertet (1m/5m/15m)     4494 Signale  163 ms lesen  15056 ms rechnen
2026-09-07T21:52:01.682Z  BKNG/2026       bereinigt    64516 reg. Kerzen    0/166/166 von 166  Tagen gewertet (1m/5m/15m)     4381 Signale  346 ms lesen  16768 ms rechnen
2026-09-07T21:52:02.157Z  BLBX/2021       roh           5533 reg. Kerzen        0/0/0 von 36   Tagen gewertet (1m/5m/15m)        0 Signale  44 ms lesen  83 ms rechnen
2026-09-07T21:52:02.515Z  BLBX/2022       roh          18590 reg. Kerzen        0/0/0 von 251  Tagen gewertet (1m/5m/15m)        0 Signale  113 ms lesen  221 ms rechnen
2026-09-07T21:52:02.803Z  BLBX/2023       roh          10955 reg. Kerzen        0/0/0 von 247  Tagen gewertet (1m/5m/15m)        0 Signale  57 ms lesen  131 ms rechnen
2026-09-07T21:52:03.012Z  BLBX/2024       roh           3121 reg. Kerzen        0/0/0 von 248  Tagen gewertet (1m/5m/15m)        0 Signale  81 ms lesen  70 ms rechnen
2026-09-07T21:52:03.339Z  BLBX/2025       roh          20046 reg. Kerzen        0/0/0 von 250  Tagen gewertet (1m/5m/15m)        0 Signale  96 ms lesen  215 ms rechnen
2026-09-07T21:52:03.565Z  BLBX/2026       roh           3688 reg. Kerzen        0/0/0 von 36   Tagen gewertet (1m/5m/15m)        0 Signale  31 ms lesen  43 ms rechnen
2026-09-07T21:52:03.752Z  BLFS/2016       roh           7061 reg. Kerzen        0/0/0 von 250  Tagen gewertet (1m/5m/15m)        0 Signale  49 ms lesen  119 ms rechnen
2026-09-07T21:52:04.011Z  BLFS/2017       roh          16411 reg. Kerzen        0/0/0 von 251  Tagen gewertet (1m/5m/15m)        0 Signale  47 ms lesen  182 ms rechnen
2026-09-07T21:52:10.668Z  BLFS/2018       roh          39240 reg. Kerzen      0/54/54 von 251  Tagen gewertet (1m/5m/15m)     1465 Signale  96 ms lesen  6464 ms rechnen
2026-09-07T21:52:11.582Z  BLFS/2019       roh          43376 reg. Kerzen        0/0/0 von 252  Tagen gewertet (1m/5m/15m)        0 Signale  140 ms lesen  601 ms rechnen
2026-09-07T21:52:21.480Z  BLFS/2020       roh          53091 reg. Kerzen      0/81/81 von 253  Tagen gewertet (1m/5m/15m)     2189 Signale  218 ms lesen  9483 ms rechnen
2026-09-07T21:52:47.603Z  BLFS/2021       roh          57340 reg. Kerzen    0/243/252 von 252  Tagen gewertet (1m/5m/15m)     6653 Signale  310 ms lesen  25562 ms rechnen
2026-09-07T21:53:11.289Z  BLFS/2022       roh          63721 reg. Kerzen    0/204/204 von 251  Tagen gewertet (1m/5m/15m)     5616 Signale  254 ms lesen  23106 ms rechnen
2026-09-07T21:53:23.086Z  BLFS/2023       roh          57853 reg. Kerzen    0/101/101 von 250  Tagen gewertet (1m/5m/15m)     2679 Signale  240 ms lesen  11248 ms rechnen
2026-09-07T21:53:41.497Z  BLFS/2024       roh          55616 reg. Kerzen    0/159/163 von 252  Tagen gewertet (1m/5m/15m)     4326 Signale  240 ms lesen  17892 ms rechnen
2026-09-07T21:54:06.627Z  BLFS/2025       roh          58088 reg. Kerzen    0/221/221 von 250  Tagen gewertet (1m/5m/15m)     5897 Signale  369 ms lesen  24476 ms rechnen
2026-09-07T21:54:21.928Z  BLFS/2026       roh          40341 reg. Kerzen    0/143/143 von 166  Tagen gewertet (1m/5m/15m)     3890 Signale  156 ms lesen  14897 ms rechnen
2026-09-07T21:54:32.803Z  BLND/2021       roh          35733 reg. Kerzen      0/91/91 von 118  Tagen gewertet (1m/5m/15m)     2487 Signale  314 ms lesen  10349 ms rechnen
2026-09-07T21:54:48.809Z  BLND/2022       roh          90365 reg. Kerzen    0/126/126 von 251  Tagen gewertet (1m/5m/15m)     3496 Signale  297 ms lesen  15524 ms rechnen
2026-09-07T21:54:50.217Z  BLND/2023       roh          78558 reg. Kerzen        0/0/0 von 250  Tagen gewertet (1m/5m/15m)        0 Signale  245 ms lesen  721 ms rechnen
2026-09-07T21:55:03.174Z  BLND/2024       roh          91410 reg. Kerzen    0/100/100 von 252  Tagen gewertet (1m/5m/15m)     2731 Signale  334 ms lesen  12237 ms rechnen
2026-09-07T21:55:30.089Z  BLND/2025       roh          90108 reg. Kerzen    0/227/227 von 250  Tagen gewertet (1m/5m/15m)     6145 Signale  301 ms lesen  26204 ms rechnen
2026-09-07T21:55:39.297Z  BLND/2026       roh          59620 reg. Kerzen      0/75/75 von 166  Tagen gewertet (1m/5m/15m)     2091 Signale  243 ms lesen  8584 ms rechnen
2026-09-07T21:55:39.641Z  BLUA/2021       roh           1660 reg. Kerzen        0/0/0 von 170  Tagen gewertet (1m/5m/15m)        0 Signale  36 ms lesen  41 ms rechnen
2026-09-07T21:55:39.749Z  BLUA/2022       roh           4875 reg. Kerzen        0/0/0 von 189  Tagen gewertet (1m/5m/15m)        0 Signale  32 ms lesen  68 ms rechnen
2026-09-07T21:55:39.857Z  BLUA/2023       roh           1320 reg. Kerzen        0/0/0 von 167  Tagen gewertet (1m/5m/15m)        0 Signale  55 ms lesen  21 ms rechnen
2026-09-07T21:55:39.901Z  BLUA/2024       roh            200 reg. Kerzen        0/0/0 von 64   Tagen gewertet (1m/5m/15m)        0 Signale  18 ms lesen  14 ms rechnen
2026-09-07T21:55:45.513Z  BMI/2016        bereinigt    36286 reg. Kerzen      0/51/75 von 252  Tagen gewertet (1m/5m/15m)     1494 Signale  174 ms lesen  5416 ms rechnen
2026-09-07T21:55:48.588Z  BMI/2017        roh          36980 reg. Kerzen      0/27/31 von 251  Tagen gewertet (1m/5m/15m)      697 Signale  140 ms lesen  2762 ms rechnen
2026-09-07T21:55:54.694Z  BMI/2018        roh          38503 reg. Kerzen      0/50/63 von 251  Tagen gewertet (1m/5m/15m)     1395 Signale  200 ms lesen  5733 ms rechnen
2026-09-07T21:56:12.030Z  BMI/2019        roh          44605 reg. Kerzen    0/186/209 von 252  Tagen gewertet (1m/5m/15m)     4986 Signale  155 ms lesen  16998 ms rechnen
2026-09-07T21:56:35.503Z  BMI/2020        roh          46141 reg. Kerzen    0/227/253 von 253  Tagen gewertet (1m/5m/15m)     6162 Signale  295 ms lesen  22941 ms rechnen
2026-09-07T21:56:52.489Z  BMI/2021        roh          35975 reg. Kerzen    0/153/247 von 252  Tagen gewertet (1m/5m/15m)     4848 Signale  114 ms lesen  16669 ms rechnen
2026-09-07T21:57:08.295Z  BMI/2022        roh          33265 reg. Kerzen    0/135/249 von 251  Tagen gewertet (1m/5m/15m)     4599 Signale  127 ms lesen  15481 ms rechnen
2026-09-07T21:57:22.874Z  BMI/2023        roh          33210 reg. Kerzen    0/127/249 von 250  Tagen gewertet (1m/5m/15m)     4318 Signale  130 ms lesen  14308 ms rechnen
2026-09-07T21:57:36.850Z  BMI/2024        roh          32114 reg. Kerzen    0/113/252 von 252  Tagen gewertet (1m/5m/15m)     4025 Signale  95 ms lesen  13735 ms rechnen
2026-09-07T21:57:56.629Z  BMI/2025        roh          41034 reg. Kerzen    0/190/250 von 250  Tagen gewertet (1m/5m/15m)     5374 Signale  143 ms lesen  19481 ms rechnen
2026-09-07T21:58:13.452Z  BMI/2026        roh          36182 reg. Kerzen    0/157/166 von 166  Tagen gewertet (1m/5m/15m)     4259 Signale  207 ms lesen  16314 ms rechnen
2026-09-07T21:58:13.863Z  BN/2022         roh           5452 reg. Kerzen        0/0/0 von 14   Tagen gewertet (1m/5m/15m)        0 Signale  129 ms lesen  87 ms rechnen
2026-09-07T21:58:36.409Z  BN/2023         roh          96555 reg. Kerzen    0/244/244 von 250  Tagen gewertet (1m/5m/15m)     6278 Signale  301 ms lesen  22195 ms rechnen
2026-09-07T21:58:59.386Z  BN/2024         roh          96401 reg. Kerzen    0/252/252 von 252  Tagen gewertet (1m/5m/15m)     6327 Signale  267 ms lesen  22280 ms rechnen
2026-09-07T21:59:03.871Z  CHECKPOINT 800 Dateien, 204 min, Detektorfehler {}
2026-09-07T21:59:24.509Z  BN/2025         roh          95943 reg. Kerzen    0/229/229 von 250  Tagen gewertet (1m/5m/15m)     5874 Signale  311 ms lesen  20327 ms rechnen
2026-09-07T21:59:40.662Z  BN/2026         roh          64649 reg. Kerzen    0/166/166 von 166  Tagen gewertet (1m/5m/15m)     4333 Signale  236 ms lesen  15477 ms rechnen
2026-09-07T21:59:41.305Z  BNMV/2023       bereinigt    16505 reg. Kerzen        0/0/0 von 156  Tagen gewertet (1m/5m/15m)        0 Signale  167 ms lesen  159 ms rechnen
2026-09-07T21:59:41.602Z  BNTX/2019       roh           9064 reg. Kerzen        0/0/0 von 57   Tagen gewertet (1m/5m/15m)        0 Signale  101 ms lesen  80 ms rechnen
2026-09-07T22:00:11.000Z  BNTX/2020       roh          84830 reg. Kerzen    0/247/252 von 253  Tagen gewertet (1m/5m/15m)     6677 Signale  366 ms lesen  28996 ms rechnen
2026-09-07T22:00:39.230Z  BNTX/2021       roh          96429 reg. Kerzen    0/252/252 von 252  Tagen gewertet (1m/5m/15m)     6818 Signale  302 ms lesen  27427 ms rechnen
2026-09-07T22:01:06.808Z  BNTX/2022       roh          90201 reg. Kerzen    0/251/251 von 251  Tagen gewertet (1m/5m/15m)     6756 Signale  276 ms lesen  26884 ms rechnen
2026-09-07T22:01:30.747Z  BNTX/2023       roh          79430 reg. Kerzen    0/250/250 von 250  Tagen gewertet (1m/5m/15m)     6616 Signale  295 ms lesen  23135 ms rechnen
2026-09-07T22:01:55.583Z  BNTX/2024       roh          76552 reg. Kerzen    0/252/252 von 252  Tagen gewertet (1m/5m/15m)     6686 Signale  217 ms lesen  24161 ms rechnen
2026-09-07T22:02:21.357Z  BNTX/2025       roh          78339 reg. Kerzen    0/250/250 von 250  Tagen gewertet (1m/5m/15m)     6524 Signale  277 ms lesen  25101 ms rechnen
2026-09-07T22:02:37.749Z  BNTX/2026       roh          50121 reg. Kerzen    0/166/166 von 166  Tagen gewertet (1m/5m/15m)     4334 Signale  158 ms lesen  15805 ms rechnen
2026-09-07T22:02:58.205Z  BOH/2016        roh          60920 reg. Kerzen    0/232/232 von 252  Tagen gewertet (1m/5m/15m)     5714 Signale  190 ms lesen  19982 ms rechnen
2026-09-07T22:03:20.963Z  BOH/2017        roh          51747 reg. Kerzen    0/249/251 von 251  Tagen gewertet (1m/5m/15m)     6146 Signale  182 ms lesen  22239 ms rechnen
2026-09-07T22:03:43.406Z  BOH/2018        roh          57258 reg. Kerzen    0/250/251 von 251  Tagen gewertet (1m/5m/15m)     6197 Signale  173 ms lesen  22065 ms rechnen
2026-09-07T22:04:04.737Z  BOH/2019        roh          53603 reg. Kerzen    0/248/252 von 252  Tagen gewertet (1m/5m/15m)     5931 Signale  172 ms lesen  20864 ms rechnen
2026-09-07T22:04:29.742Z  BOH/2020        roh          64005 reg. Kerzen    0/253/253 von 253  Tagen gewertet (1m/5m/15m)     6680 Signale  189 ms lesen  24560 ms rechnen
2026-09-07T22:04:52.343Z  BOH/2021        roh          49337 reg. Kerzen    0/234/250 von 252  Tagen gewertet (1m/5m/15m)     6084 Signale  137 ms lesen  22123 ms rechnen
2026-09-07T22:05:14.477Z  BOH/2022        roh          45370 reg. Kerzen    0/233/249 von 251  Tagen gewertet (1m/5m/15m)     6195 Signale  191 ms lesen  21730 ms rechnen
2026-09-07T22:05:39.126Z  BOH/2023        roh          70126 reg. Kerzen    0/244/250 von 250  Tagen gewertet (1m/5m/15m)     6572 Signale  180 ms lesen  24217 ms rechnen
2026-09-07T22:06:03.036Z  BOH/2024        roh          53008 reg. Kerzen    0/240/252 von 252  Tagen gewertet (1m/5m/15m)     6244 Signale  231 ms lesen  23372 ms rechnen
2026-09-07T22:06:25.989Z  BOH/2025        roh          55749 reg. Kerzen    0/247/250 von 250  Tagen gewertet (1m/5m/15m)     6216 Signale  194 ms lesen  22508 ms rechnen
2026-09-07T22:06:40.909Z  BOH/2026        roh          35872 reg. Kerzen    0/164/166 von 166  Tagen gewertet (1m/5m/15m)     4189 Signale  157 ms lesen  14492 ms rechnen
2026-09-07T22:06:41.125Z  BOWN/2023       roh            349 reg. Kerzen        0/0/0 von 67   Tagen gewertet (1m/5m/15m)        0 Signale  28 ms lesen  16 ms rechnen
2026-09-07T22:06:41.194Z  BOWN/2024       roh            779 reg. Kerzen        0/0/0 von 178  Tagen gewertet (1m/5m/15m)        0 Signale  14 ms lesen  17 ms rechnen
2026-09-07T22:06:41.286Z  BOWN/2025       roh           3748 reg. Kerzen        0/0/0 von 120  Tagen gewertet (1m/5m/15m)        0 Signale  18 ms lesen  65 ms rechnen
2026-09-07T22:06:41.305Z  AUSGELASSEN BOWN/2026: Datei fehlt
2026-09-07T22:07:04.063Z  BPL/2016        roh          81748 reg. Kerzen    0/232/232 von 252  Tagen gewertet (1m/5m/15m)     6039 Signale  186 ms lesen  22549 ms rechnen
2026-09-07T22:07:25.868Z  BPL/2017        roh          80233 reg. Kerzen    0/251/251 von 251  Tagen gewertet (1m/5m/15m)     6193 Signale  210 ms lesen  21195 ms rechnen
2026-09-07T22:07:51.779Z  BPL/2018        roh          86953 reg. Kerzen    0/251/251 von 251  Tagen gewertet (1m/5m/15m)     6623 Signale  419 ms lesen  25118 ms rechnen
2026-09-07T22:08:08.016Z  BPL/2019        roh          67032 reg. Kerzen    0/210/211 von 211  Tagen gewertet (1m/5m/15m)     4114 Signale  211 ms lesen  15637 ms rechnen
2026-09-07T22:08:08.504Z  BPTS/2021       bereinigt     1726 reg. Kerzen        0/0/0 von 163  Tagen gewertet (1m/5m/15m)        0 Signale  106 ms lesen  25 ms rechnen
2026-09-07T22:08:08.746Z  BPTS/2022       bereinigt     4289 reg. Kerzen        0/0/0 von 219  Tagen gewertet (1m/5m/15m)        0 Signale  178 ms lesen  55 ms rechnen
2026-09-07T22:08:08.972Z  BPTS/2023       bereinigt    11269 reg. Kerzen        0/0/0 von 250  Tagen gewertet (1m/5m/15m)        0 Signale  93 ms lesen  115 ms rechnen
2026-09-07T22:08:09.239Z  BPTS/2024       bereinigt     2515 reg. Kerzen        0/0/0 von 80   Tagen gewertet (1m/5m/15m)        0 Signale  136 ms lesen  77 ms rechnen
2026-09-07T22:08:09.460Z  BRCN/2021       roh           8857 reg. Kerzen        0/0/0 von 154  Tagen gewertet (1m/5m/15m)        0 Signale  37 ms lesen  154 ms rechnen
2026-09-07T22:08:09.620Z  BRCN/2022       roh           4554 reg. Kerzen        0/0/0 von 173  Tagen gewertet (1m/5m/15m)        0 Signale  27 ms lesen  72 ms rechnen
2026-09-07T22:08:20.261Z  BRK.A/2016      roh          33497 reg. Kerzen    0/110/232 von 252  Tagen gewertet (1m/5m/15m)     3453 Signale  162 ms lesen  10436 ms rechnen
2026-09-07T22:08:31.015Z  BRK.A/2017      roh          32796 reg. Kerzen    0/119/250 von 251  Tagen gewertet (1m/5m/15m)     3457 Signale  147 ms lesen  10458 ms rechnen
2026-09-07T22:08:43.967Z  BRK.A/2018      roh          33578 reg. Kerzen    0/128/251 von 251  Tagen gewertet (1m/5m/15m)     4095 Signale  118 ms lesen  12669 ms rechnen
2026-09-07T22:08:54.074Z  BRK.A/2019      roh          28434 reg. Kerzen     0/76/248 von 252  Tagen gewertet (1m/5m/15m)     3115 Signale  180 ms lesen  9764 ms rechnen
2026-09-07T22:09:11.441Z  BRK.A/2020      roh          39934 reg. Kerzen    0/176/253 von 253  Tagen gewertet (1m/5m/15m)     5020 Signale  135 ms lesen  17110 ms rechnen
2026-09-07T22:09:30.231Z  BRK.A/2021      roh          82253 reg. Kerzen    0/238/250 von 252  Tagen gewertet (1m/5m/15m)     5347 Signale  199 ms lesen  18379 ms rechnen
2026-09-07T22:09:54.074Z  BRK.A/2022      roh          92528 reg. Kerzen    0/250/250 von 251  Tagen gewertet (1m/5m/15m)     6120 Signale  379 ms lesen  23019 ms rechnen
2026-09-07T22:10:16.043Z  BRK.A/2023      roh          94222 reg. Kerzen    0/250/250 von 250  Tagen gewertet (1m/5m/15m)     5563 Signale  519 ms lesen  20809 ms rechnen
2026-09-07T22:10:36.738Z  BRK.A/2024      roh          92140 reg. Kerzen    0/251/251 von 252  Tagen gewertet (1m/5m/15m)     5463 Signale  446 ms lesen  19845 ms rechnen
2026-09-07T22:10:56.069Z  BRK.A/2025      roh          51844 reg. Kerzen    0/236/250 von 250  Tagen gewertet (1m/5m/15m)     5541 Signale  144 ms lesen  18660 ms rechnen
2026-09-07T22:11:01.703Z  BRK.A/2026      roh          16179 reg. Kerzen     0/39/156 von 166  Tagen gewertet (1m/5m/15m)     1889 Signale  244 ms lesen  4910 ms rechnen
2026-09-07T22:11:02.505Z  BRP/2019        roh          10092 reg. Kerzen        0/4/5 von 47   Tagen gewertet (1m/5m/15m)      101 Signale  135 ms lesen  530 ms rechnen
2026-09-07T22:11:09.614Z  BRP/2020        roh          46496 reg. Kerzen      0/55/55 von 253  Tagen gewertet (1m/5m/15m)     1512 Signale  264 ms lesen  6757 ms rechnen
2026-09-07T22:11:31.927Z  BRP/2021        roh          54493 reg. Kerzen    0/208/212 von 252  Tagen gewertet (1m/5m/15m)     5515 Signale  158 ms lesen  21847 ms rechnen
2026-09-07T22:11:59.806Z  BRP/2022        roh          62906 reg. Kerzen    0/251/251 von 251  Tagen gewertet (1m/5m/15m)     6901 Signale  138 ms lesen  27478 ms rechnen
2026-09-07T22:12:24.127Z  BRP/2023        roh          56611 reg. Kerzen    0/236/238 von 250  Tagen gewertet (1m/5m/15m)     6287 Signale  244 ms lesen  23698 ms rechnen
2026-09-07T22:12:32.233Z  BRP/2024        roh          20316 reg. Kerzen      0/77/79 von 96   Tagen gewertet (1m/5m/15m)     2069 Signale  76 ms lesen  7752 ms rechnen
2026-09-07T22:12:39.209Z  BRY/2018        roh          28966 reg. Kerzen      0/60/61 von 109  Tagen gewertet (1m/5m/15m)     1663 Signale  197 ms lesen  6670 ms rechnen
2026-09-07T22:12:54.060Z  BRY/2019        roh          75985 reg. Kerzen    0/125/125 von 252  Tagen gewertet (1m/5m/15m)     3415 Signale  220 ms lesen  14499 ms rechnen
2026-09-07T22:12:56.403Z  BRY/2020        roh          64817 reg. Kerzen        0/6/6 von 253  Tagen gewertet (1m/5m/15m)      163 Signale  379 ms lesen  1636 ms rechnen
2026-09-07T22:12:57.565Z  BRY/2021        roh          55931 reg. Kerzen        0/0/0 von 252  Tagen gewertet (1m/5m/15m)        0 Signale  172 ms lesen  616 ms rechnen
2026-09-07T22:13:03.531Z  BRY/2022        roh          73299 reg. Kerzen      0/44/44 von 251  Tagen gewertet (1m/5m/15m)     1205 Signale  300 ms lesen  5372 ms rechnen
2026-09-07T22:13:12.872Z  BRY/2023        roh          78748 reg. Kerzen      0/74/74 von 250  Tagen gewertet (1m/5m/15m)     2068 Signale  216 ms lesen  8750 ms rechnen
2026-09-07T22:13:24.784Z  BRY/2024        roh          82094 reg. Kerzen    0/111/111 von 252  Tagen gewertet (1m/5m/15m)     2921 Signale  263 ms lesen  11283 ms rechnen
2026-09-07T22:13:27.643Z  BRY/2025        roh          74221 reg. Kerzen      0/16/16 von 241  Tagen gewertet (1m/5m/15m)      403 Signale  252 ms lesen  2230 ms rechnen
2026-09-07T22:13:28.101Z  BSI/2016        roh           4229 reg. Kerzen        0/0/0 von 98   Tagen gewertet (1m/5m/15m)        0 Signale  51 ms lesen  43 ms rechnen
2026-09-07T22:13:28.659Z  BSQR/2016       roh          20329 reg. Kerzen        0/0/0 von 252  Tagen gewertet (1m/5m/15m)        0 Signale  84 ms lesen  267 ms rechnen
2026-09-07T22:13:28.946Z  BSQR/2017       roh           9292 reg. Kerzen        0/0/0 von 251  Tagen gewertet (1m/5m/15m)        0 Signale  46 ms lesen  140 ms rechnen
2026-09-07T22:13:29.125Z  BSQR/2018       roh           5252 reg. Kerzen        0/0/0 von 250  Tagen gewertet (1m/5m/15m)        0 Signale  53 ms lesen  78 ms rechnen
2026-09-07T22:13:29.412Z  BSQR/2019       roh           7085 reg. Kerzen        0/0/0 von 251  Tagen gewertet (1m/5m/15m)        0 Signale  44 ms lesen  204 ms rechnen
2026-09-07T22:13:29.616Z  BSQR/2020       roh           7531 reg. Kerzen        0/0/0 von 253  Tagen gewertet (1m/5m/15m)        0 Signale  30 ms lesen  134 ms rechnen
2026-09-07T22:13:34.485Z  BSQR/2021       roh          53944 reg. Kerzen      0/35/35 von 252  Tagen gewertet (1m/5m/15m)      953 Signale  322 ms lesen  4514 ms rechnen
2026-09-07T22:13:35.187Z  BSQR/2022       roh          14488 reg. Kerzen        0/0/0 von 251  Tagen gewertet (1m/5m/15m)        0 Signale  283 ms lesen  210 ms rechnen
2026-09-07T22:13:35.501Z  BSQR/2023       roh           6850 reg. Kerzen        0/0/0 von 235  Tagen gewertet (1m/5m/15m)        0 Signale  123 ms lesen  110 ms rechnen
2026-09-07T22:13:35.604Z  BTAQU/2020      roh           2311 reg. Kerzen        0/0/0 von 87   Tagen gewertet (1m/5m/15m)        0 Signale  22 ms lesen  36 ms rechnen
2026-09-07T22:13:35.680Z  BTAQU/2021      roh           2046 reg. Kerzen        0/0/0 von 187  Tagen gewertet (1m/5m/15m)        0 Signale  17 ms lesen  43 ms rechnen
2026-09-07T22:13:35.720Z  BTAQU/2022      roh             80 reg. Kerzen        0/0/0 von 30   Tagen gewertet (1m/5m/15m)        0 Signale  26 ms lesen  3 ms rechnen
2026-09-07T22:13:53.637Z  BTI/2016        roh          70814 reg. Kerzen    0/232/232 von 252  Tagen gewertet (1m/5m/15m)     5659 Signale  315 ms lesen  17592 ms rechnen
2026-09-07T22:14:13.602Z  BTI/2017        roh          93558 reg. Kerzen    0/251/251 von 251  Tagen gewertet (1m/5m/15m)     5686 Signale  436 ms lesen  19126 ms rechnen
2026-09-07T22:14:34.623Z  BTI/2018        roh          95094 reg. Kerzen    0/251/251 von 251  Tagen gewertet (1m/5m/15m)     6233 Signale  259 ms lesen  20307 ms rechnen
2026-09-07T22:14:55.853Z  BTI/2019        roh          95269 reg. Kerzen    0/252/252 von 252  Tagen gewertet (1m/5m/15m)     6128 Signale  261 ms lesen  20526 ms rechnen
2026-09-07T22:15:18.489Z  BTI/2020        roh          96661 reg. Kerzen    0/253/253 von 253  Tagen gewertet (1m/5m/15m)     6357 Signale  404 ms lesen  21741 ms rechnen
2026-09-07T22:15:40.465Z  BTI/2021        roh          95849 reg. Kerzen    0/250/250 von 252  Tagen gewertet (1m/5m/15m)     5819 Signale  378 ms lesen  21142 ms rechnen
2026-09-07T22:16:02.708Z  BTI/2022        roh          96486 reg. Kerzen    0/249/249 von 251  Tagen gewertet (1m/5m/15m)     6064 Signale  400 ms lesen  21280 ms rechnen
2026-09-07T22:16:23.125Z  BTI/2023        roh          96548 reg. Kerzen    0/250/250 von 250  Tagen gewertet (1m/5m/15m)     5736 Signale  431 ms lesen  19378 ms rechnen
2026-09-07T22:16:44.235Z  BTI/2024        roh          97128 reg. Kerzen    0/252/252 von 252  Tagen gewertet (1m/5m/15m)     5713 Signale  475 ms lesen  20196 ms rechnen
2026-09-07T22:17:03.589Z  BTI/2025        roh          96633 reg. Kerzen    0/250/250 von 250  Tagen gewertet (1m/5m/15m)     5895 Signale  210 ms lesen  18690 ms rechnen
2026-09-07T22:17:18.373Z  BTI/2026        roh          64578 reg. Kerzen    0/166/166 von 166  Tagen gewertet (1m/5m/15m)     4220 Signale  258 ms lesen  14072 ms rechnen
2026-09-07T22:17:23.327Z  BTU/2016        roh          24292 reg. Kerzen      0/36/36 von 69   Tagen gewertet (1m/5m/15m)      996 Signale  130 ms lesen  4503 ms rechnen
2026-09-07T22:17:41.244Z  BTU/2017        roh          64540 reg. Kerzen    0/188/188 von 188  Tagen gewertet (1m/5m/15m)     4837 Signale  191 ms lesen  17539 ms rechnen
2026-09-07T22:18:07.575Z  BTU/2018        roh          89825 reg. Kerzen    0/251/251 von 251  Tagen gewertet (1m/5m/15m)     6530 Signale  435 ms lesen  25519 ms rechnen
2026-09-07T22:18:35.113Z  BTU/2019        roh          88032 reg. Kerzen    0/252/252 von 252  Tagen gewertet (1m/5m/15m)     6709 Signale  371 ms lesen  26434 ms rechnen
2026-09-07T22:18:55.817Z  BTU/2020        roh          91268 reg. Kerzen    0/171/171 von 253  Tagen gewertet (1m/5m/15m)     4716 Signale  299 ms lesen  19978 ms rechnen
2026-09-07T22:19:28.511Z  BTU/2021        roh          95543 reg. Kerzen    0/250/250 von 252  Tagen gewertet (1m/5m/15m)     6955 Signale  444 ms lesen  31822 ms rechnen
2026-09-07T22:19:58.162Z  BTU/2022        roh          96849 reg. Kerzen    0/249/249 von 251  Tagen gewertet (1m/5m/15m)     6900 Signale  357 ms lesen  28780 ms rechnen
2026-09-07T22:20:24.869Z  BTU/2023        roh          96510 reg. Kerzen    0/250/250 von 250  Tagen gewertet (1m/5m/15m)     6651 Signale  211 ms lesen  25982 ms rechnen
2026-09-07T22:20:50.424Z  BTU/2024        roh          95714 reg. Kerzen    0/252/252 von 252  Tagen gewertet (1m/5m/15m)     6555 Signale  222 ms lesen  24860 ms rechnen
2026-09-07T22:21:18.163Z  BTU/2025        roh          95932 reg. Kerzen    0/250/250 von 250  Tagen gewertet (1m/5m/15m)     6752 Signale  332 ms lesen  26797 ms rechnen
2026-09-07T22:21:36.633Z  BTU/2026        roh          63318 reg. Kerzen    0/166/166 von 166  Tagen gewertet (1m/5m/15m)     4491 Signale  361 ms lesen  17561 ms rechnen
2026-09-07T22:21:37.759Z  BUSE/2016       roh          38080 reg. Kerzen        0/0/0 von 252  Tagen gewertet (1m/5m/15m)        0 Signale  173 ms lesen  561 ms rechnen
2026-09-07T22:21:38.662Z  BUSE/2017       roh          40296 reg. Kerzen        0/0/0 von 251  Tagen gewertet (1m/5m/15m)        0 Signale  238 ms lesen  455 ms rechnen
2026-09-07T22:21:39.554Z  BUSE/2018       roh          41308 reg. Kerzen        0/0/0 von 251  Tagen gewertet (1m/5m/15m)        0 Signale  149 ms lesen  543 ms rechnen
2026-09-07T22:21:40.554Z  BUSE/2019       roh          40141 reg. Kerzen        0/0/0 von 252  Tagen gewertet (1m/5m/15m)        0 Signale  161 ms lesen  498 ms rechnen
2026-09-07T22:21:41.516Z  BUSE/2020       roh          45004 reg. Kerzen        0/0/0 von 253  Tagen gewertet (1m/5m/15m)        0 Signale  242 ms lesen  535 ms rechnen
2026-09-07T22:21:42.410Z  BUSE/2021       roh          39700 reg. Kerzen        0/0/0 von 252  Tagen gewertet (1m/5m/15m)        0 Signale  105 ms lesen  533 ms rechnen
2026-09-07T22:21:43.129Z  BUSE/2022       roh          37531 reg. Kerzen        0/0/0 von 251  Tagen gewertet (1m/5m/15m)        0 Signale  84 ms lesen  461 ms rechnen
2026-09-07T22:21:44.096Z  BUSE/2023       roh          36630 reg. Kerzen        0/0/0 von 250  Tagen gewertet (1m/5m/15m)        0 Signale  102 ms lesen  611 ms rechnen
2026-09-07T22:21:47.815Z  BUSE/2024       roh          39807 reg. Kerzen      0/30/33 von 252  Tagen gewertet (1m/5m/15m)      803 Signale  318 ms lesen  3184 ms rechnen
2026-09-07T22:22:09.942Z  BUSE/2025       roh          58383 reg. Kerzen    0/231/231 von 250  Tagen gewertet (1m/5m/15m)     5786 Signale  314 ms lesen  21622 ms rechnen
2026-09-07T22:22:25.199Z  BUSE/2026       roh          49391 reg. Kerzen    0/166/166 von 166  Tagen gewertet (1m/5m/15m)     4186 Signale  343 ms lesen  14640 ms rechnen
2026-09-07T22:22:25.514Z  BWAC/2020       roh            181 reg. Kerzen        0/0/0 von 4    Tagen gewertet (1m/5m/15m)        0 Signale  11 ms lesen  3 ms rechnen
2026-09-07T22:22:25.695Z  BWAC/2021       roh          10857 reg. Kerzen        0/0/0 von 251  Tagen gewertet (1m/5m/15m)        0 Signale  46 ms lesen  133 ms rechnen
2026-09-07T22:22:25.813Z  BWAC/2022       roh           2221 reg. Kerzen        0/0/0 von 226  Tagen gewertet (1m/5m/15m)        0 Signale  31 ms lesen  40 ms rechnen
2026-09-07T22:22:25.850Z  BWAC/2023       roh            402 reg. Kerzen        0/0/0 von 90   Tagen gewertet (1m/5m/15m)        0 Signale  13 ms lesen  12 ms rechnen
2026-09-07T22:22:27.990Z  BWLP/2024       roh          34626 reg. Kerzen      0/22/22 von 171  Tagen gewertet (1m/5m/15m)      562 Signale  89 ms lesen  2011 ms rechnen
2026-09-07T22:22:34.575Z  BWLP/2025       roh          58465 reg. Kerzen      0/66/67 von 250  Tagen gewertet (1m/5m/15m)     1733 Signale  178 ms lesen  6264 ms rechnen
2026-09-07T22:22:48.263Z  BWLP/2026       roh          37387 reg. Kerzen    0/131/135 von 166  Tagen gewertet (1m/5m/15m)     3481 Signale  205 ms lesen  13236 ms rechnen
2026-09-07T22:22:48.585Z  BXG/2017        roh           4227 reg. Kerzen        0/0/0 von 29   Tagen gewertet (1m/5m/15m)        0 Signale  47 ms lesen  60 ms rechnen
2026-09-07T22:22:48.999Z  BXG/2018        roh          25638 reg. Kerzen        0/0/0 von 251  Tagen gewertet (1m/5m/15m)        0 Signale  102 ms lesen  294 ms rechnen
2026-09-07T22:22:50.082Z  BXG/2019        roh          25071 reg. Kerzen        0/3/7 von 252  Tagen gewertet (1m/5m/15m)      122 Signale  171 ms lesen  795 ms rechnen
2026-09-07T22:22:50.592Z  BXG/2020        roh          19932 reg. Kerzen        0/0/0 von 253  Tagen gewertet (1m/5m/15m)        0 Signale  115 ms lesen  240 ms rechnen
2026-09-07T22:22:50.818Z  BXG/2021        roh           3938 reg. Kerzen        0/0/0 von 85   Tagen gewertet (1m/5m/15m)        0 Signale  61 ms lesen  61 ms rechnen
2026-09-07T22:22:50.912Z  BYBK/2016       roh           2665 reg. Kerzen        0/0/0 von 218  Tagen gewertet (1m/5m/15m)        0 Signale  28 ms lesen  40 ms rechnen
2026-09-07T22:22:51.042Z  BYBK/2017       roh           3606 reg. Kerzen        0/0/0 von 242  Tagen gewertet (1m/5m/15m)        0 Signale  59 ms lesen  57 ms rechnen
2026-09-07T22:22:51.137Z  BYBK/2018       roh            801 reg. Kerzen        0/0/0 von 71   Tagen gewertet (1m/5m/15m)        0 Signale  56 ms lesen  13 ms rechnen
2026-09-07T22:22:51.243Z  BYU/2023        roh           4980 reg. Kerzen        0/0/0 von 43   Tagen gewertet (1m/5m/15m)        0 Signale  32 ms lesen  50 ms rechnen
2026-09-07T22:22:51.489Z  BYU/2024        roh          15234 reg. Kerzen        0/0/0 von 202  Tagen gewertet (1m/5m/15m)        0 Signale  56 ms lesen  168 ms rechnen
2026-09-07T22:23:12.384Z  CACC/2016       roh          50928 reg. Kerzen    0/201/232 von 252  Tagen gewertet (1m/5m/15m)     5599 Signale  168 ms lesen  20648 ms rechnen
2026-09-07T22:23:34.499Z  CACC/2017       roh          50982 reg. Kerzen    0/229/251 von 251  Tagen gewertet (1m/5m/15m)     6114 Signale  175 ms lesen  21651 ms rechnen
2026-09-07T22:23:48.624Z  CACC/2018       roh          34955 reg. Kerzen    0/116/246 von 251  Tagen gewertet (1m/5m/15m)     4147 Signale  190 ms lesen  13635 ms rechnen
2026-09-07T22:24:00.413Z  CACC/2019       roh          33056 reg. Kerzen     0/91/242 von 252  Tagen gewertet (1m/5m/15m)     3679 Signale  143 ms lesen  11486 ms rechnen
2026-09-07T22:24:20.506Z  CACC/2020       roh          49443 reg. Kerzen    0/197/253 von 253  Tagen gewertet (1m/5m/15m)     5850 Signale  238 ms lesen  19640 ms rechnen
2026-09-07T22:24:36.143Z  CACC/2021       roh          35178 reg. Kerzen    0/129/249 von 252  Tagen gewertet (1m/5m/15m)     4398 Signale  124 ms lesen  15246 ms rechnen
2026-09-07T22:24:46.327Z  CACC/2022       roh          26807 reg. Kerzen     0/62/227 von 251  Tagen gewertet (1m/5m/15m)     3140 Signale  83 ms lesen  9933 ms rechnen
2026-09-07T22:24:54.217Z  CACC/2023       roh          22581 reg. Kerzen     0/41/185 von 250  Tagen gewertet (1m/5m/15m)     2322 Signale  65 ms lesen  7673 ms rechnen
2026-09-07T22:24:57.901Z  CACC/2024       roh          15120 reg. Kerzen      0/6/130 von 252  Tagen gewertet (1m/5m/15m)     1233 Signale  124 ms lesen  3421 ms rechnen
2026-09-07T22:25:06.854Z  CACC/2025       roh          25702 reg. Kerzen     0/56/201 von 250  Tagen gewertet (1m/5m/15m)     2741 Signale  60 ms lesen  8826 ms rechnen
2026-09-07T22:25:21.378Z  CACC/2026       roh          32816 reg. Kerzen    0/143/166 von 166  Tagen gewertet (1m/5m/15m)     4011 Signale  106 ms lesen  14303 ms rechnen
2026-09-07T22:25:22.418Z  CAFD/2016       roh          46712 reg. Kerzen        0/0/0 von 252  Tagen gewertet (1m/5m/15m)        0 Signale  170 ms lesen  643 ms rechnen
2026-09-07T22:25:24.749Z  CAFD/2017       roh          48319 reg. Kerzen      0/13/13 von 251  Tagen gewertet (1m/5m/15m)      355 Signale  253 ms lesen  1883 ms rechnen
2026-09-07T22:25:25.254Z  CAFD/2018       roh          18409 reg. Kerzen        0/0/0 von 117  Tagen gewertet (1m/5m/15m)        0 Signale  54 ms lesen  238 ms rechnen
2026-09-07T22:25:25.888Z  CALA/2016       bereinigt    36691 reg. Kerzen        0/0/0 von 252  Tagen gewertet (1m/5m/15m)        0 Signale  183 ms lesen  361 ms rechnen
2026-09-07T22:25:48.528Z  CALA/2017       bereinigt    70918 reg. Kerzen    0/189/189 von 251  Tagen gewertet (1m/5m/15m)     5226 Signale  273 ms lesen  22176 ms rechnen
2026-09-07T22:25:49.923Z  CALA/2018       bereinigt    59876 reg. Kerzen        0/0/0 von 251  Tagen gewertet (1m/5m/15m)        0 Signale  399 ms lesen  633 ms rechnen
2026-09-07T22:25:51.240Z  CALA/2019       bereinigt    48549 reg. Kerzen        0/0/0 von 252  Tagen gewertet (1m/5m/15m)        0 Signale  224 ms lesen  818 ms rechnen
2026-09-07T22:25:55.082Z  CALA/2020       bereinigt    68277 reg. Kerzen      0/21/21 von 253  Tagen gewertet (1m/5m/15m)      586 Signale  371 ms lesen  3173 ms rechnen
2026-09-07T22:25:59.056Z  CALA/2021       bereinigt    71681 reg. Kerzen      0/22/22 von 252  Tagen gewertet (1m/5m/15m)      602 Signale  274 ms lesen  3245 ms rechnen
2026-09-07T22:25:59.943Z  CALA/2022       bereinigt    34501 reg. Kerzen        0/0/0 von 251  Tagen gewertet (1m/5m/15m)        0 Signale  140 ms lesen  406 ms rechnen
2026-09-07T22:26:00.169Z  CALA/2023       roh           3067 reg. Kerzen        0/0/0 von 21   Tagen gewertet (1m/5m/15m)        0 Signale  22 ms lesen  38 ms rechnen
2026-09-07T22:26:00.185Z  AUSGELASSEN CALA/2024: Datei fehlt
2026-09-07T22:26:00.296Z  AUSGELASSEN CALA/2025: Datei fehlt
2026-09-07T22:26:03.012Z  CANO/2020       bereinigt    20060 reg. Kerzen      0/24/24 von 126  Tagen gewertet (1m/5m/15m)      603 Signale  73 ms lesen  2626 ms rechnen
2026-09-07T22:26:30.536Z  CANO/2021       bereinigt    80342 reg. Kerzen    0/247/250 von 252  Tagen gewertet (1m/5m/15m)     6702 Signale  273 ms lesen  27137 ms rechnen
2026-09-07T22:26:59.457Z  CANO/2022       bereinigt    94867 reg. Kerzen    0/248/248 von 251  Tagen gewertet (1m/5m/15m)     6776 Signale  461 ms lesen  27972 ms rechnen
2026-09-07T22:27:13.110Z  CANO/2023       bereinigt    85152 reg. Kerzen    0/105/105 von 250  Tagen gewertet (1m/5m/15m)     2853 Signale  266 ms lesen  12916 ms rechnen
2026-09-07T22:27:13.642Z  CANO/2024       roh           4823 reg. Kerzen        0/0/0 von 23   Tagen gewertet (1m/5m/15m)        0 Signale  61 ms lesen  69 ms rechnen
2026-09-07T22:27:17.377Z  CARG/2017       roh          12748 reg. Kerzen      0/34/35 von 55   Tagen gewertet (1m/5m/15m)      888 Signale  114 ms lesen  3598 ms rechnen
2026-09-07T22:27:37.639Z  CARG/2018       roh          69170 reg. Kerzen    0/185/190 von 251  Tagen gewertet (1m/5m/15m)     5047 Signale  308 ms lesen  19888 ms rechnen
2026-09-07T22:28:04.551Z  CARG/2019       roh          85259 reg. Kerzen    0/252/252 von 252  Tagen gewertet (1m/5m/15m)     6627 Signale  335 ms lesen  26217 ms rechnen
2026-09-07T22:28:32.773Z  CARG/2020       roh          91516 reg. Kerzen    0/253/253 von 253  Tagen gewertet (1m/5m/15m)     6790 Signale  428 ms lesen  26942 ms rechnen
2026-09-07T22:29:00.207Z  CARG/2021       roh          88367 reg. Kerzen    0/252/252 von 252  Tagen gewertet (1m/5m/15m)     6788 Signale  192 ms lesen  26825 ms rechnen
2026-09-07T22:29:29.611Z  CARG/2022       roh          89237 reg. Kerzen    0/251/251 von 251  Tagen gewertet (1m/5m/15m)     6836 Signale  259 ms lesen  28727 ms rechnen
2026-09-07T22:29:55.674Z  CARG/2023       roh          89361 reg. Kerzen    0/250/250 von 250  Tagen gewertet (1m/5m/15m)     6666 Signale  286 ms lesen  25404 ms rechnen
2026-09-07T22:30:21.076Z  CARG/2024       roh          78461 reg. Kerzen    0/252/252 von 252  Tagen gewertet (1m/5m/15m)     6602 Signale  402 ms lesen  24570 ms rechnen
2026-09-07T22:30:46.273Z  CARG/2025       roh          80681 reg. Kerzen    0/250/250 von 250  Tagen gewertet (1m/5m/15m)     6536 Signale  301 ms lesen  24459 ms rechnen
2026-09-07T22:31:03.936Z  CARG/2026       roh          55031 reg. Kerzen    0/166/166 von 166  Tagen gewertet (1m/5m/15m)     4427 Signale  206 ms lesen  17100 ms rechnen
2026-09-07T22:31:04.694Z  CASC/2016       bereinigt    33136 reg. Kerzen        0/0/0 von 143  Tagen gewertet (1m/5m/15m)        0 Signale  121 ms lesen  302 ms rechnen
2026-09-07T22:31:05.620Z  CASC/2017       roh          50415 reg. Kerzen        0/0/0 von 251  Tagen gewertet (1m/5m/15m)        0 Signale  198 ms lesen  580 ms rechnen
2026-09-07T22:31:07.196Z  CASC/2018       roh          12685 reg. Kerzen      0/16/16 von 46   Tagen gewertet (1m/5m/15m)      211 Signale  176 ms lesen  1117 ms rechnen
2026-09-07T22:31:07.330Z  CATC/2017       roh            372 reg. Kerzen        0/0/0 von 42   Tagen gewertet (1m/5m/15m)        0 Signale  11 ms lesen  11 ms rechnen
2026-09-07T22:31:07.403Z  CATC/2018       roh           3283 reg. Kerzen        0/0/0 von 248  Tagen gewertet (1m/5m/15m)        0 Signale  31 ms lesen  38 ms rechnen
2026-09-07T22:31:07.531Z  CATC/2019       roh           3006 reg. Kerzen        0/0/0 von 240  Tagen gewertet (1m/5m/15m)        0 Signale  41 ms lesen  71 ms rechnen
2026-09-07T22:31:07.761Z  CATC/2020       roh           6690 reg. Kerzen        0/0/0 von 252  Tagen gewertet (1m/5m/15m)        0 Signale  50 ms lesen  162 ms rechnen
2026-09-07T22:31:07.917Z  CATC/2021       roh           4494 reg. Kerzen        0/0/0 von 251  Tagen gewertet (1m/5m/15m)        0 Signale  46 ms lesen  77 ms rechnen
2026-09-07T22:31:08.073Z  CATC/2022       roh           4496 reg. Kerzen        0/0/0 von 250  Tagen gewertet (1m/5m/15m)        0 Signale  28 ms lesen  106 ms rechnen
2026-09-07T22:31:08.816Z  CATC/2023       roh          16659 reg. Kerzen       0/1/10 von 250  Tagen gewertet (1m/5m/15m)      102 Signale  145 ms lesen  578 ms rechnen
2026-09-07T22:31:09.013Z  CATC/2024       roh           4572 reg. Kerzen        0/0/0 von 133  Tagen gewertet (1m/5m/15m)        0 Signale  29 ms lesen  70 ms rechnen
2026-09-07T22:31:09.102Z  CAW/2016        roh           2237 reg. Kerzen        0/0/0 von 252  Tagen gewertet (1m/5m/15m)        0 Signale  18 ms lesen  45 ms rechnen
2026-09-07T22:31:09.201Z  CAW/2017        roh           2095 reg. Kerzen        0/0/0 von 240  Tagen gewertet (1m/5m/15m)        0 Signale  41 ms lesen  47 ms rechnen
2026-09-07T22:31:09.263Z  CAW/2018        roh           1842 reg. Kerzen        0/0/0 von 237  Tagen gewertet (1m/5m/15m)        0 Signale  18 ms lesen  32 ms rechnen
2026-09-07T22:31:09.397Z  CAW/2019        roh           3317 reg. Kerzen        0/0/0 von 70   Tagen gewertet (1m/5m/15m)        0 Signale  83 ms lesen  42 ms rechnen
2026-09-07T22:31:09.536Z  CBLI/2016       roh           5881 reg. Kerzen        0/0/0 von 252  Tagen gewertet (1m/5m/15m)        0 Signale  34 ms lesen  72 ms rechnen
2026-09-07T22:31:09.826Z  CBLI/2017       roh          14444 reg. Kerzen        0/0/0 von 251  Tagen gewertet (1m/5m/15m)        0 Signale  62 ms lesen  192 ms rechnen
2026-09-07T22:31:10.005Z  CBLI/2018       roh           3641 reg. Kerzen        0/0/0 von 249  Tagen gewertet (1m/5m/15m)        0 Signale  33 ms lesen  76 ms rechnen
2026-09-07T22:31:10.101Z  CBLI/2019       roh           3397 reg. Kerzen        0/0/0 von 250  Tagen gewertet (1m/5m/15m)        0 Signale  24 ms lesen  53 ms rechnen
2026-09-07T22:31:10.620Z  CBLI/2020       roh          35138 reg. Kerzen        0/0/0 von 253  Tagen gewertet (1m/5m/15m)        0 Signale  100 ms lesen  400 ms rechnen
2026-09-07T22:31:11.276Z  CBLI/2021       roh          23307 reg. Kerzen        0/0/0 von 167  Tagen gewertet (1m/5m/15m)        0 Signale  151 ms lesen  356 ms rechnen
2026-09-07T22:31:28.236Z  CBPX/2016       roh          69199 reg. Kerzen    0/157/157 von 252  Tagen gewertet (1m/5m/15m)     4046 Signale  346 ms lesen  16509 ms rechnen
2026-09-07T22:31:48.743Z  CBPX/2017       roh          60482 reg. Kerzen    0/205/208 von 251  Tagen gewertet (1m/5m/15m)     5382 Signale  273 ms lesen  19873 ms rechnen
2026-09-07T22:32:04.312Z  CBPX/2018       roh          61366 reg. Kerzen    0/144/144 von 251  Tagen gewertet (1m/5m/15m)     3775 Signale  219 ms lesen  15021 ms rechnen
2026-09-07T22:32:21.041Z  CBPX/2019       roh          63946 reg. Kerzen    0/174/174 von 252  Tagen gewertet (1m/5m/15m)     4272 Signale  351 ms lesen  16088 ms rechnen
2026-09-07T22:32:22.969Z  CBPX/2020       roh           5204 reg. Kerzen      0/21/21 von 21   Tagen gewertet (1m/5m/15m)      324 Signale  33 ms lesen  1506 ms rechnen
2026-09-07T22:32:23.103Z  CBTX/2017       roh           3845 reg. Kerzen        0/0/0 von 36   Tagen gewertet (1m/5m/15m)        0 Signale  41 ms lesen  60 ms rechnen
2026-09-07T22:32:23.511Z  CBTX/2018       roh          23303 reg. Kerzen        0/0/0 von 251  Tagen gewertet (1m/5m/15m)        0 Signale  88 ms lesen  303 ms rechnen
2026-09-07T22:32:23.970Z  CBTX/2019       roh          12834 reg. Kerzen        0/0/0 von 252  Tagen gewertet (1m/5m/15m)        0 Signale  68 ms lesen  263 ms rechnen
2026-09-07T22:32:24.426Z  CBTX/2020       roh          20778 reg. Kerzen        0/0/0 von 253  Tagen gewertet (1m/5m/15m)        0 Signale  141 ms lesen  254 ms rechnen
2026-09-07T22:32:24.855Z  CBTX/2021       roh          14822 reg. Kerzen        0/0/0 von 252  Tagen gewertet (1m/5m/15m)        0 Signale  108 ms lesen  166 ms rechnen
2026-09-07T22:32:25.813Z  CBTX/2022       roh          22431 reg. Kerzen        0/2/2 von 188  Tagen gewertet (1m/5m/15m)       54 Signale  161 ms lesen  723 ms rechnen
2026-09-07T22:32:26.399Z  CCCL/2016       bereinigt     9960 reg. Kerzen        0/0/0 von 252  Tagen gewertet (1m/5m/15m)        0 Signale  154 ms lesen  203 ms rechnen
2026-09-07T22:32:26.656Z  CCCL/2017       bereinigt     7877 reg. Kerzen        0/0/0 von 251  Tagen gewertet (1m/5m/15m)        0 Signale  102 ms lesen  88 ms rechnen
2026-09-07T22:32:26.945Z  CCCL/2018       bereinigt    12087 reg. Kerzen        0/0/0 von 250  Tagen gewertet (1m/5m/15m)        0 Signale  123 ms lesen  131 ms rechnen
2026-09-07T22:32:27.356Z  CCCL/2019       bereinigt    17370 reg. Kerzen        0/0/0 von 252  Tagen gewertet (1m/5m/15m)        0 Signale  124 ms lesen  236 ms rechnen
2026-09-07T22:32:27.858Z  CCCL/2020       bereinigt    17396 reg. Kerzen        0/0/0 von 199  Tagen gewertet (1m/5m/15m)        0 Signale  153 ms lesen  246 ms rechnen
2026-09-07T22:32:47.883Z  CCI/2016        roh          97381 reg. Kerzen    0/232/232 von 252  Tagen gewertet (1m/5m/15m)     5387 Signale  241 ms lesen  19674 ms rechnen
2026-09-07T22:33:09.672Z  CCI/2017        roh          95958 reg. Kerzen    0/251/251 von 251  Tagen gewertet (1m/5m/15m)     5759 Signale  378 ms lesen  20929 ms rechnen
2026-09-07T22:33:33.731Z  CCI/2018        roh          96176 reg. Kerzen    0/251/251 von 251  Tagen gewertet (1m/5m/15m)     6030 Signale  346 ms lesen  23186 ms rechnen
2026-09-07T22:33:56.827Z  CCI/2019        roh          96803 reg. Kerzen    0/252/252 von 252  Tagen gewertet (1m/5m/15m)     5821 Signale  413 ms lesen  22185 ms rechnen
2026-09-07T22:34:00.721Z  CHECKPOINT 1000 Dateien, 239 min, Detektorfehler {}
2026-09-07T22:34:24.653Z  CCI/2020        roh          97459 reg. Kerzen    0/253/253 von 253  Tagen gewertet (1m/5m/15m)     6466 Signale  442 ms lesen  23485 ms rechnen
2026-09-07T22:34:46.356Z  CCI/2021        roh          95077 reg. Kerzen    0/250/250 von 252  Tagen gewertet (1m/5m/15m)     5949 Signale  287 ms lesen  20942 ms rechnen
2026-09-07T22:35:10.569Z  CCI/2022        roh          95579 reg. Kerzen    0/249/249 von 251  Tagen gewertet (1m/5m/15m)     6377 Signale  349 ms lesen  23450 ms rechnen
2026-09-07T22:35:34.453Z  CCI/2023        roh          96720 reg. Kerzen    0/250/250 von 250  Tagen gewertet (1m/5m/15m)     6311 Signale  287 ms lesen  23140 ms rechnen
2026-09-07T22:35:56.966Z  CCI/2024        roh          96700 reg. Kerzen    0/252/252 von 252  Tagen gewertet (1m/5m/15m)     6136 Signale  308 ms lesen  21757 ms rechnen
2026-09-07T22:36:21.172Z  CCI/2025        roh          96008 reg. Kerzen    0/250/250 von 250  Tagen gewertet (1m/5m/15m)     6120 Signale  623 ms lesen  22721 ms rechnen
2026-09-07T22:36:38.225Z  CCI/2026        roh          64140 reg. Kerzen    0/166/166 von 166  Tagen gewertet (1m/5m/15m)     4324 Signale  250 ms lesen  16356 ms rechnen
2026-09-07T22:36:38.969Z  CCLP/2016       roh          24298 reg. Kerzen        0/0/0 von 252  Tagen gewertet (1m/5m/15m)        0 Signale  181 ms lesen  257 ms rechnen
2026-09-07T22:36:39.642Z  CCLP/2017       roh          36762 reg. Kerzen        0/0/0 von 251  Tagen gewertet (1m/5m/15m)        0 Signale  112 ms lesen  445 ms rechnen
2026-09-07T22:36:40.396Z  CCLP/2018       roh          37519 reg. Kerzen        0/0/0 von 251  Tagen gewertet (1m/5m/15m)        0 Signale  138 ms lesen  417 ms rechnen
2026-09-07T22:36:40.952Z  CCLP/2019       roh          18300 reg. Kerzen        0/0/0 von 252  Tagen gewertet (1m/5m/15m)        0 Signale  107 ms lesen  277 ms rechnen
2026-09-07T22:36:41.312Z  CCLP/2020       roh          19397 reg. Kerzen        0/0/0 von 253  Tagen gewertet (1m/5m/15m)        0 Signale  72 ms lesen  204 ms rechnen
2026-09-07T22:36:41.638Z  CCLP/2021       roh          12366 reg. Kerzen        0/0/0 von 252  Tagen gewertet (1m/5m/15m)        0 Signale  74 ms lesen  171 ms rechnen
2026-09-07T22:36:41.918Z  CCLP/2022       roh          10027 reg. Kerzen        0/0/0 von 251  Tagen gewertet (1m/5m/15m)        0 Signale  66 ms lesen  156 ms rechnen
2026-09-07T22:36:42.293Z  CCLP/2023       roh          13188 reg. Kerzen        0/0/0 von 250  Tagen gewertet (1m/5m/15m)        0 Signale  66 ms lesen  257 ms rechnen
2026-09-07T22:36:42.459Z  CCLP/2024       roh           4474 reg. Kerzen        0/0/0 von 62   Tagen gewertet (1m/5m/15m)        0 Signale  29 ms lesen  77 ms rechnen
2026-09-07T22:36:42.521Z  CCRD/2021       roh             95 reg. Kerzen        0/0/0 von 3    Tagen gewertet (1m/5m/15m)        0 Signale  15 ms lesen  7 ms rechnen
2026-09-07T22:36:42.820Z  CCRD/2022       roh          14163 reg. Kerzen        0/0/0 von 251  Tagen gewertet (1m/5m/15m)        0 Signale  57 ms lesen  240 ms rechnen
2026-09-07T22:36:43.118Z  CCRD/2023       roh          10437 reg. Kerzen        0/0/0 von 250  Tagen gewertet (1m/5m/15m)        0 Signale  96 ms lesen  148 ms rechnen
2026-09-07T22:36:43.383Z  CCRD/2024       roh          12040 reg. Kerzen        0/0/0 von 252  Tagen gewertet (1m/5m/15m)        0 Signale  41 ms lesen  175 ms rechnen
2026-09-07T22:36:43.747Z  CCRD/2025       roh          12240 reg. Kerzen        0/0/0 von 208  Tagen gewertet (1m/5m/15m)        0 Signale  121 ms lesen  182 ms rechnen
2026-09-07T22:36:44.009Z  CCVI/2021       roh           6196 reg. Kerzen        0/0/0 von 190  Tagen gewertet (1m/5m/15m)        0 Signale  75 ms lesen  107 ms rechnen
2026-09-07T22:36:44.163Z  CCVI/2022       roh           5404 reg. Kerzen        0/0/0 von 248  Tagen gewertet (1m/5m/15m)        0 Signale  29 ms lesen  84 ms rechnen
2026-09-07T22:36:44.284Z  CCVI/2023       roh           4240 reg. Kerzen        0/0/0 von 223  Tagen gewertet (1m/5m/15m)        0 Signale  28 ms lesen  68 ms rechnen
2026-09-07T22:36:44.883Z  CDI/2016        roh          32365 reg. Kerzen        0/0/0 von 252  Tagen gewertet (1m/5m/15m)        0 Signale  120 ms lesen  455 ms rechnen
2026-09-07T22:36:45.445Z  CDI/2017        roh          14772 reg. Kerzen        0/0/0 von 175  Tagen gewertet (1m/5m/15m)        0 Signale  158 ms lesen  258 ms rechnen
2026-09-07T22:36:45.670Z  CDRE/2021       roh           6064 reg. Kerzen        0/0/0 von 40   Tagen gewertet (1m/5m/15m)        0 Signale  33 ms lesen  61 ms rechnen
2026-09-07T22:36:48.118Z  CDRE/2022       roh          32956 reg. Kerzen      0/18/20 von 250  Tagen gewertet (1m/5m/15m)      504 Signale  123 ms lesen  2289 ms rechnen
2026-09-07T22:36:49.255Z  CDRE/2023       roh          26367 reg. Kerzen        0/4/6 von 250  Tagen gewertet (1m/5m/15m)      136 Signale  234 ms lesen  773 ms rechnen
2026-09-07T22:36:56.449Z  CDRE/2024       roh          40130 reg. Kerzen      0/68/84 von 252  Tagen gewertet (1m/5m/15m)     1900 Signale  123 ms lesen  6935 ms rechnen
2026-09-07T22:37:14.764Z  CDRE/2025       roh          42747 reg. Kerzen    0/172/210 von 250  Tagen gewertet (1m/5m/15m)     4766 Signale  133 ms lesen  17944 ms rechnen
2026-09-07T22:37:30.263Z  CDRE/2026       roh          31712 reg. Kerzen    0/149/166 von 166  Tagen gewertet (1m/5m/15m)     4194 Signale  143 ms lesen  15148 ms rechnen
2026-09-07T22:37:50.857Z  CEB/2016        roh          52381 reg. Kerzen    0/226/232 von 252  Tagen gewertet (1m/5m/15m)     5852 Signale  342 ms lesen  19863 ms rechnen
2026-09-07T22:37:55.338Z  CEB/2017        roh          16829 reg. Kerzen      0/63/64 von 64   Tagen gewertet (1m/5m/15m)     1165 Signale  118 ms lesen  4093 ms rechnen
2026-09-07T22:37:55.927Z  CELL/2023       roh          33457 reg. Kerzen        0/0/0 von 133  Tagen gewertet (1m/5m/15m)        0 Signale  149 ms lesen  295 ms rechnen
2026-09-07T22:38:15.153Z  CEO/2016        roh          48968 reg. Kerzen    0/212/232 von 252  Tagen gewertet (1m/5m/15m)     5669 Signale  165 ms lesen  18903 ms rechnen
2026-09-07T22:38:31.686Z  CEO/2017        roh          45447 reg. Kerzen    0/219/251 von 251  Tagen gewertet (1m/5m/15m)     5269 Signale  119 ms lesen  16215 ms rechnen
2026-09-07T22:38:52.093Z  CEO/2018        roh          45507 reg. Kerzen    0/232/251 von 251  Tagen gewertet (1m/5m/15m)     6121 Signale  206 ms lesen  19986 ms rechnen
2026-09-07T22:39:08.076Z  CEO/2019        roh          36698 reg. Kerzen    0/176/252 von 252  Tagen gewertet (1m/5m/15m)     5018 Signale  116 ms lesen  15646 ms rechnen
2026-09-07T22:39:31.104Z  CEO/2020        roh          51989 reg. Kerzen    0/241/253 von 253  Tagen gewertet (1m/5m/15m)     6413 Signale  238 ms lesen  22509 ms rechnen
2026-09-07T22:39:33.102Z  CEO/2021        roh           7220 reg. Kerzen      0/18/26 von 44   Tagen gewertet (1m/5m/15m)      532 Signale  35 ms lesen  1733 ms rechnen
2026-09-07T22:39:33.322Z  CERT/2020       roh           4502 reg. Kerzen        0/0/0 von 14   Tagen gewertet (1m/5m/15m)        0 Signale  103 ms lesen  47 ms rechnen
2026-09-07T22:40:00.653Z  CERT/2021       roh          72163 reg. Kerzen    0/246/246 von 252  Tagen gewertet (1m/5m/15m)     6629 Signale  203 ms lesen  27108 ms rechnen
2026-09-07T22:40:28.906Z  CERT/2022       roh          79189 reg. Kerzen    0/251/251 von 251  Tagen gewertet (1m/5m/15m)     6815 Signale  224 ms lesen  27683 ms rechnen
2026-09-07T22:40:55.458Z  CERT/2023       roh          79611 reg. Kerzen    0/250/250 von 250  Tagen gewertet (1m/5m/15m)     6719 Signale  340 ms lesen  25816 ms rechnen
2026-09-07T22:41:22.212Z  CERT/2024       roh          74204 reg. Kerzen    0/252/252 von 252  Tagen gewertet (1m/5m/15m)     6880 Signale  240 ms lesen  26102 ms rechnen
2026-09-07T22:41:50.786Z  CERT/2025       roh          87888 reg. Kerzen    0/250/250 von 250  Tagen gewertet (1m/5m/15m)     6775 Signale  206 ms lesen  27971 ms rechnen
2026-09-07T22:42:09.514Z  CERT/2026       roh          62153 reg. Kerzen    0/166/166 von 166  Tagen gewertet (1m/5m/15m)     4520 Signale  247 ms lesen  17957 ms rechnen
2026-09-07T22:42:10.070Z  CFBI/2017       roh           3323 reg. Kerzen        0/0/0 von 165  Tagen gewertet (1m/5m/15m)        0 Signale  79 ms lesen  104 ms rechnen
2026-09-07T22:42:10.156Z  CFBI/2018       roh           1853 reg. Kerzen        0/0/0 von 232  Tagen gewertet (1m/5m/15m)        0 Signale  21 ms lesen  45 ms rechnen
2026-09-07T22:42:10.261Z  CFBI/2019       roh           1911 reg. Kerzen        0/0/0 von 240  Tagen gewertet (1m/5m/15m)        0 Signale  17 ms lesen  77 ms rechnen
2026-09-07T22:42:10.352Z  CFBI/2020       roh           1276 reg. Kerzen        0/0/0 von 226  Tagen gewertet (1m/5m/15m)        0 Signale  18 ms lesen  52 ms rechnen
2026-09-07T22:42:10.402Z  CFBI/2021       roh            115 reg. Kerzen        0/0/0 von 11   Tagen gewertet (1m/5m/15m)        0 Signale  37 ms lesen  3 ms rechnen
2026-09-07T22:42:11.947Z  CFII/2020       roh           8106 reg. Kerzen      0/13/13 von 45   Tagen gewertet (1m/5m/15m)      327 Signale  183 ms lesen  1341 ms rechnen
2026-09-07T22:42:17.680Z  CFII/2021       roh          14513 reg. Kerzen      0/44/44 von 44   Tagen gewertet (1m/5m/15m)     1198 Signale  66 ms lesen  5593 ms rechnen
2026-09-07T22:42:17.935Z  CFSB/2022       roh           2576 reg. Kerzen        0/0/0 von 216  Tagen gewertet (1m/5m/15m)        0 Signale  28 ms lesen  137 ms rechnen
2026-09-07T22:42:18.102Z  CFSB/2023       roh            904 reg. Kerzen        0/0/0 von 207  Tagen gewertet (1m/5m/15m)        0 Signale  47 ms lesen  60 ms rechnen
2026-09-07T22:42:18.181Z  CFSB/2024       roh           1192 reg. Kerzen        0/0/0 von 188  Tagen gewertet (1m/5m/15m)        0 Signale  27 ms lesen  45 ms rechnen
2026-09-07T22:42:18.254Z  CFSB/2025       roh           1289 reg. Kerzen        0/0/0 von 180  Tagen gewertet (1m/5m/15m)        0 Signale  22 ms lesen  44 ms rechnen
2026-09-07T22:42:18.491Z  CGBS/2021       roh           3633 reg. Kerzen        0/0/0 von 146  Tagen gewertet (1m/5m/15m)        0 Signale  63 ms lesen  152 ms rechnen
2026-09-07T22:42:18.595Z  CGBS/2022       roh           2128 reg. Kerzen        0/0/0 von 206  Tagen gewertet (1m/5m/15m)        0 Signale  20 ms lesen  46 ms rechnen
2026-09-07T22:42:18.650Z  CGBS/2023       roh            594 reg. Kerzen        0/0/0 von 128  Tagen gewertet (1m/5m/15m)        0 Signale  13 ms lesen  16 ms rechnen
2026-09-07T22:42:19.017Z  CGBS/2024       roh          22489 reg. Kerzen        0/0/0 von 229  Tagen gewertet (1m/5m/15m)        0 Signale  109 ms lesen  253 ms rechnen
2026-09-07T22:42:21.018Z  CGBS/2025       roh          35245 reg. Kerzen        0/6/6 von 133  Tagen gewertet (1m/5m/15m)      161 Signale  403 ms lesen  1326 ms rechnen
2026-09-07T22:42:51.906Z  CGON/2024       roh          64151 reg. Kerzen    0/215/216 von 236  Tagen gewertet (1m/5m/15m)     5899 Signale  306 ms lesen  30296 ms rechnen
2026-09-07T22:43:20.657Z  CGON/2025       roh          74003 reg. Kerzen    0/250/250 von 250  Tagen gewertet (1m/5m/15m)     6764 Signale  177 ms lesen  28290 ms rechnen
2026-09-07T22:43:38.948Z  CGON/2026       roh          48850 reg. Kerzen    0/166/166 von 166  Tagen gewertet (1m/5m/15m)     4460 Signale  274 ms lesen  17664 ms rechnen
2026-09-07T22:43:59.400Z  CHD/2016        bereinigt    90683 reg. Kerzen    0/232/232 von 252  Tagen gewertet (1m/5m/15m)     5419 Signale  271 ms lesen  19943 ms rechnen
2026-09-07T22:44:19.625Z  CHD/2017        roh          94221 reg. Kerzen    0/251/251 von 251  Tagen gewertet (1m/5m/15m)     5556 Signale  359 ms lesen  19393 ms rechnen
2026-09-07T22:44:42.532Z  CHD/2018        roh          95338 reg. Kerzen    0/251/251 von 251  Tagen gewertet (1m/5m/15m)     6117 Signale  346 ms lesen  22122 ms rechnen
2026-09-07T22:45:05.125Z  CHD/2019        roh          95303 reg. Kerzen    0/252/252 von 252  Tagen gewertet (1m/5m/15m)     5950 Signale  472 ms lesen  21702 ms rechnen
2026-09-07T22:45:29.863Z  CHD/2020        roh          96392 reg. Kerzen    0/253/253 von 253  Tagen gewertet (1m/5m/15m)     6225 Signale  438 ms lesen  23827 ms rechnen
2026-09-07T22:45:52.087Z  CHD/2021        roh          93243 reg. Kerzen    0/250/250 von 251  Tagen gewertet (1m/5m/15m)     5836 Signale  297 ms lesen  21342 ms rechnen
2026-09-07T22:46:15.884Z  CHD/2022        roh          93962 reg. Kerzen    0/249/249 von 251  Tagen gewertet (1m/5m/15m)     6116 Signale  239 ms lesen  23102 ms rechnen
2026-09-07T22:46:38.463Z  CHD/2023        roh          93363 reg. Kerzen    0/250/250 von 250  Tagen gewertet (1m/5m/15m)     5870 Signale  335 ms lesen  21723 ms rechnen
2026-09-07T22:47:00.869Z  CHD/2024        roh          91351 reg. Kerzen    0/252/252 von 252  Tagen gewertet (1m/5m/15m)     5710 Signale  298 ms lesen  21703 ms rechnen
2026-09-07T22:47:23.300Z  CHD/2025        roh          93586 reg. Kerzen    0/250/250 von 250  Tagen gewertet (1m/5m/15m)     6035 Signale  306 ms lesen  21687 ms rechnen
2026-09-07T22:47:40.135Z  CHD/2026        roh          61691 reg. Kerzen    0/166/166 von 166  Tagen gewertet (1m/5m/15m)     4159 Signale  233 ms lesen  16118 ms rechnen
2026-09-07T22:47:40.921Z  CHFN/2016       roh          15322 reg. Kerzen        0/0/0 von 252  Tagen gewertet (1m/5m/15m)        0 Signale  65 ms lesen  183 ms rechnen
2026-09-07T22:47:41.332Z  CHFN/2017       roh          18269 reg. Kerzen        0/0/0 von 251  Tagen gewertet (1m/5m/15m)        0 Signale  64 ms lesen  272 ms rechnen
2026-09-07T22:47:41.756Z  CHFN/2018       roh          15958 reg. Kerzen        0/0/0 von 169  Tagen gewertet (1m/5m/15m)        0 Signale  123 ms lesen  208 ms rechnen
2026-09-07T22:48:01.689Z  CHKP/2016       roh          94323 reg. Kerzen    0/232/232 von 252  Tagen gewertet (1m/5m/15m)     5581 Signale  454 ms lesen  19404 ms rechnen
2026-09-07T22:48:22.960Z  CHKP/2017       roh          90301 reg. Kerzen    0/251/251 von 251  Tagen gewertet (1m/5m/15m)     5854 Signale  347 ms lesen  20473 ms rechnen
2026-09-07T22:48:46.555Z  CHKP/2018       roh          92066 reg. Kerzen    0/249/249 von 251  Tagen gewertet (1m/5m/15m)     5988 Signale  482 ms lesen  22705 ms rechnen
2026-09-07T22:49:09.544Z  CHKP/2019       roh          90135 reg. Kerzen    0/252/252 von 252  Tagen gewertet (1m/5m/15m)     6055 Signale  224 ms lesen  22161 ms rechnen
2026-09-07T22:49:34.869Z  CHKP/2020       roh          94068 reg. Kerzen    0/253/253 von 253  Tagen gewertet (1m/5m/15m)     6399 Signale  310 ms lesen  24626 ms rechnen
2026-09-07T22:49:58.328Z  CHKP/2021       roh          91399 reg. Kerzen    0/252/252 von 252  Tagen gewertet (1m/5m/15m)     6035 Signale  339 ms lesen  22535 ms rechnen
2026-09-07T22:50:22.346Z  CHKP/2022       roh          91212 reg. Kerzen    0/251/251 von 251  Tagen gewertet (1m/5m/15m)     6355 Signale  382 ms lesen  23101 ms rechnen
2026-09-07T22:50:45.056Z  CHKP/2023       roh          85305 reg. Kerzen    0/250/250 von 250  Tagen gewertet (1m/5m/15m)     5960 Signale  287 ms lesen  21939 ms rechnen
2026-09-07T22:51:08.975Z  CHKP/2024       roh          74768 reg. Kerzen    0/252/252 von 252  Tagen gewertet (1m/5m/15m)     6182 Signale  329 ms lesen  23020 ms rechnen
2026-09-07T22:51:31.777Z  CHKP/2025       roh          78271 reg. Kerzen    0/250/250 von 250  Tagen gewertet (1m/5m/15m)     6268 Signale  278 ms lesen  22058 ms rechnen
2026-09-07T22:51:48.407Z  CHKP/2026       roh          56775 reg. Kerzen    0/166/166 von 166  Tagen gewertet (1m/5m/15m)     4365 Signale  311 ms lesen  15937 ms rechnen
2026-09-07T22:51:48.775Z  CHPT/2019       bereinigt      102 reg. Kerzen        0/0/0 von 29   Tagen gewertet (1m/5m/15m)        0 Signale  26 ms lesen  4 ms rechnen
2026-09-07T22:51:56.440Z  CHPT/2020       bereinigt    29239 reg. Kerzen      0/66/66 von 211  Tagen gewertet (1m/5m/15m)     1738 Signale  205 ms lesen  7458 ms rechnen
2026-09-07T22:52:24.997Z  CHPT/2021       bereinigt    97203 reg. Kerzen    0/250/250 von 252  Tagen gewertet (1m/5m/15m)     6781 Signale  520 ms lesen  27888 ms rechnen
2026-09-07T22:52:54.311Z  CHPT/2022       bereinigt    97002 reg. Kerzen    0/249/249 von 250  Tagen gewertet (1m/5m/15m)     6849 Signale  556 ms lesen  28308 ms rechnen
2026-09-07T22:53:24.389Z  CHPT/2023       bereinigt    97089 reg. Kerzen    0/250/250 von 250  Tagen gewertet (1m/5m/15m)     6930 Signale  782 ms lesen  28896 ms rechnen
2026-09-07T22:53:56.239Z  CHPT/2024       bereinigt    97649 reg. Kerzen    0/252/252 von 252  Tagen gewertet (1m/5m/15m)     7006 Signale  585 ms lesen  30830 ms rechnen
2026-09-07T22:54:15.579Z  CHPT/2025       bereinigt    84196 reg. Kerzen    0/153/153 von 250  Tagen gewertet (1m/5m/15m)     4238 Signale  714 ms lesen  18148 ms rechnen
2026-09-07T22:54:16.557Z  CHPT/2026       roh          43427 reg. Kerzen        0/0/0 von 166  Tagen gewertet (1m/5m/15m)        0 Signale  154 ms lesen  446 ms rechnen
2026-09-07T22:54:17.513Z  CHU/2016        roh          58803 reg. Kerzen        0/0/0 von 252  Tagen gewertet (1m/5m/15m)        0 Signale  138 ms lesen  589 ms rechnen
2026-09-07T22:54:21.053Z  CHU/2017        roh          53939 reg. Kerzen      0/27/27 von 251  Tagen gewertet (1m/5m/15m)      609 Signale  281 ms lesen  2965 ms rechnen
2026-09-07T22:54:23.667Z  CHU/2018        roh          59525 reg. Kerzen      0/20/20 von 251  Tagen gewertet (1m/5m/15m)      509 Signale  239 ms lesen  2129 ms rechnen
2026-09-07T22:54:28.849Z  CHU/2019        roh          65065 reg. Kerzen      0/56/56 von 252  Tagen gewertet (1m/5m/15m)     1296 Signale  279 ms lesen  4624 ms rechnen
2026-09-07T22:54:30.171Z  CHU/2020        roh          67717 reg. Kerzen        0/0/0 von 253  Tagen gewertet (1m/5m/15m)        0 Signale  239 ms lesen  684 ms rechnen
2026-09-07T22:54:30.663Z  CHU/2021        roh           1889 reg. Kerzen        0/0/0 von 5    Tagen gewertet (1m/5m/15m)        0 Signale  32 ms lesen  43 ms rechnen
2026-09-07T22:54:30.831Z  CIAN/2021       roh           6355 reg. Kerzen        0/0/0 von 39   Tagen gewertet (1m/5m/15m)        0 Signale  72 ms lesen  62 ms rechnen
2026-09-07T22:54:31.024Z  CIAN/2022       roh           5077 reg. Kerzen        0/0/0 von 38   Tagen gewertet (1m/5m/15m)        0 Signale  35 ms lesen  87 ms rechnen
2026-09-07T22:54:31.589Z  CIGI/2016       roh          22913 reg. Kerzen        0/0/0 von 252  Tagen gewertet (1m/5m/15m)        0 Signale  86 ms lesen  399 ms rechnen
2026-09-07T22:54:32.087Z  CIGI/2017       roh          18655 reg. Kerzen        0/0/0 von 251  Tagen gewertet (1m/5m/15m)        0 Signale  98 ms lesen  287 ms rechnen
2026-09-07T22:54:32.537Z  CIGI/2018       roh          18527 reg. Kerzen        0/0/0 von 250  Tagen gewertet (1m/5m/15m)        0 Signale  62 ms lesen  221 ms rechnen
2026-09-07T22:54:33.044Z  CIGI/2019       roh          26551 reg. Kerzen        0/0/0 von 252  Tagen gewertet (1m/5m/15m)        0 Signale  97 ms lesen  330 ms rechnen
2026-09-07T22:54:40.248Z  CIGI/2020       roh          32484 reg. Kerzen      0/62/75 von 253  Tagen gewertet (1m/5m/15m)     1770 Signale  82 ms lesen  7000 ms rechnen
2026-09-07T22:54:47.641Z  CIGI/2021       roh          25135 reg. Kerzen     0/39/161 von 252  Tagen gewertet (1m/5m/15m)     2110 Signale  125 ms lesen  7085 ms rechnen
2026-09-07T22:55:03.401Z  CIGI/2022       roh          34853 reg. Kerzen    0/147/236 von 251  Tagen gewertet (1m/5m/15m)     4705 Signale  196 ms lesen  15442 ms rechnen
2026-09-07T22:55:16.831Z  CIGI/2023       roh          31107 reg. Kerzen     0/99/240 von 250  Tagen gewertet (1m/5m/15m)     3836 Signale  108 ms lesen  13145 ms rechnen
2026-09-07T22:55:29.569Z  CIGI/2024       roh          30918 reg. Kerzen    0/102/246 von 252  Tagen gewertet (1m/5m/15m)     3863 Signale  203 ms lesen  12376 ms rechnen
2026-09-07T22:55:42.917Z  CIGI/2025       roh          31170 reg. Kerzen    0/104/244 von 250  Tagen gewertet (1m/5m/15m)     3876 Signale  170 ms lesen  13029 ms rechnen
2026-09-07T22:55:57.548Z  CIGI/2026       roh          29656 reg. Kerzen    0/145/165 von 166  Tagen gewertet (1m/5m/15m)     4017 Signale  85 ms lesen  14391 ms rechnen
2026-09-07T22:55:58.254Z  CIO/2016        roh          34739 reg. Kerzen        0/0/0 von 252  Tagen gewertet (1m/5m/15m)        0 Signale  192 ms lesen  379 ms rechnen
2026-09-07T22:55:59.327Z  CIO/2017        roh          43144 reg. Kerzen        0/0/0 von 251  Tagen gewertet (1m/5m/15m)        0 Signale  195 ms lesen  720 ms rechnen
2026-09-07T22:56:00.529Z  CIO/2018        roh          56540 reg. Kerzen        0/0/0 von 251  Tagen gewertet (1m/5m/15m)        0 Signale  299 ms lesen  722 ms rechnen
2026-09-07T22:56:06.002Z  CIO/2019        roh          58698 reg. Kerzen      0/51/51 von 252  Tagen gewertet (1m/5m/15m)     1248 Signale  251 ms lesen  4956 ms rechnen
2026-09-07T22:56:12.191Z  CIO/2020        roh          64029 reg. Kerzen      0/44/44 von 253  Tagen gewertet (1m/5m/15m)     1187 Signale  182 ms lesen  5713 ms rechnen
2026-09-07T22:56:15.422Z  CIO/2021        roh          49517 reg. Kerzen      0/23/23 von 252  Tagen gewertet (1m/5m/15m)      611 Signale  173 ms lesen  2769 ms rechnen
2026-09-07T22:56:18.063Z  CIO/2022        roh          57136 reg. Kerzen      0/16/16 von 251  Tagen gewertet (1m/5m/15m)      421 Signale  229 ms lesen  2158 ms rechnen
2026-09-07T22:56:19.238Z  CIO/2023        roh          59303 reg. Kerzen        0/0/0 von 250  Tagen gewertet (1m/5m/15m)        0 Signale  202 ms lesen  666 ms rechnen
2026-09-07T22:56:20.108Z  CIO/2024        roh          42617 reg. Kerzen        0/0/0 von 252  Tagen gewertet (1m/5m/15m)        0 Signale  113 ms lesen  470 ms rechnen
2026-09-07T22:56:20.833Z  CIO/2025        roh          39417 reg. Kerzen        0/0/0 von 250  Tagen gewertet (1m/5m/15m)        0 Signale  116 ms lesen  409 ms rechnen
2026-09-07T22:56:21.075Z  CIO/2026        roh            811 reg. Kerzen        0/0/0 von 5    Tagen gewertet (1m/5m/15m)        0 Signale  14 ms lesen  23 ms rechnen
2026-09-07T22:56:21.139Z  CIXX/2020       roh           1342 reg. Kerzen        0/0/0 von 31   Tagen gewertet (1m/5m/15m)        0 Signale  10 ms lesen  33 ms rechnen
2026-09-07T22:56:21.554Z  CIXX/2021       roh          20615 reg. Kerzen        0/0/0 von 252  Tagen gewertet (1m/5m/15m)        0 Signale  127 ms lesen  269 ms rechnen
2026-09-07T22:56:22.086Z  CIXX/2022       roh          25741 reg. Kerzen        0/0/0 von 250  Tagen gewertet (1m/5m/15m)        0 Signale  74 ms lesen  366 ms rechnen
2026-09-07T22:56:22.274Z  CIXX/2023       roh           1224 reg. Kerzen        0/0/0 von 12   Tagen gewertet (1m/5m/15m)        0 Signale  13 ms lesen  51 ms rechnen
2026-09-07T22:56:23.552Z  CKP/2016        roh          22281 reg. Kerzen      0/10/10 von 92   Tagen gewertet (1m/5m/15m)      189 Signale  102 ms lesen  1166 ms rechnen
2026-09-07T22:56:23.715Z  CLAY/2021       roh            488 reg. Kerzen        0/0/0 von 53   Tagen gewertet (1m/5m/15m)        0 Signale  29 ms lesen  16 ms rechnen
2026-09-07T22:56:23.772Z  CLAY/2022       roh            809 reg. Kerzen        0/0/0 von 150  Tagen gewertet (1m/5m/15m)        0 Signale  19 ms lesen  33 ms rechnen
2026-09-07T22:56:23.821Z  CLAY/2023       roh            455 reg. Kerzen        0/0/0 von 106  Tagen gewertet (1m/5m/15m)        0 Signale  21 ms lesen  18 ms rechnen
2026-09-07T22:56:24.034Z  CLCT/2016       roh          12089 reg. Kerzen        0/0/0 von 252  Tagen gewertet (1m/5m/15m)        0 Signale  47 ms lesen  150 ms rechnen
2026-09-07T22:56:24.430Z  CLCT/2017       roh          14301 reg. Kerzen        0/0/0 von 251  Tagen gewertet (1m/5m/15m)        0 Signale  145 ms lesen  199 ms rechnen
2026-09-07T22:56:24.956Z  CLCT/2018       roh          19159 reg. Kerzen        0/0/0 von 251  Tagen gewertet (1m/5m/15m)        0 Signale  105 ms lesen  286 ms rechnen
2026-09-07T22:56:25.440Z  CLCT/2019       roh          23752 reg. Kerzen        0/0/0 von 252  Tagen gewertet (1m/5m/15m)        0 Signale  107 ms lesen  267 ms rechnen
2026-09-07T22:56:31.940Z  CLCT/2020       roh          34052 reg. Kerzen      0/49/74 von 253  Tagen gewertet (1m/5m/15m)     1410 Signale  157 ms lesen  6229 ms rechnen
2026-09-07T22:56:33.603Z  CLCT/2021       roh           6427 reg. Kerzen      0/24/24 von 24   Tagen gewertet (1m/5m/15m)      431 Signale  88 ms lesen  1363 ms rechnen
2026-09-07T22:56:54.992Z  CLGX/2016       roh          79696 reg. Kerzen    0/232/232 von 252  Tagen gewertet (1m/5m/15m)     5810 Signale  192 ms lesen  21165 ms rechnen
2026-09-07T22:57:17.115Z  CLGX/2017       roh          74789 reg. Kerzen    0/251/251 von 251  Tagen gewertet (1m/5m/15m)     5765 Signale  460 ms lesen  21052 ms rechnen
2026-09-07T22:57:39.284Z  CLGX/2018       roh          70510 reg. Kerzen    0/251/251 von 251  Tagen gewertet (1m/5m/15m)     6067 Signale  309 ms lesen  21536 ms rechnen
2026-09-07T22:58:02.785Z  CLGX/2019       roh          76054 reg. Kerzen    0/252/252 von 252  Tagen gewertet (1m/5m/15m)     6202 Signale  283 ms lesen  22893 ms rechnen
2026-09-07T22:58:27.199Z  CLGX/2020       roh          84037 reg. Kerzen    0/253/253 von 253  Tagen gewertet (1m/5m/15m)     6234 Signale  278 ms lesen  23775 ms rechnen
2026-09-07T22:58:35.126Z  CLGX/2021       roh          34251 reg. Kerzen    0/104/104 von 105  Tagen gewertet (1m/5m/15m)     2006 Signale  134 ms lesen  7366 ms rechnen
2026-09-07T22:58:35.473Z  CLNT/2016       bereinigt     7539 reg. Kerzen        0/0/0 von 252  Tagen gewertet (1m/5m/15m)        0 Signale  36 ms lesen  89 ms rechnen
2026-09-07T22:58:35.824Z  CLNT/2017       bereinigt    19425 reg. Kerzen        0/0/0 von 251  Tagen gewertet (1m/5m/15m)        0 Signale  49 ms lesen  261 ms rechnen
2026-09-07T22:58:36.036Z  CLNT/2018       roh            764 reg. Kerzen        0/0/0 von 4    Tagen gewertet (1m/5m/15m)        0 Signale  71 ms lesen  53 ms rechnen
2026-09-07T22:58:36.281Z  CLSD/2016       bereinigt    15881 reg. Kerzen        0/0/0 von 148  Tagen gewertet (1m/5m/15m)        0 Signale  91 ms lesen  148 ms rechnen
2026-09-07T22:58:36.971Z  CLSD/2017       bereinigt    40256 reg. Kerzen        0/0/0 von 251  Tagen gewertet (1m/5m/15m)        0 Signale  130 ms lesen  496 ms rechnen
2026-09-07T22:58:40.413Z  CLSD/2018       bereinigt    55422 reg. Kerzen      0/20/20 von 251  Tagen gewertet (1m/5m/15m)      578 Signale  382 ms lesen  2868 ms rechnen
2026-09-07T22:58:41.505Z  CLSD/2019       bereinigt    48848 reg. Kerzen        0/0/0 von 252  Tagen gewertet (1m/5m/15m)        0 Signale  326 ms lesen  516 ms rechnen
2026-09-07T22:58:42.552Z  CLSD/2020       bereinigt    45131 reg. Kerzen        0/0/0 von 253  Tagen gewertet (1m/5m/15m)        0 Signale  308 ms lesen  524 ms rechnen
2026-09-07T22:58:45.831Z  CLSD/2021       bereinigt    55167 reg. Kerzen      0/14/14 von 252  Tagen gewertet (1m/5m/15m)      391 Signale  473 ms lesen  2590 ms rechnen
2026-09-07T22:58:46.678Z  CLSD/2022       bereinigt    36200 reg. Kerzen        0/0/0 von 251  Tagen gewertet (1m/5m/15m)        0 Signale  103 ms lesen  495 ms rechnen
2026-09-07T22:58:47.406Z  CLSD/2023       bereinigt    21019 reg. Kerzen        0/0/0 von 250  Tagen gewertet (1m/5m/15m)        0 Signale  207 ms lesen  315 ms rechnen
2026-09-07T22:58:48.166Z  CLSD/2024       bereinigt    31296 reg. Kerzen        0/0/0 von 252  Tagen gewertet (1m/5m/15m)        0 Signale  228 ms lesen  434 ms rechnen
2026-09-07T22:58:48.743Z  CLSD/2025       bereinigt    23291 reg. Kerzen        0/0/0 von 228  Tagen gewertet (1m/5m/15m)        0 Signale  154 ms lesen  279 ms rechnen
2026-09-07T22:59:08.644Z  CM/2016         bereinigt    84711 reg. Kerzen    0/232/232 von 252  Tagen gewertet (1m/5m/15m)     5514 Signale  317 ms lesen  19256 ms rechnen
2026-09-07T22:59:27.504Z  CM/2017         bereinigt    87704 reg. Kerzen    0/251/251 von 251  Tagen gewertet (1m/5m/15m)     5443 Signale  308 ms lesen  18142 ms rechnen
2026-09-07T22:59:47.734Z  CM/2018         bereinigt    80386 reg. Kerzen    0/251/251 von 251  Tagen gewertet (1m/5m/15m)     5633 Signale  473 ms lesen  19291 ms rechnen
2026-09-07T23:00:07.271Z  CM/2019         bereinigt    79593 reg. Kerzen    0/252/252 von 252  Tagen gewertet (1m/5m/15m)     5556 Signale  466 ms lesen  18672 ms rechnen
2026-09-07T23:00:29.700Z  CM/2020         bereinigt    83111 reg. Kerzen    0/253/253 von 253  Tagen gewertet (1m/5m/15m)     6186 Signale  271 ms lesen  21544 ms rechnen
2026-09-07T23:00:48.792Z  CM/2021         bereinigt    76941 reg. Kerzen    0/250/250 von 252  Tagen gewertet (1m/5m/15m)     5553 Signale  200 ms lesen  18451 ms rechnen
2026-09-07T23:01:11.153Z  CM/2022         bereinigt    89636 reg. Kerzen    0/249/249 von 250  Tagen gewertet (1m/5m/15m)     6256 Signale  355 ms lesen  21596 ms rechnen
2026-09-07T23:01:32.568Z  CM/2023         roh          92463 reg. Kerzen    0/250/250 von 250  Tagen gewertet (1m/5m/15m)     6046 Signale  377 ms lesen  20576 ms rechnen
2026-09-07T23:01:54.473Z  CM/2024         roh          90178 reg. Kerzen    0/252/252 von 252  Tagen gewertet (1m/5m/15m)     5795 Signale  309 ms lesen  21159 ms rechnen
2026-09-07T23:02:15.372Z  CM/2025         roh          86905 reg. Kerzen    0/250/250 von 250  Tagen gewertet (1m/5m/15m)     5613 Signale  221 ms lesen  20292 ms rechnen
2026-09-07T23:02:30.941Z  CM/2026         roh          59364 reg. Kerzen    0/166/166 von 166  Tagen gewertet (1m/5m/15m)     4092 Signale  192 ms lesen  14653 ms rechnen
2026-09-07T23:02:31.211Z  CMCSV/2025      roh             26 reg. Kerzen        0/0/0 von 7    Tagen gewertet (1m/5m/15m)        0 Signale  7 ms lesen  1 ms rechnen
2026-09-07T23:02:31.213Z  AUSGELASSEN CMCSV/2026: Datei fehlt
2026-09-07T23:02:31.290Z  CMLS/2018       roh           1184 reg. Kerzen        0/0/0 von 95   Tagen gewertet (1m/5m/15m)        0 Signale  36 ms lesen  33 ms rechnen
2026-09-07T23:02:31.695Z  CMLS/2019       roh          24321 reg. Kerzen        0/0/0 von 251  Tagen gewertet (1m/5m/15m)        0 Signale  128 ms lesen  270 ms rechnen
2026-09-07T23:02:32.302Z  CMLS/2020       roh          34797 reg. Kerzen        0/0/0 von 253  Tagen gewertet (1m/5m/15m)        0 Signale  79 ms lesen  415 ms rechnen
2026-09-07T23:02:32.818Z  CMLS/2021       roh          21076 reg. Kerzen        0/0/0 von 252  Tagen gewertet (1m/5m/15m)        0 Signale  103 ms lesen  252 ms rechnen
2026-09-07T23:02:33.382Z  CMLS/2022       roh          29373 reg. Kerzen        0/0/0 von 251  Tagen gewertet (1m/5m/15m)        0 Signale  92 ms lesen  363 ms rechnen
2026-09-07T23:02:34.052Z  CMLS/2023       roh          27125 reg. Kerzen        0/0/0 von 250  Tagen gewertet (1m/5m/15m)        0 Signale  195 ms lesen  335 ms rechnen
2026-09-07T23:02:34.400Z  CMLS/2024       roh          11326 reg. Kerzen        0/0/0 von 252  Tagen gewertet (1m/5m/15m)        0 Signale  53 ms lesen  177 ms rechnen
2026-09-07T23:02:34.646Z  CMLS/2025       roh           5025 reg. Kerzen        0/0/0 von 82   Tagen gewertet (1m/5m/15m)        0 Signale  121 ms lesen  69 ms rechnen
2026-09-07T23:02:34.673Z  AUSGELASSEN CMLS/2026: Datei fehlt
2026-09-07T23:02:55.923Z  CMPR/2016       roh          52934 reg. Kerzen    0/207/232 von 252  Tagen gewertet (1m/5m/15m)     5668 Signale  331 ms lesen  20911 ms rechnen
2026-09-07T23:03:17.385Z  CMPR/2017       roh          49340 reg. Kerzen    0/238/251 von 251  Tagen gewertet (1m/5m/15m)     6104 Signale  194 ms lesen  21007 ms rechnen
2026-09-07T23:03:37.367Z  CMPR/2018       roh          43594 reg. Kerzen    0/196/249 von 251  Tagen gewertet (1m/5m/15m)     5589 Signale  236 ms lesen  19424 ms rechnen
2026-09-07T23:04:00.451Z  CMPR/2019       roh          50415 reg. Kerzen    0/219/252 von 252  Tagen gewertet (1m/5m/15m)     5962 Signale  170 ms lesen  22667 ms rechnen
2026-09-07T23:04:24.794Z  CMPR/2020       roh          53055 reg. Kerzen    0/213/252 von 253  Tagen gewertet (1m/5m/15m)     6033 Signale  136 ms lesen  23956 ms rechnen
2026-09-07T23:04:36.925Z  CMPR/2021       roh          27903 reg. Kerzen     0/73/236 von 252  Tagen gewertet (1m/5m/15m)     3426 Signale  120 ms lesen  11780 ms rechnen
2026-09-07T23:04:38.488Z  CMPR/2022       roh          31662 reg. Kerzen       0/5/19 von 251  Tagen gewertet (1m/5m/15m)      265 Signale  115 ms lesen  1306 ms rechnen
2026-09-07T23:04:42.497Z  CMPR/2023       roh          30978 reg. Kerzen      0/22/70 von 250  Tagen gewertet (1m/5m/15m)      987 Signale  106 ms lesen  3747 ms rechnen
2026-09-07T23:04:57.605Z  CMPR/2024       roh          33270 reg. Kerzen    0/130/245 von 252  Tagen gewertet (1m/5m/15m)     4479 Signale  127 ms lesen  14791 ms rechnen
2026-09-07T23:05:18.890Z  CMPR/2025       roh          39472 reg. Kerzen    0/185/237 von 250  Tagen gewertet (1m/5m/15m)     5404 Signale  189 ms lesen  20927 ms rechnen
2026-09-07T23:05:26.563Z  CMPR/2026       roh          18213 reg. Kerzen     0/44/161 von 166  Tagen gewertet (1m/5m/15m)     2246 Signale  92 ms lesen  7404 ms rechnen
2026-09-07T23:05:27.262Z  CNAT/2016       bereinigt    32766 reg. Kerzen        0/0/0 von 252  Tagen gewertet (1m/5m/15m)        0 Signale  229 ms lesen  350 ms rechnen
2026-09-07T23:05:34.087Z  CNAT/2017       bereinigt    63503 reg. Kerzen      0/48/48 von 251  Tagen gewertet (1m/5m/15m)     1360 Signale  433 ms lesen  6261 ms rechnen
2026-09-07T23:05:35.371Z  CNAT/2018       bereinigt    63575 reg. Kerzen        0/0/0 von 251  Tagen gewertet (1m/5m/15m)        0 Signale  299 ms lesen  709 ms rechnen
2026-09-07T23:05:36.686Z  CNAT/2019       bereinigt    45627 reg. Kerzen        0/0/0 von 252  Tagen gewertet (1m/5m/15m)        0 Signale  337 ms lesen  538 ms rechnen
2026-09-07T23:05:37.216Z  CNAT/2020       bereinigt    17343 reg. Kerzen        0/0/0 von 100  Tagen gewertet (1m/5m/15m)        0 Signale  122 ms lesen  197 ms rechnen
2026-09-07T23:05:37.467Z  CNFR/2016       roh           6845 reg. Kerzen        0/0/0 von 249  Tagen gewertet (1m/5m/15m)        0 Signale  40 ms lesen  107 ms rechnen
2026-09-07T23:05:40.976Z  CHECKPOINT 1200 Dateien, 271 min, Detektorfehler {}
2026-09-07T23:05:41.042Z  CNFR/2017       roh           1668 reg. Kerzen        0/0/0 von 216  Tagen gewertet (1m/5m/15m)        0 Signale  31 ms lesen  31 ms rechnen
2026-09-07T23:05:41.145Z  CNFR/2018       roh           1508 reg. Kerzen        0/0/0 von 212  Tagen gewertet (1m/5m/15m)        0 Signale  68 ms lesen  26 ms rechnen
2026-09-07T23:05:41.249Z  CNFR/2019       roh           1127 reg. Kerzen        0/0/0 von 184  Tagen gewertet (1m/5m/15m)        0 Signale  42 ms lesen  50 ms rechnen
2026-09-07T23:05:41.328Z  CNFR/2020       roh           2070 reg. Kerzen        0/0/0 von 192  Tagen gewertet (1m/5m/15m)        0 Signale  22 ms lesen  45 ms rechnen
2026-09-07T23:05:41.501Z  CNFR/2021       roh           8356 reg. Kerzen        0/0/0 von 252  Tagen gewertet (1m/5m/15m)        0 Signale  66 ms lesen  95 ms rechnen
2026-09-07T23:05:41.686Z  CNFR/2022       roh           2031 reg. Kerzen        0/0/0 von 233  Tagen gewertet (1m/5m/15m)        0 Signale  25 ms lesen  115 ms rechnen
2026-09-07T23:05:41.753Z  CNFR/2023       roh           1205 reg. Kerzen        0/0/0 von 213  Tagen gewertet (1m/5m/15m)        0 Signale  22 ms lesen  32 ms rechnen
2026-09-07T23:05:41.848Z  CNFR/2024       roh           4148 reg. Kerzen        0/0/0 von 230  Tagen gewertet (1m/5m/15m)        0 Signale  37 ms lesen  48 ms rechnen
2026-09-07T23:05:41.942Z  CNFR/2025       roh           3531 reg. Kerzen        0/0/0 von 180  Tagen gewertet (1m/5m/15m)        0 Signale  23 ms lesen  49 ms rechnen
2026-09-07T23:06:03.210Z  CNK/2016        roh          85560 reg. Kerzen    0/232/232 von 252  Tagen gewertet (1m/5m/15m)     5806 Signale  309 ms lesen  20892 ms rechnen
2026-09-07T23:06:25.870Z  CNK/2017        roh          87711 reg. Kerzen    0/251/251 von 251  Tagen gewertet (1m/5m/15m)     6249 Signale  339 ms lesen  21918 ms rechnen
2026-09-07T23:06:49.941Z  CNK/2018        roh          90291 reg. Kerzen    0/251/251 von 251  Tagen gewertet (1m/5m/15m)     6417 Signale  179 ms lesen  23523 ms rechnen
2026-09-07T23:07:14.692Z  CNK/2019        roh          92320 reg. Kerzen    0/252/252 von 252  Tagen gewertet (1m/5m/15m)     6406 Signale  234 ms lesen  24039 ms rechnen
2026-09-07T23:07:44.303Z  CNK/2020        roh          97664 reg. Kerzen    0/253/253 von 253  Tagen gewertet (1m/5m/15m)     6837 Signale  434 ms lesen  28753 ms rechnen
2026-09-07T23:08:14.360Z  CNK/2021        roh          96719 reg. Kerzen    0/250/250 von 252  Tagen gewertet (1m/5m/15m)     6832 Signale  364 ms lesen  29198 ms rechnen
2026-09-07T23:08:42.902Z  CNK/2022        roh          95914 reg. Kerzen    0/249/249 von 251  Tagen gewertet (1m/5m/15m)     6817 Signale  320 ms lesen  27705 ms rechnen
2026-09-07T23:09:11.603Z  CNK/2023        roh          95184 reg. Kerzen    0/250/250 von 250  Tagen gewertet (1m/5m/15m)     6753 Signale  386 ms lesen  27715 ms rechnen
2026-09-07T23:09:39.063Z  CNK/2024        roh          94899 reg. Kerzen    0/252/252 von 252  Tagen gewertet (1m/5m/15m)     6562 Signale  333 ms lesen  26648 ms rechnen
2026-09-07T23:10:06.226Z  CNK/2025        roh          94899 reg. Kerzen    0/250/250 von 250  Tagen gewertet (1m/5m/15m)     6504 Signale  524 ms lesen  26097 ms rechnen
2026-09-07T23:10:24.304Z  CNK/2026        roh          61174 reg. Kerzen    0/166/166 von 166  Tagen gewertet (1m/5m/15m)     4444 Signale  270 ms lesen  17317 ms rechnen
2026-09-07T23:10:48.610Z  CNQ/2016        bereinigt    97689 reg. Kerzen    0/232/232 von 252  Tagen gewertet (1m/5m/15m)     6257 Signale  425 ms lesen  23332 ms rechnen
2026-09-07T23:11:13.522Z  CNQ/2017        bereinigt    96524 reg. Kerzen    0/251/251 von 251  Tagen gewertet (1m/5m/15m)     6409 Signale  716 ms lesen  23337 ms rechnen
2026-09-07T23:11:37.281Z  CNQ/2018        bereinigt    96980 reg. Kerzen    0/251/251 von 251  Tagen gewertet (1m/5m/15m)     6449 Signale  228 ms lesen  23034 ms rechnen
2026-09-07T23:12:01.927Z  CNQ/2019        bereinigt    97219 reg. Kerzen    0/252/252 von 252  Tagen gewertet (1m/5m/15m)     6624 Signale  289 ms lesen  23874 ms rechnen
2026-09-07T23:12:29.672Z  CNQ/2020        bereinigt    97917 reg. Kerzen    0/253/253 von 253  Tagen gewertet (1m/5m/15m)     6866 Signale  539 ms lesen  26618 ms rechnen
2026-09-07T23:12:55.264Z  CNQ/2021        bereinigt    97098 reg. Kerzen    0/250/250 von 252  Tagen gewertet (1m/5m/15m)     6525 Signale  354 ms lesen  24782 ms rechnen
2026-09-07T23:13:22.945Z  CNQ/2022        bereinigt    96943 reg. Kerzen    0/249/249 von 251  Tagen gewertet (1m/5m/15m)     6683 Signale  347 ms lesen  26874 ms rechnen
2026-09-07T23:13:47.342Z  CNQ/2023        bereinigt    96653 reg. Kerzen    0/250/250 von 250  Tagen gewertet (1m/5m/15m)     6415 Signale  387 ms lesen  23438 ms rechnen
2026-09-07T23:14:10.510Z  CNQ/2024        bereinigt    97414 reg. Kerzen    0/252/252 von 252  Tagen gewertet (1m/5m/15m)     6258 Signale  256 ms lesen  22459 ms rechnen
2026-09-07T23:14:35.251Z  CNQ/2025        roh          96795 reg. Kerzen    0/250/250 von 250  Tagen gewertet (1m/5m/15m)     6337 Signale  248 ms lesen  24012 ms rechnen
2026-09-07T23:14:51.405Z  CNQ/2026        roh          64723 reg. Kerzen    0/166/166 von 166  Tagen gewertet (1m/5m/15m)     4254 Signale  233 ms lesen  15369 ms rechnen
2026-09-07T23:14:51.780Z  CNTQ/2021       roh            600 reg. Kerzen        0/0/0 von 54   Tagen gewertet (1m/5m/15m)        0 Signale  28 ms lesen  17 ms rechnen
2026-09-07T23:14:51.884Z  CNTQ/2022       roh           2162 reg. Kerzen        0/0/0 von 164  Tagen gewertet (1m/5m/15m)        0 Signale  67 ms lesen  30 ms rechnen
2026-09-07T23:14:52.216Z  CNXR/2016       roh          20272 reg. Kerzen        0/0/0 von 252  Tagen gewertet (1m/5m/15m)        0 Signale  95 ms lesen  203 ms rechnen
2026-09-07T23:14:52.595Z  CNXR/2017       roh           8988 reg. Kerzen        0/0/0 von 209  Tagen gewertet (1m/5m/15m)        0 Signale  49 ms lesen  124 ms rechnen
2026-09-07T23:15:14.587Z  COH/2016        roh          97736 reg. Kerzen    0/232/232 von 252  Tagen gewertet (1m/5m/15m)     5898 Signale  509 ms lesen  21315 ms rechnen
2026-09-07T23:15:34.223Z  COH/2017        roh          81053 reg. Kerzen    0/209/209 von 209  Tagen gewertet (1m/5m/15m)     5218 Signale  440 ms lesen  18535 ms rechnen
2026-09-07T23:15:34.830Z  COLI/2021       roh           5112 reg. Kerzen        0/0/0 von 181  Tagen gewertet (1m/5m/15m)        0 Signale  105 ms lesen  56 ms rechnen
2026-09-07T23:15:34.960Z  COLI/2022       roh           4077 reg. Kerzen        0/0/0 von 244  Tagen gewertet (1m/5m/15m)        0 Signale  49 ms lesen  60 ms rechnen
2026-09-07T23:15:53.209Z  CONN/2016       roh          76557 reg. Kerzen    0/152/152 von 252  Tagen gewertet (1m/5m/15m)     4163 Signale  265 ms lesen  17930 ms rechnen
2026-09-07T23:16:16.723Z  CONN/2017       roh          68766 reg. Kerzen    0/199/199 von 251  Tagen gewertet (1m/5m/15m)     5438 Signale  248 ms lesen  22892 ms rechnen
2026-09-07T23:16:46.829Z  CONN/2018       roh          67519 reg. Kerzen    0/249/249 von 251  Tagen gewertet (1m/5m/15m)     6802 Signale  158 ms lesen  29621 ms rechnen
2026-09-07T23:17:13.286Z  CONN/2019       roh          77629 reg. Kerzen    0/238/238 von 252  Tagen gewertet (1m/5m/15m)     6359 Signale  341 ms lesen  25792 ms rechnen
2026-09-07T23:17:25.029Z  CONN/2020       roh          76253 reg. Kerzen      0/93/93 von 253  Tagen gewertet (1m/5m/15m)     2554 Signale  339 ms lesen  11008 ms rechnen
2026-09-07T23:17:39.029Z  CONN/2021       roh          60098 reg. Kerzen    0/118/118 von 252  Tagen gewertet (1m/5m/15m)     3258 Signale  301 ms lesen  13128 ms rechnen
2026-09-07T23:17:55.854Z  CONN/2022       roh          69125 reg. Kerzen    0/130/130 von 251  Tagen gewertet (1m/5m/15m)     3610 Signale  243 ms lesen  16240 ms rechnen
2026-09-07T23:17:56.786Z  CONN/2023       roh          34531 reg. Kerzen        0/0/0 von 250  Tagen gewertet (1m/5m/15m)        0 Signale  85 ms lesen  533 ms rechnen
2026-09-07T23:17:57.220Z  CONN/2024       roh          16591 reg. Kerzen        0/0/0 von 149  Tagen gewertet (1m/5m/15m)        0 Signale  89 ms lesen  201 ms rechnen
2026-09-07T23:17:57.346Z  CORS/2021       roh           1161 reg. Kerzen        0/0/0 von 80   Tagen gewertet (1m/5m/15m)        0 Signale  18 ms lesen  32 ms rechnen
2026-09-07T23:17:57.403Z  CORS/2022       roh            908 reg. Kerzen        0/0/0 von 173  Tagen gewertet (1m/5m/15m)        0 Signale  14 ms lesen  21 ms rechnen
2026-09-07T23:17:57.552Z  CORS/2023       roh            907 reg. Kerzen        0/0/0 von 99   Tagen gewertet (1m/5m/15m)        0 Signale  21 ms lesen  117 ms rechnen
2026-09-07T23:18:02.211Z  COUP/2016       roh          15487 reg. Kerzen      0/40/40 von 60   Tagen gewertet (1m/5m/15m)     1115 Signale  85 ms lesen  4562 ms rechnen
2026-09-07T23:18:25.356Z  COUP/2017       roh          64257 reg. Kerzen    0/215/217 von 251  Tagen gewertet (1m/5m/15m)     5685 Signale  226 ms lesen  22838 ms rechnen
2026-09-07T23:18:52.356Z  COUP/2018       roh          81624 reg. Kerzen    0/249/249 von 251  Tagen gewertet (1m/5m/15m)     6768 Signale  298 ms lesen  26378 ms rechnen
2026-09-07T23:19:18.861Z  COUP/2019       roh          92900 reg. Kerzen    0/252/252 von 252  Tagen gewertet (1m/5m/15m)     6745 Signale  309 ms lesen  25826 ms rechnen
2026-09-07T23:19:46.994Z  COUP/2020       roh          93088 reg. Kerzen    0/253/253 von 253  Tagen gewertet (1m/5m/15m)     6783 Signale  395 ms lesen  27244 ms rechnen
2026-09-07T23:20:13.770Z  COUP/2021       roh          89781 reg. Kerzen    0/252/252 von 252  Tagen gewertet (1m/5m/15m)     6848 Signale  395 ms lesen  25835 ms rechnen
2026-09-07T23:20:41.839Z  COUP/2022       roh          96088 reg. Kerzen    0/251/251 von 251  Tagen gewertet (1m/5m/15m)     6810 Signale  397 ms lesen  27213 ms rechnen
2026-09-07T23:20:44.781Z  COUP/2023       roh          14171 reg. Kerzen      0/38/38 von 38   Tagen gewertet (1m/5m/15m)      602 Signale  86 ms lesen  2416 ms rechnen
2026-09-07T23:20:44.943Z  CPAA/2016       roh             90 reg. Kerzen        0/0/0 von 29   Tagen gewertet (1m/5m/15m)        0 Signale  59 ms lesen  3 ms rechnen
2026-09-07T23:20:44.997Z  CPAA/2017       roh           2167 reg. Kerzen        0/0/0 von 94   Tagen gewertet (1m/5m/15m)        0 Signale  22 ms lesen  31 ms rechnen
2026-09-07T23:20:45.007Z  AUSGELASSEN CPAA/2018: Datei fehlt
2026-09-07T23:20:45.086Z  CPAA/2019       roh             54 reg. Kerzen        0/0/0 von 23   Tagen gewertet (1m/5m/15m)        0 Signale  76 ms lesen  2 ms rechnen
2026-09-07T23:20:45.235Z  CPAA/2020       roh           5649 reg. Kerzen        0/0/3 von 156  Tagen gewertet (1m/5m/15m)       21 Signale  38 ms lesen  109 ms rechnen
2026-09-07T23:20:45.300Z  CPAA/2021       roh            169 reg. Kerzen        0/0/0 von 40   Tagen gewertet (1m/5m/15m)        0 Signale  21 ms lesen  19 ms rechnen
2026-09-07T23:20:45.344Z  CPAA/2022       roh            692 reg. Kerzen        0/0/0 von 135  Tagen gewertet (1m/5m/15m)        0 Signale  14 ms lesen  28 ms rechnen
2026-09-07T23:20:45.432Z  CPAA/2023       roh           1329 reg. Kerzen        0/0/0 von 124  Tagen gewertet (1m/5m/15m)        0 Signale  20 ms lesen  56 ms rechnen
2026-09-07T23:21:09.063Z  CPG/2016        roh          90627 reg. Kerzen    0/232/232 von 252  Tagen gewertet (1m/5m/15m)     6407 Signale  242 ms lesen  23363 ms rechnen
2026-09-07T23:21:34.946Z  CPG/2017        roh          87336 reg. Kerzen    0/251/251 von 251  Tagen gewertet (1m/5m/15m)     6814 Signale  267 ms lesen  25149 ms rechnen
2026-09-07T23:22:01.868Z  CPG/2018        roh          90213 reg. Kerzen    0/251/251 von 251  Tagen gewertet (1m/5m/15m)     6852 Signale  246 ms lesen  26198 ms rechnen
2026-09-07T23:22:29.744Z  CPG/2019        roh          87951 reg. Kerzen    0/248/248 von 252  Tagen gewertet (1m/5m/15m)     6881 Signale  377 ms lesen  27071 ms rechnen
2026-09-07T23:22:39.221Z  CPG/2020        roh          79078 reg. Kerzen      0/74/74 von 253  Tagen gewertet (1m/5m/15m)     1983 Signale  177 ms lesen  8892 ms rechnen
2026-09-07T23:23:07.841Z  CPG/2021        roh          89359 reg. Kerzen    0/250/250 von 252  Tagen gewertet (1m/5m/15m)     6945 Signale  314 ms lesen  27891 ms rechnen
2026-09-07T23:23:35.537Z  CPG/2022        roh          96334 reg. Kerzen    0/249/249 von 251  Tagen gewertet (1m/5m/15m)     6842 Signale  317 ms lesen  26868 ms rechnen
2026-09-07T23:24:01.110Z  CPG/2023        roh          93313 reg. Kerzen    0/250/250 von 250  Tagen gewertet (1m/5m/15m)     6738 Signale  275 ms lesen  24854 ms rechnen
2026-09-07T23:24:10.319Z  CPG/2024        roh          35286 reg. Kerzen      0/93/93 von 93   Tagen gewertet (1m/5m/15m)     2484 Signale  243 ms lesen  8534 ms rechnen
2026-09-07T23:24:11.326Z  CPLP/2016       roh          66475 reg. Kerzen        0/0/0 von 252  Tagen gewertet (1m/5m/15m)        0 Signale  183 ms lesen  662 ms rechnen
2026-09-07T23:24:12.366Z  CPLP/2017       roh          49104 reg. Kerzen        0/0/0 von 251  Tagen gewertet (1m/5m/15m)        0 Signale  164 ms lesen  554 ms rechnen
2026-09-07T23:24:13.306Z  CPLP/2018       roh          45083 reg. Kerzen        0/0/0 von 251  Tagen gewertet (1m/5m/15m)        0 Signale  119 ms lesen  585 ms rechnen
2026-09-07T23:24:13.958Z  CPLP/2019       roh          30697 reg. Kerzen        0/0/0 von 252  Tagen gewertet (1m/5m/15m)        0 Signale  106 ms lesen  319 ms rechnen
2026-09-07T23:24:14.622Z  CPLP/2020       roh          30336 reg. Kerzen        0/0/0 von 253  Tagen gewertet (1m/5m/15m)        0 Signale  112 ms lesen  423 ms rechnen
2026-09-07T23:24:15.368Z  CPLP/2021       roh          27566 reg. Kerzen        0/0/0 von 252  Tagen gewertet (1m/5m/15m)        0 Signale  177 ms lesen  395 ms rechnen
2026-09-07T23:24:15.823Z  CPLP/2022       roh          22953 reg. Kerzen        0/0/0 von 251  Tagen gewertet (1m/5m/15m)        0 Signale  67 ms lesen  266 ms rechnen
2026-09-07T23:24:16.101Z  CPLP/2023       roh          11560 reg. Kerzen        0/0/0 von 250  Tagen gewertet (1m/5m/15m)        0 Signale  51 ms lesen  130 ms rechnen
2026-09-07T23:24:16.425Z  CPLP/2024       roh           8558 reg. Kerzen        0/0/0 von 163  Tagen gewertet (1m/5m/15m)        0 Signale  39 ms lesen  232 ms rechnen
2026-09-07T23:24:37.278Z  CPT/2016        roh          82548 reg. Kerzen    0/232/232 von 252  Tagen gewertet (1m/5m/15m)     5641 Signale  273 ms lesen  20473 ms rechnen
2026-09-07T23:24:58.664Z  CPT/2017        roh          78824 reg. Kerzen    0/251/251 von 251  Tagen gewertet (1m/5m/15m)     5628 Signale  234 ms lesen  20561 ms rechnen
2026-09-07T23:25:21.165Z  CPT/2018        roh          77076 reg. Kerzen    0/251/251 von 251  Tagen gewertet (1m/5m/15m)     5927 Signale  268 ms lesen  21838 ms rechnen
2026-09-07T23:25:42.711Z  CPT/2019        roh          75414 reg. Kerzen    0/252/252 von 252  Tagen gewertet (1m/5m/15m)     5645 Signale  181 ms lesen  20956 ms rechnen
2026-09-07T23:26:07.852Z  CPT/2020        roh          86463 reg. Kerzen    0/253/253 von 253  Tagen gewertet (1m/5m/15m)     6471 Signale  208 ms lesen  24443 ms rechnen
2026-09-07T23:26:31.795Z  CPT/2021        roh          79393 reg. Kerzen    0/250/250 von 252  Tagen gewertet (1m/5m/15m)     5949 Signale  217 ms lesen  23287 ms rechnen
2026-09-07T23:26:56.524Z  CPT/2022        roh          85308 reg. Kerzen    0/249/249 von 251  Tagen gewertet (1m/5m/15m)     6456 Signale  286 ms lesen  24058 ms rechnen
2026-09-07T23:27:21.607Z  CPT/2023        roh          82057 reg. Kerzen    0/250/250 von 250  Tagen gewertet (1m/5m/15m)     6215 Signale  326 ms lesen  24318 ms rechnen
2026-09-07T23:27:44.838Z  CPT/2024        roh          81906 reg. Kerzen    0/252/252 von 252  Tagen gewertet (1m/5m/15m)     6199 Signale  184 ms lesen  22645 ms rechnen
2026-09-07T23:28:08.315Z  CPT/2025        roh          81733 reg. Kerzen    0/250/250 von 250  Tagen gewertet (1m/5m/15m)     6112 Signale  251 ms lesen  22718 ms rechnen
2026-09-07T23:28:24.555Z  CPT/2026        roh          53026 reg. Kerzen    0/166/166 von 166  Tagen gewertet (1m/5m/15m)     4196 Signale  282 ms lesen  15562 ms rechnen
2026-09-07T23:28:30.482Z  CRBG/2022       roh          27217 reg. Kerzen      0/55/55 von 75   Tagen gewertet (1m/5m/15m)     1432 Signale  111 ms lesen  5570 ms rechnen
2026-09-07T23:28:55.609Z  CRBG/2023       roh          93261 reg. Kerzen    0/250/250 von 250  Tagen gewertet (1m/5m/15m)     6541 Signale  305 ms lesen  24692 ms rechnen
2026-09-07T23:29:20.003Z  CRBG/2024       roh          95811 reg. Kerzen    0/252/252 von 252  Tagen gewertet (1m/5m/15m)     6326 Signale  315 ms lesen  23559 ms rechnen
2026-09-07T23:29:44.474Z  CRBG/2025       roh          94965 reg. Kerzen    0/250/250 von 250  Tagen gewertet (1m/5m/15m)     6264 Signale  502 ms lesen  23519 ms rechnen
2026-09-07T23:30:02.213Z  CRBG/2026       roh          64400 reg. Kerzen    0/166/166 von 166  Tagen gewertet (1m/5m/15m)     4331 Signale  263 ms lesen  16986 ms rechnen
2026-09-07T23:30:02.605Z  CREG/2016       bereinigt     3210 reg. Kerzen        0/0/0 von 152  Tagen gewertet (1m/5m/15m)        0 Signale  61 ms lesen  37 ms rechnen
2026-09-07T23:30:02.837Z  CREG/2017       bereinigt    10285 reg. Kerzen        0/0/0 von 251  Tagen gewertet (1m/5m/15m)        0 Signale  110 ms lesen  107 ms rechnen
2026-09-07T23:30:03.355Z  CREG/2018       bereinigt    19376 reg. Kerzen        0/0/0 von 251  Tagen gewertet (1m/5m/15m)        0 Signale  207 ms lesen  257 ms rechnen
2026-09-07T23:30:03.890Z  CREG/2019       bereinigt    26312 reg. Kerzen        0/0/0 von 252  Tagen gewertet (1m/5m/15m)        0 Signale  154 ms lesen  293 ms rechnen
2026-09-07T23:30:04.773Z  CREG/2020       bereinigt    35308 reg. Kerzen        0/0/0 von 253  Tagen gewertet (1m/5m/15m)        0 Signale  358 ms lesen  400 ms rechnen
2026-09-07T23:30:05.462Z  CREG/2021       bereinigt    24039 reg. Kerzen        0/0/0 von 252  Tagen gewertet (1m/5m/15m)        0 Signale  153 ms lesen  252 ms rechnen
2026-09-07T23:30:05.818Z  CREG/2022       bereinigt     6348 reg. Kerzen        0/0/0 von 251  Tagen gewertet (1m/5m/15m)        0 Signale  131 ms lesen  118 ms rechnen
2026-09-07T23:30:05.968Z  CREG/2023       bereinigt     7707 reg. Kerzen        0/0/0 von 250  Tagen gewertet (1m/5m/15m)        0 Signale  33 ms lesen  91 ms rechnen
2026-09-07T23:30:06.168Z  CREG/2024       bereinigt     8261 reg. Kerzen        0/0/0 von 252  Tagen gewertet (1m/5m/15m)        0 Signale  72 ms lesen  94 ms rechnen
2026-09-07T23:30:06.639Z  CREG/2025       bereinigt    16451 reg. Kerzen        0/0/0 von 250  Tagen gewertet (1m/5m/15m)        0 Signale  129 ms lesen  243 ms rechnen
2026-09-07T23:30:07.362Z  CREG/2026       bereinigt    21479 reg. Kerzen        0/0/0 von 136  Tagen gewertet (1m/5m/15m)        0 Signale  315 ms lesen  334 ms rechnen
2026-09-07T23:30:29.174Z  CRI/2016        roh          83625 reg. Kerzen    0/232/232 von 252  Tagen gewertet (1m/5m/15m)     5853 Signale  349 ms lesen  21282 ms rechnen
2026-09-07T23:30:52.471Z  CRI/2017        roh          81980 reg. Kerzen    0/251/251 von 251  Tagen gewertet (1m/5m/15m)     6253 Signale  294 ms lesen  22620 ms rechnen
2026-09-07T23:31:17.381Z  CRI/2018        roh          84683 reg. Kerzen    0/251/251 von 251  Tagen gewertet (1m/5m/15m)     6393 Signale  273 ms lesen  24247 ms rechnen
2026-09-07T23:31:41.911Z  CRI/2019        roh          84050 reg. Kerzen    0/252/252 von 252  Tagen gewertet (1m/5m/15m)     6488 Signale  351 ms lesen  23763 ms rechnen
2026-09-07T23:32:08.709Z  CRI/2020        roh          84043 reg. Kerzen    0/253/253 von 253  Tagen gewertet (1m/5m/15m)     6730 Signale  321 ms lesen  26126 ms rechnen
2026-09-07T23:32:34.114Z  CRI/2021        roh          80082 reg. Kerzen    0/250/250 von 252  Tagen gewertet (1m/5m/15m)     6605 Signale  257 ms lesen  24743 ms rechnen
2026-09-07T23:32:59.554Z  CRI/2022        roh          83080 reg. Kerzen    0/249/249 von 251  Tagen gewertet (1m/5m/15m)     6649 Signale  233 ms lesen  24849 ms rechnen
2026-09-07T23:33:24.637Z  CRI/2023        roh          82440 reg. Kerzen    0/250/250 von 250  Tagen gewertet (1m/5m/15m)     6515 Signale  220 ms lesen  24411 ms rechnen
2026-09-07T23:33:49.612Z  CRI/2024        roh          85946 reg. Kerzen    0/252/252 von 252  Tagen gewertet (1m/5m/15m)     6554 Signale  287 ms lesen  24240 ms rechnen
2026-09-07T23:34:16.896Z  CRI/2025        roh          86905 reg. Kerzen    0/250/250 von 250  Tagen gewertet (1m/5m/15m)     6796 Signale  227 ms lesen  26637 ms rechnen
2026-09-07T23:34:34.525Z  CRI/2026        roh          55113 reg. Kerzen    0/166/166 von 166  Tagen gewertet (1m/5m/15m)     4402 Signale  168 ms lesen  17087 ms rechnen
2026-09-07T23:34:35.062Z  CRNX/2018       roh           9472 reg. Kerzen        0/0/0 von 115  Tagen gewertet (1m/5m/15m)        0 Signale  37 ms lesen  121 ms rechnen
2026-09-07T23:34:35.397Z  CRNX/2019       roh          19661 reg. Kerzen        0/0/0 von 252  Tagen gewertet (1m/5m/15m)        0 Signale  66 ms lesen  231 ms rechnen
2026-09-07T23:34:36.013Z  CRNX/2020       roh          33029 reg. Kerzen        0/0/0 von 253  Tagen gewertet (1m/5m/15m)        0 Signale  155 ms lesen  374 ms rechnen
2026-09-07T23:34:38.291Z  CRNX/2021       roh          36927 reg. Kerzen      0/14/14 von 252  Tagen gewertet (1m/5m/15m)      374 Signale  225 ms lesen  1867 ms rechnen
2026-09-07T23:34:41.089Z  CRNX/2022       roh          50418 reg. Kerzen      0/18/18 von 251  Tagen gewertet (1m/5m/15m)      474 Signale  151 ms lesen  2483 ms rechnen
2026-09-07T23:35:03.855Z  CRNX/2023       roh          67277 reg. Kerzen    0/203/203 von 250  Tagen gewertet (1m/5m/15m)     5412 Signale  205 ms lesen  22179 ms rechnen
2026-09-07T23:35:30.835Z  CRNX/2024       roh          72034 reg. Kerzen    0/252/252 von 252  Tagen gewertet (1m/5m/15m)     6901 Signale  219 ms lesen  26442 ms rechnen
2026-09-07T23:35:58.832Z  CRNX/2025       roh          78186 reg. Kerzen    0/250/250 von 250  Tagen gewertet (1m/5m/15m)     6736 Signale  323 ms lesen  27343 ms rechnen
2026-09-07T23:36:14.905Z  CRNX/2026       roh          54920 reg. Kerzen    0/166/166 von 166  Tagen gewertet (1m/5m/15m)     3999 Signale  189 ms lesen  15545 ms rechnen
2026-09-07T23:36:38.580Z  CRTO/2016       roh          77722 reg. Kerzen    0/232/232 von 252  Tagen gewertet (1m/5m/15m)     6269 Signale  198 ms lesen  23214 ms rechnen
2026-09-07T23:37:04.370Z  CRTO/2017       roh          77834 reg. Kerzen    0/251/251 von 251  Tagen gewertet (1m/5m/15m)     6708 Signale  216 ms lesen  25155 ms rechnen
2026-09-07T23:37:31.454Z  CRTO/2018       roh          78703 reg. Kerzen    0/249/249 von 251  Tagen gewertet (1m/5m/15m)     6560 Signale  254 ms lesen  26451 ms rechnen
2026-09-07T23:37:56.543Z  CRTO/2019       roh          69852 reg. Kerzen    0/230/230 von 252  Tagen gewertet (1m/5m/15m)     6182 Signale  310 ms lesen  24326 ms rechnen
2026-09-07T23:38:10.375Z  CRTO/2020       roh          66629 reg. Kerzen    0/120/121 von 253  Tagen gewertet (1m/5m/15m)     3318 Signale  303 ms lesen  13193 ms rechnen
2026-09-07T23:38:38.589Z  CRTO/2021       roh          65507 reg. Kerzen    0/246/251 von 252  Tagen gewertet (1m/5m/15m)     6677 Signale  268 ms lesen  27653 ms rechnen
2026-09-07T23:39:00.392Z  CRTO/2022       roh          54742 reg. Kerzen    0/180/184 von 251  Tagen gewertet (1m/5m/15m)     4892 Signale  359 ms lesen  20849 ms rechnen
2026-09-07T23:39:16.622Z  CRTO/2023       roh          50194 reg. Kerzen    0/152/159 von 250  Tagen gewertet (1m/5m/15m)     3892 Signale  195 ms lesen  15756 ms rechnen
2026-09-07T23:39:38.289Z  CRTO/2024       roh          51738 reg. Kerzen    0/211/230 von 252  Tagen gewertet (1m/5m/15m)     5622 Signale  202 ms lesen  21219 ms rechnen
2026-09-07T23:40:04.484Z  CRTO/2025       roh          58607 reg. Kerzen    0/249/250 von 250  Tagen gewertet (1m/5m/15m)     6668 Signale  198 ms lesen  25749 ms rechnen
2026-09-07T23:40:15.330Z  CRTO/2026       roh          34975 reg. Kerzen     0/99/102 von 166  Tagen gewertet (1m/5m/15m)     2725 Signale  140 ms lesen  10435 ms rechnen
2026-09-07T23:40:41.331Z  CRZO/2016       roh          96625 reg. Kerzen    0/232/232 von 252  Tagen gewertet (1m/5m/15m)     6409 Signale  265 ms lesen  25439 ms rechnen
2026-09-07T23:41:09.760Z  CRZO/2017       roh          95514 reg. Kerzen    0/251/251 von 251  Tagen gewertet (1m/5m/15m)     6771 Signale  284 ms lesen  27709 ms rechnen
2026-09-07T23:41:39.420Z  CRZO/2018       roh          95827 reg. Kerzen    0/249/249 von 251  Tagen gewertet (1m/5m/15m)     6876 Signale  490 ms lesen  28573 ms rechnen
2026-09-07T23:42:08.219Z  CRZO/2019       roh          95089 reg. Kerzen    0/246/246 von 246  Tagen gewertet (1m/5m/15m)     6801 Signale  268 ms lesen  28076 ms rechnen
2026-09-07T23:42:08.994Z  CSCW/2020       bereinigt    17488 reg. Kerzen        0/0/0 von 64   Tagen gewertet (1m/5m/15m)        0 Signale  93 ms lesen  189 ms rechnen
2026-09-07T23:42:19.447Z  CSCW/2021       bereinigt    81990 reg. Kerzen      0/65/65 von 252  Tagen gewertet (1m/5m/15m)     1752 Signale  538 ms lesen  9757 ms rechnen
2026-09-07T23:42:20.787Z  CSCW/2022       bereinigt    61841 reg. Kerzen        0/0/0 von 209  Tagen gewertet (1m/5m/15m)        0 Signale  309 ms lesen  659 ms rechnen
2026-09-07T23:42:21.726Z  CSLR/2023       roh           9549 reg. Kerzen        0/0/0 von 116  Tagen gewertet (1m/5m/15m)        0 Signale  84 ms lesen  231 ms rechnen
2026-09-07T23:42:23.114Z  CSLR/2024       roh          35088 reg. Kerzen        0/0/0 von 252  Tagen gewertet (1m/5m/15m)        0 Signale  186 ms lesen  963 ms rechnen
2026-09-07T23:42:23.624Z  CSLR/2025       roh          12328 reg. Kerzen        0/0/0 von 74   Tagen gewertet (1m/5m/15m)        0 Signale  101 ms lesen  197 ms rechnen
2026-09-07T23:42:46.750Z  CST/2016        roh          79926 reg. Kerzen    0/232/232 von 252  Tagen gewertet (1m/5m/15m)     5197 Signale  266 ms lesen  22799 ms rechnen
2026-09-07T23:42:55.349Z  CST/2017        roh          33894 reg. Kerzen    0/122/122 von 122  Tagen gewertet (1m/5m/15m)     1794 Signale  75 ms lesen  7940 ms rechnen
2026-09-07T23:43:19.315Z  CSX/2016        bereinigt    97986 reg. Kerzen    0/232/232 von 252  Tagen gewertet (1m/5m/15m)     5837 Signale  632 ms lesen  23169 ms rechnen
2026-09-07T23:43:42.802Z  CSX/2017        bereinigt    97483 reg. Kerzen    0/251/251 von 251  Tagen gewertet (1m/5m/15m)     6148 Signale  900 ms lesen  22006 ms rechnen
2026-09-07T23:44:08.270Z  CSX/2018        bereinigt    96546 reg. Kerzen    0/249/249 von 251  Tagen gewertet (1m/5m/15m)     6232 Signale  865 ms lesen  24107 ms rechnen
2026-09-07T23:44:31.563Z  CSX/2019        bereinigt    97716 reg. Kerzen    0/252/252 von 252  Tagen gewertet (1m/5m/15m)     6165 Signale  451 ms lesen  22365 ms rechnen
2026-09-07T23:44:57.542Z  CSX/2020        bereinigt    98215 reg. Kerzen    0/253/253 von 253  Tagen gewertet (1m/5m/15m)     6539 Signale  432 ms lesen  24960 ms rechnen
2026-09-07T23:45:20.893Z  CSX/2021        bereinigt    98072 reg. Kerzen    0/252/252 von 252  Tagen gewertet (1m/5m/15m)     6052 Signale  463 ms lesen  22219 ms rechnen
2026-09-07T23:45:45.440Z  CSX/2022        roh          97709 reg. Kerzen    0/251/251 von 251  Tagen gewertet (1m/5m/15m)     6417 Signale  341 ms lesen  23745 ms rechnen
2026-09-07T23:46:09.594Z  CSX/2023        roh          97135 reg. Kerzen    0/250/250 von 250  Tagen gewertet (1m/5m/15m)     6220 Signale  506 ms lesen  23155 ms rechnen
2026-09-07T23:46:32.431Z  CSX/2024        roh          97716 reg. Kerzen    0/252/252 von 252  Tagen gewertet (1m/5m/15m)     5896 Signale  366 ms lesen  22002 ms rechnen
2026-09-07T23:46:56.494Z  CSX/2025        roh          96952 reg. Kerzen    0/250/250 von 250  Tagen gewertet (1m/5m/15m)     6057 Signale  352 ms lesen  23140 ms rechnen
2026-09-07T23:47:11.960Z  CSX/2026        roh          64737 reg. Kerzen    0/166/166 von 166  Tagen gewertet (1m/5m/15m)     4118 Signale  245 ms lesen  14809 ms rechnen
2026-09-07T23:47:12.497Z  CTG/2016        roh          14306 reg. Kerzen        0/0/0 von 252  Tagen gewertet (1m/5m/15m)        0 Signale  47 ms lesen  170 ms rechnen
2026-09-07T23:47:12.816Z  CTG/2017        roh          13406 reg. Kerzen        0/0/0 von 251  Tagen gewertet (1m/5m/15m)        0 Signale  48 ms lesen  194 ms rechnen
2026-09-07T23:47:13.147Z  CTG/2018        roh          17700 reg. Kerzen        0/0/0 von 250  Tagen gewertet (1m/5m/15m)        0 Signale  58 ms lesen  203 ms rechnen
2026-09-07T23:47:13.495Z  CTG/2019        roh           9753 reg. Kerzen        0/0/0 von 252  Tagen gewertet (1m/5m/15m)        0 Signale  59 ms lesen  139 ms rechnen
2026-09-07T23:47:13.864Z  CTG/2020        roh           9022 reg. Kerzen        0/0/0 von 253  Tagen gewertet (1m/5m/15m)        0 Signale  135 ms lesen  156 ms rechnen
2026-09-07T23:47:14.283Z  CTG/2021        roh          12587 reg. Kerzen        0/0/0 von 252  Tagen gewertet (1m/5m/15m)        0 Signale  110 ms lesen  270 ms rechnen
2026-09-07T23:47:14.533Z  CTG/2022        roh           8510 reg. Kerzen        0/0/0 von 251  Tagen gewertet (1m/5m/15m)        0 Signale  93 ms lesen  104 ms rechnen
2026-09-07T23:47:14.878Z  CTG/2023        roh          13872 reg. Kerzen        0/0/0 von 238  Tagen gewertet (1m/5m/15m)        0 Signale  150 ms lesen  158 ms rechnen
2026-09-07T23:47:15.261Z  CTO/2016        bereinigt     7859 reg. Kerzen        0/0/0 von 252  Tagen gewertet (1m/5m/15m)        0 Signale  181 ms lesen  98 ms rechnen
2026-09-07T23:47:15.478Z  CTO/2017        bereinigt     5546 reg. Kerzen        0/0/0 von 251  Tagen gewertet (1m/5m/15m)        0 Signale  21 ms lesen  158 ms rechnen
2026-09-07T23:47:15.644Z  CTO/2018        bereinigt     5750 reg. Kerzen        0/0/0 von 251  Tagen gewertet (1m/5m/15m)        0 Signale  48 ms lesen  77 ms rechnen
2026-09-07T23:47:15.914Z  CTO/2019        bereinigt     9217 reg. Kerzen        0/0/0 von 252  Tagen gewertet (1m/5m/15m)        0 Signale  74 ms lesen  167 ms rechnen
2026-09-07T23:47:16.171Z  CTO/2020        bereinigt    13380 reg. Kerzen        0/0/0 von 253  Tagen gewertet (1m/5m/15m)        0 Signale  62 ms lesen  154 ms rechnen
2026-09-07T23:47:16.633Z  CTO/2021        bereinigt    17217 reg. Kerzen        0/0/0 von 252  Tagen gewertet (1m/5m/15m)        0 Signale  169 ms lesen  230 ms rechnen
2026-09-07T23:47:17.265Z  CTO/2022        bereinigt    26778 reg. Kerzen        0/0/0 von 250  Tagen gewertet (1m/5m/15m)        0 Signale  228 ms lesen  313 ms rechnen
2026-09-07T23:47:18.466Z  CTO/2023        roh          36450 reg. Kerzen        0/4/4 von 250  Tagen gewertet (1m/5m/15m)      105 Signale  91 ms lesen  956 ms rechnen
2026-09-07T23:47:24.933Z  CTO/2024        roh          44594 reg. Kerzen      0/60/60 von 252  Tagen gewertet (1m/5m/15m)     1454 Signale  275 ms lesen  6046 ms rechnen
2026-09-07T23:47:30.442Z  CTO/2025        roh          50740 reg. Kerzen      0/46/46 von 250  Tagen gewertet (1m/5m/15m)     1203 Signale  212 ms lesen  5055 ms rechnen
2026-09-07T23:47:36.728Z  CTO/2026        roh          30399 reg. Kerzen      0/65/65 von 166  Tagen gewertet (1m/5m/15m)     1567 Signale  210 ms lesen  5748 ms rechnen
2026-09-07T23:47:58.042Z  CTSH/2016       roh          97929 reg. Kerzen    0/232/232 von 252  Tagen gewertet (1m/5m/15m)     5720 Signale  438 ms lesen  20727 ms rechnen
2026-09-07T23:48:18.733Z  CTSH/2017       roh          97046 reg. Kerzen    0/251/251 von 251  Tagen gewertet (1m/5m/15m)     5643 Signale  255 ms lesen  19875 ms rechnen
2026-09-07T23:48:40.994Z  CTSH/2018       roh          96379 reg. Kerzen    0/249/249 von 251  Tagen gewertet (1m/5m/15m)     5870 Signale  274 ms lesen  21562 ms rechnen
2026-09-07T23:49:05.232Z  CTSH/2019       roh          97602 reg. Kerzen    0/252/252 von 252  Tagen gewertet (1m/5m/15m)     5929 Signale  400 ms lesen  23328 ms rechnen
2026-09-07T23:49:32.272Z  CTSH/2020       roh          97961 reg. Kerzen    0/253/253 von 253  Tagen gewertet (1m/5m/15m)     6526 Signale  399 ms lesen  26198 ms rechnen
2026-09-07T23:49:55.812Z  CTSH/2021       roh          97573 reg. Kerzen    0/252/252 von 252  Tagen gewertet (1m/5m/15m)     6070 Signale  476 ms lesen  22576 ms rechnen
2026-09-07T23:50:21.957Z  CTSH/2022       roh          97574 reg. Kerzen    0/251/251 von 251  Tagen gewertet (1m/5m/15m)     6577 Signale  423 ms lesen  25280 ms rechnen
2026-09-07T23:50:44.229Z  CTSH/2023       roh          96867 reg. Kerzen    0/250/250 von 250  Tagen gewertet (1m/5m/15m)     6021 Signale  344 ms lesen  21491 ms rechnen
2026-09-07T23:51:06.383Z  CTSH/2024       roh          96778 reg. Kerzen    0/252/252 von 252  Tagen gewertet (1m/5m/15m)     5880 Signale  216 ms lesen  21496 ms rechnen
2026-09-07T23:51:30.477Z  CTSH/2025       roh          96383 reg. Kerzen    0/250/250 von 250  Tagen gewertet (1m/5m/15m)     6108 Signale  317 ms lesen  23329 ms rechnen
2026-09-07T23:51:48.143Z  CTSH/2026       roh          64713 reg. Kerzen    0/166/166 von 166  Tagen gewertet (1m/5m/15m)     4357 Signale  365 ms lesen  16857 ms rechnen
2026-09-07T23:52:10.056Z  CUBE/2016       roh          94853 reg. Kerzen    0/232/232 von 252  Tagen gewertet (1m/5m/15m)     5845 Signale  297 ms lesen  21289 ms rechnen
2026-09-07T23:52:32.460Z  CUBE/2017       roh          91755 reg. Kerzen    0/251/251 von 251  Tagen gewertet (1m/5m/15m)     6068 Signale  272 ms lesen  21679 ms rechnen
2026-09-07T23:52:56.426Z  CUBE/2018       roh          93109 reg. Kerzen    0/251/251 von 251  Tagen gewertet (1m/5m/15m)     6065 Signale  434 ms lesen  23053 ms rechnen
2026-09-07T23:53:18.709Z  CUBE/2019       roh          94109 reg. Kerzen    0/252/252 von 252  Tagen gewertet (1m/5m/15m)     5773 Signale  257 ms lesen  21526 ms rechnen
2026-09-07T23:53:44.493Z  CUBE/2020       roh          94173 reg. Kerzen    0/253/253 von 253  Tagen gewertet (1m/5m/15m)     6403 Signale  334 ms lesen  24966 ms rechnen
2026-09-07T23:53:48.653Z  CHECKPOINT 1400 Dateien, 319 min, Detektorfehler {}
2026-09-07T23:54:11.349Z  CUBE/2021       roh          89587 reg. Kerzen    0/250/250 von 252  Tagen gewertet (1m/5m/15m)     6025 Signale  453 ms lesen  22238 ms rechnen
2026-09-07T23:54:35.894Z  CUBE/2022       roh          94059 reg. Kerzen    0/249/249 von 251  Tagen gewertet (1m/5m/15m)     6559 Signale  304 ms lesen  23810 ms rechnen
2026-09-07T23:55:00.081Z  CUBE/2023       roh          94302 reg. Kerzen    0/250/250 von 250  Tagen gewertet (1m/5m/15m)     6305 Signale  440 ms lesen  23235 ms rechnen
2026-09-07T23:55:23.742Z  CUBE/2024       roh          91093 reg. Kerzen    0/252/252 von 252  Tagen gewertet (1m/5m/15m)     6221 Signale  258 ms lesen  22906 ms rechnen
2026-09-07T23:55:48.412Z  CUBE/2025       roh          91594 reg. Kerzen    0/250/250 von 250  Tagen gewertet (1m/5m/15m)     6245 Signale  367 ms lesen  23786 ms rechnen
2026-09-07T23:56:04.134Z  CUBE/2026       roh          62609 reg. Kerzen    0/166/166 von 166  Tagen gewertet (1m/5m/15m)     4230 Signale  232 ms lesen  15048 ms rechnen
2026-09-07T23:56:04.796Z  CUNB/2016       roh          15378 reg. Kerzen        0/0/0 von 252  Tagen gewertet (1m/5m/15m)        0 Signale  180 ms lesen  208 ms rechnen
2026-09-07T23:56:08.279Z  CUNB/2017       roh          24508 reg. Kerzen      0/26/29 von 203  Tagen gewertet (1m/5m/15m)      644 Signale  193 ms lesen  3202 ms rechnen
2026-09-07T23:56:29.603Z  CVBF/2016       roh          78536 reg. Kerzen    0/226/226 von 252  Tagen gewertet (1m/5m/15m)     5704 Signale  269 ms lesen  20895 ms rechnen
2026-09-07T23:56:50.126Z  CVBF/2017       roh          64718 reg. Kerzen    0/210/210 von 251  Tagen gewertet (1m/5m/15m)     5435 Signale  170 ms lesen  19953 ms rechnen
2026-09-07T23:57:14.948Z  CVBF/2018       roh          76174 reg. Kerzen    0/249/249 von 251  Tagen gewertet (1m/5m/15m)     6216 Signale  254 ms lesen  24248 ms rechnen
2026-09-07T23:57:38.895Z  CVBF/2019       roh          77154 reg. Kerzen    0/252/252 von 252  Tagen gewertet (1m/5m/15m)     6089 Signale  166 ms lesen  23366 ms rechnen
2026-09-07T23:57:58.570Z  CVBF/2020       roh          77206 reg. Kerzen    0/187/187 von 253  Tagen gewertet (1m/5m/15m)     4998 Signale  357 ms lesen  18919 ms rechnen
2026-09-07T23:58:21.269Z  CVBF/2021       roh          70624 reg. Kerzen    0/219/219 von 252  Tagen gewertet (1m/5m/15m)     5572 Signale  272 ms lesen  21778 ms rechnen
2026-09-07T23:58:45.756Z  CVBF/2022       roh          81684 reg. Kerzen    0/251/251 von 251  Tagen gewertet (1m/5m/15m)     6463 Signale  203 ms lesen  23856 ms rechnen
2026-09-07T23:59:11.739Z  CVBF/2023       roh          86941 reg. Kerzen    0/250/250 von 250  Tagen gewertet (1m/5m/15m)     6582 Signale  234 ms lesen  25287 ms rechnen
2026-09-07T23:59:37.160Z  CVBF/2024       roh          81729 reg. Kerzen    0/252/252 von 252  Tagen gewertet (1m/5m/15m)     6427 Signale  264 ms lesen  24706 ms rechnen
2026-09-08T00:00:01.910Z  CVBF/2025       roh          74752 reg. Kerzen    0/250/250 von 250  Tagen gewertet (1m/5m/15m)     6337 Signale  205 ms lesen  24181 ms rechnen
2026-09-08T00:00:18.518Z  CVBF/2026       roh          58922 reg. Kerzen    0/166/166 von 166  Tagen gewertet (1m/5m/15m)     4210 Signale  261 ms lesen  15885 ms rechnen
2026-09-08T00:00:36.222Z  CVGW/2016       roh          45455 reg. Kerzen    0/167/216 von 252  Tagen gewertet (1m/5m/15m)     4796 Signale  229 ms lesen  17180 ms rechnen
2026-09-08T00:00:56.186Z  CVGW/2017       roh          46589 reg. Kerzen    0/203/224 von 251  Tagen gewertet (1m/5m/15m)     5279 Signale  211 ms lesen  19526 ms rechnen
2026-09-08T00:01:17.698Z  CVGW/2018       roh          43984 reg. Kerzen    0/209/248 von 251  Tagen gewertet (1m/5m/15m)     5661 Signale  232 ms lesen  21061 ms rechnen
2026-09-08T00:01:38.066Z  CVGW/2019       roh          43169 reg. Kerzen    0/202/251 von 252  Tagen gewertet (1m/5m/15m)     5695 Signale  153 ms lesen  19997 ms rechnen
2026-09-08T00:01:53.319Z  CVGW/2020       roh          43146 reg. Kerzen    0/144/160 von 253  Tagen gewertet (1m/5m/15m)     3936 Signale  164 ms lesen  14888 ms rechnen
2026-09-08T00:02:01.753Z  CVGW/2021       roh          36634 reg. Kerzen     0/74/106 von 252  Tagen gewertet (1m/5m/15m)     2227 Signale  258 ms lesen  8003 ms rechnen
2026-09-08T00:02:02.765Z  CVGW/2022       roh          29035 reg. Kerzen        0/3/8 von 251  Tagen gewertet (1m/5m/15m)      130 Signale  98 ms lesen  733 ms rechnen
2026-09-08T00:02:04.263Z  CVGW/2023       roh          33458 reg. Kerzen        0/7/9 von 250  Tagen gewertet (1m/5m/15m)      188 Signale  177 ms lesen  1198 ms rechnen
2026-09-08T00:02:06.418Z  CVGW/2024       roh          37306 reg. Kerzen      0/11/14 von 252  Tagen gewertet (1m/5m/15m)      298 Signale  141 ms lesen  1843 ms rechnen
2026-09-08T00:02:12.455Z  CVGW/2025       roh          42885 reg. Kerzen      0/49/50 von 250  Tagen gewertet (1m/5m/15m)     1271 Signale  164 ms lesen  5669 ms rechnen
2026-09-08T00:02:18.700Z  CVGW/2026       roh          20006 reg. Kerzen      0/64/70 von 100  Tagen gewertet (1m/5m/15m)     1642 Signale  59 ms lesen  6001 ms rechnen
2026-09-08T00:02:19.398Z  CVO/2016        bereinigt    28943 reg. Kerzen        0/0/0 von 252  Tagen gewertet (1m/5m/15m)        0 Signale  175 ms lesen  415 ms rechnen
2026-09-08T00:02:19.829Z  CVO/2017        roh          16098 reg. Kerzen        0/0/0 von 251  Tagen gewertet (1m/5m/15m)        0 Signale  78 ms lesen  211 ms rechnen
2026-09-08T00:02:20.048Z  CVO/2018        roh           6469 reg. Kerzen        0/0/0 von 29   Tagen gewertet (1m/5m/15m)        0 Signale  44 ms lesen  87 ms rechnen
2026-09-08T00:02:41.084Z  CW/2016         roh          59783 reg. Kerzen    0/232/232 von 252  Tagen gewertet (1m/5m/15m)     5651 Signale  196 ms lesen  20719 ms rechnen
2026-09-08T00:03:02.314Z  CW/2017         roh          55329 reg. Kerzen    0/247/251 von 251  Tagen gewertet (1m/5m/15m)     5960 Signale  286 ms lesen  20642 ms rechnen
2026-09-08T00:03:25.564Z  CW/2018         roh          52913 reg. Kerzen    0/244/251 von 251  Tagen gewertet (1m/5m/15m)     6228 Signale  200 ms lesen  22768 ms rechnen
2026-09-08T00:03:47.770Z  CW/2019         roh          53498 reg. Kerzen    0/246/251 von 252  Tagen gewertet (1m/5m/15m)     6015 Signale  205 ms lesen  21612 ms rechnen
2026-09-08T00:04:12.741Z  CW/2020         roh          63125 reg. Kerzen    0/252/253 von 253  Tagen gewertet (1m/5m/15m)     6577 Signale  330 ms lesen  24379 ms rechnen
2026-09-08T00:04:33.886Z  CW/2021         roh          45746 reg. Kerzen    0/222/250 von 252  Tagen gewertet (1m/5m/15m)     5903 Signale  261 ms lesen  20483 ms rechnen
2026-09-08T00:04:53.970Z  CW/2022         roh          42764 reg. Kerzen    0/202/248 von 251  Tagen gewertet (1m/5m/15m)     5642 Signale  219 ms lesen  19644 ms rechnen
2026-09-08T00:05:08.563Z  CW/2023         roh          33740 reg. Kerzen    0/140/250 von 250  Tagen gewertet (1m/5m/15m)     4335 Signale  176 ms lesen  14168 ms rechnen
2026-09-08T00:05:24.079Z  CW/2024         roh          37309 reg. Kerzen    0/159/251 von 252  Tagen gewertet (1m/5m/15m)     4692 Signale  218 ms lesen  15142 ms rechnen
2026-09-08T00:05:43.886Z  CW/2025         roh          45104 reg. Kerzen    0/198/250 von 250  Tagen gewertet (1m/5m/15m)     5602 Signale  280 ms lesen  19366 ms rechnen
2026-09-08T00:06:01.073Z  CW/2026         roh          44107 reg. Kerzen    0/166/166 von 166  Tagen gewertet (1m/5m/15m)     4475 Signale  209 ms lesen  16792 ms rechnen
2026-09-08T00:06:10.579Z  CWK/2018        roh          29683 reg. Kerzen      0/84/84 von 104  Tagen gewertet (1m/5m/15m)     2215 Signale  119 ms lesen  9161 ms rechnen
2026-09-08T00:06:33.436Z  CWK/2019        roh          72469 reg. Kerzen    0/233/233 von 252  Tagen gewertet (1m/5m/15m)     6072 Signale  234 ms lesen  22490 ms rechnen
2026-09-08T00:06:59.666Z  CWK/2020        roh          76793 reg. Kerzen    0/228/228 von 253  Tagen gewertet (1m/5m/15m)     6198 Signale  256 ms lesen  25618 ms rechnen
2026-09-08T00:07:25.649Z  CWK/2021        roh          80273 reg. Kerzen    0/250/250 von 252  Tagen gewertet (1m/5m/15m)     6599 Signale  376 ms lesen  25289 ms rechnen
2026-09-08T00:07:51.632Z  CWK/2022        roh          87011 reg. Kerzen    0/249/249 von 251  Tagen gewertet (1m/5m/15m)     6667 Signale  332 ms lesen  25277 ms rechnen
2026-09-08T00:08:17.810Z  CWK/2023        roh          93156 reg. Kerzen    0/250/250 von 250  Tagen gewertet (1m/5m/15m)     6831 Signale  543 ms lesen  25167 ms rechnen
2026-09-08T00:08:43.926Z  CWK/2024        roh          91636 reg. Kerzen    0/252/252 von 252  Tagen gewertet (1m/5m/15m)     6674 Signale  235 ms lesen  25398 ms rechnen
2026-09-08T00:09:10.206Z  CWK/2025        roh          88724 reg. Kerzen    0/250/250 von 250  Tagen gewertet (1m/5m/15m)     6542 Signale  309 ms lesen  25489 ms rechnen
2026-09-08T00:09:27.794Z  CWK/2026        roh          57009 reg. Kerzen    0/166/166 von 166  Tagen gewertet (1m/5m/15m)     4396 Signale  181 ms lesen  16982 ms rechnen
2026-09-08T00:09:48.686Z  CXP/2016        roh          77321 reg. Kerzen    0/232/232 von 252  Tagen gewertet (1m/5m/15m)     5743 Signale  279 ms lesen  20283 ms rechnen
2026-09-08T00:10:10.233Z  CXP/2017        roh          75415 reg. Kerzen    0/250/250 von 251  Tagen gewertet (1m/5m/15m)     5816 Signale  293 ms lesen  20736 ms rechnen
2026-09-08T00:10:32.283Z  CXP/2018        roh          82991 reg. Kerzen    0/251/251 von 251  Tagen gewertet (1m/5m/15m)     5964 Signale  363 ms lesen  21360 ms rechnen
2026-09-08T00:10:55.039Z  CXP/2019        roh          75530 reg. Kerzen    0/252/252 von 252  Tagen gewertet (1m/5m/15m)     5957 Signale  560 ms lesen  21668 ms rechnen
2026-09-08T00:11:21.751Z  CXP/2020        roh          82921 reg. Kerzen    0/253/253 von 253  Tagen gewertet (1m/5m/15m)     6618 Signale  183 ms lesen  26091 ms rechnen
2026-09-08T00:11:43.041Z  CXP/2021        roh          70860 reg. Kerzen    0/233/233 von 235  Tagen gewertet (1m/5m/15m)     5339 Signale  298 ms lesen  20519 ms rechnen
2026-09-08T00:11:43.895Z  CYBN/2021       bereinigt    32646 reg. Kerzen        0/0/0 von 104  Tagen gewertet (1m/5m/15m)        0 Signale  230 ms lesen  281 ms rechnen
2026-09-08T00:11:45.155Z  CYBN/2022       bereinigt    62440 reg. Kerzen        0/0/0 von 251  Tagen gewertet (1m/5m/15m)        0 Signale  342 ms lesen  709 ms rechnen
2026-09-08T00:11:46.589Z  CYBN/2023       bereinigt    76525 reg. Kerzen        0/0/0 von 250  Tagen gewertet (1m/5m/15m)        0 Signale  349 ms lesen  788 ms rechnen
2026-09-08T00:11:48.336Z  CYBN/2024       bereinigt    72837 reg. Kerzen        0/0/0 von 252  Tagen gewertet (1m/5m/15m)        0 Signale  629 ms lesen  767 ms rechnen
2026-09-08T00:11:49.921Z  CYBN/2025       roh          58451 reg. Kerzen        0/3/3 von 250  Tagen gewertet (1m/5m/15m)       77 Signale  226 ms lesen  977 ms rechnen
2026-09-08T00:11:50.375Z  CYBN/2026       roh            288 reg. Kerzen        0/1/1 von 1    Tagen gewertet (1m/5m/15m)       27 Signale  21 ms lesen  130 ms rechnen
2026-09-08T00:12:11.475Z  CYS/2016        roh          88269 reg. Kerzen    0/232/232 von 252  Tagen gewertet (1m/5m/15m)     5681 Signale  331 ms lesen  20759 ms rechnen
2026-09-08T00:12:33.809Z  CYS/2017        roh          84773 reg. Kerzen    0/251/251 von 251  Tagen gewertet (1m/5m/15m)     6072 Signale  400 ms lesen  21487 ms rechnen
2026-09-08T00:12:47.167Z  CYS/2018        roh          51720 reg. Kerzen    0/146/146 von 146  Tagen gewertet (1m/5m/15m)     3561 Signale  158 ms lesen  12813 ms rechnen
2026-09-08T00:12:47.474Z  CZFC/2016       roh            756 reg. Kerzen        0/0/0 von 168  Tagen gewertet (1m/5m/15m)        0 Signale  24 ms lesen  36 ms rechnen
2026-09-08T00:12:47.557Z  CZFC/2017       roh           1885 reg. Kerzen        0/0/0 von 195  Tagen gewertet (1m/5m/15m)        0 Signale  44 ms lesen  33 ms rechnen
2026-09-08T00:12:47.614Z  CZFC/2018       roh            770 reg. Kerzen        0/0/0 von 181  Tagen gewertet (1m/5m/15m)        0 Signale  25 ms lesen  23 ms rechnen
2026-09-08T00:12:47.650Z  CZFC/2019       roh           1185 reg. Kerzen        0/0/0 von 102  Tagen gewertet (1m/5m/15m)        0 Signale  13 ms lesen  19 ms rechnen
2026-09-08T00:12:48.354Z  DAKT/2016       roh          52467 reg. Kerzen        0/0/0 von 252  Tagen gewertet (1m/5m/15m)        0 Signale  135 ms lesen  554 ms rechnen
2026-09-08T00:12:49.166Z  DAKT/2017       roh          39162 reg. Kerzen        0/0/0 von 251  Tagen gewertet (1m/5m/15m)        0 Signale  108 ms lesen  449 ms rechnen
2026-09-08T00:12:50.155Z  DAKT/2018       roh          44887 reg. Kerzen        0/0/0 von 251  Tagen gewertet (1m/5m/15m)        0 Signale  146 ms lesen  502 ms rechnen
2026-09-08T00:12:50.948Z  DAKT/2019       roh          39835 reg. Kerzen        0/0/0 von 252  Tagen gewertet (1m/5m/15m)        0 Signale  116 ms lesen  449 ms rechnen
2026-09-08T00:12:51.802Z  DAKT/2020       roh          42425 reg. Kerzen        0/0/0 von 253  Tagen gewertet (1m/5m/15m)        0 Signale  125 ms lesen  525 ms rechnen
2026-09-08T00:12:52.658Z  DAKT/2021       roh          37344 reg. Kerzen        0/0/0 von 252  Tagen gewertet (1m/5m/15m)        0 Signale  220 ms lesen  443 ms rechnen
2026-09-08T00:12:53.937Z  DAKT/2022       roh          44626 reg. Kerzen        0/0/0 von 251  Tagen gewertet (1m/5m/15m)        0 Signale  290 ms lesen  761 ms rechnen
2026-09-08T00:12:57.547Z  DAKT/2023       roh          56422 reg. Kerzen      0/23/23 von 250  Tagen gewertet (1m/5m/15m)      629 Signale  236 ms lesen  2992 ms rechnen
2026-09-08T00:13:04.530Z  DAKT/2024       roh          65178 reg. Kerzen      0/54/54 von 252  Tagen gewertet (1m/5m/15m)     1443 Signale  362 ms lesen  6279 ms rechnen
2026-09-08T00:13:14.191Z  DAKT/2025       roh          54975 reg. Kerzen      0/86/86 von 250  Tagen gewertet (1m/5m/15m)     2296 Signale  391 ms lesen  9007 ms rechnen
2026-09-08T00:13:25.716Z  DAKT/2026       roh          35324 reg. Kerzen    0/113/113 von 166  Tagen gewertet (1m/5m/15m)     3007 Signale  161 ms lesen  11106 ms rechnen
2026-09-08T00:13:25.942Z  DASH/2020       roh           5829 reg. Kerzen        0/0/0 von 16   Tagen gewertet (1m/5m/15m)        0 Signale  25 ms lesen  43 ms rechnen
2026-09-08T00:13:52.366Z  DASH/2021       roh          95725 reg. Kerzen    0/246/246 von 252  Tagen gewertet (1m/5m/15m)     6629 Signale  302 ms lesen  26094 ms rechnen
2026-09-08T00:14:20.853Z  DASH/2022       roh          96965 reg. Kerzen    0/249/249 von 251  Tagen gewertet (1m/5m/15m)     6886 Signale  419 ms lesen  27342 ms rechnen
2026-09-08T00:14:47.160Z  DASH/2023       roh          96841 reg. Kerzen    0/250/250 von 250  Tagen gewertet (1m/5m/15m)     6667 Signale  389 ms lesen  25475 ms rechnen
2026-09-08T00:15:11.522Z  DASH/2024       roh          96803 reg. Kerzen    0/252/252 von 252  Tagen gewertet (1m/5m/15m)     6549 Signale  382 ms lesen  23511 ms rechnen
2026-09-08T00:15:36.381Z  DASH/2025       roh          96231 reg. Kerzen    0/250/250 von 250  Tagen gewertet (1m/5m/15m)     6592 Signale  345 ms lesen  23974 ms rechnen
2026-09-08T00:15:54.061Z  DASH/2026       roh          64528 reg. Kerzen    0/166/166 von 166  Tagen gewertet (1m/5m/15m)     4456 Signale  322 ms lesen  16900 ms rechnen
2026-09-08T00:15:54.400Z  DBCP/2020       roh           3401 reg. Kerzen        0/0/0 von 72   Tagen gewertet (1m/5m/15m)        0 Signale  16 ms lesen  34 ms rechnen
2026-09-08T00:15:56.831Z  DCFC/2021       bereinigt    21392 reg. Kerzen      0/31/33 von 191  Tagen gewertet (1m/5m/15m)      575 Signale  150 ms lesen  2261 ms rechnen
2026-09-08T00:16:01.304Z  DCFC/2022       bereinigt    65930 reg. Kerzen      0/33/34 von 251  Tagen gewertet (1m/5m/15m)      856 Signale  245 ms lesen  4108 ms rechnen
2026-09-08T00:16:02.921Z  DCFC/2023       bereinigt    83671 reg. Kerzen        0/0/0 von 250  Tagen gewertet (1m/5m/15m)        0 Signale  390 ms lesen  903 ms rechnen
2026-09-08T00:16:03.580Z  DCFC/2024       bereinigt    18209 reg. Kerzen        0/0/0 von 74   Tagen gewertet (1m/5m/15m)        0 Signale  75 ms lesen  177 ms rechnen
2026-09-08T00:16:03.715Z  DCRB/2020       roh            603 reg. Kerzen        0/0/0 von 13   Tagen gewertet (1m/5m/15m)        0 Signale  18 ms lesen  7 ms rechnen
2026-09-08T00:16:09.691Z  DCRB/2021       roh          31766 reg. Kerzen      0/47/48 von 135  Tagen gewertet (1m/5m/15m)     1320 Signale  95 ms lesen  5877 ms rechnen
2026-09-08T00:16:09.855Z  DDMX/2019       roh            331 reg. Kerzen        0/0/0 von 115  Tagen gewertet (1m/5m/15m)        0 Signale  9 ms lesen  12 ms rechnen
2026-09-08T00:16:09.891Z  DDMX/2020       roh            197 reg. Kerzen        0/0/0 von 36   Tagen gewertet (1m/5m/15m)        0 Signale  23 ms lesen  10 ms rechnen
2026-09-08T00:16:09.987Z  DDMX/2021       roh           5024 reg. Kerzen        0/0/0 von 204  Tagen gewertet (1m/5m/15m)        0 Signale  36 ms lesen  58 ms rechnen
2026-09-08T00:16:33.207Z  DECK/2016       bereinigt    85296 reg. Kerzen    0/232/232 von 252  Tagen gewertet (1m/5m/15m)     6077 Signale  360 ms lesen  22828 ms rechnen
2026-09-08T00:16:57.358Z  DECK/2017       bereinigt    79732 reg. Kerzen    0/251/251 von 251  Tagen gewertet (1m/5m/15m)     6478 Signale  297 ms lesen  23435 ms rechnen
2026-09-08T00:17:22.750Z  DECK/2018       bereinigt    81143 reg. Kerzen    0/251/251 von 251  Tagen gewertet (1m/5m/15m)     6588 Signale  342 ms lesen  24656 ms rechnen
2026-09-08T00:17:47.527Z  DECK/2019       bereinigt    77872 reg. Kerzen    0/252/252 von 252  Tagen gewertet (1m/5m/15m)     6565 Signale  279 ms lesen  24065 ms rechnen
2026-09-08T00:18:14.809Z  DECK/2020       bereinigt    73065 reg. Kerzen    0/253/253 von 253  Tagen gewertet (1m/5m/15m)     6780 Signale  400 ms lesen  26549 ms rechnen
2026-09-08T00:18:40.196Z  DECK/2021       bereinigt    64102 reg. Kerzen    0/250/250 von 252  Tagen gewertet (1m/5m/15m)     6753 Signale  300 ms lesen  24500 ms rechnen
2026-09-08T00:19:05.927Z  DECK/2022       bereinigt    68086 reg. Kerzen    0/249/249 von 251  Tagen gewertet (1m/5m/15m)     6833 Signale  396 ms lesen  25020 ms rechnen
2026-09-08T00:19:30.562Z  DECK/2023       bereinigt    63754 reg. Kerzen    0/250/250 von 250  Tagen gewertet (1m/5m/15m)     6461 Signale  332 ms lesen  23911 ms rechnen
2026-09-08T00:19:54.442Z  DECK/2024       bereinigt    66506 reg. Kerzen    0/246/252 von 252  Tagen gewertet (1m/5m/15m)     6427 Signale  397 ms lesen  23177 ms rechnen
2026-09-08T00:20:19.112Z  DECK/2025       roh          96062 reg. Kerzen    0/250/250 von 250  Tagen gewertet (1m/5m/15m)     6608 Signale  283 ms lesen  24055 ms rechnen
2026-09-08T00:20:35.797Z  DECK/2026       roh          62621 reg. Kerzen    0/166/166 von 166  Tagen gewertet (1m/5m/15m)     4378 Signale  253 ms lesen  15929 ms rechnen
2026-09-08T00:20:36.947Z  DENN/2016       roh          72138 reg. Kerzen        0/0/0 von 252  Tagen gewertet (1m/5m/15m)        0 Signale  200 ms lesen  646 ms rechnen
2026-09-08T00:20:38.309Z  DENN/2017       roh          61910 reg. Kerzen        0/0/0 von 251  Tagen gewertet (1m/5m/15m)        0 Signale  273 ms lesen  734 ms rechnen
2026-09-08T00:20:39.356Z  DENN/2018       roh          57677 reg. Kerzen        0/0/0 von 251  Tagen gewertet (1m/5m/15m)        0 Signale  139 ms lesen  610 ms rechnen
2026-09-08T00:20:59.072Z  DENN/2019       roh          74412 reg. Kerzen    0/212/212 von 252  Tagen gewertet (1m/5m/15m)     5281 Signale  251 ms lesen  19217 ms rechnen
2026-09-08T00:21:25.966Z  DENN/2020       roh          90778 reg. Kerzen    0/253/253 von 253  Tagen gewertet (1m/5m/15m)     6841 Signale  297 ms lesen  26255 ms rechnen
2026-09-08T00:21:50.752Z  DENN/2021       roh          76482 reg. Kerzen    0/237/237 von 252  Tagen gewertet (1m/5m/15m)     6388 Signale  160 ms lesen  24186 ms rechnen
2026-09-08T00:22:07.090Z  DENN/2022       roh          79897 reg. Kerzen    0/149/149 von 251  Tagen gewertet (1m/5m/15m)     4046 Signale  234 ms lesen  15756 ms rechnen
2026-09-08T00:22:17.876Z  DENN/2023       roh          73939 reg. Kerzen      0/95/95 von 250  Tagen gewertet (1m/5m/15m)     2544 Signale  367 ms lesen  9970 ms rechnen
2026-09-08T00:22:19.179Z  DENN/2024       roh          73081 reg. Kerzen        0/0/0 von 252  Tagen gewertet (1m/5m/15m)        0 Signale  228 ms lesen  715 ms rechnen
2026-09-08T00:22:26.807Z  DENN/2025       roh          78516 reg. Kerzen      0/71/71 von 250  Tagen gewertet (1m/5m/15m)     1508 Signale  252 ms lesen  7057 ms rechnen
2026-09-08T00:22:28.007Z  DENN/2026       roh           3552 reg. Kerzen      0/11/11 von 11   Tagen gewertet (1m/5m/15m)      135 Signale  29 ms lesen  750 ms rechnen
2026-09-08T00:22:28.047Z  DFBH/2018       roh            137 reg. Kerzen        0/0/0 von 67   Tagen gewertet (1m/5m/15m)        0 Signale  11 ms lesen  8 ms rechnen
2026-09-08T00:22:28.093Z  DFBH/2019       roh            803 reg. Kerzen        0/0/0 von 118  Tagen gewertet (1m/5m/15m)        0 Signale  23 ms lesen  20 ms rechnen
2026-09-08T00:22:49.649Z  DFT/2016        roh          87475 reg. Kerzen    0/232/232 von 252  Tagen gewertet (1m/5m/15m)     5850 Signale  335 ms lesen  21200 ms rechnen
2026-09-08T00:23:06.240Z  DFT/2017        roh          57710 reg. Kerzen    0/176/176 von 176  Tagen gewertet (1m/5m/15m)     4264 Signale  255 ms lesen  15875 ms rechnen
2026-09-08T00:23:06.702Z  DGNS/2020       roh           3370 reg. Kerzen        0/0/0 von 31   Tagen gewertet (1m/5m/15m)        0 Signale  36 ms lesen  40 ms rechnen
2026-09-08T00:23:08.421Z  DGNS/2021       roh          20430 reg. Kerzen      0/19/21 von 236  Tagen gewertet (1m/5m/15m)      404 Signale  115 ms lesen  1588 ms rechnen
2026-09-08T00:23:09.392Z  DHCP/2016       roh          59657 reg. Kerzen        0/0/0 von 252  Tagen gewertet (1m/5m/15m)        0 Signale  220 ms lesen  656 ms rechnen
2026-09-08T00:23:10.764Z  DHCP/2017       roh          57758 reg. Kerzen        0/0/0 von 251  Tagen gewertet (1m/5m/15m)        0 Signale  248 ms lesen  802 ms rechnen
2026-09-08T00:23:11.296Z  DHCP/2018       roh           9027 reg. Kerzen        0/0/0 von 215  Tagen gewertet (1m/5m/15m)        0 Signale  38 ms lesen  138 ms rechnen
2026-09-08T00:23:14.029Z  DICE/2021       roh          15061 reg. Kerzen      0/21/21 von 76   Tagen gewertet (1m/5m/15m)      558 Signale  28 ms lesen  2661 ms rechnen
2026-09-08T00:23:31.316Z  DICE/2022       roh          58072 reg. Kerzen    0/145/149 von 251  Tagen gewertet (1m/5m/15m)     4010 Signale  137 ms lesen  17086 ms rechnen
2026-09-08T00:23:46.364Z  DICE/2023       roh          41976 reg. Kerzen    0/150/150 von 150  Tagen gewertet (1m/5m/15m)     3711 Signale  157 ms lesen  14648 ms rechnen
2026-09-08T00:24:09.048Z  DISCA/2016      roh          97443 reg. Kerzen    0/232/232 von 252  Tagen gewertet (1m/5m/15m)     6042 Signale  347 ms lesen  22110 ms rechnen
2026-09-08T00:24:33.684Z  DISCA/2017      roh          96387 reg. Kerzen    0/251/251 von 251  Tagen gewertet (1m/5m/15m)     6365 Signale  382 ms lesen  23744 ms rechnen
2026-09-08T00:24:58.599Z  DISCA/2018      roh          96356 reg. Kerzen    0/249/249 von 251  Tagen gewertet (1m/5m/15m)     6610 Signale  222 ms lesen  24236 ms rechnen
2026-09-08T00:25:23.717Z  DISCA/2019      roh          97470 reg. Kerzen    0/252/252 von 252  Tagen gewertet (1m/5m/15m)     6537 Signale  516 ms lesen  24027 ms rechnen
2026-09-08T00:25:49.555Z  DISCA/2020      roh          98028 reg. Kerzen    0/253/253 von 253  Tagen gewertet (1m/5m/15m)     6784 Signale  254 ms lesen  25114 ms rechnen
2026-09-08T00:26:16.992Z  DISCA/2021      roh          98004 reg. Kerzen    0/252/252 von 252  Tagen gewertet (1m/5m/15m)     6694 Signale  294 ms lesen  26520 ms rechnen
2026-09-08T00:26:25.111Z  DISCA/2022      roh          26512 reg. Kerzen      0/68/68 von 68   Tagen gewertet (1m/5m/15m)     1877 Signale  150 ms lesen  7443 ms rechnen
2026-09-08T00:26:25.373Z  DKDCA/2021      roh           1379 reg. Kerzen        0/0/0 von 83   Tagen gewertet (1m/5m/15m)        0 Signale  51 ms lesen  19 ms rechnen
2026-09-08T00:26:25.437Z  DKDCA/2022      roh            446 reg. Kerzen        0/0/0 von 146  Tagen gewertet (1m/5m/15m)        0 Signale  25 ms lesen  31 ms rechnen
2026-09-08T00:26:25.504Z  DKDCA/2023      roh           1658 reg. Kerzen        0/0/0 von 117  Tagen gewertet (1m/5m/15m)        0 Signale  14 ms lesen  49 ms rechnen
2026-09-08T00:26:48.010Z  DLPH/2016       bereinigt    97196 reg. Kerzen    0/232/232 von 252  Tagen gewertet (1m/5m/15m)     5902 Signale  559 ms lesen  21895 ms rechnen
2026-09-08T00:27:11.409Z  DLPH/2017       bereinigt    94397 reg. Kerzen    0/251/251 von 251  Tagen gewertet (1m/5m/15m)     6116 Signale  583 ms lesen  22214 ms rechnen
2026-09-08T00:27:36.451Z  DLPH/2018       roh          86821 reg. Kerzen    0/251/251 von 251  Tagen gewertet (1m/5m/15m)     6726 Signale  264 ms lesen  24253 ms rechnen
2026-09-08T00:28:05.146Z  DLPH/2019       roh          89566 reg. Kerzen    0/252/252 von 252  Tagen gewertet (1m/5m/15m)     6891 Signale  380 ms lesen  27908 ms rechnen
2026-09-08T00:28:26.408Z  DLPH/2020       roh          71126 reg. Kerzen    0/190/190 von 190  Tagen gewertet (1m/5m/15m)     5160 Signale  217 ms lesen  20630 ms rechnen
2026-09-08T00:28:26.960Z  DMPI/2016       bereinigt     3681 reg. Kerzen        0/0/0 von 121  Tagen gewertet (1m/5m/15m)        0 Signale  47 ms lesen  79 ms rechnen
2026-09-08T00:28:27.311Z  DMPI/2017       bereinigt    19513 reg. Kerzen        0/0/0 von 251  Tagen gewertet (1m/5m/15m)        0 Signale  70 ms lesen  262 ms rechnen
2026-09-08T00:28:27.772Z  DMPI/2018       bereinigt    19310 reg. Kerzen        0/0/0 von 251  Tagen gewertet (1m/5m/15m)        0 Signale  136 ms lesen  235 ms rechnen
2026-09-08T00:28:28.373Z  DMPI/2019       bereinigt    26886 reg. Kerzen        0/0/0 von 252  Tagen gewertet (1m/5m/15m)        0 Signale  193 ms lesen  308 ms rechnen
2026-09-08T00:28:28.877Z  DMPI/2020       roh          22378 reg. Kerzen        0/0/0 von 160  Tagen gewertet (1m/5m/15m)        0 Signale  120 ms lesen  273 ms rechnen
2026-09-08T00:28:38.558Z  DMYT/2020       roh          30488 reg. Kerzen      0/75/77 von 154  Tagen gewertet (1m/5m/15m)     2013 Signale  161 ms lesen  9403 ms rechnen
2026-09-08T00:28:39.077Z  DNAY/2021       roh          16493 reg. Kerzen        0/0/0 von 137  Tagen gewertet (1m/5m/15m)        0 Signale  199 ms lesen  176 ms rechnen
2026-09-08T00:28:40.057Z  DNAY/2022       roh          36810 reg. Kerzen        0/0/0 von 251  Tagen gewertet (1m/5m/15m)        0 Signale  435 ms lesen  427 ms rechnen
2026-09-08T00:28:40.268Z  DNAY/2023       roh             32 reg. Kerzen        0/0/0 von 1    Tagen gewertet (1m/5m/15m)        0 Signale  22 ms lesen  8 ms rechnen
2026-09-08T00:28:40.648Z  DNN/2016        roh          23734 reg. Kerzen        0/0/0 von 252  Tagen gewertet (1m/5m/15m)        0 Signale  88 ms lesen  278 ms rechnen
2026-09-08T00:28:41.261Z  DNN/2017        roh          31936 reg. Kerzen        0/0/0 von 251  Tagen gewertet (1m/5m/15m)        0 Signale  64 ms lesen  403 ms rechnen
2026-09-08T00:28:41.949Z  DNN/2018        roh          36369 reg. Kerzen        0/0/0 von 251  Tagen gewertet (1m/5m/15m)        0 Signale  86 ms lesen  453 ms rechnen
2026-09-08T00:28:42.561Z  DNN/2019        roh          30662 reg. Kerzen        0/0/0 von 252  Tagen gewertet (1m/5m/15m)        0 Signale  83 ms lesen  351 ms rechnen
2026-09-08T00:28:43.628Z  DNN/2020        roh          57928 reg. Kerzen        0/0/0 von 253  Tagen gewertet (1m/5m/15m)        0 Signale  204 ms lesen  558 ms rechnen
2026-09-08T00:29:10.466Z  DNN/2021        roh          96067 reg. Kerzen    0/208/208 von 252  Tagen gewertet (1m/5m/15m)     5853 Signale  339 ms lesen  26191 ms rechnen
2026-09-08T00:29:33.795Z  DNN/2022        roh          94034 reg. Kerzen    0/188/188 von 251  Tagen gewertet (1m/5m/15m)     5246 Signale  575 ms lesen  22265 ms rechnen
2026-09-08T00:29:53.128Z  DNN/2023        roh          90111 reg. Kerzen    0/152/152 von 250  Tagen gewertet (1m/5m/15m)     4176 Signale  332 ms lesen  18493 ms rechnen
2026-09-08T00:30:22.427Z  DNN/2024        roh          96347 reg. Kerzen    0/252/252 von 252  Tagen gewertet (1m/5m/15m)     7137 Signale  222 ms lesen  28455 ms rechnen
2026-09-08T00:30:52.872Z  DNN/2025        roh          96691 reg. Kerzen    0/250/250 von 250  Tagen gewertet (1m/5m/15m)     6980 Signale  462 ms lesen  29560 ms rechnen
2026-09-08T00:31:12.514Z  DNN/2026        roh          64621 reg. Kerzen    0/166/166 von 166  Tagen gewertet (1m/5m/15m)     4599 Signale  345 ms lesen  18812 ms rechnen
2026-09-08T00:31:25.430Z  DOCS/2021       roh          48943 reg. Kerzen    0/112/112 von 133  Tagen gewertet (1m/5m/15m)     3127 Signale  150 ms lesen  12431 ms rechnen
2026-09-08T00:31:54.714Z  DOCS/2022       roh          94340 reg. Kerzen    0/249/249 von 251  Tagen gewertet (1m/5m/15m)     6847 Signale  514 ms lesen  28344 ms rechnen
2026-09-08T00:32:20.990Z  DOCS/2023       roh          93568 reg. Kerzen    0/250/250 von 250  Tagen gewertet (1m/5m/15m)     6693 Signale  302 ms lesen  25532 ms rechnen
2026-09-08T00:32:47.297Z  DOCS/2024       roh          91761 reg. Kerzen    0/252/252 von 252  Tagen gewertet (1m/5m/15m)     6601 Signale  341 ms lesen  25531 ms rechnen
2026-09-08T00:33:13.561Z  DOCS/2025       roh          91906 reg. Kerzen    0/250/250 von 250  Tagen gewertet (1m/5m/15m)     6616 Signale  406 ms lesen  25431 ms rechnen
2026-09-08T00:33:31.706Z  DOCS/2026       roh          63781 reg. Kerzen    0/166/166 von 166  Tagen gewertet (1m/5m/15m)     4471 Signale  178 ms lesen  17507 ms rechnen
2026-09-08T00:33:32.053Z  DOTA/2017       roh            212 reg. Kerzen        0/0/0 von 36   Tagen gewertet (1m/5m/15m)        0 Signale  10 ms lesen  3 ms rechnen
2026-09-08T00:33:32.096Z  DOTA/2018       roh           1169 reg. Kerzen        0/0/0 von 121  Tagen gewertet (1m/5m/15m)        0 Signale  13 ms lesen  25 ms rechnen
2026-09-08T00:33:32.440Z  DPRX/2016       bereinigt    20371 reg. Kerzen        0/0/0 von 252  Tagen gewertet (1m/5m/15m)        0 Signale  87 ms lesen  239 ms rechnen
2026-09-08T00:33:32.642Z  DPRX/2017       bereinigt     3963 reg. Kerzen        0/0/0 von 74   Tagen gewertet (1m/5m/15m)        0 Signale  46 ms lesen  63 ms rechnen
2026-09-08T00:33:56.225Z  DRH/2016        roh          93622 reg. Kerzen    0/232/232 von 252  Tagen gewertet (1m/5m/15m)     6166 Signale  207 ms lesen  23278 ms rechnen
2026-09-08T00:34:21.474Z  DRH/2017        roh          92061 reg. Kerzen    0/251/251 von 251  Tagen gewertet (1m/5m/15m)     6412 Signale  339 ms lesen  24386 ms rechnen
2026-09-08T00:34:45.246Z  DRH/2018        roh          93650 reg. Kerzen    0/251/251 von 251  Tagen gewertet (1m/5m/15m)     6160 Signale  300 ms lesen  23016 ms rechnen
2026-09-08T00:35:08.934Z  DRH/2019        roh          92782 reg. Kerzen    0/252/252 von 252  Tagen gewertet (1m/5m/15m)     6354 Signale  202 ms lesen  23060 ms rechnen
2026-09-08T00:35:37.839Z  DRH/2020        roh          93697 reg. Kerzen    0/253/253 von 253  Tagen gewertet (1m/5m/15m)     6913 Signale  318 ms lesen  28142 ms rechnen
2026-09-08T00:36:04.340Z  DRH/2021        roh          90539 reg. Kerzen    0/250/250 von 252  Tagen gewertet (1m/5m/15m)     6834 Signale  407 ms lesen  25650 ms rechnen
2026-09-08T00:36:31.074Z  DRH/2022        roh          92806 reg. Kerzen    0/249/249 von 251  Tagen gewertet (1m/5m/15m)     6747 Signale  197 ms lesen  26015 ms rechnen
2026-09-08T00:36:58.336Z  DRH/2023        roh          92656 reg. Kerzen    0/250/250 von 250  Tagen gewertet (1m/5m/15m)     6543 Signale  257 ms lesen  26498 ms rechnen
2026-09-08T00:37:22.282Z  DRH/2024        roh          89098 reg. Kerzen    0/252/252 von 252  Tagen gewertet (1m/5m/15m)     6361 Signale  390 ms lesen  23130 ms rechnen
2026-09-08T00:37:48.425Z  DRH/2025        roh          89666 reg. Kerzen    0/250/250 von 250  Tagen gewertet (1m/5m/15m)     6397 Signale  302 ms lesen  25386 ms rechnen
2026-09-08T00:38:04.978Z  DRH/2026        roh          59935 reg. Kerzen    0/166/166 von 166  Tagen gewertet (1m/5m/15m)     4269 Signale  221 ms lesen  15889 ms rechnen
2026-09-08T00:38:28.717Z  DRVN/2021       roh          65614 reg. Kerzen    0/221/223 von 243  Tagen gewertet (1m/5m/15m)     5892 Signale  262 ms lesen  23202 ms rechnen
2026-09-08T00:38:56.397Z  DRVN/2022       roh          73276 reg. Kerzen    0/251/251 von 251  Tagen gewertet (1m/5m/15m)     6774 Signale  252 ms lesen  27099 ms rechnen
2026-09-08T00:39:21.672Z  DRVN/2023       roh          79484 reg. Kerzen    0/250/250 von 250  Tagen gewertet (1m/5m/15m)     6466 Signale  224 ms lesen  24720 ms rechnen
2026-09-08T00:39:47.284Z  DRVN/2024       roh          80990 reg. Kerzen    0/252/252 von 252  Tagen gewertet (1m/5m/15m)     6633 Signale  224 ms lesen  25020 ms rechnen
2026-09-08T00:40:10.382Z  DRVN/2025       roh          72150 reg. Kerzen    0/237/237 von 250  Tagen gewertet (1m/5m/15m)     6183 Signale  227 ms lesen  22444 ms rechnen
2026-09-08T00:40:28.598Z  DRVN/2026       roh          51856 reg. Kerzen    0/166/166 von 166  Tagen gewertet (1m/5m/15m)     4465 Signale  226 ms lesen  17560 ms rechnen
2026-09-08T00:40:29.364Z  DSGX/2016       roh          17576 reg. Kerzen        0/0/0 von 252  Tagen gewertet (1m/5m/15m)        0 Signale  206 ms lesen  250 ms rechnen
2026-09-08T00:40:29.848Z  DSGX/2017       roh          22700 reg. Kerzen        0/0/0 von 251  Tagen gewertet (1m/5m/15m)        0 Signale  58 ms lesen  308 ms rechnen
2026-09-08T00:40:30.589Z  DSGX/2018       roh          30580 reg. Kerzen        0/0/0 von 250  Tagen gewertet (1m/5m/15m)        0 Signale  219 ms lesen  411 ms rechnen
2026-09-08T00:40:32.420Z  DSGX/2019       roh          42123 reg. Kerzen      0/11/11 von 252  Tagen gewertet (1m/5m/15m)      291 Signale  116 ms lesen  1575 ms rechnen
2026-09-08T00:40:36.421Z  CHECKPOINT 1600 Dateien, 366 min, Detektorfehler {}
2026-09-08T00:40:53.518Z  DSGX/2020       roh          50743 reg. Kerzen    0/164/172 von 253  Tagen gewertet (1m/5m/15m)     4433 Signale  211 ms lesen  16885 ms rechnen
2026-09-08T00:41:05.764Z  DSGX/2021       roh          37353 reg. Kerzen    0/130/154 von 252  Tagen gewertet (1m/5m/15m)     3567 Signale  160 ms lesen  11819 ms rechnen
2026-09-08T00:41:30.116Z  DSGX/2022       roh          51915 reg. Kerzen    0/243/251 von 251  Tagen gewertet (1m/5m/15m)     6625 Signale  210 ms lesen  23973 ms rechnen
2026-09-08T00:41:49.293Z  DSGX/2023       roh          42472 reg. Kerzen    0/199/238 von 250  Tagen gewertet (1m/5m/15m)     5297 Signale  177 ms lesen  18711 ms rechnen
2026-09-08T00:42:08.231Z  DSGX/2024       roh          42294 reg. Kerzen    0/215/252 von 252  Tagen gewertet (1m/5m/15m)     5608 Signale  233 ms lesen  18499 ms rechnen
2026-09-08T00:42:35.306Z  DSGX/2025       roh          58869 reg. Kerzen    0/247/250 von 250  Tagen gewertet (1m/5m/15m)     6350 Signale  298 ms lesen  26582 ms rechnen
2026-09-08T00:42:55.687Z  DSGX/2026       roh          47566 reg. Kerzen    0/166/166 von 166  Tagen gewertet (1m/5m/15m)     4521 Signale  311 ms lesen  19351 ms rechnen
2026-09-08T00:42:59.004Z  DTC/2021        roh          13391 reg. Kerzen      0/25/25 von 45   Tagen gewertet (1m/5m/15m)      708 Signale  122 ms lesen  2936 ms rechnen
2026-09-08T00:43:02.048Z  DTC/2022        roh          59343 reg. Kerzen      0/19/19 von 250  Tagen gewertet (1m/5m/15m)      518 Signale  200 ms lesen  2783 ms rechnen
2026-09-08T00:43:03.185Z  DTC/2023        roh          60480 reg. Kerzen        0/1/1 von 250  Tagen gewertet (1m/5m/15m)       21 Signale  145 ms lesen  735 ms rechnen
2026-09-08T00:43:04.389Z  DTC/2024        roh          57341 reg. Kerzen        0/0/0 von 252  Tagen gewertet (1m/5m/15m)        0 Signale  234 ms lesen  671 ms rechnen
2026-09-08T00:43:04.925Z  DTC/2025        roh          14933 reg. Kerzen        0/0/0 von 79   Tagen gewertet (1m/5m/15m)        0 Signale  57 ms lesen  188 ms rechnen
2026-09-08T00:43:05.003Z  DTRT/2021       roh            225 reg. Kerzen        0/0/0 von 33   Tagen gewertet (1m/5m/15m)        0 Signale  2 ms lesen  5 ms rechnen
2026-09-08T00:43:05.044Z  DTRT/2022       roh           1292 reg. Kerzen        0/0/0 von 181  Tagen gewertet (1m/5m/15m)        0 Signale  21 ms lesen  18 ms rechnen
2026-09-08T00:43:05.074Z  DTRT/2023       roh            140 reg. Kerzen        0/0/0 von 18   Tagen gewertet (1m/5m/15m)        0 Signale  19 ms lesen  5 ms rechnen
2026-09-08T00:43:32.386Z  DVAX/2016       roh          86193 reg. Kerzen    0/232/232 von 252  Tagen gewertet (1m/5m/15m)     6344 Signale  467 ms lesen  26828 ms rechnen
2026-09-08T00:43:53.621Z  DVAX/2017       roh          84972 reg. Kerzen    0/174/174 von 250  Tagen gewertet (1m/5m/15m)     4787 Signale  272 ms lesen  20521 ms rechnen
2026-09-08T00:44:22.767Z  DVAX/2018       roh          84034 reg. Kerzen    0/249/249 von 251  Tagen gewertet (1m/5m/15m)     6823 Signale  261 ms lesen  28328 ms rechnen
2026-09-08T00:44:46.193Z  DVAX/2019       roh          86108 reg. Kerzen    0/196/196 von 252  Tagen gewertet (1m/5m/15m)     5294 Signale  246 ms lesen  22755 ms rechnen
2026-09-08T00:45:16.323Z  DVAX/2020       roh          94162 reg. Kerzen    0/241/241 von 253  Tagen gewertet (1m/5m/15m)     6555 Signale  417 ms lesen  29349 ms rechnen
2026-09-08T00:45:46.886Z  DVAX/2021       roh          94869 reg. Kerzen    0/252/252 von 252  Tagen gewertet (1m/5m/15m)     6976 Signale  449 ms lesen  29658 ms rechnen
2026-09-08T00:46:17.218Z  DVAX/2022       roh          93912 reg. Kerzen    0/251/251 von 251  Tagen gewertet (1m/5m/15m)     6859 Signale  470 ms lesen  29430 ms rechnen
2026-09-08T00:46:43.246Z  DVAX/2023       roh          89330 reg. Kerzen    0/250/250 von 250  Tagen gewertet (1m/5m/15m)     6626 Signale  477 ms lesen  25140 ms rechnen
2026-09-08T00:47:08.893Z  DVAX/2024       roh          89065 reg. Kerzen    0/252/252 von 252  Tagen gewertet (1m/5m/15m)     6469 Signale  223 ms lesen  24962 ms rechnen
2026-09-08T00:47:35.407Z  DVAX/2025       roh          88998 reg. Kerzen    0/250/250 von 250  Tagen gewertet (1m/5m/15m)     6454 Signale  251 ms lesen  25811 ms rechnen
2026-09-08T00:47:37.573Z  DVAX/2026       roh           9730 reg. Kerzen      0/26/26 von 26   Tagen gewertet (1m/5m/15m)      376 Signale  44 ms lesen  1634 ms rechnen
2026-09-08T00:47:37.686Z  DWAC/2016       roh            423 reg. Kerzen        0/0/0 von 57   Tagen gewertet (1m/5m/15m)        0 Signale  38 ms lesen  17 ms rechnen
2026-09-08T00:47:37.726Z  DWAC/2017       roh            351 reg. Kerzen        0/0/0 von 104  Tagen gewertet (1m/5m/15m)        0 Signale  17 ms lesen  20 ms rechnen
2026-09-08T00:47:37.762Z  DWAC/2018       roh             38 reg. Kerzen        0/0/0 von 18   Tagen gewertet (1m/5m/15m)        0 Signale  15 ms lesen  6 ms rechnen
2026-09-08T00:47:37.763Z  AUSGELASSEN DWAC/2019: Datei fehlt
2026-09-08T00:47:37.770Z  AUSGELASSEN DWAC/2020: Datei fehlt
2026-09-08T00:47:42.784Z  DWAC/2021       roh          19328 reg. Kerzen      0/42/42 von 65   Tagen gewertet (1m/5m/15m)     1124 Signale  101 ms lesen  4913 ms rechnen
2026-09-08T00:48:13.774Z  DWAC/2022       roh          84411 reg. Kerzen    0/251/251 von 251  Tagen gewertet (1m/5m/15m)     6855 Signale  330 ms lesen  30560 ms rechnen
2026-09-08T00:48:21.697Z  DWAC/2023       roh          48277 reg. Kerzen      0/64/65 von 250  Tagen gewertet (1m/5m/15m)     1735 Signale  251 ms lesen  7281 ms rechnen
2026-09-08T00:48:25.764Z  DWAC/2024       roh          18976 reg. Kerzen      0/29/29 von 58   Tagen gewertet (1m/5m/15m)      789 Signale  184 ms lesen  3613 ms rechnen
2026-09-08T00:48:25.987Z  DXI/2016        roh           6496 reg. Kerzen        0/0/0 von 149  Tagen gewertet (1m/5m/15m)        0 Signale  41 ms lesen  76 ms rechnen
2026-09-08T00:48:26.088Z  DYNX/2024       roh            143 reg. Kerzen        0/0/0 von 15   Tagen gewertet (1m/5m/15m)        0 Signale  19 ms lesen  17 ms rechnen
2026-09-08T00:48:27.832Z  DYNX/2025       roh           8629 reg. Kerzen      0/16/17 von 129  Tagen gewertet (1m/5m/15m)      441 Signale  42 ms lesen  1699 ms rechnen
2026-09-08T00:48:28.488Z  EARS/2016       bereinigt    30060 reg. Kerzen        0/0/0 von 252  Tagen gewertet (1m/5m/15m)        0 Signale  267 ms lesen  342 ms rechnen
2026-09-08T00:48:29.558Z  EARS/2017       bereinigt    31626 reg. Kerzen        0/0/0 von 251  Tagen gewertet (1m/5m/15m)        0 Signale  333 ms lesen  604 ms rechnen
2026-09-08T00:48:31.485Z  EARS/2018       bereinigt    48236 reg. Kerzen        0/7/7 von 251  Tagen gewertet (1m/5m/15m)      192 Signale  348 ms lesen  1416 ms rechnen
2026-09-08T00:48:32.243Z  EARS/2019       bereinigt    32246 reg. Kerzen        0/0/0 von 252  Tagen gewertet (1m/5m/15m)        0 Signale  127 ms lesen  376 ms rechnen
2026-09-08T00:48:33.503Z  EARS/2020       roh          28293 reg. Kerzen        0/6/6 von 253  Tagen gewertet (1m/5m/15m)      154 Signale  110 ms lesen  982 ms rechnen
2026-09-08T00:48:34.573Z  EARS/2021       roh          33797 reg. Kerzen        0/2/2 von 140  Tagen gewertet (1m/5m/15m)       58 Signale  370 ms lesen  554 ms rechnen
2026-09-08T00:48:38.842Z  EBIO/2016       roh          55872 reg. Kerzen      0/29/29 von 252  Tagen gewertet (1m/5m/15m)      805 Signale  268 ms lesen  3811 ms rechnen
2026-09-08T00:48:39.625Z  EBIO/2017       roh          35983 reg. Kerzen        0/0/0 von 251  Tagen gewertet (1m/5m/15m)        0 Signale  100 ms lesen  419 ms rechnen
2026-09-08T00:48:41.220Z  EBIO/2018       roh          20315 reg. Kerzen      0/12/12 von 94   Tagen gewertet (1m/5m/15m)      338 Signale  63 ms lesen  1373 ms rechnen
2026-09-08T00:49:07.391Z  ECA/2016        bereinigt    98035 reg. Kerzen    0/232/232 von 252  Tagen gewertet (1m/5m/15m)     6424 Signale  412 ms lesen  25629 ms rechnen
2026-09-08T00:49:35.274Z  ECA/2017        bereinigt    97404 reg. Kerzen    0/251/251 von 251  Tagen gewertet (1m/5m/15m)     6733 Signale  372 ms lesen  27019 ms rechnen
2026-09-08T00:50:01.594Z  ECA/2018        bereinigt    97248 reg. Kerzen    0/251/251 von 251  Tagen gewertet (1m/5m/15m)     6835 Signale  386 ms lesen  25476 ms rechnen
2026-09-08T00:50:30.584Z  ECA/2019        bereinigt    97674 reg. Kerzen    0/252/252 von 252  Tagen gewertet (1m/5m/15m)     6895 Signale  511 ms lesen  28067 ms rechnen
2026-09-08T00:50:33.219Z  ECA/2020        bereinigt     6239 reg. Kerzen      0/16/16 von 16   Tagen gewertet (1m/5m/15m)      439 Signale  73 ms lesen  2065 ms rechnen
2026-09-08T00:50:33.567Z  ECT/2016        roh          11284 reg. Kerzen        0/0/0 von 252  Tagen gewertet (1m/5m/15m)        0 Signale  51 ms lesen  247 ms rechnen
2026-09-08T00:50:33.829Z  ECT/2017        roh           7538 reg. Kerzen        0/0/0 von 251  Tagen gewertet (1m/5m/15m)        0 Signale  47 ms lesen  144 ms rechnen
2026-09-08T00:50:34.161Z  ECT/2018        roh           6397 reg. Kerzen        0/0/0 von 251  Tagen gewertet (1m/5m/15m)        0 Signale  32 ms lesen  198 ms rechnen
2026-09-08T00:50:34.358Z  ECT/2019        roh           7284 reg. Kerzen        0/0/0 von 252  Tagen gewertet (1m/5m/15m)        0 Signale  36 ms lesen  124 ms rechnen
2026-09-08T00:50:34.513Z  ECT/2020        roh           5207 reg. Kerzen        0/0/0 von 146  Tagen gewertet (1m/5m/15m)        0 Signale  29 ms lesen  81 ms rechnen
2026-09-08T00:50:34.576Z  EDNC/2021       roh            175 reg. Kerzen        0/0/0 von 25   Tagen gewertet (1m/5m/15m)        0 Signale  16 ms lesen  6 ms rechnen
2026-09-08T00:50:34.634Z  EDNC/2022       roh           1132 reg. Kerzen        0/0/0 von 125  Tagen gewertet (1m/5m/15m)        0 Signale  27 ms lesen  29 ms rechnen
2026-09-08T00:50:46.748Z  EEQ/2016        roh          62320 reg. Kerzen    0/116/117 von 252  Tagen gewertet (1m/5m/15m)     3151 Signale  289 ms lesen  11799 ms rechnen
2026-09-08T00:51:01.151Z  EEQ/2017        roh          66289 reg. Kerzen    0/143/143 von 251  Tagen gewertet (1m/5m/15m)     3702 Signale  217 ms lesen  13846 ms rechnen
2026-09-08T00:51:18.945Z  EEQ/2018        roh          72546 reg. Kerzen    0/170/170 von 244  Tagen gewertet (1m/5m/15m)     4449 Signale  288 ms lesen  17210 ms rechnen
2026-09-08T00:51:22.327Z  EFTR/2021       bereinigt    17218 reg. Kerzen      0/22/29 von 194  Tagen gewertet (1m/5m/15m)      672 Signale  225 ms lesen  2747 ms rechnen
2026-09-08T00:51:22.955Z  EFTR/2022       bereinigt    14716 reg. Kerzen        0/0/0 von 251  Tagen gewertet (1m/5m/15m)        0 Signale  263 ms lesen  265 ms rechnen
2026-09-08T00:51:23.773Z  EFTR/2023       bereinigt    35631 reg. Kerzen        0/0/0 von 250  Tagen gewertet (1m/5m/15m)        0 Signale  305 ms lesen  443 ms rechnen
2026-09-08T00:51:24.288Z  EFTR/2024       bereinigt    16668 reg. Kerzen        0/0/0 von 126  Tagen gewertet (1m/5m/15m)        0 Signale  128 ms lesen  190 ms rechnen
2026-09-08T00:51:24.383Z  AUSGELASSEN EFTR/2025: Datei fehlt
2026-09-08T00:51:26.167Z  EGL/2016        roh          47842 reg. Kerzen      0/11/11 von 252  Tagen gewertet (1m/5m/15m)      267 Signale  272 ms lesen  1507 ms rechnen
2026-09-08T00:51:26.989Z  EGL/2017        roh          39469 reg. Kerzen        0/0/0 von 251  Tagen gewertet (1m/5m/15m)        0 Signale  161 ms lesen  435 ms rechnen
2026-09-08T00:51:30.559Z  EGL/2018        roh          44022 reg. Kerzen      0/26/27 von 251  Tagen gewertet (1m/5m/15m)      684 Signale  165 ms lesen  3208 ms rechnen
2026-09-08T00:51:31.107Z  EGL/2019        roh           2102 reg. Kerzen        0/2/2 von 8    Tagen gewertet (1m/5m/15m)       57 Signale  48 ms lesen  276 ms rechnen
2026-09-08T00:51:57.446Z  EGRX/2016       roh          68004 reg. Kerzen    0/232/232 von 252  Tagen gewertet (1m/5m/15m)     6367 Signale  183 ms lesen  26143 ms rechnen
2026-09-08T00:52:26.608Z  EGRX/2017       roh          60997 reg. Kerzen    0/249/251 von 251  Tagen gewertet (1m/5m/15m)     6779 Signale  261 ms lesen  28541 ms rechnen
2026-09-08T00:52:54.378Z  EGRX/2018       roh          51056 reg. Kerzen    0/239/249 von 251  Tagen gewertet (1m/5m/15m)     6553 Signale  136 ms lesen  27353 ms rechnen
2026-09-08T00:53:21.121Z  EGRX/2019       roh          43554 reg. Kerzen    0/222/245 von 252  Tagen gewertet (1m/5m/15m)     6141 Signale  101 ms lesen  26373 ms rechnen
2026-09-08T00:53:35.908Z  EGRX/2020       roh          45057 reg. Kerzen    0/128/140 von 253  Tagen gewertet (1m/5m/15m)     3502 Signale  106 ms lesen  14475 ms rechnen
2026-09-08T00:53:36.600Z  EGRX/2021       roh          30140 reg. Kerzen        0/0/0 von 252  Tagen gewertet (1m/5m/15m)        0 Signale  115 ms lesen  376 ms rechnen
2026-09-08T00:53:37.442Z  EGRX/2022       roh          33064 reg. Kerzen        0/0/0 von 251  Tagen gewertet (1m/5m/15m)        0 Signale  171 ms lesen  535 ms rechnen
2026-09-08T00:53:38.076Z  EGRX/2023       roh          35073 reg. Kerzen        0/0/0 von 250  Tagen gewertet (1m/5m/15m)        0 Signale  96 ms lesen  399 ms rechnen
2026-09-08T00:53:38.708Z  EGRX/2024       roh          26014 reg. Kerzen        0/0/0 von 190  Tagen gewertet (1m/5m/15m)        0 Signale  102 ms lesen  344 ms rechnen
2026-09-08T00:53:38.819Z  AUSGELASSEN EGRX/2025: Datei fehlt
2026-09-08T00:53:39.119Z  EIDX/2018       roh          18904 reg. Kerzen        0/0/0 von 134  Tagen gewertet (1m/5m/15m)        0 Signale  72 ms lesen  199 ms rechnen
2026-09-08T00:53:50.044Z  EIDX/2019       roh          38707 reg. Kerzen     0/85/115 von 252  Tagen gewertet (1m/5m/15m)     2502 Signale  123 ms lesen  10723 ms rechnen
2026-09-08T00:53:58.079Z  EIDX/2020       roh          32955 reg. Kerzen     0/66/102 von 253  Tagen gewertet (1m/5m/15m)     2024 Signale  88 ms lesen  7780 ms rechnen
2026-09-08T00:53:59.185Z  EIDX/2021       roh           1691 reg. Kerzen       0/6/15 von 15   Tagen gewertet (1m/5m/15m)      240 Signale  19 ms lesen  922 ms rechnen
2026-09-08T00:54:18.253Z  EL/2016         roh          96242 reg. Kerzen    0/232/232 von 252  Tagen gewertet (1m/5m/15m)     5444 Signale  192 ms lesen  18844 ms rechnen
2026-09-08T00:54:39.491Z  EL/2017         roh          94791 reg. Kerzen    0/251/251 von 251  Tagen gewertet (1m/5m/15m)     5570 Signale  478 ms lesen  20276 ms rechnen
2026-09-08T00:55:02.449Z  EL/2018         roh          96069 reg. Kerzen    0/251/251 von 251  Tagen gewertet (1m/5m/15m)     6109 Signale  328 ms lesen  22090 ms rechnen
2026-09-08T00:55:25.031Z  EL/2019         roh          95161 reg. Kerzen    0/252/252 von 252  Tagen gewertet (1m/5m/15m)     6052 Signale  404 ms lesen  21658 ms rechnen
2026-09-08T00:55:49.852Z  EL/2020         roh          95580 reg. Kerzen    0/253/253 von 253  Tagen gewertet (1m/5m/15m)     6389 Signale  307 ms lesen  24101 ms rechnen
2026-09-08T00:56:12.920Z  EL/2021         roh          92031 reg. Kerzen    0/251/251 von 252  Tagen gewertet (1m/5m/15m)     6071 Signale  262 ms lesen  22294 ms rechnen
2026-09-08T00:56:38.227Z  EL/2022         roh          94920 reg. Kerzen    0/250/250 von 251  Tagen gewertet (1m/5m/15m)     6771 Signale  293 ms lesen  24597 ms rechnen
2026-09-08T00:57:02.514Z  EL/2023         roh          95066 reg. Kerzen    0/250/250 von 250  Tagen gewertet (1m/5m/15m)     6454 Signale  379 ms lesen  23285 ms rechnen
2026-09-08T00:57:27.876Z  EL/2024         roh          97042 reg. Kerzen    0/252/252 von 252  Tagen gewertet (1m/5m/15m)     6547 Signale  423 ms lesen  24452 ms rechnen
2026-09-08T00:57:53.005Z  EL/2025         roh          96207 reg. Kerzen    0/250/250 von 250  Tagen gewertet (1m/5m/15m)     6547 Signale  354 ms lesen  24260 ms rechnen
2026-09-08T00:58:11.068Z  EL/2026         roh          63813 reg. Kerzen    0/166/166 von 166  Tagen gewertet (1m/5m/15m)     4438 Signale  306 ms lesen  17274 ms rechnen
2026-09-08T00:58:30.936Z  ELME/2016       roh          74350 reg. Kerzen    0/232/232 von 252  Tagen gewertet (1m/5m/15m)     5534 Signale  277 ms lesen  19124 ms rechnen
2026-09-08T00:58:52.612Z  ELME/2017       roh          67182 reg. Kerzen    0/251/251 von 251  Tagen gewertet (1m/5m/15m)     5869 Signale  214 ms lesen  21108 ms rechnen
2026-09-08T00:59:14.803Z  ELME/2018       roh          70778 reg. Kerzen    0/250/250 von 251  Tagen gewertet (1m/5m/15m)     5981 Signale  373 ms lesen  21501 ms rechnen
2026-09-08T00:59:37.044Z  ELME/2019       roh          71531 reg. Kerzen    0/238/238 von 252  Tagen gewertet (1m/5m/15m)     5589 Signale  308 ms lesen  21598 ms rechnen
2026-09-08T01:00:00.770Z  ELME/2020       roh          71984 reg. Kerzen    0/221/221 von 253  Tagen gewertet (1m/5m/15m)     5727 Signale  200 ms lesen  23167 ms rechnen
2026-09-08T01:00:24.416Z  ELME/2021       roh          71145 reg. Kerzen    0/250/250 von 252  Tagen gewertet (1m/5m/15m)     6384 Signale  215 ms lesen  23076 ms rechnen
2026-09-08T01:00:46.573Z  ELME/2022       roh          70603 reg. Kerzen    0/216/216 von 251  Tagen gewertet (1m/5m/15m)     5575 Signale  248 ms lesen  21498 ms rechnen
2026-09-08T01:01:04.480Z  ELME/2023       roh          74062 reg. Kerzen    0/187/187 von 250  Tagen gewertet (1m/5m/15m)     4751 Signale  256 ms lesen  17355 ms rechnen
2026-09-08T01:01:23.496Z  ELME/2024       roh          69770 reg. Kerzen    0/202/202 von 252  Tagen gewertet (1m/5m/15m)     5142 Signale  247 ms lesen  18427 ms rechnen
2026-09-08T01:01:44.958Z  ELME/2025       roh          71502 reg. Kerzen    0/234/234 von 250  Tagen gewertet (1m/5m/15m)     5413 Signale  212 ms lesen  20904 ms rechnen
2026-09-08T01:01:49.247Z  ELME/2026       roh          49288 reg. Kerzen      0/33/33 von 166  Tagen gewertet (1m/5m/15m)      805 Signale  152 ms lesen  3814 ms rechnen
2026-09-08T01:01:50.015Z  ELVT/2017       roh          30137 reg. Kerzen        0/0/0 von 186  Tagen gewertet (1m/5m/15m)        0 Signale  183 ms lesen  345 ms rechnen
2026-09-08T01:01:50.816Z  ELVT/2018       roh          43728 reg. Kerzen        0/0/0 von 251  Tagen gewertet (1m/5m/15m)        0 Signale  131 ms lesen  494 ms rechnen
2026-09-08T01:01:51.666Z  ELVT/2019       roh          32543 reg. Kerzen        0/0/0 von 252  Tagen gewertet (1m/5m/15m)        0 Signale  118 ms lesen  466 ms rechnen
2026-09-08T01:01:52.676Z  ELVT/2020       roh          53216 reg. Kerzen        0/0/0 von 253  Tagen gewertet (1m/5m/15m)        0 Signale  201 ms lesen  675 ms rechnen
2026-09-08T01:01:53.661Z  ELVT/2021       roh          47092 reg. Kerzen        0/0/0 von 252  Tagen gewertet (1m/5m/15m)        0 Signale  273 ms lesen  480 ms rechnen
2026-09-08T01:01:54.249Z  ELVT/2022       roh          21158 reg. Kerzen        0/0/0 von 251  Tagen gewertet (1m/5m/15m)        0 Signale  79 ms lesen  304 ms rechnen
2026-09-08T01:01:54.454Z  ELVT/2023       roh           1708 reg. Kerzen        0/0/0 von 38   Tagen gewertet (1m/5m/15m)        0 Signale  22 ms lesen  72 ms rechnen
2026-09-08T01:01:54.639Z  EMCF/2016       roh            662 reg. Kerzen        0/0/0 von 172  Tagen gewertet (1m/5m/15m)        0 Signale  20 ms lesen  18 ms rechnen
2026-09-08T01:01:54.782Z  EMCF/2017       roh            572 reg. Kerzen        0/0/0 von 148  Tagen gewertet (1m/5m/15m)        0 Signale  122 ms lesen  15 ms rechnen
2026-09-08T01:01:54.825Z  EMCF/2018       roh            939 reg. Kerzen        0/0/0 von 206  Tagen gewertet (1m/5m/15m)        0 Signale  15 ms lesen  23 ms rechnen
2026-09-08T01:01:54.868Z  EMCF/2019       roh            924 reg. Kerzen        0/0/0 von 184  Tagen gewertet (1m/5m/15m)        0 Signale  18 ms lesen  20 ms rechnen
2026-09-08T01:01:54.929Z  EMCF/2020       roh           1153 reg. Kerzen        0/0/0 von 205  Tagen gewertet (1m/5m/15m)        0 Signale  16 ms lesen  28 ms rechnen
2026-09-08T01:01:55.025Z  EMCF/2021       roh           1492 reg. Kerzen        0/0/0 von 211  Tagen gewertet (1m/5m/15m)        0 Signale  34 ms lesen  33 ms rechnen
2026-09-08T01:01:55.096Z  EMCF/2022       roh           1356 reg. Kerzen        0/0/0 von 203  Tagen gewertet (1m/5m/15m)        0 Signale  26 ms lesen  36 ms rechnen
2026-09-08T01:01:55.198Z  EMMA/2017       roh           3445 reg. Kerzen        0/0/0 von 118  Tagen gewertet (1m/5m/15m)        0 Signale  35 ms lesen  40 ms rechnen
2026-09-08T01:01:55.448Z  EMMA/2018       roh          14566 reg. Kerzen        0/0/0 von 251  Tagen gewertet (1m/5m/15m)        0 Signale  66 ms lesen  168 ms rechnen
2026-09-08T01:01:55.716Z  EMMA/2019       roh          12755 reg. Kerzen        0/0/0 von 174  Tagen gewertet (1m/5m/15m)        0 Signale  39 ms lesen  163 ms rechnen
2026-09-08T01:01:59.061Z  ENBL/2016       roh          51725 reg. Kerzen      0/22/22 von 252  Tagen gewertet (1m/5m/15m)      564 Signale  113 ms lesen  3106 ms rechnen
2026-09-08T01:01:59.898Z  ENBL/2017       roh          43621 reg. Kerzen        0/0/0 von 251  Tagen gewertet (1m/5m/15m)        0 Signale  116 ms lesen  525 ms rechnen
2026-09-08T01:02:14.455Z  ENBL/2018       roh          64385 reg. Kerzen    0/130/130 von 251  Tagen gewertet (1m/5m/15m)     3367 Signale  275 ms lesen  14066 ms rechnen
2026-09-08T01:02:34.471Z  ENBL/2019       roh          69749 reg. Kerzen    0/213/214 von 252  Tagen gewertet (1m/5m/15m)     5429 Signale  201 ms lesen  19524 ms rechnen
2026-09-08T01:02:55.985Z  ENBL/2020       roh          83423 reg. Kerzen    0/180/180 von 253  Tagen gewertet (1m/5m/15m)     4916 Signale  261 ms lesen  20926 ms rechnen
2026-09-08T01:03:12.041Z  ENBL/2021       roh          67568 reg. Kerzen    0/145/145 von 232  Tagen gewertet (1m/5m/15m)     3889 Signale  185 ms lesen  15400 ms rechnen
2026-09-08T01:03:12.626Z  ENG/2016        bereinigt     8697 reg. Kerzen        0/0/0 von 252  Tagen gewertet (1m/5m/15m)        0 Signale  80 ms lesen  116 ms rechnen
2026-09-08T01:03:12.853Z  ENG/2017        bereinigt    11050 reg. Kerzen        0/0/0 von 251  Tagen gewertet (1m/5m/15m)        0 Signale  33 ms lesen  139 ms rechnen
2026-09-08T01:03:13.015Z  ENG/2018        bereinigt     4874 reg. Kerzen        0/0/0 von 250  Tagen gewertet (1m/5m/15m)        0 Signale  28 ms lesen  82 ms rechnen
2026-09-08T01:03:13.289Z  ENG/2019        bereinigt     7393 reg. Kerzen        0/0/0 von 252  Tagen gewertet (1m/5m/15m)        0 Signale  116 ms lesen  120 ms rechnen
2026-09-08T01:03:13.833Z  ENG/2020        bereinigt    28673 reg. Kerzen        0/0/0 von 253  Tagen gewertet (1m/5m/15m)        0 Signale  219 ms lesen  286 ms rechnen
2026-09-08T01:03:26.317Z  ENG/2021        bereinigt    74470 reg. Kerzen      0/89/89 von 252  Tagen gewertet (1m/5m/15m)     2478 Signale  296 ms lesen  12043 ms rechnen
2026-09-08T01:03:27.238Z  ENG/2022        bereinigt    29298 reg. Kerzen        0/0/0 von 251  Tagen gewertet (1m/5m/15m)        0 Signale  120 ms lesen  406 ms rechnen
2026-09-08T01:03:27.756Z  ENG/2023        bereinigt    18096 reg. Kerzen        0/0/0 von 250  Tagen gewertet (1m/5m/15m)        0 Signale  42 ms lesen  319 ms rechnen
2026-09-08T01:03:27.996Z  ENG/2024        roh           4178 reg. Kerzen        0/0/0 von 235  Tagen gewertet (1m/5m/15m)        0 Signale  60 ms lesen  67 ms rechnen
2026-09-08T01:03:28.040Z  ENOB/2018       roh            278 reg. Kerzen        0/0/0 von 15   Tagen gewertet (1m/5m/15m)        0 Signale  14 ms lesen  5 ms rechnen
2026-09-08T01:03:28.337Z  ENOB/2019       roh          18422 reg. Kerzen        0/0/0 von 252  Tagen gewertet (1m/5m/15m)        0 Signale  52 ms lesen  242 ms rechnen
2026-09-08T01:03:28.846Z  ENOB/2020       roh          17605 reg. Kerzen        0/0/0 von 253  Tagen gewertet (1m/5m/15m)        0 Signale  89 ms lesen  261 ms rechnen
2026-09-08T01:03:29.625Z  ENOB/2021       roh          37953 reg. Kerzen        0/0/0 von 252  Tagen gewertet (1m/5m/15m)        0 Signale  173 ms lesen  514 ms rechnen
2026-09-08T01:03:30.522Z  ENOB/2022       roh          30904 reg. Kerzen        0/0/0 von 251  Tagen gewertet (1m/5m/15m)        0 Signale  314 ms lesen  423 ms rechnen
2026-09-08T01:03:30.804Z  ENOB/2023       roh           8969 reg. Kerzen        0/0/0 von 148  Tagen gewertet (1m/5m/15m)        0 Signale  35 ms lesen  96 ms rechnen
2026-09-08T01:03:38.486Z  ENSG/2016       roh          62543 reg. Kerzen      0/68/68 von 252  Tagen gewertet (1m/5m/15m)     1755 Signale  240 ms lesen  7393 ms rechnen
2026-09-08T01:03:40.538Z  ENSG/2017       roh          51594 reg. Kerzen        0/9/9 von 251  Tagen gewertet (1m/5m/15m)      226 Signale  225 ms lesen  1560 ms rechnen
2026-09-08T01:03:59.881Z  ENSG/2018       roh          55051 reg. Kerzen    0/193/194 von 251  Tagen gewertet (1m/5m/15m)     5022 Signale  229 ms lesen  18891 ms rechnen
2026-09-08T01:04:24.096Z  ENSG/2019       roh          58198 reg. Kerzen    0/250/252 von 252  Tagen gewertet (1m/5m/15m)     6631 Signale  226 ms lesen  23725 ms rechnen
2026-09-08T01:04:51.321Z  ENSG/2020       roh          62393 reg. Kerzen    0/251/253 von 253  Tagen gewertet (1m/5m/15m)     6815 Signale  571 ms lesen  26378 ms rechnen
2026-09-08T01:05:16.043Z  ENSG/2021       roh          52364 reg. Kerzen    0/245/252 von 252  Tagen gewertet (1m/5m/15m)     6551 Signale  214 ms lesen  24225 ms rechnen
2026-09-08T01:05:39.956Z  ENSG/2022       roh          49284 reg. Kerzen    0/240/251 von 251  Tagen gewertet (1m/5m/15m)     6418 Signale  190 ms lesen  23489 ms rechnen
2026-09-08T01:06:01.713Z  ENSG/2023       roh          49470 reg. Kerzen    0/242/250 von 250  Tagen gewertet (1m/5m/15m)     6145 Signale  209 ms lesen  21257 ms rechnen
2026-09-08T01:06:24.965Z  ENSG/2024       roh          48338 reg. Kerzen    0/238/252 von 252  Tagen gewertet (1m/5m/15m)     6001 Signale  218 ms lesen  22771 ms rechnen
2026-09-08T01:06:48.066Z  ENSG/2025       roh          50290 reg. Kerzen    0/240/250 von 250  Tagen gewertet (1m/5m/15m)     6090 Signale  261 ms lesen  22514 ms rechnen
2026-09-08T01:07:03.694Z  ENSG/2026       roh          36049 reg. Kerzen    0/159/166 von 166  Tagen gewertet (1m/5m/15m)     4171 Signale  191 ms lesen  15099 ms rechnen
2026-09-08T01:07:04.092Z  ENVI/2021       roh           8506 reg. Kerzen        0/0/0 von 208  Tagen gewertet (1m/5m/15m)        0 Signale  97 ms lesen  100 ms rechnen
2026-09-08T01:07:04.181Z  ENVI/2022       roh           1295 reg. Kerzen        0/0/0 von 22   Tagen gewertet (1m/5m/15m)        0 Signale  15 ms lesen  19 ms rechnen
2026-09-08T01:07:27.458Z  EOG/2016        roh          97977 reg. Kerzen    0/232/232 von 252  Tagen gewertet (1m/5m/15m)     6063 Signale  352 ms lesen  22894 ms rechnen
2026-09-08T01:07:50.579Z  EOG/2017        roh          97188 reg. Kerzen    0/251/251 von 251  Tagen gewertet (1m/5m/15m)     6313 Signale  230 ms lesen  22388 ms rechnen
2026-09-08T01:08:14.663Z  EOG/2018        roh          97196 reg. Kerzen    0/251/251 von 251  Tagen gewertet (1m/5m/15m)     6393 Signale  478 ms lesen  23148 ms rechnen
2026-09-08T01:08:39.984Z  EOG/2019        roh          97643 reg. Kerzen    0/252/252 von 252  Tagen gewertet (1m/5m/15m)     6592 Signale  271 ms lesen  24451 ms rechnen
2026-09-08T01:09:07.762Z  EOG/2020        roh          98224 reg. Kerzen    0/253/253 von 253  Tagen gewertet (1m/5m/15m)     6849 Signale  267 ms lesen  26974 ms rechnen
2026-09-08T01:09:34.482Z  EOG/2021        roh          97675 reg. Kerzen    0/251/251 von 252  Tagen gewertet (1m/5m/15m)     6735 Signale  325 ms lesen  25782 ms rechnen
2026-09-08T01:10:02.779Z  EOG/2022        roh          97302 reg. Kerzen    0/250/250 von 250  Tagen gewertet (1m/5m/15m)     6778 Signale  345 ms lesen  27471 ms rechnen
2026-09-08T01:10:27.831Z  EOG/2023        roh          96954 reg. Kerzen    0/250/250 von 250  Tagen gewertet (1m/5m/15m)     6349 Signale  391 ms lesen  24170 ms rechnen
2026-09-08T01:10:51.377Z  EOG/2024        roh          97455 reg. Kerzen    0/252/252 von 252  Tagen gewertet (1m/5m/15m)     6114 Signale  449 ms lesen  22585 ms rechnen
2026-09-08T01:11:16.292Z  EOG/2025        roh          96539 reg. Kerzen    0/250/250 von 250  Tagen gewertet (1m/5m/15m)     6336 Signale  277 ms lesen  24190 ms rechnen
2026-09-08T01:11:33.271Z  EOG/2026        roh          64454 reg. Kerzen    0/166/166 von 166  Tagen gewertet (1m/5m/15m)     4300 Signale  324 ms lesen  16097 ms rechnen
2026-09-08T01:11:57.206Z  EPD/2016        roh          97848 reg. Kerzen    0/232/232 von 252  Tagen gewertet (1m/5m/15m)     5986 Signale  224 ms lesen  23306 ms rechnen
2026-09-08T01:12:20.480Z  EPD/2017        roh          97206 reg. Kerzen    0/251/251 von 251  Tagen gewertet (1m/5m/15m)     6067 Signale  287 ms lesen  22525 ms rechnen
2026-09-08T01:12:44.827Z  EPD/2018        roh          97048 reg. Kerzen    0/251/251 von 251  Tagen gewertet (1m/5m/15m)     6299 Signale  261 ms lesen  23514 ms rechnen
2026-09-08T01:13:08.087Z  EPD/2019        roh          97250 reg. Kerzen    0/252/252 von 252  Tagen gewertet (1m/5m/15m)     5966 Signale  448 ms lesen  22276 ms rechnen
2026-09-08T01:13:34.432Z  EPD/2020        roh          98203 reg. Kerzen    0/253/253 von 253  Tagen gewertet (1m/5m/15m)     6705 Signale  348 ms lesen  25456 ms rechnen
2026-09-08T01:13:58.126Z  EPD/2021        roh          97246 reg. Kerzen    0/250/250 von 252  Tagen gewertet (1m/5m/15m)     6240 Signale  340 ms lesen  22839 ms rechnen
2026-09-08T01:14:23.229Z  EPD/2022        roh          97278 reg. Kerzen    0/250/250 von 250  Tagen gewertet (1m/5m/15m)     6365 Signale  321 ms lesen  24325 ms rechnen
2026-09-08T01:14:43.820Z  EPD/2023        roh          96917 reg. Kerzen    0/250/250 von 250  Tagen gewertet (1m/5m/15m)     5613 Signale  285 ms lesen  19856 ms rechnen
2026-09-08T01:15:04.863Z  EPD/2024        roh          97512 reg. Kerzen    0/252/252 von 252  Tagen gewertet (1m/5m/15m)     5609 Signale  360 ms lesen  20257 ms rechnen
2026-09-08T01:15:27.441Z  EPD/2025        roh          96785 reg. Kerzen    0/250/250 von 250  Tagen gewertet (1m/5m/15m)     5807 Signale  342 ms lesen  21518 ms rechnen
2026-09-08T01:15:42.214Z  EPD/2026        roh          64423 reg. Kerzen    0/166/166 von 166  Tagen gewertet (1m/5m/15m)     3986 Signale  203 ms lesen  14149 ms rechnen
2026-09-08T01:15:45.292Z  EPZM/2016       roh          68898 reg. Kerzen      0/12/12 von 252  Tagen gewertet (1m/5m/15m)      330 Signale  293 ms lesen  2360 ms rechnen
2026-09-08T01:16:02.597Z  EPZM/2017       roh          66233 reg. Kerzen    0/147/147 von 251  Tagen gewertet (1m/5m/15m)     4004 Signale  216 ms lesen  16731 ms rechnen
2026-09-08T01:16:17.714Z  EPZM/2018       roh          64285 reg. Kerzen    0/121/122 von 251  Tagen gewertet (1m/5m/15m)     3291 Signale  222 ms lesen  14595 ms rechnen
2026-09-08T01:16:41.043Z  EPZM/2019       roh          77949 reg. Kerzen    0/210/210 von 252  Tagen gewertet (1m/5m/15m)     5640 Signale  239 ms lesen  22811 ms rechnen
2026-09-08T01:17:10.360Z  EPZM/2020       roh          87367 reg. Kerzen    0/253/253 von 253  Tagen gewertet (1m/5m/15m)     6856 Signale  362 ms lesen  28602 ms rechnen
2026-09-08T01:17:28.389Z  EPZM/2021       roh          80354 reg. Kerzen    0/147/147 von 252  Tagen gewertet (1m/5m/15m)     4021 Signale  345 ms lesen  17276 ms rechnen
2026-09-08T01:17:29.503Z  EPZM/2022       roh          54617 reg. Kerzen        0/0/0 von 153  Tagen gewertet (1m/5m/15m)        0 Signale  175 ms lesen  520 ms rechnen
2026-09-08T01:17:53.730Z  EQM/2016        roh          63721 reg. Kerzen    0/230/232 von 252  Tagen gewertet (1m/5m/15m)     6149 Signale  224 ms lesen  23711 ms rechnen
2026-09-08T01:18:17.431Z  EQM/2017        roh          55548 reg. Kerzen    0/250/251 von 251  Tagen gewertet (1m/5m/15m)     6154 Signale  235 ms lesen  23183 ms rechnen
2026-09-08T01:18:40.968Z  EQM/2018        roh          73556 reg. Kerzen    0/251/251 von 251  Tagen gewertet (1m/5m/15m)     6493 Signale  354 ms lesen  22915 ms rechnen
2026-09-08T01:19:04.957Z  EQM/2019        roh          77478 reg. Kerzen    0/252/252 von 252  Tagen gewertet (1m/5m/15m)     6484 Signale  272 ms lesen  23377 ms rechnen
2026-09-08T01:19:19.190Z  EQM/2020        roh          40031 reg. Kerzen    0/115/115 von 115  Tagen gewertet (1m/5m/15m)     3111 Signale  133 ms lesen  13766 ms rechnen
2026-09-08T01:19:39.152Z  EQY/2016        roh          88033 reg. Kerzen    0/232/232 von 252  Tagen gewertet (1m/5m/15m)     5488 Signale  261 ms lesen  19436 ms rechnen
2026-09-08T01:19:42.585Z  EQY/2017        roh          12455 reg. Kerzen      0/40/40 von 40   Tagen gewertet (1m/5m/15m)      932 Signale  74 ms lesen  2957 ms rechnen
2026-09-08T01:19:44.514Z  ERIE/2016       roh          19588 reg. Kerzen      0/13/27 von 252  Tagen gewertet (1m/5m/15m)      467 Signale  118 ms lesen  1732 ms rechnen
2026-09-08T01:19:44.911Z  ERIE/2017       roh          12965 reg. Kerzen        0/0/0 von 251  Tagen gewertet (1m/5m/15m)        0 Signale  119 ms lesen  192 ms rechnen
2026-09-08T01:19:45.225Z  ERIE/2018       roh          13476 reg. Kerzen        0/0/0 von 250  Tagen gewertet (1m/5m/15m)        0 Signale  84 ms lesen  157 ms rechnen
2026-09-08T01:20:01.450Z  ERIE/2019       roh          38161 reg. Kerzen    0/157/214 von 252  Tagen gewertet (1m/5m/15m)     4593 Signale  151 ms lesen  16013 ms rechnen
2026-09-08T01:20:13.685Z  ERIE/2020       roh          27728 reg. Kerzen     0/73/215 von 253  Tagen gewertet (1m/5m/15m)     3220 Signale  172 ms lesen  11900 ms rechnen
2026-09-08T01:20:20.635Z  ERIE/2021       roh          20452 reg. Kerzen     0/28/196 von 252  Tagen gewertet (1m/5m/15m)     2102 Signale  89 ms lesen  6726 ms rechnen
2026-09-08T01:20:28.141Z  ERIE/2022       roh          21901 reg. Kerzen     0/25/223 von 251  Tagen gewertet (1m/5m/15m)     2349 Signale  88 ms lesen  7319 ms rechnen
2026-09-08T01:20:36.385Z  ERIE/2023       roh          25348 reg. Kerzen     0/47/234 von 250  Tagen gewertet (1m/5m/15m)     2773 Signale  97 ms lesen  8045 ms rechnen
2026-09-08T01:20:41.633Z  ERIE/2024       roh          18695 reg. Kerzen     0/24/174 von 252  Tagen gewertet (1m/5m/15m)     1879 Signale  66 ms lesen  5071 ms rechnen
2026-09-08T01:20:54.024Z  ERIE/2025       roh          26519 reg. Kerzen     0/70/235 von 250  Tagen gewertet (1m/5m/15m)     3230 Signale  242 ms lesen  12047 ms rechnen
2026-09-08T01:20:58.355Z  CHECKPOINT 1800 Dateien, 406 min, Detektorfehler {}
2026-09-08T01:21:12.042Z  ERIE/2026       roh          29690 reg. Kerzen    0/129/166 von 166  Tagen gewertet (1m/5m/15m)     3722 Signale  103 ms lesen  13583 ms rechnen
2026-09-08T01:21:28.843Z  ESAB/2022       roh          46635 reg. Kerzen    0/163/167 von 187  Tagen gewertet (1m/5m/15m)     4514 Signale  188 ms lesen  16465 ms rechnen
2026-09-08T01:21:49.723Z  ESAB/2023       roh          44730 reg. Kerzen    0/218/249 von 250  Tagen gewertet (1m/5m/15m)     5734 Signale  116 ms lesen  20510 ms rechnen
2026-09-08T01:22:09.445Z  ESAB/2024       roh          42953 reg. Kerzen    0/208/252 von 252  Tagen gewertet (1m/5m/15m)     5653 Signale  209 ms lesen  19318 ms rechnen
2026-09-08T01:22:31.248Z  ESAB/2025       roh          47156 reg. Kerzen    0/218/250 von 250  Tagen gewertet (1m/5m/15m)     5906 Signale  174 ms lesen  21434 ms rechnen
2026-09-08T01:22:47.718Z  ESAB/2026       roh          40856 reg. Kerzen    0/164/166 von 166  Tagen gewertet (1m/5m/15m)     4398 Signale  145 ms lesen  16100 ms rechnen
2026-09-08T01:22:47.977Z  ESGL/2016       roh             15 reg. Kerzen        0/0/0 von 10   Tagen gewertet (1m/5m/15m)        0 Signale  17 ms lesen  4 ms rechnen
2026-09-08T01:22:48.076Z  ESGL/2017       roh            273 reg. Kerzen        0/0/0 von 149  Tagen gewertet (1m/5m/15m)        0 Signale  88 ms lesen  10 ms rechnen
2026-09-08T01:22:48.123Z  ESGL/2018       roh            565 reg. Kerzen        0/0/0 von 212  Tagen gewertet (1m/5m/15m)        0 Signale  30 ms lesen  13 ms rechnen
2026-09-08T01:22:48.232Z  ESGL/2019       roh            595 reg. Kerzen        0/0/0 von 215  Tagen gewertet (1m/5m/15m)        0 Signale  17 ms lesen  88 ms rechnen
2026-09-08T01:22:48.308Z  ESGL/2020       roh            113 reg. Kerzen        0/0/0 von 29   Tagen gewertet (1m/5m/15m)        0 Signale  61 ms lesen  8 ms rechnen
2026-09-08T01:22:48.309Z  AUSGELASSEN ESGL/2021: Datei fehlt
2026-09-08T01:22:48.315Z  AUSGELASSEN ESGL/2022: Datei fehlt
2026-09-08T01:22:48.483Z  ESGL/2023       roh           8657 reg. Kerzen        0/0/0 von 103  Tagen gewertet (1m/5m/15m)        0 Signale  72 ms lesen  95 ms rechnen
2026-09-08T01:22:48.705Z  ESGL/2024       roh           5410 reg. Kerzen        0/0/0 von 251  Tagen gewertet (1m/5m/15m)        0 Signale  74 ms lesen  87 ms rechnen
2026-09-08T01:22:48.920Z  ESGL/2025       roh           8917 reg. Kerzen        0/0/0 von 240  Tagen gewertet (1m/5m/15m)        0 Signale  65 ms lesen  113 ms rechnen
2026-09-08T01:22:48.988Z  ESGL/2026       roh            575 reg. Kerzen        0/0/0 von 42   Tagen gewertet (1m/5m/15m)        0 Signale  17 ms lesen  7 ms rechnen
2026-09-08T01:22:54.561Z  ESMT/2021       roh          19333 reg. Kerzen      0/49/49 von 70   Tagen gewertet (1m/5m/15m)     1320 Signale  70 ms lesen  5496 ms rechnen
2026-09-08T01:23:22.672Z  ESMT/2022       roh          72041 reg. Kerzen    0/236/236 von 251  Tagen gewertet (1m/5m/15m)     6516 Signale  292 ms lesen  27727 ms rechnen
2026-09-08T01:23:42.603Z  ESMT/2023       roh          69797 reg. Kerzen    0/217/217 von 250  Tagen gewertet (1m/5m/15m)     5239 Signale  167 ms lesen  19400 ms rechnen
2026-09-08T01:23:44.109Z  ESMT/2024       roh           5620 reg. Kerzen      0/17/17 von 17   Tagen gewertet (1m/5m/15m)      248 Signale  28 ms lesen  1001 ms rechnen
2026-09-08T01:23:44.348Z  ESSA/2016       roh          10106 reg. Kerzen        0/0/0 von 252  Tagen gewertet (1m/5m/15m)        0 Signale  44 ms lesen  141 ms rechnen
2026-09-08T01:23:44.570Z  ESSA/2017       roh           6108 reg. Kerzen        0/0/0 von 251  Tagen gewertet (1m/5m/15m)        0 Signale  70 ms lesen  105 ms rechnen
2026-09-08T01:23:44.708Z  ESSA/2018       roh           4976 reg. Kerzen        0/0/0 von 249  Tagen gewertet (1m/5m/15m)        0 Signale  37 ms lesen  69 ms rechnen
2026-09-08T01:23:44.844Z  ESSA/2019       roh           3954 reg. Kerzen        0/0/0 von 250  Tagen gewertet (1m/5m/15m)        0 Signale  33 ms lesen  76 ms rechnen
2026-09-08T01:23:45.045Z  ESSA/2020       roh           6335 reg. Kerzen        0/0/0 von 253  Tagen gewertet (1m/5m/15m)        0 Signale  59 ms lesen  122 ms rechnen
2026-09-08T01:23:45.339Z  ESSA/2021       roh           7302 reg. Kerzen        0/0/0 von 250  Tagen gewertet (1m/5m/15m)        0 Signale  155 ms lesen  111 ms rechnen
2026-09-08T01:23:45.457Z  ESSA/2022       roh           3197 reg. Kerzen        0/0/0 von 249  Tagen gewertet (1m/5m/15m)        0 Signale  35 ms lesen  44 ms rechnen
2026-09-08T01:23:45.596Z  ESSA/2023       roh           5624 reg. Kerzen        0/0/0 von 250  Tagen gewertet (1m/5m/15m)        0 Signale  36 ms lesen  85 ms rechnen
2026-09-08T01:23:45.731Z  ESSA/2024       roh           2491 reg. Kerzen        0/0/0 von 251  Tagen gewertet (1m/5m/15m)        0 Signale  19 ms lesen  90 ms rechnen
2026-09-08T01:23:45.825Z  ESSA/2025       roh           4148 reg. Kerzen        0/0/0 von 138  Tagen gewertet (1m/5m/15m)        0 Signale  29 ms lesen  52 ms rechnen
2026-09-08T01:23:46.045Z  ETAC/2020       roh           3685 reg. Kerzen        0/0/0 von 71   Tagen gewertet (1m/5m/15m)        0 Signale  39 ms lesen  157 ms rechnen
2026-09-08T01:23:48.036Z  ETAC/2021       roh          27211 reg. Kerzen      0/17/18 von 252  Tagen gewertet (1m/5m/15m)      432 Signale  79 ms lesen  1878 ms rechnen
2026-09-08T01:23:48.233Z  ETAC/2022       roh           3413 reg. Kerzen        0/0/0 von 169  Tagen gewertet (1m/5m/15m)        0 Signale  30 ms lesen  46 ms rechnen
2026-09-08T01:24:08.508Z  ETN/2016        roh          97660 reg. Kerzen    0/232/232 von 252  Tagen gewertet (1m/5m/15m)     5715 Signale  212 ms lesen  19967 ms rechnen
2026-09-08T01:24:29.021Z  ETN/2017        roh          96358 reg. Kerzen    0/251/251 von 251  Tagen gewertet (1m/5m/15m)     5804 Signale  240 ms lesen  19796 ms rechnen
2026-09-08T01:24:51.854Z  ETN/2018        roh          96818 reg. Kerzen    0/251/251 von 251  Tagen gewertet (1m/5m/15m)     6158 Signale  442 ms lesen  21897 ms rechnen
2026-09-08T01:25:14.143Z  ETN/2019        roh          97067 reg. Kerzen    0/252/252 von 252  Tagen gewertet (1m/5m/15m)     6090 Signale  336 ms lesen  21429 ms rechnen
2026-09-08T01:25:39.843Z  ETN/2020        roh          97529 reg. Kerzen    0/253/253 von 253  Tagen gewertet (1m/5m/15m)     6457 Signale  349 ms lesen  24698 ms rechnen
2026-09-08T01:26:02.510Z  ETN/2021        roh          96157 reg. Kerzen    0/250/250 von 252  Tagen gewertet (1m/5m/15m)     6161 Signale  282 ms lesen  21973 ms rechnen
2026-09-08T01:26:26.956Z  ETN/2022        roh          96317 reg. Kerzen    0/250/250 von 250  Tagen gewertet (1m/5m/15m)     6533 Signale  393 ms lesen  23495 ms rechnen
2026-09-08T01:26:49.841Z  ETN/2023        roh          95243 reg. Kerzen    0/250/250 von 250  Tagen gewertet (1m/5m/15m)     6230 Signale  272 ms lesen  22189 ms rechnen
2026-09-08T01:27:12.945Z  ETN/2024        roh          95875 reg. Kerzen    0/252/252 von 252  Tagen gewertet (1m/5m/15m)     6259 Signale  373 ms lesen  22281 ms rechnen
2026-09-08T01:27:37.679Z  ETN/2025        roh          95629 reg. Kerzen    0/250/250 von 250  Tagen gewertet (1m/5m/15m)     6436 Signale  346 ms lesen  23882 ms rechnen
2026-09-08T01:27:54.303Z  ETN/2026        roh          64701 reg. Kerzen    0/166/166 von 166  Tagen gewertet (1m/5m/15m)     4422 Signale  328 ms lesen  15782 ms rechnen
2026-09-08T01:28:16.429Z  ETWO/2021       roh          83151 reg. Kerzen    0/207/207 von 229  Tagen gewertet (1m/5m/15m)     5565 Signale  321 ms lesen  21530 ms rechnen
2026-09-08T01:28:44.175Z  ETWO/2022       roh          90754 reg. Kerzen    0/248/248 von 251  Tagen gewertet (1m/5m/15m)     6858 Signale  450 ms lesen  26847 ms rechnen
2026-09-08T01:28:55.057Z  ETWO/2023       roh          83556 reg. Kerzen      0/88/88 von 250  Tagen gewertet (1m/5m/15m)     2397 Signale  328 ms lesen  10131 ms rechnen
2026-09-08T01:28:56.527Z  ETWO/2024       roh          74817 reg. Kerzen        0/0/0 von 252  Tagen gewertet (1m/5m/15m)        0 Signale  256 ms lesen  835 ms rechnen
2026-09-08T01:28:59.899Z  ETWO/2025       roh          45973 reg. Kerzen      0/35/35 von 145  Tagen gewertet (1m/5m/15m)      536 Signale  129 ms lesen  2888 ms rechnen
2026-09-08T01:29:00.316Z  EVBS/2016       roh           4265 reg. Kerzen        0/0/0 von 241  Tagen gewertet (1m/5m/15m)        0 Signale  38 ms lesen  134 ms rechnen
2026-09-08T01:29:00.420Z  EVBS/2017       roh           3292 reg. Kerzen        0/0/0 von 118  Tagen gewertet (1m/5m/15m)        0 Signale  28 ms lesen  52 ms rechnen
2026-09-08T01:29:11.268Z  EVH/2016        roh          60305 reg. Kerzen    0/100/100 von 252  Tagen gewertet (1m/5m/15m)     2744 Signale  304 ms lesen  10520 ms rechnen
2026-09-08T01:29:38.310Z  EVH/2017        roh          83234 reg. Kerzen    0/251/251 von 251  Tagen gewertet (1m/5m/15m)     6843 Signale  250 ms lesen  26532 ms rechnen
2026-09-08T01:30:05.175Z  EVH/2018        roh          82245 reg. Kerzen    0/251/251 von 251  Tagen gewertet (1m/5m/15m)     6823 Signale  319 ms lesen  26080 ms rechnen
2026-09-08T01:30:32.102Z  EVH/2019        roh          89787 reg. Kerzen    0/242/242 von 252  Tagen gewertet (1m/5m/15m)     6487 Signale  291 ms lesen  26152 ms rechnen
2026-09-08T01:31:00.349Z  EVH/2020        roh          85807 reg. Kerzen    0/244/244 von 253  Tagen gewertet (1m/5m/15m)     6633 Signale  227 ms lesen  27547 ms rechnen
2026-09-08T01:31:26.921Z  EVH/2021        roh          71421 reg. Kerzen    0/250/250 von 252  Tagen gewertet (1m/5m/15m)     6699 Signale  324 ms lesen  25806 ms rechnen
2026-09-08T01:31:54.246Z  EVH/2022        roh          83102 reg. Kerzen    0/250/250 von 251  Tagen gewertet (1m/5m/15m)     6811 Signale  279 ms lesen  26697 ms rechnen
2026-09-08T01:32:20.124Z  EVH/2023        roh          83404 reg. Kerzen    0/250/250 von 250  Tagen gewertet (1m/5m/15m)     6673 Signale  260 ms lesen  25265 ms rechnen
2026-09-08T01:32:47.353Z  EVH/2024        roh          87534 reg. Kerzen    0/252/252 von 252  Tagen gewertet (1m/5m/15m)     6788 Signale  284 ms lesen  26528 ms rechnen
2026-09-08T01:33:16.216Z  EVH/2025        roh          89843 reg. Kerzen    0/250/250 von 250  Tagen gewertet (1m/5m/15m)     6724 Signale  474 ms lesen  28008 ms rechnen
2026-09-08T01:33:35.174Z  EVH/2026        roh          58141 reg. Kerzen    0/166/166 von 166  Tagen gewertet (1m/5m/15m)     4525 Signale  165 ms lesen  18387 ms rechnen
2026-09-08T01:33:58.352Z  EVR/2016        roh          73280 reg. Kerzen    0/232/232 von 252  Tagen gewertet (1m/5m/15m)     6070 Signale  386 ms lesen  22474 ms rechnen
2026-09-08T01:34:21.822Z  EVR/2017        roh          71207 reg. Kerzen    0/251/251 von 251  Tagen gewertet (1m/5m/15m)     6438 Signale  216 ms lesen  22929 ms rechnen
2026-09-08T01:34:45.730Z  EVR/2018        roh          75621 reg. Kerzen    0/251/251 von 251  Tagen gewertet (1m/5m/15m)     6571 Signale  423 ms lesen  23182 ms rechnen
2026-09-08T01:35:09.956Z  EVR/2019        roh          74291 reg. Kerzen    0/252/252 von 252  Tagen gewertet (1m/5m/15m)     6564 Signale  233 ms lesen  23622 ms rechnen
2026-09-08T01:35:36.352Z  EVR/2020        roh          77919 reg. Kerzen    0/253/253 von 253  Tagen gewertet (1m/5m/15m)     6731 Signale  323 ms lesen  25724 ms rechnen
2026-09-08T01:36:01.893Z  EVR/2021        roh          71957 reg. Kerzen    0/250/250 von 252  Tagen gewertet (1m/5m/15m)     6616 Signale  230 ms lesen  24962 ms rechnen
2026-09-08T01:36:27.933Z  EVR/2022        roh          72783 reg. Kerzen    0/250/250 von 251  Tagen gewertet (1m/5m/15m)     6712 Signale  182 ms lesen  25522 ms rechnen
2026-09-08T01:36:50.788Z  EVR/2023        roh          60787 reg. Kerzen    0/245/249 von 250  Tagen gewertet (1m/5m/15m)     6344 Signale  293 ms lesen  22245 ms rechnen
2026-09-08T01:37:12.996Z  EVR/2024        roh          52198 reg. Kerzen    0/246/252 von 252  Tagen gewertet (1m/5m/15m)     6292 Signale  161 ms lesen  21787 ms rechnen
2026-09-08T01:37:38.038Z  EVR/2025        roh          64444 reg. Kerzen    0/247/250 von 250  Tagen gewertet (1m/5m/15m)     6480 Signale  239 ms lesen  24547 ms rechnen
2026-09-08T01:37:55.622Z  EVR/2026        roh          54553 reg. Kerzen    0/166/166 von 166  Tagen gewertet (1m/5m/15m)     4460 Signale  269 ms lesen  17019 ms rechnen
2026-09-08T01:38:02.448Z  EWCZ/2021       roh          22183 reg. Kerzen      0/52/67 von 104  Tagen gewertet (1m/5m/15m)     1489 Signale  82 ms lesen  6387 ms rechnen
2026-09-08T01:38:27.725Z  EWCZ/2022       roh          62196 reg. Kerzen    0/231/232 von 251  Tagen gewertet (1m/5m/15m)     6291 Signale  184 ms lesen  24994 ms rechnen
2026-09-08T01:38:36.526Z  EWCZ/2023       roh          58284 reg. Kerzen      0/81/81 von 250  Tagen gewertet (1m/5m/15m)     2176 Signale  331 ms lesen  8154 ms rechnen
2026-09-08T01:38:49.211Z  EWCZ/2024       roh          66352 reg. Kerzen    0/113/113 von 252  Tagen gewertet (1m/5m/15m)     2977 Signale  227 ms lesen  12163 ms rechnen
2026-09-08T01:38:50.516Z  EWCZ/2025       roh          64256 reg. Kerzen        0/0/0 von 250  Tagen gewertet (1m/5m/15m)        0 Signale  336 ms lesen  650 ms rechnen
2026-09-08T01:38:51.165Z  EWCZ/2026       roh          21609 reg. Kerzen        0/0/0 von 87   Tagen gewertet (1m/5m/15m)        0 Signale  88 ms lesen  222 ms rechnen
2026-09-08T01:39:12.601Z  EXC/2016        bereinigt    97966 reg. Kerzen    0/232/232 von 252  Tagen gewertet (1m/5m/15m)     5671 Signale  780 ms lesen  20494 ms rechnen
2026-09-08T01:39:34.068Z  EXC/2017        bereinigt    97394 reg. Kerzen    0/251/251 von 251  Tagen gewertet (1m/5m/15m)     5708 Signale  507 ms lesen  20491 ms rechnen
2026-09-08T01:39:57.873Z  EXC/2018        bereinigt    97328 reg. Kerzen    0/251/251 von 251  Tagen gewertet (1m/5m/15m)     6071 Signale  530 ms lesen  22828 ms rechnen
2026-09-08T01:40:19.155Z  EXC/2019        bereinigt    97692 reg. Kerzen    0/252/252 von 252  Tagen gewertet (1m/5m/15m)     5700 Signale  726 ms lesen  20155 ms rechnen
2026-09-08T01:40:44.758Z  EXC/2020        bereinigt    98227 reg. Kerzen    0/253/253 von 253  Tagen gewertet (1m/5m/15m)     6433 Signale  878 ms lesen  24302 ms rechnen
2026-09-08T01:41:08.069Z  EXC/2021        bereinigt    97964 reg. Kerzen    0/252/252 von 252  Tagen gewertet (1m/5m/15m)     5907 Signale  584 ms lesen  22241 ms rechnen
2026-09-08T01:41:32.691Z  EXC/2022        bereinigt    97701 reg. Kerzen    0/251/251 von 251  Tagen gewertet (1m/5m/15m)     6391 Signale  346 ms lesen  23768 ms rechnen
2026-09-08T01:41:56.759Z  EXC/2023        roh          97108 reg. Kerzen    0/250/250 von 250  Tagen gewertet (1m/5m/15m)     6134 Signale  399 ms lesen  23159 ms rechnen
2026-09-08T01:42:20.642Z  EXC/2024        roh          97610 reg. Kerzen    0/252/252 von 252  Tagen gewertet (1m/5m/15m)     5981 Signale  308 ms lesen  23089 ms rechnen
2026-09-08T01:42:46.485Z  EXC/2025        roh          96842 reg. Kerzen    0/250/250 von 250  Tagen gewertet (1m/5m/15m)     5904 Signale  274 ms lesen  24975 ms rechnen
2026-09-08T01:43:02.607Z  EXC/2026        roh          64714 reg. Kerzen    0/166/166 von 166  Tagen gewertet (1m/5m/15m)     4175 Signale  194 ms lesen  15281 ms rechnen
2026-09-08T01:43:02.940Z  EXPC/2019       roh             61 reg. Kerzen        0/0/0 von 15   Tagen gewertet (1m/5m/15m)        0 Signale  22 ms lesen  1 ms rechnen
2026-09-08T01:43:03.295Z  EXPC/2020       roh           6870 reg. Kerzen        0/2/2 von 188  Tagen gewertet (1m/5m/15m)       54 Signale  90 ms lesen  264 ms rechnen
2026-09-08T01:43:13.000Z  EXPC/2021       roh          30808 reg. Kerzen      0/87/87 von 87   Tagen gewertet (1m/5m/15m)     2328 Signale  102 ms lesen  9570 ms rechnen
2026-09-08T01:43:13.442Z  EXTO/2023       roh          17951 reg. Kerzen        0/0/0 von 86   Tagen gewertet (1m/5m/15m)        0 Signale  91 ms lesen  203 ms rechnen
2026-09-08T01:43:13.878Z  EXTO/2024       roh          14287 reg. Kerzen        0/1/2 von 252  Tagen gewertet (1m/5m/15m)       43 Signale  46 ms lesen  310 ms rechnen
2026-09-08T01:43:13.974Z  EXTO/2025       roh            441 reg. Kerzen        0/0/0 von 5    Tagen gewertet (1m/5m/15m)        0 Signale  9 ms lesen  21 ms rechnen
2026-09-08T01:43:14.334Z  FAAS/2024       roh          15440 reg. Kerzen        0/0/0 von 189  Tagen gewertet (1m/5m/15m)        0 Signale  168 ms lesen  184 ms rechnen
2026-09-08T01:43:15.895Z  FAAS/2025       roh          31906 reg. Kerzen        0/7/7 von 178  Tagen gewertet (1m/5m/15m)      188 Signale  110 ms lesen  1386 ms rechnen
2026-09-08T01:43:16.679Z  FARO/2016       roh          40175 reg. Kerzen        0/0/0 von 252  Tagen gewertet (1m/5m/15m)        0 Signale  118 ms lesen  520 ms rechnen
2026-09-08T01:43:18.266Z  FARO/2017       roh          32253 reg. Kerzen      0/10/12 von 251  Tagen gewertet (1m/5m/15m)      302 Signale  98 ms lesen  1312 ms rechnen
2026-09-08T01:43:19.618Z  FARO/2018       roh          29742 reg. Kerzen       0/5/13 von 251  Tagen gewertet (1m/5m/15m)      203 Signale  101 ms lesen  1096 ms rechnen
2026-09-08T01:43:21.198Z  FARO/2019       roh          31563 reg. Kerzen       0/4/12 von 252  Tagen gewertet (1m/5m/15m)      192 Signale  184 ms lesen  1260 ms rechnen
2026-09-08T01:43:25.501Z  FARO/2020       roh          32146 reg. Kerzen      0/30/41 von 253  Tagen gewertet (1m/5m/15m)      865 Signale  127 ms lesen  4018 ms rechnen
2026-09-08T01:43:29.646Z  FARO/2021       roh          23479 reg. Kerzen      0/31/59 von 252  Tagen gewertet (1m/5m/15m)     1085 Signale  95 ms lesen  3867 ms rechnen
2026-09-08T01:43:30.175Z  FARO/2022       roh          31323 reg. Kerzen        0/0/0 von 251  Tagen gewertet (1m/5m/15m)        0 Signale  82 ms lesen  326 ms rechnen
2026-09-08T01:43:31.075Z  FARO/2023       roh          41315 reg. Kerzen        0/0/1 von 250  Tagen gewertet (1m/5m/15m)        8 Signale  156 ms lesen  525 ms rechnen
2026-09-08T01:43:31.848Z  FARO/2024       roh          33463 reg. Kerzen        0/0/0 von 252  Tagen gewertet (1m/5m/15m)        0 Signale  119 ms lesen  452 ms rechnen
2026-09-08T01:43:38.647Z  FARO/2025       roh          29007 reg. Kerzen      0/84/89 von 135  Tagen gewertet (1m/5m/15m)     1790 Signale  131 ms lesen  6499 ms rechnen
2026-09-08T01:43:38.930Z  FAV/2016        roh           7281 reg. Kerzen        0/0/0 von 204  Tagen gewertet (1m/5m/15m)        0 Signale  36 ms lesen  89 ms rechnen
2026-09-08T01:43:39.224Z  FBNK/2016       roh          14557 reg. Kerzen        0/0/0 von 252  Tagen gewertet (1m/5m/15m)        0 Signale  49 ms lesen  200 ms rechnen
2026-09-08T01:43:39.520Z  FBNK/2017       roh          12988 reg. Kerzen        0/0/0 von 251  Tagen gewertet (1m/5m/15m)        0 Signale  56 ms lesen  158 ms rechnen
2026-09-08T01:43:39.783Z  FBNK/2018       roh          13072 reg. Kerzen        0/0/0 von 188  Tagen gewertet (1m/5m/15m)        0 Signale  62 ms lesen  142 ms rechnen
2026-09-08T01:43:54.242Z  FCB/2016        roh          55934 reg. Kerzen    0/155/157 von 252  Tagen gewertet (1m/5m/15m)     3919 Signale  169 ms lesen  14217 ms rechnen
2026-09-08T01:44:17.499Z  FCB/2017        roh          53901 reg. Kerzen    0/247/251 von 251  Tagen gewertet (1m/5m/15m)     6308 Signale  217 ms lesen  22788 ms rechnen
2026-09-08T01:44:41.731Z  FCB/2018        roh          65906 reg. Kerzen    0/251/251 von 251  Tagen gewertet (1m/5m/15m)     6462 Signale  235 ms lesen  23741 ms rechnen
2026-09-08T01:44:48.194Z  FCFS/2016       roh          19499 reg. Kerzen      0/65/65 von 85   Tagen gewertet (1m/5m/15m)     1718 Signale  174 ms lesen  5952 ms rechnen
2026-09-08T01:45:09.948Z  FCFS/2017       roh          55283 reg. Kerzen    0/248/250 von 251  Tagen gewertet (1m/5m/15m)     6035 Signale  188 ms lesen  21483 ms rechnen
2026-09-08T01:45:33.493Z  FCFS/2018       roh          60392 reg. Kerzen    0/251/251 von 251  Tagen gewertet (1m/5m/15m)     6178 Signale  162 ms lesen  23162 ms rechnen
2026-09-08T01:45:56.960Z  FCFS/2019       roh          52147 reg. Kerzen    0/246/252 von 252  Tagen gewertet (1m/5m/15m)     6259 Signale  363 ms lesen  22758 ms rechnen
2026-09-08T01:46:22.442Z  FCFS/2020       roh          62988 reg. Kerzen    0/253/253 von 253  Tagen gewertet (1m/5m/15m)     6778 Signale  164 ms lesen  25111 ms rechnen
2026-09-08T01:46:45.786Z  FCFS/2021       roh          47397 reg. Kerzen    0/224/251 von 252  Tagen gewertet (1m/5m/15m)     5924 Signale  360 ms lesen  22668 ms rechnen
2026-09-08T01:47:11.577Z  FCFS/2022       roh          50803 reg. Kerzen    0/243/251 von 251  Tagen gewertet (1m/5m/15m)     6513 Signale  174 ms lesen  25379 ms rechnen
2026-09-08T01:47:31.460Z  FCFS/2023       roh          41635 reg. Kerzen    0/200/250 von 250  Tagen gewertet (1m/5m/15m)     5460 Signale  178 ms lesen  19442 ms rechnen
2026-09-08T01:47:50.677Z  FCFS/2024       roh          40733 reg. Kerzen    0/192/252 von 252  Tagen gewertet (1m/5m/15m)     5243 Signale  114 ms lesen  18905 ms rechnen
2026-09-08T01:48:12.312Z  FCFS/2025       roh          43147 reg. Kerzen    0/211/250 von 250  Tagen gewertet (1m/5m/15m)     5615 Signale  334 ms lesen  21064 ms rechnen
2026-09-08T01:48:30.340Z  FCFS/2026       roh          31418 reg. Kerzen    0/151/166 von 166  Tagen gewertet (1m/5m/15m)     4143 Signale  158 ms lesen  17654 ms rechnen
2026-09-08T01:48:31.095Z  FCSC/2016       bereinigt    34402 reg. Kerzen        0/0/0 von 252  Tagen gewertet (1m/5m/15m)        0 Signale  186 ms lesen  403 ms rechnen
2026-09-08T01:48:31.768Z  FCSC/2017       bereinigt    18787 reg. Kerzen        0/0/0 von 251  Tagen gewertet (1m/5m/15m)        0 Signale  81 ms lesen  342 ms rechnen
2026-09-08T01:48:33.035Z  FCSC/2018       bereinigt    30951 reg. Kerzen        0/0/0 von 251  Tagen gewertet (1m/5m/15m)        0 Signale  272 ms lesen  880 ms rechnen
2026-09-08T01:48:34.080Z  FCSC/2019       roh          18267 reg. Kerzen        0/0/0 von 240  Tagen gewertet (1m/5m/15m)        0 Signale  94 ms lesen  506 ms rechnen
2026-09-08T01:48:55.660Z  FDS/2016        roh          68526 reg. Kerzen    0/232/232 von 252  Tagen gewertet (1m/5m/15m)     5588 Signale  312 ms lesen  21078 ms rechnen
2026-09-08T01:49:16.804Z  FDS/2017        roh          64081 reg. Kerzen    0/251/251 von 251  Tagen gewertet (1m/5m/15m)     5827 Signale  229 ms lesen  20496 ms rechnen
2026-09-08T01:49:39.726Z  FDS/2018        roh          62600 reg. Kerzen    0/251/251 von 251  Tagen gewertet (1m/5m/15m)     6086 Signale  267 ms lesen  22381 ms rechnen
2026-09-08T01:50:02.783Z  FDS/2019        roh          66840 reg. Kerzen    0/252/252 von 252  Tagen gewertet (1m/5m/15m)     6272 Signale  273 ms lesen  22360 ms rechnen
2026-09-08T01:50:27.960Z  FDS/2020        roh          60408 reg. Kerzen    0/250/253 von 253  Tagen gewertet (1m/5m/15m)     6584 Signale  338 ms lesen  24479 ms rechnen
2026-09-08T01:50:51.780Z  FDS/2021        roh          50532 reg. Kerzen    0/242/250 von 252  Tagen gewertet (1m/5m/15m)     6131 Signale  271 ms lesen  23277 ms rechnen
2026-09-08T01:51:15.756Z  FDS/2022        roh          52282 reg. Kerzen    0/244/250 von 251  Tagen gewertet (1m/5m/15m)     6418 Signale  247 ms lesen  23508 ms rechnen
2026-09-08T01:51:36.448Z  FDS/2023        roh          48014 reg. Kerzen    0/228/250 von 250  Tagen gewertet (1m/5m/15m)     5764 Signale  204 ms lesen  20196 ms rechnen
2026-09-08T01:51:53.269Z  FDS/2024        roh          41657 reg. Kerzen    0/184/252 von 252  Tagen gewertet (1m/5m/15m)     4957 Signale  151 ms lesen  16444 ms rechnen
2026-09-08T01:52:14.596Z  FDS/2025        roh          56537 reg. Kerzen    0/232/250 von 250  Tagen gewertet (1m/5m/15m)     5820 Signale  160 ms lesen  20942 ms rechnen
2026-09-08T01:52:31.779Z  FDS/2026        roh          56930 reg. Kerzen    0/166/166 von 166  Tagen gewertet (1m/5m/15m)     4510 Signale  213 ms lesen  16699 ms rechnen
2026-09-08T01:52:32.146Z  FEXD/2022       roh            565 reg. Kerzen        0/0/0 von 125  Tagen gewertet (1m/5m/15m)        0 Signale  16 ms lesen  13 ms rechnen
2026-09-08T01:52:32.205Z  FEXD/2023       roh            556 reg. Kerzen        0/0/0 von 135  Tagen gewertet (1m/5m/15m)        0 Signale  25 ms lesen  28 ms rechnen
2026-09-08T01:52:32.226Z  FEXD/2024       roh            255 reg. Kerzen        0/0/0 von 77   Tagen gewertet (1m/5m/15m)        0 Signale  8 ms lesen  9 ms rechnen
2026-09-08T01:52:40.836Z  FFIN/2016       bereinigt    52973 reg. Kerzen      0/90/93 von 252  Tagen gewertet (1m/5m/15m)     2402 Signale  248 ms lesen  8291 ms rechnen
2026-09-08T01:53:00.344Z  FFIN/2017       bereinigt    49834 reg. Kerzen    0/209/213 von 251  Tagen gewertet (1m/5m/15m)     5451 Signale  198 ms lesen  18983 ms rechnen
2026-09-08T01:53:22.898Z  FFIN/2018       bereinigt    53099 reg. Kerzen    0/246/249 von 251  Tagen gewertet (1m/5m/15m)     6215 Signale  165 ms lesen  22145 ms rechnen
2026-09-08T01:53:45.598Z  FFIN/2019       bereinigt    66200 reg. Kerzen    0/252/252 von 252  Tagen gewertet (1m/5m/15m)     6321 Signale  140 ms lesen  22309 ms rechnen
2026-09-08T01:54:10.865Z  FFIN/2020       roh          75180 reg. Kerzen    0/253/253 von 253  Tagen gewertet (1m/5m/15m)     6713 Signale  284 ms lesen  24625 ms rechnen
2026-09-08T01:54:35.139Z  FFIN/2021       roh          68287 reg. Kerzen    0/252/252 von 252  Tagen gewertet (1m/5m/15m)     6508 Signale  166 ms lesen  23700 ms rechnen
2026-09-08T01:55:00.831Z  FFIN/2022       roh          67714 reg. Kerzen    0/251/251 von 251  Tagen gewertet (1m/5m/15m)     6518 Signale  414 ms lesen  24821 ms rechnen
2026-09-08T01:55:24.882Z  FFIN/2023       roh          71997 reg. Kerzen    0/250/250 von 250  Tagen gewertet (1m/5m/15m)     6562 Signale  254 ms lesen  23435 ms rechnen
2026-09-08T01:55:48.374Z  FFIN/2024       roh          64892 reg. Kerzen    0/252/252 von 252  Tagen gewertet (1m/5m/15m)     6404 Signale  127 ms lesen  22991 ms rechnen
2026-09-08T01:56:12.990Z  FFIN/2025       roh          64044 reg. Kerzen    0/250/250 von 250  Tagen gewertet (1m/5m/15m)     6219 Signale  128 ms lesen  24196 ms rechnen
2026-09-08T01:56:28.414Z  FFIN/2026       roh          52156 reg. Kerzen    0/166/166 von 166  Tagen gewertet (1m/5m/15m)     4241 Signale  143 ms lesen  14972 ms rechnen
2026-09-08T01:56:28.731Z  FGMC/2022       roh            427 reg. Kerzen        0/0/0 von 96   Tagen gewertet (1m/5m/15m)        0 Signale  63 ms lesen  17 ms rechnen
2026-09-08T01:56:28.779Z  FGMC/2023       roh           1148 reg. Kerzen        0/0/0 von 137  Tagen gewertet (1m/5m/15m)        0 Signale  14 ms lesen  25 ms rechnen
2026-09-08T01:56:28.791Z  AUSGELASSEN FGMC/2024: Datei fehlt
2026-09-08T01:56:28.978Z  FGMC/2025       roh           5581 reg. Kerzen        0/0/0 von 211  Tagen gewertet (1m/5m/15m)        0 Signale  55 ms lesen  131 ms rechnen
2026-09-08T01:56:29.127Z  FGMC/2026       roh           6153 reg. Kerzen        0/0/0 von 135  Tagen gewertet (1m/5m/15m)        0 Signale  35 ms lesen  90 ms rechnen
2026-09-08T01:56:49.884Z  FHN/2016        roh          94308 reg. Kerzen    0/232/232 von 252  Tagen gewertet (1m/5m/15m)     5908 Signale  205 ms lesen  20503 ms rechnen
2026-09-08T01:57:13.813Z  FHN/2017        roh          95177 reg. Kerzen    0/251/251 von 251  Tagen gewertet (1m/5m/15m)     6421 Signale  366 ms lesen  23114 ms rechnen
2026-09-08T01:57:37.262Z  FHN/2018        roh          96270 reg. Kerzen    0/251/251 von 251  Tagen gewertet (1m/5m/15m)     6342 Signale  234 ms lesen  22740 ms rechnen
2026-09-08T01:58:01.146Z  FHN/2019        roh          96300 reg. Kerzen    0/251/251 von 252  Tagen gewertet (1m/5m/15m)     6295 Signale  214 ms lesen  23265 ms rechnen
2026-09-08T01:58:28.324Z  FHN/2020        roh          97893 reg. Kerzen    0/253/253 von 253  Tagen gewertet (1m/5m/15m)     6842 Signale  280 ms lesen  26344 ms rechnen
2026-09-08T01:58:53.055Z  FHN/2021        roh          96977 reg. Kerzen    0/250/250 von 252  Tagen gewertet (1m/5m/15m)     6580 Signale  477 ms lesen  23855 ms rechnen
2026-09-08T01:59:14.353Z  FHN/2022        roh          95483 reg. Kerzen    0/250/250 von 251  Tagen gewertet (1m/5m/15m)     5513 Signale  197 ms lesen  20562 ms rechnen
2026-09-08T01:59:38.597Z  FHN/2023        roh          96384 reg. Kerzen    0/250/250 von 250  Tagen gewertet (1m/5m/15m)     6160 Signale  280 ms lesen  23541 ms rechnen
2026-09-08T02:00:03.175Z  FHN/2024        roh          97179 reg. Kerzen    0/252/252 von 252  Tagen gewertet (1m/5m/15m)     6366 Signale  434 ms lesen  23645 ms rechnen
2026-09-08T02:00:27.167Z  FHN/2025        roh          96519 reg. Kerzen    0/250/250 von 250  Tagen gewertet (1m/5m/15m)     6372 Signale  207 ms lesen  23236 ms rechnen
2026-09-08T02:00:42.761Z  FHN/2026        roh          64437 reg. Kerzen    0/166/166 von 166  Tagen gewertet (1m/5m/15m)     4189 Signale  276 ms lesen  14905 ms rechnen
2026-09-08T02:00:43.499Z  FIHL/2023       roh          25201 reg. Kerzen        0/0/0 von 128  Tagen gewertet (1m/5m/15m)        0 Signale  78 ms lesen  300 ms rechnen
2026-09-08T02:01:00.832Z  FIHL/2024       roh          65148 reg. Kerzen    0/172/172 von 252  Tagen gewertet (1m/5m/15m)     4392 Signale  294 ms lesen  16882 ms rechnen
2026-09-08T02:01:23.188Z  FIHL/2025       roh          69600 reg. Kerzen    0/231/231 von 250  Tagen gewertet (1m/5m/15m)     5891 Signale  267 ms lesen  21639 ms rechnen
2026-09-08T02:01:30.485Z  FIHL/2026       roh          23587 reg. Kerzen      0/67/67 von 89   Tagen gewertet (1m/5m/15m)     1722 Signale  62 ms lesen  6860 ms rechnen
2026-09-08T02:01:30.868Z  FITBI/2016      roh          13175 reg. Kerzen        0/0/0 von 252  Tagen gewertet (1m/5m/15m)        0 Signale  88 ms lesen  152 ms rechnen
2026-09-08T02:01:31.186Z  FITBI/2017      roh          10085 reg. Kerzen        0/0/0 von 251  Tagen gewertet (1m/5m/15m)        0 Signale  44 ms lesen  172 ms rechnen
2026-09-08T02:01:31.466Z  FITBI/2018      roh          11747 reg. Kerzen        0/0/0 von 251  Tagen gewertet (1m/5m/15m)        0 Signale  80 ms lesen  135 ms rechnen
2026-09-08T02:01:31.757Z  FITBI/2019      roh          11060 reg. Kerzen        0/0/0 von 252  Tagen gewertet (1m/5m/15m)        0 Signale  101 ms lesen  138 ms rechnen
2026-09-08T02:01:32.059Z  FITBI/2020      roh          13003 reg. Kerzen        0/0/0 von 253  Tagen gewertet (1m/5m/15m)        0 Signale  70 ms lesen  182 ms rechnen
2026-09-08T02:01:32.326Z  FITBI/2021      roh          12632 reg. Kerzen        0/0/0 von 252  Tagen gewertet (1m/5m/15m)        0 Signale  41 ms lesen  165 ms rechnen
2026-09-08T02:01:32.681Z  FITBI/2022      roh          16978 reg. Kerzen        0/0/0 von 251  Tagen gewertet (1m/5m/15m)        0 Signale  56 ms lesen  237 ms rechnen
2026-09-08T02:01:33.032Z  FITBI/2023      roh          18073 reg. Kerzen        0/0/0 von 250  Tagen gewertet (1m/5m/15m)        0 Signale  78 ms lesen  196 ms rechnen
2026-09-08T02:01:33.344Z  FITBI/2024      roh          12214 reg. Kerzen        0/0/0 von 252  Tagen gewertet (1m/5m/15m)        0 Signale  59 ms lesen  176 ms rechnen
2026-09-08T02:01:33.588Z  FITBI/2025      roh          12279 reg. Kerzen        0/0/0 von 250  Tagen gewertet (1m/5m/15m)        0 Signale  45 ms lesen  146 ms rechnen
2026-09-08T02:01:33.806Z  FITBI/2026      roh           5157 reg. Kerzen        0/0/0 von 111  Tagen gewertet (1m/5m/15m)        0 Signale  26 ms lesen  140 ms rechnen
2026-09-08T02:01:33.938Z  FLAC/2021       roh           2708 reg. Kerzen        0/0/0 von 178  Tagen gewertet (1m/5m/15m)        0 Signale  35 ms lesen  48 ms rechnen
2026-09-08T02:01:34.041Z  FLAC/2022       roh           1382 reg. Kerzen        0/0/0 von 162  Tagen gewertet (1m/5m/15m)        0 Signale  56 ms lesen  33 ms rechnen
2026-09-08T02:01:34.168Z  FLJ/2022        bereinigt     2923 reg. Kerzen        0/0/0 von 68   Tagen gewertet (1m/5m/15m)        0 Signale  58 ms lesen  43 ms rechnen
2026-09-08T02:01:34.621Z  FLJ/2023        bereinigt    28128 reg. Kerzen        0/0/0 von 250  Tagen gewertet (1m/5m/15m)        0 Signale  174 ms lesen  267 ms rechnen
2026-09-08T02:01:34.929Z  FLJ/2024        roh           8118 reg. Kerzen        0/0/0 von 103  Tagen gewertet (1m/5m/15m)        0 Signale  45 ms lesen  132 ms rechnen
2026-09-08T02:01:56.188Z  FLO/2016        roh          95549 reg. Kerzen    0/232/232 von 252  Tagen gewertet (1m/5m/15m)     5905 Signale  219 ms lesen  20945 ms rechnen
2026-09-08T02:02:19.210Z  FLO/2017        roh          88645 reg. Kerzen    0/251/251 von 251  Tagen gewertet (1m/5m/15m)     6150 Signale  317 ms lesen  22115 ms rechnen
2026-09-08T02:02:42.452Z  FLO/2018        roh          90829 reg. Kerzen    0/251/251 von 251  Tagen gewertet (1m/5m/15m)     6227 Signale  257 ms lesen  22342 ms rechnen
2026-09-08T02:03:05.355Z  FLO/2019        roh          89885 reg. Kerzen    0/252/252 von 252  Tagen gewertet (1m/5m/15m)     5860 Signale  268 ms lesen  22221 ms rechnen
2026-09-08T02:03:30.842Z  FLO/2020        roh          89598 reg. Kerzen    0/253/253 von 253  Tagen gewertet (1m/5m/15m)     6282 Signale  357 ms lesen  24681 ms rechnen
2026-09-08T02:03:53.296Z  FLO/2021        roh          88829 reg. Kerzen    0/250/250 von 252  Tagen gewertet (1m/5m/15m)     5961 Signale  386 ms lesen  21466 ms rechnen
2026-09-08T02:04:16.563Z  FLO/2022        roh          93564 reg. Kerzen    0/250/250 von 251  Tagen gewertet (1m/5m/15m)     6162 Signale  316 ms lesen  22546 ms rechnen
2026-09-08T02:04:40.011Z  FLO/2023        roh          92541 reg. Kerzen    0/250/250 von 250  Tagen gewertet (1m/5m/15m)     5935 Signale  219 ms lesen  22771 ms rechnen
2026-09-08T02:05:01.851Z  FLO/2024        roh          88705 reg. Kerzen    0/252/252 von 252  Tagen gewertet (1m/5m/15m)     5898 Signale  271 ms lesen  21120 ms rechnen
2026-09-08T02:05:26.702Z  FLO/2025        roh          94185 reg. Kerzen    0/250/250 von 250  Tagen gewertet (1m/5m/15m)     6358 Signale  445 ms lesen  23905 ms rechnen
2026-09-08T02:05:44.319Z  FLO/2026        roh          64294 reg. Kerzen    0/166/166 von 166  Tagen gewertet (1m/5m/15m)     4493 Signale  205 ms lesen  16996 ms rechnen
2026-09-08T02:05:48.588Z  CHECKPOINT 2000 Dateien, 451 min, Detektorfehler {}
2026-09-08T02:05:48.936Z  FLYY/2025       roh          16954 reg. Kerzen        0/0/0 von 86   Tagen gewertet (1m/5m/15m)        0 Signale  145 ms lesen  200 ms rechnen
2026-09-08T02:06:06.212Z  FMSA/2016       roh          87596 reg. Kerzen    0/145/145 von 252  Tagen gewertet (1m/5m/15m)     4023 Signale  213 ms lesen  16987 ms rechnen
2026-09-08T02:06:35.154Z  FMSA/2017       roh          96666 reg. Kerzen    0/251/251 von 251  Tagen gewertet (1m/5m/15m)     6949 Signale  178 ms lesen  28303 ms rechnen
2026-09-08T02:06:47.967Z  FMSA/2018       roh          39491 reg. Kerzen    0/104/104 von 104  Tagen gewertet (1m/5m/15m)     2856 Signale  84 ms lesen  12290 ms rechnen
2026-09-08T02:06:48.253Z  FNBG/2017       bereinigt     4875 reg. Kerzen        0/0/0 von 179  Tagen gewertet (1m/5m/15m)        0 Signale  20 ms lesen  67 ms rechnen
2026-09-08T02:06:48.406Z  FNBG/2018       roh           3411 reg. Kerzen        0/0/0 von 127  Tagen gewertet (1m/5m/15m)        0 Signale  59 ms lesen  62 ms rechnen
2026-09-08T02:06:49.008Z  FNHC/2016       roh          34071 reg. Kerzen        0/0/0 von 252  Tagen gewertet (1m/5m/15m)        0 Signale  120 ms lesen  447 ms rechnen
2026-09-08T02:06:49.787Z  FNHC/2017       roh          26330 reg. Kerzen        0/0/0 von 251  Tagen gewertet (1m/5m/15m)        0 Signale  209 ms lesen  419 ms rechnen
2026-09-08T02:06:50.304Z  FNHC/2018       roh          21041 reg. Kerzen        0/0/0 von 250  Tagen gewertet (1m/5m/15m)        0 Signale  85 ms lesen  303 ms rechnen
2026-09-08T02:06:50.911Z  FNHC/2019       roh          19982 reg. Kerzen        0/0/0 von 252  Tagen gewertet (1m/5m/15m)        0 Signale  86 ms lesen  432 ms rechnen
2026-09-08T02:06:51.624Z  FNHC/2020       roh          22318 reg. Kerzen        0/0/0 von 253  Tagen gewertet (1m/5m/15m)        0 Signale  107 ms lesen  468 ms rechnen
2026-09-08T02:06:52.199Z  FNHC/2021       roh          23993 reg. Kerzen        0/0/0 von 252  Tagen gewertet (1m/5m/15m)        0 Signale  168 ms lesen  304 ms rechnen
2026-09-08T02:06:52.691Z  FNHC/2022       roh          21196 reg. Kerzen        0/0/0 von 213  Tagen gewertet (1m/5m/15m)        0 Signale  133 ms lesen  250 ms rechnen
2026-09-08T02:06:53.237Z  FOGO/2016       roh          23141 reg. Kerzen        0/0/0 von 252  Tagen gewertet (1m/5m/15m)        0 Signale  139 ms lesen  310 ms rechnen
2026-09-08T02:06:53.674Z  FOGO/2017       roh          23541 reg. Kerzen        0/0/0 von 251  Tagen gewertet (1m/5m/15m)        0 Signale  75 ms lesen  249 ms rechnen
2026-09-08T02:06:54.243Z  FOGO/2018       roh           7940 reg. Kerzen        0/4/6 von 64   Tagen gewertet (1m/5m/15m)       85 Signale  30 ms lesen  392 ms rechnen
2026-09-08T02:06:54.388Z  FORK/2016       roh           3681 reg. Kerzen        0/0/0 von 249  Tagen gewertet (1m/5m/15m)        0 Signale  19 ms lesen  82 ms rechnen
2026-09-08T02:06:54.620Z  FORK/2017       roh           9596 reg. Kerzen        0/0/0 von 232  Tagen gewertet (1m/5m/15m)        0 Signale  77 ms lesen  100 ms rechnen
2026-09-08T02:06:54.943Z  FORK/2018       roh          10420 reg. Kerzen        0/0/0 von 229  Tagen gewertet (1m/5m/15m)        0 Signale  133 ms lesen  138 ms rechnen
2026-09-08T02:06:55.196Z  FORK/2019       roh           7626 reg. Kerzen        0/0/0 von 250  Tagen gewertet (1m/5m/15m)        0 Signale  41 ms lesen  143 ms rechnen
2026-09-08T02:06:55.324Z  FORK/2020       roh           2998 reg. Kerzen        0/0/0 von 218  Tagen gewertet (1m/5m/15m)        0 Signale  19 ms lesen  50 ms rechnen
2026-09-08T02:06:58.539Z  FOXF/2016       roh          47393 reg. Kerzen      0/25/25 von 252  Tagen gewertet (1m/5m/15m)      629 Signale  228 ms lesen  2963 ms rechnen
2026-09-08T02:07:21.130Z  FOXF/2017       roh          58106 reg. Kerzen    0/223/225 von 251  Tagen gewertet (1m/5m/15m)     5868 Signale  157 ms lesen  22237 ms rechnen
2026-09-08T02:07:44.935Z  FOXF/2018       roh          54044 reg. Kerzen    0/239/242 von 251  Tagen gewertet (1m/5m/15m)     6152 Signale  160 ms lesen  23314 ms rechnen
2026-09-08T02:08:09.245Z  FOXF/2019       roh          53142 reg. Kerzen    0/252/252 von 252  Tagen gewertet (1m/5m/15m)     6666 Signale  219 ms lesen  23844 ms rechnen
2026-09-08T02:08:36.610Z  FOXF/2020       roh          64034 reg. Kerzen    0/251/253 von 253  Tagen gewertet (1m/5m/15m)     6749 Signale  196 ms lesen  26950 ms rechnen
2026-09-08T02:08:58.606Z  FOXF/2021       roh          44678 reg. Kerzen    0/216/252 von 252  Tagen gewertet (1m/5m/15m)     6025 Signale  229 ms lesen  21464 ms rechnen
2026-09-08T02:09:23.948Z  FOXF/2022       roh          50053 reg. Kerzen    0/239/251 von 251  Tagen gewertet (1m/5m/15m)     6614 Signale  140 ms lesen  24977 ms rechnen
2026-09-08T02:09:47.189Z  FOXF/2023       roh          46555 reg. Kerzen    0/218/250 von 250  Tagen gewertet (1m/5m/15m)     6010 Signale  126 ms lesen  22855 ms rechnen
2026-09-08T02:10:13.405Z  FOXF/2024       roh          69352 reg. Kerzen    0/252/252 von 252  Tagen gewertet (1m/5m/15m)     6823 Signale  152 ms lesen  25871 ms rechnen
2026-09-08T02:10:40.061Z  FOXF/2025       roh          67382 reg. Kerzen    0/250/250 von 250  Tagen gewertet (1m/5m/15m)     6797 Signale  245 ms lesen  26060 ms rechnen
2026-09-08T02:10:58.267Z  FOXF/2026       roh          39446 reg. Kerzen    0/158/160 von 166  Tagen gewertet (1m/5m/15m)     4419 Signale  261 ms lesen  17435 ms rechnen
2026-09-08T02:11:19.403Z  FR/2016         roh          89266 reg. Kerzen    0/232/232 von 252  Tagen gewertet (1m/5m/15m)     5641 Signale  469 ms lesen  20464 ms rechnen
2026-09-08T02:11:40.588Z  FR/2017         roh          87841 reg. Kerzen    0/251/251 von 251  Tagen gewertet (1m/5m/15m)     5757 Signale  238 ms lesen  20556 ms rechnen
2026-09-08T02:12:03.047Z  FR/2018         roh          88477 reg. Kerzen    0/251/251 von 251  Tagen gewertet (1m/5m/15m)     6056 Signale  210 ms lesen  21867 ms rechnen
2026-09-08T02:12:24.616Z  FR/2019         roh          85442 reg. Kerzen    0/252/252 von 252  Tagen gewertet (1m/5m/15m)     5810 Signale  233 ms lesen  20940 ms rechnen
2026-09-08T02:12:49.073Z  FR/2020         roh          89367 reg. Kerzen    0/253/253 von 253  Tagen gewertet (1m/5m/15m)     6343 Signale  178 ms lesen  23873 ms rechnen
2026-09-08T02:13:11.631Z  FR/2021         roh          85201 reg. Kerzen    0/250/250 von 252  Tagen gewertet (1m/5m/15m)     5876 Signale  420 ms lesen  21593 ms rechnen
2026-09-08T02:13:35.072Z  FR/2022         roh          88957 reg. Kerzen    0/250/250 von 251  Tagen gewertet (1m/5m/15m)     6429 Signale  307 ms lesen  22697 ms rechnen
2026-09-08T02:13:58.491Z  FR/2023         roh          84133 reg. Kerzen    0/250/250 von 250  Tagen gewertet (1m/5m/15m)     6205 Signale  221 ms lesen  22777 ms rechnen
2026-09-08T02:14:20.722Z  FR/2024         roh          83937 reg. Kerzen    0/252/252 von 252  Tagen gewertet (1m/5m/15m)     6066 Signale  205 ms lesen  21550 ms rechnen
2026-09-08T02:14:44.348Z  FR/2025         roh          82825 reg. Kerzen    0/250/250 von 250  Tagen gewertet (1m/5m/15m)     6110 Signale  284 ms lesen  22851 ms rechnen
2026-09-08T02:14:59.970Z  FR/2026         roh          51795 reg. Kerzen    0/166/166 von 166  Tagen gewertet (1m/5m/15m)     3991 Signale  372 ms lesen  14842 ms rechnen
2026-09-08T02:15:00.414Z  FREQ/2019       bereinigt     8569 reg. Kerzen        0/0/0 von 62   Tagen gewertet (1m/5m/15m)        0 Signale  54 ms lesen  133 ms rechnen
2026-09-08T02:15:03.926Z  FREQ/2020       bereinigt    43876 reg. Kerzen      0/25/27 von 253  Tagen gewertet (1m/5m/15m)      693 Signale  142 ms lesen  3328 ms rechnen
2026-09-08T02:15:16.851Z  FREQ/2021       bereinigt    56822 reg. Kerzen     0/98/101 von 252  Tagen gewertet (1m/5m/15m)     2753 Signale  265 ms lesen  12385 ms rechnen
2026-09-08T02:15:17.825Z  FREQ/2022       bereinigt    44061 reg. Kerzen        0/0/0 von 251  Tagen gewertet (1m/5m/15m)        0 Signale  130 ms lesen  432 ms rechnen
2026-09-08T02:15:18.648Z  FREQ/2023       bereinigt    30348 reg. Kerzen        0/0/0 von 212  Tagen gewertet (1m/5m/15m)        0 Signale  311 ms lesen  292 ms rechnen
2026-09-08T02:15:19.089Z  FRLN/2020       bereinigt     6795 reg. Kerzen        0/0/0 von 102  Tagen gewertet (1m/5m/15m)        0 Signale  100 ms lesen  106 ms rechnen
2026-09-08T02:15:19.404Z  FRLN/2021       bereinigt    19413 reg. Kerzen        0/0/0 von 252  Tagen gewertet (1m/5m/15m)        0 Signale  96 ms lesen  186 ms rechnen
2026-09-08T02:15:19.886Z  FRLN/2022       bereinigt    14511 reg. Kerzen        0/0/0 von 251  Tagen gewertet (1m/5m/15m)        0 Signale  79 ms lesen  285 ms rechnen
2026-09-08T02:15:20.256Z  FRLN/2023       bereinigt    14845 reg. Kerzen        0/0/0 von 250  Tagen gewertet (1m/5m/15m)        0 Signale  86 ms lesen  219 ms rechnen
2026-09-08T02:15:20.466Z  FRLN/2024       roh            530 reg. Kerzen        0/0/0 von 33   Tagen gewertet (1m/5m/15m)        0 Signale  29 ms lesen  23 ms rechnen
2026-09-08T02:15:20.615Z  FRSG/2021       roh           5212 reg. Kerzen        0/0/0 von 143  Tagen gewertet (1m/5m/15m)        0 Signale  36 ms lesen  101 ms rechnen
2026-09-08T02:15:20.906Z  FRSG/2022       roh           2504 reg. Kerzen        0/0/0 von 232  Tagen gewertet (1m/5m/15m)        0 Signale  96 ms lesen  144 ms rechnen
2026-09-08T02:15:20.967Z  FRSG/2023       roh            291 reg. Kerzen        0/0/0 von 37   Tagen gewertet (1m/5m/15m)        0 Signale  30 ms lesen  11 ms rechnen
2026-09-08T02:15:21.240Z  FRZA/2022       roh          12362 reg. Kerzen        0/0/0 von 98   Tagen gewertet (1m/5m/15m)        0 Signale  119 ms lesen  143 ms rechnen
2026-09-08T02:15:21.603Z  FRZA/2023       roh          15037 reg. Kerzen        0/0/0 von 250  Tagen gewertet (1m/5m/15m)        0 Signale  116 ms lesen  191 ms rechnen
2026-09-08T02:15:21.997Z  FRZA/2024       roh           6767 reg. Kerzen        0/0/0 von 195  Tagen gewertet (1m/5m/15m)        0 Signale  86 ms lesen  204 ms rechnen
2026-09-08T02:15:22.125Z  FSFG/2016       bereinigt      921 reg. Kerzen        0/0/0 von 188  Tagen gewertet (1m/5m/15m)        0 Signale  26 ms lesen  27 ms rechnen
2026-09-08T02:15:22.167Z  FSFG/2017       bereinigt      777 reg. Kerzen        0/0/0 von 204  Tagen gewertet (1m/5m/15m)        0 Signale  11 ms lesen  15 ms rechnen
2026-09-08T02:15:22.291Z  FSFG/2018       bereinigt     1292 reg. Kerzen        0/0/0 von 217  Tagen gewertet (1m/5m/15m)        0 Signale  82 ms lesen  35 ms rechnen
2026-09-08T02:15:22.373Z  FSFG/2019       bereinigt     1561 reg. Kerzen        0/0/0 von 231  Tagen gewertet (1m/5m/15m)        0 Signale  12 ms lesen  61 ms rechnen
2026-09-08T02:15:22.504Z  FSFG/2020       bereinigt     2333 reg. Kerzen        0/0/0 von 236  Tagen gewertet (1m/5m/15m)        0 Signale  37 ms lesen  80 ms rechnen
2026-09-08T02:15:22.619Z  FSFG/2021       bereinigt     3609 reg. Kerzen        0/0/0 von 251  Tagen gewertet (1m/5m/15m)        0 Signale  21 ms lesen  81 ms rechnen
2026-09-08T02:15:22.718Z  FSFG/2022       roh           2255 reg. Kerzen        0/0/0 von 245  Tagen gewertet (1m/5m/15m)        0 Signale  31 ms lesen  39 ms rechnen
2026-09-08T02:15:22.840Z  FSFG/2023       roh           1963 reg. Kerzen        0/0/0 von 232  Tagen gewertet (1m/5m/15m)        0 Signale  53 ms lesen  43 ms rechnen
2026-09-08T02:15:23.035Z  FSFG/2024       roh           3682 reg. Kerzen        0/0/0 von 243  Tagen gewertet (1m/5m/15m)        0 Signale  95 ms lesen  90 ms rechnen
2026-09-08T02:15:23.192Z  FSFG/2025       roh           6095 reg. Kerzen        0/0/0 von 250  Tagen gewertet (1m/5m/15m)        0 Signale  35 ms lesen  102 ms rechnen
2026-09-08T02:15:23.283Z  FSFG/2026       roh            396 reg. Kerzen        0/0/0 von 20   Tagen gewertet (1m/5m/15m)        0 Signale  12 ms lesen  43 ms rechnen
2026-09-08T02:15:41.304Z  FSM/2016        roh          83147 reg. Kerzen    0/160/160 von 252  Tagen gewertet (1m/5m/15m)     4516 Signale  284 ms lesen  17726 ms rechnen
2026-09-08T02:15:59.560Z  FSM/2017        roh          83301 reg. Kerzen    0/153/153 von 251  Tagen gewertet (1m/5m/15m)     4230 Signale  372 ms lesen  17337 ms rechnen
2026-09-08T02:16:01.394Z  FSM/2018        roh          80030 reg. Kerzen        0/3/3 von 251  Tagen gewertet (1m/5m/15m)       81 Signale  303 ms lesen  1191 ms rechnen
2026-09-08T02:16:17.514Z  FSM/2019        roh          85826 reg. Kerzen    0/132/132 von 252  Tagen gewertet (1m/5m/15m)     3673 Signale  341 ms lesen  15282 ms rechnen
2026-09-08T02:16:46.981Z  FSM/2020        roh          95387 reg. Kerzen    0/253/253 von 253  Tagen gewertet (1m/5m/15m)     7022 Signale  335 ms lesen  28608 ms rechnen
2026-09-08T02:17:14.999Z  FSM/2021        roh          94068 reg. Kerzen    0/250/250 von 252  Tagen gewertet (1m/5m/15m)     6870 Signale  305 ms lesen  27299 ms rechnen
2026-09-08T02:17:44.565Z  FSM/2022        roh          91945 reg. Kerzen    0/250/250 von 251  Tagen gewertet (1m/5m/15m)     7068 Signale  405 ms lesen  28706 ms rechnen
2026-09-08T02:18:11.689Z  FSM/2023        roh          91528 reg. Kerzen    0/250/250 von 250  Tagen gewertet (1m/5m/15m)     6891 Signale  480 ms lesen  26154 ms rechnen
2026-09-08T02:18:39.158Z  FSM/2024        roh          95070 reg. Kerzen    0/252/252 von 252  Tagen gewertet (1m/5m/15m)     6953 Signale  363 ms lesen  26701 ms rechnen
2026-09-08T02:19:07.330Z  FSM/2025        roh          96099 reg. Kerzen    0/250/250 von 250  Tagen gewertet (1m/5m/15m)     6821 Signale  451 ms lesen  27300 ms rechnen
2026-09-08T02:19:25.569Z  FSM/2026        roh          64019 reg. Kerzen    0/166/166 von 166  Tagen gewertet (1m/5m/15m)     4561 Signale  281 ms lesen  17474 ms rechnen
2026-09-08T02:19:25.998Z  FSSI/2021       roh           3733 reg. Kerzen        0/0/0 von 175  Tagen gewertet (1m/5m/15m)        0 Signale  24 ms lesen  52 ms rechnen
2026-09-08T02:19:26.056Z  FSSI/2022       roh           1609 reg. Kerzen        0/0/0 von 198  Tagen gewertet (1m/5m/15m)        0 Signale  13 ms lesen  28 ms rechnen
2026-09-08T02:19:31.387Z  FTCH/2018       roh          21590 reg. Kerzen      0/49/49 von 69   Tagen gewertet (1m/5m/15m)     1293 Signale  92 ms lesen  5222 ms rechnen
2026-09-08T02:19:58.088Z  FTCH/2019       roh          91986 reg. Kerzen    0/252/252 von 252  Tagen gewertet (1m/5m/15m)     6726 Signale  403 ms lesen  26181 ms rechnen
2026-09-08T02:20:27.244Z  FTCH/2020       roh          97550 reg. Kerzen    0/253/253 von 253  Tagen gewertet (1m/5m/15m)     6921 Signale  348 ms lesen  28386 ms rechnen
2026-09-08T02:20:54.377Z  FTCH/2021       roh          96837 reg. Kerzen    0/250/250 von 252  Tagen gewertet (1m/5m/15m)     6836 Signale  492 ms lesen  26105 ms rechnen
2026-09-08T02:21:23.571Z  FTCH/2022       roh          97294 reg. Kerzen    0/250/250 von 251  Tagen gewertet (1m/5m/15m)     6966 Signale  570 ms lesen  28222 ms rechnen
2026-09-08T02:21:51.688Z  FTCH/2023       roh          93466 reg. Kerzen    0/241/241 von 241  Tagen gewertet (1m/5m/15m)     6759 Signale  333 ms lesen  27356 ms rechnen
2026-09-08T02:21:52.262Z  FTII/2022       roh            329 reg. Kerzen        0/0/0 von 76   Tagen gewertet (1m/5m/15m)        0 Signale  22 ms lesen  12 ms rechnen
2026-09-08T02:21:52.379Z  FTII/2023       roh            940 reg. Kerzen        0/0/0 von 155  Tagen gewertet (1m/5m/15m)        0 Signale  80 ms lesen  34 ms rechnen
2026-09-08T02:21:52.448Z  FTII/2024       roh            668 reg. Kerzen        0/0/0 von 142  Tagen gewertet (1m/5m/15m)        0 Signale  40 ms lesen  21 ms rechnen
2026-09-08T02:21:52.473Z  FTII/2025       roh            151 reg. Kerzen        0/0/0 von 24   Tagen gewertet (1m/5m/15m)        0 Signale  12 ms lesen  7 ms rechnen
2026-09-08T02:21:52.713Z  FTRP/2021       bereinigt    12333 reg. Kerzen        0/0/0 von 109  Tagen gewertet (1m/5m/15m)        0 Signale  93 ms lesen  119 ms rechnen
2026-09-08T02:21:53.061Z  FTRP/2022       bereinigt    15810 reg. Kerzen        0/0/0 von 156  Tagen gewertet (1m/5m/15m)        0 Signale  68 ms lesen  224 ms rechnen
2026-09-08T02:22:13.788Z  FUL/2016        roh          62632 reg. Kerzen    0/232/232 von 252  Tagen gewertet (1m/5m/15m)     5665 Signale  236 ms lesen  20395 ms rechnen
2026-09-08T02:22:35.839Z  FUL/2017        roh          62462 reg. Kerzen    0/251/251 von 251  Tagen gewertet (1m/5m/15m)     5985 Signale  178 ms lesen  21566 ms rechnen
2026-09-08T02:23:01.137Z  FUL/2018        roh          69841 reg. Kerzen    0/251/251 von 251  Tagen gewertet (1m/5m/15m)     6347 Signale  280 ms lesen  24600 ms rechnen
2026-09-08T02:23:24.827Z  FUL/2019        roh          67711 reg. Kerzen    0/252/252 von 252  Tagen gewertet (1m/5m/15m)     6425 Signale  277 ms lesen  23023 ms rechnen
2026-09-08T02:23:51.301Z  FUL/2020        roh          71337 reg. Kerzen    0/252/253 von 253  Tagen gewertet (1m/5m/15m)     6659 Signale  322 ms lesen  25667 ms rechnen
2026-09-08T02:24:15.023Z  FUL/2021        roh          62155 reg. Kerzen    0/248/250 von 252  Tagen gewertet (1m/5m/15m)     6359 Signale  201 ms lesen  23116 ms rechnen
2026-09-08T02:24:39.624Z  FUL/2022        roh          60124 reg. Kerzen    0/250/250 von 250  Tagen gewertet (1m/5m/15m)     6633 Signale  267 ms lesen  24045 ms rechnen
2026-09-08T02:25:02.652Z  FUL/2023        roh          58493 reg. Kerzen    0/250/250 von 250  Tagen gewertet (1m/5m/15m)     6309 Signale  380 ms lesen  22247 ms rechnen
2026-09-08T02:25:23.842Z  FUL/2024        roh          47890 reg. Kerzen    0/242/252 von 252  Tagen gewertet (1m/5m/15m)     5976 Signale  221 ms lesen  20734 ms rechnen
2026-09-08T02:25:47.690Z  FUL/2025        roh          58709 reg. Kerzen    0/248/250 von 250  Tagen gewertet (1m/5m/15m)     6323 Signale  142 ms lesen  23465 ms rechnen
2026-09-08T02:26:03.022Z  FUL/2026        roh          41825 reg. Kerzen    0/166/166 von 166  Tagen gewertet (1m/5m/15m)     4416 Signale  159 ms lesen  14886 ms rechnen
2026-09-08T02:26:03.361Z  FUV/2017        bereinigt     3885 reg. Kerzen        0/0/0 von 70   Tagen gewertet (1m/5m/15m)        0 Signale  54 ms lesen  42 ms rechnen
2026-09-08T02:26:03.618Z  FUV/2018        bereinigt     8588 reg. Kerzen        0/0/0 von 251  Tagen gewertet (1m/5m/15m)        0 Signale  106 ms lesen  137 ms rechnen
2026-09-08T02:26:04.027Z  FUV/2019        bereinigt    19162 reg. Kerzen        0/0/0 von 252  Tagen gewertet (1m/5m/15m)        0 Signale  92 ms lesen  279 ms rechnen
2026-09-08T02:26:13.624Z  FUV/2020        bereinigt    58927 reg. Kerzen      0/72/72 von 253  Tagen gewertet (1m/5m/15m)     1971 Signale  239 ms lesen  9241 ms rechnen
2026-09-08T02:26:45.171Z  FUV/2021        bereinigt    86626 reg. Kerzen    0/252/252 von 252  Tagen gewertet (1m/5m/15m)     6965 Signale  307 ms lesen  30897 ms rechnen
2026-09-08T02:26:49.366Z  FUV/2022        bereinigt    74141 reg. Kerzen      0/22/22 von 251  Tagen gewertet (1m/5m/15m)      621 Signale  399 ms lesen  3393 ms rechnen
2026-09-08T02:26:50.221Z  FUV/2023        roh          25851 reg. Kerzen        0/0/0 von 250  Tagen gewertet (1m/5m/15m)        0 Signale  83 ms lesen  348 ms rechnen
2026-09-08T02:26:50.461Z  FUV/2024        roh           3964 reg. Kerzen        0/0/0 von 83   Tagen gewertet (1m/5m/15m)        0 Signale  56 ms lesen  72 ms rechnen
2026-09-08T02:26:51.264Z  FWAA/2021       roh          17458 reg. Kerzen        0/4/8 von 139  Tagen gewertet (1m/5m/15m)      148 Signale  81 ms lesen  698 ms rechnen
2026-09-08T02:26:51.352Z  FXCO/2022       roh            570 reg. Kerzen        0/0/0 von 126  Tagen gewertet (1m/5m/15m)        0 Signale  7 ms lesen  13 ms rechnen
2026-09-08T02:26:51.371Z  FXCO/2023       roh            102 reg. Kerzen        0/0/0 von 44   Tagen gewertet (1m/5m/15m)        0 Signale  12 ms lesen  3 ms rechnen
2026-09-08T02:26:56.222Z  GALE/2016       bereinigt    80871 reg. Kerzen      0/33/33 von 252  Tagen gewertet (1m/5m/15m)      920 Signale  509 ms lesen  4328 ms rechnen
2026-09-08T02:26:57.721Z  GALE/2017       bereinigt    58745 reg. Kerzen        0/0/0 von 251  Tagen gewertet (1m/5m/15m)        0 Signale  396 ms lesen  733 ms rechnen
2026-09-08T02:27:05.079Z  GAS/2016        roh          43620 reg. Kerzen    0/105/105 von 125  Tagen gewertet (1m/5m/15m)     1844 Signale  169 ms lesen  6736 ms rechnen
2026-09-08T02:27:06.878Z  GBIO/2020       bereinigt    23327 reg. Kerzen      0/10/11 von 141  Tagen gewertet (1m/5m/15m)      264 Signale  155 ms lesen  1408 ms rechnen
2026-09-08T02:27:26.121Z  GBIO/2021       bereinigt    57030 reg. Kerzen    0/156/161 von 252  Tagen gewertet (1m/5m/15m)     4308 Signale  438 ms lesen  18671 ms rechnen
2026-09-08T02:27:27.311Z  GBIO/2022       bereinigt    53192 reg. Kerzen        0/0/0 von 251  Tagen gewertet (1m/5m/15m)        0 Signale  214 ms lesen  606 ms rechnen
2026-09-08T02:27:28.259Z  GBIO/2023       bereinigt    41732 reg. Kerzen        0/0/0 von 250  Tagen gewertet (1m/5m/15m)        0 Signale  212 ms lesen  436 ms rechnen
2026-09-08T02:27:29.040Z  GBIO/2024       bereinigt    32320 reg. Kerzen        0/0/0 von 252  Tagen gewertet (1m/5m/15m)        0 Signale  194 ms lesen  390 ms rechnen
2026-09-08T02:27:29.775Z  GBIO/2025       bereinigt    35677 reg. Kerzen        0/0/0 von 250  Tagen gewertet (1m/5m/15m)        0 Signale  159 ms lesen  447 ms rechnen
2026-09-08T02:27:30.012Z  GBIO/2026       roh           2600 reg. Kerzen        0/0/0 von 25   Tagen gewertet (1m/5m/15m)        0 Signale  53 ms lesen  37 ms rechnen
2026-09-08T02:27:45.749Z  GBT/2016        roh          66115 reg. Kerzen    0/137/138 von 252  Tagen gewertet (1m/5m/15m)     3746 Signale  239 ms lesen  15484 ms rechnen
2026-09-08T02:28:14.350Z  GBT/2017        roh          82230 reg. Kerzen    0/251/251 von 251  Tagen gewertet (1m/5m/15m)     6857 Signale  188 ms lesen  28116 ms rechnen
2026-09-08T02:28:43.012Z  GBT/2018        roh          85838 reg. Kerzen    0/249/249 von 251  Tagen gewertet (1m/5m/15m)     6771 Signale  331 ms lesen  27899 ms rechnen
2026-09-08T02:29:10.210Z  GBT/2019        roh          83640 reg. Kerzen    0/252/252 von 252  Tagen gewertet (1m/5m/15m)     6763 Signale  261 ms lesen  26496 ms rechnen
2026-09-08T02:29:37.834Z  GBT/2020        roh          89194 reg. Kerzen    0/253/253 von 253  Tagen gewertet (1m/5m/15m)     6844 Signale  294 ms lesen  26910 ms rechnen
2026-09-08T02:30:05.369Z  GBT/2021        roh          87245 reg. Kerzen    0/252/252 von 252  Tagen gewertet (1m/5m/15m)     6829 Signale  274 ms lesen  26798 ms rechnen
2026-09-08T02:30:25.496Z  GBT/2022        roh          68569 reg. Kerzen    0/190/190 von 190  Tagen gewertet (1m/5m/15m)     4785 Signale  343 ms lesen  19401 ms rechnen
2026-09-08T02:30:44.849Z  GD/2016         roh          95832 reg. Kerzen    0/232/232 von 252  Tagen gewertet (1m/5m/15m)     5367 Signale  370 ms lesen  18618 ms rechnen
2026-09-08T02:31:05.543Z  GD/2017         roh          92699 reg. Kerzen    0/251/251 von 251  Tagen gewertet (1m/5m/15m)     5415 Signale  340 ms lesen  19916 ms rechnen
2026-09-08T02:31:28.426Z  GD/2018         roh          94767 reg. Kerzen    0/251/251 von 251  Tagen gewertet (1m/5m/15m)     6083 Signale  290 ms lesen  22098 ms rechnen
2026-09-08T02:31:49.886Z  GD/2019         roh          94500 reg. Kerzen    0/252/252 von 252  Tagen gewertet (1m/5m/15m)     5973 Signale  204 ms lesen  20743 ms rechnen
2026-09-08T02:32:14.347Z  GD/2020         roh          96874 reg. Kerzen    0/253/253 von 253  Tagen gewertet (1m/5m/15m)     6542 Signale  212 ms lesen  23754 ms rechnen
2026-09-08T02:32:35.778Z  GD/2021         roh          91475 reg. Kerzen    0/250/250 von 252  Tagen gewertet (1m/5m/15m)     5920 Signale  278 ms lesen  20757 ms rechnen
2026-09-08T02:32:58.986Z  GD/2022         roh          92281 reg. Kerzen    0/250/250 von 250  Tagen gewertet (1m/5m/15m)     6220 Signale  414 ms lesen  22241 ms rechnen
2026-09-08T02:33:20.043Z  GD/2023         roh          90560 reg. Kerzen    0/250/250 von 250  Tagen gewertet (1m/5m/15m)     5778 Signale  308 ms lesen  20329 ms rechnen
2026-09-08T02:33:40.637Z  GD/2024         roh          86330 reg. Kerzen    0/252/252 von 252  Tagen gewertet (1m/5m/15m)     5673 Signale  317 ms lesen  19819 ms rechnen
2026-09-08T02:34:02.051Z  GD/2025         roh          87915 reg. Kerzen    0/250/250 von 250  Tagen gewertet (1m/5m/15m)     5863 Signale  229 ms lesen  20755 ms rechnen
2026-09-08T02:34:16.902Z  GD/2026         roh          63489 reg. Kerzen    0/166/166 von 166  Tagen gewertet (1m/5m/15m)     4088 Signale  245 ms lesen  14061 ms rechnen
2026-09-08T02:34:17.411Z  GDS/2016        roh           4813 reg. Kerzen        0/0/0 von 41   Tagen gewertet (1m/5m/15m)        0 Signale  33 ms lesen  53 ms rechnen
2026-09-08T02:34:22.250Z  GDS/2017        roh          35073 reg. Kerzen      0/43/43 von 251  Tagen gewertet (1m/5m/15m)     1153 Signale  113 ms lesen  4674 ms rechnen
2026-09-08T02:34:48.318Z  GDS/2018        roh          82421 reg. Kerzen    0/249/249 von 251  Tagen gewertet (1m/5m/15m)     6759 Signale  238 ms lesen  25680 ms rechnen
2026-09-08T02:35:13.750Z  GDS/2019        roh          83717 reg. Kerzen    0/252/252 von 252  Tagen gewertet (1m/5m/15m)     6764 Signale  257 ms lesen  24846 ms rechnen
2026-09-08T02:35:39.600Z  GDS/2020        roh          90944 reg. Kerzen    0/253/253 von 253  Tagen gewertet (1m/5m/15m)     6841 Signale  307 ms lesen  25200 ms rechnen
2026-09-08T02:36:06.326Z  GDS/2021        roh          89058 reg. Kerzen    0/252/252 von 252  Tagen gewertet (1m/5m/15m)     6865 Signale  279 ms lesen  26072 ms rechnen
2026-09-08T02:36:34.420Z  GDS/2022        roh          90537 reg. Kerzen    0/251/251 von 251  Tagen gewertet (1m/5m/15m)     6905 Signale  283 ms lesen  27379 ms rechnen
2026-09-08T02:36:58.258Z  GDS/2023        roh          84962 reg. Kerzen    0/233/233 von 250  Tagen gewertet (1m/5m/15m)     6303 Signale  331 ms lesen  23085 ms rechnen
2026-09-08T02:37:24.953Z  GDS/2024        roh          86876 reg. Kerzen    0/252/252 von 252  Tagen gewertet (1m/5m/15m)     6767 Signale  277 ms lesen  26024 ms rechnen
2026-09-08T02:37:51.947Z  GDS/2025        roh          90820 reg. Kerzen    0/250/250 von 250  Tagen gewertet (1m/5m/15m)     6787 Signale  501 ms lesen  26130 ms rechnen
2026-09-08T02:38:09.077Z  GDS/2026        roh          60512 reg. Kerzen    0/166/166 von 166  Tagen gewertet (1m/5m/15m)     4485 Signale  273 ms lesen  16395 ms rechnen
2026-09-08T02:38:09.393Z  GEEX/2022       roh            496 reg. Kerzen        0/0/0 von 134  Tagen gewertet (1m/5m/15m)        0 Signale  22 ms lesen  11 ms rechnen
2026-09-08T02:38:09.459Z  GEEX/2023       roh            501 reg. Kerzen        0/0/0 von 57   Tagen gewertet (1m/5m/15m)        0 Signale  51 ms lesen  11 ms rechnen
2026-09-08T02:38:09.517Z  GENQ/2022       roh            189 reg. Kerzen        0/0/0 von 70   Tagen gewertet (1m/5m/15m)        0 Signale  36 ms lesen  5 ms rechnen
2026-09-08T02:38:09.628Z  GENQ/2023       roh           1210 reg. Kerzen        0/0/0 von 86   Tagen gewertet (1m/5m/15m)        0 Signale  92 ms lesen  16 ms rechnen
2026-09-08T02:38:12.578Z  GEVO/2016       bereinigt    67333 reg. Kerzen      0/15/15 von 252  Tagen gewertet (1m/5m/15m)      409 Signale  389 ms lesen  2527 ms rechnen
2026-09-08T02:38:13.611Z  GEVO/2017       bereinigt    43866 reg. Kerzen        0/0/0 von 251  Tagen gewertet (1m/5m/15m)        0 Signale  233 ms lesen  494 ms rechnen
2026-09-08T02:38:16.727Z  GEVO/2018       bereinigt    39042 reg. Kerzen      0/18/18 von 251  Tagen gewertet (1m/5m/15m)      469 Signale  187 ms lesen  2562 ms rechnen
2026-09-08T02:38:17.482Z  GEVO/2019       roh          28175 reg. Kerzen        0/0/0 von 252  Tagen gewertet (1m/5m/15m)        0 Signale  194 ms lesen  360 ms rechnen
2026-09-08T02:38:28.652Z  GEVO/2020       roh          62321 reg. Kerzen      0/83/83 von 253  Tagen gewertet (1m/5m/15m)     2295 Signale  270 ms lesen  10761 ms rechnen
2026-09-08T02:38:57.918Z  GEVO/2021       roh          97946 reg. Kerzen    0/252/252 von 252  Tagen gewertet (1m/5m/15m)     6972 Signale  512 ms lesen  28466 ms rechnen
2026-09-08T02:39:27.308Z  GEVO/2022       roh          97289 reg. Kerzen    0/251/251 von 251  Tagen gewertet (1m/5m/15m)     7006 Signale  337 ms lesen  28633 ms rechnen
2026-09-08T02:39:47.791Z  GEVO/2023       roh          94701 reg. Kerzen    0/161/161 von 250  Tagen gewertet (1m/5m/15m)     4509 Signale  263 ms lesen  19672 ms rechnen
2026-09-08T02:39:57.754Z  GEVO/2024       roh          90912 reg. Kerzen      0/77/77 von 252  Tagen gewertet (1m/5m/15m)     2101 Signale  301 ms lesen  9202 ms rechnen
2026-09-08T02:40:14.860Z  GEVO/2025       roh          93542 reg. Kerzen    0/137/137 von 250  Tagen gewertet (1m/5m/15m)     3865 Signale  254 ms lesen  16450 ms rechnen
2026-09-08T02:40:23.772Z  GEVO/2026       roh          60970 reg. Kerzen      0/75/75 von 166  Tagen gewertet (1m/5m/15m)     2110 Signale  252 ms lesen  8203 ms rechnen
2026-09-08T02:40:24.142Z  GFOR/2021       roh            363 reg. Kerzen        0/0/0 von 54   Tagen gewertet (1m/5m/15m)        0 Signale  13 ms lesen  5 ms rechnen
2026-09-08T02:40:24.178Z  GFOR/2022       roh            821 reg. Kerzen        0/0/0 von 124  Tagen gewertet (1m/5m/15m)        0 Signale  17 ms lesen  17 ms rechnen
2026-09-08T02:40:24.285Z  GFOR/2023       roh           2640 reg. Kerzen        0/0/0 von 172  Tagen gewertet (1m/5m/15m)        0 Signale  63 ms lesen  39 ms rechnen
2026-09-08T02:40:44.480Z  GGG/2016        bereinigt    66582 reg. Kerzen    0/232/232 von 252  Tagen gewertet (1m/5m/15m)     5644 Signale  257 ms lesen  19884 ms rechnen
2026-09-08T02:41:06.113Z  GGG/2017        bereinigt    63562 reg. Kerzen    0/251/251 von 251  Tagen gewertet (1m/5m/15m)     6014 Signale  305 ms lesen  21040 ms rechnen
2026-09-08T02:41:28.705Z  GGG/2018        roh          84274 reg. Kerzen    0/242/242 von 251  Tagen gewertet (1m/5m/15m)     6002 Signale  245 ms lesen  22079 ms rechnen
2026-09-08T02:41:50.257Z  GGG/2019        roh          79762 reg. Kerzen    0/252/252 von 252  Tagen gewertet (1m/5m/15m)     6016 Signale  178 ms lesen  20877 ms rechnen
2026-09-08T02:42:16.674Z  GGG/2020        roh          85690 reg. Kerzen    0/253/253 von 253  Tagen gewertet (1m/5m/15m)     6392 Signale  278 ms lesen  25528 ms rechnen
2026-09-08T02:42:42.461Z  GGG/2021        roh          79557 reg. Kerzen    0/250/250 von 252  Tagen gewertet (1m/5m/15m)     5948 Signale  428 ms lesen  24944 ms rechnen
2026-09-08T02:43:08.233Z  GGG/2022        roh          82409 reg. Kerzen    0/250/250 von 251  Tagen gewertet (1m/5m/15m)     6433 Signale  448 ms lesen  24712 ms rechnen
2026-09-08T02:43:30.794Z  GGG/2023        roh          81087 reg. Kerzen    0/250/250 von 250  Tagen gewertet (1m/5m/15m)     5942 Signale  257 ms lesen  21802 ms rechnen
2026-09-08T02:43:53.204Z  GGG/2024        roh          75354 reg. Kerzen    0/252/252 von 252  Tagen gewertet (1m/5m/15m)     5951 Signale  251 ms lesen  21755 ms rechnen
2026-09-08T02:44:16.739Z  GGG/2025        roh          74222 reg. Kerzen    0/250/250 von 250  Tagen gewertet (1m/5m/15m)     5956 Signale  190 ms lesen  22984 ms rechnen
2026-09-08T02:44:31.327Z  GGG/2026        roh          55366 reg. Kerzen    0/166/166 von 166  Tagen gewertet (1m/5m/15m)     4093 Signale  179 ms lesen  13986 ms rechnen
2026-09-08T02:44:33.898Z  GHC/2016        roh          13879 reg. Kerzen       0/0/90 von 252  Tagen gewertet (1m/5m/15m)      789 Signale  65 ms lesen  2132 ms rechnen
2026-09-08T02:44:34.630Z  GHC/2017        roh           8954 reg. Kerzen       0/0/26 von 251  Tagen gewertet (1m/5m/15m)      186 Signale  47 ms lesen  582 ms rechnen
2026-09-08T02:44:35.453Z  GHC/2018        roh           8899 reg. Kerzen       0/0/34 von 251  Tagen gewertet (1m/5m/15m)      262 Signale  61 ms lesen  722 ms rechnen
2026-09-08T02:44:36.837Z  GHC/2019        roh          10925 reg. Kerzen       0/1/56 von 252  Tagen gewertet (1m/5m/15m)      491 Signale  63 ms lesen  1281 ms rechnen
2026-09-08T02:44:40.195Z  GHC/2020        roh          12617 reg. Kerzen      0/1/100 von 253  Tagen gewertet (1m/5m/15m)      875 Signale  97 ms lesen  3156 ms rechnen
2026-09-08T02:44:41.109Z  GHC/2021        roh           7059 reg. Kerzen       0/0/23 von 252  Tagen gewertet (1m/5m/15m)      189 Signale  45 ms lesen  794 ms rechnen
2026-09-08T02:44:41.272Z  GHC/2022        roh           5237 reg. Kerzen        0/0/4 von 251  Tagen gewertet (1m/5m/15m)        5 Signale  35 ms lesen  95 ms rechnen
2026-09-08T02:44:41.573Z  GHC/2023        roh           3979 reg. Kerzen        0/0/0 von 249  Tagen gewertet (1m/5m/15m)        0 Signale  193 ms lesen  85 ms rechnen
2026-09-08T02:44:41.668Z  GHC/2024        roh           2066 reg. Kerzen        0/0/0 von 251  Tagen gewertet (1m/5m/15m)        0 Signale  34 ms lesen  40 ms rechnen
2026-09-08T02:44:44.361Z  GHC/2025        roh           8814 reg. Kerzen      0/13/42 von 250  Tagen gewertet (1m/5m/15m)      511 Signale  58 ms lesen  2623 ms rechnen
2026-09-08T02:44:53.961Z  GHC/2026        roh          20867 reg. Kerzen     0/71/166 von 166  Tagen gewertet (1m/5m/15m)     2826 Signale  176 ms lesen  9380 ms rechnen
2026-09-08T02:44:54.412Z  GI/2016         roh          25524 reg. Kerzen        0/0/0 von 225  Tagen gewertet (1m/5m/15m)        0 Signale  59 ms lesen  286 ms rechnen
2026-09-08T02:44:54.710Z  GIIX/2021       roh           5049 reg. Kerzen        0/0/0 von 152  Tagen gewertet (1m/5m/15m)        0 Signale  112 ms lesen  57 ms rechnen
2026-09-08T02:44:54.830Z  GIIX/2022       roh           4149 reg. Kerzen        0/0/0 von 240  Tagen gewertet (1m/5m/15m)        0 Signale  32 ms lesen  63 ms rechnen
2026-09-08T02:44:54.921Z  GLA/2017        roh           4483 reg. Kerzen        0/0/0 von 112  Tagen gewertet (1m/5m/15m)        0 Signale  16 ms lesen  57 ms rechnen
2026-09-08T02:44:58.594Z  CHECKPOINT 2200 Dateien, 490 min, Detektorfehler {}
2026-09-08T02:44:59.159Z  GLDD/2016       roh          43331 reg. Kerzen        0/0/0 von 252  Tagen gewertet (1m/5m/15m)        0 Signale  111 ms lesen  452 ms rechnen
2026-09-08T02:45:00.133Z  GLDD/2017       roh          45488 reg. Kerzen        0/0/0 von 251  Tagen gewertet (1m/5m/15m)        0 Signale  190 ms lesen  558 ms rechnen
2026-09-08T02:45:01.064Z  GLDD/2018       roh          39068 reg. Kerzen        0/0/0 von 251  Tagen gewertet (1m/5m/15m)        0 Signale  119 ms lesen  482 ms rechnen
2026-09-08T02:45:08.975Z  GLDD/2019       roh          69272 reg. Kerzen      0/68/68 von 252  Tagen gewertet (1m/5m/15m)     1817 Signale  182 ms lesen  7549 ms rechnen
2026-09-08T02:45:10.191Z  GLDD/2020       roh          65262 reg. Kerzen        0/0/0 von 253  Tagen gewertet (1m/5m/15m)        0 Signale  171 ms lesen  626 ms rechnen
2026-09-08T02:45:15.544Z  GLDD/2021       roh          51395 reg. Kerzen      0/42/42 von 252  Tagen gewertet (1m/5m/15m)     1113 Signale  154 ms lesen  4823 ms rechnen
2026-09-08T02:45:16.580Z  GLDD/2022       roh          52539 reg. Kerzen        0/0/0 von 251  Tagen gewertet (1m/5m/15m)        0 Signale  209 ms lesen  603 ms rechnen
2026-09-08T02:45:17.767Z  GLDD/2023       roh          62585 reg. Kerzen        0/0/0 von 250  Tagen gewertet (1m/5m/15m)        0 Signale  217 ms lesen  722 ms rechnen
2026-09-08T02:45:18.899Z  GLDD/2024       roh          58241 reg. Kerzen        0/0/0 von 252  Tagen gewertet (1m/5m/15m)        0 Signale  195 ms lesen  674 ms rechnen
2026-09-08T02:45:21.205Z  GLDD/2025       roh          58574 reg. Kerzen      0/11/11 von 250  Tagen gewertet (1m/5m/15m)      274 Signale  290 ms lesen  1707 ms rechnen
2026-09-08T02:45:25.431Z  GLDD/2026       roh          20061 reg. Kerzen      0/45/45 von 61   Tagen gewertet (1m/5m/15m)      779 Signale  79 ms lesen  3825 ms rechnen
2026-09-08T02:45:46.704Z  GLOB/2016       roh          55777 reg. Kerzen    0/206/216 von 252  Tagen gewertet (1m/5m/15m)     5535 Signale  215 ms lesen  20940 ms rechnen
2026-09-08T02:46:08.899Z  GLOB/2017       roh          56535 reg. Kerzen    0/235/243 von 251  Tagen gewertet (1m/5m/15m)     6175 Signale  296 ms lesen  21569 ms rechnen
2026-09-08T02:46:33.017Z  GLOB/2018       roh          60065 reg. Kerzen    0/248/251 von 251  Tagen gewertet (1m/5m/15m)     6557 Signale  314 ms lesen  23551 ms rechnen
2026-09-08T02:46:57.120Z  GLOB/2019       roh          59834 reg. Kerzen    0/249/252 von 252  Tagen gewertet (1m/5m/15m)     6652 Signale  271 ms lesen  23576 ms rechnen
2026-09-08T02:47:22.893Z  GLOB/2020       roh          63194 reg. Kerzen    0/250/253 von 253  Tagen gewertet (1m/5m/15m)     6851 Signale  284 ms lesen  25191 ms rechnen
2026-09-08T02:47:46.237Z  GLOB/2021       roh          55592 reg. Kerzen    0/235/250 von 252  Tagen gewertet (1m/5m/15m)     6398 Signale  274 ms lesen  22767 ms rechnen
2026-09-08T02:48:12.729Z  GLOB/2022       roh          58529 reg. Kerzen    0/244/249 von 251  Tagen gewertet (1m/5m/15m)     6669 Signale  165 ms lesen  25981 ms rechnen
2026-09-08T02:48:37.768Z  GLOB/2023       roh          64907 reg. Kerzen    0/249/250 von 250  Tagen gewertet (1m/5m/15m)     6649 Signale  192 ms lesen  24473 ms rechnen
2026-09-08T02:49:02.275Z  GLOB/2024       roh          64330 reg. Kerzen    0/252/252 von 252  Tagen gewertet (1m/5m/15m)     6621 Signale  204 ms lesen  24042 ms rechnen
2026-09-08T02:49:27.991Z  GLOB/2025       roh          83200 reg. Kerzen    0/250/250 von 250  Tagen gewertet (1m/5m/15m)     6749 Signale  196 ms lesen  25205 ms rechnen
2026-09-08T02:49:45.858Z  GLOB/2026       roh          60209 reg. Kerzen    0/166/166 von 166  Tagen gewertet (1m/5m/15m)     4538 Signale  235 ms lesen  17127 ms rechnen
2026-09-08T02:49:46.932Z  GLT/2016        roh          51104 reg. Kerzen        0/0/0 von 252  Tagen gewertet (1m/5m/15m)        0 Signale  134 ms lesen  652 ms rechnen
2026-09-08T02:49:47.944Z  GLT/2017        roh          45940 reg. Kerzen        0/0/0 von 251  Tagen gewertet (1m/5m/15m)        0 Signale  132 ms lesen  610 ms rechnen
2026-09-08T02:49:49.024Z  GLT/2018        roh          52350 reg. Kerzen        0/0/0 von 251  Tagen gewertet (1m/5m/15m)        0 Signale  236 ms lesen  540 ms rechnen
2026-09-08T02:49:50.124Z  GLT/2019        roh          53263 reg. Kerzen        0/0/0 von 252  Tagen gewertet (1m/5m/15m)        0 Signale  256 ms lesen  621 ms rechnen
2026-09-08T02:49:51.139Z  GLT/2020        roh          45338 reg. Kerzen        0/0/0 von 253  Tagen gewertet (1m/5m/15m)        0 Signale  180 ms lesen  605 ms rechnen
2026-09-08T02:49:53.893Z  GLT/2021        roh          43654 reg. Kerzen      0/18/18 von 252  Tagen gewertet (1m/5m/15m)      474 Signale  175 ms lesen  2377 ms rechnen
2026-09-08T02:49:56.707Z  GLT/2022        roh          62462 reg. Kerzen      0/14/14 von 251  Tagen gewertet (1m/5m/15m)      383 Signale  242 ms lesen  2368 ms rechnen
2026-09-08T02:49:57.752Z  GLT/2023        roh          56454 reg. Kerzen        0/0/0 von 250  Tagen gewertet (1m/5m/15m)        0 Signale  144 ms lesen  626 ms rechnen
2026-09-08T02:49:58.595Z  GLT/2024        roh          36621 reg. Kerzen        0/0/0 von 213  Tagen gewertet (1m/5m/15m)        0 Signale  154 ms lesen  443 ms rechnen
2026-09-08T02:50:01.084Z  GMBL/2020       bereinigt    34638 reg. Kerzen      0/12/12 von 183  Tagen gewertet (1m/5m/15m)      330 Signale  152 ms lesen  2019 ms rechnen
2026-09-08T02:50:14.353Z  GMBL/2021       bereinigt    64910 reg. Kerzen      0/96/96 von 252  Tagen gewertet (1m/5m/15m)     2647 Signale  290 ms lesen  12825 ms rechnen
2026-09-08T02:50:15.918Z  GMBL/2022       bereinigt    62416 reg. Kerzen        0/0/0 von 251  Tagen gewertet (1m/5m/15m)        0 Signale  575 ms lesen  671 ms rechnen
2026-09-08T02:50:17.419Z  GMBL/2023       bereinigt    61686 reg. Kerzen        0/2/2 von 250  Tagen gewertet (1m/5m/15m)       53 Signale  259 ms lesen  850 ms rechnen
2026-09-08T02:50:17.800Z  GMBL/2024       roh           5662 reg. Kerzen        0/0/0 von 34   Tagen gewertet (1m/5m/15m)        0 Signale  53 ms lesen  71 ms rechnen
2026-09-08T02:50:17.828Z  AUSGELASSEN GMBL/2025: Datei fehlt
2026-09-08T02:50:18.038Z  GMII/2021       roh           9482 reg. Kerzen        0/0/0 von 204  Tagen gewertet (1m/5m/15m)        0 Signale  44 ms lesen  135 ms rechnen
2026-09-08T02:50:18.142Z  GMII/2022       roh           1605 reg. Kerzen        0/0/0 von 11   Tagen gewertet (1m/5m/15m)        0 Signale  22 ms lesen  39 ms rechnen
2026-09-08T02:50:18.620Z  GNBC/2016       roh          23588 reg. Kerzen        0/0/0 von 252  Tagen gewertet (1m/5m/15m)        0 Signale  125 ms lesen  325 ms rechnen
2026-09-08T02:50:19.453Z  GNBC/2017       roh          37141 reg. Kerzen        0/0/0 von 251  Tagen gewertet (1m/5m/15m)        0 Signale  156 ms lesen  536 ms rechnen
2026-09-08T02:50:25.077Z  GNBC/2018       roh          47049 reg. Kerzen      0/48/48 von 251  Tagen gewertet (1m/5m/15m)     1248 Signale  107 ms lesen  5366 ms rechnen
2026-09-08T02:50:25.383Z  GNOG/2020       roh            774 reg. Kerzen        0/0/0 von 2    Tagen gewertet (1m/5m/15m)        0 Signale  9 ms lesen  10 ms rechnen
2026-09-08T02:50:51.627Z  GNOG/2021       roh          88556 reg. Kerzen    0/234/234 von 252  Tagen gewertet (1m/5m/15m)     6475 Signale  349 ms lesen  25883 ms rechnen
2026-09-08T02:50:57.064Z  GNOG/2022       roh          27537 reg. Kerzen      0/42/42 von 85   Tagen gewertet (1m/5m/15m)     1167 Signale  111 ms lesen  4834 ms rechnen
2026-09-08T02:51:23.192Z  GNW/2016        roh          97202 reg. Kerzen    0/232/232 von 252  Tagen gewertet (1m/5m/15m)     6351 Signale  398 ms lesen  25577 ms rechnen
2026-09-08T02:51:50.812Z  GNW/2017        roh          91764 reg. Kerzen    0/251/251 von 251  Tagen gewertet (1m/5m/15m)     6867 Signale  247 ms lesen  26959 ms rechnen
2026-09-08T02:52:19.044Z  GNW/2018        roh          90931 reg. Kerzen    0/251/251 von 251  Tagen gewertet (1m/5m/15m)     6794 Signale  263 ms lesen  27445 ms rechnen
2026-09-08T02:52:44.400Z  GNW/2019        roh          90248 reg. Kerzen    0/252/252 von 252  Tagen gewertet (1m/5m/15m)     6539 Signale  229 ms lesen  24614 ms rechnen
2026-09-08T02:53:13.397Z  GNW/2020        roh          94740 reg. Kerzen    0/253/253 von 253  Tagen gewertet (1m/5m/15m)     6781 Signale  267 ms lesen  28273 ms rechnen
2026-09-08T02:53:40.761Z  GNW/2021        roh          92856 reg. Kerzen    0/250/250 von 252  Tagen gewertet (1m/5m/15m)     6848 Signale  314 ms lesen  26615 ms rechnen
2026-09-08T02:54:06.976Z  GNW/2022        roh          92787 reg. Kerzen    0/250/250 von 250  Tagen gewertet (1m/5m/15m)     6699 Signale  207 ms lesen  25412 ms rechnen
2026-09-08T02:54:30.804Z  GNW/2023        roh          93810 reg. Kerzen    0/250/250 von 250  Tagen gewertet (1m/5m/15m)     6586 Signale  315 ms lesen  23104 ms rechnen
2026-09-08T02:54:54.832Z  GNW/2024        roh          90625 reg. Kerzen    0/252/252 von 252  Tagen gewertet (1m/5m/15m)     6400 Signale  310 ms lesen  23170 ms rechnen
2026-09-08T02:55:18.726Z  GNW/2025        roh          91594 reg. Kerzen    0/250/250 von 250  Tagen gewertet (1m/5m/15m)     6290 Signale  306 ms lesen  23151 ms rechnen
2026-09-08T02:55:35.141Z  GNW/2026        roh          59249 reg. Kerzen    0/166/166 von 166  Tagen gewertet (1m/5m/15m)     4267 Signale  162 ms lesen  15795 ms rechnen
2026-09-08T02:55:35.486Z  GOGN/2021       roh            120 reg. Kerzen        0/0/0 von 10   Tagen gewertet (1m/5m/15m)        0 Signale  23 ms lesen  1 ms rechnen
2026-09-08T02:55:35.543Z  GOGN/2022       roh            817 reg. Kerzen        0/0/0 von 184  Tagen gewertet (1m/5m/15m)        0 Signale  34 ms lesen  22 ms rechnen
2026-09-08T02:55:35.636Z  GOGN/2023       roh           1253 reg. Kerzen        0/0/0 von 105  Tagen gewertet (1m/5m/15m)        0 Signale  63 ms lesen  24 ms rechnen
2026-09-08T02:55:35.917Z  GORV/2024       bereinigt    13728 reg. Kerzen        0/0/0 von 242  Tagen gewertet (1m/5m/15m)        0 Signale  92 ms lesen  165 ms rechnen
2026-09-08T02:55:36.507Z  GORV/2025       bereinigt    24761 reg. Kerzen        0/0/0 von 227  Tagen gewertet (1m/5m/15m)        0 Signale  158 ms lesen  364 ms rechnen
2026-09-08T02:55:36.761Z  GPIA/2016       roh            300 reg. Kerzen        0/0/0 von 86   Tagen gewertet (1m/5m/15m)        0 Signale  13 ms lesen  13 ms rechnen
2026-09-08T02:55:36.794Z  GPIA/2017       roh            310 reg. Kerzen        0/0/0 von 86   Tagen gewertet (1m/5m/15m)        0 Signale  16 ms lesen  11 ms rechnen
2026-09-08T02:55:37.313Z  GPX/2016        roh          22930 reg. Kerzen        0/0/0 von 252  Tagen gewertet (1m/5m/15m)        0 Signale  165 ms lesen  348 ms rechnen
2026-09-08T02:55:37.760Z  GPX/2017        roh          15019 reg. Kerzen        0/0/0 von 251  Tagen gewertet (1m/5m/15m)        0 Signale  137 ms lesen  199 ms rechnen
2026-09-08T02:55:38.188Z  GPX/2018        roh          19658 reg. Kerzen        0/0/0 von 251  Tagen gewertet (1m/5m/15m)        0 Signale  120 ms lesen  240 ms rechnen
2026-09-08T02:55:38.555Z  GPX/2019        roh          17807 reg. Kerzen        0/0/0 von 252  Tagen gewertet (1m/5m/15m)        0 Signale  60 ms lesen  223 ms rechnen
2026-09-08T02:55:38.968Z  GPX/2020        roh          18689 reg. Kerzen        0/0/0 von 253  Tagen gewertet (1m/5m/15m)        0 Signale  87 ms lesen  235 ms rechnen
2026-09-08T02:55:39.450Z  GPX/2021        roh          20168 reg. Kerzen        0/0/0 von 198  Tagen gewertet (1m/5m/15m)        0 Signale  76 ms lesen  314 ms rechnen
2026-09-08T02:55:39.594Z  GRCY/2020       roh            267 reg. Kerzen        0/0/0 von 62   Tagen gewertet (1m/5m/15m)        0 Signale  17 ms lesen  6 ms rechnen
2026-09-08T02:55:39.704Z  GRCY/2021       roh           1162 reg. Kerzen        0/0/0 von 180  Tagen gewertet (1m/5m/15m)        0 Signale  77 ms lesen  30 ms rechnen
2026-09-08T02:55:39.761Z  GRCY/2022       roh            718 reg. Kerzen        0/0/0 von 134  Tagen gewertet (1m/5m/15m)        0 Signale  33 ms lesen  15 ms rechnen
2026-09-08T02:55:39.816Z  GRCY/2023       roh            692 reg. Kerzen        0/0/0 von 63   Tagen gewertet (1m/5m/15m)        0 Signale  34 ms lesen  16 ms rechnen
2026-09-08T02:55:59.800Z  GRMN/2016       roh          92555 reg. Kerzen    0/232/232 von 252  Tagen gewertet (1m/5m/15m)     5673 Signale  200 ms lesen  19763 ms rechnen
2026-09-08T02:56:20.891Z  GRMN/2017       roh          87881 reg. Kerzen    0/251/251 von 251  Tagen gewertet (1m/5m/15m)     5885 Signale  246 ms lesen  20373 ms rechnen
2026-09-08T02:56:41.944Z  GRMN/2018       roh          89463 reg. Kerzen    0/249/249 von 251  Tagen gewertet (1m/5m/15m)     5964 Signale  233 ms lesen  20417 ms rechnen
2026-09-08T02:57:03.856Z  GRMN/2019       roh          91030 reg. Kerzen    0/252/252 von 252  Tagen gewertet (1m/5m/15m)     5784 Signale  244 ms lesen  21169 ms rechnen
2026-09-08T02:57:28.017Z  GRMN/2020       roh          89954 reg. Kerzen    0/253/253 von 253  Tagen gewertet (1m/5m/15m)     6344 Signale  342 ms lesen  23220 ms rechnen
2026-09-08T02:57:50.258Z  GRMN/2021       roh          84221 reg. Kerzen    0/252/252 von 252  Tagen gewertet (1m/5m/15m)     6025 Signale  291 ms lesen  21506 ms rechnen
2026-09-08T02:58:14.433Z  GRMN/2022       roh          89337 reg. Kerzen    0/250/250 von 251  Tagen gewertet (1m/5m/15m)     6666 Signale  302 ms lesen  23470 ms rechnen
2026-09-08T02:58:35.750Z  GRMN/2023       roh          80999 reg. Kerzen    0/250/250 von 250  Tagen gewertet (1m/5m/15m)     5882 Signale  368 ms lesen  20515 ms rechnen
2026-09-08T02:58:56.901Z  GRMN/2024       roh          76772 reg. Kerzen    0/252/252 von 252  Tagen gewertet (1m/5m/15m)     5853 Signale  256 ms lesen  20551 ms rechnen
2026-09-08T02:59:20.328Z  GRMN/2025       roh          74267 reg. Kerzen    0/250/250 von 250  Tagen gewertet (1m/5m/15m)     6156 Signale  309 ms lesen  22538 ms rechnen
2026-09-08T02:59:35.630Z  GRMN/2026       roh          47097 reg. Kerzen    0/166/166 von 166  Tagen gewertet (1m/5m/15m)     4261 Signale  271 ms lesen  14654 ms rechnen
2026-09-08T02:59:36.057Z  GRSV/2020       roh           3656 reg. Kerzen        0/0/0 von 62   Tagen gewertet (1m/5m/15m)        0 Signale  30 ms lesen  42 ms rechnen
2026-09-08T02:59:39.521Z  GRSV/2021       roh          31184 reg. Kerzen      0/34/48 von 148  Tagen gewertet (1m/5m/15m)      827 Signale  57 ms lesen  3391 ms rechnen
2026-09-08T02:59:39.828Z  GSAQ/2021       roh           1967 reg. Kerzen        0/0/0 von 186  Tagen gewertet (1m/5m/15m)        0 Signale  17 ms lesen  69 ms rechnen
2026-09-08T02:59:39.913Z  GSAQ/2022       roh            769 reg. Kerzen        0/0/0 von 117  Tagen gewertet (1m/5m/15m)        0 Signale  20 ms lesen  15 ms rechnen
2026-09-08T02:59:40.023Z  GSHT/2017       roh           1264 reg. Kerzen        0/0/0 von 129  Tagen gewertet (1m/5m/15m)        0 Signale  45 ms lesen  22 ms rechnen
2026-09-08T02:59:40.872Z  GSHT/2018       roh           5103 reg. Kerzen       0/4/11 von 157  Tagen gewertet (1m/5m/15m)      150 Signale  151 ms lesen  678 ms rechnen
2026-09-08T02:59:40.975Z  GSQD/2021       roh           3071 reg. Kerzen        0/0/0 von 182  Tagen gewertet (1m/5m/15m)        0 Signale  19 ms lesen  58 ms rechnen
2026-09-08T02:59:41.213Z  GSQD/2022       roh           3658 reg. Kerzen        0/0/0 von 231  Tagen gewertet (1m/5m/15m)        0 Signale  39 ms lesen  68 ms rechnen
2026-09-08T02:59:41.328Z  GSQD/2023       roh            218 reg. Kerzen        0/0/0 von 24   Tagen gewertet (1m/5m/15m)        0 Signale  15 ms lesen  26 ms rechnen
2026-09-08T03:00:03.362Z  GT/2016         roh          97670 reg. Kerzen    0/232/232 von 252  Tagen gewertet (1m/5m/15m)     5885 Signale  364 ms lesen  21645 ms rechnen
2026-09-08T03:00:26.094Z  GT/2017         roh          96425 reg. Kerzen    0/251/251 von 251  Tagen gewertet (1m/5m/15m)     6169 Signale  327 ms lesen  21954 ms rechnen
2026-09-08T03:00:50.022Z  GT/2018         roh          95796 reg. Kerzen    0/249/249 von 251  Tagen gewertet (1m/5m/15m)     6398 Signale  290 ms lesen  23157 ms rechnen
2026-09-08T03:01:16.533Z  GT/2019         roh          96769 reg. Kerzen    0/252/252 von 252  Tagen gewertet (1m/5m/15m)     6721 Signale  292 ms lesen  25645 ms rechnen
2026-09-08T03:01:43.882Z  GT/2020         roh          97449 reg. Kerzen    0/253/253 von 253  Tagen gewertet (1m/5m/15m)     6931 Signale  377 ms lesen  26531 ms rechnen
2026-09-08T03:02:09.944Z  GT/2021         roh          97369 reg. Kerzen    0/252/252 von 252  Tagen gewertet (1m/5m/15m)     6813 Signale  259 ms lesen  25328 ms rechnen
2026-09-08T03:02:36.957Z  GT/2022         roh          97387 reg. Kerzen    0/251/251 von 251  Tagen gewertet (1m/5m/15m)     6889 Signale  361 ms lesen  26160 ms rechnen
2026-09-08T03:03:03.867Z  GT/2023         roh          95840 reg. Kerzen    0/250/250 von 250  Tagen gewertet (1m/5m/15m)     6774 Signale  321 ms lesen  26025 ms rechnen
2026-09-08T03:03:29.125Z  GT/2024         roh          95763 reg. Kerzen    0/252/252 von 252  Tagen gewertet (1m/5m/15m)     6674 Signale  260 ms lesen  24571 ms rechnen
2026-09-08T03:03:55.654Z  GT/2025         roh          96189 reg. Kerzen    0/250/250 von 250  Tagen gewertet (1m/5m/15m)     6675 Signale  279 ms lesen  25802 ms rechnen
2026-09-08T03:04:13.616Z  GT/2026         roh          64282 reg. Kerzen    0/166/166 von 166  Tagen gewertet (1m/5m/15m)     4438 Signale  304 ms lesen  17224 ms rechnen
2026-09-08T03:04:38.248Z  GTN/2016        roh          84106 reg. Kerzen    0/221/221 von 252  Tagen gewertet (1m/5m/15m)     6079 Signale  307 ms lesen  23919 ms rechnen
2026-09-08T03:05:07.567Z  GTN/2017        roh          80879 reg. Kerzen    0/251/251 von 251  Tagen gewertet (1m/5m/15m)     6929 Signale  468 ms lesen  28434 ms rechnen
2026-09-08T03:05:34.091Z  GTN/2018        roh          81514 reg. Kerzen    0/250/250 von 251  Tagen gewertet (1m/5m/15m)     6768 Signale  261 ms lesen  25913 ms rechnen
2026-09-08T03:05:59.110Z  GTN/2019        roh          85383 reg. Kerzen    0/252/252 von 252  Tagen gewertet (1m/5m/15m)     6656 Signale  329 ms lesen  24293 ms rechnen
2026-09-08T03:06:26.587Z  GTN/2020        roh          84595 reg. Kerzen    0/253/253 von 253  Tagen gewertet (1m/5m/15m)     6826 Signale  280 ms lesen  26741 ms rechnen
2026-09-08T03:06:52.823Z  GTN/2021        roh          74698 reg. Kerzen    0/250/250 von 252  Tagen gewertet (1m/5m/15m)     6665 Signale  256 ms lesen  25603 ms rechnen
2026-09-08T03:07:18.912Z  GTN/2022        roh          79912 reg. Kerzen    0/250/250 von 251  Tagen gewertet (1m/5m/15m)     6671 Signale  204 ms lesen  25452 ms rechnen
2026-09-08T03:07:44.771Z  GTN/2023        roh          84421 reg. Kerzen    0/237/237 von 250  Tagen gewertet (1m/5m/15m)     6433 Signale  193 ms lesen  25221 ms rechnen
2026-09-08T03:07:59.787Z  GTN/2024        roh          82977 reg. Kerzen    0/125/125 von 252  Tagen gewertet (1m/5m/15m)     3445 Signale  312 ms lesen  14290 ms rechnen
2026-09-08T03:08:11.566Z  GTN/2025        roh          80095 reg. Kerzen      0/95/95 von 250  Tagen gewertet (1m/5m/15m)     2631 Signale  173 ms lesen  11096 ms rechnen
2026-09-08T03:08:18.816Z  GTN/2026        roh          51850 reg. Kerzen      0/57/57 von 166  Tagen gewertet (1m/5m/15m)     1634 Signale  287 ms lesen  6460 ms rechnen
2026-09-08T03:08:19.371Z  GTXI/2016       bereinigt    12222 reg. Kerzen        0/0/0 von 252  Tagen gewertet (1m/5m/15m)        0 Signale  129 ms lesen  172 ms rechnen
2026-09-08T03:08:19.659Z  GTXI/2017       bereinigt    10021 reg. Kerzen        0/0/0 von 251  Tagen gewertet (1m/5m/15m)        0 Signale  73 ms lesen  157 ms rechnen
2026-09-08T03:08:22.243Z  GTXI/2018       bereinigt    40812 reg. Kerzen      0/15/15 von 251  Tagen gewertet (1m/5m/15m)      401 Signale  377 ms lesen  2138 ms rechnen
2026-09-08T03:08:22.695Z  GTXI/2019       bereinigt    16019 reg. Kerzen        0/0/0 von 109  Tagen gewertet (1m/5m/15m)        0 Signale  82 ms lesen  174 ms rechnen
2026-09-08T03:08:22.788Z  GWAC/2020       roh            515 reg. Kerzen        0/0/0 von 18   Tagen gewertet (1m/5m/15m)        0 Signale  11 ms lesen  12 ms rechnen
2026-09-08T03:08:24.849Z  GWAC/2021       roh          19484 reg. Kerzen      0/14/15 von 165  Tagen gewertet (1m/5m/15m)      381 Signale  95 ms lesen  1962 ms rechnen
2026-09-08T03:08:24.959Z  GXGX/2019       roh            111 reg. Kerzen        0/0/0 von 39   Tagen gewertet (1m/5m/15m)        0 Signale  7 ms lesen  4 ms rechnen
2026-09-08T03:08:25.738Z  GXGX/2020       roh          12833 reg. Kerzen        0/5/5 von 227  Tagen gewertet (1m/5m/15m)      121 Signale  90 ms lesen  687 ms rechnen
2026-09-08T03:08:29.138Z  GXGX/2021       roh          18601 reg. Kerzen      0/39/48 von 135  Tagen gewertet (1m/5m/15m)      890 Signale  65 ms lesen  3277 ms rechnen
2026-09-08T03:08:41.786Z  HABT/2016       roh          64720 reg. Kerzen    0/117/117 von 252  Tagen gewertet (1m/5m/15m)     3244 Signale  146 ms lesen  12417 ms rechnen
2026-09-08T03:08:50.994Z  HABT/2017       roh          60220 reg. Kerzen      0/80/80 von 251  Tagen gewertet (1m/5m/15m)     2120 Signale  198 ms lesen  8619 ms rechnen
2026-09-08T03:08:55.148Z  HABT/2018       roh          59333 reg. Kerzen      0/30/30 von 251  Tagen gewertet (1m/5m/15m)      802 Signale  195 ms lesen  3647 ms rechnen
2026-09-08T03:08:56.413Z  HABT/2019       roh          59599 reg. Kerzen        0/0/0 von 252  Tagen gewertet (1m/5m/15m)        0 Signale  210 ms lesen  731 ms rechnen
2026-09-08T03:08:58.385Z  HABT/2020       roh          14177 reg. Kerzen      0/19/19 von 53   Tagen gewertet (1m/5m/15m)      309 Signale  67 ms lesen  1574 ms rechnen
2026-09-08T03:09:24.245Z  HALO/2016       roh          93859 reg. Kerzen    0/232/232 von 252  Tagen gewertet (1m/5m/15m)     6338 Signale  296 ms lesen  25472 ms rechnen
2026-09-08T03:09:52.275Z  HALO/2017       roh          87605 reg. Kerzen    0/251/251 von 251  Tagen gewertet (1m/5m/15m)     6794 Signale  337 ms lesen  27192 ms rechnen
2026-09-08T03:10:17.944Z  HALO/2018       roh          85982 reg. Kerzen    0/249/249 von 251  Tagen gewertet (1m/5m/15m)     6635 Signale  346 ms lesen  24838 ms rechnen
2026-09-08T03:10:44.553Z  HALO/2019       roh          84834 reg. Kerzen    0/252/252 von 252  Tagen gewertet (1m/5m/15m)     6672 Signale  294 ms lesen  25820 ms rechnen
2026-09-08T03:11:11.505Z  HALO/2020       roh          92616 reg. Kerzen    0/253/253 von 253  Tagen gewertet (1m/5m/15m)     6730 Signale  228 ms lesen  26284 ms rechnen
2026-09-08T03:11:39.580Z  HALO/2021       roh          86586 reg. Kerzen    0/252/252 von 252  Tagen gewertet (1m/5m/15m)     6725 Signale  426 ms lesen  27144 ms rechnen
2026-09-08T03:12:08.173Z  HALO/2022       roh          88445 reg. Kerzen    0/251/251 von 251  Tagen gewertet (1m/5m/15m)     6660 Signale  244 ms lesen  27903 ms rechnen
2026-09-08T03:12:33.444Z  HALO/2023       roh          86122 reg. Kerzen    0/250/250 von 250  Tagen gewertet (1m/5m/15m)     6554 Signale  380 ms lesen  24443 ms rechnen
2026-09-08T03:12:59.988Z  HALO/2024       roh          88439 reg. Kerzen    0/252/252 von 252  Tagen gewertet (1m/5m/15m)     6586 Signale  280 ms lesen  25902 ms rechnen
2026-09-08T03:13:25.138Z  HALO/2025       roh          90353 reg. Kerzen    0/250/250 von 250  Tagen gewertet (1m/5m/15m)     6436 Signale  198 ms lesen  24531 ms rechnen
2026-09-08T03:13:41.470Z  HALO/2026       roh          58725 reg. Kerzen    0/166/166 von 166  Tagen gewertet (1m/5m/15m)     4331 Signale  241 ms lesen  15494 ms rechnen
2026-09-08T03:13:42.268Z  HBANO/2016      roh          18189 reg. Kerzen        0/0/0 von 195  Tagen gewertet (1m/5m/15m)        0 Signale  168 ms lesen  286 ms rechnen
2026-09-08T03:13:42.561Z  HBANO/2017      roh          12454 reg. Kerzen        0/0/0 von 251  Tagen gewertet (1m/5m/15m)        0 Signale  50 ms lesen  154 ms rechnen
2026-09-08T03:13:42.879Z  HBANO/2018      roh          12240 reg. Kerzen        0/0/0 von 251  Tagen gewertet (1m/5m/15m)        0 Signale  50 ms lesen  203 ms rechnen
2026-09-08T03:13:43.243Z  HBANO/2019      roh          12738 reg. Kerzen        0/0/0 von 252  Tagen gewertet (1m/5m/15m)        0 Signale  99 ms lesen  150 ms rechnen
2026-09-08T03:13:43.561Z  HBANO/2020      roh          14780 reg. Kerzen        0/0/0 von 253  Tagen gewertet (1m/5m/15m)        0 Signale  76 ms lesen  167 ms rechnen
2026-09-08T03:13:43.942Z  HBANO/2021      roh           7241 reg. Kerzen        0/0/0 von 134  Tagen gewertet (1m/5m/15m)        0 Signale  60 ms lesen  124 ms rechnen
2026-09-08T03:13:44.182Z  HCAQ/2021       roh          10675 reg. Kerzen        0/0/0 von 227  Tagen gewertet (1m/5m/15m)        0 Signale  89 ms lesen  107 ms rechnen
2026-09-08T03:13:44.391Z  HCFT/2018       roh           8721 reg. Kerzen        0/0/0 von 150  Tagen gewertet (1m/5m/15m)        0 Signale  17 ms lesen  109 ms rechnen
2026-09-08T03:13:44.695Z  HCFT/2019       roh           8766 reg. Kerzen        0/0/0 von 252  Tagen gewertet (1m/5m/15m)        0 Signale  136 ms lesen  130 ms rechnen
2026-09-08T03:13:44.989Z  HCFT/2020       roh          12909 reg. Kerzen        0/0/0 von 249  Tagen gewertet (1m/5m/15m)        0 Signale  82 ms lesen  172 ms rechnen
2026-09-08T03:13:45.093Z  HCVI/2021       roh            154 reg. Kerzen        0/0/0 von 23   Tagen gewertet (1m/5m/15m)        0 Signale  14 ms lesen  10 ms rechnen
2026-09-08T03:13:45.156Z  HCVI/2022       roh           1107 reg. Kerzen        0/0/0 von 185  Tagen gewertet (1m/5m/15m)        0 Signale  23 ms lesen  35 ms rechnen
2026-09-08T03:13:45.263Z  HCVI/2023       roh           2529 reg. Kerzen        0/0/1 von 222  Tagen gewertet (1m/5m/15m)        0 Signale  28 ms lesen  74 ms rechnen
2026-09-08T03:13:45.312Z  HCVI/2024       roh            727 reg. Kerzen        0/0/0 von 152  Tagen gewertet (1m/5m/15m)        0 Signale  13 ms lesen  22 ms rechnen
2026-09-08T03:13:45.342Z  HCVI/2025       roh            104 reg. Kerzen        0/0/0 von 28   Tagen gewertet (1m/5m/15m)        0 Signale  16 ms lesen  6 ms rechnen
2026-09-08T03:13:45.714Z  HEAR/2016       bereinigt    23387 reg. Kerzen        0/0/0 von 252  Tagen gewertet (1m/5m/15m)        0 Signale  110 ms lesen  243 ms rechnen
2026-09-08T03:13:46.233Z  HEAR/2017       bereinigt    26723 reg. Kerzen        0/0/0 von 251  Tagen gewertet (1m/5m/15m)        0 Signale  58 ms lesen  291 ms rechnen
2026-09-08T03:14:07.200Z  HEAR/2018       bereinigt    71556 reg. Kerzen    0/168/168 von 251  Tagen gewertet (1m/5m/15m)     4540 Signale  322 ms lesen  20511 ms rechnen
2026-09-08T03:14:27.291Z  HEAR/2019       roh          72165 reg. Kerzen    0/168/168 von 252  Tagen gewertet (1m/5m/15m)     4624 Signale  280 ms lesen  19488 ms rechnen
2026-09-08T03:14:43.192Z  HEAR/2020       roh          71773 reg. Kerzen    0/137/137 von 253  Tagen gewertet (1m/5m/15m)     3725 Signale  241 ms lesen  15324 ms rechnen
2026-09-08T03:15:11.880Z  HEAR/2021       roh          66516 reg. Kerzen    0/250/252 von 252  Tagen gewertet (1m/5m/15m)     6797 Signale  535 ms lesen  27773 ms rechnen
2026-09-08T03:15:27.093Z  HEAR/2022       roh          57608 reg. Kerzen    0/120/120 von 251  Tagen gewertet (1m/5m/15m)     3328 Signale  215 ms lesen  14693 ms rechnen
2026-09-08T03:15:28.024Z  HEAR/2023       roh          38233 reg. Kerzen        0/0/0 von 250  Tagen gewertet (1m/5m/15m)        0 Signale  229 ms lesen  470 ms rechnen
2026-09-08T03:15:29.966Z  HEAR/2024       roh          42356 reg. Kerzen      0/10/10 von 252  Tagen gewertet (1m/5m/15m)      258 Signale  128 ms lesen  1638 ms rechnen
2026-09-08T03:15:30.231Z  HEAR/2025       roh            424 reg. Kerzen        0/0/0 von 3    Tagen gewertet (1m/5m/15m)        0 Signale  26 ms lesen  39 ms rechnen
2026-09-08T03:15:30.288Z  HELI/2016       roh            863 reg. Kerzen        0/0/0 von 20   Tagen gewertet (1m/5m/15m)        0 Signale  25 ms lesen  25 ms rechnen
2026-09-08T03:15:30.435Z  HFBC/2016       roh           2404 reg. Kerzen        0/0/0 von 242  Tagen gewertet (1m/5m/15m)        0 Signale  66 ms lesen  55 ms rechnen
2026-09-08T03:15:30.520Z  HFBC/2017       roh           2224 reg. Kerzen        0/0/0 von 238  Tagen gewertet (1m/5m/15m)        0 Signale  38 ms lesen  37 ms rechnen
2026-09-08T03:15:30.615Z  HFBC/2018       roh           1695 reg. Kerzen        0/0/0 von 222  Tagen gewertet (1m/5m/15m)        0 Signale  43 ms lesen  41 ms rechnen
2026-09-08T03:15:30.681Z  HFBC/2019       roh           3083 reg. Kerzen        0/0/0 von 136  Tagen gewertet (1m/5m/15m)        0 Signale  17 ms lesen  38 ms rechnen
2026-09-08T03:15:30.838Z  HGSH/2016       bereinigt     5710 reg. Kerzen        0/0/0 von 251  Tagen gewertet (1m/5m/15m)        0 Signale  52 ms lesen  71 ms rechnen
2026-09-08T03:15:30.959Z  HGSH/2017       bereinigt     3031 reg. Kerzen        0/0/0 von 243  Tagen gewertet (1m/5m/15m)        0 Signale  39 ms lesen  56 ms rechnen
2026-09-08T03:15:31.116Z  HGSH/2018       bereinigt     8104 reg. Kerzen        0/0/0 von 248  Tagen gewertet (1m/5m/15m)        0 Signale  22 ms lesen  119 ms rechnen
2026-09-08T03:15:31.224Z  HGSH/2019       bereinigt     1801 reg. Kerzen        0/0/0 von 242  Tagen gewertet (1m/5m/15m)        0 Signale  27 ms lesen  37 ms rechnen
2026-09-08T03:15:31.578Z  HGSH/2020       bereinigt    15565 reg. Kerzen        0/0/0 von 253  Tagen gewertet (1m/5m/15m)        0 Signale  50 ms lesen  293 ms rechnen
2026-09-08T03:15:32.013Z  HGSH/2021       roh          20209 reg. Kerzen        0/0/0 von 252  Tagen gewertet (1m/5m/15m)        0 Signale  82 ms lesen  278 ms rechnen
2026-09-08T03:15:32.202Z  HGSH/2022       roh           3642 reg. Kerzen        0/0/0 von 55   Tagen gewertet (1m/5m/15m)        0 Signale  39 ms lesen  50 ms rechnen
2026-09-08T03:15:32.393Z  HHLA/2021       roh           8661 reg. Kerzen        0/0/0 von 175  Tagen gewertet (1m/5m/15m)        0 Signale  55 ms lesen  101 ms rechnen
2026-09-08T03:15:32.568Z  HHLA/2022       roh           4235 reg. Kerzen        0/0/0 von 228  Tagen gewertet (1m/5m/15m)        0 Signale  20 ms lesen  112 ms rechnen
2026-09-08T03:15:32.642Z  HHLA/2023       roh           1605 reg. Kerzen        0/0/0 von 193  Tagen gewertet (1m/5m/15m)        0 Signale  25 ms lesen  28 ms rechnen
2026-09-08T03:15:32.664Z  HHLA/2024       roh            154 reg. Kerzen        0/0/0 von 25   Tagen gewertet (1m/5m/15m)        0 Signale  11 ms lesen  4 ms rechnen
2026-09-08T03:15:32.744Z  HIGA/2020       roh           1088 reg. Kerzen        0/0/0 von 14   Tagen gewertet (1m/5m/15m)        0 Signale  66 ms lesen  11 ms rechnen
2026-09-08T03:15:32.947Z  HIGA/2021       roh          11342 reg. Kerzen        0/0/0 von 249  Tagen gewertet (1m/5m/15m)        0 Signale  55 ms lesen  141 ms rechnen
2026-09-08T03:15:33.057Z  HIGA/2022       roh           2652 reg. Kerzen        0/0/0 von 196  Tagen gewertet (1m/5m/15m)        0 Signale  13 ms lesen  48 ms rechnen
2026-09-08T03:15:53.174Z  HIW/2016        roh          85501 reg. Kerzen    0/232/232 von 252  Tagen gewertet (1m/5m/15m)     5537 Signale  357 ms lesen  19720 ms rechnen
2026-09-08T03:16:14.949Z  HIW/2017        roh          76734 reg. Kerzen    0/251/251 von 251  Tagen gewertet (1m/5m/15m)     5747 Signale  251 ms lesen  21091 ms rechnen
2026-09-08T03:16:36.871Z  HIW/2018        roh          84543 reg. Kerzen    0/251/251 von 251  Tagen gewertet (1m/5m/15m)     5918 Signale  253 ms lesen  21254 ms rechnen
2026-09-08T03:16:58.599Z  HIW/2019        roh          81378 reg. Kerzen    0/252/252 von 252  Tagen gewertet (1m/5m/15m)     6044 Signale  403 ms lesen  20916 ms rechnen
2026-09-08T03:17:23.601Z  HIW/2020        roh          89279 reg. Kerzen    0/253/253 von 253  Tagen gewertet (1m/5m/15m)     6491 Signale  317 ms lesen  24310 ms rechnen
2026-09-08T03:17:46.681Z  HIW/2021        roh          81995 reg. Kerzen    0/250/250 von 252  Tagen gewertet (1m/5m/15m)     6246 Signale  258 ms lesen  22374 ms rechnen
2026-09-08T03:18:11.258Z  HIW/2022        roh          86913 reg. Kerzen    0/250/250 von 251  Tagen gewertet (1m/5m/15m)     6487 Signale  276 ms lesen  23882 ms rechnen
2026-09-08T03:18:35.972Z  HIW/2023        roh          91112 reg. Kerzen    0/250/250 von 250  Tagen gewertet (1m/5m/15m)     6658 Signale  252 ms lesen  24053 ms rechnen
2026-09-08T03:19:00.035Z  HIW/2024        roh          83414 reg. Kerzen    0/252/252 von 252  Tagen gewertet (1m/5m/15m)     6487 Signale  253 ms lesen  23255 ms rechnen
2026-09-08T03:19:24.761Z  HIW/2025        roh          81019 reg. Kerzen    0/250/250 von 250  Tagen gewertet (1m/5m/15m)     6387 Signale  320 ms lesen  24027 ms rechnen
2026-09-08T03:19:40.640Z  HIW/2026        roh          57362 reg. Kerzen    0/166/166 von 166  Tagen gewertet (1m/5m/15m)     4321 Signale  228 ms lesen  15254 ms rechnen
2026-09-08T03:19:41.004Z  HLG/2016        roh            658 reg. Kerzen        0/0/0 von 147  Tagen gewertet (1m/5m/15m)        0 Signale  19 ms lesen  23 ms rechnen
2026-09-08T03:19:41.112Z  HLG/2017        roh           6713 reg. Kerzen        0/0/0 von 193  Tagen gewertet (1m/5m/15m)        0 Signale  34 ms lesen  69 ms rechnen
2026-09-08T03:19:44.153Z  HLG/2018        roh          18725 reg. Kerzen      0/16/63 von 249  Tagen gewertet (1m/5m/15m)      846 Signale  100 ms lesen  2909 ms rechnen
2026-09-08T03:19:44.461Z  HLG/2019        roh          10319 reg. Kerzen        0/0/0 von 252  Tagen gewertet (1m/5m/15m)        0 Signale  53 ms lesen  123 ms rechnen
2026-09-08T03:19:44.675Z  HLG/2020        roh           5172 reg. Kerzen        0/0/0 von 253  Tagen gewertet (1m/5m/15m)        0 Signale  28 ms lesen  135 ms rechnen
2026-09-08T03:19:44.843Z  HLG/2021        roh           3538 reg. Kerzen        0/0/0 von 247  Tagen gewertet (1m/5m/15m)        0 Signale  42 ms lesen  98 ms rechnen
2026-09-08T03:19:48.183Z  CHECKPOINT 2400 Dateien, 525 min, Detektorfehler {}
2026-09-08T03:19:48.231Z  HLG/2022        roh           1228 reg. Kerzen        0/0/0 von 166  Tagen gewertet (1m/5m/15m)        0 Signale  19 ms lesen  28 ms rechnen
2026-09-08T03:20:08.997Z  HLS/2016        roh          83982 reg. Kerzen    0/232/232 von 252  Tagen gewertet (1m/5m/15m)     5746 Signale  276 ms lesen  20458 ms rechnen
2026-09-08T03:20:31.006Z  HLS/2017        roh          83260 reg. Kerzen    0/251/251 von 251  Tagen gewertet (1m/5m/15m)     6061 Signale  224 ms lesen  21378 ms rechnen
2026-09-08T03:20:49.836Z  HMC/2016        roh          83443 reg. Kerzen    0/232/232 von 252  Tagen gewertet (1m/5m/15m)     5590 Signale  341 ms lesen  18047 ms rechnen
2026-09-08T03:21:07.856Z  HMC/2017        roh          77425 reg. Kerzen    0/251/251 von 251  Tagen gewertet (1m/5m/15m)     5428 Signale  209 ms lesen  17444 ms rechnen
2026-09-08T03:21:28.843Z  HMC/2018        roh          83910 reg. Kerzen    0/251/251 von 251  Tagen gewertet (1m/5m/15m)     5941 Signale  338 ms lesen  20279 ms rechnen
2026-09-08T03:21:47.435Z  HMC/2019        roh          79438 reg. Kerzen    0/252/252 von 252  Tagen gewertet (1m/5m/15m)     5708 Signale  246 ms lesen  17941 ms rechnen
2026-09-08T03:22:07.702Z  HMC/2020        roh          83624 reg. Kerzen    0/253/253 von 253  Tagen gewertet (1m/5m/15m)     6283 Signale  384 ms lesen  19526 ms rechnen
2026-09-08T03:22:26.729Z  HMC/2021        roh          85755 reg. Kerzen    0/250/250 von 252  Tagen gewertet (1m/5m/15m)     5854 Signale  383 ms lesen  18272 ms rechnen
2026-09-08T03:22:49.357Z  HMC/2022        roh          92339 reg. Kerzen    0/250/250 von 250  Tagen gewertet (1m/5m/15m)     6191 Signale  319 ms lesen  21895 ms rechnen
2026-09-08T03:23:09.215Z  HMC/2023        roh          88952 reg. Kerzen    0/250/250 von 250  Tagen gewertet (1m/5m/15m)     5882 Signale  259 ms lesen  19108 ms rechnen
2026-09-08T03:23:28.239Z  HMC/2024        roh          86568 reg. Kerzen    0/252/252 von 252  Tagen gewertet (1m/5m/15m)     5861 Signale  229 ms lesen  18400 ms rechnen
2026-09-08T03:23:48.180Z  HMC/2025        roh          85692 reg. Kerzen    0/250/250 von 250  Tagen gewertet (1m/5m/15m)     5867 Signale  416 ms lesen  19155 ms rechnen
2026-09-08T03:24:01.450Z  HMC/2026        roh          60551 reg. Kerzen    0/166/166 von 166  Tagen gewertet (1m/5m/15m)     4036 Signale  216 ms lesen  12660 ms rechnen
2026-09-08T03:24:02.107Z  HMNY/2016       bereinigt    15606 reg. Kerzen        0/0/0 von 207  Tagen gewertet (1m/5m/15m)        0 Signale  96 ms lesen  299 ms rechnen
2026-09-08T03:24:09.913Z  HMNY/2017       bereinigt    48325 reg. Kerzen      0/64/64 von 251  Tagen gewertet (1m/5m/15m)     1636 Signale  243 ms lesen  7503 ms rechnen
2026-09-08T03:24:30.716Z  HMNY/2018       bereinigt    93997 reg. Kerzen    0/168/168 von 251  Tagen gewertet (1m/5m/15m)     4535 Signale  492 ms lesen  20082 ms rechnen
2026-09-08T03:24:31.341Z  HMNY/2019       roh          10437 reg. Kerzen        0/0/0 von 29   Tagen gewertet (1m/5m/15m)        0 Signale  102 ms lesen  102 ms rechnen
2026-09-08T03:24:31.557Z  HNH/2016        roh           5092 reg. Kerzen        0/0/0 von 252  Tagen gewertet (1m/5m/15m)        0 Signale  50 ms lesen  59 ms rechnen
2026-09-08T03:24:31.689Z  HNH/2017        roh           5504 reg. Kerzen        0/0/0 von 195  Tagen gewertet (1m/5m/15m)        0 Signale  40 ms lesen  68 ms rechnen
2026-09-08T03:24:53.692Z  HOG/2016        roh          96682 reg. Kerzen    0/232/232 von 252  Tagen gewertet (1m/5m/15m)     6014 Signale  349 ms lesen  21574 ms rechnen
2026-09-08T03:25:15.594Z  HOG/2017        roh          94426 reg. Kerzen    0/251/251 von 251  Tagen gewertet (1m/5m/15m)     6172 Signale  240 ms lesen  21195 ms rechnen
2026-09-08T03:25:39.126Z  HOG/2018        roh          95961 reg. Kerzen    0/251/251 von 251  Tagen gewertet (1m/5m/15m)     6364 Signale  254 ms lesen  22775 ms rechnen
2026-09-08T03:26:03.852Z  HOG/2019        roh          95820 reg. Kerzen    0/252/252 von 252  Tagen gewertet (1m/5m/15m)     6504 Signale  242 ms lesen  23975 ms rechnen
2026-09-08T03:26:31.417Z  HOG/2020        roh          97118 reg. Kerzen    0/253/253 von 253  Tagen gewertet (1m/5m/15m)     6818 Signale  386 ms lesen  26692 ms rechnen
2026-09-08T03:26:57.162Z  HOG/2021        roh          93856 reg. Kerzen    0/250/250 von 252  Tagen gewertet (1m/5m/15m)     6620 Signale  288 ms lesen  24973 ms rechnen
2026-09-08T03:27:22.714Z  HOG/2022        roh          94904 reg. Kerzen    0/250/250 von 251  Tagen gewertet (1m/5m/15m)     6746 Signale  270 ms lesen  24789 ms rechnen
2026-09-08T03:27:48.050Z  HOG/2023        roh          94040 reg. Kerzen    0/250/250 von 250  Tagen gewertet (1m/5m/15m)     6549 Signale  242 ms lesen  24518 ms rechnen
2026-09-08T03:28:13.273Z  HOG/2024        roh          93606 reg. Kerzen    0/252/252 von 252  Tagen gewertet (1m/5m/15m)     6555 Signale  372 ms lesen  24370 ms rechnen
2026-09-08T03:28:38.481Z  HOG/2025        roh          92883 reg. Kerzen    0/250/250 von 250  Tagen gewertet (1m/5m/15m)     6665 Signale  281 ms lesen  24442 ms rechnen
2026-09-08T03:28:56.368Z  HOG/2026        roh          62770 reg. Kerzen    0/166/166 von 166  Tagen gewertet (1m/5m/15m)     4388 Signale  360 ms lesen  17076 ms rechnen
2026-09-08T03:28:56.752Z  HONAV/2026      roh            569 reg. Kerzen        0/0/0 von 9    Tagen gewertet (1m/5m/15m)        0 Signale  49 ms lesen  11 ms rechnen
2026-09-08T03:29:19.284Z  HOS/2016        roh          92374 reg. Kerzen    0/208/208 von 252  Tagen gewertet (1m/5m/15m)     5814 Signale  275 ms lesen  22227 ms rechnen
2026-09-08T03:29:47.732Z  HOS/2017        roh          91873 reg. Kerzen    0/251/251 von 251  Tagen gewertet (1m/5m/15m)     6955 Signale  275 ms lesen  27644 ms rechnen
2026-09-08T03:30:14.556Z  HOS/2018        roh          90778 reg. Kerzen    0/251/251 von 251  Tagen gewertet (1m/5m/15m)     6854 Signale  263 ms lesen  26044 ms rechnen
2026-09-08T03:30:37.547Z  HOS/2019        roh          87174 reg. Kerzen    0/204/204 von 252  Tagen gewertet (1m/5m/15m)     5504 Signale  239 ms lesen  22293 ms rechnen
2026-09-08T03:31:05.518Z  HOS/2020        roh          94269 reg. Kerzen    0/237/237 von 253  Tagen gewertet (1m/5m/15m)     6532 Signale  369 ms lesen  27170 ms rechnen
2026-09-08T03:31:25.964Z  HOS/2021        roh          89150 reg. Kerzen    0/179/179 von 252  Tagen gewertet (1m/5m/15m)     4950 Signale  275 ms lesen  19715 ms rechnen
2026-09-08T03:31:50.554Z  HOS/2022        roh          89205 reg. Kerzen    0/215/215 von 251  Tagen gewertet (1m/5m/15m)     6050 Signale  344 ms lesen  23848 ms rechnen
2026-09-08T03:32:17.407Z  HOS/2023        roh          91755 reg. Kerzen    0/250/250 von 250  Tagen gewertet (1m/5m/15m)     6783 Signale  260 ms lesen  26188 ms rechnen
2026-09-08T03:32:43.247Z  HOS/2024        roh          90892 reg. Kerzen    0/252/252 von 252  Tagen gewertet (1m/5m/15m)     6696 Signale  444 ms lesen  24989 ms rechnen
2026-09-08T03:33:10.678Z  HOS/2025        roh          85722 reg. Kerzen    0/250/250 von 250  Tagen gewertet (1m/5m/15m)     6770 Signale  286 ms lesen  26541 ms rechnen
2026-09-08T03:33:28.757Z  HOS/2026        roh          56824 reg. Kerzen    0/166/166 von 166  Tagen gewertet (1m/5m/15m)     4515 Signale  326 ms lesen  17293 ms rechnen
2026-09-08T03:33:51.553Z  HPE/2016        bereinigt    97995 reg. Kerzen    0/232/232 von 252  Tagen gewertet (1m/5m/15m)     6037 Signale  522 ms lesen  21927 ms rechnen
2026-09-08T03:34:13.768Z  HPE/2017        bereinigt    97425 reg. Kerzen    0/251/251 von 251  Tagen gewertet (1m/5m/15m)     6239 Signale  474 ms lesen  21289 ms rechnen
2026-09-08T03:34:37.154Z  HPE/2018        roh          97208 reg. Kerzen    0/251/251 von 251  Tagen gewertet (1m/5m/15m)     6453 Signale  299 ms lesen  22567 ms rechnen
2026-09-08T03:35:00.248Z  HPE/2019        roh          97558 reg. Kerzen    0/251/251 von 252  Tagen gewertet (1m/5m/15m)     6472 Signale  431 ms lesen  22129 ms rechnen
2026-09-08T03:35:26.136Z  HPE/2020        roh          98201 reg. Kerzen    0/253/253 von 253  Tagen gewertet (1m/5m/15m)     6831 Signale  444 ms lesen  24973 ms rechnen
2026-09-08T03:35:50.416Z  HPE/2021        roh          97263 reg. Kerzen    0/250/250 von 252  Tagen gewertet (1m/5m/15m)     6390 Signale  480 ms lesen  23327 ms rechnen
2026-09-08T03:36:16.736Z  HPE/2022        roh          97298 reg. Kerzen    0/250/250 von 251  Tagen gewertet (1m/5m/15m)     6469 Signale  606 ms lesen  25261 ms rechnen
2026-09-08T03:36:39.222Z  HPE/2023        roh          97105 reg. Kerzen    0/250/250 von 250  Tagen gewertet (1m/5m/15m)     6383 Signale  263 ms lesen  21709 ms rechnen
2026-09-08T03:37:04.251Z  HPE/2024        roh          97714 reg. Kerzen    0/252/252 von 252  Tagen gewertet (1m/5m/15m)     6465 Signale  400 ms lesen  23979 ms rechnen
2026-09-08T03:37:30.130Z  HPE/2025        roh          96950 reg. Kerzen    0/250/250 von 250  Tagen gewertet (1m/5m/15m)     6561 Signale  450 ms lesen  24984 ms rechnen
2026-09-08T03:37:48.220Z  HPE/2026        roh          64734 reg. Kerzen    0/166/166 von 166  Tagen gewertet (1m/5m/15m)     4452 Signale  208 ms lesen  17477 ms rechnen
2026-09-08T03:38:09.410Z  HPT/2016        roh          87687 reg. Kerzen    0/232/232 von 252  Tagen gewertet (1m/5m/15m)     5743 Signale  411 ms lesen  20443 ms rechnen
2026-09-08T03:38:30.984Z  HPT/2017        roh          77774 reg. Kerzen    0/251/251 von 251  Tagen gewertet (1m/5m/15m)     5862 Signale  292 ms lesen  20845 ms rechnen
2026-09-08T03:38:53.664Z  HPT/2018        roh          83499 reg. Kerzen    0/249/249 von 251  Tagen gewertet (1m/5m/15m)     6024 Signale  247 ms lesen  22059 ms rechnen
2026-09-08T03:39:10.483Z  HPT/2019        roh          62543 reg. Kerzen    0/184/184 von 184  Tagen gewertet (1m/5m/15m)     4489 Signale  192 ms lesen  16261 ms rechnen
2026-09-08T03:39:32.489Z  HRG/2016        bereinigt    80251 reg. Kerzen    0/232/232 von 252  Tagen gewertet (1m/5m/15m)     5856 Signale  396 ms lesen  21296 ms rechnen
2026-09-08T03:39:55.298Z  HRG/2017        bereinigt    82637 reg. Kerzen    0/251/251 von 251  Tagen gewertet (1m/5m/15m)     6188 Signale  463 ms lesen  21937 ms rechnen
2026-09-08T03:40:08.166Z  HRG/2018        bereinigt    47583 reg. Kerzen    0/134/134 von 134  Tagen gewertet (1m/5m/15m)     3544 Signale  352 ms lesen  12110 ms rechnen
2026-09-08T03:40:27.246Z  HRS/2016        roh          88431 reg. Kerzen    0/232/232 von 252  Tagen gewertet (1m/5m/15m)     5516 Signale  254 ms lesen  18544 ms rechnen
2026-09-08T03:40:47.256Z  HRS/2017        roh          82351 reg. Kerzen    0/251/251 von 251  Tagen gewertet (1m/5m/15m)     5541 Signale  393 ms lesen  19214 ms rechnen
2026-09-08T03:41:09.056Z  HRS/2018        roh          85517 reg. Kerzen    0/251/251 von 251  Tagen gewertet (1m/5m/15m)     6100 Signale  185 ms lesen  21247 ms rechnen
2026-09-08T03:41:19.862Z  HRS/2019        roh          44304 reg. Kerzen    0/124/124 von 124  Tagen gewertet (1m/5m/15m)     3060 Signale  134 ms lesen  10268 ms rechnen
2026-09-08T03:41:39.610Z  HSIC/2016       bereinigt    78086 reg. Kerzen    0/232/232 von 252  Tagen gewertet (1m/5m/15m)     5518 Signale  547 ms lesen  18906 ms rechnen
2026-09-08T03:42:00.377Z  HSIC/2017       bereinigt    77497 reg. Kerzen    0/251/251 von 251  Tagen gewertet (1m/5m/15m)     5778 Signale  408 ms lesen  20019 ms rechnen
2026-09-08T03:42:27.019Z  HSIC/2018       bereinigt    92570 reg. Kerzen    0/249/249 von 251  Tagen gewertet (1m/5m/15m)     6243 Signale  538 ms lesen  25737 ms rechnen
2026-09-08T03:42:53.647Z  HSIC/2019       bereinigt    93520 reg. Kerzen    0/252/252 von 252  Tagen gewertet (1m/5m/15m)     6240 Signale  440 ms lesen  25731 ms rechnen
2026-09-08T03:43:19.773Z  HSIC/2020       roh          93148 reg. Kerzen    0/253/253 von 253  Tagen gewertet (1m/5m/15m)     6664 Signale  267 ms lesen  25443 ms rechnen
2026-09-08T03:43:42.610Z  HSIC/2021       roh          83887 reg. Kerzen    0/252/252 von 252  Tagen gewertet (1m/5m/15m)     6347 Signale  247 ms lesen  22164 ms rechnen
2026-09-08T03:44:07.570Z  HSIC/2022       roh          87474 reg. Kerzen    0/251/251 von 251  Tagen gewertet (1m/5m/15m)     6331 Signale  221 ms lesen  24327 ms rechnen
2026-09-08T03:44:29.436Z  HSIC/2023       roh          84695 reg. Kerzen    0/250/250 von 250  Tagen gewertet (1m/5m/15m)     6150 Signale  257 ms lesen  21221 ms rechnen
2026-09-08T03:44:52.199Z  HSIC/2024       roh          86547 reg. Kerzen    0/252/252 von 252  Tagen gewertet (1m/5m/15m)     6107 Signale  231 ms lesen  22055 ms rechnen
2026-09-08T03:45:17.327Z  HSIC/2025       roh          87268 reg. Kerzen    0/250/250 von 250  Tagen gewertet (1m/5m/15m)     6227 Signale  226 ms lesen  24490 ms rechnen
2026-09-08T03:45:32.777Z  HSIC/2026       roh          56321 reg. Kerzen    0/166/166 von 166  Tagen gewertet (1m/5m/15m)     4249 Signale  261 ms lesen  14724 ms rechnen
2026-09-08T03:45:55.626Z  HST/2016        roh          98001 reg. Kerzen    0/232/232 von 252  Tagen gewertet (1m/5m/15m)     6082 Signale  208 ms lesen  22360 ms rechnen
2026-09-08T03:46:19.043Z  HST/2017        roh          97064 reg. Kerzen    0/251/251 von 251  Tagen gewertet (1m/5m/15m)     6350 Signale  359 ms lesen  22661 ms rechnen
2026-09-08T03:46:42.759Z  HST/2018        roh          97119 reg. Kerzen    0/251/251 von 251  Tagen gewertet (1m/5m/15m)     6139 Signale  328 ms lesen  22934 ms rechnen
2026-09-08T03:47:05.727Z  HST/2019        roh          97553 reg. Kerzen    0/252/252 von 252  Tagen gewertet (1m/5m/15m)     6218 Signale  263 ms lesen  22287 ms rechnen
2026-09-08T03:47:31.786Z  HST/2020        roh          98148 reg. Kerzen    0/253/253 von 253  Tagen gewertet (1m/5m/15m)     6690 Signale  266 ms lesen  25376 ms rechnen
2026-09-08T03:47:56.987Z  HST/2021        roh          97816 reg. Kerzen    0/252/252 von 252  Tagen gewertet (1m/5m/15m)     6708 Signale  334 ms lesen  24394 ms rechnen
2026-09-08T03:48:22.476Z  HST/2022        roh          97600 reg. Kerzen    0/251/251 von 251  Tagen gewertet (1m/5m/15m)     6693 Signale  324 ms lesen  24689 ms rechnen
2026-09-08T03:48:45.437Z  HST/2023        roh          96909 reg. Kerzen    0/250/250 von 250  Tagen gewertet (1m/5m/15m)     6410 Signale  339 ms lesen  22196 ms rechnen
2026-09-08T03:49:09.089Z  HST/2024        roh          97351 reg. Kerzen    0/252/252 von 252  Tagen gewertet (1m/5m/15m)     6312 Signale  282 ms lesen  22942 ms rechnen
2026-09-08T03:49:33.107Z  HST/2025        roh          96689 reg. Kerzen    0/250/250 von 250  Tagen gewertet (1m/5m/15m)     6470 Signale  303 ms lesen  23146 ms rechnen
2026-09-08T03:49:48.697Z  HST/2026        roh          64599 reg. Kerzen    0/166/166 von 166  Tagen gewertet (1m/5m/15m)     4196 Signale  235 ms lesen  14919 ms rechnen
2026-09-08T03:49:49.900Z  HTBX/2016       bereinigt    42064 reg. Kerzen        0/2/2 von 252  Tagen gewertet (1m/5m/15m)       52 Signale  195 ms lesen  681 ms rechnen
2026-09-08T03:49:50.744Z  HTBX/2017       bereinigt    33197 reg. Kerzen        0/0/0 von 251  Tagen gewertet (1m/5m/15m)        0 Signale  189 ms lesen  470 ms rechnen
2026-09-08T03:49:51.433Z  HTBX/2018       bereinigt    34521 reg. Kerzen        0/0/0 von 251  Tagen gewertet (1m/5m/15m)        0 Signale  153 ms lesen  390 ms rechnen
2026-09-08T03:49:52.162Z  HTBX/2019       bereinigt    25121 reg. Kerzen        0/0/0 von 252  Tagen gewertet (1m/5m/15m)        0 Signale  174 ms lesen  404 ms rechnen
2026-09-08T03:50:07.153Z  HTBX/2020       bereinigt    90185 reg. Kerzen    0/113/113 von 253  Tagen gewertet (1m/5m/15m)     3121 Signale  559 ms lesen  14298 ms rechnen
2026-09-08T03:50:15.089Z  HTBX/2021       roh          57948 reg. Kerzen      0/59/59 von 252  Tagen gewertet (1m/5m/15m)     1638 Signale  197 ms lesen  7286 ms rechnen
2026-09-08T03:50:15.627Z  HTBX/2022       roh           9659 reg. Kerzen        0/0/0 von 83   Tagen gewertet (1m/5m/15m)        0 Signale  117 ms lesen  133 ms rechnen
2026-09-08T03:50:24.820Z  HTS/2016        roh          45886 reg. Kerzen    0/111/111 von 131  Tagen gewertet (1m/5m/15m)     2544 Signale  125 ms lesen  8970 ms rechnen
2026-09-08T03:50:25.407Z  HUGS/2021       roh           8454 reg. Kerzen        0/0/0 von 175  Tagen gewertet (1m/5m/15m)        0 Signale  53 ms lesen  217 ms rechnen
2026-09-08T03:50:25.674Z  HUGS/2022       roh          14716 reg. Kerzen        0/0/0 von 248  Tagen gewertet (1m/5m/15m)        0 Signale  73 ms lesen  156 ms rechnen
2026-09-08T03:50:40.188Z  HUT/2021        bereinigt    53440 reg. Kerzen    0/120/120 von 140  Tagen gewertet (1m/5m/15m)     3340 Signale  307 ms lesen  14114 ms rechnen
2026-09-08T03:51:11.785Z  HUT/2022        bereinigt    95692 reg. Kerzen    0/250/250 von 251  Tagen gewertet (1m/5m/15m)     6942 Signale  552 ms lesen  30731 ms rechnen
2026-09-08T03:51:41.673Z  HUT/2023        bereinigt    94219 reg. Kerzen    0/237/237 von 250  Tagen gewertet (1m/5m/15m)     6644 Signale  463 ms lesen  28959 ms rechnen
2026-09-08T03:52:11.906Z  HUT/2024        roh          97208 reg. Kerzen    0/252/252 von 252  Tagen gewertet (1m/5m/15m)     7048 Signale  383 ms lesen  29379 ms rechnen
2026-09-08T03:52:42.106Z  HUT/2025        roh          96833 reg. Kerzen    0/250/250 von 250  Tagen gewertet (1m/5m/15m)     6956 Signale  399 ms lesen  29326 ms rechnen
2026-09-08T03:53:03.398Z  HUT/2026        roh          64536 reg. Kerzen    0/166/166 von 166  Tagen gewertet (1m/5m/15m)     4681 Signale  418 ms lesen  20412 ms rechnen
2026-09-08T03:53:04.019Z  HWKN/2016       bereinigt    14342 reg. Kerzen        0/0/0 von 252  Tagen gewertet (1m/5m/15m)        0 Signale  77 ms lesen  203 ms rechnen
2026-09-08T03:53:04.383Z  HWKN/2017       bereinigt    13720 reg. Kerzen        0/0/0 von 251  Tagen gewertet (1m/5m/15m)        0 Signale  72 ms lesen  223 ms rechnen
2026-09-08T03:53:04.753Z  HWKN/2018       bereinigt    12607 reg. Kerzen        0/0/0 von 251  Tagen gewertet (1m/5m/15m)        0 Signale  117 ms lesen  190 ms rechnen
2026-09-08T03:53:05.071Z  HWKN/2019       bereinigt    11807 reg. Kerzen        0/0/0 von 252  Tagen gewertet (1m/5m/15m)        0 Signale  45 ms lesen  201 ms rechnen
2026-09-08T03:53:05.381Z  HWKN/2020       bereinigt    15147 reg. Kerzen        0/0/0 von 253  Tagen gewertet (1m/5m/15m)        0 Signale  70 ms lesen  182 ms rechnen
2026-09-08T03:53:05.784Z  HWKN/2021       bereinigt    16639 reg. Kerzen        0/0/0 von 252  Tagen gewertet (1m/5m/15m)        0 Signale  80 ms lesen  247 ms rechnen
2026-09-08T03:53:06.328Z  HWKN/2022       roh          17357 reg. Kerzen        0/0/0 von 251  Tagen gewertet (1m/5m/15m)        0 Signale  178 ms lesen  279 ms rechnen
2026-09-08T03:53:06.813Z  HWKN/2023       roh          20052 reg. Kerzen        0/0/0 von 250  Tagen gewertet (1m/5m/15m)        0 Signale  127 ms lesen  286 ms rechnen
2026-09-08T03:53:15.806Z  HWKN/2024       roh          27036 reg. Kerzen     0/59/189 von 252  Tagen gewertet (1m/5m/15m)     2736 Signale  159 ms lesen  8745 ms rechnen
2026-09-08T03:53:27.375Z  HWKN/2025       roh          27229 reg. Kerzen     0/64/244 von 250  Tagen gewertet (1m/5m/15m)     3227 Signale  165 ms lesen  11237 ms rechnen
2026-09-08T03:53:33.504Z  HWKN/2026       roh          16432 reg. Kerzen     0/27/162 von 166  Tagen gewertet (1m/5m/15m)     1928 Signale  65 ms lesen  5946 ms rechnen
2026-09-08T03:53:33.741Z  HYRE/2018       roh          10715 reg. Kerzen        0/0/0 von 129  Tagen gewertet (1m/5m/15m)        0 Signale  35 ms lesen  121 ms rechnen
2026-09-08T03:53:35.770Z  HYRE/2019       roh          44176 reg. Kerzen      0/12/12 von 252  Tagen gewertet (1m/5m/15m)      321 Signale  114 ms lesen  1874 ms rechnen
2026-09-08T03:53:36.617Z  HYRE/2020       roh          37355 reg. Kerzen        0/0/0 von 253  Tagen gewertet (1m/5m/15m)        0 Signale  103 ms lesen  462 ms rechnen
2026-09-08T03:53:55.172Z  HYRE/2021       roh          69612 reg. Kerzen    0/144/144 von 252  Tagen gewertet (1m/5m/15m)     4015 Signale  339 ms lesen  18054 ms rechnen
2026-09-08T03:53:56.203Z  HYRE/2022       roh          41642 reg. Kerzen        0/0/0 von 251  Tagen gewertet (1m/5m/15m)        0 Signale  224 ms lesen  507 ms rechnen
2026-09-08T03:53:56.506Z  HYRE/2023       roh           2646 reg. Kerzen        0/0/0 von 22   Tagen gewertet (1m/5m/15m)        0 Signale  34 ms lesen  48 ms rechnen
2026-09-08T03:53:57.339Z  I/2016          roh          60708 reg. Kerzen        0/0/0 von 252  Tagen gewertet (1m/5m/15m)        0 Signale  239 ms lesen  567 ms rechnen
2026-09-08T03:53:58.480Z  I/2017          roh          60870 reg. Kerzen        0/0/0 von 251  Tagen gewertet (1m/5m/15m)        0 Signale  210 ms lesen  665 ms rechnen
2026-09-08T03:54:21.128Z  I/2018          roh          89202 reg. Kerzen    0/187/187 von 251  Tagen gewertet (1m/5m/15m)     5087 Signale  235 ms lesen  22049 ms rechnen
2026-09-08T03:54:49.388Z  I/2019          roh          94185 reg. Kerzen    0/252/252 von 252  Tagen gewertet (1m/5m/15m)     6874 Signale  205 ms lesen  27627 ms rechnen
2026-09-08T03:55:00.765Z  I/2020          roh          36462 reg. Kerzen      0/94/94 von 95   Tagen gewertet (1m/5m/15m)     2508 Signale  190 ms lesen  10746 ms rechnen
2026-09-08T03:55:01.025Z  IAIC/2021       roh           1442 reg. Kerzen        0/0/0 von 15   Tagen gewertet (1m/5m/15m)        0 Signale  23 ms lesen  22 ms rechnen
2026-09-08T03:55:01.164Z  IBKCP/2016      roh           2421 reg. Kerzen        0/0/0 von 251  Tagen gewertet (1m/5m/15m)        0 Signale  23 ms lesen  46 ms rechnen
2026-09-08T03:55:01.318Z  IBKCP/2017      roh           2238 reg. Kerzen        0/0/0 von 248  Tagen gewertet (1m/5m/15m)        0 Signale  49 ms lesen  32 ms rechnen
2026-09-08T03:55:01.460Z  IBKCP/2018      roh           1907 reg. Kerzen        0/0/0 von 245  Tagen gewertet (1m/5m/15m)        0 Signale  69 ms lesen  49 ms rechnen
2026-09-08T03:55:01.566Z  IBKCP/2019      roh           1858 reg. Kerzen        0/0/0 von 249  Tagen gewertet (1m/5m/15m)        0 Signale  42 ms lesen  44 ms rechnen
2026-09-08T03:55:01.665Z  IBKCP/2020      roh           1428 reg. Kerzen        0/0/0 von 126  Tagen gewertet (1m/5m/15m)        0 Signale  56 ms lesen  32 ms rechnen
2026-09-08T03:55:02.763Z  IBTX/2016       roh          26827 reg. Kerzen       0/5/14 von 252  Tagen gewertet (1m/5m/15m)      216 Signale  97 ms lesen  967 ms rechnen
2026-09-08T03:55:08.114Z  IBTX/2017       roh          32947 reg. Kerzen      0/45/82 von 251  Tagen gewertet (1m/5m/15m)     1478 Signale  157 ms lesen  5065 ms rechnen
2026-09-08T03:55:30.015Z  IBTX/2018       roh          48072 reg. Kerzen    0/237/249 von 251  Tagen gewertet (1m/5m/15m)     6093 Signale  132 ms lesen  21543 ms rechnen
2026-09-08T03:55:52.752Z  IBTX/2019       roh          54476 reg. Kerzen    0/245/252 von 252  Tagen gewertet (1m/5m/15m)     6234 Signale  265 ms lesen  22199 ms rechnen
2026-09-08T03:56:19.424Z  IBTX/2020       roh          69506 reg. Kerzen    0/251/253 von 253  Tagen gewertet (1m/5m/15m)     6728 Signale  356 ms lesen  26074 ms rechnen
2026-09-08T03:56:35.990Z  IBTX/2021       roh          37978 reg. Kerzen    0/153/231 von 252  Tagen gewertet (1m/5m/15m)     4656 Signale  120 ms lesen  16129 ms rechnen
2026-09-08T03:56:55.475Z  IBTX/2022       roh          43148 reg. Kerzen    0/198/226 von 251  Tagen gewertet (1m/5m/15m)     5348 Signale  151 ms lesen  19161 ms rechnen
2026-09-08T03:57:16.058Z  IBTX/2023       roh          47173 reg. Kerzen    0/202/227 von 250  Tagen gewertet (1m/5m/15m)     5571 Signale  217 ms lesen  20125 ms rechnen
2026-09-08T03:57:32.039Z  IBTX/2024       roh          42076 reg. Kerzen    0/159/215 von 252  Tagen gewertet (1m/5m/15m)     4612 Signale  121 ms lesen  15584 ms rechnen
2026-09-08T03:57:35.172Z  ICFI/2016       roh          33446 reg. Kerzen      0/25/29 von 252  Tagen gewertet (1m/5m/15m)      624 Signale  117 ms lesen  2758 ms rechnen
2026-09-08T03:57:40.122Z  ICFI/2017       roh          33107 reg. Kerzen      0/37/57 von 251  Tagen gewertet (1m/5m/15m)     1129 Signale  136 ms lesen  4616 ms rechnen
2026-09-08T03:57:50.777Z  ICFI/2018       roh          34203 reg. Kerzen     0/90/169 von 251  Tagen gewertet (1m/5m/15m)     2968 Signale  192 ms lesen  10283 ms rechnen
2026-09-08T03:58:01.174Z  ICFI/2019       roh          33752 reg. Kerzen    0/104/175 von 252  Tagen gewertet (1m/5m/15m)     3159 Signale  176 ms lesen  10062 ms rechnen
2026-09-08T03:58:19.051Z  ICFI/2020       roh          36919 reg. Kerzen    0/166/243 von 253  Tagen gewertet (1m/5m/15m)     4995 Signale  189 ms lesen  17544 ms rechnen
2026-09-08T03:58:21.282Z  ICFI/2021       roh          21289 reg. Kerzen       0/6/46 von 252  Tagen gewertet (1m/5m/15m)      512 Signale  184 ms lesen  1858 ms rechnen
2026-09-08T03:58:30.972Z  ICFI/2022       roh          28340 reg. Kerzen     0/58/200 von 251  Tagen gewertet (1m/5m/15m)     2726 Signale  190 ms lesen  9362 ms rechnen
2026-09-08T03:58:37.953Z  ICFI/2023       roh          22559 reg. Kerzen     0/27/200 von 250  Tagen gewertet (1m/5m/15m)     2207 Signale  111 ms lesen  6738 ms rechnen
2026-09-08T03:58:47.202Z  ICFI/2024       roh          23131 reg. Kerzen     0/38/219 von 252  Tagen gewertet (1m/5m/15m)     2461 Signale  170 ms lesen  8982 ms rechnen
2026-09-08T03:59:03.395Z  ICFI/2025       roh          35147 reg. Kerzen    0/135/248 von 250  Tagen gewertet (1m/5m/15m)     4460 Signale  179 ms lesen  15911 ms rechnen
2026-09-08T03:59:15.299Z  ICFI/2026       roh          24514 reg. Kerzen    0/100/166 von 166  Tagen gewertet (1m/5m/15m)     3250 Signale  173 ms lesen  11570 ms rechnen
2026-09-08T03:59:15.425Z  ID/2017         roh             21 reg. Kerzen        0/0/0 von 10   Tagen gewertet (1m/5m/15m)        0 Signale  10 ms lesen  1 ms rechnen
2026-09-08T03:59:15.461Z  ID/2018         roh            666 reg. Kerzen        0/0/0 von 164  Tagen gewertet (1m/5m/15m)        0 Signale  21 ms lesen  14 ms rechnen
2026-09-08T03:59:15.539Z  ID/2019         roh           1194 reg. Kerzen        0/0/0 von 198  Tagen gewertet (1m/5m/15m)        0 Signale  32 ms lesen  42 ms rechnen
2026-09-08T03:59:15.696Z  ID/2020         roh           6032 reg. Kerzen        0/0/0 von 230  Tagen gewertet (1m/5m/15m)        0 Signale  49 ms lesen  99 ms rechnen
2026-09-08T03:59:16.046Z  ID/2021         roh          17785 reg. Kerzen        0/0/0 von 252  Tagen gewertet (1m/5m/15m)        0 Signale  110 ms lesen  214 ms rechnen
2026-09-08T03:59:16.299Z  ID/2022         roh           9006 reg. Kerzen        0/0/0 von 250  Tagen gewertet (1m/5m/15m)        0 Signale  67 ms lesen  110 ms rechnen
2026-09-08T03:59:16.778Z  ID/2023         roh          22124 reg. Kerzen        0/0/0 von 247  Tagen gewertet (1m/5m/15m)        0 Signale  213 ms lesen  225 ms rechnen
2026-09-08T03:59:17.126Z  IDSY/2016       roh           5760 reg. Kerzen        0/0/0 von 251  Tagen gewertet (1m/5m/15m)        0 Signale  81 ms lesen  139 ms rechnen
2026-09-08T03:59:17.362Z  IDSY/2017       roh           9044 reg. Kerzen        0/0/0 von 250  Tagen gewertet (1m/5m/15m)        0 Signale  81 ms lesen  114 ms rechnen
2026-09-08T03:59:17.614Z  IDSY/2018       roh           7197 reg. Kerzen        0/0/0 von 250  Tagen gewertet (1m/5m/15m)        0 Signale  76 ms lesen  132 ms rechnen
2026-09-08T03:59:17.773Z  IDSY/2019       roh           6685 reg. Kerzen        0/0/0 von 190  Tagen gewertet (1m/5m/15m)        0 Signale  40 ms lesen  88 ms rechnen
2026-09-08T03:59:18.049Z  IEC/2016        roh          10839 reg. Kerzen        0/0/0 von 252  Tagen gewertet (1m/5m/15m)        0 Signale  87 ms lesen  147 ms rechnen
2026-09-08T03:59:18.345Z  IEC/2017        roh           7752 reg. Kerzen        0/0/0 von 251  Tagen gewertet (1m/5m/15m)        0 Signale  89 ms lesen  160 ms rechnen
2026-09-08T03:59:18.585Z  IEC/2018        roh          13050 reg. Kerzen        0/0/0 von 251  Tagen gewertet (1m/5m/15m)        0 Signale  45 ms lesen  148 ms rechnen
2026-09-08T03:59:18.875Z  IEC/2019        roh          12830 reg. Kerzen        0/0/0 von 252  Tagen gewertet (1m/5m/15m)        0 Signale  54 ms lesen  166 ms rechnen
2026-09-08T03:59:19.145Z  IEC/2020        roh          13916 reg. Kerzen        0/0/0 von 253  Tagen gewertet (1m/5m/15m)        0 Signale  42 ms lesen  162 ms rechnen
2026-09-08T03:59:19.568Z  IEC/2021        roh          22771 reg. Kerzen        0/0/0 von 190  Tagen gewertet (1m/5m/15m)        0 Signale  102 ms lesen  260 ms rechnen
2026-09-08T03:59:19.831Z  IFON/2016       bereinigt     6814 reg. Kerzen        0/0/0 von 252  Tagen gewertet (1m/5m/15m)        0 Signale  62 ms lesen  88 ms rechnen
2026-09-08T03:59:20.146Z  IFON/2017       bereinigt    16002 reg. Kerzen        0/0/0 von 251  Tagen gewertet (1m/5m/15m)        0 Signale  78 ms lesen  200 ms rechnen
2026-09-08T03:59:20.333Z  IFON/2018       bereinigt     8812 reg. Kerzen        0/0/0 von 129  Tagen gewertet (1m/5m/15m)        0 Signale  28 ms lesen  89 ms rechnen
2026-09-08T03:59:20.631Z  IIAC/2021       roh          11431 reg. Kerzen        0/0/0 von 238  Tagen gewertet (1m/5m/15m)        0 Signale  48 ms lesen  180 ms rechnen
2026-09-08T03:59:20.788Z  IKNX/2016       roh           1070 reg. Kerzen        0/0/0 von 180  Tagen gewertet (1m/5m/15m)        0 Signale  57 ms lesen  17 ms rechnen
2026-09-08T03:59:20.891Z  IKNX/2017       roh           1115 reg. Kerzen        0/0/0 von 203  Tagen gewertet (1m/5m/15m)        0 Signale  53 ms lesen  41 ms rechnen
2026-09-08T03:59:21.039Z  IKNX/2018       roh           1045 reg. Kerzen        0/0/0 von 183  Tagen gewertet (1m/5m/15m)        0 Signale  102 ms lesen  39 ms rechnen
2026-09-08T03:59:21.116Z  IKNX/2019       roh            687 reg. Kerzen        0/0/0 von 153  Tagen gewertet (1m/5m/15m)        0 Signale  39 ms lesen  32 ms rechnen
2026-09-08T03:59:21.212Z  IKNX/2020       roh           2944 reg. Kerzen        0/0/0 von 230  Tagen gewertet (1m/5m/15m)        0 Signale  23 ms lesen  39 ms rechnen
2026-09-08T03:59:21.474Z  IKNX/2021       roh          10633 reg. Kerzen        0/0/0 von 239  Tagen gewertet (1m/5m/15m)        0 Signale  123 ms lesen  122 ms rechnen
2026-09-08T03:59:21.697Z  IMAC/2019       roh           5665 reg. Kerzen        0/0/0 von 221  Tagen gewertet (1m/5m/15m)        0 Signale  30 ms lesen  140 ms rechnen
2026-09-08T03:59:22.306Z  IMAC/2020       roh          27825 reg. Kerzen        0/0/0 von 253  Tagen gewertet (1m/5m/15m)        0 Signale  233 ms lesen  351 ms rechnen
2026-09-08T03:59:22.947Z  IMAC/2021       roh          29425 reg. Kerzen        0/0/0 von 252  Tagen gewertet (1m/5m/15m)        0 Signale  109 ms lesen  404 ms rechnen
2026-09-08T03:59:23.358Z  IMAC/2022       roh          12609 reg. Kerzen        0/0/0 von 149  Tagen gewertet (1m/5m/15m)        0 Signale  98 ms lesen  187 ms rechnen
2026-09-08T03:59:37.787Z  IMGN/2016       roh          87717 reg. Kerzen    0/119/119 von 252  Tagen gewertet (1m/5m/15m)     3223 Signale  337 ms lesen  14008 ms rechnen
2026-09-08T04:00:00.523Z  IMGN/2017       roh          89484 reg. Kerzen    0/198/198 von 251  Tagen gewertet (1m/5m/15m)     5498 Signale  332 ms lesen  21891 ms rechnen
2026-09-08T04:00:29.475Z  IMGN/2018       roh          94070 reg. Kerzen    0/249/249 von 251  Tagen gewertet (1m/5m/15m)     6848 Signale  349 ms lesen  28173 ms rechnen
2026-09-08T04:00:43.588Z  IMGN/2019       roh          91588 reg. Kerzen    0/113/113 von 252  Tagen gewertet (1m/5m/15m)     3088 Signale  228 ms lesen  13440 ms rechnen
2026-09-08T04:01:13.952Z  IMGN/2020       roh          93304 reg. Kerzen    0/253/253 von 253  Tagen gewertet (1m/5m/15m)     6852 Signale  269 ms lesen  29676 ms rechnen
2026-09-08T04:01:42.192Z  IMGN/2021       roh          89004 reg. Kerzen    0/247/247 von 252  Tagen gewertet (1m/5m/15m)     6795 Signale  200 ms lesen  27585 ms rechnen
2026-09-08T04:02:11.732Z  IMGN/2022       roh          94689 reg. Kerzen    0/251/251 von 251  Tagen gewertet (1m/5m/15m)     6984 Signale  318 ms lesen  28801 ms rechnen
2026-09-08T04:02:39.140Z  IMGN/2023       roh          95616 reg. Kerzen    0/250/250 von 250  Tagen gewertet (1m/5m/15m)     6660 Signale  234 ms lesen  26768 ms rechnen
2026-09-08T04:02:41.753Z  IMGN/2024       roh          10594 reg. Kerzen      0/28/28 von 28   Tagen gewertet (1m/5m/15m)      524 Signale  122 ms lesen  1988 ms rechnen
2026-09-08T04:02:42.459Z  IMN/2016        bereinigt    29722 reg. Kerzen        0/0/0 von 252  Tagen gewertet (1m/5m/15m)        0 Signale  175 ms lesen  336 ms rechnen
2026-09-08T04:02:42.803Z  IMN/2017        bereinigt     2839 reg. Kerzen        0/0/0 von 34   Tagen gewertet (1m/5m/15m)        0 Signale  76 ms lesen  62 ms rechnen
2026-09-08T04:02:43.027Z  IMPX/2020       roh           3241 reg. Kerzen        0/0/0 von 27   Tagen gewertet (1m/5m/15m)        0 Signale  138 ms lesen  31 ms rechnen
2026-09-08T04:02:43.366Z  IMPX/2021       roh          19937 reg. Kerzen        0/0/0 von 251  Tagen gewertet (1m/5m/15m)        0 Signale  104 ms lesen  220 ms rechnen
2026-09-08T04:02:43.666Z  IMPX/2022       roh           7461 reg. Kerzen        0/0/0 von 184  Tagen gewertet (1m/5m/15m)        0 Signale  45 ms lesen  133 ms rechnen
2026-09-08T04:02:43.745Z  INBXV/2024      roh             91 reg. Kerzen        0/0/0 von 2    Tagen gewertet (1m/5m/15m)        0 Signale  15 ms lesen  1 ms rechnen
2026-09-08T04:02:44.975Z  INFI/2016       roh          71695 reg. Kerzen        0/1/1 von 252  Tagen gewertet (1m/5m/15m)       22 Signale  238 ms lesen  987 ms rechnen
2026-09-08T04:02:46.386Z  INFI/2017       roh          67602 reg. Kerzen        0/0/0 von 251  Tagen gewertet (1m/5m/15m)        0 Signale  309 ms lesen  718 ms rechnen
2026-09-08T04:02:48.114Z  INFI/2018       roh          52267 reg. Kerzen        0/0/0 von 251  Tagen gewertet (1m/5m/15m)        0 Signale  214 ms lesen  1138 ms rechnen
2026-09-08T04:02:52.832Z  CHECKPOINT 2600 Dateien, 568 min, Detektorfehler {}
2026-09-08T04:02:53.334Z  INFI/2019       roh          22166 reg. Kerzen        0/0/0 von 252  Tagen gewertet (1m/5m/15m)        0 Signale  115 ms lesen  386 ms rechnen
2026-09-08T04:02:54.434Z  INFI/2020       roh          36859 reg. Kerzen        0/0/0 von 253  Tagen gewertet (1m/5m/15m)        0 Signale  246 ms lesen  744 ms rechnen
2026-09-08T04:03:11.176Z  INFI/2021       roh          85069 reg. Kerzen    0/125/125 von 252  Tagen gewertet (1m/5m/15m)     3518 Signale  409 ms lesen  15974 ms rechnen
2026-09-08T04:03:12.622Z  INFI/2022       roh          59433 reg. Kerzen        0/0/0 von 251  Tagen gewertet (1m/5m/15m)        0 Signale  325 ms lesen  689 ms rechnen
2026-09-08T04:03:13.299Z  INFI/2023       roh          27383 reg. Kerzen        0/0/0 von 175  Tagen gewertet (1m/5m/15m)        0 Signale  106 ms lesen  273 ms rechnen
2026-09-08T04:03:13.705Z  INNL/2016       roh          11885 reg. Kerzen        0/0/0 von 234  Tagen gewertet (1m/5m/15m)        0 Signale  49 ms lesen  209 ms rechnen
2026-09-08T04:03:13.979Z  INNL/2017       roh          17292 reg. Kerzen        0/0/0 von 139  Tagen gewertet (1m/5m/15m)        0 Signale  51 ms lesen  173 ms rechnen
2026-09-08T04:03:14.093Z  INSU/2019       roh            107 reg. Kerzen        0/0/0 von 28   Tagen gewertet (1m/5m/15m)        0 Signale  18 ms lesen  5 ms rechnen
2026-09-08T04:03:15.719Z  INSU/2020       roh          17811 reg. Kerzen      0/10/14 von 130  Tagen gewertet (1m/5m/15m)      297 Signale  149 ms lesen  1473 ms rechnen
2026-09-08T04:03:15.918Z  INTX/2016       roh           6302 reg. Kerzen        0/0/0 von 251  Tagen gewertet (1m/5m/15m)        0 Signale  26 ms lesen  86 ms rechnen
2026-09-08T04:03:16.082Z  INTX/2017       roh           6980 reg. Kerzen        0/0/0 von 251  Tagen gewertet (1m/5m/15m)        0 Signale  44 ms lesen  86 ms rechnen
2026-09-08T04:03:16.338Z  INTX/2018       roh          14632 reg. Kerzen        0/0/0 von 249  Tagen gewertet (1m/5m/15m)        0 Signale  59 ms lesen  163 ms rechnen
2026-09-08T04:03:16.465Z  INTX/2019       roh            340 reg. Kerzen        0/0/0 von 7    Tagen gewertet (1m/5m/15m)        0 Signale  27 ms lesen  32 ms rechnen
2026-09-08T04:03:16.537Z  INXBV/2024      roh             55 reg. Kerzen        0/0/0 von 1    Tagen gewertet (1m/5m/15m)        0 Signale  23 ms lesen  1 ms rechnen
2026-09-08T04:03:28.731Z  IONQ/2021       roh          66060 reg. Kerzen    0/108/109 von 252  Tagen gewertet (1m/5m/15m)     2922 Signale  446 ms lesen  11722 ms rechnen
2026-09-08T04:03:57.237Z  IONQ/2022       roh          95793 reg. Kerzen    0/250/250 von 250  Tagen gewertet (1m/5m/15m)     6898 Signale  563 ms lesen  27662 ms rechnen
2026-09-08T04:04:26.919Z  IONQ/2023       roh          96476 reg. Kerzen    0/250/250 von 250  Tagen gewertet (1m/5m/15m)     6924 Signale  496 ms lesen  28727 ms rechnen
2026-09-08T04:04:55.378Z  IONQ/2024       roh          97493 reg. Kerzen    0/252/252 von 252  Tagen gewertet (1m/5m/15m)     6863 Signale  606 ms lesen  27393 ms rechnen
2026-09-08T04:05:25.666Z  IONQ/2025       roh          96928 reg. Kerzen    0/250/250 von 250  Tagen gewertet (1m/5m/15m)     6890 Signale  865 ms lesen  28933 ms rechnen
2026-09-08T04:05:45.236Z  IONQ/2026       roh          64740 reg. Kerzen    0/166/166 von 166  Tagen gewertet (1m/5m/15m)     4612 Signale  367 ms lesen  18748 ms rechnen
2026-09-08T04:05:46.138Z  IPAR/2016       roh          33878 reg. Kerzen        0/0/0 von 252  Tagen gewertet (1m/5m/15m)        0 Signale  145 ms lesen  413 ms rechnen
2026-09-08T04:05:46.807Z  IPAR/2017       roh          30767 reg. Kerzen        0/0/0 von 251  Tagen gewertet (1m/5m/15m)        0 Signale  171 ms lesen  344 ms rechnen
2026-09-08T04:05:48.507Z  IPAR/2018       roh          31182 reg. Kerzen       0/9/15 von 251  Tagen gewertet (1m/5m/15m)      311 Signale  152 ms lesen  1392 ms rechnen
2026-09-08T04:05:55.547Z  IPAR/2019       roh          31899 reg. Kerzen      0/57/95 von 252  Tagen gewertet (1m/5m/15m)     1790 Signale  193 ms lesen  6688 ms rechnen
2026-09-08T04:06:05.247Z  IPAR/2020       roh          38174 reg. Kerzen      0/81/98 von 253  Tagen gewertet (1m/5m/15m)     2341 Signale  218 ms lesen  9266 ms rechnen
2026-09-08T04:06:09.498Z  IPAR/2021       roh          27085 reg. Kerzen      0/26/81 von 252  Tagen gewertet (1m/5m/15m)     1137 Signale  89 ms lesen  3968 ms rechnen
2026-09-08T04:06:17.013Z  IPAR/2022       roh          27643 reg. Kerzen     0/45/141 von 251  Tagen gewertet (1m/5m/15m)     2027 Signale  137 ms lesen  7249 ms rechnen
2026-09-08T04:06:30.236Z  IPAR/2023       roh          29956 reg. Kerzen     0/99/248 von 250  Tagen gewertet (1m/5m/15m)     3908 Signale  116 ms lesen  12989 ms rechnen
2026-09-08T04:06:43.612Z  IPAR/2024       roh          30524 reg. Kerzen    0/105/250 von 252  Tagen gewertet (1m/5m/15m)     4001 Signale  144 ms lesen  13098 ms rechnen
2026-09-08T04:07:02.192Z  IPAR/2025       roh          39803 reg. Kerzen    0/184/248 von 250  Tagen gewertet (1m/5m/15m)     5322 Signale  127 ms lesen  18323 ms rechnen
2026-09-08T04:07:14.810Z  IPAR/2026       roh          25731 reg. Kerzen    0/130/166 von 166  Tagen gewertet (1m/5m/15m)     3764 Signale  103 ms lesen  12347 ms rechnen
2026-09-08T04:07:39.275Z  IPHI/2016       roh          83631 reg. Kerzen    0/232/232 von 252  Tagen gewertet (1m/5m/15m)     6221 Signale  260 ms lesen  24033 ms rechnen
2026-09-08T04:08:05.075Z  IPHI/2017       roh          84171 reg. Kerzen    0/251/251 von 251  Tagen gewertet (1m/5m/15m)     6682 Signale  260 ms lesen  25172 ms rechnen
2026-09-08T04:08:31.989Z  IPHI/2018       roh          79954 reg. Kerzen    0/251/251 von 251  Tagen gewertet (1m/5m/15m)     6752 Signale  351 ms lesen  26068 ms rechnen
2026-09-08T04:08:59.022Z  IPHI/2019       roh          85631 reg. Kerzen    0/251/251 von 252  Tagen gewertet (1m/5m/15m)     6781 Signale  339 ms lesen  26346 ms rechnen
2026-09-08T04:09:27.462Z  IPHI/2020       roh          90769 reg. Kerzen    0/253/253 von 253  Tagen gewertet (1m/5m/15m)     6741 Signale  267 ms lesen  27784 ms rechnen
2026-09-08T04:09:35.372Z  IPHI/2021       roh          24076 reg. Kerzen      0/74/74 von 74   Tagen gewertet (1m/5m/15m)     1916 Signale  105 ms lesen  7402 ms rechnen
2026-09-08T04:09:35.923Z  IPOF/2020       roh           7631 reg. Kerzen        0/3/3 von 23   Tagen gewertet (1m/5m/15m)       80 Signale  52 ms lesen  364 ms rechnen
2026-09-08T04:09:58.776Z  IPOF/2021       roh          82210 reg. Kerzen    0/250/250 von 252  Tagen gewertet (1m/5m/15m)     5878 Signale  378 ms lesen  22445 ms rechnen
2026-09-08T04:10:12.532Z  IPOF/2022       roh          50148 reg. Kerzen    0/194/197 von 198  Tagen gewertet (1m/5m/15m)     3219 Signale  308 ms lesen  13063 ms rechnen
2026-09-08T04:10:12.844Z  IQMD/2021       roh             25 reg. Kerzen        0/0/0 von 5    Tagen gewertet (1m/5m/15m)        0 Signale  40 ms lesen  1 ms rechnen
2026-09-08T04:10:12.923Z  IQMD/2022       roh           1181 reg. Kerzen        0/0/0 von 238  Tagen gewertet (1m/5m/15m)        0 Signale  27 ms lesen  52 ms rechnen
2026-09-08T04:10:12.958Z  IQMD/2023       roh            618 reg. Kerzen        0/0/0 von 57   Tagen gewertet (1m/5m/15m)        0 Signale  13 ms lesen  15 ms rechnen
2026-09-08T04:10:20.971Z  IRDM/2016       roh          76503 reg. Kerzen      0/68/68 von 252  Tagen gewertet (1m/5m/15m)     1827 Signale  299 ms lesen  7677 ms rechnen
2026-09-08T04:10:47.714Z  IRDM/2017       roh          77778 reg. Kerzen    0/247/247 von 251  Tagen gewertet (1m/5m/15m)     6582 Signale  246 ms lesen  26162 ms rechnen
2026-09-08T04:11:13.951Z  IRDM/2018       roh          83021 reg. Kerzen    0/249/249 von 251  Tagen gewertet (1m/5m/15m)     6705 Signale  337 ms lesen  25574 ms rechnen
2026-09-08T04:11:39.313Z  IRDM/2019       roh          85705 reg. Kerzen    0/252/252 von 252  Tagen gewertet (1m/5m/15m)     6726 Signale  234 ms lesen  24695 ms rechnen
2026-09-08T04:12:06.141Z  IRDM/2020       roh          84280 reg. Kerzen    0/253/253 von 253  Tagen gewertet (1m/5m/15m)     6809 Signale  334 ms lesen  26094 ms rechnen
2026-09-08T04:12:33.807Z  IRDM/2021       roh          86918 reg. Kerzen    0/252/252 von 252  Tagen gewertet (1m/5m/15m)     6770 Signale  259 ms lesen  27059 ms rechnen
2026-09-08T04:13:01.042Z  IRDM/2022       roh          76817 reg. Kerzen    0/251/251 von 251  Tagen gewertet (1m/5m/15m)     6705 Signale  319 ms lesen  26526 ms rechnen
2026-09-08T04:13:24.908Z  IRDM/2023       roh          78216 reg. Kerzen    0/250/250 von 250  Tagen gewertet (1m/5m/15m)     6505 Signale  221 ms lesen  23296 ms rechnen
2026-09-08T04:13:49.814Z  IRDM/2024       roh          84079 reg. Kerzen    0/252/252 von 252  Tagen gewertet (1m/5m/15m)     6700 Signale  283 ms lesen  24258 ms rechnen
2026-09-08T04:14:15.160Z  IRDM/2025       roh          88201 reg. Kerzen    0/250/250 von 250  Tagen gewertet (1m/5m/15m)     6661 Signale  423 ms lesen  24517 ms rechnen
2026-09-08T04:14:32.998Z  IRDM/2026       roh          61443 reg. Kerzen    0/166/166 von 166  Tagen gewertet (1m/5m/15m)     4491 Signale  236 ms lesen  17153 ms rechnen
2026-09-08T04:14:33.308Z  IRRX/2022       roh            897 reg. Kerzen        0/0/0 von 171  Tagen gewertet (1m/5m/15m)        0 Signale  17 ms lesen  14 ms rechnen
2026-09-08T04:14:33.354Z  IRRX/2023       roh            687 reg. Kerzen        0/0/0 von 170  Tagen gewertet (1m/5m/15m)        0 Signale  24 ms lesen  16 ms rechnen
2026-09-08T04:14:33.378Z  IRRX/2024       roh            213 reg. Kerzen        0/0/0 von 40   Tagen gewertet (1m/5m/15m)        0 Signale  13 ms lesen  6 ms rechnen
2026-09-08T04:14:33.381Z  AUSGELASSEN IRRX/2025: Datei fehlt
2026-09-08T04:14:33.491Z  ISDR/2016       roh           2411 reg. Kerzen        0/0/0 von 206  Tagen gewertet (1m/5m/15m)        0 Signale  57 ms lesen  43 ms rechnen
2026-09-08T04:14:33.647Z  ISDR/2017       roh           2671 reg. Kerzen        0/0/0 von 237  Tagen gewertet (1m/5m/15m)        0 Signale  36 ms lesen  108 ms rechnen
2026-09-08T04:14:33.793Z  ISDR/2018       roh           2498 reg. Kerzen        0/0/0 von 227  Tagen gewertet (1m/5m/15m)        0 Signale  83 ms lesen  49 ms rechnen
2026-09-08T04:14:33.950Z  ISDR/2019       roh           4656 reg. Kerzen        0/0/0 von 236  Tagen gewertet (1m/5m/15m)        0 Signale  46 ms lesen  96 ms rechnen
2026-09-08T04:14:34.154Z  ISDR/2020       roh           9268 reg. Kerzen        0/0/0 von 251  Tagen gewertet (1m/5m/15m)        0 Signale  72 ms lesen  99 ms rechnen
2026-09-08T04:14:34.338Z  ISDR/2021       roh           6820 reg. Kerzen        0/0/0 von 252  Tagen gewertet (1m/5m/15m)        0 Signale  45 ms lesen  99 ms rechnen
2026-09-08T04:14:34.478Z  ISDR/2022       roh           4071 reg. Kerzen        0/0/0 von 250  Tagen gewertet (1m/5m/15m)        0 Signale  36 ms lesen  72 ms rechnen
2026-09-08T04:14:34.580Z  ISDR/2023       roh           3306 reg. Kerzen        0/0/0 von 249  Tagen gewertet (1m/5m/15m)        0 Signale  35 ms lesen  46 ms rechnen
2026-09-08T04:14:34.689Z  ISDR/2024       roh           3621 reg. Kerzen        0/0/0 von 249  Tagen gewertet (1m/5m/15m)        0 Signale  31 ms lesen  59 ms rechnen
2026-09-08T04:14:34.728Z  ISDR/2025       roh            259 reg. Kerzen        0/0/0 von 15   Tagen gewertet (1m/5m/15m)        0 Signale  16 ms lesen  5 ms rechnen
2026-09-08T04:14:39.999Z  ISPO/2022       bereinigt    49322 reg. Kerzen      0/34/34 von 222  Tagen gewertet (1m/5m/15m)      935 Signale  233 ms lesen  5022 ms rechnen
2026-09-08T04:14:40.779Z  ISPO/2023       bereinigt    29432 reg. Kerzen        0/0/0 von 250  Tagen gewertet (1m/5m/15m)        0 Signale  104 ms lesen  308 ms rechnen
2026-09-08T04:14:41.064Z  ISPO/2024       roh           8089 reg. Kerzen        0/0/0 von 248  Tagen gewertet (1m/5m/15m)        0 Signale  41 ms lesen  100 ms rechnen
2026-09-08T04:14:41.276Z  ISPO/2025       roh           7690 reg. Kerzen        0/0/0 von 250  Tagen gewertet (1m/5m/15m)        0 Signale  51 ms lesen  125 ms rechnen
2026-09-08T04:14:41.360Z  ISPO/2026       roh            780 reg. Kerzen        0/0/0 von 22   Tagen gewertet (1m/5m/15m)        0 Signale  9 ms lesen  40 ms rechnen
2026-09-08T04:14:41.405Z  ITAQ/2022       roh            356 reg. Kerzen        0/0/0 von 109  Tagen gewertet (1m/5m/15m)        0 Signale  16 ms lesen  12 ms rechnen
2026-09-08T04:14:41.467Z  ITAQ/2023       roh           1511 reg. Kerzen        0/0/0 von 135  Tagen gewertet (1m/5m/15m)        0 Signale  14 ms lesen  45 ms rechnen
2026-09-08T04:14:41.681Z  ITI/2016        roh           9606 reg. Kerzen        0/0/0 von 252  Tagen gewertet (1m/5m/15m)        0 Signale  57 ms lesen  136 ms rechnen
2026-09-08T04:14:42.190Z  ITI/2017        roh          34371 reg. Kerzen        0/0/0 von 251  Tagen gewertet (1m/5m/15m)        0 Signale  92 ms lesen  365 ms rechnen
2026-09-08T04:14:42.873Z  ITI/2018        roh          35271 reg. Kerzen        0/0/0 von 251  Tagen gewertet (1m/5m/15m)        0 Signale  145 ms lesen  396 ms rechnen
2026-09-08T04:14:43.589Z  ITI/2019        roh          32740 reg. Kerzen        0/0/0 von 252  Tagen gewertet (1m/5m/15m)        0 Signale  134 ms lesen  385 ms rechnen
2026-09-08T04:14:44.372Z  ITI/2020        roh          36177 reg. Kerzen        0/0/0 von 253  Tagen gewertet (1m/5m/15m)        0 Signale  128 ms lesen  501 ms rechnen
2026-09-08T04:14:45.204Z  ITI/2021        roh          40212 reg. Kerzen        0/0/0 von 252  Tagen gewertet (1m/5m/15m)        0 Signale  196 ms lesen  474 ms rechnen
2026-09-08T04:14:45.893Z  ITI/2022        roh          31792 reg. Kerzen        0/0/0 von 251  Tagen gewertet (1m/5m/15m)        0 Signale  127 ms lesen  384 ms rechnen
2026-09-08T04:14:46.566Z  ITI/2023        roh          23387 reg. Kerzen        0/0/0 von 250  Tagen gewertet (1m/5m/15m)        0 Signale  156 ms lesen  369 ms rechnen
2026-09-08T04:14:47.083Z  ITI/2024        roh          24699 reg. Kerzen        0/0/0 von 211  Tagen gewertet (1m/5m/15m)        0 Signale  61 ms lesen  342 ms rechnen
2026-09-08T04:14:47.330Z  ITUS/2016       roh           3349 reg. Kerzen        0/0/0 von 241  Tagen gewertet (1m/5m/15m)        0 Signale  30 ms lesen  80 ms rechnen
2026-09-08T04:14:49.585Z  ITUS/2017       roh          25113 reg. Kerzen      0/14/14 von 251  Tagen gewertet (1m/5m/15m)      374 Signale  204 ms lesen  1985 ms rechnen
2026-09-08T04:14:50.090Z  ITUS/2018       roh          26810 reg. Kerzen        0/0/0 von 188  Tagen gewertet (1m/5m/15m)        0 Signale  89 ms lesen  293 ms rechnen
2026-09-08T04:14:50.539Z  IVP/2023        bereinigt     7019 reg. Kerzen        0/0/0 von 85   Tagen gewertet (1m/5m/15m)        0 Signale  83 ms lesen  73 ms rechnen
2026-09-08T04:14:54.072Z  IVP/2024        bereinigt    62948 reg. Kerzen      0/21/21 von 252  Tagen gewertet (1m/5m/15m)      562 Signale  360 ms lesen  3135 ms rechnen
2026-09-08T04:14:54.894Z  IVP/2025        bereinigt    28620 reg. Kerzen        0/0/0 von 250  Tagen gewertet (1m/5m/15m)        0 Signale  207 ms lesen  335 ms rechnen
2026-09-08T04:14:55.168Z  IVP/2026        roh           4528 reg. Kerzen        0/0/0 von 12   Tagen gewertet (1m/5m/15m)        0 Signale  46 ms lesen  59 ms rechnen
2026-09-08T04:15:15.740Z  J/2016          roh          89465 reg. Kerzen    0/232/232 von 252  Tagen gewertet (1m/5m/15m)     5835 Signale  206 ms lesen  20295 ms rechnen
2026-09-08T04:15:38.063Z  J/2017          roh          85050 reg. Kerzen    0/251/251 von 251  Tagen gewertet (1m/5m/15m)     6198 Signale  313 ms lesen  21612 ms rechnen
2026-09-08T04:16:01.711Z  J/2018          roh          91669 reg. Kerzen    0/251/251 von 251  Tagen gewertet (1m/5m/15m)     6331 Signale  230 ms lesen  23072 ms rechnen
2026-09-08T04:16:23.436Z  J/2019          roh          91540 reg. Kerzen    0/252/252 von 252  Tagen gewertet (1m/5m/15m)     6111 Signale  455 ms lesen  20853 ms rechnen
2026-09-08T04:16:48.692Z  J/2020          roh          89251 reg. Kerzen    0/253/253 von 253  Tagen gewertet (1m/5m/15m)     6550 Signale  325 ms lesen  24339 ms rechnen
2026-09-08T04:17:11.302Z  J/2021          roh          79223 reg. Kerzen    0/250/250 von 252  Tagen gewertet (1m/5m/15m)     6220 Signale  344 ms lesen  21742 ms rechnen
2026-09-08T04:17:34.901Z  J/2022          roh          76994 reg. Kerzen    0/250/250 von 250  Tagen gewertet (1m/5m/15m)     6495 Signale  385 ms lesen  22875 ms rechnen
2026-09-08T04:17:57.797Z  J/2023          roh          75555 reg. Kerzen    0/250/250 von 250  Tagen gewertet (1m/5m/15m)     6208 Signale  401 ms lesen  22062 ms rechnen
2026-09-08T04:18:17.729Z  J/2024          roh          72166 reg. Kerzen    0/231/231 von 252  Tagen gewertet (1m/5m/15m)     5395 Signale  214 ms lesen  19385 ms rechnen
2026-09-08T04:18:38.635Z  J/2025          roh          75440 reg. Kerzen    0/229/229 von 250  Tagen gewertet (1m/5m/15m)     5655 Signale  250 ms lesen  20293 ms rechnen
2026-09-08T04:18:54.851Z  J/2026          roh          52833 reg. Kerzen    0/166/166 von 166  Tagen gewertet (1m/5m/15m)     4354 Signale  188 ms lesen  15643 ms rechnen
2026-09-08T04:18:57.945Z  JASO/2016       roh          65360 reg. Kerzen      0/20/20 von 252  Tagen gewertet (1m/5m/15m)      538 Signale  304 ms lesen  2534 ms rechnen
2026-09-08T04:19:00.989Z  JASO/2017       roh          55128 reg. Kerzen      0/20/20 von 251  Tagen gewertet (1m/5m/15m)      534 Signale  178 ms lesen  2520 ms rechnen
2026-09-08T04:19:03.338Z  JASO/2018       roh          26090 reg. Kerzen      0/23/25 von 135  Tagen gewertet (1m/5m/15m)      538 Signale  91 ms lesen  2004 ms rechnen
2026-09-08T04:19:18.944Z  JBSS/2016       roh          43603 reg. Kerzen    0/147/179 von 252  Tagen gewertet (1m/5m/15m)     4162 Signale  121 ms lesen  15361 ms rechnen
2026-09-08T04:19:21.722Z  JBSS/2017       roh          27413 reg. Kerzen      0/16/42 von 251  Tagen gewertet (1m/5m/15m)      625 Signale  71 ms lesen  2487 ms rechnen
2026-09-08T04:19:22.291Z  JBSS/2018       roh          22517 reg. Kerzen        0/0/2 von 251  Tagen gewertet (1m/5m/15m)       18 Signale  114 ms lesen  303 ms rechnen
2026-09-08T04:19:25.934Z  JBSS/2019       roh          23674 reg. Kerzen      0/24/70 von 252  Tagen gewertet (1m/5m/15m)     1006 Signale  105 ms lesen  3442 ms rechnen
2026-09-08T04:19:30.264Z  JBSS/2020       roh          26501 reg. Kerzen      0/31/65 von 253  Tagen gewertet (1m/5m/15m)     1172 Signale  94 ms lesen  3999 ms rechnen
2026-09-08T04:19:30.710Z  JBSS/2021       roh          13784 reg. Kerzen        0/0/0 von 252  Tagen gewertet (1m/5m/15m)        0 Signale  49 ms lesen  256 ms rechnen
2026-09-08T04:19:31.041Z  JBSS/2022       roh          17806 reg. Kerzen        0/0/0 von 251  Tagen gewertet (1m/5m/15m)        0 Signale  56 ms lesen  205 ms rechnen
2026-09-08T04:19:32.328Z  JBSS/2023       roh          18979 reg. Kerzen       0/2/38 von 250  Tagen gewertet (1m/5m/15m)      349 Signale  77 ms lesen  1124 ms rechnen
2026-09-08T04:19:33.412Z  JBSS/2024       roh          16650 reg. Kerzen       0/2/21 von 252  Tagen gewertet (1m/5m/15m)      214 Signale  68 ms lesen  849 ms rechnen
2026-09-08T04:19:34.239Z  JBSS/2025       roh          18042 reg. Kerzen       0/2/15 von 250  Tagen gewertet (1m/5m/15m)      161 Signale  55 ms lesen  696 ms rechnen
2026-09-08T04:19:36.851Z  JBSS/2026       roh          13052 reg. Kerzen       0/7/82 von 166  Tagen gewertet (1m/5m/15m)      831 Signale  62 ms lesen  2458 ms rechnen
2026-09-08T04:19:37.621Z  JE/2016         bereinigt    39759 reg. Kerzen        0/0/0 von 252  Tagen gewertet (1m/5m/15m)        0 Signale  255 ms lesen  410 ms rechnen
2026-09-08T04:19:38.519Z  JE/2017         bereinigt    41383 reg. Kerzen        0/0/0 von 251  Tagen gewertet (1m/5m/15m)        0 Signale  159 ms lesen  502 ms rechnen
2026-09-08T04:19:39.585Z  JE/2018         bereinigt    50731 reg. Kerzen        0/0/0 von 251  Tagen gewertet (1m/5m/15m)        0 Signale  312 ms lesen  559 ms rechnen
2026-09-08T04:19:40.693Z  JE/2019         bereinigt    56393 reg. Kerzen        0/0/0 von 252  Tagen gewertet (1m/5m/15m)        0 Signale  245 ms lesen  611 ms rechnen
2026-09-08T04:19:48.157Z  JE/2020         bereinigt    72726 reg. Kerzen      0/58/58 von 253  Tagen gewertet (1m/5m/15m)     1551 Signale  407 ms lesen  6770 ms rechnen
2026-09-08T04:19:53.622Z  JE/2021         roh          19248 reg. Kerzen      0/40/40 von 53   Tagen gewertet (1m/5m/15m)     1094 Signale  83 ms lesen  5040 ms rechnen
2026-09-08T04:19:54.069Z  JGV/2016        roh          18670 reg. Kerzen        0/0/0 von 195  Tagen gewertet (1m/5m/15m)        0 Signale  109 ms lesen  223 ms rechnen
2026-09-08T04:20:18.342Z  JKS/2016        roh          70480 reg. Kerzen    0/232/232 von 252  Tagen gewertet (1m/5m/15m)     6356 Signale  286 ms lesen  23880 ms rechnen
2026-09-08T04:20:43.895Z  JKS/2017        roh          71713 reg. Kerzen    0/239/239 von 251  Tagen gewertet (1m/5m/15m)     6508 Signale  315 ms lesen  24884 ms rechnen
2026-09-08T04:21:04.908Z  JKS/2018        roh          67561 reg. Kerzen    0/196/196 von 251  Tagen gewertet (1m/5m/15m)     5356 Signale  199 ms lesen  20419 ms rechnen
2026-09-08T04:21:30.602Z  JKS/2019        roh          79540 reg. Kerzen    0/245/245 von 252  Tagen gewertet (1m/5m/15m)     6736 Signale  274 ms lesen  25109 ms rechnen
2026-09-08T04:21:58.791Z  JKS/2020        roh          91998 reg. Kerzen    0/253/253 von 253  Tagen gewertet (1m/5m/15m)     6904 Signale  311 ms lesen  27476 ms rechnen
2026-09-08T04:22:26.726Z  JKS/2021        roh          93206 reg. Kerzen    0/250/250 von 252  Tagen gewertet (1m/5m/15m)     6890 Signale  428 ms lesen  26981 ms rechnen
2026-09-08T04:22:56.015Z  JKS/2022        roh          87989 reg. Kerzen    0/250/250 von 251  Tagen gewertet (1m/5m/15m)     6919 Signale  322 ms lesen  28523 ms rechnen
2026-09-08T04:23:24.792Z  JKS/2023        roh          80197 reg. Kerzen    0/250/250 von 250  Tagen gewertet (1m/5m/15m)     6866 Signale  358 ms lesen  27989 ms rechnen
2026-09-08T04:23:52.181Z  JKS/2024        roh          84895 reg. Kerzen    0/252/252 von 252  Tagen gewertet (1m/5m/15m)     6830 Signale  312 ms lesen  26645 ms rechnen
2026-09-08T04:24:19.922Z  JKS/2025        roh          72497 reg. Kerzen    0/250/250 von 250  Tagen gewertet (1m/5m/15m)     6850 Signale  281 ms lesen  27064 ms rechnen
2026-09-08T04:24:38.228Z  JKS/2026        roh          47463 reg. Kerzen    0/166/166 von 166  Tagen gewertet (1m/5m/15m)     4607 Signale  265 ms lesen  17675 ms rechnen
2026-09-08T04:24:38.763Z  JMP/2016        roh          11811 reg. Kerzen        0/0/0 von 252  Tagen gewertet (1m/5m/15m)        0 Signale  50 ms lesen  133 ms rechnen
2026-09-08T04:24:38.969Z  JMP/2017        roh           8407 reg. Kerzen        0/0/0 von 251  Tagen gewertet (1m/5m/15m)        0 Signale  56 ms lesen  101 ms rechnen
2026-09-08T04:24:39.176Z  JMP/2018        roh           5496 reg. Kerzen        0/0/0 von 250  Tagen gewertet (1m/5m/15m)        0 Signale  83 ms lesen  82 ms rechnen
2026-09-08T04:24:39.287Z  JMP/2019        roh           4218 reg. Kerzen        0/0/0 von 251  Tagen gewertet (1m/5m/15m)        0 Signale  34 ms lesen  48 ms rechnen
2026-09-08T04:24:39.408Z  JMP/2020        roh           3731 reg. Kerzen        0/0/0 von 250  Tagen gewertet (1m/5m/15m)        0 Signale  28 ms lesen  75 ms rechnen
2026-09-08T04:24:39.664Z  JMP/2021        roh          11941 reg. Kerzen        0/0/0 von 219  Tagen gewertet (1m/5m/15m)        0 Signale  113 ms lesen  120 ms rechnen
2026-09-08T04:24:39.953Z  JNVR/2023       bereinigt     5083 reg. Kerzen        0/0/0 von 111  Tagen gewertet (1m/5m/15m)        0 Signale  58 ms lesen  175 ms rechnen
2026-09-08T04:24:40.172Z  JNVR/2024       bereinigt     8972 reg. Kerzen        0/0/0 von 252  Tagen gewertet (1m/5m/15m)        0 Signale  88 ms lesen  103 ms rechnen
2026-09-08T04:24:41.423Z  JNVR/2025       roh           6270 reg. Kerzen        0/9/9 von 83   Tagen gewertet (1m/5m/15m)      252 Signale  68 ms lesen  1145 ms rechnen
2026-09-08T04:25:01.823Z  JOY/2016        roh          94693 reg. Kerzen    0/232/232 von 252  Tagen gewertet (1m/5m/15m)     5263 Signale  315 ms lesen  20057 ms rechnen
2026-09-08T04:25:06.728Z  JOY/2017        roh          23393 reg. Kerzen      0/65/65 von 65   Tagen gewertet (1m/5m/15m)      901 Signale  122 ms lesen  4356 ms rechnen
2026-09-08T04:25:07.105Z  JTP/2016        roh          11200 reg. Kerzen        0/0/0 von 87   Tagen gewertet (1m/5m/15m)        0 Signale  99 ms lesen  113 ms rechnen
2026-09-08T04:25:07.220Z  JWAC/2022       roh            340 reg. Kerzen        0/0/0 von 114  Tagen gewertet (1m/5m/15m)        0 Signale  19 ms lesen  9 ms rechnen
2026-09-08T04:25:07.357Z  JWAC/2023       roh           5754 reg. Kerzen        0/0/0 von 78   Tagen gewertet (1m/5m/15m)        0 Signale  28 ms lesen  106 ms rechnen
2026-09-08T04:25:27.289Z  K/2016          bereinigt    96649 reg. Kerzen    0/232/232 von 252  Tagen gewertet (1m/5m/15m)     5340 Signale  525 ms lesen  19364 ms rechnen
2026-09-08T04:25:47.813Z  K/2017          bereinigt    95983 reg. Kerzen    0/251/251 von 251  Tagen gewertet (1m/5m/15m)     5659 Signale  642 ms lesen  19308 ms rechnen
2026-09-08T04:26:10.810Z  K/2018          bereinigt    95982 reg. Kerzen    0/250/250 von 251  Tagen gewertet (1m/5m/15m)     6141 Signale  657 ms lesen  21838 ms rechnen
2026-09-08T04:26:32.939Z  K/2019          bereinigt    96911 reg. Kerzen    0/252/252 von 252  Tagen gewertet (1m/5m/15m)     5911 Signale  922 ms lesen  20788 ms rechnen
2026-09-08T04:26:57.352Z  K/2020          bereinigt    97456 reg. Kerzen    0/253/253 von 253  Tagen gewertet (1m/5m/15m)     6180 Signale  400 ms lesen  23561 ms rechnen
2026-09-08T04:27:19.186Z  K/2021          bereinigt    96978 reg. Kerzen    0/251/251 von 252  Tagen gewertet (1m/5m/15m)     5968 Signale  513 ms lesen  20892 ms rechnen
2026-09-08T04:27:42.802Z  K/2022          bereinigt    96547 reg. Kerzen    0/249/249 von 250  Tagen gewertet (1m/5m/15m)     6149 Signale  486 ms lesen  22592 ms rechnen
2026-09-08T04:28:05.456Z  K/2023          bereinigt    96824 reg. Kerzen    0/250/250 von 250  Tagen gewertet (1m/5m/15m)     5879 Signale  464 ms lesen  21740 ms rechnen
2026-09-08T04:28:24.938Z  K/2024          roh          95166 reg. Kerzen    0/252/252 von 252  Tagen gewertet (1m/5m/15m)     5173 Signale  322 ms lesen  18627 ms rechnen
2026-09-08T04:28:39.860Z  K/2025          roh          85036 reg. Kerzen    0/236/236 von 236  Tagen gewertet (1m/5m/15m)     3921 Signale  289 ms lesen  14160 ms rechnen
2026-09-08T04:28:40.871Z  KAL/2022        bereinigt    25389 reg. Kerzen        0/0/0 von 129  Tagen gewertet (1m/5m/15m)        0 Signale  134 ms lesen  295 ms rechnen
2026-09-08T04:28:41.339Z  KAL/2023        roh          11548 reg. Kerzen        0/0/0 von 71   Tagen gewertet (1m/5m/15m)        0 Signale  137 ms lesen  180 ms rechnen
2026-09-08T04:28:42.522Z  KB/2016         roh          45321 reg. Kerzen        0/7/7 von 252  Tagen gewertet (1m/5m/15m)      170 Signale  139 ms lesen  975 ms rechnen
2026-09-08T04:28:54.092Z  KB/2017         roh          47240 reg. Kerzen    0/142/149 von 251  Tagen gewertet (1m/5m/15m)     3383 Signale  244 ms lesen  11125 ms rechnen
2026-09-08T04:29:10.510Z  KB/2018         roh          48773 reg. Kerzen    0/202/212 von 251  Tagen gewertet (1m/5m/15m)     5054 Signale  147 ms lesen  16013 ms rechnen
2026-09-08T04:29:18.232Z  KB/2019         roh          44389 reg. Kerzen      0/84/97 von 252  Tagen gewertet (1m/5m/15m)     2167 Signale  131 ms lesen  7128 ms rechnen
2026-09-08T04:29:28.953Z  KB/2020         roh          49942 reg. Kerzen    0/102/104 von 253  Tagen gewertet (1m/5m/15m)     2740 Signale  187 ms lesen  10330 ms rechnen
2026-09-08T04:29:44.788Z  KB/2021         roh          47249 reg. Kerzen    0/193/217 von 252  Tagen gewertet (1m/5m/15m)     4939 Signale  134 ms lesen  15436 ms rechnen
2026-09-08T04:30:05.698Z  KB/2022         roh          57585 reg. Kerzen    0/241/245 von 251  Tagen gewertet (1m/5m/15m)     6158 Signale  173 ms lesen  20529 ms rechnen
2026-09-08T04:30:22.325Z  KB/2023         roh          48490 reg. Kerzen    0/210/220 von 250  Tagen gewertet (1m/5m/15m)     5205 Signale  178 ms lesen  16160 ms rechnen
2026-09-08T04:30:38.912Z  KB/2024         roh          48008 reg. Kerzen    0/211/238 von 252  Tagen gewertet (1m/5m/15m)     5419 Signale  154 ms lesen  16161 ms rechnen
2026-09-08T04:30:54.284Z  KB/2025         roh          39294 reg. Kerzen    0/174/250 von 250  Tagen gewertet (1m/5m/15m)     4911 Signale  136 ms lesen  15034 ms rechnen
2026-09-08T04:31:07.174Z  KB/2026         roh          30345 reg. Kerzen    0/140/166 von 166  Tagen gewertet (1m/5m/15m)     3929 Signale  163 ms lesen  12551 ms rechnen
2026-09-08T04:31:07.854Z  KCAP/2016       roh          28196 reg. Kerzen        0/0/0 von 252  Tagen gewertet (1m/5m/15m)        0 Signale  125 ms lesen  362 ms rechnen
2026-09-08T04:31:08.379Z  KCAP/2017       roh          23504 reg. Kerzen        0/0/0 von 251  Tagen gewertet (1m/5m/15m)        0 Signale  63 ms lesen  284 ms rechnen
2026-09-08T04:31:08.914Z  KCAP/2018       roh          16907 reg. Kerzen        0/0/0 von 251  Tagen gewertet (1m/5m/15m)        0 Signale  138 ms lesen  275 ms rechnen
2026-09-08T04:31:09.094Z  KCAP/2019       roh           6259 reg. Kerzen        0/0/0 von 62   Tagen gewertet (1m/5m/15m)        0 Signale  30 ms lesen  86 ms rechnen
2026-09-08T04:31:09.178Z  KEG/2016        roh           1386 reg. Kerzen        0/0/0 von 10   Tagen gewertet (1m/5m/15m)        0 Signale  19 ms lesen  36 ms rechnen
2026-09-08T04:31:09.801Z  KEG/2017        roh          35990 reg. Kerzen        0/0/0 von 251  Tagen gewertet (1m/5m/15m)        0 Signale  169 ms lesen  444 ms rechnen
2026-09-08T04:31:10.570Z  KEG/2018        roh          29700 reg. Kerzen        0/0/0 von 251  Tagen gewertet (1m/5m/15m)        0 Signale  82 ms lesen  429 ms rechnen
2026-09-08T04:31:11.353Z  KEG/2019        roh          37731 reg. Kerzen        0/0/0 von 230  Tagen gewertet (1m/5m/15m)        0 Signale  142 ms lesen  492 ms rechnen
2026-09-08T04:31:11.703Z  KFS/2016        roh           5428 reg. Kerzen        0/0/0 von 250  Tagen gewertet (1m/5m/15m)        0 Signale  104 ms lesen  76 ms rechnen
2026-09-08T04:31:11.920Z  KFS/2017        roh           5738 reg. Kerzen        0/0/0 von 250  Tagen gewertet (1m/5m/15m)        0 Signale  62 ms lesen  128 ms rechnen
2026-09-08T04:31:12.051Z  KFS/2018        roh           5093 reg. Kerzen        0/0/0 von 251  Tagen gewertet (1m/5m/15m)        0 Signale  28 ms lesen  76 ms rechnen
2026-09-08T04:31:12.236Z  KFS/2019        roh           5621 reg. Kerzen        0/0/0 von 248  Tagen gewertet (1m/5m/15m)        0 Signale  73 ms lesen  87 ms rechnen
2026-09-08T04:31:12.438Z  KFS/2020        roh           6723 reg. Kerzen        0/0/0 von 251  Tagen gewertet (1m/5m/15m)        0 Signale  42 ms lesen  130 ms rechnen
2026-09-08T04:31:12.683Z  KFS/2021        roh           6388 reg. Kerzen        0/0/0 von 252  Tagen gewertet (1m/5m/15m)        0 Signale  63 ms lesen  152 ms rechnen
2026-09-08T04:31:12.827Z  KFS/2022        roh           5391 reg. Kerzen        0/0/0 von 251  Tagen gewertet (1m/5m/15m)        0 Signale  45 ms lesen  68 ms rechnen
2026-09-08T04:31:13.160Z  KFS/2023        roh          17024 reg. Kerzen        0/0/0 von 250  Tagen gewertet (1m/5m/15m)        0 Signale  85 ms lesen  207 ms rechnen
2026-09-08T04:31:13.392Z  KFS/2024        roh          10229 reg. Kerzen        0/0/0 von 252  Tagen gewertet (1m/5m/15m)        0 Signale  45 ms lesen  109 ms rechnen
2026-09-08T04:31:13.644Z  KFS/2025        roh          14231 reg. Kerzen        0/0/0 von 250  Tagen gewertet (1m/5m/15m)        0 Signale  55 ms lesen  148 ms rechnen
2026-09-08T04:31:13.845Z  KFS/2026        roh           6921 reg. Kerzen        0/0/0 von 94   Tagen gewertet (1m/5m/15m)        0 Signale  31 ms lesen  113 ms rechnen
2026-09-08T04:31:14.132Z  KIN/2016        roh          11439 reg. Kerzen        0/0/0 von 252  Tagen gewertet (1m/5m/15m)        0 Signale  87 ms lesen  157 ms rechnen
2026-09-08T04:31:14.718Z  KIN/2017        roh          31108 reg. Kerzen        0/0/0 von 251  Tagen gewertet (1m/5m/15m)        0 Signale  182 ms lesen  342 ms rechnen
2026-09-08T04:31:15.540Z  KIN/2018        roh          31725 reg. Kerzen        0/0/0 von 251  Tagen gewertet (1m/5m/15m)        0 Signale  86 ms lesen  589 ms rechnen
2026-09-08T04:31:16.332Z  KIN/2019        roh          37328 reg. Kerzen        0/0/0 von 252  Tagen gewertet (1m/5m/15m)        0 Signale  108 ms lesen  552 ms rechnen
2026-09-08T04:31:17.079Z  KIN/2020        roh          45638 reg. Kerzen        0/0/0 von 253  Tagen gewertet (1m/5m/15m)        0 Signale  103 ms lesen  460 ms rechnen
2026-09-08T04:31:20.538Z  KIN/2021        roh          38866 reg. Kerzen      0/38/38 von 165  Tagen gewertet (1m/5m/15m)      548 Signale  105 ms lesen  3151 ms rechnen
2026-09-08T04:31:42.908Z  KKR/2016        roh          93614 reg. Kerzen    0/232/232 von 252  Tagen gewertet (1m/5m/15m)     6113 Signale  333 ms lesen  21839 ms rechnen
2026-09-08T04:32:04.793Z  KKR/2017        roh          92628 reg. Kerzen    0/251/251 von 251  Tagen gewertet (1m/5m/15m)     6204 Signale  201 ms lesen  21238 ms rechnen
2026-09-08T04:32:27.898Z  KKR/2018        roh          94488 reg. Kerzen    0/251/251 von 251  Tagen gewertet (1m/5m/15m)     6379 Signale  302 ms lesen  22320 ms rechnen
2026-09-08T04:32:51.614Z  KKR/2019        roh          96832 reg. Kerzen    0/252/252 von 252  Tagen gewertet (1m/5m/15m)     6369 Signale  266 ms lesen  23007 ms rechnen
2026-09-08T04:33:16.253Z  KKR/2020        roh          97728 reg. Kerzen    0/253/253 von 253  Tagen gewertet (1m/5m/15m)     6536 Signale  255 ms lesen  23950 ms rechnen
2026-09-08T04:33:20.483Z  CHECKPOINT 2800 Dateien, 598 min, Detektorfehler {}
2026-09-08T04:33:43.810Z  KKR/2021        roh          96604 reg. Kerzen    0/251/251 von 252  Tagen gewertet (1m/5m/15m)     6284 Signale  245 ms lesen  23074 ms rechnen
2026-09-08T04:34:10.009Z  KKR/2022        roh          96828 reg. Kerzen    0/249/249 von 251  Tagen gewertet (1m/5m/15m)     6715 Signale  519 ms lesen  25210 ms rechnen
2026-09-08T04:34:33.885Z  KKR/2023        roh          96915 reg. Kerzen    0/250/250 von 250  Tagen gewertet (1m/5m/15m)     6382 Signale  427 ms lesen  22820 ms rechnen
2026-09-08T04:34:57.707Z  KKR/2024        roh          97270 reg. Kerzen    0/252/252 von 252  Tagen gewertet (1m/5m/15m)     6386 Signale  443 ms lesen  22840 ms rechnen
2026-09-08T04:35:22.214Z  KKR/2025        roh          96651 reg. Kerzen    0/250/250 von 250  Tagen gewertet (1m/5m/15m)     6464 Signale  330 ms lesen  23712 ms rechnen
2026-09-08T04:35:40.541Z  KKR/2026        roh          64513 reg. Kerzen    0/166/166 von 166  Tagen gewertet (1m/5m/15m)     4396 Signale  258 ms lesen  17515 ms rechnen
2026-09-08T04:35:41.148Z  KLR/2019        bereinigt     1434 reg. Kerzen        0/0/0 von 24   Tagen gewertet (1m/5m/15m)        0 Signale  157 ms lesen  38 ms rechnen
2026-09-08T04:35:41.638Z  KLR/2020        bereinigt    27654 reg. Kerzen        0/0/0 von 252  Tagen gewertet (1m/5m/15m)        0 Signale  184 ms lesen  294 ms rechnen
2026-09-08T04:35:46.131Z  KLR/2021        bereinigt    53794 reg. Kerzen      0/33/33 von 252  Tagen gewertet (1m/5m/15m)      931 Signale  232 ms lesen  4139 ms rechnen
2026-09-08T04:35:47.159Z  KLR/2022        bereinigt    50400 reg. Kerzen        0/0/0 von 251  Tagen gewertet (1m/5m/15m)        0 Signale  322 ms lesen  487 ms rechnen
2026-09-08T04:35:47.851Z  KLR/2023        bereinigt    17961 reg. Kerzen        0/0/0 von 190  Tagen gewertet (1m/5m/15m)        0 Signale  175 ms lesen  299 ms rechnen
2026-09-08T04:36:10.857Z  KMI/2016        roh          98088 reg. Kerzen    0/232/232 von 252  Tagen gewertet (1m/5m/15m)     6179 Signale  333 ms lesen  22571 ms rechnen
2026-09-08T04:36:33.571Z  KMI/2017        roh          97526 reg. Kerzen    0/251/251 von 251  Tagen gewertet (1m/5m/15m)     6196 Signale  458 ms lesen  21847 ms rechnen
2026-09-08T04:36:58.748Z  KMI/2018        roh          97349 reg. Kerzen    0/251/251 von 251  Tagen gewertet (1m/5m/15m)     6363 Signale  308 ms lesen  24379 ms rechnen
2026-09-08T04:37:21.369Z  KMI/2019        roh          97608 reg. Kerzen    0/252/252 von 252  Tagen gewertet (1m/5m/15m)     6078 Signale  418 ms lesen  21793 ms rechnen
2026-09-08T04:37:47.577Z  KMI/2020        roh          98238 reg. Kerzen    0/253/253 von 253  Tagen gewertet (1m/5m/15m)     6656 Signale  284 ms lesen  25357 ms rechnen
2026-09-08T04:38:11.608Z  KMI/2021        roh          97705 reg. Kerzen    0/251/251 von 252  Tagen gewertet (1m/5m/15m)     6308 Signale  234 ms lesen  23306 ms rechnen
2026-09-08T04:38:36.214Z  KMI/2022        roh          97005 reg. Kerzen    0/249/249 von 250  Tagen gewertet (1m/5m/15m)     6516 Signale  288 ms lesen  23848 ms rechnen
2026-09-08T04:38:58.736Z  KMI/2023        roh          97134 reg. Kerzen    0/250/250 von 250  Tagen gewertet (1m/5m/15m)     5947 Signale  309 ms lesen  21775 ms rechnen
2026-09-08T04:39:20.344Z  KMI/2024        roh          97737 reg. Kerzen    0/252/252 von 252  Tagen gewertet (1m/5m/15m)     5861 Signale  234 ms lesen  20764 ms rechnen
2026-09-08T04:39:44.480Z  KMI/2025        roh          96954 reg. Kerzen    0/250/250 von 250  Tagen gewertet (1m/5m/15m)     6230 Signale  277 ms lesen  23389 ms rechnen
2026-09-08T04:39:59.543Z  KMI/2026        roh          64740 reg. Kerzen    0/166/166 von 166  Tagen gewertet (1m/5m/15m)     4129 Signale  202 ms lesen  14451 ms rechnen
2026-09-08T04:40:14.436Z  KNL/2016        roh          65520 reg. Kerzen    0/159/159 von 252  Tagen gewertet (1m/5m/15m)     4133 Signale  243 ms lesen  14321 ms rechnen
2026-09-08T04:40:34.123Z  KNL/2017        roh          67365 reg. Kerzen    0/201/201 von 251  Tagen gewertet (1m/5m/15m)     5259 Signale  319 ms lesen  19068 ms rechnen
2026-09-08T04:40:37.894Z  KNL/2018        roh          54974 reg. Kerzen      0/29/29 von 251  Tagen gewertet (1m/5m/15m)      752 Signale  135 ms lesen  3355 ms rechnen
2026-09-08T04:40:43.016Z  KNL/2019        roh          55171 reg. Kerzen      0/46/46 von 252  Tagen gewertet (1m/5m/15m)     1197 Signale  215 ms lesen  4657 ms rechnen
2026-09-08T04:40:53.019Z  KNL/2020        roh          66102 reg. Kerzen      0/86/86 von 253  Tagen gewertet (1m/5m/15m)     2267 Signale  340 ms lesen  9421 ms rechnen
2026-09-08T04:40:58.608Z  KNL/2021        roh          33312 reg. Kerzen      0/55/56 von 136  Tagen gewertet (1m/5m/15m)     1403 Signale  102 ms lesen  5147 ms rechnen
2026-09-08T04:41:16.969Z  KO/2016         roh          98090 reg. Kerzen    0/232/232 von 252  Tagen gewertet (1m/5m/15m)     4957 Signale  319 ms lesen  17852 ms rechnen
2026-09-08T04:41:36.639Z  KO/2017         roh          97525 reg. Kerzen    0/251/251 von 251  Tagen gewertet (1m/5m/15m)     4999 Signale  419 ms lesen  18733 ms rechnen
2026-09-08T04:41:57.238Z  KO/2018         roh          97350 reg. Kerzen    0/251/251 von 251  Tagen gewertet (1m/5m/15m)     5543 Signale  411 ms lesen  19773 ms rechnen
2026-09-08T04:42:18.611Z  KO/2019         roh          97628 reg. Kerzen    0/252/252 von 252  Tagen gewertet (1m/5m/15m)     5484 Signale  612 ms lesen  20248 ms rechnen
2026-09-08T04:42:46.665Z  KO/2020         roh          98251 reg. Kerzen    0/253/253 von 253  Tagen gewertet (1m/5m/15m)     6140 Signale  323 ms lesen  27193 ms rechnen
2026-09-08T04:43:09.346Z  KO/2021         roh          97706 reg. Kerzen    0/251/251 von 252  Tagen gewertet (1m/5m/15m)     5531 Signale  338 ms lesen  21511 ms rechnen
2026-09-08T04:43:31.472Z  KO/2022         roh          97005 reg. Kerzen    0/249/249 von 250  Tagen gewertet (1m/5m/15m)     6108 Signale  427 ms lesen  21190 ms rechnen
2026-09-08T04:43:51.841Z  KO/2023         roh          97136 reg. Kerzen    0/250/250 von 250  Tagen gewertet (1m/5m/15m)     5397 Signale  410 ms lesen  19449 ms rechnen
2026-09-08T04:44:13.540Z  KO/2024         roh          97740 reg. Kerzen    0/252/252 von 252  Tagen gewertet (1m/5m/15m)     5465 Signale  271 ms lesen  20968 ms rechnen
2026-09-08T04:44:34.053Z  KO/2025         roh          96959 reg. Kerzen    0/250/250 von 250  Tagen gewertet (1m/5m/15m)     5660 Signale  464 ms lesen  19363 ms rechnen
2026-09-08T04:44:47.679Z  KO/2026         roh          64740 reg. Kerzen    0/166/166 von 166  Tagen gewertet (1m/5m/15m)     3879 Signale  284 ms lesen  12872 ms rechnen
2026-09-08T04:44:48.006Z  KPFS/2018       roh             91 reg. Kerzen        0/0/0 von 25   Tagen gewertet (1m/5m/15m)        0 Signale  25 ms lesen  4 ms rechnen
2026-09-08T04:44:48.033Z  KPFS/2019       roh            141 reg. Kerzen        0/0/0 von 42   Tagen gewertet (1m/5m/15m)        0 Signale  19 ms lesen  7 ms rechnen
2026-09-08T04:44:48.279Z  KRNT/2016       roh          15452 reg. Kerzen        0/0/0 von 252  Tagen gewertet (1m/5m/15m)        0 Signale  55 ms lesen  180 ms rechnen
2026-09-08T04:44:54.029Z  KRNT/2017       roh          55909 reg. Kerzen      0/49/49 von 251  Tagen gewertet (1m/5m/15m)     1349 Signale  270 ms lesen  5409 ms rechnen
2026-09-08T04:44:57.953Z  KRNT/2018       roh          52995 reg. Kerzen      0/28/28 von 251  Tagen gewertet (1m/5m/15m)      736 Signale  172 ms lesen  3495 ms rechnen
2026-09-08T04:45:16.227Z  KRNT/2019       roh          58309 reg. Kerzen    0/185/189 von 252  Tagen gewertet (1m/5m/15m)     4989 Signale  198 ms lesen  17813 ms rechnen
2026-09-08T04:45:41.709Z  KRNT/2020       roh          60717 reg. Kerzen    0/239/243 von 253  Tagen gewertet (1m/5m/15m)     6455 Signale  156 ms lesen  25066 ms rechnen
2026-09-08T04:46:06.674Z  KRNT/2021       roh          55890 reg. Kerzen    0/238/252 von 252  Tagen gewertet (1m/5m/15m)     6557 Signale  229 ms lesen  24452 ms rechnen
2026-09-08T04:46:35.160Z  KRNT/2022       roh          75194 reg. Kerzen    0/251/251 von 251  Tagen gewertet (1m/5m/15m)     6963 Signale  218 ms lesen  28007 ms rechnen
2026-09-08T04:46:56.560Z  KRNT/2023       roh          59712 reg. Kerzen    0/194/195 von 250  Tagen gewertet (1m/5m/15m)     5244 Signale  407 ms lesen  20623 ms rechnen
2026-09-08T04:47:02.784Z  KRNT/2024       roh          48764 reg. Kerzen      0/51/59 von 252  Tagen gewertet (1m/5m/15m)     1462 Signale  163 ms lesen  5813 ms rechnen
2026-09-08T04:47:12.856Z  KRNT/2025       roh          53102 reg. Kerzen      0/89/96 von 250  Tagen gewertet (1m/5m/15m)     2461 Signale  180 ms lesen  9581 ms rechnen
2026-09-08T04:47:13.640Z  KRNT/2026       roh          35680 reg. Kerzen        0/0/0 von 166  Tagen gewertet (1m/5m/15m)        0 Signale  152 ms lesen  415 ms rechnen
2026-09-08T04:47:13.920Z  KSI/2021        roh           1543 reg. Kerzen        0/0/0 von 129  Tagen gewertet (1m/5m/15m)        0 Signale  18 ms lesen  109 ms rechnen
2026-09-08T04:47:13.996Z  KSI/2022        roh           1642 reg. Kerzen        0/0/0 von 175  Tagen gewertet (1m/5m/15m)        0 Signale  30 ms lesen  32 ms rechnen
2026-09-08T04:47:14.050Z  KSI/2023        roh            302 reg. Kerzen        0/0/0 von 35   Tagen gewertet (1m/5m/15m)        0 Signale  20 ms lesen  22 ms rechnen
2026-09-08T04:47:18.621Z  KTOS/2016       roh          69665 reg. Kerzen      0/32/32 von 252  Tagen gewertet (1m/5m/15m)      902 Signale  326 ms lesen  4212 ms rechnen
2026-09-08T04:47:42.532Z  KTOS/2017       roh          89741 reg. Kerzen    0/233/233 von 251  Tagen gewertet (1m/5m/15m)     6248 Signale  376 ms lesen  23235 ms rechnen
2026-09-08T04:48:09.193Z  KTOS/2018       roh          89831 reg. Kerzen    0/249/249 von 251  Tagen gewertet (1m/5m/15m)     6677 Signale  496 ms lesen  25506 ms rechnen
2026-09-08T04:48:34.862Z  KTOS/2019       roh          89958 reg. Kerzen    0/252/252 von 252  Tagen gewertet (1m/5m/15m)     6617 Signale  307 ms lesen  24825 ms rechnen
2026-09-08T04:49:02.858Z  KTOS/2020       roh          89984 reg. Kerzen    0/252/253 von 253  Tagen gewertet (1m/5m/15m)     6792 Signale  342 ms lesen  27183 ms rechnen
2026-09-08T04:49:28.595Z  KTOS/2021       roh          88186 reg. Kerzen    0/252/252 von 252  Tagen gewertet (1m/5m/15m)     6780 Signale  248 ms lesen  25068 ms rechnen
2026-09-08T04:49:55.820Z  KTOS/2022       roh          86094 reg. Kerzen    0/251/251 von 251  Tagen gewertet (1m/5m/15m)     6906 Signale  418 ms lesen  26424 ms rechnen
2026-09-08T04:50:20.349Z  KTOS/2023       roh          83699 reg. Kerzen    0/243/243 von 250  Tagen gewertet (1m/5m/15m)     6418 Signale  244 ms lesen  23884 ms rechnen
2026-09-08T04:50:47.981Z  KTOS/2024       roh          84562 reg. Kerzen    0/252/252 von 252  Tagen gewertet (1m/5m/15m)     6688 Signale  239 ms lesen  27024 ms rechnen
2026-09-08T04:51:14.494Z  KTOS/2025       roh          95537 reg. Kerzen    0/250/250 von 250  Tagen gewertet (1m/5m/15m)     6712 Signale  324 ms lesen  25797 ms rechnen
2026-09-08T04:51:33.917Z  KTOS/2026       roh          64578 reg. Kerzen    0/166/166 von 166  Tagen gewertet (1m/5m/15m)     4554 Signale  410 ms lesen  18538 ms rechnen
2026-09-08T04:51:36.332Z  KVSB/2021       roh          22076 reg. Kerzen      0/20/20 von 157  Tagen gewertet (1m/5m/15m)      521 Signale  175 ms lesen  1901 ms rechnen
2026-09-08T04:51:36.579Z  KYCH/2022       roh            283 reg. Kerzen        0/0/0 von 100  Tagen gewertet (1m/5m/15m)        0 Signale  61 ms lesen  28 ms rechnen
2026-09-08T04:51:36.638Z  KYCH/2023       roh            923 reg. Kerzen        0/0/0 von 156  Tagen gewertet (1m/5m/15m)        0 Signale  30 ms lesen  27 ms rechnen
2026-09-08T04:51:36.674Z  KYCH/2024       roh            699 reg. Kerzen        0/0/0 von 43   Tagen gewertet (1m/5m/15m)        0 Signale  18 ms lesen  11 ms rechnen
2026-09-08T04:51:50.338Z  LABL/2016       roh          39015 reg. Kerzen    0/120/191 von 252  Tagen gewertet (1m/5m/15m)     3767 Signale  145 ms lesen  13513 ms rechnen
2026-09-08T04:51:54.086Z  LABL/2017       roh          29232 reg. Kerzen      0/23/58 von 251  Tagen gewertet (1m/5m/15m)      866 Signale  195 ms lesen  3320 ms rechnen
2026-09-08T04:52:02.165Z  LABL/2018       roh          34806 reg. Kerzen     0/75/108 von 251  Tagen gewertet (1m/5m/15m)     2149 Signale  125 ms lesen  7824 ms rechnen
2026-09-08T04:52:08.969Z  LABL/2019       roh          24238 reg. Kerzen     0/87/104 von 125  Tagen gewertet (1m/5m/15m)     1756 Signale  65 ms lesen  6574 ms rechnen
2026-09-08T04:52:25.810Z  LANC/2016       roh          41144 reg. Kerzen    0/166/232 von 252  Tagen gewertet (1m/5m/15m)     4742 Signale  155 ms lesen  16545 ms rechnen
2026-09-08T04:52:39.182Z  LANC/2017       roh          32304 reg. Kerzen    0/124/250 von 251  Tagen gewertet (1m/5m/15m)     4137 Signale  124 ms lesen  13050 ms rechnen
2026-09-08T04:52:51.064Z  LANC/2018       roh          29575 reg. Kerzen     0/86/246 von 251  Tagen gewertet (1m/5m/15m)     3607 Signale  150 ms lesen  11579 ms rechnen
2026-09-08T04:53:07.733Z  LANC/2019       roh          37778 reg. Kerzen    0/165/252 von 252  Tagen gewertet (1m/5m/15m)     4953 Signale  179 ms lesen  16342 ms rechnen
2026-09-08T04:53:27.327Z  LANC/2020       roh          39917 reg. Kerzen    0/169/253 von 253  Tagen gewertet (1m/5m/15m)     5234 Signale  156 ms lesen  19233 ms rechnen
2026-09-08T04:53:37.828Z  LANC/2021       roh          25727 reg. Kerzen     0/64/249 von 252  Tagen gewertet (1m/5m/15m)     3190 Signale  117 ms lesen  10222 ms rechnen
2026-09-08T04:53:54.557Z  LANC/2022       roh          34923 reg. Kerzen    0/158/250 von 251  Tagen gewertet (1m/5m/15m)     4830 Signale  125 ms lesen  16476 ms rechnen
2026-09-08T04:54:07.011Z  LANC/2023       roh          30224 reg. Kerzen    0/107/250 von 250  Tagen gewertet (1m/5m/15m)     3910 Signale  176 ms lesen  12135 ms rechnen
2026-09-08T04:54:16.841Z  LANC/2024       roh          25670 reg. Kerzen     0/51/247 von 252  Tagen gewertet (1m/5m/15m)     2983 Signale  90 ms lesen  9549 ms rechnen
2026-09-08T04:54:23.570Z  LANC/2025       roh          14522 reg. Kerzen     0/46/121 von 122  Tagen gewertet (1m/5m/15m)     1865 Signale  76 ms lesen  6540 ms rechnen
2026-09-08T04:54:23.813Z  LAZY/2018       roh           4595 reg. Kerzen        0/0/0 von 197  Tagen gewertet (1m/5m/15m)        0 Signale  78 ms lesen  75 ms rechnen
2026-09-08T04:54:23.937Z  LAZY/2019       roh           2150 reg. Kerzen        0/0/0 von 221  Tagen gewertet (1m/5m/15m)        0 Signale  64 ms lesen  35 ms rechnen
2026-09-08T04:54:24.346Z  LAZY/2020       roh          23422 reg. Kerzen        0/0/0 von 248  Tagen gewertet (1m/5m/15m)        0 Signale  103 ms lesen  293 ms rechnen
2026-09-08T04:54:25.301Z  LAZY/2021       roh          37829 reg. Kerzen        0/0/0 von 252  Tagen gewertet (1m/5m/15m)        0 Signale  209 ms lesen  627 ms rechnen
2026-09-08T04:54:26.073Z  LAZY/2022       roh          30246 reg. Kerzen        0/0/0 von 251  Tagen gewertet (1m/5m/15m)        0 Signale  199 ms lesen  401 ms rechnen
2026-09-08T04:54:26.685Z  LAZY/2023       roh          22440 reg. Kerzen        0/0/0 von 250  Tagen gewertet (1m/5m/15m)        0 Signale  153 ms lesen  317 ms rechnen
2026-09-08T04:54:26.837Z  LAZY/2024       roh            790 reg. Kerzen        0/0/0 von 10   Tagen gewertet (1m/5m/15m)        0 Signale  21 ms lesen  32 ms rechnen
2026-09-08T04:54:27.584Z  LBIO/2016       roh          56223 reg. Kerzen        0/0/0 von 252  Tagen gewertet (1m/5m/15m)        0 Signale  134 ms lesen  590 ms rechnen
2026-09-08T04:54:28.218Z  LBIO/2017       roh          22894 reg. Kerzen        0/0/0 von 122  Tagen gewertet (1m/5m/15m)        0 Signale  90 ms lesen  263 ms rechnen
2026-09-08T04:54:50.710Z  LBTYA/2016      bereinigt    96689 reg. Kerzen    0/232/232 von 252  Tagen gewertet (1m/5m/15m)     6077 Signale  611 ms lesen  21737 ms rechnen
2026-09-08T04:55:13.181Z  LBTYA/2017      bereinigt    93232 reg. Kerzen    0/251/251 von 251  Tagen gewertet (1m/5m/15m)     6267 Signale  591 ms lesen  21469 ms rechnen
2026-09-08T04:55:38.457Z  LBTYA/2018      bereinigt    92491 reg. Kerzen    0/249/249 von 251  Tagen gewertet (1m/5m/15m)     6574 Signale  523 ms lesen  24258 ms rechnen
2026-09-08T04:56:02.813Z  LBTYA/2019      bereinigt    94580 reg. Kerzen    0/252/252 von 252  Tagen gewertet (1m/5m/15m)     6467 Signale  479 ms lesen  23460 ms rechnen
2026-09-08T04:56:28.687Z  LBTYA/2020      bereinigt    93708 reg. Kerzen    0/253/253 von 253  Tagen gewertet (1m/5m/15m)     6727 Signale  527 ms lesen  24903 ms rechnen
2026-09-08T04:56:52.571Z  LBTYA/2021      bereinigt    87480 reg. Kerzen    0/252/252 von 252  Tagen gewertet (1m/5m/15m)     6332 Signale  465 ms lesen  22947 ms rechnen
2026-09-08T04:57:16.970Z  LBTYA/2022      bereinigt    92714 reg. Kerzen    0/251/251 von 251  Tagen gewertet (1m/5m/15m)     6609 Signale  484 ms lesen  23543 ms rechnen
2026-09-08T04:57:41.944Z  LBTYA/2023      bereinigt    91103 reg. Kerzen    0/250/250 von 250  Tagen gewertet (1m/5m/15m)     6528 Signale  463 ms lesen  24045 ms rechnen
2026-09-08T04:58:06.217Z  LBTYA/2024      bereinigt    90740 reg. Kerzen    0/252/252 von 252  Tagen gewertet (1m/5m/15m)     6551 Signale  343 ms lesen  23488 ms rechnen
2026-09-08T04:58:31.342Z  LBTYA/2025      roh          87499 reg. Kerzen    0/250/250 von 250  Tagen gewertet (1m/5m/15m)     6532 Signale  377 ms lesen  24346 ms rechnen
2026-09-08T04:58:47.864Z  LBTYA/2026      roh          59156 reg. Kerzen    0/166/166 von 166  Tagen gewertet (1m/5m/15m)     4380 Signale  236 ms lesen  15828 ms rechnen
2026-09-08T04:59:15.260Z  LCI/2016        bereinigt    88590 reg. Kerzen    0/232/232 von 252  Tagen gewertet (1m/5m/15m)     6349 Signale  463 ms lesen  26553 ms rechnen
2026-09-08T04:59:44.336Z  LCI/2017        bereinigt    72790 reg. Kerzen    0/251/251 von 251  Tagen gewertet (1m/5m/15m)     6911 Signale  248 ms lesen  28454 ms rechnen
2026-09-08T05:00:10.750Z  LCI/2018        bereinigt    77850 reg. Kerzen    0/235/235 von 251  Tagen gewertet (1m/5m/15m)     6462 Signale  264 ms lesen  25778 ms rechnen
2026-09-08T05:00:32.199Z  LCI/2019        bereinigt    84851 reg. Kerzen    0/190/190 von 252  Tagen gewertet (1m/5m/15m)     5108 Signale  250 ms lesen  20845 ms rechnen
2026-09-08T05:00:40.618Z  LCI/2020        bereinigt    67965 reg. Kerzen      0/59/59 von 253  Tagen gewertet (1m/5m/15m)     1653 Signale  235 ms lesen  7733 ms rechnen
2026-09-08T05:00:43.580Z  LCI/2021        bereinigt    62190 reg. Kerzen      0/12/12 von 252  Tagen gewertet (1m/5m/15m)      327 Signale  158 ms lesen  2485 ms rechnen
2026-09-08T05:00:44.585Z  LCI/2022        bereinigt    30179 reg. Kerzen        0/0/0 von 251  Tagen gewertet (1m/5m/15m)        0 Signale  179 ms lesen  402 ms rechnen
2026-09-08T05:00:44.940Z  LCI/2023        bereinigt     5178 reg. Kerzen        0/0/0 von 74   Tagen gewertet (1m/5m/15m)        0 Signale  75 ms lesen  85 ms rechnen
2026-09-08T05:00:45.333Z  LDR/2016        roh          21554 reg. Kerzen        0/0/0 von 252  Tagen gewertet (1m/5m/15m)        0 Signale  131 ms lesen  209 ms rechnen
2026-09-08T05:00:46.552Z  LDR/2017        roh          15661 reg. Kerzen      0/16/19 von 201  Tagen gewertet (1m/5m/15m)      266 Signale  65 ms lesen  1064 ms rechnen
2026-09-08T05:00:46.714Z  LEGA/2021       roh           1039 reg. Kerzen        0/0/0 von 87   Tagen gewertet (1m/5m/15m)        0 Signale  26 ms lesen  46 ms rechnen
2026-09-08T05:00:46.800Z  LEGA/2022       roh           1638 reg. Kerzen        0/0/0 von 197  Tagen gewertet (1m/5m/15m)        0 Signale  45 ms lesen  31 ms rechnen
2026-09-08T05:00:46.848Z  LEGA/2023       roh            563 reg. Kerzen        0/0/0 von 39   Tagen gewertet (1m/5m/15m)        0 Signale  22 ms lesen  12 ms rechnen
2026-09-08T05:00:47.176Z  LEU/2016        roh          15313 reg. Kerzen        0/0/0 von 252  Tagen gewertet (1m/5m/15m)        0 Signale  133 ms lesen  174 ms rechnen
2026-09-08T05:00:47.514Z  LEU/2017        roh          12424 reg. Kerzen        0/0/0 von 251  Tagen gewertet (1m/5m/15m)        0 Signale  97 ms lesen  168 ms rechnen
2026-09-08T05:00:47.722Z  LEU/2018        roh           4755 reg. Kerzen        0/0/0 von 250  Tagen gewertet (1m/5m/15m)        0 Signale  60 ms lesen  94 ms rechnen
2026-09-08T05:00:47.885Z  LEU/2019        roh           8330 reg. Kerzen        0/0/0 von 250  Tagen gewertet (1m/5m/15m)        0 Signale  41 ms lesen  86 ms rechnen
2026-09-08T05:00:48.520Z  LEU/2020        roh          24470 reg. Kerzen        0/0/0 von 253  Tagen gewertet (1m/5m/15m)        0 Signale  146 ms lesen  453 ms rechnen
2026-09-08T05:00:53.559Z  LEU/2021        roh          35131 reg. Kerzen      0/40/44 von 252  Tagen gewertet (1m/5m/15m)     1098 Signale  95 ms lesen  4831 ms rechnen
2026-09-08T05:01:10.384Z  LEU/2022        roh          45617 reg. Kerzen    0/139/163 von 251  Tagen gewertet (1m/5m/15m)     4063 Signale  119 ms lesen  16532 ms rechnen
2026-09-08T05:01:18.409Z  LEU/2023        roh          38647 reg. Kerzen      0/73/86 von 250  Tagen gewertet (1m/5m/15m)     2061 Signale  210 ms lesen  7595 ms rechnen
2026-09-08T05:01:45.202Z  LEU/2024        roh          57039 reg. Kerzen    0/242/252 von 252  Tagen gewertet (1m/5m/15m)     6692 Signale  283 ms lesen  26270 ms rechnen
2026-09-08T05:02:14.589Z  LEU/2025        roh          85384 reg. Kerzen    0/250/250 von 250  Tagen gewertet (1m/5m/15m)     6773 Signale  259 ms lesen  28846 ms rechnen
2026-09-08T05:02:33.185Z  LEU/2026        roh          58062 reg. Kerzen    0/166/166 von 166  Tagen gewertet (1m/5m/15m)     4602 Signale  292 ms lesen  17857 ms rechnen
2026-09-08T05:02:33.780Z  LF/2016         roh          12439 reg. Kerzen        0/0/0 von 63   Tagen gewertet (1m/5m/15m)        0 Signale  113 ms lesen  145 ms rechnen
2026-09-08T05:02:33.890Z  LFTR/2020       roh            799 reg. Kerzen        0/0/0 von 9    Tagen gewertet (1m/5m/15m)        0 Signale  30 ms lesen  21 ms rechnen
2026-09-08T05:02:34.191Z  LFTR/2021       roh          21445 reg. Kerzen        0/0/0 von 252  Tagen gewertet (1m/5m/15m)        0 Signale  58 ms lesen  234 ms rechnen
2026-09-08T05:02:34.366Z  LFTR/2022       roh           2766 reg. Kerzen        0/0/0 von 199  Tagen gewertet (1m/5m/15m)        0 Signale  31 ms lesen  42 ms rechnen
2026-09-08T05:02:34.486Z  LGF.A/2016      roh           5378 reg. Kerzen        0/0/0 von 15   Tagen gewertet (1m/5m/15m)        0 Signale  30 ms lesen  54 ms rechnen
2026-09-08T05:02:57.680Z  LGF.A/2017      roh          76448 reg. Kerzen    0/246/246 von 251  Tagen gewertet (1m/5m/15m)     6192 Signale  345 ms lesen  22827 ms rechnen
2026-09-08T05:03:24.008Z  LGF.A/2018      roh          81221 reg. Kerzen    0/250/250 von 251  Tagen gewertet (1m/5m/15m)     6627 Signale  348 ms lesen  25561 ms rechnen
2026-09-08T05:03:50.192Z  LGF.A/2019      roh          84839 reg. Kerzen    0/252/252 von 252  Tagen gewertet (1m/5m/15m)     6730 Signale  287 ms lesen  25490 ms rechnen
2026-09-08T05:04:17.341Z  LGF.A/2020      roh          85830 reg. Kerzen    0/252/252 von 253  Tagen gewertet (1m/5m/15m)     6791 Signale  322 ms lesen  26388 ms rechnen
2026-09-08T05:04:45.194Z  LGF.A/2021      roh          79718 reg. Kerzen    0/250/250 von 252  Tagen gewertet (1m/5m/15m)     6729 Signale  245 ms lesen  27189 ms rechnen
2026-09-08T05:05:02.740Z  LGF.A/2022      roh          76778 reg. Kerzen    0/153/153 von 251  Tagen gewertet (1m/5m/15m)     4226 Signale  175 ms lesen  16984 ms rechnen
2026-09-08T05:05:30.009Z  LGF.A/2023      roh          83675 reg. Kerzen    0/238/238 von 250  Tagen gewertet (1m/5m/15m)     6564 Signale  212 ms lesen  26673 ms rechnen
2026-09-08T05:05:54.137Z  LGF.A/2024      roh          78382 reg. Kerzen    0/174/174 von 252  Tagen gewertet (1m/5m/15m)     4716 Signale  260 ms lesen  23516 ms rechnen
2026-09-08T05:05:59.654Z  LGF.A/2025      roh          25466 reg. Kerzen      0/44/44 von 85   Tagen gewertet (1m/5m/15m)     1206 Signale  158 ms lesen  5007 ms rechnen
2026-09-08T05:06:00.048Z  LGTY/2024       roh           9121 reg. Kerzen        0/0/0 von 63   Tagen gewertet (1m/5m/15m)        0 Signale  36 ms lesen  91 ms rechnen
2026-09-08T05:06:03.142Z  LGTY/2025       roh          14271 reg. Kerzen      0/27/27 von 64   Tagen gewertet (1m/5m/15m)      359 Signale  119 ms lesen  2896 ms rechnen
2026-09-08T05:06:07.319Z  LHDX/2021       roh          50413 reg. Kerzen      0/30/30 von 229  Tagen gewertet (1m/5m/15m)      857 Signale  250 ms lesen  3814 ms rechnen
2026-09-08T05:06:08.048Z  LHDX/2022       roh          22573 reg. Kerzen        0/0/0 von 251  Tagen gewertet (1m/5m/15m)        0 Signale  174 ms lesen  311 ms rechnen
2026-09-08T05:06:08.411Z  LHDX/2023       roh          11772 reg. Kerzen        0/0/0 von 42   Tagen gewertet (1m/5m/15m)        0 Signale  86 ms lesen  160 ms rechnen
2026-09-08T05:06:11.709Z  LIFW/2023       bereinigt    39912 reg. Kerzen      0/16/16 von 250  Tagen gewertet (1m/5m/15m)      402 Signale  349 ms lesen  2857 ms rechnen
2026-09-08T05:06:12.588Z  LIFW/2024       bereinigt    41693 reg. Kerzen        0/0/0 von 236  Tagen gewertet (1m/5m/15m)        0 Signale  303 ms lesen  406 ms rechnen
2026-09-08T05:06:15.155Z  LINE/2016       roh          35545 reg. Kerzen      0/16/16 von 98   Tagen gewertet (1m/5m/15m)      458 Signale  184 ms lesen  2166 ms rechnen
2026-09-08T05:06:15.358Z  AUSGELASSEN LINE/2017: Datei fehlt
2026-09-08T05:06:15.600Z  AUSGELASSEN LINE/2018: Datei fehlt
2026-09-08T05:06:15.601Z  AUSGELASSEN LINE/2019: Datei fehlt
2026-09-08T05:06:15.602Z  AUSGELASSEN LINE/2020: Datei fehlt
2026-09-08T05:06:15.603Z  AUSGELASSEN LINE/2021: Datei fehlt
2026-09-08T05:06:15.603Z  AUSGELASSEN LINE/2022: Datei fehlt
2026-09-08T05:06:15.604Z  AUSGELASSEN LINE/2023: Datei fehlt
2026-09-08T05:06:25.029Z  LINE/2024       roh          34681 reg. Kerzen      0/91/91 von 111  Tagen gewertet (1m/5m/15m)     2355 Signale  118 ms lesen  9307 ms rechnen
2026-09-08T05:06:52.126Z  LINE/2025       roh          80067 reg. Kerzen    0/250/250 von 250  Tagen gewertet (1m/5m/15m)     6599 Signale  251 ms lesen  26665 ms rechnen
2026-09-08T05:07:14.454Z  LINE/2026       roh          52645 reg. Kerzen    0/166/166 von 166  Tagen gewertet (1m/5m/15m)     4431 Signale  190 ms lesen  21716 ms rechnen
2026-09-08T05:07:14.881Z  LIVB/2022       roh            324 reg. Kerzen        0/0/0 von 108  Tagen gewertet (1m/5m/15m)        0 Signale  24 ms lesen  18 ms rechnen
2026-09-08T05:07:14.940Z  LIVB/2023       roh            415 reg. Kerzen        0/0/0 von 126  Tagen gewertet (1m/5m/15m)        0 Signale  14 ms lesen  20 ms rechnen
2026-09-08T05:07:30.601Z  LK/2019         roh          59617 reg. Kerzen    0/138/138 von 158  Tagen gewertet (1m/5m/15m)     3731 Signale  222 ms lesen  15433 ms rechnen
2026-09-08T05:07:42.229Z  LK/2020         roh          36125 reg. Kerzen      0/93/93 von 93   Tagen gewertet (1m/5m/15m)     2533 Signale  233 ms lesen  11128 ms rechnen
2026-09-08T05:07:42.903Z  LLEX/2017       roh          30600 reg. Kerzen        0/0/0 von 164  Tagen gewertet (1m/5m/15m)        0 Signale  136 ms lesen  364 ms rechnen
2026-09-08T05:07:43.908Z  LLEX/2018       roh          56536 reg. Kerzen        0/0/0 von 251  Tagen gewertet (1m/5m/15m)        0 Signale  190 ms lesen  680 ms rechnen
2026-09-08T05:07:45.237Z  LLEX/2019       roh          54455 reg. Kerzen        0/0/0 von 252  Tagen gewertet (1m/5m/15m)        0 Signale  235 ms lesen  678 ms rechnen
2026-09-08T05:07:46.016Z  LLEX/2020       roh          36731 reg. Kerzen        0/0/0 von 123  Tagen gewertet (1m/5m/15m)        0 Signale  147 ms lesen  372 ms rechnen
2026-09-08T05:07:46.415Z  LMACA/2021      roh          11428 reg. Kerzen        0/0/0 von 203  Tagen gewertet (1m/5m/15m)        0 Signale  55 ms lesen  120 ms rechnen
2026-09-08T05:07:46.691Z  LMACA/2022      roh          10740 reg. Kerzen        0/0/0 von 230  Tagen gewertet (1m/5m/15m)        0 Signale  31 ms lesen  128 ms rechnen
2026-09-08T05:07:47.066Z  LMIA/2016       roh          11643 reg. Kerzen        0/0/0 von 252  Tagen gewertet (1m/5m/15m)        0 Signale  90 ms lesen  236 ms rechnen
2026-09-08T05:07:47.382Z  LMIA/2017       roh           9522 reg. Kerzen        0/0/0 von 121  Tagen gewertet (1m/5m/15m)        0 Signale  78 ms lesen  178 ms rechnen
2026-09-08T05:07:56.081Z  LN/2016         roh          37839 reg. Kerzen      0/99/99 von 119  Tagen gewertet (1m/5m/15m)     2598 Signale  147 ms lesen  8484 ms rechnen
2026-09-08T05:08:08.675Z  LN/2017         roh          46768 reg. Kerzen    0/152/171 von 251  Tagen gewertet (1m/5m/15m)     3707 Signale  185 ms lesen  12058 ms rechnen
2026-09-08T05:08:12.548Z  LN/2018         roh          36490 reg. Kerzen      0/38/52 von 251  Tagen gewertet (1m/5m/15m)     1062 Signale  108 ms lesen  3549 ms rechnen
2026-09-08T05:08:13.319Z  LN/2019         roh          27508 reg. Kerzen        0/0/0 von 252  Tagen gewertet (1m/5m/15m)        0 Signale  118 ms lesen  447 ms rechnen
2026-09-08T05:08:13.648Z  LN/2020         roh          11759 reg. Kerzen        0/0/0 von 249  Tagen gewertet (1m/5m/15m)        0 Signale  44 ms lesen  159 ms rechnen
2026-09-08T05:08:34.916Z  LNT/2016        bereinigt    92537 reg. Kerzen    0/232/232 von 252  Tagen gewertet (1m/5m/15m)     5485 Signale  268 ms lesen  20730 ms rechnen
2026-09-08T05:08:54.852Z  LNT/2017        roh          93317 reg. Kerzen    0/251/251 von 251  Tagen gewertet (1m/5m/15m)     5437 Signale  426 ms lesen  19071 ms rechnen
2026-09-08T05:09:17.437Z  LNT/2018        roh          96140 reg. Kerzen    0/251/251 von 251  Tagen gewertet (1m/5m/15m)     5963 Signale  462 ms lesen  21622 ms rechnen
2026-09-08T05:09:38.899Z  LNT/2019        roh          94884 reg. Kerzen    0/252/252 von 252  Tagen gewertet (1m/5m/15m)     5631 Signale  238 ms lesen  20804 ms rechnen
2026-09-08T05:10:02.631Z  LNT/2020        roh          95704 reg. Kerzen    0/253/253 von 253  Tagen gewertet (1m/5m/15m)     6295 Signale  313 ms lesen  22968 ms rechnen
2026-09-08T05:10:25.418Z  LNT/2021        roh          94469 reg. Kerzen    0/252/252 von 252  Tagen gewertet (1m/5m/15m)     6010 Signale  205 ms lesen  22098 ms rechnen
2026-09-08T05:10:48.687Z  LNT/2022        roh          95148 reg. Kerzen    0/251/251 von 251  Tagen gewertet (1m/5m/15m)     6297 Signale  322 ms lesen  22428 ms rechnen
2026-09-08T05:11:10.957Z  LNT/2023        roh          95412 reg. Kerzen    0/250/250 von 250  Tagen gewertet (1m/5m/15m)     6133 Signale  259 ms lesen  21464 ms rechnen
2026-09-08T05:11:32.702Z  LNT/2024        roh          93935 reg. Kerzen    0/252/252 von 252  Tagen gewertet (1m/5m/15m)     5874 Signale  465 ms lesen  20848 ms rechnen
2026-09-08T05:11:54.396Z  LNT/2025        roh          93486 reg. Kerzen    0/250/250 von 250  Tagen gewertet (1m/5m/15m)     5768 Signale  247 ms lesen  21016 ms rechnen
2026-09-08T05:12:08.991Z  LNT/2026        roh          63754 reg. Kerzen    0/166/166 von 166  Tagen gewertet (1m/5m/15m)     3989 Signale  313 ms lesen  13845 ms rechnen
2026-09-08T05:12:31.932Z  LOCK/2016       roh          89415 reg. Kerzen    0/232/232 von 252  Tagen gewertet (1m/5m/15m)     5851 Signale  251 ms lesen  22324 ms rechnen
2026-09-08T05:12:34.342Z  LOCK/2017       roh           8683 reg. Kerzen      0/26/26 von 26   Tagen gewertet (1m/5m/15m)      330 Signale  75 ms lesen  1833 ms rechnen
2026-09-08T05:12:56.522Z  LOPE/2016       roh          64396 reg. Kerzen    0/232/232 von 252  Tagen gewertet (1m/5m/15m)     5815 Signale  256 ms lesen  21848 ms rechnen
2026-09-08T05:13:20.307Z  LOPE/2017       roh          59836 reg. Kerzen    0/249/251 von 251  Tagen gewertet (1m/5m/15m)     6232 Signale  269 ms lesen  23174 ms rechnen
2026-09-08T05:13:43.682Z  LOPE/2018       roh          61611 reg. Kerzen    0/249/249 von 251  Tagen gewertet (1m/5m/15m)     6147 Signale  287 ms lesen  22761 ms rechnen
2026-09-08T05:14:08.409Z  LOPE/2019       roh          67141 reg. Kerzen    0/252/252 von 252  Tagen gewertet (1m/5m/15m)     6361 Signale  233 ms lesen  24109 ms rechnen
2026-09-08T05:14:41.134Z  LOPE/2020       roh          70779 reg. Kerzen    0/252/253 von 253  Tagen gewertet (1m/5m/15m)     6703 Signale  221 ms lesen  32105 ms rechnen
2026-09-08T05:15:07.084Z  LOPE/2021       roh          59432 reg. Kerzen    0/251/252 von 252  Tagen gewertet (1m/5m/15m)     6397 Signale  971 ms lesen  24657 ms rechnen
2026-09-08T05:15:32.565Z  LOPE/2022       roh          58142 reg. Kerzen    0/246/251 von 251  Tagen gewertet (1m/5m/15m)     6413 Signale  532 ms lesen  24680 ms rechnen
2026-09-08T05:15:55.167Z  LOPE/2023       roh          39455 reg. Kerzen    0/199/250 von 250  Tagen gewertet (1m/5m/15m)     5362 Signale  113 ms lesen  22196 ms rechnen
2026-09-08T05:16:09.379Z  LOPE/2024       roh          32907 reg. Kerzen    0/121/251 von 252  Tagen gewertet (1m/5m/15m)     4121 Signale  133 ms lesen  13847 ms rechnen
2026-09-08T05:16:28.963Z  LOPE/2025       roh          36801 reg. Kerzen    0/160/249 von 250  Tagen gewertet (1m/5m/15m)     4837 Signale  628 ms lesen  18766 ms rechnen
2026-09-08T05:16:37.177Z  LOPE/2026       roh          29677 reg. Kerzen    0/144/166 von 166  Tagen gewertet (1m/5m/15m)     4006 Signale  69 ms lesen  8030 ms rechnen
2026-09-08T05:16:50.951Z  LPLA/2016       roh          85434 reg. Kerzen    0/232/232 von 252  Tagen gewertet (1m/5m/15m)     6306 Signale  141 ms lesen  13525 ms rechnen
2026-09-08T05:17:03.981Z  LPLA/2017       roh          79681 reg. Kerzen    0/251/251 von 251  Tagen gewertet (1m/5m/15m)     6373 Signale  114 ms lesen  12665 ms rechnen
2026-09-08T05:17:18.306Z  LPLA/2018       roh          83564 reg. Kerzen    0/249/249 von 251  Tagen gewertet (1m/5m/15m)     6413 Signale  114 ms lesen  14028 ms rechnen
2026-09-08T05:17:31.517Z  LPLA/2019       roh          84260 reg. Kerzen    0/252/252 von 252  Tagen gewertet (1m/5m/15m)     6380 Signale  133 ms lesen  12821 ms rechnen
2026-09-08T05:17:47.958Z  LPLA/2020       roh          84317 reg. Kerzen    0/253/253 von 253  Tagen gewertet (1m/5m/15m)     6728 Signale  97 ms lesen  16087 ms rechnen
2026-09-08T05:18:01.851Z  LPLA/2021       roh          75192 reg. Kerzen    0/252/252 von 252  Tagen gewertet (1m/5m/15m)     6523 Signale  210 ms lesen  13444 ms rechnen
2026-09-08T05:18:03.753Z  CHECKPOINT 3000 Dateien, 643 min, Detektorfehler {}
2026-09-08T05:18:18.394Z  LPLA/2022       roh          85703 reg. Kerzen    0/251/251 von 251  Tagen gewertet (1m/5m/15m)     6734 Signale  166 ms lesen  14474 ms rechnen
2026-09-08T05:18:32.937Z  LPLA/2023       roh          78574 reg. Kerzen    0/250/250 von 250  Tagen gewertet (1m/5m/15m)     6528 Signale  122 ms lesen  14144 ms rechnen
2026-09-08T05:18:47.042Z  LPLA/2024       roh          71222 reg. Kerzen    0/251/252 von 252  Tagen gewertet (1m/5m/15m)     6327 Signale  136 ms lesen  13713 ms rechnen
2026-09-08T05:19:01.697Z  LPLA/2025       roh          75320 reg. Kerzen    0/249/250 von 250  Tagen gewertet (1m/5m/15m)     6560 Signale  120 ms lesen  14342 ms rechnen
2026-09-08T05:19:12.419Z  LPLA/2026       roh          60337 reg. Kerzen    0/166/166 von 166  Tagen gewertet (1m/5m/15m)     4370 Signale  120 ms lesen  10358 ms rechnen
2026-09-08T05:19:12.704Z  LQDA/2018       roh           8419 reg. Kerzen        0/0/0 von 109  Tagen gewertet (1m/5m/15m)        0 Signale  32 ms lesen  54 ms rechnen
2026-09-08T05:19:12.914Z  LQDA/2019       roh          20870 reg. Kerzen        0/0/0 von 252  Tagen gewertet (1m/5m/15m)        0 Signale  39 ms lesen  143 ms rechnen
2026-09-08T05:19:13.532Z  LQDA/2020       roh          51374 reg. Kerzen        0/2/2 von 253  Tagen gewertet (1m/5m/15m)       38 Signale  87 ms lesen  475 ms rechnen
2026-09-08T05:19:14.898Z  LQDA/2021       roh          56553 reg. Kerzen      0/10/10 von 252  Tagen gewertet (1m/5m/15m)      302 Signale  124 ms lesen  1110 ms rechnen
2026-09-08T05:19:17.624Z  LQDA/2022       roh          70166 reg. Kerzen      0/31/31 von 251  Tagen gewertet (1m/5m/15m)      876 Signale  110 ms lesen  2448 ms rechnen
2026-09-08T05:19:18.533Z  LQDA/2023       roh          63599 reg. Kerzen        0/4/4 von 250  Tagen gewertet (1m/5m/15m)      105 Signale  92 ms lesen  622 ms rechnen
2026-09-08T05:19:34.747Z  LQDA/2024       roh          78303 reg. Kerzen    0/252/252 von 252  Tagen gewertet (1m/5m/15m)     6850 Signale  117 ms lesen  15907 ms rechnen
2026-09-08T05:19:50.611Z  LQDA/2025       roh          87460 reg. Kerzen    0/250/250 von 250  Tagen gewertet (1m/5m/15m)     6714 Signale  143 ms lesen  15513 ms rechnen
2026-09-08T05:20:01.313Z  LQDA/2026       roh          58658 reg. Kerzen    0/166/166 von 166  Tagen gewertet (1m/5m/15m)     4517 Signale  112 ms lesen  10350 ms rechnen
2026-09-08T05:20:01.554Z  LSB/2021        bereinigt     2144 reg. Kerzen        0/0/0 von 81   Tagen gewertet (1m/5m/15m)        0 Signale  39 ms lesen  16 ms rechnen
2026-09-08T05:20:01.597Z  LSB/2022        bereinigt      609 reg. Kerzen        0/0/0 von 152  Tagen gewertet (1m/5m/15m)        0 Signale  27 ms lesen  8 ms rechnen
2026-09-08T05:20:01.854Z  LSB/2023        bereinigt    26293 reg. Kerzen        0/0/0 von 244  Tagen gewertet (1m/5m/15m)        0 Signale  76 ms lesen  179 ms rechnen
2026-09-08T05:20:02.028Z  LSB/2024        bereinigt    11566 reg. Kerzen        0/0/0 von 249  Tagen gewertet (1m/5m/15m)        0 Signale  23 ms lesen  82 ms rechnen
2026-09-08T05:20:02.130Z  LSB/2025        roh           4557 reg. Kerzen        0/0/0 von 179  Tagen gewertet (1m/5m/15m)        0 Signale  25 ms lesen  40 ms rechnen
2026-09-08T05:20:05.537Z  LSPD/2020       roh          20114 reg. Kerzen      0/57/58 von 78   Tagen gewertet (1m/5m/15m)     1510 Signale  45 ms lesen  3342 ms rechnen
2026-09-08T05:20:20.472Z  LSPD/2021       roh          90230 reg. Kerzen    0/250/250 von 252  Tagen gewertet (1m/5m/15m)     6845 Signale  149 ms lesen  14715 ms rechnen
2026-09-08T05:20:37.246Z  LSPD/2022       roh          94991 reg. Kerzen    0/249/249 von 251  Tagen gewertet (1m/5m/15m)     6894 Signale  121 ms lesen  16404 ms rechnen
2026-09-08T05:20:52.360Z  LSPD/2023       roh          89169 reg. Kerzen    0/250/250 von 250  Tagen gewertet (1m/5m/15m)     6823 Signale  129 ms lesen  14727 ms rechnen
2026-09-08T05:21:07.516Z  LSPD/2024       roh          85983 reg. Kerzen    0/252/252 von 252  Tagen gewertet (1m/5m/15m)     6598 Signale  126 ms lesen  14771 ms rechnen
2026-09-08T05:21:18.161Z  LSPD/2025       roh          76349 reg. Kerzen    0/168/168 von 250  Tagen gewertet (1m/5m/15m)     4452 Signale  122 ms lesen  10268 ms rechnen
2026-09-08T05:21:27.826Z  LSPD/2026       roh          54136 reg. Kerzen    0/155/155 von 166  Tagen gewertet (1m/5m/15m)     4252 Signale  98 ms lesen  9368 ms rechnen
2026-09-08T05:21:28.075Z  LTEA/2016       roh           3832 reg. Kerzen        0/0/0 von 108  Tagen gewertet (1m/5m/15m)        0 Signale  29 ms lesen  42 ms rechnen
2026-09-08T05:21:28.276Z  LTEA/2017       roh          15664 reg. Kerzen        0/0/0 von 251  Tagen gewertet (1m/5m/15m)        0 Signale  47 ms lesen  139 ms rechnen
2026-09-08T05:21:28.364Z  LTEA/2018       roh            872 reg. Kerzen        0/0/0 von 3    Tagen gewertet (1m/5m/15m)        0 Signale  18 ms lesen  17 ms rechnen
2026-09-08T05:21:41.435Z  LTXB/2016       roh          63275 reg. Kerzen    0/188/190 von 252  Tagen gewertet (1m/5m/15m)     4922 Signale  113 ms lesen  12939 ms rechnen
2026-09-08T05:21:54.521Z  LTXB/2017       roh          57607 reg. Kerzen    0/228/229 von 251  Tagen gewertet (1m/5m/15m)     6033 Signale  101 ms lesen  12761 ms rechnen
2026-09-08T05:22:07.858Z  LTXB/2018       roh          57973 reg. Kerzen    0/249/249 von 251  Tagen gewertet (1m/5m/15m)     6370 Signale  92 ms lesen  13075 ms rechnen
2026-09-08T05:22:19.425Z  LTXB/2019       roh          53659 reg. Kerzen    0/209/211 von 211  Tagen gewertet (1m/5m/15m)     5317 Signale  82 ms lesen  11332 ms rechnen
2026-09-08T05:22:19.619Z  LUNR/2021       roh            142 reg. Kerzen        0/0/0 von 23   Tagen gewertet (1m/5m/15m)        0 Signale  26 ms lesen  2 ms rechnen
2026-09-08T05:22:19.639Z  LUNR/2022       roh            650 reg. Kerzen        0/0/0 von 143  Tagen gewertet (1m/5m/15m)        0 Signale  9 ms lesen  10 ms rechnen
2026-09-08T05:22:22.097Z  LUNR/2023       roh          46518 reg. Kerzen      0/32/32 von 248  Tagen gewertet (1m/5m/15m)      864 Signale  107 ms lesen  2348 ms rechnen
2026-09-08T05:22:37.370Z  LUNR/2024       roh          93668 reg. Kerzen    0/223/223 von 252  Tagen gewertet (1m/5m/15m)     6095 Signale  405 ms lesen  14720 ms rechnen
2026-09-08T05:22:54.287Z  LUNR/2025       roh          96825 reg. Kerzen    0/250/250 von 250  Tagen gewertet (1m/5m/15m)     6868 Signale  207 ms lesen  16423 ms rechnen
2026-09-08T05:23:05.786Z  LUNR/2026       roh          64729 reg. Kerzen    0/166/166 von 166  Tagen gewertet (1m/5m/15m)     4597 Signale  153 ms lesen  11052 ms rechnen
2026-09-08T05:23:12.180Z  LVNTB/2016      roh             68 reg. Kerzen        0/0/0 von 32   Tagen gewertet (1m/5m/15m)        0 Signale  5135 ms lesen  1 ms rechnen
2026-09-08T05:23:13.210Z  LVNTB/2017      roh             18 reg. Kerzen        0/0/0 von 15   Tagen gewertet (1m/5m/15m)        0 Signale  1028 ms lesen  1 ms rechnen
2026-09-08T05:23:13.212Z  LVNTB/2018      roh              1 reg. Kerzen        0/0/0 von 1    Tagen gewertet (1m/5m/15m)        0 Signale  2 ms lesen  0 ms rechnen
2026-09-08T05:23:23.944Z  LXK/2016        roh          72850 reg. Kerzen    0/209/209 von 229  Tagen gewertet (1m/5m/15m)     4637 Signale  1225 ms lesen  9464 ms rechnen
2026-09-08T05:23:24.340Z  LYT/2022        bereinigt    15940 reg. Kerzen        0/0/0 von 138  Tagen gewertet (1m/5m/15m)        0 Signale  61 ms lesen  111 ms rechnen
2026-09-08T05:23:24.577Z  LYT/2023        bereinigt    18644 reg. Kerzen        0/0/0 von 250  Tagen gewertet (1m/5m/15m)        0 Signale  48 ms lesen  141 ms rechnen
2026-09-08T05:23:24.863Z  LYT/2024        bereinigt    25211 reg. Kerzen        0/0/0 von 252  Tagen gewertet (1m/5m/15m)        0 Signale  79 ms lesen  151 ms rechnen
2026-09-08T05:23:25.191Z  LYT/2025        roh          12911 reg. Kerzen        0/0/0 von 59   Tagen gewertet (1m/5m/15m)        0 Signale  170 ms lesen  85 ms rechnen
2026-09-08T05:23:25.348Z  MAAQ/2022       roh            648 reg. Kerzen        0/0/0 von 106  Tagen gewertet (1m/5m/15m)        0 Signale  100 ms lesen  7 ms rechnen
2026-09-08T05:23:36.651Z  MAIN/2016       roh          60315 reg. Kerzen    0/232/232 von 252  Tagen gewertet (1m/5m/15m)     5512 Signale  166 ms lesen  11118 ms rechnen
2026-09-08T05:23:47.337Z  MAIN/2017       roh          59593 reg. Kerzen    0/251/251 von 251  Tagen gewertet (1m/5m/15m)     5416 Signale  113 ms lesen  10380 ms rechnen
2026-09-08T05:23:57.848Z  MAIN/2018       roh          62076 reg. Kerzen    0/251/251 von 251  Tagen gewertet (1m/5m/15m)     5403 Signale  114 ms lesen  10223 ms rechnen
2026-09-08T05:24:08.216Z  MAIN/2019       roh          60635 reg. Kerzen    0/251/252 von 252  Tagen gewertet (1m/5m/15m)     5577 Signale  94 ms lesen  10112 ms rechnen
2026-09-08T05:24:22.911Z  MAIN/2020       roh          76161 reg. Kerzen    0/253/253 von 253  Tagen gewertet (1m/5m/15m)     6533 Signale  143 ms lesen  14365 ms rechnen
2026-09-08T05:24:34.655Z  MAIN/2021       roh          65887 reg. Kerzen    0/250/250 von 252  Tagen gewertet (1m/5m/15m)     5864 Signale  96 ms lesen  11398 ms rechnen
2026-09-08T05:24:47.424Z  MAIN/2022       roh          69166 reg. Kerzen    0/249/249 von 251  Tagen gewertet (1m/5m/15m)     6283 Signale  181 ms lesen  12373 ms rechnen
2026-09-08T05:24:58.914Z  MAIN/2023       roh          68092 reg. Kerzen    0/250/250 von 250  Tagen gewertet (1m/5m/15m)     5787 Signale  109 ms lesen  11192 ms rechnen
2026-09-08T05:25:09.719Z  MAIN/2024       roh          68492 reg. Kerzen    0/252/252 von 252  Tagen gewertet (1m/5m/15m)     5652 Signale  124 ms lesen  10467 ms rechnen
2026-09-08T05:25:22.381Z  MAIN/2025       roh          74599 reg. Kerzen    0/250/250 von 250  Tagen gewertet (1m/5m/15m)     6216 Signale  123 ms lesen  12357 ms rechnen
2026-09-08T05:25:31.260Z  MAIN/2026       roh          53173 reg. Kerzen    0/166/166 von 166  Tagen gewertet (1m/5m/15m)     4354 Signale  107 ms lesen  8559 ms rechnen
2026-09-08T05:25:32.642Z  MARA/2017       bereinigt    12264 reg. Kerzen      0/16/16 von 43   Tagen gewertet (1m/5m/15m)      422 Signale  42 ms lesen  1160 ms rechnen
2026-09-08T05:25:34.557Z  MARA/2018       bereinigt    53559 reg. Kerzen      0/24/24 von 251  Tagen gewertet (1m/5m/15m)      682 Signale  86 ms lesen  1792 ms rechnen
2026-09-08T05:25:34.933Z  MARA/2019       bereinigt    27120 reg. Kerzen        0/0/0 von 252  Tagen gewertet (1m/5m/15m)        0 Signale  40 ms lesen  199 ms rechnen
2026-09-08T05:25:42.390Z  MARA/2020       roh          68520 reg. Kerzen    0/105/105 von 253  Tagen gewertet (1m/5m/15m)     2912 Signale  140 ms lesen  7217 ms rechnen
2026-09-08T05:25:58.516Z  MARA/2021       roh          98095 reg. Kerzen    0/252/252 von 252  Tagen gewertet (1m/5m/15m)     6987 Signale  202 ms lesen  15732 ms rechnen
2026-09-08T05:26:15.467Z  MARA/2022       roh          97709 reg. Kerzen    0/251/251 von 251  Tagen gewertet (1m/5m/15m)     6976 Signale  196 ms lesen  16451 ms rechnen
2026-09-08T05:26:32.531Z  MARA/2023       roh          97140 reg. Kerzen    0/250/250 von 250  Tagen gewertet (1m/5m/15m)     6955 Signale  233 ms lesen  16540 ms rechnen
2026-09-08T05:26:49.688Z  MARA/2024       roh          97740 reg. Kerzen    0/252/252 von 252  Tagen gewertet (1m/5m/15m)     7051 Signale  231 ms lesen  16618 ms rechnen
2026-09-08T05:27:05.566Z  MARA/2025       roh          96960 reg. Kerzen    0/250/250 von 250  Tagen gewertet (1m/5m/15m)     6839 Signale  246 ms lesen  15349 ms rechnen
2026-09-08T05:27:16.800Z  MARA/2026       roh          64740 reg. Kerzen    0/166/166 von 166  Tagen gewertet (1m/5m/15m)     4622 Signale  167 ms lesen  10749 ms rechnen
2026-09-08T05:27:22.563Z  MATV/2016       roh          53319 reg. Kerzen    0/106/106 von 252  Tagen gewertet (1m/5m/15m)     2679 Signale  99 ms lesen  5465 ms rechnen
2026-09-08T05:27:25.388Z  MATV/2017       roh          45822 reg. Kerzen      0/48/48 von 251  Tagen gewertet (1m/5m/15m)     1220 Signale  97 ms lesen  2574 ms rechnen
2026-09-08T05:27:30.787Z  MATV/2018       roh          47623 reg. Kerzen    0/100/102 von 251  Tagen gewertet (1m/5m/15m)     2475 Signale  75 ms lesen  5193 ms rechnen
2026-09-08T05:27:35.812Z  MATV/2019       roh          50185 reg. Kerzen      0/87/88 von 252  Tagen gewertet (1m/5m/15m)     2300 Signale  109 ms lesen  4777 ms rechnen
2026-09-08T05:27:41.815Z  MATV/2020       roh          53485 reg. Kerzen     0/98/102 von 253  Tagen gewertet (1m/5m/15m)     2607 Signale  104 ms lesen  5737 ms rechnen
2026-09-08T05:27:45.901Z  MATV/2021       roh          38111 reg. Kerzen      0/61/74 von 252  Tagen gewertet (1m/5m/15m)     1721 Signale  72 ms lesen  3850 ms rechnen
2026-09-08T05:27:54.620Z  MATV/2022       roh          59001 reg. Kerzen    0/145/145 von 250  Tagen gewertet (1m/5m/15m)     3902 Signale  101 ms lesen  8519 ms rechnen
2026-09-08T05:28:02.783Z  MATV/2023       roh          64469 reg. Kerzen    0/134/134 von 250  Tagen gewertet (1m/5m/15m)     3512 Signale  95 ms lesen  7878 ms rechnen
2026-09-08T05:28:06.110Z  MATV/2024       roh          55660 reg. Kerzen      0/46/46 von 252  Tagen gewertet (1m/5m/15m)     1271 Signale  84 ms lesen  3043 ms rechnen
2026-09-08T05:28:09.266Z  MATV/2025       roh          61367 reg. Kerzen      0/41/41 von 250  Tagen gewertet (1m/5m/15m)     1117 Signale  117 ms lesen  2897 ms rechnen
2026-09-08T05:28:09.899Z  MATV/2026       roh          36105 reg. Kerzen        0/3/3 von 166  Tagen gewertet (1m/5m/15m)       75 Signale  74 ms lesen  386 ms rechnen
2026-09-08T05:28:10.034Z  MBAV/2024       roh            171 reg. Kerzen        0/0/0 von 54   Tagen gewertet (1m/5m/15m)        0 Signale  15 ms lesen  3 ms rechnen
2026-09-08T05:28:10.592Z  MBAV/2025       roh          13442 reg. Kerzen       0/8/12 von 218  Tagen gewertet (1m/5m/15m)      238 Signale  32 ms lesen  524 ms rechnen
2026-09-08T05:28:10.672Z  MBAV/2026       roh           1462 reg. Kerzen        0/0/0 von 124  Tagen gewertet (1m/5m/15m)        0 Signale  18 ms lesen  17 ms rechnen
2026-09-08T05:28:24.209Z  MBLY/2016       roh          97591 reg. Kerzen    0/232/232 von 252  Tagen gewertet (1m/5m/15m)     6274 Signale  172 ms lesen  13358 ms rechnen
2026-09-08T05:28:31.076Z  MBLY/2017       roh          61943 reg. Kerzen    0/168/168 von 168  Tagen gewertet (1m/5m/15m)     3144 Signale  79 ms lesen  6511 ms rechnen
2026-09-08T05:28:31.269Z  AUSGELASSEN MBLY/2018: Datei fehlt
2026-09-08T05:28:31.454Z  AUSGELASSEN MBLY/2019: Datei fehlt
2026-09-08T05:28:31.455Z  AUSGELASSEN MBLY/2020: Datei fehlt
2026-09-08T05:28:31.456Z  AUSGELASSEN MBLY/2021: Datei fehlt
2026-09-08T05:28:33.082Z  MBLY/2022       roh          16796 reg. Kerzen      0/26/26 von 46   Tagen gewertet (1m/5m/15m)      703 Signale  32 ms lesen  1594 ms rechnen
2026-09-08T05:28:48.412Z  MBLY/2023       roh          95624 reg. Kerzen    0/250/250 von 250  Tagen gewertet (1m/5m/15m)     6734 Signale  109 ms lesen  15162 ms rechnen
2026-09-08T05:29:04.007Z  MBLY/2024       roh          97155 reg. Kerzen    0/252/252 von 252  Tagen gewertet (1m/5m/15m)     6781 Signale  138 ms lesen  15199 ms rechnen
2026-09-08T05:29:19.168Z  MBLY/2025       roh          96195 reg. Kerzen    0/250/250 von 250  Tagen gewertet (1m/5m/15m)     6765 Signale  154 ms lesen  14763 ms rechnen
2026-09-08T05:29:29.090Z  MBLY/2026       roh          64257 reg. Kerzen    0/166/166 von 166  Tagen gewertet (1m/5m/15m)     4583 Signale  150 ms lesen  9471 ms rechnen
2026-09-08T05:29:29.542Z  MBUU/2016       roh          38053 reg. Kerzen        0/0/0 von 252  Tagen gewertet (1m/5m/15m)        0 Signale  63 ms lesen  228 ms rechnen
2026-09-08T05:29:35.164Z  MBUU/2017       roh          49607 reg. Kerzen     0/99/100 von 251  Tagen gewertet (1m/5m/15m)     2640 Signale  81 ms lesen  5429 ms rechnen
2026-09-08T05:29:44.794Z  MBUU/2018       roh          50612 reg. Kerzen    0/167/168 von 251  Tagen gewertet (1m/5m/15m)     4402 Signale  89 ms lesen  9424 ms rechnen
2026-09-08T05:29:55.551Z  MBUU/2019       roh          50939 reg. Kerzen    0/193/202 von 252  Tagen gewertet (1m/5m/15m)     5263 Signale  80 ms lesen  10537 ms rechnen
2026-09-08T05:30:09.024Z  MBUU/2020       roh          54880 reg. Kerzen    0/223/231 von 253  Tagen gewertet (1m/5m/15m)     6159 Signale  95 ms lesen  13226 ms rechnen
2026-09-08T05:30:22.149Z  MBUU/2021       roh          45479 reg. Kerzen    0/226/252 von 252  Tagen gewertet (1m/5m/15m)     6324 Signale  85 ms lesen  12896 ms rechnen
2026-09-08T05:30:33.600Z  MBUU/2022       roh          41262 reg. Kerzen    0/191/229 von 251  Tagen gewertet (1m/5m/15m)     5499 Signale  67 ms lesen  11225 ms rechnen
2026-09-08T05:30:40.161Z  MBUU/2023       roh          35361 reg. Kerzen    0/109/160 von 250  Tagen gewertet (1m/5m/15m)     3365 Signale  70 ms lesen  6361 ms rechnen
2026-09-08T05:30:50.484Z  MBUU/2024       roh          43794 reg. Kerzen    0/181/221 von 252  Tagen gewertet (1m/5m/15m)     5173 Signale  63 ms lesen  10152 ms rechnen
2026-09-08T05:30:53.299Z  MBUU/2025       roh          37048 reg. Kerzen      0/43/54 von 250  Tagen gewertet (1m/5m/15m)     1217 Signale  58 ms lesen  2606 ms rechnen
2026-09-08T05:30:57.937Z  MBUU/2026       roh          27871 reg. Kerzen      0/76/85 von 166  Tagen gewertet (1m/5m/15m)     2148 Signale  59 ms lesen  4474 ms rechnen
2026-09-08T05:30:58.048Z  MCAF/2021       roh            903 reg. Kerzen        0/0/0 von 71   Tagen gewertet (1m/5m/15m)        0 Signale  18 ms lesen  8 ms rechnen
2026-09-08T05:30:58.094Z  MCAF/2022       roh            623 reg. Kerzen        0/0/0 von 151  Tagen gewertet (1m/5m/15m)        0 Signale  36 ms lesen  6 ms rechnen
2026-09-08T05:30:58.142Z  MCAF/2023       roh           1616 reg. Kerzen        0/0/0 von 155  Tagen gewertet (1m/5m/15m)        0 Signale  26 ms lesen  19 ms rechnen
2026-09-08T05:30:58.166Z  MCAF/2024       roh           1055 reg. Kerzen        0/0/0 von 53   Tagen gewertet (1m/5m/15m)        0 Signale  11 ms lesen  9 ms rechnen
2026-09-08T05:31:09.369Z  MCHP/2016       bereinigt    96882 reg. Kerzen    0/232/232 von 252  Tagen gewertet (1m/5m/15m)     5716 Signale  208 ms lesen  10973 ms rechnen
2026-09-08T05:31:21.560Z  MCHP/2017       bereinigt    95696 reg. Kerzen    0/251/251 von 251  Tagen gewertet (1m/5m/15m)     6089 Signale  128 ms lesen  11798 ms rechnen
2026-09-08T05:31:34.853Z  MCHP/2018       bereinigt    95918 reg. Kerzen    0/249/249 von 251  Tagen gewertet (1m/5m/15m)     6436 Signale  128 ms lesen  12909 ms rechnen
2026-09-08T05:31:47.744Z  MCHP/2019       bereinigt    96913 reg. Kerzen    0/252/252 von 252  Tagen gewertet (1m/5m/15m)     6452 Signale  214 ms lesen  12399 ms rechnen
2026-09-08T05:32:01.825Z  MCHP/2020       bereinigt    97615 reg. Kerzen    0/253/253 von 253  Tagen gewertet (1m/5m/15m)     6655 Signale  134 ms lesen  13689 ms rechnen
2026-09-08T05:32:15.120Z  MCHP/2021       bereinigt    96885 reg. Kerzen    0/252/252 von 252  Tagen gewertet (1m/5m/15m)     6671 Signale  120 ms lesen  12880 ms rechnen
2026-09-08T05:32:30.613Z  MCHP/2022       roh          97701 reg. Kerzen    0/251/251 von 251  Tagen gewertet (1m/5m/15m)     6840 Signale  136 ms lesen  15038 ms rechnen
2026-09-08T05:32:44.071Z  MCHP/2023       roh          97107 reg. Kerzen    0/250/250 von 250  Tagen gewertet (1m/5m/15m)     6636 Signale  144 ms lesen  13002 ms rechnen
2026-09-08T05:32:57.754Z  MCHP/2024       roh          97711 reg. Kerzen    0/252/252 von 252  Tagen gewertet (1m/5m/15m)     6528 Signale  130 ms lesen  13260 ms rechnen
2026-09-08T05:33:12.575Z  MCHP/2025       roh          96952 reg. Kerzen    0/250/250 von 250  Tagen gewertet (1m/5m/15m)     6633 Signale  142 ms lesen  14377 ms rechnen
2026-09-08T05:33:22.330Z  MCHP/2026       roh          64738 reg. Kerzen    0/166/166 von 166  Tagen gewertet (1m/5m/15m)     4437 Signale  112 ms lesen  9310 ms rechnen
2026-09-08T05:33:22.841Z  MCS/2016        roh          30679 reg. Kerzen        0/0/0 von 252  Tagen gewertet (1m/5m/15m)        0 Signale  90 ms lesen  228 ms rechnen
2026-09-08T05:33:23.199Z  MCS/2017        roh          28565 reg. Kerzen        0/0/0 von 251  Tagen gewertet (1m/5m/15m)        0 Signale  66 ms lesen  208 ms rechnen
2026-09-08T05:33:24.647Z  MCS/2018        roh          32681 reg. Kerzen      0/22/22 von 251  Tagen gewertet (1m/5m/15m)      567 Signale  54 ms lesen  1302 ms rechnen
2026-09-08T05:33:28.752Z  MCS/2019        roh          47756 reg. Kerzen      0/77/78 von 252  Tagen gewertet (1m/5m/15m)     1974 Signale  138 ms lesen  3877 ms rechnen
2026-09-08T05:33:33.881Z  MCS/2020        roh          66775 reg. Kerzen      0/74/74 von 253  Tagen gewertet (1m/5m/15m)     2005 Signale  120 ms lesen  4870 ms rechnen
2026-09-08T05:33:42.309Z  MCS/2021        roh          57940 reg. Kerzen    0/131/131 von 252  Tagen gewertet (1m/5m/15m)     3596 Signale  116 ms lesen  8105 ms rechnen
2026-09-08T05:33:42.875Z  MCS/2022        roh          43550 reg. Kerzen        0/0/0 von 251  Tagen gewertet (1m/5m/15m)        0 Signale  87 ms lesen  277 ms rechnen
2026-09-08T05:33:43.803Z  MCS/2023        roh          50796 reg. Kerzen        0/9/9 von 250  Tagen gewertet (1m/5m/15m)      238 Signale  107 ms lesen  723 ms rechnen
2026-09-08T05:33:47.550Z  MCS/2024        roh          58521 reg. Kerzen      0/59/59 von 252  Tagen gewertet (1m/5m/15m)     1585 Signale  81 ms lesen  3529 ms rechnen
2026-09-08T05:33:48.027Z  MCS/2025        roh          38654 reg. Kerzen        0/0/0 von 250  Tagen gewertet (1m/5m/15m)        0 Signale  62 ms lesen  260 ms rechnen
2026-09-08T05:33:48.990Z  MCS/2026        roh          22665 reg. Kerzen      0/14/16 von 166  Tagen gewertet (1m/5m/15m)      377 Signale  53 ms lesen  813 ms rechnen
2026-09-08T05:33:59.902Z  MDCA/2016       roh          75544 reg. Kerzen    0/193/193 von 252  Tagen gewertet (1m/5m/15m)     4991 Signale  131 ms lesen  10725 ms rechnen
2026-09-08T05:34:01.028Z  MDCA/2017       roh          61781 reg. Kerzen        0/8/8 von 251  Tagen gewertet (1m/5m/15m)      204 Signale  106 ms lesen  812 ms rechnen
2026-09-08T05:34:01.638Z  MDCA/2018       roh          60763 reg. Kerzen        0/0/0 von 251  Tagen gewertet (1m/5m/15m)        0 Signale  111 ms lesen  323 ms rechnen
2026-09-08T05:34:02.209Z  MDCA/2019       roh          51310 reg. Kerzen        0/0/0 von 252  Tagen gewertet (1m/5m/15m)        0 Signale  83 ms lesen  310 ms rechnen
2026-09-08T05:34:02.584Z  MDCA/2020       roh          31320 reg. Kerzen        0/0/0 von 253  Tagen gewertet (1m/5m/15m)        0 Signale  59 ms lesen  195 ms rechnen
2026-09-08T05:34:02.876Z  MDCA/2021       roh          22860 reg. Kerzen        0/0/0 von 146  Tagen gewertet (1m/5m/15m)        0 Signale  53 ms lesen  159 ms rechnen
2026-09-08T05:34:03.145Z  MDLY/2016       bereinigt    13608 reg. Kerzen        0/0/0 von 252  Tagen gewertet (1m/5m/15m)        0 Signale  60 ms lesen  111 ms rechnen
2026-09-08T05:34:03.276Z  MDLY/2017       bereinigt    10372 reg. Kerzen        0/0/0 von 251  Tagen gewertet (1m/5m/15m)        0 Signale  17 ms lesen  72 ms rechnen
2026-09-08T05:34:03.402Z  MDLY/2018       bereinigt    10438 reg. Kerzen        0/0/0 von 251  Tagen gewertet (1m/5m/15m)        0 Signale  29 ms lesen  69 ms rechnen
2026-09-08T05:34:03.490Z  MDLY/2019       bereinigt     7464 reg. Kerzen        0/0/0 von 252  Tagen gewertet (1m/5m/15m)        0 Signale  12 ms lesen  49 ms rechnen
2026-09-08T05:34:03.759Z  MDLY/2020       bereinigt    27112 reg. Kerzen        0/0/0 von 253  Tagen gewertet (1m/5m/15m)        0 Signale  51 ms lesen  197 ms rechnen
2026-09-08T05:34:04.026Z  MDLY/2021       roh          17602 reg. Kerzen        0/0/0 von 127  Tagen gewertet (1m/5m/15m)        0 Signale  63 ms lesen  115 ms rechnen
2026-09-08T05:34:04.106Z  MDSY/2016       roh           1507 reg. Kerzen        0/0/0 von 179  Tagen gewertet (1m/5m/15m)        0 Signale  30 ms lesen  11 ms rechnen
2026-09-08T05:34:04.129Z  MDSY/2017       roh            977 reg. Kerzen        0/0/0 von 83   Tagen gewertet (1m/5m/15m)        0 Signale  8 ms lesen  9 ms rechnen
2026-09-08T05:34:04.146Z  MEAC/2021       roh            688 reg. Kerzen        0/0/0 von 58   Tagen gewertet (1m/5m/15m)        0 Signale  9 ms lesen  5 ms rechnen
2026-09-08T05:34:04.173Z  MEAC/2022       roh            783 reg. Kerzen        0/0/0 von 138  Tagen gewertet (1m/5m/15m)        0 Signale  15 ms lesen  10 ms rechnen
2026-09-08T05:34:04.186Z  MEAC/2023       roh            124 reg. Kerzen        0/0/0 von 11   Tagen gewertet (1m/5m/15m)        0 Signale  9 ms lesen  2 ms rechnen
2026-09-08T05:34:04.238Z  MELR/2016       roh            601 reg. Kerzen        0/0/0 von 162  Tagen gewertet (1m/5m/15m)        0 Signale  38 ms lesen  7 ms rechnen
2026-09-08T05:34:04.261Z  MELR/2017       roh            497 reg. Kerzen        0/0/0 von 137  Tagen gewertet (1m/5m/15m)        0 Signale  13 ms lesen  8 ms rechnen
2026-09-08T05:34:04.284Z  MELR/2018       roh            589 reg. Kerzen        0/0/0 von 135  Tagen gewertet (1m/5m/15m)        0 Signale  12 ms lesen  8 ms rechnen
2026-09-08T05:34:04.301Z  MELR/2019       roh            297 reg. Kerzen        0/0/0 von 78   Tagen gewertet (1m/5m/15m)        0 Signale  11 ms lesen  4 ms rechnen
2026-09-08T05:34:04.620Z  METC/2017       roh          35909 reg. Kerzen        0/0/0 von 229  Tagen gewertet (1m/5m/15m)        0 Signale  53 ms lesen  254 ms rechnen
2026-09-08T05:34:04.978Z  METC/2018       roh          25317 reg. Kerzen        0/0/0 von 251  Tagen gewertet (1m/5m/15m)        0 Signale  52 ms lesen  178 ms rechnen
2026-09-08T05:34:05.228Z  METC/2019       roh          17981 reg. Kerzen        0/0/0 von 252  Tagen gewertet (1m/5m/15m)        0 Signale  51 ms lesen  137 ms rechnen
2026-09-08T05:34:05.480Z  METC/2020       roh          19793 reg. Kerzen        0/0/0 von 253  Tagen gewertet (1m/5m/15m)        0 Signale  54 ms lesen  144 ms rechnen
2026-09-08T05:34:07.867Z  METC/2021       roh          37650 reg. Kerzen      0/33/33 von 252  Tagen gewertet (1m/5m/15m)      905 Signale  63 ms lesen  2270 ms rechnen
2026-09-08T05:34:19.851Z  METC/2022       roh          78284 reg. Kerzen    0/185/185 von 251  Tagen gewertet (1m/5m/15m)     5185 Signale  114 ms lesen  11762 ms rechnen
2026-09-08T05:34:22.043Z  METC/2023       roh          64250 reg. Kerzen      0/27/27 von 250  Tagen gewertet (1m/5m/15m)      732 Signale  83 ms lesen  1911 ms rechnen
2026-09-08T05:34:31.636Z  METC/2024       roh          73244 reg. Kerzen    0/159/159 von 252  Tagen gewertet (1m/5m/15m)     4405 Signale  118 ms lesen  9311 ms rechnen
2026-09-08T05:34:42.903Z  METC/2025       roh          84226 reg. Kerzen    0/169/169 von 250  Tagen gewertet (1m/5m/15m)     4606 Signale  235 ms lesen  10809 ms rechnen
2026-09-08T05:34:53.730Z  METC/2026       roh          60358 reg. Kerzen    0/166/166 von 166  Tagen gewertet (1m/5m/15m)     4617 Signale  114 ms lesen  10448 ms rechnen
2026-09-08T05:34:54.198Z  MFH/2020        bereinigt    21051 reg. Kerzen        0/0/0 von 225  Tagen gewertet (1m/5m/15m)        0 Signale  133 ms lesen  126 ms rechnen
2026-09-08T05:34:54.587Z  MFH/2021        bereinigt    33309 reg. Kerzen        0/0/0 von 252  Tagen gewertet (1m/5m/15m)        0 Signale  123 ms lesen  217 ms rechnen
2026-09-08T05:34:54.769Z  MFH/2022        bereinigt     9908 reg. Kerzen        0/0/0 von 248  Tagen gewertet (1m/5m/15m)        0 Signale  23 ms lesen  64 ms rechnen
2026-09-08T05:34:54.883Z  MFH/2023        bereinigt     9999 reg. Kerzen        0/0/0 von 249  Tagen gewertet (1m/5m/15m)        0 Signale  17 ms lesen  66 ms rechnen
2026-09-08T05:34:55.021Z  MFH/2024        roh           9289 reg. Kerzen        0/0/0 von 248  Tagen gewertet (1m/5m/15m)        0 Signale  31 ms lesen  82 ms rechnen
2026-09-08T05:34:56.369Z  MFH/2025        roh          31288 reg. Kerzen      0/16/18 von 217  Tagen gewertet (1m/5m/15m)      444 Signale  76 ms lesen  1247 ms rechnen
2026-09-08T05:34:56.652Z  MGAM/2022       roh          14947 reg. Kerzen        0/1/2 von 108  Tagen gewertet (1m/5m/15m)       32 Signale  54 ms lesen  156 ms rechnen
2026-09-08T05:34:56.903Z  MGAM/2023       roh          21184 reg. Kerzen        0/0/0 von 250  Tagen gewertet (1m/5m/15m)        0 Signale  70 ms lesen  138 ms rechnen
2026-09-08T05:34:57.006Z  MGAM/2024       roh           5223 reg. Kerzen        0/0/0 von 74   Tagen gewertet (1m/5m/15m)        0 Signale  26 ms lesen  28 ms rechnen
2026-09-08T05:34:57.022Z  AUSGELASSEN MGAM/2025: Datei fehlt
2026-09-08T05:35:08.894Z  MGM/2016        roh          97876 reg. Kerzen    0/232/232 von 252  Tagen gewertet (1m/5m/15m)     6074 Signale  150 ms lesen  11694 ms rechnen
2026-09-08T05:35:21.185Z  MGM/2017        roh          97347 reg. Kerzen    0/251/251 von 251  Tagen gewertet (1m/5m/15m)     6308 Signale  146 ms lesen  11902 ms rechnen
2026-09-08T05:35:34.456Z  MGM/2018        roh          97291 reg. Kerzen    0/251/251 von 251  Tagen gewertet (1m/5m/15m)     6585 Signale  221 ms lesen  12788 ms rechnen
2026-09-08T05:35:47.354Z  MGM/2019        roh          97492 reg. Kerzen    0/252/252 von 252  Tagen gewertet (1m/5m/15m)     6362 Signale  136 ms lesen  12514 ms rechnen
2026-09-08T05:36:01.976Z  MGM/2020        roh          98199 reg. Kerzen    0/253/253 von 253  Tagen gewertet (1m/5m/15m)     6819 Signale  191 ms lesen  14204 ms rechnen
2026-09-08T05:36:16.128Z  MGM/2021        roh          97302 reg. Kerzen    0/250/250 von 252  Tagen gewertet (1m/5m/15m)     6673 Signale  156 ms lesen  13697 ms rechnen
2026-09-08T05:36:30.606Z  MGM/2022        roh          96979 reg. Kerzen    0/249/249 von 251  Tagen gewertet (1m/5m/15m)     6660 Signale  134 ms lesen  14112 ms rechnen
2026-09-08T05:36:43.856Z  MGM/2023        roh          97085 reg. Kerzen    0/250/250 von 250  Tagen gewertet (1m/5m/15m)     6429 Signale  137 ms lesen  12838 ms rechnen
2026-09-08T05:36:57.010Z  MGM/2024        roh          97570 reg. Kerzen    0/252/252 von 252  Tagen gewertet (1m/5m/15m)     6426 Signale  153 ms lesen  12738 ms rechnen
2026-09-08T05:37:10.479Z  MGM/2025        roh          96829 reg. Kerzen    0/250/250 von 250  Tagen gewertet (1m/5m/15m)     6412 Signale  127 ms lesen  13110 ms rechnen
2026-09-08T05:37:19.898Z  MGM/2026        roh          64084 reg. Kerzen    0/166/166 von 166  Tagen gewertet (1m/5m/15m)     4317 Signale  116 ms lesen  9044 ms rechnen
2026-09-08T05:37:20.229Z  MGTA/2018       roh          11703 reg. Kerzen        0/0/0 von 133  Tagen gewertet (1m/5m/15m)        0 Signale  34 ms lesen  71 ms rechnen
2026-09-08T05:37:20.544Z  MGTA/2019       roh          29326 reg. Kerzen        0/0/0 von 252  Tagen gewertet (1m/5m/15m)        0 Signale  54 ms lesen  219 ms rechnen
2026-09-08T05:37:20.954Z  MGTA/2020       roh          40234 reg. Kerzen        0/0/0 von 253  Tagen gewertet (1m/5m/15m)        0 Signale  63 ms lesen  288 ms rechnen
2026-09-08T05:37:21.455Z  MGTA/2021       roh          45438 reg. Kerzen        0/0/0 von 252  Tagen gewertet (1m/5m/15m)        0 Signale  56 ms lesen  304 ms rechnen
2026-09-08T05:37:21.877Z  MGTA/2022       roh          38383 reg. Kerzen        0/0/0 von 251  Tagen gewertet (1m/5m/15m)        0 Signale  74 ms lesen  253 ms rechnen
2026-09-08T05:37:22.173Z  MGTA/2023       roh          24566 reg. Kerzen        0/0/0 von 173  Tagen gewertet (1m/5m/15m)        0 Signale  44 ms lesen  149 ms rechnen
2026-09-08T05:37:22.315Z  MHUA/2022       roh           6105 reg. Kerzen        0/0/0 von 205  Tagen gewertet (1m/5m/15m)        0 Signale  16 ms lesen  47 ms rechnen
2026-09-08T05:37:22.457Z  MHUA/2023       roh          12697 reg. Kerzen        0/0/0 von 249  Tagen gewertet (1m/5m/15m)        0 Signale  32 ms lesen  97 ms rechnen
2026-09-08T05:37:22.709Z  MHUA/2024       roh          19606 reg. Kerzen        0/0/0 von 252  Tagen gewertet (1m/5m/15m)        0 Signale  45 ms lesen  161 ms rechnen
2026-09-08T05:37:22.888Z  MHUA/2025       roh          12007 reg. Kerzen        0/0/0 von 234  Tagen gewertet (1m/5m/15m)        0 Signale  39 ms lesen  83 ms rechnen
2026-09-08T05:37:22.947Z  MIII/2016       roh             52 reg. Kerzen        0/0/0 von 23   Tagen gewertet (1m/5m/15m)        0 Signale  15 ms lesen  1 ms rechnen
2026-09-08T05:37:22.973Z  MIII/2017       roh           1389 reg. Kerzen        0/0/0 von 167  Tagen gewertet (1m/5m/15m)        0 Signale  16 ms lesen  9 ms rechnen
2026-09-08T05:37:23.006Z  MIII/2018       roh            721 reg. Kerzen        0/0/0 von 57   Tagen gewertet (1m/5m/15m)        0 Signale  20 ms lesen  8 ms rechnen
2026-09-08T05:37:23.393Z  MIR/2020        roh          10004 reg. Kerzen        0/6/6 von 93   Tagen gewertet (1m/5m/15m)      161 Signale  26 ms lesen  344 ms rechnen
2026-09-08T05:37:35.597Z  MIR/2021        roh          80716 reg. Kerzen    0/249/250 von 252  Tagen gewertet (1m/5m/15m)     5841 Signale  126 ms lesen  12042 ms rechnen
2026-09-08T05:37:48.487Z  MIR/2022        roh          85030 reg. Kerzen    0/223/223 von 251  Tagen gewertet (1m/5m/15m)     6042 Signale  184 ms lesen  12511 ms rechnen
2026-09-08T05:37:59.645Z  MIR/2023        roh          80719 reg. Kerzen    0/196/196 von 250  Tagen gewertet (1m/5m/15m)     5135 Signale  106 ms lesen  10810 ms rechnen
2026-09-08T05:38:13.032Z  MIR/2024        roh          83146 reg. Kerzen    0/244/244 von 252  Tagen gewertet (1m/5m/15m)     6340 Signale  141 ms lesen  13040 ms rechnen
2026-09-08T05:38:27.756Z  MIR/2025        roh          92701 reg. Kerzen    0/250/250 von 250  Tagen gewertet (1m/5m/15m)     6610 Signale  139 ms lesen  14338 ms rechnen
2026-09-08T05:38:37.973Z  MIR/2026        roh          62762 reg. Kerzen    0/166/166 von 166  Tagen gewertet (1m/5m/15m)     4507 Signale  122 ms lesen  9811 ms rechnen
2026-09-08T05:38:38.219Z  MITO/2019       roh           7664 reg. Kerzen        0/0/0 von 221  Tagen gewertet (1m/5m/15m)        0 Signale  38 ms lesen  44 ms rechnen
2026-09-08T05:38:38.424Z  MITO/2020       roh          23599 reg. Kerzen        0/0/0 von 253  Tagen gewertet (1m/5m/15m)        0 Signale  50 ms lesen  138 ms rechnen
2026-09-08T05:38:40.141Z  CHECKPOINT 3200 Dateien, 664 min, Detektorfehler {}
2026-09-08T05:38:40.416Z  MITO/2021       roh          30484 reg. Kerzen        0/0/0 von 252  Tagen gewertet (1m/5m/15m)        0 Signale  72 ms lesen  200 ms rechnen
2026-09-08T05:38:40.652Z  MITO/2022       roh          16599 reg. Kerzen        0/0/0 von 220  Tagen gewertet (1m/5m/15m)        0 Signale  42 ms lesen  103 ms rechnen
2026-09-08T05:38:40.786Z  MKGI/2018       roh           3481 reg. Kerzen        0/0/0 von 214  Tagen gewertet (1m/5m/15m)        0 Signale  59 ms lesen  32 ms rechnen
2026-09-08T05:38:40.855Z  MKGI/2019       roh           5239 reg. Kerzen        0/0/0 von 252  Tagen gewertet (1m/5m/15m)        0 Signale  28 ms lesen  33 ms rechnen
2026-09-08T05:38:40.989Z  MKGI/2020       roh           9939 reg. Kerzen        0/0/0 von 252  Tagen gewertet (1m/5m/15m)        0 Signale  38 ms lesen  83 ms rechnen
2026-09-08T05:38:41.204Z  MKGI/2021       roh          21368 reg. Kerzen        0/0/0 von 129  Tagen gewertet (1m/5m/15m)        0 Signale  43 ms lesen  145 ms rechnen
2026-09-08T05:38:41.276Z  MLAI/2021       roh             20 reg. Kerzen        0/0/0 von 5    Tagen gewertet (1m/5m/15m)        0 Signale  7 ms lesen  1 ms rechnen
2026-09-08T05:38:41.311Z  MLAI/2022       roh            677 reg. Kerzen        0/0/0 von 154  Tagen gewertet (1m/5m/15m)        0 Signale  29 ms lesen  6 ms rechnen
2026-09-08T05:38:41.334Z  MLAI/2023       roh            143 reg. Kerzen        0/0/0 von 35   Tagen gewertet (1m/5m/15m)        0 Signale  17 ms lesen  3 ms rechnen
2026-09-08T05:38:55.139Z  MLNX/2016       roh          80055 reg. Kerzen    0/232/232 von 252  Tagen gewertet (1m/5m/15m)     6048 Signale  128 ms lesen  13675 ms rechnen
2026-09-08T05:39:09.403Z  MLNX/2017       roh          69871 reg. Kerzen    0/249/251 von 251  Tagen gewertet (1m/5m/15m)     6399 Signale  114 ms lesen  13913 ms rechnen
2026-09-08T05:39:23.289Z  MLNX/2018       roh          74672 reg. Kerzen    0/249/249 von 251  Tagen gewertet (1m/5m/15m)     6594 Signale  146 ms lesen  13518 ms rechnen
2026-09-08T05:39:33.723Z  MLNX/2019       roh          72574 reg. Kerzen    0/250/252 von 252  Tagen gewertet (1m/5m/15m)     5404 Signale  117 ms lesen  10090 ms rechnen
2026-09-08T05:39:37.070Z  MLNX/2020       roh          26430 reg. Kerzen      0/79/79 von 79   Tagen gewertet (1m/5m/15m)     1662 Signale  47 ms lesen  3101 ms rechnen
2026-09-08T05:39:37.242Z  MMMB/2021       roh           8123 reg. Kerzen        0/0/0 von 119  Tagen gewertet (1m/5m/15m)        0 Signale  74 ms lesen  42 ms rechnen
2026-09-08T05:39:37.463Z  MMMB/2022       roh           7834 reg. Kerzen        0/0/0 von 251  Tagen gewertet (1m/5m/15m)        0 Signale  132 ms lesen  68 ms rechnen
2026-09-08T05:39:37.614Z  MMMB/2023       roh          12237 reg. Kerzen        0/0/0 von 145  Tagen gewertet (1m/5m/15m)        0 Signale  32 ms lesen  91 ms rechnen
2026-09-08T05:39:37.670Z  MNCL/2019       roh            350 reg. Kerzen        0/0/0 von 116  Tagen gewertet (1m/5m/15m)        0 Signale  22 ms lesen  6 ms rechnen
2026-09-08T05:39:37.719Z  MNCL/2020       roh           3733 reg. Kerzen        0/0/0 von 206  Tagen gewertet (1m/5m/15m)        0 Signale  12 ms lesen  35 ms rechnen
2026-09-08T05:39:46.883Z  MNMD/2021       bereinigt    66699 reg. Kerzen    0/145/145 von 174  Tagen gewertet (1m/5m/15m)     4045 Signale  158 ms lesen  8986 ms rechnen
2026-09-08T05:39:50.999Z  MNMD/2022       bereinigt    86568 reg. Kerzen      0/53/53 von 251  Tagen gewertet (1m/5m/15m)     1470 Signale  179 ms lesen  3763 ms rechnen
2026-09-08T05:39:51.715Z  MNMD/2023       roh          63110 reg. Kerzen        0/0/0 von 250  Tagen gewertet (1m/5m/15m)        0 Signale  115 ms lesen  367 ms rechnen
2026-09-08T05:40:02.086Z  MNMD/2024       roh          82453 reg. Kerzen    0/155/155 von 252  Tagen gewertet (1m/5m/15m)     4239 Signale  135 ms lesen  10031 ms rechnen
2026-09-08T05:40:16.882Z  MNMD/2025       roh          86089 reg. Kerzen    0/234/234 von 250  Tagen gewertet (1m/5m/15m)     6416 Signale  141 ms lesen  14433 ms rechnen
2026-09-08T05:40:17.672Z  MNMD/2026       roh           3299 reg. Kerzen        0/9/9 von 9    Tagen gewertet (1m/5m/15m)      251 Signale  25 ms lesen  576 ms rechnen
2026-09-08T05:40:27.928Z  MO/2016         roh          98083 reg. Kerzen    0/232/232 von 252  Tagen gewertet (1m/5m/15m)     5232 Signale  164 ms lesen  10063 ms rechnen
2026-09-08T05:40:38.348Z  MO/2017         roh          97518 reg. Kerzen    0/251/251 von 251  Tagen gewertet (1m/5m/15m)     5355 Signale  152 ms lesen  10023 ms rechnen
2026-09-08T05:40:49.938Z  MO/2018         roh          97343 reg. Kerzen    0/251/251 von 251  Tagen gewertet (1m/5m/15m)     6041 Signale  139 ms lesen  11232 ms rechnen
2026-09-08T05:41:02.200Z  MO/2019         roh          97619 reg. Kerzen    0/252/252 von 252  Tagen gewertet (1m/5m/15m)     6185 Signale  292 ms lesen  11719 ms rechnen
2026-09-08T05:41:15.109Z  MO/2020         roh          98235 reg. Kerzen    0/253/253 von 253  Tagen gewertet (1m/5m/15m)     6413 Signale  148 ms lesen  12494 ms rechnen
2026-09-08T05:41:26.768Z  MO/2021         roh          97308 reg. Kerzen    0/250/250 von 252  Tagen gewertet (1m/5m/15m)     5937 Signale  171 ms lesen  11199 ms rechnen
2026-09-08T05:41:39.308Z  MO/2022         roh          96999 reg. Kerzen    0/249/249 von 251  Tagen gewertet (1m/5m/15m)     6184 Signale  158 ms lesen  12140 ms rechnen
2026-09-08T05:41:50.160Z  MO/2023         roh          97122 reg. Kerzen    0/250/250 von 250  Tagen gewertet (1m/5m/15m)     5626 Signale  159 ms lesen  10445 ms rechnen
2026-09-08T05:42:01.345Z  MO/2024         roh          97713 reg. Kerzen    0/252/252 von 252  Tagen gewertet (1m/5m/15m)     5614 Signale  150 ms lesen  10802 ms rechnen
2026-09-08T05:42:13.140Z  MO/2025         roh          96955 reg. Kerzen    0/250/250 von 250  Tagen gewertet (1m/5m/15m)     5869 Signale  158 ms lesen  11402 ms rechnen
2026-09-08T05:42:21.924Z  MO/2026         roh          64739 reg. Kerzen    0/166/166 von 166  Tagen gewertet (1m/5m/15m)     4151 Signale  133 ms lesen  8367 ms rechnen
2026-09-08T05:42:22.490Z  MODN/2016       roh          34276 reg. Kerzen        0/0/0 von 252  Tagen gewertet (1m/5m/15m)        0 Signale  114 ms lesen  229 ms rechnen
2026-09-08T05:42:22.927Z  MODN/2017       roh          36658 reg. Kerzen        0/0/0 von 251  Tagen gewertet (1m/5m/15m)        0 Signale  66 ms lesen  267 ms rechnen
2026-09-08T05:42:23.448Z  MODN/2018       roh          48582 reg. Kerzen        0/0/0 von 251  Tagen gewertet (1m/5m/15m)        0 Signale  86 ms lesen  350 ms rechnen
2026-09-08T05:42:28.969Z  MODN/2019       roh          53463 reg. Kerzen      0/91/92 von 252  Tagen gewertet (1m/5m/15m)     2363 Signale  153 ms lesen  5214 ms rechnen
2026-09-08T05:42:42.780Z  MODN/2020       roh          67777 reg. Kerzen    0/241/241 von 253  Tagen gewertet (1m/5m/15m)     6500 Signale  109 ms lesen  13537 ms rechnen
2026-09-08T05:42:50.311Z  MODN/2021       roh          45976 reg. Kerzen    0/126/137 von 252  Tagen gewertet (1m/5m/15m)     3434 Signale  73 ms lesen  7279 ms rechnen
2026-09-08T05:42:52.834Z  MODN/2022       roh          40116 reg. Kerzen      0/37/37 von 251  Tagen gewertet (1m/5m/15m)      976 Signale  59 ms lesen  2325 ms rechnen
2026-09-08T05:43:02.735Z  MODN/2023       roh          50794 reg. Kerzen    0/189/191 von 250  Tagen gewertet (1m/5m/15m)     4956 Signale  98 ms lesen  9667 ms rechnen
2026-09-08T05:43:06.591Z  MODN/2024       roh          27039 reg. Kerzen      0/89/90 von 122  Tagen gewertet (1m/5m/15m)     1685 Signale  44 ms lesen  3683 ms rechnen
2026-09-08T05:43:17.429Z  MON/2016        roh          96869 reg. Kerzen    0/232/232 von 252  Tagen gewertet (1m/5m/15m)     5516 Signale  178 ms lesen  10561 ms rechnen
2026-09-08T05:43:26.633Z  MON/2017        roh          93401 reg. Kerzen    0/251/251 von 251  Tagen gewertet (1m/5m/15m)     4591 Signale  134 ms lesen  8808 ms rechnen
2026-09-08T05:43:30.887Z  MON/2018        roh          41674 reg. Kerzen    0/108/108 von 108  Tagen gewertet (1m/5m/15m)     2024 Signale  84 ms lesen  3913 ms rechnen
2026-09-08T05:43:30.990Z  AUSGELASSEN MON/2019: Datei fehlt
2026-09-08T05:43:31.127Z  AUSGELASSEN MON/2020: Datei fehlt
2026-09-08T05:43:31.173Z  MON/2021        roh           2601 reg. Kerzen        0/0/0 von 172  Tagen gewertet (1m/5m/15m)        0 Signale  27 ms lesen  18 ms rechnen
2026-09-08T05:43:31.216Z  MON/2022        roh           2250 reg. Kerzen        0/0/0 von 181  Tagen gewertet (1m/5m/15m)        0 Signale  8 ms lesen  25 ms rechnen
2026-09-08T05:43:31.245Z  MOTN/2020       roh             72 reg. Kerzen        0/0/0 von 8    Tagen gewertet (1m/5m/15m)        0 Signale  12 ms lesen  1 ms rechnen
2026-09-08T05:43:31.308Z  MOTN/2021       roh           5991 reg. Kerzen        0/0/0 von 212  Tagen gewertet (1m/5m/15m)        0 Signale  19 ms lesen  44 ms rechnen
2026-09-08T05:43:31.489Z  MPET/2016       roh          15546 reg. Kerzen        0/0/0 von 252  Tagen gewertet (1m/5m/15m)        0 Signale  44 ms lesen  113 ms rechnen
2026-09-08T05:43:31.600Z  MPET/2017       roh           4526 reg. Kerzen        0/0/0 von 27   Tagen gewertet (1m/5m/15m)        0 Signale  26 ms lesen  34 ms rechnen
2026-09-08T05:43:43.292Z  MPWR/2016       roh          63098 reg. Kerzen    0/232/232 von 252  Tagen gewertet (1m/5m/15m)     6011 Signale  103 ms lesen  11562 ms rechnen
2026-09-08T05:43:55.790Z  MPWR/2017       roh          61896 reg. Kerzen    0/251/251 von 251  Tagen gewertet (1m/5m/15m)     6294 Signale  113 ms lesen  12187 ms rechnen
2026-09-08T05:44:08.877Z  MPWR/2018       roh          64814 reg. Kerzen    0/249/249 von 251  Tagen gewertet (1m/5m/15m)     6492 Signale  117 ms lesen  12769 ms rechnen
2026-09-08T05:44:21.916Z  MPWR/2019       roh          63887 reg. Kerzen    0/252/252 von 252  Tagen gewertet (1m/5m/15m)     6606 Signale  103 ms lesen  12778 ms rechnen
2026-09-08T05:44:36.019Z  MPWR/2020       roh          67846 reg. Kerzen    0/253/253 von 253  Tagen gewertet (1m/5m/15m)     6726 Signale  109 ms lesen  13827 ms rechnen
2026-09-08T05:44:49.657Z  MPWR/2021       roh          63590 reg. Kerzen    0/252/252 von 252  Tagen gewertet (1m/5m/15m)     6704 Signale  120 ms lesen  13326 ms rechnen
2026-09-08T05:45:04.372Z  MPWR/2022       roh          72946 reg. Kerzen    0/251/251 von 251  Tagen gewertet (1m/5m/15m)     6843 Signale  109 ms lesen  14428 ms rechnen
2026-09-08T05:45:18.687Z  MPWR/2023       roh          69250 reg. Kerzen    0/250/250 von 250  Tagen gewertet (1m/5m/15m)     6755 Signale  120 ms lesen  13985 ms rechnen
2026-09-08T05:45:32.262Z  MPWR/2024       roh          65469 reg. Kerzen    0/251/252 von 252  Tagen gewertet (1m/5m/15m)     6715 Signale  103 ms lesen  13260 ms rechnen
2026-09-08T05:45:46.368Z  MPWR/2025       roh          67288 reg. Kerzen    0/249/250 von 250  Tagen gewertet (1m/5m/15m)     6757 Signale  105 ms lesen  13823 ms rechnen
2026-09-08T05:45:56.108Z  MPWR/2026       roh          60370 reg. Kerzen    0/166/166 von 166  Tagen gewertet (1m/5m/15m)     4522 Signale  117 ms lesen  9426 ms rechnen
2026-09-08T05:45:59.667Z  MRCY/2016       roh          56273 reg. Kerzen      0/57/57 von 252  Tagen gewertet (1m/5m/15m)     1479 Signale  110 ms lesen  3264 ms rechnen
2026-09-08T05:46:12.681Z  MRCY/2017       roh          68222 reg. Kerzen    0/251/251 von 251  Tagen gewertet (1m/5m/15m)     6438 Signale  152 ms lesen  12702 ms rechnen
2026-09-08T05:46:25.981Z  MRCY/2018       roh          67275 reg. Kerzen    0/249/249 von 251  Tagen gewertet (1m/5m/15m)     6616 Signale  118 ms lesen  12963 ms rechnen
2026-09-08T05:46:39.542Z  MRCY/2019       roh          68140 reg. Kerzen    0/252/252 von 252  Tagen gewertet (1m/5m/15m)     6657 Signale  103 ms lesen  13308 ms rechnen
2026-09-08T05:46:53.991Z  MRCY/2020       roh          67325 reg. Kerzen    0/253/253 von 253  Tagen gewertet (1m/5m/15m)     6759 Signale  118 ms lesen  14142 ms rechnen
2026-09-08T05:47:07.449Z  MRCY/2021       roh          65856 reg. Kerzen    0/252/252 von 252  Tagen gewertet (1m/5m/15m)     6571 Signale  103 ms lesen  13133 ms rechnen
2026-09-08T05:47:21.888Z  MRCY/2022       roh          62129 reg. Kerzen    0/250/251 von 251  Tagen gewertet (1m/5m/15m)     6759 Signale  108 ms lesen  14157 ms rechnen
2026-09-08T05:47:34.837Z  MRCY/2023       roh          59136 reg. Kerzen    0/249/250 von 250  Tagen gewertet (1m/5m/15m)     6441 Signale  111 ms lesen  12651 ms rechnen
2026-09-08T05:47:49.480Z  MRCY/2024       roh          61894 reg. Kerzen    0/252/252 von 252  Tagen gewertet (1m/5m/15m)     6741 Signale  94 ms lesen  14362 ms rechnen
2026-09-08T05:48:03.334Z  MRCY/2025       roh          65457 reg. Kerzen    0/250/250 von 250  Tagen gewertet (1m/5m/15m)     6644 Signale  108 ms lesen  13544 ms rechnen
2026-09-08T05:48:13.317Z  MRCY/2026       roh          44157 reg. Kerzen    0/166/166 von 166  Tagen gewertet (1m/5m/15m)     4480 Signale  199 ms lesen  9588 ms rechnen
2026-09-08T05:48:13.587Z  MRSN/2017       bereinigt    10570 reg. Kerzen        0/0/0 von 129  Tagen gewertet (1m/5m/15m)        0 Signale  51 ms lesen  60 ms rechnen
2026-09-08T05:48:13.861Z  MRSN/2018       bereinigt    30206 reg. Kerzen        0/0/0 von 251  Tagen gewertet (1m/5m/15m)        0 Signale  51 ms lesen  196 ms rechnen
2026-09-08T05:48:14.319Z  MRSN/2019       bereinigt    43498 reg. Kerzen        0/0/0 von 252  Tagen gewertet (1m/5m/15m)        0 Signale  74 ms lesen  281 ms rechnen
2026-09-08T05:48:26.128Z  MRSN/2020       bereinigt    78473 reg. Kerzen    0/177/177 von 253  Tagen gewertet (1m/5m/15m)     4791 Signale  217 ms lesen  11443 ms rechnen
2026-09-08T05:48:34.833Z  MRSN/2021       bereinigt    70868 reg. Kerzen    0/132/132 von 252  Tagen gewertet (1m/5m/15m)     3563 Signale  109 ms lesen  8356 ms rechnen
2026-09-08T05:48:41.911Z  MRSN/2022       bereinigt    87178 reg. Kerzen    0/100/100 von 251  Tagen gewertet (1m/5m/15m)     2767 Signale  146 ms lesen  6742 ms rechnen
2026-09-08T05:48:50.701Z  MRSN/2023       bereinigt    87821 reg. Kerzen    0/131/131 von 250  Tagen gewertet (1m/5m/15m)     3598 Signale  230 ms lesen  8322 ms rechnen
2026-09-08T05:48:53.800Z  MRSN/2024       bereinigt    80153 reg. Kerzen      0/35/35 von 252  Tagen gewertet (1m/5m/15m)      939 Signale  133 ms lesen  2685 ms rechnen
2026-09-08T05:48:54.443Z  MRSN/2025       bereinigt    58576 reg. Kerzen        0/0/0 von 250  Tagen gewertet (1m/5m/15m)        0 Signale  100 ms lesen  327 ms rechnen
2026-09-08T05:48:54.593Z  MRSN/2026       roh            244 reg. Kerzen        0/0/0 von 2    Tagen gewertet (1m/5m/15m)        0 Signale  17 ms lesen  11 ms rechnen
2026-09-08T05:48:58.645Z  MSA/2016        roh          41464 reg. Kerzen      0/77/88 von 252  Tagen gewertet (1m/5m/15m)     2044 Signale  80 ms lesen  3955 ms rechnen
2026-09-08T05:49:10.521Z  MSA/2017        roh          51295 reg. Kerzen    0/236/251 von 251  Tagen gewertet (1m/5m/15m)     6034 Signale  370 ms lesen  11371 ms rechnen
2026-09-08T05:49:22.017Z  MSA/2018        roh          45137 reg. Kerzen    0/222/251 von 251  Tagen gewertet (1m/5m/15m)     5851 Signale  72 ms lesen  11274 ms rechnen
2026-09-08T05:49:33.185Z  MSA/2019        roh          43718 reg. Kerzen    0/226/251 von 252  Tagen gewertet (1m/5m/15m)     5837 Signale  81 ms lesen  10950 ms rechnen
2026-09-08T05:49:45.036Z  MSA/2020        roh          49139 reg. Kerzen    0/220/252 von 253  Tagen gewertet (1m/5m/15m)     5880 Signale  91 ms lesen  11620 ms rechnen
2026-09-08T05:49:50.843Z  MSA/2021        roh          26492 reg. Kerzen     0/80/243 von 252  Tagen gewertet (1m/5m/15m)     3432 Signale  59 ms lesen  5642 ms rechnen
2026-09-08T05:49:57.164Z  MSA/2022        roh          28350 reg. Kerzen     0/81/236 von 251  Tagen gewertet (1m/5m/15m)     3581 Signale  64 ms lesen  6194 ms rechnen
2026-09-08T05:50:02.350Z  MSA/2023        roh          27755 reg. Kerzen     0/67/246 von 250  Tagen gewertet (1m/5m/15m)     3192 Signale  57 ms lesen  5060 ms rechnen
2026-09-08T05:50:08.154Z  MSA/2024        roh          28310 reg. Kerzen     0/81/248 von 252  Tagen gewertet (1m/5m/15m)     3440 Signale  191 ms lesen  5555 ms rechnen
2026-09-08T05:50:15.892Z  MSA/2025        roh          33250 reg. Kerzen    0/135/250 von 250  Tagen gewertet (1m/5m/15m)     4390 Signale  53 ms lesen  7605 ms rechnen
2026-09-08T05:50:22.802Z  MSA/2026        roh          25575 reg. Kerzen    0/131/166 von 166  Tagen gewertet (1m/5m/15m)     3633 Signale  62 ms lesen  6730 ms rechnen
2026-09-08T05:50:23.107Z  MSFG/2016       roh          18566 reg. Kerzen        0/0/0 von 252  Tagen gewertet (1m/5m/15m)        0 Signale  39 ms lesen  130 ms rechnen
2026-09-08T05:50:23.426Z  MSFG/2017       roh          30636 reg. Kerzen        0/0/0 von 251  Tagen gewertet (1m/5m/15m)        0 Signale  68 ms lesen  212 ms rechnen
2026-09-08T05:50:23.593Z  MSFG/2018       roh           8332 reg. Kerzen        0/0/0 von 61   Tagen gewertet (1m/5m/15m)        0 Signale  32 ms lesen  51 ms rechnen
2026-09-08T05:50:34.825Z  MSM/2016        roh          82220 reg. Kerzen    0/232/232 von 252  Tagen gewertet (1m/5m/15m)     5746 Signale  123 ms lesen  11064 ms rechnen
2026-09-08T05:50:46.494Z  MSM/2017        roh          76325 reg. Kerzen    0/251/251 von 251  Tagen gewertet (1m/5m/15m)     6101 Signale  109 ms lesen  11337 ms rechnen
2026-09-08T05:50:59.704Z  MSM/2018        roh          74407 reg. Kerzen    0/251/251 von 251  Tagen gewertet (1m/5m/15m)     6436 Signale  115 ms lesen  12890 ms rechnen
2026-09-08T05:51:12.021Z  MSM/2019        roh          73566 reg. Kerzen    0/251/252 von 252  Tagen gewertet (1m/5m/15m)     6341 Signale  120 ms lesen  12000 ms rechnen
2026-09-08T05:51:25.612Z  MSM/2020        roh          79236 reg. Kerzen    0/253/253 von 253  Tagen gewertet (1m/5m/15m)     6603 Signale  180 ms lesen  13195 ms rechnen
2026-09-08T05:51:38.402Z  MSM/2021        roh          64964 reg. Kerzen    0/250/250 von 252  Tagen gewertet (1m/5m/15m)     6239 Signale  95 ms lesen  12477 ms rechnen
2026-09-08T05:51:51.545Z  MSM/2022        roh          65448 reg. Kerzen    0/249/249 von 251  Tagen gewertet (1m/5m/15m)     6320 Signale  96 ms lesen  12849 ms rechnen
2026-09-08T05:52:03.629Z  MSM/2023        roh          64893 reg. Kerzen    0/250/250 von 250  Tagen gewertet (1m/5m/15m)     6076 Signale  100 ms lesen  11812 ms rechnen
2026-09-08T05:52:15.547Z  MSM/2024        roh          70080 reg. Kerzen    0/252/252 von 252  Tagen gewertet (1m/5m/15m)     6121 Signale  117 ms lesen  11632 ms rechnen
2026-09-08T05:52:28.253Z  MSM/2025        roh          65099 reg. Kerzen    0/250/250 von 250  Tagen gewertet (1m/5m/15m)     6407 Signale  110 ms lesen  12377 ms rechnen
2026-09-08T05:52:37.264Z  MSM/2026        roh          44763 reg. Kerzen    0/166/166 von 166  Tagen gewertet (1m/5m/15m)     4322 Signale  110 ms lesen  8740 ms rechnen
2026-09-08T05:52:44.000Z  MT/2017         roh          58496 reg. Kerzen    0/135/135 von 155  Tagen gewertet (1m/5m/15m)     3455 Signale  93 ms lesen  6491 ms rechnen
2026-09-08T05:52:56.848Z  MT/2018         roh          95606 reg. Kerzen    0/251/251 von 251  Tagen gewertet (1m/5m/15m)     6701 Signale  166 ms lesen  12534 ms rechnen
2026-09-08T05:53:09.343Z  MT/2019         roh          95793 reg. Kerzen    0/252/252 von 252  Tagen gewertet (1m/5m/15m)     6759 Signale  149 ms lesen  12111 ms rechnen
2026-09-08T05:53:23.429Z  MT/2020         roh          96208 reg. Kerzen    0/253/253 von 253  Tagen gewertet (1m/5m/15m)     6919 Signale  147 ms lesen  13670 ms rechnen
2026-09-08T05:53:36.702Z  MT/2021         roh          96682 reg. Kerzen    0/250/250 von 252  Tagen gewertet (1m/5m/15m)     6622 Signale  211 ms lesen  12787 ms rechnen
2026-09-08T05:53:50.174Z  MT/2022         roh          96369 reg. Kerzen    0/249/249 von 251  Tagen gewertet (1m/5m/15m)     6699 Signale  161 ms lesen  13030 ms rechnen
2026-09-08T05:54:02.151Z  MT/2023         roh          93879 reg. Kerzen    0/250/250 von 250  Tagen gewertet (1m/5m/15m)     6310 Signale  133 ms lesen  11591 ms rechnen
2026-09-08T05:54:13.890Z  MT/2024         roh          91982 reg. Kerzen    0/252/252 von 252  Tagen gewertet (1m/5m/15m)     6237 Signale  138 ms lesen  11339 ms rechnen
2026-09-08T05:54:25.904Z  MT/2025         roh          91255 reg. Kerzen    0/250/250 von 250  Tagen gewertet (1m/5m/15m)     6355 Signale  175 ms lesen  11588 ms rechnen
2026-09-08T05:54:34.255Z  MT/2026         roh          61663 reg. Kerzen    0/166/166 von 166  Tagen gewertet (1m/5m/15m)     4404 Signale  121 ms lesen  7969 ms rechnen
2026-09-08T05:54:34.465Z  MTEC/2018       roh           1244 reg. Kerzen        0/0/0 von 129  Tagen gewertet (1m/5m/15m)        0 Signale  37 ms lesen  13 ms rechnen
2026-09-08T05:54:34.510Z  MTEC/2019       roh           3399 reg. Kerzen        0/0/0 von 115  Tagen gewertet (1m/5m/15m)        0 Signale  14 ms lesen  25 ms rechnen
2026-09-08T05:54:45.493Z  MTN/2016        roh          66042 reg. Kerzen    0/232/232 von 252  Tagen gewertet (1m/5m/15m)     5687 Signale  157 ms lesen  10801 ms rechnen
2026-09-08T05:54:56.598Z  MTN/2017        roh          64615 reg. Kerzen    0/251/251 von 251  Tagen gewertet (1m/5m/15m)     5783 Signale  113 ms lesen  10805 ms rechnen
2026-09-08T05:55:08.961Z  MTN/2018        roh          63724 reg. Kerzen    0/250/251 von 251  Tagen gewertet (1m/5m/15m)     6266 Signale  116 ms lesen  12078 ms rechnen
2026-09-08T05:55:21.011Z  MTN/2019        roh          63207 reg. Kerzen    0/248/251 von 252  Tagen gewertet (1m/5m/15m)     6330 Signale  116 ms lesen  11775 ms rechnen
2026-09-08T05:55:35.154Z  MTN/2020        roh          73848 reg. Kerzen    0/253/253 von 253  Tagen gewertet (1m/5m/15m)     6777 Signale  106 ms lesen  13871 ms rechnen
2026-09-08T05:55:48.606Z  MTN/2021        roh          61481 reg. Kerzen    0/249/250 von 252  Tagen gewertet (1m/5m/15m)     6565 Signale  131 ms lesen  13061 ms rechnen
2026-09-08T05:56:02.302Z  MTN/2022        roh          66186 reg. Kerzen    0/249/249 von 251  Tagen gewertet (1m/5m/15m)     6736 Signale  115 ms lesen  13421 ms rechnen
2026-09-08T05:56:14.778Z  MTN/2023        roh          60451 reg. Kerzen    0/248/250 von 250  Tagen gewertet (1m/5m/15m)     6251 Signale  230 ms lesen  12019 ms rechnen
2026-09-08T05:56:27.353Z  MTN/2024        roh          64810 reg. Kerzen    0/252/252 von 252  Tagen gewertet (1m/5m/15m)     6392 Signale  119 ms lesen  12297 ms rechnen
2026-09-08T05:56:40.918Z  MTN/2025        roh          70973 reg. Kerzen    0/250/250 von 250  Tagen gewertet (1m/5m/15m)     6540 Signale  114 ms lesen  13254 ms rechnen
2026-09-08T05:56:50.316Z  MTN/2026        roh          47471 reg. Kerzen    0/166/166 von 166  Tagen gewertet (1m/5m/15m)     4537 Signale  86 ms lesen  9062 ms rechnen
2026-09-08T05:57:01.058Z  MTSR/2025       roh          64817 reg. Kerzen    0/179/179 von 199  Tagen gewertet (1m/5m/15m)     4761 Signale  118 ms lesen  10474 ms rechnen
2026-09-08T05:57:10.214Z  MUFG/2016       roh          78997 reg. Kerzen    0/182/182 von 252  Tagen gewertet (1m/5m/15m)     4874 Signale  117 ms lesen  8840 ms rechnen
2026-09-08T05:57:21.629Z  MUFG/2017       roh          78787 reg. Kerzen    0/247/247 von 251  Tagen gewertet (1m/5m/15m)     6124 Signale  113 ms lesen  11047 ms rechnen
2026-09-08T05:57:31.990Z  MUFG/2018       roh          76166 reg. Kerzen    0/218/218 von 251  Tagen gewertet (1m/5m/15m)     5563 Signale  133 ms lesen  10028 ms rechnen
2026-09-08T05:57:37.654Z  MUFG/2019       roh          75697 reg. Kerzen    0/107/107 von 252  Tagen gewertet (1m/5m/15m)     2657 Signale  216 ms lesen  5246 ms rechnen
2026-09-08T05:57:44.595Z  MUFG/2020       roh          77859 reg. Kerzen    0/114/114 von 253  Tagen gewertet (1m/5m/15m)     3011 Signale  130 ms lesen  6560 ms rechnen
2026-09-08T05:57:56.443Z  MUFG/2021       roh          78445 reg. Kerzen    0/250/250 von 252  Tagen gewertet (1m/5m/15m)     6228 Signale  158 ms lesen  11444 ms rechnen
2026-09-08T05:58:08.245Z  MUFG/2022       roh          87272 reg. Kerzen    0/249/249 von 251  Tagen gewertet (1m/5m/15m)     6325 Signale  225 ms lesen  11339 ms rechnen
2026-09-08T05:58:19.257Z  MUFG/2023       roh          93389 reg. Kerzen    0/250/250 von 250  Tagen gewertet (1m/5m/15m)     6004 Signale  139 ms lesen  10615 ms rechnen
2026-09-08T05:58:30.118Z  MUFG/2024       roh          92183 reg. Kerzen    0/252/252 von 252  Tagen gewertet (1m/5m/15m)     5946 Signale  121 ms lesen  10513 ms rechnen
2026-09-08T05:58:41.106Z  MUFG/2025       roh          94467 reg. Kerzen    0/250/250 von 250  Tagen gewertet (1m/5m/15m)     6107 Signale  135 ms lesen  10654 ms rechnen
2026-09-08T05:58:48.873Z  MUFG/2026       roh          63794 reg. Kerzen    0/166/166 von 166  Tagen gewertet (1m/5m/15m)     4144 Signale  133 ms lesen  7380 ms rechnen
2026-09-08T05:58:49.252Z  MVC/2016        roh          11406 reg. Kerzen        0/0/0 von 252  Tagen gewertet (1m/5m/15m)        0 Signale  56 ms lesen  81 ms rechnen
2026-09-08T05:58:49.427Z  MVC/2017        roh          13144 reg. Kerzen        0/0/0 von 251  Tagen gewertet (1m/5m/15m)        0 Signale  50 ms lesen  93 ms rechnen
2026-09-08T05:58:49.623Z  MVC/2018        roh          11451 reg. Kerzen        0/0/0 von 251  Tagen gewertet (1m/5m/15m)        0 Signale  57 ms lesen  93 ms rechnen
2026-09-08T05:58:49.739Z  MVC/2019        roh           6591 reg. Kerzen        0/0/0 von 252  Tagen gewertet (1m/5m/15m)        0 Signale  30 ms lesen  53 ms rechnen
2026-09-08T05:58:49.882Z  MVC/2020        roh          12238 reg. Kerzen        0/0/0 von 248  Tagen gewertet (1m/5m/15m)        0 Signale  35 ms lesen  87 ms rechnen
2026-09-08T05:59:02.598Z  MXL/2016        roh          88702 reg. Kerzen    0/232/232 von 252  Tagen gewertet (1m/5m/15m)     6357 Signale  116 ms lesen  12553 ms rechnen
2026-09-08T05:59:15.992Z  MXL/2017        roh          80564 reg. Kerzen    0/251/251 von 251  Tagen gewertet (1m/5m/15m)     6638 Signale  97 ms lesen  13045 ms rechnen
2026-09-08T05:59:29.829Z  MXL/2018        roh          81716 reg. Kerzen    0/251/251 von 251  Tagen gewertet (1m/5m/15m)     6696 Signale  118 ms lesen  13491 ms rechnen
2026-09-08T05:59:43.007Z  MXL/2019        roh          72474 reg. Kerzen    0/241/241 von 252  Tagen gewertet (1m/5m/15m)     6369 Signale  131 ms lesen  12835 ms rechnen
2026-09-08T05:59:57.141Z  MXL/2020        roh          76707 reg. Kerzen    0/235/235 von 253  Tagen gewertet (1m/5m/15m)     6285 Signale  114 ms lesen  13786 ms rechnen
2026-09-08T06:00:12.041Z  MXL/2021        roh          74904 reg. Kerzen    0/250/250 von 252  Tagen gewertet (1m/5m/15m)     6905 Signale  207 ms lesen  14487 ms rechnen
2026-09-08T06:00:27.261Z  MXL/2022        roh          80275 reg. Kerzen    0/251/251 von 251  Tagen gewertet (1m/5m/15m)     6946 Signale  124 ms lesen  14889 ms rechnen
2026-09-08T06:00:43.131Z  MXL/2023        roh          80878 reg. Kerzen    0/250/250 von 250  Tagen gewertet (1m/5m/15m)     6799 Signale  131 ms lesen  15525 ms rechnen
2026-09-08T06:00:57.665Z  MXL/2024        roh          81431 reg. Kerzen    0/252/252 von 252  Tagen gewertet (1m/5m/15m)     6830 Signale  133 ms lesen  14215 ms rechnen
2026-09-08T06:01:12.726Z  MXL/2025        roh          85142 reg. Kerzen    0/250/250 von 250  Tagen gewertet (1m/5m/15m)     6788 Signale  115 ms lesen  14704 ms rechnen
2026-09-08T06:01:23.143Z  MXL/2026        roh          60344 reg. Kerzen    0/166/166 von 166  Tagen gewertet (1m/5m/15m)     4576 Signale  139 ms lesen  10041 ms rechnen
2026-09-08T06:01:23.375Z  MYNA/2021       roh           3601 reg. Kerzen        0/0/0 von 34   Tagen gewertet (1m/5m/15m)        0 Signale  28 ms lesen  17 ms rechnen
2026-09-08T06:01:23.480Z  MYNA/2022       roh           7188 reg. Kerzen        0/0/0 von 251  Tagen gewertet (1m/5m/15m)        0 Signale  41 ms lesen  55 ms rechnen
2026-09-08T06:01:23.538Z  MYNA/2023       roh           2547 reg. Kerzen        0/0/0 von 245  Tagen gewertet (1m/5m/15m)        0 Signale  14 ms lesen  22 ms rechnen
2026-09-08T06:01:23.619Z  MYNA/2024       roh           9433 reg. Kerzen        0/0/0 von 248  Tagen gewertet (1m/5m/15m)        0 Signale  22 ms lesen  53 ms rechnen
2026-09-08T06:01:23.697Z  MYNA/2025       roh           3900 reg. Kerzen        0/0/0 von 30   Tagen gewertet (1m/5m/15m)        0 Signale  21 ms lesen  34 ms rechnen
2026-09-08T06:01:23.972Z  MZOR/2016       roh          32829 reg. Kerzen        0/0/0 von 252  Tagen gewertet (1m/5m/15m)        0 Signale  59 ms lesen  200 ms rechnen
2026-09-08T06:01:34.709Z  MZOR/2017       roh          62937 reg. Kerzen    0/184/184 von 251  Tagen gewertet (1m/5m/15m)     5030 Signale  98 ms lesen  10562 ms rechnen
2026-09-08T06:01:47.066Z  MZOR/2018       roh          70643 reg. Kerzen    0/241/241 von 243  Tagen gewertet (1m/5m/15m)     5958 Signale  106 ms lesen  12075 ms rechnen
2026-09-08T06:01:47.304Z  NAOV/2017       bereinigt      938 reg. Kerzen        0/0/0 von 40   Tagen gewertet (1m/5m/15m)        0 Signale  45 ms lesen  9 ms rechnen
2026-09-08T06:01:47.356Z  NAOV/2018       bereinigt     2127 reg. Kerzen        0/0/0 von 224  Tagen gewertet (1m/5m/15m)        0 Signale  29 ms lesen  20 ms rechnen
2026-09-08T06:01:47.395Z  NAOV/2019       bereinigt     2928 reg. Kerzen        0/0/0 von 215  Tagen gewertet (1m/5m/15m)        0 Signale  8 ms lesen  24 ms rechnen
2026-09-08T06:01:47.590Z  NAOV/2020       bereinigt    20383 reg. Kerzen        0/0/0 von 228  Tagen gewertet (1m/5m/15m)        0 Signale  54 ms lesen  129 ms rechnen
2026-09-08T06:01:50.446Z  NAOV/2021       bereinigt    60650 reg. Kerzen      0/37/37 von 252  Tagen gewertet (1m/5m/15m)     1006 Signale  184 ms lesen  2609 ms rechnen
2026-09-08T06:01:50.871Z  NAOV/2022       bereinigt    23723 reg. Kerzen        0/0/0 von 251  Tagen gewertet (1m/5m/15m)        0 Signale  66 ms lesen  170 ms rechnen
2026-09-08T06:01:51.057Z  NAOV/2023       bereinigt    10195 reg. Kerzen        0/0/0 von 248  Tagen gewertet (1m/5m/15m)        0 Signale  42 ms lesen  71 ms rechnen
2026-09-08T06:01:51.169Z  NAOV/2024       bereinigt     8640 reg. Kerzen        0/0/0 von 252  Tagen gewertet (1m/5m/15m)        0 Signale  24 ms lesen  65 ms rechnen
2026-09-08T06:01:51.452Z  NAOV/2025       bereinigt    31470 reg. Kerzen        0/0/0 von 237  Tagen gewertet (1m/5m/15m)        0 Signale  84 ms lesen  177 ms rechnen
2026-09-08T06:02:05.339Z  NAV/2016        roh          91413 reg. Kerzen    0/232/232 von 252  Tagen gewertet (1m/5m/15m)     6392 Signale  133 ms lesen  13676 ms rechnen
2026-09-08T06:02:19.221Z  NAV/2017        roh          78199 reg. Kerzen    0/251/251 von 251  Tagen gewertet (1m/5m/15m)     6762 Signale  122 ms lesen  13525 ms rechnen
2026-09-08T06:02:33.521Z  NAV/2018        roh          80735 reg. Kerzen    0/251/251 von 251  Tagen gewertet (1m/5m/15m)     6725 Signale  140 ms lesen  13932 ms rechnen
2026-09-08T06:02:47.746Z  NAV/2019        roh          73682 reg. Kerzen    0/252/252 von 252  Tagen gewertet (1m/5m/15m)     6697 Signale  105 ms lesen  13941 ms rechnen
2026-09-08T06:03:01.337Z  NAV/2020        roh          84850 reg. Kerzen    0/253/253 von 253  Tagen gewertet (1m/5m/15m)     6140 Signale  135 ms lesen  13239 ms rechnen
2026-09-08T06:03:05.431Z  NAV/2021        roh          36395 reg. Kerzen    0/123/123 von 124  Tagen gewertet (1m/5m/15m)     1813 Signale  50 ms lesen  3838 ms rechnen
2026-09-08T06:03:06.699Z  NBHC/2016       roh          49418 reg. Kerzen      0/14/14 von 252  Tagen gewertet (1m/5m/15m)      350 Signale  82 ms lesen  1076 ms rechnen
2026-09-08T06:03:07.286Z  NBHC/2017       roh          39362 reg. Kerzen        0/2/2 von 251  Tagen gewertet (1m/5m/15m)       54 Signale  67 ms lesen  385 ms rechnen
2026-09-08T06:03:11.146Z  NBHC/2018       roh          46603 reg. Kerzen      0/76/77 von 251  Tagen gewertet (1m/5m/15m)     1869 Signale  95 ms lesen  3627 ms rechnen
2026-09-08T06:03:12.149Z  NBHC/2019       roh          42016 reg. Kerzen      0/12/13 von 252  Tagen gewertet (1m/5m/15m)      305 Signale  84 ms lesen  816 ms rechnen
2026-09-08T06:03:15.459Z  NBHC/2020       roh          43782 reg. Kerzen      0/49/49 von 253  Tagen gewertet (1m/5m/15m)     1353 Signale  78 ms lesen  3123 ms rechnen
2026-09-08T06:03:15.886Z  NBHC/2021       roh          32568 reg. Kerzen        0/0/0 von 252  Tagen gewertet (1m/5m/15m)        0 Signale  88 ms lesen  231 ms rechnen
2026-09-08T06:03:18.592Z  NBHC/2022       roh          36014 reg. Kerzen      0/46/47 von 251  Tagen gewertet (1m/5m/15m)     1180 Signale  68 ms lesen  2549 ms rechnen
2026-09-08T06:03:22.661Z  NBHC/2023       roh          38391 reg. Kerzen      0/70/72 von 250  Tagen gewertet (1m/5m/15m)     1860 Signale  72 ms lesen  3909 ms rechnen
2026-09-08T06:03:26.663Z  NBHC/2024       roh          36212 reg. Kerzen      0/71/98 von 252  Tagen gewertet (1m/5m/15m)     2001 Signale  73 ms lesen  3822 ms rechnen
2026-09-08T06:03:34.159Z  NBHC/2025       roh          41523 reg. Kerzen    0/153/167 von 250  Tagen gewertet (1m/5m/15m)     3932 Signale  62 ms lesen  7346 ms rechnen
2026-09-08T06:03:42.041Z  NBHC/2026       roh          34499 reg. Kerzen    0/158/166 von 166  Tagen gewertet (1m/5m/15m)     4040 Signale  66 ms lesen  7671 ms rechnen
2026-09-08T06:03:42.315Z  NBY/2016        bereinigt    10590 reg. Kerzen        0/0/0 von 252  Tagen gewertet (1m/5m/15m)        0 Signale  69 ms lesen  80 ms rechnen
2026-09-08T06:03:42.394Z  NBY/2017        bereinigt     5387 reg. Kerzen        0/0/0 von 251  Tagen gewertet (1m/5m/15m)        0 Signale  12 ms lesen  41 ms rechnen
2026-09-08T06:03:42.448Z  NBY/2018        bereinigt     3362 reg. Kerzen        0/0/0 von 250  Tagen gewertet (1m/5m/15m)        0 Signale  7 ms lesen  34 ms rechnen
2026-09-08T06:03:42.677Z  NBY/2019        bereinigt    28583 reg. Kerzen        0/0/0 von 252  Tagen gewertet (1m/5m/15m)        0 Signale  62 ms lesen  154 ms rechnen
2026-09-08T06:03:44.452Z  CHECKPOINT 3400 Dateien, 689 min, Detektorfehler {}
2026-09-08T06:03:45.589Z  NBY/2020        bereinigt    61704 reg. Kerzen        0/9/9 von 253  Tagen gewertet (1m/5m/15m)      240 Signale  164 ms lesen  971 ms rechnen
2026-09-08T06:03:46.267Z  NBY/2021        bereinigt    57101 reg. Kerzen        0/0/0 von 252  Tagen gewertet (1m/5m/15m)        0 Signale  141 ms lesen  370 ms rechnen
2026-09-08T06:03:46.717Z  NBY/2022        bereinigt    31173 reg. Kerzen        0/0/0 von 251  Tagen gewertet (1m/5m/15m)        0 Signale  69 ms lesen  209 ms rechnen
2026-09-08T06:03:46.981Z  NBY/2023        bereinigt    16347 reg. Kerzen        0/0/0 von 250  Tagen gewertet (1m/5m/15m)        0 Signale  49 ms lesen  122 ms rechnen
2026-09-08T06:03:47.375Z  NBY/2024        bereinigt    36098 reg. Kerzen        0/0/0 von 252  Tagen gewertet (1m/5m/15m)        0 Signale  135 ms lesen  210 ms rechnen
2026-09-08T06:03:48.275Z  NBY/2025        bereinigt    24852 reg. Kerzen       0/9/10 von 250  Tagen gewertet (1m/5m/15m)      242 Signale  52 ms lesen  729 ms rechnen
2026-09-08T06:03:49.614Z  NBY/2026        bereinigt    16736 reg. Kerzen      0/19/19 von 63   Tagen gewertet (1m/5m/15m)      509 Signale  33 ms lesen  1251 ms rechnen
2026-09-08T06:04:01.626Z  NCR/2016        roh          91080 reg. Kerzen    0/232/232 von 252  Tagen gewertet (1m/5m/15m)     5986 Signale  155 ms lesen  11818 ms rechnen
2026-09-08T06:04:14.247Z  NCR/2017        roh          89558 reg. Kerzen    0/251/251 von 251  Tagen gewertet (1m/5m/15m)     6421 Signale  125 ms lesen  12232 ms rechnen
2026-09-08T06:04:27.371Z  NCR/2018        roh          89643 reg. Kerzen    0/251/251 von 251  Tagen gewertet (1m/5m/15m)     6506 Signale  140 ms lesen  12758 ms rechnen
2026-09-08T06:04:41.107Z  NCR/2019        roh          86952 reg. Kerzen    0/252/252 von 252  Tagen gewertet (1m/5m/15m)     6490 Signale  111 ms lesen  13406 ms rechnen
2026-09-08T06:04:56.404Z  NCR/2020        roh          90545 reg. Kerzen    0/253/253 von 253  Tagen gewertet (1m/5m/15m)     6769 Signale  142 ms lesen  14909 ms rechnen
2026-09-08T06:05:10.412Z  NCR/2021        roh          89316 reg. Kerzen    0/250/250 von 252  Tagen gewertet (1m/5m/15m)     6732 Signale  253 ms lesen  13520 ms rechnen
2026-09-08T06:05:25.172Z  NCR/2022        roh          92601 reg. Kerzen    0/249/249 von 251  Tagen gewertet (1m/5m/15m)     6788 Signale  141 ms lesen  14355 ms rechnen
2026-09-08T06:05:35.868Z  NCR/2023        roh          72054 reg. Kerzen    0/198/198 von 198  Tagen gewertet (1m/5m/15m)     5173 Signale  127 ms lesen  10305 ms rechnen
2026-09-08T06:05:36.349Z  NEBC/2021       roh          14265 reg. Kerzen        0/2/6 von 126  Tagen gewertet (1m/5m/15m)       78 Signale  28 ms lesen  227 ms rechnen
2026-09-08T06:05:36.759Z  NEOS/2016       roh          37897 reg. Kerzen        0/0/0 von 252  Tagen gewertet (1m/5m/15m)        0 Signale  90 ms lesen  267 ms rechnen
2026-09-08T06:05:39.741Z  NEOS/2017       roh          58669 reg. Kerzen      0/42/42 von 251  Tagen gewertet (1m/5m/15m)     1119 Signale  91 ms lesen  2758 ms rechnen
2026-09-08T06:05:40.318Z  NEOS/2018       roh          48203 reg. Kerzen        0/0/0 von 251  Tagen gewertet (1m/5m/15m)        0 Signale  75 ms lesen  336 ms rechnen
2026-09-08T06:05:40.913Z  NEOS/2019       roh          40839 reg. Kerzen        0/0/0 von 252  Tagen gewertet (1m/5m/15m)        0 Signale  184 ms lesen  270 ms rechnen
2026-09-08T06:05:41.332Z  NEOS/2020       roh          35774 reg. Kerzen        0/0/0 von 253  Tagen gewertet (1m/5m/15m)        0 Signale  77 ms lesen  245 ms rechnen
2026-09-08T06:05:41.527Z  NEOS/2021       roh          18232 reg. Kerzen        0/0/0 von 53   Tagen gewertet (1m/5m/15m)        0 Signale  35 ms lesen  86 ms rechnen
2026-09-08T06:05:41.946Z  NETE/2016       bereinigt    38805 reg. Kerzen        0/0/0 von 252  Tagen gewertet (1m/5m/15m)        0 Signale  106 ms lesen  247 ms rechnen
2026-09-08T06:05:42.259Z  NETE/2017       bereinigt    26144 reg. Kerzen        0/0/0 von 251  Tagen gewertet (1m/5m/15m)        0 Signale  42 ms lesen  161 ms rechnen
2026-09-08T06:05:43.523Z  NETE/2018       roh          33627 reg. Kerzen      0/15/16 von 251  Tagen gewertet (1m/5m/15m)      425 Signale  72 ms lesen  1129 ms rechnen
2026-09-08T06:05:43.768Z  NETE/2019       roh          12427 reg. Kerzen        0/0/0 von 252  Tagen gewertet (1m/5m/15m)        0 Signale  35 ms lesen  93 ms rechnen
2026-09-08T06:05:48.151Z  NETE/2020       roh          42636 reg. Kerzen      0/64/64 von 253  Tagen gewertet (1m/5m/15m)     1711 Signale  133 ms lesen  4212 ms rechnen
2026-09-08T06:05:52.045Z  NETE/2021       roh          34176 reg. Kerzen      0/55/55 von 213  Tagen gewertet (1m/5m/15m)     1545 Signale  78 ms lesen  3676 ms rechnen
2026-09-08T06:06:04.765Z  NEWR/2016       roh          71795 reg. Kerzen    0/232/232 von 252  Tagen gewertet (1m/5m/15m)     6191 Signale  134 ms lesen  12482 ms rechnen
2026-09-08T06:06:19.314Z  NEWR/2017       roh          69334 reg. Kerzen    0/251/251 von 251  Tagen gewertet (1m/5m/15m)     6561 Signale  86 ms lesen  14249 ms rechnen
2026-09-08T06:06:37.303Z  NEWR/2018       roh          82164 reg. Kerzen    0/251/251 von 251  Tagen gewertet (1m/5m/15m)     6691 Signale  192 ms lesen  17474 ms rechnen
2026-09-08T06:06:51.404Z  NEWR/2019       roh          86652 reg. Kerzen    0/252/252 von 252  Tagen gewertet (1m/5m/15m)     6640 Signale  135 ms lesen  13737 ms rechnen
2026-09-08T06:07:06.928Z  NEWR/2020       roh          84995 reg. Kerzen    0/253/253 von 253  Tagen gewertet (1m/5m/15m)     6748 Signale  132 ms lesen  15099 ms rechnen
2026-09-08T06:07:20.932Z  NEWR/2021       roh          73764 reg. Kerzen    0/250/250 von 252  Tagen gewertet (1m/5m/15m)     6648 Signale  112 ms lesen  13666 ms rechnen
2026-09-08T06:07:37.256Z  NEWR/2022       roh          79027 reg. Kerzen    0/249/249 von 251  Tagen gewertet (1m/5m/15m)     6820 Signale  109 ms lesen  16018 ms rechnen
2026-09-08T06:07:48.867Z  NEWR/2023       roh          66508 reg. Kerzen    0/214/214 von 214  Tagen gewertet (1m/5m/15m)     4928 Signale  103 ms lesen  11267 ms rechnen
2026-09-08T06:07:49.358Z  NFE/2019        roh          30275 reg. Kerzen        0/0/0 von 232  Tagen gewertet (1m/5m/15m)        0 Signale  62 ms lesen  213 ms rechnen
2026-09-08T06:07:55.492Z  NFE/2020        roh          45962 reg. Kerzen      0/90/91 von 253  Tagen gewertet (1m/5m/15m)     2450 Signale  85 ms lesen  5954 ms rechnen
2026-09-08T06:08:12.162Z  NFE/2021        roh          76004 reg. Kerzen    0/252/252 von 252  Tagen gewertet (1m/5m/15m)     6992 Signale  130 ms lesen  16391 ms rechnen
2026-09-08T06:08:28.603Z  NFE/2022        roh          89516 reg. Kerzen    0/251/251 von 251  Tagen gewertet (1m/5m/15m)     6879 Signale  122 ms lesen  16078 ms rechnen
2026-09-08T06:08:43.432Z  NFE/2023        roh          92522 reg. Kerzen    0/250/250 von 250  Tagen gewertet (1m/5m/15m)     6723 Signale  159 ms lesen  14408 ms rechnen
2026-09-08T06:08:58.737Z  NFE/2024        roh          94137 reg. Kerzen    0/252/252 von 252  Tagen gewertet (1m/5m/15m)     6883 Signale  131 ms lesen  14913 ms rechnen
2026-09-08T06:09:16.272Z  NFE/2025        roh          96423 reg. Kerzen    0/250/250 von 250  Tagen gewertet (1m/5m/15m)     6869 Signale  228 ms lesen  17017 ms rechnen
2026-09-08T06:09:22.710Z  NFE/2026        roh          60695 reg. Kerzen      0/81/81 von 166  Tagen gewertet (1m/5m/15m)     2283 Signale  153 ms lesen  5978 ms rechnen
2026-09-08T06:09:22.927Z  NFYS/2021       roh            101 reg. Kerzen        0/0/0 von 19   Tagen gewertet (1m/5m/15m)        0 Signale  21 ms lesen  2 ms rechnen
2026-09-08T06:09:22.973Z  NFYS/2022       roh           1094 reg. Kerzen        0/0/0 von 169  Tagen gewertet (1m/5m/15m)        0 Signale  32 ms lesen  13 ms rechnen
2026-09-08T06:09:23.010Z  NFYS/2023       roh           1257 reg. Kerzen        0/0/0 von 206  Tagen gewertet (1m/5m/15m)        0 Signale  17 ms lesen  15 ms rechnen
2026-09-08T06:09:23.030Z  NFYS/2024       roh            277 reg. Kerzen        0/0/0 von 94   Tagen gewertet (1m/5m/15m)        0 Signale  9 ms lesen  5 ms rechnen
2026-09-08T06:09:25.971Z  NGHC/2016       roh          54264 reg. Kerzen      0/48/48 von 252  Tagen gewertet (1m/5m/15m)     1209 Signale  105 ms lesen  2829 ms rechnen
2026-09-08T06:09:29.480Z  NGHC/2017       roh          54162 reg. Kerzen      0/54/54 von 251  Tagen gewertet (1m/5m/15m)     1355 Signale  123 ms lesen  3217 ms rechnen
2026-09-08T06:09:34.520Z  NGHC/2018       roh          55395 reg. Kerzen      0/79/79 von 251  Tagen gewertet (1m/5m/15m)     2001 Signale  219 ms lesen  4646 ms rechnen
2026-09-08T06:09:37.560Z  NGHC/2019       roh          53876 reg. Kerzen      0/41/41 von 252  Tagen gewertet (1m/5m/15m)     1024 Signale  108 ms lesen  2746 ms rechnen
2026-09-08T06:09:45.736Z  NGHC/2020       roh          69215 reg. Kerzen    0/174/174 von 253  Tagen gewertet (1m/5m/15m)     3382 Signale  97 ms lesen  7931 ms rechnen
2026-09-08T06:09:46.157Z  NHC/2016        roh          15125 reg. Kerzen        0/0/0 von 252  Tagen gewertet (1m/5m/15m)        0 Signale  51 ms lesen  106 ms rechnen
2026-09-08T06:09:46.313Z  NHC/2017        roh          13235 reg. Kerzen        0/0/0 von 251  Tagen gewertet (1m/5m/15m)        0 Signale  43 ms lesen  71 ms rechnen
2026-09-08T06:09:46.502Z  NHC/2018        roh          14888 reg. Kerzen        0/0/0 von 251  Tagen gewertet (1m/5m/15m)        0 Signale  42 ms lesen  107 ms rechnen
2026-09-08T06:09:46.732Z  NHC/2019        roh          15787 reg. Kerzen        0/0/0 von 252  Tagen gewertet (1m/5m/15m)        0 Signale  56 ms lesen  128 ms rechnen
2026-09-08T06:09:47.480Z  NHC/2020        roh          18093 reg. Kerzen       0/6/10 von 253  Tagen gewertet (1m/5m/15m)      174 Signale  52 ms lesen  638 ms rechnen
2026-09-08T06:09:47.673Z  NHC/2021        roh          11901 reg. Kerzen        0/0/0 von 252  Tagen gewertet (1m/5m/15m)        0 Signale  30 ms lesen  98 ms rechnen
2026-09-08T06:09:47.827Z  NHC/2022        roh          12772 reg. Kerzen        0/0/0 von 251  Tagen gewertet (1m/5m/15m)        0 Signale  44 ms lesen  78 ms rechnen
2026-09-08T06:09:48.465Z  NHC/2023        roh          18253 reg. Kerzen        0/8/9 von 250  Tagen gewertet (1m/5m/15m)      197 Signale  50 ms lesen  556 ms rechnen
2026-09-08T06:09:49.407Z  NHC/2024        roh          15488 reg. Kerzen       0/3/46 von 252  Tagen gewertet (1m/5m/15m)      445 Signale  36 ms lesen  849 ms rechnen
2026-09-08T06:09:49.780Z  NHC/2025        roh          14339 reg. Kerzen       0/0/14 von 250  Tagen gewertet (1m/5m/15m)      125 Signale  38 ms lesen  277 ms rechnen
2026-09-08T06:09:52.017Z  NHC/2026        roh          13987 reg. Kerzen      0/8/134 von 166  Tagen gewertet (1m/5m/15m)     1299 Signale  32 ms lesen  2159 ms rechnen
2026-09-08T06:09:52.145Z  NILE/2016       roh           4179 reg. Kerzen        0/0/0 von 228  Tagen gewertet (1m/5m/15m)        0 Signale  32 ms lesen  34 ms rechnen
2026-09-08T06:09:53.489Z  NILE/2017       roh          27695 reg. Kerzen      0/14/14 von 250  Tagen gewertet (1m/5m/15m)      372 Signale  60 ms lesen  1269 ms rechnen
2026-09-08T06:09:56.835Z  NILE/2018       roh          73459 reg. Kerzen      0/40/40 von 251  Tagen gewertet (1m/5m/15m)     1161 Signale  152 ms lesen  3093 ms rechnen
2026-09-08T06:09:57.570Z  NILE/2019       roh          59336 reg. Kerzen        0/0/0 von 250  Tagen gewertet (1m/5m/15m)        0 Signale  123 ms lesen  411 ms rechnen
2026-09-08T06:10:01.131Z  NILE/2020       roh          60547 reg. Kerzen      0/40/40 von 253  Tagen gewertet (1m/5m/15m)     1106 Signale  127 ms lesen  3245 ms rechnen
2026-09-08T06:10:18.837Z  NILE/2021       roh          92641 reg. Kerzen    0/238/238 von 252  Tagen gewertet (1m/5m/15m)     6684 Signale  198 ms lesen  17319 ms rechnen
2026-09-08T06:10:23.260Z  NILE/2022       roh          89120 reg. Kerzen      0/50/50 von 251  Tagen gewertet (1m/5m/15m)     1347 Signale  280 ms lesen  3836 ms rechnen
2026-09-08T06:10:23.648Z  NKA/2016        roh           9075 reg. Kerzen        0/0/0 von 136  Tagen gewertet (1m/5m/15m)        0 Signale  26 ms lesen  66 ms rechnen
2026-09-08T06:10:24.055Z  NLSP/2021       bereinigt    29513 reg. Kerzen        0/0/0 von 234  Tagen gewertet (1m/5m/15m)        0 Signale  158 ms lesen  208 ms rechnen
2026-09-08T06:10:24.417Z  NLSP/2022       bereinigt    21820 reg. Kerzen        0/0/0 von 251  Tagen gewertet (1m/5m/15m)        0 Signale  110 ms lesen  161 ms rechnen
2026-09-08T06:10:24.678Z  NLSP/2023       bereinigt    13377 reg. Kerzen        0/0/0 von 250  Tagen gewertet (1m/5m/15m)        0 Signale  63 ms lesen  120 ms rechnen
2026-09-08T06:10:24.971Z  NLSP/2024       bereinigt    23508 reg. Kerzen        0/0/0 von 252  Tagen gewertet (1m/5m/15m)        0 Signale  88 ms lesen  164 ms rechnen
2026-09-08T06:10:25.340Z  NLSP/2025       bereinigt    19524 reg. Kerzen        0/0/0 von 208  Tagen gewertet (1m/5m/15m)        0 Signale  142 ms lesen  159 ms rechnen
2026-09-08T06:10:25.923Z  NMIH/2016       roh          61910 reg. Kerzen        0/0/0 von 252  Tagen gewertet (1m/5m/15m)        0 Signale  94 ms lesen  433 ms rechnen
2026-09-08T06:10:30.604Z  NMIH/2017       roh          64035 reg. Kerzen      0/61/61 von 251  Tagen gewertet (1m/5m/15m)     1615 Signale  132 ms lesen  4350 ms rechnen
2026-09-08T06:10:43.423Z  NMIH/2018       roh          63495 reg. Kerzen    0/200/201 von 251  Tagen gewertet (1m/5m/15m)     5313 Signale  114 ms lesen  12517 ms rechnen
2026-09-08T06:10:57.355Z  NMIH/2019       roh          70970 reg. Kerzen    0/235/235 von 252  Tagen gewertet (1m/5m/15m)     6216 Signale  132 ms lesen  13592 ms rechnen
2026-09-08T06:11:13.786Z  NMIH/2020       roh          86372 reg. Kerzen    0/253/253 von 253  Tagen gewertet (1m/5m/15m)     6867 Signale  175 ms lesen  16042 ms rechnen
2026-09-08T06:11:27.456Z  NMIH/2021       roh          71292 reg. Kerzen    0/240/240 von 252  Tagen gewertet (1m/5m/15m)     6415 Signale  143 ms lesen  13279 ms rechnen
2026-09-08T06:11:39.679Z  NMIH/2022       roh          74846 reg. Kerzen    0/223/223 von 251  Tagen gewertet (1m/5m/15m)     5915 Signale  117 ms lesen  11904 ms rechnen
2026-09-08T06:11:50.065Z  NMIH/2023       roh          63325 reg. Kerzen    0/202/203 von 250  Tagen gewertet (1m/5m/15m)     5175 Signale  223 ms lesen  9993 ms rechnen
2026-09-08T06:12:02.059Z  NMIH/2024       roh          63031 reg. Kerzen    0/252/252 von 252  Tagen gewertet (1m/5m/15m)     6205 Signale  116 ms lesen  11731 ms rechnen
2026-09-08T06:12:13.904Z  NMIH/2025       roh          58904 reg. Kerzen    0/250/250 von 250  Tagen gewertet (1m/5m/15m)     6244 Signale  116 ms lesen  11581 ms rechnen
2026-09-08T06:12:21.958Z  NMIH/2026       roh          39938 reg. Kerzen    0/166/166 von 166  Tagen gewertet (1m/5m/15m)     4289 Signale  78 ms lesen  7801 ms rechnen
2026-09-08T06:12:22.428Z  NMTR/2020       bereinigt    42579 reg. Kerzen        0/0/0 von 169  Tagen gewertet (1m/5m/15m)        0 Signale  120 ms lesen  204 ms rechnen
2026-09-08T06:12:27.691Z  NMTR/2021       bereinigt    89767 reg. Kerzen      0/67/67 von 252  Tagen gewertet (1m/5m/15m)     1882 Signale  158 ms lesen  4980 ms rechnen
2026-09-08T06:12:28.441Z  NMTR/2022       bereinigt    65795 reg. Kerzen        0/0/0 von 251  Tagen gewertet (1m/5m/15m)        0 Signale  126 ms lesen  381 ms rechnen
2026-09-08T06:12:28.760Z  NMTR/2023       roh          10262 reg. Kerzen        0/0/0 von 140  Tagen gewertet (1m/5m/15m)        0 Signale  39 ms lesen  65 ms rechnen
2026-09-08T06:12:38.864Z  NOC/2016        roh          92505 reg. Kerzen    0/232/232 von 252  Tagen gewertet (1m/5m/15m)     5181 Signale  228 ms lesen  9812 ms rechnen
2026-09-08T06:12:49.675Z  NOC/2017        roh          87031 reg. Kerzen    0/250/250 von 251  Tagen gewertet (1m/5m/15m)     5365 Signale  138 ms lesen  10448 ms rechnen
2026-09-08T06:13:02.323Z  NOC/2018        roh          91646 reg. Kerzen    0/251/251 von 251  Tagen gewertet (1m/5m/15m)     6164 Signale  153 ms lesen  12247 ms rechnen
2026-09-08T06:13:14.635Z  NOC/2019        roh          88626 reg. Kerzen    0/251/251 von 252  Tagen gewertet (1m/5m/15m)     6049 Signale  139 ms lesen  11977 ms rechnen
2026-09-08T06:13:28.315Z  NOC/2020        roh          91388 reg. Kerzen    0/253/253 von 253  Tagen gewertet (1m/5m/15m)     6435 Signale  147 ms lesen  13287 ms rechnen
2026-09-08T06:13:40.466Z  NOC/2021        roh          88096 reg. Kerzen    0/250/250 von 252  Tagen gewertet (1m/5m/15m)     5949 Signale  140 ms lesen  11756 ms rechnen
2026-09-08T06:13:53.425Z  NOC/2022        roh          86298 reg. Kerzen    0/249/249 von 251  Tagen gewertet (1m/5m/15m)     6439 Signale  136 ms lesen  12535 ms rechnen
2026-09-08T06:14:05.522Z  NOC/2023        roh          82501 reg. Kerzen    0/250/250 von 250  Tagen gewertet (1m/5m/15m)     6006 Signale  100 ms lesen  11725 ms rechnen
2026-09-08T06:14:16.912Z  NOC/2024        roh          76042 reg. Kerzen    0/252/252 von 252  Tagen gewertet (1m/5m/15m)     5816 Signale  121 ms lesen  11025 ms rechnen
2026-09-08T06:14:28.829Z  NOC/2025        roh          79014 reg. Kerzen    0/250/250 von 250  Tagen gewertet (1m/5m/15m)     5932 Signale  138 ms lesen  11583 ms rechnen
2026-09-08T06:14:37.546Z  NOC/2026        roh          61172 reg. Kerzen    0/166/166 von 166  Tagen gewertet (1m/5m/15m)     4231 Signale  111 ms lesen  8408 ms rechnen
2026-09-08T06:14:37.941Z  NOVA/2019       roh          21539 reg. Kerzen        0/0/0 von 111  Tagen gewertet (1m/5m/15m)        0 Signale  78 ms lesen  127 ms rechnen
2026-09-08T06:14:51.699Z  NOVA/2020       roh          83055 reg. Kerzen    0/225/225 von 253  Tagen gewertet (1m/5m/15m)     6164 Signale  125 ms lesen  13581 ms rechnen
2026-09-08T06:15:07.406Z  NOVA/2021       roh          94989 reg. Kerzen    0/250/250 von 252  Tagen gewertet (1m/5m/15m)     6860 Signale  154 ms lesen  15333 ms rechnen
2026-09-08T06:15:23.101Z  NOVA/2022       roh          96417 reg. Kerzen    0/249/249 von 251  Tagen gewertet (1m/5m/15m)     6907 Signale  151 ms lesen  15231 ms rechnen
2026-09-08T06:15:39.519Z  NOVA/2023       roh          96938 reg. Kerzen    0/250/250 von 250  Tagen gewertet (1m/5m/15m)     6876 Signale  176 ms lesen  15969 ms rechnen
2026-09-08T06:15:57.475Z  NOVA/2024       roh          97455 reg. Kerzen    0/251/251 von 252  Tagen gewertet (1m/5m/15m)     6850 Signale  152 ms lesen  17567 ms rechnen
2026-09-08T06:16:04.390Z  NOVA/2025       roh          40485 reg. Kerzen      0/71/71 von 107  Tagen gewertet (1m/5m/15m)     1908 Signale  1634 ms lesen  4961 ms rechnen
2026-09-08T06:16:12.059Z  NPD/2016        roh          10913 reg. Kerzen        0/0/0 von 148  Tagen gewertet (1m/5m/15m)        0 Signale  7356 ms lesen  56 ms rechnen
2026-09-08T06:16:15.510Z  NQI/2016        roh           4945 reg. Kerzen        0/0/0 von 67   Tagen gewertet (1m/5m/15m)        0 Signale  3318 ms lesen  23 ms rechnen
2026-09-08T06:16:16.458Z  NRCIB/2016      roh           1252 reg. Kerzen        0/0/0 von 205  Tagen gewertet (1m/5m/15m)        0 Signale  881 ms lesen  8 ms rechnen
2026-09-08T06:16:17.726Z  NRCIB/2017      roh           1714 reg. Kerzen        0/0/0 von 223  Tagen gewertet (1m/5m/15m)        0 Signale  1253 ms lesen  11 ms rechnen
2026-09-08T06:16:18.044Z  NRCIB/2018      roh            262 reg. Kerzen        0/0/0 von 62   Tagen gewertet (1m/5m/15m)        0 Signale  310 ms lesen  3 ms rechnen
2026-09-08T06:16:41.288Z  NSAM/2016       roh          92510 reg. Kerzen    0/232/232 von 252  Tagen gewertet (1m/5m/15m)     6123 Signale  9005 ms lesen  13992 ms rechnen
2026-09-08T06:16:41.989Z  NSAM/2017       roh           2275 reg. Kerzen        0/6/6 von 6    Tagen gewertet (1m/5m/15m)      171 Signale  46 ms lesen  358 ms rechnen
2026-09-08T06:16:54.517Z  NSP/2016        bereinigt    55747 reg. Kerzen    0/215/221 von 252  Tagen gewertet (1m/5m/15m)     5546 Signale  106 ms lesen  12397 ms rechnen
2026-09-08T06:17:07.481Z  NSP/2017        bereinigt    43382 reg. Kerzen    0/220/250 von 251  Tagen gewertet (1m/5m/15m)     5960 Signale  108 ms lesen  12661 ms rechnen
2026-09-08T06:17:22.745Z  NSP/2018        roh          63206 reg. Kerzen    0/248/248 von 251  Tagen gewertet (1m/5m/15m)     6626 Signale  121 ms lesen  15011 ms rechnen
2026-09-08T06:17:37.344Z  NSP/2019        roh          70507 reg. Kerzen    0/252/252 von 252  Tagen gewertet (1m/5m/15m)     6531 Signale  123 ms lesen  14293 ms rechnen
2026-09-08T06:17:54.014Z  NSP/2020        roh          69451 reg. Kerzen    0/253/253 von 253  Tagen gewertet (1m/5m/15m)     6646 Signale  106 ms lesen  16344 ms rechnen
2026-09-08T06:18:06.768Z  NSP/2021        roh          44830 reg. Kerzen    0/213/250 von 252  Tagen gewertet (1m/5m/15m)     5780 Signale  80 ms lesen  12437 ms rechnen
2026-09-08T06:18:18.980Z  NSP/2022        roh          40342 reg. Kerzen    0/177/249 von 251  Tagen gewertet (1m/5m/15m)     5244 Signale  69 ms lesen  12004 ms rechnen
2026-09-08T06:18:31.494Z  NSP/2023        roh          44297 reg. Kerzen    0/219/250 von 250  Tagen gewertet (1m/5m/15m)     5792 Signale  89 ms lesen  12314 ms rechnen
2026-09-08T06:18:43.809Z  NSP/2024        roh          45643 reg. Kerzen    0/207/251 von 252  Tagen gewertet (1m/5m/15m)     5670 Signale  87 ms lesen  12082 ms rechnen
2026-09-08T06:18:59.661Z  NSP/2025        roh          64899 reg. Kerzen    0/250/250 von 250  Tagen gewertet (1m/5m/15m)     6601 Signale  97 ms lesen  15613 ms rechnen
2026-09-08T06:19:10.923Z  NSP/2026        roh          47391 reg. Kerzen    0/165/166 von 166  Tagen gewertet (1m/5m/15m)     4534 Signale  81 ms lesen  10969 ms rechnen
2026-09-08T06:19:24.312Z  NTAP/2016       roh          97405 reg. Kerzen    0/232/232 von 252  Tagen gewertet (1m/5m/15m)     5869 Signale  156 ms lesen  13070 ms rechnen
2026-09-08T06:19:38.134Z  NTAP/2017       roh          96715 reg. Kerzen    0/251/251 von 251  Tagen gewertet (1m/5m/15m)     6022 Signale  142 ms lesen  13383 ms rechnen
2026-09-08T06:19:52.917Z  NTAP/2018       roh          96184 reg. Kerzen    0/249/249 von 251  Tagen gewertet (1m/5m/15m)     6384 Signale  145 ms lesen  14299 ms rechnen
2026-09-08T06:20:09.585Z  NTAP/2019       roh          97330 reg. Kerzen    0/252/252 von 252  Tagen gewertet (1m/5m/15m)     6377 Signale  164 ms lesen  16192 ms rechnen
2026-09-08T06:20:25.252Z  NTAP/2020       roh          97738 reg. Kerzen    0/253/253 von 253  Tagen gewertet (1m/5m/15m)     6654 Signale  151 ms lesen  15136 ms rechnen
2026-09-08T06:20:38.712Z  NTAP/2021       roh          95524 reg. Kerzen    0/252/252 von 252  Tagen gewertet (1m/5m/15m)     6342 Signale  125 ms lesen  12994 ms rechnen
2026-09-08T06:20:53.118Z  NTAP/2022       roh          95966 reg. Kerzen    0/251/251 von 251  Tagen gewertet (1m/5m/15m)     6535 Signale  146 ms lesen  13972 ms rechnen
2026-09-08T06:21:05.912Z  NTAP/2023       roh          95584 reg. Kerzen    0/250/250 von 250  Tagen gewertet (1m/5m/15m)     6157 Signale  161 ms lesen  12342 ms rechnen
2026-09-08T06:21:19.667Z  NTAP/2024       roh          94054 reg. Kerzen    0/252/252 von 252  Tagen gewertet (1m/5m/15m)     6182 Signale  154 ms lesen  13335 ms rechnen
2026-09-08T06:21:33.635Z  NTAP/2025       roh          92680 reg. Kerzen    0/250/250 von 250  Tagen gewertet (1m/5m/15m)     6251 Signale  312 ms lesen  13303 ms rechnen
2026-09-08T06:21:43.874Z  NTAP/2026       roh          62632 reg. Kerzen    0/166/166 von 166  Tagen gewertet (1m/5m/15m)     4432 Signale  123 ms lesen  9846 ms rechnen
2026-09-08T06:21:49.327Z  NTI/2016        roh          34648 reg. Kerzen    0/100/100 von 120  Tagen gewertet (1m/5m/15m)     2545 Signale  62 ms lesen  5214 ms rechnen
2026-09-08T06:21:59.734Z  NTRI/2016       roh          65686 reg. Kerzen    0/179/180 von 252  Tagen gewertet (1m/5m/15m)     4750 Signale  134 ms lesen  10160 ms rechnen
2026-09-08T06:22:13.285Z  NTRI/2017       roh          70825 reg. Kerzen    0/249/250 von 251  Tagen gewertet (1m/5m/15m)     6706 Signale  113 ms lesen  13245 ms rechnen
2026-09-08T06:22:28.138Z  NTRI/2018       roh          80282 reg. Kerzen    0/249/249 von 251  Tagen gewertet (1m/5m/15m)     6626 Signale  232 ms lesen  14421 ms rechnen
2026-09-08T06:22:29.959Z  NTRI/2019       roh          14803 reg. Kerzen      0/45/45 von 45   Tagen gewertet (1m/5m/15m)      736 Signale  113 ms lesen  1502 ms rechnen
2026-09-08T06:22:30.031Z  NUANV/2019      roh              7 reg. Kerzen        0/0/0 von 4    Tagen gewertet (1m/5m/15m)        0 Signale  15 ms lesen  0 ms rechnen
2026-09-08T06:22:30.804Z  NUVL/2021       roh          14383 reg. Kerzen      0/10/14 von 109  Tagen gewertet (1m/5m/15m)      303 Signale  62 ms lesen  709 ms rechnen
2026-09-08T06:22:32.527Z  NUVL/2022       roh          38264 reg. Kerzen      0/24/26 von 251  Tagen gewertet (1m/5m/15m)      681 Signale  67 ms lesen  1615 ms rechnen
2026-09-08T06:22:44.164Z  NUVL/2023       roh          52428 reg. Kerzen    0/191/197 von 250  Tagen gewertet (1m/5m/15m)     5161 Signale  90 ms lesen  11417 ms rechnen
2026-09-08T06:22:58.475Z  NUVL/2024       roh          55391 reg. Kerzen    0/246/252 von 252  Tagen gewertet (1m/5m/15m)     6634 Signale  96 ms lesen  14092 ms rechnen
2026-09-08T06:23:12.340Z  NUVL/2025       roh          59918 reg. Kerzen    0/248/250 von 250  Tagen gewertet (1m/5m/15m)     6598 Signale  98 ms lesen  13599 ms rechnen
2026-09-08T06:23:19.729Z  NUVL/2026       roh          35493 reg. Kerzen    0/131/132 von 132  Tagen gewertet (1m/5m/15m)     3328 Signale  71 ms lesen  7150 ms rechnen
2026-09-08T06:23:20.089Z  NVEE/2016       bereinigt    28395 reg. Kerzen        0/0/0 von 252  Tagen gewertet (1m/5m/15m)        0 Signale  62 ms lesen  168 ms rechnen
2026-09-08T06:23:20.341Z  NVEE/2017       bereinigt    23143 reg. Kerzen        0/0/0 von 251  Tagen gewertet (1m/5m/15m)        0 Signale  41 ms lesen  156 ms rechnen
2026-09-08T06:23:22.720Z  NVEE/2018       bereinigt    30429 reg. Kerzen      0/31/69 von 251  Tagen gewertet (1m/5m/15m)     1154 Signale  39 ms lesen  2282 ms rechnen
2026-09-08T06:23:29.383Z  NVEE/2019       bereinigt    37217 reg. Kerzen    0/112/183 von 252  Tagen gewertet (1m/5m/15m)     3633 Signale  70 ms lesen  6512 ms rechnen
2026-09-08T06:23:33.795Z  NVEE/2020       bereinigt    37139 reg. Kerzen      0/76/76 von 253  Tagen gewertet (1m/5m/15m)     2084 Signale  48 ms lesen  4251 ms rechnen
2026-09-08T06:23:36.650Z  NVEE/2021       bereinigt    25550 reg. Kerzen      0/35/82 von 252  Tagen gewertet (1m/5m/15m)     1351 Signale  41 ms lesen  2716 ms rechnen
2026-09-08T06:23:38.938Z  NVEE/2022       bereinigt    21333 reg. Kerzen     0/14/124 von 251  Tagen gewertet (1m/5m/15m)     1359 Signale  26 ms lesen  2170 ms rechnen
2026-09-08T06:23:42.713Z  NVEE/2023       bereinigt    24982 reg. Kerzen     0/40/168 von 250  Tagen gewertet (1m/5m/15m)     2199 Signale  37 ms lesen  3673 ms rechnen
2026-09-08T06:23:46.774Z  NVEE/2024       bereinigt    29478 reg. Kerzen     0/57/132 von 252  Tagen gewertet (1m/5m/15m)     2070 Signale  56 ms lesen  3951 ms rechnen
2026-09-08T06:23:54.202Z  NVEE/2025       roh          37738 reg. Kerzen    0/136/136 von 145  Tagen gewertet (1m/5m/15m)     3505 Signale  68 ms lesen  7275 ms rechnen
2026-09-08T06:23:54.435Z  NVMI/2016       roh          11475 reg. Kerzen        0/0/0 von 252  Tagen gewertet (1m/5m/15m)        0 Signale  45 ms lesen  84 ms rechnen
2026-09-08T06:24:01.705Z  NVMI/2017       roh          50461 reg. Kerzen    0/127/128 von 251  Tagen gewertet (1m/5m/15m)     3518 Signale  91 ms lesen  7151 ms rechnen
2026-09-08T06:24:03.089Z  NVMI/2018       roh          42315 reg. Kerzen      0/16/16 von 251  Tagen gewertet (1m/5m/15m)      430 Signale  79 ms lesen  1187 ms rechnen
2026-09-08T06:24:03.422Z  NVMI/2019       roh          29452 reg. Kerzen        0/0/0 von 252  Tagen gewertet (1m/5m/15m)        0 Signale  50 ms lesen  165 ms rechnen
2026-09-08T06:24:07.772Z  NVMI/2020       roh          36232 reg. Kerzen     0/64/106 von 253  Tagen gewertet (1m/5m/15m)     2137 Signale  71 ms lesen  4214 ms rechnen
2026-09-08T06:24:15.995Z  NVMI/2021       roh          33353 reg. Kerzen    0/133/234 von 252  Tagen gewertet (1m/5m/15m)     4428 Signale  57 ms lesen  8052 ms rechnen
2026-09-08T06:24:26.026Z  NVMI/2022       roh          38744 reg. Kerzen    0/167/250 von 251  Tagen gewertet (1m/5m/15m)     5217 Signale  70 ms lesen  9880 ms rechnen
2026-09-08T06:24:33.746Z  NVMI/2023       roh          33406 reg. Kerzen    0/114/243 von 250  Tagen gewertet (1m/5m/15m)     4089 Signale  77 ms lesen  7527 ms rechnen
2026-09-08T06:24:43.084Z  NVMI/2024       roh          39616 reg. Kerzen    0/160/249 von 252  Tagen gewertet (1m/5m/15m)     5044 Signale  79 ms lesen  9168 ms rechnen
2026-09-08T06:24:54.697Z  NVMI/2025       roh          50122 reg. Kerzen    0/201/250 von 250  Tagen gewertet (1m/5m/15m)     5843 Signale  97 ms lesen  11426 ms rechnen
2026-09-08T06:25:04.544Z  NVMI/2026       roh          50029 reg. Kerzen    0/166/166 von 166  Tagen gewertet (1m/5m/15m)     4526 Signale  148 ms lesen  9569 ms rechnen
2026-09-08T06:25:07.551Z  NVST/2019       roh          24386 reg. Kerzen      0/53/53 von 73   Tagen gewertet (1m/5m/15m)     1371 Signale  62 ms lesen  2765 ms rechnen
2026-09-08T06:25:22.685Z  NVST/2020       roh          92148 reg. Kerzen    0/252/252 von 253  Tagen gewertet (1m/5m/15m)     6735 Signale  132 ms lesen  14924 ms rechnen
2026-09-08T06:25:36.299Z  NVST/2021       roh          88588 reg. Kerzen    0/250/250 von 252  Tagen gewertet (1m/5m/15m)     6519 Signale  185 ms lesen  13126 ms rechnen
2026-09-08T06:25:50.593Z  NVST/2022       roh          93082 reg. Kerzen    0/249/249 von 251  Tagen gewertet (1m/5m/15m)     6691 Signale  144 ms lesen  13926 ms rechnen
2026-09-08T06:26:03.999Z  NVST/2023       roh          93543 reg. Kerzen    0/250/250 von 250  Tagen gewertet (1m/5m/15m)     6611 Signale  136 ms lesen  13049 ms rechnen
2026-09-08T06:26:18.752Z  NVST/2024       roh          93803 reg. Kerzen    0/252/252 von 252  Tagen gewertet (1m/5m/15m)     6752 Signale  419 ms lesen  14097 ms rechnen
2026-09-08T06:26:32.819Z  NVST/2025       roh          92886 reg. Kerzen    0/250/250 von 250  Tagen gewertet (1m/5m/15m)     6645 Signale  222 ms lesen  13594 ms rechnen
2026-09-08T06:26:41.977Z  NVST/2026       roh          63206 reg. Kerzen    0/166/166 von 166  Tagen gewertet (1m/5m/15m)     4376 Signale  116 ms lesen  8728 ms rechnen
2026-09-08T06:26:42.627Z  NWBO/2016       roh          63492 reg. Kerzen        0/0/0 von 243  Tagen gewertet (1m/5m/15m)        0 Signale  109 ms lesen  338 ms rechnen
2026-09-08T06:26:54.373Z  NWS/2016        roh          79230 reg. Kerzen    0/232/232 von 252  Tagen gewertet (1m/5m/15m)     6067 Signale  131 ms lesen  11417 ms rechnen
2026-09-08T06:27:01.493Z  NWS/2017        roh          56259 reg. Kerzen    0/136/137 von 251  Tagen gewertet (1m/5m/15m)     3557 Signale  101 ms lesen  6863 ms rechnen
2026-09-08T06:27:11.614Z  NWS/2018        roh          62819 reg. Kerzen    0/181/186 von 251  Tagen gewertet (1m/5m/15m)     4712 Signale  110 ms lesen  9852 ms rechnen
2026-09-08T06:27:21.897Z  NWS/2019        roh          75443 reg. Kerzen    0/222/222 von 252  Tagen gewertet (1m/5m/15m)     5414 Signale  122 ms lesen  10002 ms rechnen
2026-09-08T06:27:31.575Z  NWS/2020        roh          76355 reg. Kerzen    0/178/178 von 253  Tagen gewertet (1m/5m/15m)     4588 Signale  131 ms lesen  9316 ms rechnen
2026-09-08T06:27:44.460Z  NWS/2021        roh          76386 reg. Kerzen    0/252/252 von 252  Tagen gewertet (1m/5m/15m)     6613 Signale  146 ms lesen  12544 ms rechnen
2026-09-08T06:27:57.790Z  NWS/2022        roh          84579 reg. Kerzen    0/251/251 von 251  Tagen gewertet (1m/5m/15m)     6662 Signale  141 ms lesen  12978 ms rechnen
2026-09-08T06:28:10.301Z  NWS/2023        roh          84789 reg. Kerzen    0/250/250 von 250  Tagen gewertet (1m/5m/15m)     6213 Signale  185 ms lesen  12049 ms rechnen
2026-09-08T06:28:22.058Z  NWS/2024        roh          77593 reg. Kerzen    0/252/252 von 252  Tagen gewertet (1m/5m/15m)     5995 Signale  179 ms lesen  11325 ms rechnen
2026-09-08T06:28:34.169Z  NWS/2025        roh          77798 reg. Kerzen    0/250/250 von 250  Tagen gewertet (1m/5m/15m)     6017 Signale  117 ms lesen  11798 ms rechnen
2026-09-08T06:28:42.353Z  NWS/2026        roh          59698 reg. Kerzen    0/166/166 von 166  Tagen gewertet (1m/5m/15m)     4215 Signale  124 ms lesen  7856 ms rechnen
2026-09-08T06:28:54.113Z  NXPI/2016       roh          97824 reg. Kerzen    0/232/232 von 252  Tagen gewertet (1m/5m/15m)     5762 Signale  354 ms lesen  11171 ms rechnen
2026-09-08T06:29:03.113Z  NXPI/2017       roh          94492 reg. Kerzen    0/251/251 von 251  Tagen gewertet (1m/5m/15m)     4353 Signale  133 ms lesen  8557 ms rechnen
2026-09-08T06:29:14.772Z  NXPI/2018       roh          95661 reg. Kerzen    0/249/249 von 251  Tagen gewertet (1m/5m/15m)     5949 Signale  143 ms lesen  11250 ms rechnen
2026-09-08T06:29:27.664Z  NXPI/2019       roh          97034 reg. Kerzen    0/252/252 von 252  Tagen gewertet (1m/5m/15m)     6497 Signale  152 ms lesen  12525 ms rechnen
2026-09-08T06:29:41.409Z  NXPI/2020       roh          97638 reg. Kerzen    0/253/253 von 253  Tagen gewertet (1m/5m/15m)     6699 Signale  146 ms lesen  13327 ms rechnen
2026-09-08T06:29:54.624Z  NXPI/2021       roh          97139 reg. Kerzen    0/252/252 von 252  Tagen gewertet (1m/5m/15m)     6506 Signale  142 ms lesen  12827 ms rechnen
2026-09-08T06:30:09.062Z  NXPI/2022       roh          96679 reg. Kerzen    0/251/251 von 251  Tagen gewertet (1m/5m/15m)     6893 Signale  145 ms lesen  14063 ms rechnen
2026-09-08T06:30:21.882Z  NXPI/2023       roh          94957 reg. Kerzen    0/250/250 von 250  Tagen gewertet (1m/5m/15m)     6485 Signale  126 ms lesen  12410 ms rechnen
2026-09-08T06:30:23.818Z  CHECKPOINT 3600 Dateien, 715 min, Detektorfehler {}
2026-09-08T06:30:36.481Z  NXPI/2024       roh          94665 reg. Kerzen    0/252/252 von 252  Tagen gewertet (1m/5m/15m)     6493 Signale  154 ms lesen  12508 ms rechnen
2026-09-08T06:30:50.198Z  NXPI/2025       roh          94064 reg. Kerzen    0/250/250 von 250  Tagen gewertet (1m/5m/15m)     6546 Signale  123 ms lesen  13339 ms rechnen
2026-09-08T06:30:59.508Z  NXPI/2026       roh          63198 reg. Kerzen    0/166/166 von 166  Tagen gewertet (1m/5m/15m)     4399 Signale  129 ms lesen  8983 ms rechnen
2026-09-08T06:30:59.771Z  NXZ/2016        roh           5595 reg. Kerzen        0/0/0 von 67   Tagen gewertet (1m/5m/15m)        0 Signale  49 ms lesen  30 ms rechnen
2026-09-08T06:30:59.845Z  NYMTL/2021      roh           3720 reg. Kerzen        0/0/0 von 124  Tagen gewertet (1m/5m/15m)        0 Signale  34 ms lesen  27 ms rechnen
2026-09-08T06:30:59.921Z  NYMTL/2022      roh           3317 reg. Kerzen        0/0/0 von 249  Tagen gewertet (1m/5m/15m)        0 Signale  36 ms lesen  31 ms rechnen
2026-09-08T06:31:00.000Z  NYMTL/2023      roh           3743 reg. Kerzen        0/0/0 von 248  Tagen gewertet (1m/5m/15m)        0 Signale  38 ms lesen  27 ms rechnen
2026-09-08T06:31:00.082Z  NYMTL/2024      roh           3086 reg. Kerzen        0/0/0 von 250  Tagen gewertet (1m/5m/15m)        0 Signale  38 ms lesen  29 ms rechnen
2026-09-08T06:31:00.124Z  NYMTL/2025      roh           1897 reg. Kerzen        0/0/0 von 163  Tagen gewertet (1m/5m/15m)        0 Signale  16 ms lesen  18 ms rechnen
2026-09-08T06:31:00.152Z  OACB/2020       roh           1044 reg. Kerzen        0/0/0 von 35   Tagen gewertet (1m/5m/15m)        0 Signale  11 ms lesen  10 ms rechnen
2026-09-08T06:31:00.345Z  OACB/2021       roh          19392 reg. Kerzen        0/0/0 von 252  Tagen gewertet (1m/5m/15m)        0 Signale  35 ms lesen  154 ms rechnen
2026-09-08T06:31:00.430Z  OACB/2022       roh           3226 reg. Kerzen        0/0/0 von 114  Tagen gewertet (1m/5m/15m)        0 Signale  21 ms lesen  26 ms rechnen
2026-09-08T06:31:00.494Z  OBCI/2016       roh           3379 reg. Kerzen        0/0/0 von 232  Tagen gewertet (1m/5m/15m)        0 Signale  22 ms lesen  29 ms rechnen
2026-09-08T06:31:00.585Z  OBCI/2017       roh           4936 reg. Kerzen        0/0/0 von 247  Tagen gewertet (1m/5m/15m)        0 Signale  42 ms lesen  42 ms rechnen
2026-09-08T06:31:00.660Z  OBCI/2018       roh           2723 reg. Kerzen        0/0/0 von 243  Tagen gewertet (1m/5m/15m)        0 Signale  29 ms lesen  30 ms rechnen
2026-09-08T06:31:00.720Z  OBCI/2019       roh           2195 reg. Kerzen        0/0/0 von 237  Tagen gewertet (1m/5m/15m)        0 Signale  35 ms lesen  16 ms rechnen
2026-09-08T06:31:00.919Z  OBCI/2020       roh          20603 reg. Kerzen        0/0/0 von 252  Tagen gewertet (1m/5m/15m)        0 Signale  52 ms lesen  142 ms rechnen
2026-09-08T06:31:01.051Z  OBCI/2021       roh           7421 reg. Kerzen        0/0/0 von 252  Tagen gewertet (1m/5m/15m)        0 Signale  21 ms lesen  53 ms rechnen
2026-09-08T06:31:01.105Z  OBCI/2022       roh           2765 reg. Kerzen        0/0/0 von 149  Tagen gewertet (1m/5m/15m)        0 Signale  11 ms lesen  26 ms rechnen
2026-09-08T06:31:01.165Z  OCAX/2021       roh           3883 reg. Kerzen        0/0/0 von 172  Tagen gewertet (1m/5m/15m)        0 Signale  33 ms lesen  19 ms rechnen
2026-09-08T06:31:01.218Z  OCAX/2022       roh           1421 reg. Kerzen        0/0/0 von 186  Tagen gewertet (1m/5m/15m)        0 Signale  23 ms lesen  17 ms rechnen
2026-09-08T06:31:01.239Z  OCAX/2023       roh            529 reg. Kerzen        0/0/0 von 122  Tagen gewertet (1m/5m/15m)        0 Signale  10 ms lesen  5 ms rechnen
2026-09-08T06:31:01.258Z  OCAX/2024       roh            331 reg. Kerzen        0/0/0 von 90   Tagen gewertet (1m/5m/15m)        0 Signale  13 ms lesen  4 ms rechnen
2026-09-08T06:31:01.422Z  OCLS/2016       bereinigt    16745 reg. Kerzen        0/0/0 von 234  Tagen gewertet (1m/5m/15m)        0 Signale  46 ms lesen  115 ms rechnen
2026-09-08T06:31:01.514Z  OCUP/2020       roh           2332 reg. Kerzen        0/0/0 von 38   Tagen gewertet (1m/5m/15m)        0 Signale  35 ms lesen  16 ms rechnen
2026-09-08T06:31:01.868Z  OCUP/2021       roh          39504 reg. Kerzen        0/0/0 von 252  Tagen gewertet (1m/5m/15m)        0 Signale  66 ms lesen  283 ms rechnen
2026-09-08T06:31:02.140Z  OCUP/2022       roh          21352 reg. Kerzen        0/0/0 von 251  Tagen gewertet (1m/5m/15m)        0 Signale  42 ms lesen  131 ms rechnen
2026-09-08T06:31:02.516Z  OCUP/2023       roh          33370 reg. Kerzen        0/0/0 von 250  Tagen gewertet (1m/5m/15m)        0 Signale  61 ms lesen  260 ms rechnen
2026-09-08T06:31:02.787Z  OCUP/2024       roh          20762 reg. Kerzen        0/0/0 von 205  Tagen gewertet (1m/5m/15m)        0 Signale  39 ms lesen  157 ms rechnen
2026-09-08T06:31:03.049Z  OEG/2020        roh          24426 reg. Kerzen        0/0/0 von 164  Tagen gewertet (1m/5m/15m)        0 Signale  59 ms lesen  127 ms rechnen
2026-09-08T06:31:17.984Z  OEG/2021        roh          90880 reg. Kerzen    0/229/229 von 252  Tagen gewertet (1m/5m/15m)     6392 Signale  145 ms lesen  14718 ms rechnen
2026-09-08T06:31:18.477Z  OEG/2022        roh          42619 reg. Kerzen        0/0/0 von 144  Tagen gewertet (1m/5m/15m)        0 Signale  74 ms lesen  200 ms rechnen
2026-09-08T06:31:28.994Z  OGS/2016        roh          62822 reg. Kerzen    0/230/232 von 252  Tagen gewertet (1m/5m/15m)     5633 Signale  134 ms lesen  10267 ms rechnen
2026-09-08T06:31:39.912Z  OGS/2017        roh          52336 reg. Kerzen    0/249/251 von 251  Tagen gewertet (1m/5m/15m)     5752 Signale  85 ms lesen  10671 ms rechnen
2026-09-08T06:31:51.259Z  OGS/2018        roh          57684 reg. Kerzen    0/250/251 von 251  Tagen gewertet (1m/5m/15m)     6023 Signale  109 ms lesen  11094 ms rechnen
2026-09-08T06:32:02.385Z  OGS/2019        roh          54878 reg. Kerzen    0/249/252 von 252  Tagen gewertet (1m/5m/15m)     5702 Signale  95 ms lesen  10857 ms rechnen
2026-09-08T06:32:15.475Z  OGS/2020        roh          63078 reg. Kerzen    0/252/253 von 253  Tagen gewertet (1m/5m/15m)     6504 Signale  90 ms lesen  12839 ms rechnen
2026-09-08T06:32:27.281Z  OGS/2021        roh          52663 reg. Kerzen    0/244/250 von 252  Tagen gewertet (1m/5m/15m)     6120 Signale  94 ms lesen  11555 ms rechnen
2026-09-08T06:32:39.949Z  OGS/2022        roh          56403 reg. Kerzen    0/247/249 von 251  Tagen gewertet (1m/5m/15m)     6376 Signale  103 ms lesen  12436 ms rechnen
2026-09-08T06:32:52.405Z  OGS/2023        roh          66715 reg. Kerzen    0/250/250 von 250  Tagen gewertet (1m/5m/15m)     6332 Signale  111 ms lesen  12150 ms rechnen
2026-09-08T06:33:04.537Z  OGS/2024        roh          56885 reg. Kerzen    0/252/252 von 252  Tagen gewertet (1m/5m/15m)     6217 Signale  102 ms lesen  11835 ms rechnen
2026-09-08T06:33:15.952Z  OGS/2025        roh          59022 reg. Kerzen    0/250/250 von 250  Tagen gewertet (1m/5m/15m)     6030 Signale  100 ms lesen  11186 ms rechnen
2026-09-08T06:33:24.311Z  OGS/2026        roh          39996 reg. Kerzen    0/166/166 von 166  Tagen gewertet (1m/5m/15m)     4094 Signale  76 ms lesen  8144 ms rechnen
2026-09-08T06:33:36.551Z  OI/2016         roh          95197 reg. Kerzen    0/232/232 von 252  Tagen gewertet (1m/5m/15m)     6310 Signale  147 ms lesen  11928 ms rechnen
2026-09-08T06:33:48.719Z  OI/2017         roh          90302 reg. Kerzen    0/251/251 von 251  Tagen gewertet (1m/5m/15m)     6331 Signale  116 ms lesen  11731 ms rechnen
2026-09-08T06:34:01.391Z  OI/2018         roh          92285 reg. Kerzen    0/251/251 von 251  Tagen gewertet (1m/5m/15m)     6560 Signale  129 ms lesen  12321 ms rechnen
2026-09-08T06:34:14.234Z  OI/2019         roh          92315 reg. Kerzen    0/252/252 von 252  Tagen gewertet (1m/5m/15m)     6542 Signale  133 ms lesen  12473 ms rechnen
2026-09-08T06:34:28.848Z  OI/2020         roh          92183 reg. Kerzen    0/253/253 von 253  Tagen gewertet (1m/5m/15m)     6849 Signale  142 ms lesen  14240 ms rechnen
2026-09-08T06:34:42.850Z  OI/2021         roh          83680 reg. Kerzen    0/250/250 von 252  Tagen gewertet (1m/5m/15m)     6710 Signale  133 ms lesen  13647 ms rechnen
2026-09-08T06:34:57.091Z  OI/2022         roh          86685 reg. Kerzen    0/249/249 von 251  Tagen gewertet (1m/5m/15m)     6766 Signale  113 ms lesen  13907 ms rechnen
2026-09-08T06:35:10.558Z  OI/2023         roh          87933 reg. Kerzen    0/250/250 von 250  Tagen gewertet (1m/5m/15m)     6608 Signale  118 ms lesen  13064 ms rechnen
2026-09-08T06:35:24.372Z  OI/2024         roh          89593 reg. Kerzen    0/252/252 von 252  Tagen gewertet (1m/5m/15m)     6761 Signale  130 ms lesen  13434 ms rechnen
2026-09-08T06:35:38.735Z  OI/2025         roh          85485 reg. Kerzen    0/250/250 von 250  Tagen gewertet (1m/5m/15m)     6648 Signale  133 ms lesen  13975 ms rechnen
2026-09-08T06:35:48.344Z  OI/2026         roh          60261 reg. Kerzen    0/166/166 von 166  Tagen gewertet (1m/5m/15m)     4479 Signale  104 ms lesen  9263 ms rechnen
2026-09-08T06:35:48.706Z  OKSB/2016       roh          22973 reg. Kerzen        0/0/0 von 252  Tagen gewertet (1m/5m/15m)        0 Signale  39 ms lesen  135 ms rechnen
2026-09-08T06:35:48.916Z  OKSB/2017       roh          17144 reg. Kerzen        0/0/0 von 202  Tagen gewertet (1m/5m/15m)        0 Signale  39 ms lesen  112 ms rechnen
2026-09-08T06:36:01.833Z  OLN/2016        roh          96807 reg. Kerzen    0/232/232 von 252  Tagen gewertet (1m/5m/15m)     6175 Signale  181 ms lesen  12650 ms rechnen
2026-09-08T06:36:15.706Z  OLN/2017        roh          93858 reg. Kerzen    0/251/251 von 251  Tagen gewertet (1m/5m/15m)     6551 Signale  213 ms lesen  13371 ms rechnen
2026-09-08T06:36:29.129Z  OLN/2018        roh          94471 reg. Kerzen    0/251/251 von 251  Tagen gewertet (1m/5m/15m)     6658 Signale  190 ms lesen  12941 ms rechnen
2026-09-08T06:36:43.289Z  OLN/2019        roh          96470 reg. Kerzen    0/252/252 von 252  Tagen gewertet (1m/5m/15m)     6678 Signale  154 ms lesen  13774 ms rechnen
2026-09-08T06:36:57.911Z  OLN/2020        roh          97019 reg. Kerzen    0/253/253 von 253  Tagen gewertet (1m/5m/15m)     6793 Signale  138 ms lesen  14250 ms rechnen
2026-09-08T06:37:12.316Z  OLN/2021        roh          93932 reg. Kerzen    0/250/250 von 252  Tagen gewertet (1m/5m/15m)     6674 Signale  220 ms lesen  13918 ms rechnen
2026-09-08T06:37:26.619Z  OLN/2022        roh          96177 reg. Kerzen    0/249/249 von 251  Tagen gewertet (1m/5m/15m)     6747 Signale  130 ms lesen  13949 ms rechnen
2026-09-08T06:37:39.419Z  OLN/2023        roh          94481 reg. Kerzen    0/250/250 von 250  Tagen gewertet (1m/5m/15m)     6408 Signale  161 ms lesen  12387 ms rechnen
2026-09-08T06:37:53.179Z  OLN/2024        roh          91516 reg. Kerzen    0/252/252 von 252  Tagen gewertet (1m/5m/15m)     6435 Signale  230 ms lesen  13252 ms rechnen
2026-09-08T06:38:07.684Z  OLN/2025        roh          93514 reg. Kerzen    0/250/250 von 250  Tagen gewertet (1m/5m/15m)     6715 Signale  117 ms lesen  14123 ms rechnen
2026-09-08T06:38:17.728Z  OLN/2026        roh          63549 reg. Kerzen    0/166/166 von 166  Tagen gewertet (1m/5m/15m)     4528 Signale  111 ms lesen  9718 ms rechnen
2026-09-08T06:38:22.304Z  OMCL/2016       roh          51919 reg. Kerzen      0/76/77 von 252  Tagen gewertet (1m/5m/15m)     1963 Signale  103 ms lesen  4285 ms rechnen
2026-09-08T06:38:34.325Z  OMCL/2017       roh          55580 reg. Kerzen    0/232/238 von 251  Tagen gewertet (1m/5m/15m)     5964 Signale  72 ms lesen  11789 ms rechnen
2026-09-08T06:38:47.909Z  OMCL/2018       roh          62191 reg. Kerzen    0/247/249 von 251  Tagen gewertet (1m/5m/15m)     6489 Signale  99 ms lesen  13310 ms rechnen
2026-09-08T06:39:02.052Z  OMCL/2019       roh          61188 reg. Kerzen    0/250/252 von 252  Tagen gewertet (1m/5m/15m)     6583 Signale  90 ms lesen  13867 ms rechnen
2026-09-08T06:39:17.828Z  OMCL/2020       roh          66303 reg. Kerzen    0/253/253 von 253  Tagen gewertet (1m/5m/15m)     6699 Signale  98 ms lesen  15510 ms rechnen
2026-09-08T06:39:31.744Z  OMCL/2021       roh          54590 reg. Kerzen    0/239/252 von 252  Tagen gewertet (1m/5m/15m)     6382 Signale  105 ms lesen  13625 ms rechnen
2026-09-08T06:39:46.603Z  OMCL/2022       roh          65097 reg. Kerzen    0/251/251 von 251  Tagen gewertet (1m/5m/15m)     6707 Signale  105 ms lesen  14563 ms rechnen
2026-09-08T06:40:01.078Z  OMCL/2023       roh          65570 reg. Kerzen    0/250/250 von 250  Tagen gewertet (1m/5m/15m)     6739 Signale  246 ms lesen  13998 ms rechnen
2026-09-08T06:40:16.102Z  OMCL/2024       roh          62543 reg. Kerzen    0/252/252 von 252  Tagen gewertet (1m/5m/15m)     6695 Signale  219 ms lesen  14625 ms rechnen
2026-09-08T06:40:30.039Z  OMCL/2025       roh          60673 reg. Kerzen    0/248/250 von 250  Tagen gewertet (1m/5m/15m)     6522 Signale  131 ms lesen  13653 ms rechnen
2026-09-08T06:40:39.686Z  OMCL/2026       roh          41875 reg. Kerzen    0/166/166 von 166  Tagen gewertet (1m/5m/15m)     4443 Signale  78 ms lesen  9386 ms rechnen
2026-09-08T06:40:40.167Z  OMN/2016        roh          49336 reg. Kerzen        0/0/0 von 252  Tagen gewertet (1m/5m/15m)        0 Signale  85 ms lesen  286 ms rechnen
2026-09-08T06:40:40.616Z  OMN/2017        roh          36507 reg. Kerzen        0/0/0 von 251  Tagen gewertet (1m/5m/15m)        0 Signale  51 ms lesen  261 ms rechnen
2026-09-08T06:40:41.058Z  OMN/2018        roh          35432 reg. Kerzen        0/0/0 von 251  Tagen gewertet (1m/5m/15m)        0 Signale  72 ms lesen  265 ms rechnen
2026-09-08T06:40:42.039Z  OMN/2019        roh          47365 reg. Kerzen      0/16/16 von 252  Tagen gewertet (1m/5m/15m)      198 Signale  68 ms lesen  821 ms rechnen
2026-09-08T06:40:42.554Z  OMN/2020        roh          14433 reg. Kerzen        0/6/6 von 62   Tagen gewertet (1m/5m/15m)       97 Signale  43 ms lesen  337 ms rechnen
2026-09-08T06:40:42.869Z  ONCS/2016       bereinigt    20637 reg. Kerzen        0/0/0 von 252  Tagen gewertet (1m/5m/15m)        0 Signale  92 ms lesen  160 ms rechnen
2026-09-08T06:40:43.219Z  ONCS/2017       bereinigt    28683 reg. Kerzen        0/0/0 von 251  Tagen gewertet (1m/5m/15m)        0 Signale  74 ms lesen  213 ms rechnen
2026-09-08T06:40:43.788Z  ONCS/2018       bereinigt    59021 reg. Kerzen        0/0/0 von 251  Tagen gewertet (1m/5m/15m)        0 Signale  134 ms lesen  343 ms rechnen
2026-09-08T06:40:44.215Z  ONCS/2019       bereinigt    31362 reg. Kerzen        0/0/0 von 252  Tagen gewertet (1m/5m/15m)        0 Signale  72 ms lesen  218 ms rechnen
2026-09-08T06:40:44.589Z  ONCS/2020       bereinigt    34012 reg. Kerzen        0/0/0 von 253  Tagen gewertet (1m/5m/15m)        0 Signale  76 ms lesen  215 ms rechnen
2026-09-08T06:40:44.982Z  ONCS/2021       bereinigt    39150 reg. Kerzen        0/0/0 von 252  Tagen gewertet (1m/5m/15m)        0 Signale  73 ms lesen  217 ms rechnen
2026-09-08T06:40:45.200Z  ONCS/2022       bereinigt    14293 reg. Kerzen        0/0/0 von 251  Tagen gewertet (1m/5m/15m)        0 Signale  30 ms lesen  82 ms rechnen
2026-09-08T06:40:45.406Z  ONCS/2023       roh          17254 reg. Kerzen        0/0/0 von 119  Tagen gewertet (1m/5m/15m)        0 Signale  57 ms lesen  101 ms rechnen
2026-09-08T06:40:57.098Z  ONTF/2021       roh          60885 reg. Kerzen    0/189/201 von 231  Tagen gewertet (1m/5m/15m)     5350 Signale  139 ms lesen  11498 ms rechnen
2026-09-08T06:40:59.058Z  ONTF/2022       roh          64271 reg. Kerzen      0/23/23 von 251  Tagen gewertet (1m/5m/15m)      647 Signale  131 ms lesen  1668 ms rechnen
2026-09-08T06:40:59.709Z  ONTF/2023       roh          62646 reg. Kerzen        0/0/0 von 250  Tagen gewertet (1m/5m/15m)        0 Signale  119 ms lesen  402 ms rechnen
2026-09-08T06:41:00.230Z  ONTF/2024       roh          42786 reg. Kerzen        0/0/0 von 252  Tagen gewertet (1m/5m/15m)        0 Signale  84 ms lesen  274 ms rechnen
2026-09-08T06:41:00.683Z  ONTF/2025       roh          40428 reg. Kerzen        0/0/0 von 250  Tagen gewertet (1m/5m/15m)        0 Signale  62 ms lesen  269 ms rechnen
2026-09-08T06:41:00.971Z  ONTF/2026       roh          15474 reg. Kerzen        0/0/0 von 61   Tagen gewertet (1m/5m/15m)        0 Signale  34 ms lesen  106 ms rechnen
2026-09-08T06:41:01.547Z  OPCH/2016       roh          70738 reg. Kerzen        0/0/0 von 252  Tagen gewertet (1m/5m/15m)        0 Signale  122 ms lesen  409 ms rechnen
2026-09-08T06:41:02.987Z  OPCH/2017       roh          80917 reg. Kerzen      0/12/12 von 251  Tagen gewertet (1m/5m/15m)      304 Signale  128 ms lesen  1111 ms rechnen
2026-09-08T06:41:03.756Z  OPCH/2018       roh          71021 reg. Kerzen        0/2/2 von 251  Tagen gewertet (1m/5m/15m)       38 Signale  104 ms lesen  458 ms rechnen
2026-09-08T06:41:04.521Z  OPCH/2019       roh          79622 reg. Kerzen        0/0/0 von 252  Tagen gewertet (1m/5m/15m)        0 Signale  125 ms lesen  448 ms rechnen
2026-09-08T06:41:10.358Z  OPCH/2020       roh          69046 reg. Kerzen      0/86/86 von 253  Tagen gewertet (1m/5m/15m)     2323 Signale  127 ms lesen  5529 ms rechnen
2026-09-08T06:41:24.594Z  OPCH/2021       roh          82521 reg. Kerzen    0/252/252 von 252  Tagen gewertet (1m/5m/15m)     6657 Signale  135 ms lesen  13927 ms rechnen
2026-09-08T06:41:38.988Z  OPCH/2022       roh          86349 reg. Kerzen    0/251/251 von 251  Tagen gewertet (1m/5m/15m)     6712 Signale  126 ms lesen  14041 ms rechnen
2026-09-08T06:41:51.853Z  OPCH/2023       roh          91656 reg. Kerzen    0/250/250 von 250  Tagen gewertet (1m/5m/15m)     6444 Signale  137 ms lesen  12502 ms rechnen
2026-09-08T06:42:05.902Z  OPCH/2024       roh          88149 reg. Kerzen    0/252/252 von 252  Tagen gewertet (1m/5m/15m)     6519 Signale  119 ms lesen  13663 ms rechnen
2026-09-08T06:42:19.387Z  OPCH/2025       roh          90148 reg. Kerzen    0/250/250 von 250  Tagen gewertet (1m/5m/15m)     6297 Signale  129 ms lesen  13100 ms rechnen
2026-09-08T06:42:28.936Z  OPCH/2026       roh          61038 reg. Kerzen    0/166/166 von 166  Tagen gewertet (1m/5m/15m)     4339 Signale  118 ms lesen  9185 ms rechnen
2026-09-08T06:42:29.178Z  OPOF/2016       roh           1333 reg. Kerzen        0/0/0 von 228  Tagen gewertet (1m/5m/15m)        0 Signale  15 ms lesen  17 ms rechnen
2026-09-08T06:42:29.264Z  OPOF/2017       roh           3752 reg. Kerzen        0/0/0 von 244  Tagen gewertet (1m/5m/15m)        0 Signale  44 ms lesen  35 ms rechnen
2026-09-08T06:42:29.344Z  OPOF/2018       roh           3165 reg. Kerzen        0/0/0 von 241  Tagen gewertet (1m/5m/15m)        0 Signale  41 ms lesen  25 ms rechnen
2026-09-08T06:42:29.398Z  OPOF/2019       roh           1091 reg. Kerzen        0/0/0 von 213  Tagen gewertet (1m/5m/15m)        0 Signale  25 ms lesen  16 ms rechnen
2026-09-08T06:42:29.437Z  OPOF/2020       roh           1348 reg. Kerzen        0/0/0 von 220  Tagen gewertet (1m/5m/15m)        0 Signale  20 ms lesen  15 ms rechnen
2026-09-08T06:42:29.469Z  OPOF/2021       roh           1060 reg. Kerzen        0/0/0 von 209  Tagen gewertet (1m/5m/15m)        0 Signale  15 ms lesen  11 ms rechnen
2026-09-08T06:42:29.498Z  OPOF/2022       roh            997 reg. Kerzen        0/0/0 von 199  Tagen gewertet (1m/5m/15m)        0 Signale  14 ms lesen  12 ms rechnen
2026-09-08T06:42:29.535Z  OPOF/2023       roh           1738 reg. Kerzen        0/0/0 von 239  Tagen gewertet (1m/5m/15m)        0 Signale  16 ms lesen  17 ms rechnen
2026-09-08T06:42:29.582Z  OPOF/2024       roh           1630 reg. Kerzen        0/0/0 von 229  Tagen gewertet (1m/5m/15m)        0 Signale  26 ms lesen  17 ms rechnen
2026-09-08T06:42:29.621Z  OPOF/2025       roh           3328 reg. Kerzen        0/0/0 von 165  Tagen gewertet (1m/5m/15m)        0 Signale  10 ms lesen  24 ms rechnen
2026-09-08T06:42:31.921Z  ORBC/2016       roh          67803 reg. Kerzen      0/37/37 von 252  Tagen gewertet (1m/5m/15m)      958 Signale  118 ms lesen  2173 ms rechnen
2026-09-08T06:42:35.579Z  ORBC/2017       roh          68691 reg. Kerzen      0/57/57 von 251  Tagen gewertet (1m/5m/15m)     1473 Signale  142 ms lesen  3339 ms rechnen
2026-09-08T06:42:40.132Z  ORBC/2018       roh          71513 reg. Kerzen      0/73/73 von 251  Tagen gewertet (1m/5m/15m)     1915 Signale  117 ms lesen  4237 ms rechnen
2026-09-08T06:42:42.959Z  ORBC/2019       roh          71878 reg. Kerzen      0/40/40 von 252  Tagen gewertet (1m/5m/15m)     1061 Signale  90 ms lesen  2528 ms rechnen
2026-09-08T06:42:43.699Z  ORBC/2020       roh          72276 reg. Kerzen        0/0/0 von 253  Tagen gewertet (1m/5m/15m)        0 Signale  136 ms lesen  398 ms rechnen
2026-09-08T06:42:51.189Z  ORBC/2021       roh          52255 reg. Kerzen    0/147/148 von 167  Tagen gewertet (1m/5m/15m)     3167 Signale  100 ms lesen  7191 ms rechnen
2026-09-08T06:43:01.970Z  ORI/2016        roh          93193 reg. Kerzen    0/232/232 von 252  Tagen gewertet (1m/5m/15m)     5409 Signale  155 ms lesen  10449 ms rechnen
2026-09-08T06:43:13.419Z  ORI/2017        roh          90410 reg. Kerzen    0/251/251 von 251  Tagen gewertet (1m/5m/15m)     5692 Signale  193 ms lesen  10935 ms rechnen
2026-09-08T06:43:25.331Z  ORI/2018        roh          94311 reg. Kerzen    0/251/251 von 251  Tagen gewertet (1m/5m/15m)     5871 Signale  141 ms lesen  11489 ms rechnen
2026-09-08T06:43:37.755Z  ORI/2019        roh          93857 reg. Kerzen    0/252/252 von 252  Tagen gewertet (1m/5m/15m)     5778 Signale  116 ms lesen  12056 ms rechnen
2026-09-08T06:43:52.146Z  ORI/2020        roh          96455 reg. Kerzen    0/253/253 von 253  Tagen gewertet (1m/5m/15m)     6531 Signale  160 ms lesen  13978 ms rechnen
2026-09-08T06:44:04.616Z  ORI/2021        roh          94151 reg. Kerzen    0/250/250 von 252  Tagen gewertet (1m/5m/15m)     6118 Signale  130 ms lesen  12020 ms rechnen
2026-09-08T06:44:17.488Z  ORI/2022        roh          94506 reg. Kerzen    0/249/249 von 250  Tagen gewertet (1m/5m/15m)     6248 Signale  124 ms lesen  12483 ms rechnen
2026-09-08T06:44:29.261Z  ORI/2023        roh          92694 reg. Kerzen    0/250/250 von 250  Tagen gewertet (1m/5m/15m)     5815 Signale  154 ms lesen  11372 ms rechnen
2026-09-08T06:44:40.510Z  ORI/2024        roh          90190 reg. Kerzen    0/252/252 von 252  Tagen gewertet (1m/5m/15m)     5668 Signale  119 ms lesen  10923 ms rechnen
2026-09-08T06:44:52.185Z  ORI/2025        roh          88359 reg. Kerzen    0/250/250 von 250  Tagen gewertet (1m/5m/15m)     5875 Signale  239 ms lesen  11217 ms rechnen
2026-09-08T06:45:01.065Z  ORI/2026        roh          59510 reg. Kerzen    0/166/166 von 166  Tagen gewertet (1m/5m/15m)     4111 Signale  103 ms lesen  8515 ms rechnen
2026-09-08T06:45:01.358Z  ORPH/2020       roh           5235 reg. Kerzen        0/0/0 von 66   Tagen gewertet (1m/5m/15m)        0 Signale  19 ms lesen  45 ms rechnen
2026-09-08T06:45:07.796Z  ORPH/2021       roh          46988 reg. Kerzen      0/63/63 von 252  Tagen gewertet (1m/5m/15m)     1777 Signale  106 ms lesen  6312 ms rechnen
2026-09-08T06:45:08.145Z  ORPH/2022       roh          12924 reg. Kerzen        0/0/0 von 61   Tagen gewertet (1m/5m/15m)        0 Signale  59 ms lesen  123 ms rechnen
2026-09-08T06:45:08.278Z  OSGB/2016       roh           4790 reg. Kerzen        0/0/0 von 102  Tagen gewertet (1m/5m/15m)        0 Signale  20 ms lesen  38 ms rechnen
2026-09-08T06:45:08.383Z  OSN/2016        bereinigt     3466 reg. Kerzen        0/0/0 von 236  Tagen gewertet (1m/5m/15m)        0 Signale  38 ms lesen  34 ms rechnen
2026-09-08T06:45:08.483Z  OSN/2017        roh           4308 reg. Kerzen        0/0/0 von 249  Tagen gewertet (1m/5m/15m)        0 Signale  47 ms lesen  39 ms rechnen
2026-09-08T06:45:08.605Z  OSN/2018        roh           8537 reg. Kerzen        0/0/0 von 249  Tagen gewertet (1m/5m/15m)        0 Signale  39 ms lesen  68 ms rechnen
2026-09-08T06:45:08.745Z  OSN/2019        roh           7211 reg. Kerzen        0/0/0 von 252  Tagen gewertet (1m/5m/15m)        0 Signale  38 ms lesen  71 ms rechnen
2026-09-08T06:45:08.887Z  OSN/2020        roh           5940 reg. Kerzen        0/0/0 von 250  Tagen gewertet (1m/5m/15m)        0 Signale  42 ms lesen  74 ms rechnen
2026-09-08T06:45:08.997Z  OSN/2021        roh           5059 reg. Kerzen        0/0/0 von 173  Tagen gewertet (1m/5m/15m)        0 Signale  28 ms lesen  50 ms rechnen
2026-09-08T06:45:10.003Z  OTIC/2016       roh          54060 reg. Kerzen        0/5/5 von 252  Tagen gewertet (1m/5m/15m)      123 Signale  122 ms lesen  846 ms rechnen
2026-09-08T06:45:12.621Z  OTIC/2017       roh          53298 reg. Kerzen      0/15/15 von 251  Tagen gewertet (1m/5m/15m)      422 Signale  109 ms lesen  2286 ms rechnen
2026-09-08T06:45:13.207Z  OTIC/2018       roh          43952 reg. Kerzen        0/0/0 von 251  Tagen gewertet (1m/5m/15m)        0 Signale  64 ms lesen  345 ms rechnen
2026-09-08T06:45:13.589Z  OTIC/2019       roh          16278 reg. Kerzen        0/0/0 von 252  Tagen gewertet (1m/5m/15m)        0 Signale  39 ms lesen  178 ms rechnen
2026-09-08T06:45:14.035Z  OTIC/2020       roh          39013 reg. Kerzen        0/0/0 von 253  Tagen gewertet (1m/5m/15m)        0 Signale  80 ms lesen  306 ms rechnen
2026-09-08T06:45:15.898Z  OTIC/2021       roh          47842 reg. Kerzen      0/14/14 von 252  Tagen gewertet (1m/5m/15m)      420 Signale  270 ms lesen  1464 ms rechnen
2026-09-08T06:45:16.404Z  OTIC/2022       roh          36797 reg. Kerzen        0/0/0 von 246  Tagen gewertet (1m/5m/15m)        0 Signale  83 ms lesen  256 ms rechnen
2026-09-08T06:45:16.527Z  AUSGELASSEN OTIC/2023: Datei fehlt
2026-09-08T06:45:16.679Z  AUSGELASSEN OTIC/2024: Datei fehlt
2026-09-08T06:45:16.679Z  AUSGELASSEN OTIC/2025: Datei fehlt
2026-09-08T06:45:16.746Z  AUSGELASSEN OUST/2017: Datei fehlt
2026-09-08T06:45:16.747Z  AUSGELASSEN OUST/2018: Datei fehlt
2026-09-08T06:45:16.748Z  AUSGELASSEN OUST/2019: Datei fehlt
2026-09-08T06:45:16.800Z  OUST/2020       bereinigt     3450 reg. Kerzen        0/0/0 von 50   Tagen gewertet (1m/5m/15m)        0 Signale  30 ms lesen  22 ms rechnen
2026-09-08T06:45:32.602Z  OUST/2021       bereinigt    86888 reg. Kerzen    0/246/246 von 252  Tagen gewertet (1m/5m/15m)     6754 Signale  151 ms lesen  15643 ms rechnen
2026-09-08T06:45:38.504Z  OUST/2022       bereinigt    85961 reg. Kerzen      0/80/80 von 251  Tagen gewertet (1m/5m/15m)     2240 Signale  147 ms lesen  5510 ms rechnen
2026-09-08T06:45:41.442Z  OUST/2023       bereinigt    79660 reg. Kerzen      0/36/36 von 250  Tagen gewertet (1m/5m/15m)     1030 Signale  122 ms lesen  2551 ms rechnen
2026-09-08T06:45:54.415Z  OUST/2024       roh          82986 reg. Kerzen    0/198/198 von 252  Tagen gewertet (1m/5m/15m)     5470 Signale  110 ms lesen  12660 ms rechnen
2026-09-08T06:46:11.080Z  OUST/2025       roh          91367 reg. Kerzen    0/250/250 von 250  Tagen gewertet (1m/5m/15m)     6909 Signale  210 ms lesen  16195 ms rechnen
2026-09-08T06:46:21.910Z  OUST/2026       roh          63058 reg. Kerzen    0/166/166 von 166  Tagen gewertet (1m/5m/15m)     4590 Signale  127 ms lesen  10458 ms rechnen
2026-09-08T06:46:33.394Z  OXM/2016        roh          48742 reg. Kerzen    0/209/232 von 252  Tagen gewertet (1m/5m/15m)     5627 Signale  92 ms lesen  11150 ms rechnen
2026-09-08T06:46:43.745Z  OXM/2017        roh          46304 reg. Kerzen    0/199/219 von 251  Tagen gewertet (1m/5m/15m)     5305 Signale  89 ms lesen  10134 ms rechnen
2026-09-08T06:46:54.454Z  OXM/2018        roh          40603 reg. Kerzen    0/191/251 von 251  Tagen gewertet (1m/5m/15m)     5465 Signale  81 ms lesen  10482 ms rechnen
2026-09-08T06:47:06.358Z  OXM/2019        roh          48194 reg. Kerzen    0/225/251 von 252  Tagen gewertet (1m/5m/15m)     6031 Signale  93 ms lesen  11712 ms rechnen
2026-09-08T06:47:14.390Z  OXM/2020        roh          46943 reg. Kerzen    0/135/149 von 253  Tagen gewertet (1m/5m/15m)     3730 Signale  145 ms lesen  7758 ms rechnen
2026-09-08T06:47:21.171Z  OXM/2021        roh          31476 reg. Kerzen     0/96/191 von 252  Tagen gewertet (1m/5m/15m)     3438 Signale  60 ms lesen  6584 ms rechnen
2026-09-08T06:47:34.086Z  OXM/2022        roh          48964 reg. Kerzen    0/232/249 von 250  Tagen gewertet (1m/5m/15m)     6434 Signale  103 ms lesen  12714 ms rechnen
2026-09-08T06:47:44.547Z  OXM/2023        roh          40108 reg. Kerzen    0/188/250 von 250  Tagen gewertet (1m/5m/15m)     5454 Signale  63 ms lesen  10274 ms rechnen
2026-09-08T06:47:57.585Z  OXM/2024        roh          48377 reg. Kerzen    0/234/252 von 252  Tagen gewertet (1m/5m/15m)     6330 Signale  70 ms lesen  12848 ms rechnen
2026-09-08T06:48:12.258Z  OXM/2025        roh          57751 reg. Kerzen    0/249/250 von 250  Tagen gewertet (1m/5m/15m)     6691 Signale  93 ms lesen  14429 ms rechnen
2026-09-08T06:48:21.668Z  OXM/2026        roh          31259 reg. Kerzen    0/155/166 von 166  Tagen gewertet (1m/5m/15m)     4273 Signale  72 ms lesen  9186 ms rechnen
2026-09-08T06:48:22.161Z  OZON/2020       roh           8849 reg. Kerzen        0/6/6 von 26   Tagen gewertet (1m/5m/15m)      153 Signale  38 ms lesen  369 ms rechnen
2026-09-08T06:48:35.666Z  OZON/2021       roh          82758 reg. Kerzen    0/252/252 von 252  Tagen gewertet (1m/5m/15m)     6808 Signale  130 ms lesen  13355 ms rechnen
2026-09-08T06:48:38.140Z  OZON/2022       roh          14177 reg. Kerzen      0/38/38 von 38   Tagen gewertet (1m/5m/15m)     1009 Signale  102 ms lesen  2150 ms rechnen
2026-09-08T06:48:38.291Z  PACI/2022       roh            483 reg. Kerzen        0/0/0 von 128  Tagen gewertet (1m/5m/15m)        0 Signale  41 ms lesen  7 ms rechnen
2026-09-08T06:48:38.357Z  PACI/2023       roh           1116 reg. Kerzen        0/0/0 von 165  Tagen gewertet (1m/5m/15m)        0 Signale  49 ms lesen  14 ms rechnen
2026-09-08T06:48:52.257Z  PAGP/2016       bereinigt    94971 reg. Kerzen    0/232/232 von 252  Tagen gewertet (1m/5m/15m)     6307 Signale  232 ms lesen  13629 ms rechnen
2026-09-08T06:49:05.638Z  PAGP/2017       roh          90539 reg. Kerzen    0/250/250 von 251  Tagen gewertet (1m/5m/15m)     6503 Signale  130 ms lesen  12991 ms rechnen
2026-09-08T06:49:18.967Z  PAGP/2018       roh          93828 reg. Kerzen    0/251/251 von 251  Tagen gewertet (1m/5m/15m)     6485 Signale  118 ms lesen  12913 ms rechnen
2026-09-08T06:49:32.152Z  PAGP/2019       roh          92530 reg. Kerzen    0/252/252 von 252  Tagen gewertet (1m/5m/15m)     6452 Signale  138 ms lesen  12803 ms rechnen
2026-09-08T06:49:47.544Z  PAGP/2020       roh          96662 reg. Kerzen    0/253/253 von 253  Tagen gewertet (1m/5m/15m)     6958 Signale  133 ms lesen  14971 ms rechnen
2026-09-08T06:50:02.048Z  PAGP/2021       roh          93892 reg. Kerzen    0/252/252 von 252  Tagen gewertet (1m/5m/15m)     6810 Signale  152 ms lesen  14069 ms rechnen
2026-09-08T06:50:16.261Z  PAGP/2022       roh          95593 reg. Kerzen    0/251/251 von 251  Tagen gewertet (1m/5m/15m)     6829 Signale  153 ms lesen  13820 ms rechnen
2026-09-08T06:50:28.408Z  PAGP/2023       roh          93240 reg. Kerzen    0/250/250 von 250  Tagen gewertet (1m/5m/15m)     6190 Signale  139 ms lesen  11758 ms rechnen
2026-09-08T06:50:40.662Z  PAGP/2024       roh          89622 reg. Kerzen    0/252/252 von 252  Tagen gewertet (1m/5m/15m)     6135 Signale  122 ms lesen  11904 ms rechnen
2026-09-08T06:50:53.092Z  PAGP/2025       roh          88189 reg. Kerzen    0/250/250 von 250  Tagen gewertet (1m/5m/15m)     6175 Signale  124 ms lesen  12017 ms rechnen
2026-09-08T06:51:01.071Z  PAGP/2026       roh          61389 reg. Kerzen    0/166/166 von 166  Tagen gewertet (1m/5m/15m)     4055 Signale  118 ms lesen  7618 ms rechnen
2026-09-08T06:51:14.112Z  PANW/2016       bereinigt    95354 reg. Kerzen    0/232/232 von 252  Tagen gewertet (1m/5m/15m)     6178 Signale  227 ms lesen  12621 ms rechnen
2026-09-08T06:51:27.251Z  PANW/2017       bereinigt    93161 reg. Kerzen    0/251/251 von 251  Tagen gewertet (1m/5m/15m)     6338 Signale  214 ms lesen  12654 ms rechnen
2026-09-08T06:51:41.276Z  PANW/2018       bereinigt    93199 reg. Kerzen    0/251/251 von 251  Tagen gewertet (1m/5m/15m)     6484 Signale  223 ms lesen  13557 ms rechnen
2026-09-08T06:51:54.166Z  PANW/2019       bereinigt    93342 reg. Kerzen    0/251/251 von 252  Tagen gewertet (1m/5m/15m)     6388 Signale  216 ms lesen  12353 ms rechnen
2026-09-08T06:52:09.075Z  PANW/2020       bereinigt    93885 reg. Kerzen    0/252/252 von 253  Tagen gewertet (1m/5m/15m)     6555 Signale  224 ms lesen  14406 ms rechnen
2026-09-08T06:52:23.452Z  PANW/2021       bereinigt    90395 reg. Kerzen    0/251/251 von 252  Tagen gewertet (1m/5m/15m)     6573 Signale  216 ms lesen  13883 ms rechnen
2026-09-08T06:52:39.105Z  PANW/2022       bereinigt    94553 reg. Kerzen    0/251/251 von 251  Tagen gewertet (1m/5m/15m)     6830 Signale  247 ms lesen  15118 ms rechnen
2026-09-08T06:52:52.844Z  PANW/2023       bereinigt    96986 reg. Kerzen    0/250/250 von 250  Tagen gewertet (1m/5m/15m)     6439 Signale  251 ms lesen  13194 ms rechnen
2026-09-08T06:53:07.321Z  PANW/2024       bereinigt    96990 reg. Kerzen    0/252/252 von 252  Tagen gewertet (1m/5m/15m)     6560 Signale  222 ms lesen  13950 ms rechnen
2026-09-08T06:53:21.168Z  PANW/2025       bereinigt    96897 reg. Kerzen    0/250/250 von 250  Tagen gewertet (1m/5m/15m)     6332 Signale  242 ms lesen  13276 ms rechnen
2026-09-08T06:53:29.571Z  PANW/2026       bereinigt    64732 reg. Kerzen    0/145/145 von 166  Tagen gewertet (1m/5m/15m)     3758 Signale  147 ms lesen  7993 ms rechnen
2026-09-08T06:53:29.823Z  PATI/2016       roh           1254 reg. Kerzen        0/0/0 von 165  Tagen gewertet (1m/5m/15m)        0 Signale  25 ms lesen  14 ms rechnen
2026-09-08T06:53:29.869Z  PATI/2017       roh           1158 reg. Kerzen        0/0/0 von 186  Tagen gewertet (1m/5m/15m)        0 Signale  28 ms lesen  11 ms rechnen
2026-09-08T06:53:29.928Z  PATI/2018       roh           1221 reg. Kerzen        0/0/0 von 199  Tagen gewertet (1m/5m/15m)        0 Signale  37 ms lesen  16 ms rechnen
2026-09-08T06:53:31.720Z  CHECKPOINT 3800 Dateien, 739 min, Detektorfehler {}
2026-09-08T06:53:31.775Z  PATI/2019       roh            750 reg. Kerzen        0/0/0 von 156  Tagen gewertet (1m/5m/15m)        0 Signale  12 ms lesen  42 ms rechnen
2026-09-08T06:53:31.839Z  PATI/2020       roh           3586 reg. Kerzen        0/0/0 von 232  Tagen gewertet (1m/5m/15m)        0 Signale  19 ms lesen  42 ms rechnen
2026-09-08T06:53:31.903Z  PATI/2021       roh           3572 reg. Kerzen        0/0/0 von 241  Tagen gewertet (1m/5m/15m)        0 Signale  14 ms lesen  36 ms rechnen
2026-09-08T06:53:31.950Z  PATI/2022       roh           2197 reg. Kerzen        0/0/0 von 240  Tagen gewertet (1m/5m/15m)        0 Signale  11 ms lesen  26 ms rechnen
2026-09-08T06:53:31.993Z  PATI/2023       roh           2097 reg. Kerzen        0/0/0 von 232  Tagen gewertet (1m/5m/15m)        0 Signale  9 ms lesen  25 ms rechnen
2026-09-08T06:53:40.410Z  PBA/2016        roh          72952 reg. Kerzen    0/171/171 von 252  Tagen gewertet (1m/5m/15m)     4350 Signale  119 ms lesen  8281 ms rechnen
2026-09-08T06:53:51.479Z  PBA/2017        roh          80829 reg. Kerzen    0/234/234 von 251  Tagen gewertet (1m/5m/15m)     5606 Signale  157 ms lesen  10676 ms rechnen
2026-09-08T06:54:03.785Z  PBA/2018        roh          89253 reg. Kerzen    0/251/251 von 251  Tagen gewertet (1m/5m/15m)     6276 Signale  148 ms lesen  11950 ms rechnen
2026-09-08T06:54:15.566Z  PBA/2019        roh          88248 reg. Kerzen    0/252/252 von 252  Tagen gewertet (1m/5m/15m)     5812 Signale  320 ms lesen  11179 ms rechnen
2026-09-08T06:54:29.338Z  PBA/2020        roh          95695 reg. Kerzen    0/253/253 von 253  Tagen gewertet (1m/5m/15m)     6683 Signale  128 ms lesen  13423 ms rechnen
2026-09-08T06:54:42.348Z  PBA/2021        roh          92377 reg. Kerzen    0/250/250 von 252  Tagen gewertet (1m/5m/15m)     6384 Signale  150 ms lesen  12578 ms rechnen
2026-09-08T06:54:55.777Z  PBA/2022        roh          93847 reg. Kerzen    0/249/249 von 251  Tagen gewertet (1m/5m/15m)     6514 Signale  146 ms lesen  12995 ms rechnen
2026-09-08T06:55:08.323Z  PBA/2023        roh          88783 reg. Kerzen    0/250/250 von 250  Tagen gewertet (1m/5m/15m)     6107 Signale  126 ms lesen  12160 ms rechnen
2026-09-08T06:55:19.517Z  PBA/2024        roh          87913 reg. Kerzen    0/252/252 von 252  Tagen gewertet (1m/5m/15m)     5765 Signale  125 ms lesen  10843 ms rechnen
2026-09-08T06:55:31.667Z  PBA/2025        roh          89424 reg. Kerzen    0/250/250 von 250  Tagen gewertet (1m/5m/15m)     5861 Signale  138 ms lesen  11707 ms rechnen
2026-09-08T06:55:39.738Z  PBA/2026        roh          59351 reg. Kerzen    0/166/166 von 166  Tagen gewertet (1m/5m/15m)     4203 Signale  93 ms lesen  7699 ms rechnen
2026-09-08T06:55:51.640Z  PBI/2016        roh          92991 reg. Kerzen    0/232/232 von 252  Tagen gewertet (1m/5m/15m)     5863 Signale  125 ms lesen  11579 ms rechnen
2026-09-08T06:56:04.808Z  PBI/2017        roh          92866 reg. Kerzen    0/251/251 von 251  Tagen gewertet (1m/5m/15m)     6427 Signale  131 ms lesen  12782 ms rechnen
2026-09-08T06:56:19.275Z  PBI/2018        roh          93387 reg. Kerzen    0/251/251 von 251  Tagen gewertet (1m/5m/15m)     6610 Signale  151 ms lesen  14065 ms rechnen
2026-09-08T06:56:34.652Z  PBI/2019        roh          94315 reg. Kerzen    0/252/252 von 252  Tagen gewertet (1m/5m/15m)     6813 Signale  139 ms lesen  14957 ms rechnen
2026-09-08T06:56:47.584Z  PBI/2020        roh          91987 reg. Kerzen    0/198/198 von 253  Tagen gewertet (1m/5m/15m)     5392 Signale  138 ms lesen  12495 ms rechnen
2026-09-08T06:57:03.769Z  PBI/2021        roh          88676 reg. Kerzen    0/250/250 von 252  Tagen gewertet (1m/5m/15m)     6777 Signale  119 ms lesen  15815 ms rechnen
2026-09-08T06:57:13.711Z  PBI/2022        roh          87744 reg. Kerzen    0/146/146 von 250  Tagen gewertet (1m/5m/15m)     4037 Signale  106 ms lesen  9565 ms rechnen
2026-09-08T06:57:15.321Z  PBI/2023        roh          81810 reg. Kerzen      0/13/13 von 250  Tagen gewertet (1m/5m/15m)      339 Signale  121 ms lesen  1230 ms rechnen
2026-09-08T06:57:25.591Z  PBI/2024        roh          84827 reg. Kerzen    0/161/161 von 252  Tagen gewertet (1m/5m/15m)     4292 Signale  121 ms lesen  9938 ms rechnen
2026-09-08T06:57:40.616Z  PBI/2025        roh          90194 reg. Kerzen    0/250/250 von 250  Tagen gewertet (1m/5m/15m)     6567 Signale  129 ms lesen  14662 ms rechnen
2026-09-08T06:57:50.038Z  PBI/2026        roh          59303 reg. Kerzen    0/166/166 von 166  Tagen gewertet (1m/5m/15m)     4402 Signale  89 ms lesen  9078 ms rechnen
2026-09-08T06:58:04.314Z  PBR.A/2016      roh          96196 reg. Kerzen    0/232/232 von 252  Tagen gewertet (1m/5m/15m)     6508 Signale  161 ms lesen  13948 ms rechnen
2026-09-08T06:58:18.482Z  PBR.A/2017      roh          93855 reg. Kerzen    0/251/251 von 251  Tagen gewertet (1m/5m/15m)     6753 Signale  133 ms lesen  13747 ms rechnen
2026-09-08T06:58:33.056Z  PBR.A/2018      roh          96222 reg. Kerzen    0/251/251 von 251  Tagen gewertet (1m/5m/15m)     6897 Signale  152 ms lesen  14130 ms rechnen
2026-09-08T06:58:46.592Z  PBR.A/2019      roh          96318 reg. Kerzen    0/252/252 von 252  Tagen gewertet (1m/5m/15m)     6736 Signale  123 ms lesen  13168 ms rechnen
2026-09-08T06:59:01.296Z  PBR.A/2020      roh          95329 reg. Kerzen    0/253/253 von 253  Tagen gewertet (1m/5m/15m)     6793 Signale  140 ms lesen  14264 ms rechnen
2026-09-08T06:59:15.751Z  PBR.A/2021      roh          95253 reg. Kerzen    0/250/250 von 252  Tagen gewertet (1m/5m/15m)     6839 Signale  147 ms lesen  14049 ms rechnen
2026-09-08T06:59:30.365Z  PBR.A/2022      roh          96414 reg. Kerzen    0/249/249 von 250  Tagen gewertet (1m/5m/15m)     6729 Signale  156 ms lesen  14208 ms rechnen
2026-09-08T06:59:43.989Z  PBR.A/2023      roh          95807 reg. Kerzen    0/250/250 von 250  Tagen gewertet (1m/5m/15m)     6711 Signale  153 ms lesen  13219 ms rechnen
2026-09-08T06:59:57.227Z  PBR.A/2024      roh          94461 reg. Kerzen    0/252/252 von 252  Tagen gewertet (1m/5m/15m)     6582 Signale  139 ms lesen  12791 ms rechnen
2026-09-08T07:00:10.135Z  PBR.A/2025      roh          92305 reg. Kerzen    0/250/250 von 250  Tagen gewertet (1m/5m/15m)     6389 Signale  133 ms lesen  12511 ms rechnen
2026-09-08T07:00:19.632Z  PBR.A/2026      roh          63430 reg. Kerzen    0/166/166 von 166  Tagen gewertet (1m/5m/15m)     4409 Signale  119 ms lesen  9134 ms rechnen
2026-09-08T07:00:20.374Z  PCMI/2016       roh          25081 reg. Kerzen        0/5/5 von 252  Tagen gewertet (1m/5m/15m)      132 Signale  68 ms lesen  480 ms rechnen
2026-09-08T07:00:21.591Z  PCMI/2017       roh          41732 reg. Kerzen      0/16/16 von 251  Tagen gewertet (1m/5m/15m)      436 Signale  64 ms lesen  1090 ms rechnen
2026-09-08T07:00:22.218Z  PCMI/2018       roh          36933 reg. Kerzen        0/3/3 von 251  Tagen gewertet (1m/5m/15m)       88 Signale  68 ms lesen  431 ms rechnen
2026-09-08T07:00:26.263Z  PCMI/2019       roh          31150 reg. Kerzen      0/78/79 von 167  Tagen gewertet (1m/5m/15m)     1833 Signale  53 ms lesen  3878 ms rechnen
2026-09-08T07:00:26.526Z  PCSB/2017       roh          17439 reg. Kerzen        0/0/0 von 176  Tagen gewertet (1m/5m/15m)        0 Signale  41 ms lesen  124 ms rechnen
2026-09-08T07:00:26.753Z  PCSB/2018       roh          16275 reg. Kerzen        0/0/0 von 251  Tagen gewertet (1m/5m/15m)        0 Signale  38 ms lesen  126 ms rechnen
2026-09-08T07:00:26.964Z  PCSB/2019       roh          14353 reg. Kerzen        0/0/0 von 252  Tagen gewertet (1m/5m/15m)        0 Signale  53 ms lesen  120 ms rechnen
2026-09-08T07:00:27.202Z  PCSB/2020       roh          22622 reg. Kerzen        0/0/0 von 253  Tagen gewertet (1m/5m/15m)        0 Signale  53 ms lesen  136 ms rechnen
2026-09-08T07:00:27.388Z  PCSB/2021       roh          11301 reg. Kerzen        0/0/0 von 252  Tagen gewertet (1m/5m/15m)        0 Signale  38 ms lesen  90 ms rechnen
2026-09-08T07:00:27.591Z  PCSB/2022       roh          15792 reg. Kerzen        0/0/0 von 251  Tagen gewertet (1m/5m/15m)        0 Signale  30 ms lesen  131 ms rechnen
2026-09-08T07:00:38.043Z  PD/2019         roh          57855 reg. Kerzen    0/163/163 von 183  Tagen gewertet (1m/5m/15m)     4512 Signale  121 ms lesen  10254 ms rechnen
2026-09-08T07:00:53.860Z  PD/2020         roh          90793 reg. Kerzen    0/253/253 von 253  Tagen gewertet (1m/5m/15m)     6876 Signale  130 ms lesen  15547 ms rechnen
2026-09-08T07:01:09.451Z  PD/2021         roh          90734 reg. Kerzen    0/250/250 von 252  Tagen gewertet (1m/5m/15m)     6914 Signale  122 ms lesen  15197 ms rechnen
2026-09-08T07:01:25.936Z  PD/2022         roh          91515 reg. Kerzen    0/249/249 von 251  Tagen gewertet (1m/5m/15m)     6912 Signale  150 ms lesen  16098 ms rechnen
2026-09-08T07:01:41.028Z  PD/2023         roh          92077 reg. Kerzen    0/250/250 von 250  Tagen gewertet (1m/5m/15m)     6808 Signale  116 ms lesen  14755 ms rechnen
2026-09-08T07:01:55.691Z  PD/2024         roh          87936 reg. Kerzen    0/252/252 von 252  Tagen gewertet (1m/5m/15m)     6737 Signale  211 ms lesen  14208 ms rechnen
2026-09-08T07:02:10.627Z  PD/2025         roh          85951 reg. Kerzen    0/250/250 von 250  Tagen gewertet (1m/5m/15m)     6626 Signale  137 ms lesen  14548 ms rechnen
2026-09-08T07:02:20.799Z  PD/2026         roh          60813 reg. Kerzen    0/166/166 von 166  Tagen gewertet (1m/5m/15m)     4534 Signale  197 ms lesen  9700 ms rechnen
2026-09-08T07:02:21.211Z  PDVW/2016       roh          24509 reg. Kerzen        0/0/0 von 252  Tagen gewertet (1m/5m/15m)        0 Signale  74 ms lesen  147 ms rechnen
2026-09-08T07:02:21.408Z  PDVW/2017       roh          12293 reg. Kerzen        0/0/0 von 251  Tagen gewertet (1m/5m/15m)        0 Signale  53 ms lesen  79 ms rechnen
2026-09-08T07:02:21.607Z  PDVW/2018       roh          14263 reg. Kerzen        0/0/0 von 250  Tagen gewertet (1m/5m/15m)        0 Signale  53 ms lesen  102 ms rechnen
2026-09-08T07:02:21.757Z  PDVW/2019       roh           9716 reg. Kerzen        0/0/0 von 114  Tagen gewertet (1m/5m/15m)        0 Signale  27 ms lesen  78 ms rechnen
2026-09-08T07:02:28.455Z  PEGA/2016       bereinigt    60263 reg. Kerzen    0/120/120 von 252  Tagen gewertet (1m/5m/15m)     3012 Signale  106 ms lesen  6554 ms rechnen
2026-09-08T07:02:41.504Z  PEGA/2017       bereinigt    59428 reg. Kerzen    0/249/251 von 251  Tagen gewertet (1m/5m/15m)     6492 Signale  68 ms lesen  12815 ms rechnen
2026-09-08T07:02:55.543Z  PEGA/2018       bereinigt    65205 reg. Kerzen    0/249/249 von 251  Tagen gewertet (1m/5m/15m)     6575 Signale  97 ms lesen  13769 ms rechnen
2026-09-08T07:03:08.413Z  PEGA/2019       bereinigt    61192 reg. Kerzen    0/250/252 von 252  Tagen gewertet (1m/5m/15m)     6336 Signale  261 ms lesen  12412 ms rechnen
2026-09-08T07:03:22.246Z  PEGA/2020       bereinigt    65281 reg. Kerzen    0/253/253 von 253  Tagen gewertet (1m/5m/15m)     6611 Signale  217 ms lesen  13449 ms rechnen
2026-09-08T07:03:35.263Z  PEGA/2021       bereinigt    53776 reg. Kerzen    0/243/252 von 252  Tagen gewertet (1m/5m/15m)     6385 Signale  84 ms lesen  12762 ms rechnen
2026-09-08T07:03:49.782Z  PEGA/2022       bereinigt    68984 reg. Kerzen    0/251/251 von 251  Tagen gewertet (1m/5m/15m)     6876 Signale  113 ms lesen  14236 ms rechnen
2026-09-08T07:04:03.016Z  PEGA/2023       bereinigt    55528 reg. Kerzen    0/245/250 von 250  Tagen gewertet (1m/5m/15m)     6575 Signale  68 ms lesen  12961 ms rechnen
2026-09-08T07:04:16.611Z  PEGA/2024       bereinigt    65312 reg. Kerzen    0/252/252 von 252  Tagen gewertet (1m/5m/15m)     6546 Signale  89 ms lesen  13335 ms rechnen
2026-09-08T07:04:30.306Z  PEGA/2025       bereinigt    84109 reg. Kerzen    0/250/250 von 250  Tagen gewertet (1m/5m/15m)     6624 Signale  100 ms lesen  13425 ms rechnen
2026-09-08T07:04:40.757Z  PEGA/2026       roh          62368 reg. Kerzen    0/166/166 von 166  Tagen gewertet (1m/5m/15m)     4579 Signale  102 ms lesen  10086 ms rechnen
2026-09-08T07:04:50.832Z  PEP/2016        roh          98061 reg. Kerzen    0/232/232 von 252  Tagen gewertet (1m/5m/15m)     5002 Signale  135 ms lesen  9735 ms rechnen
2026-09-08T07:05:01.354Z  PEP/2017        roh          97417 reg. Kerzen    0/251/251 von 251  Tagen gewertet (1m/5m/15m)     5028 Signale  124 ms lesen  10130 ms rechnen
2026-09-08T07:05:13.183Z  PEP/2018        roh          96549 reg. Kerzen    0/249/249 von 251  Tagen gewertet (1m/5m/15m)     5712 Signale  163 ms lesen  11407 ms rechnen
2026-09-08T07:05:25.767Z  PEP/2019        roh          97726 reg. Kerzen    0/252/252 von 252  Tagen gewertet (1m/5m/15m)     5586 Signale  174 ms lesen  12119 ms rechnen
2026-09-08T07:05:39.224Z  PEP/2020        roh          98230 reg. Kerzen    0/253/253 von 253  Tagen gewertet (1m/5m/15m)     6046 Signale  164 ms lesen  12990 ms rechnen
2026-09-08T07:05:50.889Z  PEP/2021        roh          98071 reg. Kerzen    0/252/252 von 252  Tagen gewertet (1m/5m/15m)     5567 Signale  160 ms lesen  11227 ms rechnen
2026-09-08T07:06:03.808Z  PEP/2022        roh          97699 reg. Kerzen    0/251/251 von 251  Tagen gewertet (1m/5m/15m)     6114 Signale  144 ms lesen  12497 ms rechnen
2026-09-08T07:06:15.377Z  PEP/2023        roh          97123 reg. Kerzen    0/250/250 von 250  Tagen gewertet (1m/5m/15m)     5581 Signale  170 ms lesen  11115 ms rechnen
2026-09-08T07:06:26.976Z  PEP/2024        roh          97726 reg. Kerzen    0/252/252 von 252  Tagen gewertet (1m/5m/15m)     5682 Signale  280 ms lesen  11076 ms rechnen
2026-09-08T07:06:38.711Z  PEP/2025        roh          96957 reg. Kerzen    0/250/250 von 250  Tagen gewertet (1m/5m/15m)     5984 Signale  156 ms lesen  11312 ms rechnen
2026-09-08T07:06:47.299Z  PEP/2026        roh          64732 reg. Kerzen    0/166/166 von 166  Tagen gewertet (1m/5m/15m)     4018 Signale  214 ms lesen  8072 ms rechnen
2026-09-08T07:06:51.685Z  PETX/2016       roh          77242 reg. Kerzen      0/59/59 von 252  Tagen gewertet (1m/5m/15m)     1604 Signale  171 ms lesen  3999 ms rechnen
2026-09-08T07:06:52.422Z  PETX/2017       roh          62958 reg. Kerzen        0/0/0 von 251  Tagen gewertet (1m/5m/15m)        0 Signale  118 ms lesen  392 ms rechnen
2026-09-08T07:06:53.051Z  PETX/2018       roh          56221 reg. Kerzen        0/0/0 von 251  Tagen gewertet (1m/5m/15m)        0 Signale  91 ms lesen  373 ms rechnen
2026-09-08T07:06:53.464Z  PETX/2019       roh          32417 reg. Kerzen        0/0/0 von 136  Tagen gewertet (1m/5m/15m)        0 Signale  53 ms lesen  217 ms rechnen
2026-09-08T07:07:04.695Z  PFE/2016        roh          98091 reg. Kerzen    0/232/232 von 252  Tagen gewertet (1m/5m/15m)     5456 Signale  165 ms lesen  10960 ms rechnen
2026-09-08T07:07:15.571Z  PFE/2017        roh          97527 reg. Kerzen    0/251/251 von 251  Tagen gewertet (1m/5m/15m)     5393 Signale  150 ms lesen  10451 ms rechnen
2026-09-08T07:07:28.023Z  PFE/2018        roh          97343 reg. Kerzen    0/251/251 von 251  Tagen gewertet (1m/5m/15m)     5983 Signale  175 ms lesen  12003 ms rechnen
2026-09-08T07:07:40.211Z  PFE/2019        roh          97619 reg. Kerzen    0/252/252 von 252  Tagen gewertet (1m/5m/15m)     5939 Signale  142 ms lesen  11709 ms rechnen
2026-09-08T07:07:52.455Z  PFE/2020        roh          98250 reg. Kerzen    0/232/232 von 253  Tagen gewertet (1m/5m/15m)     5724 Signale  171 ms lesen  11794 ms rechnen
2026-09-08T07:08:04.567Z  PFE/2021        roh          97315 reg. Kerzen    0/250/250 von 252  Tagen gewertet (1m/5m/15m)     5975 Signale  211 ms lesen  11616 ms rechnen
2026-09-08T07:08:17.747Z  PFE/2022        roh          97005 reg. Kerzen    0/249/249 von 250  Tagen gewertet (1m/5m/15m)     6359 Signale  185 ms lesen  12694 ms rechnen
2026-09-08T07:08:30.062Z  PFE/2023        roh          97136 reg. Kerzen    0/250/250 von 250  Tagen gewertet (1m/5m/15m)     6017 Signale  179 ms lesen  11897 ms rechnen
2026-09-08T07:08:42.358Z  PFE/2024        roh          97740 reg. Kerzen    0/252/252 von 252  Tagen gewertet (1m/5m/15m)     6201 Signale  237 ms lesen  11754 ms rechnen
2026-09-08T07:08:55.116Z  PFE/2025        roh          96960 reg. Kerzen    0/250/250 von 250  Tagen gewertet (1m/5m/15m)     6148 Signale  208 ms lesen  12309 ms rechnen
2026-09-08T07:09:03.645Z  PFE/2026        roh          64740 reg. Kerzen    0/166/166 von 166  Tagen gewertet (1m/5m/15m)     4129 Signale  176 ms lesen  8060 ms rechnen
2026-09-08T07:09:04.088Z  PFNX/2016       roh          25632 reg. Kerzen        0/0/0 von 252  Tagen gewertet (1m/5m/15m)        0 Signale  67 ms lesen  190 ms rechnen
2026-09-08T07:09:04.497Z  PFNX/2017       roh          34332 reg. Kerzen        0/0/0 von 251  Tagen gewertet (1m/5m/15m)        0 Signale  63 ms lesen  282 ms rechnen
2026-09-08T07:09:04.893Z  PFNX/2018       roh          31361 reg. Kerzen        0/0/0 von 251  Tagen gewertet (1m/5m/15m)        0 Signale  77 ms lesen  210 ms rechnen
2026-09-08T07:09:05.314Z  PFNX/2019       roh          39891 reg. Kerzen        0/0/0 von 252  Tagen gewertet (1m/5m/15m)        0 Signale  81 ms lesen  247 ms rechnen
2026-09-08T07:09:06.734Z  PFNX/2020       roh          42021 reg. Kerzen      0/23/23 von 189  Tagen gewertet (1m/5m/15m)      498 Signale  70 ms lesen  1246 ms rechnen
2026-09-08T07:09:07.383Z  PGH/2016        roh          63511 reg. Kerzen        0/0/0 von 252  Tagen gewertet (1m/5m/15m)        0 Signale  145 ms lesen  398 ms rechnen
2026-09-08T07:09:07.963Z  PGH/2017        roh          51390 reg. Kerzen        0/0/0 von 251  Tagen gewertet (1m/5m/15m)        0 Signale  73 ms lesen  338 ms rechnen
2026-09-08T07:09:08.237Z  PGH/2018        roh          14481 reg. Kerzen        0/0/0 von 105  Tagen gewertet (1m/5m/15m)        0 Signale  32 ms lesen  92 ms rechnen
2026-09-08T07:09:08.476Z  PGRU/2022       roh          12737 reg. Kerzen        0/0/0 von 199  Tagen gewertet (1m/5m/15m)        0 Signale  107 ms lesen  87 ms rechnen
2026-09-08T07:09:08.557Z  PGRU/2023       roh           4460 reg. Kerzen        0/0/0 von 245  Tagen gewertet (1m/5m/15m)        0 Signale  17 ms lesen  39 ms rechnen
2026-09-08T07:09:08.745Z  PGRU/2024       roh          16411 reg. Kerzen        0/0/0 von 240  Tagen gewertet (1m/5m/15m)        0 Signale  37 ms lesen  134 ms rechnen
2026-09-08T07:09:08.844Z  PHCF/2018       bereinigt      141 reg. Kerzen        0/0/0 von 3    Tagen gewertet (1m/5m/15m)        0 Signale  37 ms lesen  1 ms rechnen
2026-09-08T07:09:08.884Z  PHCF/2019       bereinigt     2323 reg. Kerzen        0/0/0 von 217  Tagen gewertet (1m/5m/15m)        0 Signale  21 ms lesen  18 ms rechnen
2026-09-08T07:09:08.955Z  PHCF/2020       bereinigt     7196 reg. Kerzen        0/0/0 von 212  Tagen gewertet (1m/5m/15m)        0 Signale  15 ms lesen  50 ms rechnen
2026-09-08T07:09:09.083Z  PHCF/2021       bereinigt    13851 reg. Kerzen        0/0/0 von 252  Tagen gewertet (1m/5m/15m)        0 Signale  31 ms lesen  77 ms rechnen
2026-09-08T07:09:09.185Z  PHCF/2022       bereinigt     6519 reg. Kerzen        0/0/0 von 248  Tagen gewertet (1m/5m/15m)        0 Signale  21 ms lesen  39 ms rechnen
2026-09-08T07:09:09.246Z  PHCF/2023       roh            273 reg. Kerzen        0/0/0 von 49   Tagen gewertet (1m/5m/15m)        0 Signale  43 ms lesen  4 ms rechnen
2026-09-08T07:09:21.673Z  PHM/2016        roh          97756 reg. Kerzen    0/232/232 von 252  Tagen gewertet (1m/5m/15m)     5990 Signale  169 ms lesen  12224 ms rechnen
2026-09-08T07:09:34.803Z  PHM/2017        roh          97174 reg. Kerzen    0/251/251 von 251  Tagen gewertet (1m/5m/15m)     6200 Signale  126 ms lesen  12737 ms rechnen
2026-09-08T07:09:48.780Z  PHM/2018        roh          97217 reg. Kerzen    0/251/251 von 251  Tagen gewertet (1m/5m/15m)     6532 Signale  137 ms lesen  13580 ms rechnen
2026-09-08T07:10:02.087Z  PHM/2019        roh          97336 reg. Kerzen    0/252/252 von 252  Tagen gewertet (1m/5m/15m)     6379 Signale  136 ms lesen  12902 ms rechnen
2026-09-08T07:10:17.242Z  PHM/2020        roh          98005 reg. Kerzen    0/253/253 von 253  Tagen gewertet (1m/5m/15m)     6687 Signale  150 ms lesen  14705 ms rechnen
2026-09-08T07:10:30.780Z  PHM/2021        roh          96796 reg. Kerzen    0/250/250 von 252  Tagen gewertet (1m/5m/15m)     6546 Signale  291 ms lesen  12969 ms rechnen
2026-09-08T07:10:45.543Z  PHM/2022        roh          96623 reg. Kerzen    0/249/249 von 250  Tagen gewertet (1m/5m/15m)     6648 Signale  115 ms lesen  14351 ms rechnen
2026-09-08T07:10:58.921Z  PHM/2023        roh          96649 reg. Kerzen    0/250/250 von 250  Tagen gewertet (1m/5m/15m)     6412 Signale  214 ms lesen  12957 ms rechnen
2026-09-08T07:11:12.671Z  PHM/2024        roh          94472 reg. Kerzen    0/252/252 von 252  Tagen gewertet (1m/5m/15m)     6521 Signale  129 ms lesen  13376 ms rechnen
2026-09-08T07:11:26.259Z  PHM/2025        roh          93377 reg. Kerzen    0/250/250 von 250  Tagen gewertet (1m/5m/15m)     6427 Signale  134 ms lesen  13212 ms rechnen
2026-09-08T07:11:35.101Z  PHM/2026        roh          60581 reg. Kerzen    0/166/166 von 166  Tagen gewertet (1m/5m/15m)     4294 Signale  103 ms lesen  8529 ms rechnen
2026-09-08T07:11:35.336Z  PIC/2019        roh            124 reg. Kerzen        0/0/0 von 32   Tagen gewertet (1m/5m/15m)        0 Signale  45 ms lesen  2 ms rechnen
2026-09-08T07:11:38.474Z  PIC/2020        roh          24602 reg. Kerzen      0/56/56 von 220  Tagen gewertet (1m/5m/15m)     1401 Signale  206 ms lesen  2931 ms rechnen
2026-09-08T07:11:38.693Z  PIOI/2016       roh          15261 reg. Kerzen        0/0/0 von 231  Tagen gewertet (1m/5m/15m)        0 Signale  40 ms lesen  91 ms rechnen
2026-09-08T07:11:39.245Z  PJT/2016        roh          45081 reg. Kerzen        0/2/2 von 252  Tagen gewertet (1m/5m/15m)       49 Signale  96 ms lesen  403 ms rechnen
2026-09-08T07:11:39.721Z  PJT/2017        roh          35340 reg. Kerzen        0/0/0 von 251  Tagen gewertet (1m/5m/15m)        0 Signale  63 ms lesen  283 ms rechnen
2026-09-08T07:11:48.206Z  PJT/2018        roh          42987 reg. Kerzen    0/158/176 von 251  Tagen gewertet (1m/5m/15m)     4164 Signale  97 ms lesen  8273 ms rechnen
2026-09-08T07:11:50.706Z  PJT/2019        roh          38317 reg. Kerzen      0/40/43 von 252  Tagen gewertet (1m/5m/15m)     1052 Signale  63 ms lesen  2330 ms rechnen
2026-09-08T07:12:00.529Z  PJT/2020        roh          44417 reg. Kerzen    0/172/197 von 253  Tagen gewertet (1m/5m/15m)     4822 Signale  70 ms lesen  9629 ms rechnen
2026-09-08T07:12:11.875Z  PJT/2021        roh          41977 reg. Kerzen    0/204/250 von 252  Tagen gewertet (1m/5m/15m)     5751 Signale  77 ms lesen  11133 ms rechnen
2026-09-08T07:12:23.957Z  PJT/2022        roh          43692 reg. Kerzen    0/206/249 von 251  Tagen gewertet (1m/5m/15m)     5835 Signale  65 ms lesen  11905 ms rechnen
2026-09-08T07:12:35.035Z  PJT/2023        roh          44235 reg. Kerzen    0/203/249 von 250  Tagen gewertet (1m/5m/15m)     5636 Signale  94 ms lesen  10852 ms rechnen
2026-09-08T07:12:45.135Z  PJT/2024        roh          40928 reg. Kerzen    0/190/252 von 252  Tagen gewertet (1m/5m/15m)     5416 Signale  68 ms lesen  9890 ms rechnen
2026-09-08T07:12:55.146Z  PJT/2025        roh          39455 reg. Kerzen    0/172/250 von 250  Tagen gewertet (1m/5m/15m)     5222 Signale  71 ms lesen  9839 ms rechnen
2026-09-08T07:13:03.683Z  PJT/2026        roh          31105 reg. Kerzen    0/152/166 von 166  Tagen gewertet (1m/5m/15m)     4152 Signale  65 ms lesen  8362 ms rechnen
2026-09-08T07:13:07.429Z  PLAB/2016       roh          68496 reg. Kerzen      0/54/54 von 252  Tagen gewertet (1m/5m/15m)     1411 Signale  120 ms lesen  3512 ms rechnen
2026-09-08T07:13:10.245Z  PLAB/2017       roh          65261 reg. Kerzen      0/31/31 von 251  Tagen gewertet (1m/5m/15m)      842 Signale  116 ms lesen  2504 ms rechnen
2026-09-08T07:13:10.968Z  PLAB/2018       roh          70506 reg. Kerzen        0/1/1 von 251  Tagen gewertet (1m/5m/15m)       29 Signale  120 ms lesen  396 ms rechnen
2026-09-08T07:13:14.579Z  PLAB/2019       roh          72356 reg. Kerzen      0/60/60 von 252  Tagen gewertet (1m/5m/15m)     1553 Signale  91 ms lesen  3351 ms rechnen
2026-09-08T07:13:20.822Z  PLAB/2020       roh          73430 reg. Kerzen      0/99/99 von 253  Tagen gewertet (1m/5m/15m)     2682 Signale  108 ms lesen  5947 ms rechnen
2026-09-08T07:13:22.914Z  PLAB/2021       roh          63642 reg. Kerzen      0/27/27 von 252  Tagen gewertet (1m/5m/15m)      712 Signale  173 ms lesen  1728 ms rechnen
2026-09-08T07:13:37.304Z  PLAB/2022       roh          81793 reg. Kerzen    0/240/240 von 251  Tagen gewertet (1m/5m/15m)     6595 Signale  138 ms lesen  14096 ms rechnen
2026-09-08T07:13:47.937Z  PLAB/2023       roh          72517 reg. Kerzen    0/187/187 von 250  Tagen gewertet (1m/5m/15m)     5074 Signale  142 ms lesen  10272 ms rechnen
2026-09-08T07:14:01.806Z  PLAB/2024       roh          66852 reg. Kerzen    0/252/252 von 252  Tagen gewertet (1m/5m/15m)     6750 Signale  88 ms lesen  13576 ms rechnen
2026-09-08T07:14:15.762Z  PLAB/2025       roh          71646 reg. Kerzen    0/250/250 von 250  Tagen gewertet (1m/5m/15m)     6659 Signale  123 ms lesen  13662 ms rechnen
2026-09-08T07:14:25.638Z  PLAB/2026       roh          56435 reg. Kerzen    0/166/166 von 166  Tagen gewertet (1m/5m/15m)     4514 Signale  110 ms lesen  9548 ms rechnen
2026-09-08T07:14:25.836Z  PLL/2018        roh             59 reg. Kerzen        0/0/0 von 10   Tagen gewertet (1m/5m/15m)        0 Signale  33 ms lesen  1 ms rechnen
2026-09-08T07:14:25.888Z  PLL/2019        roh           2215 reg. Kerzen        0/0/0 von 243  Tagen gewertet (1m/5m/15m)        0 Signale  28 ms lesen  23 ms rechnen
2026-09-08T07:14:29.314Z  PLL/2020        roh          29798 reg. Kerzen      0/56/56 von 243  Tagen gewertet (1m/5m/15m)     1517 Signale  48 ms lesen  3372 ms rechnen
2026-09-08T07:14:44.950Z  PLL/2021        roh          73944 reg. Kerzen    0/251/251 von 251  Tagen gewertet (1m/5m/15m)     6955 Signale  105 ms lesen  15464 ms rechnen
2026-09-08T07:15:01.677Z  PLL/2022        roh          71822 reg. Kerzen    0/250/250 von 250  Tagen gewertet (1m/5m/15m)     7044 Signale  116 ms lesen  16389 ms rechnen
2026-09-08T07:15:16.508Z  PLL/2023        roh          67584 reg. Kerzen    0/250/250 von 250  Tagen gewertet (1m/5m/15m)     6964 Signale  93 ms lesen  14501 ms rechnen
2026-09-08T07:15:26.357Z  PLL/2024        roh          74702 reg. Kerzen    0/153/153 von 251  Tagen gewertet (1m/5m/15m)     4267 Signale  107 ms lesen  9552 ms rechnen
2026-09-08T07:15:26.874Z  PLL/2025        roh          34908 reg. Kerzen        0/0/0 von 165  Tagen gewertet (1m/5m/15m)        0 Signale  82 ms lesen  220 ms rechnen
2026-09-08T07:15:39.830Z  PLTK/2021       roh          82949 reg. Kerzen    0/223/223 von 243  Tagen gewertet (1m/5m/15m)     5972 Signale  155 ms lesen  12683 ms rechnen
2026-09-08T07:15:55.254Z  PLTK/2022       roh          92881 reg. Kerzen    0/251/251 von 251  Tagen gewertet (1m/5m/15m)     6891 Signale  136 ms lesen  15045 ms rechnen
2026-09-08T07:16:09.364Z  PLTK/2023       roh          84440 reg. Kerzen    0/250/250 von 250  Tagen gewertet (1m/5m/15m)     6665 Signale  133 ms lesen  13685 ms rechnen
2026-09-08T07:16:14.659Z  PLTK/2024       roh          79410 reg. Kerzen      0/86/86 von 252  Tagen gewertet (1m/5m/15m)     2283 Signale  128 ms lesen  4969 ms rechnen
2026-09-08T07:16:25.038Z  PLTK/2025       roh          86967 reg. Kerzen    0/167/167 von 250  Tagen gewertet (1m/5m/15m)     4462 Signale  127 ms lesen  10006 ms rechnen
2026-09-08T07:16:26.944Z  PLTK/2026       roh          54981 reg. Kerzen      0/19/19 von 166  Tagen gewertet (1m/5m/15m)      533 Signale  106 ms lesen  1549 ms rechnen
2026-09-08T07:16:27.222Z  PLYM/2017       roh           4447 reg. Kerzen        0/0/0 von 142  Tagen gewertet (1m/5m/15m)        0 Signale  48 ms lesen  40 ms rechnen
2026-09-08T07:16:27.344Z  PLYM/2018       roh           6300 reg. Kerzen        0/0/0 von 250  Tagen gewertet (1m/5m/15m)        0 Signale  51 ms lesen  54 ms rechnen
2026-09-08T07:16:27.578Z  PLYM/2019       roh          22528 reg. Kerzen        0/0/0 von 252  Tagen gewertet (1m/5m/15m)        0 Signale  45 ms lesen  165 ms rechnen
2026-09-08T07:16:27.993Z  PLYM/2020       roh          41823 reg. Kerzen        0/0/0 von 253  Tagen gewertet (1m/5m/15m)        0 Signale  70 ms lesen  289 ms rechnen
2026-09-08T07:16:30.411Z  PLYM/2021       roh          45938 reg. Kerzen      0/38/39 von 252  Tagen gewertet (1m/5m/15m)      980 Signale  96 ms lesen  2197 ms rechnen
2026-09-08T07:16:36.809Z  PLYM/2022       roh          54093 reg. Kerzen    0/112/112 von 250  Tagen gewertet (1m/5m/15m)     2972 Signale  81 ms lesen  6198 ms rechnen
2026-09-08T07:16:37.316Z  PLYM/2023       roh          41651 reg. Kerzen        0/0/0 von 250  Tagen gewertet (1m/5m/15m)        0 Signale  70 ms lesen  272 ms rechnen
2026-09-08T07:16:39.869Z  PLYM/2024       roh          47189 reg. Kerzen      0/42/43 von 252  Tagen gewertet (1m/5m/15m)     1051 Signale  94 ms lesen  2365 ms rechnen
2026-09-08T07:16:46.007Z  PLYM/2025       roh          62548 reg. Kerzen    0/122/122 von 250  Tagen gewertet (1m/5m/15m)     2696 Signale  111 ms lesen  5896 ms rechnen
2026-09-08T07:16:46.847Z  PLYM/2026       roh           4812 reg. Kerzen      0/16/16 von 17   Tagen gewertet (1m/5m/15m)      225 Signale  20 ms lesen  629 ms rechnen
2026-09-08T07:16:57.028Z  PMT/2016        roh          74864 reg. Kerzen    0/203/203 von 252  Tagen gewertet (1m/5m/15m)     5064 Signale  127 ms lesen  10019 ms rechnen
2026-09-08T07:17:08.025Z  PMT/2017        roh          68890 reg. Kerzen    0/236/236 von 251  Tagen gewertet (1m/5m/15m)     5578 Signale  107 ms lesen  10691 ms rechnen
2026-09-08T07:17:18.571Z  PMT/2018        roh          72604 reg. Kerzen    0/232/232 von 251  Tagen gewertet (1m/5m/15m)     5389 Signale  108 ms lesen  10243 ms rechnen
2026-09-08T07:17:29.192Z  PMT/2019        roh          79038 reg. Kerzen    0/246/246 von 252  Tagen gewertet (1m/5m/15m)     5258 Signale  127 ms lesen  10269 ms rechnen
2026-09-08T07:17:43.623Z  PMT/2020        roh          87112 reg. Kerzen    0/253/253 von 253  Tagen gewertet (1m/5m/15m)     6556 Signale  152 ms lesen  14067 ms rechnen
2026-09-08T07:17:56.998Z  PMT/2021        roh          80817 reg. Kerzen    0/250/250 von 252  Tagen gewertet (1m/5m/15m)     6185 Signale  113 ms lesen  12962 ms rechnen
2026-09-08T07:18:12.314Z  PMT/2022        roh          87529 reg. Kerzen    0/249/249 von 251  Tagen gewertet (1m/5m/15m)     6535 Signale  245 ms lesen  14811 ms rechnen
2026-09-08T07:18:24.004Z  PMT/2023        roh          79261 reg. Kerzen    0/225/225 von 250  Tagen gewertet (1m/5m/15m)     5870 Signale  118 ms lesen  11322 ms rechnen
2026-09-08T07:18:36.065Z  PMT/2024        roh          74322 reg. Kerzen    0/246/246 von 252  Tagen gewertet (1m/5m/15m)     5949 Signale  112 ms lesen  11721 ms rechnen
2026-09-08T07:18:48.742Z  PMT/2025        roh          73408 reg. Kerzen    0/250/250 von 250  Tagen gewertet (1m/5m/15m)     6254 Signale  120 ms lesen  12362 ms rechnen
2026-09-08T07:18:57.631Z  PMT/2026        roh          53970 reg. Kerzen    0/166/166 von 166  Tagen gewertet (1m/5m/15m)     4350 Signale  120 ms lesen  8586 ms rechnen
2026-09-08T07:19:09.224Z  PNRA/2016       roh          75542 reg. Kerzen    0/232/232 von 252  Tagen gewertet (1m/5m/15m)     5754 Signale  169 ms lesen  11246 ms rechnen
2026-09-08T07:19:14.786Z  PNRA/2017       roh          39175 reg. Kerzen    0/135/135 von 135  Tagen gewertet (1m/5m/15m)     2574 Signale  77 ms lesen  5257 ms rechnen
2026-09-08T07:19:15.006Z  PNX/2016        roh           8909 reg. Kerzen        0/0/0 von 117  Tagen gewertet (1m/5m/15m)        0 Signale  31 ms lesen  76 ms rechnen
2026-09-08T07:19:15.121Z  POPE/2016       roh           1362 reg. Kerzen        0/0/0 von 230  Tagen gewertet (1m/5m/15m)        0 Signale  41 ms lesen  16 ms rechnen
2026-09-08T07:19:15.156Z  POPE/2017       roh            850 reg. Kerzen        0/0/0 von 213  Tagen gewertet (1m/5m/15m)        0 Signale  19 ms lesen  12 ms rechnen
2026-09-08T07:19:15.202Z  POPE/2018       roh            980 reg. Kerzen        0/0/0 von 213  Tagen gewertet (1m/5m/15m)        0 Signale  27 ms lesen  15 ms rechnen
2026-09-08T07:19:15.254Z  POPE/2019       roh           1284 reg. Kerzen        0/0/0 von 235  Tagen gewertet (1m/5m/15m)        0 Signale  28 ms lesen  19 ms rechnen
2026-09-08T07:19:15.307Z  POPE/2020       roh           2307 reg. Kerzen        0/0/0 von 86   Tagen gewertet (1m/5m/15m)        0 Signale  29 ms lesen  18 ms rechnen
2026-09-08T07:19:15.819Z  PPBI/2016       roh          40361 reg. Kerzen        0/2/3 von 252  Tagen gewertet (1m/5m/15m)       57 Signale  81 ms lesen  405 ms rechnen
2026-09-08T07:19:28.462Z  PPBI/2017       roh          55742 reg. Kerzen    0/242/251 von 251  Tagen gewertet (1m/5m/15m)     6236 Signale  79 ms lesen  12445 ms rechnen
2026-09-08T07:19:41.819Z  PPBI/2018       roh          64342 reg. Kerzen    0/249/249 von 251  Tagen gewertet (1m/5m/15m)     6344 Signale  137 ms lesen  13059 ms rechnen
2026-09-08T07:19:54.942Z  PPBI/2019       roh          66736 reg. Kerzen    0/252/252 von 252  Tagen gewertet (1m/5m/15m)     6465 Signale  108 ms lesen  12837 ms rechnen
2026-09-08T07:20:10.273Z  PPBI/2020       roh          73942 reg. Kerzen    0/253/253 von 253  Tagen gewertet (1m/5m/15m)     6754 Signale  140 ms lesen  15025 ms rechnen
2026-09-08T07:20:24.277Z  PPBI/2021       roh          60691 reg. Kerzen    0/252/252 von 252  Tagen gewertet (1m/5m/15m)     6698 Signale  110 ms lesen  13674 ms rechnen
2026-09-08T07:20:37.936Z  PPBI/2022       roh          62477 reg. Kerzen    0/251/251 von 251  Tagen gewertet (1m/5m/15m)     6606 Signale  99 ms lesen  13391 ms rechnen
2026-09-08T07:20:39.810Z  CHECKPOINT 4000 Dateien, 766 min, Detektorfehler {}
2026-09-08T07:20:53.407Z  PPBI/2023       roh          69504 reg. Kerzen    0/250/250 von 250  Tagen gewertet (1m/5m/15m)     6629 Signale  130 ms lesen  13466 ms rechnen
2026-09-08T07:21:06.792Z  PPBI/2024       roh          64691 reg. Kerzen    0/250/250 von 252  Tagen gewertet (1m/5m/15m)     6508 Signale  108 ms lesen  13100 ms rechnen
2026-09-08T07:21:15.961Z  PPBI/2025       roh          50109 reg. Kerzen    0/165/165 von 165  Tagen gewertet (1m/5m/15m)     4316 Signale  73 ms lesen  8889 ms rechnen
2026-09-08T07:21:16.166Z  PPHP/2021       roh            157 reg. Kerzen        0/0/0 von 38   Tagen gewertet (1m/5m/15m)        0 Signale  26 ms lesen  2 ms rechnen
2026-09-08T07:21:16.183Z  PPHP/2022       roh            290 reg. Kerzen        0/0/0 von 94   Tagen gewertet (1m/5m/15m)        0 Signale  11 ms lesen  4 ms rechnen
2026-09-08T07:21:16.216Z  PPHP/2023       roh            265 reg. Kerzen        0/0/0 von 95   Tagen gewertet (1m/5m/15m)        0 Signale  28 ms lesen  3 ms rechnen
2026-09-08T07:21:16.237Z  PPHP/2024       roh             30 reg. Kerzen        0/0/0 von 12   Tagen gewertet (1m/5m/15m)        0 Signale  18 ms lesen  1 ms rechnen
2026-09-08T07:21:24.129Z  PRA/2016        roh          49194 reg. Kerzen    0/176/185 von 252  Tagen gewertet (1m/5m/15m)     4074 Signale  81 ms lesen  7791 ms rechnen
2026-09-08T07:21:32.415Z  PRA/2017        roh          40500 reg. Kerzen    0/183/222 von 251  Tagen gewertet (1m/5m/15m)     4658 Signale  77 ms lesen  8064 ms rechnen
2026-09-08T07:21:44.583Z  PRA/2018        roh          52773 reg. Kerzen    0/248/251 von 251  Tagen gewertet (1m/5m/15m)     6117 Signale  103 ms lesen  11931 ms rechnen
2026-09-08T07:21:55.432Z  PRA/2019        roh          55104 reg. Kerzen    0/221/222 von 252  Tagen gewertet (1m/5m/15m)     5572 Signale  103 ms lesen  10617 ms rechnen
2026-09-08T07:22:03.549Z  PRA/2020        roh          62485 reg. Kerzen    0/128/129 von 253  Tagen gewertet (1m/5m/15m)     3449 Signale  104 ms lesen  7822 ms rechnen
2026-09-08T07:22:05.095Z  PRA/2021        roh          42352 reg. Kerzen      0/18/19 von 252  Tagen gewertet (1m/5m/15m)      499 Signale  61 ms lesen  1297 ms rechnen
2026-09-08T07:22:05.580Z  PRA/2022        roh          42921 reg. Kerzen        0/0/0 von 250  Tagen gewertet (1m/5m/15m)        0 Signale  92 ms lesen  281 ms rechnen
2026-09-08T07:22:06.670Z  PRA/2023        roh          48389 reg. Kerzen      0/10/10 von 250  Tagen gewertet (1m/5m/15m)      243 Signale  102 ms lesen  859 ms rechnen
2026-09-08T07:22:07.192Z  PRA/2024        roh          41843 reg. Kerzen        0/0/0 von 252  Tagen gewertet (1m/5m/15m)        0 Signale  58 ms lesen  338 ms rechnen
2026-09-08T07:22:13.708Z  PRA/2025        roh          54581 reg. Kerzen    0/181/188 von 250  Tagen gewertet (1m/5m/15m)     3068 Signale  98 ms lesen  6320 ms rechnen
2026-09-08T07:22:18.013Z  PRA/2026        roh          28611 reg. Kerzen    0/119/120 von 120  Tagen gewertet (1m/5m/15m)     2039 Signale  52 ms lesen  4124 ms rechnen
2026-09-08T07:22:18.145Z  PRDS/2021       roh           1421 reg. Kerzen        0/0/0 von 5    Tagen gewertet (1m/5m/15m)        0 Signale  25 ms lesen  10 ms rechnen
2026-09-08T07:22:18.985Z  PRDS/2022       roh          40535 reg. Kerzen        0/8/9 von 251  Tagen gewertet (1m/5m/15m)      244 Signale  71 ms lesen  764 ms rechnen
2026-09-08T07:22:19.264Z  PRDS/2023       roh          20082 reg. Kerzen        0/0/0 von 166  Tagen gewertet (1m/5m/15m)        0 Signale  35 ms lesen  148 ms rechnen
2026-09-08T07:22:22.019Z  PRIM/2016       roh          58695 reg. Kerzen      0/40/40 von 252  Tagen gewertet (1m/5m/15m)     1082 Signale  128 ms lesen  2528 ms rechnen
2026-09-08T07:22:25.593Z  PRIM/2017       roh          53377 reg. Kerzen      0/62/62 von 251  Tagen gewertet (1m/5m/15m)     1625 Signale  84 ms lesen  3331 ms rechnen
2026-09-08T07:22:31.499Z  PRIM/2018       roh          56264 reg. Kerzen    0/113/113 von 251  Tagen gewertet (1m/5m/15m)     2826 Signale  103 ms lesen  5644 ms rechnen
2026-09-08T07:22:32.071Z  PRIM/2019       roh          45328 reg. Kerzen        0/0/0 von 252  Tagen gewertet (1m/5m/15m)        0 Signale  97 ms lesen  288 ms rechnen
2026-09-08T07:22:35.401Z  PRIM/2020       roh          56856 reg. Kerzen      0/52/52 von 253  Tagen gewertet (1m/5m/15m)     1392 Signale  85 ms lesen  3145 ms rechnen
2026-09-08T07:22:49.070Z  PRIM/2021       roh          68538 reg. Kerzen    0/240/240 von 252  Tagen gewertet (1m/5m/15m)     6420 Signale  106 ms lesen  13410 ms rechnen
2026-09-08T07:22:59.026Z  PRIM/2022       roh          62038 reg. Kerzen    0/163/163 von 251  Tagen gewertet (1m/5m/15m)     4434 Signale  112 ms lesen  9658 ms rechnen
2026-09-08T07:23:07.484Z  PRIM/2023       roh          53609 reg. Kerzen    0/151/152 von 250  Tagen gewertet (1m/5m/15m)     3972 Signale  82 ms lesen  8192 ms rechnen
2026-09-08T07:23:21.256Z  PRIM/2024       roh          67403 reg. Kerzen    0/252/252 von 252  Tagen gewertet (1m/5m/15m)     6579 Signale  95 ms lesen  13519 ms rechnen
2026-09-08T07:23:35.792Z  PRIM/2025       roh          79038 reg. Kerzen    0/250/250 von 250  Tagen gewertet (1m/5m/15m)     6699 Signale  132 ms lesen  14224 ms rechnen
2026-09-08T07:23:45.814Z  PRIM/2026       roh          53688 reg. Kerzen    0/166/166 von 166  Tagen gewertet (1m/5m/15m)     4497 Signale  147 ms lesen  9667 ms rechnen
2026-09-08T07:23:46.072Z  PRNB/2018       roh           8351 reg. Kerzen        0/0/0 von 74   Tagen gewertet (1m/5m/15m)        0 Signale  38 ms lesen  56 ms rechnen
2026-09-08T07:23:48.946Z  PRNB/2019       roh          34504 reg. Kerzen      0/46/55 von 252  Tagen gewertet (1m/5m/15m)     1221 Signale  82 ms lesen  2763 ms rechnen
2026-09-08T07:23:59.490Z  PRNB/2020       roh          48143 reg. Kerzen    0/184/186 von 186  Tagen gewertet (1m/5m/15m)     4726 Signale  63 ms lesen  10366 ms rechnen
2026-09-08T07:24:00.688Z  PRSC/2016       roh          33409 reg. Kerzen      0/11/19 von 252  Tagen gewertet (1m/5m/15m)      346 Signale  116 ms lesen  923 ms rechnen
2026-09-08T07:24:01.012Z  PRSC/2017       roh          24502 reg. Kerzen        0/0/0 von 251  Tagen gewertet (1m/5m/15m)        0 Signale  44 ms lesen  164 ms rechnen
2026-09-08T07:24:02.597Z  PRSC/2018       roh          26432 reg. Kerzen      0/13/54 von 251  Tagen gewertet (1m/5m/15m)      681 Signale  52 ms lesen  1475 ms rechnen
2026-09-08T07:24:02.938Z  PRSC/2019       roh          24554 reg. Kerzen        0/0/0 von 252  Tagen gewertet (1m/5m/15m)        0 Signale  77 ms lesen  187 ms rechnen
2026-09-08T07:24:05.610Z  PRSC/2020       roh          28671 reg. Kerzen      0/25/99 von 253  Tagen gewertet (1m/5m/15m)     1291 Signale  69 ms lesen  2537 ms rechnen
2026-09-08T07:24:05.850Z  PRSC/2021       roh            469 reg. Kerzen        0/2/3 von 3    Tagen gewertet (1m/5m/15m)       65 Signale  23 ms lesen  116 ms rechnen
2026-09-08T07:24:06.162Z  PRTK/2016       roh          37127 reg. Kerzen        0/0/0 von 252  Tagen gewertet (1m/5m/15m)        0 Signale  72 ms lesen  230 ms rechnen
2026-09-08T07:24:18.817Z  PRTK/2017       roh          63636 reg. Kerzen    0/201/201 von 251  Tagen gewertet (1m/5m/15m)     5411 Signale  79 ms lesen  12458 ms rechnen
2026-09-08T07:24:29.231Z  PRTK/2018       roh          65538 reg. Kerzen    0/154/154 von 251  Tagen gewertet (1m/5m/15m)     4272 Signale  90 ms lesen  10156 ms rechnen
2026-09-08T07:24:29.868Z  PRTK/2019       roh          56988 reg. Kerzen        0/0/0 von 252  Tagen gewertet (1m/5m/15m)        0 Signale  102 ms lesen  346 ms rechnen
2026-09-08T07:24:30.809Z  PRTK/2020       roh          64747 reg. Kerzen        0/3/3 von 253  Tagen gewertet (1m/5m/15m)       91 Signale  122 ms lesen  677 ms rechnen
2026-09-08T07:24:32.336Z  PRTK/2021       roh          54375 reg. Kerzen      0/13/13 von 252  Tagen gewertet (1m/5m/15m)      347 Signale  158 ms lesen  1177 ms rechnen
2026-09-08T07:24:32.943Z  PRTK/2022       roh          55632 reg. Kerzen        0/0/0 von 251  Tagen gewertet (1m/5m/15m)        0 Signale  102 ms lesen  344 ms rechnen
2026-09-08T07:24:33.344Z  PRTK/2023       roh          33424 reg. Kerzen        0/0/0 von 180  Tagen gewertet (1m/5m/15m)        0 Signale  50 ms lesen  201 ms rechnen
2026-09-08T07:24:44.832Z  PSA/2016        roh          87599 reg. Kerzen    0/232/232 von 252  Tagen gewertet (1m/5m/15m)     5801 Signale  159 ms lesen  11221 ms rechnen
2026-09-08T07:24:57.020Z  PSA/2017        roh          84684 reg. Kerzen    0/251/251 von 251  Tagen gewertet (1m/5m/15m)     5959 Signale  128 ms lesen  11787 ms rechnen
2026-09-08T07:25:09.261Z  PSA/2018        roh          87246 reg. Kerzen    0/251/251 von 251  Tagen gewertet (1m/5m/15m)     6031 Signale  125 ms lesen  11897 ms rechnen
2026-09-08T07:25:20.832Z  PSA/2019        roh          86904 reg. Kerzen    0/252/252 von 252  Tagen gewertet (1m/5m/15m)     5701 Signale  127 ms lesen  11182 ms rechnen
2026-09-08T07:25:34.216Z  PSA/2020        roh          89139 reg. Kerzen    0/253/253 von 253  Tagen gewertet (1m/5m/15m)     6379 Signale  113 ms lesen  13013 ms rechnen
2026-09-08T07:25:46.364Z  PSA/2021        roh          81431 reg. Kerzen    0/250/250 von 252  Tagen gewertet (1m/5m/15m)     5954 Signale  146 ms lesen  11790 ms rechnen
2026-09-08T07:25:59.841Z  PSA/2022        roh          81618 reg. Kerzen    0/249/249 von 251  Tagen gewertet (1m/5m/15m)     6452 Signale  130 ms lesen  13062 ms rechnen
2026-09-08T07:26:12.719Z  PSA/2023        roh          84241 reg. Kerzen    0/250/250 von 250  Tagen gewertet (1m/5m/15m)     6231 Signale  117 ms lesen  12498 ms rechnen
2026-09-08T07:26:25.144Z  PSA/2024        roh          74362 reg. Kerzen    0/252/252 von 252  Tagen gewertet (1m/5m/15m)     6178 Signale  134 ms lesen  12009 ms rechnen
2026-09-08T07:26:37.596Z  PSA/2025        roh          77556 reg. Kerzen    0/250/250 von 250  Tagen gewertet (1m/5m/15m)     6047 Signale  124 ms lesen  12141 ms rechnen
2026-09-08T07:26:46.539Z  PSA/2026        roh          61647 reg. Kerzen    0/166/166 von 166  Tagen gewertet (1m/5m/15m)     4180 Signale  113 ms lesen  8621 ms rechnen
2026-09-08T07:26:57.175Z  PSMT/2016       roh          44604 reg. Kerzen    0/205/232 von 252  Tagen gewertet (1m/5m/15m)     5486 Signale  97 ms lesen  10349 ms rechnen
2026-09-08T07:27:06.601Z  PSMT/2017       roh          39098 reg. Kerzen    0/182/219 von 251  Tagen gewertet (1m/5m/15m)     4870 Signale  59 ms lesen  9239 ms rechnen
2026-09-08T07:27:18.696Z  PSMT/2018       roh          45136 reg. Kerzen    0/235/249 von 251  Tagen gewertet (1m/5m/15m)     5948 Signale  104 ms lesen  11866 ms rechnen
2026-09-08T07:27:28.238Z  PSMT/2019       roh          45059 reg. Kerzen    0/179/200 von 252  Tagen gewertet (1m/5m/15m)     4726 Signale  90 ms lesen  9329 ms rechnen
2026-09-08T07:27:38.739Z  PSMT/2020       roh          42600 reg. Kerzen    0/183/227 von 253  Tagen gewertet (1m/5m/15m)     5212 Signale  84 ms lesen  10296 ms rechnen
2026-09-08T07:27:42.595Z  PSMT/2021       roh          29121 reg. Kerzen     0/55/107 von 252  Tagen gewertet (1m/5m/15m)     1829 Signale  60 ms lesen  3688 ms rechnen
2026-09-08T07:27:47.746Z  PSMT/2022       roh          30554 reg. Kerzen     0/77/138 von 251  Tagen gewertet (1m/5m/15m)     2526 Signale  44 ms lesen  5017 ms rechnen
2026-09-08T07:27:52.397Z  PSMT/2023       roh          30734 reg. Kerzen     0/70/159 von 250  Tagen gewertet (1m/5m/15m)     2519 Signale  57 ms lesen  4504 ms rechnen
2026-09-08T07:27:58.162Z  PSMT/2024       roh          29264 reg. Kerzen     0/77/233 von 252  Tagen gewertet (1m/5m/15m)     3340 Signale  67 ms lesen  5602 ms rechnen
2026-09-08T07:28:06.384Z  PSMT/2025       roh          34023 reg. Kerzen    0/133/249 von 250  Tagen gewertet (1m/5m/15m)     4484 Signale  70 ms lesen  8074 ms rechnen
2026-09-08T07:28:12.739Z  PSMT/2026       roh          23410 reg. Kerzen    0/104/166 von 166  Tagen gewertet (1m/5m/15m)     3203 Signale  50 ms lesen  6225 ms rechnen
2026-09-08T07:28:13.015Z  PSTV/2019       bereinigt    15617 reg. Kerzen        0/0/0 von 109  Tagen gewertet (1m/5m/15m)        0 Signale  69 ms lesen  111 ms rechnen
2026-09-08T07:28:13.293Z  PSTV/2020       bereinigt    25132 reg. Kerzen        0/0/0 von 253  Tagen gewertet (1m/5m/15m)        0 Signale  61 ms lesen  166 ms rechnen
2026-09-08T07:28:13.746Z  PSTV/2021       bereinigt    42477 reg. Kerzen        0/0/0 von 252  Tagen gewertet (1m/5m/15m)        0 Signale  84 ms lesen  290 ms rechnen
2026-09-08T07:28:14.101Z  PSTV/2022       bereinigt    29940 reg. Kerzen        0/0/0 von 251  Tagen gewertet (1m/5m/15m)        0 Signale  74 ms lesen  180 ms rechnen
2026-09-08T07:28:14.339Z  PSTV/2023       bereinigt    16331 reg. Kerzen        0/0/0 von 250  Tagen gewertet (1m/5m/15m)        0 Signale  46 ms lesen  113 ms rechnen
2026-09-08T07:28:14.479Z  PSTV/2024       bereinigt     9935 reg. Kerzen        0/0/0 von 252  Tagen gewertet (1m/5m/15m)        0 Signale  24 ms lesen  69 ms rechnen
2026-09-08T07:28:17.434Z  PSTV/2025       bereinigt    71994 reg. Kerzen      0/38/38 von 250  Tagen gewertet (1m/5m/15m)     1074 Signale  183 ms lesen  2739 ms rechnen
2026-09-08T07:28:17.903Z  PSTV/2026       bereinigt    32376 reg. Kerzen        0/0/0 von 145  Tagen gewertet (1m/5m/15m)        0 Signale  63 ms lesen  235 ms rechnen
2026-09-08T07:28:19.347Z  PTE/2018        bereinigt    16581 reg. Kerzen      0/16/16 von 72   Tagen gewertet (1m/5m/15m)      446 Signale  59 ms lesen  1291 ms rechnen
2026-09-08T07:28:19.805Z  PTE/2019        bereinigt    48903 reg. Kerzen        0/0/0 von 252  Tagen gewertet (1m/5m/15m)        0 Signale  78 ms lesen  326 ms rechnen
2026-09-08T07:28:20.422Z  PTE/2020        bereinigt    54013 reg. Kerzen        0/0/0 von 253  Tagen gewertet (1m/5m/15m)        0 Signale  103 ms lesen  371 ms rechnen
2026-09-08T07:28:24.006Z  PTE/2021        bereinigt    68587 reg. Kerzen      0/38/38 von 252  Tagen gewertet (1m/5m/15m)     1070 Signale  146 ms lesen  3269 ms rechnen
2026-09-08T07:28:24.475Z  PTE/2022        bereinigt    33852 reg. Kerzen        0/0/0 von 251  Tagen gewertet (1m/5m/15m)        0 Signale  64 ms lesen  222 ms rechnen
2026-09-08T07:28:24.664Z  PTE/2023        roh           5420 reg. Kerzen        0/0/0 von 114  Tagen gewertet (1m/5m/15m)        0 Signale  31 ms lesen  49 ms rechnen
2026-09-08T07:28:24.919Z  PTIE/2016       bereinigt    25830 reg. Kerzen        0/0/0 von 252  Tagen gewertet (1m/5m/15m)        0 Signale  67 ms lesen  162 ms rechnen
2026-09-08T07:28:25.222Z  PTIE/2017       bereinigt    21562 reg. Kerzen        0/0/0 von 251  Tagen gewertet (1m/5m/15m)        0 Signale  37 ms lesen  178 ms rechnen
2026-09-08T07:28:25.661Z  PTIE/2018       roh          33307 reg. Kerzen        0/0/0 von 250  Tagen gewertet (1m/5m/15m)        0 Signale  102 ms lesen  262 ms rechnen
2026-09-08T07:28:25.820Z  PTIE/2019       roh           5482 reg. Kerzen        0/0/0 von 59   Tagen gewertet (1m/5m/15m)        0 Signale  25 ms lesen  42 ms rechnen
2026-09-08T07:28:25.882Z  PTOC/2021       roh           1585 reg. Kerzen        0/0/0 von 106  Tagen gewertet (1m/5m/15m)        0 Signale  32 ms lesen  12 ms rechnen
2026-09-08T07:28:25.924Z  PTOC/2022       roh           1666 reg. Kerzen        0/0/0 von 194  Tagen gewertet (1m/5m/15m)        0 Signale  23 ms lesen  13 ms rechnen
2026-09-08T07:28:25.947Z  PTOC/2023       roh            281 reg. Kerzen        0/0/0 von 39   Tagen gewertet (1m/5m/15m)        0 Signale  15 ms lesen  4 ms rechnen
2026-09-08T07:28:26.022Z  PTVCB/2018      roh           3862 reg. Kerzen        0/0/0 von 105  Tagen gewertet (1m/5m/15m)        0 Signale  43 ms lesen  29 ms rechnen
2026-09-08T07:28:26.159Z  PTVCB/2019      roh          11031 reg. Kerzen        0/0/0 von 252  Tagen gewertet (1m/5m/15m)        0 Signale  22 ms lesen  106 ms rechnen
2026-09-08T07:28:26.313Z  PTVCB/2020      roh           8312 reg. Kerzen        0/0/0 von 252  Tagen gewertet (1m/5m/15m)        0 Signale  42 ms lesen  71 ms rechnen
2026-09-08T07:28:26.415Z  PTVCB/2021      roh           6095 reg. Kerzen        0/0/0 von 102  Tagen gewertet (1m/5m/15m)        0 Signale  21 ms lesen  49 ms rechnen
2026-09-08T07:28:26.822Z  PUYI/2019       roh          13026 reg. Kerzen        0/2/7 von 192  Tagen gewertet (1m/5m/15m)      109 Signale  70 ms lesen  316 ms rechnen
2026-09-08T07:28:26.905Z  PUYI/2020       roh           2643 reg. Kerzen        0/0/0 von 238  Tagen gewertet (1m/5m/15m)        0 Signale  26 ms lesen  28 ms rechnen
2026-09-08T07:28:27.007Z  PUYI/2021       roh           8928 reg. Kerzen        0/0/0 von 238  Tagen gewertet (1m/5m/15m)        0 Signale  18 ms lesen  73 ms rechnen
2026-09-08T07:28:27.095Z  PUYI/2022       roh           4869 reg. Kerzen        0/0/0 von 232  Tagen gewertet (1m/5m/15m)        0 Signale  33 ms lesen  32 ms rechnen
2026-09-08T07:28:27.138Z  PUYI/2023       roh           1642 reg. Kerzen        0/0/0 von 170  Tagen gewertet (1m/5m/15m)        0 Signale  15 ms lesen  17 ms rechnen
2026-09-08T07:28:27.161Z  PUYI/2024       roh            486 reg. Kerzen        0/0/0 von 47   Tagen gewertet (1m/5m/15m)        0 Signale  10 ms lesen  7 ms rechnen
2026-09-08T07:28:27.208Z  PVT/2019        roh           2553 reg. Kerzen        0/0/0 von 167  Tagen gewertet (1m/5m/15m)        0 Signale  25 ms lesen  19 ms rechnen
2026-09-08T07:28:38.936Z  PWR/2016        roh          96506 reg. Kerzen    0/232/232 von 252  Tagen gewertet (1m/5m/15m)     5982 Signale  150 ms lesen  11548 ms rechnen
2026-09-08T07:28:51.704Z  PWR/2017        roh          92585 reg. Kerzen    0/251/251 von 251  Tagen gewertet (1m/5m/15m)     6386 Signale  124 ms lesen  12403 ms rechnen
2026-09-08T07:29:05.118Z  PWR/2018        roh          93161 reg. Kerzen    0/251/251 von 251  Tagen gewertet (1m/5m/15m)     6334 Signale  151 ms lesen  13040 ms rechnen
2026-09-08T07:29:17.956Z  PWR/2019        roh          93266 reg. Kerzen    0/252/252 von 252  Tagen gewertet (1m/5m/15m)     6216 Signale  135 ms lesen  12425 ms rechnen
2026-09-08T07:29:31.880Z  PWR/2020        roh          94892 reg. Kerzen    0/253/253 von 253  Tagen gewertet (1m/5m/15m)     6610 Signale  141 ms lesen  13533 ms rechnen
2026-09-08T07:29:45.351Z  PWR/2021        roh          91735 reg. Kerzen    0/250/250 von 252  Tagen gewertet (1m/5m/15m)     6521 Signale  152 ms lesen  13042 ms rechnen
2026-09-08T07:29:59.596Z  PWR/2022        roh          90817 reg. Kerzen    0/249/249 von 251  Tagen gewertet (1m/5m/15m)     6659 Signale  141 ms lesen  13828 ms rechnen
2026-09-08T07:30:12.465Z  PWR/2023        roh          86003 reg. Kerzen    0/250/250 von 250  Tagen gewertet (1m/5m/15m)     6270 Signale  129 ms lesen  12490 ms rechnen
2026-09-08T07:30:25.893Z  PWR/2024        roh          82260 reg. Kerzen    0/252/252 von 252  Tagen gewertet (1m/5m/15m)     6453 Signale  118 ms lesen  13098 ms rechnen
2026-09-08T07:30:39.629Z  PWR/2025        roh          87198 reg. Kerzen    0/250/250 von 250  Tagen gewertet (1m/5m/15m)     6533 Signale  166 ms lesen  13295 ms rechnen
2026-09-08T07:30:48.786Z  PWR/2026        roh          63697 reg. Kerzen    0/166/166 von 166  Tagen gewertet (1m/5m/15m)     4417 Signale  168 ms lesen  8745 ms rechnen
2026-09-08T07:30:54.544Z  PYCR/2021       roh          30435 reg. Kerzen      0/93/95 von 115  Tagen gewertet (1m/5m/15m)     2534 Signale  66 ms lesen  5479 ms rechnen
2026-09-08T07:31:10.119Z  PYCR/2022       roh          71236 reg. Kerzen    0/251/251 von 251  Tagen gewertet (1m/5m/15m)     6747 Signale  193 ms lesen  15299 ms rechnen
2026-09-08T07:31:24.337Z  PYCR/2023       roh          71744 reg. Kerzen    0/250/250 von 250  Tagen gewertet (1m/5m/15m)     6615 Signale  138 ms lesen  13899 ms rechnen
2026-09-08T07:31:38.669Z  PYCR/2024       roh          80637 reg. Kerzen    0/252/252 von 252  Tagen gewertet (1m/5m/15m)     6689 Signale  99 ms lesen  13979 ms rechnen
2026-09-08T07:31:41.253Z  PYCR/2025       roh          23921 reg. Kerzen      0/69/69 von 69   Tagen gewertet (1m/5m/15m)     1026 Signale  49 ms lesen  2309 ms rechnen
2026-09-08T07:31:53.304Z  PZZA/2016       roh          73141 reg. Kerzen    0/232/232 von 252  Tagen gewertet (1m/5m/15m)     5949 Signale  141 ms lesen  11826 ms rechnen
2026-09-08T07:32:05.773Z  PZZA/2017       roh          79402 reg. Kerzen    0/251/251 von 251  Tagen gewertet (1m/5m/15m)     6372 Signale  192 ms lesen  12074 ms rechnen
2026-09-08T07:32:19.968Z  PZZA/2018       roh          86822 reg. Kerzen    0/249/249 von 251  Tagen gewertet (1m/5m/15m)     6519 Signale  157 ms lesen  13827 ms rechnen
2026-09-08T07:32:33.841Z  PZZA/2019       roh          86792 reg. Kerzen    0/252/252 von 252  Tagen gewertet (1m/5m/15m)     6594 Signale  143 ms lesen  13497 ms rechnen
2026-09-08T07:32:48.558Z  PZZA/2020       roh          87512 reg. Kerzen    0/253/253 von 253  Tagen gewertet (1m/5m/15m)     6808 Signale  136 ms lesen  14312 ms rechnen
2026-09-08T07:33:02.501Z  PZZA/2021       roh          68400 reg. Kerzen    0/252/252 von 252  Tagen gewertet (1m/5m/15m)     6533 Signale  110 ms lesen  13603 ms rechnen
2026-09-08T07:33:17.520Z  PZZA/2022       roh          77508 reg. Kerzen    0/251/251 von 251  Tagen gewertet (1m/5m/15m)     6741 Signale  112 ms lesen  14685 ms rechnen
2026-09-08T07:33:32.373Z  PZZA/2023       roh          78794 reg. Kerzen    0/250/250 von 250  Tagen gewertet (1m/5m/15m)     6741 Signale  142 ms lesen  14472 ms rechnen
2026-09-08T07:33:47.104Z  PZZA/2024       roh          85198 reg. Kerzen    0/252/252 von 252  Tagen gewertet (1m/5m/15m)     6726 Signale  127 ms lesen  14389 ms rechnen
2026-09-08T07:34:02.927Z  PZZA/2025       roh          83104 reg. Kerzen    0/250/250 von 250  Tagen gewertet (1m/5m/15m)     6725 Signale  268 ms lesen  15326 ms rechnen
2026-09-08T07:34:12.919Z  PZZA/2026       roh          54058 reg. Kerzen    0/166/166 von 166  Tagen gewertet (1m/5m/15m)     4553 Signale  108 ms lesen  9672 ms rechnen
2026-09-08T07:34:13.085Z  QDRO/2023       roh            299 reg. Kerzen        0/0/0 von 81   Tagen gewertet (1m/5m/15m)        0 Signale  29 ms lesen  3 ms rechnen
2026-09-08T07:34:13.102Z  QDRO/2024       roh            194 reg. Kerzen        0/0/0 von 63   Tagen gewertet (1m/5m/15m)        0 Signale  12 ms lesen  4 ms rechnen
2026-09-08T07:34:17.835Z  QIHU/2016       roh          49860 reg. Kerzen    0/115/115 von 135  Tagen gewertet (1m/5m/15m)     2355 Signale  81 ms lesen  4638 ms rechnen
2026-09-08T07:34:18.047Z  QNGY/2020       bereinigt     5754 reg. Kerzen        0/0/0 von 144  Tagen gewertet (1m/5m/15m)        0 Signale  27 ms lesen  36 ms rechnen
2026-09-08T07:34:20.952Z  QNGY/2021       bereinigt    30721 reg. Kerzen      0/53/53 von 252  Tagen gewertet (1m/5m/15m)     1387 Signale  52 ms lesen  2839 ms rechnen
2026-09-08T07:34:21.505Z  QNGY/2022       bereinigt    52260 reg. Kerzen        0/0/0 von 214  Tagen gewertet (1m/5m/15m)        0 Signale  117 ms lesen  336 ms rechnen
2026-09-08T07:34:26.557Z  QS/2020         roh          30636 reg. Kerzen      0/73/73 von 96   Tagen gewertet (1m/5m/15m)     1978 Signale  104 ms lesen  4800 ms rechnen
2026-09-08T07:34:42.139Z  QS/2021         roh          97315 reg. Kerzen    0/250/250 von 252  Tagen gewertet (1m/5m/15m)     6917 Signale  162 ms lesen  15320 ms rechnen
2026-09-08T07:34:58.151Z  QS/2022         roh          96961 reg. Kerzen    0/249/249 von 251  Tagen gewertet (1m/5m/15m)     6920 Signale  159 ms lesen  15565 ms rechnen
2026-09-08T07:35:13.814Z  QS/2023         roh          96873 reg. Kerzen    0/250/250 von 250  Tagen gewertet (1m/5m/15m)     6952 Signale  142 ms lesen  15268 ms rechnen
2026-09-08T07:35:29.422Z  QS/2024         roh          97543 reg. Kerzen    0/252/252 von 252  Tagen gewertet (1m/5m/15m)     7026 Signale  241 ms lesen  15119 ms rechnen
2026-09-08T07:35:45.530Z  QS/2025         roh          96893 reg. Kerzen    0/250/250 von 250  Tagen gewertet (1m/5m/15m)     6920 Signale  214 ms lesen  15588 ms rechnen
2026-09-08T07:35:56.261Z  QS/2026         roh          64727 reg. Kerzen    0/166/166 von 166  Tagen gewertet (1m/5m/15m)     4592 Signale  158 ms lesen  10304 ms rechnen
2026-09-08T07:35:56.632Z  QTRH/2016       roh          19321 reg. Kerzen        0/0/0 von 252  Tagen gewertet (1m/5m/15m)        0 Signale  59 ms lesen  117 ms rechnen
2026-09-08T07:35:56.875Z  QTRH/2017       roh          15850 reg. Kerzen        0/0/0 von 251  Tagen gewertet (1m/5m/15m)        0 Signale  47 ms lesen  142 ms rechnen
2026-09-08T07:35:57.070Z  QTRH/2018       roh          13464 reg. Kerzen        0/0/0 von 251  Tagen gewertet (1m/5m/15m)        0 Signale  46 ms lesen  92 ms rechnen
2026-09-08T07:35:57.192Z  QTRH/2019       roh          11346 reg. Kerzen        0/0/0 von 246  Tagen gewertet (1m/5m/15m)        0 Signale  25 ms lesen  69 ms rechnen
2026-09-08T07:36:08.662Z  QVCA/2016       roh          96326 reg. Kerzen    0/232/232 von 252  Tagen gewertet (1m/5m/15m)     5798 Signale  126 ms lesen  11305 ms rechnen
2026-09-08T07:36:21.481Z  QVCA/2017       roh          95541 reg. Kerzen    0/251/251 von 251  Tagen gewertet (1m/5m/15m)     6451 Signale  216 ms lesen  12339 ms rechnen
2026-09-08T07:36:24.265Z  QVCA/2018       roh          18181 reg. Kerzen      0/47/47 von 47   Tagen gewertet (1m/5m/15m)     1197 Signale  36 ms lesen  2483 ms rechnen
2026-09-08T07:36:31.447Z  RAAS/2021       bereinigt    68570 reg. Kerzen    0/109/109 von 227  Tagen gewertet (1m/5m/15m)     3061 Signale  172 ms lesen  6944 ms rechnen
2026-09-08T07:36:31.958Z  RAAS/2022       bereinigt    34566 reg. Kerzen        0/0/0 von 251  Tagen gewertet (1m/5m/15m)        0 Signale  79 ms lesen  217 ms rechnen
2026-09-08T07:36:32.082Z  RAAS/2023       bereinigt     4357 reg. Kerzen        0/0/0 von 93   Tagen gewertet (1m/5m/15m)        0 Signale  7 ms lesen  35 ms rechnen
2026-09-08T07:36:42.544Z  RAI/2016        roh          98002 reg. Kerzen    0/232/232 von 252  Tagen gewertet (1m/5m/15m)     5380 Signale  134 ms lesen  10288 ms rechnen
2026-09-08T07:36:48.035Z  RAI/2017        roh          54077 reg. Kerzen    0/140/140 von 140  Tagen gewertet (1m/5m/15m)     2723 Signale  81 ms lesen  5177 ms rechnen
2026-09-08T07:36:59.609Z  RBA/2016        roh          80137 reg. Kerzen    0/232/232 von 252  Tagen gewertet (1m/5m/15m)     5851 Signale  166 ms lesen  11225 ms rechnen
2026-09-08T07:37:11.936Z  RBA/2017        roh          79431 reg. Kerzen    0/251/251 von 251  Tagen gewertet (1m/5m/15m)     6271 Signale  105 ms lesen  11995 ms rechnen
2026-09-08T07:37:24.447Z  RBA/2018        roh          75097 reg. Kerzen    0/251/251 von 251  Tagen gewertet (1m/5m/15m)     6354 Signale  109 ms lesen  12207 ms rechnen
2026-09-08T07:37:36.346Z  RBA/2019        roh          70209 reg. Kerzen    0/252/252 von 252  Tagen gewertet (1m/5m/15m)     5942 Signale  93 ms lesen  11619 ms rechnen
2026-09-08T07:37:49.068Z  RBA/2020        roh          81616 reg. Kerzen    0/253/253 von 253  Tagen gewertet (1m/5m/15m)     6440 Signale  115 ms lesen  12439 ms rechnen
2026-09-08T07:38:01.675Z  RBA/2021        roh          76860 reg. Kerzen    0/250/250 von 252  Tagen gewertet (1m/5m/15m)     6439 Signale  124 ms lesen  12255 ms rechnen
2026-09-08T07:38:14.830Z  RBA/2022        roh          79925 reg. Kerzen    0/249/249 von 251  Tagen gewertet (1m/5m/15m)     6468 Signale  109 ms lesen  12855 ms rechnen
2026-09-08T07:38:27.181Z  RBA/2023        roh          91867 reg. Kerzen    0/250/250 von 250  Tagen gewertet (1m/5m/15m)     6245 Signale  151 ms lesen  11995 ms rechnen
2026-09-08T07:38:39.858Z  RBA/2024        roh          80990 reg. Kerzen    0/252/252 von 252  Tagen gewertet (1m/5m/15m)     6135 Signale  121 ms lesen  12290 ms rechnen
2026-09-08T07:38:52.615Z  RBA/2025        roh          82081 reg. Kerzen    0/250/250 von 250  Tagen gewertet (1m/5m/15m)     6063 Signale  144 ms lesen  12364 ms rechnen
2026-09-08T07:39:01.734Z  RBA/2026        roh          55848 reg. Kerzen    0/166/166 von 166  Tagen gewertet (1m/5m/15m)     4327 Signale  107 ms lesen  8778 ms rechnen
2026-09-08T07:39:01.967Z  RBPAA/2016      roh           5621 reg. Kerzen        0/0/0 von 252  Tagen gewertet (1m/5m/15m)        0 Signale  23 ms lesen  36 ms rechnen
2026-09-08T07:39:02.079Z  RBPAA/2017      roh           9817 reg. Kerzen        0/0/0 von 239  Tagen gewertet (1m/5m/15m)        0 Signale  26 ms lesen  73 ms rechnen
2026-09-08T07:39:02.160Z  RCFA/2021       roh              6 reg. Kerzen        0/0/0 von 1    Tagen gewertet (1m/5m/15m)        0 Signale  38 ms lesen  0 ms rechnen
2026-09-08T07:39:02.193Z  RCFA/2022       roh            826 reg. Kerzen        0/0/0 von 121  Tagen gewertet (1m/5m/15m)        0 Signale  27 ms lesen  6 ms rechnen
2026-09-08T07:39:02.231Z  RCFA/2023       roh            828 reg. Kerzen        0/0/0 von 161  Tagen gewertet (1m/5m/15m)        0 Signale  25 ms lesen  10 ms rechnen
2026-09-08T07:39:02.255Z  RCFA/2024       roh            275 reg. Kerzen        0/0/0 von 114  Tagen gewertet (1m/5m/15m)        0 Signale  14 ms lesen  6 ms rechnen
2026-09-08T07:39:02.414Z  RCRT/2021       bereinigt    11461 reg. Kerzen        0/0/0 von 129  Tagen gewertet (1m/5m/15m)        0 Signale  52 ms lesen  93 ms rechnen
2026-09-08T07:39:02.558Z  RCRT/2022       bereinigt    14195 reg. Kerzen        0/0/0 von 251  Tagen gewertet (1m/5m/15m)        0 Signale  27 ms lesen  75 ms rechnen
2026-09-08T07:39:02.768Z  RCRT/2023       bereinigt    18097 reg. Kerzen        0/0/0 von 250  Tagen gewertet (1m/5m/15m)        0 Signale  44 ms lesen  119 ms rechnen
2026-09-08T07:39:02.874Z  RCRT/2024       roh           4880 reg. Kerzen        0/0/0 von 187  Tagen gewertet (1m/5m/15m)        0 Signale  37 ms lesen  31 ms rechnen
2026-09-08T07:39:13.904Z  RDS.A/2016      roh          98006 reg. Kerzen    0/232/232 von 252  Tagen gewertet (1m/5m/15m)     5879 Signale  162 ms lesen  10840 ms rechnen
2026-09-08T07:39:24.382Z  RDS.A/2017      roh          97245 reg. Kerzen    0/251/251 von 251  Tagen gewertet (1m/5m/15m)     5690 Signale  157 ms lesen  10062 ms rechnen
2026-09-08T07:39:35.951Z  RDS.A/2018      roh          97225 reg. Kerzen    0/251/251 von 251  Tagen gewertet (1m/5m/15m)     6107 Signale  154 ms lesen  11105 ms rechnen
2026-09-08T07:39:47.014Z  RDS.A/2019      roh          97378 reg. Kerzen    0/252/252 von 252  Tagen gewertet (1m/5m/15m)     5816 Signale  293 ms lesen  10467 ms rechnen
2026-09-08T07:39:59.901Z  RDS.A/2020      roh          98224 reg. Kerzen    0/253/253 von 253  Tagen gewertet (1m/5m/15m)     6643 Signale  176 ms lesen  12454 ms rechnen
2026-09-08T07:40:12.040Z  RDS.A/2021      roh          97185 reg. Kerzen    0/250/250 von 252  Tagen gewertet (1m/5m/15m)     6291 Signale  146 ms lesen  11697 ms rechnen
2026-09-08T07:40:13.241Z  RDS.A/2022      roh           7090 reg. Kerzen      0/18/18 von 19   Tagen gewertet (1m/5m/15m)      464 Signale  27 ms lesen  921 ms rechnen
2026-09-08T07:40:23.847Z  REG/2016        roh          84581 reg. Kerzen    0/232/232 von 252  Tagen gewertet (1m/5m/15m)     5439 Signale  149 ms lesen  10406 ms rechnen
2026-09-08T07:40:35.827Z  REG/2017        roh          87460 reg. Kerzen    0/251/251 von 251  Tagen gewertet (1m/5m/15m)     5923 Signale  129 ms lesen  11588 ms rechnen
2026-09-08T07:40:48.009Z  REG/2018        roh          92877 reg. Kerzen    0/251/251 von 251  Tagen gewertet (1m/5m/15m)     5993 Signale  153 ms lesen  11750 ms rechnen
2026-09-08T07:40:59.999Z  REG/2019        roh          86836 reg. Kerzen    0/252/252 von 252  Tagen gewertet (1m/5m/15m)     5695 Signale  122 ms lesen  11642 ms rechnen
2026-09-08T07:41:14.537Z  REG/2020        roh          92433 reg. Kerzen    0/253/253 von 253  Tagen gewertet (1m/5m/15m)     6718 Signale  141 ms lesen  14182 ms rechnen
2026-09-08T07:41:27.752Z  REG/2021        roh          88894 reg. Kerzen    0/252/252 von 252  Tagen gewertet (1m/5m/15m)     6362 Signale  145 ms lesen  12806 ms rechnen
2026-09-08T07:41:40.623Z  REG/2022        roh          88453 reg. Kerzen    0/251/251 von 251  Tagen gewertet (1m/5m/15m)     6524 Signale  117 ms lesen  12519 ms rechnen
2026-09-08T07:41:53.078Z  REG/2023        roh          87760 reg. Kerzen    0/250/250 von 250  Tagen gewertet (1m/5m/15m)     6221 Signale  137 ms lesen  12089 ms rechnen
2026-09-08T07:42:05.188Z  REG/2024        roh          86662 reg. Kerzen    0/252/252 von 252  Tagen gewertet (1m/5m/15m)     5987 Signale  156 ms lesen  11756 ms rechnen
2026-09-08T07:42:17.924Z  REG/2025        roh          82746 reg. Kerzen    0/250/250 von 250  Tagen gewertet (1m/5m/15m)     5986 Signale  115 ms lesen  12403 ms rechnen
2026-09-08T07:42:26.353Z  REG/2026        roh          56865 reg. Kerzen    0/166/166 von 166  Tagen gewertet (1m/5m/15m)     3960 Signale  106 ms lesen  8090 ms rechnen
2026-09-08T07:42:33.032Z  REN/2016        bereinigt    55675 reg. Kerzen      0/93/93 von 252  Tagen gewertet (1m/5m/15m)     2578 Signale  365 ms lesen  6141 ms rechnen
2026-09-08T07:42:49.532Z  REN/2017        roh          82452 reg. Kerzen    0/251/251 von 251  Tagen gewertet (1m/5m/15m)     7002 Signale  162 ms lesen  16194 ms rechnen
2026-09-08T07:43:05.153Z  REN/2018        roh          72846 reg. Kerzen    0/251/251 von 251  Tagen gewertet (1m/5m/15m)     6855 Signale  178 ms lesen  15252 ms rechnen
2026-09-08T07:43:07.576Z  REN/2019        roh           8893 reg. Kerzen      0/40/40 von 40   Tagen gewertet (1m/5m/15m)     1033 Signale  18 ms lesen  2219 ms rechnen
2026-09-08T07:43:21.197Z  RES/2016        roh          95299 reg. Kerzen    0/232/232 von 252  Tagen gewertet (1m/5m/15m)     6286 Signale  149 ms lesen  13411 ms rechnen
2026-09-08T07:43:35.035Z  RES/2017        roh          94174 reg. Kerzen    0/251/251 von 251  Tagen gewertet (1m/5m/15m)     6580 Signale  121 ms lesen  13465 ms rechnen
2026-09-08T07:43:37.131Z  CHECKPOINT 4200 Dateien, 789 min, Detektorfehler {}
2026-09-08T07:43:51.840Z  RES/2018        roh          94776 reg. Kerzen    0/251/251 von 251  Tagen gewertet (1m/5m/15m)     6830 Signale  137 ms lesen  14571 ms rechnen
2026-09-08T07:44:07.839Z  RES/2019        roh          95308 reg. Kerzen    0/252/252 von 252  Tagen gewertet (1m/5m/15m)     6947 Signale  120 ms lesen  15560 ms rechnen
2026-09-08T07:44:13.037Z  RES/2020        roh          81901 reg. Kerzen      0/72/72 von 253  Tagen gewertet (1m/5m/15m)     1949 Signale  117 ms lesen  4765 ms rechnen
2026-09-08T07:44:17.350Z  RES/2021        roh          79075 reg. Kerzen      0/64/64 von 252  Tagen gewertet (1m/5m/15m)     1800 Signale  102 ms lesen  3978 ms rechnen
2026-09-08T07:44:31.879Z  RES/2022        roh          91566 reg. Kerzen    0/227/227 von 251  Tagen gewertet (1m/5m/15m)     6281 Signale  124 ms lesen  14230 ms rechnen
2026-09-08T07:44:46.480Z  RES/2023        roh          91413 reg. Kerzen    0/250/250 von 250  Tagen gewertet (1m/5m/15m)     6835 Signale  124 ms lesen  14247 ms rechnen
2026-09-08T07:45:00.773Z  RES/2024        roh          89791 reg. Kerzen    0/252/252 von 252  Tagen gewertet (1m/5m/15m)     6744 Signale  135 ms lesen  13858 ms rechnen
2026-09-08T07:45:12.832Z  RES/2025        roh          85326 reg. Kerzen    0/199/199 von 250  Tagen gewertet (1m/5m/15m)     5463 Signale  123 ms lesen  11695 ms rechnen
2026-09-08T07:45:22.682Z  RES/2026        roh          57651 reg. Kerzen    0/166/166 von 166  Tagen gewertet (1m/5m/15m)     4467 Signale  100 ms lesen  9491 ms rechnen
2026-09-08T07:45:22.948Z  REXN/2019       bereinigt     4651 reg. Kerzen        0/0/0 von 143  Tagen gewertet (1m/5m/15m)        0 Signale  34 ms lesen  32 ms rechnen
2026-09-08T07:45:23.035Z  REXN/2020       bereinigt     8988 reg. Kerzen        0/0/0 von 215  Tagen gewertet (1m/5m/15m)        0 Signale  13 ms lesen  59 ms rechnen
2026-09-08T07:45:33.862Z  RGA/2016        roh          64929 reg. Kerzen    0/232/232 von 252  Tagen gewertet (1m/5m/15m)     5505 Signale  104 ms lesen  10666 ms rechnen
2026-09-08T07:45:44.933Z  RGA/2017        roh          61437 reg. Kerzen    0/251/251 von 251  Tagen gewertet (1m/5m/15m)     5626 Signale  96 ms lesen  10772 ms rechnen
2026-09-08T07:45:56.720Z  RGA/2018        roh          62572 reg. Kerzen    0/250/250 von 251  Tagen gewertet (1m/5m/15m)     6051 Signale  104 ms lesen  11511 ms rechnen
2026-09-08T07:46:08.205Z  RGA/2019        roh          60061 reg. Kerzen    0/250/252 von 252  Tagen gewertet (1m/5m/15m)     5824 Signale  110 ms lesen  11227 ms rechnen
2026-09-08T07:46:22.471Z  RGA/2020        roh          82272 reg. Kerzen    0/253/253 von 253  Tagen gewertet (1m/5m/15m)     6776 Signale  128 ms lesen  14003 ms rechnen
2026-09-08T07:46:35.891Z  RGA/2021        roh          69728 reg. Kerzen    0/250/250 von 252  Tagen gewertet (1m/5m/15m)     6460 Signale  107 ms lesen  13093 ms rechnen
2026-09-08T07:46:49.207Z  RGA/2022        roh          65702 reg. Kerzen    0/249/249 von 251  Tagen gewertet (1m/5m/15m)     6468 Signale  129 ms lesen  12947 ms rechnen
2026-09-08T07:47:01.604Z  RGA/2023        roh          62033 reg. Kerzen    0/250/250 von 250  Tagen gewertet (1m/5m/15m)     6256 Signale  91 ms lesen  12105 ms rechnen
2026-09-08T07:47:13.310Z  RGA/2024        roh          52883 reg. Kerzen    0/248/252 von 252  Tagen gewertet (1m/5m/15m)     5992 Signale  129 ms lesen  11397 ms rechnen
2026-09-08T07:47:25.961Z  RGA/2025        roh          55774 reg. Kerzen    0/249/250 von 250  Tagen gewertet (1m/5m/15m)     6277 Signale  168 ms lesen  12339 ms rechnen
2026-09-08T07:47:33.799Z  RGA/2026        roh          31854 reg. Kerzen    0/155/166 von 166  Tagen gewertet (1m/5m/15m)     4002 Signale  69 ms lesen  7598 ms rechnen
2026-09-08T07:47:47.535Z  RH/2016         roh          95859 reg. Kerzen    0/232/232 von 252  Tagen gewertet (1m/5m/15m)     6314 Signale  245 ms lesen  13415 ms rechnen
2026-09-08T07:48:02.096Z  RH/2017         roh          92251 reg. Kerzen    0/251/251 von 251  Tagen gewertet (1m/5m/15m)     6733 Signale  153 ms lesen  14154 ms rechnen
2026-09-08T07:48:17.410Z  RH/2018         roh          84139 reg. Kerzen    0/251/251 von 251  Tagen gewertet (1m/5m/15m)     6812 Signale  145 ms lesen  14917 ms rechnen
2026-09-08T07:48:33.845Z  RH/2019         roh          86939 reg. Kerzen    0/252/252 von 252  Tagen gewertet (1m/5m/15m)     6770 Signale  122 ms lesen  16037 ms rechnen
2026-09-08T07:48:49.382Z  RH/2020         roh          85842 reg. Kerzen    0/253/253 von 253  Tagen gewertet (1m/5m/15m)     6905 Signale  129 ms lesen  15194 ms rechnen
2026-09-08T07:49:04.083Z  RH/2021         roh          70454 reg. Kerzen    0/250/250 von 252  Tagen gewertet (1m/5m/15m)     6808 Signale  121 ms lesen  14315 ms rechnen
2026-09-08T07:49:19.446Z  RH/2022         roh          82298 reg. Kerzen    0/249/249 von 251  Tagen gewertet (1m/5m/15m)     6812 Signale  139 ms lesen  15044 ms rechnen
2026-09-08T07:49:33.725Z  RH/2023         roh          80495 reg. Kerzen    0/250/250 von 250  Tagen gewertet (1m/5m/15m)     6708 Signale  147 ms lesen  13896 ms rechnen
2026-09-08T07:49:48.446Z  RH/2024         roh          76768 reg. Kerzen    0/252/252 von 252  Tagen gewertet (1m/5m/15m)     6807 Signale  129 ms lesen  14364 ms rechnen
2026-09-08T07:50:03.391Z  RH/2025         roh          82142 reg. Kerzen    0/250/250 von 250  Tagen gewertet (1m/5m/15m)     7016 Signale  133 ms lesen  14602 ms rechnen
2026-09-08T07:50:13.529Z  RH/2026         roh          53068 reg. Kerzen    0/165/165 von 166  Tagen gewertet (1m/5m/15m)     4532 Signale  100 ms lesen  9808 ms rechnen
2026-09-08T07:50:27.804Z  RICE/2016       roh          97806 reg. Kerzen    0/232/232 von 252  Tagen gewertet (1m/5m/15m)     6283 Signale  190 ms lesen  13922 ms rechnen
2026-09-08T07:50:40.071Z  RICE/2017       roh          84152 reg. Kerzen    0/218/218 von 218  Tagen gewertet (1m/5m/15m)     5679 Signale  110 ms lesen  11869 ms rechnen
2026-09-08T07:50:40.294Z  AUSGELASSEN RICE/2018: Datei fehlt
2026-09-08T07:50:40.636Z  AUSGELASSEN RICE/2019: Datei fehlt
2026-09-08T07:50:40.657Z  RICE/2020       roh            571 reg. Kerzen        0/0/0 von 13   Tagen gewertet (1m/5m/15m)        0 Signale  16 ms lesen  5 ms rechnen
2026-09-08T07:50:40.846Z  RICE/2021       roh          20580 reg. Kerzen        0/0/0 von 177  Tagen gewertet (1m/5m/15m)        0 Signale  51 ms lesen  136 ms rechnen
2026-09-08T07:50:41.042Z  RIOT/2016       roh          10824 reg. Kerzen        0/0/0 von 252  Tagen gewertet (1m/5m/15m)        0 Signale  31 ms lesen  78 ms rechnen
2026-09-08T07:50:43.079Z  RIOT/2017       roh          22323 reg. Kerzen      0/28/28 von 250  Tagen gewertet (1m/5m/15m)      771 Signale  56 ms lesen  1942 ms rechnen
2026-09-08T07:50:48.842Z  RIOT/2018       roh          67202 reg. Kerzen      0/81/81 von 251  Tagen gewertet (1m/5m/15m)     2247 Signale  139 ms lesen  5570 ms rechnen
2026-09-08T07:50:52.208Z  RIOT/2019       roh          67380 reg. Kerzen      0/41/41 von 252  Tagen gewertet (1m/5m/15m)     1118 Signale  147 ms lesen  3049 ms rechnen
2026-09-08T07:51:03.355Z  RIOT/2020       roh          88473 reg. Kerzen    0/159/159 von 253  Tagen gewertet (1m/5m/15m)     4511 Signale  157 ms lesen  10800 ms rechnen
2026-09-08T07:51:19.803Z  RIOT/2021       roh          98099 reg. Kerzen    0/252/252 von 252  Tagen gewertet (1m/5m/15m)     6959 Signale  223 ms lesen  15974 ms rechnen
2026-09-08T07:51:36.745Z  RIOT/2022       roh          97697 reg. Kerzen    0/251/251 von 251  Tagen gewertet (1m/5m/15m)     6994 Signale  164 ms lesen  16473 ms rechnen
2026-09-08T07:51:53.413Z  RIOT/2023       roh          97131 reg. Kerzen    0/250/250 von 250  Tagen gewertet (1m/5m/15m)     6982 Signale  195 ms lesen  16183 ms rechnen
2026-09-08T07:52:10.009Z  RIOT/2024       roh          97740 reg. Kerzen    0/252/252 von 252  Tagen gewertet (1m/5m/15m)     7016 Signale  383 ms lesen  15942 ms rechnen
2026-09-08T07:52:26.349Z  RIOT/2025       roh          96960 reg. Kerzen    0/250/250 von 250  Tagen gewertet (1m/5m/15m)     6830 Signale  216 ms lesen  15839 ms rechnen
2026-09-08T07:52:37.146Z  RIOT/2026       roh          64740 reg. Kerzen    0/166/166 von 166  Tagen gewertet (1m/5m/15m)     4614 Signale  165 ms lesen  10338 ms rechnen
2026-09-08T07:52:39.908Z  RKLY/2021       roh          27665 reg. Kerzen      0/34/34 von 99   Tagen gewertet (1m/5m/15m)      930 Signale  74 ms lesen  2484 ms rechnen
2026-09-08T07:52:40.548Z  RKLY/2022       roh          69393 reg. Kerzen        0/0/0 von 251  Tagen gewertet (1m/5m/15m)        0 Signale  118 ms lesen  446 ms rechnen
2026-09-08T07:52:40.792Z  RKLY/2023       roh           3915 reg. Kerzen        0/0/0 von 14   Tagen gewertet (1m/5m/15m)        0 Signale  20 ms lesen  36 ms rechnen
2026-09-08T07:52:50.978Z  RLI/2016        bereinigt    50776 reg. Kerzen    0/208/223 von 252  Tagen gewertet (1m/5m/15m)     5232 Signale  135 ms lesen  9976 ms rechnen
2026-09-08T07:53:01.635Z  RLI/2017        bereinigt    45012 reg. Kerzen    0/219/234 von 251  Tagen gewertet (1m/5m/15m)     5432 Signale  62 ms lesen  10435 ms rechnen
2026-09-08T07:53:12.155Z  RLI/2018        bereinigt    41466 reg. Kerzen    0/214/251 von 251  Tagen gewertet (1m/5m/15m)     5549 Signale  78 ms lesen  10284 ms rechnen
2026-09-08T07:53:22.425Z  RLI/2019        bereinigt    40633 reg. Kerzen    0/206/252 von 252  Tagen gewertet (1m/5m/15m)     5334 Signale  60 ms lesen  10081 ms rechnen
2026-09-08T07:53:35.991Z  RLI/2020        bereinigt    53156 reg. Kerzen    0/237/253 von 253  Tagen gewertet (1m/5m/15m)     6344 Signale  72 ms lesen  13378 ms rechnen
2026-09-08T07:53:44.885Z  RLI/2021        bereinigt    33682 reg. Kerzen    0/155/250 von 252  Tagen gewertet (1m/5m/15m)     4775 Signale  64 ms lesen  8685 ms rechnen
2026-09-08T07:53:54.771Z  RLI/2022        bereinigt    36825 reg. Kerzen    0/176/249 von 251  Tagen gewertet (1m/5m/15m)     5156 Signale  74 ms lesen  9710 ms rechnen
2026-09-08T07:54:05.000Z  RLI/2023        bereinigt    40142 reg. Kerzen    0/191/250 von 250  Tagen gewertet (1m/5m/15m)     5355 Signale  68 ms lesen  10064 ms rechnen
2026-09-08T07:54:11.395Z  RLI/2024        bereinigt    29458 reg. Kerzen    0/103/249 von 252  Tagen gewertet (1m/5m/15m)     3696 Signale  61 ms lesen  6240 ms rechnen
2026-09-08T07:54:23.829Z  RLI/2025        bereinigt    62822 reg. Kerzen    0/248/250 von 250  Tagen gewertet (1m/5m/15m)     6045 Signale  69 ms lesen  12265 ms rechnen
2026-09-08T07:54:32.828Z  RLI/2026        roh          49571 reg. Kerzen    0/166/166 von 166  Tagen gewertet (1m/5m/15m)     4253 Signale  111 ms lesen  8704 ms rechnen
2026-09-08T07:54:33.090Z  RMED/2018       bereinigt     7219 reg. Kerzen        0/0/0 von 65   Tagen gewertet (1m/5m/15m)        0 Signale  44 ms lesen  49 ms rechnen
2026-09-08T07:54:33.262Z  RMED/2019       bereinigt    14688 reg. Kerzen        0/0/0 von 252  Tagen gewertet (1m/5m/15m)        0 Signale  23 ms lesen  122 ms rechnen
2026-09-08T07:54:33.684Z  RMED/2020       bereinigt    50447 reg. Kerzen        0/0/0 von 253  Tagen gewertet (1m/5m/15m)        0 Signale  99 ms lesen  294 ms rechnen
2026-09-08T07:54:36.416Z  RMED/2021       bereinigt    49186 reg. Kerzen      0/32/32 von 252  Tagen gewertet (1m/5m/15m)      892 Signale  71 ms lesen  2518 ms rechnen
2026-09-08T07:54:37.026Z  RMED/2022       bereinigt    59991 reg. Kerzen        0/0/0 von 251  Tagen gewertet (1m/5m/15m)        0 Signale  132 ms lesen  345 ms rechnen
2026-09-08T07:54:37.311Z  RMED/2023       roh          11177 reg. Kerzen        0/0/0 von 156  Tagen gewertet (1m/5m/15m)        0 Signale  49 ms lesen  89 ms rechnen
2026-09-08T07:54:38.295Z  RNA/2020        roh          23748 reg. Kerzen      0/12/15 von 141  Tagen gewertet (1m/5m/15m)      336 Signale  81 ms lesen  861 ms rechnen
2026-09-08T07:54:44.611Z  RNA/2021        roh          51005 reg. Kerzen      0/89/92 von 252  Tagen gewertet (1m/5m/15m)     2476 Signale  87 ms lesen  6169 ms rechnen
2026-09-08T07:54:48.115Z  RNA/2022        roh          54238 reg. Kerzen      0/48/48 von 251  Tagen gewertet (1m/5m/15m)     1321 Signale  83 ms lesen  3289 ms rechnen
2026-09-08T07:54:57.485Z  RNA/2023        roh          81402 reg. Kerzen    0/149/149 von 250  Tagen gewertet (1m/5m/15m)     4054 Signale  128 ms lesen  9055 ms rechnen
2026-09-08T07:55:13.591Z  RNA/2024        roh          85833 reg. Kerzen    0/252/252 von 252  Tagen gewertet (1m/5m/15m)     6789 Signale  109 ms lesen  15749 ms rechnen
2026-09-08T07:55:28.384Z  RNA/2025        roh          89701 reg. Kerzen    0/250/250 von 250  Tagen gewertet (1m/5m/15m)     6346 Signale  141 ms lesen  14443 ms rechnen
2026-09-08T07:55:30.652Z  RNA/2026        roh          34239 reg. Kerzen      0/42/43 von 165  Tagen gewertet (1m/5m/15m)      821 Signale  106 ms lesen  1910 ms rechnen
2026-09-08T07:55:31.269Z  RNN/2016        bereinigt    44335 reg. Kerzen        0/0/0 von 252  Tagen gewertet (1m/5m/15m)        0 Signale  168 ms lesen  329 ms rechnen
2026-09-08T07:55:31.870Z  RNN/2017        bereinigt    55015 reg. Kerzen        0/0/0 von 251  Tagen gewertet (1m/5m/15m)        0 Signale  118 ms lesen  357 ms rechnen
2026-09-08T07:55:32.324Z  RNN/2018        bereinigt    24968 reg. Kerzen        0/0/0 von 251  Tagen gewertet (1m/5m/15m)        0 Signale  78 ms lesen  186 ms rechnen
2026-09-08T07:55:32.542Z  RNN/2019        bereinigt    15500 reg. Kerzen        0/0/0 von 109  Tagen gewertet (1m/5m/15m)        0 Signale  37 ms lesen  115 ms rechnen
2026-09-08T07:55:32.595Z  ROCG/2021       roh            356 reg. Kerzen        0/0/0 von 49   Tagen gewertet (1m/5m/15m)        0 Signale  16 ms lesen  4 ms rechnen
2026-09-08T07:55:32.637Z  ROCG/2022       roh            810 reg. Kerzen        0/0/0 von 152  Tagen gewertet (1m/5m/15m)        0 Signale  34 ms lesen  6 ms rechnen
2026-09-08T07:55:32.670Z  ROCG/2023       roh            826 reg. Kerzen        0/0/0 von 63   Tagen gewertet (1m/5m/15m)        0 Signale  21 ms lesen  9 ms rechnen
2026-09-08T07:55:32.803Z  ROIAK/2016      roh          14090 reg. Kerzen        0/0/0 von 252  Tagen gewertet (1m/5m/15m)        0 Signale  25 ms lesen  99 ms rechnen
2026-09-08T07:55:32.900Z  ROIAK/2017      roh           3684 reg. Kerzen        0/0/0 von 86   Tagen gewertet (1m/5m/15m)        0 Signale  18 ms lesen  32 ms rechnen
2026-09-08T07:55:34.635Z  ROOT/2020       bereinigt    15786 reg. Kerzen      0/25/25 von 45   Tagen gewertet (1m/5m/15m)      679 Signale  51 ms lesen  1660 ms rechnen
2026-09-08T07:55:50.802Z  ROOT/2021       bereinigt    95498 reg. Kerzen    0/252/252 von 252  Tagen gewertet (1m/5m/15m)     6910 Signale  232 ms lesen  15893 ms rechnen
2026-09-08T07:55:54.584Z  ROOT/2022       bereinigt    77633 reg. Kerzen      0/49/49 von 251  Tagen gewertet (1m/5m/15m)     1375 Signale  161 ms lesen  3383 ms rechnen
2026-09-08T07:55:55.099Z  ROOT/2023       roh          31697 reg. Kerzen        0/0/0 von 250  Tagen gewertet (1m/5m/15m)        0 Signale  62 ms lesen  248 ms rechnen
2026-09-08T07:56:08.170Z  ROOT/2024       roh          55733 reg. Kerzen    0/200/207 von 252  Tagen gewertet (1m/5m/15m)     5480 Signale  74 ms lesen  12921 ms rechnen
2026-09-08T07:56:24.271Z  ROOT/2025       roh          64674 reg. Kerzen    0/248/250 von 250  Tagen gewertet (1m/5m/15m)     6746 Signale  106 ms lesen  15807 ms rechnen
2026-09-08T07:56:33.564Z  ROOT/2026       roh          31337 reg. Kerzen    0/153/166 von 166  Tagen gewertet (1m/5m/15m)     4311 Signale  60 ms lesen  9047 ms rechnen
2026-09-08T07:56:33.937Z  ROX/2016        roh          27592 reg. Kerzen        0/0/0 von 252  Tagen gewertet (1m/5m/15m)        0 Signale  115 ms lesen  179 ms rechnen
2026-09-08T07:56:34.614Z  ROX/2017        roh          63642 reg. Kerzen        0/0/0 von 251  Tagen gewertet (1m/5m/15m)        0 Signale  208 ms lesen  391 ms rechnen
2026-09-08T07:56:35.118Z  ROX/2018        roh          40447 reg. Kerzen        0/0/0 von 251  Tagen gewertet (1m/5m/15m)        0 Signale  62 ms lesen  283 ms rechnen
2026-09-08T07:56:35.559Z  ROX/2019        roh          36258 reg. Kerzen        0/0/0 von 194  Tagen gewertet (1m/5m/15m)        0 Signale  59 ms lesen  265 ms rechnen
2026-09-08T07:56:46.483Z  RPM/2016        roh          84270 reg. Kerzen    0/232/232 von 252  Tagen gewertet (1m/5m/15m)     5471 Signale  122 ms lesen  10690 ms rechnen
2026-09-08T07:56:57.883Z  RPM/2017        roh          81835 reg. Kerzen    0/251/251 von 251  Tagen gewertet (1m/5m/15m)     5772 Signale  122 ms lesen  11052 ms rechnen
2026-09-08T07:57:10.429Z  RPM/2018        roh          89383 reg. Kerzen    0/251/251 von 251  Tagen gewertet (1m/5m/15m)     6010 Signale  130 ms lesen  12145 ms rechnen
2026-09-08T07:57:22.767Z  RPM/2019        roh          82730 reg. Kerzen    0/252/252 von 252  Tagen gewertet (1m/5m/15m)     6214 Signale  120 ms lesen  11965 ms rechnen
2026-09-08T07:57:36.777Z  RPM/2020        roh          83368 reg. Kerzen    0/253/253 von 253  Tagen gewertet (1m/5m/15m)     6453 Signale  101 ms lesen  13682 ms rechnen
2026-09-08T07:57:49.560Z  RPM/2021        roh          77826 reg. Kerzen    0/250/250 von 252  Tagen gewertet (1m/5m/15m)     6117 Signale  118 ms lesen  12383 ms rechnen
2026-09-08T07:58:03.036Z  RPM/2022        roh          80834 reg. Kerzen    0/249/249 von 251  Tagen gewertet (1m/5m/15m)     6476 Signale  170 ms lesen  13061 ms rechnen
2026-09-08T07:58:15.470Z  RPM/2023        roh          77921 reg. Kerzen    0/250/250 von 250  Tagen gewertet (1m/5m/15m)     6099 Signale  127 ms lesen  12079 ms rechnen
2026-09-08T07:58:28.015Z  RPM/2024        roh          72229 reg. Kerzen    0/252/252 von 252  Tagen gewertet (1m/5m/15m)     5975 Signale  193 ms lesen  12094 ms rechnen
2026-09-08T07:58:40.904Z  RPM/2025        roh          75114 reg. Kerzen    0/250/250 von 250  Tagen gewertet (1m/5m/15m)     6180 Signale  120 ms lesen  12558 ms rechnen
2026-09-08T07:58:49.706Z  RPM/2026        roh          52918 reg. Kerzen    0/166/166 von 166  Tagen gewertet (1m/5m/15m)     4258 Signale  117 ms lesen  8515 ms rechnen
2026-09-08T07:59:02.427Z  RRD/2016        bereinigt    93098 reg. Kerzen    0/232/232 von 252  Tagen gewertet (1m/5m/15m)     6032 Signale  142 ms lesen  12402 ms rechnen
2026-09-08T07:59:17.523Z  RRD/2017        roh          83656 reg. Kerzen    0/250/250 von 251  Tagen gewertet (1m/5m/15m)     6767 Signale  145 ms lesen  14671 ms rechnen
2026-09-08T07:59:24.471Z  RRD/2018        roh          82760 reg. Kerzen    0/108/108 von 251  Tagen gewertet (1m/5m/15m)     2894 Signale  122 ms lesen  6591 ms rechnen
2026-09-08T07:59:25.271Z  RRD/2019        roh          79896 reg. Kerzen        0/0/0 von 252  Tagen gewertet (1m/5m/15m)        0 Signale  123 ms lesen  454 ms rechnen
2026-09-08T07:59:26.058Z  RRD/2020        roh          71479 reg. Kerzen        0/0/0 von 253  Tagen gewertet (1m/5m/15m)        0 Signale  90 ms lesen  459 ms rechnen
2026-09-08T07:59:32.771Z  RRD/2021        roh          73432 reg. Kerzen    0/104/104 von 252  Tagen gewertet (1m/5m/15m)     2694 Signale  117 ms lesen  6405 ms rechnen
2026-09-08T07:59:34.394Z  RRD/2022        roh          11290 reg. Kerzen      0/37/37 von 38   Tagen gewertet (1m/5m/15m)      780 Signale  23 ms lesen  1419 ms rechnen
2026-09-08T07:59:39.840Z  RSI/2020        roh          31224 reg. Kerzen      0/77/79 von 156  Tagen gewertet (1m/5m/15m)     2062 Signale  152 ms lesen  5236 ms rechnen
2026-09-08T07:59:55.685Z  RSI/2021        roh          89793 reg. Kerzen    0/250/250 von 252  Tagen gewertet (1m/5m/15m)     6916 Signale  119 ms lesen  15618 ms rechnen
2026-09-08T08:00:02.455Z  RSI/2022        roh          81614 reg. Kerzen      0/98/98 von 251  Tagen gewertet (1m/5m/15m)     2701 Signale  138 ms lesen  6361 ms rechnen
2026-09-08T08:00:03.196Z  RSI/2023        roh          64042 reg. Kerzen        0/0/0 von 250  Tagen gewertet (1m/5m/15m)        0 Signale  103 ms lesen  398 ms rechnen
2026-09-08T08:00:15.601Z  RSI/2024        roh          85242 reg. Kerzen    0/198/198 von 252  Tagen gewertet (1m/5m/15m)     5319 Signale  215 ms lesen  12000 ms rechnen
2026-09-08T08:00:30.318Z  RSI/2025        roh          86221 reg. Kerzen    0/250/250 von 250  Tagen gewertet (1m/5m/15m)     6696 Signale  245 ms lesen  14235 ms rechnen
2026-09-08T08:00:40.381Z  RSI/2026        roh          59089 reg. Kerzen    0/166/166 von 166  Tagen gewertet (1m/5m/15m)     4445 Signale  214 ms lesen  9600 ms rechnen
2026-09-08T08:00:40.918Z  RSYS/2016       roh          44631 reg. Kerzen        0/0/0 von 252  Tagen gewertet (1m/5m/15m)        0 Signale  64 ms lesen  291 ms rechnen
2026-09-08T08:00:41.412Z  RSYS/2017       roh          44035 reg. Kerzen        0/0/0 von 251  Tagen gewertet (1m/5m/15m)        0 Signale  65 ms lesen  296 ms rechnen
2026-09-08T08:00:41.825Z  RSYS/2018       roh          39574 reg. Kerzen        0/0/0 von 238  Tagen gewertet (1m/5m/15m)        0 Signale  70 ms lesen  243 ms rechnen
2026-09-08T08:00:52.569Z  RTN/2016        roh          96947 reg. Kerzen    0/232/232 von 252  Tagen gewertet (1m/5m/15m)     5345 Signale  144 ms lesen  10448 ms rechnen
2026-09-08T08:01:03.311Z  RTN/2017        roh          95017 reg. Kerzen    0/251/251 von 251  Tagen gewertet (1m/5m/15m)     5330 Signale  138 ms lesen  10319 ms rechnen
2026-09-08T08:01:15.678Z  RTN/2018        roh          95819 reg. Kerzen    0/251/251 von 251  Tagen gewertet (1m/5m/15m)     6047 Signale  152 ms lesen  11949 ms rechnen
2026-09-08T08:01:28.282Z  RTN/2019        roh          94957 reg. Kerzen    0/252/252 von 252  Tagen gewertet (1m/5m/15m)     6081 Signale  211 ms lesen  12143 ms rechnen
2026-09-08T08:01:32.038Z  RTN/2020        roh          24644 reg. Kerzen      0/64/64 von 64   Tagen gewertet (1m/5m/15m)     1614 Signale  41 ms lesen  3479 ms rechnen
2026-09-08T08:01:32.358Z  RTW/2016        roh          30901 reg. Kerzen        0/0/0 von 252  Tagen gewertet (1m/5m/15m)        0 Signale  56 ms lesen  205 ms rechnen
2026-09-08T08:01:32.593Z  RTW/2017        roh          19622 reg. Kerzen        0/0/0 von 251  Tagen gewertet (1m/5m/15m)        0 Signale  32 ms lesen  118 ms rechnen
2026-09-08T08:01:33.022Z  RTW/2018        roh          44313 reg. Kerzen        0/0/0 von 251  Tagen gewertet (1m/5m/15m)        0 Signale  61 ms lesen  313 ms rechnen
2026-09-08T08:01:33.406Z  RTW/2019        roh          25406 reg. Kerzen        0/0/0 von 252  Tagen gewertet (1m/5m/15m)        0 Signale  72 ms lesen  210 ms rechnen
2026-09-08T08:01:33.792Z  RTW/2020        roh          31305 reg. Kerzen        0/0/0 von 128  Tagen gewertet (1m/5m/15m)        0 Signale  69 ms lesen  224 ms rechnen
2026-09-08T08:01:33.922Z  RVEN/2016       roh             78 reg. Kerzen        0/0/0 von 40   Tagen gewertet (1m/5m/15m)        0 Signale  12 ms lesen  2 ms rechnen
2026-09-08T08:01:33.956Z  RVEN/2017       roh           1298 reg. Kerzen        0/0/0 von 171  Tagen gewertet (1m/5m/15m)        0 Signale  19 ms lesen  15 ms rechnen
2026-09-08T08:01:33.987Z  RVEN/2018       roh            889 reg. Kerzen        0/0/0 von 192  Tagen gewertet (1m/5m/15m)        0 Signale  13 ms lesen  12 ms rechnen
2026-09-08T08:01:34.021Z  RVEN/2019       roh            984 reg. Kerzen        0/0/0 von 158  Tagen gewertet (1m/5m/15m)        0 Signale  17 ms lesen  13 ms rechnen
2026-09-08T08:01:34.086Z  RVYL/2022       bereinigt     4871 reg. Kerzen        0/0/0 von 48   Tagen gewertet (1m/5m/15m)        0 Signale  34 ms lesen  27 ms rechnen
2026-09-08T08:01:34.294Z  RVYL/2023       bereinigt    21661 reg. Kerzen        0/0/0 von 250  Tagen gewertet (1m/5m/15m)        0 Signale  44 ms lesen  149 ms rechnen
2026-09-08T08:01:34.477Z  RVYL/2024       bereinigt    13735 reg. Kerzen        0/0/0 von 252  Tagen gewertet (1m/5m/15m)        0 Signale  40 ms lesen  99 ms rechnen
2026-09-08T08:01:34.901Z  RVYL/2025       bereinigt    41697 reg. Kerzen        0/0/0 von 250  Tagen gewertet (1m/5m/15m)        0 Signale  120 ms lesen  265 ms rechnen
2026-09-08T08:01:35.120Z  RVYL/2026       roh           5326 reg. Kerzen        0/0/0 von 90   Tagen gewertet (1m/5m/15m)        0 Signale  47 ms lesen  62 ms rechnen
2026-09-08T08:01:35.326Z  RXII/2016       bereinigt    17812 reg. Kerzen        0/0/0 von 252  Tagen gewertet (1m/5m/15m)        0 Signale  47 ms lesen  140 ms rechnen
2026-09-08T08:01:35.657Z  RXII/2017       bereinigt    31636 reg. Kerzen        0/0/0 von 251  Tagen gewertet (1m/5m/15m)        0 Signale  49 ms lesen  227 ms rechnen
2026-09-08T08:01:35.951Z  RXII/2018       bereinigt    24803 reg. Kerzen        0/0/0 von 223  Tagen gewertet (1m/5m/15m)        0 Signale  35 ms lesen  162 ms rechnen
2026-09-08T08:01:41.869Z  RYAN/2021       roh          31388 reg. Kerzen      0/93/93 von 114  Tagen gewertet (1m/5m/15m)     2527 Signale  436 ms lesen  5391 ms rechnen
2026-09-08T08:01:55.728Z  RYAN/2022       roh          72479 reg. Kerzen    0/249/249 von 251  Tagen gewertet (1m/5m/15m)     6640 Signale  111 ms lesen  13655 ms rechnen
2026-09-08T08:02:08.079Z  RYAN/2023       roh          73498 reg. Kerzen    0/250/250 von 250  Tagen gewertet (1m/5m/15m)     6076 Signale  135 ms lesen  12004 ms rechnen
2026-09-08T08:02:20.449Z  RYAN/2024       roh          76453 reg. Kerzen    0/252/252 von 252  Tagen gewertet (1m/5m/15m)     6122 Signale  118 ms lesen  12033 ms rechnen
2026-09-08T08:02:33.364Z  RYAN/2025       roh          82005 reg. Kerzen    0/250/250 von 250  Tagen gewertet (1m/5m/15m)     6344 Signale  132 ms lesen  12582 ms rechnen
2026-09-08T08:02:43.133Z  RYAN/2026       roh          60948 reg. Kerzen    0/166/166 von 166  Tagen gewertet (1m/5m/15m)     4429 Signale  120 ms lesen  9426 ms rechnen
2026-09-08T08:02:50.193Z  S/2021          roh          48078 reg. Kerzen    0/109/109 von 129  Tagen gewertet (1m/5m/15m)     3037 Signale  120 ms lesen  6733 ms rechnen
2026-09-08T08:03:06.430Z  S/2022          roh          96647 reg. Kerzen    0/249/249 von 251  Tagen gewertet (1m/5m/15m)     6887 Signale  174 ms lesen  15921 ms rechnen
2026-09-08T08:03:22.066Z  S/2023          roh          97035 reg. Kerzen    0/250/250 von 250  Tagen gewertet (1m/5m/15m)     6805 Signale  160 ms lesen  15168 ms rechnen
2026-09-08T08:03:36.785Z  S/2024          roh          97506 reg. Kerzen    0/252/252 von 252  Tagen gewertet (1m/5m/15m)     6714 Signale  148 ms lesen  14346 ms rechnen
2026-09-08T08:03:50.981Z  S/2025          roh          96726 reg. Kerzen    0/250/250 von 250  Tagen gewertet (1m/5m/15m)     6553 Signale  209 ms lesen  13727 ms rechnen
2026-09-08T08:04:00.922Z  S/2026          roh          64704 reg. Kerzen    0/166/166 von 166  Tagen gewertet (1m/5m/15m)     4442 Signale  131 ms lesen  9565 ms rechnen
2026-09-08T08:04:01.134Z  SAGA/2022       roh            530 reg. Kerzen        0/0/0 von 140  Tagen gewertet (1m/5m/15m)        0 Signale  20 ms lesen  7 ms rechnen
2026-09-08T08:04:01.151Z  SAGA/2023       roh            283 reg. Kerzen        0/0/0 von 113  Tagen gewertet (1m/5m/15m)        0 Signale  10 ms lesen  5 ms rechnen
2026-09-08T08:04:01.169Z  SAGA/2024       roh             54 reg. Kerzen        0/0/0 von 22   Tagen gewertet (1m/5m/15m)        0 Signale  16 ms lesen  1 ms rechnen
2026-09-08T08:04:01.245Z  SAL/2016        bereinigt     1472 reg. Kerzen        0/0/0 von 226  Tagen gewertet (1m/5m/15m)        0 Signale  47 ms lesen  17 ms rechnen
2026-09-08T08:04:01.282Z  SAL/2017        bereinigt      984 reg. Kerzen        0/0/0 von 211  Tagen gewertet (1m/5m/15m)        0 Signale  17 ms lesen  15 ms rechnen
2026-09-08T08:04:01.325Z  SAL/2018        bereinigt     1010 reg. Kerzen        0/0/0 von 202  Tagen gewertet (1m/5m/15m)        0 Signale  26 ms lesen  13 ms rechnen
2026-09-08T08:04:01.369Z  SAL/2019        bereinigt     1483 reg. Kerzen        0/0/0 von 229  Tagen gewertet (1m/5m/15m)        0 Signale  24 ms lesen  17 ms rechnen
2026-09-08T08:04:01.406Z  SAL/2020        bereinigt     2432 reg. Kerzen        0/0/0 von 232  Tagen gewertet (1m/5m/15m)        0 Signale  5 ms lesen  26 ms rechnen
2026-09-08T08:04:01.451Z  SAL/2021        bereinigt     3148 reg. Kerzen        0/0/0 von 238  Tagen gewertet (1m/5m/15m)        0 Signale  5 ms lesen  34 ms rechnen
2026-09-08T08:04:01.484Z  SAL/2022        bereinigt     2014 reg. Kerzen        0/0/0 von 230  Tagen gewertet (1m/5m/15m)        0 Signale  4 ms lesen  16 ms rechnen
2026-09-08T08:04:01.535Z  SAL/2023        roh           1530 reg. Kerzen        0/0/0 von 148  Tagen gewertet (1m/5m/15m)        0 Signale  26 ms lesen  17 ms rechnen
2026-09-08T08:04:01.576Z  SANB/2021       roh            235 reg. Kerzen        0/0/0 von 28   Tagen gewertet (1m/5m/15m)        0 Signale  32 ms lesen  2 ms rechnen
2026-09-08T08:04:01.635Z  SANB/2022       roh            430 reg. Kerzen        0/0/0 von 89   Tagen gewertet (1m/5m/15m)        0 Signale  53 ms lesen  5 ms rechnen
2026-09-08T08:04:08.838Z  SATS/2016       roh          51373 reg. Kerzen    0/145/149 von 252  Tagen gewertet (1m/5m/15m)     3640 Signale  144 ms lesen  7042 ms rechnen
2026-09-08T08:04:18.506Z  SATS/2017       roh          46977 reg. Kerzen    0/197/216 von 251  Tagen gewertet (1m/5m/15m)     4938 Signale  75 ms lesen  9430 ms rechnen
2026-09-08T08:04:30.207Z  SATS/2018       roh          54184 reg. Kerzen    0/243/249 von 251  Tagen gewertet (1m/5m/15m)     6198 Signale  181 ms lesen  11388 ms rechnen
2026-09-08T08:04:43.009Z  SATS/2019       roh          65356 reg. Kerzen    0/252/252 von 252  Tagen gewertet (1m/5m/15m)     6398 Signale  93 ms lesen  12555 ms rechnen
2026-09-08T08:04:55.990Z  SATS/2020       roh          68940 reg. Kerzen    0/233/233 von 253  Tagen gewertet (1m/5m/15m)     6199 Signale  111 ms lesen  12703 ms rechnen
2026-09-08T08:05:10.268Z  SATS/2021       roh          75563 reg. Kerzen    0/252/252 von 252  Tagen gewertet (1m/5m/15m)     6671 Signale  198 ms lesen  13888 ms rechnen
2026-09-08T08:05:16.014Z  SATS/2022       roh          58007 reg. Kerzen      0/96/97 von 251  Tagen gewertet (1m/5m/15m)     2612 Signale  93 ms lesen  5428 ms rechnen
2026-09-08T08:05:19.847Z  SATS/2023       roh          58102 reg. Kerzen      0/59/59 von 250  Tagen gewertet (1m/5m/15m)     1575 Signale  89 ms lesen  3567 ms rechnen
2026-09-08T08:05:35.314Z  SATS/2024       roh          87324 reg. Kerzen    0/252/252 von 252  Tagen gewertet (1m/5m/15m)     6778 Signale  126 ms lesen  15174 ms rechnen
2026-09-08T08:05:50.443Z  SATS/2025       roh          91615 reg. Kerzen    0/250/250 von 250  Tagen gewertet (1m/5m/15m)     6656 Signale  172 ms lesen  14705 ms rechnen
2026-09-08T08:05:57.630Z  SATS/2026       roh          45797 reg. Kerzen    0/118/118 von 118  Tagen gewertet (1m/5m/15m)     3205 Signale  92 ms lesen  6831 ms rechnen
2026-09-08T08:05:57.817Z  SBBX/2016       roh           2068 reg. Kerzen        0/0/0 von 237  Tagen gewertet (1m/5m/15m)        0 Signale  20 ms lesen  22 ms rechnen
2026-09-08T08:05:57.884Z  SBBX/2017       roh           4498 reg. Kerzen        0/0/0 von 251  Tagen gewertet (1m/5m/15m)        0 Signale  22 ms lesen  36 ms rechnen
2026-09-08T08:05:58.017Z  SBBX/2018       roh           9471 reg. Kerzen        0/0/0 von 251  Tagen gewertet (1m/5m/15m)        0 Signale  41 ms lesen  75 ms rechnen
2026-09-08T08:05:58.142Z  SBBX/2019       roh           7483 reg. Kerzen        0/0/0 von 252  Tagen gewertet (1m/5m/15m)        0 Signale  45 ms lesen  46 ms rechnen
2026-09-08T08:05:58.261Z  SBBX/2020       roh           6627 reg. Kerzen        0/0/0 von 147  Tagen gewertet (1m/5m/15m)        0 Signale  45 ms lesen  57 ms rechnen
2026-09-08T08:06:10.659Z  SBGI/2016       roh          89134 reg. Kerzen    0/232/232 von 252  Tagen gewertet (1m/5m/15m)     6125 Signale  132 ms lesen  12213 ms rechnen
2026-09-08T08:06:24.832Z  SBGI/2017       roh          87792 reg. Kerzen    0/251/251 von 251  Tagen gewertet (1m/5m/15m)     6624 Signale  128 ms lesen  13741 ms rechnen
2026-09-08T08:06:38.725Z  SBGI/2018       roh          87932 reg. Kerzen    0/249/249 von 251  Tagen gewertet (1m/5m/15m)     6556 Signale  134 ms lesen  13503 ms rechnen
2026-09-08T08:06:52.433Z  SBGI/2019       roh          90907 reg. Kerzen    0/252/252 von 252  Tagen gewertet (1m/5m/15m)     6554 Signale  205 ms lesen  13298 ms rechnen
2026-09-08T08:07:07.882Z  SBGI/2020       roh          92175 reg. Kerzen    0/253/253 von 253  Tagen gewertet (1m/5m/15m)     6972 Signale  230 ms lesen  15012 ms rechnen
2026-09-08T08:07:22.721Z  SBGI/2021       roh          74882 reg. Kerzen    0/252/252 von 252  Tagen gewertet (1m/5m/15m)     6790 Signale  105 ms lesen  14486 ms rechnen
2026-09-08T08:07:37.584Z  SBGI/2022       roh          81772 reg. Kerzen    0/251/251 von 251  Tagen gewertet (1m/5m/15m)     6770 Signale  108 ms lesen  14544 ms rechnen
2026-09-08T08:07:49.567Z  SBGI/2023       roh          75436 reg. Kerzen    0/199/199 von 250  Tagen gewertet (1m/5m/15m)     5389 Signale  104 ms lesen  11643 ms rechnen
2026-09-08T08:07:51.927Z  SBGI/2024       roh          57961 reg. Kerzen      0/29/29 von 252  Tagen gewertet (1m/5m/15m)      800 Signale  86 ms lesen  2064 ms rechnen
2026-09-08T08:07:55.130Z  SBGI/2025       roh          54232 reg. Kerzen      0/51/51 von 250  Tagen gewertet (1m/5m/15m)     1359 Signale  90 ms lesen  2972 ms rechnen
2026-09-08T08:07:58.810Z  SBGI/2026       roh          36453 reg. Kerzen      0/61/61 von 166  Tagen gewertet (1m/5m/15m)     1640 Signale  74 ms lesen  3432 ms rechnen
2026-09-08T08:07:59.089Z  SBOT/2016       bereinigt    11311 reg. Kerzen        0/0/0 von 252  Tagen gewertet (1m/5m/15m)        0 Signale  55 ms lesen  77 ms rechnen
2026-09-08T08:07:59.184Z  SBOT/2017       bereinigt     7306 reg. Kerzen        0/0/0 von 251  Tagen gewertet (1m/5m/15m)        0 Signale  15 ms lesen  52 ms rechnen
2026-09-08T08:07:59.349Z  SBOT/2018       bereinigt    15337 reg. Kerzen        0/0/0 von 251  Tagen gewertet (1m/5m/15m)        0 Signale  38 ms lesen  112 ms rechnen
2026-09-08T08:08:01.092Z  CHECKPOINT 4400 Dateien, 813 min, Detektorfehler {}
2026-09-08T08:08:01.185Z  SBOT/2019       bereinigt     8305 reg. Kerzen        0/0/0 von 109  Tagen gewertet (1m/5m/15m)        0 Signale  20 ms lesen  72 ms rechnen
2026-09-08T08:08:11.704Z  SBUX/2016       roh          98041 reg. Kerzen    0/232/232 von 252  Tagen gewertet (1m/5m/15m)     5499 Signale  164 ms lesen  10310 ms rechnen
2026-09-08T08:08:22.688Z  SBUX/2017       roh          97524 reg. Kerzen    0/251/251 von 251  Tagen gewertet (1m/5m/15m)     5576 Signale  140 ms lesen  10564 ms rechnen
2026-09-08T08:08:34.727Z  SBUX/2018       roh          96569 reg. Kerzen    0/249/249 von 251  Tagen gewertet (1m/5m/15m)     5976 Signale  179 ms lesen  11602 ms rechnen
2026-09-08T08:08:46.216Z  SBUX/2019       roh          97740 reg. Kerzen    0/252/252 von 252  Tagen gewertet (1m/5m/15m)     5840 Signale  143 ms lesen  11078 ms rechnen
2026-09-08T08:08:59.351Z  SBUX/2020       roh          98254 reg. Kerzen    0/253/253 von 253  Tagen gewertet (1m/5m/15m)     6391 Signale  151 ms lesen  12706 ms rechnen
2026-09-08T08:09:11.603Z  SBUX/2021       roh          98090 reg. Kerzen    0/252/252 von 252  Tagen gewertet (1m/5m/15m)     6082 Signale  134 ms lesen  11822 ms rechnen
2026-09-08T08:09:25.264Z  SBUX/2022       roh          97710 reg. Kerzen    0/251/251 von 251  Tagen gewertet (1m/5m/15m)     6564 Signale  148 ms lesen  13232 ms rechnen
2026-09-08T08:09:37.194Z  SBUX/2023       roh          97139 reg. Kerzen    0/250/250 von 250  Tagen gewertet (1m/5m/15m)     5937 Signale  145 ms lesen  11507 ms rechnen
2026-09-08T08:09:49.226Z  SBUX/2024       roh          97736 reg. Kerzen    0/252/252 von 252  Tagen gewertet (1m/5m/15m)     6113 Signale  153 ms lesen  11641 ms rechnen
2026-09-08T08:10:01.913Z  SBUX/2025       roh          96958 reg. Kerzen    0/250/250 von 250  Tagen gewertet (1m/5m/15m)     6376 Signale  175 ms lesen  12173 ms rechnen
2026-09-08T08:10:10.807Z  SBUX/2026       roh          64717 reg. Kerzen    0/166/166 von 166  Tagen gewertet (1m/5m/15m)     4229 Signale  117 ms lesen  8477 ms rechnen
2026-09-08T08:10:21.744Z  SCG/2016        roh          92418 reg. Kerzen    0/232/232 von 252  Tagen gewertet (1m/5m/15m)     5521 Signale  134 ms lesen  10616 ms rechnen
2026-09-08T08:10:33.730Z  SCG/2017        roh          92413 reg. Kerzen    0/251/251 von 251  Tagen gewertet (1m/5m/15m)     5984 Signale  219 ms lesen  11545 ms rechnen
2026-09-08T08:10:47.557Z  SCG/2018        roh          91297 reg. Kerzen    0/251/251 von 251  Tagen gewertet (1m/5m/15m)     6645 Signale  118 ms lesen  13448 ms rechnen
2026-09-08T08:10:53.141Z  SCMP/2016       roh          72801 reg. Kerzen      0/77/77 von 252  Tagen gewertet (1m/5m/15m)     2136 Signale  205 ms lesen  5084 ms rechnen
2026-09-08T08:11:01.069Z  SCMP/2017       roh          74004 reg. Kerzen    0/127/127 von 251  Tagen gewertet (1m/5m/15m)     3456 Signale  93 ms lesen  7634 ms rechnen
2026-09-08T08:11:02.438Z  SCMP/2018       roh          10170 reg. Kerzen      0/29/29 von 29   Tagen gewertet (1m/5m/15m)      457 Signale  36 ms lesen  1166 ms rechnen
2026-09-08T08:11:02.515Z  SCPS/2020       roh           2502 reg. Kerzen        0/0/0 von 11   Tagen gewertet (1m/5m/15m)        0 Signale  15 ms lesen  16 ms rechnen
2026-09-08T08:11:02.796Z  SCPS/2021       roh          25859 reg. Kerzen        0/0/0 von 252  Tagen gewertet (1m/5m/15m)        0 Signale  62 ms lesen  213 ms rechnen
2026-09-08T08:11:03.011Z  SCPS/2022       roh          13091 reg. Kerzen        0/0/0 von 242  Tagen gewertet (1m/5m/15m)        0 Signale  31 ms lesen  102 ms rechnen
2026-09-08T08:11:03.052Z  AUSGELASSEN SCPS/2023: Datei fehlt
2026-09-08T08:11:03.105Z  AUSGELASSEN SCPS/2024: Datei fehlt
2026-09-08T08:11:03.106Z  AUSGELASSEN SCPS/2025: Datei fehlt
2026-09-08T08:11:03.246Z  SCU/2019        roh          10344 reg. Kerzen        0/0/0 von 77   Tagen gewertet (1m/5m/15m)        0 Signale  53 ms lesen  69 ms rechnen
2026-09-08T08:11:03.528Z  SCU/2020        roh          30028 reg. Kerzen        0/0/0 von 253  Tagen gewertet (1m/5m/15m)        0 Signale  54 ms lesen  203 ms rechnen
2026-09-08T08:11:06.860Z  SCU/2021        roh          43731 reg. Kerzen      0/56/56 von 252  Tagen gewertet (1m/5m/15m)     1512 Signale  74 ms lesen  3189 ms rechnen
2026-09-08T08:11:07.783Z  SCU/2022        roh          44624 reg. Kerzen        0/9/9 von 251  Tagen gewertet (1m/5m/15m)      246 Signale  66 ms lesen  735 ms rechnen
2026-09-08T08:11:08.109Z  SCU/2023        roh          28205 reg. Kerzen        0/0/0 von 221  Tagen gewertet (1m/5m/15m)        0 Signale  55 ms lesen  159 ms rechnen
2026-09-08T08:11:21.307Z  SDGR/2020       roh          82445 reg. Kerzen    0/209/209 von 229  Tagen gewertet (1m/5m/15m)     5688 Signale  150 ms lesen  12976 ms rechnen
2026-09-08T08:11:36.536Z  SDGR/2021       roh          82870 reg. Kerzen    0/252/252 von 252  Tagen gewertet (1m/5m/15m)     6870 Signale  142 ms lesen  14811 ms rechnen
2026-09-08T08:11:51.990Z  SDGR/2022       roh          83102 reg. Kerzen    0/251/251 von 251  Tagen gewertet (1m/5m/15m)     6961 Signale  134 ms lesen  15074 ms rechnen
2026-09-08T08:12:06.757Z  SDGR/2023       roh          83055 reg. Kerzen    0/250/250 von 250  Tagen gewertet (1m/5m/15m)     6779 Signale  104 ms lesen  14440 ms rechnen
2026-09-08T08:12:21.270Z  SDGR/2024       roh          79258 reg. Kerzen    0/252/252 von 252  Tagen gewertet (1m/5m/15m)     6903 Signale  99 ms lesen  14183 ms rechnen
2026-09-08T08:12:37.105Z  SDGR/2025       roh          83017 reg. Kerzen    0/250/250 von 250  Tagen gewertet (1m/5m/15m)     6792 Signale  116 ms lesen  15458 ms rechnen
2026-09-08T08:12:47.517Z  SDGR/2026       roh          56949 reg. Kerzen    0/166/166 von 166  Tagen gewertet (1m/5m/15m)     4520 Signale  195 ms lesen  9998 ms rechnen
2026-09-08T08:12:47.886Z  SDT/2016        roh          20762 reg. Kerzen        0/0/0 von 252  Tagen gewertet (1m/5m/15m)        0 Signale  68 ms lesen  143 ms rechnen
2026-09-08T08:12:48.098Z  SDT/2017        roh          13284 reg. Kerzen        0/0/0 von 251  Tagen gewertet (1m/5m/15m)        0 Signale  34 ms lesen  123 ms rechnen
2026-09-08T08:12:48.444Z  SDT/2018        roh          16076 reg. Kerzen        0/0/0 von 251  Tagen gewertet (1m/5m/15m)        0 Signale  192 ms lesen  111 ms rechnen
2026-09-08T08:12:48.639Z  SDT/2019        roh          10430 reg. Kerzen        0/0/0 von 223  Tagen gewertet (1m/5m/15m)        0 Signale  60 ms lesen  94 ms rechnen
2026-09-08T08:13:02.643Z  SEDG/2016       roh          84490 reg. Kerzen    0/232/232 von 252  Tagen gewertet (1m/5m/15m)     6385 Signale  183 ms lesen  13775 ms rechnen
2026-09-08T08:13:17.789Z  SEDG/2017       roh          78634 reg. Kerzen    0/251/251 von 251  Tagen gewertet (1m/5m/15m)     6805 Signale  118 ms lesen  14760 ms rechnen
2026-09-08T08:13:32.192Z  SEDG/2018       roh          84109 reg. Kerzen    0/249/249 von 251  Tagen gewertet (1m/5m/15m)     6710 Signale  148 ms lesen  14063 ms rechnen
2026-09-08T08:13:46.288Z  SEDG/2019       roh          82860 reg. Kerzen    0/252/252 von 252  Tagen gewertet (1m/5m/15m)     6777 Signale  105 ms lesen  13730 ms rechnen
2026-09-08T08:14:02.145Z  SEDG/2020       roh          93172 reg. Kerzen    0/253/253 von 253  Tagen gewertet (1m/5m/15m)     6918 Signale  140 ms lesen  15494 ms rechnen
2026-09-08T08:14:17.660Z  SEDG/2021       roh          85787 reg. Kerzen    0/252/252 von 252  Tagen gewertet (1m/5m/15m)     6960 Signale  126 ms lesen  15116 ms rechnen
2026-09-08T08:14:33.460Z  SEDG/2022       roh          89055 reg. Kerzen    0/251/251 von 251  Tagen gewertet (1m/5m/15m)     6969 Signale  148 ms lesen  15445 ms rechnen
2026-09-08T08:14:48.352Z  SEDG/2023       roh          91884 reg. Kerzen    0/250/250 von 250  Tagen gewertet (1m/5m/15m)     6857 Signale  160 ms lesen  14447 ms rechnen
2026-09-08T08:15:04.152Z  SEDG/2024       roh          96904 reg. Kerzen    0/252/252 von 252  Tagen gewertet (1m/5m/15m)     6868 Signale  147 ms lesen  15410 ms rechnen
2026-09-08T08:15:20.590Z  SEDG/2025       roh          95993 reg. Kerzen    0/250/250 von 250  Tagen gewertet (1m/5m/15m)     6871 Signale  286 ms lesen  15883 ms rechnen
2026-09-08T08:15:31.274Z  SEDG/2026       roh          63483 reg. Kerzen    0/166/166 von 166  Tagen gewertet (1m/5m/15m)     4562 Signale  134 ms lesen  10306 ms rechnen
2026-09-08T08:15:38.430Z  SEMR/2021       roh          43986 reg. Kerzen    0/111/119 von 196  Tagen gewertet (1m/5m/15m)     3062 Signale  92 ms lesen  6868 ms rechnen
2026-09-08T08:15:40.699Z  SEMR/2022       roh          49508 reg. Kerzen      0/28/29 von 251  Tagen gewertet (1m/5m/15m)      749 Signale  205 ms lesen  1924 ms rechnen
2026-09-08T08:15:41.295Z  SEMR/2023       roh          54307 reg. Kerzen        0/0/0 von 250  Tagen gewertet (1m/5m/15m)        0 Signale  73 ms lesen  346 ms rechnen
2026-09-08T08:15:46.303Z  SEMR/2024       roh          61662 reg. Kerzen      0/85/85 von 252  Tagen gewertet (1m/5m/15m)     2182 Signale  85 ms lesen  4747 ms rechnen
2026-09-08T08:15:56.820Z  SEMR/2025       roh          77321 reg. Kerzen    0/191/191 von 250  Tagen gewertet (1m/5m/15m)     4747 Signale  139 ms lesen  10180 ms rechnen
2026-09-08T08:16:00.635Z  SEMR/2026       roh          26627 reg. Kerzen      0/79/79 von 79   Tagen gewertet (1m/5m/15m)      956 Signale  46 ms lesen  3548 ms rechnen
2026-09-08T08:16:03.438Z  SFBS/2016       bereinigt    36360 reg. Kerzen      0/48/52 von 252  Tagen gewertet (1m/5m/15m)     1275 Signale  185 ms lesen  2512 ms rechnen
2026-09-08T08:16:07.204Z  SFBS/2017       bereinigt    40695 reg. Kerzen      0/63/64 von 251  Tagen gewertet (1m/5m/15m)     1680 Signale  101 ms lesen  3551 ms rechnen
2026-09-08T08:16:09.438Z  SFBS/2018       bereinigt    40067 reg. Kerzen      0/33/34 von 251  Tagen gewertet (1m/5m/15m)      874 Signale  57 ms lesen  2071 ms rechnen
2026-09-08T08:16:09.858Z  SFBS/2019       bereinigt    37583 reg. Kerzen        0/0/0 von 252  Tagen gewertet (1m/5m/15m)        0 Signale  79 ms lesen  242 ms rechnen
2026-09-08T08:16:16.647Z  SFBS/2020       bereinigt    47828 reg. Kerzen    0/118/122 von 253  Tagen gewertet (1m/5m/15m)     3216 Signale  73 ms lesen  6589 ms rechnen
2026-09-08T08:16:24.571Z  SFBS/2021       bereinigt    37067 reg. Kerzen    0/132/211 von 252  Tagen gewertet (1m/5m/15m)     4099 Signale  53 ms lesen  7746 ms rechnen
2026-09-08T08:16:34.417Z  SFBS/2022       bereinigt    37052 reg. Kerzen    0/170/246 von 251  Tagen gewertet (1m/5m/15m)     5125 Signale  48 ms lesen  9683 ms rechnen
2026-09-08T08:16:46.009Z  SFBS/2023       bereinigt    43985 reg. Kerzen    0/210/240 von 250  Tagen gewertet (1m/5m/15m)     5760 Signale  93 ms lesen  11388 ms rechnen
2026-09-08T08:16:55.869Z  SFBS/2024       bereinigt    37777 reg. Kerzen    0/171/251 von 252  Tagen gewertet (1m/5m/15m)     5195 Signale  51 ms lesen  9697 ms rechnen
2026-09-08T08:17:06.534Z  SFBS/2025       bereinigt    38166 reg. Kerzen    0/193/250 von 250  Tagen gewertet (1m/5m/15m)     5414 Signale  60 ms lesen  10486 ms rechnen
2026-09-08T08:17:13.694Z  SFBS/2026       bereinigt    28603 reg. Kerzen    0/140/166 von 166  Tagen gewertet (1m/5m/15m)     3818 Signale  40 ms lesen  7012 ms rechnen
2026-09-08T08:17:13.872Z  SFR/2021        roh           3390 reg. Kerzen        0/0/0 von 195  Tagen gewertet (1m/5m/15m)        0 Signale  34 ms lesen  22 ms rechnen
2026-09-08T08:17:14.049Z  SFR/2022        roh           3931 reg. Kerzen        0/0/0 von 205  Tagen gewertet (1m/5m/15m)        0 Signale  146 ms lesen  23 ms rechnen
2026-09-08T08:17:14.235Z  SFR/2023        roh          18899 reg. Kerzen        0/0/0 von 206  Tagen gewertet (1m/5m/15m)        0 Signale  56 ms lesen  115 ms rechnen
2026-09-08T08:17:14.449Z  SGBK/2016       roh          19746 reg. Kerzen        0/0/0 von 252  Tagen gewertet (1m/5m/15m)        0 Signale  43 ms lesen  120 ms rechnen
2026-09-08T08:17:16.766Z  SGBK/2017       roh          24832 reg. Kerzen      0/44/57 von 185  Tagen gewertet (1m/5m/15m)     1143 Signale  178 ms lesen  2085 ms rechnen
2026-09-08T08:17:21.057Z  SGH/2017        bereinigt    28188 reg. Kerzen      0/70/73 von 153  Tagen gewertet (1m/5m/15m)     1927 Signale  77 ms lesen  4120 ms rechnen
2026-09-08T08:17:35.927Z  SGH/2018        bereinigt    74253 reg. Kerzen    0/249/249 von 251  Tagen gewertet (1m/5m/15m)     6835 Signale  98 ms lesen  14693 ms rechnen
2026-09-08T08:17:45.771Z  SGH/2019        bereinigt    64393 reg. Kerzen    0/163/163 von 252  Tagen gewertet (1m/5m/15m)     4392 Signale  214 ms lesen  9433 ms rechnen
2026-09-08T08:17:51.815Z  SGH/2020        bereinigt    51052 reg. Kerzen      0/93/96 von 253  Tagen gewertet (1m/5m/15m)     2558 Signale  64 ms lesen  5793 ms rechnen
2026-09-08T08:18:04.910Z  SGH/2021        bereinigt    61584 reg. Kerzen    0/246/250 von 252  Tagen gewertet (1m/5m/15m)     6706 Signale  90 ms lesen  12871 ms rechnen
2026-09-08T08:20:34.465Z  SGH/2022        bereinigt    75996 reg. Kerzen    0/226/226 von 251  Tagen gewertet (1m/5m/15m)     6201 Signale  135915 ms lesen  13521 ms rechnen
2026-09-08T08:20:48.582Z  SGH/2023        roh          71296 reg. Kerzen    0/228/228 von 250  Tagen gewertet (1m/5m/15m)     6000 Signale  1072 ms lesen  12808 ms rechnen
2026-09-08T08:21:00.633Z  SGH/2024        roh          63721 reg. Kerzen    0/198/198 von 198  Tagen gewertet (1m/5m/15m)     5360 Signale  110 ms lesen  11726 ms rechnen
2026-09-08T08:21:03.138Z  SGMO/2016       roh          83541 reg. Kerzen      0/31/31 von 252  Tagen gewertet (1m/5m/15m)      836 Signale  188 ms lesen  2138 ms rechnen
2026-09-08T08:21:13.429Z  SGMO/2017       roh          80130 reg. Kerzen    0/152/152 von 251  Tagen gewertet (1m/5m/15m)     4121 Signale  105 ms lesen  9941 ms rechnen
2026-09-08T08:21:29.721Z  SGMO/2018       roh          93115 reg. Kerzen    0/249/249 von 251  Tagen gewertet (1m/5m/15m)     6870 Signale  144 ms lesen  15929 ms rechnen
2026-09-08T08:21:45.707Z  SGMO/2019       roh          91475 reg. Kerzen    0/252/252 von 252  Tagen gewertet (1m/5m/15m)     6734 Signale  138 ms lesen  15572 ms rechnen
2026-09-08T08:22:01.751Z  SGMO/2020       roh          94653 reg. Kerzen    0/253/253 von 253  Tagen gewertet (1m/5m/15m)     6859 Signale  139 ms lesen  15682 ms rechnen
2026-09-08T08:22:18.246Z  SGMO/2021       roh          87967 reg. Kerzen    0/252/252 von 252  Tagen gewertet (1m/5m/15m)     6884 Signale  143 ms lesen  16030 ms rechnen
2026-09-08T08:22:29.220Z  SGMO/2022       roh          90315 reg. Kerzen    0/168/168 von 251  Tagen gewertet (1m/5m/15m)     4696 Signale  213 ms lesen  10494 ms rechnen
2026-09-08T08:22:30.192Z  SGMO/2023       roh          84496 reg. Kerzen        0/0/0 von 250  Tagen gewertet (1m/5m/15m)        0 Signale  174 ms lesen  486 ms rechnen
2026-09-08T08:22:34.886Z  SGMO/2024       roh          85206 reg. Kerzen      0/58/58 von 252  Tagen gewertet (1m/5m/15m)     1529 Signale  144 ms lesen  4318 ms rechnen
2026-09-08T08:22:37.857Z  SGMO/2025       roh          89923 reg. Kerzen      0/30/30 von 250  Tagen gewertet (1m/5m/15m)      844 Signale  171 ms lesen  2568 ms rechnen
2026-09-08T08:22:38.316Z  SGMO/2026       roh          29839 reg. Kerzen        0/0/0 von 84   Tagen gewertet (1m/5m/15m)        0 Signale  60 ms lesen  169 ms rechnen
2026-09-08T08:22:52.700Z  SGYP/2016       roh          92281 reg. Kerzen    0/224/224 von 252  Tagen gewertet (1m/5m/15m)     6196 Signale  154 ms lesen  14133 ms rechnen
2026-09-08T08:23:08.202Z  SGYP/2017       roh          95649 reg. Kerzen    0/251/251 von 251  Tagen gewertet (1m/5m/15m)     6853 Signale  128 ms lesen  15106 ms rechnen
2026-09-08T08:23:14.369Z  SGYP/2018       roh          87498 reg. Kerzen      0/81/81 von 251  Tagen gewertet (1m/5m/15m)     2193 Signale  138 ms lesen  5741 ms rechnen
2026-09-08T08:23:15.819Z  SGYP/2019       roh          16563 reg. Kerzen        0/0/0 von 45   Tagen gewertet (1m/5m/15m)        0 Signale  1132 ms lesen  75 ms rechnen
2026-09-08T08:23:33.615Z  SHEL/2022       roh          89470 reg. Kerzen    0/210/210 von 231  Tagen gewertet (1m/5m/15m)     5500 Signale  7545 ms lesen  10151 ms rechnen
2026-09-08T08:23:46.053Z  SHEL/2023       roh          97078 reg. Kerzen    0/250/250 von 250  Tagen gewertet (1m/5m/15m)     6022 Signale  155 ms lesen  11975 ms rechnen
2026-09-08T08:23:58.298Z  SHEL/2024       roh          97574 reg. Kerzen    0/252/252 von 252  Tagen gewertet (1m/5m/15m)     5865 Signale  164 ms lesen  11633 ms rechnen
2026-09-08T08:24:09.858Z  SHEL/2025       roh          96873 reg. Kerzen    0/250/250 von 250  Tagen gewertet (1m/5m/15m)     5929 Signale  171 ms lesen  11082 ms rechnen
2026-09-08T08:24:17.969Z  SHEL/2026       roh          64729 reg. Kerzen    0/166/166 von 166  Tagen gewertet (1m/5m/15m)     4120 Signale  118 ms lesen  7768 ms rechnen
2026-09-08T08:24:30.246Z  SHO/2016        roh          93945 reg. Kerzen    0/232/232 von 252  Tagen gewertet (1m/5m/15m)     6059 Signale  203 ms lesen  11858 ms rechnen
2026-09-08T08:24:42.757Z  SHO/2017        roh          91611 reg. Kerzen    0/251/251 von 251  Tagen gewertet (1m/5m/15m)     6219 Signale  124 ms lesen  12128 ms rechnen
2026-09-08T08:24:55.489Z  SHO/2018        roh          92059 reg. Kerzen    0/251/251 von 251  Tagen gewertet (1m/5m/15m)     5992 Signale  222 ms lesen  12234 ms rechnen
2026-09-08T08:25:08.494Z  SHO/2019        roh          94217 reg. Kerzen    0/252/252 von 252  Tagen gewertet (1m/5m/15m)     6279 Signale  144 ms lesen  12578 ms rechnen
2026-09-08T08:25:23.845Z  SHO/2020        roh          95944 reg. Kerzen    0/253/253 von 253  Tagen gewertet (1m/5m/15m)     6762 Signale  160 ms lesen  14913 ms rechnen
2026-09-08T08:25:37.943Z  SHO/2021        roh          93133 reg. Kerzen    0/251/251 von 252  Tagen gewertet (1m/5m/15m)     6706 Signale  170 ms lesen  13637 ms rechnen
2026-09-08T08:25:52.101Z  SHO/2022        roh          94387 reg. Kerzen    0/249/249 von 251  Tagen gewertet (1m/5m/15m)     6696 Signale  156 ms lesen  13758 ms rechnen
2026-09-08T08:26:05.974Z  SHO/2023        roh          91811 reg. Kerzen    0/250/250 von 250  Tagen gewertet (1m/5m/15m)     6487 Signale  137 ms lesen  13498 ms rechnen
2026-09-08T08:26:19.039Z  SHO/2024        roh          89373 reg. Kerzen    0/252/252 von 252  Tagen gewertet (1m/5m/15m)     6322 Signale  132 ms lesen  12704 ms rechnen
2026-09-08T08:26:32.838Z  SHO/2025        roh          87163 reg. Kerzen    0/250/250 von 250  Tagen gewertet (1m/5m/15m)     6470 Signale  127 ms lesen  13421 ms rechnen
2026-09-08T08:26:41.556Z  SHO/2026        roh          57438 reg. Kerzen    0/166/166 von 166  Tagen gewertet (1m/5m/15m)     4250 Signale  82 ms lesen  8387 ms rechnen
2026-09-08T08:26:41.808Z  SHSP/2016       roh           4014 reg. Kerzen        0/0/0 von 250  Tagen gewertet (1m/5m/15m)        0 Signale  71 ms lesen  35 ms rechnen
2026-09-08T08:26:41.893Z  SHSP/2017       roh           5064 reg. Kerzen        0/0/0 von 247  Tagen gewertet (1m/5m/15m)        0 Signale  41 ms lesen  30 ms rechnen
2026-09-08T08:26:42.015Z  SHSP/2018       roh          11045 reg. Kerzen        0/0/0 von 250  Tagen gewertet (1m/5m/15m)        0 Signale  40 ms lesen  67 ms rechnen
2026-09-08T08:26:42.259Z  SHSP/2019       roh          23278 reg. Kerzen        0/0/0 von 252  Tagen gewertet (1m/5m/15m)        0 Signale  73 ms lesen  136 ms rechnen
2026-09-08T08:26:42.597Z  SHSP/2020       roh          24771 reg. Kerzen        0/0/0 von 253  Tagen gewertet (1m/5m/15m)        0 Signale  63 ms lesen  197 ms rechnen
2026-09-08T08:26:43.789Z  SHSP/2021       roh          24771 reg. Kerzen      0/16/17 von 168  Tagen gewertet (1m/5m/15m)      451 Signale  52 ms lesen  1080 ms rechnen
2026-09-08T08:26:44.366Z  SIGM/2016       roh          59516 reg. Kerzen        0/0/0 von 252  Tagen gewertet (1m/5m/15m)        0 Signale  97 ms lesen  384 ms rechnen
2026-09-08T08:26:44.942Z  SIGM/2017       roh          49201 reg. Kerzen        0/0/0 von 251  Tagen gewertet (1m/5m/15m)        0 Signale  72 ms lesen  331 ms rechnen
2026-09-08T08:26:45.350Z  SIGM/2018       roh          33034 reg. Kerzen        0/0/0 von 164  Tagen gewertet (1m/5m/15m)        0 Signale  60 ms lesen  207 ms rechnen
2026-09-08T08:26:48.305Z  SIOX/2017       roh          27787 reg. Kerzen      0/43/43 von 81   Tagen gewertet (1m/5m/15m)     1160 Signale  62 ms lesen  2787 ms rechnen
2026-09-08T08:26:51.699Z  SIOX/2018       roh          72472 reg. Kerzen      0/46/46 von 251  Tagen gewertet (1m/5m/15m)     1295 Signale  110 ms lesen  3206 ms rechnen
2026-09-08T08:26:52.367Z  SIOX/2019       roh          50480 reg. Kerzen        0/0/0 von 252  Tagen gewertet (1m/5m/15m)        0 Signale  95 ms lesen  356 ms rechnen
2026-09-08T08:26:54.854Z  SIOX/2020       roh          50577 reg. Kerzen      0/30/30 von 253  Tagen gewertet (1m/5m/15m)      836 Signale  68 ms lesen  2269 ms rechnen
2026-09-08T08:26:56.438Z  SIOX/2021       roh          63305 reg. Kerzen      0/13/13 von 252  Tagen gewertet (1m/5m/15m)      373 Signale  129 ms lesen  1299 ms rechnen
2026-09-08T08:26:56.836Z  SIOX/2022       roh          29485 reg. Kerzen        0/0/0 von 251  Tagen gewertet (1m/5m/15m)        0 Signale  54 ms lesen  196 ms rechnen
2026-09-08T08:26:56.993Z  SIOX/2023       roh           5064 reg. Kerzen        0/0/0 von 55   Tagen gewertet (1m/5m/15m)        0 Signale  20 ms lesen  47 ms rechnen
2026-09-08T08:26:57.011Z  AUSGELASSEN SIOX/2024: Datei fehlt
2026-09-08T08:26:57.035Z  AUSGELASSEN SIOX/2025: Datei fehlt
2026-09-08T08:26:57.188Z  SITO/2016       roh          14510 reg. Kerzen        0/0/0 von 252  Tagen gewertet (1m/5m/15m)        0 Signale  48 ms lesen  103 ms rechnen
2026-09-08T08:26:57.514Z  SITO/2017       roh          31250 reg. Kerzen        0/0/0 von 251  Tagen gewertet (1m/5m/15m)        0 Signale  64 ms lesen  223 ms rechnen
2026-09-08T08:26:57.878Z  SITO/2018       roh          30647 reg. Kerzen        0/0/0 von 251  Tagen gewertet (1m/5m/15m)        0 Signale  57 ms lesen  206 ms rechnen
2026-09-08T08:26:58.095Z  SITO/2019       roh          11756 reg. Kerzen        0/0/0 von 252  Tagen gewertet (1m/5m/15m)        0 Signale  33 ms lesen  74 ms rechnen
2026-09-08T08:26:58.164Z  SITO/2020       roh           3613 reg. Kerzen        0/0/0 von 46   Tagen gewertet (1m/5m/15m)        0 Signale  14 ms lesen  27 ms rechnen
2026-09-08T08:26:58.251Z  SKGR/2022       roh            633 reg. Kerzen        0/0/0 von 63   Tagen gewertet (1m/5m/15m)        0 Signale  60 ms lesen  6 ms rechnen
2026-09-08T08:26:58.300Z  SKGR/2023       roh           1464 reg. Kerzen        0/0/0 von 182  Tagen gewertet (1m/5m/15m)        0 Signale  35 ms lesen  11 ms rechnen
2026-09-08T08:26:58.358Z  SKGR/2024       roh           2240 reg. Kerzen        0/0/0 von 237  Tagen gewertet (1m/5m/15m)        0 Signale  28 ms lesen  26 ms rechnen
2026-09-08T08:26:58.385Z  SKGR/2025       roh           1124 reg. Kerzen        0/0/0 von 67   Tagen gewertet (1m/5m/15m)        0 Signale  5 ms lesen  12 ms rechnen
2026-09-08T08:27:11.051Z  SKX/2016        roh          97159 reg. Kerzen    0/232/232 von 252  Tagen gewertet (1m/5m/15m)     6284 Signale  146 ms lesen  12502 ms rechnen
2026-09-08T08:27:24.769Z  SKX/2017        roh          96043 reg. Kerzen    0/251/251 von 251  Tagen gewertet (1m/5m/15m)     6517 Signale  376 ms lesen  13081 ms rechnen
2026-09-08T08:27:38.666Z  SKX/2018        roh          95994 reg. Kerzen    0/251/251 von 251  Tagen gewertet (1m/5m/15m)     6639 Signale  162 ms lesen  13417 ms rechnen
2026-09-08T08:27:52.390Z  SKX/2019        roh          94793 reg. Kerzen    0/252/252 von 252  Tagen gewertet (1m/5m/15m)     6515 Signale  183 ms lesen  13266 ms rechnen
2026-09-08T08:28:07.069Z  SKX/2020        roh          95820 reg. Kerzen    0/253/253 von 253  Tagen gewertet (1m/5m/15m)     6776 Signale  141 ms lesen  14250 ms rechnen
2026-09-08T08:28:22.819Z  SKX/2021        roh          92899 reg. Kerzen    0/250/250 von 252  Tagen gewertet (1m/5m/15m)     6651 Signale  2754 ms lesen  12762 ms rechnen
2026-09-08T08:28:45.207Z  SKX/2022        roh          94611 reg. Kerzen    0/249/249 von 251  Tagen gewertet (1m/5m/15m)     6660 Signale  7807 ms lesen  14338 ms rechnen
2026-09-08T08:28:58.460Z  SKX/2023        roh          95375 reg. Kerzen    0/250/250 von 250  Tagen gewertet (1m/5m/15m)     6344 Signale  112 ms lesen  12884 ms rechnen
2026-09-08T08:29:11.506Z  SKX/2024        roh          95491 reg. Kerzen    0/252/252 von 252  Tagen gewertet (1m/5m/15m)     6311 Signale  158 ms lesen  12626 ms rechnen
2026-09-08T08:29:19.820Z  SKX/2025        roh          64768 reg. Kerzen    0/173/173 von 173  Tagen gewertet (1m/5m/15m)     3640 Signale  98 ms lesen  7951 ms rechnen
2026-09-08T08:29:20.120Z  SLAM/2021       roh           7381 reg. Kerzen        0/0/0 von 179  Tagen gewertet (1m/5m/15m)        0 Signale  48 ms lesen  42 ms rechnen
2026-09-08T08:29:20.183Z  SLAM/2022       roh           3371 reg. Kerzen        0/0/0 von 226  Tagen gewertet (1m/5m/15m)        0 Signale  21 ms lesen  27 ms rechnen
2026-09-08T08:29:20.242Z  SLAM/2023       roh           2067 reg. Kerzen        0/0/0 von 207  Tagen gewertet (1m/5m/15m)        0 Signale  33 ms lesen  17 ms rechnen
2026-09-08T08:29:20.270Z  SLAM/2024       roh            873 reg. Kerzen        0/0/0 von 132  Tagen gewertet (1m/5m/15m)        0 Signale  13 ms lesen  10 ms rechnen
2026-09-08T08:29:24.354Z  SLGC/2021       roh          27552 reg. Kerzen      0/64/64 von 84   Tagen gewertet (1m/5m/15m)     1711 Signale  69 ms lesen  3996 ms rechnen
2026-09-08T08:29:34.339Z  SLGC/2022       roh          87694 reg. Kerzen    0/155/155 von 251  Tagen gewertet (1m/5m/15m)     4257 Signale  123 ms lesen  9768 ms rechnen
2026-09-08T08:29:35.144Z  SLGC/2023       roh          79210 reg. Kerzen        0/0/0 von 250  Tagen gewertet (1m/5m/15m)        0 Signale  116 ms lesen  458 ms rechnen
2026-09-08T08:29:35.399Z  SLGC/2024       roh           1431 reg. Kerzen        0/0/0 von 4    Tagen gewertet (1m/5m/15m)        0 Signale  16 ms lesen  17 ms rechnen
2026-09-08T08:29:43.706Z  SLRN/2023       roh          50935 reg. Kerzen    0/131/131 von 165  Tagen gewertet (1m/5m/15m)     3586 Signale  78 ms lesen  8223 ms rechnen
2026-09-08T08:29:48.580Z  SLRN/2024       roh          73187 reg. Kerzen      0/59/59 von 252  Tagen gewertet (1m/5m/15m)     1655 Signale  119 ms lesen  4618 ms rechnen
2026-09-08T08:29:49.263Z  SLRN/2025       roh          28272 reg. Kerzen        0/4/4 von 95   Tagen gewertet (1m/5m/15m)      125 Signale  63 ms lesen  437 ms rechnen
2026-09-08T08:29:59.259Z  SMFG/2016       roh          80671 reg. Kerzen    0/198/198 von 252  Tagen gewertet (1m/5m/15m)     5194 Signale  96 ms lesen  9795 ms rechnen
2026-09-08T08:30:08.623Z  SMFG/2017       roh          79698 reg. Kerzen    0/212/212 von 251  Tagen gewertet (1m/5m/15m)     4932 Signale  110 ms lesen  9044 ms rechnen
2026-09-08T08:30:20.256Z  SMFG/2018       roh          84673 reg. Kerzen    0/251/251 von 251  Tagen gewertet (1m/5m/15m)     6062 Signale  113 ms lesen  11296 ms rechnen
2026-09-08T08:30:32.048Z  SMFG/2019       roh          87946 reg. Kerzen    0/252/252 von 252  Tagen gewertet (1m/5m/15m)     5815 Signale  110 ms lesen  11450 ms rechnen
2026-09-08T08:30:43.621Z  SMFG/2020       roh          82730 reg. Kerzen    0/239/239 von 253  Tagen gewertet (1m/5m/15m)     6059 Signale  100 ms lesen  11215 ms rechnen
2026-09-08T08:30:55.027Z  SMFG/2021       roh          76530 reg. Kerzen    0/250/250 von 252  Tagen gewertet (1m/5m/15m)     5982 Signale  194 ms lesen  10993 ms rechnen
2026-09-08T08:31:06.837Z  SMFG/2022       roh          86825 reg. Kerzen    0/249/249 von 251  Tagen gewertet (1m/5m/15m)     6302 Signale  119 ms lesen  11466 ms rechnen
2026-09-08T08:31:17.717Z  SMFG/2023       roh          88127 reg. Kerzen    0/250/250 von 250  Tagen gewertet (1m/5m/15m)     5856 Signale  166 ms lesen  10443 ms rechnen
2026-09-08T08:31:28.495Z  SMFG/2024       roh          81716 reg. Kerzen    0/252/252 von 252  Tagen gewertet (1m/5m/15m)     5893 Signale  112 ms lesen  10410 ms rechnen
2026-09-08T08:31:39.796Z  SMFG/2025       roh          86681 reg. Kerzen    0/250/250 von 250  Tagen gewertet (1m/5m/15m)     5909 Signale  132 ms lesen  10965 ms rechnen
2026-09-08T08:31:47.490Z  SMFG/2026       roh          61629 reg. Kerzen    0/166/166 von 166  Tagen gewertet (1m/5m/15m)     4120 Signale  98 ms lesen  7364 ms rechnen
2026-09-08T08:31:47.705Z  SMMC/2019       roh            244 reg. Kerzen        0/0/0 von 51   Tagen gewertet (1m/5m/15m)        0 Signale  19 ms lesen  3 ms rechnen
2026-09-08T08:31:49.435Z  SMMC/2020       roh          13901 reg. Kerzen      0/24/27 von 205  Tagen gewertet (1m/5m/15m)      627 Signale  28 ms lesen  1700 ms rechnen
2026-09-08T08:31:50.039Z  SMMC/2021       roh           1699 reg. Kerzen        0/7/7 von 7    Tagen gewertet (1m/5m/15m)      186 Signale  22 ms lesen  540 ms rechnen
2026-09-08T08:32:02.713Z  SMTC/2016       roh          71916 reg. Kerzen    0/232/232 von 252  Tagen gewertet (1m/5m/15m)     6136 Signale  108 ms lesen  12538 ms rechnen
2026-09-08T08:32:16.180Z  SMTC/2017       roh          68673 reg. Kerzen    0/251/251 von 251  Tagen gewertet (1m/5m/15m)     6586 Signale  96 ms lesen  13121 ms rechnen
2026-09-08T08:32:29.922Z  SMTC/2018       roh          72175 reg. Kerzen    0/249/249 von 251  Tagen gewertet (1m/5m/15m)     6550 Signale  113 ms lesen  13399 ms rechnen
2026-09-08T08:32:43.232Z  SMTC/2019       roh          75806 reg. Kerzen    0/252/252 von 252  Tagen gewertet (1m/5m/15m)     6595 Signale  126 ms lesen  12970 ms rechnen
2026-09-08T08:32:57.746Z  SMTC/2020       roh          73086 reg. Kerzen    0/252/253 von 253  Tagen gewertet (1m/5m/15m)     6718 Signale  116 ms lesen  14195 ms rechnen
2026-09-08T08:33:12.925Z  SMTC/2021       roh          65650 reg. Kerzen    0/252/252 von 252  Tagen gewertet (1m/5m/15m)     6766 Signale  2352 ms lesen  12635 ms rechnen
2026-09-08T08:33:30.272Z  SMTC/2022       roh          79444 reg. Kerzen    0/251/251 von 251  Tagen gewertet (1m/5m/15m)     6865 Signale  3077 ms lesen  14097 ms rechnen
2026-09-08T08:33:44.718Z  SMTC/2023       roh          89362 reg. Kerzen    0/250/250 von 250  Tagen gewertet (1m/5m/15m)     6726 Signale  165 ms lesen  14066 ms rechnen
2026-09-08T08:33:59.853Z  SMTC/2024       roh          91034 reg. Kerzen    0/252/252 von 252  Tagen gewertet (1m/5m/15m)     6762 Signale  118 ms lesen  14766 ms rechnen
2026-09-08T08:34:14.925Z  SMTC/2025       roh          90899 reg. Kerzen    0/250/250 von 250  Tagen gewertet (1m/5m/15m)     6788 Signale  127 ms lesen  14686 ms rechnen
2026-09-08T08:34:24.891Z  SMTC/2026       roh          61530 reg. Kerzen    0/166/166 von 166  Tagen gewertet (1m/5m/15m)     4591 Signale  104 ms lesen  9620 ms rechnen
2026-09-08T08:34:25.232Z  SNBC/2016       roh          10089 reg. Kerzen        0/0/0 von 252  Tagen gewertet (1m/5m/15m)        0 Signale  42 ms lesen  73 ms rechnen
2026-09-08T08:34:25.501Z  SNBC/2017       roh          14837 reg. Kerzen        0/0/0 von 251  Tagen gewertet (1m/5m/15m)        0 Signale  128 ms lesen  110 ms rechnen
2026-09-08T08:34:25.589Z  SNBC/2018       roh           1124 reg. Kerzen        0/0/0 von 21   Tagen gewertet (1m/5m/15m)        0 Signale  25 ms lesen  18 ms rechnen
2026-09-08T08:34:25.615Z  SNDE/2016       roh            679 reg. Kerzen        0/0/0 von 76   Tagen gewertet (1m/5m/15m)        0 Signale  14 ms lesen  7 ms rechnen
2026-09-08T08:34:25.663Z  SNDE/2017       roh           2813 reg. Kerzen        0/0/0 von 245  Tagen gewertet (1m/5m/15m)        0 Signale  24 ms lesen  21 ms rechnen
2026-09-08T08:34:25.708Z  SNDE/2018       roh           2819 reg. Kerzen        0/0/0 von 232  Tagen gewertet (1m/5m/15m)        0 Signale  16 ms lesen  22 ms rechnen
2026-09-08T08:34:25.768Z  SNDE/2019       roh           3995 reg. Kerzen        0/0/0 von 252  Tagen gewertet (1m/5m/15m)        0 Signale  22 ms lesen  31 ms rechnen
2026-09-08T08:34:26.011Z  SNDE/2020       roh          25041 reg. Kerzen        0/0/0 von 253  Tagen gewertet (1m/5m/15m)        0 Signale  46 ms lesen  182 ms rechnen
2026-09-08T08:34:26.194Z  SNDE/2021       roh           9449 reg. Kerzen        0/0/0 von 52   Tagen gewertet (1m/5m/15m)        0 Signale  30 ms lesen  65 ms rechnen
2026-09-08T08:34:28.729Z  SNII/2021       roh          15417 reg. Kerzen      0/44/44 von 156  Tagen gewertet (1m/5m/15m)     1175 Signale  42 ms lesen  2463 ms rechnen
2026-09-08T08:34:28.853Z  SNII/2022       roh           6136 reg. Kerzen        0/0/0 von 40   Tagen gewertet (1m/5m/15m)        0 Signale  30 ms lesen  51 ms rechnen
2026-09-08T08:34:29.202Z  SNPR/2020       roh           7059 reg. Kerzen        0/5/5 von 42   Tagen gewertet (1m/5m/15m)      125 Signale  37 ms lesen  294 ms rechnen
2026-09-08T08:34:36.797Z  SNPR/2021       roh          47127 reg. Kerzen    0/149/149 von 164  Tagen gewertet (1m/5m/15m)     3533 Signale  91 ms lesen  7482 ms rechnen
2026-09-08T08:34:48.251Z  SNV/2016        roh          92819 reg. Kerzen    0/232/232 von 252  Tagen gewertet (1m/5m/15m)     5864 Signale  215 ms lesen  11060 ms rechnen
2026-09-08T08:35:00.190Z  SNV/2017        roh          85906 reg. Kerzen    0/251/251 von 251  Tagen gewertet (1m/5m/15m)     6147 Signale  125 ms lesen  11547 ms rechnen
2026-09-08T08:35:12.915Z  SNV/2018        roh          92286 reg. Kerzen    0/251/251 von 251  Tagen gewertet (1m/5m/15m)     6186 Signale  131 ms lesen  12334 ms rechnen
2026-09-08T08:35:26.103Z  SNV/2019        roh          95096 reg. Kerzen    0/252/252 von 252  Tagen gewertet (1m/5m/15m)     6386 Signale  136 ms lesen  12823 ms rechnen
2026-09-08T08:35:40.783Z  SNV/2020        roh          95056 reg. Kerzen    0/253/253 von 253  Tagen gewertet (1m/5m/15m)     6855 Signale  114 ms lesen  14342 ms rechnen
2026-09-08T08:35:54.633Z  SNV/2021        roh          88823 reg. Kerzen    0/250/250 von 252  Tagen gewertet (1m/5m/15m)     6557 Signale  128 ms lesen  13457 ms rechnen
2026-09-08T08:36:08.371Z  SNV/2022        roh          90805 reg. Kerzen    0/249/249 von 250  Tagen gewertet (1m/5m/15m)     6657 Signale  126 ms lesen  13401 ms rechnen
2026-09-08T08:36:10.322Z  CHECKPOINT 4600 Dateien, 841 min, Detektorfehler {}
2026-09-08T08:36:23.533Z  SNV/2023        roh          93052 reg. Kerzen    0/250/250 von 250  Tagen gewertet (1m/5m/15m)     6509 Signale  123 ms lesen  13087 ms rechnen
2026-09-08T08:36:37.288Z  SNV/2024        roh          91968 reg. Kerzen    0/252/252 von 252  Tagen gewertet (1m/5m/15m)     6455 Signale  202 ms lesen  13274 ms rechnen
2026-09-08T08:36:51.089Z  SNV/2025        roh          88359 reg. Kerzen    0/250/250 von 250  Tagen gewertet (1m/5m/15m)     6486 Signale  133 ms lesen  13419 ms rechnen
2026-09-08T08:36:51.403Z  SOFO/2016       roh           2028 reg. Kerzen        0/0/0 von 229  Tagen gewertet (1m/5m/15m)        0 Signale  50 ms lesen  19 ms rechnen
2026-09-08T08:36:51.449Z  SOFO/2017       roh           1751 reg. Kerzen        0/0/0 von 219  Tagen gewertet (1m/5m/15m)        0 Signale  23 ms lesen  15 ms rechnen
2026-09-08T08:36:51.510Z  SOFO/2018       roh           2289 reg. Kerzen        0/0/0 von 237  Tagen gewertet (1m/5m/15m)        0 Signale  31 ms lesen  22 ms rechnen
2026-09-08T08:36:51.515Z  AUSGELASSEN SOFO/2019: Datei fehlt
2026-09-08T08:36:51.524Z  AUSGELASSEN SOFO/2020: Datei fehlt
2026-09-08T08:36:51.525Z  AUSGELASSEN SOFO/2021: Datei fehlt
2026-09-08T08:36:51.614Z  SOFO/2022       roh           4990 reg. Kerzen        0/0/0 von 232  Tagen gewertet (1m/5m/15m)        0 Signale  42 ms lesen  47 ms rechnen
2026-09-08T08:36:51.694Z  SOFO/2023       roh           4015 reg. Kerzen        0/0/0 von 220  Tagen gewertet (1m/5m/15m)        0 Signale  30 ms lesen  38 ms rechnen
2026-09-08T08:36:51.703Z  AUSGELASSEN SOFO/2024: Datei fehlt
2026-09-08T08:36:51.724Z  AUSGELASSEN SOFO/2025: Datei fehlt
2026-09-08T08:37:00.575Z  SOLV/2024       roh          67273 reg. Kerzen    0/171/171 von 191  Tagen gewertet (1m/5m/15m)     4384 Signale  110 ms lesen  8715 ms rechnen
2026-09-08T08:37:13.810Z  SOLV/2025       roh          79613 reg. Kerzen    0/250/250 von 250  Tagen gewertet (1m/5m/15m)     6359 Signale  146 ms lesen  12908 ms rechnen
2026-09-08T08:37:22.709Z  SOLV/2026       roh          56160 reg. Kerzen    0/166/166 von 166  Tagen gewertet (1m/5m/15m)     4302 Signale  156 ms lesen  8513 ms rechnen
2026-09-08T08:37:28.226Z  SONO/2018       roh          34285 reg. Kerzen      0/84/84 von 104  Tagen gewertet (1m/5m/15m)     2227 Signale  71 ms lesen  5265 ms rechnen
2026-09-08T08:37:43.045Z  SONO/2019       roh          86614 reg. Kerzen    0/252/252 von 252  Tagen gewertet (1m/5m/15m)     6840 Signale  141 ms lesen  14589 ms rechnen
2026-09-08T08:37:58.734Z  SONO/2020       roh          95317 reg. Kerzen    0/253/253 von 253  Tagen gewertet (1m/5m/15m)     6800 Signale  128 ms lesen  15327 ms rechnen
2026-09-08T08:38:16.530Z  SONO/2021       roh          96613 reg. Kerzen    0/252/252 von 252  Tagen gewertet (1m/5m/15m)     6797 Signale  3348 ms lesen  14191 ms rechnen
2026-09-08T08:38:31.327Z  SONO/2022       roh          96427 reg. Kerzen    0/251/251 von 251  Tagen gewertet (1m/5m/15m)     6828 Signale  163 ms lesen  14306 ms rechnen
2026-09-08T08:38:45.302Z  SONO/2023       roh          92615 reg. Kerzen    0/250/250 von 250  Tagen gewertet (1m/5m/15m)     6593 Signale  127 ms lesen  13569 ms rechnen
2026-09-08T08:38:59.592Z  SONO/2024       roh          92508 reg. Kerzen    0/252/252 von 252  Tagen gewertet (1m/5m/15m)     6682 Signale  181 ms lesen  13852 ms rechnen
2026-09-08T08:39:14.286Z  SONO/2025       roh          88408 reg. Kerzen    0/250/250 von 250  Tagen gewertet (1m/5m/15m)     6608 Signale  211 ms lesen  14204 ms rechnen
2026-09-08T08:39:24.316Z  SONO/2026       roh          56854 reg. Kerzen    0/166/166 von 166  Tagen gewertet (1m/5m/15m)     4475 Signale  99 ms lesen  9643 ms rechnen
2026-09-08T08:39:24.717Z  SP/2016         roh          21618 reg. Kerzen        0/0/0 von 252  Tagen gewertet (1m/5m/15m)        0 Signale  56 ms lesen  161 ms rechnen
2026-09-08T08:39:26.106Z  SP/2017         roh          38630 reg. Kerzen      0/19/26 von 251  Tagen gewertet (1m/5m/15m)      542 Signale  66 ms lesen  1266 ms rechnen
2026-09-08T08:39:26.509Z  SP/2018         roh          30001 reg. Kerzen        0/0/0 von 251  Tagen gewertet (1m/5m/15m)        0 Signale  73 ms lesen  221 ms rechnen
2026-09-08T08:39:26.861Z  SP/2019         roh          30659 reg. Kerzen        0/0/0 von 252  Tagen gewertet (1m/5m/15m)        0 Signale  56 ms lesen  206 ms rechnen
2026-09-08T08:39:28.013Z  SP/2020         roh          44181 reg. Kerzen      0/12/13 von 253  Tagen gewertet (1m/5m/15m)      311 Signale  74 ms lesen  997 ms rechnen
2026-09-08T08:39:28.381Z  SP/2021         roh          27410 reg. Kerzen        0/0/0 von 252  Tagen gewertet (1m/5m/15m)        0 Signale  59 ms lesen  199 ms rechnen
2026-09-08T08:39:28.701Z  SP/2022         roh          25700 reg. Kerzen        0/0/0 von 251  Tagen gewertet (1m/5m/15m)        0 Signale  58 ms lesen  176 ms rechnen
2026-09-08T08:39:30.386Z  SP/2023         roh          27416 reg. Kerzen      0/31/47 von 250  Tagen gewertet (1m/5m/15m)      776 Signale  47 ms lesen  1579 ms rechnen
2026-09-08T08:39:31.469Z  SP/2024         roh          11952 reg. Kerzen      0/18/48 von 94   Tagen gewertet (1m/5m/15m)      552 Signale  28 ms lesen  977 ms rechnen
2026-09-08T08:39:33.408Z  SPFR/2021       roh          32589 reg. Kerzen      0/34/34 von 173  Tagen gewertet (1m/5m/15m)      840 Signale  70 ms lesen  1831 ms rechnen
2026-09-08T08:39:33.648Z  SPI/2016        bereinigt    12541 reg. Kerzen        0/0/0 von 242  Tagen gewertet (1m/5m/15m)        0 Signale  43 ms lesen  98 ms rechnen
2026-09-08T08:39:33.934Z  SPI/2017        bereinigt    31061 reg. Kerzen        0/0/0 von 251  Tagen gewertet (1m/5m/15m)        0 Signale  74 ms lesen  179 ms rechnen
2026-09-08T08:39:34.277Z  SPI/2018        bereinigt    29922 reg. Kerzen        0/0/0 von 241  Tagen gewertet (1m/5m/15m)        0 Signale  60 ms lesen  215 ms rechnen
2026-09-08T08:39:34.498Z  SPI/2019        roh          11775 reg. Kerzen        0/0/0 von 252  Tagen gewertet (1m/5m/15m)        0 Signale  68 ms lesen  73 ms rechnen
2026-09-08T08:39:38.723Z  SPI/2020        roh          41068 reg. Kerzen      0/60/60 von 253  Tagen gewertet (1m/5m/15m)     1666 Signale  76 ms lesen  4118 ms rechnen
2026-09-08T08:39:42.912Z  SPI/2021        roh          61879 reg. Kerzen      0/58/58 von 252  Tagen gewertet (1m/5m/15m)     1633 Signale  113 ms lesen  3957 ms rechnen
2026-09-08T08:39:43.357Z  SPI/2022        roh          36492 reg. Kerzen        0/0/0 von 251  Tagen gewertet (1m/5m/15m)        0 Signale  76 ms lesen  229 ms rechnen
2026-09-08T08:39:43.630Z  SPI/2023        roh          16271 reg. Kerzen        0/0/0 von 250  Tagen gewertet (1m/5m/15m)        0 Signale  36 ms lesen  131 ms rechnen
2026-09-08T08:39:43.853Z  SPI/2024        roh          18425 reg. Kerzen        0/0/0 von 252  Tagen gewertet (1m/5m/15m)        0 Signale  57 ms lesen  132 ms rechnen
2026-09-08T08:39:43.932Z  SPI/2025        roh           2179 reg. Kerzen        0/0/0 von 8    Tagen gewertet (1m/5m/15m)        0 Signale  23 ms lesen  20 ms rechnen
2026-09-08T08:39:57.598Z  SPNC/2016       roh          71411 reg. Kerzen    0/232/232 von 252  Tagen gewertet (1m/5m/15m)     6266 Signale  136 ms lesen  13515 ms rechnen
2026-09-08T08:40:05.534Z  SPNC/2017       roh          35993 reg. Kerzen    0/149/152 von 152  Tagen gewertet (1m/5m/15m)     3608 Signale  79 ms lesen  7655 ms rechnen
2026-09-08T08:40:17.851Z  SPR/2016        roh          93162 reg. Kerzen    0/232/232 von 252  Tagen gewertet (1m/5m/15m)     5851 Signale  229 ms lesen  11967 ms rechnen
2026-09-08T08:40:29.585Z  SPR/2017        roh          86686 reg. Kerzen    0/251/251 von 251  Tagen gewertet (1m/5m/15m)     5977 Signale  138 ms lesen  11364 ms rechnen
2026-09-08T08:40:43.171Z  SPR/2018        roh          88683 reg. Kerzen    0/251/251 von 251  Tagen gewertet (1m/5m/15m)     6399 Signale  123 ms lesen  13216 ms rechnen
2026-09-08T08:40:55.638Z  SPR/2019        roh          87689 reg. Kerzen    0/252/252 von 252  Tagen gewertet (1m/5m/15m)     6430 Signale  127 ms lesen  12135 ms rechnen
2026-09-08T08:41:10.898Z  SPR/2020        roh          97624 reg. Kerzen    0/253/253 von 253  Tagen gewertet (1m/5m/15m)     6962 Signale  140 ms lesen  14873 ms rechnen
2026-09-08T08:41:25.769Z  SPR/2021        roh          95349 reg. Kerzen    0/250/250 von 252  Tagen gewertet (1m/5m/15m)     6802 Signale  253 ms lesen  14302 ms rechnen
2026-09-08T08:41:40.959Z  SPR/2022        roh          95674 reg. Kerzen    0/249/249 von 251  Tagen gewertet (1m/5m/15m)     6783 Signale  234 ms lesen  14660 ms rechnen
2026-09-08T08:41:56.267Z  SPR/2023        roh          95691 reg. Kerzen    0/250/250 von 250  Tagen gewertet (1m/5m/15m)     6707 Signale  126 ms lesen  14889 ms rechnen
2026-09-08T08:42:10.108Z  SPR/2024        roh          89991 reg. Kerzen    0/252/252 von 252  Tagen gewertet (1m/5m/15m)     6609 Signale  125 ms lesen  13449 ms rechnen
2026-09-08T08:42:22.859Z  SPR/2025        roh          70678 reg. Kerzen    0/233/233 von 233  Tagen gewertet (1m/5m/15m)     5861 Signale  106 ms lesen  12375 ms rechnen
2026-09-08T08:42:24.451Z  SPU/2016        bereinigt    21884 reg. Kerzen      0/19/27 von 241  Tagen gewertet (1m/5m/15m)      546 Signale  52 ms lesen  1328 ms rechnen
2026-09-08T08:42:24.595Z  SPU/2017        roh           6940 reg. Kerzen        0/0/0 von 110  Tagen gewertet (1m/5m/15m)        0 Signale  32 ms lesen  50 ms rechnen
2026-09-08T08:42:24.696Z  SQZ/2020        roh           6865 reg. Kerzen        0/0/0 von 43   Tagen gewertet (1m/5m/15m)        0 Signale  40 ms lesen  36 ms rechnen
2026-09-08T08:42:24.998Z  SQZ/2021        roh          30832 reg. Kerzen        0/0/0 von 252  Tagen gewertet (1m/5m/15m)        0 Signale  57 ms lesen  227 ms rechnen
2026-09-08T08:42:25.294Z  SQZ/2022        roh          23204 reg. Kerzen        0/0/0 von 251  Tagen gewertet (1m/5m/15m)        0 Signale  59 ms lesen  142 ms rechnen
2026-09-08T08:42:25.454Z  SQZ/2023        roh           9200 reg. Kerzen        0/0/0 von 125  Tagen gewertet (1m/5m/15m)        0 Signale  30 ms lesen  71 ms rechnen
2026-09-08T08:42:25.599Z  SRCLP/2016      roh           9244 reg. Kerzen        0/0/0 von 252  Tagen gewertet (1m/5m/15m)        0 Signale  42 ms lesen  66 ms rechnen
2026-09-08T08:42:25.720Z  SRCLP/2017      roh           7737 reg. Kerzen        0/0/0 von 251  Tagen gewertet (1m/5m/15m)        0 Signale  21 ms lesen  72 ms rechnen
2026-09-08T08:42:25.811Z  SRCLP/2018      roh           5540 reg. Kerzen        0/0/0 von 176  Tagen gewertet (1m/5m/15m)        0 Signale  25 ms lesen  38 ms rechnen
2026-09-08T08:42:28.848Z  SRNG/2021       roh          32674 reg. Kerzen      0/74/74 von 106  Tagen gewertet (1m/5m/15m)     1250 Signale  60 ms lesen  2944 ms rechnen
2026-09-08T08:42:29.002Z  SSAA/2021       roh           2202 reg. Kerzen        0/0/0 von 146  Tagen gewertet (1m/5m/15m)        0 Signale  24 ms lesen  19 ms rechnen
2026-09-08T08:42:29.063Z  SSAA/2022       roh           2295 reg. Kerzen        0/0/0 von 183  Tagen gewertet (1m/5m/15m)        0 Signale  27 ms lesen  25 ms rechnen
2026-09-08T08:42:29.630Z  SSI/2016        roh          73181 reg. Kerzen        0/0/0 von 252  Tagen gewertet (1m/5m/15m)        0 Signale  126 ms lesen  417 ms rechnen
2026-09-08T08:42:30.320Z  SSI/2017        roh          61009 reg. Kerzen        0/0/0 von 251  Tagen gewertet (1m/5m/15m)        0 Signale  97 ms lesen  372 ms rechnen
2026-09-08T08:42:30.844Z  SSI/2018        roh          29371 reg. Kerzen        0/0/0 von 251  Tagen gewertet (1m/5m/15m)        0 Signale  68 ms lesen  251 ms rechnen
2026-09-08T08:42:32.242Z  SSI/2019        roh          28092 reg. Kerzen      0/13/13 von 252  Tagen gewertet (1m/5m/15m)      340 Signale  173 ms lesen  1122 ms rechnen
2026-09-08T08:42:34.478Z  SSI/2020        roh          24479 reg. Kerzen      0/30/30 von 89   Tagen gewertet (1m/5m/15m)      818 Signale  48 ms lesen  2112 ms rechnen
2026-09-08T08:42:34.680Z  SSNT/2017       roh           2007 reg. Kerzen        0/0/0 von 171  Tagen gewertet (1m/5m/15m)        0 Signale  82 ms lesen  19 ms rechnen
2026-09-08T08:42:34.721Z  SSNT/2018       roh           1058 reg. Kerzen        0/0/0 von 202  Tagen gewertet (1m/5m/15m)        0 Signale  24 ms lesen  10 ms rechnen
2026-09-08T08:42:34.820Z  SSNT/2019       roh           4540 reg. Kerzen        0/0/0 von 235  Tagen gewertet (1m/5m/15m)        0 Signale  69 ms lesen  27 ms rechnen
2026-09-08T08:42:34.952Z  SSNT/2020       roh          13499 reg. Kerzen        0/0/0 von 250  Tagen gewertet (1m/5m/15m)        0 Signale  35 ms lesen  87 ms rechnen
2026-09-08T08:42:35.223Z  SSNT/2021       roh          21064 reg. Kerzen        0/0/0 von 251  Tagen gewertet (1m/5m/15m)        0 Signale  53 ms lesen  175 ms rechnen
2026-09-08T08:42:35.382Z  SSNT/2022       roh          12245 reg. Kerzen        0/0/0 von 251  Tagen gewertet (1m/5m/15m)        0 Signale  30 ms lesen  71 ms rechnen
2026-09-08T08:42:35.495Z  SSNT/2023       roh           6905 reg. Kerzen        0/0/0 von 249  Tagen gewertet (1m/5m/15m)        0 Signale  33 ms lesen  52 ms rechnen
2026-09-08T08:42:35.602Z  SSNT/2024       roh           9050 reg. Kerzen        0/0/0 von 108  Tagen gewertet (1m/5m/15m)        0 Signale  20 ms lesen  73 ms rechnen
2026-09-08T08:42:40.631Z  SSW/2016        roh          67111 reg. Kerzen      0/88/88 von 252  Tagen gewertet (1m/5m/15m)     2322 Signale  141 ms lesen  4847 ms rechnen
2026-09-08T08:42:55.228Z  SSW/2017        roh          85311 reg. Kerzen    0/251/251 von 251  Tagen gewertet (1m/5m/15m)     6934 Signale  114 ms lesen  14298 ms rechnen
2026-09-08T08:43:07.618Z  SSW/2018        roh          80867 reg. Kerzen    0/216/216 von 251  Tagen gewertet (1m/5m/15m)     5943 Signale  132 ms lesen  12012 ms rechnen
2026-09-08T08:43:14.485Z  SSW/2019        roh          72771 reg. Kerzen    0/114/114 von 252  Tagen gewertet (1m/5m/15m)     2934 Signale  117 ms lesen  6526 ms rechnen
2026-09-08T08:43:16.991Z  SSW/2020        roh          12505 reg. Kerzen      0/39/39 von 39   Tagen gewertet (1m/5m/15m)     1033 Signale  229 ms lesen  2048 ms rechnen
2026-09-08T08:43:23.199Z  STAR/2016       roh          71765 reg. Kerzen      0/82/82 von 252  Tagen gewertet (1m/5m/15m)     2222 Signale  1340 ms lesen  4796 ms rechnen
2026-09-08T08:43:24.730Z  STAR/2017       roh          61309 reg. Kerzen      0/16/16 von 251  Tagen gewertet (1m/5m/15m)      357 Signale  244 ms lesen  1100 ms rechnen
2026-09-08T08:43:30.335Z  STAR/2018       roh          70018 reg. Kerzen      0/97/97 von 251  Tagen gewertet (1m/5m/15m)     2385 Signale  107 ms lesen  5321 ms rechnen
2026-09-08T08:43:37.188Z  STAR/2019       roh          74240 reg. Kerzen    0/130/130 von 252  Tagen gewertet (1m/5m/15m)     3190 Signale  104 ms lesen  6554 ms rechnen
2026-09-08T08:43:45.699Z  STAR/2020       roh          73796 reg. Kerzen    0/149/149 von 253  Tagen gewertet (1m/5m/15m)     3934 Signale  150 ms lesen  8171 ms rechnen
2026-09-08T08:43:59.266Z  STAR/2021       roh          72418 reg. Kerzen    0/250/250 von 252  Tagen gewertet (1m/5m/15m)     6521 Signale  95 ms lesen  13250 ms rechnen
2026-09-08T08:44:14.099Z  STAR/2022       roh          81918 reg. Kerzen    0/249/249 von 251  Tagen gewertet (1m/5m/15m)     6694 Signale  201 ms lesen  14430 ms rechnen
2026-09-08T08:44:16.288Z  STAR/2023       roh          21042 reg. Kerzen      0/31/31 von 61   Tagen gewertet (1m/5m/15m)      867 Signale  35 ms lesen  1909 ms rechnen
2026-09-08T08:44:16.423Z  STDY/2016       roh           3674 reg. Kerzen        0/0/0 von 250  Tagen gewertet (1m/5m/15m)        0 Signale  13 ms lesen  34 ms rechnen
2026-09-08T08:44:16.541Z  STDY/2017       roh          10822 reg. Kerzen        0/0/0 von 249  Tagen gewertet (1m/5m/15m)        0 Signale  24 ms lesen  81 ms rechnen
2026-09-08T08:44:16.629Z  STDY/2018       roh           5674 reg. Kerzen        0/0/0 von 167  Tagen gewertet (1m/5m/15m)        0 Signale  16 ms lesen  46 ms rechnen
2026-09-08T08:44:16.694Z  STIC/2020       roh           3050 reg. Kerzen        0/0/0 von 9    Tagen gewertet (1m/5m/15m)        0 Signale  30 ms lesen  18 ms rechnen
2026-09-08T08:44:22.383Z  STIC/2021       roh          32124 reg. Kerzen      0/91/91 von 103  Tagen gewertet (1m/5m/15m)     2430 Signale  113 ms lesen  5565 ms rechnen
2026-09-08T08:44:31.732Z  STM/2016        roh          83435 reg. Kerzen    0/187/187 von 252  Tagen gewertet (1m/5m/15m)     4942 Signale  149 ms lesen  9098 ms rechnen
2026-09-08T08:44:44.069Z  STM/2017        roh          95402 reg. Kerzen    0/251/251 von 251  Tagen gewertet (1m/5m/15m)     6464 Signale  167 ms lesen  11927 ms rechnen
2026-09-08T08:44:57.185Z  STM/2018        roh          95659 reg. Kerzen    0/251/251 von 251  Tagen gewertet (1m/5m/15m)     6633 Signale  140 ms lesen  12737 ms rechnen
2026-09-08T08:45:09.557Z  STM/2019        roh          94670 reg. Kerzen    0/252/252 von 252  Tagen gewertet (1m/5m/15m)     6505 Signale  165 ms lesen  11964 ms rechnen
2026-09-08T08:45:22.871Z  STM/2020        roh          96809 reg. Kerzen    0/253/253 von 253  Tagen gewertet (1m/5m/15m)     6772 Signale  135 ms lesen  12962 ms rechnen
2026-09-08T08:45:35.347Z  STM/2021        roh          95335 reg. Kerzen    0/250/250 von 252  Tagen gewertet (1m/5m/15m)     6444 Signale  140 ms lesen  12080 ms rechnen
2026-09-08T08:45:49.088Z  STM/2022        roh          96769 reg. Kerzen    0/249/249 von 251  Tagen gewertet (1m/5m/15m)     6715 Signale  153 ms lesen  13327 ms rechnen
2026-09-08T08:46:02.295Z  STM/2023        roh          96859 reg. Kerzen    0/250/250 von 250  Tagen gewertet (1m/5m/15m)     6405 Signale  163 ms lesen  12735 ms rechnen
2026-09-08T08:46:16.268Z  STM/2024        roh          97439 reg. Kerzen    0/252/252 von 252  Tagen gewertet (1m/5m/15m)     6445 Signale  222 ms lesen  13454 ms rechnen
2026-09-08T08:46:29.485Z  STM/2025        roh          96692 reg. Kerzen    0/250/250 von 250  Tagen gewertet (1m/5m/15m)     6468 Signale  172 ms lesen  12779 ms rechnen
2026-09-08T08:46:39.190Z  STM/2026        roh          64721 reg. Kerzen    0/166/166 von 166  Tagen gewertet (1m/5m/15m)     4491 Signale  140 ms lesen  9295 ms rechnen
2026-09-08T08:46:50.983Z  STO/2016        roh          94412 reg. Kerzen    0/232/232 von 252  Tagen gewertet (1m/5m/15m)     6059 Signale  137 ms lesen  11431 ms rechnen
2026-09-08T08:47:02.179Z  STO/2017        roh          91175 reg. Kerzen    0/251/251 von 251  Tagen gewertet (1m/5m/15m)     6078 Signale  121 ms lesen  10809 ms rechnen
2026-09-08T08:47:06.822Z  STO/2018        roh          35472 reg. Kerzen      0/94/94 von 94   Tagen gewertet (1m/5m/15m)     2329 Signale  57 ms lesen  4307 ms rechnen
2026-09-08T08:47:06.985Z  STRE/2021       roh           1241 reg. Kerzen        0/0/0 von 97   Tagen gewertet (1m/5m/15m)        0 Signale  20 ms lesen  9 ms rechnen
2026-09-08T08:47:07.022Z  STRE/2022       roh           1171 reg. Kerzen        0/0/0 von 193  Tagen gewertet (1m/5m/15m)        0 Signale  20 ms lesen  12 ms rechnen
2026-09-08T08:47:07.059Z  STRE/2023       roh            941 reg. Kerzen        0/0/0 von 47   Tagen gewertet (1m/5m/15m)        0 Signale  25 ms lesen  8 ms rechnen
2026-09-08T08:47:11.153Z  STS/2016        roh          46278 reg. Kerzen      0/66/66 von 252  Tagen gewertet (1m/5m/15m)     1776 Signale  77 ms lesen  4009 ms rechnen
2026-09-08T08:47:11.831Z  STS/2017        roh          30914 reg. Kerzen        0/7/7 von 185  Tagen gewertet (1m/5m/15m)      107 Signale  54 ms lesen  474 ms rechnen
2026-09-08T08:47:24.739Z  STX/2016        roh          97981 reg. Kerzen    0/232/232 von 252  Tagen gewertet (1m/5m/15m)     6113 Signale  160 ms lesen  12616 ms rechnen
2026-09-08T08:47:37.952Z  STX/2017        roh          97388 reg. Kerzen    0/251/251 von 251  Tagen gewertet (1m/5m/15m)     6360 Signale  145 ms lesen  12829 ms rechnen
2026-09-08T08:47:52.774Z  STX/2018        roh          96346 reg. Kerzen    0/249/249 von 251  Tagen gewertet (1m/5m/15m)     6502 Signale  150 ms lesen  14429 ms rechnen
2026-09-08T08:48:06.374Z  STX/2019        roh          97474 reg. Kerzen    0/252/252 von 252  Tagen gewertet (1m/5m/15m)     6324 Signale  244 ms lesen  13079 ms rechnen
2026-09-08T08:48:23.314Z  STX/2020        roh          98074 reg. Kerzen    0/253/253 von 253  Tagen gewertet (1m/5m/15m)     6535 Signale  2895 ms lesen  13730 ms rechnen
2026-09-08T08:48:37.847Z  STX/2021        roh          97121 reg. Kerzen    0/252/252 von 252  Tagen gewertet (1m/5m/15m)     6574 Signale  150 ms lesen  14069 ms rechnen
2026-09-08T08:48:52.551Z  STX/2022        roh          96606 reg. Kerzen    0/251/251 von 251  Tagen gewertet (1m/5m/15m)     6712 Signale  152 ms lesen  14286 ms rechnen
2026-09-08T08:49:06.820Z  STX/2023        roh          95815 reg. Kerzen    0/250/250 von 250  Tagen gewertet (1m/5m/15m)     6442 Signale  143 ms lesen  13835 ms rechnen
2026-09-08T08:49:20.375Z  STX/2024        roh          96110 reg. Kerzen    0/252/252 von 252  Tagen gewertet (1m/5m/15m)     6469 Signale  155 ms lesen  13142 ms rechnen
2026-09-08T08:49:34.277Z  STX/2025        roh          95994 reg. Kerzen    0/250/250 von 250  Tagen gewertet (1m/5m/15m)     6521 Signale  169 ms lesen  13466 ms rechnen
2026-09-08T08:49:44.522Z  STX/2026        roh          64593 reg. Kerzen    0/166/166 von 166  Tagen gewertet (1m/5m/15m)     4526 Signale  146 ms lesen  9839 ms rechnen
2026-09-08T08:49:48.040Z  SUMO/2020       roh          25941 reg. Kerzen      0/54/54 von 74   Tagen gewertet (1m/5m/15m)     1421 Signale  108 ms lesen  3255 ms rechnen
2026-09-08T08:50:04.014Z  SUMO/2021       roh          87313 reg. Kerzen    0/252/252 von 252  Tagen gewertet (1m/5m/15m)     7015 Signale  122 ms lesen  15785 ms rechnen
2026-09-08T08:50:17.620Z  SUMO/2022       roh          88199 reg. Kerzen    0/211/211 von 251  Tagen gewertet (1m/5m/15m)     5899 Signale  198 ms lesen  13171 ms rechnen
2026-09-08T08:50:21.818Z  SUMO/2023       roh          32102 reg. Kerzen      0/90/90 von 90   Tagen gewertet (1m/5m/15m)     1659 Signale  63 ms lesen  3914 ms rechnen
2026-09-08T08:50:22.068Z  SUPV/2016       roh          19008 reg. Kerzen        0/0/0 von 157  Tagen gewertet (1m/5m/15m)        0 Signale  49 ms lesen  103 ms rechnen
2026-09-08T08:50:26.574Z  SUPV/2017       roh          49695 reg. Kerzen      0/81/81 von 251  Tagen gewertet (1m/5m/15m)     2132 Signale  88 ms lesen  4369 ms rechnen
2026-09-08T08:50:40.538Z  SUPV/2018       roh          73139 reg. Kerzen    0/241/241 von 251  Tagen gewertet (1m/5m/15m)     6431 Signale  132 ms lesen  13676 ms rechnen
2026-09-08T08:50:51.414Z  SUPV/2019       roh          72326 reg. Kerzen    0/167/167 von 252  Tagen gewertet (1m/5m/15m)     4618 Signale  201 ms lesen  10479 ms rechnen
2026-09-08T08:50:52.096Z  SUPV/2020       roh          49769 reg. Kerzen        0/0/0 von 253  Tagen gewertet (1m/5m/15m)        0 Signale  87 ms lesen  377 ms rechnen
2026-09-08T08:50:52.603Z  SUPV/2021       roh          45209 reg. Kerzen        0/0/0 von 252  Tagen gewertet (1m/5m/15m)        0 Signale  73 ms lesen  297 ms rechnen
2026-09-08T08:50:53.035Z  SUPV/2022       roh          31148 reg. Kerzen        0/0/0 von 251  Tagen gewertet (1m/5m/15m)        0 Signale  76 ms lesen  239 ms rechnen
2026-09-08T08:50:53.552Z  SUPV/2023       roh          51885 reg. Kerzen        0/0/0 von 250  Tagen gewertet (1m/5m/15m)        0 Signale  85 ms lesen  345 ms rechnen
2026-09-08T08:51:05.388Z  SUPV/2024       roh          81130 reg. Kerzen    0/178/178 von 252  Tagen gewertet (1m/5m/15m)     4903 Signale  131 ms lesen  11537 ms rechnen
2026-09-08T08:51:21.104Z  SUPV/2025       roh          86181 reg. Kerzen    0/250/250 von 250  Tagen gewertet (1m/5m/15m)     6831 Signale  105 ms lesen  15368 ms rechnen
2026-09-08T08:51:29.705Z  SUPV/2026       roh          47664 reg. Kerzen    0/131/131 von 166  Tagen gewertet (1m/5m/15m)     3572 Signale  110 ms lesen  8293 ms rechnen
2026-09-08T08:51:31.940Z  SVFA/2021       roh          38282 reg. Kerzen      0/29/38 von 236  Tagen gewertet (1m/5m/15m)      821 Signale  59 ms lesen  2040 ms rechnen
2026-09-08T08:51:32.181Z  SVFA/2022       roh          11542 reg. Kerzen        0/0/0 von 251  Tagen gewertet (1m/5m/15m)        0 Signale  35 ms lesen  83 ms rechnen
2026-09-08T08:51:32.247Z  SVFA/2023       roh           1090 reg. Kerzen        0/0/0 von 17   Tagen gewertet (1m/5m/15m)        0 Signale  17 ms lesen  12 ms rechnen
2026-09-08T08:51:32.305Z  SVNA/2021       roh             15 reg. Kerzen        0/0/0 von 2    Tagen gewertet (1m/5m/15m)        0 Signale  50 ms lesen  1 ms rechnen
2026-09-08T08:51:32.377Z  SVNA/2022       roh            609 reg. Kerzen        0/0/0 von 140  Tagen gewertet (1m/5m/15m)        0 Signale  66 ms lesen  6 ms rechnen
2026-09-08T08:51:32.403Z  SVNA/2023       roh            479 reg. Kerzen        0/0/0 von 64   Tagen gewertet (1m/5m/15m)        0 Signale  16 ms lesen  8 ms rechnen
2026-09-08T08:51:44.734Z  SWBI/2016       roh          95326 reg. Kerzen    0/232/232 von 252  Tagen gewertet (1m/5m/15m)     6200 Signale  139 ms lesen  12180 ms rechnen
2026-09-08T08:51:58.063Z  SWBI/2017       roh          89273 reg. Kerzen    0/251/251 von 251  Tagen gewertet (1m/5m/15m)     6539 Signale  128 ms lesen  12926 ms rechnen
2026-09-08T08:52:13.227Z  SWBI/2018       roh          88295 reg. Kerzen    0/249/249 von 251  Tagen gewertet (1m/5m/15m)     6688 Signale  130 ms lesen  14835 ms rechnen
2026-09-08T08:52:22.742Z  SWBI/2019       roh          80134 reg. Kerzen    0/158/158 von 252  Tagen gewertet (1m/5m/15m)     4202 Signale  98 ms lesen  9176 ms rechnen
2026-09-08T08:52:37.814Z  SWBI/2020       roh          92664 reg. Kerzen    0/240/240 von 253  Tagen gewertet (1m/5m/15m)     6519 Signale  135 ms lesen  14718 ms rechnen
2026-09-08T08:52:53.182Z  SWBI/2021       roh          91994 reg. Kerzen    0/252/252 von 252  Tagen gewertet (1m/5m/15m)     6835 Signale  145 ms lesen  14950 ms rechnen
2026-09-08T08:53:08.093Z  SWBI/2022       roh          84718 reg. Kerzen    0/251/251 von 251  Tagen gewertet (1m/5m/15m)     6792 Signale  149 ms lesen  14523 ms rechnen
2026-09-08T08:53:13.752Z  SWBI/2023       roh          68678 reg. Kerzen      0/94/94 von 250  Tagen gewertet (1m/5m/15m)     2462 Signale  174 ms lesen  5243 ms rechnen
2026-09-08T08:53:16.069Z  SWBI/2024       roh          57964 reg. Kerzen      0/34/34 von 252  Tagen gewertet (1m/5m/15m)      856 Signale  89 ms lesen  2013 ms rechnen
2026-09-08T08:53:20.227Z  SWBI/2025       roh          67765 reg. Kerzen      0/70/70 von 250  Tagen gewertet (1m/5m/15m)     1851 Signale  113 ms lesen  3901 ms rechnen
2026-09-08T08:53:25.361Z  SWBI/2026       roh          41533 reg. Kerzen      0/88/88 von 166  Tagen gewertet (1m/5m/15m)     2356 Signale  59 ms lesen  4879 ms rechnen
2026-09-08T08:53:25.699Z  SWI/2016        bereinigt     8300 reg. Kerzen        0/3/3 von 23   Tagen gewertet (1m/5m/15m)       56 Signale  60 ms lesen  137 ms rechnen
2026-09-08T08:53:25.742Z  AUSGELASSEN SWI/2017: Datei fehlt
2026-09-08T08:53:28.481Z  SWI/2018        bereinigt    14489 reg. Kerzen      0/48/48 von 49   Tagen gewertet (1m/5m/15m)     1213 Signale  51 ms lesen  2688 ms rechnen
2026-09-08T08:53:40.790Z  SWI/2019        bereinigt    71147 reg. Kerzen    0/217/223 von 252  Tagen gewertet (1m/5m/15m)     5874 Signale  127 ms lesen  12130 ms rechnen
2026-09-08T08:53:54.880Z  SWI/2020        bereinigt    76906 reg. Kerzen    0/232/232 von 253  Tagen gewertet (1m/5m/15m)     6284 Signale  102 ms lesen  13787 ms rechnen
2026-09-08T08:54:08.037Z  SWI/2021        bereinigt    78935 reg. Kerzen    0/231/231 von 252  Tagen gewertet (1m/5m/15m)     6162 Signale  105 ms lesen  12853 ms rechnen
2026-09-08T08:54:12.025Z  SWI/2022        roh          67182 reg. Kerzen      0/57/57 von 251  Tagen gewertet (1m/5m/15m)     1563 Signale  174 ms lesen  3607 ms rechnen
2026-09-08T08:54:13.291Z  SWI/2023        roh          63169 reg. Kerzen      0/12/12 von 250  Tagen gewertet (1m/5m/15m)      323 Signale  98 ms lesen  978 ms rechnen
2026-09-08T08:54:15.969Z  SWI/2024        roh          64641 reg. Kerzen      0/43/43 von 252  Tagen gewertet (1m/5m/15m)     1110 Signale  112 ms lesen  2405 ms rechnen
2026-09-08T08:54:18.076Z  SWI/2025        roh          20491 reg. Kerzen      0/45/45 von 71   Tagen gewertet (1m/5m/15m)      758 Signale  38 ms lesen  1882 ms rechnen
2026-09-08T08:54:18.487Z  SWTX/2019       roh          12510 reg. Kerzen        0/2/2 von 76   Tagen gewertet (1m/5m/15m)       47 Signale  70 ms lesen  262 ms rechnen
2026-09-08T08:54:26.886Z  SWTX/2020       roh          43673 reg. Kerzen    0/124/160 von 253  Tagen gewertet (1m/5m/15m)     3726 Signale  81 ms lesen  8286 ms rechnen
2026-09-08T08:54:41.536Z  SWTX/2021       roh          53754 reg. Kerzen    0/241/252 von 252  Tagen gewertet (1m/5m/15m)     6605 Signale  110 ms lesen  14410 ms rechnen
2026-09-08T08:54:58.242Z  SWTX/2022       roh          73923 reg. Kerzen    0/251/251 von 251  Tagen gewertet (1m/5m/15m)     6868 Signale  122 ms lesen  16420 ms rechnen
2026-09-08T08:55:13.649Z  SWTX/2023       roh          73381 reg. Kerzen    0/250/250 von 250  Tagen gewertet (1m/5m/15m)     6862 Signale  112 ms lesen  15077 ms rechnen
2026-09-08T08:55:29.102Z  SWTX/2024       roh          79589 reg. Kerzen    0/252/252 von 252  Tagen gewertet (1m/5m/15m)     6806 Signale  139 ms lesen  15102 ms rechnen
2026-09-08T08:55:35.879Z  SWTX/2025       roh          44274 reg. Kerzen    0/122/122 von 122  Tagen gewertet (1m/5m/15m)     2901 Signale  76 ms lesen  6499 ms rechnen
2026-09-08T08:55:36.049Z  SYA/2016        roh           5928 reg. Kerzen        0/0/0 von 19   Tagen gewertet (1m/5m/15m)        0 Signale  19 ms lesen  24 ms rechnen
2026-09-08T08:55:36.607Z  SYN/2016        bereinigt    63936 reg. Kerzen        0/0/0 von 252  Tagen gewertet (1m/5m/15m)        0 Signale  148 ms lesen  380 ms rechnen
2026-09-08T08:55:37.367Z  SYN/2017        bereinigt    67571 reg. Kerzen        0/0/0 von 251  Tagen gewertet (1m/5m/15m)        0 Signale  118 ms lesen  462 ms rechnen
2026-09-08T08:55:37.936Z  SYN/2018        bereinigt    42059 reg. Kerzen        0/0/0 von 251  Tagen gewertet (1m/5m/15m)        0 Signale  73 ms lesen  284 ms rechnen
2026-09-08T08:55:38.230Z  SYN/2019        bereinigt    17462 reg. Kerzen        0/0/0 von 252  Tagen gewertet (1m/5m/15m)        0 Signale  44 ms lesen  139 ms rechnen
2026-09-08T08:55:38.538Z  SYN/2020        bereinigt    30917 reg. Kerzen        0/0/0 von 253  Tagen gewertet (1m/5m/15m)        0 Signale  51 ms lesen  205 ms rechnen
2026-09-08T08:55:42.757Z  SYN/2021        bereinigt    79112 reg. Kerzen      0/55/55 von 252  Tagen gewertet (1m/5m/15m)     1509 Signale  157 ms lesen  3943 ms rechnen
2026-09-08T08:55:43.339Z  SYN/2022        bereinigt    33895 reg. Kerzen        0/0/0 von 196  Tagen gewertet (1m/5m/15m)        0 Signale  64 ms lesen  266 ms rechnen
2026-09-08T08:55:43.519Z  SYRS/2016       bereinigt     7383 reg. Kerzen        0/0/0 von 128  Tagen gewertet (1m/5m/15m)        0 Signale  14 ms lesen  52 ms rechnen
2026-09-08T08:55:43.782Z  SYRS/2017       bereinigt    29056 reg. Kerzen        0/0/0 von 251  Tagen gewertet (1m/5m/15m)        0 Signale  67 ms lesen  179 ms rechnen
2026-09-08T08:55:44.199Z  SYRS/2018       bereinigt    40903 reg. Kerzen        0/0/0 von 251  Tagen gewertet (1m/5m/15m)        0 Signale  63 ms lesen  259 ms rechnen
2026-09-08T08:55:44.651Z  SYRS/2019       bereinigt    40703 reg. Kerzen        0/0/0 von 252  Tagen gewertet (1m/5m/15m)        0 Signale  78 ms lesen  266 ms rechnen
2026-09-08T08:55:45.467Z  SYRS/2020       bereinigt    61214 reg. Kerzen        0/5/5 von 253  Tagen gewertet (1m/5m/15m)      127 Signale  97 ms lesen  602 ms rechnen
2026-09-08T08:55:52.037Z  SYRS/2021       bereinigt    73285 reg. Kerzen      0/90/90 von 252  Tagen gewertet (1m/5m/15m)     2455 Signale  186 ms lesen  6227 ms rechnen
2026-09-08T08:55:52.725Z  SYRS/2022       bereinigt    57646 reg. Kerzen        0/0/0 von 251  Tagen gewertet (1m/5m/15m)        0 Signale  108 ms lesen  367 ms rechnen
2026-09-08T08:55:53.156Z  SYRS/2023       roh          26936 reg. Kerzen        0/0/0 von 250  Tagen gewertet (1m/5m/15m)        0 Signale  83 ms lesen  188 ms rechnen
2026-09-08T08:55:53.562Z  SYRS/2024       roh          42715 reg. Kerzen        0/0/0 von 252  Tagen gewertet (1m/5m/15m)        0 Signale  70 ms lesen  257 ms rechnen
2026-09-08T08:55:53.782Z  SYRS/2025       roh          11648 reg. Kerzen        0/0/0 von 52   Tagen gewertet (1m/5m/15m)        0 Signale  44 ms lesen  63 ms rechnen
2026-09-08T08:55:53.812Z  AUSGELASSEN SYRS/2026: Datei fehlt
2026-09-08T08:55:53.890Z  T.WD/2022       roh            572 reg. Kerzen        0/0/0 von 5    Tagen gewertet (1m/5m/15m)        0 Signale  39 ms lesen  2 ms rechnen
2026-09-08T08:55:56.136Z  TALK/2021       roh          40996 reg. Kerzen      0/29/29 von 134  Tagen gewertet (1m/5m/15m)      850 Signale  192 ms lesen  2024 ms rechnen
2026-09-08T08:55:56.705Z  TALK/2022       roh          57268 reg. Kerzen        0/0/0 von 251  Tagen gewertet (1m/5m/15m)        0 Signale  114 ms lesen  356 ms rechnen
2026-09-08T08:55:57.253Z  TALK/2023       roh          48987 reg. Kerzen        0/0/0 von 250  Tagen gewertet (1m/5m/15m)        0 Signale  65 ms lesen  319 ms rechnen
2026-09-08T08:55:59.757Z  TALK/2024       roh          82677 reg. Kerzen      0/29/29 von 252  Tagen gewertet (1m/5m/15m)      798 Signale  129 ms lesen  2218 ms rechnen
2026-09-08T08:56:02.601Z  TALK/2025       roh          84523 reg. Kerzen      0/33/33 von 250  Tagen gewertet (1m/5m/15m)      950 Signale  231 ms lesen  2378 ms rechnen
2026-09-08T08:56:08.187Z  TALK/2026       roh          52486 reg. Kerzen    0/126/126 von 155  Tagen gewertet (1m/5m/15m)     1938 Signale  78 ms lesen  5255 ms rechnen
2026-09-08T08:56:08.380Z  TAS/2016        roh            472 reg. Kerzen        0/0/0 von 23   Tagen gewertet (1m/5m/15m)        0 Signale  17 ms lesen  3 ms rechnen
2026-09-08T08:56:08.628Z  TBH/2025        bereinigt    26347 reg. Kerzen        0/0/0 von 208  Tagen gewertet (1m/5m/15m)        0 Signale  60 ms lesen  174 ms rechnen
2026-09-08T08:56:10.459Z  CHECKPOINT 4800 Dateien, 861 min, Detektorfehler {}
2026-09-08T08:56:10.580Z  TBH/2026        bereinigt    10837 reg. Kerzen        0/0/0 von 123  Tagen gewertet (1m/5m/15m)        0 Signale  21 ms lesen  100 ms rechnen
2026-09-08T08:56:10.660Z  TBSA/2021       roh            749 reg. Kerzen        0/0/0 von 85   Tagen gewertet (1m/5m/15m)        0 Signale  32 ms lesen  7 ms rechnen
2026-09-08T08:56:10.702Z  TBSA/2022       roh           1369 reg. Kerzen        0/0/0 von 162  Tagen gewertet (1m/5m/15m)        0 Signale  29 ms lesen  10 ms rechnen
2026-09-08T08:56:10.726Z  TBSA/2023       roh            156 reg. Kerzen        0/0/0 von 38   Tagen gewertet (1m/5m/15m)        0 Signale  17 ms lesen  3 ms rechnen
2026-09-08T08:56:18.059Z  TCF/2017        roh          58795 reg. Kerzen    0/145/145 von 165  Tagen gewertet (1m/5m/15m)     3584 Signale  164 ms lesen  7161 ms rechnen
2026-09-08T08:56:31.242Z  TCF/2018        roh          92802 reg. Kerzen    0/250/250 von 251  Tagen gewertet (1m/5m/15m)     6325 Signale  208 ms lesen  12817 ms rechnen
2026-09-08T08:56:44.586Z  TCF/2019        roh          90897 reg. Kerzen    0/252/252 von 252  Tagen gewertet (1m/5m/15m)     6415 Signale  149 ms lesen  12939 ms rechnen
2026-09-08T08:56:59.687Z  TCF/2020        roh          87909 reg. Kerzen    0/253/253 von 253  Tagen gewertet (1m/5m/15m)     6889 Signale  133 ms lesen  14679 ms rechnen
2026-09-08T08:57:05.665Z  TCF/2021        roh          37837 reg. Kerzen    0/108/108 von 108  Tagen gewertet (1m/5m/15m)     2878 Signale  57 ms lesen  5702 ms rechnen
2026-09-08T08:57:05.943Z  TCON/2016       bereinigt    12957 reg. Kerzen        0/0/0 von 252  Tagen gewertet (1m/5m/15m)        0 Signale  69 ms lesen  86 ms rechnen
2026-09-08T08:57:06.202Z  TCON/2017       bereinigt    17842 reg. Kerzen        0/0/0 von 251  Tagen gewertet (1m/5m/15m)        0 Signale  78 ms lesen  148 ms rechnen
2026-09-08T08:57:06.492Z  TCON/2018       bereinigt    24787 reg. Kerzen        0/0/0 von 250  Tagen gewertet (1m/5m/15m)        0 Signale  73 ms lesen  152 ms rechnen
2026-09-08T08:57:06.820Z  TCON/2019       bereinigt    25465 reg. Kerzen        0/0/0 von 252  Tagen gewertet (1m/5m/15m)        0 Signale  60 ms lesen  192 ms rechnen
2026-09-08T08:57:08.919Z  TCON/2020       bereinigt    50809 reg. Kerzen      0/25/25 von 253  Tagen gewertet (1m/5m/15m)      669 Signale  104 ms lesen  1935 ms rechnen
2026-09-08T08:57:10.554Z  TCON/2021       bereinigt    41760 reg. Kerzen      0/16/16 von 252  Tagen gewertet (1m/5m/15m)      442 Signale  71 ms lesen  1406 ms rechnen
2026-09-08T08:57:10.821Z  TCON/2022       bereinigt    15828 reg. Kerzen        0/0/0 von 251  Tagen gewertet (1m/5m/15m)        0 Signale  30 ms lesen  133 ms rechnen
2026-09-08T08:57:11.136Z  TCON/2023       bereinigt    25725 reg. Kerzen        0/0/0 von 250  Tagen gewertet (1m/5m/15m)        0 Signale  58 ms lesen  202 ms rechnen
2026-09-08T08:57:11.371Z  TCON/2024       bereinigt    19931 reg. Kerzen        0/0/0 von 123  Tagen gewertet (1m/5m/15m)        0 Signale  44 ms lesen  127 ms rechnen
2026-09-08T08:57:11.517Z  TCVA/2021       roh           6323 reg. Kerzen        0/0/0 von 167  Tagen gewertet (1m/5m/15m)        0 Signale  36 ms lesen  45 ms rechnen
2026-09-08T08:57:11.614Z  TCVA/2022       roh           3873 reg. Kerzen        0/0/0 von 210  Tagen gewertet (1m/5m/15m)        0 Signale  43 ms lesen  34 ms rechnen
2026-09-08T08:57:11.651Z  TCVA/2023       roh            375 reg. Kerzen        0/0/0 von 54   Tagen gewertet (1m/5m/15m)        0 Signale  17 ms lesen  5 ms rechnen
2026-09-08T08:57:21.457Z  TDY/2016        roh          45279 reg. Kerzen    0/187/232 von 252  Tagen gewertet (1m/5m/15m)     5033 Signale  93 ms lesen  9684 ms rechnen
2026-09-08T08:57:31.175Z  TDY/2017        roh          41606 reg. Kerzen    0/206/251 von 251  Tagen gewertet (1m/5m/15m)     5235 Signale  134 ms lesen  9458 ms rechnen
2026-09-08T08:57:41.645Z  TDY/2018        roh          39594 reg. Kerzen    0/206/251 von 251  Tagen gewertet (1m/5m/15m)     5575 Signale  78 ms lesen  10262 ms rechnen
2026-09-08T08:57:53.006Z  TDY/2019        roh          49175 reg. Kerzen    0/232/252 von 252  Tagen gewertet (1m/5m/15m)     5851 Signale  82 ms lesen  11179 ms rechnen
2026-09-08T08:58:05.575Z  TDY/2020        roh          53018 reg. Kerzen    0/245/252 von 253  Tagen gewertet (1m/5m/15m)     6447 Signale  85 ms lesen  12328 ms rechnen
2026-09-08T08:58:20.510Z  TDY/2021        roh          54907 reg. Kerzen    0/244/250 von 252  Tagen gewertet (1m/5m/15m)     6164 Signale  3151 ms lesen  11632 ms rechnen
2026-09-08T08:58:32.715Z  TDY/2022        roh          48477 reg. Kerzen    0/238/249 von 251  Tagen gewertet (1m/5m/15m)     6294 Signale  83 ms lesen  11964 ms rechnen
2026-09-08T08:58:42.969Z  TDY/2023        roh          42724 reg. Kerzen    0/204/250 von 250  Tagen gewertet (1m/5m/15m)     5292 Signale  89 ms lesen  10026 ms rechnen
2026-09-08T08:58:52.435Z  TDY/2024        roh          38831 reg. Kerzen    0/184/252 von 252  Tagen gewertet (1m/5m/15m)     5014 Signale  72 ms lesen  9255 ms rechnen
2026-09-08T08:59:02.723Z  TDY/2025        roh          45103 reg. Kerzen    0/201/249 von 250  Tagen gewertet (1m/5m/15m)     5339 Signale  145 ms lesen  10029 ms rechnen
2026-09-08T08:59:11.297Z  TDY/2026        roh          47759 reg. Kerzen    0/166/166 von 166  Tagen gewertet (1m/5m/15m)     4273 Signale  80 ms lesen  8394 ms rechnen
2026-09-08T08:59:14.156Z  TEGP/2016       roh          52859 reg. Kerzen      0/41/41 von 252  Tagen gewertet (1m/5m/15m)     1083 Signale  92 ms lesen  2596 ms rechnen
2026-09-08T08:59:18.266Z  TEGP/2017       roh          50791 reg. Kerzen      0/62/67 von 251  Tagen gewertet (1m/5m/15m)     1668 Signale  95 ms lesen  3879 ms rechnen
2026-09-08T08:59:25.444Z  TEGP/2018       roh          34286 reg. Kerzen    0/125/125 von 125  Tagen gewertet (1m/5m/15m)     3399 Signale  55 ms lesen  6973 ms rechnen
2026-09-08T08:59:38.767Z  TEP/2016        roh          58772 reg. Kerzen    0/225/232 von 252  Tagen gewertet (1m/5m/15m)     5982 Signale  119 ms lesen  13091 ms rechnen
2026-09-08T08:59:51.402Z  TEP/2017        roh          53631 reg. Kerzen    0/239/251 von 251  Tagen gewertet (1m/5m/15m)     6203 Signale  108 ms lesen  12360 ms rechnen
2026-09-08T08:59:58.558Z  TEP/2018        roh          32242 reg. Kerzen    0/125/125 von 125  Tagen gewertet (1m/5m/15m)     3274 Signale  57 ms lesen  6932 ms rechnen
2026-09-08T08:59:58.820Z  TEUM/2016       bereinigt    14751 reg. Kerzen        0/0/0 von 252  Tagen gewertet (1m/5m/15m)        0 Signale  32 ms lesen  137 ms rechnen
2026-09-08T08:59:59.357Z  TEUM/2017       bereinigt    33333 reg. Kerzen        0/3/4 von 251  Tagen gewertet (1m/5m/15m)       89 Signale  66 ms lesen  424 ms rechnen
2026-09-08T09:00:02.221Z  TEUM/2018       roh          77392 reg. Kerzen      0/30/30 von 251  Tagen gewertet (1m/5m/15m)      838 Signale  165 ms lesen  2613 ms rechnen
2026-09-08T09:00:13.894Z  TEUM/2019       roh          91228 reg. Kerzen    0/173/173 von 252  Tagen gewertet (1m/5m/15m)     4701 Signale  331 ms lesen  11101 ms rechnen
2026-09-08T09:00:14.591Z  TEUM/2020       roh          64316 reg. Kerzen        0/0/0 von 219  Tagen gewertet (1m/5m/15m)        0 Signale  107 ms lesen  334 ms rechnen
2026-09-08T09:00:19.088Z  TFII/2020       roh          45087 reg. Kerzen      0/79/79 von 224  Tagen gewertet (1m/5m/15m)     2028 Signale  73 ms lesen  4216 ms rechnen
2026-09-08T09:00:30.969Z  TFII/2021       roh          57489 reg. Kerzen    0/223/233 von 252  Tagen gewertet (1m/5m/15m)     5955 Signale  98 ms lesen  11675 ms rechnen
2026-09-08T09:00:44.517Z  TFII/2022       roh          66931 reg. Kerzen    0/246/249 von 251  Tagen gewertet (1m/5m/15m)     6686 Signale  118 ms lesen  13269 ms rechnen
2026-09-08T09:00:57.115Z  TFII/2023       roh          61061 reg. Kerzen    0/249/250 von 250  Tagen gewertet (1m/5m/15m)     6507 Signale  283 ms lesen  12122 ms rechnen
2026-09-08T09:01:09.114Z  TFII/2024       roh          51447 reg. Kerzen    0/244/252 von 252  Tagen gewertet (1m/5m/15m)     6221 Signale  77 ms lesen  11746 ms rechnen
2026-09-08T09:01:21.437Z  TFII/2025       roh          57232 reg. Kerzen    0/240/250 von 250  Tagen gewertet (1m/5m/15m)     6406 Signale  114 ms lesen  12071 ms rechnen
2026-09-08T09:01:30.379Z  TFII/2026       roh          37765 reg. Kerzen    0/162/166 von 166  Tagen gewertet (1m/5m/15m)     4311 Signale  77 ms lesen  8689 ms rechnen
2026-09-08T09:01:30.846Z  TGD/2016        bereinigt    43301 reg. Kerzen        0/0/0 von 252  Tagen gewertet (1m/5m/15m)        0 Signale  78 ms lesen  278 ms rechnen
2026-09-08T09:01:31.117Z  TGD/2017        bereinigt    15591 reg. Kerzen        0/0/0 von 92   Tagen gewertet (1m/5m/15m)        0 Signale  25 ms lesen  109 ms rechnen
2026-09-08T09:01:31.996Z  TGTX/2016       roh          67135 reg. Kerzen        0/4/4 von 252  Tagen gewertet (1m/5m/15m)      110 Signale  118 ms lesen  721 ms rechnen
2026-09-08T09:01:45.482Z  TGTX/2017       roh          81636 reg. Kerzen    0/201/201 von 251  Tagen gewertet (1m/5m/15m)     5505 Signale  138 ms lesen  13150 ms rechnen
2026-09-08T09:02:00.738Z  TGTX/2018       roh          85356 reg. Kerzen    0/232/232 von 251  Tagen gewertet (1m/5m/15m)     6389 Signale  139 ms lesen  14878 ms rechnen
2026-09-08T09:02:14.392Z  TGTX/2019       roh          89165 reg. Kerzen    0/216/216 von 252  Tagen gewertet (1m/5m/15m)     5870 Signale  136 ms lesen  13238 ms rechnen
2026-09-08T09:02:30.294Z  TGTX/2020       roh          94917 reg. Kerzen    0/253/253 von 253  Tagen gewertet (1m/5m/15m)     6929 Signale  217 ms lesen  15417 ms rechnen
2026-09-08T09:02:46.007Z  TGTX/2021       roh          90218 reg. Kerzen    0/252/252 von 252  Tagen gewertet (1m/5m/15m)     6867 Signale  136 ms lesen  15327 ms rechnen
2026-09-08T09:03:02.692Z  TGTX/2022       roh          95858 reg. Kerzen    0/250/251 von 251  Tagen gewertet (1m/5m/15m)     6891 Signale  158 ms lesen  16288 ms rechnen
2026-09-08T09:03:21.341Z  TGTX/2023       roh          96683 reg. Kerzen    0/250/250 von 250  Tagen gewertet (1m/5m/15m)     6887 Signale  3192 ms lesen  15163 ms rechnen
2026-09-08T09:03:36.774Z  TGTX/2024       roh          95967 reg. Kerzen    0/252/252 von 252  Tagen gewertet (1m/5m/15m)     6702 Signale  149 ms lesen  15000 ms rechnen
2026-09-08T09:03:52.046Z  TGTX/2025       roh          92596 reg. Kerzen    0/250/250 von 250  Tagen gewertet (1m/5m/15m)     6724 Signale  155 ms lesen  14869 ms rechnen
2026-09-08T09:04:02.094Z  TGTX/2026       roh          60581 reg. Kerzen    0/166/166 von 166  Tagen gewertet (1m/5m/15m)     4476 Signale  95 ms lesen  9697 ms rechnen
2026-09-08T09:04:02.295Z  THCP/2021       roh           1088 reg. Kerzen        0/0/0 von 57   Tagen gewertet (1m/5m/15m)        0 Signale  18 ms lesen  8 ms rechnen
2026-09-08T09:04:02.342Z  THCP/2022       roh           1948 reg. Kerzen        0/0/0 von 186  Tagen gewertet (1m/5m/15m)        0 Signale  24 ms lesen  18 ms rechnen
2026-09-08T09:04:02.392Z  THCP/2023       roh           2050 reg. Kerzen        0/0/0 von 154  Tagen gewertet (1m/5m/15m)        0 Signale  27 ms lesen  15 ms rechnen
2026-09-08T09:04:02.424Z  THCP/2024       roh           2398 reg. Kerzen        0/0/0 von 148  Tagen gewertet (1m/5m/15m)        0 Signale  11 ms lesen  13 ms rechnen
2026-09-08T09:04:15.036Z  THRM/2016       roh          65256 reg. Kerzen    0/232/232 von 252  Tagen gewertet (1m/5m/15m)     6154 Signale  102 ms lesen  12491 ms rechnen
2026-09-08T09:04:23.917Z  THRM/2017       roh          49216 reg. Kerzen    0/166/169 von 251  Tagen gewertet (1m/5m/15m)     4348 Signale  85 ms lesen  8592 ms rechnen
2026-09-08T09:04:36.360Z  THRM/2018       roh          53361 reg. Kerzen    0/226/231 von 251  Tagen gewertet (1m/5m/15m)     5928 Signale  104 ms lesen  12213 ms rechnen
2026-09-08T09:04:44.681Z  THRM/2019       roh          47298 reg. Kerzen    0/164/170 von 252  Tagen gewertet (1m/5m/15m)     4308 Signale  77 ms lesen  8061 ms rechnen
2026-09-08T09:04:51.166Z  THRM/2020       roh          43919 reg. Kerzen    0/103/115 von 253  Tagen gewertet (1m/5m/15m)     2848 Signale  76 ms lesen  6250 ms rechnen
2026-09-08T09:05:02.482Z  THRM/2021       roh          40859 reg. Kerzen    0/201/250 von 252  Tagen gewertet (1m/5m/15m)     5737 Signale  85 ms lesen  11128 ms rechnen
2026-09-08T09:05:13.863Z  THRM/2022       roh          43172 reg. Kerzen    0/191/240 von 251  Tagen gewertet (1m/5m/15m)     5544 Signale  84 ms lesen  11192 ms rechnen
2026-09-08T09:05:20.080Z  THRM/2023       roh          35506 reg. Kerzen     0/95/165 von 250  Tagen gewertet (1m/5m/15m)     3118 Signale  77 ms lesen  6014 ms rechnen
2026-09-08T09:05:28.216Z  THRM/2024       roh          37210 reg. Kerzen    0/134/201 von 252  Tagen gewertet (1m/5m/15m)     4062 Signale  65 ms lesen  7973 ms rechnen
2026-09-08T09:05:34.208Z  THRM/2025       roh          41250 reg. Kerzen     0/97/114 von 250  Tagen gewertet (1m/5m/15m)     2753 Signale  71 ms lesen  5837 ms rechnen
2026-09-08T09:05:39.536Z  THRM/2026       roh          28674 reg. Kerzen     0/91/105 von 166  Tagen gewertet (1m/5m/15m)     2506 Signale  45 ms lesen  5159 ms rechnen
2026-09-08T09:05:39.630Z  TIBR/2018       roh            280 reg. Kerzen        0/0/0 von 87   Tagen gewertet (1m/5m/15m)        0 Signale  15 ms lesen  4 ms rechnen
2026-09-08T09:05:39.661Z  TIBR/2019       roh           1041 reg. Kerzen        0/0/0 von 167  Tagen gewertet (1m/5m/15m)        0 Signale  19 ms lesen  10 ms rechnen
2026-09-08T09:05:39.687Z  TIBR/2020       roh           1081 reg. Kerzen        0/0/0 von 51   Tagen gewertet (1m/5m/15m)        0 Signale  11 ms lesen  10 ms rechnen
2026-09-08T09:05:39.789Z  TINV/2021       roh           9847 reg. Kerzen        0/0/0 von 244  Tagen gewertet (1m/5m/15m)        0 Signale  26 ms lesen  60 ms rechnen
2026-09-08T09:05:39.884Z  TINV/2022       roh           3733 reg. Kerzen        0/0/0 von 214  Tagen gewertet (1m/5m/15m)        0 Signale  31 ms lesen  34 ms rechnen
2026-09-08T09:05:42.663Z  TIXT/2021       roh          39706 reg. Kerzen      0/48/56 von 231  Tagen gewertet (1m/5m/15m)     1300 Signale  76 ms lesen  2669 ms rechnen
2026-09-08T09:05:43.081Z  TIXT/2022       roh          39058 reg. Kerzen        0/0/0 von 251  Tagen gewertet (1m/5m/15m)        0 Signale  69 ms lesen  244 ms rechnen
2026-09-08T09:05:43.570Z  TIXT/2023       roh          47322 reg. Kerzen        0/0/0 von 250  Tagen gewertet (1m/5m/15m)        0 Signale  82 ms lesen  299 ms rechnen
2026-09-08T09:05:44.183Z  TIXT/2024       roh          50214 reg. Kerzen        0/0/0 von 252  Tagen gewertet (1m/5m/15m)        0 Signale  190 ms lesen  311 ms rechnen
2026-09-08T09:05:44.858Z  TIXT/2025       roh          47509 reg. Kerzen        0/5/5 von 208  Tagen gewertet (1m/5m/15m)       83 Signale  63 ms lesen  491 ms rechnen
2026-09-08T09:05:45.021Z  TLC/2018        roh            315 reg. Kerzen        0/0/0 von 25   Tagen gewertet (1m/5m/15m)        0 Signale  29 ms lesen  4 ms rechnen
2026-09-08T09:05:45.070Z  TLC/2019        roh           2141 reg. Kerzen        0/0/0 von 228  Tagen gewertet (1m/5m/15m)        0 Signale  31 ms lesen  17 ms rechnen
2026-09-08T09:05:45.158Z  TLC/2020        roh           7125 reg. Kerzen        0/0/0 von 242  Tagen gewertet (1m/5m/15m)        0 Signale  28 ms lesen  55 ms rechnen
2026-09-08T09:05:45.251Z  TLC/2021        roh           6986 reg. Kerzen        0/0/0 von 186  Tagen gewertet (1m/5m/15m)        0 Signale  16 ms lesen  49 ms rechnen
2026-09-08T09:05:51.596Z  TLN/2024        roh          39694 reg. Kerzen    0/102/102 von 122  Tagen gewertet (1m/5m/15m)     2745 Signale  68 ms lesen  6244 ms rechnen
2026-09-08T09:06:06.571Z  TLN/2025        roh          83071 reg. Kerzen    0/250/250 von 250  Tagen gewertet (1m/5m/15m)     6784 Signale  151 ms lesen  14726 ms rechnen
2026-09-08T09:06:16.452Z  TLN/2026        roh          60049 reg. Kerzen    0/166/166 von 166  Tagen gewertet (1m/5m/15m)     4529 Signale  161 ms lesen  9507 ms rechnen
2026-09-08T09:06:25.967Z  TM/2016         roh          71938 reg. Kerzen    0/232/232 von 252  Tagen gewertet (1m/5m/15m)     5330 Signale  114 ms lesen  9224 ms rechnen
2026-09-08T09:06:35.323Z  TM/2017         roh          58711 reg. Kerzen    0/248/251 von 251  Tagen gewertet (1m/5m/15m)     5099 Signale  117 ms lesen  9014 ms rechnen
2026-09-08T09:06:45.533Z  TM/2018         roh          54621 reg. Kerzen    0/248/251 von 251  Tagen gewertet (1m/5m/15m)     5655 Signale  104 ms lesen  9918 ms rechnen
2026-09-08T09:06:54.669Z  TM/2019         roh          46108 reg. Kerzen    0/240/252 von 252  Tagen gewertet (1m/5m/15m)     5155 Signale  68 ms lesen  8909 ms rechnen
2026-09-08T09:07:05.486Z  TM/2020         roh          59500 reg. Kerzen    0/253/253 von 253  Tagen gewertet (1m/5m/15m)     5990 Signale  91 ms lesen  10605 ms rechnen
2026-09-08T09:07:15.791Z  TM/2021         roh          62061 reg. Kerzen    0/250/250 von 252  Tagen gewertet (1m/5m/15m)     5739 Signale  99 ms lesen  10032 ms rechnen
2026-09-08T09:07:27.404Z  TM/2022         roh          60705 reg. Kerzen    0/249/249 von 251  Tagen gewertet (1m/5m/15m)     6153 Signale  106 ms lesen  11323 ms rechnen
2026-09-08T09:07:37.171Z  TM/2023         roh          59116 reg. Kerzen    0/250/250 von 250  Tagen gewertet (1m/5m/15m)     5683 Signale  95 ms lesen  9533 ms rechnen
2026-09-08T09:07:47.963Z  TM/2024         roh          62938 reg. Kerzen    0/252/252 von 252  Tagen gewertet (1m/5m/15m)     5931 Signale  117 ms lesen  10537 ms rechnen
2026-09-08T09:07:58.181Z  TM/2025         roh          62957 reg. Kerzen    0/250/250 von 250  Tagen gewertet (1m/5m/15m)     5897 Signale  106 ms lesen  9941 ms rechnen
2026-09-08T09:08:07.068Z  TM/2026         roh          42437 reg. Kerzen    0/166/166 von 166  Tagen gewertet (1m/5m/15m)     3942 Signale  1627 ms lesen  7096 ms rechnen
2026-09-08T09:08:20.350Z  TMK/2016        roh          86416 reg. Kerzen    0/232/232 von 252  Tagen gewertet (1m/5m/15m)     5375 Signale  2917 ms lesen  10148 ms rechnen
2026-09-08T09:08:31.433Z  TMK/2017        roh          74468 reg. Kerzen    0/251/251 von 251  Tagen gewertet (1m/5m/15m)     5485 Signale  311 ms lesen  10539 ms rechnen
2026-09-08T09:08:43.457Z  TMK/2018        roh          80251 reg. Kerzen    0/251/251 von 251  Tagen gewertet (1m/5m/15m)     5946 Signale  138 ms lesen  11633 ms rechnen
2026-09-08T09:08:50.695Z  TMK/2019        roh          49036 reg. Kerzen    0/152/152 von 152  Tagen gewertet (1m/5m/15m)     3415 Signale  88 ms lesen  6946 ms rechnen
2026-09-08T09:09:02.450Z  TMUS/2016       roh          97425 reg. Kerzen    0/232/232 von 252  Tagen gewertet (1m/5m/15m)     5850 Signale  155 ms lesen  11458 ms rechnen
2026-09-08T09:09:14.880Z  TMUS/2017       roh          96878 reg. Kerzen    0/251/251 von 251  Tagen gewertet (1m/5m/15m)     6033 Signale  148 ms lesen  12017 ms rechnen
2026-09-08T09:09:28.084Z  TMUS/2018       roh          96036 reg. Kerzen    0/249/249 von 251  Tagen gewertet (1m/5m/15m)     6098 Signale  145 ms lesen  12765 ms rechnen
2026-09-08T09:09:44.298Z  TMUS/2019       roh          97157 reg. Kerzen    0/252/252 von 252  Tagen gewertet (1m/5m/15m)     5972 Signale  158 ms lesen  15775 ms rechnen
2026-09-08T09:10:03.093Z  TMUS/2020       roh          98145 reg. Kerzen    0/253/253 von 253  Tagen gewertet (1m/5m/15m)     6296 Signale  194 ms lesen  18119 ms rechnen
2026-09-08T09:10:16.319Z  TMUS/2021       roh          97964 reg. Kerzen    0/252/252 von 252  Tagen gewertet (1m/5m/15m)     6131 Signale  192 ms lesen  12742 ms rechnen
2026-09-08T09:10:30.062Z  TMUS/2022       roh          97625 reg. Kerzen    0/251/251 von 251  Tagen gewertet (1m/5m/15m)     6492 Signale  198 ms lesen  13222 ms rechnen
2026-09-08T09:10:41.879Z  TMUS/2023       roh          97054 reg. Kerzen    0/250/250 von 250  Tagen gewertet (1m/5m/15m)     5863 Signale  149 ms lesen  11375 ms rechnen
2026-09-08T09:10:53.204Z  TMUS/2024       roh          97405 reg. Kerzen    0/252/252 von 252  Tagen gewertet (1m/5m/15m)     5628 Signale  132 ms lesen  10923 ms rechnen
2026-09-08T09:11:05.470Z  TMUS/2025       roh          96360 reg. Kerzen    0/250/250 von 250  Tagen gewertet (1m/5m/15m)     6044 Signale  157 ms lesen  11805 ms rechnen
2026-09-08T09:11:13.728Z  TMUS/2026       roh          64581 reg. Kerzen    0/166/166 von 166  Tagen gewertet (1m/5m/15m)     4287 Signale  106 ms lesen  7871 ms rechnen
2026-09-08T09:11:13.992Z  TNGX/2020       roh           1215 reg. Kerzen        0/0/0 von 81   Tagen gewertet (1m/5m/15m)        0 Signale  21 ms lesen  10 ms rechnen
2026-09-08T09:11:14.138Z  TNGX/2021       roh          16716 reg. Kerzen        0/0/0 von 250  Tagen gewertet (1m/5m/15m)        0 Signale  29 ms lesen  112 ms rechnen
2026-09-08T09:11:14.581Z  TNGX/2022       roh          45349 reg. Kerzen        0/0/0 von 251  Tagen gewertet (1m/5m/15m)        0 Signale  79 ms lesen  304 ms rechnen
2026-09-08T09:11:18.184Z  TNGX/2023       roh          50022 reg. Kerzen      0/42/42 von 250  Tagen gewertet (1m/5m/15m)     1138 Signale  212 ms lesen  3262 ms rechnen
2026-09-08T09:11:23.218Z  TNGX/2024       roh          70175 reg. Kerzen      0/72/72 von 252  Tagen gewertet (1m/5m/15m)     1969 Signale  123 ms lesen  4735 ms rechnen
2026-09-08T09:11:32.813Z  TNGX/2025       roh          84697 reg. Kerzen    0/144/144 von 250  Tagen gewertet (1m/5m/15m)     3870 Signale  115 ms lesen  9278 ms rechnen
2026-09-08T09:11:43.107Z  TNGX/2026       roh          61897 reg. Kerzen    0/166/166 von 166  Tagen gewertet (1m/5m/15m)     4526 Signale  106 ms lesen  9929 ms rechnen
2026-09-08T09:11:43.871Z  TOCA/2017       bereinigt    25811 reg. Kerzen        0/0/0 von 181  Tagen gewertet (1m/5m/15m)        0 Signale  404 ms lesen  135 ms rechnen
2026-09-08T09:11:44.297Z  TOCA/2018       bereinigt    37231 reg. Kerzen        0/0/0 von 251  Tagen gewertet (1m/5m/15m)        0 Signale  68 ms lesen  278 ms rechnen
2026-09-08T09:11:44.812Z  TOCA/2019       bereinigt    49541 reg. Kerzen        0/0/0 von 252  Tagen gewertet (1m/5m/15m)        0 Signale  88 ms lesen  313 ms rechnen
2026-09-08T09:11:45.150Z  TOCA/2020       bereinigt    23874 reg. Kerzen        0/0/0 von 114  Tagen gewertet (1m/5m/15m)        0 Signale  46 ms lesen  151 ms rechnen
2026-09-08T09:11:48.241Z  TOST/2021       roh          25946 reg. Kerzen      0/50/50 von 71   Tagen gewertet (1m/5m/15m)     1365 Signale  51 ms lesen  2959 ms rechnen
2026-09-08T09:12:04.325Z  TOST/2022       roh          96801 reg. Kerzen    0/249/249 von 251  Tagen gewertet (1m/5m/15m)     6840 Signale  157 ms lesen  15873 ms rechnen
2026-09-08T09:12:19.092Z  TOST/2023       roh          97072 reg. Kerzen    0/250/250 von 250  Tagen gewertet (1m/5m/15m)     6676 Signale  154 ms lesen  14323 ms rechnen
2026-09-08T09:12:33.623Z  TOST/2024       roh          97651 reg. Kerzen    0/252/252 von 252  Tagen gewertet (1m/5m/15m)     6606 Signale  160 ms lesen  14110 ms rechnen
2026-09-08T09:12:47.931Z  TOST/2025       roh          96924 reg. Kerzen    0/250/250 von 250  Tagen gewertet (1m/5m/15m)     6625 Signale  157 ms lesen  13887 ms rechnen
2026-09-08T09:12:57.762Z  TOST/2026       roh          64739 reg. Kerzen    0/166/166 von 166  Tagen gewertet (1m/5m/15m)     4402 Signale  113 ms lesen  9444 ms rechnen
2026-09-08T09:12:58.123Z  TPGE/2017       roh            576 reg. Kerzen        0/0/0 von 64   Tagen gewertet (1m/5m/15m)        0 Signale  119 ms lesen  7 ms rechnen
2026-09-08T09:12:59.834Z  TPGE/2018       roh          12251 reg. Kerzen      0/31/62 von 118  Tagen gewertet (1m/5m/15m)      960 Signale  199 ms lesen  1509 ms rechnen
2026-09-08T09:12:59.967Z  TPIV/2016       roh           1347 reg. Kerzen        0/0/0 von 37   Tagen gewertet (1m/5m/15m)        0 Signale  63 ms lesen  10 ms rechnen
2026-09-08T09:13:00.628Z  TPIV/2017       roh           7972 reg. Kerzen        0/0/0 von 251  Tagen gewertet (1m/5m/15m)        0 Signale  594 ms lesen  62 ms rechnen
2026-09-08T09:13:01.553Z  TPIV/2018       roh          21367 reg. Kerzen        0/0/0 von 201  Tagen gewertet (1m/5m/15m)        0 Signale  758 ms lesen  145 ms rechnen
2026-09-08T09:13:18.509Z  TPX/2016        bereinigt    92918 reg. Kerzen    0/232/232 von 252  Tagen gewertet (1m/5m/15m)     6134 Signale  4347 ms lesen  12451 ms rechnen
2026-09-08T09:13:31.885Z  TPX/2017        bereinigt    88164 reg. Kerzen    0/251/251 von 251  Tagen gewertet (1m/5m/15m)     6601 Signale  109 ms lesen  13046 ms rechnen
2026-09-08T09:13:46.494Z  TPX/2018        bereinigt    87839 reg. Kerzen    0/251/251 von 251  Tagen gewertet (1m/5m/15m)     6694 Signale  143 ms lesen  14193 ms rechnen
2026-09-08T09:13:59.771Z  TPX/2019        bereinigt    86295 reg. Kerzen    0/252/252 von 252  Tagen gewertet (1m/5m/15m)     6559 Signale  141 ms lesen  12900 ms rechnen
2026-09-08T09:14:14.784Z  TPX/2020        bereinigt    87468 reg. Kerzen    0/253/253 von 253  Tagen gewertet (1m/5m/15m)     6726 Signale  110 ms lesen  14689 ms rechnen
2026-09-08T09:14:28.919Z  TPX/2021        roh          94589 reg. Kerzen    0/250/250 von 252  Tagen gewertet (1m/5m/15m)     6581 Signale  152 ms lesen  13787 ms rechnen
2026-09-08T09:14:43.744Z  TPX/2022        roh          95613 reg. Kerzen    0/249/249 von 250  Tagen gewertet (1m/5m/15m)     6693 Signale  373 ms lesen  14212 ms rechnen
2026-09-08T09:14:57.041Z  TPX/2023        roh          93608 reg. Kerzen    0/250/250 von 250  Tagen gewertet (1m/5m/15m)     6527 Signale  125 ms lesen  12931 ms rechnen
2026-09-08T09:15:10.408Z  TPX/2024        roh          91829 reg. Kerzen    0/252/252 von 252  Tagen gewertet (1m/5m/15m)     6490 Signale  114 ms lesen  12971 ms rechnen
2026-09-08T09:15:12.136Z  TPX/2025        roh          11025 reg. Kerzen      0/30/30 von 30   Tagen gewertet (1m/5m/15m)      798 Signale  19 ms lesen  1457 ms rechnen
2026-09-08T09:15:12.242Z  TREB/2020       roh           4240 reg. Kerzen        0/0/0 von 101  Tagen gewertet (1m/5m/15m)        0 Signale  30 ms lesen  26 ms rechnen
2026-09-08T09:15:12.476Z  TREB/2021       roh          23456 reg. Kerzen        0/0/0 von 251  Tagen gewertet (1m/5m/15m)        0 Signale  48 ms lesen  175 ms rechnen
2026-09-08T09:15:12.591Z  TREB/2022       roh           2060 reg. Kerzen        0/0/1 von 18   Tagen gewertet (1m/5m/15m)        7 Signale  23 ms lesen  27 ms rechnen
2026-09-08T09:15:12.658Z  TRINI/2024      roh           4524 reg. Kerzen        0/0/0 von 114  Tagen gewertet (1m/5m/15m)        0 Signale  26 ms lesen  26 ms rechnen
2026-09-08T09:15:12.734Z  TRINI/2025      roh           4764 reg. Kerzen        0/0/0 von 250  Tagen gewertet (1m/5m/15m)        0 Signale  19 ms lesen  48 ms rechnen
2026-09-08T09:15:12.782Z  TRINI/2026      roh           2558 reg. Kerzen        0/0/0 von 140  Tagen gewertet (1m/5m/15m)        0 Signale  11 ms lesen  19 ms rechnen
2026-09-08T09:15:12.803Z  TRLA/2017       roh            118 reg. Kerzen        0/0/0 von 1    Tagen gewertet (1m/5m/15m)        0 Signale  13 ms lesen  1 ms rechnen
2026-09-08T09:15:13.009Z  TRNC/2016       roh          25241 reg. Kerzen        0/0/0 von 136  Tagen gewertet (1m/5m/15m)        0 Signale  54 ms lesen  150 ms rechnen
2026-09-08T09:15:13.438Z  TRNC/2017       roh          35450 reg. Kerzen        0/0/0 von 251  Tagen gewertet (1m/5m/15m)        0 Signale  77 ms lesen  264 ms rechnen
2026-09-08T09:15:13.808Z  TRNC/2018       roh          31195 reg. Kerzen        0/0/0 von 195  Tagen gewertet (1m/5m/15m)        0 Signale  51 ms lesen  222 ms rechnen
2026-09-08T09:15:20.294Z  TRP/2019        roh          61838 reg. Kerzen    0/144/144 von 164  Tagen gewertet (1m/5m/15m)     3247 Signale  104 ms lesen  6271 ms rechnen
2026-09-08T09:15:33.272Z  TRP/2020        roh          96957 reg. Kerzen    0/253/253 von 253  Tagen gewertet (1m/5m/15m)     6396 Signale  139 ms lesen  12674 ms rechnen
2026-09-08T09:15:44.822Z  TRP/2021        roh          95136 reg. Kerzen    0/250/250 von 252  Tagen gewertet (1m/5m/15m)     6013 Signale  131 ms lesen  11167 ms rechnen
2026-09-08T09:15:57.303Z  TRP/2022        roh          96350 reg. Kerzen    0/249/249 von 251  Tagen gewertet (1m/5m/15m)     6373 Signale  127 ms lesen  12077 ms rechnen
2026-09-08T09:16:09.417Z  TRP/2023        roh          95899 reg. Kerzen    0/250/250 von 250  Tagen gewertet (1m/5m/15m)     6202 Signale  149 ms lesen  11691 ms rechnen
2026-09-08T09:16:20.217Z  TRP/2024        roh          96301 reg. Kerzen    0/231/231 von 252  Tagen gewertet (1m/5m/15m)     5372 Signale  141 ms lesen  10387 ms rechnen
2026-09-08T09:16:32.417Z  TRP/2025        roh          94125 reg. Kerzen    0/250/250 von 250  Tagen gewertet (1m/5m/15m)     5921 Signale  142 ms lesen  11805 ms rechnen
2026-09-08T09:16:40.849Z  TRP/2026        roh          63208 reg. Kerzen    0/166/166 von 166  Tagen gewertet (1m/5m/15m)     4132 Signale  108 ms lesen  8054 ms rechnen
2026-09-08T09:16:52.535Z  TRU/2016        roh          79298 reg. Kerzen    0/232/232 von 252  Tagen gewertet (1m/5m/15m)     5787 Signale  132 ms lesen  11364 ms rechnen
2026-09-08T09:17:04.420Z  TRU/2017        roh          85768 reg. Kerzen    0/251/251 von 251  Tagen gewertet (1m/5m/15m)     6046 Signale  131 ms lesen  11538 ms rechnen
2026-09-08T09:17:17.301Z  TRU/2018        roh          88220 reg. Kerzen    0/251/251 von 251  Tagen gewertet (1m/5m/15m)     6227 Signale  143 ms lesen  12482 ms rechnen
2026-09-08T09:17:29.578Z  TRU/2019        roh          90220 reg. Kerzen    0/252/252 von 252  Tagen gewertet (1m/5m/15m)     6189 Signale  113 ms lesen  11930 ms rechnen
2026-09-08T09:17:43.100Z  TRU/2020        roh          93835 reg. Kerzen    0/253/253 von 253  Tagen gewertet (1m/5m/15m)     6470 Signale  146 ms lesen  13117 ms rechnen
2026-09-08T09:17:55.084Z  TRU/2021        roh          86099 reg. Kerzen    0/250/250 von 252  Tagen gewertet (1m/5m/15m)     6153 Signale  125 ms lesen  11637 ms rechnen
2026-09-08T09:18:07.768Z  TRU/2022        roh          92691 reg. Kerzen    0/249/249 von 251  Tagen gewertet (1m/5m/15m)     6619 Signale  133 ms lesen  12315 ms rechnen
2026-09-08T09:18:20.957Z  TRU/2023        roh          92081 reg. Kerzen    0/250/250 von 250  Tagen gewertet (1m/5m/15m)     6423 Signale  485 ms lesen  12470 ms rechnen
2026-09-08T09:18:33.970Z  TRU/2024        roh          91039 reg. Kerzen    0/252/252 von 252  Tagen gewertet (1m/5m/15m)     6467 Signale  126 ms lesen  12668 ms rechnen
2026-09-08T09:18:47.419Z  TRU/2025        roh          91671 reg. Kerzen    0/250/250 von 250  Tagen gewertet (1m/5m/15m)     6450 Signale  124 ms lesen  13069 ms rechnen
2026-09-08T09:18:56.970Z  TRU/2026        roh          61819 reg. Kerzen    0/166/166 von 166  Tagen gewertet (1m/5m/15m)     4416 Signale  107 ms lesen  9194 ms rechnen
2026-09-08T09:18:57.211Z  TSBX/2023       roh           8572 reg. Kerzen        0/0/0 von 113  Tagen gewertet (1m/5m/15m)        0 Signale  29 ms lesen  48 ms rechnen
2026-09-08T09:18:57.467Z  TSBX/2024       roh          22881 reg. Kerzen        0/0/0 von 252  Tagen gewertet (1m/5m/15m)        0 Signale  50 ms lesen  179 ms rechnen
2026-09-08T09:18:57.613Z  TSBX/2025       roh           7366 reg. Kerzen        0/0/0 von 150  Tagen gewertet (1m/5m/15m)        0 Signale  32 ms lesen  49 ms rechnen
2026-09-08T09:18:58.017Z  TSLX/2016       roh          43558 reg. Kerzen        0/0/0 von 252  Tagen gewertet (1m/5m/15m)        0 Signale  63 ms lesen  303 ms rechnen
2026-09-08T09:18:59.170Z  TSLX/2017       roh          48749 reg. Kerzen      0/14/14 von 251  Tagen gewertet (1m/5m/15m)      333 Signale  103 ms lesen  933 ms rechnen
2026-09-08T09:19:01.790Z  TSLX/2018       roh          57818 reg. Kerzen      0/48/48 von 251  Tagen gewertet (1m/5m/15m)     1112 Signale  86 ms lesen  2402 ms rechnen
2026-09-08T09:19:04.354Z  TSLX/2019       roh          52199 reg. Kerzen      0/49/49 von 252  Tagen gewertet (1m/5m/15m)     1137 Signale  105 ms lesen  2324 ms rechnen
2026-09-08T09:19:13.473Z  TSLX/2020       roh          65335 reg. Kerzen    0/162/162 von 253  Tagen gewertet (1m/5m/15m)     4207 Signale  101 ms lesen  8867 ms rechnen
2026-09-08T09:19:20.608Z  TSLX/2021       roh          60063 reg. Kerzen    0/159/159 von 252  Tagen gewertet (1m/5m/15m)     3653 Signale  88 ms lesen  6879 ms rechnen
2026-09-08T09:19:31.112Z  TSLX/2022       roh          66205 reg. Kerzen    0/215/216 von 251  Tagen gewertet (1m/5m/15m)     5278 Signale  118 ms lesen  10175 ms rechnen
2026-09-08T09:19:42.540Z  TSLX/2023       roh          64660 reg. Kerzen    0/229/229 von 250  Tagen gewertet (1m/5m/15m)     5394 Signale  125 ms lesen  11115 ms rechnen
2026-09-08T09:19:52.204Z  TSLX/2024       roh          59441 reg. Kerzen    0/211/211 von 252  Tagen gewertet (1m/5m/15m)     4722 Signale  138 ms lesen  9311 ms rechnen
2026-09-08T09:20:03.776Z  TSLX/2025       roh          63320 reg. Kerzen    0/242/242 von 250  Tagen gewertet (1m/5m/15m)     5746 Signale  220 ms lesen  11196 ms rechnen
2026-09-08T09:20:12.669Z  TSLX/2026       roh          48319 reg. Kerzen    0/166/166 von 166  Tagen gewertet (1m/5m/15m)     4372 Signale  79 ms lesen  8632 ms rechnen
2026-09-08T09:20:27.558Z  TSRO/2016       roh          80920 reg. Kerzen    0/232/232 von 252  Tagen gewertet (1m/5m/15m)     6341 Signale  124 ms lesen  14637 ms rechnen
2026-09-08T09:20:42.715Z  TSRO/2017       roh          84288 reg. Kerzen    0/251/251 von 251  Tagen gewertet (1m/5m/15m)     6805 Signale  134 ms lesen  14821 ms rechnen
2026-09-08T09:20:57.903Z  TSRO/2018       roh          90183 reg. Kerzen    0/249/249 von 251  Tagen gewertet (1m/5m/15m)     6546 Signale  162 ms lesen  14758 ms rechnen
2026-09-08T09:20:58.667Z  TSRO/2019       roh           4893 reg. Kerzen      0/13/13 von 13   Tagen gewertet (1m/5m/15m)      189 Signale  26 ms lesen  450 ms rechnen
2026-09-08T09:21:00.434Z  CHECKPOINT 5000 Dateien, 886 min, Detektorfehler {}
2026-09-08T09:21:02.600Z  TTCF/2020       roh          19478 reg. Kerzen      0/33/33 von 53   Tagen gewertet (1m/5m/15m)      877 Signale  60 ms lesen  2090 ms rechnen
2026-09-08T09:21:18.491Z  TTCF/2021       roh          93267 reg. Kerzen    0/252/252 von 252  Tagen gewertet (1m/5m/15m)     6920 Signale  152 ms lesen  15674 ms rechnen
2026-09-08T09:21:24.448Z  TTCF/2022       roh          80309 reg. Kerzen      0/87/87 von 251  Tagen gewertet (1m/5m/15m)     2417 Signale  128 ms lesen  5583 ms rechnen
2026-09-08T09:21:24.927Z  TTCF/2023       roh          39662 reg. Kerzen        0/0/0 von 130  Tagen gewertet (1m/5m/15m)        0 Signale  64 ms lesen  203 ms rechnen
2026-09-08T09:21:25.708Z  TTPH/2016       bereinigt    70671 reg. Kerzen        0/1/1 von 252  Tagen gewertet (1m/5m/15m)       25 Signale  165 ms lesen  482 ms rechnen
2026-09-08T09:21:29.048Z  TTPH/2017       bereinigt    66957 reg. Kerzen      0/45/45 von 251  Tagen gewertet (1m/5m/15m)     1226 Signale  105 ms lesen  3038 ms rechnen
2026-09-08T09:21:29.776Z  TTPH/2018       bereinigt    68400 reg. Kerzen        0/0/0 von 251  Tagen gewertet (1m/5m/15m)        0 Signale  132 ms lesen  406 ms rechnen
2026-09-08T09:21:30.418Z  TTPH/2019       bereinigt    52354 reg. Kerzen        0/0/0 von 252  Tagen gewertet (1m/5m/15m)        0 Signale  111 ms lesen  346 ms rechnen
2026-09-08T09:21:30.729Z  TTPH/2020       roh          18725 reg. Kerzen        0/0/0 von 144  Tagen gewertet (1m/5m/15m)        0 Signale  53 ms lesen  117 ms rechnen
2026-09-08T09:21:30.808Z  TUGC/2021       roh            473 reg. Kerzen        0/0/0 von 90   Tagen gewertet (1m/5m/15m)        0 Signale  7 ms lesen  6 ms rechnen
2026-09-08T09:21:30.840Z  TUGC/2022       roh           1204 reg. Kerzen        0/0/0 von 50   Tagen gewertet (1m/5m/15m)        0 Signale  19 ms lesen  10 ms rechnen
2026-09-08T09:21:44.779Z  TVTX/2016       roh          74330 reg. Kerzen    0/229/229 von 252  Tagen gewertet (1m/5m/15m)     6156 Signale  124 ms lesen  13789 ms rechnen
2026-09-08T09:21:52.349Z  TVTX/2017       roh          61690 reg. Kerzen    0/115/115 von 251  Tagen gewertet (1m/5m/15m)     3025 Signale  123 ms lesen  7261 ms rechnen
2026-09-08T09:22:03.961Z  TVTX/2018       roh          61433 reg. Kerzen    0/195/195 von 251  Tagen gewertet (1m/5m/15m)     5261 Signale  113 ms lesen  11305 ms rechnen
2026-09-08T09:22:14.693Z  TVTX/2019       roh          68147 reg. Kerzen    0/169/169 von 252  Tagen gewertet (1m/5m/15m)     4512 Signale  119 ms lesen  10421 ms rechnen
2026-09-08T09:22:22.154Z  TVTX/2020       roh          66379 reg. Kerzen    0/111/112 von 253  Tagen gewertet (1m/5m/15m)     2984 Signale  125 ms lesen  7113 ms rechnen
2026-09-08T09:22:37.430Z  TVTX/2021       roh          69328 reg. Kerzen    0/243/243 von 252  Tagen gewertet (1m/5m/15m)     6600 Signale  87 ms lesen  15003 ms rechnen
2026-09-08T09:22:53.196Z  TVTX/2022       roh          72291 reg. Kerzen    0/251/251 von 251  Tagen gewertet (1m/5m/15m)     6821 Signale  106 ms lesen  15482 ms rechnen
2026-09-08T09:23:07.751Z  TVTX/2023       roh          84351 reg. Kerzen    0/250/250 von 250  Tagen gewertet (1m/5m/15m)     6764 Signale  127 ms lesen  14211 ms rechnen
2026-09-08T09:23:25.899Z  TVTX/2024       roh          84273 reg. Kerzen    0/230/230 von 252  Tagen gewertet (1m/5m/15m)     6351 Signale  3144 ms lesen  14768 ms rechnen
2026-09-08T09:23:41.547Z  TVTX/2025       roh          88506 reg. Kerzen    0/250/250 von 250  Tagen gewertet (1m/5m/15m)     6670 Signale  171 ms lesen  15226 ms rechnen
2026-09-08T09:23:51.861Z  TVTX/2026       roh          57825 reg. Kerzen    0/166/166 von 166  Tagen gewertet (1m/5m/15m)     4538 Signale  97 ms lesen  9949 ms rechnen
2026-09-08T09:23:59.357Z  TWLO/2016       roh          50882 reg. Kerzen    0/113/113 von 133  Tagen gewertet (1m/5m/15m)     3054 Signale  97 ms lesen  7211 ms rechnen
2026-09-08T09:24:14.012Z  TWLO/2017       roh          93705 reg. Kerzen    0/251/251 von 251  Tagen gewertet (1m/5m/15m)     6773 Signale  138 ms lesen  14365 ms rechnen
2026-09-08T09:24:29.376Z  TWLO/2018       roh          95293 reg. Kerzen    0/251/251 von 251  Tagen gewertet (1m/5m/15m)     6838 Signale  288 ms lesen  14829 ms rechnen
2026-09-08T09:24:43.839Z  TWLO/2019       roh          97546 reg. Kerzen    0/252/252 von 252  Tagen gewertet (1m/5m/15m)     6750 Signale  161 ms lesen  14024 ms rechnen
2026-09-08T09:24:59.356Z  TWLO/2020       roh          97933 reg. Kerzen    0/253/253 von 253  Tagen gewertet (1m/5m/15m)     6884 Signale  143 ms lesen  15126 ms rechnen
2026-09-08T09:25:14.145Z  TWLO/2021       roh          95305 reg. Kerzen    0/250/250 von 252  Tagen gewertet (1m/5m/15m)     6802 Signale  134 ms lesen  14398 ms rechnen
2026-09-08T09:25:30.122Z  TWLO/2022       roh          96853 reg. Kerzen    0/249/249 von 251  Tagen gewertet (1m/5m/15m)     6893 Signale  138 ms lesen  15576 ms rechnen
2026-09-08T09:25:45.057Z  TWLO/2023       roh          96883 reg. Kerzen    0/250/250 von 250  Tagen gewertet (1m/5m/15m)     6708 Signale  157 ms lesen  14528 ms rechnen
2026-09-08T09:25:58.456Z  TWLO/2024       roh          96763 reg. Kerzen    0/252/252 von 252  Tagen gewertet (1m/5m/15m)     6434 Signale  145 ms lesen  12944 ms rechnen
2026-09-08T09:26:12.931Z  TWLO/2025       roh          95205 reg. Kerzen    0/250/250 von 250  Tagen gewertet (1m/5m/15m)     6632 Signale  134 ms lesen  14059 ms rechnen
2026-09-08T09:26:23.015Z  TWLO/2026       roh          63085 reg. Kerzen    0/166/166 von 166  Tagen gewertet (1m/5m/15m)     4419 Signale  110 ms lesen  9677 ms rechnen
2026-09-08T09:26:34.734Z  TWO/2016        bereinigt    93925 reg. Kerzen    0/232/232 von 252  Tagen gewertet (1m/5m/15m)     5634 Signale  152 ms lesen  11343 ms rechnen
2026-09-08T09:26:46.534Z  TWO/2017        bereinigt    94867 reg. Kerzen    0/251/251 von 251  Tagen gewertet (1m/5m/15m)     5759 Signale  132 ms lesen  11419 ms rechnen
2026-09-08T09:26:58.559Z  TWO/2018        bereinigt    93581 reg. Kerzen    0/251/251 von 251  Tagen gewertet (1m/5m/15m)     5667 Signale  126 ms lesen  11636 ms rechnen
2026-09-08T09:27:09.804Z  TWO/2019        bereinigt    93710 reg. Kerzen    0/252/252 von 252  Tagen gewertet (1m/5m/15m)     5403 Signale  134 ms lesen  10828 ms rechnen
2026-09-08T09:27:25.049Z  TWO/2020        bereinigt    96163 reg. Kerzen    0/253/253 von 253  Tagen gewertet (1m/5m/15m)     6730 Signale  155 ms lesen  14801 ms rechnen
2026-09-08T09:27:38.743Z  TWO/2021        bereinigt    95129 reg. Kerzen    0/250/250 von 252  Tagen gewertet (1m/5m/15m)     6490 Signale  124 ms lesen  13287 ms rechnen
2026-09-08T09:27:52.780Z  TWO/2022        bereinigt    93256 reg. Kerzen    0/249/249 von 251  Tagen gewertet (1m/5m/15m)     6682 Signale  115 ms lesen  13675 ms rechnen
2026-09-08T09:28:05.564Z  TWO/2023        roh          87014 reg. Kerzen    0/250/250 von 250  Tagen gewertet (1m/5m/15m)     6420 Signale  127 ms lesen  12397 ms rechnen
2026-09-08T09:28:19.842Z  TWO/2024        roh          82674 reg. Kerzen    0/252/252 von 252  Tagen gewertet (1m/5m/15m)     6282 Signale  1861 ms lesen  12201 ms rechnen
2026-09-08T09:28:32.788Z  TWO/2025        roh          86153 reg. Kerzen    0/250/250 von 250  Tagen gewertet (1m/5m/15m)     6349 Signale  139 ms lesen  12560 ms rechnen
2026-09-08T09:28:40.806Z  TWO/2026        roh          56910 reg. Kerzen    0/161/161 von 161  Tagen gewertet (1m/5m/15m)     3484 Signale  330 ms lesen  7466 ms rechnen
2026-09-08T09:28:43.987Z  TXG/2019        roh          15615 reg. Kerzen      0/45/57 von 77   Tagen gewertet (1m/5m/15m)     1311 Signale  34 ms lesen  2966 ms rechnen
2026-09-08T09:28:59.590Z  TXG/2020        roh          77271 reg. Kerzen    0/253/253 von 253  Tagen gewertet (1m/5m/15m)     6877 Signale  203 ms lesen  15370 ms rechnen
2026-09-08T09:29:15.262Z  TXG/2021        roh          81638 reg. Kerzen    0/252/252 von 252  Tagen gewertet (1m/5m/15m)     6879 Signale  177 ms lesen  15301 ms rechnen
2026-09-08T09:29:31.269Z  TXG/2022        roh          92999 reg. Kerzen    0/251/251 von 251  Tagen gewertet (1m/5m/15m)     6953 Signale  129 ms lesen  15671 ms rechnen
2026-09-08T09:29:46.309Z  TXG/2023        roh          87617 reg. Kerzen    0/250/250 von 250  Tagen gewertet (1m/5m/15m)     6793 Signale  139 ms lesen  14630 ms rechnen
2026-09-08T09:30:01.759Z  TXG/2024        roh          94431 reg. Kerzen    0/252/252 von 252  Tagen gewertet (1m/5m/15m)     6869 Signale  114 ms lesen  15097 ms rechnen
2026-09-08T09:30:18.115Z  TXG/2025        roh          95160 reg. Kerzen    0/250/250 von 250  Tagen gewertet (1m/5m/15m)     6816 Signale  206 ms lesen  15898 ms rechnen
2026-09-08T09:30:28.798Z  TXG/2026        roh          63520 reg. Kerzen    0/166/166 von 166  Tagen gewertet (1m/5m/15m)     4595 Signale  102 ms lesen  10324 ms rechnen
2026-09-08T09:30:29.018Z  TYDEV/2022      roh             35 reg. Kerzen        0/0/0 von 13   Tagen gewertet (1m/5m/15m)        0 Signale  22 ms lesen  0 ms rechnen
2026-09-08T09:30:32.402Z  U/2020          roh          27606 reg. Kerzen      0/53/53 von 73   Tagen gewertet (1m/5m/15m)     1442 Signale  88 ms lesen  3294 ms rechnen
2026-09-08T09:30:47.494Z  U/2021          roh          96879 reg. Kerzen    0/250/250 von 252  Tagen gewertet (1m/5m/15m)     6768 Signale  179 ms lesen  14834 ms rechnen
2026-09-08T09:31:03.504Z  U/2022          roh          96916 reg. Kerzen    0/249/249 von 251  Tagen gewertet (1m/5m/15m)     6854 Signale  153 ms lesen  15603 ms rechnen
2026-09-08T09:31:19.073Z  U/2023          roh          97131 reg. Kerzen    0/250/250 von 250  Tagen gewertet (1m/5m/15m)     6819 Signale  405 ms lesen  14907 ms rechnen
2026-09-08T09:31:34.238Z  U/2024          roh          97723 reg. Kerzen    0/252/252 von 252  Tagen gewertet (1m/5m/15m)     6819 Signale  217 ms lesen  14696 ms rechnen
2026-09-08T09:31:50.063Z  U/2025          roh          96947 reg. Kerzen    0/250/250 von 250  Tagen gewertet (1m/5m/15m)     6772 Signale  158 ms lesen  15436 ms rechnen
2026-09-08T09:32:00.381Z  U/2026          roh          64736 reg. Kerzen    0/166/166 von 166  Tagen gewertet (1m/5m/15m)     4485 Signale  115 ms lesen  9889 ms rechnen
2026-09-08T09:32:00.936Z  UBNK/2016       roh          40925 reg. Kerzen        0/0/0 von 252  Tagen gewertet (1m/5m/15m)        0 Signale  88 ms lesen  274 ms rechnen
2026-09-08T09:32:01.432Z  UBNK/2017       roh          37250 reg. Kerzen        0/0/0 von 251  Tagen gewertet (1m/5m/15m)        0 Signale  108 ms lesen  272 ms rechnen
2026-09-08T09:32:01.896Z  UBNK/2018       roh          39622 reg. Kerzen        0/0/0 von 251  Tagen gewertet (1m/5m/15m)        0 Signale  61 ms lesen  286 ms rechnen
2026-09-08T09:32:02.685Z  UBNK/2019       roh          41327 reg. Kerzen        0/7/7 von 211  Tagen gewertet (1m/5m/15m)      187 Signale  58 ms lesen  621 ms rechnen
2026-09-08T09:32:03.803Z  UBXG/2024       bereinigt    23869 reg. Kerzen      0/12/12 von 192  Tagen gewertet (1m/5m/15m)      321 Signale  101 ms lesen  897 ms rechnen
2026-09-08T09:32:03.958Z  UBXG/2025       bereinigt     6913 reg. Kerzen        0/0/0 von 249  Tagen gewertet (1m/5m/15m)        0 Signale  12 ms lesen  58 ms rechnen
2026-09-08T09:32:04.504Z  UBXG/2026       bereinigt    12573 reg. Kerzen       0/7/12 von 135  Tagen gewertet (1m/5m/15m)      225 Signale  21 ms lesen  505 ms rechnen
2026-09-08T09:32:06.106Z  UDMY/2021       roh          12659 reg. Kerzen      0/24/24 von 44   Tagen gewertet (1m/5m/15m)      664 Signale  59 ms lesen  1483 ms rechnen
2026-09-08T09:32:15.785Z  UDMY/2022       roh          70138 reg. Kerzen    0/149/150 von 251  Tagen gewertet (1m/5m/15m)     4104 Signale  108 ms lesen  9526 ms rechnen
2026-09-08T09:32:20.867Z  UDMY/2023       roh          70572 reg. Kerzen      0/77/77 von 250  Tagen gewertet (1m/5m/15m)     2023 Signale  123 ms lesen  4800 ms rechnen
2026-09-08T09:32:31.549Z  UDMY/2024       roh          77641 reg. Kerzen    0/183/183 von 252  Tagen gewertet (1m/5m/15m)     4934 Signale  132 ms lesen  10342 ms rechnen
2026-09-08T09:32:43.277Z  UDMY/2025       roh          83717 reg. Kerzen    0/190/190 von 250  Tagen gewertet (1m/5m/15m)     5062 Signale  140 ms lesen  11393 ms rechnen
2026-09-08T09:32:47.987Z  UDMY/2026       roh          30543 reg. Kerzen      0/74/74 von 88   Tagen gewertet (1m/5m/15m)     2065 Signale  44 ms lesen  4448 ms rechnen
2026-09-08T09:32:59.119Z  UGI/2016        roh          89614 reg. Kerzen    0/232/232 von 252  Tagen gewertet (1m/5m/15m)     5553 Signale  227 ms lesen  10808 ms rechnen
2026-09-08T09:33:11.521Z  UGI/2017        roh          81975 reg. Kerzen    0/251/251 von 251  Tagen gewertet (1m/5m/15m)     5549 Signale  1886 ms lesen  10259 ms rechnen
2026-09-08T09:33:23.493Z  UGI/2018        roh          88224 reg. Kerzen    0/251/251 von 251  Tagen gewertet (1m/5m/15m)     5836 Signale  148 ms lesen  11582 ms rechnen
2026-09-08T09:33:35.570Z  UGI/2019        roh          92714 reg. Kerzen    0/252/252 von 252  Tagen gewertet (1m/5m/15m)     5821 Signale  140 ms lesen  11672 ms rechnen
2026-09-08T09:33:49.681Z  UGI/2020        roh          93623 reg. Kerzen    0/253/253 von 253  Tagen gewertet (1m/5m/15m)     6581 Signale  138 ms lesen  13667 ms rechnen
2026-09-08T09:34:02.406Z  UGI/2021        roh          87503 reg. Kerzen    0/250/250 von 252  Tagen gewertet (1m/5m/15m)     6079 Signale  117 ms lesen  12324 ms rechnen
2026-09-08T09:34:15.827Z  UGI/2022        roh          93085 reg. Kerzen    0/249/249 von 251  Tagen gewertet (1m/5m/15m)     6547 Signale  142 ms lesen  13025 ms rechnen
2026-09-08T09:34:29.173Z  UGI/2023        roh          94305 reg. Kerzen    0/250/250 von 250  Tagen gewertet (1m/5m/15m)     6386 Signale  245 ms lesen  12870 ms rechnen
2026-09-08T09:34:42.130Z  UGI/2024        roh          94407 reg. Kerzen    0/252/252 von 252  Tagen gewertet (1m/5m/15m)     6245 Signale  148 ms lesen  12571 ms rechnen
2026-09-08T09:34:55.327Z  UGI/2025        roh          91091 reg. Kerzen    0/250/250 von 250  Tagen gewertet (1m/5m/15m)     6044 Signale  163 ms lesen  12740 ms rechnen
2026-09-08T09:35:04.591Z  UGI/2026        roh          59017 reg. Kerzen    0/166/166 von 166  Tagen gewertet (1m/5m/15m)     4231 Signale  133 ms lesen  8867 ms rechnen
2026-09-08T09:35:13.992Z  ULCC/2021       roh          55025 reg. Kerzen    0/154/154 von 191  Tagen gewertet (1m/5m/15m)     4182 Signale  206 ms lesen  9019 ms rechnen
2026-09-08T09:35:28.334Z  ULCC/2022       roh          90325 reg. Kerzen    0/231/231 von 251  Tagen gewertet (1m/5m/15m)     6395 Signale  320 ms lesen  13856 ms rechnen
2026-09-08T09:35:43.333Z  ULCC/2023       roh          89501 reg. Kerzen    0/250/250 von 250  Tagen gewertet (1m/5m/15m)     6693 Signale  120 ms lesen  14630 ms rechnen
2026-09-08T09:35:59.533Z  ULCC/2024       roh          92080 reg. Kerzen    0/248/248 von 252  Tagen gewertet (1m/5m/15m)     6915 Signale  139 ms lesen  15763 ms rechnen
2026-09-08T09:36:15.555Z  ULCC/2025       roh          94692 reg. Kerzen    0/250/250 von 250  Tagen gewertet (1m/5m/15m)     6859 Signale  160 ms lesen  15570 ms rechnen
2026-09-08T09:36:26.130Z  ULCC/2026       roh          63294 reg. Kerzen    0/166/166 von 166  Tagen gewertet (1m/5m/15m)     4592 Signale  97 ms lesen  10191 ms rechnen
2026-09-08T09:36:28.338Z  UMRX/2018       roh          31552 reg. Kerzen      0/29/36 von 190  Tagen gewertet (1m/5m/15m)      845 Signale  68 ms lesen  1915 ms rechnen
2026-09-08T09:36:28.702Z  UMRX/2019       roh          28455 reg. Kerzen        0/0/0 von 252  Tagen gewertet (1m/5m/15m)        0 Signale  58 ms lesen  201 ms rechnen
2026-09-08T09:36:29.024Z  UMRX/2020       roh          32420 reg. Kerzen        0/0/0 von 192  Tagen gewertet (1m/5m/15m)        0 Signale  50 ms lesen  195 ms rechnen
2026-09-08T09:36:40.814Z  UNP/2016        roh          98028 reg. Kerzen    0/232/232 von 252  Tagen gewertet (1m/5m/15m)     5775 Signale  144 ms lesen  11514 ms rechnen
2026-09-08T09:36:52.307Z  UNP/2017        roh          97202 reg. Kerzen    0/251/251 von 251  Tagen gewertet (1m/5m/15m)     5793 Signale  150 ms lesen  11064 ms rechnen
2026-09-08T09:37:04.933Z  UNP/2018        roh          97234 reg. Kerzen    0/251/251 von 251  Tagen gewertet (1m/5m/15m)     6123 Signale  205 ms lesen  12139 ms rechnen
2026-09-08T09:37:16.848Z  UNP/2019        roh          97475 reg. Kerzen    0/252/252 von 252  Tagen gewertet (1m/5m/15m)     6028 Signale  134 ms lesen  11508 ms rechnen
2026-09-08T09:37:30.538Z  UNP/2020        roh          98044 reg. Kerzen    0/253/253 von 253  Tagen gewertet (1m/5m/15m)     6409 Signale  135 ms lesen  13286 ms rechnen
2026-09-08T09:37:42.337Z  UNP/2021        roh          96926 reg. Kerzen    0/250/250 von 252  Tagen gewertet (1m/5m/15m)     5978 Signale  127 ms lesen  11388 ms rechnen
2026-09-08T09:37:55.516Z  UNP/2022        roh          96738 reg. Kerzen    0/249/249 von 251  Tagen gewertet (1m/5m/15m)     6398 Signale  143 ms lesen  12764 ms rechnen
2026-09-08T09:38:08.890Z  UNP/2023        roh          96404 reg. Kerzen    0/250/250 von 250  Tagen gewertet (1m/5m/15m)     6035 Signale  1682 ms lesen  11398 ms rechnen
2026-09-08T09:38:21.342Z  UNP/2024        roh          96045 reg. Kerzen    0/252/252 von 252  Tagen gewertet (1m/5m/15m)     5831 Signale  625 ms lesen  11555 ms rechnen
2026-09-08T09:38:33.028Z  UNP/2025        roh          95966 reg. Kerzen    0/250/250 von 250  Tagen gewertet (1m/5m/15m)     5968 Signale  150 ms lesen  11267 ms rechnen
2026-09-08T09:38:41.464Z  UNP/2026        roh          63792 reg. Kerzen    0/166/166 von 166  Tagen gewertet (1m/5m/15m)     4040 Signale  164 ms lesen  8010 ms rechnen
2026-09-08T09:38:51.358Z  UPS/2016        roh          97739 reg. Kerzen    0/232/232 von 252  Tagen gewertet (1m/5m/15m)     5172 Signale  138 ms lesen  9570 ms rechnen
2026-09-08T09:39:02.070Z  UPS/2017        roh          96883 reg. Kerzen    0/250/250 von 251  Tagen gewertet (1m/5m/15m)     5345 Signale  169 ms lesen  10271 ms rechnen
2026-09-08T09:39:14.594Z  UPS/2018        roh          97061 reg. Kerzen    0/251/251 von 251  Tagen gewertet (1m/5m/15m)     6135 Signale  146 ms lesen  12097 ms rechnen
2026-09-08T09:39:26.551Z  UPS/2019        roh          97388 reg. Kerzen    0/252/252 von 252  Tagen gewertet (1m/5m/15m)     6115 Signale  185 ms lesen  11494 ms rechnen
2026-09-08T09:39:40.557Z  UPS/2020        roh          98167 reg. Kerzen    0/253/253 von 253  Tagen gewertet (1m/5m/15m)     6478 Signale  162 ms lesen  13545 ms rechnen
2026-09-08T09:39:53.075Z  UPS/2021        roh          96953 reg. Kerzen    0/250/250 von 252  Tagen gewertet (1m/5m/15m)     6004 Signale  144 ms lesen  12101 ms rechnen
2026-09-08T09:40:06.242Z  UPS/2022        roh          96683 reg. Kerzen    0/248/248 von 251  Tagen gewertet (1m/5m/15m)     6430 Signale  326 ms lesen  12593 ms rechnen
2026-09-08T09:40:18.189Z  UPS/2023        roh          96866 reg. Kerzen    0/249/249 von 250  Tagen gewertet (1m/5m/15m)     6070 Signale  122 ms lesen  11550 ms rechnen
2026-09-08T09:40:30.393Z  UPS/2024        roh          97573 reg. Kerzen    0/252/252 von 252  Tagen gewertet (1m/5m/15m)     6163 Signale  143 ms lesen  11740 ms rechnen
2026-09-08T09:40:43.075Z  UPS/2025        roh          96905 reg. Kerzen    0/250/250 von 250  Tagen gewertet (1m/5m/15m)     6159 Signale  170 ms lesen  12201 ms rechnen
2026-09-08T09:40:51.546Z  UPS/2026        roh          64655 reg. Kerzen    0/166/166 von 166  Tagen gewertet (1m/5m/15m)     4246 Signale  84 ms lesen  8090 ms rechnen
2026-09-08T09:40:52.098Z  URRE/2016       bereinigt    33977 reg. Kerzen        0/0/0 von 252  Tagen gewertet (1m/5m/15m)        0 Signale  122 ms lesen  212 ms rechnen
2026-09-08T09:40:54.022Z  URRE/2017       roh          33373 reg. Kerzen      0/23/23 von 159  Tagen gewertet (1m/5m/15m)      610 Signale  69 ms lesen  1734 ms rechnen
2026-09-08T09:40:54.228Z  USEG/2016       bereinigt     6708 reg. Kerzen        0/0/0 von 251  Tagen gewertet (1m/5m/15m)        0 Signale  42 ms lesen  47 ms rechnen
2026-09-08T09:40:54.350Z  USEG/2017       bereinigt     9740 reg. Kerzen        0/0/0 von 251  Tagen gewertet (1m/5m/15m)        0 Signale  16 ms lesen  81 ms rechnen
2026-09-08T09:40:54.462Z  USEG/2018       bereinigt     7418 reg. Kerzen        0/0/0 von 251  Tagen gewertet (1m/5m/15m)        0 Signale  14 ms lesen  63 ms rechnen
2026-09-08T09:40:54.529Z  USEG/2019       bereinigt     3909 reg. Kerzen        0/0/0 von 252  Tagen gewertet (1m/5m/15m)        0 Signale  8 ms lesen  32 ms rechnen
2026-09-08T09:40:54.748Z  USEG/2020       bereinigt    20016 reg. Kerzen        0/0/0 von 250  Tagen gewertet (1m/5m/15m)        0 Signale  76 ms lesen  131 ms rechnen
2026-09-08T09:40:55.548Z  USEG/2021       roh          36869 reg. Kerzen        0/7/7 von 252  Tagen gewertet (1m/5m/15m)      205 Signale  74 ms lesen  681 ms rechnen
2026-09-08T09:40:56.921Z  USEG/2022       roh          29625 reg. Kerzen      0/16/16 von 251  Tagen gewertet (1m/5m/15m)      447 Signale  70 ms lesen  1192 ms rechnen
2026-09-08T09:40:57.152Z  USEG/2023       roh          15002 reg. Kerzen        0/0/0 von 250  Tagen gewertet (1m/5m/15m)        0 Signale  42 ms lesen  96 ms rechnen
2026-09-08T09:40:57.293Z  USEG/2024       roh          11749 reg. Kerzen        0/0/0 von 252  Tagen gewertet (1m/5m/15m)        0 Signale  33 ms lesen  72 ms rechnen
2026-09-08T09:40:57.673Z  USEG/2025       roh          39321 reg. Kerzen        0/0/0 von 250  Tagen gewertet (1m/5m/15m)        0 Signale  83 ms lesen  267 ms rechnen
2026-09-08T09:40:58.913Z  USEG/2026       roh          29500 reg. Kerzen      0/13/13 von 107  Tagen gewertet (1m/5m/15m)      372 Signale  70 ms lesen  1063 ms rechnen
2026-09-08T09:41:11.842Z  UTHR/2016       roh          81930 reg. Kerzen    0/232/232 von 252  Tagen gewertet (1m/5m/15m)     6227 Signale  119 ms lesen  12721 ms rechnen
2026-09-08T09:41:25.110Z  UTHR/2017       roh          74236 reg. Kerzen    0/251/251 von 251  Tagen gewertet (1m/5m/15m)     6452 Signale  121 ms lesen  12891 ms rechnen
2026-09-08T09:41:39.377Z  UTHR/2018       roh          63080 reg. Kerzen    0/249/249 von 251  Tagen gewertet (1m/5m/15m)     6698 Signale  116 ms lesen  13948 ms rechnen
2026-09-08T09:41:52.903Z  UTHR/2019       roh          74752 reg. Kerzen    0/252/252 von 252  Tagen gewertet (1m/5m/15m)     6499 Signale  134 ms lesen  13219 ms rechnen
2026-09-08T09:42:06.986Z  UTHR/2020       roh          74859 reg. Kerzen    0/253/253 von 253  Tagen gewertet (1m/5m/15m)     6645 Signale  107 ms lesen  13808 ms rechnen
2026-09-08T09:42:20.929Z  UTHR/2021       roh          59755 reg. Kerzen    0/251/252 von 252  Tagen gewertet (1m/5m/15m)     6588 Signale  89 ms lesen  13630 ms rechnen
2026-09-08T09:42:35.384Z  UTHR/2022       roh          61295 reg. Kerzen    0/251/251 von 251  Tagen gewertet (1m/5m/15m)     6611 Signale  104 ms lesen  14167 ms rechnen
2026-09-08T09:42:47.265Z  UTHR/2023       roh          55451 reg. Kerzen    0/243/250 von 250  Tagen gewertet (1m/5m/15m)     6106 Signale  94 ms lesen  11629 ms rechnen
2026-09-08T09:43:00.226Z  UTHR/2024       roh          54724 reg. Kerzen    0/246/252 von 252  Tagen gewertet (1m/5m/15m)     6215 Signale  118 ms lesen  12701 ms rechnen
2026-09-08T09:43:15.854Z  UTHR/2025       roh          62758 reg. Kerzen    0/246/250 von 250  Tagen gewertet (1m/5m/15m)     6404 Signale  2015 ms lesen  13457 ms rechnen
2026-09-08T09:43:25.200Z  UTHR/2026       roh          50737 reg. Kerzen    0/166/166 von 166  Tagen gewertet (1m/5m/15m)     4237 Signale  101 ms lesen  9063 ms rechnen
2026-09-08T09:43:25.427Z  UWN/2016        roh           6010 reg. Kerzen        0/0/0 von 252  Tagen gewertet (1m/5m/15m)        0 Signale  30 ms lesen  42 ms rechnen
2026-09-08T09:43:25.539Z  UWN/2017        roh           6993 reg. Kerzen        0/0/0 von 251  Tagen gewertet (1m/5m/15m)        0 Signale  24 ms lesen  67 ms rechnen
2026-09-08T09:43:25.662Z  UWN/2018        roh           7566 reg. Kerzen        0/0/0 von 251  Tagen gewertet (1m/5m/15m)        0 Signale  46 ms lesen  50 ms rechnen
2026-09-08T09:43:25.731Z  UWN/2019        roh           2416 reg. Kerzen        0/0/0 von 114  Tagen gewertet (1m/5m/15m)        0 Signale  33 ms lesen  19 ms rechnen
2026-09-08T09:43:40.011Z  VALE/2016       roh          98043 reg. Kerzen    0/232/232 von 252  Tagen gewertet (1m/5m/15m)     6507 Signale  267 ms lesen  13990 ms rechnen
2026-09-08T09:43:54.306Z  VALE/2017       roh          97485 reg. Kerzen    0/251/251 von 251  Tagen gewertet (1m/5m/15m)     6759 Signale  155 ms lesen  13843 ms rechnen
2026-09-08T09:44:08.375Z  VALE/2018       roh          97310 reg. Kerzen    0/251/251 von 251  Tagen gewertet (1m/5m/15m)     6755 Signale  136 ms lesen  13625 ms rechnen
2026-09-08T09:44:21.762Z  VALE/2019       roh          97597 reg. Kerzen    0/252/252 von 252  Tagen gewertet (1m/5m/15m)     6663 Signale  185 ms lesen  12948 ms rechnen
2026-09-08T09:44:35.982Z  VALE/2020       roh          98214 reg. Kerzen    0/253/253 von 253  Tagen gewertet (1m/5m/15m)     6809 Signale  166 ms lesen  13790 ms rechnen
2026-09-08T09:44:49.614Z  VALE/2021       roh          97269 reg. Kerzen    0/250/250 von 252  Tagen gewertet (1m/5m/15m)     6740 Signale  182 ms lesen  13117 ms rechnen
2026-09-08T09:45:03.379Z  VALE/2022       roh          96945 reg. Kerzen    0/249/249 von 250  Tagen gewertet (1m/5m/15m)     6712 Signale  177 ms lesen  13380 ms rechnen
2026-09-08T09:45:15.824Z  VALE/2023       roh          97087 reg. Kerzen    0/250/250 von 250  Tagen gewertet (1m/5m/15m)     6474 Signale  152 ms lesen  12016 ms rechnen
2026-09-08T09:45:27.988Z  VALE/2024       roh          97685 reg. Kerzen    0/252/252 von 252  Tagen gewertet (1m/5m/15m)     6495 Signale  221 ms lesen  11711 ms rechnen
2026-09-08T09:45:40.355Z  VALE/2025       roh          96872 reg. Kerzen    0/250/250 von 250  Tagen gewertet (1m/5m/15m)     6357 Signale  199 ms lesen  11848 ms rechnen
2026-09-08T09:45:48.893Z  VALE/2026       roh          64714 reg. Kerzen    0/166/166 von 166  Tagen gewertet (1m/5m/15m)     4397 Signale  125 ms lesen  8148 ms rechnen
2026-09-08T09:45:49.245Z  VBIV/2016       bereinigt    13111 reg. Kerzen        0/0/0 von 252  Tagen gewertet (1m/5m/15m)        0 Signale  74 ms lesen  91 ms rechnen
2026-09-08T09:45:49.609Z  VBIV/2017       bereinigt    33638 reg. Kerzen        0/0/0 von 251  Tagen gewertet (1m/5m/15m)        0 Signale  56 ms lesen  267 ms rechnen
2026-09-08T09:45:50.070Z  VBIV/2018       bereinigt    41239 reg. Kerzen        0/0/0 von 251  Tagen gewertet (1m/5m/15m)        0 Signale  65 ms lesen  290 ms rechnen
2026-09-08T09:45:50.693Z  VBIV/2019       bereinigt    58657 reg. Kerzen        0/0/0 von 252  Tagen gewertet (1m/5m/15m)        0 Signale  124 ms lesen  402 ms rechnen
2026-09-08T09:46:04.401Z  VBIV/2020       bereinigt    95684 reg. Kerzen    0/202/202 von 253  Tagen gewertet (1m/5m/15m)     5537 Signale  166 ms lesen  13381 ms rechnen
2026-09-08T09:46:19.034Z  VBIV/2021       bereinigt    89697 reg. Kerzen    0/205/205 von 252  Tagen gewertet (1m/5m/15m)     5729 Signale  176 ms lesen  14140 ms rechnen
2026-09-08T09:46:20.229Z  VBIV/2022       bereinigt    80920 reg. Kerzen        0/5/5 von 251  Tagen gewertet (1m/5m/15m)      146 Signale  161 ms lesen  750 ms rechnen
2026-09-08T09:46:20.731Z  VBIV/2023       bereinigt    40207 reg. Kerzen        0/0/0 von 250  Tagen gewertet (1m/5m/15m)        0 Signale  57 ms lesen  244 ms rechnen
2026-09-08T09:46:20.964Z  VBIV/2024       roh          12758 reg. Kerzen        0/0/0 von 151  Tagen gewertet (1m/5m/15m)        0 Signale  31 ms lesen  99 ms rechnen
2026-09-08T09:46:21.055Z  VCKA/2021       roh           1441 reg. Kerzen        0/0/0 von 172  Tagen gewertet (1m/5m/15m)        0 Signale  17 ms lesen  16 ms rechnen
2026-09-08T09:46:21.092Z  VCKA/2022       roh           1218 reg. Kerzen        0/0/0 von 175  Tagen gewertet (1m/5m/15m)        0 Signale  17 ms lesen  14 ms rechnen
2026-09-08T09:46:21.143Z  VCXB/2022       roh            710 reg. Kerzen        0/0/0 von 145  Tagen gewertet (1m/5m/15m)        0 Signale  36 ms lesen  9 ms rechnen
2026-09-08T09:46:21.189Z  VCXB/2023       roh            349 reg. Kerzen        0/0/0 von 132  Tagen gewertet (1m/5m/15m)        0 Signale  36 ms lesen  7 ms rechnen
2026-09-08T09:46:21.205Z  VCXB/2024       roh            173 reg. Kerzen        0/0/0 von 57   Tagen gewertet (1m/5m/15m)        0 Signale  11 ms lesen  3 ms rechnen
2026-09-08T09:46:21.394Z  VEDU/2022       roh          20722 reg. Kerzen        0/0/0 von 158  Tagen gewertet (1m/5m/15m)        0 Signale  43 ms lesen  143 ms rechnen
2026-09-08T09:46:21.600Z  VEDU/2023       roh          16337 reg. Kerzen        0/0/0 von 192  Tagen gewertet (1m/5m/15m)        0 Signale  51 ms lesen  98 ms rechnen
2026-09-08T09:46:29.238Z  VERV/2021       roh          36235 reg. Kerzen    0/117/118 von 138  Tagen gewertet (1m/5m/15m)     3250 Signale  77 ms lesen  7500 ms rechnen
2026-09-08T09:46:45.889Z  VERV/2022       roh          79556 reg. Kerzen    0/251/251 von 251  Tagen gewertet (1m/5m/15m)     6848 Signale  114 ms lesen  16450 ms rechnen
2026-09-08T09:47:01.721Z  VERV/2023       roh          79780 reg. Kerzen    0/250/250 von 250  Tagen gewertet (1m/5m/15m)     6926 Signale  125 ms lesen  15492 ms rechnen
2026-09-08T09:47:16.507Z  VERV/2024       roh          88920 reg. Kerzen    0/224/224 von 252  Tagen gewertet (1m/5m/15m)     6176 Signale  117 ms lesen  14428 ms rechnen
2026-09-08T09:47:25.117Z  VERV/2025       roh          50790 reg. Kerzen    0/139/139 von 139  Tagen gewertet (1m/5m/15m)     3617 Signale  95 ms lesen  8290 ms rechnen
2026-09-08T09:47:25.326Z  VGII/2021       roh           2418 reg. Kerzen        0/0/0 von 155  Tagen gewertet (1m/5m/15m)        0 Signale  23 ms lesen  17 ms rechnen
2026-09-08T09:47:25.371Z  VGII/2022       roh           2323 reg. Kerzen        0/0/0 von 114  Tagen gewertet (1m/5m/15m)        0 Signale  19 ms lesen  20 ms rechnen
2026-09-08T09:47:35.749Z  VICI/2018       roh          84077 reg. Kerzen    0/210/210 von 230  Tagen gewertet (1m/5m/15m)     4921 Signale  302 ms lesen  10031 ms rechnen
2026-09-08T09:47:47.371Z  VICI/2019       roh          95601 reg. Kerzen    0/252/252 von 252  Tagen gewertet (1m/5m/15m)     5728 Signale  110 ms lesen  11232 ms rechnen
2026-09-08T09:48:01.250Z  VICI/2020       roh          97475 reg. Kerzen    0/253/253 von 253  Tagen gewertet (1m/5m/15m)     6559 Signale  130 ms lesen  13473 ms rechnen
2026-09-08T09:48:17.518Z  VICI/2021       roh          96873 reg. Kerzen    0/250/250 von 252  Tagen gewertet (1m/5m/15m)     6147 Signale  3927 ms lesen  12063 ms rechnen
2026-09-08T09:48:30.829Z  VICI/2022       roh          96888 reg. Kerzen    0/249/249 von 251  Tagen gewertet (1m/5m/15m)     6365 Signale  262 ms lesen  12777 ms rechnen
2026-09-08T09:48:42.821Z  VICI/2023       roh          97001 reg. Kerzen    0/250/250 von 250  Tagen gewertet (1m/5m/15m)     6003 Signale  142 ms lesen  11593 ms rechnen
2026-09-08T09:48:54.821Z  VICI/2024       roh          97516 reg. Kerzen    0/252/252 von 252  Tagen gewertet (1m/5m/15m)     5934 Signale  137 ms lesen  11606 ms rechnen
2026-09-08T09:49:06.709Z  VICI/2025       roh          96868 reg. Kerzen    0/250/250 von 250  Tagen gewertet (1m/5m/15m)     5894 Signale  159 ms lesen  11431 ms rechnen
2026-09-08T09:49:15.156Z  VICI/2026       roh          64719 reg. Kerzen    0/166/166 von 166  Tagen gewertet (1m/5m/15m)     4016 Signale  160 ms lesen  8048 ms rechnen
2026-09-08T09:49:15.407Z  VINE/2021       roh           1709 reg. Kerzen        0/0/0 von 13   Tagen gewertet (1m/5m/15m)        0 Signale  37 ms lesen  12 ms rechnen
2026-09-08T09:49:15.531Z  VINE/2022       roh          10619 reg. Kerzen        0/0/0 von 251  Tagen gewertet (1m/5m/15m)        0 Signale  39 ms lesen  78 ms rechnen
2026-09-08T09:49:15.724Z  VINE/2023       roh          17140 reg. Kerzen        0/0/0 von 250  Tagen gewertet (1m/5m/15m)        0 Signale  43 ms lesen  111 ms rechnen
2026-09-08T09:49:15.977Z  VINE/2024       roh          17119 reg. Kerzen        0/0/0 von 252  Tagen gewertet (1m/5m/15m)        0 Signale  58 ms lesen  140 ms rechnen
2026-09-08T09:49:16.083Z  VINE/2025       roh           3979 reg. Kerzen        0/0/0 von 54   Tagen gewertet (1m/5m/15m)        0 Signale  21 ms lesen  25 ms rechnen
2026-09-08T09:49:16.551Z  VISL/2016       bereinigt    52537 reg. Kerzen        0/0/0 von 251  Tagen gewertet (1m/5m/15m)        0 Signale  141 ms lesen  308 ms rechnen
2026-09-08T09:49:17.095Z  VISL/2017       bereinigt    43097 reg. Kerzen        0/0/0 von 251  Tagen gewertet (1m/5m/15m)        0 Signale  94 ms lesen  291 ms rechnen
2026-09-08T09:49:17.399Z  VISL/2018       bereinigt    17572 reg. Kerzen        0/0/0 von 251  Tagen gewertet (1m/5m/15m)        0 Signale  36 ms lesen  150 ms rechnen
2026-09-08T09:49:17.768Z  VISL/2019       bereinigt    30687 reg. Kerzen        0/0/0 von 252  Tagen gewertet (1m/5m/15m)        0 Signale  69 ms lesen  234 ms rechnen
2026-09-08T09:49:22.498Z  VISL/2020       bereinigt    85946 reg. Kerzen      0/60/60 von 253  Tagen gewertet (1m/5m/15m)     1671 Signale  182 ms lesen  4462 ms rechnen
2026-09-08T09:49:31.700Z  VISL/2021       bereinigt    85214 reg. Kerzen    0/130/130 von 252  Tagen gewertet (1m/5m/15m)     3602 Signale  183 ms lesen  8813 ms rechnen
2026-09-08T09:49:32.297Z  VISL/2022       bereinigt    34035 reg. Kerzen        0/0/0 von 251  Tagen gewertet (1m/5m/15m)        0 Signale  95 ms lesen  246 ms rechnen
2026-09-08T09:49:32.505Z  VISL/2023       bereinigt     9455 reg. Kerzen        0/0/0 von 250  Tagen gewertet (1m/5m/15m)        0 Signale  25 ms lesen  65 ms rechnen
2026-09-08T09:49:32.610Z  VISL/2024       roh           5329 reg. Kerzen        0/0/0 von 252  Tagen gewertet (1m/5m/15m)        0 Signale  37 ms lesen  38 ms rechnen
2026-09-08T09:49:34.372Z  CHECKPOINT 5200 Dateien, 915 min, Detektorfehler {}
2026-09-08T09:49:34.394Z  VISL/2025       roh            928 reg. Kerzen        0/0/0 von 25   Tagen gewertet (1m/5m/15m)        0 Signale  12 ms lesen  10 ms rechnen
2026-09-08T09:49:34.398Z  AUSGELASSEN VISL/2026: Datei fehlt
2026-09-08T09:49:34.986Z  VLCN/2021       bereinigt    12557 reg. Kerzen        0/7/8 von 61   Tagen gewertet (1m/5m/15m)      193 Signale  80 ms lesen  495 ms rechnen
2026-09-08T09:49:35.288Z  VLCN/2022       bereinigt    34426 reg. Kerzen        0/0/0 von 251  Tagen gewertet (1m/5m/15m)        0 Signale  63 ms lesen  203 ms rechnen
2026-09-08T09:49:35.613Z  VLCN/2023       bereinigt    22622 reg. Kerzen        0/0/0 von 250  Tagen gewertet (1m/5m/15m)        0 Signale  75 ms lesen  126 ms rechnen
2026-09-08T09:49:36.146Z  VLCN/2024       bereinigt    56466 reg. Kerzen        0/0/0 von 252  Tagen gewertet (1m/5m/15m)        0 Signale  136 ms lesen  340 ms rechnen
2026-09-08T09:49:36.412Z  VLCN/2025       bereinigt    14921 reg. Kerzen        0/0/0 von 143  Tagen gewertet (1m/5m/15m)        0 Signale  24 ms lesen  89 ms rechnen
2026-09-08T09:49:40.410Z  VLTA/2021       roh          31234 reg. Kerzen      0/67/67 von 88   Tagen gewertet (1m/5m/15m)     1832 Signale  66 ms lesen  3866 ms rechnen
2026-09-08T09:49:51.999Z  VLTA/2022       roh          94393 reg. Kerzen    0/175/175 von 251  Tagen gewertet (1m/5m/15m)     4899 Signale  164 ms lesen  11335 ms rechnen
2026-09-08T09:49:52.414Z  VLTA/2023       roh          20554 reg. Kerzen        0/0/0 von 61   Tagen gewertet (1m/5m/15m)        0 Signale  45 ms lesen  118 ms rechnen
2026-09-08T09:50:00.429Z  VMEO/2021       roh          55258 reg. Kerzen    0/134/134 von 154  Tagen gewertet (1m/5m/15m)     3650 Signale  94 ms lesen  7865 ms rechnen
2026-09-08T09:50:16.068Z  VMEO/2022       roh          94268 reg. Kerzen    0/251/251 von 251  Tagen gewertet (1m/5m/15m)     7007 Signale  141 ms lesen  15361 ms rechnen
2026-09-08T09:50:21.393Z  VMEO/2023       roh          86756 reg. Kerzen      0/75/75 von 250  Tagen gewertet (1m/5m/15m)     1983 Signale  107 ms lesen  4992 ms rechnen
2026-09-08T09:50:27.298Z  VMEO/2024       roh          86375 reg. Kerzen      0/96/96 von 252  Tagen gewertet (1m/5m/15m)     2535 Signale  129 ms lesen  5556 ms rechnen
2026-09-08T09:50:34.203Z  VMEO/2025       roh          75764 reg. Kerzen    0/131/131 von 224  Tagen gewertet (1m/5m/15m)     2902 Signale  124 ms lesen  6553 ms rechnen
2026-09-08T09:50:35.195Z  VNR/2016        roh          75089 reg. Kerzen        0/2/2 von 252  Tagen gewertet (1m/5m/15m)       61 Signale  224 ms lesen  567 ms rechnen
2026-09-08T09:50:35.481Z  VNR/2017        roh           8438 reg. Kerzen        0/0/0 von 28   Tagen gewertet (1m/5m/15m)        0 Signale  22 ms lesen  59 ms rechnen
2026-09-08T09:50:47.261Z  VOYA/2016       roh          96293 reg. Kerzen    0/232/232 von 252  Tagen gewertet (1m/5m/15m)     6004 Signale  128 ms lesen  11594 ms rechnen
2026-09-08T09:51:00.036Z  VOYA/2017       roh          93043 reg. Kerzen    0/251/251 von 251  Tagen gewertet (1m/5m/15m)     6367 Signale  147 ms lesen  12386 ms rechnen
2026-09-08T09:51:13.404Z  VOYA/2018       roh          94850 reg. Kerzen    0/251/251 von 251  Tagen gewertet (1m/5m/15m)     6494 Signale  137 ms lesen  12968 ms rechnen
2026-09-08T09:51:25.475Z  VOYA/2019       roh          92665 reg. Kerzen    0/252/252 von 252  Tagen gewertet (1m/5m/15m)     6149 Signale  137 ms lesen  11653 ms rechnen
2026-09-08T09:51:39.310Z  VOYA/2020       roh          94541 reg. Kerzen    0/253/253 von 253  Tagen gewertet (1m/5m/15m)     6720 Signale  134 ms lesen  13451 ms rechnen
2026-09-08T09:51:51.819Z  VOYA/2021       roh          91798 reg. Kerzen    0/250/250 von 252  Tagen gewertet (1m/5m/15m)     6279 Signale  121 ms lesen  12134 ms rechnen
2026-09-08T09:52:04.674Z  VOYA/2022       roh          91925 reg. Kerzen    0/249/249 von 251  Tagen gewertet (1m/5m/15m)     6425 Signale  133 ms lesen  12462 ms rechnen
2026-09-08T09:52:17.255Z  VOYA/2023       roh          86260 reg. Kerzen    0/250/250 von 250  Tagen gewertet (1m/5m/15m)     6221 Signale  104 ms lesen  12261 ms rechnen
2026-09-08T09:52:29.425Z  VOYA/2024       roh          83017 reg. Kerzen    0/252/252 von 252  Tagen gewertet (1m/5m/15m)     6110 Signale  130 ms lesen  11780 ms rechnen
2026-09-08T09:52:42.470Z  VOYA/2025       roh          76527 reg. Kerzen    0/250/250 von 250  Tagen gewertet (1m/5m/15m)     6313 Signale  123 ms lesen  12682 ms rechnen
2026-09-08T09:52:51.118Z  VOYA/2026       roh          53249 reg. Kerzen    0/166/166 von 166  Tagen gewertet (1m/5m/15m)     4347 Signale  89 ms lesen  8364 ms rechnen
2026-09-08T09:53:01.263Z  VREX/2017       roh          57767 reg. Kerzen    0/186/188 von 239  Tagen gewertet (1m/5m/15m)     4764 Signale  98 ms lesen  9840 ms rechnen
2026-09-08T09:53:14.849Z  VREX/2018       roh          56241 reg. Kerzen    0/215/216 von 251  Tagen gewertet (1m/5m/15m)     5621 Signale  2331 ms lesen  11119 ms rechnen
2026-09-08T09:53:22.064Z  VREX/2019       roh          55109 reg. Kerzen    0/130/130 von 252  Tagen gewertet (1m/5m/15m)     3392 Signale  106 ms lesen  6924 ms rechnen
2026-09-08T09:53:27.607Z  VREX/2020       roh          63394 reg. Kerzen      0/84/84 von 253  Tagen gewertet (1m/5m/15m)     2259 Signale  84 ms lesen  5311 ms rechnen
2026-09-08T09:53:31.300Z  VREX/2021       roh          49219 reg. Kerzen      0/61/64 von 252  Tagen gewertet (1m/5m/15m)     1620 Signale  73 ms lesen  3432 ms rechnen
2026-09-08T09:53:37.010Z  VREX/2022       roh          51620 reg. Kerzen    0/105/106 von 251  Tagen gewertet (1m/5m/15m)     2740 Signale  108 ms lesen  5451 ms rechnen
2026-09-08T09:53:39.103Z  VREX/2023       roh          49066 reg. Kerzen      0/32/34 von 250  Tagen gewertet (1m/5m/15m)      821 Signale  95 ms lesen  1862 ms rechnen
2026-09-08T09:53:42.851Z  VREX/2024       roh          55437 reg. Kerzen      0/60/61 von 252  Tagen gewertet (1m/5m/15m)     1609 Signale  190 ms lesen  3427 ms rechnen
2026-09-08T09:53:43.709Z  VREX/2025       roh          51882 reg. Kerzen        0/5/5 von 250  Tagen gewertet (1m/5m/15m)      129 Signale  78 ms lesen  606 ms rechnen
2026-09-08T09:53:44.317Z  VREX/2026       roh          35283 reg. Kerzen        0/6/6 von 166  Tagen gewertet (1m/5m/15m)       83 Signale  54 ms lesen  403 ms rechnen
2026-09-08T09:53:44.454Z  VRRM/2017       roh           1264 reg. Kerzen        0/0/0 von 129  Tagen gewertet (1m/5m/15m)        0 Signale  16 ms lesen  10 ms rechnen
2026-09-08T09:53:45.268Z  VRRM/2018       roh          14905 reg. Kerzen      0/12/23 von 207  Tagen gewertet (1m/5m/15m)      372 Signale  36 ms lesen  775 ms rechnen
2026-09-08T09:53:55.167Z  VRRM/2019       roh          78401 reg. Kerzen    0/188/188 von 252  Tagen gewertet (1m/5m/15m)     4763 Signale  98 ms lesen  9748 ms rechnen
2026-09-08T09:54:09.868Z  VRRM/2020       roh          84617 reg. Kerzen    0/253/253 von 253  Tagen gewertet (1m/5m/15m)     6821 Signale  134 ms lesen  14380 ms rechnen
2026-09-08T09:54:23.376Z  VRRM/2021       roh          75303 reg. Kerzen    0/243/243 von 252  Tagen gewertet (1m/5m/15m)     6520 Signale  180 ms lesen  13079 ms rechnen
2026-09-08T09:54:38.072Z  VRRM/2022       roh          87684 reg. Kerzen    0/251/251 von 251  Tagen gewertet (1m/5m/15m)     6771 Signale  135 ms lesen  14325 ms rechnen
2026-09-08T09:54:50.256Z  VRRM/2023       roh          87209 reg. Kerzen    0/250/250 von 250  Tagen gewertet (1m/5m/15m)     6241 Signale  130 ms lesen  11792 ms rechnen
2026-09-08T09:55:03.669Z  VRRM/2024       roh          83183 reg. Kerzen    0/252/252 von 252  Tagen gewertet (1m/5m/15m)     6513 Signale  119 ms lesen  13062 ms rechnen
2026-09-08T09:55:16.634Z  VRRM/2025       roh          78583 reg. Kerzen    0/250/250 von 250  Tagen gewertet (1m/5m/15m)     6248 Signale  103 ms lesen  12665 ms rechnen
2026-09-08T09:55:26.427Z  VRRM/2026       roh          58896 reg. Kerzen    0/166/166 von 166  Tagen gewertet (1m/5m/15m)     4454 Signale  91 ms lesen  9489 ms rechnen
2026-09-08T09:55:39.618Z  VRTX/2016       roh          95583 reg. Kerzen    0/232/232 von 252  Tagen gewertet (1m/5m/15m)     6204 Signale  137 ms lesen  12897 ms rechnen
2026-09-08T09:55:53.336Z  VRTX/2017       roh          93851 reg. Kerzen    0/251/251 von 251  Tagen gewertet (1m/5m/15m)     6442 Signale  262 ms lesen  13213 ms rechnen
2026-09-08T09:56:06.812Z  VRTX/2018       roh          92657 reg. Kerzen    0/249/249 von 251  Tagen gewertet (1m/5m/15m)     6434 Signale  142 ms lesen  13079 ms rechnen
2026-09-08T09:56:19.737Z  VRTX/2019       roh          93449 reg. Kerzen    0/252/252 von 252  Tagen gewertet (1m/5m/15m)     6422 Signale  133 ms lesen  12584 ms rechnen
2026-09-08T09:56:33.825Z  VRTX/2020       roh          96545 reg. Kerzen    0/253/253 von 253  Tagen gewertet (1m/5m/15m)     6561 Signale  148 ms lesen  13683 ms rechnen
2026-09-08T09:56:47.394Z  VRTX/2021       roh          96026 reg. Kerzen    0/252/252 von 252  Tagen gewertet (1m/5m/15m)     6308 Signale  128 ms lesen  13156 ms rechnen
2026-09-08T09:57:00.451Z  VRTX/2022       roh          93717 reg. Kerzen    0/251/251 von 251  Tagen gewertet (1m/5m/15m)     6633 Signale  135 ms lesen  12666 ms rechnen
2026-09-08T09:57:12.804Z  VRTX/2023       roh          87610 reg. Kerzen    0/250/250 von 250  Tagen gewertet (1m/5m/15m)     5989 Signale  121 ms lesen  11950 ms rechnen
2026-09-08T09:57:25.025Z  VRTX/2024       roh          85785 reg. Kerzen    0/252/252 von 252  Tagen gewertet (1m/5m/15m)     6129 Signale  112 ms lesen  11857 ms rechnen
2026-09-08T09:57:38.352Z  VRTX/2025       roh          89852 reg. Kerzen    0/250/250 von 250  Tagen gewertet (1m/5m/15m)     6315 Signale  137 ms lesen  12928 ms rechnen
2026-09-08T09:57:46.973Z  VRTX/2026       roh          64031 reg. Kerzen    0/166/166 von 166  Tagen gewertet (1m/5m/15m)     4238 Signale  91 ms lesen  8307 ms rechnen
2026-09-08T09:57:59.753Z  VSH/2016        roh          86698 reg. Kerzen    0/232/232 von 252  Tagen gewertet (1m/5m/15m)     6109 Signale  137 ms lesen  12424 ms rechnen
2026-09-08T09:58:16.403Z  VSH/2017        roh          86784 reg. Kerzen    0/251/251 von 251  Tagen gewertet (1m/5m/15m)     6569 Signale  2696 ms lesen  13708 ms rechnen
2026-09-08T09:58:30.953Z  VSH/2018        roh          90994 reg. Kerzen    0/251/251 von 251  Tagen gewertet (1m/5m/15m)     6632 Signale  132 ms lesen  14146 ms rechnen
2026-09-08T09:58:44.215Z  VSH/2019        roh          90013 reg. Kerzen    0/252/252 von 252  Tagen gewertet (1m/5m/15m)     6519 Signale  133 ms lesen  12838 ms rechnen
2026-09-08T09:58:58.380Z  VSH/2020        roh          91754 reg. Kerzen    0/253/253 von 253  Tagen gewertet (1m/5m/15m)     6742 Signale  135 ms lesen  13804 ms rechnen
2026-09-08T09:59:11.552Z  VSH/2021        roh          85250 reg. Kerzen    0/250/250 von 252  Tagen gewertet (1m/5m/15m)     6486 Signale  137 ms lesen  12732 ms rechnen
2026-09-08T09:59:25.338Z  VSH/2022        roh          88816 reg. Kerzen    0/249/249 von 251  Tagen gewertet (1m/5m/15m)     6631 Signale  133 ms lesen  13413 ms rechnen
2026-09-08T09:59:38.141Z  VSH/2023        roh          88191 reg. Kerzen    0/250/250 von 250  Tagen gewertet (1m/5m/15m)     6397 Signale  146 ms lesen  12401 ms rechnen
2026-09-08T09:59:51.324Z  VSH/2024        roh          88437 reg. Kerzen    0/252/252 von 252  Tagen gewertet (1m/5m/15m)     6585 Signale  128 ms lesen  12792 ms rechnen
2026-09-08T10:00:06.072Z  VSH/2025        roh          88188 reg. Kerzen    0/250/250 von 250  Tagen gewertet (1m/5m/15m)     6638 Signale  132 ms lesen  14352 ms rechnen
2026-09-08T10:00:16.022Z  VSH/2026        roh          62832 reg. Kerzen    0/166/166 von 166  Tagen gewertet (1m/5m/15m)     4437 Signale  168 ms lesen  9546 ms rechnen
2026-09-08T10:00:17.592Z  VSTA/2020       roh          20871 reg. Kerzen      0/17/18 von 107  Tagen gewertet (1m/5m/15m)      478 Signale  65 ms lesen  1339 ms rechnen
2026-09-08T10:00:17.871Z  VSTA/2021       roh          25755 reg. Kerzen        0/0/0 von 252  Tagen gewertet (1m/5m/15m)        0 Signale  58 ms lesen  163 ms rechnen
2026-09-08T10:00:18.055Z  VSTA/2022       roh          11470 reg. Kerzen        0/0/0 von 250  Tagen gewertet (1m/5m/15m)        0 Signale  31 ms lesen  84 ms rechnen
2026-09-08T10:00:18.135Z  VSTA/2023       roh           4534 reg. Kerzen        0/0/0 von 246  Tagen gewertet (1m/5m/15m)        0 Signale  16 ms lesen  38 ms rechnen
2026-09-08T10:00:18.216Z  VSTA/2024       roh           5812 reg. Kerzen        0/0/0 von 251  Tagen gewertet (1m/5m/15m)        0 Signale  12 ms lesen  50 ms rechnen
2026-09-08T10:00:18.306Z  VSTA/2025       roh           7228 reg. Kerzen        0/0/0 von 250  Tagen gewertet (1m/5m/15m)        0 Signale  23 ms lesen  45 ms rechnen
2026-09-08T10:00:18.337Z  VSTA/2026       roh            232 reg. Kerzen        0/0/0 von 18   Tagen gewertet (1m/5m/15m)        0 Signale  5 ms lesen  3 ms rechnen
2026-09-08T10:00:18.570Z  VTL/2016        bereinigt    25213 reg. Kerzen        0/0/0 von 252  Tagen gewertet (1m/5m/15m)        0 Signale  64 ms lesen  167 ms rechnen
2026-09-08T10:00:18.920Z  VTL/2017        bereinigt    32717 reg. Kerzen        0/0/0 von 251  Tagen gewertet (1m/5m/15m)        0 Signale  51 ms lesen  216 ms rechnen
2026-09-08T10:00:19.409Z  VTL/2018        bereinigt    52854 reg. Kerzen        0/0/0 von 251  Tagen gewertet (1m/5m/15m)        0 Signale  96 ms lesen  289 ms rechnen
2026-09-08T10:00:19.742Z  VTL/2019        bereinigt    18562 reg. Kerzen        0/0/0 von 71   Tagen gewertet (1m/5m/15m)        0 Signale  35 ms lesen  119 ms rechnen
2026-09-08T10:00:30.611Z  VVC/2016        roh          72987 reg. Kerzen    0/232/232 von 252  Tagen gewertet (1m/5m/15m)     5567 Signale  152 ms lesen  10626 ms rechnen
2026-09-08T10:00:41.352Z  VVC/2017        roh          69961 reg. Kerzen    0/251/251 von 251  Tagen gewertet (1m/5m/15m)     5581 Signale  225 ms lesen  10314 ms rechnen
2026-09-08T10:00:51.599Z  VVC/2018        roh          80392 reg. Kerzen    0/251/251 von 251  Tagen gewertet (1m/5m/15m)     4773 Signale  132 ms lesen  9885 ms rechnen
2026-09-08T10:00:52.550Z  VVC/2019        roh           7346 reg. Kerzen      0/21/21 von 21   Tagen gewertet (1m/5m/15m)      333 Signale  24 ms lesen  683 ms rechnen
2026-09-08T10:01:05.655Z  VWR/2016        roh          83169 reg. Kerzen    0/232/232 von 252  Tagen gewertet (1m/5m/15m)     5772 Signale  140 ms lesen  12941 ms rechnen
2026-09-08T10:01:15.026Z  VWR/2017        roh          68832 reg. Kerzen    0/225/225 von 225  Tagen gewertet (1m/5m/15m)     4199 Signale  108 ms lesen  9024 ms rechnen
2026-09-08T10:01:26.023Z  VZIO/2021       roh          60708 reg. Kerzen    0/175/175 von 196  Tagen gewertet (1m/5m/15m)     4817 Signale  136 ms lesen  10639 ms rechnen
2026-09-08T10:01:34.466Z  VZIO/2022       roh          74264 reg. Kerzen    0/123/123 von 251  Tagen gewertet (1m/5m/15m)     3319 Signale  224 ms lesen  8022 ms rechnen
2026-09-08T10:01:36.434Z  VZIO/2023       roh          69912 reg. Kerzen      0/21/21 von 250  Tagen gewertet (1m/5m/15m)      567 Signale  181 ms lesen  1585 ms rechnen
2026-09-08T10:01:44.338Z  VZIO/2024       roh          81566 reg. Kerzen    0/193/193 von 232  Tagen gewertet (1m/5m/15m)     3842 Signale  133 ms lesen  7554 ms rechnen
2026-09-08T10:01:47.237Z  WAIR/2016       roh          65202 reg. Kerzen      0/35/35 von 252  Tagen gewertet (1m/5m/15m)      920 Signale  174 ms lesen  2474 ms rechnen
2026-09-08T10:01:51.924Z  WAIR/2017       roh          67120 reg. Kerzen      0/74/74 von 251  Tagen gewertet (1m/5m/15m)     1933 Signale  116 ms lesen  4371 ms rechnen
2026-09-08T10:01:54.834Z  WAIR/2018       roh          63751 reg. Kerzen      0/40/40 von 251  Tagen gewertet (1m/5m/15m)     1051 Signale  108 ms lesen  2608 ms rechnen
2026-09-08T10:01:58.611Z  WAIR/2019       roh          69830 reg. Kerzen      0/72/73 von 252  Tagen gewertet (1m/5m/15m)     1083 Signale  111 ms lesen  3489 ms rechnen
2026-09-08T10:01:58.860Z  WAIR/2020       roh           1293 reg. Kerzen        0/0/0 von 5    Tagen gewertet (1m/5m/15m)        0 Signale  18 ms lesen  14 ms rechnen
2026-09-08T10:01:58.912Z  WAYN/2016       roh            873 reg. Kerzen        0/0/0 von 179  Tagen gewertet (1m/5m/15m)        0 Signale  17 ms lesen  11 ms rechnen
2026-09-08T10:01:58.939Z  WAYN/2017       roh            529 reg. Kerzen        0/0/0 von 170  Tagen gewertet (1m/5m/15m)        0 Signale  12 ms lesen  10 ms rechnen
2026-09-08T10:01:59.851Z  WBK/2016        roh          47258 reg. Kerzen      0/12/12 von 252  Tagen gewertet (1m/5m/15m)      314 Signale  116 ms lesen  792 ms rechnen
2026-09-08T10:02:02.014Z  WBK/2017        roh          50629 reg. Kerzen      0/44/44 von 251  Tagen gewertet (1m/5m/15m)      956 Signale  88 ms lesen  1939 ms rechnen
2026-09-08T10:02:09.621Z  WBK/2018        roh          64022 reg. Kerzen    0/168/168 von 251  Tagen gewertet (1m/5m/15m)     4088 Signale  131 ms lesen  7307 ms rechnen
2026-09-08T10:02:13.227Z  WBK/2019        roh          57458 reg. Kerzen      0/76/76 von 249  Tagen gewertet (1m/5m/15m)     1727 Signale  91 ms lesen  3343 ms rechnen
2026-09-08T10:02:19.272Z  WBK/2020        roh          63282 reg. Kerzen    0/108/108 von 253  Tagen gewertet (1m/5m/15m)     2857 Signale  101 ms lesen  5809 ms rechnen
2026-09-08T10:02:19.728Z  WBK/2021        roh          34833 reg. Kerzen        0/0/0 von 252  Tagen gewertet (1m/5m/15m)        0 Signale  73 ms lesen  232 ms rechnen
2026-09-08T10:02:19.935Z  WBK/2022        roh           4596 reg. Kerzen        0/1/1 von 19   Tagen gewertet (1m/5m/15m)       25 Signale  25 ms lesen  86 ms rechnen
2026-09-08T10:02:22.525Z  WCIC/2016       roh          53938 reg. Kerzen      0/56/62 von 252  Tagen gewertet (1m/5m/15m)     1014 Signale  86 ms lesen  2490 ms rechnen
2026-09-08T10:02:23.584Z  WCIC/2017       roh           4483 reg. Kerzen      0/22/28 von 28   Tagen gewertet (1m/5m/15m)      355 Signale  29 ms lesen  860 ms rechnen
2026-09-08T10:02:36.602Z  WDR/2016        roh          92200 reg. Kerzen    0/232/232 von 252  Tagen gewertet (1m/5m/15m)     6314 Signale  151 ms lesen  12835 ms rechnen
2026-09-08T10:02:49.965Z  WDR/2017        roh          89769 reg. Kerzen    0/251/251 von 251  Tagen gewertet (1m/5m/15m)     6557 Signale  137 ms lesen  12983 ms rechnen
2026-09-08T10:03:03.032Z  WDR/2018        roh          86725 reg. Kerzen    0/251/251 von 251  Tagen gewertet (1m/5m/15m)     6576 Signale  104 ms lesen  12734 ms rechnen
2026-09-08T10:03:18.939Z  WDR/2019        roh          85939 reg. Kerzen    0/252/252 von 252  Tagen gewertet (1m/5m/15m)     6457 Signale  2326 ms lesen  13338 ms rechnen
2026-09-08T10:03:32.950Z  WDR/2020        roh          89227 reg. Kerzen    0/253/253 von 253  Tagen gewertet (1m/5m/15m)     6613 Signale  134 ms lesen  13614 ms rechnen
2026-09-08T10:03:36.185Z  WDR/2021        roh          24086 reg. Kerzen      0/81/81 von 82   Tagen gewertet (1m/5m/15m)     1364 Signale  54 ms lesen  2957 ms rechnen
2026-09-08T10:03:36.450Z  WEJO/2021       roh           8376 reg. Kerzen        0/2/2 von 29   Tagen gewertet (1m/5m/15m)       54 Signale  18 ms lesen  155 ms rechnen
2026-09-08T10:03:36.822Z  WEJO/2022       roh          46935 reg. Kerzen        0/0/0 von 251  Tagen gewertet (1m/5m/15m)        0 Signale  62 ms lesen  283 ms rechnen
2026-09-08T10:03:37.108Z  WEJO/2023       roh          15529 reg. Kerzen        0/0/0 von 109  Tagen gewertet (1m/5m/15m)        0 Signale  49 ms lesen  118 ms rechnen
2026-09-08T10:03:48.823Z  WEX/2016        roh          67037 reg. Kerzen    0/232/232 von 252  Tagen gewertet (1m/5m/15m)     5966 Signale  101 ms lesen  11558 ms rechnen
2026-09-08T10:04:01.317Z  WEX/2017        roh          68752 reg. Kerzen    0/251/251 von 251  Tagen gewertet (1m/5m/15m)     6147 Signale  114 ms lesen  12201 ms rechnen
2026-09-08T10:04:14.446Z  WEX/2018        roh          68816 reg. Kerzen    0/251/251 von 251  Tagen gewertet (1m/5m/15m)     6498 Signale  317 ms lesen  12646 ms rechnen
2026-09-08T10:04:26.741Z  WEX/2019        roh          61890 reg. Kerzen    0/251/252 von 252  Tagen gewertet (1m/5m/15m)     6401 Signale  79 ms lesen  12009 ms rechnen
2026-09-08T10:04:40.976Z  WEX/2020        roh          76958 reg. Kerzen    0/253/253 von 253  Tagen gewertet (1m/5m/15m)     6775 Signale  159 ms lesen  13918 ms rechnen
2026-09-08T10:04:54.114Z  WEX/2021        roh          65103 reg. Kerzen    0/250/250 von 252  Tagen gewertet (1m/5m/15m)     6580 Signale  108 ms lesen  12828 ms rechnen
2026-09-08T10:05:07.748Z  WEX/2022        roh          62098 reg. Kerzen    0/248/249 von 251  Tagen gewertet (1m/5m/15m)     6649 Signale  85 ms lesen  13398 ms rechnen
2026-09-08T10:05:20.276Z  WEX/2023        roh          55106 reg. Kerzen    0/244/250 von 250  Tagen gewertet (1m/5m/15m)     6300 Signale  94 ms lesen  12289 ms rechnen
2026-09-08T10:05:32.570Z  WEX/2024        roh          55389 reg. Kerzen    0/246/252 von 252  Tagen gewertet (1m/5m/15m)     6108 Signale  113 ms lesen  12045 ms rechnen
2026-09-08T10:05:45.968Z  WEX/2025        roh          60983 reg. Kerzen    0/247/250 von 250  Tagen gewertet (1m/5m/15m)     6477 Signale  103 ms lesen  13099 ms rechnen
2026-09-08T10:05:55.303Z  WEX/2026        roh          39895 reg. Kerzen    0/162/166 von 166  Tagen gewertet (1m/5m/15m)     4304 Signale  124 ms lesen  9017 ms rechnen
2026-09-08T10:05:55.480Z  WGA/2016        roh           4540 reg. Kerzen        0/0/0 von 225  Tagen gewertet (1m/5m/15m)        0 Signale  18 ms lesen  36 ms rechnen
2026-09-08T10:06:07.657Z  WHD/2018        roh          61039 reg. Kerzen    0/201/205 von 225  Tagen gewertet (1m/5m/15m)     5432 Signale  103 ms lesen  12039 ms rechnen
2026-09-08T10:06:22.519Z  WHD/2019        roh          70392 reg. Kerzen    0/251/252 von 252  Tagen gewertet (1m/5m/15m)     6798 Signale  119 ms lesen  14531 ms rechnen
2026-09-08T10:06:36.913Z  WHD/2020        roh          68383 reg. Kerzen    0/232/233 von 253  Tagen gewertet (1m/5m/15m)     6376 Signale  102 ms lesen  14099 ms rechnen
2026-09-08T10:06:51.311Z  WHD/2021        roh          62324 reg. Kerzen    0/248/250 von 252  Tagen gewertet (1m/5m/15m)     6716 Signale  151 ms lesen  14048 ms rechnen
2026-09-08T10:07:05.775Z  WHD/2022        roh          69917 reg. Kerzen    0/249/249 von 251  Tagen gewertet (1m/5m/15m)     6830 Signale  124 ms lesen  14153 ms rechnen
2026-09-08T10:07:19.991Z  WHD/2023        roh          73652 reg. Kerzen    0/250/250 von 250  Tagen gewertet (1m/5m/15m)     6646 Signale  113 ms lesen  13902 ms rechnen
2026-09-08T10:07:34.044Z  WHD/2024        roh          73993 reg. Kerzen    0/252/252 von 252  Tagen gewertet (1m/5m/15m)     6659 Signale  118 ms lesen  13753 ms rechnen
2026-09-08T10:07:48.425Z  WHD/2025        roh          71181 reg. Kerzen    0/250/250 von 250  Tagen gewertet (1m/5m/15m)     6708 Signale  111 ms lesen  14067 ms rechnen
2026-09-08T10:07:57.965Z  WHD/2026        roh          47699 reg. Kerzen    0/166/166 von 166  Tagen gewertet (1m/5m/15m)     4420 Signale  77 ms lesen  9246 ms rechnen
2026-09-08T10:07:58.355Z  WINA/2016       roh           2360 reg. Kerzen        0/0/0 von 248  Tagen gewertet (1m/5m/15m)        0 Signale  122 ms lesen  26 ms rechnen
2026-09-08T10:07:58.498Z  WINA/2017       roh           3624 reg. Kerzen        0/0/0 von 247  Tagen gewertet (1m/5m/15m)        0 Signale  101 ms lesen  32 ms rechnen
2026-09-08T10:07:58.965Z  WINA/2018       roh           2160 reg. Kerzen        0/0/0 von 246  Tagen gewertet (1m/5m/15m)        0 Signale  426 ms lesen  26 ms rechnen
2026-09-08T10:07:59.073Z  WINA/2019       roh           2877 reg. Kerzen        0/0/0 von 248  Tagen gewertet (1m/5m/15m)        0 Signale  73 ms lesen  28 ms rechnen
2026-09-08T10:07:59.248Z  WINA/2020       roh           7655 reg. Kerzen        0/0/0 von 253  Tagen gewertet (1m/5m/15m)        0 Signale  111 ms lesen  55 ms rechnen
2026-09-08T10:07:59.698Z  WINA/2021       roh           3935 reg. Kerzen        0/0/0 von 249  Tagen gewertet (1m/5m/15m)        0 Signale  392 ms lesen  35 ms rechnen
2026-09-08T10:08:00.005Z  WINA/2022       roh           4412 reg. Kerzen        0/0/0 von 250  Tagen gewertet (1m/5m/15m)        0 Signale  262 ms lesen  29 ms rechnen
2026-09-08T10:08:00.443Z  WINA/2023       roh           7756 reg. Kerzen       0/0/13 von 250  Tagen gewertet (1m/5m/15m)       87 Signale  261 ms lesen  167 ms rechnen
2026-09-08T10:08:01.024Z  WINA/2024       roh           6517 reg. Kerzen        0/0/4 von 251  Tagen gewertet (1m/5m/15m)       18 Signale  511 ms lesen  48 ms rechnen
2026-09-08T10:08:04.406Z  WINA/2025       roh          17207 reg. Kerzen      0/22/88 von 250  Tagen gewertet (1m/5m/15m)     1125 Signale  1438 ms lesen  1926 ms rechnen
2026-09-08T10:08:08.084Z  WINA/2026       roh          17693 reg. Kerzen     0/29/145 von 166  Tagen gewertet (1m/5m/15m)     1746 Signale  765 ms lesen  2870 ms rechnen
2026-09-08T10:08:08.355Z  WISH/2020       bereinigt     3998 reg. Kerzen        0/0/0 von 11   Tagen gewertet (1m/5m/15m)        0 Signale  156 ms lesen  16 ms rechnen
2026-09-08T10:08:24.670Z  WISH/2021       bereinigt    97981 reg. Kerzen    0/243/243 von 252  Tagen gewertet (1m/5m/15m)     6786 Signale  893 ms lesen  15409 ms rechnen
2026-09-08T10:08:42.071Z  WISH/2022       bereinigt    97521 reg. Kerzen    0/251/251 von 251  Tagen gewertet (1m/5m/15m)     7077 Signale  190 ms lesen  16931 ms rechnen
2026-09-08T10:08:50.904Z  WISH/2023       bereinigt    83534 reg. Kerzen    0/131/131 von 250  Tagen gewertet (1m/5m/15m)     3595 Signale  146 ms lesen  8443 ms rechnen
2026-09-08T10:08:51.591Z  WISH/2024       roh          27761 reg. Kerzen        0/5/5 von 91   Tagen gewertet (1m/5m/15m)      128 Signale  57 ms lesen  447 ms rechnen
2026-09-08T10:08:51.842Z  WLGS/2023       roh          15059 reg. Kerzen        0/0/0 von 176  Tagen gewertet (1m/5m/15m)        0 Signale  46 ms lesen  102 ms rechnen
2026-09-08T10:08:52.030Z  WLGS/2024       roh          13087 reg. Kerzen        0/0/0 von 252  Tagen gewertet (1m/5m/15m)        0 Signale  43 ms lesen  99 ms rechnen
2026-09-08T10:08:52.388Z  WLGS/2025       roh          39605 reg. Kerzen        0/0/0 von 161  Tagen gewertet (1m/5m/15m)        0 Signale  101 ms lesen  220 ms rechnen
2026-09-08T10:09:06.306Z  WMB/2016        roh          97948 reg. Kerzen    0/231/231 von 252  Tagen gewertet (1m/5m/15m)     6297 Signale  155 ms lesen  13633 ms rechnen
2026-09-08T10:09:19.045Z  WMB/2017        roh          97417 reg. Kerzen    0/251/251 von 251  Tagen gewertet (1m/5m/15m)     6259 Signale  127 ms lesen  12333 ms rechnen
2026-09-08T10:09:32.269Z  WMB/2018        roh          97318 reg. Kerzen    0/251/251 von 251  Tagen gewertet (1m/5m/15m)     6309 Signale  134 ms lesen  12822 ms rechnen
2026-09-08T10:09:44.414Z  WMB/2019        roh          97679 reg. Kerzen    0/252/252 von 252  Tagen gewertet (1m/5m/15m)     6211 Signale  130 ms lesen  11778 ms rechnen
2026-09-08T10:09:58.915Z  WMB/2020        roh          98247 reg. Kerzen    0/253/253 von 253  Tagen gewertet (1m/5m/15m)     6805 Signale  126 ms lesen  14115 ms rechnen
2026-09-08T10:10:11.802Z  WMB/2021        roh          97279 reg. Kerzen    0/250/250 von 252  Tagen gewertet (1m/5m/15m)     6292 Signale  143 ms lesen  12494 ms rechnen
2026-09-08T10:10:25.463Z  WMB/2022        roh          96942 reg. Kerzen    0/249/249 von 251  Tagen gewertet (1m/5m/15m)     6476 Signale  186 ms lesen  13226 ms rechnen
2026-09-08T10:10:37.743Z  WMB/2023        roh          97105 reg. Kerzen    0/250/250 von 250  Tagen gewertet (1m/5m/15m)     6160 Signale  134 ms lesen  11897 ms rechnen
2026-09-08T10:10:49.862Z  WMB/2024        roh          97719 reg. Kerzen    0/252/252 von 252  Tagen gewertet (1m/5m/15m)     6015 Signale  130 ms lesen  11706 ms rechnen
2026-09-08T10:11:02.937Z  WMB/2025        roh          96941 reg. Kerzen    0/250/250 von 250  Tagen gewertet (1m/5m/15m)     6317 Signale  132 ms lesen  12683 ms rechnen
2026-09-08T10:11:11.583Z  WMB/2026        roh          64729 reg. Kerzen    0/166/166 von 166  Tagen gewertet (1m/5m/15m)     4235 Signale  103 ms lesen  8285 ms rechnen
2026-09-08T10:11:21.787Z  WMT/2016        bereinigt    98090 reg. Kerzen    0/232/232 von 252  Tagen gewertet (1m/5m/15m)     5226 Signale  209 ms lesen  9792 ms rechnen
2026-09-08T10:11:32.698Z  WMT/2017        bereinigt    97527 reg. Kerzen    0/251/251 von 251  Tagen gewertet (1m/5m/15m)     5518 Signale  192 ms lesen  10458 ms rechnen
2026-09-08T10:11:44.519Z  WMT/2018        bereinigt    97349 reg. Kerzen    0/251/251 von 251  Tagen gewertet (1m/5m/15m)     5965 Signale  193 ms lesen  11360 ms rechnen
2026-09-08T10:11:55.707Z  WMT/2019        bereinigt    97700 reg. Kerzen    0/252/252 von 252  Tagen gewertet (1m/5m/15m)     5571 Signale  216 ms lesen  10696 ms rechnen
2026-09-08T10:12:08.971Z  WMT/2020        bereinigt    98252 reg. Kerzen    0/253/253 von 253  Tagen gewertet (1m/5m/15m)     6037 Signale  268 ms lesen  12739 ms rechnen
2026-09-08T10:12:19.905Z  WMT/2021        bereinigt    97316 reg. Kerzen    0/250/250 von 252  Tagen gewertet (1m/5m/15m)     5544 Signale  208 ms lesen  10440 ms rechnen
2026-09-08T10:12:32.235Z  WMT/2022        bereinigt    96946 reg. Kerzen    0/249/249 von 251  Tagen gewertet (1m/5m/15m)     6172 Signale  190 ms lesen  11887 ms rechnen
2026-09-08T10:12:43.546Z  WMT/2023        bereinigt    97126 reg. Kerzen    0/250/250 von 250  Tagen gewertet (1m/5m/15m)     5581 Signale  224 ms lesen  10804 ms rechnen
2026-09-08T10:12:54.949Z  WMT/2024        bereinigt    97740 reg. Kerzen    0/252/252 von 252  Tagen gewertet (1m/5m/15m)     5564 Signale  144 ms lesen  11003 ms rechnen
2026-09-08T10:13:06.684Z  WMT/2025        roh          96960 reg. Kerzen    0/250/250 von 250  Tagen gewertet (1m/5m/15m)     5869 Signale  166 ms lesen  11290 ms rechnen
2026-09-08T10:13:14.982Z  WMT/2026        roh          64740 reg. Kerzen    0/166/166 von 166  Tagen gewertet (1m/5m/15m)     4093 Signale  141 ms lesen  7906 ms rechnen
2026-09-08T10:13:27.829Z  WOR/2016        bereinigt    76824 reg. Kerzen    0/232/232 von 252  Tagen gewertet (1m/5m/15m)     6106 Signale  225 ms lesen  12425 ms rechnen
2026-09-08T10:13:41.267Z  WOR/2017        bereinigt    72798 reg. Kerzen    0/251/251 von 251  Tagen gewertet (1m/5m/15m)     6512 Signale  224 ms lesen  12948 ms rechnen
2026-09-08T10:13:55.539Z  WOR/2018        bereinigt    63644 reg. Kerzen    0/251/251 von 251  Tagen gewertet (1m/5m/15m)     6530 Signale  151 ms lesen  13918 ms rechnen
2026-09-08T10:14:05.487Z  WOR/2019        bereinigt    55104 reg. Kerzen    0/183/184 von 252  Tagen gewertet (1m/5m/15m)     4805 Signale  136 ms lesen  9643 ms rechnen
2026-09-08T10:14:17.139Z  WOR/2020        bereinigt    64204 reg. Kerzen    0/196/196 von 253  Tagen gewertet (1m/5m/15m)     5170 Signale  182 ms lesen  11328 ms rechnen
2026-09-08T10:14:31.411Z  WOR/2021        bereinigt    55960 reg. Kerzen    0/248/250 von 252  Tagen gewertet (1m/5m/15m)     6594 Signale  141 ms lesen  13924 ms rechnen
2026-09-08T10:14:45.012Z  WOR/2022        bereinigt    48140 reg. Kerzen    0/233/247 von 251  Tagen gewertet (1m/5m/15m)     6312 Signale  122 ms lesen  13304 ms rechnen
2026-09-08T10:14:55.760Z  WOR/2023        bereinigt    44767 reg. Kerzen    0/199/228 von 250  Tagen gewertet (1m/5m/15m)     5389 Signale  119 ms lesen  10482 ms rechnen
2026-09-08T10:15:06.354Z  WOR/2024        roh          45508 reg. Kerzen    0/198/214 von 252  Tagen gewertet (1m/5m/15m)     5315 Signale  135 ms lesen  10301 ms rechnen
2026-09-08T10:15:17.093Z  WOR/2025        roh          42163 reg. Kerzen    0/194/236 von 250  Tagen gewertet (1m/5m/15m)     5361 Signale  81 ms lesen  10530 ms rechnen
2026-09-08T10:15:20.642Z  WOR/2026        roh          21248 reg. Kerzen     0/51/121 von 166  Tagen gewertet (1m/5m/15m)     1944 Signale  39 ms lesen  3362 ms rechnen
2026-09-08T10:15:20.804Z  WPCS/2016       bereinigt     7552 reg. Kerzen        0/0/0 von 252  Tagen gewertet (1m/5m/15m)        0 Signale  28 ms lesen  59 ms rechnen
2026-09-08T10:15:20.948Z  WPCS/2017       bereinigt    15119 reg. Kerzen        0/0/0 von 250  Tagen gewertet (1m/5m/15m)        0 Signale  21 ms lesen  106 ms rechnen
2026-09-08T10:15:21.048Z  WPCS/2018       bereinigt     4221 reg. Kerzen        0/0/0 von 20   Tagen gewertet (1m/5m/15m)        0 Signale  8 ms lesen  41 ms rechnen
2026-09-08T10:15:21.091Z  WQGA/2021       roh            224 reg. Kerzen        0/0/0 von 56   Tagen gewertet (1m/5m/15m)        0 Signale  24 ms lesen  3 ms rechnen
2026-09-08T10:15:21.116Z  WQGA/2022       roh            832 reg. Kerzen        0/0/0 von 170  Tagen gewertet (1m/5m/15m)        0 Signale  16 ms lesen  8 ms rechnen
2026-09-08T10:15:21.132Z  WQGA/2023       roh            167 reg. Kerzen        0/0/0 von 23   Tagen gewertet (1m/5m/15m)        0 Signale  10 ms lesen  2 ms rechnen
2026-09-08T10:15:21.193Z  WS/2023         roh           5034 reg. Kerzen        0/0/0 von 20   Tagen gewertet (1m/5m/15m)        0 Signale  10 ms lesen  35 ms rechnen
2026-09-08T10:15:24.341Z  WS/2024         roh          37980 reg. Kerzen      0/47/56 von 252  Tagen gewertet (1m/5m/15m)     1278 Signale  64 ms lesen  3065 ms rechnen
2026-09-08T10:15:31.261Z  WS/2025         roh          43068 reg. Kerzen    0/114/123 von 250  Tagen gewertet (1m/5m/15m)     3119 Signale  54 ms lesen  6745 ms rechnen
2026-09-08T10:15:39.514Z  WS/2026         roh          28204 reg. Kerzen    0/138/159 von 166  Tagen gewertet (1m/5m/15m)     3854 Signale  104 ms lesen  8051 ms rechnen
2026-09-08T10:15:50.382Z  WSO/2016        roh          52607 reg. Kerzen    0/225/232 von 252  Tagen gewertet (1m/5m/15m)     5490 Signale  85 ms lesen  10649 ms rechnen
2026-09-08T10:16:01.795Z  WSO/2017        roh          56060 reg. Kerzen    0/247/251 von 251  Tagen gewertet (1m/5m/15m)     6039 Signale  108 ms lesen  11152 ms rechnen
2026-09-08T10:16:03.574Z  CHECKPOINT 5400 Dateien, 941 min, Detektorfehler {}
2026-09-08T10:16:15.816Z  WSO/2018        roh          56837 reg. Kerzen    0/249/251 von 251  Tagen gewertet (1m/5m/15m)     6304 Signale  118 ms lesen  12123 ms rechnen
2026-09-08T10:16:27.891Z  WSO/2019        roh          56830 reg. Kerzen    0/248/251 von 252  Tagen gewertet (1m/5m/15m)     6087 Signale  108 ms lesen  11777 ms rechnen
2026-09-08T10:16:41.468Z  WSO/2020        roh          55711 reg. Kerzen    0/246/253 von 253  Tagen gewertet (1m/5m/15m)     6452 Signale  99 ms lesen  13305 ms rechnen
2026-09-08T10:16:52.021Z  WSO/2021        roh          39803 reg. Kerzen    0/197/250 von 252  Tagen gewertet (1m/5m/15m)     5361 Signale  66 ms lesen  10295 ms rechnen
2026-09-08T10:17:05.026Z  WSO/2022        roh          53506 reg. Kerzen    0/241/249 von 251  Tagen gewertet (1m/5m/15m)     6293 Signale  88 ms lesen  12783 ms rechnen
2026-09-08T10:17:18.117Z  WSO/2023        roh          54800 reg. Kerzen    0/246/250 von 250  Tagen gewertet (1m/5m/15m)     6358 Signale  316 ms lesen  12628 ms rechnen
2026-09-08T10:17:29.279Z  WSO/2024        roh          42681 reg. Kerzen    0/204/252 von 252  Tagen gewertet (1m/5m/15m)     5635 Signale  77 ms lesen  10936 ms rechnen
2026-09-08T10:17:41.256Z  WSO/2025        roh          50459 reg. Kerzen    0/217/250 von 250  Tagen gewertet (1m/5m/15m)     5926 Signale  99 ms lesen  11727 ms rechnen
2026-09-08T10:17:50.782Z  WSO/2026        roh          52385 reg. Kerzen    0/166/166 von 166  Tagen gewertet (1m/5m/15m)     4377 Signale  84 ms lesen  9277 ms rechnen
2026-09-08T10:17:51.159Z  WTM/2016        roh           7842 reg. Kerzen       0/0/19 von 252  Tagen gewertet (1m/5m/15m)      130 Signale  19 ms lesen  177 ms rechnen
2026-09-08T10:17:51.592Z  WTM/2017        roh           8796 reg. Kerzen       0/0/27 von 251  Tagen gewertet (1m/5m/15m)      211 Signale  30 ms lesen  373 ms rechnen
2026-09-08T10:17:52.342Z  WTM/2018        roh          10297 reg. Kerzen       0/3/54 von 251  Tagen gewertet (1m/5m/15m)      431 Signale  59 ms lesen  663 ms rechnen
2026-09-08T10:17:52.608Z  WTM/2019        roh           6465 reg. Kerzen       0/0/16 von 252  Tagen gewertet (1m/5m/15m)       92 Signale  58 ms lesen  171 ms rechnen
2026-09-08T10:17:52.825Z  WTM/2020        roh           6673 reg. Kerzen       0/0/15 von 253  Tagen gewertet (1m/5m/15m)      100 Signale  17 ms lesen  178 ms rechnen
2026-09-08T10:17:53.140Z  WTM/2021        roh           7820 reg. Kerzen       0/2/23 von 250  Tagen gewertet (1m/5m/15m)      183 Signale  27 ms lesen  269 ms rechnen
2026-09-08T10:17:53.244Z  WTM/2022        roh           4275 reg. Kerzen        0/0/2 von 248  Tagen gewertet (1m/5m/15m)        3 Signale  30 ms lesen  48 ms rechnen
2026-09-08T10:17:53.302Z  WTM/2023        roh           1475 reg. Kerzen        0/0/0 von 231  Tagen gewertet (1m/5m/15m)        0 Signale  29 ms lesen  18 ms rechnen
2026-09-08T10:17:53.353Z  WTM/2024        roh           1358 reg. Kerzen        0/0/0 von 240  Tagen gewertet (1m/5m/15m)        0 Signale  27 ms lesen  19 ms rechnen
2026-09-08T10:17:54.721Z  WTM/2025        roh           8587 reg. Kerzen      0/26/44 von 249  Tagen gewertet (1m/5m/15m)      699 Signale  23 ms lesen  1339 ms rechnen
2026-09-08T10:18:00.315Z  WTM/2026        roh          23053 reg. Kerzen     0/85/166 von 166  Tagen gewertet (1m/5m/15m)     2988 Signale  44 ms lesen  5519 ms rechnen
2026-09-08T10:18:02.967Z  WTTR/2017       roh          39546 reg. Kerzen      0/17/17 von 176  Tagen gewertet (1m/5m/15m)      471 Signale  1344 ms lesen  1209 ms rechnen
2026-09-08T10:18:18.036Z  WTTR/2018       roh          77492 reg. Kerzen    0/220/220 von 251  Tagen gewertet (1m/5m/15m)     5955 Signale  2346 ms lesen  12630 ms rechnen
2026-09-08T10:18:20.996Z  WTTR/2019       roh          72652 reg. Kerzen      0/36/36 von 252  Tagen gewertet (1m/5m/15m)      989 Signale  121 ms lesen  2585 ms rechnen
2026-09-08T10:18:21.780Z  WTTR/2020       roh          60192 reg. Kerzen        0/0/0 von 253  Tagen gewertet (1m/5m/15m)        0 Signale  173 ms lesen  405 ms rechnen
2026-09-08T10:18:22.492Z  WTTR/2021       roh          59171 reg. Kerzen        0/0/0 von 252  Tagen gewertet (1m/5m/15m)        0 Signale  85 ms lesen  443 ms rechnen
2026-09-08T10:18:24.828Z  WTTR/2022       roh          70748 reg. Kerzen      0/29/29 von 251  Tagen gewertet (1m/5m/15m)      799 Signale  81 ms lesen  2071 ms rechnen
2026-09-08T10:18:30.772Z  WTTR/2023       roh          80258 reg. Kerzen      0/98/98 von 250  Tagen gewertet (1m/5m/15m)     2638 Signale  117 ms lesen  5649 ms rechnen
2026-09-08T10:18:42.513Z  WTTR/2024       roh          80480 reg. Kerzen    0/217/217 von 252  Tagen gewertet (1m/5m/15m)     5629 Signale  157 ms lesen  11381 ms rechnen
2026-09-08T10:18:57.205Z  WTTR/2025       roh          79879 reg. Kerzen    0/244/244 von 250  Tagen gewertet (1m/5m/15m)     6489 Signale  383 ms lesen  14081 ms rechnen
2026-09-08T10:19:06.502Z  WTTR/2026       roh          56167 reg. Kerzen    0/164/164 von 166  Tagen gewertet (1m/5m/15m)     4404 Signale  99 ms lesen  8947 ms rechnen
2026-09-08T10:19:17.996Z  WWD/2016        roh          67097 reg. Kerzen    0/232/232 von 252  Tagen gewertet (1m/5m/15m)     5755 Signale  93 ms lesen  11233 ms rechnen
2026-09-08T10:19:29.604Z  WWD/2017        roh          59626 reg. Kerzen    0/251/251 von 251  Tagen gewertet (1m/5m/15m)     6083 Signale  98 ms lesen  11337 ms rechnen
2026-09-08T10:19:41.752Z  WWD/2018        roh          58586 reg. Kerzen    0/247/249 von 251  Tagen gewertet (1m/5m/15m)     6180 Signale  108 ms lesen  11897 ms rechnen
2026-09-08T10:19:54.074Z  WWD/2019        roh          66871 reg. Kerzen    0/251/252 von 252  Tagen gewertet (1m/5m/15m)     6322 Signale  111 ms lesen  12023 ms rechnen
2026-09-08T10:20:08.307Z  WWD/2020        roh          77652 reg. Kerzen    0/253/253 von 253  Tagen gewertet (1m/5m/15m)     6849 Signale  132 ms lesen  13881 ms rechnen
2026-09-08T10:20:21.117Z  WWD/2021        roh          57455 reg. Kerzen    0/248/252 von 252  Tagen gewertet (1m/5m/15m)     6479 Signale  115 ms lesen  12449 ms rechnen
2026-09-08T10:20:34.437Z  WWD/2022        roh          67157 reg. Kerzen    0/249/251 von 251  Tagen gewertet (1m/5m/15m)     6632 Signale  99 ms lesen  13065 ms rechnen
2026-09-08T10:20:46.176Z  WWD/2023        roh          56806 reg. Kerzen    0/249/250 von 250  Tagen gewertet (1m/5m/15m)     6150 Signale  96 ms lesen  11484 ms rechnen
2026-09-08T10:20:58.101Z  WWD/2024        roh          58780 reg. Kerzen    0/252/252 von 252  Tagen gewertet (1m/5m/15m)     6223 Signale  87 ms lesen  11687 ms rechnen
2026-09-08T10:21:10.424Z  WWD/2025        roh          60655 reg. Kerzen    0/250/250 von 250  Tagen gewertet (1m/5m/15m)     6457 Signale  97 ms lesen  12075 ms rechnen
2026-09-08T10:21:19.363Z  WWD/2026        roh          51495 reg. Kerzen    0/166/166 von 166  Tagen gewertet (1m/5m/15m)     4415 Signale  77 ms lesen  8652 ms rechnen
2026-09-08T10:21:33.234Z  X/2016          roh          98037 reg. Kerzen    0/232/232 von 252  Tagen gewertet (1m/5m/15m)     6391 Signale  163 ms lesen  13557 ms rechnen
2026-09-08T10:21:47.437Z  X/2017          roh          97523 reg. Kerzen    0/251/251 von 251  Tagen gewertet (1m/5m/15m)     7007 Signale  130 ms lesen  13802 ms rechnen
2026-09-08T10:22:01.677Z  X/2018          roh          97331 reg. Kerzen    0/251/251 von 251  Tagen gewertet (1m/5m/15m)     6783 Signale  165 ms lesen  13816 ms rechnen
2026-09-08T10:22:15.738Z  X/2019          roh          97696 reg. Kerzen    0/252/252 von 252  Tagen gewertet (1m/5m/15m)     6854 Signale  162 ms lesen  13682 ms rechnen
2026-09-08T10:22:30.750Z  X/2020          roh          98227 reg. Kerzen    0/253/253 von 253  Tagen gewertet (1m/5m/15m)     6960 Signale  179 ms lesen  14588 ms rechnen
2026-09-08T10:22:45.282Z  X/2021          roh          97316 reg. Kerzen    0/250/250 von 252  Tagen gewertet (1m/5m/15m)     6795 Signale  186 ms lesen  14076 ms rechnen
2026-09-08T10:22:59.498Z  X/2022          roh          96941 reg. Kerzen    0/249/249 von 251  Tagen gewertet (1m/5m/15m)     6727 Signale  153 ms lesen  13816 ms rechnen
2026-09-08T10:23:16.892Z  X/2023          roh          97038 reg. Kerzen    0/250/250 von 250  Tagen gewertet (1m/5m/15m)     6456 Signale  4576 ms lesen  12581 ms rechnen
2026-09-08T10:23:29.793Z  X/2024          roh          95998 reg. Kerzen    0/252/252 von 252  Tagen gewertet (1m/5m/15m)     6287 Signale  148 ms lesen  12519 ms rechnen
2026-09-08T10:23:36.186Z  X/2025          roh          44256 reg. Kerzen    0/114/114 von 114  Tagen gewertet (1m/5m/15m)     3065 Signale  81 ms lesen  6062 ms rechnen
2026-09-08T10:23:36.349Z  XELA/2016       bereinigt      408 reg. Kerzen        0/0/0 von 114  Tagen gewertet (1m/5m/15m)        0 Signale  47 ms lesen  6 ms rechnen
2026-09-08T10:23:36.404Z  XELA/2017       bereinigt     5375 reg. Kerzen        0/0/0 von 200  Tagen gewertet (1m/5m/15m)        0 Signale  17 ms lesen  35 ms rechnen
2026-09-08T10:23:36.655Z  XELA/2018       bereinigt    31422 reg. Kerzen        0/0/0 von 251  Tagen gewertet (1m/5m/15m)        0 Signale  56 ms lesen  181 ms rechnen
2026-09-08T10:23:36.974Z  XELA/2019       bereinigt    29499 reg. Kerzen        0/0/0 von 252  Tagen gewertet (1m/5m/15m)        0 Signale  51 ms lesen  184 ms rechnen
2026-09-08T10:23:37.891Z  XELA/2020       bereinigt    73969 reg. Kerzen        0/5/5 von 253  Tagen gewertet (1m/5m/15m)      140 Signale  143 ms lesen  707 ms rechnen
2026-09-08T10:23:49.494Z  XELA/2021       bereinigt    92259 reg. Kerzen    0/173/173 von 252  Tagen gewertet (1m/5m/15m)     4829 Signale  189 ms lesen  11232 ms rechnen
2026-09-08T10:24:00.680Z  XELA/2022       bereinigt    97084 reg. Kerzen    0/173/173 von 251  Tagen gewertet (1m/5m/15m)     4730 Signale  308 ms lesen  10628 ms rechnen
2026-09-08T10:24:03.822Z  XELA/2023       bereinigt    62149 reg. Kerzen      0/41/41 von 250  Tagen gewertet (1m/5m/15m)     1117 Signale  143 ms lesen  2726 ms rechnen
2026-09-08T10:24:04.165Z  XELA/2024       roh          18111 reg. Kerzen        0/0/0 von 216  Tagen gewertet (1m/5m/15m)        0 Signale  56 ms lesen  111 ms rechnen
2026-09-08T10:24:04.224Z  AUSGELASSEN XELA/2025: Datei fehlt
2026-09-08T10:24:15.328Z  XLNX/2016       roh          97207 reg. Kerzen    0/232/232 von 252  Tagen gewertet (1m/5m/15m)     5618 Signale  268 ms lesen  10821 ms rechnen
2026-09-08T10:24:26.781Z  XLNX/2017       roh          95964 reg. Kerzen    0/251/251 von 251  Tagen gewertet (1m/5m/15m)     6032 Signale  142 ms lesen  11038 ms rechnen
2026-09-08T10:24:39.497Z  XLNX/2018       roh          95900 reg. Kerzen    0/249/249 von 251  Tagen gewertet (1m/5m/15m)     6344 Signale  154 ms lesen  12307 ms rechnen
2026-09-08T10:24:52.325Z  XLNX/2019       roh          97624 reg. Kerzen    0/252/252 von 252  Tagen gewertet (1m/5m/15m)     6428 Signale  198 ms lesen  12389 ms rechnen
2026-09-08T10:25:05.847Z  XLNX/2020       roh          97689 reg. Kerzen    0/253/253 von 253  Tagen gewertet (1m/5m/15m)     6634 Signale  144 ms lesen  13139 ms rechnen
2026-09-08T10:25:19.404Z  XLNX/2021       roh          95818 reg. Kerzen    0/252/252 von 252  Tagen gewertet (1m/5m/15m)     6707 Signale  147 ms lesen  13171 ms rechnen
2026-09-08T10:25:21.454Z  XLNX/2022       roh          11229 reg. Kerzen      0/29/29 von 29   Tagen gewertet (1m/5m/15m)      799 Signale  87 ms lesen  1750 ms rechnen
2026-09-08T10:25:32.275Z  XOM/2016        roh          98090 reg. Kerzen    0/232/232 von 252  Tagen gewertet (1m/5m/15m)     5502 Signale  171 ms lesen  10587 ms rechnen
2026-09-08T10:25:42.385Z  XOM/2017        roh          97529 reg. Kerzen    0/251/251 von 251  Tagen gewertet (1m/5m/15m)     5301 Signale  148 ms lesen  9651 ms rechnen
2026-09-08T10:25:53.785Z  XOM/2018        roh          97347 reg. Kerzen    0/251/251 von 251  Tagen gewertet (1m/5m/15m)     5891 Signale  166 ms lesen  11001 ms rechnen
2026-09-08T10:26:04.763Z  XOM/2019        roh          97693 reg. Kerzen    0/252/252 von 252  Tagen gewertet (1m/5m/15m)     5856 Signale  124 ms lesen  10559 ms rechnen
2026-09-08T10:26:18.451Z  XOM/2020        roh          98246 reg. Kerzen    0/253/253 von 253  Tagen gewertet (1m/5m/15m)     6684 Signale  154 ms lesen  13314 ms rechnen
2026-09-08T10:26:31.057Z  XOM/2021        roh          97317 reg. Kerzen    0/250/250 von 252  Tagen gewertet (1m/5m/15m)     6370 Signale  191 ms lesen  12170 ms rechnen
2026-09-08T10:26:44.252Z  XOM/2022        roh          96946 reg. Kerzen    0/249/249 von 251  Tagen gewertet (1m/5m/15m)     6554 Signale  163 ms lesen  12788 ms rechnen
2026-09-08T10:26:56.348Z  XOM/2023        roh          97130 reg. Kerzen    0/250/250 von 250  Tagen gewertet (1m/5m/15m)     6264 Signale  155 ms lesen  11657 ms rechnen
2026-09-08T10:27:08.107Z  XOM/2024        roh          97740 reg. Kerzen    0/252/252 von 252  Tagen gewertet (1m/5m/15m)     6009 Signale  195 ms lesen  11354 ms rechnen
2026-09-08T10:27:19.911Z  XOM/2025        roh          96959 reg. Kerzen    0/250/250 von 250  Tagen gewertet (1m/5m/15m)     6075 Signale  154 ms lesen  11441 ms rechnen
2026-09-08T10:27:27.879Z  XOM/2026        roh          64736 reg. Kerzen    0/166/166 von 166  Tagen gewertet (1m/5m/15m)     4217 Signale  118 ms lesen  7630 ms rechnen
2026-09-08T10:27:31.581Z  XPDI/2021       roh          26460 reg. Kerzen      0/51/55 von 175  Tagen gewertet (1m/5m/15m)     1443 Signale  63 ms lesen  3390 ms rechnen
2026-09-08T10:27:31.816Z  XPDI/2022       roh           3425 reg. Kerzen        0/2/2 von 12   Tagen gewertet (1m/5m/15m)       45 Signale  33 ms lesen  143 ms rechnen
2026-09-08T10:27:42.248Z  XRAY/2016       roh          94591 reg. Kerzen    0/232/232 von 252  Tagen gewertet (1m/5m/15m)     5550 Signale  133 ms lesen  10266 ms rechnen
2026-09-08T10:27:52.971Z  XRAY/2017       roh          91343 reg. Kerzen    0/251/251 von 251  Tagen gewertet (1m/5m/15m)     5763 Signale  136 ms lesen  10349 ms rechnen
2026-09-08T10:28:05.701Z  XRAY/2018       roh          94882 reg. Kerzen    0/249/249 von 251  Tagen gewertet (1m/5m/15m)     6292 Signale  390 ms lesen  12057 ms rechnen
2026-09-08T10:28:19.675Z  XRAY/2019       roh          94350 reg. Kerzen    0/252/252 von 252  Tagen gewertet (1m/5m/15m)     6015 Signale  2092 ms lesen  11634 ms rechnen
2026-09-08T10:28:33.027Z  XRAY/2020       roh          94016 reg. Kerzen    0/253/253 von 253  Tagen gewertet (1m/5m/15m)     6606 Signale  109 ms lesen  12940 ms rechnen
2026-09-08T10:28:45.405Z  XRAY/2021       roh          91992 reg. Kerzen    0/252/252 von 252  Tagen gewertet (1m/5m/15m)     6214 Signale  109 ms lesen  12028 ms rechnen
2026-09-08T10:28:59.261Z  XRAY/2022       roh          95797 reg. Kerzen    0/251/251 von 251  Tagen gewertet (1m/5m/15m)     6681 Signale  124 ms lesen  13471 ms rechnen
2026-09-08T10:29:12.200Z  XRAY/2023       roh          94873 reg. Kerzen    0/250/250 von 250  Tagen gewertet (1m/5m/15m)     6357 Signale  261 ms lesen  12411 ms rechnen
2026-09-08T10:29:25.163Z  XRAY/2024       roh          95116 reg. Kerzen    0/252/252 von 252  Tagen gewertet (1m/5m/15m)     6448 Signale  263 ms lesen  12405 ms rechnen
2026-09-08T10:29:38.662Z  XRAY/2025       roh          94690 reg. Kerzen    0/250/250 von 250  Tagen gewertet (1m/5m/15m)     6634 Signale  134 ms lesen  13036 ms rechnen
2026-09-08T10:29:48.294Z  XRAY/2026       roh          64326 reg. Kerzen    0/166/166 von 166  Tagen gewertet (1m/5m/15m)     4538 Signale  85 ms lesen  9259 ms rechnen
2026-09-08T10:29:49.800Z  XTLY/2016       roh          52701 reg. Kerzen      0/19/19 von 252  Tagen gewertet (1m/5m/15m)      520 Signale  73 ms lesen  1257 ms rechnen
2026-09-08T10:29:50.732Z  XTLY/2017       roh          25870 reg. Kerzen      0/19/19 von 144  Tagen gewertet (1m/5m/15m)      257 Signale  39 ms lesen  723 ms rechnen
2026-09-08T10:29:50.838Z  YAC/2020        roh           1709 reg. Kerzen        0/0/0 von 67   Tagen gewertet (1m/5m/15m)        0 Signale  16 ms lesen  13 ms rechnen
2026-09-08T10:29:50.987Z  YAC/2021        roh          16274 reg. Kerzen        0/0/0 von 240  Tagen gewertet (1m/5m/15m)        0 Signale  37 ms lesen  108 ms rechnen
2026-09-08T10:29:52.427Z  YEXT/2017       roh          37153 reg. Kerzen      0/21/22 von 181  Tagen gewertet (1m/5m/15m)      561 Signale  59 ms lesen  1316 ms rechnen
2026-09-08T10:30:04.606Z  YEXT/2018       roh          81752 reg. Kerzen    0/226/226 von 251  Tagen gewertet (1m/5m/15m)     6092 Signale  123 ms lesen  11974 ms rechnen
2026-09-08T10:30:18.249Z  YEXT/2019       roh          83936 reg. Kerzen    0/252/252 von 252  Tagen gewertet (1m/5m/15m)     6635 Signale  114 ms lesen  13248 ms rechnen
2026-09-08T10:30:33.153Z  YEXT/2020       roh          88057 reg. Kerzen    0/253/253 von 253  Tagen gewertet (1m/5m/15m)     6796 Signale  126 ms lesen  14566 ms rechnen
2026-09-08T10:30:47.562Z  YEXT/2021       roh          84488 reg. Kerzen    0/250/250 von 252  Tagen gewertet (1m/5m/15m)     6830 Signale  129 ms lesen  14026 ms rechnen
2026-09-08T10:30:58.071Z  YEXT/2022       roh          89402 reg. Kerzen    0/164/164 von 251  Tagen gewertet (1m/5m/15m)     4545 Signale  230 ms lesen  10013 ms rechnen
2026-09-08T10:31:07.589Z  YEXT/2023       roh          84032 reg. Kerzen    0/163/163 von 250  Tagen gewertet (1m/5m/15m)     4402 Signale  115 ms lesen  9156 ms rechnen
2026-09-08T10:31:09.112Z  YEXT/2024       roh          75902 reg. Kerzen      0/16/16 von 252  Tagen gewertet (1m/5m/15m)      402 Signale  104 ms lesen  1219 ms rechnen
2026-09-08T10:31:13.982Z  YEXT/2025       roh          78808 reg. Kerzen      0/91/91 von 250  Tagen gewertet (1m/5m/15m)     2282 Signale  91 ms lesen  4579 ms rechnen
2026-09-08T10:31:18.391Z  YEXT/2026       roh          57199 reg. Kerzen      0/74/74 von 166  Tagen gewertet (1m/5m/15m)     1977 Signale  71 ms lesen  4137 ms rechnen
2026-09-08T10:31:18.660Z  YMAB/2018       roh           9852 reg. Kerzen        0/0/0 von 69   Tagen gewertet (1m/5m/15m)        0 Signale  65 ms lesen  49 ms rechnen
2026-09-08T10:31:20.836Z  YMAB/2019       roh          32392 reg. Kerzen      0/34/38 von 252  Tagen gewertet (1m/5m/15m)      928 Signale  52 ms lesen  2105 ms rechnen
2026-09-08T10:31:26.502Z  YMAB/2020       roh          43415 reg. Kerzen     0/92/104 von 253  Tagen gewertet (1m/5m/15m)     2528 Signale  57 ms lesen  5518 ms rechnen
2026-09-08T10:31:35.293Z  YMAB/2021       roh          47177 reg. Kerzen    0/146/151 von 252  Tagen gewertet (1m/5m/15m)     3976 Signale  75 ms lesen  8596 ms rechnen
2026-09-08T10:31:37.366Z  YMAB/2022       roh          63487 reg. Kerzen      0/20/20 von 251  Tagen gewertet (1m/5m/15m)      530 Signale  403 ms lesen  1532 ms rechnen
2026-09-08T10:31:38.038Z  YMAB/2023       roh          50566 reg. Kerzen        0/0/0 von 250  Tagen gewertet (1m/5m/15m)        0 Signale  151 ms lesen  301 ms rechnen
2026-09-08T10:31:40.260Z  YMAB/2024       roh          51305 reg. Kerzen      0/27/28 von 252  Tagen gewertet (1m/5m/15m)      754 Signale  77 ms lesen  2014 ms rechnen
2026-09-08T10:31:41.435Z  YMAB/2025       roh          35986 reg. Kerzen      0/18/18 von 175  Tagen gewertet (1m/5m/15m)      208 Signale  52 ms lesen  1011 ms rechnen
2026-09-08T10:31:41.586Z  YORK/2025       roh           3321 reg. Kerzen        0/0/0 von 30   Tagen gewertet (1m/5m/15m)        0 Signale  19 ms lesen  15 ms rechnen
2026-09-08T10:31:41.618Z  YSAC/2020       roh            129 reg. Kerzen        0/0/0 von 16   Tagen gewertet (1m/5m/15m)        0 Signale  14 ms lesen  1 ms rechnen
2026-09-08T10:31:41.687Z  YSAC/2021       roh           6472 reg. Kerzen        0/0/0 von 251  Tagen gewertet (1m/5m/15m)        0 Signale  28 ms lesen  40 ms rechnen
2026-09-08T10:31:41.718Z  YSAC/2022       roh            467 reg. Kerzen        0/0/0 von 16   Tagen gewertet (1m/5m/15m)        0 Signale  11 ms lesen  5 ms rechnen
2026-09-08T10:31:53.477Z  YY/2016         roh          86674 reg. Kerzen    0/232/232 von 252  Tagen gewertet (1m/5m/15m)     6151 Signale  136 ms lesen  11607 ms rechnen
2026-09-08T10:32:07.177Z  YY/2017         roh          88408 reg. Kerzen    0/251/251 von 251  Tagen gewertet (1m/5m/15m)     6741 Signale  128 ms lesen  13379 ms rechnen
2026-09-08T10:32:21.387Z  YY/2018         roh          90468 reg. Kerzen    0/249/249 von 251  Tagen gewertet (1m/5m/15m)     6746 Signale  133 ms lesen  13809 ms rechnen
2026-09-08T10:32:34.140Z  YY/2019         roh          87173 reg. Kerzen    0/252/252 von 252  Tagen gewertet (1m/5m/15m)     6665 Signale  134 ms lesen  12381 ms rechnen
2026-09-08T10:32:48.476Z  YY/2020         roh          87924 reg. Kerzen    0/253/253 von 253  Tagen gewertet (1m/5m/15m)     6836 Signale  130 ms lesen  13985 ms rechnen
2026-09-08T10:33:02.777Z  YY/2021         roh          86596 reg. Kerzen    0/252/252 von 252  Tagen gewertet (1m/5m/15m)     6815 Signale  131 ms lesen  13932 ms rechnen
2026-09-08T10:33:21.099Z  YY/2022         roh          74850 reg. Kerzen    0/251/251 von 251  Tagen gewertet (1m/5m/15m)     6949 Signale  3074 ms lesen  15030 ms rechnen
2026-09-08T10:33:34.412Z  YY/2023         roh          69300 reg. Kerzen    0/249/250 von 250  Tagen gewertet (1m/5m/15m)     6598 Signale  136 ms lesen  12960 ms rechnen
2026-09-08T10:33:47.428Z  YY/2024         roh          75187 reg. Kerzen    0/252/252 von 252  Tagen gewertet (1m/5m/15m)     6500 Signale  114 ms lesen  12716 ms rechnen
2026-09-08T10:33:50.841Z  YY/2025         roh          16019 reg. Kerzen      0/58/59 von 59   Tagen gewertet (1m/5m/15m)     1548 Signale  38 ms lesen  3111 ms rechnen
2026-09-08T10:34:01.692Z  ZBH/2016        roh          94993 reg. Kerzen    0/232/232 von 252  Tagen gewertet (1m/5m/15m)     5593 Signale  242 ms lesen  10531 ms rechnen
2026-09-08T10:34:12.852Z  ZBH/2017        roh          91217 reg. Kerzen    0/251/251 von 251  Tagen gewertet (1m/5m/15m)     5917 Signale  132 ms lesen  10805 ms rechnen
2026-09-08T10:34:24.765Z  ZBH/2018        roh          90540 reg. Kerzen    0/251/251 von 251  Tagen gewertet (1m/5m/15m)     6203 Signale  158 ms lesen  11539 ms rechnen
2026-09-08T10:34:36.628Z  ZBH/2019        roh          92078 reg. Kerzen    0/252/252 von 252  Tagen gewertet (1m/5m/15m)     5979 Signale  123 ms lesen  11530 ms rechnen
2026-09-08T10:34:50.316Z  ZBH/2020        roh          93693 reg. Kerzen    0/253/253 von 253  Tagen gewertet (1m/5m/15m)     6658 Signale  120 ms lesen  13337 ms rechnen
2026-09-08T10:35:02.529Z  ZBH/2021        roh          92218 reg. Kerzen    0/250/250 von 252  Tagen gewertet (1m/5m/15m)     6219 Signale  215 ms lesen  11682 ms rechnen
2026-09-08T10:35:14.559Z  ZBH/2022        roh          92785 reg. Kerzen    0/229/229 von 251  Tagen gewertet (1m/5m/15m)     5998 Signale  119 ms lesen  11706 ms rechnen
2026-09-08T10:35:26.699Z  ZBH/2023        roh          92730 reg. Kerzen    0/250/250 von 250  Tagen gewertet (1m/5m/15m)     6034 Signale  173 ms lesen  11654 ms rechnen
2026-09-08T10:35:38.889Z  ZBH/2024        roh          91267 reg. Kerzen    0/252/252 von 252  Tagen gewertet (1m/5m/15m)     6083 Signale  207 ms lesen  11759 ms rechnen
2026-09-08T10:35:51.769Z  ZBH/2025        roh          92071 reg. Kerzen    0/250/250 von 250  Tagen gewertet (1m/5m/15m)     6236 Signale  132 ms lesen  12496 ms rechnen
2026-09-08T10:36:00.421Z  ZBH/2026        roh          61925 reg. Kerzen    0/166/166 von 166  Tagen gewertet (1m/5m/15m)     4331 Signale  83 ms lesen  8368 ms rechnen
2026-09-08T10:36:00.669Z  ZEST/2021       roh           9105 reg. Kerzen        0/0/0 von 105  Tagen gewertet (1m/5m/15m)        0 Signale  33 ms lesen  58 ms rechnen
2026-09-08T10:36:00.800Z  ZEST/2022       roh          11356 reg. Kerzen        0/0/0 von 251  Tagen gewertet (1m/5m/15m)        0 Signale  40 ms lesen  59 ms rechnen
2026-09-08T10:36:00.877Z  ZEST/2023       roh           5636 reg. Kerzen        0/0/0 von 53   Tagen gewertet (1m/5m/15m)        0 Signale  20 ms lesen  31 ms rechnen
2026-09-08T10:36:00.947Z  ZGM/2025        roh           3288 reg. Kerzen        0/0/0 von 80   Tagen gewertet (1m/5m/15m)        0 Signale  22 ms lesen  27 ms rechnen
2026-09-08T10:36:00.981Z  ZGM/2026        roh            776 reg. Kerzen        0/0/0 von 68   Tagen gewertet (1m/5m/15m)        0 Signale  13 ms lesen  9 ms rechnen
2026-09-08T10:36:01.110Z  ZIONL/2020      roh           4556 reg. Kerzen        0/0/0 von 251  Tagen gewertet (1m/5m/15m)        0 Signale  83 ms lesen  41 ms rechnen
2026-09-08T10:36:01.171Z  ZIONL/2021      roh           2920 reg. Kerzen        0/0/0 von 252  Tagen gewertet (1m/5m/15m)        0 Signale  27 ms lesen  23 ms rechnen
2026-09-08T10:36:01.224Z  ZIONL/2022      roh           2680 reg. Kerzen        0/0/0 von 249  Tagen gewertet (1m/5m/15m)        0 Signale  22 ms lesen  19 ms rechnen
2026-09-08T10:36:01.316Z  ZIONL/2023      roh           5563 reg. Kerzen        0/0/0 von 248  Tagen gewertet (1m/5m/15m)        0 Signale  31 ms lesen  50 ms rechnen
2026-09-08T10:36:01.393Z  ZIONL/2024      roh           3110 reg. Kerzen        0/0/0 von 241  Tagen gewertet (1m/5m/15m)        0 Signale  36 ms lesen  29 ms rechnen
2026-09-08T10:36:14.233Z  ZLTQ/2016       roh          83204 reg. Kerzen    0/232/232 von 252  Tagen gewertet (1m/5m/15m)     6223 Signale  120 ms lesen  12710 ms rechnen
2026-09-08T10:36:17.630Z  ZLTQ/2017       roh          26836 reg. Kerzen      0/80/80 von 80   Tagen gewertet (1m/5m/15m)     1561 Signale  46 ms lesen  3122 ms rechnen
2026-09-08T10:36:17.747Z  ZOM/2017        roh            513 reg. Kerzen        0/0/0 von 27   Tagen gewertet (1m/5m/15m)        0 Signale  35 ms lesen  5 ms rechnen
2026-09-08T10:36:17.853Z  ZOM/2018        roh           8911 reg. Kerzen        0/0/0 von 251  Tagen gewertet (1m/5m/15m)        0 Signale  56 ms lesen  47 ms rechnen
2026-09-08T10:36:18.051Z  ZOM/2019        roh          16959 reg. Kerzen        0/0/0 von 252  Tagen gewertet (1m/5m/15m)        0 Signale  48 ms lesen  121 ms rechnen
2026-09-08T10:36:22.874Z  ZOM/2020        roh          87863 reg. Kerzen      0/67/67 von 253  Tagen gewertet (1m/5m/15m)     1828 Signale  185 ms lesen  4598 ms rechnen
2026-09-08T10:36:38.039Z  ZOM/2021        roh          98080 reg. Kerzen    0/243/243 von 252  Tagen gewertet (1m/5m/15m)     6703 Signale  234 ms lesen  14703 ms rechnen
2026-09-08T10:36:42.600Z  ZOM/2022        roh          95310 reg. Kerzen      0/62/62 von 251  Tagen gewertet (1m/5m/15m)     1703 Signale  173 ms lesen  4150 ms rechnen
2026-09-08T10:36:43.532Z  ZOM/2023        roh          88727 reg. Kerzen        0/0/0 von 250  Tagen gewertet (1m/5m/15m)        0 Signale  155 ms lesen  523 ms rechnen
2026-09-08T10:36:44.373Z  ZOM/2024        roh          86105 reg. Kerzen        0/0/0 von 252  Tagen gewertet (1m/5m/15m)        0 Signale  137 ms lesen  465 ms rechnen
2026-09-08T10:36:44.704Z  ZOM/2025        roh          13839 reg. Kerzen        0/0/0 von 41   Tagen gewertet (1m/5m/15m)        0 Signale  41 ms lesen  69 ms rechnen
2026-09-08T10:36:55.786Z  ZTS/2016        roh          97736 reg. Kerzen    0/232/232 von 252  Tagen gewertet (1m/5m/15m)     5670 Signale  148 ms lesen  10890 ms rechnen
2026-09-08T10:37:06.859Z  ZTS/2017        roh          96278 reg. Kerzen    0/251/251 von 251  Tagen gewertet (1m/5m/15m)     5572 Signale  162 ms lesen  10656 ms rechnen
2026-09-08T10:37:18.573Z  ZTS/2018        roh          96604 reg. Kerzen    0/250/250 von 251  Tagen gewertet (1m/5m/15m)     6155 Signale  146 ms lesen  11305 ms rechnen
2026-09-08T10:37:29.942Z  ZTS/2019        roh          96984 reg. Kerzen    0/251/251 von 252  Tagen gewertet (1m/5m/15m)     5924 Signale  141 ms lesen  10990 ms rechnen
2026-09-08T10:37:42.899Z  ZTS/2020        roh          97372 reg. Kerzen    0/253/253 von 253  Tagen gewertet (1m/5m/15m)     6325 Signale  124 ms lesen  12603 ms rechnen
2026-09-08T10:37:54.670Z  ZTS/2021        roh          94807 reg. Kerzen    0/250/250 von 252  Tagen gewertet (1m/5m/15m)     5987 Signale  193 ms lesen  11268 ms rechnen
2026-09-08T10:38:07.086Z  ZTS/2022        roh          96084 reg. Kerzen    0/249/249 von 251  Tagen gewertet (1m/5m/15m)     6499 Signale  155 ms lesen  12029 ms rechnen
2026-09-08T10:38:19.880Z  ZTS/2023        roh          94896 reg. Kerzen    0/250/250 von 250  Tagen gewertet (1m/5m/15m)     6077 Signale  792 ms lesen  11708 ms rechnen
2026-09-08T10:38:32.000Z  ZTS/2024        roh          95494 reg. Kerzen    0/252/252 von 252  Tagen gewertet (1m/5m/15m)     6270 Signale  135 ms lesen  11722 ms rechnen
2026-09-08T10:38:44.721Z  ZTS/2025        roh          95928 reg. Kerzen    0/250/250 von 250  Tagen gewertet (1m/5m/15m)     6235 Signale  161 ms lesen  12288 ms rechnen
2026-09-08T10:38:53.820Z  ZTS/2026        roh          64443 reg. Kerzen    0/166/166 von 166  Tagen gewertet (1m/5m/15m)     4322 Signale  82 ms lesen  8759 ms rechnen
2026-09-08T10:38:54.042Z  ZX/2016         roh           3957 reg. Kerzen        0/0/0 von 238  Tagen gewertet (1m/5m/15m)        0 Signale  19 ms lesen  36 ms rechnen
2026-09-08T10:38:54.153Z  ZX/2017         roh           6621 reg. Kerzen        0/0/0 von 251  Tagen gewertet (1m/5m/15m)        0 Signale  51 ms lesen  51 ms rechnen
2026-09-08T10:38:54.214Z  ZX/2018         roh           4025 reg. Kerzen        0/0/0 von 113  Tagen gewertet (1m/5m/15m)        0 Signale  15 ms lesen  26 ms rechnen
2026-09-08T10:38:56.013Z  ENDE vollstaendig | 5573 Dateien | 15.16 GB | 295.342.418 reg. Kerzen | lesen 1324 s, rechnen 55209 s | ausgelassen 62 | Detektorfehler {}
Ende 08.09.2026 12:38:57,25  (Rueckgabewert 0) 
