Signalstudie Minuten: Ausgabe voll-1-1m --teil 1/8 --zeitrahmen 1m, Start 08.09.2026 16:53:58,77 

!!! WERTPAPIERART: Referenzkarte vorhanden, aber ohne Eintrag fuer GCI (erster Fall dieses Laufs; weitere werden nicht gemeldet) - solche Symbole fallen STILL aus dem Universum heraus.

2026-09-08T14:54:00.265Z  START signale-minuten-2026-09-06/v4/13x3x3x4x3+kurs | 913 Reihen (7299 Aktien, ausgeschlossen {"ETF":694,"ETN":7,"ETV":35,"FUND":16,"ETS":4,"ohne Art":1,"TEST":1,"UNIT":1}) | 13 Detektoren | Tage 2680 | Bestaetigung ab 2023-02-07 | Teil 1/8
2026-09-08T14:54:00.266Z  ZEITRAHMEN-TEIL: nur 1m - die uebrigen Zeitrahmen muessen in einem eigenen Lauf gemessen und beim Auswerten zusammengelegt werden
2026-09-08T14:54:18.715Z  AA/2016         bereinigt    23127 reg. Kerzen       40/0/0 von 60   Tagen gewertet (1m/5m/15m)     1157 Signale  2521 ms lesen  15438 ms rechnen
2026-09-08T14:55:59.624Z  AA/2017         roh          97034 reg. Kerzen      251/0/0 von 251  Tagen gewertet (1m/5m/15m)     6960 Signale  4913 ms lesen  95923 ms rechnen
2026-09-08T14:57:35.211Z  AA/2018         roh          96911 reg. Kerzen      251/0/0 von 251  Tagen gewertet (1m/5m/15m)     7288 Signale  5007 ms lesen  90294 ms rechnen
2026-09-08T14:59:07.747Z  AA/2019         roh          97463 reg. Kerzen      252/0/0 von 252  Tagen gewertet (1m/5m/15m)     7209 Signale  145 ms lesen  92058 ms rechnen
2026-09-08T15:00:46.321Z  AA/2020         roh          98051 reg. Kerzen      253/0/0 von 253  Tagen gewertet (1m/5m/15m)     7941 Signale  3117 ms lesen  95179 ms rechnen
2026-09-08T15:02:24.146Z  AA/2021         roh          97674 reg. Kerzen      251/0/0 von 252  Tagen gewertet (1m/5m/15m)     7617 Signale  4124 ms lesen  93447 ms rechnen
2026-09-08T15:03:58.545Z  AA/2022         roh          96992 reg. Kerzen      249/0/0 von 251  Tagen gewertet (1m/5m/15m)     7690 Signale  154 ms lesen  93976 ms rechnen
2026-09-08T15:05:33.310Z  AA/2023         roh          97105 reg. Kerzen      250/0/0 von 250  Tagen gewertet (1m/5m/15m)     7243 Signale  4345 ms lesen  90152 ms rechnen
2026-09-08T15:07:09.636Z  AA/2024         roh          97615 reg. Kerzen      252/0/0 von 252  Tagen gewertet (1m/5m/15m)     7186 Signale  3629 ms lesen  92444 ms rechnen
2026-09-08T15:08:40.163Z  AA/2025         roh          96862 reg. Kerzen      250/0/0 von 250  Tagen gewertet (1m/5m/15m)     7269 Signale  144 ms lesen  90096 ms rechnen
2026-09-08T15:09:46.259Z  AA/2026         roh          64648 reg. Kerzen      166/0/0 von 166  Tagen gewertet (1m/5m/15m)     4938 Signale  4536 ms lesen  61316 ms rechnen
2026-09-08T15:09:46.496Z  AAGR/2021       roh           1971 reg. Kerzen        0/0/0 von 62   Tagen gewertet (1m/5m/15m)        0 Signale  54 ms lesen  13 ms rechnen
2026-09-08T15:09:46.605Z  AAGR/2022       roh           3110 reg. Kerzen        0/0/0 von 250  Tagen gewertet (1m/5m/15m)        0 Signale  85 ms lesen  18 ms rechnen
2026-09-08T15:09:47.143Z  AAGR/2023       roh           5165 reg. Kerzen        0/0/0 von 195  Tagen gewertet (1m/5m/15m)        0 Signale  489 ms lesen  40 ms rechnen
2026-09-08T15:09:47.972Z  AAGR/2024       roh          17588 reg. Kerzen        0/0/0 von 185  Tagen gewertet (1m/5m/15m)        0 Signale  692 ms lesen  123 ms rechnen
2026-09-08T15:09:48.012Z  AUSGELASSEN AAGR/2025: Datei fehlt
2026-09-08T15:10:52.893Z  AAP/2016        roh          87882 reg. Kerzen      206/0/0 von 252  Tagen gewertet (1m/5m/15m)     4984 Signale  3425 ms lesen  61365 ms rechnen
2026-09-08T15:12:13.828Z  AAP/2017        roh          91346 reg. Kerzen      245/0/0 von 251  Tagen gewertet (1m/5m/15m)     6274 Signale  2819 ms lesen  77890 ms rechnen
2026-09-08T15:13:33.202Z  AAP/2018        roh          90646 reg. Kerzen      249/0/0 von 251  Tagen gewertet (1m/5m/15m)     6460 Signale  127 ms lesen  79013 ms rechnen
2026-09-08T15:14:52.949Z  AAP/2019        roh          92496 reg. Kerzen      251/0/0 von 252  Tagen gewertet (1m/5m/15m)     6220 Signale  697 ms lesen  78803 ms rechnen
2026-09-08T15:16:17.021Z  AAP/2020        roh          91009 reg. Kerzen      249/0/0 von 253  Tagen gewertet (1m/5m/15m)     6911 Signale  3766 ms lesen  80051 ms rechnen
2026-09-08T15:17:20.273Z  AAP/2021        roh          84736 reg. Kerzen      203/0/0 von 252  Tagen gewertet (1m/5m/15m)     5158 Signale  2748 ms lesen  60206 ms rechnen
2026-09-08T15:18:29.845Z  AAP/2022        roh          86448 reg. Kerzen      228/0/0 von 251  Tagen gewertet (1m/5m/15m)     6151 Signale  117 ms lesen  69218 ms rechnen
2026-09-08T15:19:56.502Z  AAP/2023        roh          94461 reg. Kerzen      250/0/0 von 250  Tagen gewertet (1m/5m/15m)     6800 Signale  2041 ms lesen  84383 ms rechnen
2026-09-08T15:21:25.881Z  AAP/2024        roh          94078 reg. Kerzen      250/0/0 von 252  Tagen gewertet (1m/5m/15m)     7169 Signale  4063 ms lesen  85026 ms rechnen
2026-09-08T15:22:54.333Z  AAP/2025        roh          92763 reg. Kerzen      250/0/0 von 250  Tagen gewertet (1m/5m/15m)     7460 Signale  1644 ms lesen  86603 ms rechnen
2026-09-08T15:23:49.026Z  AAP/2026        roh          59717 reg. Kerzen      160/0/0 von 166  Tagen gewertet (1m/5m/15m)     4802 Signale  95 ms lesen  54313 ms rechnen
2026-09-08T15:23:49.868Z  AAV/2016        roh          31094 reg. Kerzen        0/0/0 von 252  Tagen gewertet (1m/5m/15m)        0 Signale  456 ms lesen  216 ms rechnen
2026-09-08T15:23:50.516Z  AAV/2017        roh          24167 reg. Kerzen        0/0/0 von 251  Tagen gewertet (1m/5m/15m)        0 Signale  400 ms lesen  155 ms rechnen
2026-09-08T15:23:51.346Z  AAV/2018        roh          25961 reg. Kerzen        0/0/0 von 183  Tagen gewertet (1m/5m/15m)        0 Signale  596 ms lesen  161 ms rechnen
2026-09-08T15:23:53.930Z  ABCB/2016       roh          50868 reg. Kerzen        1/0/0 von 252  Tagen gewertet (1m/5m/15m)       34 Signale  1766 ms lesen  484 ms rechnen
2026-09-08T15:23:59.055Z  ABCB/2017       roh          48246 reg. Kerzen        4/0/0 von 251  Tagen gewertet (1m/5m/15m)      103 Signale  3456 ms lesen  1546 ms rechnen
2026-09-08T15:24:07.083Z  ABCB/2018       roh          59497 reg. Kerzen       22/0/0 von 251  Tagen gewertet (1m/5m/15m)      603 Signale  1452 ms lesen  6430 ms rechnen
2026-09-08T15:24:23.327Z  ABCB/2019       roh          70160 reg. Kerzen       53/0/0 von 252  Tagen gewertet (1m/5m/15m)     1359 Signale  1051 ms lesen  15015 ms rechnen
2026-09-08T15:24:47.343Z  ABCB/2020       roh          70424 reg. Kerzen       70/0/0 von 253  Tagen gewertet (1m/5m/15m)     2209 Signale  1763 ms lesen  22016 ms rechnen
2026-09-08T15:24:57.952Z  ABCB/2021       roh          64023 reg. Kerzen       28/0/0 von 252  Tagen gewertet (1m/5m/15m)      799 Signale  2573 ms lesen  7841 ms rechnen
2026-09-08T15:25:04.772Z  ABCB/2022       roh          59624 reg. Kerzen       12/0/0 von 251  Tagen gewertet (1m/5m/15m)      345 Signale  2731 ms lesen  3952 ms rechnen
2026-09-08T15:25:12.411Z  ABCB/2023       roh          58221 reg. Kerzen       15/0/0 von 250  Tagen gewertet (1m/5m/15m)      445 Signale  3006 ms lesen  4497 ms rechnen
2026-09-08T15:25:14.588Z  ABCB/2024       roh          51159 reg. Kerzen        2/0/0 von 252  Tagen gewertet (1m/5m/15m)       46 Signale  1177 ms lesen  835 ms rechnen
2026-09-08T15:25:18.825Z  ABCB/2025       roh          56051 reg. Kerzen        6/0/0 von 250  Tagen gewertet (1m/5m/15m)      166 Signale  2117 ms lesen  1983 ms rechnen
2026-09-08T15:25:23.094Z  ABCB/2026       roh          38258 reg. Kerzen       12/0/0 von 166  Tagen gewertet (1m/5m/15m)      291 Signale  816 ms lesen  3320 ms rechnen
2026-09-08T15:25:23.699Z  ABIL/2016       bereinigt    10311 reg. Kerzen        0/0/0 von 247  Tagen gewertet (1m/5m/15m)        0 Signale  412 ms lesen  72 ms rechnen
2026-09-08T15:25:24.388Z  ABIL/2017       bereinigt    14954 reg. Kerzen        0/0/0 von 251  Tagen gewertet (1m/5m/15m)        0 Signale  582 ms lesen  80 ms rechnen
2026-09-08T15:25:24.683Z  ABIL/2018       bereinigt    22994 reg. Kerzen        0/0/0 von 251  Tagen gewertet (1m/5m/15m)        0 Signale  93 ms lesen  155 ms rechnen
2026-09-08T15:25:24.934Z  ABIL/2019       roh          16474 reg. Kerzen        0/0/0 von 249  Tagen gewertet (1m/5m/15m)        0 Signale  55 ms lesen  115 ms rechnen
2026-09-08T15:25:25.180Z  ABP/2022        bereinigt      613 reg. Kerzen        0/0/0 von 125  Tagen gewertet (1m/5m/15m)        0 Signale  171 ms lesen  7 ms rechnen
2026-09-08T15:25:25.315Z  ABP/2023        bereinigt      885 reg. Kerzen        0/0/0 von 156  Tagen gewertet (1m/5m/15m)        0 Signale  124 ms lesen  9 ms rechnen
2026-09-08T15:25:25.437Z  ABP/2024        bereinigt     4117 reg. Kerzen        0/0/0 von 141  Tagen gewertet (1m/5m/15m)        0 Signale  88 ms lesen  30 ms rechnen
2026-09-08T15:25:28.389Z  ABP/2025        bereinigt    38948 reg. Kerzen        0/0/0 von 250  Tagen gewertet (1m/5m/15m)        0 Signale  2682 ms lesen  258 ms rechnen
2026-09-08T15:25:28.993Z  ABP/2026        roh           2885 reg. Kerzen        0/0/0 von 34   Tagen gewertet (1m/5m/15m)        0 Signale  468 ms lesen  18 ms rechnen
2026-09-08T15:25:55.852Z  ABY/2016        roh          74750 reg. Kerzen       76/0/0 von 252  Tagen gewertet (1m/5m/15m)     2149 Signale  3981 ms lesen  22843 ms rechnen
2026-09-08T15:26:19.433Z  ABY/2017        roh          65441 reg. Kerzen       81/0/0 von 219  Tagen gewertet (1m/5m/15m)     2090 Signale  1926 ms lesen  21450 ms rechnen
2026-09-08T15:26:19.659Z  ACAQ/2021       roh            168 reg. Kerzen        0/0/0 von 10   Tagen gewertet (1m/5m/15m)        0 Signale  52 ms lesen  2 ms rechnen
2026-09-08T15:26:19.744Z  ACAQ/2022       roh            639 reg. Kerzen        0/0/0 von 154  Tagen gewertet (1m/5m/15m)        0 Signale  77 ms lesen  7 ms rechnen
2026-09-08T15:26:20.150Z  ACAQ/2023       roh           2317 reg. Kerzen        0/0/0 von 114  Tagen gewertet (1m/5m/15m)        0 Signale  388 ms lesen  16 ms rechnen
2026-09-08T15:26:26.019Z  ACDC/2022       roh          42112 reg. Kerzen       12/0/0 von 160  Tagen gewertet (1m/5m/15m)      392 Signale  1486 ms lesen  4356 ms rechnen
2026-09-08T15:26:50.736Z  ACDC/2023       roh          73964 reg. Kerzen       67/0/0 von 250  Tagen gewertet (1m/5m/15m)     2071 Signale  2776 ms lesen  21819 ms rechnen
2026-09-08T15:27:17.505Z  ACDC/2024       roh          76576 reg. Kerzen       79/0/0 von 252  Tagen gewertet (1m/5m/15m)     2452 Signale  342 ms lesen  26217 ms rechnen
2026-09-08T15:27:38.964Z  ACDC/2025       roh          74474 reg. Kerzen       64/0/0 von 250  Tagen gewertet (1m/5m/15m)     1994 Signale  123 ms lesen  21100 ms rechnen
2026-09-08T15:28:22.181Z  ACDC/2026       roh          56510 reg. Kerzen      127/0/0 von 166  Tagen gewertet (1m/5m/15m)     4032 Signale  77 ms lesen  42935 ms rechnen
2026-09-08T15:28:25.527Z  ACGN/2016       roh          70716 reg. Kerzen        0/0/0 von 252  Tagen gewertet (1m/5m/15m)        0 Signale  2535 ms lesen  488 ms rechnen
2026-09-08T15:28:33.954Z  ACGN/2017       roh          70457 reg. Kerzen       16/0/0 von 251  Tagen gewertet (1m/5m/15m)      509 Signale  2102 ms lesen  6149 ms rechnen
2026-09-08T15:28:36.456Z  ACGN/2018       roh          66448 reg. Kerzen        0/0/0 von 251  Tagen gewertet (1m/5m/15m)        0 Signale  1751 ms lesen  536 ms rechnen
2026-09-08T15:28:38.133Z  ACGN/2019       roh          41933 reg. Kerzen        0/0/0 von 252  Tagen gewertet (1m/5m/15m)        0 Signale  1266 ms lesen  232 ms rechnen
2026-09-08T15:28:38.862Z  ACGN/2020       roh          33453 reg. Kerzen        0/0/0 von 253  Tagen gewertet (1m/5m/15m)        0 Signale  426 ms lesen  181 ms rechnen
2026-09-08T15:28:46.483Z  ACGN/2021       roh          62092 reg. Kerzen       14/0/0 von 252  Tagen gewertet (1m/5m/15m)      456 Signale  1912 ms lesen  5624 ms rechnen
2026-09-08T15:28:46.951Z  ACGN/2022       roh          18699 reg. Kerzen        0/0/0 von 251  Tagen gewertet (1m/5m/15m)        0 Signale  193 ms lesen  134 ms rechnen
2026-09-08T15:28:47.083Z  ACGN/2023       roh           8814 reg. Kerzen        0/0/0 von 159  Tagen gewertet (1m/5m/15m)        0 Signale  25 ms lesen  44 ms rechnen
2026-09-08T15:28:49.542Z  ACLS/2016       bereinigt    53267 reg. Kerzen        0/0/0 von 252  Tagen gewertet (1m/5m/15m)        0 Signale  2038 ms lesen  385 ms rechnen
2026-09-08T15:29:11.722Z  ACLS/2017       roh          62905 reg. Kerzen       53/0/0 von 251  Tagen gewertet (1m/5m/15m)     1579 Signale  4652 ms lesen  17340 ms rechnen
2026-09-08T15:29:23.257Z  ACLS/2018       roh          61527 reg. Kerzen       25/0/0 von 251  Tagen gewertet (1m/5m/15m)      764 Signale  2779 ms lesen  8602 ms rechnen
2026-09-08T15:29:26.344Z  ACLS/2019       roh          52169 reg. Kerzen        0/0/0 von 252  Tagen gewertet (1m/5m/15m)        0 Signale  2628 ms lesen  290 ms rechnen
2026-09-08T15:29:38.767Z  ACLS/2020       roh          63942 reg. Kerzen       32/0/0 von 253  Tagen gewertet (1m/5m/15m)      972 Signale  1968 ms lesen  10341 ms rechnen
2026-09-08T15:29:51.877Z  ACLS/2021       roh          62065 reg. Kerzen       35/0/0 von 252  Tagen gewertet (1m/5m/15m)     1035 Signale  1893 ms lesen  11015 ms rechnen
2026-09-08T15:30:16.972Z  ACLS/2022       roh          70897 reg. Kerzen       72/0/0 von 251  Tagen gewertet (1m/5m/15m)     2241 Signale  2513 ms lesen  22391 ms rechnen
2026-09-08T15:30:50.636Z  ACLS/2023       roh          74194 reg. Kerzen       93/0/0 von 250  Tagen gewertet (1m/5m/15m)     2754 Signale  4948 ms lesen  28560 ms rechnen
2026-09-08T15:31:18.926Z  ACLS/2024       roh          72806 reg. Kerzen       82/0/0 von 252  Tagen gewertet (1m/5m/15m)     2400 Signale  2414 ms lesen  25693 ms rechnen
2026-09-08T15:31:46.965Z  ACLS/2025       roh          70762 reg. Kerzen       75/0/0 von 250  Tagen gewertet (1m/5m/15m)     2250 Signale  3594 ms lesen  24202 ms rechnen
2026-09-08T15:32:07.104Z  ACLS/2026       roh          46891 reg. Kerzen       51/0/0 von 166  Tagen gewertet (1m/5m/15m)     1552 Signale  3051 ms lesen  16862 ms rechnen
2026-09-08T15:32:07.262Z  ACQR/2021       roh           2348 reg. Kerzen        0/0/0 von 114  Tagen gewertet (1m/5m/15m)        0 Signale  18 ms lesen  12 ms rechnen
2026-09-08T15:32:07.317Z  ACQR/2022       roh           3384 reg. Kerzen        0/0/0 von 218  Tagen gewertet (1m/5m/15m)        0 Signale  24 ms lesen  22 ms rechnen
2026-09-08T15:32:07.347Z  ACQR/2023       roh            786 reg. Kerzen        0/0/0 von 42   Tagen gewertet (1m/5m/15m)        0 Signale  14 ms lesen  6 ms rechnen
2026-09-08T15:32:07.411Z  ACTD/2021       roh           3966 reg. Kerzen        0/0/0 von 143  Tagen gewertet (1m/5m/15m)        0 Signale  29 ms lesen  23 ms rechnen
2026-09-08T15:32:07.483Z  ACTD/2022       roh           6469 reg. Kerzen        0/0/0 von 134  Tagen gewertet (1m/5m/15m)        0 Signale  21 ms lesen  38 ms rechnen
2026-09-08T15:32:07.887Z  ADAP/2016       roh          45570 reg. Kerzen        0/0/0 von 252  Tagen gewertet (1m/5m/15m)        0 Signale  88 ms lesen  292 ms rechnen
2026-09-08T15:32:08.358Z  ADAP/2017       roh          48063 reg. Kerzen        0/0/0 von 251  Tagen gewertet (1m/5m/15m)        0 Signale  71 ms lesen  286 ms rechnen
2026-09-08T15:32:14.585Z  ADAP/2018       roh          66831 reg. Kerzen       17/0/0 von 251  Tagen gewertet (1m/5m/15m)      544 Signale  95 ms lesen  5989 ms rechnen
2026-09-08T15:32:15.196Z  ADAP/2019       roh          54645 reg. Kerzen        0/0/0 von 252  Tagen gewertet (1m/5m/15m)        0 Signale  90 ms lesen  322 ms rechnen
2026-09-08T15:32:43.036Z  ADAP/2020       roh          71433 reg. Kerzen       79/0/0 von 253  Tagen gewertet (1m/5m/15m)     2518 Signale  102 ms lesen  27571 ms rechnen
2026-09-08T15:32:59.079Z  ADAP/2021       roh          73198 reg. Kerzen       45/0/0 von 252  Tagen gewertet (1m/5m/15m)     1476 Signale  82 ms lesen  15758 ms rechnen
2026-09-08T15:32:59.744Z  ADAP/2022       roh          52694 reg. Kerzen        0/0/0 von 251  Tagen gewertet (1m/5m/15m)        0 Signale  77 ms lesen  369 ms rechnen
2026-09-08T15:33:00.300Z  ADAP/2023       roh          52662 reg. Kerzen        0/0/0 von 250  Tagen gewertet (1m/5m/15m)        0 Signale  75 ms lesen  335 ms rechnen
2026-09-08T15:33:01.019Z  ADAP/2024       roh          69211 reg. Kerzen        0/0/0 von 252  Tagen gewertet (1m/5m/15m)        0 Signale  118 ms lesen  445 ms rechnen
2026-09-08T15:33:10.182Z  ADAP/2025       roh          54441 reg. Kerzen       13/0/0 von 205  Tagen gewertet (1m/5m/15m)      452 Signale  3033 ms lesen  5914 ms rechnen
2026-09-08T15:33:10.860Z  ADGE/2016       roh           5410 reg. Kerzen        0/0/0 von 250  Tagen gewertet (1m/5m/15m)        0 Signale  467 ms lesen  27 ms rechnen
2026-09-08T15:33:10.970Z  ADGE/2017       roh           1569 reg. Kerzen        0/0/0 von 95   Tagen gewertet (1m/5m/15m)        0 Signale  84 ms lesen  15 ms rechnen
2026-09-08T15:33:11.217Z  ADN/2019        bereinigt      521 reg. Kerzen        0/0/0 von 130  Tagen gewertet (1m/5m/15m)        0 Signale  166 ms lesen  5 ms rechnen
2026-09-08T15:33:17.175Z  ADN/2020        bereinigt    13965 reg. Kerzen       14/0/0 von 230  Tagen gewertet (1m/5m/15m)      421 Signale  583 ms lesen  5372 ms rechnen
2026-09-08T15:33:34.366Z  ADN/2021        bereinigt    65721 reg. Kerzen       47/0/0 von 252  Tagen gewertet (1m/5m/15m)     1553 Signale  204 ms lesen  16943 ms rechnen
2026-09-08T15:33:40.883Z  ADN/2022        bereinigt    68958 reg. Kerzen        5/0/0 von 251  Tagen gewertet (1m/5m/15m)      162 Signale  3964 ms lesen  2355 ms rechnen
2026-09-08T15:33:43.303Z  ADN/2023        bereinigt    43638 reg. Kerzen        0/0/0 von 250  Tagen gewertet (1m/5m/15m)        0 Signale  1887 ms lesen  303 ms rechnen
2026-09-08T15:33:45.143Z  ADN/2024        bereinigt    25624 reg. Kerzen        0/0/0 von 252  Tagen gewertet (1m/5m/15m)        0 Signale  1541 ms lesen  165 ms rechnen
2026-09-08T15:33:45.565Z  ADN/2025        roh          14723 reg. Kerzen        0/0/0 von 207  Tagen gewertet (1m/5m/15m)        0 Signale  226 ms lesen  107 ms rechnen
2026-09-08T15:35:08.293Z  ADSK/2016       roh          96754 reg. Kerzen      232/0/0 von 252  Tagen gewertet (1m/5m/15m)     5897 Signale  2114 ms lesen  80241 ms rechnen
2026-09-08T15:36:33.753Z  ADSK/2017       roh          95489 reg. Kerzen      251/0/0 von 251  Tagen gewertet (1m/5m/15m)     6201 Signale  2983 ms lesen  82206 ms rechnen
2026-09-08T15:38:03.507Z  ADSK/2018       roh          94939 reg. Kerzen      249/0/0 von 251  Tagen gewertet (1m/5m/15m)     6752 Signale  3660 ms lesen  85772 ms rechnen
2026-09-08T15:39:31.364Z  ADSK/2019       roh          95953 reg. Kerzen      252/0/0 von 252  Tagen gewertet (1m/5m/15m)     6272 Signale  5308 ms lesen  82291 ms rechnen
2026-09-08T15:41:03.106Z  ADSK/2020       roh          95977 reg. Kerzen      253/0/0 von 253  Tagen gewertet (1m/5m/15m)     7095 Signale  4365 ms lesen  87102 ms rechnen
2026-09-08T15:42:28.023Z  ADSK/2021       roh          93654 reg. Kerzen      251/0/0 von 252  Tagen gewertet (1m/5m/15m)     6577 Signale  3808 ms lesen  80833 ms rechnen
2026-09-08T15:43:57.383Z  ADSK/2022       roh          95371 reg. Kerzen      251/0/0 von 251  Tagen gewertet (1m/5m/15m)     7228 Signale  144 ms lesen  88938 ms rechnen
2026-09-08T15:45:19.584Z  ADSK/2023       roh          92363 reg. Kerzen      247/0/0 von 250  Tagen gewertet (1m/5m/15m)     6386 Signale  3026 ms lesen  78885 ms rechnen
2026-09-08T15:46:36.244Z  ADSK/2024       roh          89782 reg. Kerzen      245/0/0 von 252  Tagen gewertet (1m/5m/15m)     5862 Signale  3040 ms lesen  73376 ms rechnen
2026-09-08T15:47:55.375Z  ADSK/2025       roh          89332 reg. Kerzen      238/0/0 von 250  Tagen gewertet (1m/5m/15m)     5751 Signale  4509 ms lesen  74351 ms rechnen
2026-09-08T15:48:54.315Z  ADSK/2026       roh          63676 reg. Kerzen      166/0/0 von 166  Tagen gewertet (1m/5m/15m)     4530 Signale  209 ms lesen  58459 ms rechnen
2026-09-08T15:48:54.666Z  ADYX/2017       roh           3682 reg. Kerzen        0/0/0 von 59   Tagen gewertet (1m/5m/15m)        0 Signale  152 ms lesen  25 ms rechnen
2026-09-08T15:48:55.351Z  ADYX/2018       roh           9892 reg. Kerzen        0/0/0 von 251  Tagen gewertet (1m/5m/15m)        0 Signale  609 ms lesen  68 ms rechnen
2026-09-08T15:48:55.529Z  ADYX/2019       roh           7450 reg. Kerzen        0/0/0 von 112  Tagen gewertet (1m/5m/15m)        0 Signale  80 ms lesen  62 ms rechnen
2026-09-08T15:48:58.157Z  AEGR/2016       roh          58113 reg. Kerzen        0/0/0 von 230  Tagen gewertet (1m/5m/15m)        0 Signale  2177 ms lesen  388 ms rechnen
2026-09-08T15:50:19.048Z  AEP/2016        roh          97928 reg. Kerzen      232/0/0 von 252  Tagen gewertet (1m/5m/15m)     5232 Signale  3163 ms lesen  77488 ms rechnen
2026-09-08T15:51:44.581Z  AEP/2017        roh          96993 reg. Kerzen      251/0/0 von 251  Tagen gewertet (1m/5m/15m)     5266 Signale  2962 ms lesen  82334 ms rechnen
2026-09-08T15:53:08.953Z  AEP/2018        roh          97206 reg. Kerzen      251/0/0 von 251  Tagen gewertet (1m/5m/15m)     5655 Signale  2224 ms lesen  81875 ms rechnen
2026-09-08T15:54:34.532Z  AEP/2019        roh          97300 reg. Kerzen      252/0/0 von 252  Tagen gewertet (1m/5m/15m)     5406 Signale  3792 ms lesen  81561 ms rechnen
2026-09-08T15:56:05.188Z  AEP/2020        roh          98100 reg. Kerzen      253/0/0 von 253  Tagen gewertet (1m/5m/15m)     6394 Signale  3133 ms lesen  87302 ms rechnen
2026-09-08T15:57:31.743Z  AEP/2021        roh          97829 reg. Kerzen      252/0/0 von 252  Tagen gewertet (1m/5m/15m)     5623 Signale  3363 ms lesen  82884 ms rechnen
2026-09-08T15:58:56.815Z  AEP/2022        roh          97563 reg. Kerzen      251/0/0 von 251  Tagen gewertet (1m/5m/15m)     6018 Signale  178 ms lesen  84629 ms rechnen
2026-09-08T16:00:24.655Z  AEP/2023        roh          97020 reg. Kerzen      250/0/0 von 250  Tagen gewertet (1m/5m/15m)     5975 Signale  3966 ms lesen  83647 ms rechnen
2026-09-08T16:01:52.625Z  AEP/2024        roh          97249 reg. Kerzen      252/0/0 von 252  Tagen gewertet (1m/5m/15m)     5620 Signale  3506 ms lesen  84181 ms rechnen
2026-09-08T16:03:16.045Z  AEP/2025        roh          96305 reg. Kerzen      250/0/0 von 250  Tagen gewertet (1m/5m/15m)     5656 Signale  139 ms lesen  83027 ms rechnen
2026-09-08T16:04:14.242Z  AEP/2026        roh          64313 reg. Kerzen      166/0/0 von 166  Tagen gewertet (1m/5m/15m)     3871 Signale  1958 ms lesen  55965 ms rechnen
2026-09-08T16:05:37.816Z  AET/2016        roh          97548 reg. Kerzen      232/0/0 von 252  Tagen gewertet (1m/5m/15m)     5565 Signale  3748 ms lesen  79346 ms rechnen
2026-09-08T16:07:02.197Z  AET/2017        roh          95937 reg. Kerzen      251/0/0 von 251  Tagen gewertet (1m/5m/15m)     5672 Signale  3549 ms lesen  80574 ms rechnen
2026-09-08T16:08:14.536Z  AET/2018        roh          84474 reg. Kerzen      229/0/0 von 230  Tagen gewertet (1m/5m/15m)     4753 Signale  2730 ms lesen  69377 ms rechnen
2026-09-08T16:08:15.198Z  AFAR/2022       roh            350 reg. Kerzen        0/0/0 von 99   Tagen gewertet (1m/5m/15m)        0 Signale  445 ms lesen  4 ms rechnen
2026-09-08T16:08:15.346Z  AFAR/2023       roh            640 reg. Kerzen        0/0/0 von 137  Tagen gewertet (1m/5m/15m)        0 Signale  140 ms lesen  6 ms rechnen
2026-09-08T16:08:15.454Z  AFAR/2024       roh            419 reg. Kerzen        0/0/0 von 67   Tagen gewertet (1m/5m/15m)        0 Signale  101 ms lesen  4 ms rechnen
2026-09-08T16:08:16.789Z  AFIB/2020       roh          17316 reg. Kerzen        1/0/0 von 103  Tagen gewertet (1m/5m/15m)       27 Signale  932 ms lesen  400 ms rechnen
2026-09-08T16:08:19.961Z  AFIB/2021       roh          53345 reg. Kerzen        4/0/0 von 252  Tagen gewertet (1m/5m/15m)      136 Signale  1357 ms lesen  1770 ms rechnen
2026-09-08T16:08:22.376Z  AFIB/2022       roh          43584 reg. Kerzen        0/0/0 von 251  Tagen gewertet (1m/5m/15m)        0 Signale  2003 ms lesen  249 ms rechnen
2026-09-08T16:08:24.304Z  AFIB/2023       roh          19247 reg. Kerzen        0/0/0 von 250  Tagen gewertet (1m/5m/15m)        0 Signale  1713 ms lesen  101 ms rechnen
2026-09-08T16:08:24.581Z  AFIB/2024       roh           9243 reg. Kerzen        0/0/0 von 89   Tagen gewertet (1m/5m/15m)        0 Signale  162 ms lesen  62 ms rechnen
2026-09-08T16:08:24.614Z  AUSGELASSEN AFIB/2025: Datei fehlt
2026-09-08T16:08:25.420Z  AGAC/2021       roh           8152 reg. Kerzen        0/0/0 von 191  Tagen gewertet (1m/5m/15m)        0 Signale  752 ms lesen  52 ms rechnen
2026-09-08T16:08:25.724Z  AGAC/2022       roh           2252 reg. Kerzen        0/0/0 von 237  Tagen gewertet (1m/5m/15m)        0 Signale  271 ms lesen  17 ms rechnen
2026-09-08T16:08:25.892Z  AGAC/2023       roh           1068 reg. Kerzen        0/0/0 von 136  Tagen gewertet (1m/5m/15m)        0 Signale  151 ms lesen  8 ms rechnen
2026-09-08T16:08:47.808Z  AGFY/2021       bereinigt    61954 reg. Kerzen       49/0/0 von 235  Tagen gewertet (1m/5m/15m)     1584 Signale  4675 ms lesen  17213 ms rechnen
2026-09-08T16:08:55.047Z  AGFY/2022       bereinigt    60796 reg. Kerzen       12/0/0 von 251  Tagen gewertet (1m/5m/15m)      390 Signale  1881 ms lesen  5207 ms rechnen
2026-09-08T16:08:57.789Z  AGFY/2023       bereinigt    25726 reg. Kerzen        0/0/0 von 250  Tagen gewertet (1m/5m/15m)        0 Signale  2393 ms lesen  171 ms rechnen
2026-09-08T16:09:00.807Z  AGFY/2024       bereinigt    31216 reg. Kerzen        0/0/0 von 252  Tagen gewertet (1m/5m/15m)        0 Signale  2768 ms lesen  183 ms rechnen
2026-09-08T16:09:01.742Z  AGFY/2025       roh           4697 reg. Kerzen        0/0/0 von 164  Tagen gewertet (1m/5m/15m)        0 Signale  827 ms lesen  34 ms rechnen
2026-09-08T16:09:01.948Z  AGLE/2016       roh           9507 reg. Kerzen        0/0/0 von 187  Tagen gewertet (1m/5m/15m)        0 Signale  121 ms lesen  55 ms rechnen
2026-09-08T16:09:03.268Z  AGLE/2017       roh          16113 reg. Kerzen        0/0/0 von 251  Tagen gewertet (1m/5m/15m)        0 Signale  1200 ms lesen  87 ms rechnen
2026-09-08T16:09:04.977Z  AGLE/2018       roh          36727 reg. Kerzen        0/0/0 von 251  Tagen gewertet (1m/5m/15m)        0 Signale  1423 ms lesen  233 ms rechnen
2026-09-08T16:09:05.623Z  AGLE/2019       roh          26836 reg. Kerzen        0/0/0 von 252  Tagen gewertet (1m/5m/15m)        0 Signale  410 ms lesen  145 ms rechnen
2026-09-08T16:09:07.168Z  AGLE/2020       roh          38490 reg. Kerzen        0/0/0 von 253  Tagen gewertet (1m/5m/15m)        0 Signale  1245 ms lesen  239 ms rechnen
2026-09-08T16:09:07.526Z  AGLE/2021       roh          34758 reg. Kerzen        0/0/0 von 252  Tagen gewertet (1m/5m/15m)        0 Signale  67 ms lesen  207 ms rechnen
2026-09-08T16:09:10.288Z  AGLE/2022       roh          46195 reg. Kerzen        0/0/0 von 251  Tagen gewertet (1m/5m/15m)        0 Signale  2393 ms lesen  293 ms rechnen
2026-09-08T16:09:12.453Z  AGLE/2023       roh          30326 reg. Kerzen        0/0/0 von 227  Tagen gewertet (1m/5m/15m)        0 Signale  1849 ms lesen  206 ms rechnen
2026-09-08T16:09:24.319Z  AGRO/2016       roh          69836 reg. Kerzen       27/0/0 von 252  Tagen gewertet (1m/5m/15m)      721 Signale  3440 ms lesen  8268 ms rechnen
2026-09-08T16:09:47.484Z  AGRO/2017       roh          72372 reg. Kerzen       73/0/0 von 251  Tagen gewertet (1m/5m/15m)     1990 Signale  1468 ms lesen  21506 ms rechnen
2026-09-08T16:09:52.107Z  AGRO/2018       roh          63731 reg. Kerzen        8/0/0 von 251  Tagen gewertet (1m/5m/15m)      246 Signale  1577 ms lesen  2811 ms rechnen
2026-09-08T16:09:55.502Z  AGRO/2019       roh          53596 reg. Kerzen        0/0/0 von 252  Tagen gewertet (1m/5m/15m)        0 Signale  2944 ms lesen  299 ms rechnen
2026-09-08T16:09:57.365Z  AGRO/2020       roh          48535 reg. Kerzen        0/0/0 von 253  Tagen gewertet (1m/5m/15m)        0 Signale  1431 ms lesen  275 ms rechnen
2026-09-08T16:10:22.808Z  AGRO/2021       roh          73934 reg. Kerzen       76/0/0 von 252  Tagen gewertet (1m/5m/15m)     2172 Signale  2152 ms lesen  23127 ms rechnen
2026-09-08T16:10:55.533Z  AGRO/2022       roh          79470 reg. Kerzen       91/0/0 von 251  Tagen gewertet (1m/5m/15m)     2776 Signale  2436 ms lesen  30088 ms rechnen
2026-09-08T16:11:02.903Z  AGRO/2023       roh          68830 reg. Kerzen       14/0/0 von 250  Tagen gewertet (1m/5m/15m)      408 Signale  2323 ms lesen  4846 ms rechnen
2026-09-08T16:11:14.985Z  AGRO/2024       roh          68970 reg. Kerzen       36/0/0 von 252  Tagen gewertet (1m/5m/15m)      941 Signale  1354 ms lesen  10542 ms rechnen
2026-09-08T16:11:23.254Z  AGRO/2025       roh          60717 reg. Kerzen       19/0/0 von 250  Tagen gewertet (1m/5m/15m)      555 Signale  1871 ms lesen  6206 ms rechnen
2026-09-08T16:11:44.971Z  AGRO/2026       roh          47764 reg. Kerzen       61/0/0 von 166  Tagen gewertet (1m/5m/15m)     1871 Signale  1896 ms lesen  19657 ms rechnen
2026-09-08T16:11:45.197Z  AHAC/2020       roh            443 reg. Kerzen        0/0/0 von 22   Tagen gewertet (1m/5m/15m)        0 Signale  99 ms lesen  3 ms rechnen
2026-09-08T16:11:48.106Z  AHAC/2021       roh          21604 reg. Kerzen        4/0/0 von 164  Tagen gewertet (1m/5m/15m)      129 Signale  1583 ms lesen  1324 ms rechnen
2026-09-08T16:11:48.747Z  AHPA/2017       roh            560 reg. Kerzen        0/0/0 von 122  Tagen gewertet (1m/5m/15m)        0 Signale  120 ms lesen  5 ms rechnen
2026-09-08T16:11:48.827Z  AHPA/2018       roh            825 reg. Kerzen        0/0/0 von 134  Tagen gewertet (1m/5m/15m)        0 Signale  71 ms lesen  7 ms rechnen
2026-09-08T16:11:48.831Z  AUSGELASSEN AHPA/2019: Datei fehlt
2026-09-08T16:11:48.835Z  AUSGELASSEN AHPA/2020: Datei fehlt
2026-09-08T16:11:48.914Z  AHPA/2021       roh            443 reg. Kerzen        0/0/0 von 36   Tagen gewertet (1m/5m/15m)        0 Signale  76 ms lesen  3 ms rechnen
2026-09-08T16:11:48.987Z  AHPA/2022       roh           1872 reg. Kerzen        0/0/0 von 145  Tagen gewertet (1m/5m/15m)        0 Signale  60 ms lesen  11 ms rechnen
2026-09-08T16:11:49.435Z  AIH/2019        roh           2797 reg. Kerzen        0/0/0 von 46   Tagen gewertet (1m/5m/15m)        0 Signale  412 ms lesen  17 ms rechnen
2026-09-08T16:11:49.905Z  AIH/2020        roh          18091 reg. Kerzen        0/0/0 von 253  Tagen gewertet (1m/5m/15m)        0 Signale  363 ms lesen  100 ms rechnen
2026-09-08T16:11:50.826Z  AIH/2021        roh          19478 reg. Kerzen        0/0/0 von 252  Tagen gewertet (1m/5m/15m)        0 Signale  754 ms lesen  120 ms rechnen
2026-09-08T16:11:50.986Z  AIH/2022        roh           3675 reg. Kerzen        0/0/0 von 240  Tagen gewertet (1m/5m/15m)        0 Signale  86 ms lesen  18 ms rechnen
2026-09-08T16:11:51.446Z  AIH/2023        roh           1872 reg. Kerzen        0/0/0 von 227  Tagen gewertet (1m/5m/15m)        0 Signale  437 ms lesen  16 ms rechnen
2026-09-08T16:11:51.570Z  AIH/2024        roh           2775 reg. Kerzen        0/0/0 von 95   Tagen gewertet (1m/5m/15m)        0 Signale  106 ms lesen  13 ms rechnen
2026-09-08T16:11:53.016Z  AIPT/2018       roh          15958 reg. Kerzen        0/0/0 von 228  Tagen gewertet (1m/5m/15m)        0 Signale  1335 ms lesen  86 ms rechnen
2026-09-08T16:11:53.208Z  AIPT/2019       roh           5779 reg. Kerzen        0/0/0 von 113  Tagen gewertet (1m/5m/15m)        0 Signale  123 ms lesen  35 ms rechnen
2026-09-08T16:11:53.813Z  AIXG/2016       roh           8976 reg. Kerzen        0/0/0 von 252  Tagen gewertet (1m/5m/15m)        0 Signale  508 ms lesen  48 ms rechnen
2026-09-08T16:11:56.629Z  AKCA/2017       roh          29696 reg. Kerzen        8/0/0 von 118  Tagen gewertet (1m/5m/15m)      252 Signale  46 ms lesen  2744 ms rechnen
2026-09-08T16:12:00.566Z  AKCA/2018       roh          54532 reg. Kerzen        6/0/0 von 250  Tagen gewertet (1m/5m/15m)      192 Signale  1507 ms lesen  2345 ms rechnen
2026-09-08T16:12:01.098Z  AKCA/2019       roh          49766 reg. Kerzen        0/0/0 von 252  Tagen gewertet (1m/5m/15m)        0 Signale  82 ms lesen  295 ms rechnen
2026-09-08T16:12:01.929Z  AKCA/2020       roh          46319 reg. Kerzen        1/0/0 von 196  Tagen gewertet (1m/5m/15m)       10 Signale  91 ms lesen  608 ms rechnen
2026-09-08T16:13:22.868Z  AKRX/2016       roh          94754 reg. Kerzen      232/0/0 von 252  Tagen gewertet (1m/5m/15m)     6911 Signale  156 ms lesen  80653 ms rechnen
2026-09-08T16:14:43.118Z  AKRX/2017       roh          91118 reg. Kerzen      238/0/0 von 251  Tagen gewertet (1m/5m/15m)     5314 Signale  3882 ms lesen  76140 ms rechnen
2026-09-08T16:16:09.469Z  AKRX/2018       roh          91315 reg. Kerzen      242/0/0 von 251  Tagen gewertet (1m/5m/15m)     7221 Signale  2714 ms lesen  83383 ms rechnen
2026-09-08T16:17:12.653Z  AKRX/2019       roh          90721 reg. Kerzen      165/0/0 von 252  Tagen gewertet (1m/5m/15m)     5284 Signale  3855 ms lesen  59075 ms rechnen
2026-09-08T16:17:14.055Z  AKRX/2020       roh          38263 reg. Kerzen        2/0/0 von 103  Tagen gewertet (1m/5m/15m)       64 Signale  61 ms lesen  1083 ms rechnen
2026-09-08T16:18:25.911Z  ALB/2016        roh          93013 reg. Kerzen      223/0/0 von 252  Tagen gewertet (1m/5m/15m)     5575 Signale  136 ms lesen  71583 ms rechnen
2026-09-08T16:19:45.242Z  ALB/2017        roh          91340 reg. Kerzen      250/0/0 von 251  Tagen gewertet (1m/5m/15m)     5987 Signale  3070 ms lesen  76033 ms rechnen
2026-09-08T16:21:15.187Z  ALB/2018        roh          95081 reg. Kerzen      251/0/0 von 251  Tagen gewertet (1m/5m/15m)     6722 Signale  6618 ms lesen  83062 ms rechnen
2026-09-08T16:22:41.324Z  ALB/2019        roh          95691 reg. Kerzen      252/0/0 von 252  Tagen gewertet (1m/5m/15m)     6574 Signale  2709 ms lesen  83148 ms rechnen
2026-09-08T16:24:11.283Z  ALB/2020        roh          95449 reg. Kerzen      252/0/0 von 253  Tagen gewertet (1m/5m/15m)     7279 Signale  145 ms lesen  89574 ms rechnen
2026-09-08T16:25:38.940Z  ALB/2021        roh          91498 reg. Kerzen      247/0/0 von 252  Tagen gewertet (1m/5m/15m)     6951 Signale  4522 ms lesen  82879 ms rechnen
2026-09-08T16:27:08.018Z  ALB/2022        roh          92637 reg. Kerzen      249/0/0 von 251  Tagen gewertet (1m/5m/15m)     7385 Signale  2067 ms lesen  86782 ms rechnen
2026-09-08T16:28:35.293Z  ALB/2023        roh          95626 reg. Kerzen      250/0/0 von 250  Tagen gewertet (1m/5m/15m)     6984 Signale  148 ms lesen  86876 ms rechnen
2026-09-08T16:30:07.077Z  ALB/2024        roh          96520 reg. Kerzen      252/0/0 von 252  Tagen gewertet (1m/5m/15m)     7421 Signale  2251 ms lesen  89252 ms rechnen
2026-09-08T16:31:42.020Z  ALB/2025        roh          95829 reg. Kerzen      250/0/0 von 250  Tagen gewertet (1m/5m/15m)     7352 Signale  2589 ms lesen  92103 ms rechnen
2026-09-08T16:31:44.344Z  CHECKPOINT 200 Dateien, 98 min, Detektorfehler {}
2026-09-08T16:32:46.286Z  ALB/2026        roh          62674 reg. Kerzen      166/0/0 von 166  Tagen gewertet (1m/5m/15m)     4917 Signale  2709 ms lesen  59233 ms rechnen
2026-09-08T16:32:46.758Z  ALDW/2016       roh          40649 reg. Kerzen        0/0/0 von 252  Tagen gewertet (1m/5m/15m)        0 Signale  70 ms lesen  242 ms rechnen
2026-09-08T16:32:47.102Z  ALDW/2017       roh          29044 reg. Kerzen        0/0/0 von 251  Tagen gewertet (1m/5m/15m)        0 Signale  74 ms lesen  155 ms rechnen
2026-09-08T16:32:47.259Z  ALDW/2018       roh           4554 reg. Kerzen        0/0/0 von 25   Tagen gewertet (1m/5m/15m)        0 Signale  45 ms lesen  26 ms rechnen
2026-09-08T16:33:00.576Z  ALHC/2021       roh          48402 reg. Kerzen       39/0/0 von 195  Tagen gewertet (1m/5m/15m)     1211 Signale  113 ms lesen  13188 ms rechnen
2026-09-08T16:33:37.314Z  ALHC/2022       roh          74071 reg. Kerzen      114/0/0 von 251  Tagen gewertet (1m/5m/15m)     3455 Signale  90 ms lesen  36534 ms rechnen
2026-09-08T16:33:57.221Z  ALHC/2023       roh          74512 reg. Kerzen       53/0/0 von 250  Tagen gewertet (1m/5m/15m)     1656 Signale  2304 ms lesen  17365 ms rechnen
2026-09-08T16:34:22.630Z  ALHC/2024       roh          76349 reg. Kerzen       68/0/0 von 252  Tagen gewertet (1m/5m/15m)     2138 Signale  2665 ms lesen  22538 ms rechnen
2026-09-08T16:35:47.084Z  ALHC/2025       roh          91828 reg. Kerzen      245/0/0 von 250  Tagen gewertet (1m/5m/15m)     7288 Signale  1415 ms lesen  82862 ms rechnen
2026-09-08T16:36:47.233Z  ALHC/2026       roh          63012 reg. Kerzen      166/0/0 von 166  Tagen gewertet (1m/5m/15m)     5063 Signale  921 ms lesen  58937 ms rechnen
2026-09-08T16:36:55.542Z  ALKT/2021       roh          37469 reg. Kerzen       20/0/0 von 183  Tagen gewertet (1m/5m/15m)      611 Signale  974 ms lesen  7160 ms rechnen
2026-09-08T16:37:01.093Z  ALKT/2022       roh          55185 reg. Kerzen        4/0/0 von 251  Tagen gewertet (1m/5m/15m)      125 Signale  4078 ms lesen  1369 ms rechnen
2026-09-08T16:37:04.909Z  ALKT/2023       roh          53265 reg. Kerzen        3/0/0 von 250  Tagen gewertet (1m/5m/15m)       93 Signale  2487 ms lesen  1188 ms rechnen
2026-09-08T16:37:17.813Z  ALKT/2024       roh          62660 reg. Kerzen       41/0/0 von 252  Tagen gewertet (1m/5m/15m)     1225 Signale  108 ms lesen  12650 ms rechnen
2026-09-08T16:38:02.547Z  ALKT/2025       roh          78796 reg. Kerzen      145/0/0 von 250  Tagen gewertet (1m/5m/15m)     4192 Signale  119 ms lesen  44433 ms rechnen
2026-09-08T16:38:51.948Z  ALKT/2026       roh          57277 reg. Kerzen      142/0/0 von 166  Tagen gewertet (1m/5m/15m)     4270 Signale  2428 ms lesen  46744 ms rechnen
2026-09-08T16:40:01.502Z  ALNY/2016       roh          87631 reg. Kerzen      199/0/0 von 252  Tagen gewertet (1m/5m/15m)     6150 Signale  2552 ms lesen  66824 ms rechnen
2026-09-08T16:41:16.739Z  ALNY/2017       roh          86076 reg. Kerzen      218/0/0 von 251  Tagen gewertet (1m/5m/15m)     6629 Signale  5608 ms lesen  69378 ms rechnen
2026-09-08T16:42:23.675Z  ALNY/2018       roh          84148 reg. Kerzen      194/0/0 von 251  Tagen gewertet (1m/5m/15m)     5865 Signale  3278 ms lesen  63403 ms rechnen
2026-09-08T16:43:19.105Z  ALNY/2019       roh          82135 reg. Kerzen      179/0/0 von 252  Tagen gewertet (1m/5m/15m)     5079 Signale  127 ms lesen  55065 ms rechnen
2026-09-08T16:44:15.493Z  ALNY/2020       roh          81260 reg. Kerzen      173/0/0 von 253  Tagen gewertet (1m/5m/15m)     5125 Signale  2637 ms lesen  53552 ms rechnen
2026-09-08T16:44:49.054Z  ALNY/2021       roh          74450 reg. Kerzen      100/0/0 von 252  Tagen gewertet (1m/5m/15m)     2985 Signale  2383 ms lesen  30963 ms rechnen
2026-09-08T16:45:38.437Z  ALNY/2022       roh          79839 reg. Kerzen      155/0/0 von 251  Tagen gewertet (1m/5m/15m)     4545 Signale  1804 ms lesen  47367 ms rechnen
2026-09-08T16:45:57.898Z  ALNY/2023       roh          69358 reg. Kerzen       55/0/0 von 249  Tagen gewertet (1m/5m/15m)     1566 Signale  2431 ms lesen  16792 ms rechnen
2026-09-08T16:46:24.221Z  ALNY/2024       roh          72351 reg. Kerzen       80/0/0 von 252  Tagen gewertet (1m/5m/15m)     2220 Signale  2093 ms lesen  24020 ms rechnen
2026-09-08T16:47:10.263Z  ALNY/2025       roh          77547 reg. Kerzen      127/0/0 von 250  Tagen gewertet (1m/5m/15m)     3601 Signale  5895 ms lesen  39948 ms rechnen
2026-09-08T16:48:08.403Z  ALNY/2026       roh          62444 reg. Kerzen      166/0/0 von 166  Tagen gewertet (1m/5m/15m)     4759 Signale  96 ms lesen  57859 ms rechnen
2026-09-08T16:48:49.089Z  ALR/2016        roh          80333 reg. Kerzen      127/0/0 von 252  Tagen gewertet (1m/5m/15m)     3075 Signale  3513 ms lesen  36900 ms rechnen
2026-09-08T16:49:22.819Z  ALR/2017        roh          58996 reg. Kerzen      111/0/0 von 189  Tagen gewertet (1m/5m/15m)     2214 Signale  1683 ms lesen  31841 ms rechnen
2026-09-08T16:49:22.979Z  AUSGELASSEN ALR/2018: Datei fehlt
2026-09-08T16:49:23.184Z  AUSGELASSEN ALR/2019: Datei fehlt
2026-09-08T16:49:23.184Z  AUSGELASSEN ALR/2020: Datei fehlt
2026-09-08T16:49:23.185Z  AUSGELASSEN ALR/2021: Datei fehlt
2026-09-08T16:49:23.793Z  ALR/2022        roh           8752 reg. Kerzen        0/0/0 von 233  Tagen gewertet (1m/5m/15m)        0 Signale  545 ms lesen  63 ms rechnen
2026-09-08T16:49:23.869Z  ALR/2023        roh           3195 reg. Kerzen        0/0/0 von 52   Tagen gewertet (1m/5m/15m)        0 Signale  22 ms lesen  23 ms rechnen
2026-09-08T16:49:23.976Z  ALTM/2018       bereinigt     4248 reg. Kerzen        0/0/0 von 33   Tagen gewertet (1m/5m/15m)        0 Signale  35 ms lesen  32 ms rechnen
2026-09-08T16:49:24.608Z  ALTM/2019       bereinigt    65681 reg. Kerzen        0/0/0 von 252  Tagen gewertet (1m/5m/15m)        0 Signale  150 ms lesen  467 ms rechnen
2026-09-08T16:49:26.229Z  ALTM/2020       bereinigt    36389 reg. Kerzen        0/0/0 von 253  Tagen gewertet (1m/5m/15m)        0 Signale  1200 ms lesen  249 ms rechnen
2026-09-08T16:49:28.212Z  ALTM/2021       roh          18904 reg. Kerzen        0/0/0 von 252  Tagen gewertet (1m/5m/15m)        0 Signale  1788 ms lesen  91 ms rechnen
2026-09-08T16:49:28.440Z  ALTM/2022       roh           4003 reg. Kerzen        0/0/0 von 35   Tagen gewertet (1m/5m/15m)        0 Signale  147 ms lesen  28 ms rechnen
2026-09-08T16:49:28.448Z  AUSGELASSEN ALTM/2023: Datei fehlt
2026-09-08T16:51:09.055Z  ALTM/2024       roh          96824 reg. Kerzen      245/0/0 von 250  Tagen gewertet (1m/5m/15m)     7097 Signale  5321 ms lesen  95286 ms rechnen
2026-09-08T16:51:27.304Z  ALTM/2025       roh          16302 reg. Kerzen       42/0/0 von 42   Tagen gewertet (1m/5m/15m)      614 Signale  1141 ms lesen  16833 ms rechnen
2026-09-08T16:51:32.518Z  ALVR/2020       bereinigt    23336 reg. Kerzen        8/0/0 von 108  Tagen gewertet (1m/5m/15m)      264 Signale  2122 ms lesen  2902 ms rechnen
2026-09-08T16:51:38.365Z  ALVR/2021       bereinigt    47989 reg. Kerzen       11/0/0 von 252  Tagen gewertet (1m/5m/15m)      355 Signale  2105 ms lesen  3687 ms rechnen
2026-09-08T16:51:41.143Z  ALVR/2022       bereinigt    57064 reg. Kerzen        0/0/0 von 251  Tagen gewertet (1m/5m/15m)        0 Signale  2329 ms lesen  320 ms rechnen
2026-09-08T16:51:41.862Z  ALVR/2023       bereinigt    62717 reg. Kerzen        0/0/0 von 250  Tagen gewertet (1m/5m/15m)        0 Signale  98 ms lesen  451 ms rechnen
2026-09-08T16:51:44.853Z  ALVR/2024       bereinigt    44644 reg. Kerzen        0/0/0 von 252  Tagen gewertet (1m/5m/15m)        0 Signale  2524 ms lesen  302 ms rechnen
2026-09-08T16:51:45.557Z  ALVR/2025       bereinigt     2185 reg. Kerzen        0/0/0 von 51   Tagen gewertet (1m/5m/15m)        0 Signale  570 ms lesen  21 ms rechnen
2026-09-08T16:53:04.158Z  AMBA/2016       roh          91460 reg. Kerzen      228/0/0 von 252  Tagen gewertet (1m/5m/15m)     6652 Signale  4737 ms lesen  73836 ms rechnen
2026-09-08T16:54:05.849Z  AMBA/2017       roh          84208 reg. Kerzen      197/0/0 von 251  Tagen gewertet (1m/5m/15m)     5438 Signale  4058 ms lesen  57426 ms rechnen
2026-09-08T16:55:09.677Z  AMBA/2018       roh          83903 reg. Kerzen      201/0/0 von 251  Tagen gewertet (1m/5m/15m)     5953 Signale  1436 ms lesen  62171 ms rechnen
2026-09-08T16:55:50.807Z  AMBA/2019       roh          76497 reg. Kerzen      122/0/0 von 252  Tagen gewertet (1m/5m/15m)     3371 Signale  4273 ms lesen  36682 ms rechnen
2026-09-08T16:56:36.993Z  AMBA/2020       roh          78370 reg. Kerzen      130/0/0 von 253  Tagen gewertet (1m/5m/15m)     3913 Signale  3985 ms lesen  41985 ms rechnen
2026-09-08T16:57:16.974Z  AMBA/2021       roh          76332 reg. Kerzen      124/0/0 von 252  Tagen gewertet (1m/5m/15m)     3839 Signale  834 ms lesen  38926 ms rechnen
2026-09-08T16:58:07.602Z  AMBA/2022       roh          80903 reg. Kerzen      155/0/0 von 251  Tagen gewertet (1m/5m/15m)     4816 Signale  129 ms lesen  50278 ms rechnen
2026-09-08T16:58:29.876Z  AMBA/2023       roh          70270 reg. Kerzen       62/0/0 von 250  Tagen gewertet (1m/5m/15m)     1863 Signale  3297 ms lesen  18770 ms rechnen
2026-09-08T16:58:52.280Z  AMBA/2024       roh          70691 reg. Kerzen       63/0/0 von 252  Tagen gewertet (1m/5m/15m)     1840 Signale  2831 ms lesen  19371 ms rechnen
2026-09-08T16:59:29.837Z  AMBA/2025       roh          76156 reg. Kerzen      116/0/0 von 250  Tagen gewertet (1m/5m/15m)     3523 Signale  112 ms lesen  37232 ms rechnen
2026-09-08T17:00:10.806Z  AMBA/2026       roh          54884 reg. Kerzen      118/0/0 von 166  Tagen gewertet (1m/5m/15m)     3702 Signale  92 ms lesen  40682 ms rechnen
2026-09-08T17:01:19.057Z  AMCX/2016       roh          87885 reg. Kerzen      218/0/0 von 252  Tagen gewertet (1m/5m/15m)     5554 Signale  2540 ms lesen  65555 ms rechnen
2026-09-08T17:02:15.240Z  AMCX/2017       roh          83003 reg. Kerzen      188/0/0 von 251  Tagen gewertet (1m/5m/15m)     4775 Signale  2473 ms lesen  53454 ms rechnen
2026-09-08T17:03:06.842Z  AMCX/2018       roh          81200 reg. Kerzen      174/0/0 von 251  Tagen gewertet (1m/5m/15m)     4751 Signale  108 ms lesen  51259 ms rechnen
2026-09-08T17:03:55.299Z  AMCX/2019       roh          80600 reg. Kerzen      149/0/0 von 252  Tagen gewertet (1m/5m/15m)     3972 Signale  4712 ms lesen  43520 ms rechnen
2026-09-08T17:05:16.562Z  AMCX/2020       roh          89610 reg. Kerzen      234/0/0 von 253  Tagen gewertet (1m/5m/15m)     7160 Signale  1623 ms lesen  79438 ms rechnen
2026-09-08T17:05:43.533Z  AMCX/2021       roh          68825 reg. Kerzen       71/0/0 von 252  Tagen gewertet (1m/5m/15m)     2265 Signale  2610 ms lesen  24141 ms rechnen
2026-09-08T17:05:59.559Z  AMCX/2022       roh          66251 reg. Kerzen       42/0/0 von 251  Tagen gewertet (1m/5m/15m)     1317 Signale  2935 ms lesen  12927 ms rechnen
2026-09-08T17:06:09.313Z  AMCX/2023       roh          65721 reg. Kerzen       20/0/0 von 250  Tagen gewertet (1m/5m/15m)      612 Signale  2862 ms lesen  6679 ms rechnen
2026-09-08T17:06:35.806Z  AMCX/2024       roh          74691 reg. Kerzen       77/0/0 von 252  Tagen gewertet (1m/5m/15m)     2395 Signale  1533 ms lesen  24787 ms rechnen
2026-09-08T17:06:40.663Z  AMCX/2025       roh          60036 reg. Kerzen        4/0/0 von 250  Tagen gewertet (1m/5m/15m)      129 Signale  3147 ms lesen  1508 ms rechnen
2026-09-08T17:06:42.407Z  AMCX/2026       roh          39725 reg. Kerzen        0/0/0 von 166  Tagen gewertet (1m/5m/15m)        0 Signale  1338 ms lesen  247 ms rechnen
2026-09-08T17:08:07.605Z  AMGN/2016       roh          97941 reg. Kerzen      232/0/0 von 252  Tagen gewertet (1m/5m/15m)     5488 Signale  4864 ms lesen  79912 ms rechnen
2026-09-08T17:09:36.196Z  AMGN/2017       roh          97183 reg. Kerzen      251/0/0 von 251  Tagen gewertet (1m/5m/15m)     5663 Signale  4869 ms lesen  83428 ms rechnen
2026-09-08T17:11:01.931Z  AMGN/2018       roh          96278 reg. Kerzen      249/0/0 von 251  Tagen gewertet (1m/5m/15m)     6161 Signale  3581 ms lesen  81897 ms rechnen
2026-09-08T17:12:29.856Z  AMGN/2019       roh          97447 reg. Kerzen      252/0/0 von 252  Tagen gewertet (1m/5m/15m)     5827 Signale  3912 ms lesen  83770 ms rechnen
2026-09-08T17:13:59.683Z  AMGN/2020       roh          98059 reg. Kerzen      253/0/0 von 253  Tagen gewertet (1m/5m/15m)     6472 Signale  145 ms lesen  89387 ms rechnen
2026-09-08T17:15:29.727Z  AMGN/2021       roh          97531 reg. Kerzen      252/0/0 von 252  Tagen gewertet (1m/5m/15m)     5871 Signale  4237 ms lesen  85564 ms rechnen
2026-09-08T17:16:58.457Z  AMGN/2022       roh          97207 reg. Kerzen      251/0/0 von 251  Tagen gewertet (1m/5m/15m)     6155 Signale  5577 ms lesen  82885 ms rechnen
2026-09-08T17:18:28.632Z  AMGN/2023       roh          96073 reg. Kerzen      250/0/0 von 250  Tagen gewertet (1m/5m/15m)     5783 Signale  6256 ms lesen  83652 ms rechnen
2026-09-08T17:19:55.290Z  AMGN/2024       roh          94782 reg. Kerzen      252/0/0 von 252  Tagen gewertet (1m/5m/15m)     6021 Signale  4443 ms lesen  81915 ms rechnen
2026-09-08T17:21:22.058Z  AMGN/2025       roh          94719 reg. Kerzen      250/0/0 von 250  Tagen gewertet (1m/5m/15m)     6075 Signale  3173 ms lesen  83363 ms rechnen
2026-09-08T17:22:24.283Z  AMGN/2026       roh          64599 reg. Kerzen      166/0/0 von 166  Tagen gewertet (1m/5m/15m)     4044 Signale  3690 ms lesen  58288 ms rechnen
2026-09-08T17:23:30.480Z  AMN/2016        roh          87506 reg. Kerzen      206/0/0 von 252  Tagen gewertet (1m/5m/15m)     5849 Signale  135 ms lesen  65885 ms rechnen
2026-09-08T17:24:03.385Z  AMN/2017        roh          74712 reg. Kerzen       97/0/0 von 251  Tagen gewertet (1m/5m/15m)     2634 Signale  3546 ms lesen  29137 ms rechnen
2026-09-08T17:24:23.461Z  AMN/2018        roh          70755 reg. Kerzen       56/0/0 von 251  Tagen gewertet (1m/5m/15m)     1617 Signale  3323 ms lesen  16573 ms rechnen
2026-09-08T17:24:40.917Z  AMN/2019        roh          68805 reg. Kerzen       51/0/0 von 252  Tagen gewertet (1m/5m/15m)     1395 Signale  2499 ms lesen  14771 ms rechnen
2026-09-08T17:25:17.385Z  AMN/2020        roh          75394 reg. Kerzen      101/0/0 von 253  Tagen gewertet (1m/5m/15m)     3139 Signale  2405 ms lesen  33886 ms rechnen
2026-09-08T17:25:25.208Z  AMN/2021        roh          61597 reg. Kerzen       22/0/0 von 252  Tagen gewertet (1m/5m/15m)      650 Signale  940 ms lesen  6679 ms rechnen
2026-09-08T17:26:05.171Z  AMN/2022        roh          75535 reg. Kerzen      111/0/0 von 251  Tagen gewertet (1m/5m/15m)     3360 Signale  4114 ms lesen  35700 ms rechnen
2026-09-08T17:26:41.275Z  AMN/2023        roh          75320 reg. Kerzen      113/0/0 von 250  Tagen gewertet (1m/5m/15m)     3111 Signale  2125 ms lesen  33778 ms rechnen
2026-09-08T17:27:15.676Z  AMN/2024        roh          75892 reg. Kerzen      100/0/0 von 252  Tagen gewertet (1m/5m/15m)     3010 Signale  2603 ms lesen  31603 ms rechnen
2026-09-08T17:27:48.883Z  AMN/2025        roh          75167 reg. Kerzen      106/0/0 von 250  Tagen gewertet (1m/5m/15m)     3226 Signale  118 ms lesen  32888 ms rechnen
2026-09-08T17:28:12.031Z  AMN/2026        roh          49462 reg. Kerzen       71/0/0 von 166  Tagen gewertet (1m/5m/15m)     2205 Signale  70 ms lesen  22852 ms rechnen
2026-09-08T17:28:12.269Z  AMPS/2021       roh           3319 reg. Kerzen        0/0/0 von 15   Tagen gewertet (1m/5m/15m)        0 Signale  95 ms lesen  16 ms rechnen
2026-09-08T17:28:41.196Z  AMPS/2022       roh          73246 reg. Kerzen       74/0/0 von 251  Tagen gewertet (1m/5m/15m)     2394 Signale  1743 ms lesen  27172 ms rechnen
2026-09-08T17:29:40.604Z  AMPS/2023       roh          88576 reg. Kerzen      157/0/0 von 250  Tagen gewertet (1m/5m/15m)     4858 Signale  2636 ms lesen  56563 ms rechnen
2026-09-08T17:29:51.879Z  AMPS/2024       roh          84106 reg. Kerzen       27/0/0 von 252  Tagen gewertet (1m/5m/15m)      834 Signale  1495 ms lesen  9527 ms rechnen
2026-09-08T17:30:05.567Z  AMPS/2025       roh          24460 reg. Kerzen       34/0/0 von 71   Tagen gewertet (1m/5m/15m)      484 Signale  1089 ms lesen  12366 ms rechnen
2026-09-08T17:31:14.439Z  AMRX/2016       roh          86260 reg. Kerzen      200/0/0 von 252  Tagen gewertet (1m/5m/15m)     5860 Signale  3227 ms lesen  65347 ms rechnen
2026-09-08T17:32:33.139Z  AMRX/2017       roh          86356 reg. Kerzen      218/0/0 von 251  Tagen gewertet (1m/5m/15m)     6749 Signale  3238 ms lesen  75225 ms rechnen
2026-09-08T17:33:22.913Z  AMRX/2018       roh          80096 reg. Kerzen      159/0/0 von 251  Tagen gewertet (1m/5m/15m)     4808 Signale  112 ms lesen  49417 ms rechnen
2026-09-08T17:34:12.759Z  AMRX/2019       roh          84673 reg. Kerzen      128/0/0 von 252  Tagen gewertet (1m/5m/15m)     4099 Signale  5100 ms lesen  44540 ms rechnen
2026-09-08T17:34:53.936Z  AMRX/2020       roh          84765 reg. Kerzen      106/0/0 von 253  Tagen gewertet (1m/5m/15m)     3455 Signale  2058 ms lesen  38893 ms rechnen
2026-09-08T17:35:17.205Z  AMRX/2021       roh          76033 reg. Kerzen       59/0/0 von 252  Tagen gewertet (1m/5m/15m)     1875 Signale  3224 ms lesen  19799 ms rechnen
2026-09-08T17:35:21.008Z  AMRX/2022       roh          70624 reg. Kerzen        0/0/0 von 250  Tagen gewertet (1m/5m/15m)        0 Signale  3068 ms lesen  494 ms rechnen
2026-09-08T17:35:24.540Z  AMRX/2023       roh          78642 reg. Kerzen        7/0/0 von 250  Tagen gewertet (1m/5m/15m)      212 Signale  237 ms lesen  3107 ms rechnen
2026-09-08T17:36:18.540Z  AMRX/2024       roh          82530 reg. Kerzen      163/0/0 von 252  Tagen gewertet (1m/5m/15m)     4712 Signale  1859 ms lesen  51890 ms rechnen
2026-09-08T17:37:25.477Z  AMRX/2025       roh          84055 reg. Kerzen      213/0/0 von 250  Tagen gewertet (1m/5m/15m)     5744 Signale  1579 ms lesen  65118 ms rechnen
2026-09-08T17:38:16.390Z  AMRX/2026       roh          58139 reg. Kerzen      157/0/0 von 166  Tagen gewertet (1m/5m/15m)     4306 Signale  92 ms lesen  50598 ms rechnen
2026-09-08T17:38:17.542Z  AMTI/2020       roh          24691 reg. Kerzen        1/0/0 von 146  Tagen gewertet (1m/5m/15m)       37 Signale  493 ms lesen  490 ms rechnen
2026-09-08T17:38:20.255Z  AMTI/2021       roh          41345 reg. Kerzen        6/0/0 von 252  Tagen gewertet (1m/5m/15m)      182 Signale  476 ms lesen  2161 ms rechnen
2026-09-08T17:38:22.827Z  AMTI/2022       roh          45535 reg. Kerzen        0/0/0 von 251  Tagen gewertet (1m/5m/15m)        0 Signale  2176 ms lesen  286 ms rechnen
2026-09-08T17:38:24.168Z  AMTI/2023       roh          24228 reg. Kerzen        0/0/0 von 247  Tagen gewertet (1m/5m/15m)        0 Signale  1046 ms lesen  176 ms rechnen
2026-09-08T17:38:24.275Z  ANABV/2026      roh             51 reg. Kerzen        0/0/0 von 7    Tagen gewertet (1m/5m/15m)        0 Signale  30 ms lesen  1 ms rechnen
2026-09-08T17:38:53.496Z  ANDV/2017       roh          39069 reg. Kerzen       86/0/0 von 106  Tagen gewertet (1m/5m/15m)     2038 Signale  1267 ms lesen  27917 ms rechnen
2026-09-08T17:39:58.216Z  ANDV/2018       roh          70343 reg. Kerzen      187/0/0 von 188  Tagen gewertet (1m/5m/15m)     4804 Signale  1179 ms lesen  63425 ms rechnen
2026-09-08T17:40:04.181Z  ANH/2016        roh          73226 reg. Kerzen        0/0/0 von 252  Tagen gewertet (1m/5m/15m)        0 Signale  4276 ms lesen  528 ms rechnen
2026-09-08T17:40:05.010Z  ANH/2017        roh          71146 reg. Kerzen        0/0/0 von 251  Tagen gewertet (1m/5m/15m)        0 Signale  122 ms lesen  494 ms rechnen
2026-09-08T17:40:07.500Z  ANH/2018        roh          70555 reg. Kerzen        0/0/0 von 251  Tagen gewertet (1m/5m/15m)        0 Signale  1776 ms lesen  489 ms rechnen
2026-09-08T17:40:09.978Z  ANH/2019        roh          65759 reg. Kerzen        0/0/0 von 252  Tagen gewertet (1m/5m/15m)        0 Signale  1825 ms lesen  455 ms rechnen
2026-09-08T17:40:13.091Z  ANH/2020        roh          69774 reg. Kerzen        0/0/0 von 253  Tagen gewertet (1m/5m/15m)        0 Signale  2359 ms lesen  536 ms rechnen
2026-09-08T17:40:13.905Z  ANH/2021        roh          15313 reg. Kerzen        0/0/0 von 53   Tagen gewertet (1m/5m/15m)        0 Signale  480 ms lesen  146 ms rechnen
2026-09-08T17:40:17.085Z  ANW/2016        roh          52587 reg. Kerzen        1/0/0 von 252  Tagen gewertet (1m/5m/15m)       33 Signale  2320 ms lesen  619 ms rechnen
2026-09-08T17:40:25.714Z  ANW/2017        roh          63324 reg. Kerzen       16/0/0 von 251  Tagen gewertet (1m/5m/15m)      490 Signale  1615 ms lesen  6854 ms rechnen
2026-09-08T17:40:27.988Z  ANW/2018        roh          47272 reg. Kerzen        0/0/0 von 214  Tagen gewertet (1m/5m/15m)        0 Signale  1731 ms lesen  359 ms rechnen
2026-09-08T17:41:28.606Z  AOS/2016        bereinigt    86059 reg. Kerzen      187/0/0 von 252  Tagen gewertet (1m/5m/15m)     4373 Signale  2495 ms lesen  57522 ms rechnen
2026-09-08T17:42:36.078Z  AOS/2017        roh          85169 reg. Kerzen      223/0/0 von 251  Tagen gewertet (1m/5m/15m)     4833 Signale  889 ms lesen  66324 ms rechnen
2026-09-08T17:43:58.697Z  AOS/2018        roh          92017 reg. Kerzen      246/0/0 von 251  Tagen gewertet (1m/5m/15m)     6162 Signale  145 ms lesen  82214 ms rechnen
2026-09-08T17:45:26.504Z  AOS/2019        roh          94571 reg. Kerzen      252/0/0 von 252  Tagen gewertet (1m/5m/15m)     6153 Signale  3272 ms lesen  84266 ms rechnen
2026-09-08T17:46:57.726Z  AOS/2020        roh          94278 reg. Kerzen      250/0/0 von 253  Tagen gewertet (1m/5m/15m)     6668 Signale  2938 ms lesen  88027 ms rechnen
2026-09-08T17:48:16.269Z  AOS/2021        roh          88810 reg. Kerzen      235/0/0 von 252  Tagen gewertet (1m/5m/15m)     5674 Signale  2615 ms lesen  75632 ms rechnen
2026-09-08T17:49:38.896Z  AOS/2022        roh          90471 reg. Kerzen      241/0/0 von 251  Tagen gewertet (1m/5m/15m)     6392 Signale  2530 ms lesen  79831 ms rechnen
2026-09-08T17:50:55.568Z  AOS/2023        roh          88530 reg. Kerzen      236/0/0 von 250  Tagen gewertet (1m/5m/15m)     5731 Signale  2185 ms lesen  74209 ms rechnen
2026-09-08T17:51:57.613Z  AOS/2024        roh          85029 reg. Kerzen      206/0/0 von 252  Tagen gewertet (1m/5m/15m)     4846 Signale  190 ms lesen  61599 ms rechnen
2026-09-08T17:53:15.571Z  AOS/2025        roh          88373 reg. Kerzen      233/0/0 von 250  Tagen gewertet (1m/5m/15m)     5443 Signale  2698 ms lesen  75014 ms rechnen
2026-09-08T17:54:08.473Z  AOS/2026        roh          59742 reg. Kerzen      162/0/0 von 166  Tagen gewertet (1m/5m/15m)     4101 Signale  1966 ms lesen  50699 ms rechnen
2026-09-08T17:54:09.052Z  APDN/2016       bereinigt    19279 reg. Kerzen        0/0/0 von 252  Tagen gewertet (1m/5m/15m)        0 Signale  77 ms lesen  139 ms rechnen
2026-09-08T17:54:09.253Z  APDN/2017       bereinigt    15499 reg. Kerzen        0/0/0 von 251  Tagen gewertet (1m/5m/15m)        0 Signale  51 ms lesen  90 ms rechnen
2026-09-08T17:54:09.587Z  APDN/2018       bereinigt    13345 reg. Kerzen        0/0/0 von 249  Tagen gewertet (1m/5m/15m)        0 Signale  224 ms lesen  75 ms rechnen
2026-09-08T17:54:11.682Z  APDN/2019       bereinigt    28798 reg. Kerzen        0/0/0 von 252  Tagen gewertet (1m/5m/15m)        0 Signale  1897 ms lesen  166 ms rechnen
2026-09-08T17:54:15.312Z  APDN/2020       bereinigt    47573 reg. Kerzen        3/0/0 von 253  Tagen gewertet (1m/5m/15m)      102 Signale  2049 ms lesen  1495 ms rechnen
2026-09-08T17:54:21.905Z  APDN/2021       bereinigt    38321 reg. Kerzen        8/0/0 von 252  Tagen gewertet (1m/5m/15m)      263 Signale  3234 ms lesen  3211 ms rechnen
2026-09-08T17:54:27.627Z  APDN/2022       bereinigt    29250 reg. Kerzen        7/0/0 von 251  Tagen gewertet (1m/5m/15m)      237 Signale  2612 ms lesen  3007 ms rechnen
2026-09-08T17:54:28.750Z  APDN/2023       bereinigt    12207 reg. Kerzen        0/0/0 von 250  Tagen gewertet (1m/5m/15m)        0 Signale  944 ms lesen  83 ms rechnen
2026-09-08T17:54:38.372Z  APDN/2024       bereinigt    45958 reg. Kerzen       10/0/0 von 252  Tagen gewertet (1m/5m/15m)      340 Signale  5672 ms lesen  3911 ms rechnen
2026-09-08T17:54:40.702Z  APDN/2025       bereinigt    32033 reg. Kerzen        0/0/0 von 190  Tagen gewertet (1m/5m/15m)        0 Signale  2018 ms lesen  203 ms rechnen
2026-09-08T17:54:41.304Z  APGN/2022       roh           9611 reg. Kerzen        0/0/0 von 107  Tagen gewertet (1m/5m/15m)        0 Signale  234 ms lesen  64 ms rechnen
2026-09-08T17:54:42.729Z  APGN/2023       roh          12944 reg. Kerzen        0/0/0 von 160  Tagen gewertet (1m/5m/15m)        0 Signale  1315 ms lesen  90 ms rechnen
2026-09-08T17:54:43.028Z  APLS/2017       roh           5474 reg. Kerzen        0/0/0 von 35   Tagen gewertet (1m/5m/15m)        0 Signale  225 ms lesen  31 ms rechnen
2026-09-08T17:54:46.016Z  APLS/2018       roh          47552 reg. Kerzen        3/0/0 von 251  Tagen gewertet (1m/5m/15m)       83 Signale  1723 ms lesen  1254 ms rechnen
2026-09-08T17:55:01.932Z  APLS/2019       roh          61413 reg. Kerzen       45/0/0 von 252  Tagen gewertet (1m/5m/15m)     1342 Signale  1086 ms lesen  14687 ms rechnen
2026-09-08T17:56:06.516Z  APLS/2020       roh          82820 reg. Kerzen      184/0/0 von 253  Tagen gewertet (1m/5m/15m)     5744 Signale  2597 ms lesen  61796 ms rechnen
2026-09-08T17:56:52.665Z  APLS/2021       roh          79160 reg. Kerzen      137/0/0 von 252  Tagen gewertet (1m/5m/15m)     4277 Signale  1445 ms lesen  44476 ms rechnen
2026-09-08T17:58:05.181Z  APLS/2022       roh          85500 reg. Kerzen      205/0/0 von 251  Tagen gewertet (1m/5m/15m)     6382 Signale  2715 ms lesen  69540 ms rechnen
2026-09-08T17:59:32.876Z  APLS/2023       roh          91812 reg. Kerzen      241/0/0 von 250  Tagen gewertet (1m/5m/15m)     7361 Signale  1545 ms lesen  85919 ms rechnen
2026-09-08T18:00:53.994Z  APLS/2024       roh          89323 reg. Kerzen      234/0/0 von 252  Tagen gewertet (1m/5m/15m)     7231 Signale  2780 ms lesen  78074 ms rechnen
2026-09-08T18:02:21.465Z  APLS/2025       roh          91907 reg. Kerzen      245/0/0 von 250  Tagen gewertet (1m/5m/15m)     7480 Signale  967 ms lesen  86234 ms rechnen
2026-09-08T18:02:53.935Z  APLS/2026       roh          33874 reg. Kerzen       91/0/0 von 91   Tagen gewertet (1m/5m/15m)     2297 Signale  59 ms lesen  32183 ms rechnen
2026-09-08T18:03:40.867Z  APP/2021        roh          62445 reg. Kerzen      135/0/0 von 182  Tagen gewertet (1m/5m/15m)     4245 Signale  203 ms lesen  46630 ms rechnen
2026-09-08T18:05:20.811Z  APP/2022        roh          95889 reg. Kerzen      249/0/0 von 251  Tagen gewertet (1m/5m/15m)     7986 Signale  3428 ms lesen  96313 ms rechnen
2026-09-08T18:06:47.933Z  APP/2023        roh          96250 reg. Kerzen      250/0/0 von 250  Tagen gewertet (1m/5m/15m)     7548 Signale  140 ms lesen  86704 ms rechnen
2026-09-08T18:08:26.244Z  APP/2024        roh          97411 reg. Kerzen      252/0/0 von 252  Tagen gewertet (1m/5m/15m)     7574 Signale  5352 ms lesen  92707 ms rechnen
2026-09-08T18:10:07.710Z  APP/2025        roh          96851 reg. Kerzen      250/0/0 von 250  Tagen gewertet (1m/5m/15m)     7821 Signale  4798 ms lesen  96388 ms rechnen
2026-09-08T18:11:14.246Z  APP/2026        roh          64739 reg. Kerzen      166/0/0 von 166  Tagen gewertet (1m/5m/15m)     5192 Signale  3249 ms lesen  63018 ms rechnen
2026-09-08T18:11:47.625Z  APRN/2017       bereinigt    45342 reg. Kerzen       86/0/0 von 128  Tagen gewertet (1m/5m/15m)     2682 Signale  3891 ms lesen  29205 ms rechnen
2026-09-08T18:12:48.168Z  APRN/2018       bereinigt    89761 reg. Kerzen      139/0/0 von 251  Tagen gewertet (1m/5m/15m)     4478 Signale  7675 ms lesen  52759 ms rechnen
2026-09-08T18:12:56.060Z  APRN/2019       bereinigt    72812 reg. Kerzen       17/0/0 von 252  Tagen gewertet (1m/5m/15m)      529 Signale  175 ms lesen  7455 ms rechnen
2026-09-08T18:13:28.920Z  APRN/2020       bereinigt    77954 reg. Kerzen       89/0/0 von 253  Tagen gewertet (1m/5m/15m)     2956 Signale  153 ms lesen  32532 ms rechnen
2026-09-08T18:13:45.551Z  APRN/2021       bereinigt    71436 reg. Kerzen       39/0/0 von 252  Tagen gewertet (1m/5m/15m)     1260 Signale  2311 ms lesen  14105 ms rechnen
2026-09-08T18:14:31.803Z  APRN/2022       bereinigt    84602 reg. Kerzen      106/0/0 von 251  Tagen gewertet (1m/5m/15m)     3624 Signale  5300 ms lesen  40745 ms rechnen
2026-09-08T18:14:41.305Z  APRN/2023       bereinigt    53585 reg. Kerzen       12/0/0 von 217  Tagen gewertet (1m/5m/15m)      410 Signale  4189 ms lesen  5116 ms rechnen
2026-09-08T18:14:47.160Z  APU/2016        roh          58092 reg. Kerzen        9/0/0 von 252  Tagen gewertet (1m/5m/15m)      251 Signale  2671 ms lesen  2839 ms rechnen
2026-09-08T18:14:48.602Z  APU/2017        roh          48763 reg. Kerzen        1/0/0 von 251  Tagen gewertet (1m/5m/15m)       20 Signale  870 ms lesen  408 ms rechnen
2026-09-08T18:14:55.644Z  APU/2018        roh          53677 reg. Kerzen       22/0/0 von 251  Tagen gewertet (1m/5m/15m)      652 Signale  86 ms lesen  6850 ms rechnen
2026-09-08T18:15:08.794Z  APU/2019        roh          43775 reg. Kerzen       40/0/0 von 161  Tagen gewertet (1m/5m/15m)      953 Signale  1445 ms lesen  11577 ms rechnen
2026-09-08T18:15:11.234Z  AQUA/2017       roh          11524 reg. Kerzen        7/0/0 von 40   Tagen gewertet (1m/5m/15m)      192 Signale  57 ms lesen  2264 ms rechnen
2026-09-08T18:15:50.447Z  AQUA/2018       roh          74753 reg. Kerzen      125/0/0 von 251  Tagen gewertet (1m/5m/15m)     3593 Signale  1115 ms lesen  38068 ms rechnen
2026-09-08T18:16:22.648Z  AQUA/2019       roh          75723 reg. Kerzen       97/0/0 von 252  Tagen gewertet (1m/5m/15m)     2735 Signale  2692 ms lesen  29337 ms rechnen
2026-09-08T18:17:15.489Z  AQUA/2020       roh          82699 reg. Kerzen      162/0/0 von 253  Tagen gewertet (1m/5m/15m)     4955 Signale  118 ms lesen  52493 ms rechnen
2026-09-08T18:18:26.226Z  AQUA/2021       roh          85353 reg. Kerzen      219/0/0 von 252  Tagen gewertet (1m/5m/15m)     6003 Signale  3031 ms lesen  67449 ms rechnen
2026-09-08T18:19:19.830Z  AQUA/2022       roh          80258 reg. Kerzen      162/0/0 von 251  Tagen gewertet (1m/5m/15m)     4645 Signale  2238 ms lesen  51176 ms rechnen
2026-09-08T18:19:49.112Z  AQUA/2023       roh          35136 reg. Kerzen       90/0/0 von 98   Tagen gewertet (1m/5m/15m)     2221 Signale  1178 ms lesen  27875 ms rechnen
2026-09-08T18:19:56.286Z  ARCB/2016       roh          61106 reg. Kerzen       17/0/0 von 252  Tagen gewertet (1m/5m/15m)      513 Signale  1465 ms lesen  5489 ms rechnen
2026-09-08T18:19:58.601Z  ARCB/2017       roh          52642 reg. Kerzen        1/0/0 von 251  Tagen gewertet (1m/5m/15m)       23 Signale  1554 ms lesen  615 ms rechnen
2026-09-08T18:20:05.726Z  ARCB/2018       roh          59883 reg. Kerzen       14/0/0 von 251  Tagen gewertet (1m/5m/15m)      416 Signale  2325 ms lesen  4654 ms rechnen
2026-09-08T18:20:09.080Z  ARCB/2019       roh          57202 reg. Kerzen        9/0/0 von 252  Tagen gewertet (1m/5m/15m)      260 Signale  228 ms lesen  2966 ms rechnen
2026-09-08T18:20:11.153Z  ARCB/2020       roh          52041 reg. Kerzen        1/0/0 von 253  Tagen gewertet (1m/5m/15m)       32 Signale  1221 ms lesen  703 ms rechnen
2026-09-08T18:20:24.319Z  ARCB/2021       roh          62017 reg. Kerzen       36/0/0 von 252  Tagen gewertet (1m/5m/15m)     1108 Signale  1800 ms lesen  11248 ms rechnen
2026-09-08T18:20:34.231Z  ARCB/2022       roh          59403 reg. Kerzen       30/0/0 von 251  Tagen gewertet (1m/5m/15m)      940 Signale  227 ms lesen  9522 ms rechnen
2026-09-08T18:20:43.452Z  ARCB/2023       roh          56016 reg. Kerzen       16/0/0 von 250  Tagen gewertet (1m/5m/15m)      476 Signale  3815 ms lesen  5260 ms rechnen
2026-09-08T18:20:46.773Z  ARCB/2024       roh          49903 reg. Kerzen        5/0/0 von 252  Tagen gewertet (1m/5m/15m)      155 Signale  1302 ms lesen  1855 ms rechnen
2026-09-08T18:20:51.448Z  ARCB/2025       roh          54165 reg. Kerzen       11/0/0 von 250  Tagen gewertet (1m/5m/15m)      332 Signale  569 ms lesen  3979 ms rechnen
2026-09-08T18:20:54.851Z  ARCB/2026       roh          33203 reg. Kerzen        4/0/0 von 166  Tagen gewertet (1m/5m/15m)      121 Signale  1786 ms lesen  1461 ms rechnen
2026-09-08T18:20:55.953Z  ARD/2017        roh          22122 reg. Kerzen        0/0/0 von 202  Tagen gewertet (1m/5m/15m)        0 Signale  882 ms lesen  107 ms rechnen
2026-09-08T18:20:57.188Z  ARD/2018        roh          27334 reg. Kerzen        0/0/0 von 251  Tagen gewertet (1m/5m/15m)        0 Signale  1050 ms lesen  126 ms rechnen
2026-09-08T18:20:58.883Z  ARD/2019        roh          30072 reg. Kerzen        0/0/0 von 252  Tagen gewertet (1m/5m/15m)        0 Signale  1460 ms lesen  164 ms rechnen
2026-09-08T18:20:59.881Z  ARD/2020        roh          28310 reg. Kerzen        0/0/0 von 253  Tagen gewertet (1m/5m/15m)        0 Signale  705 ms lesen  192 ms rechnen
2026-09-08T18:21:00.179Z  ARD/2021        roh          22708 reg. Kerzen        0/0/0 von 191  Tagen gewertet (1m/5m/15m)        0 Signale  81 ms lesen  147 ms rechnen
2026-09-08T18:21:03.980Z  AREX/2016       roh          70092 reg. Kerzen        9/0/0 von 252  Tagen gewertet (1m/5m/15m)      300 Signale  143 ms lesen  3585 ms rechnen
2026-09-08T18:21:06.399Z  AREX/2017       roh          65290 reg. Kerzen        0/0/0 von 251  Tagen gewertet (1m/5m/15m)        0 Signale  1800 ms lesen  450 ms rechnen
2026-09-08T18:21:08.868Z  AREX/2018       roh          47060 reg. Kerzen        0/0/0 von 251  Tagen gewertet (1m/5m/15m)        0 Signale  1968 ms lesen  312 ms rechnen
2026-09-08T18:21:12.003Z  AREX/2019       roh          37406 reg. Kerzen        0/0/0 von 218  Tagen gewertet (1m/5m/15m)        0 Signale  2829 ms lesen  190 ms rechnen
2026-09-08T18:21:13.702Z  ARII/2016       roh          46734 reg. Kerzen        1/0/0 von 252  Tagen gewertet (1m/5m/15m)       28 Signale  1101 ms lesen  443 ms rechnen
2026-09-08T18:21:15.614Z  ARII/2017       roh          34640 reg. Kerzen        0/0/0 von 251  Tagen gewertet (1m/5m/15m)        0 Signale  1553 ms lesen  235 ms rechnen
2026-09-08T18:21:17.628Z  ARII/2018       roh          28396 reg. Kerzen        3/0/0 von 234  Tagen gewertet (1m/5m/15m)       44 Signale  1098 ms lesen  805 ms rechnen
2026-09-08T18:21:19.630Z  CHECKPOINT 400 Dateien, 207 min, Detektorfehler {}
2026-09-08T18:21:20.525Z  ARNA/2016       bereinigt    82283 reg. Kerzen        0/0/0 von 252  Tagen gewertet (1m/5m/15m)        0 Signale  175 ms lesen  665 ms rechnen
2026-09-08T18:21:37.087Z  ARNA/2017       bereinigt    79400 reg. Kerzen       39/0/0 von 251  Tagen gewertet (1m/5m/15m)     1220 Signale  3915 ms lesen  12416 ms rechnen
2026-09-08T18:22:16.454Z  ARNA/2018       roh          76336 reg. Kerzen      117/0/0 von 251  Tagen gewertet (1m/5m/15m)     3569 Signale  154 ms lesen  38990 ms rechnen
2026-09-08T18:22:39.499Z  ARNA/2019       roh          72538 reg. Kerzen       77/0/0 von 252  Tagen gewertet (1m/5m/15m)     2253 Signale  135 ms lesen  22681 ms rechnen
2026-09-08T18:23:36.374Z  ARNA/2020       roh          82185 reg. Kerzen      176/0/0 von 253  Tagen gewertet (1m/5m/15m)     5313 Signale  806 ms lesen  55867 ms rechnen
2026-09-08T18:23:56.308Z  ARNA/2021       roh          70807 reg. Kerzen       56/0/0 von 252  Tagen gewertet (1m/5m/15m)     1606 Signale  1696 ms lesen  18025 ms rechnen
2026-09-08T18:24:10.545Z  ARNA/2022       roh          17015 reg. Kerzen       45/0/0 von 47   Tagen gewertet (1m/5m/15m)      907 Signale  610 ms lesen  13411 ms rechnen
2026-09-08T18:24:40.155Z  ARR/2016        bereinigt    75897 reg. Kerzen       97/0/0 von 252  Tagen gewertet (1m/5m/15m)     2318 Signale  1666 ms lesen  27836 ms rechnen
2026-09-08T18:25:01.187Z  ARR/2017        bereinigt    71837 reg. Kerzen       63/0/0 von 251  Tagen gewertet (1m/5m/15m)     1496 Signale  4066 ms lesen  16760 ms rechnen
2026-09-08T18:25:26.199Z  ARR/2018        bereinigt    70738 reg. Kerzen       73/0/0 von 251  Tagen gewertet (1m/5m/15m)     1665 Signale  5296 ms lesen  19513 ms rechnen
2026-09-08T18:26:05.993Z  ARR/2019        bereinigt    79233 reg. Kerzen      141/0/0 von 252  Tagen gewertet (1m/5m/15m)     3087 Signale  2014 ms lesen  37567 ms rechnen
2026-09-08T18:27:24.081Z  ARR/2020        bereinigt    87055 reg. Kerzen      224/0/0 von 253  Tagen gewertet (1m/5m/15m)     6405 Signale  4481 ms lesen  73365 ms rechnen
2026-09-08T18:28:40.439Z  ARR/2021        bereinigt    88556 reg. Kerzen      238/0/0 von 252  Tagen gewertet (1m/5m/15m)     5659 Signale  216 ms lesen  75873 ms rechnen
2026-09-08T18:30:18.587Z  ARR/2022        bereinigt    93948 reg. Kerzen      249/0/0 von 251  Tagen gewertet (1m/5m/15m)     6801 Signale  6306 ms lesen  91578 ms rechnen
2026-09-08T18:31:49.416Z  ARR/2023        bereinigt    96064 reg. Kerzen      250/0/0 von 250  Tagen gewertet (1m/5m/15m)     7013 Signale  192 ms lesen  90409 ms rechnen
2026-09-08T18:33:00.682Z  ARR/2024        roh          88344 reg. Kerzen      235/0/0 von 252  Tagen gewertet (1m/5m/15m)     5663 Signale  1261 ms lesen  69733 ms rechnen
2026-09-08T18:34:21.464Z  ARR/2025        roh          93865 reg. Kerzen      250/0/0 von 250  Tagen gewertet (1m/5m/15m)     6149 Signale  355 ms lesen  80186 ms rechnen
2026-09-08T18:35:22.208Z  ARR/2026        roh          63072 reg. Kerzen      166/0/0 von 166  Tagen gewertet (1m/5m/15m)     3977 Signale  2369 ms lesen  58123 ms rechnen
2026-09-08T18:35:22.753Z  ARVN/2018       roh           8027 reg. Kerzen        0/0/0 von 65   Tagen gewertet (1m/5m/15m)        0 Signale  313 ms lesen  49 ms rechnen
2026-09-08T18:35:25.473Z  ARVN/2019       roh          42574 reg. Kerzen        7/0/0 von 252  Tagen gewertet (1m/5m/15m)      195 Signale  388 ms lesen  2308 ms rechnen
2026-09-08T18:35:49.280Z  ARVN/2020       roh          68902 reg. Kerzen       67/0/0 von 253  Tagen gewertet (1m/5m/15m)     2097 Signale  101 ms lesen  23572 ms rechnen
2026-09-08T18:36:03.009Z  ARVN/2021       roh          65635 reg. Kerzen       39/0/0 von 252  Tagen gewertet (1m/5m/15m)     1179 Signale  130 ms lesen  13398 ms rechnen
2026-09-08T18:36:44.040Z  ARVN/2022       roh          66640 reg. Kerzen       40/0/0 von 251  Tagen gewertet (1m/5m/15m)     1257 Signale  27226 ms lesen  13600 ms rechnen
2026-09-08T18:37:03.500Z  ARVN/2023       roh          68232 reg. Kerzen       54/0/0 von 250  Tagen gewertet (1m/5m/15m)     1673 Signale  98 ms lesen  19169 ms rechnen
2026-09-08T18:37:31.933Z  ARVN/2024       roh          72691 reg. Kerzen       87/0/0 von 252  Tagen gewertet (1m/5m/15m)     2676 Signale  119 ms lesen  28090 ms rechnen
2026-09-08T18:38:50.031Z  ARVN/2025       roh          87221 reg. Kerzen      220/0/0 von 250  Tagen gewertet (1m/5m/15m)     6913 Signale  140 ms lesen  77763 ms rechnen
2026-09-08T18:38:58.115Z  ARVN/2026       roh          46213 reg. Kerzen       22/0/0 von 166  Tagen gewertet (1m/5m/15m)      673 Signale  67 ms lesen  7757 ms rechnen
2026-09-08T18:40:05.114Z  AS/2024         roh          82384 reg. Kerzen      196/0/0 von 231  Tagen gewertet (1m/5m/15m)     5668 Signale  119 ms lesen  66774 ms rechnen
2026-09-08T18:41:40.010Z  AS/2025         roh          95859 reg. Kerzen      250/0/0 von 250  Tagen gewertet (1m/5m/15m)     7231 Signale  4325 ms lesen  90344 ms rechnen
2026-09-08T18:42:43.816Z  AS/2026         roh          64177 reg. Kerzen      166/0/0 von 166  Tagen gewertet (1m/5m/15m)     4807 Signale  1574 ms lesen  61938 ms rechnen
2026-09-08T18:42:47.208Z  ASC/2016        roh          61674 reg. Kerzen        0/0/0 von 252  Tagen gewertet (1m/5m/15m)        0 Signale  2551 ms lesen  328 ms rechnen
2026-09-08T18:42:49.394Z  ASC/2017        roh          44533 reg. Kerzen        0/0/0 von 251  Tagen gewertet (1m/5m/15m)        0 Signale  1748 ms lesen  252 ms rechnen
2026-09-08T18:42:51.107Z  ASC/2018        roh          43094 reg. Kerzen        0/0/0 von 251  Tagen gewertet (1m/5m/15m)        0 Signale  1359 ms lesen  232 ms rechnen
^CSignalstudie Minuten: Ausgabe voll-1-1m --teil 1/8 --zeitrahmen 1m, Start 09.09.2026  9:57:34,86 
2026-09-09T07:57:43.698Z  FORTSETZUNG: 400 Dateien erledigt, Zellenstand 2

!!! WERTPAPIERART: Referenzkarte vorhanden, aber ohne Eintrag fuer GCI (erster Fall dieses Laufs; weitere werden nicht gemeldet) - solche Symbole fallen STILL aus dem Universum heraus.

2026-09-09T07:57:43.827Z  START signale-minuten-2026-09-06/v4/13x3x3x4x3+kurs | 913 Reihen (7299 Aktien, ausgeschlossen {"ETF":694,"ETN":7,"ETV":35,"FUND":16,"ETS":4,"ohne Art":1,"TEST":1,"UNIT":1}) | 13 Detektoren | Tage 2680 | Bestaetigung ab 2023-02-07 | Teil 1/8
2026-09-09T07:57:43.827Z  ZEITRAHMEN-TEIL: nur 1m - die uebrigen Zeitrahmen muessen in einem eigenen Lauf gemessen und beim Auswerten zusammengelegt werden
2026-09-09T07:57:44.081Z  AUSGELASSEN AAGR/2025: Datei fehlt
2026-09-09T07:57:44.870Z  AUSGELASSEN AFIB/2025: Datei fehlt
2026-09-09T07:57:44.955Z  AUSGELASSEN AHPA/2019: Datei fehlt
2026-09-09T07:57:44.960Z  AUSGELASSEN AHPA/2020: Datei fehlt
2026-09-09T07:57:46.230Z  AUSGELASSEN ALR/2018: Datei fehlt
2026-09-09T07:57:46.381Z  AUSGELASSEN ALR/2019: Datei fehlt
2026-09-09T07:57:46.382Z  AUSGELASSEN ALR/2020: Datei fehlt
2026-09-09T07:57:46.383Z  AUSGELASSEN ALR/2021: Datei fehlt
2026-09-09T07:57:46.958Z  AUSGELASSEN ALTM/2023: Datei fehlt
2026-09-09T07:57:48.674Z  ARNA/2016       bereinigt    82283 reg. Kerzen        0/0/0 von 252  Tagen gewertet (1m/5m/15m)        0 Signale  720 ms lesen  530 ms rechnen
2026-09-09T07:57:59.664Z  ARNA/2017       bereinigt    79400 reg. Kerzen       39/0/0 von 251  Tagen gewertet (1m/5m/15m)     1220 Signale  186 ms lesen  10623 ms rechnen
2026-09-09T07:58:32.182Z  ARNA/2018       roh          76336 reg. Kerzen      117/0/0 von 251  Tagen gewertet (1m/5m/15m)     3569 Signale  117 ms lesen  32222 ms rechnen
2026-09-09T07:58:50.244Z  ARNA/2019       roh          72538 reg. Kerzen       77/0/0 von 252  Tagen gewertet (1m/5m/15m)     2253 Signale  526 ms lesen  17348 ms rechnen
2026-09-09T07:59:56.945Z  ARNA/2020       roh          82185 reg. Kerzen      176/0/0 von 253  Tagen gewertet (1m/5m/15m)     5313 Signale  20242 ms lesen  46298 ms rechnen
2026-09-09T08:00:11.594Z  ARNA/2021       roh          70807 reg. Kerzen       56/0/0 von 252  Tagen gewertet (1m/5m/15m)     1606 Signale  109 ms lesen  14375 ms rechnen
2026-09-09T08:00:23.092Z  ARNA/2022       roh          17015 reg. Kerzen       45/0/0 von 47   Tagen gewertet (1m/5m/15m)      907 Signale  30 ms lesen  11302 ms rechnen
2026-09-09T08:00:45.798Z  ARR/2016        bereinigt    75897 reg. Kerzen       97/0/0 von 252  Tagen gewertet (1m/5m/15m)     2318 Signale  225 ms lesen  22395 ms rechnen
2026-09-09T08:00:59.810Z  ARR/2017        bereinigt    71837 reg. Kerzen       63/0/0 von 251  Tagen gewertet (1m/5m/15m)     1496 Signale  114 ms lesen  13734 ms rechnen
2026-09-09T08:01:16.185Z  ARR/2018        bereinigt    70738 reg. Kerzen       73/0/0 von 251  Tagen gewertet (1m/5m/15m)     1665 Signale  120 ms lesen  16078 ms rechnen
2026-09-09T08:01:47.782Z  ARR/2019        bereinigt    79233 reg. Kerzen      141/0/0 von 252  Tagen gewertet (1m/5m/15m)     3087 Signale  137 ms lesen  31285 ms rechnen
2026-09-09T08:02:47.485Z  ARR/2020        bereinigt    87055 reg. Kerzen      224/0/0 von 253  Tagen gewertet (1m/5m/15m)     6405 Signale  144 ms lesen  59364 ms rechnen
2026-09-09T08:03:49.937Z  ARR/2021        bereinigt    88556 reg. Kerzen      238/0/0 von 252  Tagen gewertet (1m/5m/15m)     5659 Signale  144 ms lesen  62127 ms rechnen
2026-09-09T08:04:59.590Z  ARR/2022        bereinigt    93948 reg. Kerzen      249/0/0 von 251  Tagen gewertet (1m/5m/15m)     6801 Signale  154 ms lesen  69313 ms rechnen
2026-09-09T08:06:10.449Z  ARR/2023        bereinigt    96064 reg. Kerzen      250/0/0 von 250  Tagen gewertet (1m/5m/15m)     7013 Signale  165 ms lesen  70466 ms rechnen
2026-09-09T08:07:04.961Z  ARR/2024        roh          88344 reg. Kerzen      235/0/0 von 252  Tagen gewertet (1m/5m/15m)     5663 Signale  162 ms lesen  54078 ms rechnen
2026-09-09T08:08:08.132Z  ARR/2025        roh          93865 reg. Kerzen      250/0/0 von 250  Tagen gewertet (1m/5m/15m)     6149 Signale  124 ms lesen  62843 ms rechnen
2026-09-09T08:08:51.486Z  ARR/2026        roh          63072 reg. Kerzen      166/0/0 von 166  Tagen gewertet (1m/5m/15m)     3977 Signale  216 ms lesen  42918 ms rechnen
2026-09-09T08:08:51.689Z  ARVN/2018       roh           8027 reg. Kerzen        0/0/0 von 65   Tagen gewertet (1m/5m/15m)        0 Signale  34 ms lesen  37 ms rechnen
2026-09-09T08:08:53.373Z  ARVN/2019       roh          42574 reg. Kerzen        7/0/0 von 252  Tagen gewertet (1m/5m/15m)      195 Signale  47 ms lesen  1621 ms rechnen
2026-09-09T08:09:11.197Z  ARVN/2020       roh          68902 reg. Kerzen       67/0/0 von 253  Tagen gewertet (1m/5m/15m)     2097 Signale  91 ms lesen  17650 ms rechnen
2026-09-09T08:09:21.281Z  ARVN/2021       roh          65635 reg. Kerzen       39/0/0 von 252  Tagen gewertet (1m/5m/15m)     1179 Signale  112 ms lesen  9815 ms rechnen
2026-09-09T08:09:31.779Z  ARVN/2022       roh          66640 reg. Kerzen       40/0/0 von 251  Tagen gewertet (1m/5m/15m)     1257 Signale  316 ms lesen  10043 ms rechnen
2026-09-09T08:09:46.075Z  ARVN/2023       roh          68232 reg. Kerzen       54/0/0 von 250  Tagen gewertet (1m/5m/15m)     1673 Signale  83 ms lesen  14065 ms rechnen
2026-09-09T08:10:08.308Z  ARVN/2024       roh          72691 reg. Kerzen       87/0/0 von 252  Tagen gewertet (1m/5m/15m)     2676 Signale  98 ms lesen  21991 ms rechnen
2026-09-09T08:11:08.998Z  ARVN/2025       roh          87221 reg. Kerzen      220/0/0 von 250  Tagen gewertet (1m/5m/15m)     6913 Signale  241 ms lesen  60302 ms rechnen
2026-09-09T08:11:15.028Z  ARVN/2026       roh          46213 reg. Kerzen       22/0/0 von 166  Tagen gewertet (1m/5m/15m)      673 Signale  128 ms lesen  5722 ms rechnen
2026-09-09T08:12:06.209Z  AS/2024         roh          82384 reg. Kerzen      196/0/0 von 231  Tagen gewertet (1m/5m/15m)     5668 Signale  106 ms lesen  50959 ms rechnen
2026-09-09T08:13:15.319Z  AS/2025         roh          95859 reg. Kerzen      250/0/0 von 250  Tagen gewertet (1m/5m/15m)     7231 Signale  104 ms lesen  68826 ms rechnen
2026-09-09T08:14:01.734Z  AS/2026         roh          64177 reg. Kerzen      166/0/0 von 166  Tagen gewertet (1m/5m/15m)     4807 Signale  146 ms lesen  46057 ms rechnen
2026-09-09T08:14:02.280Z  ASC/2016        roh          61674 reg. Kerzen        0/0/0 von 252  Tagen gewertet (1m/5m/15m)        0 Signale  91 ms lesen  306 ms rechnen
2026-09-09T08:14:02.679Z  ASC/2017        roh          44533 reg. Kerzen        0/0/0 von 251  Tagen gewertet (1m/5m/15m)        0 Signale  85 ms lesen  187 ms rechnen
2026-09-09T08:14:03.049Z  ASC/2018        roh          43094 reg. Kerzen        0/0/0 von 251  Tagen gewertet (1m/5m/15m)        0 Signale  75 ms lesen  183 ms rechnen
2026-09-09T08:14:03.436Z  ASC/2019        roh          47272 reg. Kerzen        0/0/0 von 252  Tagen gewertet (1m/5m/15m)        0 Signale  54 ms lesen  233 ms rechnen
2026-09-09T08:14:03.857Z  ASC/2020        roh          58543 reg. Kerzen        0/0/0 von 253  Tagen gewertet (1m/5m/15m)        0 Signale  70 ms lesen  254 ms rechnen
2026-09-09T08:14:04.275Z  ASC/2021        roh          46302 reg. Kerzen        0/0/0 von 252  Tagen gewertet (1m/5m/15m)        0 Signale  86 ms lesen  210 ms rechnen
2026-09-09T08:14:21.132Z  ASC/2022        roh          64277 reg. Kerzen       67/0/0 von 250  Tagen gewertet (1m/5m/15m)     2042 Signale  82 ms lesen  16677 ms rechnen
2026-09-09T08:14:51.975Z  ASC/2023        roh          77823 reg. Kerzen      124/0/0 von 250  Tagen gewertet (1m/5m/15m)     3702 Signale  97 ms lesen  30615 ms rechnen
2026-09-09T08:15:18.620Z  ASC/2024        roh          75957 reg. Kerzen      116/0/0 von 252  Tagen gewertet (1m/5m/15m)     3264 Signale  110 ms lesen  26358 ms rechnen
2026-09-09T08:15:26.292Z  ASC/2025        roh          68984 reg. Kerzen       31/0/0 von 250  Tagen gewertet (1m/5m/15m)      929 Signale  90 ms lesen  7413 ms rechnen
2026-09-09T08:15:34.064Z  ASC/2026        roh          46270 reg. Kerzen       31/0/0 von 166  Tagen gewertet (1m/5m/15m)      877 Signale  115 ms lesen  7509 ms rechnen
2026-09-09T08:16:06.527Z  ASML/2016       roh          81908 reg. Kerzen      150/0/0 von 252  Tagen gewertet (1m/5m/15m)     3437 Signale  187 ms lesen  32165 ms rechnen
2026-09-09T08:16:34.874Z  ASML/2017       roh          78682 reg. Kerzen      135/0/0 von 251  Tagen gewertet (1m/5m/15m)     3020 Signale  112 ms lesen  28057 ms rechnen
2026-09-09T08:17:17.019Z  ASML/2018       roh          82174 reg. Kerzen      189/0/0 von 251  Tagen gewertet (1m/5m/15m)     4849 Signale  135 ms lesen  41844 ms rechnen
2026-09-09T08:17:41.550Z  ASML/2019       roh          76854 reg. Kerzen      118/0/0 von 252  Tagen gewertet (1m/5m/15m)     2853 Signale  97 ms lesen  24261 ms rechnen
2026-09-09T08:18:31.880Z  ASML/2020       roh          85602 reg. Kerzen      213/0/0 von 253  Tagen gewertet (1m/5m/15m)     5514 Signale  305 ms lesen  49864 ms rechnen
2026-09-09T08:19:15.848Z  ASML/2021       roh          85129 reg. Kerzen      202/0/0 von 252  Tagen gewertet (1m/5m/15m)     5113 Signale  112 ms lesen  43680 ms rechnen
2026-09-09T08:23:52.075Z  ASML/2022       roh          88843 reg. Kerzen      242/0/0 von 251  Tagen gewertet (1m/5m/15m)     6881 Signale  216905 ms lesen  59142 ms rechnen
2026-09-09T08:24:47.259Z  ASML/2023       roh          86978 reg. Kerzen      231/0/0 von 250  Tagen gewertet (1m/5m/15m)     5675 Signale  1914 ms lesen  53096 ms rechnen
2026-09-09T08:25:44.548Z  ASML/2024       roh          88228 reg. Kerzen      230/0/0 von 252  Tagen gewertet (1m/5m/15m)     5937 Signale  2249 ms lesen  54842 ms rechnen
2026-09-09T08:26:45.989Z  ASML/2025       roh          91391 reg. Kerzen      248/0/0 von 250  Tagen gewertet (1m/5m/15m)     6256 Signale  119 ms lesen  61131 ms rechnen
2026-09-09T08:27:33.516Z  ASML/2026       roh          64587 reg. Kerzen      166/0/0 von 166  Tagen gewertet (1m/5m/15m)     4625 Signale  131 ms lesen  47181 ms rechnen
2026-09-09T08:27:33.710Z  ASPU/2017       roh           3723 reg. Kerzen        0/0/0 von 103  Tagen gewertet (1m/5m/15m)        0 Signale  37 ms lesen  15 ms rechnen
2026-09-09T08:27:33.790Z  ASPU/2018       roh          12069 reg. Kerzen        0/0/0 von 249  Tagen gewertet (1m/5m/15m)        0 Signale  22 ms lesen  51 ms rechnen
2026-09-09T08:27:33.931Z  ASPU/2019       roh          14521 reg. Kerzen        0/0/0 von 252  Tagen gewertet (1m/5m/15m)        0 Signale  48 ms lesen  66 ms rechnen
2026-09-09T08:27:34.192Z  ASPU/2020       roh          37046 reg. Kerzen        0/0/0 von 253  Tagen gewertet (1m/5m/15m)        0 Signale  45 ms lesen  171 ms rechnen
2026-09-09T08:27:34.501Z  ASPU/2021       roh          37715 reg. Kerzen        0/0/0 von 252  Tagen gewertet (1m/5m/15m)        0 Signale  74 ms lesen  151 ms rechnen
2026-09-09T08:27:34.693Z  ASPU/2022       roh          17145 reg. Kerzen        0/0/0 von 251  Tagen gewertet (1m/5m/15m)        0 Signale  32 ms lesen  81 ms rechnen
2026-09-09T08:27:34.790Z  ASPU/2023       roh           5666 reg. Kerzen        0/0/0 von 61   Tagen gewertet (1m/5m/15m)        0 Signale  26 ms lesen  26 ms rechnen
2026-09-09T08:27:34.802Z  AUSGELASSEN ASPU/2024: Datei fehlt
2026-09-09T08:27:34.816Z  AUSGELASSEN ASPU/2025: Datei fehlt
2026-09-09T08:27:34.860Z  ASV/2017        roh           3956 reg. Kerzen        0/0/0 von 158  Tagen gewertet (1m/5m/15m)        0 Signale  26 ms lesen  17 ms rechnen
2026-09-09T08:27:34.915Z  ASV/2018        roh           4417 reg. Kerzen        0/0/0 von 243  Tagen gewertet (1m/5m/15m)        0 Signale  21 ms lesen  26 ms rechnen
2026-09-09T08:27:34.958Z  ASV/2019        roh           2347 reg. Kerzen        0/0/0 von 169  Tagen gewertet (1m/5m/15m)        0 Signale  23 ms lesen  11 ms rechnen
2026-09-09T08:27:34.990Z  ATAQ/2021       roh           1303 reg. Kerzen        0/0/0 von 110  Tagen gewertet (1m/5m/15m)        0 Signale  19 ms lesen  6 ms rechnen
2026-09-09T08:27:35.011Z  ATAQ/2022       roh            804 reg. Kerzen        0/0/0 von 147  Tagen gewertet (1m/5m/15m)        0 Signale  13 ms lesen  5 ms rechnen
2026-09-09T08:27:35.030Z  ATAQ/2023       roh            586 reg. Kerzen        0/0/0 von 69   Tagen gewertet (1m/5m/15m)        0 Signale  13 ms lesen  4 ms rechnen
2026-09-09T08:27:40.793Z  ATGE/2017       roh          41363 reg. Kerzen       23/0/0 von 153  Tagen gewertet (1m/5m/15m)      636 Signale  77 ms lesen  5671 ms rechnen
2026-09-09T08:27:50.363Z  ATGE/2018       roh          66214 reg. Kerzen       40/0/0 von 251  Tagen gewertet (1m/5m/15m)     1085 Signale  87 ms lesen  9387 ms rechnen
2026-09-09T08:27:59.201Z  ATGE/2019       roh          67939 reg. Kerzen       37/0/0 von 252  Tagen gewertet (1m/5m/15m)      990 Signale  151 ms lesen  8544 ms rechnen
2026-09-09T08:28:11.993Z  ATGE/2020       roh          69217 reg. Kerzen       50/0/0 von 253  Tagen gewertet (1m/5m/15m)     1493 Signale  81 ms lesen  12552 ms rechnen
2026-09-09T08:28:18.718Z  ATGE/2021       roh          59357 reg. Kerzen       25/0/0 von 252  Tagen gewertet (1m/5m/15m)      748 Signale  83 ms lesen  6504 ms rechnen
2026-09-09T08:28:25.282Z  ATGE/2022       roh          61588 reg. Kerzen       26/0/0 von 251  Tagen gewertet (1m/5m/15m)      753 Signale  79 ms lesen  6370 ms rechnen
2026-09-09T08:28:27.011Z  ATGE/2023       roh          53563 reg. Kerzen        6/0/0 von 250  Tagen gewertet (1m/5m/15m)      165 Signale  83 ms lesen  1519 ms rechnen
2026-09-09T08:28:30.779Z  ATGE/2024       roh          55882 reg. Kerzen       13/0/0 von 252  Tagen gewertet (1m/5m/15m)      378 Signale  68 ms lesen  3587 ms rechnen
2026-09-09T08:28:35.647Z  ATGE/2025       roh          57850 reg. Kerzen       18/0/0 von 250  Tagen gewertet (1m/5m/15m)      537 Signale  74 ms lesen  4673 ms rechnen
2026-09-09T08:28:36.009Z  ATGE/2026       roh           7379 reg. Kerzen        1/0/0 von 35   Tagen gewertet (1m/5m/15m)       27 Signale  25 ms lesen  212 ms rechnen
2026-09-09T08:28:36.093Z  ATIP/2020       bereinigt     3359 reg. Kerzen        0/0/0 von 63   Tagen gewertet (1m/5m/15m)        0 Signale  42 ms lesen  13 ms rechnen
2026-09-09T08:28:58.771Z  ATIP/2021       bereinigt    72132 reg. Kerzen       81/0/0 von 252  Tagen gewertet (1m/5m/15m)     2494 Signale  119 ms lesen  22552 ms rechnen
2026-09-09T08:29:01.006Z  ATIP/2022       bereinigt    69030 reg. Kerzen        0/0/0 von 251  Tagen gewertet (1m/5m/15m)        0 Signale  1677 ms lesen  411 ms rechnen
2026-09-09T08:29:02.317Z  ATIP/2023       bereinigt    22238 reg. Kerzen        0/0/0 von 248  Tagen gewertet (1m/5m/15m)        0 Signale  1026 ms lesen  128 ms rechnen
2026-09-09T08:29:03.246Z  ATIP/2024       roh           3724 reg. Kerzen        0/0/0 von 230  Tagen gewertet (1m/5m/15m)        0 Signale  857 ms lesen  19 ms rechnen
2026-09-09T08:29:03.254Z  AUSGELASSEN ATIP/2025: Datei fehlt
2026-09-09T08:29:03.411Z  ATMV/2023       roh            693 reg. Kerzen        0/0/0 von 141  Tagen gewertet (1m/5m/15m)        0 Signale  59 ms lesen  4 ms rechnen
2026-09-09T08:29:03.498Z  ATMV/2024       roh            268 reg. Kerzen        0/0/0 von 117  Tagen gewertet (1m/5m/15m)        0 Signale  83 ms lesen  2 ms rechnen
2026-09-09T08:29:03.899Z  ATMV/2025       roh           2452 reg. Kerzen        0/0/0 von 122  Tagen gewertet (1m/5m/15m)        0 Signale  387 ms lesen  12 ms rechnen
2026-09-09T08:29:05.545Z  ATRS/2016       roh          66104 reg. Kerzen        0/0/0 von 252  Tagen gewertet (1m/5m/15m)        0 Signale  1310 ms lesen  330 ms rechnen
2026-09-09T08:29:15.053Z  ATRS/2017       roh          82168 reg. Kerzen       23/0/0 von 251  Tagen gewertet (1m/5m/15m)      745 Signale  2090 ms lesen  7282 ms rechnen
2026-09-09T08:29:19.796Z  ATRS/2018       roh          74033 reg. Kerzen        9/0/0 von 251  Tagen gewertet (1m/5m/15m)      278 Signale  1988 ms lesen  2576 ms rechnen
2026-09-09T08:29:28.265Z  ATRS/2019       roh          75700 reg. Kerzen       26/0/0 von 252  Tagen gewertet (1m/5m/15m)      774 Signale  1466 ms lesen  6825 ms rechnen
2026-09-09T08:29:35.720Z  ATRS/2020       roh          78855 reg. Kerzen       19/0/0 von 253  Tagen gewertet (1m/5m/15m)      608 Signale  1256 ms lesen  6027 ms rechnen
2026-09-09T08:29:41.794Z  ATRS/2021       roh          72870 reg. Kerzen       17/0/0 von 252  Tagen gewertet (1m/5m/15m)      520 Signale  956 ms lesen  4957 ms rechnen
2026-09-09T08:29:48.843Z  ATRS/2022       roh          29673 reg. Kerzen       20/0/0 von 98   Tagen gewertet (1m/5m/15m)      229 Signale  176 ms lesen  6736 ms rechnen
2026-09-09T08:31:02.608Z  ATW/2016        roh          97661 reg. Kerzen      232/0/0 von 252  Tagen gewertet (1m/5m/15m)     7584 Signale  1335 ms lesen  72368 ms rechnen
2026-09-09T08:32:01.637Z  ATW/2017        roh          74002 reg. Kerzen      192/0/0 von 192  Tagen gewertet (1m/5m/15m)     6248 Signale  92 ms lesen  58696 ms rechnen
2026-09-09T08:32:01.864Z  AUGX/2021       roh           7799 reg. Kerzen        0/0/0 von 47   Tagen gewertet (1m/5m/15m)        0 Signale  46 ms lesen  29 ms rechnen
2026-09-09T08:32:01.964Z  AUGX/2022       roh           7975 reg. Kerzen        0/0/0 von 251  Tagen gewertet (1m/5m/15m)        0 Signale  37 ms lesen  38 ms rechnen
2026-09-09T08:32:02.154Z  AUGX/2023       roh          30605 reg. Kerzen        0/0/0 von 249  Tagen gewertet (1m/5m/15m)        0 Signale  47 ms lesen  127 ms rechnen
2026-09-09T08:32:02.472Z  AUGX/2024       roh          37406 reg. Kerzen        0/0/0 von 189  Tagen gewertet (1m/5m/15m)        0 Signale  66 ms lesen  190 ms rechnen
2026-09-09T08:32:02.625Z  AUTO/2017       roh           5760 reg. Kerzen        0/0/0 von 58   Tagen gewertet (1m/5m/15m)        0 Signale  31 ms lesen  24 ms rechnen
2026-09-09T08:32:02.756Z  AUTO/2018       roh          18933 reg. Kerzen        0/0/0 von 250  Tagen gewertet (1m/5m/15m)        0 Signale  34 ms lesen  86 ms rechnen
2026-09-09T08:32:02.855Z  AUTO/2019       roh           6715 reg. Kerzen        0/0/0 von 252  Tagen gewertet (1m/5m/15m)        0 Signale  22 ms lesen  36 ms rechnen
2026-09-09T08:32:03.067Z  AUTO/2020       roh          30996 reg. Kerzen        0/0/0 von 253  Tagen gewertet (1m/5m/15m)        0 Signale  51 ms lesen  147 ms rechnen
2026-09-09T08:32:03.291Z  AUTO/2021       roh          21458 reg. Kerzen        0/0/0 von 252  Tagen gewertet (1m/5m/15m)        0 Signale  58 ms lesen  98 ms rechnen
2026-09-09T08:32:03.395Z  AUTO/2022       roh           8263 reg. Kerzen        0/0/0 von 167  Tagen gewertet (1m/5m/15m)        0 Signale  30 ms lesen  33 ms rechnen
2026-09-09T08:32:50.426Z  AVB/2016        roh          86508 reg. Kerzen      206/0/0 von 252  Tagen gewertet (1m/5m/15m)     4729 Signale  130 ms lesen  46853 ms rechnen
2026-09-09T08:33:26.412Z  AVB/2017        roh          80841 reg. Kerzen      168/0/0 von 251  Tagen gewertet (1m/5m/15m)     3563 Signale  112 ms lesen  35677 ms rechnen
2026-09-09T08:34:02.315Z  AVB/2018        roh          79902 reg. Kerzen      164/0/0 von 251  Tagen gewertet (1m/5m/15m)     3761 Signale  102 ms lesen  35638 ms rechnen
2026-09-09T08:34:41.778Z  AVB/2019        roh          80979 reg. Kerzen      174/0/0 von 252  Tagen gewertet (1m/5m/15m)     3797 Signale  2357 ms lesen  36939 ms rechnen
2026-09-09T08:35:43.826Z  AVB/2020        roh          90853 reg. Kerzen      243/0/0 von 253  Tagen gewertet (1m/5m/15m)     6471 Signale  129 ms lesen  61762 ms rechnen
2026-09-09T08:36:21.678Z  AVB/2021        roh          80216 reg. Kerzen      170/0/0 von 252  Tagen gewertet (1m/5m/15m)     3930 Signale  115 ms lesen  37547 ms rechnen
2026-09-09T08:36:59.012Z  AVB/2022        roh          80320 reg. Kerzen      167/0/0 von 251  Tagen gewertet (1m/5m/15m)     4321 Signale  94 ms lesen  37047 ms rechnen
2026-09-09T08:37:33.964Z  AVB/2023        roh          79581 reg. Kerzen      159/0/0 von 250  Tagen gewertet (1m/5m/15m)     3837 Signale  93 ms lesen  34691 ms rechnen
2026-09-09T08:37:50.614Z  AVB/2024        roh          71224 reg. Kerzen       75/0/0 von 252  Tagen gewertet (1m/5m/15m)     1720 Signale  107 ms lesen  16384 ms rechnen
2026-09-09T08:38:14.756Z  AVB/2025        roh          74757 reg. Kerzen      111/0/0 von 250  Tagen gewertet (1m/5m/15m)     2583 Signale  112 ms lesen  23869 ms rechnen
2026-09-09T08:38:34.044Z  AVB/2026        roh          49193 reg. Kerzen       87/0/0 von 155  Tagen gewertet (1m/5m/15m)     2100 Signale  69 ms lesen  19057 ms rechnen
2026-09-09T08:39:37.330Z  AVGO/2016       bereinigt    97608 reg. Kerzen      232/0/0 von 252  Tagen gewertet (1m/5m/15m)     5856 Signale  144 ms lesen  63025 ms rechnen
2026-09-09T08:40:42.981Z  AVGO/2017       bereinigt    96716 reg. Kerzen      251/0/0 von 251  Tagen gewertet (1m/5m/15m)     5954 Signale  182 ms lesen  65282 ms rechnen
2026-09-09T08:41:50.414Z  AVGO/2018       bereinigt    96278 reg. Kerzen      249/0/0 von 251  Tagen gewertet (1m/5m/15m)     6622 Signale  139 ms lesen  67072 ms rechnen
2026-09-09T08:42:57.606Z  AVGO/2019       bereinigt    97030 reg. Kerzen      252/0/0 von 252  Tagen gewertet (1m/5m/15m)     6231 Signale  140 ms lesen  66847 ms rechnen
2026-09-09T08:44:07.037Z  AVGO/2020       bereinigt    97246 reg. Kerzen      253/0/0 von 253  Tagen gewertet (1m/5m/15m)     6789 Signale  147 ms lesen  69077 ms rechnen
2026-09-09T08:45:16.453Z  AVGO/2021       bereinigt    95548 reg. Kerzen      252/0/0 von 252  Tagen gewertet (1m/5m/15m)     6181 Signale  3713 ms lesen  65520 ms rechnen
2026-09-09T08:46:24.776Z  AVGO/2022       bereinigt    96167 reg. Kerzen      251/0/0 von 251  Tagen gewertet (1m/5m/15m)     6875 Signale  138 ms lesen  67976 ms rechnen
2026-09-09T08:47:30.697Z  AVGO/2023       bereinigt    95317 reg. Kerzen      250/0/0 von 250  Tagen gewertet (1m/5m/15m)     6344 Signale  136 ms lesen  65579 ms rechnen
2026-09-09T08:48:40.883Z  AVGO/2024       bereinigt    96651 reg. Kerzen      252/0/0 von 252  Tagen gewertet (1m/5m/15m)     6918 Signale  176 ms lesen  69785 ms rechnen
2026-09-09T08:49:51.862Z  AVGO/2025       roh          96960 reg. Kerzen      250/0/0 von 250  Tagen gewertet (1m/5m/15m)     6896 Signale  179 ms lesen  70602 ms rechnen
2026-09-09T08:50:39.368Z  AVGO/2026       roh          64740 reg. Kerzen      166/0/0 von 166  Tagen gewertet (1m/5m/15m)     4665 Signale  149 ms lesen  47157 ms rechnen
2026-09-09T08:50:39.605Z  AVOL/2016       roh            412 reg. Kerzen        0/0/0 von 4    Tagen gewertet (1m/5m/15m)        0 Signale  105 ms lesen  2 ms rechnen
2026-09-09T08:50:47.375Z  AVXS/2016       roh          45999 reg. Kerzen       29/0/0 von 225  Tagen gewertet (1m/5m/15m)      889 Signale  90 ms lesen  7678 ms rechnen
2026-09-09T08:51:00.075Z  AVXS/2017       roh          66624 reg. Kerzen       53/0/0 von 251  Tagen gewertet (1m/5m/15m)     1700 Signale  103 ms lesen  12504 ms rechnen
2026-09-09T08:51:08.983Z  AVXS/2018       roh          26190 reg. Kerzen       37/0/0 von 92   Tagen gewertet (1m/5m/15m)      914 Signale  51 ms lesen  8700 ms rechnen
2026-09-09T08:51:09.073Z  AWSM/2017       bereinigt     3330 reg. Kerzen        0/0/0 von 56   Tagen gewertet (1m/5m/15m)        0 Signale  21 ms lesen  17 ms rechnen
2026-09-09T08:51:09.268Z  AWSM/2018       bereinigt    23650 reg. Kerzen        0/0/0 von 249  Tagen gewertet (1m/5m/15m)        0 Signale  58 ms lesen  126 ms rechnen
2026-09-09T08:51:09.538Z  AWSM/2019       bereinigt    31956 reg. Kerzen        0/0/0 von 216  Tagen gewertet (1m/5m/15m)        0 Signale  59 ms lesen  165 ms rechnen
2026-09-09T08:51:09.915Z  AXGT/2019       bereinigt    42242 reg. Kerzen        0/0/0 von 222  Tagen gewertet (1m/5m/15m)        0 Signale  78 ms lesen  222 ms rechnen
2026-09-09T08:51:17.300Z  AXGT/2020       roh          41450 reg. Kerzen       24/0/0 von 220  Tagen gewertet (1m/5m/15m)      766 Signale  57 ms lesen  7235 ms rechnen
2026-09-09T08:52:08.216Z  AXON/2016       roh          88890 reg. Kerzen      210/0/0 von 252  Tagen gewertet (1m/5m/15m)     5812 Signale  108 ms lesen  50707 ms rechnen
2026-09-09T08:52:38.895Z  AXON/2017       roh          78797 reg. Kerzen      137/0/0 von 251  Tagen gewertet (1m/5m/15m)     3544 Signale  103 ms lesen  30378 ms rechnen
2026-09-09T08:53:26.468Z  AXON/2018       roh          83442 reg. Kerzen      194/0/0 von 251  Tagen gewertet (1m/5m/15m)     5714 Signale  113 ms lesen  47304 ms rechnen
2026-09-09T08:54:08.808Z  AXON/2019       roh          83109 reg. Kerzen      176/0/0 von 252  Tagen gewertet (1m/5m/15m)     4925 Signale  119 ms lesen  42024 ms rechnen
2026-09-09T08:54:58.417Z  AXON/2020       roh          84480 reg. Kerzen      187/0/0 von 253  Tagen gewertet (1m/5m/15m)     5651 Signale  1874 ms lesen  47556 ms rechnen
2026-09-09T08:55:17.014Z  AXON/2021       roh          70080 reg. Kerzen       73/0/0 von 252  Tagen gewertet (1m/5m/15m)     2156 Signale  90 ms lesen  18343 ms rechnen
2026-09-09T08:55:29.441Z  AXON/2022       roh          67901 reg. Kerzen       49/0/0 von 251  Tagen gewertet (1m/5m/15m)     1501 Signale  94 ms lesen  12162 ms rechnen
2026-09-09T08:55:52.727Z  AXON/2023       roh          73602 reg. Kerzen      101/0/0 von 250  Tagen gewertet (1m/5m/15m)     2761 Signale  92 ms lesen  23049 ms rechnen
2026-09-09T08:56:03.234Z  AXON/2024       roh          64128 reg. Kerzen       44/0/0 von 252  Tagen gewertet (1m/5m/15m)     1214 Signale  89 ms lesen  10252 ms rechnen
2026-09-09T08:56:23.945Z  AXON/2025       roh          69740 reg. Kerzen       79/0/0 von 250  Tagen gewertet (1m/5m/15m)     2330 Signale  98 ms lesen  20469 ms rechnen
2026-09-09T08:57:10.997Z  AXON/2026       roh          62296 reg. Kerzen      164/0/0 von 166  Tagen gewertet (1m/5m/15m)     5057 Signale  95 ms lesen  46817 ms rechnen
2026-09-09T08:57:11.205Z  AYLA/2020       roh           4674 reg. Kerzen        0/0/0 von 165  Tagen gewertet (1m/5m/15m)        0 Signale  31 ms lesen  25 ms rechnen
2026-09-09T08:57:11.285Z  AYLA/2021       roh           6928 reg. Kerzen        0/0/0 von 252  Tagen gewertet (1m/5m/15m)        0 Signale  41 ms lesen  28 ms rechnen
2026-09-09T08:57:11.429Z  AYLA/2022       roh          17433 reg. Kerzen        0/0/0 von 251  Tagen gewertet (1m/5m/15m)        0 Signale  38 ms lesen  81 ms rechnen
2026-09-09T08:57:11.481Z  AYLA/2023       roh            779 reg. Kerzen        0/0/0 von 11   Tagen gewertet (1m/5m/15m)        0 Signale  7 ms lesen  4 ms rechnen
2026-09-09T08:57:11.543Z  AZRE/2016       roh           3019 reg. Kerzen        0/0/0 von 54   Tagen gewertet (1m/5m/15m)        0 Signale  26 ms lesen  20 ms rechnen
2026-09-09T08:57:11.594Z  AZRE/2017       roh           6897 reg. Kerzen        0/0/0 von 249  Tagen gewertet (1m/5m/15m)        0 Signale  16 ms lesen  29 ms rechnen
2026-09-09T08:57:11.661Z  AZRE/2018       roh           5795 reg. Kerzen        0/0/0 von 246  Tagen gewertet (1m/5m/15m)        0 Signale  23 ms lesen  30 ms rechnen
2026-09-09T08:57:11.765Z  AZRE/2019       roh           8846 reg. Kerzen        0/0/0 von 252  Tagen gewertet (1m/5m/15m)        0 Signale  51 ms lesen  40 ms rechnen
2026-09-09T08:57:12.003Z  AZRE/2020       roh          19920 reg. Kerzen        0/0/0 von 253  Tagen gewertet (1m/5m/15m)        0 Signale  127 ms lesen  92 ms rechnen
2026-09-09T08:57:14.092Z  AZRE/2021       roh          51492 reg. Kerzen        7/0/0 von 252  Tagen gewertet (1m/5m/15m)      216 Signale  82 ms lesen  1968 ms rechnen
2026-09-09T08:57:18.049Z  AZRE/2022       roh          53325 reg. Kerzen       13/0/0 von 250  Tagen gewertet (1m/5m/15m)      437 Signale  74 ms lesen  3774 ms rechnen
2026-09-09T08:57:18.293Z  AZRE/2023       roh          21986 reg. Kerzen        0/0/0 von 131  Tagen gewertet (1m/5m/15m)        0 Signale  42 ms lesen  95 ms rechnen
2026-09-09T08:58:18.914Z  BA/2016         roh          98029 reg. Kerzen      232/0/0 von 252  Tagen gewertet (1m/5m/15m)     5384 Signale  130 ms lesen  60399 ms rechnen
2026-09-09T08:59:25.001Z  BA/2017         roh          97275 reg. Kerzen      251/0/0 von 251  Tagen gewertet (1m/5m/15m)     5587 Signale  132 ms lesen  65737 ms rechnen
2026-09-09T09:00:32.550Z  BA/2018         roh          97279 reg. Kerzen      251/0/0 von 251  Tagen gewertet (1m/5m/15m)     6609 Signale  128 ms lesen  67189 ms rechnen
2026-09-09T09:01:39.513Z  BA/2019         roh          97674 reg. Kerzen      252/0/0 von 252  Tagen gewertet (1m/5m/15m)     6294 Signale  149 ms lesen  66577 ms rechnen
2026-09-09T09:02:52.517Z  BA/2020         roh          98183 reg. Kerzen      253/0/0 von 253  Tagen gewertet (1m/5m/15m)     7544 Signale  168 ms lesen  72603 ms rechnen
2026-09-09T09:04:03.154Z  BA/2021         roh          97315 reg. Kerzen      250/0/0 von 252  Tagen gewertet (1m/5m/15m)     6469 Signale  156 ms lesen  70259 ms rechnen
2026-09-09T09:05:19.384Z  BA/2022         roh          97005 reg. Kerzen      249/0/0 von 251  Tagen gewertet (1m/5m/15m)     7046 Signale  4901 ms lesen  71126 ms rechnen
2026-09-09T09:06:26.392Z  BA/2023         roh          97110 reg. Kerzen      250/0/0 von 250  Tagen gewertet (1m/5m/15m)     6343 Signale  139 ms lesen  66664 ms rechnen
2026-09-09T09:07:34.734Z  BA/2024         roh          97731 reg. Kerzen      252/0/0 von 252  Tagen gewertet (1m/5m/15m)     6667 Signale  130 ms lesen  68004 ms rechnen
2026-09-09T09:08:43.237Z  BA/2025         roh          96951 reg. Kerzen      250/0/0 von 250  Tagen gewertet (1m/5m/15m)     6470 Signale  140 ms lesen  68172 ms rechnen
2026-09-09T09:09:28.423Z  BA/2026         roh          64705 reg. Kerzen      166/0/0 von 166  Tagen gewertet (1m/5m/15m)     4421 Signale  249 ms lesen  44736 ms rechnen
2026-09-09T09:10:11.500Z  BAH/2016        roh          86465 reg. Kerzen      189/0/0 von 252  Tagen gewertet (1m/5m/15m)     4368 Signale  104 ms lesen  42819 ms rechnen
2026-09-09T09:11:02.208Z  BAH/2017        roh          86721 reg. Kerzen      223/0/0 von 251  Tagen gewertet (1m/5m/15m)     4977 Signale  105 ms lesen  50422 ms rechnen
2026-09-09T09:11:53.128Z  BAH/2018        roh          87258 reg. Kerzen      222/0/0 von 251  Tagen gewertet (1m/5m/15m)     5173 Signale  101 ms lesen  50622 ms rechnen
2026-09-09T09:12:51.478Z  BAH/2019        roh          90855 reg. Kerzen      247/0/0 von 252  Tagen gewertet (1m/5m/15m)     5723 Signale  104 ms lesen  58063 ms rechnen
2026-09-09T09:13:52.215Z  BAH/2020        roh          91675 reg. Kerzen      243/0/0 von 253  Tagen gewertet (1m/5m/15m)     6229 Signale  99 ms lesen  60440 ms rechnen
2026-09-09T09:14:39.767Z  BAH/2021        roh          84863 reg. Kerzen      209/0/0 von 252  Tagen gewertet (1m/5m/15m)     5011 Signale  126 ms lesen  47229 ms rechnen
2026-09-09T09:15:35.657Z  BAH/2022        roh          88423 reg. Kerzen      233/0/0 von 251  Tagen gewertet (1m/5m/15m)     5867 Signale  300 ms lesen  55408 ms rechnen
2026-09-09T09:16:18.808Z  BAH/2023        roh          83960 reg. Kerzen      188/0/0 von 250  Tagen gewertet (1m/5m/15m)     4398 Signale  109 ms lesen  42855 ms rechnen
2026-09-09T09:16:51.789Z  BAH/2024        roh          79771 reg. Kerzen      143/0/0 von 252  Tagen gewertet (1m/5m/15m)     3488 Signale  109 ms lesen  32692 ms rechnen
2026-09-09T09:17:56.619Z  BAH/2025        roh          93841 reg. Kerzen      249/0/0 von 250  Tagen gewertet (1m/5m/15m)     6767 Signale  103 ms lesen  64556 ms rechnen
2026-09-09T09:18:40.694Z  BAH/2026        roh          61672 reg. Kerzen      166/0/0 von 166  Tagen gewertet (1m/5m/15m)     4632 Signale  99 ms lesen  43775 ms rechnen
2026-09-09T09:18:40.946Z  BANF/2016       bereinigt    14449 reg. Kerzen        0/0/0 von 252  Tagen gewertet (1m/5m/15m)        0 Signale  34 ms lesen  63 ms rechnen
2026-09-09T09:18:41.094Z  BANF/2017       bereinigt    15937 reg. Kerzen        0/0/0 von 251  Tagen gewertet (1m/5m/15m)        0 Signale  16 ms lesen  97 ms rechnen
2026-09-09T09:18:41.232Z  BANF/2018       roh          17541 reg. Kerzen        0/0/0 von 251  Tagen gewertet (1m/5m/15m)        0 Signale  38 ms lesen  69 ms rechnen
2026-09-09T09:18:41.376Z  BANF/2019       roh          19332 reg. Kerzen        0/0/0 von 252  Tagen gewertet (1m/5m/15m)        0 Signale  29 ms lesen  81 ms rechnen
2026-09-09T09:18:41.730Z  BANF/2020       roh          33677 reg. Kerzen        0/0/0 von 253  Tagen gewertet (1m/5m/15m)        0 Signale  163 ms lesen  154 ms rechnen
2026-09-09T09:18:41.982Z  BANF/2021       roh          26911 reg. Kerzen        0/0/0 von 252  Tagen gewertet (1m/5m/15m)        0 Signale  37 ms lesen  144 ms rechnen
2026-09-09T09:18:42.329Z  BANF/2022       roh          34180 reg. Kerzen        0/0/0 von 251  Tagen gewertet (1m/5m/15m)        0 Signale  67 ms lesen  195 ms rechnen
2026-09-09T09:18:42.562Z  BANF/2023       roh          22277 reg. Kerzen        0/0/0 von 250  Tagen gewertet (1m/5m/15m)        0 Signale  43 ms lesen  100 ms rechnen
2026-09-09T09:18:42.741Z  BANF/2024       roh          17598 reg. Kerzen        0/0/0 von 252  Tagen gewertet (1m/5m/15m)        0 Signale  40 ms lesen  94 ms rechnen
2026-09-09T09:18:42.922Z  BANF/2025       roh          21644 reg. Kerzen        0/0/0 von 250  Tagen gewertet (1m/5m/15m)        0 Signale  35 ms lesen  104 ms rechnen
2026-09-09T09:18:43.061Z  BANF/2026       roh          15381 reg. Kerzen        0/0/0 von 166  Tagen gewertet (1m/5m/15m)        0 Signale  25 ms lesen  66 ms rechnen
2026-09-09T09:19:44.598Z  BAX/2016        roh          97875 reg. Kerzen      232/0/0 von 252  Tagen gewertet (1m/5m/15m)     5348 Signale  116 ms lesen  61351 ms rechnen
2026-09-09T09:20:48.227Z  BAX/2017        roh          96465 reg. Kerzen      251/0/0 von 251  Tagen gewertet (1m/5m/15m)     5500 Signale  112 ms lesen  63315 ms rechnen
2026-09-09T09:21:52.957Z  BAX/2018        roh          96934 reg. Kerzen      251/0/0 von 251  Tagen gewertet (1m/5m/15m)     5929 Signale  110 ms lesen  64414 ms rechnen
2026-09-09T09:22:57.917Z  BAX/2019        roh          97111 reg. Kerzen      252/0/0 von 252  Tagen gewertet (1m/5m/15m)     5723 Signale  115 ms lesen  64618 ms rechnen
2026-09-09T09:24:05.981Z  BAX/2020        roh          97934 reg. Kerzen      253/0/0 von 253  Tagen gewertet (1m/5m/15m)     6504 Signale  101 ms lesen  67749 ms rechnen
2026-09-09T09:25:13.401Z  BAX/2021        roh          96516 reg. Kerzen      250/0/0 von 252  Tagen gewertet (1m/5m/15m)     5680 Signale  1475 ms lesen  65740 ms rechnen
2026-09-09T09:26:19.489Z  BAX/2022        roh          96798 reg. Kerzen      249/0/0 von 251  Tagen gewertet (1m/5m/15m)     6384 Signale  111 ms lesen  65756 ms rechnen
2026-09-09T09:27:26.438Z  BAX/2023        roh          96963 reg. Kerzen      250/0/0 von 250  Tagen gewertet (1m/5m/15m)     6358 Signale  163 ms lesen  66577 ms rechnen
2026-09-09T09:28:33.806Z  BAX/2024        roh          97343 reg. Kerzen      252/0/0 von 252  Tagen gewertet (1m/5m/15m)     6321 Signale  108 ms lesen  67064 ms rechnen
2026-09-09T09:29:43.101Z  BAX/2025        roh          96720 reg. Kerzen      250/0/0 von 250  Tagen gewertet (1m/5m/15m)     6657 Signale  121 ms lesen  68962 ms rechnen
2026-09-09T09:30:29.347Z  BAX/2026        roh          64687 reg. Kerzen      166/0/0 von 166  Tagen gewertet (1m/5m/15m)     4762 Signale  87 ms lesen  45974 ms rechnen
2026-09-09T09:30:31.167Z  CHECKPOINT 600 Dateien, 93 min, Detektorfehler {}
2026-09-09T09:30:31.240Z  BBIG/2018       roh           5250 reg. Kerzen        0/0/0 von 167  Tagen gewertet (1m/5m/15m)        0 Signale  39 ms lesen  24 ms rechnen
2026-09-09T09:30:31.291Z  BBIG/2019       roh           5622 reg. Kerzen        0/0/0 von 248  Tagen gewertet (1m/5m/15m)        0 Signale  13 ms lesen  27 ms rechnen
2026-09-09T09:30:31.476Z  BBIG/2020       roh          23316 reg. Kerzen        0/0/0 von 253  Tagen gewertet (1m/5m/15m)        0 Signale  41 ms lesen  132 ms rechnen
2026-09-09T09:31:19.827Z  BBIG/2021       roh          84137 reg. Kerzen      149/0/0 von 252  Tagen gewertet (1m/5m/15m)     5168 Signale  160 ms lesen  48132 ms rechnen
2026-09-09T09:32:17.425Z  BBIG/2022       roh          93649 reg. Kerzen      176/0/0 von 244  Tagen gewertet (1m/5m/15m)     6052 Signale  160 ms lesen  57269 ms rechnen
2026-09-09T09:32:19.435Z  BBIG/2023       roh          45650 reg. Kerzen        5/0/0 von 142  Tagen gewertet (1m/5m/15m)      160 Signale  84 ms lesen  1735 ms rechnen
2026-09-09T09:32:19.528Z  AUSGELASSEN BBIG/2024: Datei fehlt
2026-09-09T09:32:19.656Z  AUSGELASSEN BBIG/2025: Datei fehlt
2026-09-09T09:32:19.761Z  BBU/2016        bereinigt     7499 reg. Kerzen        0/0/0 von 136  Tagen gewertet (1m/5m/15m)        0 Signale  51 ms lesen  32 ms rechnen
2026-09-09T09:32:19.852Z  BBU/2017        bereinigt     9987 reg. Kerzen        0/0/0 von 251  Tagen gewertet (1m/5m/15m)        0 Signale  24 ms lesen  48 ms rechnen
2026-09-09T09:32:19.963Z  BBU/2018        bereinigt    12800 reg. Kerzen        0/0/0 von 250  Tagen gewertet (1m/5m/15m)        0 Signale  26 ms lesen  59 ms rechnen
2026-09-09T09:32:20.107Z  BBU/2019        bereinigt    14192 reg. Kerzen        0/0/0 von 252  Tagen gewertet (1m/5m/15m)        0 Signale  55 ms lesen  65 ms rechnen
2026-09-09T09:32:20.283Z  BBU/2020        bereinigt    18286 reg. Kerzen        0/0/0 von 253  Tagen gewertet (1m/5m/15m)        0 Signale  63 ms lesen  82 ms rechnen
2026-09-09T09:32:20.390Z  BBU/2021        bereinigt    11227 reg. Kerzen        0/0/0 von 251  Tagen gewertet (1m/5m/15m)        0 Signale  22 ms lesen  48 ms rechnen
2026-09-09T09:32:20.483Z  BBU/2022        bereinigt    11176 reg. Kerzen        0/0/0 von 251  Tagen gewertet (1m/5m/15m)        0 Signale  13 ms lesen  45 ms rechnen
2026-09-09T09:32:20.565Z  BBU/2023        roh           5509 reg. Kerzen        0/0/0 von 250  Tagen gewertet (1m/5m/15m)        0 Signale  35 ms lesen  24 ms rechnen
2026-09-09T09:32:20.619Z  BBU/2024        roh           5536 reg. Kerzen        0/0/0 von 252  Tagen gewertet (1m/5m/15m)        0 Signale  19 ms lesen  23 ms rechnen
2026-09-09T09:32:20.710Z  BBU/2025        roh          10501 reg. Kerzen        0/0/0 von 250  Tagen gewertet (1m/5m/15m)        0 Signale  18 ms lesen  62 ms rechnen
2026-09-09T09:32:20.754Z  BBU/2026        roh           2935 reg. Kerzen        0/0/0 von 60   Tagen gewertet (1m/5m/15m)        0 Signale  10 ms lesen  12 ms rechnen
2026-09-09T09:32:20.801Z  BCAC/2017       roh            226 reg. Kerzen        0/0/0 von 48   Tagen gewertet (1m/5m/15m)        0 Signale  30 ms lesen  1 ms rechnen
2026-09-09T09:32:20.819Z  BCAC/2018       roh            312 reg. Kerzen        0/0/0 von 102  Tagen gewertet (1m/5m/15m)        0 Signale  15 ms lesen  2 ms rechnen
2026-09-09T09:32:20.834Z  BCAC/2019       roh            188 reg. Kerzen        0/0/0 von 51   Tagen gewertet (1m/5m/15m)        0 Signale  12 ms lesen  2 ms rechnen
2026-09-09T09:32:20.835Z  AUSGELASSEN BCAC/2020: Datei fehlt
2026-09-09T09:32:20.869Z  BCAC/2021       roh           3049 reg. Kerzen        0/0/0 von 218  Tagen gewertet (1m/5m/15m)        0 Signale  14 ms lesen  20 ms rechnen
2026-09-09T09:32:20.904Z  BCAC/2022       roh           2187 reg. Kerzen        0/0/0 von 144  Tagen gewertet (1m/5m/15m)        0 Signale  15 ms lesen  13 ms rechnen
2026-09-09T09:32:27.939Z  BCO/2016        roh          65972 reg. Kerzen       30/0/0 von 252  Tagen gewertet (1m/5m/15m)      748 Signale  348 ms lesen  6663 ms rechnen
2026-09-09T09:32:37.320Z  BCO/2017        roh          66184 reg. Kerzen       41/0/0 von 251  Tagen gewertet (1m/5m/15m)     1099 Signale  104 ms lesen  9142 ms rechnen
2026-09-09T09:32:50.814Z  BCO/2018        roh          68753 reg. Kerzen       58/0/0 von 251  Tagen gewertet (1m/5m/15m)     1601 Signale  89 ms lesen  13262 ms rechnen
2026-09-09T09:32:58.331Z  BCO/2019        roh          64178 reg. Kerzen       33/0/0 von 252  Tagen gewertet (1m/5m/15m)      856 Signale  94 ms lesen  7280 ms rechnen
2026-09-09T09:33:32.505Z  BCO/2020        roh          77496 reg. Kerzen      135/0/0 von 253  Tagen gewertet (1m/5m/15m)     4069 Signale  85 ms lesen  33944 ms rechnen
2026-09-09T09:33:34.802Z  BCO/2021        roh          56659 reg. Kerzen        9/0/0 von 252  Tagen gewertet (1m/5m/15m)      234 Signale  90 ms lesen  2032 ms rechnen
2026-09-09T09:33:35.661Z  BCO/2022        roh          52978 reg. Kerzen        2/0/0 von 251  Tagen gewertet (1m/5m/15m)       57 Signale  83 ms lesen  650 ms rechnen
2026-09-09T09:33:36.030Z  BCO/2023        roh          38910 reg. Kerzen        0/0/0 von 250  Tagen gewertet (1m/5m/15m)        0 Signale  58 ms lesen  191 ms rechnen
2026-09-09T09:33:36.577Z  BCO/2024        roh          41987 reg. Kerzen        1/0/0 von 252  Tagen gewertet (1m/5m/15m)       23 Signale  53 ms lesen  402 ms rechnen
2026-09-09T09:33:37.903Z  BCO/2025        roh          43376 reg. Kerzen        4/0/0 von 250  Tagen gewertet (1m/5m/15m)      111 Signale  103 ms lesen  1134 ms rechnen
2026-09-09T09:33:39.975Z  BCO/2026        roh          35291 reg. Kerzen        8/0/0 von 166  Tagen gewertet (1m/5m/15m)      242 Signale  59 ms lesen  1918 ms rechnen
2026-09-09T09:34:41.918Z  BCS/2016        roh          95715 reg. Kerzen      232/0/0 von 252  Tagen gewertet (1m/5m/15m)     5950 Signale  120 ms lesen  61727 ms rechnen
2026-09-09T09:35:43.865Z  BCS/2017        roh          91690 reg. Kerzen      251/0/0 von 251  Tagen gewertet (1m/5m/15m)     5482 Signale  142 ms lesen  61575 ms rechnen
2026-09-09T09:36:45.012Z  BCS/2018        roh          90901 reg. Kerzen      249/0/0 von 251  Tagen gewertet (1m/5m/15m)     5726 Signale  119 ms lesen  60838 ms rechnen
2026-09-09T09:37:48.445Z  BCS/2019        roh          91318 reg. Kerzen      249/0/0 von 252  Tagen gewertet (1m/5m/15m)     5648 Signale  108 ms lesen  63141 ms rechnen
2026-09-09T09:38:55.600Z  BCS/2020        roh          92097 reg. Kerzen      251/0/0 von 253  Tagen gewertet (1m/5m/15m)     6812 Signale  226 ms lesen  66730 ms rechnen
2026-09-09T09:39:58.694Z  BCS/2021        roh          91562 reg. Kerzen      250/0/0 von 252  Tagen gewertet (1m/5m/15m)     5877 Signale  118 ms lesen  62771 ms rechnen
2026-09-09T09:41:06.041Z  BCS/2022        roh          94416 reg. Kerzen      249/0/0 von 251  Tagen gewertet (1m/5m/15m)     6352 Signale  112 ms lesen  67046 ms rechnen
2026-09-09T09:42:11.731Z  BCS/2023        roh          94043 reg. Kerzen      250/0/0 von 250  Tagen gewertet (1m/5m/15m)     5895 Signale  188 ms lesen  65324 ms rechnen
2026-09-09T09:43:18.201Z  BCS/2024        roh          95923 reg. Kerzen      252/0/0 von 252  Tagen gewertet (1m/5m/15m)     5926 Signale  117 ms lesen  66145 ms rechnen
2026-09-09T09:44:24.605Z  BCS/2025        roh          96499 reg. Kerzen      250/0/0 von 250  Tagen gewertet (1m/5m/15m)     5951 Signale  218 ms lesen  65963 ms rechnen
2026-09-09T09:45:08.962Z  BCS/2026        roh          64186 reg. Kerzen      166/0/0 von 166  Tagen gewertet (1m/5m/15m)     4062 Signale  91 ms lesen  44059 ms rechnen
2026-09-09T09:45:09.279Z  BDGE/2016       roh          22999 reg. Kerzen        0/0/0 von 252  Tagen gewertet (1m/5m/15m)        0 Signale  60 ms lesen  94 ms rechnen
2026-09-09T09:45:09.474Z  BDGE/2017       roh          17631 reg. Kerzen        0/0/0 von 251  Tagen gewertet (1m/5m/15m)        0 Signale  39 ms lesen  100 ms rechnen
2026-09-09T09:45:09.610Z  BDGE/2018       roh          16281 reg. Kerzen        0/0/0 von 251  Tagen gewertet (1m/5m/15m)        0 Signale  29 ms lesen  64 ms rechnen
2026-09-09T09:45:09.737Z  BDGE/2019       roh          14216 reg. Kerzen        0/0/0 von 252  Tagen gewertet (1m/5m/15m)        0 Signale  25 ms lesen  67 ms rechnen
2026-09-09T09:45:09.946Z  BDGE/2020       roh          29765 reg. Kerzen        0/0/0 von 253  Tagen gewertet (1m/5m/15m)        0 Signale  46 ms lesen  124 ms rechnen
2026-09-09T09:45:10.056Z  BDGE/2021       roh           3774 reg. Kerzen        0/0/0 von 19   Tagen gewertet (1m/5m/15m)        0 Signale  19 ms lesen  19 ms rechnen
2026-09-09T09:45:42.237Z  BECN/2016       roh          80475 reg. Kerzen      137/0/0 von 252  Tagen gewertet (1m/5m/15m)     3646 Signale  122 ms lesen  32023 ms rechnen
2026-09-09T09:45:59.807Z  BECN/2017       roh          71606 reg. Kerzen       77/0/0 von 251  Tagen gewertet (1m/5m/15m)     1959 Signale  101 ms lesen  17297 ms rechnen
2026-09-09T09:46:55.549Z  BECN/2018       roh          87885 reg. Kerzen      224/0/0 von 251  Tagen gewertet (1m/5m/15m)     6325 Signale  109 ms lesen  55481 ms rechnen
2026-09-09T09:47:38.864Z  BECN/2019       roh          83183 reg. Kerzen      185/0/0 von 252  Tagen gewertet (1m/5m/15m)     5027 Signale  104 ms lesen  43008 ms rechnen
2026-09-09T09:48:16.583Z  BECN/2020       roh          80007 reg. Kerzen      150/0/0 von 253  Tagen gewertet (1m/5m/15m)     4532 Signale  97 ms lesen  37420 ms rechnen
2026-09-09T09:48:26.350Z  BECN/2021       roh          66754 reg. Kerzen       41/0/0 von 252  Tagen gewertet (1m/5m/15m)     1180 Signale  86 ms lesen  9505 ms rechnen
2026-09-09T09:48:46.468Z  BECN/2022       roh          73390 reg. Kerzen       85/0/0 von 251  Tagen gewertet (1m/5m/15m)     2444 Signale  88 ms lesen  19871 ms rechnen
2026-09-09T09:48:58.659Z  BECN/2023       roh          68294 reg. Kerzen       52/0/0 von 250  Tagen gewertet (1m/5m/15m)     1354 Signale  82 ms lesen  11961 ms rechnen
2026-09-09T09:49:19.642Z  BECN/2024       roh          73510 reg. Kerzen       78/0/0 von 252  Tagen gewertet (1m/5m/15m)     2152 Signale  2450 ms lesen  18386 ms rechnen
2026-09-09T09:49:32.106Z  BECN/2025       roh          26173 reg. Kerzen       50/0/0 von 79   Tagen gewertet (1m/5m/15m)     1038 Signale  46 ms lesen  12257 ms rechnen
2026-09-09T09:50:30.569Z  BERY/2016       bereinigt    93879 reg. Kerzen      230/0/0 von 252  Tagen gewertet (1m/5m/15m)     5755 Signale  200 ms lesen  58072 ms rechnen
2026-09-09T09:51:24.805Z  BERY/2017       bereinigt    88130 reg. Kerzen      236/0/0 von 251  Tagen gewertet (1m/5m/15m)     5345 Signale  183 ms lesen  53867 ms rechnen
2026-09-09T09:52:24.781Z  BERY/2018       bereinigt    90940 reg. Kerzen      247/0/0 von 251  Tagen gewertet (1m/5m/15m)     6008 Signale  184 ms lesen  59623 ms rechnen
2026-09-09T09:53:24.783Z  BERY/2019       bereinigt    91489 reg. Kerzen      248/0/0 von 252  Tagen gewertet (1m/5m/15m)     5916 Signale  183 ms lesen  59633 ms rechnen
2026-09-09T09:54:29.431Z  BERY/2020       bereinigt    92679 reg. Kerzen      247/0/0 von 253  Tagen gewertet (1m/5m/15m)     6705 Signale  180 ms lesen  64273 ms rechnen
2026-09-09T09:55:18.110Z  BERY/2021       bereinigt    85333 reg. Kerzen      212/0/0 von 252  Tagen gewertet (1m/5m/15m)     5182 Signale  163 ms lesen  48315 ms rechnen
2026-09-09T09:56:12.995Z  BERY/2022       bereinigt    87601 reg. Kerzen      225/0/0 von 251  Tagen gewertet (1m/5m/15m)     5926 Signale  169 ms lesen  54540 ms rechnen
2026-09-09T09:57:03.510Z  BERY/2023       bereinigt    86373 reg. Kerzen      220/0/0 von 250  Tagen gewertet (1m/5m/15m)     5325 Signale  180 ms lesen  50128 ms rechnen
2026-09-09T09:57:47.380Z  BERY/2024       bereinigt    83836 reg. Kerzen      193/0/0 von 252  Tagen gewertet (1m/5m/15m)     4578 Signale  154 ms lesen  43527 ms rechnen
2026-09-09T09:58:02.599Z  BERY/2025       roh          27245 reg. Kerzen       64/0/0 von 80   Tagen gewertet (1m/5m/15m)     1546 Signale  51 ms lesen  14985 ms rechnen
2026-09-09T09:58:02.804Z  BFIN/2016       roh          16683 reg. Kerzen        0/0/0 von 252  Tagen gewertet (1m/5m/15m)        0 Signale  51 ms lesen  66 ms rechnen
2026-09-09T09:58:02.928Z  BFIN/2017       roh          13622 reg. Kerzen        0/0/0 von 251  Tagen gewertet (1m/5m/15m)        0 Signale  27 ms lesen  55 ms rechnen
2026-09-09T09:58:03.054Z  BFIN/2018       roh          13919 reg. Kerzen        0/0/0 von 251  Tagen gewertet (1m/5m/15m)        0 Signale  25 ms lesen  75 ms rechnen
2026-09-09T09:58:03.169Z  BFIN/2019       roh          13108 reg. Kerzen        0/0/0 von 252  Tagen gewertet (1m/5m/15m)        0 Signale  23 ms lesen  56 ms rechnen
2026-09-09T09:58:03.271Z  BFIN/2020       roh          10612 reg. Kerzen        0/0/0 von 253  Tagen gewertet (1m/5m/15m)        0 Signale  25 ms lesen  47 ms rechnen
2026-09-09T09:58:03.395Z  BFIN/2021       roh          16029 reg. Kerzen        0/0/0 von 252  Tagen gewertet (1m/5m/15m)        0 Signale  30 ms lesen  63 ms rechnen
2026-09-09T09:58:03.478Z  BFIN/2022       roh           5687 reg. Kerzen        0/0/0 von 251  Tagen gewertet (1m/5m/15m)        0 Signale  27 ms lesen  24 ms rechnen
2026-09-09T09:58:03.527Z  BFIN/2023       roh           4690 reg. Kerzen        0/0/0 von 249  Tagen gewertet (1m/5m/15m)        0 Signale  17 ms lesen  20 ms rechnen
2026-09-09T09:58:03.571Z  BFIN/2024       roh           3466 reg. Kerzen        0/0/0 von 248  Tagen gewertet (1m/5m/15m)        0 Signale  16 ms lesen  16 ms rechnen
2026-09-09T09:58:03.651Z  BFIN/2025       roh           9898 reg. Kerzen        0/0/0 von 250  Tagen gewertet (1m/5m/15m)        0 Signale  27 ms lesen  46 ms rechnen
2026-09-09T09:58:03.671Z  AUSGELASSEN BFIN/2026: Datei fehlt
2026-09-09T09:58:54.989Z  BGCP/2016       roh          86766 reg. Kerzen      209/0/0 von 252  Tagen gewertet (1m/5m/15m)     5188 Signale  116 ms lesen  51189 ms rechnen
2026-09-09T09:59:55.758Z  BGCP/2017       roh          89963 reg. Kerzen      245/0/0 von 251  Tagen gewertet (1m/5m/15m)     5874 Signale  419 ms lesen  60143 ms rechnen
2026-09-09T10:01:03.881Z  BGCP/2018       roh          94270 reg. Kerzen      249/0/0 von 251  Tagen gewertet (1m/5m/15m)     6750 Signale  112 ms lesen  67804 ms rechnen
2026-09-09T10:02:17.583Z  BGCP/2019       roh          92532 reg. Kerzen      251/0/0 von 252  Tagen gewertet (1m/5m/15m)     7152 Signale  103 ms lesen  73373 ms rechnen
2026-09-09T10:03:22.400Z  BGCP/2020       roh          93171 reg. Kerzen      217/0/0 von 253  Tagen gewertet (1m/5m/15m)     6653 Signale  109 ms lesen  64506 ms rechnen
2026-09-09T10:04:35.939Z  BGCP/2021       roh          91100 reg. Kerzen      249/0/0 von 252  Tagen gewertet (1m/5m/15m)     7122 Signale  123 ms lesen  73173 ms rechnen
2026-09-09T10:05:21.273Z  BGCP/2022       roh          86371 reg. Kerzen      170/0/0 von 251  Tagen gewertet (1m/5m/15m)     4849 Signale  101 ms lesen  45038 ms rechnen
2026-09-09T10:05:45.396Z  BGCP/2023       roh          45163 reg. Kerzen       84/0/0 von 124  Tagen gewertet (1m/5m/15m)     2399 Signale  54 ms lesen  23900 ms rechnen
2026-09-09T10:05:46.103Z  BGXX/2022       roh          36901 reg. Kerzen        1/0/0 von 158  Tagen gewertet (1m/5m/15m)       30 Signale  52 ms lesen  558 ms rechnen
2026-09-09T10:05:46.526Z  BGXX/2023       roh          51635 reg. Kerzen        0/0/0 von 250  Tagen gewertet (1m/5m/15m)        0 Signale  81 ms lesen  254 ms rechnen
2026-09-09T10:05:46.866Z  BGXX/2024       roh          32690 reg. Kerzen        0/0/0 von 180  Tagen gewertet (1m/5m/15m)        0 Signale  60 ms lesen  156 ms rechnen
2026-09-09T10:05:46.945Z  AUSGELASSEN BGXX/2025: Datei fehlt
2026-09-09T10:06:51.952Z  BHI/2016        roh          97617 reg. Kerzen      232/0/0 von 252  Tagen gewertet (1m/5m/15m)     6427 Signale  122 ms lesen  64876 ms rechnen
2026-09-09T10:07:25.075Z  BHI/2017        roh          48330 reg. Kerzen      126/0/0 von 126  Tagen gewertet (1m/5m/15m)     3130 Signale  76 ms lesen  32813 ms rechnen
2026-09-09T10:07:25.233Z  BIE/2016        roh           1853 reg. Kerzen        0/0/0 von 92   Tagen gewertet (1m/5m/15m)        0 Signale  23 ms lesen  8 ms rechnen
2026-09-09T10:07:36.821Z  BIN/2016        bereinigt    33423 reg. Kerzen       49/0/0 von 103  Tagen gewertet (1m/5m/15m)     1184 Signale  78 ms lesen  11488 ms rechnen
2026-09-09T10:07:37.405Z  BIOS/2016       bereinigt    70738 reg. Kerzen        0/0/0 von 252  Tagen gewertet (1m/5m/15m)        0 Signale  118 ms lesen  376 ms rechnen
2026-09-09T10:07:40.153Z  BIOS/2017       bereinigt    80917 reg. Kerzen        8/0/0 von 251  Tagen gewertet (1m/5m/15m)      258 Signale  73 ms lesen  2509 ms rechnen
2026-09-09T10:07:41.214Z  BIOS/2018       bereinigt    71021 reg. Kerzen        2/0/0 von 251  Tagen gewertet (1m/5m/15m)       44 Signale  132 ms lesen  766 ms rechnen
2026-09-09T10:07:41.936Z  BIOS/2019       bereinigt    79622 reg. Kerzen        0/0/0 von 252  Tagen gewertet (1m/5m/15m)        0 Signale  81 ms lesen  495 ms rechnen
2026-09-09T10:07:42.181Z  BIOS/2020       bereinigt     6938 reg. Kerzen        0/0/0 von 21   Tagen gewertet (1m/5m/15m)        0 Signale  8 ms lesen  66 ms rechnen
2026-09-09T10:07:42.216Z  AUSGELASSEN BIOS/2021: Datei fehlt
2026-09-09T10:07:42.268Z  BIOS/2022       roh            437 reg. Kerzen        0/0/0 von 129  Tagen gewertet (1m/5m/15m)        0 Signale  48 ms lesen  3 ms rechnen
2026-09-09T10:07:42.297Z  BIOS/2023       roh           1472 reg. Kerzen        0/0/0 von 167  Tagen gewertet (1m/5m/15m)        0 Signale  17 ms lesen  10 ms rechnen
2026-09-09T10:07:42.346Z  BIVVV/2017      roh           3014 reg. Kerzen        0/0/0 von 14   Tagen gewertet (1m/5m/15m)        0 Signale  28 ms lesen  17 ms rechnen
2026-09-09T10:07:43.583Z  BKFS/2016       roh          46818 reg. Kerzen        4/0/0 von 252  Tagen gewertet (1m/5m/15m)      106 Signale  41 ms lesen  1186 ms rechnen
2026-09-09T10:07:44.990Z  BKFS/2017       roh          39841 reg. Kerzen        5/0/0 von 188  Tagen gewertet (1m/5m/15m)      121 Signale  39 ms lesen  1275 ms rechnen
2026-09-09T10:07:45.135Z  BKSC/2016       roh           1217 reg. Kerzen        0/0/0 von 217  Tagen gewertet (1m/5m/15m)        0 Signale  34 ms lesen  6 ms rechnen
2026-09-09T10:07:45.165Z  BKSC/2017       roh           1706 reg. Kerzen        0/0/0 von 237  Tagen gewertet (1m/5m/15m)        0 Signale  15 ms lesen  11 ms rechnen
2026-09-09T10:07:45.195Z  BKSC/2018       roh           2036 reg. Kerzen        0/0/0 von 240  Tagen gewertet (1m/5m/15m)        0 Signale  6 ms lesen  16 ms rechnen
2026-09-09T10:07:45.230Z  BKSC/2019       roh           1551 reg. Kerzen        0/0/0 von 231  Tagen gewertet (1m/5m/15m)        0 Signale  18 ms lesen  9 ms rechnen
2026-09-09T10:07:45.255Z  BKSC/2020       roh           3457 reg. Kerzen        0/0/0 von 251  Tagen gewertet (1m/5m/15m)        0 Signale  7 ms lesen  15 ms rechnen
2026-09-09T10:07:45.285Z  BKSC/2021       roh           2715 reg. Kerzen        0/0/0 von 243  Tagen gewertet (1m/5m/15m)        0 Signale  10 ms lesen  13 ms rechnen
2026-09-09T10:07:45.321Z  BKSC/2022       roh           2480 reg. Kerzen        0/0/0 von 246  Tagen gewertet (1m/5m/15m)        0 Signale  19 ms lesen  11 ms rechnen
2026-09-09T10:07:45.345Z  BKSC/2023       roh           1759 reg. Kerzen        0/0/0 von 172  Tagen gewertet (1m/5m/15m)        0 Signale  8 ms lesen  8 ms rechnen
2026-09-09T10:07:45.349Z  AUSGELASSEN BKSC/2024: Datei fehlt
2026-09-09T10:07:45.355Z  AUSGELASSEN BKSC/2025: Datei fehlt
2026-09-09T10:07:45.505Z  BLCT/2020       roh          16180 reg. Kerzen        0/0/0 von 124  Tagen gewertet (1m/5m/15m)        0 Signale  75 ms lesen  74 ms rechnen
2026-09-09T10:07:45.763Z  BLCT/2021       roh          34534 reg. Kerzen        0/0/0 von 252  Tagen gewertet (1m/5m/15m)        0 Signale  58 ms lesen  158 ms rechnen
2026-09-09T10:07:45.892Z  BLCT/2022       roh           7533 reg. Kerzen        0/0/0 von 154  Tagen gewertet (1m/5m/15m)        0 Signale  23 ms lesen  32 ms rechnen
2026-09-09T10:08:24.845Z  BLK/2016        roh          83964 reg. Kerzen      172/0/0 von 252  Tagen gewertet (1m/5m/15m)     4107 Signale  116 ms lesen  38803 ms rechnen
2026-09-09T10:08:49.614Z  BLK/2017        roh          77198 reg. Kerzen      116/0/0 von 251  Tagen gewertet (1m/5m/15m)     2502 Signale  125 ms lesen  24477 ms rechnen
2026-09-09T10:09:31.777Z  BLK/2018        roh          82781 reg. Kerzen      185/0/0 von 251  Tagen gewertet (1m/5m/15m)     4779 Signale  121 ms lesen  41887 ms rechnen
2026-09-09T10:10:07.041Z  BLK/2019        roh          80152 reg. Kerzen      162/0/0 von 252  Tagen gewertet (1m/5m/15m)     3799 Signale  117 ms lesen  34948 ms rechnen
2026-09-09T10:10:56.687Z  BLK/2020        roh          85720 reg. Kerzen      206/0/0 von 253  Tagen gewertet (1m/5m/15m)     5371 Signale  198 ms lesen  49278 ms rechnen
2026-09-09T10:11:19.662Z  BLK/2021        roh          74936 reg. Kerzen      104/0/0 von 252  Tagen gewertet (1m/5m/15m)     2478 Signale  95 ms lesen  22704 ms rechnen
2026-09-09T10:12:07.665Z  BLK/2022        roh          84273 reg. Kerzen      201/0/0 von 251  Tagen gewertet (1m/5m/15m)     5344 Signale  97 ms lesen  47742 ms rechnen
2026-09-09T10:12:36.694Z  BLK/2023        roh          77754 reg. Kerzen      132/0/0 von 250  Tagen gewertet (1m/5m/15m)     3124 Signale  106 ms lesen  28740 ms rechnen
2026-09-09T10:12:46.974Z  BLK/2024        roh          67056 reg. Kerzen       47/0/0 von 252  Tagen gewertet (1m/5m/15m)     1128 Signale  191 ms lesen  9933 ms rechnen
2026-09-09T10:13:07.202Z  BLK/2025        roh          70685 reg. Kerzen       81/0/0 von 250  Tagen gewertet (1m/5m/15m)     2040 Signale  112 ms lesen  19975 ms rechnen
2026-09-09T10:13:49.718Z  BLK/2026        roh          62059 reg. Kerzen      165/0/0 von 166  Tagen gewertet (1m/5m/15m)     4167 Signale  109 ms lesen  42256 ms rechnen
2026-09-09T10:13:50.008Z  BLPH/2016       bereinigt    13392 reg. Kerzen        0/0/0 von 252  Tagen gewertet (1m/5m/15m)        0 Signale  56 ms lesen  65 ms rechnen
2026-09-09T10:13:50.304Z  BLPH/2017       bereinigt    39071 reg. Kerzen        0/0/0 von 251  Tagen gewertet (1m/5m/15m)        0 Signale  98 ms lesen  172 ms rechnen
2026-09-09T10:13:50.601Z  BLPH/2018       bereinigt    33061 reg. Kerzen        0/0/0 von 250  Tagen gewertet (1m/5m/15m)        0 Signale  46 ms lesen  167 ms rechnen
2026-09-09T10:13:50.812Z  BLPH/2019       bereinigt    20193 reg. Kerzen        0/0/0 von 252  Tagen gewertet (1m/5m/15m)        0 Signale  31 ms lesen  117 ms rechnen
2026-09-09T10:13:51.036Z  BLPH/2020       bereinigt    31858 reg. Kerzen        0/0/0 von 253  Tagen gewertet (1m/5m/15m)        0 Signale  34 ms lesen  146 ms rechnen
2026-09-09T10:13:51.244Z  BLPH/2021       roh          16706 reg. Kerzen        0/0/0 von 252  Tagen gewertet (1m/5m/15m)        0 Signale  51 ms lesen  73 ms rechnen
2026-09-09T10:13:51.362Z  BLPH/2022       roh           6935 reg. Kerzen        0/0/0 von 251  Tagen gewertet (1m/5m/15m)        0 Signale  30 ms lesen  46 ms rechnen
2026-09-09T10:13:51.517Z  BLPH/2023       roh          21933 reg. Kerzen        0/0/0 von 197  Tagen gewertet (1m/5m/15m)        0 Signale  46 ms lesen  94 ms rechnen
2026-09-09T10:13:51.578Z  AUSGELASSEN BLPH/2024: Datei fehlt
2026-09-09T10:13:51.881Z  BMA/2016        roh          40646 reg. Kerzen        0/0/0 von 252  Tagen gewertet (1m/5m/15m)        0 Signale  73 ms lesen  201 ms rechnen
2026-09-09T10:13:56.016Z  BMA/2017        roh          49368 reg. Kerzen       17/0/0 von 251  Tagen gewertet (1m/5m/15m)      473 Signale  97 ms lesen  3953 ms rechnen
2026-09-09T10:14:07.567Z  BMA/2018        roh          62289 reg. Kerzen       47/0/0 von 251  Tagen gewertet (1m/5m/15m)     1397 Signale  105 ms lesen  11336 ms rechnen
2026-09-09T10:14:29.802Z  BMA/2019        roh          71078 reg. Kerzen       77/0/0 von 252  Tagen gewertet (1m/5m/15m)     2387 Signale  2042 ms lesen  20069 ms rechnen
2026-09-09T10:14:43.353Z  BMA/2020        roh          67826 reg. Kerzen       52/0/0 von 253  Tagen gewertet (1m/5m/15m)     1635 Signale  93 ms lesen  13296 ms rechnen
2026-09-09T10:14:44.249Z  BMA/2021        roh          50546 reg. Kerzen        2/0/0 von 252  Tagen gewertet (1m/5m/15m)       45 Signale  80 ms lesen  654 ms rechnen
2026-09-09T10:14:44.632Z  BMA/2022        roh          47158 reg. Kerzen        0/0/0 von 251  Tagen gewertet (1m/5m/15m)        0 Signale  63 ms lesen  214 ms rechnen
2026-09-09T10:14:46.811Z  BMA/2023        roh          50830 reg. Kerzen        7/0/0 von 250  Tagen gewertet (1m/5m/15m)      216 Signale  85 ms lesen  1995 ms rechnen
2026-09-09T10:14:55.156Z  BMA/2024        roh          63058 reg. Kerzen       32/0/0 von 252  Tagen gewertet (1m/5m/15m)     1017 Signale  91 ms lesen  8145 ms rechnen
2026-09-09T10:15:10.220Z  BMA/2025        roh          65675 reg. Kerzen       57/0/0 von 250  Tagen gewertet (1m/5m/15m)     1829 Signale  189 ms lesen  14751 ms rechnen
2026-09-09T10:15:13.331Z  BMA/2026        roh          36312 reg. Kerzen       11/0/0 von 166  Tagen gewertet (1m/5m/15m)      335 Signale  81 ms lesen  2890 ms rechnen
2026-09-09T10:16:17.011Z  BMRN/2016       roh          94365 reg. Kerzen      232/0/0 von 252  Tagen gewertet (1m/5m/15m)     6788 Signale  152 ms lesen  63438 ms rechnen
2026-09-09T10:17:17.245Z  BMRN/2017       roh          90253 reg. Kerzen      246/0/0 von 251  Tagen gewertet (1m/5m/15m)     6309 Signale  115 ms lesen  59923 ms rechnen
2026-09-09T10:18:16.990Z  BMRN/2018       roh          89343 reg. Kerzen      245/0/0 von 251  Tagen gewertet (1m/5m/15m)     6762 Signale  111 ms lesen  59437 ms rechnen
2026-09-09T10:19:19.882Z  BMRN/2019       roh          91799 reg. Kerzen      249/0/0 von 252  Tagen gewertet (1m/5m/15m)     6665 Signale  109 ms lesen  62588 ms rechnen
2026-09-09T10:20:28.697Z  BMRN/2020       roh          95397 reg. Kerzen      253/0/0 von 253  Tagen gewertet (1m/5m/15m)     7299 Signale  165 ms lesen  68463 ms rechnen
2026-09-09T10:21:28.740Z  BMRN/2021       roh          90956 reg. Kerzen      244/0/0 von 252  Tagen gewertet (1m/5m/15m)     6388 Signale  145 ms lesen  59705 ms rechnen
2026-09-09T10:22:30.922Z  BMRN/2022       roh          91568 reg. Kerzen      247/0/0 von 251  Tagen gewertet (1m/5m/15m)     6785 Signale  120 ms lesen  61885 ms rechnen
2026-09-09T10:23:29.372Z  BMRN/2023       roh          90309 reg. Kerzen      242/0/0 von 250  Tagen gewertet (1m/5m/15m)     5933 Signale  121 ms lesen  58146 ms rechnen
2026-09-09T10:24:29.415Z  BMRN/2024       roh          91155 reg. Kerzen      247/0/0 von 252  Tagen gewertet (1m/5m/15m)     6176 Signale  100 ms lesen  59749 ms rechnen
2026-09-09T10:25:34.111Z  BMRN/2025       roh          92703 reg. Kerzen      250/0/0 von 250  Tagen gewertet (1m/5m/15m)     6578 Signale  102 ms lesen  64402 ms rechnen
2026-09-09T10:26:17.035Z  BMRN/2026       roh          61115 reg. Kerzen      166/0/0 von 166  Tagen gewertet (1m/5m/15m)     4449 Signale  79 ms lesen  42643 ms rechnen
2026-09-09T10:26:17.679Z  BNCN/2016       roh          46714 reg. Kerzen        1/0/0 von 252  Tagen gewertet (1m/5m/15m)       25 Signale  58 ms lesen  430 ms rechnen
2026-09-09T10:26:18.904Z  BNCN/2017       roh          24856 reg. Kerzen        4/0/0 von 114  Tagen gewertet (1m/5m/15m)       98 Signale  37 ms lesen  1093 ms rechnen
2026-09-09T10:26:19.000Z  BNRE/2022       roh            562 reg. Kerzen        0/0/0 von 12   Tagen gewertet (1m/5m/15m)        0 Signale  22 ms lesen  2 ms rechnen
2026-09-09T10:26:19.051Z  BNRE/2023       roh           6340 reg. Kerzen        0/0/0 von 250  Tagen gewertet (1m/5m/15m)        0 Signale  11 ms lesen  38 ms rechnen
2026-09-09T10:26:19.095Z  BNRE/2024       roh           1863 reg. Kerzen        0/0/0 von 170  Tagen gewertet (1m/5m/15m)        0 Signale  23 ms lesen  9 ms rechnen
2026-09-09T10:26:19.142Z  BOAS/2021       roh           3746 reg. Kerzen        0/0/0 von 175  Tagen gewertet (1m/5m/15m)        0 Signale  18 ms lesen  15 ms rechnen
2026-09-09T10:26:19.189Z  BOAS/2022       roh           2382 reg. Kerzen        0/0/0 von 193  Tagen gewertet (1m/5m/15m)        0 Signale  29 ms lesen  10 ms rechnen
2026-09-09T10:26:19.328Z  BONT/2016       roh          20162 reg. Kerzen        0/0/0 von 252  Tagen gewertet (1m/5m/15m)        0 Signale  40 ms lesen  89 ms rechnen
2026-09-09T10:26:19.542Z  BONT/2017       roh          24772 reg. Kerzen        0/0/0 von 216  Tagen gewertet (1m/5m/15m)        0 Signale  36 ms lesen  131 ms rechnen
2026-09-09T10:26:19.636Z  BOXC/2016       roh           1317 reg. Kerzen        0/0/0 von 228  Tagen gewertet (1m/5m/15m)        0 Signale  21 ms lesen  6 ms rechnen
2026-09-09T10:26:19.667Z  BOXC/2017       roh            508 reg. Kerzen        0/0/0 von 116  Tagen gewertet (1m/5m/15m)        0 Signale  24 ms lesen  3 ms rechnen
2026-09-09T10:26:19.803Z  BPMX/2016       bereinigt    14881 reg. Kerzen        0/0/0 von 252  Tagen gewertet (1m/5m/15m)        0 Signale  68 ms lesen  59 ms rechnen
2026-09-09T10:26:20.207Z  BPMX/2017       bereinigt    53722 reg. Kerzen        0/0/0 von 251  Tagen gewertet (1m/5m/15m)        0 Signale  95 ms lesen  273 ms rechnen
2026-09-09T10:26:23.983Z  BPMX/2018       bereinigt    87440 reg. Kerzen        9/0/0 von 251  Tagen gewertet (1m/5m/15m)      309 Signale  149 ms lesen  3505 ms rechnen
2026-09-09T10:26:24.604Z  BPMX/2019       bereinigt    57155 reg. Kerzen        0/0/0 von 252  Tagen gewertet (1m/5m/15m)        0 Signale  120 ms lesen  317 ms rechnen
2026-09-09T10:26:24.915Z  BPMX/2020       bereinigt    24651 reg. Kerzen        0/0/0 von 95   Tagen gewertet (1m/5m/15m)        0 Signale  51 ms lesen  128 ms rechnen
2026-09-09T10:27:04.737Z  BR/2016         roh          84995 reg. Kerzen      180/0/0 von 252  Tagen gewertet (1m/5m/15m)     3959 Signale  109 ms lesen  39624 ms rechnen
2026-09-09T10:27:28.446Z  BR/2017         roh          76389 reg. Kerzen      110/0/0 von 251  Tagen gewertet (1m/5m/15m)     2332 Signale  104 ms lesen  23427 ms rechnen
2026-09-09T10:28:19.901Z  BR/2018         roh          86092 reg. Kerzen      223/0/0 von 251  Tagen gewertet (1m/5m/15m)     5359 Signale  108 ms lesen  51181 ms rechnen
2026-09-09T10:29:09.510Z  BR/2019         roh          86121 reg. Kerzen      214/0/0 von 252  Tagen gewertet (1m/5m/15m)     4875 Signale  213 ms lesen  49221 ms rechnen
2026-09-09T10:29:53.721Z  BR/2020         roh          82377 reg. Kerzen      169/0/0 von 253  Tagen gewertet (1m/5m/15m)     4509 Signale  3946 ms lesen  40091 ms rechnen
2026-09-09T10:30:14.133Z  BR/2021         roh          73892 reg. Kerzen       93/0/0 von 252  Tagen gewertet (1m/5m/15m)     2185 Signale  218 ms lesen  20025 ms rechnen
2026-09-09T10:30:40.014Z  BR/2022         roh          75790 reg. Kerzen      116/0/0 von 251  Tagen gewertet (1m/5m/15m)     3052 Signale  101 ms lesen  25618 ms rechnen
2026-09-09T10:30:55.933Z  BR/2023         roh          71226 reg. Kerzen       75/0/0 von 250  Tagen gewertet (1m/5m/15m)     1805 Signale  94 ms lesen  15658 ms rechnen
2026-09-09T10:30:59.951Z  BR/2024         roh          60239 reg. Kerzen       16/0/0 von 252  Tagen gewertet (1m/5m/15m)      392 Signale  86 ms lesen  3777 ms rechnen
2026-09-09T10:31:05.918Z  BR/2025         roh          63315 reg. Kerzen       25/0/0 von 250  Tagen gewertet (1m/5m/15m)      592 Signale  89 ms lesen  5747 ms rechnen
2026-09-09T10:31:40.425Z  BR/2026         roh          56782 reg. Kerzen      141/0/0 von 166  Tagen gewertet (1m/5m/15m)     3716 Signale  74 ms lesen  34305 ms rechnen
2026-09-09T10:31:47.100Z  BRDS/2021       bereinigt    25827 reg. Kerzen       24/0/0 von 213  Tagen gewertet (1m/5m/15m)      787 Signale  59 ms lesen  6468 ms rechnen
2026-09-09T10:31:47.886Z  BRDS/2022       bereinigt    79382 reg. Kerzen        0/0/0 von 251  Tagen gewertet (1m/5m/15m)        0 Signale  232 ms lesen  489 ms rechnen
2026-09-09T10:31:48.380Z  BRDS/2023       bereinigt    42313 reg. Kerzen        0/0/0 von 182  Tagen gewertet (1m/5m/15m)        0 Signale  71 ms lesen  253 ms rechnen
2026-09-09T10:31:48.515Z  BRLI/2020       roh            514 reg. Kerzen        0/0/0 von 96   Tagen gewertet (1m/5m/15m)        0 Signale  40 ms lesen  3 ms rechnen
2026-09-09T10:31:48.537Z  BRLI/2021       roh           1450 reg. Kerzen        0/0/0 von 187  Tagen gewertet (1m/5m/15m)        0 Signale  14 ms lesen  7 ms rechnen
2026-09-09T10:31:48.558Z  BRLI/2022       roh            400 reg. Kerzen        0/0/0 von 134  Tagen gewertet (1m/5m/15m)        0 Signale  10 ms lesen  7 ms rechnen
2026-09-09T10:31:48.585Z  BRLI/2023       roh           2829 reg. Kerzen        0/0/0 von 184  Tagen gewertet (1m/5m/15m)        0 Signale  14 ms lesen  12 ms rechnen
2026-09-09T10:31:48.628Z  BRQS/2016       bereinigt      577 reg. Kerzen        0/0/0 von 132  Tagen gewertet (1m/5m/15m)        0 Signale  19 ms lesen  3 ms rechnen
2026-09-09T10:31:48.646Z  BRQS/2017       bereinigt     1216 reg. Kerzen        0/0/0 von 151  Tagen gewertet (1m/5m/15m)        0 Signale  10 ms lesen  6 ms rechnen
2026-09-09T10:31:48.693Z  BRQS/2018       bereinigt     2384 reg. Kerzen        0/0/0 von 211  Tagen gewertet (1m/5m/15m)        0 Signale  27 ms lesen  17 ms rechnen
2026-09-09T10:31:48.744Z  BRQS/2019       bereinigt      537 reg. Kerzen        0/0/0 von 121  Tagen gewertet (1m/5m/15m)        0 Signale  40 ms lesen  5 ms rechnen
2026-09-09T10:31:48.999Z  BRQS/2020       bereinigt    34545 reg. Kerzen        0/0/0 von 204  Tagen gewertet (1m/5m/15m)        0 Signale  78 ms lesen  175 ms rechnen
2026-09-09T10:32:10.551Z  BRQS/2021       bereinigt    83638 reg. Kerzen       68/0/0 von 252  Tagen gewertet (1m/5m/15m)     2288 Signale  175 ms lesen  21304 ms rechnen
2026-09-09T10:32:18.068Z  BRQS/2022       bereinigt    74022 reg. Kerzen       20/0/0 von 251  Tagen gewertet (1m/5m/15m)      709 Signale  703 ms lesen  6641 ms rechnen
2026-09-09T10:32:18.463Z  BRQS/2023       bereinigt    35125 reg. Kerzen        0/0/0 von 206  Tagen gewertet (1m/5m/15m)        0 Signale  86 ms lesen  163 ms rechnen
2026-09-09T10:32:18.654Z  BSF/2016        roh           9554 reg. Kerzen        0/0/0 von 252  Tagen gewertet (1m/5m/15m)        0 Signale  29 ms lesen  51 ms rechnen
2026-09-09T10:32:20.303Z  CHECKPOINT 800 Dateien, 155 min, Detektorfehler {}
2026-09-09T10:32:20.416Z  BSF/2017        roh          11555 reg. Kerzen        0/0/0 von 251  Tagen gewertet (1m/5m/15m)        0 Signale  59 ms lesen  53 ms rechnen
2026-09-09T10:32:20.477Z  BSF/2018        roh           3279 reg. Kerzen        0/0/0 von 76   Tagen gewertet (1m/5m/15m)        0 Signale  23 ms lesen  14 ms rechnen
2026-09-09T10:32:20.509Z  BSKY/2021       roh           1054 reg. Kerzen        0/0/0 von 94   Tagen gewertet (1m/5m/15m)        0 Signale  19 ms lesen  5 ms rechnen
2026-09-09T10:32:20.534Z  BSKY/2022       roh           1691 reg. Kerzen        0/0/0 von 195  Tagen gewertet (1m/5m/15m)        0 Signale  15 ms lesen  8 ms rechnen
2026-09-09T10:32:29.039Z  BSTI/2017       roh          23471 reg. Kerzen       33/0/0 von 71   Tagen gewertet (1m/5m/15m)      959 Signale  92 ms lesen  8396 ms rechnen
2026-09-09T10:33:01.467Z  BSTI/2018       roh          79663 reg. Kerzen      134/0/0 von 251  Tagen gewertet (1m/5m/15m)     3918 Signale  110 ms lesen  32265 ms rechnen
2026-09-09T10:33:01.727Z  BSTI/2019       roh           8826 reg. Kerzen        0/0/0 von 32   Tagen gewertet (1m/5m/15m)        0 Signale  34 ms lesen  54 ms rechnen
2026-09-09T10:33:18.462Z  BTCM/2021       bereinigt    49242 reg. Kerzen       57/0/0 von 179  Tagen gewertet (1m/5m/15m)     1870 Signale  97 ms lesen  16588 ms rechnen
2026-09-09T10:33:18.908Z  BTCM/2022       bereinigt    52881 reg. Kerzen        0/0/0 von 251  Tagen gewertet (1m/5m/15m)        0 Signale  107 ms lesen  237 ms rechnen
2026-09-09T10:33:19.197Z  BTCM/2023       roh          27541 reg. Kerzen        0/0/0 von 250  Tagen gewertet (1m/5m/15m)        0 Signale  63 ms lesen  126 ms rechnen
2026-09-09T10:33:19.415Z  BTCM/2024       roh          21473 reg. Kerzen        0/0/0 von 252  Tagen gewertet (1m/5m/15m)        0 Signale  39 ms lesen  110 ms rechnen
2026-09-09T10:33:19.591Z  BTCM/2025       roh          20262 reg. Kerzen        0/0/0 von 199  Tagen gewertet (1m/5m/15m)        0 Signale  31 ms lesen  101 ms rechnen
2026-09-09T10:33:20.138Z  BTNB/2021       roh          26234 reg. Kerzen        1/0/0 von 237  Tagen gewertet (1m/5m/15m)       32 Signale  63 ms lesen  419 ms rechnen
2026-09-09T10:33:20.237Z  BTNB/2022       roh           2596 reg. Kerzen        0/0/0 von 52   Tagen gewertet (1m/5m/15m)        0 Signale  27 ms lesen  12 ms rechnen
2026-09-09T10:33:20.282Z  BUJA/2023       roh            256 reg. Kerzen        0/0/0 von 56   Tagen gewertet (1m/5m/15m)        0 Signale  26 ms lesen  1 ms rechnen
2026-09-09T10:33:20.305Z  BUJA/2024       roh            604 reg. Kerzen        0/0/0 von 135  Tagen gewertet (1m/5m/15m)        0 Signale  19 ms lesen  3 ms rechnen
2026-09-09T10:33:20.318Z  BUJA/2025       roh           1213 reg. Kerzen        0/0/0 von 63   Tagen gewertet (1m/5m/15m)        0 Signale  6 ms lesen  5 ms rechnen
2026-09-09T10:34:25.743Z  BVN/2016        roh          93100 reg. Kerzen      230/0/0 von 252  Tagen gewertet (1m/5m/15m)     7322 Signale  176 ms lesen  65222 ms rechnen
2026-09-09T10:35:20.614Z  BVN/2017        roh          87057 reg. Kerzen      225/0/0 von 251  Tagen gewertet (1m/5m/15m)     6386 Signale  134 ms lesen  54535 ms rechnen
2026-09-09T10:36:11.538Z  BVN/2018        roh          85309 reg. Kerzen      211/0/0 von 251  Tagen gewertet (1m/5m/15m)     5880 Signale  120 ms lesen  50608 ms rechnen
2026-09-09T10:36:58.259Z  BVN/2019        roh          83938 reg. Kerzen      197/0/0 von 252  Tagen gewertet (1m/5m/15m)     5611 Signale  118 ms lesen  46414 ms rechnen
2026-09-09T10:37:57.312Z  BVN/2020        roh          88104 reg. Kerzen      222/0/0 von 253  Tagen gewertet (1m/5m/15m)     6789 Signale  96 ms lesen  58796 ms rechnen
2026-09-09T10:38:35.077Z  BVN/2021        roh          80257 reg. Kerzen      154/0/0 von 252  Tagen gewertet (1m/5m/15m)     4544 Signale  113 ms lesen  37451 ms rechnen
2026-09-09T10:39:33.522Z  BVN/2022        roh          85994 reg. Kerzen      219/0/0 von 251  Tagen gewertet (1m/5m/15m)     6613 Signale  121 ms lesen  58145 ms rechnen
2026-09-09T10:40:28.198Z  BVN/2023        roh          86726 reg. Kerzen      218/0/0 von 250  Tagen gewertet (1m/5m/15m)     6019 Signale  666 ms lesen  53836 ms rechnen
2026-09-09T10:41:12.255Z  BVN/2024        roh          83438 reg. Kerzen      180/0/0 von 252  Tagen gewertet (1m/5m/15m)     4963 Signale  92 ms lesen  43795 ms rechnen
2026-09-09T10:41:54.065Z  BVN/2025        roh          80718 reg. Kerzen      169/0/0 von 250  Tagen gewertet (1m/5m/15m)     4673 Signale  115 ms lesen  41508 ms rechnen
2026-09-09T10:42:29.171Z  BVN/2026        roh          57113 reg. Kerzen      131/0/0 von 166  Tagen gewertet (1m/5m/15m)     3899 Signale  83 ms lesen  34835 ms rechnen
2026-09-09T10:42:29.631Z  BWIN/2019       roh          10092 reg. Kerzen        1/0/0 von 47   Tagen gewertet (1m/5m/15m)       29 Signale  22 ms lesen  290 ms rechnen
2026-09-09T10:42:31.598Z  BWIN/2020       roh          46496 reg. Kerzen        7/0/0 von 253  Tagen gewertet (1m/5m/15m)      196 Signale  63 ms lesen  1872 ms rechnen
2026-09-09T10:42:35.716Z  BWIN/2021       roh          54493 reg. Kerzen       14/0/0 von 252  Tagen gewertet (1m/5m/15m)      415 Signale  85 ms lesen  3932 ms rechnen
2026-09-09T10:42:45.882Z  BWIN/2022       roh          62906 reg. Kerzen       39/0/0 von 251  Tagen gewertet (1m/5m/15m)     1232 Signale  91 ms lesen  9956 ms rechnen
2026-09-09T10:42:48.554Z  BWIN/2023       roh          56611 reg. Kerzen       10/0/0 von 250  Tagen gewertet (1m/5m/15m)      290 Signale  78 ms lesen  2458 ms rechnen
2026-09-09T10:42:52.872Z  BWIN/2024       roh          56967 reg. Kerzen       16/0/0 von 252  Tagen gewertet (1m/5m/15m)      460 Signale  80 ms lesen  4110 ms rechnen
2026-09-09T10:43:09.111Z  BWIN/2025       roh          69544 reg. Kerzen       67/0/0 von 250  Tagen gewertet (1m/5m/15m)     1946 Signale  93 ms lesen  16028 ms rechnen
2026-09-09T10:43:44.100Z  BWIN/2026       roh          56219 reg. Kerzen      136/0/0 von 166  Tagen gewertet (1m/5m/15m)     4079 Signale  72 ms lesen  34779 ms rechnen
2026-09-09T10:43:44.280Z  BWV/2016        roh            455 reg. Kerzen        0/0/0 von 78   Tagen gewertet (1m/5m/15m)        0 Signale  33 ms lesen  2 ms rechnen
2026-09-09T10:43:44.308Z  BWV/2017        roh            102 reg. Kerzen        0/0/0 von 70   Tagen gewertet (1m/5m/15m)        0 Signale  25 ms lesen  1 ms rechnen
2026-09-09T10:43:44.327Z  BWV/2018        roh             39 reg. Kerzen        0/0/0 von 24   Tagen gewertet (1m/5m/15m)        0 Signale  18 ms lesen  0 ms rechnen
2026-09-09T10:43:44.328Z  AUSGELASSEN BWV/2019: Datei fehlt
2026-09-09T10:43:44.329Z  AUSGELASSEN BWV/2020: Datei fehlt
2026-09-09T10:43:44.330Z  AUSGELASSEN BWV/2021: Datei fehlt
2026-09-09T10:43:50.190Z  BWV/2022        roh          40962 reg. Kerzen       18/0/0 von 218  Tagen gewertet (1m/5m/15m)      594 Signale  66 ms lesen  5794 ms rechnen
2026-09-09T10:43:50.422Z  BWV/2023        roh          16775 reg. Kerzen        0/0/0 von 245  Tagen gewertet (1m/5m/15m)        0 Signale  50 ms lesen  82 ms rechnen
2026-09-09T10:44:37.250Z  BXP/2016        roh          87296 reg. Kerzen      208/0/0 von 252  Tagen gewertet (1m/5m/15m)     4713 Signale  116 ms lesen  46639 ms rechnen
2026-09-09T10:45:12.714Z  BXP/2017        roh          80703 reg. Kerzen      165/0/0 von 251  Tagen gewertet (1m/5m/15m)     3549 Signale  120 ms lesen  35170 ms rechnen
2026-09-09T10:45:53.796Z  BXP/2018        roh          82366 reg. Kerzen      185/0/0 von 251  Tagen gewertet (1m/5m/15m)     4308 Signale  110 ms lesen  40803 ms rechnen
2026-09-09T10:46:30.589Z  BXP/2019        roh          81590 reg. Kerzen      168/0/0 von 252  Tagen gewertet (1m/5m/15m)     3681 Signale  655 ms lesen  35960 ms rechnen
2026-09-09T10:47:36.259Z  BXP/2020        roh          93162 reg. Kerzen      248/0/0 von 253  Tagen gewertet (1m/5m/15m)     6842 Signale  115 ms lesen  65391 ms rechnen
2026-09-09T10:48:28.405Z  BXP/2021        roh          86378 reg. Kerzen      217/0/0 von 252  Tagen gewertet (1m/5m/15m)     5353 Signale  107 ms lesen  51853 ms rechnen
2026-09-09T10:49:25.661Z  BXP/2022        roh          89959 reg. Kerzen      228/0/0 von 251  Tagen gewertet (1m/5m/15m)     6002 Signale  119 ms lesen  56945 ms rechnen
2026-09-09T10:50:33.001Z  BXP/2023        roh          94265 reg. Kerzen      250/0/0 von 250  Tagen gewertet (1m/5m/15m)     6867 Signale  108 ms lesen  67045 ms rechnen
2026-09-09T10:51:29.772Z  BXP/2024        roh          88824 reg. Kerzen      232/0/0 von 252  Tagen gewertet (1m/5m/15m)     5962 Signale  105 ms lesen  56466 ms rechnen
2026-09-09T10:52:29.809Z  BXP/2025        roh          89325 reg. Kerzen      245/0/0 von 250  Tagen gewertet (1m/5m/15m)     6462 Signale  113 ms lesen  59749 ms rechnen
2026-09-09T10:53:08.477Z  BXP/2026        roh          59480 reg. Kerzen      154/0/0 von 166  Tagen gewertet (1m/5m/15m)     4056 Signale  71 ms lesen  38405 ms rechnen
2026-09-09T10:53:52.384Z  BYND/2019       bereinigt    64761 reg. Kerzen      149/0/0 von 169  Tagen gewertet (1m/5m/15m)     4633 Signale  155 ms lesen  43517 ms rechnen
2026-09-09T10:55:08.875Z  BYND/2020       bereinigt    98004 reg. Kerzen      253/0/0 von 253  Tagen gewertet (1m/5m/15m)     8084 Signale  203 ms lesen  76156 ms rechnen
2026-09-09T10:56:21.768Z  BYND/2021       bereinigt    96995 reg. Kerzen      252/0/0 von 252  Tagen gewertet (1m/5m/15m)     7693 Signale  178 ms lesen  72473 ms rechnen
2026-09-09T10:57:40.488Z  BYND/2022       bereinigt    96831 reg. Kerzen      251/0/0 von 251  Tagen gewertet (1m/5m/15m)     8228 Signale  173 ms lesen  78337 ms rechnen
2026-09-09T10:58:56.102Z  BYND/2023       bereinigt    93633 reg. Kerzen      250/0/0 von 250  Tagen gewertet (1m/5m/15m)     8150 Signale  179 ms lesen  75225 ms rechnen
2026-09-09T11:00:06.820Z  BYND/2024       bereinigt    91673 reg. Kerzen      251/0/0 von 252  Tagen gewertet (1m/5m/15m)     8052 Signale  162 ms lesen  70314 ms rechnen
2026-09-09T11:00:56.175Z  BYND/2025       bereinigt    88822 reg. Kerzen      164/0/0 von 250  Tagen gewertet (1m/5m/15m)     5374 Signale  171 ms lesen  49008 ms rechnen
2026-09-09T11:01:45.530Z  BYND/2026       bereinigt    64161 reg. Kerzen      162/0/0 von 166  Tagen gewertet (1m/5m/15m)     5413 Signale  181 ms lesen  48965 ms rechnen
2026-09-09T11:02:47.612Z  C/2016          roh          98091 reg. Kerzen      232/0/0 von 252  Tagen gewertet (1m/5m/15m)     5848 Signale  131 ms lesen  61754 ms rechnen
2026-09-09T11:03:54.867Z  C/2017          roh          97530 reg. Kerzen      251/0/0 von 251  Tagen gewertet (1m/5m/15m)     5776 Signale  206 ms lesen  66818 ms rechnen
2026-09-09T11:05:02.129Z  C/2018          roh          97348 reg. Kerzen      251/0/0 von 251  Tagen gewertet (1m/5m/15m)     6227 Signale  223 ms lesen  66839 ms rechnen
2026-09-09T11:06:08.186Z  C/2019          roh          97701 reg. Kerzen      252/0/0 von 252  Tagen gewertet (1m/5m/15m)     5989 Signale  127 ms lesen  65706 ms rechnen
2026-09-09T11:07:19.304Z  C/2020          roh          98249 reg. Kerzen      253/0/0 von 253  Tagen gewertet (1m/5m/15m)     6939 Signale  143 ms lesen  70760 ms rechnen
2026-09-09T11:08:26.472Z  C/2021          roh          97317 reg. Kerzen      250/0/0 von 252  Tagen gewertet (1m/5m/15m)     6098 Signale  145 ms lesen  66835 ms rechnen
2026-09-09T11:09:36.012Z  C/2022          roh          97006 reg. Kerzen      249/0/0 von 251  Tagen gewertet (1m/5m/15m)     6479 Signale  134 ms lesen  69192 ms rechnen
2026-09-09T11:10:43.199Z  C/2023          roh          97135 reg. Kerzen      250/0/0 von 250  Tagen gewertet (1m/5m/15m)     6066 Signale  140 ms lesen  66829 ms rechnen
2026-09-09T11:11:49.918Z  C/2024          roh          97732 reg. Kerzen      252/0/0 von 252  Tagen gewertet (1m/5m/15m)     6076 Signale  132 ms lesen  66372 ms rechnen
2026-09-09T11:12:57.806Z  C/2025          roh          96956 reg. Kerzen      250/0/0 von 250  Tagen gewertet (1m/5m/15m)     6113 Signale  132 ms lesen  67545 ms rechnen
2026-09-09T11:13:43.581Z  C/2026          roh          64720 reg. Kerzen      166/0/0 von 166  Tagen gewertet (1m/5m/15m)     4244 Signale  105 ms lesen  45464 ms rechnen
2026-09-09T11:13:43.913Z  CACQ/2016       roh          26511 reg. Kerzen        0/0/0 von 252  Tagen gewertet (1m/5m/15m)        0 Signale  45 ms lesen  148 ms rechnen
2026-09-09T11:13:44.204Z  CACQ/2017       roh          28307 reg. Kerzen        0/0/0 von 192  Tagen gewertet (1m/5m/15m)        0 Signale  52 ms lesen  157 ms rechnen
2026-09-09T11:14:49.706Z  CAH/2016        roh          97359 reg. Kerzen      232/0/0 von 252  Tagen gewertet (1m/5m/15m)     5410 Signale  111 ms lesen  65280 ms rechnen
2026-09-09T11:16:02.629Z  CAH/2017        roh          95775 reg. Kerzen      251/0/0 von 251  Tagen gewertet (1m/5m/15m)     5835 Signale  122 ms lesen  72580 ms rechnen
2026-09-09T11:17:15.811Z  CAH/2018        roh          97059 reg. Kerzen      251/0/0 von 251  Tagen gewertet (1m/5m/15m)     6463 Signale  122 ms lesen  72815 ms rechnen
2026-09-09T11:18:25.158Z  CAH/2019        roh          97404 reg. Kerzen      252/0/0 von 252  Tagen gewertet (1m/5m/15m)     6406 Signale  123 ms lesen  68996 ms rechnen
2026-09-09T11:19:35.837Z  CAH/2020        roh          97726 reg. Kerzen      253/0/0 von 253  Tagen gewertet (1m/5m/15m)     6934 Signale  132 ms lesen  70353 ms rechnen
2026-09-09T11:20:43.053Z  CAH/2021        roh          96569 reg. Kerzen      250/0/0 von 252  Tagen gewertet (1m/5m/15m)     5994 Signale  124 ms lesen  66889 ms rechnen
2026-09-09T11:21:49.938Z  CAH/2022        roh          96731 reg. Kerzen      249/0/0 von 251  Tagen gewertet (1m/5m/15m)     6366 Signale  111 ms lesen  66546 ms rechnen
2026-09-09T11:22:54.799Z  CAH/2023        roh          96185 reg. Kerzen      250/0/0 von 250  Tagen gewertet (1m/5m/15m)     5730 Signale  124 ms lesen  64526 ms rechnen
2026-09-09T11:23:59.018Z  CAH/2024        roh          94770 reg. Kerzen      251/0/0 von 252  Tagen gewertet (1m/5m/15m)     5949 Signale  103 ms lesen  63915 ms rechnen
2026-09-09T11:25:03.242Z  CAH/2025        roh          92851 reg. Kerzen      249/0/0 von 250  Tagen gewertet (1m/5m/15m)     5924 Signale  1892 ms lesen  62107 ms rechnen
2026-09-09T11:25:45.088Z  CAH/2026        roh          60965 reg. Kerzen      166/0/0 von 166  Tagen gewertet (1m/5m/15m)     4158 Signale  97 ms lesen  41536 ms rechnen
2026-09-09T11:25:45.393Z  CALL/2016       roh          29678 reg. Kerzen        0/0/0 von 252  Tagen gewertet (1m/5m/15m)        0 Signale  41 ms lesen  134 ms rechnen
2026-09-09T11:25:45.597Z  CALL/2017       roh          26246 reg. Kerzen        0/0/0 von 251  Tagen gewertet (1m/5m/15m)        0 Signale  33 ms lesen  113 ms rechnen
2026-09-09T11:25:45.774Z  CALL/2018       roh          15873 reg. Kerzen        0/0/0 von 220  Tagen gewertet (1m/5m/15m)        0 Signale  29 ms lesen  80 ms rechnen
2026-09-09T11:25:45.814Z  CAPA~2/2026     roh            203 reg. Kerzen        0/0/0 von 4    Tagen gewertet (1m/5m/15m)        0 Signale  0 ms lesen  1 ms rechnen
2026-09-09T11:26:33.546Z  CARR/2020       roh          73303 reg. Kerzen      169/0/0 von 189  Tagen gewertet (1m/5m/15m)     4832 Signale  92 ms lesen  47609 ms rechnen
2026-09-09T11:27:41.530Z  CARR/2021       roh          97139 reg. Kerzen      250/0/0 von 252  Tagen gewertet (1m/5m/15m)     6288 Signale  122 ms lesen  67696 ms rechnen
2026-09-09T11:28:50.819Z  CARR/2022       roh          96969 reg. Kerzen      249/0/0 von 250  Tagen gewertet (1m/5m/15m)     6637 Signale  111 ms lesen  68933 ms rechnen
2026-09-09T11:29:57.912Z  CARR/2023       roh          97019 reg. Kerzen      250/0/0 von 250  Tagen gewertet (1m/5m/15m)     6355 Signale  111 ms lesen  66778 ms rechnen
2026-09-09T11:31:05.415Z  CARR/2024       roh          97536 reg. Kerzen      252/0/0 von 252  Tagen gewertet (1m/5m/15m)     6224 Signale  102 ms lesen  67182 ms rechnen
2026-09-09T11:32:11.877Z  CARR/2025       roh          96868 reg. Kerzen      250/0/0 von 250  Tagen gewertet (1m/5m/15m)     6181 Signale  107 ms lesen  66143 ms rechnen
2026-09-09T11:32:58.026Z  CARR/2026       roh          64711 reg. Kerzen      166/0/0 von 166  Tagen gewertet (1m/5m/15m)     4446 Signale  81 ms lesen  45865 ms rechnen
2026-09-09T11:32:58.221Z  CASK/2024       roh           3289 reg. Kerzen        0/0/0 von 26   Tagen gewertet (1m/5m/15m)        0 Signale  26 ms lesen  16 ms rechnen
2026-09-09T11:32:58.378Z  CASK/2025       roh          21420 reg. Kerzen        0/0/0 von 179  Tagen gewertet (1m/5m/15m)        0 Signale  37 ms lesen  112 ms rechnen
2026-09-09T11:32:58.588Z  CATX/2016       bereinigt    18023 reg. Kerzen        0/0/0 von 252  Tagen gewertet (1m/5m/15m)        0 Signale  63 ms lesen  70 ms rechnen
2026-09-09T11:32:58.730Z  CATX/2017       bereinigt    15332 reg. Kerzen        0/0/0 von 251  Tagen gewertet (1m/5m/15m)        0 Signale  31 ms lesen  64 ms rechnen
2026-09-09T11:32:58.927Z  CATX/2018       bereinigt    23409 reg. Kerzen        0/0/0 von 251  Tagen gewertet (1m/5m/15m)        0 Signale  55 ms lesen  113 ms rechnen
2026-09-09T11:32:59.076Z  CATX/2019       bereinigt    16552 reg. Kerzen        0/0/0 von 252  Tagen gewertet (1m/5m/15m)        0 Signale  21 ms lesen  77 ms rechnen
2026-09-09T11:32:59.373Z  CATX/2020       bereinigt    39204 reg. Kerzen        0/0/0 von 253  Tagen gewertet (1m/5m/15m)        0 Signale  78 ms lesen  187 ms rechnen
2026-09-09T11:33:15.710Z  CATX/2021       bereinigt    69902 reg. Kerzen       49/0/0 von 252  Tagen gewertet (1m/5m/15m)     1626 Signale  113 ms lesen  16147 ms rechnen
2026-09-09T11:33:16.040Z  CATX/2022       bereinigt    25762 reg. Kerzen        0/0/0 von 251  Tagen gewertet (1m/5m/15m)        0 Signale  37 ms lesen  118 ms rechnen
2026-09-09T11:33:16.359Z  CATX/2023       bereinigt    36426 reg. Kerzen        0/0/0 von 250  Tagen gewertet (1m/5m/15m)        0 Signale  67 ms lesen  181 ms rechnen
2026-09-09T11:33:50.238Z  CATX/2024       bereinigt    83325 reg. Kerzen      114/0/0 von 252  Tagen gewertet (1m/5m/15m)     3604 Signale  101 ms lesen  33708 ms rechnen
2026-09-09T11:33:51.102Z  CATX/2025       roh          78481 reg. Kerzen        0/0/0 von 250  Tagen gewertet (1m/5m/15m)        0 Signale  187 ms lesen  498 ms rechnen
2026-09-09T11:34:05.671Z  CATX/2026       roh          56735 reg. Kerzen       51/0/0 von 166  Tagen gewertet (1m/5m/15m)     1645 Signale  72 ms lesen  14321 ms rechnen
2026-09-09T11:34:06.538Z  CBAY/2016       roh          20794 reg. Kerzen        0/0/0 von 252  Tagen gewertet (1m/5m/15m)        0 Signale  636 ms lesen  101 ms rechnen
2026-09-09T11:34:15.606Z  CBAY/2017       roh          61322 reg. Kerzen       25/0/0 von 251  Tagen gewertet (1m/5m/15m)      801 Signale  2401 ms lesen  6620 ms rechnen
2026-09-09T11:34:44.613Z  CBAY/2018       roh          79100 reg. Kerzen      109/0/0 von 251  Tagen gewertet (1m/5m/15m)     3480 Signale  211 ms lesen  28676 ms rechnen
2026-09-09T11:35:11.069Z  CBAY/2019       roh          80102 reg. Kerzen       99/0/0 von 252  Tagen gewertet (1m/5m/15m)     3134 Signale  105 ms lesen  26198 ms rechnen
2026-09-09T11:35:39.026Z  CBAY/2020       roh          84442 reg. Kerzen      101/0/0 von 253  Tagen gewertet (1m/5m/15m)     3200 Signale  101 ms lesen  27655 ms rechnen
2026-09-09T11:35:53.057Z  CBAY/2021       roh          71784 reg. Kerzen       51/0/0 von 252  Tagen gewertet (1m/5m/15m)     1674 Signale  116 ms lesen  13729 ms rechnen
2026-09-09T11:35:53.634Z  CBAY/2022       roh          64531 reg. Kerzen        0/0/0 von 251  Tagen gewertet (1m/5m/15m)        0 Signale  98 ms lesen  327 ms rechnen
2026-09-09T11:36:58.334Z  CBAY/2023       roh          90522 reg. Kerzen      239/0/0 von 250  Tagen gewertet (1m/5m/15m)     7403 Signale  158 ms lesen  64395 ms rechnen
2026-09-09T11:37:13.889Z  CBAY/2024       roh          20440 reg. Kerzen       55/0/0 von 56   Tagen gewertet (1m/5m/15m)     1179 Signale  38 ms lesen  15331 ms rechnen
2026-09-09T11:37:13.996Z  CBMB/2018       roh           1399 reg. Kerzen        0/0/0 von 58   Tagen gewertet (1m/5m/15m)        0 Signale  32 ms lesen  6 ms rechnen
2026-09-09T11:37:14.021Z  CBMB/2019       roh           1230 reg. Kerzen        0/0/0 von 202  Tagen gewertet (1m/5m/15m)        0 Signale  15 ms lesen  7 ms rechnen
2026-09-09T11:37:14.048Z  CBMB/2020       roh           1273 reg. Kerzen        0/0/0 von 193  Tagen gewertet (1m/5m/15m)        0 Signale  16 ms lesen  7 ms rechnen
2026-09-09T11:37:14.081Z  CBMB/2021       roh            724 reg. Kerzen        0/0/0 von 159  Tagen gewertet (1m/5m/15m)        0 Signale  26 ms lesen  4 ms rechnen
2026-09-09T11:37:23.423Z  CBRL/2016       roh          67918 reg. Kerzen       41/0/0 von 252  Tagen gewertet (1m/5m/15m)     1000 Signale  151 ms lesen  9171 ms rechnen
2026-09-09T11:37:28.248Z  CBRL/2017       roh          61994 reg. Kerzen       20/0/0 von 251  Tagen gewertet (1m/5m/15m)      501 Signale  88 ms lesen  4570 ms rechnen
2026-09-09T11:37:37.350Z  CBRL/2018       roh          66386 reg. Kerzen       40/0/0 von 251  Tagen gewertet (1m/5m/15m)     1040 Signale  91 ms lesen  8879 ms rechnen
2026-09-09T11:37:56.165Z  CBRL/2019       roh          74755 reg. Kerzen       88/0/0 von 252  Tagen gewertet (1m/5m/15m)     2066 Signale  94 ms lesen  18583 ms rechnen
2026-09-09T11:38:29.216Z  CBRL/2020       roh          78121 reg. Kerzen      124/0/0 von 253  Tagen gewertet (1m/5m/15m)     3832 Signale  92 ms lesen  32789 ms rechnen
2026-09-09T11:38:35.399Z  CBRL/2021       roh          64585 reg. Kerzen       27/0/0 von 252  Tagen gewertet (1m/5m/15m)      758 Signale  109 ms lesen  5915 ms rechnen
2026-09-09T11:39:01.375Z  CBRL/2022       roh          75825 reg. Kerzen      106/0/0 von 251  Tagen gewertet (1m/5m/15m)     3017 Signale  135 ms lesen  25681 ms rechnen
2026-09-09T11:39:26.413Z  CBRL/2023       roh          74496 reg. Kerzen      101/0/0 von 250  Tagen gewertet (1m/5m/15m)     2817 Signale  1616 ms lesen  23267 ms rechnen
2026-09-09T11:40:05.068Z  CBRL/2024       roh          80774 reg. Kerzen      158/0/0 von 252  Tagen gewertet (1m/5m/15m)     4635 Signale  95 ms lesen  38414 ms rechnen
2026-09-09T11:40:54.772Z  CBRL/2025       roh          83825 reg. Kerzen      192/0/0 von 250  Tagen gewertet (1m/5m/15m)     5738 Signale  105 ms lesen  49423 ms rechnen
2026-09-09T11:41:30.311Z  CBRL/2026       roh          56206 reg. Kerzen      138/0/0 von 166  Tagen gewertet (1m/5m/15m)     4263 Signale  73 ms lesen  35301 ms rechnen
2026-09-09T11:41:30.768Z  CBZ/2016        roh          43791 reg. Kerzen        0/0/0 von 252  Tagen gewertet (1m/5m/15m)        0 Signale  57 ms lesen  246 ms rechnen
2026-09-09T11:41:31.100Z  CBZ/2017        roh          39349 reg. Kerzen        0/0/0 von 251  Tagen gewertet (1m/5m/15m)        0 Signale  53 ms lesen  176 ms rechnen
2026-09-09T11:41:31.416Z  CBZ/2018        roh          44991 reg. Kerzen        0/0/0 von 251  Tagen gewertet (1m/5m/15m)        0 Signale  56 ms lesen  180 ms rechnen
2026-09-09T11:41:31.791Z  CBZ/2019        roh          46251 reg. Kerzen        0/0/0 von 252  Tagen gewertet (1m/5m/15m)        0 Signale  65 ms lesen  220 ms rechnen
2026-09-09T11:41:34.426Z  CBZ/2020        roh          55276 reg. Kerzen       10/0/0 von 253  Tagen gewertet (1m/5m/15m)      306 Signale  65 ms lesen  2473 ms rechnen
2026-09-09T11:41:34.786Z  CBZ/2021        roh          41190 reg. Kerzen        0/0/0 von 252  Tagen gewertet (1m/5m/15m)        0 Signale  54 ms lesen  196 ms rechnen
2026-09-09T11:41:35.813Z  CBZ/2022        roh          47594 reg. Kerzen        3/0/0 von 251  Tagen gewertet (1m/5m/15m)       85 Signale  66 ms lesen  849 ms rechnen
2026-09-09T11:41:36.329Z  CBZ/2023        roh          43420 reg. Kerzen        1/0/0 von 250  Tagen gewertet (1m/5m/15m)       20 Signale  56 ms lesen  362 ms rechnen
2026-09-09T11:41:37.696Z  CBZ/2024        roh          47871 reg. Kerzen        5/0/0 von 252  Tagen gewertet (1m/5m/15m)      144 Signale  58 ms lesen  1220 ms rechnen
2026-09-09T11:41:41.170Z  CBZ/2025        roh          58577 reg. Kerzen       14/0/0 von 250  Tagen gewertet (1m/5m/15m)      382 Signale  75 ms lesen  3306 ms rechnen
2026-09-09T11:42:00.291Z  CBZ/2026        roh          50052 reg. Kerzen       76/0/0 von 166  Tagen gewertet (1m/5m/15m)     2150 Signale  71 ms lesen  18926 ms rechnen
2026-09-09T11:42:09.391Z  CCCS/2021       roh          30081 reg. Kerzen       36/0/0 von 107  Tagen gewertet (1m/5m/15m)     1049 Signale  74 ms lesen  8900 ms rechnen
2026-09-09T11:42:56.687Z  CCCS/2022       roh          82186 reg. Kerzen      193/0/0 von 251  Tagen gewertet (1m/5m/15m)     5467 Signale  112 ms lesen  47127 ms rechnen
2026-09-09T11:43:39.373Z  CCCS/2023       roh          84037 reg. Kerzen      174/0/0 von 250  Tagen gewertet (1m/5m/15m)     4460 Signale  648 ms lesen  41865 ms rechnen
2026-09-09T11:44:44.182Z  CCCS/2024       roh          93341 reg. Kerzen      252/0/0 von 252  Tagen gewertet (1m/5m/15m)     6312 Signale  108 ms lesen  64474 ms rechnen
2026-09-09T11:45:41.058Z  CCCS/2025       roh          79720 reg. Kerzen      208/0/0 von 208  Tagen gewertet (1m/5m/15m)     5569 Signale  94 ms lesen  56573 ms rechnen
2026-09-09T11:45:43.072Z  CCIV/2020       roh          10839 reg. Kerzen        8/0/0 von 73   Tagen gewertet (1m/5m/15m)      139 Signale  20 ms lesen  1833 ms rechnen
2026-09-09T11:46:24.896Z  CCIV/2021       roh          53439 reg. Kerzen      134/0/0 von 140  Tagen gewertet (1m/5m/15m)     4485 Signale  123 ms lesen  41677 ms rechnen
2026-09-09T11:46:25.048Z  CCNI/2018       roh           1514 reg. Kerzen        0/0/0 von 133  Tagen gewertet (1m/5m/15m)        0 Signale  16 ms lesen  6 ms rechnen
2026-09-09T11:46:25.086Z  CCNI/2019       roh           2899 reg. Kerzen        0/0/0 von 157  Tagen gewertet (1m/5m/15m)        0 Signale  21 ms lesen  13 ms rechnen
2026-09-09T11:46:25.124Z  CCSC/2016       roh           2372 reg. Kerzen        0/0/0 von 75   Tagen gewertet (1m/5m/15m)        0 Signale  22 ms lesen  9 ms rechnen
2026-09-09T11:46:25.213Z  CDAK/2020       roh          10228 reg. Kerzen        0/0/0 von 55   Tagen gewertet (1m/5m/15m)        0 Signale  34 ms lesen  48 ms rechnen
2026-09-09T11:46:25.429Z  CDAK/2021       roh          29422 reg. Kerzen        0/0/0 von 252  Tagen gewertet (1m/5m/15m)        0 Signale  49 ms lesen  147 ms rechnen
2026-09-09T11:46:25.690Z  CDAK/2022       roh          33546 reg. Kerzen        0/0/0 von 251  Tagen gewertet (1m/5m/15m)        0 Signale  49 ms lesen  153 ms rechnen
2026-09-09T11:46:25.824Z  CDAK/2023       roh           6695 reg. Kerzen        0/0/0 von 64   Tagen gewertet (1m/5m/15m)        0 Signale  23 ms lesen  39 ms rechnen
2026-09-09T11:46:25.904Z  CDNA/2016       roh           6594 reg. Kerzen        0/0/0 von 251  Tagen gewertet (1m/5m/15m)        0 Signale  25 ms lesen  33 ms rechnen
2026-09-09T11:46:26.070Z  CDNA/2017       roh          25771 reg. Kerzen        0/0/0 von 251  Tagen gewertet (1m/5m/15m)        0 Signale  40 ms lesen  112 ms rechnen
2026-09-09T11:46:43.971Z  CDNA/2018       roh          67352 reg. Kerzen       72/0/0 von 251  Tagen gewertet (1m/5m/15m)     2292 Signale  84 ms lesen  17760 ms rechnen
2026-09-09T11:47:30.288Z  CDNA/2019       roh          82877 reg. Kerzen      181/0/0 von 252  Tagen gewertet (1m/5m/15m)     5675 Signale  115 ms lesen  46069 ms rechnen
2026-09-09T11:48:10.424Z  CDNA/2020       roh          80247 reg. Kerzen      156/0/0 von 253  Tagen gewertet (1m/5m/15m)     4932 Signale  85 ms lesen  39881 ms rechnen
2026-09-09T11:48:45.450Z  CDNA/2021       roh          78364 reg. Kerzen      139/0/0 von 252  Tagen gewertet (1m/5m/15m)     4315 Signale  98 ms lesen  34723 ms rechnen
2026-09-09T11:49:35.650Z  CDNA/2022       roh          83112 reg. Kerzen      188/0/0 von 251  Tagen gewertet (1m/5m/15m)     5984 Signale  99 ms lesen  49917 ms rechnen
2026-09-09T11:50:09.766Z  CDNA/2023       roh          83637 reg. Kerzen      127/0/0 von 250  Tagen gewertet (1m/5m/15m)     3937 Signale  103 ms lesen  33833 ms rechnen
2026-09-09T11:50:45.045Z  CDNA/2024       roh          80400 reg. Kerzen      135/0/0 von 252  Tagen gewertet (1m/5m/15m)     4209 Signale  110 ms lesen  34990 ms rechnen
2026-09-09T11:51:25.333Z  CDNA/2025       roh          79528 reg. Kerzen      160/0/0 von 250  Tagen gewertet (1m/5m/15m)     4922 Signale  101 ms lesen  40007 ms rechnen
2026-09-09T11:51:40.680Z  CDNA/2026       roh          48443 reg. Kerzen       59/0/0 von 166  Tagen gewertet (1m/5m/15m)     1753 Signale  71 ms lesen  15086 ms rechnen
2026-09-09T11:52:30.104Z  CDW/2016        roh          88638 reg. Kerzen      211/0/0 von 252  Tagen gewertet (1m/5m/15m)     4934 Signale  108 ms lesen  49164 ms rechnen
2026-09-09T11:53:17.324Z  CDW/2017        roh          85294 reg. Kerzen      216/0/0 von 251  Tagen gewertet (1m/5m/15m)     4981 Signale  116 ms lesen  46925 ms rechnen
2026-09-09T11:54:05.157Z  CDW/2018        roh          84467 reg. Kerzen      212/0/0 von 251  Tagen gewertet (1m/5m/15m)     5252 Signale  103 ms lesen  47560 ms rechnen
2026-09-09T11:55:03.011Z  CDW/2019        roh          88303 reg. Kerzen      242/0/0 von 252  Tagen gewertet (1m/5m/15m)     5691 Signale  2275 ms lesen  55379 ms rechnen
2026-09-09T11:56:03.211Z  CDW/2020        roh          90803 reg. Kerzen      240/0/0 von 253  Tagen gewertet (1m/5m/15m)     6389 Signale  108 ms lesen  59878 ms rechnen
2026-09-09T11:56:56.828Z  CDW/2021        roh          87426 reg. Kerzen      232/0/0 von 252  Tagen gewertet (1m/5m/15m)     5612 Signale  113 ms lesen  53288 ms rechnen
2026-09-09T11:57:40.995Z  CDW/2022        roh          82777 reg. Kerzen      188/0/0 von 251  Tagen gewertet (1m/5m/15m)     4957 Signale  100 ms lesen  43873 ms rechnen
2026-09-09T11:58:22.184Z  CDW/2023        roh          82068 reg. Kerzen      183/0/0 von 250  Tagen gewertet (1m/5m/15m)     4253 Signale  108 ms lesen  40915 ms rechnen
2026-09-09T11:58:53.928Z  CDW/2024        roh          78044 reg. Kerzen      139/0/0 von 252  Tagen gewertet (1m/5m/15m)     3241 Signale  93 ms lesen  31475 ms rechnen
2026-09-09T11:59:47.997Z  CDW/2025        roh          86607 reg. Kerzen      230/0/0 von 250  Tagen gewertet (1m/5m/15m)     5826 Signale  100 ms lesen  53773 ms rechnen
2026-09-09T12:00:29.766Z  CDW/2026        roh          59922 reg. Kerzen      163/0/0 von 166  Tagen gewertet (1m/5m/15m)     4589 Signale  83 ms lesen  41518 ms rechnen
2026-09-09T12:00:30.175Z  CEI/2016        bereinigt    26713 reg. Kerzen        0/0/0 von 252  Tagen gewertet (1m/5m/15m)        0 Signale  109 ms lesen  128 ms rechnen
2026-09-09T12:00:30.571Z  CEI/2017        bereinigt    45456 reg. Kerzen        0/0/0 von 251  Tagen gewertet (1m/5m/15m)        0 Signale  99 ms lesen  228 ms rechnen
2026-09-09T12:00:31.321Z  CEI/2018        bereinigt    72611 reg. Kerzen        0/0/0 von 251  Tagen gewertet (1m/5m/15m)        0 Signale  189 ms lesen  471 ms rechnen
2026-09-09T12:00:32.515Z  CEI/2019        bereinigt    78840 reg. Kerzen        1/0/0 von 252  Tagen gewertet (1m/5m/15m)       33 Signale  137 ms lesen  911 ms rechnen
2026-09-09T12:00:36.027Z  CEI/2020        bereinigt    72258 reg. Kerzen        9/0/0 von 253  Tagen gewertet (1m/5m/15m)      303 Signale  119 ms lesen  3231 ms rechnen
2026-09-09T12:01:25.904Z  CEI/2021        bereinigt    94018 reg. Kerzen      152/0/0 von 252  Tagen gewertet (1m/5m/15m)     5152 Signale  189 ms lesen  49529 ms rechnen
2026-09-09T12:02:24.191Z  CEI/2022        bereinigt    97548 reg. Kerzen      186/0/0 von 251  Tagen gewertet (1m/5m/15m)     6341 Signale  234 ms lesen  57846 ms rechnen
2026-09-09T12:02:24.977Z  CEI/2023        roh          76650 reg. Kerzen        0/0/0 von 250  Tagen gewertet (1m/5m/15m)        0 Signale  133 ms lesen  457 ms rechnen
2026-09-09T12:02:25.666Z  CEI/2024        roh          51085 reg. Kerzen        0/0/0 von 151  Tagen gewertet (1m/5m/15m)        0 Signale  187 ms lesen  348 ms rechnen
2026-09-09T12:03:22.338Z  CEMP/2016       bereinigt    87657 reg. Kerzen      208/0/0 von 251  Tagen gewertet (1m/5m/15m)     6545 Signale  146 ms lesen  56408 ms rechnen
2026-09-09T12:03:31.848Z  CEMP/2017       bereinigt    64898 reg. Kerzen       25/0/0 von 213  Tagen gewertet (1m/5m/15m)      701 Signale  126 ms lesen  9176 ms rechnen
2026-09-09T12:03:43.118Z  CEQP/2016       roh          61991 reg. Kerzen       38/0/0 von 252  Tagen gewertet (1m/5m/15m)     1194 Signale  126 ms lesen  10985 ms rechnen
2026-09-09T12:03:43.521Z  CEQP/2017       roh          41751 reg. Kerzen        0/0/0 von 251  Tagen gewertet (1m/5m/15m)        0 Signale  66 ms lesen  190 ms rechnen
2026-09-09T12:03:54.337Z  CEQP/2018       roh          58943 reg. Kerzen       43/0/0 von 251  Tagen gewertet (1m/5m/15m)     1204 Signale  76 ms lesen  10655 ms rechnen
2026-09-09T12:03:58.121Z  CEQP/2019       roh          54394 reg. Kerzen       15/0/0 von 252  Tagen gewertet (1m/5m/15m)      406 Signale  73 ms lesen  3586 ms rechnen
2026-09-09T12:04:37.685Z  CEQP/2020       roh          78819 reg. Kerzen      135/0/0 von 253  Tagen gewertet (1m/5m/15m)     4439 Signale  2630 ms lesen  36823 ms rechnen
2026-09-09T12:04:54.436Z  CEQP/2021       roh          68832 reg. Kerzen       67/0/0 von 252  Tagen gewertet (1m/5m/15m)     2058 Signale  94 ms lesen  16474 ms rechnen
2026-09-09T12:05:16.829Z  CEQP/2022       roh          71988 reg. Kerzen       91/0/0 von 251  Tagen gewertet (1m/5m/15m)     2632 Signale  98 ms lesen  22141 ms rechnen
2026-09-09T12:05:32.494Z  CEQP/2023       roh          59047 reg. Kerzen       65/0/0 von 211  Tagen gewertet (1m/5m/15m)     1789 Signale  73 ms lesen  15441 ms rechnen
2026-09-09T12:05:32.659Z  CETU/2023       roh            715 reg. Kerzen        0/0/0 von 129  Tagen gewertet (1m/5m/15m)        0 Signale  14 ms lesen  4 ms rechnen
2026-09-09T12:05:32.675Z  CETU/2024       roh           1361 reg. Kerzen        0/0/0 von 74   Tagen gewertet (1m/5m/15m)        0 Signale  8 ms lesen  6 ms rechnen
2026-09-09T12:05:34.311Z  CHECKPOINT 1000 Dateien, 248 min, Detektorfehler {}
2026-09-09T12:05:34.363Z  CFD/2016        roh           4435 reg. Kerzen        0/0/0 von 248  Tagen gewertet (1m/5m/15m)        0 Signale  20 ms lesen  19 ms rechnen
2026-09-09T12:05:34.826Z  CFMS/2016       bereinigt    66316 reg. Kerzen        0/0/0 von 252  Tagen gewertet (1m/5m/15m)        0 Signale  117 ms lesen  319 ms rechnen
2026-09-09T12:05:35.312Z  CFMS/2017       bereinigt    55392 reg. Kerzen        0/0/0 von 251  Tagen gewertet (1m/5m/15m)        0 Signale  59 ms lesen  295 ms rechnen
2026-09-09T12:05:35.834Z  CFMS/2018       bereinigt    57798 reg. Kerzen        0/0/0 von 251  Tagen gewertet (1m/5m/15m)        0 Signale  100 ms lesen  296 ms rechnen
2026-09-09T12:05:37.525Z  CFMS/2019       bereinigt    72602 reg. Kerzen        3/0/0 von 252  Tagen gewertet (1m/5m/15m)       94 Signale  81 ms lesen  1475 ms rechnen
2026-09-09T12:05:37.997Z  CFMS/2020       bereinigt    54962 reg. Kerzen        0/0/0 von 253  Tagen gewertet (1m/5m/15m)        0 Signale  67 ms lesen  248 ms rechnen
2026-09-09T12:05:46.086Z  CFMS/2021       bereinigt    80767 reg. Kerzen       24/0/0 von 252  Tagen gewertet (1m/5m/15m)      769 Signale  106 ms lesen  7866 ms rechnen
2026-09-09T12:05:46.526Z  CFMS/2022       bereinigt    44093 reg. Kerzen        0/0/0 von 251  Tagen gewertet (1m/5m/15m)        0 Signale  54 ms lesen  214 ms rechnen
2026-09-09T12:05:46.696Z  CFMS/2023       roh           7680 reg. Kerzen        0/0/0 von 168  Tagen gewertet (1m/5m/15m)        0 Signale  25 ms lesen  40 ms rechnen
2026-09-09T12:06:37.432Z  CFX/2016        roh          88340 reg. Kerzen      208/0/0 von 252  Tagen gewertet (1m/5m/15m)     5606 Signale  122 ms lesen  50585 ms rechnen
2026-09-09T12:07:17.827Z  CFX/2017        roh          81638 reg. Kerzen      184/0/0 von 251  Tagen gewertet (1m/5m/15m)     4544 Signale  96 ms lesen  40120 ms rechnen
2026-09-09T12:08:06.038Z  CFX/2018        roh          85093 reg. Kerzen      201/0/0 von 251  Tagen gewertet (1m/5m/15m)     5324 Signale  112 ms lesen  47914 ms rechnen
2026-09-09T12:09:11.406Z  CFX/2019        roh          93744 reg. Kerzen      251/0/0 von 252  Tagen gewertet (1m/5m/15m)     6633 Signale  102 ms lesen  65075 ms rechnen
2026-09-09T12:10:16.076Z  CFX/2020        roh          91351 reg. Kerzen      241/0/0 von 253  Tagen gewertet (1m/5m/15m)     7154 Signale  419 ms lesen  64039 ms rechnen
2026-09-09T12:11:14.933Z  CFX/2021        roh          89688 reg. Kerzen      234/0/0 von 252  Tagen gewertet (1m/5m/15m)     6186 Signale  106 ms lesen  58541 ms rechnen
2026-09-09T12:11:28.434Z  CFX/2022        roh          22760 reg. Kerzen       52/0/0 von 64   Tagen gewertet (1m/5m/15m)     1458 Signale  34 ms lesen  13266 ms rechnen
2026-09-09T12:11:30.164Z  CGEM/2021       roh          47806 reg. Kerzen        5/0/0 von 248  Tagen gewertet (1m/5m/15m)      156 Signale  72 ms lesen  1554 ms rechnen
2026-09-09T12:11:30.529Z  CGEM/2022       roh          41786 reg. Kerzen        0/0/0 von 251  Tagen gewertet (1m/5m/15m)        0 Signale  78 ms lesen  185 ms rechnen
2026-09-09T12:11:30.846Z  CGEM/2023       roh          39448 reg. Kerzen        0/0/0 von 250  Tagen gewertet (1m/5m/15m)        0 Signale  60 ms lesen  174 ms rechnen
2026-09-09T12:11:39.473Z  CGEM/2024       roh          61719 reg. Kerzen       34/0/0 von 252  Tagen gewertet (1m/5m/15m)     1082 Signale  88 ms lesen  8457 ms rechnen
2026-09-09T12:11:48.924Z  CGEM/2025       roh          60804 reg. Kerzen       35/0/0 von 250  Tagen gewertet (1m/5m/15m)     1099 Signale  93 ms lesen  9213 ms rechnen
2026-09-09T12:11:58.947Z  CGEM/2026       roh          46548 reg. Kerzen       37/0/0 von 166  Tagen gewertet (1m/5m/15m)     1144 Signale  62 ms lesen  9819 ms rechnen
2026-09-09T12:11:59.082Z  CHAC/2019       roh            453 reg. Kerzen        0/0/0 von 74   Tagen gewertet (1m/5m/15m)        0 Signale  5 ms lesen  2 ms rechnen
2026-09-09T12:11:59.429Z  CHAC/2025       roh           9655 reg. Kerzen        1/0/0 von 149  Tagen gewertet (1m/5m/15m)       30 Signale  40 ms lesen  305 ms rechnen
2026-09-09T12:11:59.513Z  CHAC/2026       roh           8184 reg. Kerzen        0/0/0 von 58   Tagen gewertet (1m/5m/15m)        0 Signale  16 ms lesen  49 ms rechnen
2026-09-09T12:11:59.554Z  CHEA/2022       roh            221 reg. Kerzen        0/0/0 von 55   Tagen gewertet (1m/5m/15m)        0 Signale  8 ms lesen  2 ms rechnen
2026-09-09T12:11:59.572Z  CHEA/2023       roh            969 reg. Kerzen        0/0/0 von 150  Tagen gewertet (1m/5m/15m)        0 Signale  13 ms lesen  5 ms rechnen
2026-09-09T12:11:59.592Z  CHEA/2024       roh           1527 reg. Kerzen        0/0/0 von 28   Tagen gewertet (1m/5m/15m)        0 Signale  10 ms lesen  7 ms rechnen
2026-09-09T12:11:59.628Z  CHG/2022        roh           3916 reg. Kerzen        0/0/0 von 60   Tagen gewertet (1m/5m/15m)        0 Signale  15 ms lesen  17 ms rechnen
2026-09-09T12:12:01.280Z  CHMA/2016       roh          43603 reg. Kerzen        5/0/0 von 252  Tagen gewertet (1m/5m/15m)      163 Signale  69 ms lesen  1575 ms rechnen
2026-09-09T12:12:01.478Z  CHMA/2017       roh          13614 reg. Kerzen        0/0/0 von 251  Tagen gewertet (1m/5m/15m)        0 Signale  27 ms lesen  68 ms rechnen
2026-09-09T12:12:01.586Z  CHMA/2018       roh           9640 reg. Kerzen        0/0/0 von 250  Tagen gewertet (1m/5m/15m)        0 Signale  23 ms lesen  49 ms rechnen
2026-09-09T12:12:01.944Z  CHMA/2019       roh          46189 reg. Kerzen        0/0/0 von 252  Tagen gewertet (1m/5m/15m)        0 Signale  111 ms lesen  224 ms rechnen
2026-09-09T12:12:02.931Z  CHMA/2020       roh          61227 reg. Kerzen        2/0/0 von 253  Tagen gewertet (1m/5m/15m)       64 Signale  67 ms lesen  813 ms rechnen
2026-09-09T12:12:08.721Z  CHMA/2021       roh          41993 reg. Kerzen       21/0/0 von 149  Tagen gewertet (1m/5m/15m)      672 Signale  66 ms lesen  5586 ms rechnen
2026-09-09T12:12:08.907Z  CHRO/2024       roh           7409 reg. Kerzen        0/0/0 von 220  Tagen gewertet (1m/5m/15m)        0 Signale  65 ms lesen  32 ms rechnen
2026-09-09T12:12:08.986Z  CHRO/2025       roh           7444 reg. Kerzen        0/0/0 von 123  Tagen gewertet (1m/5m/15m)        0 Signale  25 ms lesen  39 ms rechnen
2026-09-09T12:12:13.054Z  CHUY/2016       roh          57597 reg. Kerzen       16/0/0 von 252  Tagen gewertet (1m/5m/15m)      481 Signale  94 ms lesen  3948 ms rechnen
2026-09-09T12:12:13.447Z  CHUY/2017       roh          46581 reg. Kerzen        0/0/0 von 251  Tagen gewertet (1m/5m/15m)        0 Signale  78 ms lesen  204 ms rechnen
2026-09-09T12:12:13.869Z  CHUY/2018       roh          40781 reg. Kerzen        0/0/0 von 251  Tagen gewertet (1m/5m/15m)        0 Signale  161 ms lesen  170 ms rechnen
2026-09-09T12:12:14.229Z  CHUY/2019       roh          44218 reg. Kerzen        0/0/0 von 252  Tagen gewertet (1m/5m/15m)        0 Signale  68 ms lesen  200 ms rechnen
2026-09-09T12:12:15.561Z  CHUY/2020       roh          47871 reg. Kerzen        4/0/0 von 253  Tagen gewertet (1m/5m/15m)      130 Signale  76 ms lesen  1169 ms rechnen
2026-09-09T12:12:15.889Z  CHUY/2021       roh          35470 reg. Kerzen        0/0/0 von 252  Tagen gewertet (1m/5m/15m)        0 Signale  52 ms lesen  176 ms rechnen
2026-09-09T12:12:16.177Z  CHUY/2022       roh          36019 reg. Kerzen        0/0/0 von 251  Tagen gewertet (1m/5m/15m)        0 Signale  51 ms lesen  155 ms rechnen
2026-09-09T12:12:16.440Z  CHUY/2023       roh          28885 reg. Kerzen        0/0/0 von 250  Tagen gewertet (1m/5m/15m)        0 Signale  64 ms lesen  130 ms rechnen
2026-09-09T12:12:17.225Z  CHUY/2024       roh          31433 reg. Kerzen        2/0/0 von 196  Tagen gewertet (1m/5m/15m)       27 Signale  61 ms lesen  648 ms rechnen
2026-09-09T12:12:17.436Z  CIDM/2016       bereinigt    16598 reg. Kerzen        0/0/0 von 252  Tagen gewertet (1m/5m/15m)        0 Signale  43 ms lesen  79 ms rechnen
2026-09-09T12:12:17.593Z  CIDM/2017       roh          14982 reg. Kerzen        0/0/0 von 251  Tagen gewertet (1m/5m/15m)        0 Signale  49 ms lesen  65 ms rechnen
2026-09-09T12:12:17.706Z  CIDM/2018       roh           8796 reg. Kerzen        0/0/0 von 249  Tagen gewertet (1m/5m/15m)        0 Signale  25 ms lesen  45 ms rechnen
2026-09-09T12:12:17.794Z  CIDM/2019       roh           8609 reg. Kerzen        0/0/0 von 252  Tagen gewertet (1m/5m/15m)        0 Signale  27 ms lesen  44 ms rechnen
2026-09-09T12:12:26.809Z  CIDM/2020       roh          56277 reg. Kerzen       29/0/0 von 253  Tagen gewertet (1m/5m/15m)      956 Signale  80 ms lesen  8912 ms rechnen
2026-09-09T12:13:42.821Z  CIDM/2021       roh          94354 reg. Kerzen      239/0/0 von 252  Tagen gewertet (1m/5m/15m)     8002 Signale  156 ms lesen  75736 ms rechnen
2026-09-09T12:13:43.456Z  CIDM/2022       roh          60959 reg. Kerzen        0/0/0 von 251  Tagen gewertet (1m/5m/15m)        0 Signale  92 ms lesen  330 ms rechnen
2026-09-09T12:13:43.758Z  CIDM/2023       roh          18094 reg. Kerzen        0/0/0 von 97   Tagen gewertet (1m/5m/15m)        0 Signale  33 ms lesen  112 ms rechnen
2026-09-09T12:13:43.852Z  CIIG/2021       roh            690 reg. Kerzen        0/0/0 von 37   Tagen gewertet (1m/5m/15m)        0 Signale  27 ms lesen  3 ms rechnen
2026-09-09T12:13:43.874Z  CIIG/2022       roh           1054 reg. Kerzen        0/0/0 von 160  Tagen gewertet (1m/5m/15m)        0 Signale  15 ms lesen  5 ms rechnen
2026-09-09T12:13:43.893Z  CIIG/2023       roh            942 reg. Kerzen        0/0/0 von 63   Tagen gewertet (1m/5m/15m)        0 Signale  12 ms lesen  4 ms rechnen
2026-09-09T12:13:43.911Z  CISSV/2023      roh            222 reg. Kerzen        0/0/0 von 5    Tagen gewertet (1m/5m/15m)        0 Signale  13 ms lesen  1 ms rechnen
2026-09-09T12:13:50.753Z  CJES/2016       roh          49967 reg. Kerzen       22/0/0 von 138  Tagen gewertet (1m/5m/15m)      735 Signale  46 ms lesen  6794 ms rechnen
2026-09-09T12:13:50.906Z  CLA/2016        roh           2050 reg. Kerzen        0/0/0 von 245  Tagen gewertet (1m/5m/15m)        0 Signale  26 ms lesen  9 ms rechnen
2026-09-09T12:13:50.929Z  CLA/2017        roh            742 reg. Kerzen        0/0/0 von 101  Tagen gewertet (1m/5m/15m)        0 Signale  14 ms lesen  4 ms rechnen
2026-09-09T12:13:50.931Z  AUSGELASSEN CLA/2018: Datei fehlt
2026-09-09T12:13:50.934Z  AUSGELASSEN CLA/2019: Datei fehlt
2026-09-09T12:13:50.966Z  CLA/2020        roh           3450 reg. Kerzen        0/0/0 von 50   Tagen gewertet (1m/5m/15m)        0 Signale  14 ms lesen  18 ms rechnen
2026-09-09T12:14:01.286Z  CLA/2021        roh          16210 reg. Kerzen       36/0/0 von 47   Tagen gewertet (1m/5m/15m)     1160 Signale  41 ms lesen  10270 ms rechnen
2026-09-09T12:14:02.040Z  CLBS/2016       bereinigt    18501 reg. Kerzen        0/0/0 von 252  Tagen gewertet (1m/5m/15m)        0 Signale  608 ms lesen  84 ms rechnen
2026-09-09T12:14:02.570Z  CLBS/2017       bereinigt    10830 reg. Kerzen        0/0/0 von 251  Tagen gewertet (1m/5m/15m)        0 Signale  445 ms lesen  46 ms rechnen
2026-09-09T12:14:03.105Z  CLBS/2018       bereinigt    13116 reg. Kerzen        0/0/0 von 250  Tagen gewertet (1m/5m/15m)        0 Signale  440 ms lesen  73 ms rechnen
2026-09-09T12:14:03.629Z  CLBS/2019       bereinigt     7236 reg. Kerzen        0/0/0 von 252  Tagen gewertet (1m/5m/15m)        0 Signale  450 ms lesen  38 ms rechnen
2026-09-09T12:14:05.370Z  CLBS/2020       bereinigt    30538 reg. Kerzen        0/0/0 von 253  Tagen gewertet (1m/5m/15m)        0 Signale  1558 ms lesen  161 ms rechnen
2026-09-09T12:14:16.158Z  CLBS/2021       bereinigt    50164 reg. Kerzen       27/0/0 von 252  Tagen gewertet (1m/5m/15m)      913 Signale  1915 ms lesen  8812 ms rechnen
2026-09-09T12:14:16.387Z  CLBS/2022       bereinigt    16662 reg. Kerzen        0/0/0 von 176  Tagen gewertet (1m/5m/15m)        0 Signale  29 ms lesen  85 ms rechnen
2026-09-09T12:14:16.463Z  CLDC/2016       roh           2501 reg. Kerzen        0/0/0 von 178  Tagen gewertet (1m/5m/15m)        0 Signale  28 ms lesen  11 ms rechnen
2026-09-09T12:14:16.521Z  CLDC/2017       roh           2407 reg. Kerzen        0/0/0 von 222  Tagen gewertet (1m/5m/15m)        0 Signale  42 ms lesen  11 ms rechnen
2026-09-09T12:14:16.627Z  CLDC/2018       roh          12090 reg. Kerzen        0/0/0 von 246  Tagen gewertet (1m/5m/15m)        0 Signale  27 ms lesen  73 ms rechnen
2026-09-09T12:14:16.700Z  CLDC/2019       roh           5602 reg. Kerzen        0/0/0 von 171  Tagen gewertet (1m/5m/15m)        0 Signale  21 ms lesen  28 ms rechnen
2026-09-09T12:14:16.749Z  CLIN/2022       roh            438 reg. Kerzen        0/0/0 von 102  Tagen gewertet (1m/5m/15m)        0 Signale  18 ms lesen  3 ms rechnen
2026-09-09T12:14:16.782Z  CLIN/2023       roh           2165 reg. Kerzen        0/0/0 von 185  Tagen gewertet (1m/5m/15m)        0 Signale  21 ms lesen  11 ms rechnen
2026-09-09T12:14:33.990Z  CLOV/2020       roh          41173 reg. Kerzen       64/0/0 von 141  Tagen gewertet (1m/5m/15m)     1784 Signale  67 ms lesen  17117 ms rechnen
2026-09-09T12:15:48.385Z  CLOV/2021       roh          98074 reg. Kerzen      237/0/0 von 252  Tagen gewertet (1m/5m/15m)     7764 Signale  187 ms lesen  74121 ms rechnen
2026-09-09T12:17:10.031Z  CLOV/2022       roh          97051 reg. Kerzen      251/0/0 von 251  Tagen gewertet (1m/5m/15m)     8431 Signale  135 ms lesen  81322 ms rechnen
2026-09-09T12:18:01.001Z  CLOV/2023       roh          94182 reg. Kerzen      159/0/0 von 250  Tagen gewertet (1m/5m/15m)     5191 Signale  150 ms lesen  50620 ms rechnen
2026-09-09T12:19:02.637Z  CLOV/2024       roh          94716 reg. Kerzen      205/0/0 von 252  Tagen gewertet (1m/5m/15m)     6772 Signale  130 ms lesen  61283 ms rechnen
2026-09-09T12:20:21.646Z  CLOV/2025       roh          95789 reg. Kerzen      250/0/0 von 250  Tagen gewertet (1m/5m/15m)     7985 Signale  2985 ms lesen  75831 ms rechnen
2026-09-09T12:21:12.565Z  CLOV/2026       roh          63299 reg. Kerzen      166/0/0 von 166  Tagen gewertet (1m/5m/15m)     5257 Signale  89 ms lesen  50626 ms rechnen
2026-09-09T12:22:14.126Z  CLVS/2016       roh          90492 reg. Kerzen      217/0/0 von 252  Tagen gewertet (1m/5m/15m)     6936 Signale  154 ms lesen  61233 ms rechnen
2026-09-09T12:23:22.862Z  CLVS/2017       roh          92367 reg. Kerzen      250/0/0 von 251  Tagen gewertet (1m/5m/15m)     7780 Signale  117 ms lesen  68424 ms rechnen
2026-09-09T12:24:26.609Z  CLVS/2018       roh          89485 reg. Kerzen      233/0/0 von 251  Tagen gewertet (1m/5m/15m)     7367 Signale  133 ms lesen  63394 ms rechnen
2026-09-09T12:25:40.381Z  CLVS/2019       roh          94574 reg. Kerzen      252/0/0 von 252  Tagen gewertet (1m/5m/15m)     8314 Signale  118 ms lesen  73437 ms rechnen
2026-09-09T12:26:59.279Z  CLVS/2020       roh          97065 reg. Kerzen      253/0/0 von 253  Tagen gewertet (1m/5m/15m)     8462 Signale  144 ms lesen  78533 ms rechnen
2026-09-09T12:28:14.297Z  CLVS/2021       roh          95285 reg. Kerzen      252/0/0 von 252  Tagen gewertet (1m/5m/15m)     8285 Signale  667 ms lesen  74148 ms rechnen
2026-09-09T12:28:59.700Z  CLVS/2022       roh          88886 reg. Kerzen      140/0/0 von 244  Tagen gewertet (1m/5m/15m)     4686 Signale  125 ms lesen  45078 ms rechnen
2026-09-09T12:29:01.022Z  CMBM/2019       roh          10475 reg. Kerzen        0/0/0 von 131  Tagen gewertet (1m/5m/15m)        0 Signale  1099 ms lesen  40 ms rechnen
2026-09-09T12:29:03.426Z  CMBM/2020       roh          27933 reg. Kerzen        6/0/0 von 253  Tagen gewertet (1m/5m/15m)      186 Signale  614 ms lesen  1768 ms rechnen
2026-09-09T12:29:08.632Z  CMBM/2021       roh          57288 reg. Kerzen       10/0/0 von 252  Tagen gewertet (1m/5m/15m)      333 Signale  2210 ms lesen  2940 ms rechnen
2026-09-09T12:29:10.716Z  CMBM/2022       roh          37036 reg. Kerzen        0/0/0 von 251  Tagen gewertet (1m/5m/15m)        0 Signale  1789 ms lesen  175 ms rechnen
2026-09-09T12:29:11.971Z  CMBM/2023       roh          33851 reg. Kerzen        0/0/0 von 250  Tagen gewertet (1m/5m/15m)        0 Signale  1026 ms lesen  148 ms rechnen
2026-09-09T12:29:12.602Z  CMBM/2024       roh          22659 reg. Kerzen        0/0/0 von 252  Tagen gewertet (1m/5m/15m)        0 Signale  445 ms lesen  118 ms rechnen
2026-09-09T12:29:14.773Z  CMBM/2025       roh          34091 reg. Kerzen        7/0/0 von 250  Tagen gewertet (1m/5m/15m)      218 Signale  74 ms lesen  2054 ms rechnen
2026-09-09T12:29:14.969Z  CMBM/2026       roh           7483 reg. Kerzen        0/0/0 von 58   Tagen gewertet (1m/5m/15m)        0 Signale  76 ms lesen  51 ms rechnen
2026-09-09T12:29:15.123Z  CMFN/2016       roh          11961 reg. Kerzen        0/0/0 von 252  Tagen gewertet (1m/5m/15m)        0 Signale  38 ms lesen  54 ms rechnen
2026-09-09T12:29:15.249Z  CMFN/2017       roh          12065 reg. Kerzen        0/0/0 von 251  Tagen gewertet (1m/5m/15m)        0 Signale  44 ms lesen  59 ms rechnen
2026-09-09T12:29:15.367Z  CMFN/2018       roh           9775 reg. Kerzen        0/0/0 von 249  Tagen gewertet (1m/5m/15m)        0 Signale  42 ms lesen  41 ms rechnen
2026-09-09T12:29:15.452Z  CMFN/2019       roh           6692 reg. Kerzen        0/0/0 von 168  Tagen gewertet (1m/5m/15m)        0 Signale  25 ms lesen  34 ms rechnen
2026-09-09T12:29:34.007Z  CMO/2016        roh          77945 reg. Kerzen       80/0/0 von 252  Tagen gewertet (1m/5m/15m)     1852 Signale  118 ms lesen  18407 ms rechnen
2026-09-09T12:29:48.739Z  CMO/2017        roh          74445 reg. Kerzen       64/0/0 von 251  Tagen gewertet (1m/5m/15m)     1418 Signale  90 ms lesen  14451 ms rechnen
2026-09-09T12:30:02.671Z  CMO/2018        roh          75455 reg. Kerzen       57/0/0 von 251  Tagen gewertet (1m/5m/15m)     1371 Signale  183 ms lesen  13584 ms rechnen
2026-09-09T12:30:13.898Z  CMO/2019        roh          73010 reg. Kerzen       46/0/0 von 252  Tagen gewertet (1m/5m/15m)     1026 Signale  103 ms lesen  10953 ms rechnen
2026-09-09T12:30:32.907Z  CMO/2020        roh          76615 reg. Kerzen       65/0/0 von 253  Tagen gewertet (1m/5m/15m)     2084 Signale  104 ms lesen  18744 ms rechnen
2026-09-09T12:30:41.288Z  CMO/2021        roh          56581 reg. Kerzen       33/0/0 von 200  Tagen gewertet (1m/5m/15m)      853 Signale  79 ms lesen  8130 ms rechnen
2026-09-09T12:31:41.674Z  CMS/2016        roh          96951 reg. Kerzen      232/0/0 von 252  Tagen gewertet (1m/5m/15m)     5225 Signale  111 ms lesen  60124 ms rechnen
2026-09-09T12:32:44.976Z  CMS/2017        roh          95675 reg. Kerzen      251/0/0 von 251  Tagen gewertet (1m/5m/15m)     5224 Signale  109 ms lesen  62997 ms rechnen
2026-09-09T12:33:51.071Z  CMS/2018        roh          97019 reg. Kerzen      251/0/0 von 251  Tagen gewertet (1m/5m/15m)     5623 Signale  127 ms lesen  65768 ms rechnen
2026-09-09T12:34:55.936Z  CMS/2019        roh          97155 reg. Kerzen      252/0/0 von 252  Tagen gewertet (1m/5m/15m)     5394 Signale  113 ms lesen  64532 ms rechnen
2026-09-09T12:36:04.376Z  CMS/2020        roh          97412 reg. Kerzen      253/0/0 von 253  Tagen gewertet (1m/5m/15m)     6398 Signale  121 ms lesen  68124 ms rechnen
2026-09-09T12:37:08.498Z  CMS/2021        roh          95053 reg. Kerzen      250/0/0 von 252  Tagen gewertet (1m/5m/15m)     5667 Signale  107 ms lesen  63804 ms rechnen
2026-09-09T12:38:13.637Z  CMS/2022        roh          96267 reg. Kerzen      249/0/0 von 251  Tagen gewertet (1m/5m/15m)     5996 Signale  106 ms lesen  64832 ms rechnen
2026-09-09T12:39:20.170Z  CMS/2023        roh          96372 reg. Kerzen      250/0/0 von 250  Tagen gewertet (1m/5m/15m)     5863 Signale  114 ms lesen  66223 ms rechnen
2026-09-09T12:40:25.288Z  CMS/2024        roh          96000 reg. Kerzen      252/0/0 von 252  Tagen gewertet (1m/5m/15m)     5517 Signale  98 ms lesen  64814 ms rechnen
2026-09-09T12:41:29.571Z  CMS/2025        roh          94640 reg. Kerzen      250/0/0 von 250  Tagen gewertet (1m/5m/15m)     5564 Signale  105 ms lesen  63976 ms rechnen
2026-09-09T12:42:13.051Z  CMS/2026        roh          64091 reg. Kerzen      166/0/0 von 166  Tagen gewertet (1m/5m/15m)     3784 Signale  87 ms lesen  43195 ms rechnen
2026-09-09T12:42:13.478Z  CNCE/2016       roh          43577 reg. Kerzen        0/0/0 von 252  Tagen gewertet (1m/5m/15m)        0 Signale  84 ms lesen  198 ms rechnen
2026-09-09T12:42:15.209Z  CNCE/2017       roh          43794 reg. Kerzen        6/0/0 von 251  Tagen gewertet (1m/5m/15m)      187 Signale  63 ms lesen  1561 ms rechnen
2026-09-09T12:42:17.675Z  CNCE/2018       roh          51021 reg. Kerzen        8/0/0 von 251  Tagen gewertet (1m/5m/15m)      257 Signale  74 ms lesen  2287 ms rechnen
2026-09-09T12:42:18.012Z  CNCE/2019       roh          40935 reg. Kerzen        0/0/0 von 252  Tagen gewertet (1m/5m/15m)        0 Signale  54 ms lesen  171 ms rechnen
2026-09-09T12:42:18.315Z  CNCE/2020       roh          36850 reg. Kerzen        0/0/0 von 253  Tagen gewertet (1m/5m/15m)        0 Signale  43 ms lesen  175 ms rechnen
2026-09-09T12:42:18.667Z  CNCE/2021       roh          41776 reg. Kerzen        0/0/0 von 252  Tagen gewertet (1m/5m/15m)        0 Signale  65 ms lesen  214 ms rechnen
2026-09-09T12:42:19.005Z  CNCE/2022       roh          45308 reg. Kerzen        0/0/0 von 251  Tagen gewertet (1m/5m/15m)        0 Signale  46 ms lesen  207 ms rechnen
2026-09-09T12:42:24.186Z  CNCE/2023       roh          14023 reg. Kerzen       19/0/0 von 42   Tagen gewertet (1m/5m/15m)      307 Signale  25 ms lesen  5064 ms rechnen
2026-09-09T12:42:24.236Z  CNGL/2022       roh            679 reg. Kerzen        0/0/0 von 155  Tagen gewertet (1m/5m/15m)        0 Signale  18 ms lesen  4 ms rechnen
2026-09-09T12:42:24.262Z  CNGL/2023       roh            437 reg. Kerzen        0/0/0 von 128  Tagen gewertet (1m/5m/15m)        0 Signale  21 ms lesen  3 ms rechnen
2026-09-09T12:42:24.274Z  CNGL/2024       roh            845 reg. Kerzen        0/0/0 von 41   Tagen gewertet (1m/5m/15m)        0 Signale  7 ms lesen  4 ms rechnen
2026-09-09T12:42:24.309Z  CNNB/2020       roh           1584 reg. Kerzen        0/0/0 von 212  Tagen gewertet (1m/5m/15m)        0 Signale  17 ms lesen  8 ms rechnen
2026-09-09T12:42:24.340Z  CNNB/2021       roh            617 reg. Kerzen        0/0/0 von 188  Tagen gewertet (1m/5m/15m)        0 Signale  23 ms lesen  4 ms rechnen
2026-09-09T12:42:24.347Z  CNNB/2022       roh            647 reg. Kerzen        0/0/0 von 181  Tagen gewertet (1m/5m/15m)        0 Signale  1 ms lesen  4 ms rechnen
2026-09-09T12:42:24.375Z  CNNB/2023       roh            173 reg. Kerzen        0/0/0 von 20   Tagen gewertet (1m/5m/15m)        0 Signale  25 ms lesen  1 ms rechnen
2026-09-09T12:42:24.515Z  CNST/2018       roh           6783 reg. Kerzen        0/0/0 von 114  Tagen gewertet (1m/5m/15m)        0 Signale  42 ms lesen  26 ms rechnen
2026-09-09T12:42:27.577Z  CNST/2019       roh          29006 reg. Kerzen       12/0/0 von 252  Tagen gewertet (1m/5m/15m)      371 Signale  47 ms lesen  3001 ms rechnen
2026-09-09T12:42:47.228Z  CNST/2020       roh          71721 reg. Kerzen       75/0/0 von 253  Tagen gewertet (1m/5m/15m)     2357 Signale  77 ms lesen  19519 ms rechnen
2026-09-09T12:42:55.778Z  CNST/2021       roh          36467 reg. Kerzen       31/0/0 von 133  Tagen gewertet (1m/5m/15m)      655 Signale  55 ms lesen  8350 ms rechnen
2026-09-09T12:44:05.299Z  CNX/2016        bereinigt    97905 reg. Kerzen      232/0/0 von 252  Tagen gewertet (1m/5m/15m)     7194 Signale  117 ms lesen  69272 ms rechnen
2026-09-09T12:45:17.990Z  CNX/2017        bereinigt    96762 reg. Kerzen      251/0/0 von 251  Tagen gewertet (1m/5m/15m)     7107 Signale  1675 ms lesen  70807 ms rechnen
2026-09-09T12:46:28.696Z  CNX/2018        roh          96429 reg. Kerzen      251/0/0 von 251  Tagen gewertet (1m/5m/15m)     7299 Signale  126 ms lesen  70375 ms rechnen
2026-09-09T12:47:42.817Z  CNX/2019        roh          97113 reg. Kerzen      252/0/0 von 252  Tagen gewertet (1m/5m/15m)     7761 Signale  99 ms lesen  73830 ms rechnen
2026-09-09T12:49:00.658Z  CNX/2020        roh          97811 reg. Kerzen      253/0/0 von 253  Tagen gewertet (1m/5m/15m)     8202 Signale  115 ms lesen  77522 ms rechnen
2026-09-09T12:50:13.784Z  CNX/2021        roh          95879 reg. Kerzen      250/0/0 von 252  Tagen gewertet (1m/5m/15m)     7637 Signale  2068 ms lesen  70863 ms rechnen
2026-09-09T12:51:26.064Z  CNX/2022        roh          96613 reg. Kerzen      249/0/0 von 251  Tagen gewertet (1m/5m/15m)     7601 Signale  140 ms lesen  71932 ms rechnen
2026-09-09T12:52:34.116Z  CNX/2023        roh          95909 reg. Kerzen      250/0/0 von 250  Tagen gewertet (1m/5m/15m)     6779 Signale  117 ms lesen  67733 ms rechnen
2026-09-09T12:53:40.653Z  CNX/2024        roh          95773 reg. Kerzen      252/0/0 von 252  Tagen gewertet (1m/5m/15m)     6474 Signale  101 ms lesen  66222 ms rechnen
2026-09-09T12:54:47.317Z  CNX/2025        roh          93015 reg. Kerzen      250/0/0 von 250  Tagen gewertet (1m/5m/15m)     6764 Signale  118 ms lesen  66342 ms rechnen
2026-09-09T12:55:30.628Z  CNX/2026        roh          61418 reg. Kerzen      166/0/0 von 166  Tagen gewertet (1m/5m/15m)     4486 Signale  73 ms lesen  43040 ms rechnen
2026-09-09T12:55:30.942Z  COBZ/2016       roh          31104 reg. Kerzen        0/0/0 von 252  Tagen gewertet (1m/5m/15m)        0 Signale  45 ms lesen  128 ms rechnen
2026-09-09T12:55:31.244Z  COBZ/2017       roh          33721 reg. Kerzen        0/0/0 von 251  Tagen gewertet (1m/5m/15m)        0 Signale  53 ms lesen  174 ms rechnen
2026-09-09T12:55:31.536Z  COBZ/2018       roh          35591 reg. Kerzen        0/0/0 von 188  Tagen gewertet (1m/5m/15m)        0 Signale  53 ms lesen  168 ms rechnen
2026-09-09T12:56:19.354Z  COIN/2021       roh          70799 reg. Kerzen      163/0/0 von 183  Tagen gewertet (1m/5m/15m)     5040 Signale  116 ms lesen  47609 ms rechnen
2026-09-09T12:57:39.897Z  COIN/2022       roh          97689 reg. Kerzen      251/0/0 von 251  Tagen gewertet (1m/5m/15m)     8325 Signale  181 ms lesen  80216 ms rechnen
2026-09-09T12:58:58.916Z  COIN/2023       roh          97138 reg. Kerzen      250/0/0 von 250  Tagen gewertet (1m/5m/15m)     8246 Signale  178 ms lesen  78648 ms rechnen
2026-09-09T13:00:21.531Z  COIN/2024       roh          97733 reg. Kerzen      252/0/0 von 252  Tagen gewertet (1m/5m/15m)     8111 Signale  4369 ms lesen  78039 ms rechnen
2026-09-09T13:01:35.949Z  COIN/2025       roh          96954 reg. Kerzen      250/0/0 von 250  Tagen gewertet (1m/5m/15m)     7716 Signale  190 ms lesen  74025 ms rechnen
2026-09-09T13:02:26.346Z  COIN/2026       roh          64739 reg. Kerzen      166/0/0 von 166  Tagen gewertet (1m/5m/15m)     5210 Signale  142 ms lesen  50043 ms rechnen
2026-09-09T13:03:25.398Z  COMM/2016       roh          92835 reg. Kerzen      231/0/0 von 252  Tagen gewertet (1m/5m/15m)     5968 Signale  121 ms lesen  58789 ms rechnen
2026-09-09T13:04:28.164Z  COMM/2017       roh          92599 reg. Kerzen      249/0/0 von 251  Tagen gewertet (1m/5m/15m)     6064 Signale  111 ms lesen  62424 ms rechnen
2026-09-09T13:05:29.666Z  COMM/2018       roh          91310 reg. Kerzen      246/0/0 von 251  Tagen gewertet (1m/5m/15m)     6198 Signale  122 ms lesen  61193 ms rechnen
2026-09-09T13:06:39.169Z  COMM/2019       roh          96526 reg. Kerzen      252/0/0 von 252  Tagen gewertet (1m/5m/15m)     7223 Signale  133 ms lesen  69192 ms rechnen
2026-09-09T13:07:52.551Z  COMM/2020       roh          96493 reg. Kerzen      253/0/0 von 253  Tagen gewertet (1m/5m/15m)     7779 Signale  103 ms lesen  73046 ms rechnen
2026-09-09T13:09:02.286Z  COMM/2021       roh          95308 reg. Kerzen      252/0/0 von 252  Tagen gewertet (1m/5m/15m)     7194 Signale  103 ms lesen  69395 ms rechnen
2026-09-09T13:10:18.397Z  COMM/2022       roh          96379 reg. Kerzen      251/0/0 von 251  Tagen gewertet (1m/5m/15m)     7942 Signale  1537 ms lesen  74381 ms rechnen
2026-09-09T13:11:21.314Z  COMM/2023       roh          94011 reg. Kerzen      218/0/0 von 250  Tagen gewertet (1m/5m/15m)     6981 Signale  99 ms lesen  62615 ms rechnen
2026-09-09T13:12:00.091Z  COMM/2024       roh          92824 reg. Kerzen      126/0/0 von 252  Tagen gewertet (1m/5m/15m)     4096 Signale  106 ms lesen  38468 ms rechnen
2026-09-09T13:13:13.405Z  COMM/2025       roh          95553 reg. Kerzen      250/0/0 von 250  Tagen gewertet (1m/5m/15m)     7832 Signale  112 ms lesen  73000 ms rechnen
2026-09-09T13:13:16.133Z  COMM/2026       roh           3113 reg. Kerzen        8/0/0 von 8    Tagen gewertet (1m/5m/15m)      244 Signale  155 ms lesen  2376 ms rechnen
2026-09-09T13:14:20.587Z  COP/2016        roh          98091 reg. Kerzen      232/0/0 von 252  Tagen gewertet (1m/5m/15m)     6366 Signale  125 ms lesen  64301 ms rechnen
2026-09-09T13:15:27.189Z  COP/2017        roh          97529 reg. Kerzen      251/0/0 von 251  Tagen gewertet (1m/5m/15m)     6173 Signale  114 ms lesen  66262 ms rechnen
2026-09-09T13:16:35.007Z  COP/2018        roh          97347 reg. Kerzen      251/0/0 von 251  Tagen gewertet (1m/5m/15m)     6434 Signale  125 ms lesen  67496 ms rechnen
2026-09-09T13:17:42.050Z  COP/2019        roh          97701 reg. Kerzen      252/0/0 von 252  Tagen gewertet (1m/5m/15m)     6290 Signale  114 ms lesen  66719 ms rechnen
2026-09-09T13:18:55.658Z  COP/2020        roh          98253 reg. Kerzen      253/0/0 von 253  Tagen gewertet (1m/5m/15m)     7349 Signale  173 ms lesen  73238 ms rechnen
2026-09-09T13:20:05.564Z  COP/2021        roh          97316 reg. Kerzen      250/0/0 von 252  Tagen gewertet (1m/5m/15m)     6688 Signale  140 ms lesen  69514 ms rechnen
2026-09-09T13:21:15.926Z  COP/2022        roh          97006 reg. Kerzen      249/0/0 von 251  Tagen gewertet (1m/5m/15m)     6999 Signale  114 ms lesen  70042 ms rechnen
2026-09-09T13:22:24.010Z  COP/2023        roh          97135 reg. Kerzen      250/0/0 von 250  Tagen gewertet (1m/5m/15m)     6207 Signale  112 ms lesen  67774 ms rechnen
2026-09-09T13:23:31.410Z  COP/2024        roh          97737 reg. Kerzen      252/0/0 von 252  Tagen gewertet (1m/5m/15m)     5831 Signale  120 ms lesen  67078 ms rechnen
2026-09-09T13:24:39.338Z  COP/2025        roh          96957 reg. Kerzen      250/0/0 von 250  Tagen gewertet (1m/5m/15m)     6200 Signale  691 ms lesen  67028 ms rechnen
2026-09-09T13:25:25.093Z  COP/2026        roh          64738 reg. Kerzen      166/0/0 von 166  Tagen gewertet (1m/5m/15m)     4152 Signale  203 ms lesen  45348 ms rechnen
2026-09-09T13:25:31.823Z  CORZ/2021       roh          26460 reg. Kerzen       25/0/0 von 175  Tagen gewertet (1m/5m/15m)      814 Signale  48 ms lesen  6545 ms rechnen
2026-09-09T13:26:33.754Z  CORZ/2022       roh          93259 reg. Kerzen      199/0/0 von 251  Tagen gewertet (1m/5m/15m)     6658 Signale  125 ms lesen  61741 ms rechnen
2026-09-09T13:26:33.944Z  AUSGELASSEN CORZ/2023: Datei fehlt
2026-09-09T13:27:45.460Z  CORZ/2024       roh          89866 reg. Kerzen      235/0/0 von 237  Tagen gewertet (1m/5m/15m)     7736 Signale  387 ms lesen  71128 ms rechnen
2026-09-09T13:28:56.011Z  CORZ/2025       roh          96909 reg. Kerzen      229/0/0 von 250  Tagen gewertet (1m/5m/15m)     7474 Signale  131 ms lesen  70213 ms rechnen
2026-09-09T13:29:47.005Z  CORZ/2026       roh          64731 reg. Kerzen      166/0/0 von 166  Tagen gewertet (1m/5m/15m)     5451 Signale  102 ms lesen  50678 ms rechnen
2026-09-09T13:29:47.244Z  COVS/2016       roh          14388 reg. Kerzen        0/0/0 von 252  Tagen gewertet (1m/5m/15m)        0 Signale  29 ms lesen  64 ms rechnen
2026-09-09T13:29:47.322Z  COVS/2017       roh           6676 reg. Kerzen        0/0/0 von 142  Tagen gewertet (1m/5m/15m)        0 Signale  16 ms lesen  32 ms rechnen
2026-09-09T13:29:47.362Z  CPAR/2021       roh           1164 reg. Kerzen        0/0/0 von 118  Tagen gewertet (1m/5m/15m)        0 Signale  20 ms lesen  6 ms rechnen
2026-09-09T13:29:47.399Z  CPAR/2022       roh           2296 reg. Kerzen        0/0/0 von 241  Tagen gewertet (1m/5m/15m)        0 Signale  23 ms lesen  11 ms rechnen
2026-09-09T13:29:47.421Z  CPAR/2023       roh            711 reg. Kerzen        0/0/0 von 20   Tagen gewertet (1m/5m/15m)        0 Signale  13 ms lesen  4 ms rechnen
2026-09-09T13:29:47.475Z  CPHR/2016       roh           2617 reg. Kerzen        0/0/0 von 228  Tagen gewertet (1m/5m/15m)        0 Signale  25 ms lesen  11 ms rechnen
2026-09-09T13:29:54.201Z  CPPL/2016       roh          59243 reg. Kerzen       24/0/0 von 252  Tagen gewertet (1m/5m/15m)      464 Signale  159 ms lesen  6541 ms rechnen
2026-09-09T13:29:54.578Z  CPPL/2017       roh           4795 reg. Kerzen        1/0/0 von 32   Tagen gewertet (1m/5m/15m)        8 Signale  23 ms lesen  236 ms rechnen
2026-09-09T13:29:54.901Z  CPTN/2022       bereinigt    42975 reg. Kerzen        0/0/0 von 223  Tagen gewertet (1m/5m/15m)        0 Signale  90 ms lesen  207 ms rechnen
2026-09-09T13:29:55.201Z  CPTN/2023       bereinigt    33909 reg. Kerzen        0/0/0 von 250  Tagen gewertet (1m/5m/15m)        0 Signale  46 ms lesen  163 ms rechnen
2026-09-09T13:29:55.347Z  CPTN/2024       roh           5917 reg. Kerzen        0/0/0 von 251  Tagen gewertet (1m/5m/15m)        0 Signale  35 ms lesen  47 ms rechnen
2026-09-09T13:29:55.373Z  CPTN/2025       roh            415 reg. Kerzen        0/0/0 von 3    Tagen gewertet (1m/5m/15m)        0 Signale  5 ms lesen  3 ms rechnen
2026-09-09T13:29:55.606Z  CRCM/2016       roh          37154 reg. Kerzen        0/0/0 von 252  Tagen gewertet (1m/5m/15m)        0 Signale  59 ms lesen  171 ms rechnen
2026-09-09T13:29:57.219Z  CRCM/2017       roh          50588 reg. Kerzen        5/0/0 von 251  Tagen gewertet (1m/5m/15m)      153 Signale  73 ms lesen  1456 ms rechnen
2026-09-09T13:29:58.447Z  CRCM/2018       roh          58293 reg. Kerzen        3/0/0 von 251  Tagen gewertet (1m/5m/15m)      102 Signale  91 ms lesen  1032 ms rechnen
2026-09-09T13:30:00.314Z  CHECKPOINT 1200 Dateien, 332 min, Detektorfehler {}
2026-09-09T13:30:07.389Z  CRCM/2019       roh          70505 reg. Kerzen       28/0/0 von 252  Tagen gewertet (1m/5m/15m)      832 Signale  94 ms lesen  6981 ms rechnen
2026-09-09T13:30:09.259Z  CRCM/2020       roh           6997 reg. Kerzen        7/0/0 von 27   Tagen gewertet (1m/5m/15m)      106 Signale  20 ms lesen  1694 ms rechnen
2026-09-09T13:30:09.313Z  CRGX/2023       roh           4417 reg. Kerzen        0/0/0 von 34   Tagen gewertet (1m/5m/15m)        0 Signale  18 ms lesen  21 ms rechnen
2026-09-09T13:30:09.750Z  CRGX/2024       roh          42248 reg. Kerzen        1/0/0 von 252  Tagen gewertet (1m/5m/15m)       27 Signale  44 ms lesen  378 ms rechnen
2026-09-09T13:30:14.063Z  CRGX/2025       roh          40059 reg. Kerzen       15/0/0 von 156  Tagen gewertet (1m/5m/15m)      287 Signale  52 ms lesen  4175 ms rechnen
2026-09-09T13:30:36.023Z  CRL/2016        roh          76623 reg. Kerzen       94/0/0 von 252  Tagen gewertet (1m/5m/15m)     2442 Signale  104 ms lesen  21764 ms rechnen
2026-09-09T13:30:45.560Z  CRL/2017        roh          68793 reg. Kerzen       42/0/0 von 251  Tagen gewertet (1m/5m/15m)     1048 Signale  88 ms lesen  9302 ms rechnen
2026-09-09T13:30:50.343Z  CRL/2018        roh          64663 reg. Kerzen       21/0/0 von 251  Tagen gewertet (1m/5m/15m)      561 Signale  87 ms lesen  4540 ms rechnen
2026-09-09T13:30:56.285Z  CRL/2019        roh          65666 reg. Kerzen       27/0/0 von 252  Tagen gewertet (1m/5m/15m)      724 Signale  101 ms lesen  5692 ms rechnen
2026-09-09T13:31:09.333Z  CRL/2020        roh          68535 reg. Kerzen       54/0/0 von 253  Tagen gewertet (1m/5m/15m)     1561 Signale  93 ms lesen  12828 ms rechnen
2026-09-09T13:31:16.627Z  CRL/2021        roh          65700 reg. Kerzen       31/0/0 von 252  Tagen gewertet (1m/5m/15m)      850 Signale  90 ms lesen  7061 ms rechnen
2026-09-09T13:31:43.025Z  CRL/2022        roh          75729 reg. Kerzen      112/0/0 von 250  Tagen gewertet (1m/5m/15m)     3214 Signale  93 ms lesen  26160 ms rechnen
2026-09-09T13:31:59.073Z  CRL/2023        roh          69947 reg. Kerzen       70/0/0 von 250  Tagen gewertet (1m/5m/15m)     1958 Signale  87 ms lesen  15810 ms rechnen
2026-09-09T13:32:11.647Z  CRL/2024        roh          69837 reg. Kerzen       54/0/0 von 252  Tagen gewertet (1m/5m/15m)     1503 Signale  99 ms lesen  12319 ms rechnen
2026-09-09T13:32:43.094Z  CRL/2025        roh          77403 reg. Kerzen      128/0/0 von 250  Tagen gewertet (1m/5m/15m)     3565 Signale  97 ms lesen  31194 ms rechnen
2026-09-09T13:32:54.001Z  CRL/2026        roh          47597 reg. Kerzen       45/0/0 von 166  Tagen gewertet (1m/5m/15m)     1300 Signale  64 ms lesen  10685 ms rechnen
2026-09-09T13:33:13.595Z  CRS/2016        roh          75308 reg. Kerzen       82/0/0 von 252  Tagen gewertet (1m/5m/15m)     2400 Signale  100 ms lesen  19365 ms rechnen
2026-09-09T13:33:19.841Z  CRS/2017        roh          66223 reg. Kerzen       27/0/0 von 251  Tagen gewertet (1m/5m/15m)      731 Signale  91 ms lesen  6006 ms rechnen
2026-09-09T13:33:31.700Z  CRS/2018        roh          66075 reg. Kerzen       52/0/0 von 251  Tagen gewertet (1m/5m/15m)     1453 Signale  77 ms lesen  11638 ms rechnen
2026-09-09T13:33:35.482Z  CRS/2019        roh          59533 reg. Kerzen       15/0/0 von 252  Tagen gewertet (1m/5m/15m)      424 Signale  84 ms lesen  3562 ms rechnen
2026-09-09T13:34:03.197Z  CRS/2020        roh          76336 reg. Kerzen      111/0/0 von 253  Tagen gewertet (1m/5m/15m)     3440 Signale  91 ms lesen  27502 ms rechnen
2026-09-09T13:34:12.166Z  CRS/2021        roh          61998 reg. Kerzen       30/0/0 von 252  Tagen gewertet (1m/5m/15m)      920 Signale  1837 ms lesen  6970 ms rechnen
2026-09-09T13:34:21.249Z  CRS/2022        roh          61544 reg. Kerzen       29/0/0 von 251  Tagen gewertet (1m/5m/15m)      877 Signale  1563 ms lesen  7388 ms rechnen
2026-09-09T13:34:28.049Z  CRS/2023        roh          63946 reg. Kerzen       28/0/0 von 250  Tagen gewertet (1m/5m/15m)      861 Signale  75 ms lesen  6595 ms rechnen
2026-09-09T13:34:41.870Z  CRS/2024        roh          69306 reg. Kerzen       58/0/0 von 252  Tagen gewertet (1m/5m/15m)     1755 Signale  89 ms lesen  13600 ms rechnen
2026-09-09T13:35:14.071Z  CRS/2025        roh          77720 reg. Kerzen      135/0/0 von 250  Tagen gewertet (1m/5m/15m)     3942 Signale  90 ms lesen  31951 ms rechnen
2026-09-09T13:35:42.109Z  CRS/2026        roh          53347 reg. Kerzen      109/0/0 von 166  Tagen gewertet (1m/5m/15m)     3200 Signale  75 ms lesen  27814 ms rechnen
2026-09-09T13:35:42.423Z  CRVL/2016       bereinigt    25207 reg. Kerzen        0/0/0 von 252  Tagen gewertet (1m/5m/15m)        0 Signale  76 ms lesen  116 ms rechnen
2026-09-09T13:35:42.560Z  CRVL/2017       bereinigt    15109 reg. Kerzen        0/0/0 von 251  Tagen gewertet (1m/5m/15m)        0 Signale  25 ms lesen  65 ms rechnen
2026-09-09T13:35:42.672Z  CRVL/2018       bereinigt    13078 reg. Kerzen        0/0/0 von 251  Tagen gewertet (1m/5m/15m)        0 Signale  22 ms lesen  54 ms rechnen
2026-09-09T13:35:42.878Z  CRVL/2019       bereinigt    24999 reg. Kerzen        0/0/0 von 252  Tagen gewertet (1m/5m/15m)        0 Signale  79 ms lesen  101 ms rechnen
2026-09-09T13:35:43.076Z  CRVL/2020       bereinigt    21932 reg. Kerzen        0/0/0 von 253  Tagen gewertet (1m/5m/15m)        0 Signale  35 ms lesen  116 ms rechnen
2026-09-09T13:35:43.199Z  CRVL/2021       bereinigt    13235 reg. Kerzen        0/0/0 von 252  Tagen gewertet (1m/5m/15m)        0 Signale  21 ms lesen  53 ms rechnen
2026-09-09T13:35:43.328Z  CRVL/2022       bereinigt    14666 reg. Kerzen        0/0/0 von 251  Tagen gewertet (1m/5m/15m)        0 Signale  30 ms lesen  68 ms rechnen
2026-09-09T13:35:43.438Z  CRVL/2023       bereinigt    12340 reg. Kerzen        0/0/0 von 250  Tagen gewertet (1m/5m/15m)        0 Signale  19 ms lesen  59 ms rechnen
2026-09-09T13:35:43.520Z  CRVL/2024       bereinigt     7776 reg. Kerzen        0/0/0 von 252  Tagen gewertet (1m/5m/15m)        0 Signale  13 ms lesen  34 ms rechnen
2026-09-09T13:35:43.702Z  CRVL/2025       roh          27037 reg. Kerzen        0/0/0 von 250  Tagen gewertet (1m/5m/15m)        0 Signale  47 ms lesen  112 ms rechnen
2026-09-09T13:35:43.907Z  CRVL/2026       roh          23447 reg. Kerzen        0/0/0 von 166  Tagen gewertet (1m/5m/15m)        0 Signale  38 ms lesen  110 ms rechnen
2026-09-09T13:35:44.447Z  CSAN/2021       roh          41486 reg. Kerzen        1/0/0 von 206  Tagen gewertet (1m/5m/15m)       29 Signale  66 ms lesen  414 ms rechnen
2026-09-09T13:35:44.844Z  CSAN/2022       roh          51835 reg. Kerzen        0/0/0 von 251  Tagen gewertet (1m/5m/15m)        0 Signale  77 ms lesen  231 ms rechnen
2026-09-09T13:35:47.152Z  CSAN/2023       roh          65775 reg. Kerzen        8/0/0 von 250  Tagen gewertet (1m/5m/15m)      220 Signale  81 ms lesen  2119 ms rechnen
2026-09-09T13:35:52.241Z  CSAN/2024       roh          64533 reg. Kerzen       20/0/0 von 252  Tagen gewertet (1m/5m/15m)      593 Signale  95 ms lesen  4868 ms rechnen
2026-09-09T13:36:13.394Z  CSAN/2025       roh          76085 reg. Kerzen       89/0/0 von 250  Tagen gewertet (1m/5m/15m)     2619 Signale  88 ms lesen  20938 ms rechnen
2026-09-09T13:36:29.866Z  CSAN/2026       roh          49706 reg. Kerzen       66/0/0 von 166  Tagen gewertet (1m/5m/15m)     1989 Signale  59 ms lesen  16250 ms rechnen
2026-09-09T13:36:35.125Z  CSGS/2016       roh          58055 reg. Kerzen       22/0/0 von 252  Tagen gewertet (1m/5m/15m)      589 Signale  100 ms lesen  5005 ms rechnen
2026-09-09T13:36:36.557Z  CSGS/2017       roh          50258 reg. Kerzen        4/0/0 von 251  Tagen gewertet (1m/5m/15m)      111 Signale  70 ms lesen  1245 ms rechnen
2026-09-09T13:36:37.316Z  CSGS/2018       roh          48813 reg. Kerzen        2/0/0 von 251  Tagen gewertet (1m/5m/15m)       41 Signale  70 ms lesen  578 ms rechnen
2026-09-09T13:36:38.242Z  CSGS/2019       roh          47821 reg. Kerzen        3/0/0 von 252  Tagen gewertet (1m/5m/15m)       80 Signale  72 ms lesen  755 ms rechnen
2026-09-09T13:36:40.128Z  CSGS/2020       roh          52127 reg. Kerzen        6/0/0 von 253  Tagen gewertet (1m/5m/15m)      175 Signale  68 ms lesen  1721 ms rechnen
2026-09-09T13:36:40.485Z  CSGS/2021       roh          39091 reg. Kerzen        0/0/0 von 252  Tagen gewertet (1m/5m/15m)        0 Signale  74 ms lesen  177 ms rechnen
2026-09-09T13:36:41.477Z  CSGS/2022       roh          44352 reg. Kerzen        3/0/0 von 251  Tagen gewertet (1m/5m/15m)       88 Signale  80 ms lesen  826 ms rechnen
2026-09-09T13:36:43.050Z  CSGS/2023       roh          37068 reg. Kerzen        5/0/0 von 250  Tagen gewertet (1m/5m/15m)      121 Signale  49 ms lesen  1427 ms rechnen
2026-09-09T13:36:44.066Z  CSGS/2024       roh          43449 reg. Kerzen        3/0/0 von 252  Tagen gewertet (1m/5m/15m)       87 Signale  69 ms lesen  869 ms rechnen
2026-09-09T13:36:45.034Z  CSGS/2025       roh          42427 reg. Kerzen        3/0/0 von 250  Tagen gewertet (1m/5m/15m)       58 Signale  64 ms lesen  806 ms rechnen
2026-09-09T13:36:45.423Z  CSGS/2026       roh          19205 reg. Kerzen        1/0/0 von 91   Tagen gewertet (1m/5m/15m)       14 Signale  27 ms lesen  265 ms rechnen
2026-09-09T13:36:45.873Z  CSPR/2020       roh          56019 reg. Kerzen        0/0/0 von 229  Tagen gewertet (1m/5m/15m)        0 Signale  113 ms lesen  276 ms rechnen
2026-09-09T13:36:55.644Z  CSPR/2021       roh          73059 reg. Kerzen       37/0/0 von 252  Tagen gewertet (1m/5m/15m)     1024 Signale  89 ms lesen  9567 ms rechnen
2026-09-09T13:36:58.488Z  CSPR/2022       roh           4892 reg. Kerzen       10/0/0 von 15   Tagen gewertet (1m/5m/15m)      260 Signale  20 ms lesen  2671 ms rechnen
2026-09-09T13:37:10.919Z  CSTM/2016       roh          81763 reg. Kerzen       44/0/0 von 252  Tagen gewertet (1m/5m/15m)     1446 Signale  208 ms lesen  12198 ms rechnen
2026-09-09T13:37:52.484Z  CSTM/2017       roh          83422 reg. Kerzen      141/0/0 von 251  Tagen gewertet (1m/5m/15m)     4133 Signale  99 ms lesen  41300 ms rechnen
2026-09-09T13:38:44.627Z  CSTM/2018       roh          84528 reg. Kerzen      194/0/0 von 251  Tagen gewertet (1m/5m/15m)     5907 Signale  113 ms lesen  51835 ms rechnen
2026-09-09T13:39:39.005Z  CSTM/2019       roh          86144 reg. Kerzen      220/0/0 von 252  Tagen gewertet (1m/5m/15m)     6323 Signale  99 ms lesen  54098 ms rechnen
2026-09-09T13:40:37.522Z  CSTM/2020       roh          87576 reg. Kerzen      215/0/0 von 253  Tagen gewertet (1m/5m/15m)     6775 Signale  1120 ms lesen  57207 ms rechnen
2026-09-09T13:41:24.005Z  CSTM/2021       roh          83257 reg. Kerzen      190/0/0 von 252  Tagen gewertet (1m/5m/15m)     5538 Signale  121 ms lesen  46180 ms rechnen
2026-09-09T13:42:14.616Z  CSTM/2022       roh          84167 reg. Kerzen      204/0/0 von 251  Tagen gewertet (1m/5m/15m)     6098 Signale  91 ms lesen  50348 ms rechnen
2026-09-09T13:42:50.426Z  CSTM/2023       roh          79913 reg. Kerzen      156/0/0 von 250  Tagen gewertet (1m/5m/15m)     4341 Signale  112 ms lesen  35529 ms rechnen
2026-09-09T13:43:29.488Z  CSTM/2024       roh          81772 reg. Kerzen      168/0/0 von 252  Tagen gewertet (1m/5m/15m)     4614 Signale  103 ms lesen  38786 ms rechnen
2026-09-09T13:44:24.079Z  CSTM/2025       roh          86054 reg. Kerzen      222/0/0 von 250  Tagen gewertet (1m/5m/15m)     6441 Signale  109 ms lesen  54304 ms rechnen
2026-09-09T13:45:08.352Z  CSTM/2026       roh          61750 reg. Kerzen      165/0/0 von 166  Tagen gewertet (1m/5m/15m)     4836 Signale  71 ms lesen  44026 ms rechnen
2026-09-09T13:45:51.349Z  CTAS/2016       bereinigt    85379 reg. Kerzen      199/0/0 von 252  Tagen gewertet (1m/5m/15m)     4202 Signale  115 ms lesen  42749 ms rechnen
2026-09-09T13:46:11.971Z  CTAS/2017       bereinigt    75830 reg. Kerzen      101/0/0 von 251  Tagen gewertet (1m/5m/15m)     2133 Signale  94 ms lesen  20351 ms rechnen
2026-09-09T13:46:38.899Z  CTAS/2018       bereinigt    77157 reg. Kerzen      121/0/0 von 251  Tagen gewertet (1m/5m/15m)     3034 Signale  116 ms lesen  26653 ms rechnen
2026-09-09T13:47:04.864Z  CTAS/2019       bereinigt    77711 reg. Kerzen      123/0/0 von 252  Tagen gewertet (1m/5m/15m)     2840 Signale  110 ms lesen  25670 ms rechnen
2026-09-09T13:47:36.254Z  CTAS/2020       bereinigt    78156 reg. Kerzen      128/0/0 von 253  Tagen gewertet (1m/5m/15m)     3647 Signale  108 ms lesen  31133 ms rechnen
2026-09-09T13:47:44.001Z  CTAS/2021       bereinigt    65714 reg. Kerzen       33/0/0 von 252  Tagen gewertet (1m/5m/15m)      844 Signale  102 ms lesen  7487 ms rechnen
2026-09-09T13:47:58.767Z  CTAS/2022       bereinigt    69809 reg. Kerzen       67/0/0 von 251  Tagen gewertet (1m/5m/15m)     1762 Signale  86 ms lesen  14536 ms rechnen
2026-09-09T13:48:01.171Z  CTAS/2023       bereinigt    56756 reg. Kerzen        9/0/0 von 250  Tagen gewertet (1m/5m/15m)      206 Signale  147 ms lesen  2123 ms rechnen
2026-09-09T13:48:19.179Z  CTAS/2024       bereinigt    61219 reg. Kerzen       79/0/0 von 252  Tagen gewertet (1m/5m/15m)     1757 Signale  92 ms lesen  17803 ms rechnen
2026-09-09T13:49:14.491Z  CTAS/2025       roh          88729 reg. Kerzen      237/0/0 von 250  Tagen gewertet (1m/5m/15m)     5385 Signale  104 ms lesen  55082 ms rechnen
2026-09-09T13:49:57.658Z  CTAS/2026       roh          60805 reg. Kerzen      165/0/0 von 166  Tagen gewertet (1m/5m/15m)     4054 Signale  2413 ms lesen  40572 ms rechnen
2026-09-09T13:50:02.244Z  CTIC/2016       bereinigt    64604 reg. Kerzen        0/0/0 von 252  Tagen gewertet (1m/5m/15m)        0 Signale  4040 ms lesen  316 ms rechnen
2026-09-09T13:50:03.680Z  CTIC/2017       roh          28219 reg. Kerzen        0/0/0 von 251  Tagen gewertet (1m/5m/15m)        0 Signale  1200 ms lesen  115 ms rechnen
2026-09-09T13:50:06.249Z  CTIC/2018       roh          47980 reg. Kerzen        0/0/0 von 251  Tagen gewertet (1m/5m/15m)        0 Signale  2278 ms lesen  226 ms rechnen
2026-09-09T13:50:08.881Z  CTIC/2019       roh          36926 reg. Kerzen        0/0/0 von 252  Tagen gewertet (1m/5m/15m)        0 Signale  2353 ms lesen  173 ms rechnen
2026-09-09T13:50:10.428Z  CTIC/2020       roh          41589 reg. Kerzen        0/0/0 von 253  Tagen gewertet (1m/5m/15m)        0 Signale  1272 ms lesen  200 ms rechnen
2026-09-09T13:50:11.307Z  CTIC/2021       roh          65312 reg. Kerzen        0/0/0 von 252  Tagen gewertet (1m/5m/15m)        0 Signale  463 ms lesen  337 ms rechnen
2026-09-09T13:51:09.449Z  CTIC/2022       roh          91244 reg. Kerzen      203/0/0 von 251  Tagen gewertet (1m/5m/15m)     6667 Signale  113 ms lesen  57889 ms rechnen
2026-09-09T13:51:44.275Z  CTIC/2023       roh          44332 reg. Kerzen      118/0/0 von 119  Tagen gewertet (1m/5m/15m)     3055 Signale  1083 ms lesen  33559 ms rechnen
2026-09-09T13:51:51.149Z  CTRE/2016       roh          61762 reg. Kerzen       16/0/0 von 252  Tagen gewertet (1m/5m/15m)      421 Signale  2563 ms lesen  3831 ms rechnen
2026-09-09T13:52:02.521Z  CTRE/2017       roh          68668 reg. Kerzen       47/0/0 von 251  Tagen gewertet (1m/5m/15m)     1195 Signale  1537 ms lesen  9696 ms rechnen
2026-09-09T13:52:29.092Z  CTRE/2018       roh          76457 reg. Kerzen      117/0/0 von 251  Tagen gewertet (1m/5m/15m)     3094 Signale  858 ms lesen  25553 ms rechnen
2026-09-09T13:53:14.108Z  CTRE/2019       roh          83868 reg. Kerzen      202/0/0 von 252  Tagen gewertet (1m/5m/15m)     4997 Signale  142 ms lesen  44702 ms rechnen
2026-09-09T13:53:54.592Z  CTRE/2020       roh          80557 reg. Kerzen      150/0/0 von 253  Tagen gewertet (1m/5m/15m)     4360 Signale  3184 ms lesen  37108 ms rechnen
2026-09-09T13:54:16.544Z  CTRE/2021       roh          75379 reg. Kerzen       99/0/0 von 252  Tagen gewertet (1m/5m/15m)     2661 Signale  96 ms lesen  21690 ms rechnen
2026-09-09T13:54:50.993Z  CTRE/2022       roh          78720 reg. Kerzen      154/0/0 von 251  Tagen gewertet (1m/5m/15m)     4150 Signale  240 ms lesen  34061 ms rechnen
2026-09-09T13:55:24.896Z  CTRE/2023       roh          78365 reg. Kerzen      146/0/0 von 250  Tagen gewertet (1m/5m/15m)     3609 Signale  1848 ms lesen  31886 ms rechnen
2026-09-09T13:56:21.094Z  CTRE/2024       roh          88538 reg. Kerzen      236/0/0 von 252  Tagen gewertet (1m/5m/15m)     5543 Signale  2929 ms lesen  53090 ms rechnen
2026-09-09T13:57:20.658Z  CTRE/2025       roh          89136 reg. Kerzen      242/0/0 von 250  Tagen gewertet (1m/5m/15m)     5916 Signale  2489 ms lesen  56879 ms rechnen
2026-09-09T13:58:04.000Z  CTRE/2026       roh          61814 reg. Kerzen      166/0/0 von 166  Tagen gewertet (1m/5m/15m)     4186 Signale  2714 ms lesen  40447 ms rechnen
2026-09-09T13:58:04.799Z  CTV/2016        roh          16391 reg. Kerzen        0/0/0 von 252  Tagen gewertet (1m/5m/15m)        0 Signale  283 ms lesen  68 ms rechnen
2026-09-09T13:58:05.028Z  CTV/2017        roh          11918 reg. Kerzen        0/0/0 von 251  Tagen gewertet (1m/5m/15m)        0 Signale  135 ms lesen  48 ms rechnen
2026-09-09T13:58:05.694Z  CTV/2018        roh          14571 reg. Kerzen        0/0/0 von 251  Tagen gewertet (1m/5m/15m)        0 Signale  581 ms lesen  61 ms rechnen
2026-09-09T13:58:06.041Z  CTV/2019        roh          13394 reg. Kerzen        0/0/0 von 252  Tagen gewertet (1m/5m/15m)        0 Signale  255 ms lesen  62 ms rechnen
2026-09-09T13:58:06.456Z  CTV/2020        roh           8182 reg. Kerzen        0/0/0 von 151  Tagen gewertet (1m/5m/15m)        0 Signale  345 ms lesen  44 ms rechnen
2026-09-09T13:58:06.603Z  CTV/2021        roh           1660 reg. Kerzen        0/0/0 von 22   Tagen gewertet (1m/5m/15m)        0 Signale  120 ms lesen  11 ms rechnen
2026-09-09T13:58:08.230Z  CTV/2022        roh          43632 reg. Kerzen        0/0/0 von 251  Tagen gewertet (1m/5m/15m)        0 Signale  1424 ms lesen  197 ms rechnen
2026-09-09T13:58:11.785Z  CTV/2023        roh          46448 reg. Kerzen        0/0/0 von 250  Tagen gewertet (1m/5m/15m)        0 Signale  3261 ms lesen  207 ms rechnen
2026-09-09T13:58:15.370Z  CTV/2024        roh          47038 reg. Kerzen        3/0/0 von 252  Tagen gewertet (1m/5m/15m)       64 Signale  2497 ms lesen  997 ms rechnen
2026-09-09T13:58:15.624Z  CTV/2025        roh           8224 reg. Kerzen        0/0/0 von 28   Tagen gewertet (1m/5m/15m)        0 Signale  105 ms lesen  53 ms rechnen
2026-09-09T13:58:38.312Z  CUDA/2016       roh          76253 reg. Kerzen       74/0/0 von 252  Tagen gewertet (1m/5m/15m)     2142 Signale  4390 ms lesen  18219 ms rechnen
2026-09-09T13:59:21.014Z  CUDA/2017       roh          81875 reg. Kerzen      166/0/0 von 251  Tagen gewertet (1m/5m/15m)     4245 Signale  3197 ms lesen  39345 ms rechnen
2026-09-09T13:59:29.622Z  CUDA/2018       roh          10626 reg. Kerzen       28/0/0 von 28   Tagen gewertet (1m/5m/15m)      383 Signale  23 ms lesen  8417 ms rechnen
2026-09-09T13:59:29.734Z  CURO/2017       roh           1979 reg. Kerzen        0/0/0 von 16   Tagen gewertet (1m/5m/15m)        0 Signale  51 ms lesen  11 ms rechnen
2026-09-09T13:59:31.006Z  CURO/2018       roh          48675 reg. Kerzen        4/0/0 von 251  Tagen gewertet (1m/5m/15m)      135 Signale  67 ms lesen  1197 ms rechnen
2026-09-09T13:59:31.870Z  CURO/2019       roh          52822 reg. Kerzen        2/0/0 von 252  Tagen gewertet (1m/5m/15m)       67 Signale  92 ms lesen  670 ms rechnen
2026-09-09T13:59:32.340Z  CURO/2020       roh          58967 reg. Kerzen        0/0/0 von 253  Tagen gewertet (1m/5m/15m)        0 Signale  80 ms lesen  273 ms rechnen
2026-09-09T13:59:34.819Z  CURO/2021       roh          49486 reg. Kerzen        8/0/0 von 252  Tagen gewertet (1m/5m/15m)      269 Signale  88 ms lesen  2279 ms rechnen
2026-09-09T13:59:35.200Z  CURO/2022       roh          33892 reg. Kerzen        0/0/0 von 251  Tagen gewertet (1m/5m/15m)        0 Signale  114 ms lesen  165 ms rechnen
2026-09-09T13:59:35.427Z  CURO/2023       roh          21520 reg. Kerzen        0/0/0 von 250  Tagen gewertet (1m/5m/15m)        0 Signale  55 ms lesen  100 ms rechnen
2026-09-09T13:59:35.519Z  CURO/2024       roh           5608 reg. Kerzen        0/0/0 von 48   Tagen gewertet (1m/5m/15m)        0 Signale  16 ms lesen  27 ms rechnen
2026-09-09T13:59:35.659Z  CVCY/2016       roh          12078 reg. Kerzen        0/0/0 von 251  Tagen gewertet (1m/5m/15m)        0 Signale  55 ms lesen  61 ms rechnen
2026-09-09T13:59:35.808Z  CVCY/2017       roh          13986 reg. Kerzen        0/0/0 von 251  Tagen gewertet (1m/5m/15m)        0 Signale  43 ms lesen  79 ms rechnen
2026-09-09T13:59:35.919Z  CVCY/2018       roh           8877 reg. Kerzen        0/0/0 von 250  Tagen gewertet (1m/5m/15m)        0 Signale  28 ms lesen  49 ms rechnen
2026-09-09T13:59:35.984Z  CVCY/2019       roh           7194 reg. Kerzen        0/0/0 von 252  Tagen gewertet (1m/5m/15m)        0 Signale  18 ms lesen  30 ms rechnen
2026-09-09T13:59:36.077Z  CVCY/2020       roh          11018 reg. Kerzen        0/0/0 von 253  Tagen gewertet (1m/5m/15m)        0 Signale  26 ms lesen  52 ms rechnen
2026-09-09T13:59:36.197Z  CVCY/2021       roh          14308 reg. Kerzen        0/0/0 von 252  Tagen gewertet (1m/5m/15m)        0 Signale  34 ms lesen  64 ms rechnen
2026-09-09T13:59:36.301Z  CVCY/2022       roh          11200 reg. Kerzen        0/0/0 von 251  Tagen gewertet (1m/5m/15m)        0 Signale  27 ms lesen  45 ms rechnen
2026-09-09T13:59:36.410Z  CVCY/2023       roh           9756 reg. Kerzen        0/0/0 von 250  Tagen gewertet (1m/5m/15m)        0 Signale  31 ms lesen  48 ms rechnen
2026-09-09T13:59:36.452Z  CVCY/2024       roh           1814 reg. Kerzen        0/0/0 von 61   Tagen gewertet (1m/5m/15m)        0 Signale  14 ms lesen  9 ms rechnen
2026-09-09T13:59:36.543Z  CVII/2021       roh          13242 reg. Kerzen        0/0/0 von 190  Tagen gewertet (1m/5m/15m)        0 Signale  32 ms lesen  52 ms rechnen
2026-09-09T13:59:36.664Z  CVII/2022       roh          14311 reg. Kerzen        0/0/0 von 251  Tagen gewertet (1m/5m/15m)        0 Signale  27 ms lesen  68 ms rechnen
2026-09-09T13:59:36.752Z  CVII/2023       roh           7804 reg. Kerzen        0/0/0 von 247  Tagen gewertet (1m/5m/15m)        0 Signale  22 ms lesen  32 ms rechnen
2026-09-09T13:59:36.784Z  CVII/2024       roh           2043 reg. Kerzen        0/0/0 von 154  Tagen gewertet (1m/5m/15m)        0 Signale  6 ms lesen  10 ms rechnen
2026-09-09T13:59:36.971Z  CVRS/2016       roh          29119 reg. Kerzen        0/0/0 von 252  Tagen gewertet (1m/5m/15m)        0 Signale  51 ms lesen  128 ms rechnen
2026-09-09T13:59:37.406Z  CVRS/2017       roh          59817 reg. Kerzen        0/0/0 von 251  Tagen gewertet (1m/5m/15m)        0 Signale  71 ms lesen  297 ms rechnen
2026-09-09T13:59:38.027Z  CVRS/2018       roh          69020 reg. Kerzen        0/0/0 von 251  Tagen gewertet (1m/5m/15m)        0 Signale  100 ms lesen  403 ms rechnen
2026-09-09T13:59:50.580Z  CVRS/2019       roh          63570 reg. Kerzen       41/0/0 von 208  Tagen gewertet (1m/5m/15m)      767 Signale  86 ms lesen  12320 ms rechnen
2026-09-09T13:59:50.933Z  CWBR/2017       bereinigt      912 reg. Kerzen        0/0/0 von 10   Tagen gewertet (1m/5m/15m)        0 Signale  59 ms lesen  3 ms rechnen
2026-09-09T13:59:51.065Z  CWBR/2018       bereinigt    23965 reg. Kerzen        0/0/0 von 249  Tagen gewertet (1m/5m/15m)        0 Signale  32 ms lesen  98 ms rechnen
2026-09-09T13:59:51.202Z  CWBR/2019       bereinigt    14356 reg. Kerzen        0/0/0 von 252  Tagen gewertet (1m/5m/15m)        0 Signale  23 ms lesen  61 ms rechnen
2026-09-09T13:59:51.410Z  CWBR/2020       bereinigt    31481 reg. Kerzen        0/0/0 von 253  Tagen gewertet (1m/5m/15m)        0 Signale  42 ms lesen  135 ms rechnen
2026-09-09T13:59:51.809Z  CWBR/2021       bereinigt    50936 reg. Kerzen        0/0/0 von 252  Tagen gewertet (1m/5m/15m)        0 Signale  72 ms lesen  252 ms rechnen
2026-09-09T13:59:52.097Z  CWBR/2022       bereinigt    26095 reg. Kerzen        0/0/0 von 251  Tagen gewertet (1m/5m/15m)        0 Signale  46 ms lesen  134 ms rechnen
2026-09-09T13:59:52.231Z  CWBR/2023       roh           7175 reg. Kerzen        0/0/0 von 228  Tagen gewertet (1m/5m/15m)        0 Signale  51 ms lesen  33 ms rechnen
2026-09-09T13:59:52.247Z  AUSGELASSEN CWBR/2024: Datei fehlt
2026-09-09T13:59:52.268Z  AUSGELASSEN CWBR/2025: Datei fehlt
2026-09-09T14:00:58.225Z  CX/2016         roh          97229 reg. Kerzen      232/0/0 von 252  Tagen gewertet (1m/5m/15m)     6719 Signale  114 ms lesen  65818 ms rechnen
2026-09-09T14:02:06.273Z  CX/2017         roh          96505 reg. Kerzen      251/0/0 von 251  Tagen gewertet (1m/5m/15m)     6758 Signale  129 ms lesen  67705 ms rechnen
2026-09-09T14:03:15.658Z  CX/2018         roh          96000 reg. Kerzen      251/0/0 von 251  Tagen gewertet (1m/5m/15m)     7274 Signale  111 ms lesen  69075 ms rechnen
2026-09-09T14:04:30.754Z  CX/2019         roh          95289 reg. Kerzen      252/0/0 von 252  Tagen gewertet (1m/5m/15m)     7134 Signale  109 ms lesen  74780 ms rechnen
2026-09-09T14:05:46.211Z  CX/2020         roh          94544 reg. Kerzen      249/0/0 von 253  Tagen gewertet (1m/5m/15m)     7468 Signale  2860 ms lesen  72405 ms rechnen
2026-09-09T14:06:56.298Z  CX/2021         roh          96311 reg. Kerzen      250/0/0 von 252  Tagen gewertet (1m/5m/15m)     7135 Signale  169 ms lesen  69720 ms rechnen
2026-09-09T14:08:08.098Z  CX/2022         roh          93143 reg. Kerzen      248/0/0 von 251  Tagen gewertet (1m/5m/15m)     7237 Signale  1895 ms lesen  69688 ms rechnen
2026-09-09T14:09:19.894Z  CX/2023         roh          95324 reg. Kerzen      250/0/0 von 250  Tagen gewertet (1m/5m/15m)     6841 Signale  2609 ms lesen  68959 ms rechnen
2026-09-09T14:10:30.124Z  CX/2024         roh          96130 reg. Kerzen      252/0/0 von 252  Tagen gewertet (1m/5m/15m)     6978 Signale  143 ms lesen  69890 ms rechnen
2026-09-09T14:11:38.097Z  CX/2025         roh          95259 reg. Kerzen      250/0/0 von 250  Tagen gewertet (1m/5m/15m)     6872 Signale  115 ms lesen  67664 ms rechnen
2026-09-09T14:12:22.749Z  CX/2026         roh          63702 reg. Kerzen      166/0/0 von 166  Tagen gewertet (1m/5m/15m)     4679 Signale  74 ms lesen  44370 ms rechnen
2026-09-09T14:13:12.070Z  CXW/2016        roh          89495 reg. Kerzen      201/0/0 von 252  Tagen gewertet (1m/5m/15m)     5403 Signale  159 ms lesen  49013 ms rechnen
2026-09-09T14:14:01.850Z  CXW/2017        roh          85972 reg. Kerzen      215/0/0 von 251  Tagen gewertet (1m/5m/15m)     5725 Signale  106 ms lesen  49493 ms rechnen
2026-09-09T14:14:49.693Z  CXW/2018        roh          84714 reg. Kerzen      211/0/0 von 251  Tagen gewertet (1m/5m/15m)     5564 Signale  123 ms lesen  47515 ms rechnen
2026-09-09T14:15:36.427Z  CXW/2019        roh          83545 reg. Kerzen      193/0/0 von 252  Tagen gewertet (1m/5m/15m)     5177 Signale  2855 ms lesen  43693 ms rechnen
2026-09-09T14:16:48.570Z  CXW/2020        roh          92575 reg. Kerzen      252/0/0 von 253  Tagen gewertet (1m/5m/15m)     7687 Signale  3504 ms lesen  68452 ms rechnen
2026-09-09T14:17:34.435Z  CXW/2021        roh          83872 reg. Kerzen      166/0/0 von 252  Tagen gewertet (1m/5m/15m)     5086 Signale  2798 ms lesen  42875 ms rechnen
2026-09-09T14:18:15.208Z  CXW/2022        roh          80773 reg. Kerzen      155/0/0 von 251  Tagen gewertet (1m/5m/15m)     4547 Signale  2560 ms lesen  38045 ms rechnen
2026-09-09T14:18:44.991Z  CXW/2023        roh          78066 reg. Kerzen      118/0/0 von 250  Tagen gewertet (1m/5m/15m)     3384 Signale  1703 ms lesen  27891 ms rechnen
2026-09-09T14:19:19.116Z  CXW/2024        roh          78834 reg. Kerzen      134/0/0 von 252  Tagen gewertet (1m/5m/15m)     3829 Signale  2530 ms lesen  31437 ms rechnen
2026-09-09T14:19:56.450Z  CXW/2025        roh          79542 reg. Kerzen      157/0/0 von 250  Tagen gewertet (1m/5m/15m)     4510 Signale  105 ms lesen  37048 ms rechnen
2026-09-09T14:20:11.275Z  CXW/2026        roh          48997 reg. Kerzen       60/0/0 von 166  Tagen gewertet (1m/5m/15m)     1777 Signale  77 ms lesen  14597 ms rechnen
2026-09-09T14:20:11.977Z  CYCNV/2019      roh             84 reg. Kerzen        0/0/0 von 7    Tagen gewertet (1m/5m/15m)        0 Signale  20 ms lesen  1 ms rechnen
2026-09-09T14:20:12.377Z  CYTK/2016       roh          63580 reg. Kerzen        0/0/0 von 252  Tagen gewertet (1m/5m/15m)        0 Signale  102 ms lesen  279 ms rechnen
2026-09-09T14:20:20.428Z  CYTK/2017       roh          65850 reg. Kerzen       30/0/0 von 251  Tagen gewertet (1m/5m/15m)      902 Signale  110 ms lesen  7791 ms rechnen
2026-09-09T14:20:20.905Z  CYTK/2018       roh          53513 reg. Kerzen        0/0/0 von 251  Tagen gewertet (1m/5m/15m)        0 Signale  76 ms lesen  250 ms rechnen
2026-09-09T14:20:25.258Z  CYTK/2019       roh          68075 reg. Kerzen       17/0/0 von 252  Tagen gewertet (1m/5m/15m)      520 Signale  98 ms lesen  4139 ms rechnen
2026-09-09T14:21:15.279Z  CYTK/2020       roh          83999 reg. Kerzen      197/0/0 von 253  Tagen gewertet (1m/5m/15m)     6248 Signale  100 ms lesen  49776 ms rechnen
2026-09-09T14:21:47.800Z  CYTK/2021       roh          78183 reg. Kerzen      134/0/0 von 252  Tagen gewertet (1m/5m/15m)     4212 Signale  88 ms lesen  32254 ms rechnen
2026-09-09T14:22:37.815Z  CYTK/2022       roh          83578 reg. Kerzen      195/0/0 von 250  Tagen gewertet (1m/5m/15m)     6098 Signale  105 ms lesen  49753 ms rechnen
2026-09-09T14:23:19.648Z  CYTK/2023       roh          81693 reg. Kerzen      168/0/0 von 250  Tagen gewertet (1m/5m/15m)     5126 Signale  161 ms lesen  41468 ms rechnen
2026-09-09T14:24:15.914Z  CYTK/2024       roh          87437 reg. Kerzen      220/0/0 von 252  Tagen gewertet (1m/5m/15m)     6711 Signale  110 ms lesen  55986 ms rechnen
2026-09-09T14:25:21.371Z  CYTK/2025       roh          90303 reg. Kerzen      244/0/0 von 250  Tagen gewertet (1m/5m/15m)     7367 Signale  2748 ms lesen  62535 ms rechnen
2026-09-09T14:26:04.562Z  CYTK/2026       roh          59553 reg. Kerzen      161/0/0 von 166  Tagen gewertet (1m/5m/15m)     4773 Signale  2421 ms lesen  40588 ms rechnen
2026-09-09T14:26:45.062Z  CZZ/2016        roh          86847 reg. Kerzen      145/0/0 von 252  Tagen gewertet (1m/5m/15m)     4196 Signale  3365 ms lesen  36943 ms rechnen
2026-09-09T14:27:39.317Z  CZZ/2017        roh          86161 reg. Kerzen      216/0/0 von 251  Tagen gewertet (1m/5m/15m)     5998 Signale  2514 ms lesen  51539 ms rechnen
2026-09-09T14:28:41.542Z  CZZ/2018        roh          88508 reg. Kerzen      234/0/0 von 251  Tagen gewertet (1m/5m/15m)     6697 Signale  3750 ms lesen  58281 ms rechnen
2026-09-09T14:29:33.731Z  CZZ/2019        roh          85252 reg. Kerzen      207/0/0 von 252  Tagen gewertet (1m/5m/15m)     5703 Signale  3279 ms lesen  48743 ms rechnen
2026-09-09T14:30:24.133Z  CZZ/2020        roh          84046 reg. Kerzen      198/0/0 von 253  Tagen gewertet (1m/5m/15m)     6060 Signale  99 ms lesen  50132 ms rechnen
2026-09-09T14:30:30.754Z  CZZ/2021        roh          13647 reg. Kerzen       25/0/0 von 43   Tagen gewertet (1m/5m/15m)      794 Signale  37 ms lesen  6408 ms rechnen
2026-09-09T14:30:30.820Z  DALS/2021       roh           1040 reg. Kerzen        0/0/0 von 74   Tagen gewertet (1m/5m/15m)        0 Signale  16 ms lesen  4 ms rechnen
2026-09-09T14:30:30.841Z  DALS/2022       roh            750 reg. Kerzen        0/0/0 von 149  Tagen gewertet (1m/5m/15m)        0 Signale  14 ms lesen  4 ms rechnen
2026-09-09T14:30:30.867Z  DALS/2023       roh           1719 reg. Kerzen        0/0/0 von 132  Tagen gewertet (1m/5m/15m)        0 Signale  16 ms lesen  8 ms rechnen
2026-09-09T14:30:30.931Z  DAVA/2018       roh           6363 reg. Kerzen        0/0/0 von 107  Tagen gewertet (1m/5m/15m)        0 Signale  22 ms lesen  25 ms rechnen
2026-09-09T14:30:31.098Z  DAVA/2019       roh          24379 reg. Kerzen        0/0/0 von 252  Tagen gewertet (1m/5m/15m)        0 Signale  45 ms lesen  108 ms rechnen
2026-09-09T14:30:32.188Z  DAVA/2020       roh          44516 reg. Kerzen        3/0/0 von 253  Tagen gewertet (1m/5m/15m)       90 Signale  72 ms lesen  959 ms rechnen
2026-09-09T14:30:33.771Z  DAVA/2021       roh          44358 reg. Kerzen        5/0/0 von 252  Tagen gewertet (1m/5m/15m)      142 Signale  89 ms lesen  1386 ms rechnen
2026-09-09T14:30:35.451Z  DAVA/2022       roh          49037 reg. Kerzen        5/0/0 von 251  Tagen gewertet (1m/5m/15m)      159 Signale  126 ms lesen  1462 ms rechnen
2026-09-09T14:30:38.069Z  DAVA/2023       roh          53426 reg. Kerzen       10/0/0 von 250  Tagen gewertet (1m/5m/15m)      319 Signale  96 ms lesen  2427 ms rechnen
2026-09-09T14:30:48.899Z  DAVA/2024       roh          63696 reg. Kerzen       44/0/0 von 252  Tagen gewertet (1m/5m/15m)     1329 Signale  78 ms lesen  10639 ms rechnen
2026-09-09T14:31:15.886Z  DAVA/2025       roh          73108 reg. Kerzen      110/0/0 von 250  Tagen gewertet (1m/5m/15m)     3311 Signale  91 ms lesen  26755 ms rechnen
2026-09-09T14:31:16.477Z  DAVA/2026       roh          35372 reg. Kerzen        1/0/0 von 166  Tagen gewertet (1m/5m/15m)       33 Signale  45 ms lesen  387 ms rechnen
2026-09-09T14:32:15.500Z  DBI/2016        roh          93977 reg. Kerzen      232/0/0 von 252  Tagen gewertet (1m/5m/15m)     6195 Signale  124 ms lesen  58809 ms rechnen
2026-09-09T14:33:21.087Z  DBI/2017        roh          94142 reg. Kerzen      251/0/0 von 251  Tagen gewertet (1m/5m/15m)     6887 Signale  111 ms lesen  65282 ms rechnen
2026-09-09T14:34:27.963Z  DBI/2018        roh          94594 reg. Kerzen      251/0/0 von 251  Tagen gewertet (1m/5m/15m)     6952 Signale  128 ms lesen  66548 ms rechnen
2026-09-09T14:35:37.794Z  DBI/2019        roh          94029 reg. Kerzen      252/0/0 von 252  Tagen gewertet (1m/5m/15m)     7226 Signale  3773 ms lesen  65866 ms rechnen
2026-09-09T14:35:39.670Z  CHECKPOINT 1400 Dateien, 398 min, Detektorfehler {}
2026-09-09T14:36:54.826Z  DBI/2020        roh          94652 reg. Kerzen      252/0/0 von 253  Tagen gewertet (1m/5m/15m)     8104 Signale  2666 ms lesen  72489 ms rechnen
2026-09-09T14:38:05.761Z  DBI/2021        roh          91826 reg. Kerzen      248/0/0 von 252  Tagen gewertet (1m/5m/15m)     7701 Signale  2161 ms lesen  68586 ms rechnen
2026-09-09T14:39:17.350Z  DBI/2022        roh          92976 reg. Kerzen      249/0/0 von 251  Tagen gewertet (1m/5m/15m)     7666 Signale  2246 ms lesen  69144 ms rechnen
2026-09-09T14:40:25.170Z  DBI/2023        roh          92260 reg. Kerzen      249/0/0 von 250  Tagen gewertet (1m/5m/15m)     7533 Signale  106 ms lesen  67512 ms rechnen
2026-09-09T14:41:30.724Z  DBI/2024        roh          91171 reg. Kerzen      249/0/0 von 252  Tagen gewertet (1m/5m/15m)     7754 Signale  114 ms lesen  65247 ms rechnen
2026-09-09T14:41:50.208Z  DBI/2025        roh          79283 reg. Kerzen       71/0/0 von 250  Tagen gewertet (1m/5m/15m)     2245 Signale  106 ms lesen  19181 ms rechnen
2026-09-09T14:41:53.783Z  DBI/2026        roh          43046 reg. Kerzen       13/0/0 von 166  Tagen gewertet (1m/5m/15m)      392 Signale  46 ms lesen  3367 ms rechnen
2026-09-09T14:41:54.185Z  DCM/2016        roh          46831 reg. Kerzen        0/0/0 von 252  Tagen gewertet (1m/5m/15m)        0 Signale  73 ms lesen  225 ms rechnen
2026-09-09T14:41:54.540Z  DCM/2017        roh          47608 reg. Kerzen        0/0/0 von 251  Tagen gewertet (1m/5m/15m)        0 Signale  55 ms lesen  204 ms rechnen
2026-09-09T14:41:54.790Z  DCM/2018        roh          15891 reg. Kerzen        0/0/0 von 70   Tagen gewertet (1m/5m/15m)        0 Signale  47 ms lesen  77 ms rechnen
2026-09-09T14:41:56.627Z  DCRN/2021       roh          21392 reg. Kerzen        8/0/0 von 191  Tagen gewertet (1m/5m/15m)      175 Signale  49 ms lesen  1731 ms rechnen
2026-09-09T14:41:56.719Z  DCRN/2022       roh           1961 reg. Kerzen        0/0/0 von 9    Tagen gewertet (1m/5m/15m)        0 Signale  34 ms lesen  16 ms rechnen
2026-09-09T14:42:31.054Z  DDS/2016        roh          81716 reg. Kerzen      150/0/0 von 252  Tagen gewertet (1m/5m/15m)     4209 Signale  108 ms lesen  34198 ms rechnen
2026-09-09T14:43:14.656Z  DDS/2017        roh          82740 reg. Kerzen      184/0/0 von 251  Tagen gewertet (1m/5m/15m)     5349 Signale  109 ms lesen  43312 ms rechnen
2026-09-09T14:43:42.193Z  DDS/2018        roh          76161 reg. Kerzen      115/0/0 von 251  Tagen gewertet (1m/5m/15m)     3447 Signale  105 ms lesen  27234 ms rechnen
2026-09-09T14:43:59.443Z  DDS/2019        roh          70912 reg. Kerzen       72/0/0 von 252  Tagen gewertet (1m/5m/15m)     2165 Signale  85 ms lesen  16991 ms rechnen
2026-09-09T14:44:30.238Z  DDS/2020        roh          74342 reg. Kerzen      120/0/0 von 253  Tagen gewertet (1m/5m/15m)     3854 Signale  86 ms lesen  30563 ms rechnen
2026-09-09T14:44:39.937Z  DDS/2021        roh          60406 reg. Kerzen       28/0/0 von 252  Tagen gewertet (1m/5m/15m)      860 Signale  2116 ms lesen  7442 ms rechnen
2026-09-09T14:44:43.521Z  DDS/2022        roh          45889 reg. Kerzen        5/0/0 von 251  Tagen gewertet (1m/5m/15m)      160 Signale  2237 ms lesen  1209 ms rechnen
2026-09-09T14:44:44.552Z  DDS/2023        roh          31040 reg. Kerzen        0/0/0 von 250  Tagen gewertet (1m/5m/15m)        0 Signale  805 ms lesen  136 ms rechnen
2026-09-09T14:44:45.564Z  DDS/2024        roh          24838 reg. Kerzen        0/0/0 von 252  Tagen gewertet (1m/5m/15m)        0 Signale  836 ms lesen  106 ms rechnen
2026-09-09T14:44:46.433Z  DDS/2025        roh          26127 reg. Kerzen        0/0/0 von 250  Tagen gewertet (1m/5m/15m)        0 Signale  686 ms lesen  125 ms rechnen
2026-09-09T14:44:47.913Z  DDS/2026        roh          28350 reg. Kerzen        0/0/0 von 166  Tagen gewertet (1m/5m/15m)        0 Signale  1289 ms lesen  120 ms rechnen
2026-09-09T14:45:30.863Z  DEI/2016        roh          85122 reg. Kerzen      182/0/0 von 252  Tagen gewertet (1m/5m/15m)     4143 Signale  2807 ms lesen  39867 ms rechnen
2026-09-09T14:46:08.412Z  DEI/2017        roh          80567 reg. Kerzen      165/0/0 von 251  Tagen gewertet (1m/5m/15m)     3446 Signale  3256 ms lesen  34121 ms rechnen
2026-09-09T14:47:07.335Z  DEI/2018        roh          88605 reg. Kerzen      243/0/0 von 251  Tagen gewertet (1m/5m/15m)     5444 Signale  2989 ms lesen  55778 ms rechnen
2026-09-09T14:47:53.236Z  DEI/2019        roh          84197 reg. Kerzen      204/0/0 von 252  Tagen gewertet (1m/5m/15m)     4418 Signale  2146 ms lesen  43570 ms rechnen
2026-09-09T14:49:00.404Z  DEI/2020        roh          92403 reg. Kerzen      248/0/0 von 253  Tagen gewertet (1m/5m/15m)     6765 Signale  3628 ms lesen  63333 ms rechnen
2026-09-09T14:49:57.662Z  DEI/2021        roh          88065 reg. Kerzen      222/0/0 von 252  Tagen gewertet (1m/5m/15m)     5617 Signale  3408 ms lesen  53651 ms rechnen
2026-09-09T14:51:00.693Z  DEI/2022        roh          92569 reg. Kerzen      249/0/0 von 251  Tagen gewertet (1m/5m/15m)     6782 Signale  200 ms lesen  62658 ms rechnen
2026-09-09T14:52:08.889Z  DEI/2023        roh          94914 reg. Kerzen      250/0/0 von 250  Tagen gewertet (1m/5m/15m)     7279 Signale  118 ms lesen  67888 ms rechnen
2026-09-09T14:53:06.545Z  DEI/2024        roh          89515 reg. Kerzen      235/0/0 von 252  Tagen gewertet (1m/5m/15m)     6302 Signale  138 ms lesen  57315 ms rechnen
2026-09-09T14:54:02.881Z  DEI/2025        roh          87192 reg. Kerzen      236/0/0 von 250  Tagen gewertet (1m/5m/15m)     6312 Signale  103 ms lesen  56034 ms rechnen
2026-09-09T14:54:44.506Z  DEI/2026        roh          60108 reg. Kerzen      163/0/0 von 166  Tagen gewertet (1m/5m/15m)     4502 Signale  78 ms lesen  41349 ms rechnen
2026-09-09T14:54:45.429Z  DESP/2017       roh          14971 reg. Kerzen        3/0/0 von 71   Tagen gewertet (1m/5m/15m)       93 Signale  65 ms lesen  698 ms rechnen
2026-09-09T14:54:50.939Z  DESP/2018       roh          53453 reg. Kerzen       12/0/0 von 251  Tagen gewertet (1m/5m/15m)      359 Signale  2439 ms lesen  3040 ms rechnen
2026-09-09T14:54:54.466Z  DESP/2019       roh          54899 reg. Kerzen        7/0/0 von 252  Tagen gewertet (1m/5m/15m)      214 Signale  1562 ms lesen  1826 ms rechnen
2026-09-09T14:54:57.369Z  DESP/2020       roh          58600 reg. Kerzen        2/0/0 von 253  Tagen gewertet (1m/5m/15m)       72 Signale  2033 ms lesen  751 ms rechnen
2026-09-09T14:55:03.918Z  DESP/2021       roh          59173 reg. Kerzen       19/0/0 von 252  Tagen gewertet (1m/5m/15m)      595 Signale  1721 ms lesen  4708 ms rechnen
2026-09-09T14:55:05.483Z  DESP/2022       roh          54830 reg. Kerzen        0/0/0 von 251  Tagen gewertet (1m/5m/15m)        0 Signale  1182 ms lesen  268 ms rechnen
2026-09-09T14:55:05.878Z  DESP/2023       roh          46856 reg. Kerzen        0/0/0 von 250  Tagen gewertet (1m/5m/15m)        0 Signale  74 ms lesen  205 ms rechnen
2026-09-09T14:55:34.160Z  DESP/2024       roh          76843 reg. Kerzen      118/0/0 von 252  Tagen gewertet (1m/5m/15m)     3476 Signale  90 ms lesen  28089 ms rechnen
2026-09-09T14:55:54.355Z  DESP/2025       roh          31017 reg. Kerzen       75/0/0 von 91   Tagen gewertet (1m/5m/15m)     1237 Signale  1239 ms lesen  18800 ms rechnen
2026-09-09T14:55:54.780Z  DFHT/2020       roh           1849 reg. Kerzen        0/0/0 von 60   Tagen gewertet (1m/5m/15m)        0 Signale  161 ms lesen  8 ms rechnen
2026-09-09T14:55:55.429Z  DFHT/2021       roh           9061 reg. Kerzen        0/0/0 von 108  Tagen gewertet (1m/5m/15m)        0 Signale  601 ms lesen  44 ms rechnen
2026-09-09T14:55:55.942Z  DGHI/2021       roh           4091 reg. Kerzen        0/0/0 von 33   Tagen gewertet (1m/5m/15m)        0 Signale  465 ms lesen  16 ms rechnen
2026-09-09T14:55:56.236Z  DGHI/2022       roh          14748 reg. Kerzen        0/0/0 von 251  Tagen gewertet (1m/5m/15m)        0 Signale  209 ms lesen  77 ms rechnen
2026-09-09T14:55:57.348Z  DGHI/2023       roh          17831 reg. Kerzen        0/0/0 von 250  Tagen gewertet (1m/5m/15m)        0 Signale  998 ms lesen  74 ms rechnen
2026-09-09T14:55:58.013Z  DGHI/2024       roh          18807 reg. Kerzen        0/0/0 von 252  Tagen gewertet (1m/5m/15m)        0 Signale  536 ms lesen  94 ms rechnen
2026-09-09T14:55:58.160Z  DGHI/2025       roh           8989 reg. Kerzen        0/0/0 von 50   Tagen gewertet (1m/5m/15m)        0 Signale  54 ms lesen  46 ms rechnen
2026-09-09T14:56:56.641Z  DGX/2016        roh          94073 reg. Kerzen      229/0/0 von 252  Tagen gewertet (1m/5m/15m)     5185 Signale  3111 ms lesen  55230 ms rechnen
2026-09-09T14:57:52.833Z  DGX/2017        roh          89166 reg. Kerzen      243/0/0 von 251  Tagen gewertet (1m/5m/15m)     5214 Signale  3645 ms lesen  52364 ms rechnen
2026-09-09T14:58:47.444Z  DGX/2018        roh          89145 reg. Kerzen      239/0/0 von 251  Tagen gewertet (1m/5m/15m)     5674 Signale  743 ms lesen  53664 ms rechnen
2026-09-09T14:59:48.325Z  DGX/2019        roh          91306 reg. Kerzen      247/0/0 von 252  Tagen gewertet (1m/5m/15m)     5630 Signale  2564 ms lesen  58136 ms rechnen
2026-09-09T15:00:53.839Z  DGX/2020        roh          95032 reg. Kerzen      253/0/0 von 253  Tagen gewertet (1m/5m/15m)     6702 Signale  129 ms lesen  65208 ms rechnen
2026-09-09T15:01:54.741Z  DGX/2021        roh          92780 reg. Kerzen      248/0/0 von 252  Tagen gewertet (1m/5m/15m)     5934 Signale  117 ms lesen  60583 ms rechnen
2026-09-09T15:02:55.009Z  DGX/2022        roh          91745 reg. Kerzen      247/0/0 von 251  Tagen gewertet (1m/5m/15m)     6300 Signale  147 ms lesen  59932 ms rechnen
2026-09-09T15:03:43.487Z  DGX/2023        roh          84978 reg. Kerzen      210/0/0 von 250  Tagen gewertet (1m/5m/15m)     4860 Signale  113 ms lesen  48159 ms rechnen
2026-09-09T15:04:15.189Z  DGX/2024        roh          79404 reg. Kerzen      148/0/0 von 252  Tagen gewertet (1m/5m/15m)     3483 Signale  109 ms lesen  31424 ms rechnen
2026-09-09T15:04:53.478Z  DGX/2025        roh          81315 reg. Kerzen      168/0/0 von 250  Tagen gewertet (1m/5m/15m)     4069 Signale  111 ms lesen  38009 ms rechnen
2026-09-09T15:05:07.121Z  DGX/2026        roh          49247 reg. Kerzen       55/0/0 von 166  Tagen gewertet (1m/5m/15m)     1399 Signale  1475 ms lesen  12001 ms rechnen
2026-09-09T15:05:07.697Z  DHIL/2016       roh           4644 reg. Kerzen        0/0/0 von 250  Tagen gewertet (1m/5m/15m)        0 Signale  437 ms lesen  19 ms rechnen
2026-09-09T15:05:07.988Z  DHIL/2017       roh           5000 reg. Kerzen        0/0/0 von 251  Tagen gewertet (1m/5m/15m)        0 Signale  253 ms lesen  28 ms rechnen
2026-09-09T15:05:08.612Z  DHIL/2018       roh           4730 reg. Kerzen        0/0/0 von 250  Tagen gewertet (1m/5m/15m)        0 Signale  591 ms lesen  20 ms rechnen
2026-09-09T15:05:09.102Z  DHIL/2019       roh           7711 reg. Kerzen        0/0/0 von 252  Tagen gewertet (1m/5m/15m)        0 Signale  442 ms lesen  32 ms rechnen
2026-09-09T15:05:09.303Z  DHIL/2020       roh           7506 reg. Kerzen        0/0/0 von 252  Tagen gewertet (1m/5m/15m)        0 Signale  147 ms lesen  31 ms rechnen
2026-09-09T15:05:09.839Z  DHIL/2021       roh           4041 reg. Kerzen        0/0/0 von 252  Tagen gewertet (1m/5m/15m)        0 Signale  500 ms lesen  21 ms rechnen
2026-09-09T15:05:10.001Z  DHIL/2022       roh           3168 reg. Kerzen        0/0/0 von 249  Tagen gewertet (1m/5m/15m)        0 Signale  136 ms lesen  14 ms rechnen
2026-09-09T15:05:10.076Z  DHIL/2023       roh           3986 reg. Kerzen        0/0/0 von 249  Tagen gewertet (1m/5m/15m)        0 Signale  51 ms lesen  17 ms rechnen
2026-09-09T15:05:10.670Z  DHIL/2024       roh           4451 reg. Kerzen        0/0/0 von 252  Tagen gewertet (1m/5m/15m)        0 Signale  566 ms lesen  20 ms rechnen
2026-09-09T15:05:10.772Z  DHIL/2025       roh           7590 reg. Kerzen        0/0/0 von 250  Tagen gewertet (1m/5m/15m)        0 Signale  53 ms lesen  39 ms rechnen
2026-09-09T15:05:10.880Z  DHIL/2026       roh           2416 reg. Kerzen        0/0/0 von 75   Tagen gewertet (1m/5m/15m)        0 Signale  80 ms lesen  11 ms rechnen
2026-09-09T15:05:13.609Z  DIN/2016        roh          53924 reg. Kerzen        6/0/0 von 252  Tagen gewertet (1m/5m/15m)      141 Signale  1116 ms lesen  1518 ms rechnen
2026-09-09T15:05:22.185Z  DIN/2017        roh          64775 reg. Kerzen       30/0/0 von 251  Tagen gewertet (1m/5m/15m)      859 Signale  1526 ms lesen  6927 ms rechnen
2026-09-09T15:05:33.951Z  DIN/2018        roh          66004 reg. Kerzen       38/0/0 von 251  Tagen gewertet (1m/5m/15m)     1126 Signale  2634 ms lesen  8994 ms rechnen
2026-09-09T15:05:44.086Z  DIN/2019        roh          67755 reg. Kerzen       44/0/0 von 252  Tagen gewertet (1m/5m/15m)     1268 Signale  99 ms lesen  9905 ms rechnen
2026-09-09T15:06:30.502Z  DIN/2020        roh          80718 reg. Kerzen      159/0/0 von 253  Tagen gewertet (1m/5m/15m)     5193 Signale  2361 ms lesen  43926 ms rechnen
2026-09-09T15:06:37.771Z  DIN/2021        roh          58659 reg. Kerzen       22/0/0 von 252  Tagen gewertet (1m/5m/15m)      677 Signale  1769 ms lesen  5341 ms rechnen
2026-09-09T15:06:43.681Z  DIN/2022        roh          54002 reg. Kerzen       13/0/0 von 251  Tagen gewertet (1m/5m/15m)      369 Signale  2680 ms lesen  3119 ms rechnen
2026-09-09T15:06:47.500Z  DIN/2023        roh          53658 reg. Kerzen        7/0/0 von 250  Tagen gewertet (1m/5m/15m)      200 Signale  1978 ms lesen  1733 ms rechnen
2026-09-09T15:06:56.338Z  DIN/2024        roh          63444 reg. Kerzen       32/0/0 von 252  Tagen gewertet (1m/5m/15m)      923 Signale  1399 ms lesen  7334 ms rechnen
2026-09-09T15:07:09.063Z  DIN/2025        roh          66876 reg. Kerzen       40/0/0 von 250  Tagen gewertet (1m/5m/15m)     1198 Signale  3098 ms lesen  9508 ms rechnen
2026-09-09T15:07:11.965Z  DIN/2026        roh          33199 reg. Kerzen        5/0/0 von 166  Tagen gewertet (1m/5m/15m)      140 Signale  1557 ms lesen  1211 ms rechnen
2026-09-09T15:08:17.046Z  DISH/2016       roh          96433 reg. Kerzen      232/0/0 von 252  Tagen gewertet (1m/5m/15m)     6029 Signale  5945 ms lesen  59071 ms rechnen
2026-09-09T15:09:23.378Z  DISH/2017       roh          95165 reg. Kerzen      251/0/0 von 251  Tagen gewertet (1m/5m/15m)     6314 Signale  3300 ms lesen  62848 ms rechnen
2026-09-09T15:10:32.388Z  DISH/2018       roh          95421 reg. Kerzen      249/0/0 von 251  Tagen gewertet (1m/5m/15m)     7017 Signale  1900 ms lesen  66888 ms rechnen
2026-09-09T15:11:39.384Z  DISH/2019       roh          96286 reg. Kerzen      252/0/0 von 252  Tagen gewertet (1m/5m/15m)     6800 Signale  103 ms lesen  66698 ms rechnen
2026-09-09T15:12:49.630Z  DISH/2020       roh          97385 reg. Kerzen      253/0/0 von 253  Tagen gewertet (1m/5m/15m)     7364 Signale  110 ms lesen  69907 ms rechnen
2026-09-09T15:13:56.122Z  DISH/2021       roh          95995 reg. Kerzen      252/0/0 von 252  Tagen gewertet (1m/5m/15m)     6932 Signale  123 ms lesen  66135 ms rechnen
2026-09-09T15:15:07.504Z  DISH/2022       roh          97200 reg. Kerzen      251/0/0 von 251  Tagen gewertet (1m/5m/15m)     7703 Signale  112 ms lesen  71059 ms rechnen
2026-09-09T15:16:25.177Z  DISH/2023       roh          97014 reg. Kerzen      250/0/0 von 250  Tagen gewertet (1m/5m/15m)     8010 Signale  3509 ms lesen  73960 ms rechnen
2026-09-09T15:16:26.844Z  DL/2016         roh          28242 reg. Kerzen        0/0/0 von 252  Tagen gewertet (1m/5m/15m)        0 Signale  1259 ms lesen  127 ms rechnen
2026-09-09T15:16:27.481Z  DL/2017         roh          16015 reg. Kerzen        0/0/0 von 251  Tagen gewertet (1m/5m/15m)        0 Signale  497 ms lesen  86 ms rechnen
2026-09-09T15:16:28.322Z  DL/2018         roh          11761 reg. Kerzen        0/0/0 von 250  Tagen gewertet (1m/5m/15m)        0 Signale  757 ms lesen  49 ms rechnen
2026-09-09T15:16:28.837Z  DL/2019         roh          10513 reg. Kerzen        0/0/0 von 252  Tagen gewertet (1m/5m/15m)        0 Signale  446 ms lesen  43 ms rechnen
2026-09-09T15:16:30.049Z  DL/2020         roh          19180 reg. Kerzen        0/0/0 von 253  Tagen gewertet (1m/5m/15m)        0 Signale  1107 ms lesen  83 ms rechnen
2026-09-09T15:16:30.153Z  DL/2021         roh           1472 reg. Kerzen        0/0/0 von 52   Tagen gewertet (1m/5m/15m)        0 Signale  61 ms lesen  6 ms rechnen
2026-09-09T15:16:33.057Z  DM/2016         bereinigt    44665 reg. Kerzen        1/0/0 von 252  Tagen gewertet (1m/5m/15m)       34 Signale  2354 ms lesen  470 ms rechnen
2026-09-09T15:16:35.973Z  DM/2017         bereinigt    45412 reg. Kerzen        5/0/0 von 251  Tagen gewertet (1m/5m/15m)      137 Signale  1399 ms lesen  1422 ms rechnen
2026-09-09T15:17:00.705Z  DM/2018         bereinigt    68537 reg. Kerzen       89/0/0 von 251  Tagen gewertet (1m/5m/15m)     2431 Signale  2523 ms lesen  22110 ms rechnen
2026-09-09T15:17:02.112Z  DM/2019         bereinigt     4444 reg. Kerzen        4/0/0 von 17   Tagen gewertet (1m/5m/15m)       92 Signale  424 ms lesen  830 ms rechnen
2026-09-09T15:17:07.038Z  DM/2020         bereinigt     5642 reg. Kerzen       15/0/0 von 15   Tagen gewertet (1m/5m/15m)      503 Signale  260 ms lesen  4657 ms rechnen
2026-09-09T15:18:27.267Z  DM/2021         bereinigt    96979 reg. Kerzen      250/0/0 von 252  Tagen gewertet (1m/5m/15m)     8249 Signale  4518 ms lesen  75699 ms rechnen
2026-09-09T15:19:44.293Z  DM/2022         bereinigt    94998 reg. Kerzen      236/0/0 von 251  Tagen gewertet (1m/5m/15m)     7822 Signale  2937 ms lesen  73865 ms rechnen
2026-09-09T15:20:12.332Z  DM/2023         bereinigt    89580 reg. Kerzen       80/0/0 von 250  Tagen gewertet (1m/5m/15m)     2530 Signale  3837 ms lesen  23998 ms rechnen
2026-09-09T15:20:13.030Z  DM/2024         bereinigt    67487 reg. Kerzen        0/0/0 von 252  Tagen gewertet (1m/5m/15m)        0 Signale  113 ms lesen  394 ms rechnen
2026-09-09T15:20:13.281Z  DM/2025         roh          10890 reg. Kerzen        0/0/0 von 61   Tagen gewertet (1m/5m/15m)        0 Signale  48 ms lesen  53 ms rechnen
2026-09-09T15:20:13.448Z  DMTX/2016       roh          22296 reg. Kerzen        0/0/0 von 252  Tagen gewertet (1m/5m/15m)        0 Signale  49 ms lesen  96 ms rechnen
2026-09-09T15:20:13.622Z  DMTX/2017       roh          18235 reg. Kerzen        0/0/0 von 214  Tagen gewertet (1m/5m/15m)        0 Signale  27 ms lesen  96 ms rechnen
2026-09-09T15:20:13.766Z  DNAA/2021       roh           7520 reg. Kerzen        0/0/0 von 129  Tagen gewertet (1m/5m/15m)        0 Signale  44 ms lesen  40 ms rechnen
2026-09-09T15:20:13.824Z  DNAA/2022       roh           4564 reg. Kerzen        0/0/0 von 155  Tagen gewertet (1m/5m/15m)        0 Signale  18 ms lesen  24 ms rechnen
2026-09-09T15:20:13.892Z  DNJR/2018       roh           3125 reg. Kerzen        0/0/0 von 186  Tagen gewertet (1m/5m/15m)        0 Signale  34 ms lesen  24 ms rechnen
2026-09-09T15:20:14.003Z  DNJR/2019       roh          11532 reg. Kerzen        0/0/0 von 212  Tagen gewertet (1m/5m/15m)        0 Signale  46 ms lesen  58 ms rechnen
2026-09-09T15:20:14.165Z  DNJR/2020       roh          12515 reg. Kerzen        0/0/0 von 94   Tagen gewertet (1m/5m/15m)        0 Signale  71 ms lesen  54 ms rechnen
2026-09-09T15:20:34.770Z  DNUT/2021       roh          43392 reg. Kerzen       80/0/0 von 128  Tagen gewertet (1m/5m/15m)     2541 Signale  67 ms lesen  20476 ms rechnen
2026-09-09T15:21:20.830Z  DNUT/2022       roh          83366 reg. Kerzen      188/0/0 von 251  Tagen gewertet (1m/5m/15m)     5521 Signale  105 ms lesen  45864 ms rechnen
2026-09-09T15:22:02.415Z  DNUT/2023       roh          81963 reg. Kerzen      187/0/0 von 250  Tagen gewertet (1m/5m/15m)     5040 Signale  96 ms lesen  41329 ms rechnen
2026-09-09T15:23:00.923Z  DNUT/2024       roh          90166 reg. Kerzen      233/0/0 von 252  Tagen gewertet (1m/5m/15m)     6613 Signale  103 ms lesen  58239 ms rechnen
2026-09-09T15:24:12.713Z  DNUT/2025       roh          94205 reg. Kerzen      250/0/0 von 250  Tagen gewertet (1m/5m/15m)     7867 Signale  110 ms lesen  71482 ms rechnen
2026-09-09T15:24:52.809Z  DNUT/2026       roh          60872 reg. Kerzen      144/0/0 von 166  Tagen gewertet (1m/5m/15m)     4481 Signale  78 ms lesen  39831 ms rechnen
2026-09-09T15:24:53.209Z  DOM/2016        roh             27 reg. Kerzen        0/0/0 von 1    Tagen gewertet (1m/5m/15m)        0 Signale  25 ms lesen  0 ms rechnen
2026-09-09T15:25:55.970Z  DOW/2016        roh          98053 reg. Kerzen      232/0/0 von 252  Tagen gewertet (1m/5m/15m)     5410 Signale  2972 ms lesen  59682 ms rechnen
Signalstudie Minuten: Ausgabe voll-1-1m --teil 1/8 --zeitrahmen 1m, Start 09.09.2026 17:49:58,03 
2026-09-09T15:50:10.008Z  FORTSETZUNG: 1400 Dateien erledigt, Zellenstand 7

!!! WERTPAPIERART: Referenzkarte vorhanden, aber ohne Eintrag fuer GCI (erster Fall dieses Laufs; weitere werden nicht gemeldet) - solche Symbole fallen STILL aus dem Universum heraus.

2026-09-09T15:50:10.269Z  START signale-minuten-2026-09-06/v4/13x3x3x4x3+kurs | 913 Reihen (7299 Aktien, ausgeschlossen {"ETF":694,"ETN":7,"ETV":35,"FUND":16,"ETS":4,"ohne Art":1,"TEST":1,"UNIT":1}) | 13 Detektoren | Tage 2680 | Bestaetigung ab 2023-02-07 | Teil 1/8
2026-09-09T15:50:10.271Z  ZEITRAHMEN-TEIL: nur 1m - die uebrigen Zeitrahmen muessen in einem eigenen Lauf gemessen und beim Auswerten zusammengelegt werden
2026-09-09T15:51:33.900Z  AUSGELASSEN AAGR/2025: Datei fehlt
2026-09-09T15:51:44.099Z  AUSGELASSEN AFIB/2025: Datei fehlt
2026-09-09T15:51:45.405Z  AUSGELASSEN AHPA/2019: Datei fehlt
2026-09-09T15:51:45.410Z  AUSGELASSEN AHPA/2020: Datei fehlt
2026-09-09T15:52:19.871Z  AUSGELASSEN ALR/2018: Datei fehlt
2026-09-09T15:52:20.014Z  AUSGELASSEN ALR/2019: Datei fehlt
2026-09-09T15:52:20.014Z  AUSGELASSEN ALR/2020: Datei fehlt
2026-09-09T15:52:20.015Z  AUSGELASSEN ALR/2021: Datei fehlt
2026-09-09T15:52:22.027Z  AUSGELASSEN ALTM/2023: Datei fehlt
2026-09-09T15:52:34.822Z  AUSGELASSEN ASPU/2024: Datei fehlt
2026-09-09T15:52:34.837Z  AUSGELASSEN ASPU/2025: Datei fehlt
2026-09-09T15:52:44.463Z  AUSGELASSEN ATIP/2025: Datei fehlt
2026-09-09T15:53:27.767Z  AUSGELASSEN BBIG/2024: Datei fehlt
2026-09-09T15:53:27.937Z  AUSGELASSEN BBIG/2025: Datei fehlt
2026-09-09T15:53:29.145Z  AUSGELASSEN BCAC/2020: Datei fehlt
2026-09-09T15:53:32.397Z  AUSGELASSEN BFIN/2026: Datei fehlt
2026-09-09T15:53:36.733Z  AUSGELASSEN BGXX/2025: Datei fehlt
2026-09-09T15:53:48.884Z  AUSGELASSEN BIOS/2021: Datei fehlt
2026-09-09T15:53:49.977Z  AUSGELASSEN BKSC/2024: Datei fehlt
2026-09-09T15:53:49.985Z  AUSGELASSEN BKSC/2025: Datei fehlt
2026-09-09T15:53:53.164Z  AUSGELASSEN BLPH/2024: Datei fehlt
2026-09-09T15:53:55.811Z  AUSGELASSEN BWV/2019: Datei fehlt
2026-09-09T15:53:55.813Z  AUSGELASSEN BWV/2020: Datei fehlt
2026-09-09T15:53:55.814Z  AUSGELASSEN BWV/2021: Datei fehlt
2026-09-09T15:54:00.141Z  AUSGELASSEN CLA/2018: Datei fehlt
2026-09-09T15:54:00.146Z  AUSGELASSEN CLA/2019: Datei fehlt
2026-09-09T15:54:29.664Z  AUSGELASSEN CORZ/2023: Datei fehlt
2026-09-09T15:54:37.449Z  AUSGELASSEN CWBR/2024: Datei fehlt
2026-09-09T15:54:37.482Z  AUSGELASSEN CWBR/2025: Datei fehlt
2026-09-09T15:56:54.496Z  DBI/2020        roh          94652 reg. Kerzen      252/0/0 von 253  Tagen gewertet (1m/5m/15m)     8104 Signale  37969 ms lesen  98510 ms rechnen
2026-09-09T15:59:55.256Z  DBI/2021        roh          91826 reg. Kerzen      248/0/0 von 252  Tagen gewertet (1m/5m/15m)     7701 Signale  88926 ms lesen  91601 ms rechnen
2026-09-09T16:01:23.882Z  DBI/2022        roh          92976 reg. Kerzen      249/0/0 von 251  Tagen gewertet (1m/5m/15m)     7666 Signale  150 ms lesen  88218 ms rechnen
2026-09-09T16:02:50.220Z  DBI/2023        roh          92260 reg. Kerzen      249/0/0 von 250  Tagen gewertet (1m/5m/15m)     7533 Signale  142 ms lesen  85933 ms rechnen
2026-09-09T16:04:14.406Z  DBI/2024        roh          91171 reg. Kerzen      249/0/0 von 252  Tagen gewertet (1m/5m/15m)     7754 Signale  139 ms lesen  83788 ms rechnen
2026-09-09T16:04:40.675Z  DBI/2025        roh          79283 reg. Kerzen       71/0/0 von 250  Tagen gewertet (1m/5m/15m)     2245 Signale  319 ms lesen  25668 ms rechnen
2026-09-09T16:04:46.490Z  DBI/2026        roh          43046 reg. Kerzen       13/0/0 von 166  Tagen gewertet (1m/5m/15m)      392 Signale  1068 ms lesen  4515 ms rechnen
2026-09-09T16:04:48.427Z  DCM/2016        roh          46831 reg. Kerzen        0/0/0 von 252  Tagen gewertet (1m/5m/15m)        0 Signale  1472 ms lesen  295 ms rechnen
2026-09-09T16:04:50.825Z  DCM/2017        roh          47608 reg. Kerzen        0/0/0 von 251  Tagen gewertet (1m/5m/15m)        0 Signale  1987 ms lesen  285 ms rechnen
2026-09-09T16:04:51.372Z  DCM/2018        roh          15891 reg. Kerzen        0/0/0 von 70   Tagen gewertet (1m/5m/15m)        0 Signale  327 ms lesen  88 ms rechnen
2026-09-09T16:04:54.661Z  DCRN/2021       roh          21392 reg. Kerzen        8/0/0 von 191  Tagen gewertet (1m/5m/15m)      175 Signale  636 ms lesen  2272 ms rechnen
2026-09-09T16:04:54.952Z  DCRN/2022       roh           1961 reg. Kerzen        0/0/0 von 9    Tagen gewertet (1m/5m/15m)        0 Signale  189 ms lesen  29 ms rechnen
2026-09-09T16:05:41.906Z  DDS/2016        roh          81716 reg. Kerzen      150/0/0 von 252  Tagen gewertet (1m/5m/15m)     4209 Signale  2895 ms lesen  44016 ms rechnen
2026-09-09T16:06:42.213Z  DDS/2017        roh          82740 reg. Kerzen      184/0/0 von 251  Tagen gewertet (1m/5m/15m)     5349 Signale  1745 ms lesen  58240 ms rechnen
2026-09-09T16:07:22.669Z  DDS/2018        roh          76161 reg. Kerzen      115/0/0 von 251  Tagen gewertet (1m/5m/15m)     3447 Signale  4141 ms lesen  36112 ms rechnen
2026-09-09T16:07:45.435Z  DDS/2019        roh          70912 reg. Kerzen       72/0/0 von 252  Tagen gewertet (1m/5m/15m)     2165 Signale  124 ms lesen  22423 ms rechnen
2026-09-09T16:08:25.603Z  DDS/2020        roh          74342 reg. Kerzen      120/0/0 von 253  Tagen gewertet (1m/5m/15m)     3854 Signale  121 ms lesen  39838 ms rechnen
2026-09-09T16:08:35.775Z  DDS/2021        roh          60406 reg. Kerzen       28/0/0 von 252  Tagen gewertet (1m/5m/15m)      860 Signale  144 ms lesen  9838 ms rechnen
2026-09-09T16:08:37.639Z  DDS/2022        roh          45889 reg. Kerzen        5/0/0 von 251  Tagen gewertet (1m/5m/15m)      160 Signale  86 ms lesen  1598 ms rechnen
2026-09-09T16:08:38.009Z  DDS/2023        roh          31040 reg. Kerzen        0/0/0 von 250  Tagen gewertet (1m/5m/15m)        0 Signale  74 ms lesen  175 ms rechnen
2026-09-09T16:08:38.318Z  DDS/2024        roh          24838 reg. Kerzen        0/0/0 von 252  Tagen gewertet (1m/5m/15m)        0 Signale  64 ms lesen  144 ms rechnen
2026-09-09T16:08:38.631Z  DDS/2025        roh          26127 reg. Kerzen        0/0/0 von 250  Tagen gewertet (1m/5m/15m)        0 Signale  59 ms lesen  170 ms rechnen
2026-09-09T16:08:38.903Z  DDS/2026        roh          28350 reg. Kerzen        0/0/0 von 166  Tagen gewertet (1m/5m/15m)        0 Signale  50 ms lesen  151 ms rechnen
2026-09-09T16:09:32.890Z  DEI/2016        roh          85122 reg. Kerzen      182/0/0 von 252  Tagen gewertet (1m/5m/15m)     4143 Signale  130 ms lesen  53764 ms rechnen
2026-09-09T16:10:18.638Z  DEI/2017        roh          80567 reg. Kerzen      165/0/0 von 251  Tagen gewertet (1m/5m/15m)     3446 Signale  136 ms lesen  45361 ms rechnen
2026-09-09T16:11:30.871Z  DEI/2018        roh          88605 reg. Kerzen      243/0/0 von 251  Tagen gewertet (1m/5m/15m)     5444 Signale  124 ms lesen  71861 ms rechnen
2026-09-09T16:12:27.953Z  DEI/2019        roh          84197 reg. Kerzen      204/0/0 von 252  Tagen gewertet (1m/5m/15m)     4418 Signale  110 ms lesen  56721 ms rechnen
2026-09-09T16:13:52.565Z  DEI/2020        roh          92403 reg. Kerzen      248/0/0 von 253  Tagen gewertet (1m/5m/15m)     6765 Signale  3014 ms lesen  81394 ms rechnen
2026-09-09T16:15:04.398Z  DEI/2021        roh          88065 reg. Kerzen      222/0/0 von 252  Tagen gewertet (1m/5m/15m)     5617 Signale  2856 ms lesen  68778 ms rechnen
2026-09-09T16:16:30.424Z  DEI/2022        roh          92569 reg. Kerzen      249/0/0 von 251  Tagen gewertet (1m/5m/15m)     6782 Signale  3946 ms lesen  81866 ms rechnen
2026-09-09T16:18:05.164Z  DEI/2023        roh          94914 reg. Kerzen      250/0/0 von 250  Tagen gewertet (1m/5m/15m)     7279 Signale  4759 ms lesen  89725 ms rechnen
2026-09-09T16:19:21.778Z  DEI/2024        roh          89515 reg. Kerzen      235/0/0 von 252  Tagen gewertet (1m/5m/15m)     6302 Signale  128 ms lesen  76249 ms rechnen
2026-09-09T16:20:35.375Z  DEI/2025        roh          87192 reg. Kerzen      236/0/0 von 250  Tagen gewertet (1m/5m/15m)     6312 Signale  119 ms lesen  73233 ms rechnen
2026-09-09T16:21:29.610Z  DEI/2026        roh          60108 reg. Kerzen      163/0/0 von 166  Tagen gewertet (1m/5m/15m)     4502 Signale  810 ms lesen  53179 ms rechnen
2026-09-09T16:21:30.757Z  DESP/2017       roh          14971 reg. Kerzen        3/0/0 von 71   Tagen gewertet (1m/5m/15m)       93 Signale  93 ms lesen  886 ms rechnen
2026-09-09T16:21:34.847Z  DESP/2018       roh          53453 reg. Kerzen       12/0/0 von 251  Tagen gewertet (1m/5m/15m)      359 Signale  107 ms lesen  3931 ms rechnen
2026-09-09T16:21:37.486Z  DESP/2019       roh          54899 reg. Kerzen        7/0/0 von 252  Tagen gewertet (1m/5m/15m)      214 Signale  83 ms lesen  2407 ms rechnen
2026-09-09T16:21:38.798Z  DESP/2020       roh          58600 reg. Kerzen        2/0/0 von 253  Tagen gewertet (1m/5m/15m)       72 Signale  98 ms lesen  1053 ms rechnen
2026-09-09T16:21:45.144Z  DESP/2021       roh          59173 reg. Kerzen       19/0/0 von 252  Tagen gewertet (1m/5m/15m)      595 Signale  120 ms lesen  6071 ms rechnen
2026-09-09T16:21:45.729Z  DESP/2022       roh          54830 reg. Kerzen        0/0/0 von 251  Tagen gewertet (1m/5m/15m)        0 Signale  90 ms lesen  319 ms rechnen
2026-09-09T16:21:46.218Z  DESP/2023       roh          46856 reg. Kerzen        0/0/0 von 250  Tagen gewertet (1m/5m/15m)        0 Signale  87 ms lesen  254 ms rechnen
2026-09-09T16:22:23.612Z  DESP/2024       roh          76843 reg. Kerzen      118/0/0 von 252  Tagen gewertet (1m/5m/15m)     3476 Signale  126 ms lesen  37124 ms rechnen
2026-09-09T16:22:49.146Z  DESP/2025       roh          31017 reg. Kerzen       75/0/0 von 91   Tagen gewertet (1m/5m/15m)     1237 Signale  1133 ms lesen  24200 ms rechnen
2026-09-09T16:22:49.570Z  DFHT/2020       roh           1849 reg. Kerzen        0/0/0 von 60   Tagen gewertet (1m/5m/15m)        0 Signale  204 ms lesen  9 ms rechnen
2026-09-09T16:22:49.718Z  DFHT/2021       roh           9061 reg. Kerzen        0/0/0 von 108  Tagen gewertet (1m/5m/15m)        0 Signale  84 ms lesen  59 ms rechnen
2026-09-09T16:22:50.696Z  DGHI/2021       roh           4091 reg. Kerzen        0/0/0 von 33   Tagen gewertet (1m/5m/15m)        0 Signale  922 ms lesen  29 ms rechnen
2026-09-09T16:22:51.265Z  DGHI/2022       roh          14748 reg. Kerzen        0/0/0 von 251  Tagen gewertet (1m/5m/15m)        0 Signale  478 ms lesen  77 ms rechnen
2026-09-09T16:22:51.471Z  DGHI/2023       roh          17831 reg. Kerzen        0/0/0 von 250  Tagen gewertet (1m/5m/15m)        0 Signale  62 ms lesen  102 ms rechnen
2026-09-09T16:22:51.669Z  DGHI/2024       roh          18807 reg. Kerzen        0/0/0 von 252  Tagen gewertet (1m/5m/15m)        0 Signale  34 ms lesen  121 ms rechnen
2026-09-09T16:22:51.800Z  DGHI/2025       roh           8989 reg. Kerzen        0/0/0 von 50   Tagen gewertet (1m/5m/15m)        0 Signale  25 ms lesen  44 ms rechnen
2026-09-09T16:24:03.773Z  DGX/2016        roh          94073 reg. Kerzen      229/0/0 von 252  Tagen gewertet (1m/5m/15m)     5185 Signale  144 ms lesen  71780 ms rechnen
2026-09-09T16:25:17.013Z  DGX/2017        roh          89166 reg. Kerzen      243/0/0 von 251  Tagen gewertet (1m/5m/15m)     5214 Signale  3826 ms lesen  69147 ms rechnen
2026-09-09T16:26:31.462Z  DGX/2018        roh          89145 reg. Kerzen      239/0/0 von 251  Tagen gewertet (1m/5m/15m)     5674 Signale  4354 ms lesen  69841 ms rechnen
2026-09-09T16:27:50.725Z  DGX/2019        roh          91306 reg. Kerzen      247/0/0 von 252  Tagen gewertet (1m/5m/15m)     5630 Signale  5023 ms lesen  74010 ms rechnen
2026-09-09T16:29:16.913Z  DGX/2020        roh          95032 reg. Kerzen      253/0/0 von 253  Tagen gewertet (1m/5m/15m)     6702 Signale  136 ms lesen  85784 ms rechnen
2026-09-09T16:30:37.241Z  DGX/2021        roh          92780 reg. Kerzen      248/0/0 von 252  Tagen gewertet (1m/5m/15m)     5934 Signale  157 ms lesen  79893 ms rechnen
2026-09-09T16:31:55.841Z  DGX/2022        roh          91745 reg. Kerzen      247/0/0 von 251  Tagen gewertet (1m/5m/15m)     6300 Signale  138 ms lesen  78169 ms rechnen
2026-09-09T16:33:01.040Z  DGX/2023        roh          84978 reg. Kerzen      210/0/0 von 250  Tagen gewertet (1m/5m/15m)     4860 Signale  127 ms lesen  64782 ms rechnen
2026-09-09T16:33:51.139Z  DGX/2024        roh          79404 reg. Kerzen      148/0/0 von 252  Tagen gewertet (1m/5m/15m)     3483 Signale  3525 ms lesen  46313 ms rechnen
2026-09-09T16:34:42.371Z  DGX/2025        roh          81315 reg. Kerzen      168/0/0 von 250  Tagen gewertet (1m/5m/15m)     4069 Signale  120 ms lesen  50861 ms rechnen
2026-09-09T16:34:58.859Z  DGX/2026        roh          49247 reg. Kerzen       55/0/0 von 166  Tagen gewertet (1m/5m/15m)     1399 Signale  94 ms lesen  16181 ms rechnen
2026-09-09T16:34:59.103Z  DHIL/2016       roh           4644 reg. Kerzen        0/0/0 von 250  Tagen gewertet (1m/5m/15m)        0 Signale  40 ms lesen  33 ms rechnen
2026-09-09T16:34:59.195Z  DHIL/2017       roh           5000 reg. Kerzen        0/0/0 von 251  Tagen gewertet (1m/5m/15m)        0 Signale  43 ms lesen  35 ms rechnen
2026-09-09T16:34:59.284Z  DHIL/2018       roh           4730 reg. Kerzen        0/0/0 von 250  Tagen gewertet (1m/5m/15m)        0 Signale  42 ms lesen  28 ms rechnen
2026-09-09T16:34:59.380Z  DHIL/2019       roh           7711 reg. Kerzen        0/0/0 von 252  Tagen gewertet (1m/5m/15m)        0 Signale  25 ms lesen  54 ms rechnen
2026-09-09T16:34:59.496Z  DHIL/2020       roh           7506 reg. Kerzen        0/0/0 von 252  Tagen gewertet (1m/5m/15m)        0 Signale  37 ms lesen  53 ms rechnen
2026-09-09T16:34:59.584Z  DHIL/2021       roh           4041 reg. Kerzen        0/0/0 von 252  Tagen gewertet (1m/5m/15m)        0 Signale  39 ms lesen  30 ms rechnen
2026-09-09T16:34:59.672Z  DHIL/2022       roh           3168 reg. Kerzen        0/0/0 von 249  Tagen gewertet (1m/5m/15m)        0 Signale  49 ms lesen  24 ms rechnen
2026-09-09T16:34:59.743Z  DHIL/2023       roh           3986 reg. Kerzen        0/0/0 von 249  Tagen gewertet (1m/5m/15m)        0 Signale  30 ms lesen  29 ms rechnen
2026-09-09T16:34:59.814Z  DHIL/2024       roh           4451 reg. Kerzen        0/0/0 von 252  Tagen gewertet (1m/5m/15m)        0 Signale  28 ms lesen  32 ms rechnen
2026-09-09T16:34:59.903Z  DHIL/2025       roh           7590 reg. Kerzen        0/0/0 von 250  Tagen gewertet (1m/5m/15m)        0 Signale  17 ms lesen  55 ms rechnen
2026-09-09T16:34:59.958Z  DHIL/2026       roh           2416 reg. Kerzen        0/0/0 von 75   Tagen gewertet (1m/5m/15m)        0 Signale  19 ms lesen  19 ms rechnen
2026-09-09T16:35:01.941Z  DIN/2016        roh          53924 reg. Kerzen        6/0/0 von 252  Tagen gewertet (1m/5m/15m)      141 Signale  86 ms lesen  1876 ms rechnen
2026-09-09T16:35:11.562Z  DIN/2017        roh          64775 reg. Kerzen       30/0/0 von 251  Tagen gewertet (1m/5m/15m)      859 Signale  100 ms lesen  9382 ms rechnen
2026-09-09T16:35:24.223Z  DIN/2018        roh          66004 reg. Kerzen       38/0/0 von 251  Tagen gewertet (1m/5m/15m)     1126 Signale  95 ms lesen  12418 ms rechnen
2026-09-09T16:35:37.497Z  DIN/2019        roh          67755 reg. Kerzen       44/0/0 von 252  Tagen gewertet (1m/5m/15m)     1268 Signale  105 ms lesen  13021 ms rechnen
2026-09-09T16:36:35.172Z  DIN/2020        roh          80718 reg. Kerzen      159/0/0 von 253  Tagen gewertet (1m/5m/15m)     5193 Signale  134 ms lesen  57365 ms rechnen
2026-09-09T16:36:42.595Z  DIN/2021        roh          58659 reg. Kerzen       22/0/0 von 252  Tagen gewertet (1m/5m/15m)      677 Signale  106 ms lesen  7108 ms rechnen
2026-09-09T16:36:46.906Z  DIN/2022        roh          54002 reg. Kerzen       13/0/0 von 251  Tagen gewertet (1m/5m/15m)      369 Signale  95 ms lesen  4082 ms rechnen
2026-09-09T16:36:49.467Z  DIN/2023        roh          53658 reg. Kerzen        7/0/0 von 250  Tagen gewertet (1m/5m/15m)      200 Signale  95 ms lesen  2296 ms rechnen
2026-09-09T16:36:59.404Z  DIN/2024        roh          63444 reg. Kerzen       32/0/0 von 252  Tagen gewertet (1m/5m/15m)      923 Signale  198 ms lesen  9587 ms rechnen
2026-09-09T16:37:12.078Z  DIN/2025        roh          66876 reg. Kerzen       40/0/0 von 250  Tagen gewertet (1m/5m/15m)     1198 Signale  132 ms lesen  12344 ms rechnen
2026-09-09T16:37:17.372Z  DIN/2026        roh          33199 reg. Kerzen        5/0/0 von 166  Tagen gewertet (1m/5m/15m)      140 Signale  3480 ms lesen  1608 ms rechnen
2026-09-09T16:38:36.062Z  DISH/2016       roh          96433 reg. Kerzen      232/0/0 von 252  Tagen gewertet (1m/5m/15m)     6029 Signale  4126 ms lesen  74477 ms rechnen
2026-09-09T16:40:02.524Z  DISH/2017       roh          95165 reg. Kerzen      251/0/0 von 251  Tagen gewertet (1m/5m/15m)     6314 Signale  6220 ms lesen  79983 ms rechnen
2026-09-09T16:41:35.300Z  DISH/2018       roh          95421 reg. Kerzen      249/0/0 von 251  Tagen gewertet (1m/5m/15m)     7017 Signale  5257 ms lesen  87290 ms rechnen
2026-09-09T16:43:03.791Z  DISH/2019       roh          96286 reg. Kerzen      252/0/0 von 252  Tagen gewertet (1m/5m/15m)     6800 Signale  3669 ms lesen  84557 ms rechnen
2026-09-09T16:44:36.975Z  DISH/2020       roh          97385 reg. Kerzen      253/0/0 von 253  Tagen gewertet (1m/5m/15m)     7364 Signale  157 ms lesen  92751 ms rechnen
2026-09-09T16:46:04.947Z  DISH/2021       roh          95995 reg. Kerzen      252/0/0 von 252  Tagen gewertet (1m/5m/15m)     6932 Signale  145 ms lesen  87550 ms rechnen
2026-09-09T16:47:38.577Z  DISH/2022       roh          97200 reg. Kerzen      251/0/0 von 251  Tagen gewertet (1m/5m/15m)     7703 Signale  144 ms lesen  93202 ms rechnen
2026-09-09T16:49:19.574Z  DISH/2023       roh          97014 reg. Kerzen      250/0/0 von 250  Tagen gewertet (1m/5m/15m)     8010 Signale  3930 ms lesen  96805 ms rechnen
2026-09-09T16:49:22.377Z  DL/2016         roh          28242 reg. Kerzen        0/0/0 von 252  Tagen gewertet (1m/5m/15m)        0 Signale  2290 ms lesen  152 ms rechnen
2026-09-09T16:49:23.625Z  DL/2017         roh          16015 reg. Kerzen        0/0/0 von 251  Tagen gewertet (1m/5m/15m)        0 Signale  1080 ms lesen  80 ms rechnen
2026-09-09T16:49:24.362Z  DL/2018         roh          11761 reg. Kerzen        0/0/0 von 250  Tagen gewertet (1m/5m/15m)        0 Signale  621 ms lesen  82 ms rechnen
2026-09-09T16:49:24.587Z  DL/2019         roh          10513 reg. Kerzen        0/0/0 von 252  Tagen gewertet (1m/5m/15m)        0 Signale  117 ms lesen  66 ms rechnen
2026-09-09T16:49:25.747Z  DL/2020         roh          19180 reg. Kerzen        0/0/0 von 253  Tagen gewertet (1m/5m/15m)        0 Signale  1021 ms lesen  110 ms rechnen
2026-09-09T16:49:26.242Z  DL/2021         roh           1472 reg. Kerzen        0/0/0 von 52   Tagen gewertet (1m/5m/15m)        0 Signale  431 ms lesen  8 ms rechnen
2026-09-09T16:49:29.067Z  DM/2016         bereinigt    44665 reg. Kerzen        1/0/0 von 252  Tagen gewertet (1m/5m/15m)       34 Signale  2119 ms lesen  637 ms rechnen
2026-09-09T16:49:32.513Z  DM/2017         bereinigt    45412 reg. Kerzen        5/0/0 von 251  Tagen gewertet (1m/5m/15m)      137 Signale  1458 ms lesen  1855 ms rechnen
2026-09-09T16:50:05.028Z  DM/2018         bereinigt    68537 reg. Kerzen       89/0/0 von 251  Tagen gewertet (1m/5m/15m)     2431 Signale  3518 ms lesen  28890 ms rechnen
2026-09-09T16:50:06.901Z  DM/2019         bereinigt     4444 reg. Kerzen        4/0/0 von 17   Tagen gewertet (1m/5m/15m)       92 Signale  646 ms lesen  1064 ms rechnen
2026-09-09T16:50:13.220Z  DM/2020         bereinigt     5642 reg. Kerzen       15/0/0 von 15   Tagen gewertet (1m/5m/15m)      503 Signale  582 ms lesen  5728 ms rechnen
2026-09-09T16:51:57.486Z  DM/2021         bereinigt    96979 reg. Kerzen      250/0/0 von 252  Tagen gewertet (1m/5m/15m)     8249 Signale  4936 ms lesen  99310 ms rechnen
2026-09-09T16:53:39.488Z  DM/2022         bereinigt    94998 reg. Kerzen      236/0/0 von 251  Tagen gewertet (1m/5m/15m)     7822 Signale  6103 ms lesen  95580 ms rechnen
2026-09-09T16:54:11.521Z  DM/2023         bereinigt    89580 reg. Kerzen       80/0/0 von 250  Tagen gewertet (1m/5m/15m)     2530 Signale  172 ms lesen  31599 ms rechnen
2026-09-09T16:54:12.410Z  DM/2024         bereinigt    67487 reg. Kerzen        0/0/0 von 252  Tagen gewertet (1m/5m/15m)        0 Signale  115 ms lesen  504 ms rechnen
2026-09-09T16:54:12.732Z  DM/2025         roh          10890 reg. Kerzen        0/0/0 von 61   Tagen gewertet (1m/5m/15m)        0 Signale  55 ms lesen  72 ms rechnen
2026-09-09T16:54:12.961Z  DMTX/2016       roh          22296 reg. Kerzen        0/0/0 von 252  Tagen gewertet (1m/5m/15m)        0 Signale  61 ms lesen  135 ms rechnen
2026-09-09T16:54:13.154Z  DMTX/2017       roh          18235 reg. Kerzen        0/0/0 von 214  Tagen gewertet (1m/5m/15m)        0 Signale  32 ms lesen  108 ms rechnen
2026-09-09T16:54:13.330Z  DNAA/2021       roh           7520 reg. Kerzen        0/0/0 von 129  Tagen gewertet (1m/5m/15m)        0 Signale  44 ms lesen  53 ms rechnen
2026-09-09T16:54:13.397Z  DNAA/2022       roh           4564 reg. Kerzen        0/0/0 von 155  Tagen gewertet (1m/5m/15m)        0 Signale  19 ms lesen  33 ms rechnen
2026-09-09T16:54:13.469Z  DNJR/2018       roh           3125 reg. Kerzen        0/0/0 von 186  Tagen gewertet (1m/5m/15m)        0 Signale  36 ms lesen  18 ms rechnen
2026-09-09T16:54:13.586Z  DNJR/2019       roh          11532 reg. Kerzen        0/0/0 von 212  Tagen gewertet (1m/5m/15m)        0 Signale  31 ms lesen  76 ms rechnen
2026-09-09T16:54:13.726Z  DNJR/2020       roh          12515 reg. Kerzen        0/0/0 von 94   Tagen gewertet (1m/5m/15m)        0 Signale  22 ms lesen  80 ms rechnen
2026-09-09T16:54:40.599Z  DNUT/2021       roh          43392 reg. Kerzen       80/0/0 von 128  Tagen gewertet (1m/5m/15m)     2541 Signale  90 ms lesen  26720 ms rechnen
2026-09-09T16:55:41.282Z  DNUT/2022       roh          83366 reg. Kerzen      188/0/0 von 251  Tagen gewertet (1m/5m/15m)     5521 Signale  131 ms lesen  60413 ms rechnen
2026-09-09T16:56:35.867Z  DNUT/2023       roh          81963 reg. Kerzen      187/0/0 von 250  Tagen gewertet (1m/5m/15m)     5040 Signale  111 ms lesen  54243 ms rechnen
2026-09-09T16:57:50.335Z  DNUT/2024       roh          90166 reg. Kerzen      233/0/0 von 252  Tagen gewertet (1m/5m/15m)     6613 Signale  134 ms lesen  74097 ms rechnen
2026-09-09T16:59:26.062Z  DNUT/2025       roh          94205 reg. Kerzen      250/0/0 von 250  Tagen gewertet (1m/5m/15m)     7867 Signale  4750 ms lesen  90727 ms rechnen
2026-09-09T17:00:20.444Z  DNUT/2026       roh          60872 reg. Kerzen      144/0/0 von 166  Tagen gewertet (1m/5m/15m)     4481 Signale  2865 ms lesen  51288 ms rechnen
2026-09-09T17:00:20.688Z  DOM/2016        roh             27 reg. Kerzen        0/0/0 von 1    Tagen gewertet (1m/5m/15m)        0 Signale  73 ms lesen  0 ms rechnen
2026-09-09T17:01:42.878Z  DOW/2016        roh          98053 reg. Kerzen      232/0/0 von 252  Tagen gewertet (1m/5m/15m)     5410 Signale  5750 ms lesen  76365 ms rechnen
2026-09-09T17:02:41.163Z  DOW/2017        roh          65322 reg. Kerzen      168/0/0 von 168  Tagen gewertet (1m/5m/15m)     3750 Signale  2337 ms lesen  55674 ms rechnen
2026-09-09T17:02:41.340Z  AUSGELASSEN DOW/2018: Datei fehlt
2026-09-09T17:03:46.533Z  DOW/2019        roh          73472 reg. Kerzen      190/0/0 von 190  Tagen gewertet (1m/5m/15m)     5060 Signale  323 ms lesen  64869 ms rechnen
2026-09-09T17:05:18.477Z  DOW/2020        roh          98227 reg. Kerzen      253/0/0 von 253  Tagen gewertet (1m/5m/15m)     7204 Signale  285 ms lesen  91449 ms rechnen
2026-09-09T17:06:45.838Z  DOW/2021        roh          97309 reg. Kerzen      250/0/0 von 252  Tagen gewertet (1m/5m/15m)     6268 Signale  174 ms lesen  86938 ms rechnen
2026-09-09T17:08:12.441Z  DOW/2022        roh          97004 reg. Kerzen      249/0/0 von 251  Tagen gewertet (1m/5m/15m)     6453 Signale  152 ms lesen  86198 ms rechnen
2026-09-09T17:09:43.466Z  DOW/2023        roh          97121 reg. Kerzen      250/0/0 von 250  Tagen gewertet (1m/5m/15m)     5925 Signale  6113 ms lesen  84607 ms rechnen
2026-09-09T17:11:11.026Z  DOW/2024        roh          97702 reg. Kerzen      252/0/0 von 252  Tagen gewertet (1m/5m/15m)     5925 Signale  4829 ms lesen  82463 ms rechnen
2026-09-09T17:12:43.602Z  DOW/2025        roh          96957 reg. Kerzen      250/0/0 von 250  Tagen gewertet (1m/5m/15m)     6797 Signale  5341 ms lesen  86953 ms rechnen
2026-09-09T17:13:46.696Z  DOW/2026        roh          64739 reg. Kerzen      166/0/0 von 166  Tagen gewertet (1m/5m/15m)     4709 Signale  4246 ms lesen  58610 ms rechnen
2026-09-09T17:13:46.983Z  DPW/2016        bereinigt     4179 reg. Kerzen        0/0/0 von 228  Tagen gewertet (1m/5m/15m)        0 Signale  56 ms lesen  18 ms rechnen
2026-09-09T17:13:53.043Z  DPW/2017        bereinigt    27695 reg. Kerzen       14/0/0 von 250  Tagen gewertet (1m/5m/15m)      483 Signale  56 ms lesen  5992 ms rechnen
2026-09-09T17:14:07.865Z  DPW/2018        bereinigt    73459 reg. Kerzen       37/0/0 von 251  Tagen gewertet (1m/5m/15m)     1267 Signale  154 ms lesen  14599 ms rechnen
2026-09-09T17:14:08.573Z  DPW/2019        bereinigt    59336 reg. Kerzen        0/0/0 von 250  Tagen gewertet (1m/5m/15m)        0 Signale  117 ms lesen  399 ms rechnen
2026-09-09T17:14:21.063Z  DPW/2020        roh          60547 reg. Kerzen       31/0/0 von 253  Tagen gewertet (1m/5m/15m)     1045 Signale  154 ms lesen  12174 ms rechnen
2026-09-09T17:15:49.831Z  DPW/2021        roh          87557 reg. Kerzen      231/0/0 von 238  Tagen gewertet (1m/5m/15m)     7826 Signale  159 ms lesen  88449 ms rechnen
2026-09-09T17:15:50.421Z  DRNA/2016       roh          40566 reg. Kerzen        0/0/0 von 252  Tagen gewertet (1m/5m/15m)        0 Signale  110 ms lesen  224 ms rechnen
2026-09-09T17:15:50.786Z  DRNA/2017       roh          29825 reg. Kerzen        0/0/0 von 251  Tagen gewertet (1m/5m/15m)        0 Signale  77 ms lesen  177 ms rechnen
2026-09-09T17:15:58.057Z  DRNA/2018       roh          66215 reg. Kerzen       20/0/0 von 251  Tagen gewertet (1m/5m/15m)      632 Signale  131 ms lesen  7050 ms rechnen
2026-09-09T17:16:08.006Z  DRNA/2019       roh          68168 reg. Kerzen       30/0/0 von 252  Tagen gewertet (1m/5m/15m)      896 Signale  107 ms lesen  9654 ms rechnen
2026-09-09T17:16:53.382Z  DRNA/2020       roh          79350 reg. Kerzen      140/0/0 von 253  Tagen gewertet (1m/5m/15m)     4395 Signale  129 ms lesen  45077 ms rechnen
2026-09-09T17:17:48.189Z  DRNA/2021       roh          80842 reg. Kerzen      166/0/0 von 248  Tagen gewertet (1m/5m/15m)     4793 Signale  118 ms lesen  54459 ms rechnen
2026-09-09T17:17:51.898Z  DS/2016         roh          51025 reg. Kerzen        0/0/0 von 252  Tagen gewertet (1m/5m/15m)        0 Signale  3218 ms lesen  281 ms rechnen
2026-09-09T17:17:54.823Z  DS/2017         roh          66709 reg. Kerzen        1/0/0 von 251  Tagen gewertet (1m/5m/15m)       38 Signale  2142 ms lesen  679 ms rechnen
2026-09-09T17:17:57.740Z  DS/2018         roh          51076 reg. Kerzen        0/0/0 von 251  Tagen gewertet (1m/5m/15m)        0 Signale  2447 ms lesen  287 ms rechnen
2026-09-09T17:17:59.700Z  DS/2019         roh          46099 reg. Kerzen        0/0/0 von 252  Tagen gewertet (1m/5m/15m)        0 Signale  1526 ms lesen  303 ms rechnen
2026-09-09T17:18:10.346Z  DS/2020         roh          70893 reg. Kerzen       22/0/0 von 253  Tagen gewertet (1m/5m/15m)      734 Signale  2423 ms lesen  8101 ms rechnen
2026-09-09T17:18:57.672Z  DS/2021         roh          84210 reg. Kerzen      115/0/0 von 252  Tagen gewertet (1m/5m/15m)     3804 Signale  5013 ms lesen  42101 ms rechnen
2026-09-09T17:19:01.128Z  DS/2022         roh          65978 reg. Kerzen        0/0/0 von 250  Tagen gewertet (1m/5m/15m)        0 Signale  2768 ms lesen  432 ms rechnen
2026-09-09T17:19:02.729Z  DSPG/2016       roh          25433 reg. Kerzen        0/0/0 von 252  Tagen gewertet (1m/5m/15m)        0 Signale  1264 ms lesen  152 ms rechnen
2026-09-09T17:19:04.642Z  DSPG/2017       roh          23183 reg. Kerzen        0/0/0 von 251  Tagen gewertet (1m/5m/15m)        0 Signale  1684 ms lesen  143 ms rechnen
2026-09-09T17:19:04.902Z  DSPG/2018       roh          23897 reg. Kerzen        0/0/0 von 251  Tagen gewertet (1m/5m/15m)        0 Signale  80 ms lesen  124 ms rechnen
2026-09-09T17:19:05.210Z  DSPG/2019       roh          32574 reg. Kerzen        0/0/0 von 252  Tagen gewertet (1m/5m/15m)        0 Signale  68 ms lesen  172 ms rechnen
2026-09-09T17:19:07.969Z  DSPG/2020       roh          45135 reg. Kerzen        0/0/0 von 253  Tagen gewertet (1m/5m/15m)        0 Signale  2438 ms lesen  229 ms rechnen
2026-09-09T17:19:11.137Z  DSPG/2021       roh          35572 reg. Kerzen        1/0/0 von 232  Tagen gewertet (1m/5m/15m)       15 Signale  2504 ms lesen  520 ms rechnen
2026-09-09T17:19:13.779Z  DTEA/2016       roh          27785 reg. Kerzen        0/0/0 von 252  Tagen gewertet (1m/5m/15m)        0 Signale  2389 ms lesen  146 ms rechnen
2026-09-09T17:19:14.537Z  DTEA/2017       roh          15393 reg. Kerzen        0/0/0 von 251  Tagen gewertet (1m/5m/15m)        0 Signale  566 ms lesen  116 ms rechnen
2026-09-09T17:19:16.241Z  DTEA/2018       roh          19010 reg. Kerzen        2/0/0 von 250  Tagen gewertet (1m/5m/15m)       62 Signale  897 ms lesen  754 ms rechnen
2026-09-09T17:19:17.563Z  DTEA/2019       roh          21372 reg. Kerzen        0/0/0 von 252  Tagen gewertet (1m/5m/15m)        0 Signale  1150 ms lesen  127 ms rechnen
2026-09-09T17:19:19.348Z  DTEA/2020       roh          20569 reg. Kerzen        0/0/0 von 253  Tagen gewertet (1m/5m/15m)        0 Signale  1603 ms lesen  134 ms rechnen
2026-09-09T17:19:20.407Z  DTEA/2021       roh          28351 reg. Kerzen        0/0/0 von 252  Tagen gewertet (1m/5m/15m)        0 Signale  824 ms lesen  190 ms rechnen
2026-09-09T17:19:21.451Z  DTEA/2022       roh           9189 reg. Kerzen        0/0/0 von 251  Tagen gewertet (1m/5m/15m)        0 Signale  911 ms lesen  60 ms rechnen
2026-09-09T17:19:21.966Z  DTEA/2023       roh           2388 reg. Kerzen        0/0/0 von 71   Tagen gewertet (1m/5m/15m)        0 Signale  471 ms lesen  12 ms rechnen
2026-09-09T17:20:43.325Z  DUK/2016        roh          98000 reg. Kerzen      232/0/0 von 252  Tagen gewertet (1m/5m/15m)     5184 Signale  4856 ms lesen  76428 ms rechnen
2026-09-09T17:22:08.162Z  DUK/2017        roh          97280 reg. Kerzen      251/0/0 von 251  Tagen gewertet (1m/5m/15m)     5270 Signale  3096 ms lesen  81450 ms rechnen
2026-09-09T17:23:35.223Z  DUK/2018        roh          97322 reg. Kerzen      251/0/0 von 251  Tagen gewertet (1m/5m/15m)     5665 Signale  3580 ms lesen  83211 ms rechnen
2026-09-09T17:24:58.551Z  DUK/2019        roh          97596 reg. Kerzen      252/0/0 von 252  Tagen gewertet (1m/5m/15m)     5451 Signale  127 ms lesen  82926 ms rechnen
2026-09-09T17:26:25.974Z  DUK/2020        roh          98183 reg. Kerzen      253/0/0 von 253  Tagen gewertet (1m/5m/15m)     6340 Signale  137 ms lesen  87072 ms rechnen
2026-09-09T17:27:48.588Z  DUK/2021        roh          97095 reg. Kerzen      250/0/0 von 252  Tagen gewertet (1m/5m/15m)     5566 Signale  139 ms lesen  82223 ms rechnen
2026-09-09T17:29:10.194Z  DUK/2022        roh          96795 reg. Kerzen      249/0/0 von 251  Tagen gewertet (1m/5m/15m)     5905 Signale  137 ms lesen  81201 ms rechnen
2026-09-09T17:30:35.019Z  DUK/2023        roh          97052 reg. Kerzen      250/0/0 von 250  Tagen gewertet (1m/5m/15m)     5746 Signale  2817 ms lesen  81744 ms rechnen
2026-09-09T17:32:02.203Z  DUK/2024        roh          97494 reg. Kerzen      252/0/0 von 252  Tagen gewertet (1m/5m/15m)     5444 Signale  3962 ms lesen  82973 ms rechnen
2026-09-09T17:33:31.541Z  DUK/2025        roh          96561 reg. Kerzen      250/0/0 von 250  Tagen gewertet (1m/5m/15m)     5477 Signale  5144 ms lesen  83917 ms rechnen
2026-09-09T17:34:26.107Z  DUK/2026        roh          64587 reg. Kerzen      166/0/0 von 166  Tagen gewertet (1m/5m/15m)     3778 Signale  101 ms lesen  54225 ms rechnen
2026-09-09T17:34:45.320Z  DVMT/2016       roh          30253 reg. Kerzen       60/0/0 von 81   Tagen gewertet (1m/5m/15m)     1467 Signale  84 ms lesen  18921 ms rechnen
2026-09-09T17:35:58.919Z  DVMT/2017       roh          92004 reg. Kerzen      243/0/0 von 251  Tagen gewertet (1m/5m/15m)     5490 Signale  142 ms lesen  73356 ms rechnen
2026-09-09T17:37:14.721Z  DVMT/2018       roh          90553 reg. Kerzen      240/0/0 von 249  Tagen gewertet (1m/5m/15m)     6220 Signale  117 ms lesen  75439 ms rechnen
2026-09-09T17:37:15.100Z  DWIN/2016       roh           6922 reg. Kerzen        0/0/0 von 206  Tagen gewertet (1m/5m/15m)        0 Signale  70 ms lesen  44 ms rechnen
2026-09-09T17:37:15.176Z  DWIN/2017       roh           5783 reg. Kerzen        0/0/0 von 251  Tagen gewertet (1m/5m/15m)        0 Signale  19 ms lesen  41 ms rechnen
2026-09-09T17:37:15.315Z  DWIN/2018       roh           4198 reg. Kerzen        0/0/0 von 250  Tagen gewertet (1m/5m/15m)        0 Signale  92 ms lesen  26 ms rechnen
2026-09-09T17:37:15.375Z  DWIN/2019       roh           2094 reg. Kerzen        0/0/0 von 252  Tagen gewertet (1m/5m/15m)        0 Signale  33 ms lesen  13 ms rechnen
2026-09-09T17:37:15.402Z  DWIN/2020       roh            522 reg. Kerzen        0/0/0 von 31   Tagen gewertet (1m/5m/15m)        0 Signale  16 ms lesen  4 ms rechnen
2026-09-09T17:37:15.484Z  DWIN/2021       roh           6321 reg. Kerzen        0/0/0 von 212  Tagen gewertet (1m/5m/15m)        0 Signale  34 ms lesen  45 ms rechnen
2026-09-09T17:37:15.599Z  DWIN/2022       roh           1973 reg. Kerzen        0/0/0 von 162  Tagen gewertet (1m/5m/15m)        0 Signale  77 ms lesen  16 ms rechnen
2026-09-09T17:38:11.933Z  DY/2016         roh          85106 reg. Kerzen      179/0/0 von 252  Tagen gewertet (1m/5m/15m)     5107 Signale  120 ms lesen  56206 ms rechnen
2026-09-09T17:38:57.379Z  DY/2017         roh          79288 reg. Kerzen      144/0/0 von 251  Tagen gewertet (1m/5m/15m)     3887 Signale  3027 ms lesen  42163 ms rechnen
2026-09-09T17:39:30.565Z  DY/2018         roh          73341 reg. Kerzen       99/0/0 von 251  Tagen gewertet (1m/5m/15m)     2852 Signale  4051 ms lesen  28918 ms rechnen
2026-09-09T17:39:50.877Z  DY/2019         roh          70768 reg. Kerzen       57/0/0 von 252  Tagen gewertet (1m/5m/15m)     1665 Signale  2735 ms lesen  17379 ms rechnen
2026-09-09T17:40:32.415Z  DY/2020         roh          76181 reg. Kerzen      108/0/0 von 253  Tagen gewertet (1m/5m/15m)     3408 Signale  3598 ms lesen  37734 ms rechnen
2026-09-09T17:40:44.949Z  DY/2021         roh          61570 reg. Kerzen       26/0/0 von 252  Tagen gewertet (1m/5m/15m)      792 Signale  4178 ms lesen  8166 ms rechnen
2026-09-09T17:40:50.439Z  DY/2022         roh          55011 reg. Kerzen       12/0/0 von 251  Tagen gewertet (1m/5m/15m)      348 Signale  1823 ms lesen  3524 ms rechnen
2026-09-09T17:40:59.723Z  DY/2023         roh          57905 reg. Kerzen       22/0/0 von 250  Tagen gewertet (1m/5m/15m)      630 Signale  2303 ms lesen  6828 ms rechnen
2026-09-09T17:41:04.877Z  DY/2024         roh          50856 reg. Kerzen       12/0/0 von 252  Tagen gewertet (1m/5m/15m)      337 Signale  1015 ms lesen  3969 ms rechnen
2026-09-09T17:41:17.572Z  DY/2025         roh          56796 reg. Kerzen       31/0/0 von 250  Tagen gewertet (1m/5m/15m)      910 Signale  2823 ms lesen  9719 ms rechnen
2026-09-09T17:41:54.987Z  DY/2026         roh          53658 reg. Kerzen      109/0/0 von 166  Tagen gewertet (1m/5m/15m)     3237 Signale  2049 ms lesen  35205 ms rechnen
2026-09-09T17:42:11.859Z  E/2016          roh          71151 reg. Kerzen       53/0/0 von 252  Tagen gewertet (1m/5m/15m)     1279 Signale  2477 ms lesen  13973 ms rechnen
2026-09-09T17:42:14.110Z  E/2017          roh          58194 reg. Kerzen        6/0/0 von 251  Tagen gewertet (1m/5m/15m)      132 Signale  97 ms lesen  1988 ms rechnen
2026-09-09T17:42:20.398Z  E/2018          roh          56022 reg. Kerzen       17/0/0 von 251  Tagen gewertet (1m/5m/15m)      395 Signale  1536 ms lesen  4617 ms rechnen
2026-09-09T17:42:24.309Z  E/2019          roh          53497 reg. Kerzen        4/0/0 von 252  Tagen gewertet (1m/5m/15m)       89 Signale  2410 ms lesen  1343 ms rechnen
2026-09-09T17:42:26.173Z  CHECKPOINT 1600 Dateien, 112 min, Detektorfehler {}
2026-09-09T17:42:35.356Z  E/2020          roh          62546 reg. Kerzen       22/0/0 von 253  Tagen gewertet (1m/5m/15m)      609 Signale  2290 ms lesen  6892 ms rechnen
2026-09-09T17:42:38.411Z  E/2021          roh          51313 reg. Kerzen        3/0/0 von 252  Tagen gewertet (1m/5m/15m)       70 Signale  1873 ms lesen  1005 ms rechnen
2026-09-09T17:43:01.225Z  E/2022          roh          73526 reg. Kerzen       80/0/0 von 251  Tagen gewertet (1m/5m/15m)     2009 Signale  1122 ms lesen  21548 ms rechnen
2026-09-09T17:43:08.464Z  E/2023          roh          57174 reg. Kerzen       13/0/0 von 250  Tagen gewertet (1m/5m/15m)      312 Signale  3418 ms lesen  3602 ms rechnen
2026-09-09T17:43:13.955Z  E/2024          roh          55954 reg. Kerzen        6/0/0 von 252  Tagen gewertet (1m/5m/15m)      132 Signale  3631 ms lesen  1722 ms rechnen
2026-09-09T17:43:18.978Z  E/2025          roh          58300 reg. Kerzen       16/0/0 von 250  Tagen gewertet (1m/5m/15m)      391 Signale  112 ms lesen  4761 ms rechnen
2026-09-09T17:43:31.585Z  E/2026          roh          45472 reg. Kerzen       38/0/0 von 166  Tagen gewertet (1m/5m/15m)      904 Signale  1997 ms lesen  10447 ms rechnen
2026-09-09T17:43:32.327Z  EB/2018         roh          16759 reg. Kerzen        2/0/0 von 70   Tagen gewertet (1m/5m/15m)       40 Signale  46 ms lesen  552 ms rechnen
2026-09-09T17:44:12.877Z  EB/2019         roh          72532 reg. Kerzen      129/0/0 von 252  Tagen gewertet (1m/5m/15m)     3872 Signale  97 ms lesen  40395 ms rechnen
2026-09-09T17:45:23.059Z  EB/2020         roh          85283 reg. Kerzen      199/0/0 von 253  Tagen gewertet (1m/5m/15m)     6400 Signale  815 ms lesen  69147 ms rechnen
2026-09-09T17:46:28.187Z  EB/2021         roh          84133 reg. Kerzen      197/0/0 von 252  Tagen gewertet (1m/5m/15m)     6026 Signale  152 ms lesen  64722 ms rechnen
2026-09-09T17:47:31.168Z  EB/2022         roh          86609 reg. Kerzen      188/0/0 von 251  Tagen gewertet (1m/5m/15m)     5823 Signale  107 ms lesen  62654 ms rechnen
2026-09-09T17:48:30.577Z  EB/2023         roh          84333 reg. Kerzen      189/0/0 von 250  Tagen gewertet (1m/5m/15m)     5595 Signale  104 ms lesen  59074 ms rechnen
2026-09-09T17:49:33.289Z  EB/2024         roh          86811 reg. Kerzen      175/0/0 von 252  Tagen gewertet (1m/5m/15m)     5318 Signale  3971 ms lesen  58521 ms rechnen
2026-09-09T17:49:38.054Z  EB/2025         roh          68567 reg. Kerzen        5/0/0 von 250  Tagen gewertet (1m/5m/15m)       73 Signale  2415 ms lesen  2089 ms rechnen
2026-09-09T17:49:41.335Z  EB/2026         roh          14294 reg. Kerzen        6/0/0 von 45   Tagen gewertet (1m/5m/15m)       85 Signale  874 ms lesen  2203 ms rechnen
2026-09-09T17:49:42.303Z  EBR.B/2016      roh          11353 reg. Kerzen        0/0/0 von 148  Tagen gewertet (1m/5m/15m)        0 Signale  729 ms lesen  62 ms rechnen
2026-09-09T17:49:43.046Z  EBR.B/2017      roh          21308 reg. Kerzen        0/0/0 von 251  Tagen gewertet (1m/5m/15m)        0 Signale  581 ms lesen  135 ms rechnen
2026-09-09T17:49:43.200Z  EBR.B/2018      roh           9598 reg. Kerzen        0/0/0 von 250  Tagen gewertet (1m/5m/15m)        0 Signale  31 ms lesen  66 ms rechnen
2026-09-09T17:49:43.305Z  EBR.B/2019      roh          10405 reg. Kerzen        0/0/0 von 251  Tagen gewertet (1m/5m/15m)        0 Signale  35 ms lesen  49 ms rechnen
2026-09-09T17:49:43.425Z  EBR.B/2020      roh          12480 reg. Kerzen        0/0/0 von 252  Tagen gewertet (1m/5m/15m)        0 Signale  22 ms lesen  73 ms rechnen
2026-09-09T17:49:43.609Z  EBR.B/2021      roh           9086 reg. Kerzen        0/0/0 von 250  Tagen gewertet (1m/5m/15m)        0 Signale  95 ms lesen  54 ms rechnen
2026-09-09T17:49:44.857Z  EBR.B/2022      roh          20244 reg. Kerzen        0/0/0 von 251  Tagen gewertet (1m/5m/15m)        0 Signale  1091 ms lesen  132 ms rechnen
2026-09-09T17:49:45.058Z  EBR.B/2023      roh           8608 reg. Kerzen        0/0/0 von 250  Tagen gewertet (1m/5m/15m)        0 Signale  97 ms lesen  49 ms rechnen
2026-09-09T17:49:45.647Z  EBR.B/2024      roh           6620 reg. Kerzen        0/0/0 von 252  Tagen gewertet (1m/5m/15m)        0 Signale  532 ms lesen  39 ms rechnen
2026-09-09T17:49:45.763Z  EBR.B/2025      roh           6130 reg. Kerzen        0/0/0 von 214  Tagen gewertet (1m/5m/15m)        0 Signale  61 ms lesen  37 ms rechnen
2026-09-09T17:51:05.541Z  ECL/2016        roh          94119 reg. Kerzen      231/0/0 von 252  Tagen gewertet (1m/5m/15m)     5017 Signale  7752 ms lesen  71678 ms rechnen
2026-09-09T17:52:17.249Z  ECL/2017        roh          89997 reg. Kerzen      247/0/0 von 251  Tagen gewertet (1m/5m/15m)     5145 Signale  2069 ms lesen  69388 ms rechnen
2026-09-09T17:53:33.523Z  ECL/2018        roh          91622 reg. Kerzen      249/0/0 von 251  Tagen gewertet (1m/5m/15m)     5680 Signale  3586 ms lesen  72451 ms rechnen
2026-09-09T17:54:49.717Z  ECL/2019        roh          91842 reg. Kerzen      250/0/0 von 252  Tagen gewertet (1m/5m/15m)     5586 Signale  3522 ms lesen  72422 ms rechnen
2026-09-09T17:56:10.533Z  ECL/2020        roh          94498 reg. Kerzen      249/0/0 von 253  Tagen gewertet (1m/5m/15m)     6579 Signale  167 ms lesen  80381 ms rechnen
2026-09-09T17:57:23.090Z  ECL/2021        roh          90263 reg. Kerzen      244/0/0 von 252  Tagen gewertet (1m/5m/15m)     5586 Signale  141 ms lesen  72148 ms rechnen
2026-09-09T17:58:44.901Z  ECL/2022        roh          93687 reg. Kerzen      250/0/0 von 251  Tagen gewertet (1m/5m/15m)     6557 Signale  166 ms lesen  81421 ms rechnen
2026-09-09T17:59:55.739Z  ECL/2023        roh          87452 reg. Kerzen      232/0/0 von 250  Tagen gewertet (1m/5m/15m)     5350 Signale  3283 ms lesen  67294 ms rechnen
2026-09-09T18:00:48.294Z  ECL/2024        roh          83079 reg. Kerzen      176/0/0 von 252  Tagen gewertet (1m/5m/15m)     3773 Signale  2954 ms lesen  49342 ms rechnen
2026-09-09T18:01:56.887Z  ECL/2025        roh          86903 reg. Kerzen      228/0/0 von 250  Tagen gewertet (1m/5m/15m)     5091 Signale  2750 ms lesen  65627 ms rechnen
2026-09-09T18:02:54.772Z  ECL/2026        roh          63901 reg. Kerzen      166/0/0 von 166  Tagen gewertet (1m/5m/15m)     3998 Signale  2156 ms lesen  55475 ms rechnen
2026-09-09T18:04:15.231Z  ED/2016         roh          97307 reg. Kerzen      232/0/0 von 252  Tagen gewertet (1m/5m/15m)     5298 Signale  5214 ms lesen  74995 ms rechnen
2026-09-09T18:05:37.377Z  ED/2017         roh          95940 reg. Kerzen      251/0/0 von 251  Tagen gewertet (1m/5m/15m)     5261 Signale  2437 ms lesen  79449 ms rechnen
2026-09-09T18:07:01.972Z  ED/2018         roh          96862 reg. Kerzen      251/0/0 von 251  Tagen gewertet (1m/5m/15m)     5627 Signale  143 ms lesen  84204 ms rechnen
2026-09-09T18:08:27.681Z  ED/2019         roh          96411 reg. Kerzen      252/0/0 von 252  Tagen gewertet (1m/5m/15m)     5445 Signale  169 ms lesen  85230 ms rechnen
2026-09-09T18:09:57.174Z  ED/2020         roh          97626 reg. Kerzen      253/0/0 von 253  Tagen gewertet (1m/5m/15m)     6465 Signale  709 ms lesen  88487 ms rechnen
2026-09-09T18:11:24.213Z  ED/2021         roh          96860 reg. Kerzen      251/0/0 von 252  Tagen gewertet (1m/5m/15m)     5610 Signale  3855 ms lesen  82915 ms rechnen
2026-09-09T18:12:49.471Z  ED/2022         roh          96146 reg. Kerzen      250/0/0 von 251  Tagen gewertet (1m/5m/15m)     6082 Signale  3894 ms lesen  81098 ms rechnen
2026-09-09T18:14:19.350Z  ED/2023         roh          96004 reg. Kerzen      250/0/0 von 250  Tagen gewertet (1m/5m/15m)     5703 Signale  5836 ms lesen  83798 ms rechnen
2026-09-09T18:15:41.988Z  ED/2024         roh          95684 reg. Kerzen      252/0/0 von 252  Tagen gewertet (1m/5m/15m)     5499 Signale  164 ms lesen  82201 ms rechnen
2026-09-09T18:17:02.792Z  ED/2025         roh          94618 reg. Kerzen      250/0/0 von 250  Tagen gewertet (1m/5m/15m)     5624 Signale  142 ms lesen  80388 ms rechnen
2026-09-09T18:17:57.178Z  ED/2026         roh          61783 reg. Kerzen      166/0/0 von 166  Tagen gewertet (1m/5m/15m)     3891 Signale  656 ms lesen  53493 ms rechnen
2026-09-09T18:17:57.389Z  EDTX/2018       roh            157 reg. Kerzen        0/0/0 von 26   Tagen gewertet (1m/5m/15m)        0 Signale  31 ms lesen  2 ms rechnen
2026-09-09T18:17:57.418Z  EDTX/2019       roh            372 reg. Kerzen        0/0/0 von 105  Tagen gewertet (1m/5m/15m)        0 Signale  24 ms lesen  4 ms rechnen
2026-09-09T18:17:57.434Z  EDTX/2020       roh            693 reg. Kerzen        0/0/0 von 42   Tagen gewertet (1m/5m/15m)        0 Signale  10 ms lesen  5 ms rechnen
2026-09-09T18:17:57.474Z  EDTX/2021       roh           2650 reg. Kerzen        0/0/0 von 177  Tagen gewertet (1m/5m/15m)        0 Signale  15 ms lesen  22 ms rechnen
2026-09-09T18:17:57.505Z  EDTX/2022       roh            914 reg. Kerzen        0/0/0 von 162  Tagen gewertet (1m/5m/15m)        0 Signale  13 ms lesen  9 ms rechnen
2026-09-09T18:17:57.542Z  EDTX/2023       roh           2339 reg. Kerzen        0/0/0 von 57   Tagen gewertet (1m/5m/15m)        0 Signale  14 ms lesen  19 ms rechnen
2026-09-09T18:17:57.737Z  EFC/2016        roh          23717 reg. Kerzen        0/0/0 von 252  Tagen gewertet (1m/5m/15m)        0 Signale  63 ms lesen  110 ms rechnen
2026-09-09T18:17:57.996Z  EFC/2017        roh          23921 reg. Kerzen        0/0/0 von 251  Tagen gewertet (1m/5m/15m)        0 Signale  42 ms lesen  159 ms rechnen
2026-09-09T18:17:58.231Z  EFC/2018        roh          20565 reg. Kerzen        0/0/0 von 251  Tagen gewertet (1m/5m/15m)        0 Signale  33 ms lesen  144 ms rechnen
2026-09-09T18:17:58.628Z  EFC/2019        roh          47676 reg. Kerzen        0/0/0 von 252  Tagen gewertet (1m/5m/15m)        0 Signale  72 ms lesen  273 ms rechnen
2026-09-09T18:18:17.235Z  EFC/2020        roh          62931 reg. Kerzen       53/0/0 von 253  Tagen gewertet (1m/5m/15m)     1622 Signale  85 ms lesen  18388 ms rechnen
2026-09-09T18:18:35.098Z  EFC/2021        roh          67410 reg. Kerzen       62/0/0 von 252  Tagen gewertet (1m/5m/15m)     1491 Signale  103 ms lesen  17604 ms rechnen
2026-09-09T18:19:21.549Z  EFC/2022        roh          79723 reg. Kerzen      159/0/0 von 251  Tagen gewertet (1m/5m/15m)     4127 Signale  127 ms lesen  46106 ms rechnen
2026-09-09T18:20:16.212Z  EFC/2023        roh          81404 reg. Kerzen      178/0/0 von 250  Tagen gewertet (1m/5m/15m)     4335 Signale  5596 ms lesen  48850 ms rechnen
2026-09-09T18:21:06.679Z  EFC/2024        roh          81578 reg. Kerzen      176/0/0 von 252  Tagen gewertet (1m/5m/15m)     3989 Signale  1882 ms lesen  48371 ms rechnen
2026-09-09T18:22:07.549Z  EFC/2025        roh          83491 reg. Kerzen      202/0/0 von 250  Tagen gewertet (1m/5m/15m)     4664 Signale  4722 ms lesen  55897 ms rechnen
2026-09-09T18:22:46.875Z  EFC/2026        roh          56321 reg. Kerzen      131/0/0 von 166  Tagen gewertet (1m/5m/15m)     2979 Signale  1479 ms lesen  37617 ms rechnen
2026-09-09T18:22:48.119Z  EGAS/2016       roh          10472 reg. Kerzen        0/0/0 von 252  Tagen gewertet (1m/5m/15m)        0 Signale  828 ms lesen  55 ms rechnen
2026-09-09T18:22:48.267Z  EGAS/2017       roh           6311 reg. Kerzen        0/0/0 von 148  Tagen gewertet (1m/5m/15m)        0 Signale  85 ms lesen  29 ms rechnen
2026-09-09T18:24:11.376Z  EGN/2016        roh          94360 reg. Kerzen      232/0/0 von 252  Tagen gewertet (1m/5m/15m)     7033 Signale  4282 ms lesen  78805 ms rechnen
2026-09-09T18:25:33.634Z  EGN/2017        roh          91472 reg. Kerzen      244/0/0 von 251  Tagen gewertet (1m/5m/15m)     6589 Signale  3740 ms lesen  78256 ms rechnen
2026-09-09T18:26:46.325Z  EGN/2018        roh          83847 reg. Kerzen      226/0/0 von 231  Tagen gewertet (1m/5m/15m)     6232 Signale  107 ms lesen  72348 ms rechnen
2026-09-09T18:26:46.597Z  EH/2019         roh           1592 reg. Kerzen        0/0/0 von 13   Tagen gewertet (1m/5m/15m)        0 Signale  25 ms lesen  6 ms rechnen
2026-09-09T18:26:53.111Z  EH/2020         roh          28027 reg. Kerzen       18/0/0 von 253  Tagen gewertet (1m/5m/15m)      584 Signale  53 ms lesen  6457 ms rechnen
2026-09-09T18:28:13.846Z  EH/2021         roh          88700 reg. Kerzen      216/0/0 von 252  Tagen gewertet (1m/5m/15m)     7177 Signale  179 ms lesen  80460 ms rechnen
2026-09-09T18:28:29.325Z  EH/2022         roh          67732 reg. Kerzen       44/0/0 von 251  Tagen gewertet (1m/5m/15m)     1447 Signale  205 ms lesen  15033 ms rechnen
2026-09-09T18:29:02.150Z  EH/2023         roh          71135 reg. Kerzen       95/0/0 von 246  Tagen gewertet (1m/5m/15m)     3067 Signale  125 ms lesen  32520 ms rechnen
2026-09-09T18:29:48.369Z  EH/2024         roh          78891 reg. Kerzen      138/0/0 von 252  Tagen gewertet (1m/5m/15m)     4237 Signale  136 ms lesen  45882 ms rechnen
2026-09-09T18:30:56.267Z  EH/2025         roh          85041 reg. Kerzen      203/0/0 von 250  Tagen gewertet (1m/5m/15m)     6148 Signale  1454 ms lesen  66217 ms rechnen
2026-09-09T18:31:11.883Z  EH/2026         roh          47899 reg. Kerzen       44/0/0 von 166  Tagen gewertet (1m/5m/15m)     1303 Signale  1035 ms lesen  14358 ms rechnen
2026-09-09T18:31:13.361Z  EIGR/2016       bereinigt    12428 reg. Kerzen        0/0/0 von 252  Tagen gewertet (1m/5m/15m)        0 Signale  1191 ms lesen  85 ms rechnen
2026-09-09T18:31:14.478Z  EIGR/2017       bereinigt    16505 reg. Kerzen        0/0/0 von 251  Tagen gewertet (1m/5m/15m)        0 Signale  980 ms lesen  99 ms rechnen
2026-09-09T18:31:16.955Z  EIGR/2018       bereinigt    30083 reg. Kerzen        0/0/0 von 250  Tagen gewertet (1m/5m/15m)        0 Signale  2278 ms lesen  146 ms rechnen
2026-09-09T18:31:19.378Z  EIGR/2019       bereinigt    36574 reg. Kerzen        0/0/0 von 252  Tagen gewertet (1m/5m/15m)        0 Signale  2097 ms lesen  228 ms rechnen
2026-09-09T18:31:21.833Z  EIGR/2020       bereinigt    59255 reg. Kerzen        0/0/0 von 253  Tagen gewertet (1m/5m/15m)        0 Signale  1974 ms lesen  363 ms rechnen
2026-09-09T18:31:23.005Z  EIGR/2021       bereinigt    38058 reg. Kerzen        1/0/0 von 252  Tagen gewertet (1m/5m/15m)       32 Signale  421 ms lesen  581 ms rechnen
2026-09-09T18:31:25.507Z  EIGR/2022       bereinigt    56703 reg. Kerzen        6/0/0 von 251  Tagen gewertet (1m/5m/15m)      191 Signale  110 ms lesen  2272 ms rechnen
2026-09-09T18:31:29.105Z  EIGR/2023       bereinigt    46694 reg. Kerzen        0/0/0 von 250  Tagen gewertet (1m/5m/15m)        0 Signale  3129 ms lesen  313 ms rechnen
2026-09-09T18:31:29.799Z  EIGR/2024       bereinigt     3012 reg. Kerzen        0/0/0 von 69   Tagen gewertet (1m/5m/15m)        0 Signale  540 ms lesen  19 ms rechnen
2026-09-09T18:31:30.534Z  ELEV/2021       roh           8470 reg. Kerzen        0/0/0 von 132  Tagen gewertet (1m/5m/15m)        0 Signale  676 ms lesen  49 ms rechnen
2026-09-09T18:31:30.838Z  ELEV/2022       roh          13323 reg. Kerzen        0/0/0 von 251  Tagen gewertet (1m/5m/15m)        0 Signale  187 ms lesen  93 ms rechnen
2026-09-09T18:31:32.064Z  ELEV/2023       roh          28679 reg. Kerzen        0/0/0 von 250  Tagen gewertet (1m/5m/15m)        0 Signale  1023 ms lesen  171 ms rechnen
2026-09-09T18:31:35.863Z  ELEV/2024       roh          62806 reg. Kerzen        2/0/0 von 252  Tagen gewertet (1m/5m/15m)       66 Signale  2453 ms lesen  1271 ms rechnen
2026-09-09T18:31:37.500Z  ELEV/2025       roh          32191 reg. Kerzen        0/0/0 von 137  Tagen gewertet (1m/5m/15m)        0 Signale  1260 ms lesen  198 ms rechnen
2026-09-09T18:31:38.773Z  ELOS/2016       roh          31908 reg. Kerzen        0/0/0 von 252  Tagen gewertet (1m/5m/15m)        0 Signale  871 ms lesen  169 ms rechnen
2026-09-09T18:31:40.715Z  ELOS/2017       roh          30218 reg. Kerzen        0/0/0 von 134  Tagen gewertet (1m/5m/15m)        0 Signale  1662 ms lesen  191 ms rechnen
2026-09-09T18:31:41.057Z  ELYS/2019       roh              1 reg. Kerzen        0/0/0 von 1    Tagen gewertet (1m/5m/15m)        0 Signale  272 ms lesen  0 ms rechnen
2026-09-09T18:31:41.842Z  ELYS/2020       roh          19035 reg. Kerzen        0/0/0 von 252  Tagen gewertet (1m/5m/15m)        0 Signale  654 ms lesen  130 ms rechnen
2026-09-09T18:31:50.966Z  ELYS/2021       roh          55104 reg. Kerzen        9/0/0 von 252  Tagen gewertet (1m/5m/15m)      300 Signale  5734 ms lesen  3334 ms rechnen
2026-09-09T18:31:52.487Z  ELYS/2022       roh          24852 reg. Kerzen        0/0/0 von 251  Tagen gewertet (1m/5m/15m)        0 Signale  1187 ms lesen  169 ms rechnen
2026-09-09T18:31:53.521Z  ELYS/2023       roh          16555 reg. Kerzen        0/0/0 von 198  Tagen gewertet (1m/5m/15m)        0 Signale  885 ms lesen  87 ms rechnen
2026-09-09T18:31:53.565Z  AUSGELASSEN ELYS/2024: Datei fehlt
2026-09-09T18:31:53.624Z  AUSGELASSEN ELYS/2025: Datei fehlt
2026-09-09T18:32:12.687Z  EME/2016        roh          70500 reg. Kerzen       58/0/0 von 252  Tagen gewertet (1m/5m/15m)     1400 Signale  2592 ms lesen  16001 ms rechnen
2026-09-09T18:32:25.109Z  EME/2017        roh          66373 reg. Kerzen       36/0/0 von 251  Tagen gewertet (1m/5m/15m)      906 Signale  1784 ms lesen  10434 ms rechnen
2026-09-09T18:32:38.951Z  EME/2018        roh          63182 reg. Kerzen       38/0/0 von 251  Tagen gewertet (1m/5m/15m)     1049 Signale  2691 ms lesen  10964 ms rechnen
2026-09-09T18:32:48.328Z  EME/2019        roh          64572 reg. Kerzen       29/0/0 von 252  Tagen gewertet (1m/5m/15m)      730 Signale  947 ms lesen  8294 ms rechnen
2026-09-09T18:33:08.431Z  EME/2020        roh          67481 reg. Kerzen       53/0/0 von 253  Tagen gewertet (1m/5m/15m)     1545 Signale  3392 ms lesen  16542 ms rechnen
2026-09-09T18:33:12.161Z  EME/2021        roh          54599 reg. Kerzen        4/0/0 von 252  Tagen gewertet (1m/5m/15m)       87 Signale  2457 ms lesen  1095 ms rechnen
2026-09-09T18:33:17.045Z  EME/2022        roh          57644 reg. Kerzen       10/0/0 von 251  Tagen gewertet (1m/5m/15m)      257 Signale  1924 ms lesen  2821 ms rechnen
2026-09-09T18:33:19.810Z  EME/2023        roh          51899 reg. Kerzen        5/0/0 von 250  Tagen gewertet (1m/5m/15m)      119 Signale  969 ms lesen  1637 ms rechnen
2026-09-09T18:33:28.612Z  EME/2024        roh          57497 reg. Kerzen       19/0/0 von 252  Tagen gewertet (1m/5m/15m)      516 Signale  3024 ms lesen  5640 ms rechnen
2026-09-09T18:33:43.378Z  EME/2025        roh          61963 reg. Kerzen       39/0/0 von 250  Tagen gewertet (1m/5m/15m)     1112 Signale  2819 ms lesen  11808 ms rechnen
2026-09-09T18:34:11.030Z  EME/2026        roh          51176 reg. Kerzen       80/0/0 von 166  Tagen gewertet (1m/5m/15m)     2247 Signale  4737 ms lesen  22750 ms rechnen
2026-09-09T18:34:12.293Z  EMPG/2025       roh           9852 reg. Kerzen        0/0/0 von 69   Tagen gewertet (1m/5m/15m)        0 Signale  1041 ms lesen  50 ms rechnen
2026-09-09T18:34:12.317Z  AUSGELASSEN EMPG/2026: Datei fehlt
2026-09-09T18:34:12.389Z  ENER/2021       roh            365 reg. Kerzen        0/0/0 von 19   Tagen gewertet (1m/5m/15m)        0 Signale  67 ms lesen  3 ms rechnen
2026-09-09T18:34:12.763Z  ENER/2022       roh            929 reg. Kerzen        0/0/0 von 181  Tagen gewertet (1m/5m/15m)        0 Signale  365 ms lesen  7 ms rechnen
2026-09-09T18:34:12.836Z  ENER/2023       roh           1017 reg. Kerzen        0/0/0 von 199  Tagen gewertet (1m/5m/15m)        0 Signale  60 ms lesen  10 ms rechnen
2026-09-09T18:34:43.570Z  ENIA/2016       roh          76613 reg. Kerzen       96/0/0 von 252  Tagen gewertet (1m/5m/15m)     2382 Signale  2745 ms lesen  27941 ms rechnen
2026-09-09T18:35:19.186Z  ENIA/2017       roh          76470 reg. Kerzen      119/0/0 von 251  Tagen gewertet (1m/5m/15m)     2812 Signale  1316 ms lesen  34085 ms rechnen
2026-09-09T18:36:04.450Z  ENIA/2018       roh          79429 reg. Kerzen      155/0/0 von 251  Tagen gewertet (1m/5m/15m)     3975 Signale  101 ms lesen  44944 ms rechnen
2026-09-09T18:36:51.021Z  ENIA/2019       roh          81194 reg. Kerzen      156/0/0 von 252  Tagen gewertet (1m/5m/15m)     3831 Signale  115 ms lesen  46252 ms rechnen
2026-09-09T18:37:32.055Z  ENIA/2020       roh          78633 reg. Kerzen      136/0/0 von 253  Tagen gewertet (1m/5m/15m)     3779 Signale  99 ms lesen  40697 ms rechnen
2026-09-09T18:38:04.466Z  ENIA/2021       roh          76421 reg. Kerzen      108/0/0 von 252  Tagen gewertet (1m/5m/15m)     2911 Signale  110 ms lesen  32072 ms rechnen
2026-09-09T18:38:21.492Z  ENIA/2022       roh          35446 reg. Kerzen       54/0/0 von 116  Tagen gewertet (1m/5m/15m)     1459 Signale  57 ms lesen  16797 ms rechnen
2026-09-09T18:38:22.374Z  ENPC/2020       bereinigt      567 reg. Kerzen        0/0/0 von 34   Tagen gewertet (1m/5m/15m)        0 Signale  24 ms lesen  3 ms rechnen
2026-09-09T18:38:22.455Z  ENPC/2021       bereinigt     7397 reg. Kerzen        0/0/0 von 250  Tagen gewertet (1m/5m/15m)        0 Signale  34 ms lesen  45 ms rechnen
2026-09-09T18:38:22.542Z  ENPC/2022       roh           4746 reg. Kerzen        0/0/0 von 201  Tagen gewertet (1m/5m/15m)        0 Signale  42 ms lesen  28 ms rechnen
2026-09-09T18:38:22.590Z  ENTF/2021       roh             15 reg. Kerzen        0/0/0 von 5    Tagen gewertet (1m/5m/15m)        0 Signale  35 ms lesen  1 ms rechnen
2026-09-09T18:38:22.611Z  ENTF/2022       roh            822 reg. Kerzen        0/0/0 von 154  Tagen gewertet (1m/5m/15m)        0 Signale  15 ms lesen  6 ms rechnen
2026-09-09T18:38:22.633Z  ENTF/2023       roh            413 reg. Kerzen        0/0/0 von 90   Tagen gewertet (1m/5m/15m)        0 Signale  15 ms lesen  4 ms rechnen
2026-09-09T18:38:22.747Z  ENZY/2016       roh          12772 reg. Kerzen        0/0/0 von 252  Tagen gewertet (1m/5m/15m)        0 Signale  43 ms lesen  68 ms rechnen
2026-09-09T18:38:22.871Z  ENZY/2017       roh           9627 reg. Kerzen        0/0/0 von 248  Tagen gewertet (1m/5m/15m)        0 Signale  37 ms lesen  48 ms rechnen
2026-09-09T18:38:22.919Z  ENZY/2018       roh            314 reg. Kerzen        0/0/0 von 7    Tagen gewertet (1m/5m/15m)        0 Signale  11 ms lesen  4 ms rechnen
2026-09-09T18:38:22.977Z  EOX/2016        roh           5578 reg. Kerzen        0/0/0 von 55   Tagen gewertet (1m/5m/15m)        0 Signale  26 ms lesen  30 ms rechnen
2026-09-09T18:38:23.027Z  EPIX/2016       bereinigt     1562 reg. Kerzen        0/0/0 von 184  Tagen gewertet (1m/5m/15m)        0 Signale  21 ms lesen  9 ms rechnen
2026-09-09T18:38:23.093Z  EPIX/2017       bereinigt     4796 reg. Kerzen        0/0/0 von 230  Tagen gewertet (1m/5m/15m)        0 Signale  31 ms lesen  31 ms rechnen
2026-09-09T18:38:23.160Z  EPIX/2018       bereinigt     4272 reg. Kerzen        0/0/0 von 248  Tagen gewertet (1m/5m/15m)        0 Signale  19 ms lesen  31 ms rechnen
2026-09-09T18:38:23.253Z  EPIX/2019       roh           5041 reg. Kerzen        0/0/0 von 251  Tagen gewertet (1m/5m/15m)        0 Signale  46 ms lesen  38 ms rechnen
2026-09-09T18:38:23.401Z  EPIX/2020       roh          14569 reg. Kerzen        0/0/0 von 253  Tagen gewertet (1m/5m/15m)        0 Signale  53 ms lesen  77 ms rechnen
2026-09-09T18:38:28.485Z  EPIX/2021       roh          47193 reg. Kerzen       14/0/0 von 252  Tagen gewertet (1m/5m/15m)      472 Signale  165 ms lesen  4867 ms rechnen
2026-09-09T18:38:28.939Z  EPIX/2022       roh          43740 reg. Kerzen        0/0/0 von 251  Tagen gewertet (1m/5m/15m)        0 Signale  67 ms lesen  278 ms rechnen
2026-09-09T18:38:29.268Z  EPIX/2023       roh          22584 reg. Kerzen        0/0/0 von 250  Tagen gewertet (1m/5m/15m)        0 Signale  78 ms lesen  138 ms rechnen
2026-09-09T18:38:29.520Z  EPIX/2024       roh          20428 reg. Kerzen        0/0/0 von 252  Tagen gewertet (1m/5m/15m)        0 Signale  71 ms lesen  129 ms rechnen
2026-09-09T18:38:29.808Z  EPIX/2025       roh          23851 reg. Kerzen        0/0/0 von 192  Tagen gewertet (1m/5m/15m)        0 Signale  60 ms lesen  165 ms rechnen
2026-09-09T18:38:29.912Z  EQFN/2016       roh            589 reg. Kerzen        0/0/0 von 160  Tagen gewertet (1m/5m/15m)        0 Signale  19 ms lesen  6 ms rechnen
2026-09-09T18:38:29.940Z  EQFN/2017       roh            508 reg. Kerzen        0/0/0 von 169  Tagen gewertet (1m/5m/15m)        0 Signale  19 ms lesen  6 ms rechnen
2026-09-09T18:38:29.955Z  EQFN/2018       roh            452 reg. Kerzen        0/0/0 von 101  Tagen gewertet (1m/5m/15m)        0 Signale  9 ms lesen  3 ms rechnen
2026-09-09T18:39:45.828Z  EQR/2016        roh          96963 reg. Kerzen      232/0/0 von 252  Tagen gewertet (1m/5m/15m)     5387 Signale  149 ms lesen  75697 ms rechnen
2026-09-09T18:41:06.808Z  EQR/2017        roh          93664 reg. Kerzen      251/0/0 von 251  Tagen gewertet (1m/5m/15m)     5436 Signale  3361 ms lesen  77354 ms rechnen
2026-09-09T18:42:29.134Z  EQR/2018        roh          95143 reg. Kerzen      250/0/0 von 251  Tagen gewertet (1m/5m/15m)     5667 Signale  3405 ms lesen  78671 ms rechnen
2026-09-09T18:43:46.363Z  EQR/2019        roh          94226 reg. Kerzen      252/0/0 von 252  Tagen gewertet (1m/5m/15m)     5581 Signale  852 ms lesen  76125 ms rechnen
2026-09-09T18:45:15.457Z  EQR/2020        roh          97335 reg. Kerzen      253/0/0 von 253  Tagen gewertet (1m/5m/15m)     6812 Signale  3416 ms lesen  85409 ms rechnen
2026-09-09T18:46:36.194Z  EQR/2021        roh          94973 reg. Kerzen      249/0/0 von 252  Tagen gewertet (1m/5m/15m)     5875 Signale  155 ms lesen  80311 ms rechnen
2026-09-09T18:47:57.623Z  EQR/2022        roh          94773 reg. Kerzen      250/0/0 von 251  Tagen gewertet (1m/5m/15m)     6390 Signale  118 ms lesen  81028 ms rechnen
2026-09-09T18:49:17.415Z  EQR/2023        roh          95043 reg. Kerzen      249/0/0 von 250  Tagen gewertet (1m/5m/15m)     6002 Signale  135 ms lesen  79369 ms rechnen
2026-09-09T18:50:35.805Z  EQR/2024        roh          93748 reg. Kerzen      251/0/0 von 252  Tagen gewertet (1m/5m/15m)     5717 Signale  139 ms lesen  77991 ms rechnen
2026-09-09T18:52:01.147Z  EQR/2025        roh          93093 reg. Kerzen      249/0/0 von 250  Tagen gewertet (1m/5m/15m)     5829 Signale  3469 ms lesen  81637 ms rechnen
2026-09-09T18:52:56.491Z  EQR/2026        roh          59841 reg. Kerzen      156/0/0 von 156  Tagen gewertet (1m/5m/15m)     3783 Signale  1481 ms lesen  53598 ms rechnen
2026-09-09T18:52:57.452Z  ERB/2016        roh           3081 reg. Kerzen        0/0/0 von 187  Tagen gewertet (1m/5m/15m)        0 Signale  595 ms lesen  19 ms rechnen
2026-09-09T18:52:57.612Z  ERO/2021        roh           5859 reg. Kerzen        0/0/0 von 140  Tagen gewertet (1m/5m/15m)        0 Signale  110 ms lesen  34 ms rechnen
2026-09-09T18:52:58.926Z  ERO/2022        roh          28302 reg. Kerzen        0/0/0 von 250  Tagen gewertet (1m/5m/15m)        0 Signale  1143 ms lesen  159 ms rechnen
2026-09-09T18:53:01.166Z  ERO/2023        roh          44899 reg. Kerzen        0/0/0 von 250  Tagen gewertet (1m/5m/15m)        0 Signale  1911 ms lesen  253 ms rechnen
2026-09-09T18:53:09.735Z  ERO/2024        roh          62674 reg. Kerzen       16/0/0 von 252  Tagen gewertet (1m/5m/15m)      474 Signale  2619 ms lesen  5807 ms rechnen
2026-09-09T18:53:45.832Z  ERO/2025        roh          77115 reg. Kerzen      116/0/0 von 250  Tagen gewertet (1m/5m/15m)     3372 Signale  1594 ms lesen  34311 ms rechnen
2026-09-09T18:54:43.232Z  ERO/2026        roh          59444 reg. Kerzen      156/0/0 von 166  Tagen gewertet (1m/5m/15m)     4791 Signale  3398 ms lesen  53794 ms rechnen
2026-09-09T18:54:43.952Z  ESDI/2017       roh           2124 reg. Kerzen        0/0/0 von 99   Tagen gewertet (1m/5m/15m)        0 Signale  161 ms lesen  15 ms rechnen
2026-09-09T18:54:43.983Z  ESDI/2018       roh             27 reg. Kerzen        0/0/0 von 2    Tagen gewertet (1m/5m/15m)        0 Signale  25 ms lesen  1 ms rechnen
2026-09-09T18:56:14.894Z  ESI/2016        roh          94550 reg. Kerzen      232/0/0 von 252  Tagen gewertet (1m/5m/15m)     7157 Signale  7440 ms lesen  83397 ms rechnen
2026-09-09T18:57:36.707Z  ESI/2017        roh          92443 reg. Kerzen      250/0/0 von 251  Tagen gewertet (1m/5m/15m)     6954 Signale  128 ms lesen  81402 ms rechnen
2026-09-09T18:59:03.716Z  ESI/2018        roh          94698 reg. Kerzen      251/0/0 von 251  Tagen gewertet (1m/5m/15m)     7196 Signale  143 ms lesen  86640 ms rechnen
2026-09-09T19:00:28.947Z  ESI/2019        roh          93488 reg. Kerzen      251/0/0 von 252  Tagen gewertet (1m/5m/15m)     6802 Signale  133 ms lesen  84827 ms rechnen
2026-09-09T19:01:56.637Z  ESI/2020        roh          92701 reg. Kerzen      250/0/0 von 253  Tagen gewertet (1m/5m/15m)     6984 Signale  4604 ms lesen  82906 ms rechnen
2026-09-09T19:03:18.229Z  ESI/2021        roh          91842 reg. Kerzen      245/0/0 von 252  Tagen gewertet (1m/5m/15m)     6453 Signale  4608 ms lesen  76769 ms rechnen
2026-09-09T19:04:41.313Z  ESI/2022        roh          91169 reg. Kerzen      246/0/0 von 251  Tagen gewertet (1m/5m/15m)     6692 Signale  3966 ms lesen  78888 ms rechnen
2026-09-09T19:06:03.731Z  ESI/2023        roh          90948 reg. Kerzen      249/0/0 von 250  Tagen gewertet (1m/5m/15m)     6114 Signale  4690 ms lesen  77462 ms rechnen
2026-09-09T19:07:16.036Z  ESI/2024        roh          89625 reg. Kerzen      241/0/0 von 252  Tagen gewertet (1m/5m/15m)     5825 Signale  113 ms lesen  71908 ms rechnen
2026-09-09T19:08:34.676Z  ESI/2025        roh          91453 reg. Kerzen      249/0/0 von 250  Tagen gewertet (1m/5m/15m)     6477 Signale  127 ms lesen  78256 ms rechnen
2026-09-09T19:09:33.485Z  ESI/2026        roh          63357 reg. Kerzen      166/0/0 von 166  Tagen gewertet (1m/5m/15m)     4755 Signale  74 ms lesen  58503 ms rechnen
2026-09-09T19:10:14.722Z  ESNT/2016       roh          79926 reg. Kerzen      131/0/0 von 252  Tagen gewertet (1m/5m/15m)     3426 Signale  3307 ms lesen  37478 ms rechnen
2026-09-09T19:11:06.132Z  ESNT/2017       roh          81513 reg. Kerzen      173/0/0 von 251  Tagen gewertet (1m/5m/15m)     4430 Signale  3298 ms lesen  47919 ms rechnen
2026-09-09T19:12:04.824Z  ESNT/2018       roh          83186 reg. Kerzen      191/0/0 von 251  Tagen gewertet (1m/5m/15m)     5203 Signale  4147 ms lesen  54313 ms rechnen
2026-09-09T19:12:46.946Z  ESNT/2019       roh          79686 reg. Kerzen      149/0/0 von 252  Tagen gewertet (1m/5m/15m)     3800 Signale  1063 ms lesen  40832 ms rechnen
2026-09-09T19:14:00.202Z  ESNT/2020       roh          87388 reg. Kerzen      208/0/0 von 253  Tagen gewertet (1m/5m/15m)     6238 Signale  5450 ms lesen  67578 ms rechnen
2026-09-09T19:14:46.737Z  ESNT/2021       roh          80403 reg. Kerzen      151/0/0 von 252  Tagen gewertet (1m/5m/15m)     4048 Signale  2469 ms lesen  43813 ms rechnen
2026-09-09T19:15:17.089Z  ESNT/2022       roh          75463 reg. Kerzen      102/0/0 von 251  Tagen gewertet (1m/5m/15m)     2786 Signale  1896 ms lesen  28253 ms rechnen
2026-09-09T19:15:27.388Z  ESNT/2023       roh          66712 reg. Kerzen       35/0/0 von 250  Tagen gewertet (1m/5m/15m)      932 Signale  133 ms lesen  9956 ms rechnen
2026-09-09T19:15:38.345Z  ESNT/2024       roh          66638 reg. Kerzen       39/0/0 von 252  Tagen gewertet (1m/5m/15m)      962 Signale  92 ms lesen  10694 ms rechnen
2026-09-09T19:15:54.794Z  ESNT/2025       roh          69331 reg. Kerzen       58/0/0 von 250  Tagen gewertet (1m/5m/15m)     1449 Signale  84 ms lesen  16156 ms rechnen
2026-09-09T19:16:01.285Z  ESNT/2026       roh          44014 reg. Kerzen       23/0/0 von 166  Tagen gewertet (1m/5m/15m)      585 Signale  61 ms lesen  6226 ms rechnen
2026-09-09T19:16:01.585Z  ESTE/2016       roh          21040 reg. Kerzen        0/0/0 von 250  Tagen gewertet (1m/5m/15m)        0 Signale  66 ms lesen  99 ms rechnen
2026-09-09T19:16:01.931Z  ESTE/2017       roh          34232 reg. Kerzen        0/0/0 von 251  Tagen gewertet (1m/5m/15m)        0 Signale  74 ms lesen  221 ms rechnen
2026-09-09T19:16:02.392Z  ESTE/2018       roh          44608 reg. Kerzen        0/0/0 von 251  Tagen gewertet (1m/5m/15m)        0 Signale  88 ms lesen  273 ms rechnen
2026-09-09T19:16:02.792Z  ESTE/2019       roh          39681 reg. Kerzen        0/0/0 von 252  Tagen gewertet (1m/5m/15m)        0 Signale  62 ms lesen  216 ms rechnen
2026-09-09T19:16:03.259Z  ESTE/2020       roh          45590 reg. Kerzen        0/0/0 von 253  Tagen gewertet (1m/5m/15m)        0 Signale  81 ms lesen  261 ms rechnen
2026-09-09T19:16:03.802Z  ESTE/2021       roh          56609 reg. Kerzen        0/0/0 von 252  Tagen gewertet (1m/5m/15m)        0 Signale  110 ms lesen  303 ms rechnen
2026-09-09T19:17:27.866Z  ESTE/2022       roh          91298 reg. Kerzen      230/0/0 von 251  Tagen gewertet (1m/5m/15m)     7475 Signale  130 ms lesen  83778 ms rechnen
2026-09-09T19:18:39.506Z  ESTE/2023       roh          78077 reg. Kerzen      209/0/0 von 209  Tagen gewertet (1m/5m/15m)     6165 Signale  117 ms lesen  71301 ms rechnen
2026-09-09T19:18:41.694Z  ETD/2016        roh          53698 reg. Kerzen        5/0/0 von 252  Tagen gewertet (1m/5m/15m)      147 Signale  90 ms lesen  1816 ms rechnen
2026-09-09T19:18:47.396Z  ETD/2017        roh          58821 reg. Kerzen       18/0/0 von 251  Tagen gewertet (1m/5m/15m)      527 Signale  104 ms lesen  5436 ms rechnen
2026-09-09T19:18:51.585Z  ETD/2018        roh          56264 reg. Kerzen       13/0/0 von 251  Tagen gewertet (1m/5m/15m)      352 Signale  269 ms lesen  3773 ms rechnen
2026-09-09T19:18:52.434Z  ETD/2019        roh          60948 reg. Kerzen        1/0/0 von 252  Tagen gewertet (1m/5m/15m)       25 Signale  101 ms lesen  623 ms rechnen
2026-09-09T19:18:53.062Z  ETD/2020        roh          63899 reg. Kerzen        0/0/0 von 253  Tagen gewertet (1m/5m/15m)        0 Signale  109 ms lesen  350 ms rechnen
2026-09-09T19:18:56.880Z  ETD/2021        roh          58623 reg. Kerzen       11/0/0 von 252  Tagen gewertet (1m/5m/15m)      311 Signale  106 ms lesen  3498 ms rechnen
2026-09-09T19:18:58.660Z  CHECKPOINT 1800 Dateien, 209 min, Detektorfehler {}
2026-09-09T19:19:06.321Z  ETD/2022        roh          61731 reg. Kerzen       26/0/0 von 251  Tagen gewertet (1m/5m/15m)      757 Signale  95 ms lesen  7564 ms rechnen
2026-09-09T19:19:07.099Z  ETD/2023        roh          47399 reg. Kerzen        1/0/0 von 250  Tagen gewertet (1m/5m/15m)       25 Signale  72 ms lesen  536 ms rechnen
2026-09-09T19:19:08.480Z  ETD/2024        roh          43785 reg. Kerzen        3/0/0 von 252  Tagen gewertet (1m/5m/15m)       90 Signale  79 ms lesen  1171 ms rechnen
2026-09-09T19:19:10.139Z  ETD/2025        roh          48258 reg. Kerzen        4/0/0 von 250  Tagen gewertet (1m/5m/15m)      123 Signale  82 ms lesen  1470 ms rechnen
2026-09-09T19:19:12.921Z  ETD/2026        roh          38234 reg. Kerzen        9/0/0 von 166  Tagen gewertet (1m/5m/15m)      251 Signale  50 ms lesen  2610 ms rechnen
2026-09-09T19:20:27.452Z  ETR/2016        bereinigt    96071 reg. Kerzen      232/0/0 von 252  Tagen gewertet (1m/5m/15m)     5277 Signale  149 ms lesen  74239 ms rechnen
2026-09-09T19:21:45.459Z  ETR/2017        bereinigt    92392 reg. Kerzen      251/0/0 von 251  Tagen gewertet (1m/5m/15m)     5333 Signale  3204 ms lesen  74575 ms rechnen
2026-09-09T19:23:08.867Z  ETR/2018        bereinigt    94952 reg. Kerzen      251/0/0 von 251  Tagen gewertet (1m/5m/15m)     5756 Signale  3114 ms lesen  80024 ms rechnen
2026-09-09T19:24:31.806Z  ETR/2019        bereinigt    94995 reg. Kerzen      252/0/0 von 252  Tagen gewertet (1m/5m/15m)     5533 Signale  5094 ms lesen  77586 ms rechnen
2026-09-09T19:25:59.792Z  ETR/2020        bereinigt    95438 reg. Kerzen      253/0/0 von 253  Tagen gewertet (1m/5m/15m)     6590 Signale  4356 ms lesen  83358 ms rechnen
2026-09-09T19:27:13.649Z  ETR/2021        bereinigt    91272 reg. Kerzen      241/0/0 von 252  Tagen gewertet (1m/5m/15m)     5545 Signale  140 ms lesen  73458 ms rechnen
2026-09-09T19:28:28.976Z  ETR/2022        bereinigt    91238 reg. Kerzen      248/0/0 von 251  Tagen gewertet (1m/5m/15m)     6081 Signale  121 ms lesen  74955 ms rechnen
2026-09-09T19:29:46.235Z  ETR/2023        bereinigt    93276 reg. Kerzen      250/0/0 von 250  Tagen gewertet (1m/5m/15m)     5950 Signale  126 ms lesen  76894 ms rechnen
2026-09-09T19:31:03.217Z  ETR/2024        bereinigt    94200 reg. Kerzen      252/0/0 von 252  Tagen gewertet (1m/5m/15m)     5627 Signale  137 ms lesen  76632 ms rechnen
2026-09-09T19:32:27.173Z  ETR/2025        roh          95980 reg. Kerzen      250/0/0 von 250  Tagen gewertet (1m/5m/15m)     5892 Signale  3390 ms lesen  80316 ms rechnen
2026-09-09T19:33:23.026Z  ETR/2026        roh          63292 reg. Kerzen      166/0/0 von 166  Tagen gewertet (1m/5m/15m)     3935 Signale  2689 ms lesen  52910 ms rechnen
2026-09-09T19:33:23.845Z  EUSG/2021       roh           4883 reg. Kerzen        0/0/0 von 189  Tagen gewertet (1m/5m/15m)        0 Signale  485 ms lesen  32 ms rechnen
2026-09-09T19:33:25.871Z  EVEP/2016       roh          42213 reg. Kerzen        0/0/0 von 252  Tagen gewertet (1m/5m/15m)        0 Signale  1765 ms lesen  249 ms rechnen
2026-09-09T19:33:27.668Z  EVEP/2017       roh          27186 reg. Kerzen        0/0/0 von 251  Tagen gewertet (1m/5m/15m)        0 Signale  1527 ms lesen  161 ms rechnen
2026-09-09T19:33:28.360Z  EVEP/2018       roh          13619 reg. Kerzen        0/0/0 von 90   Tagen gewertet (1m/5m/15m)        0 Signale  539 ms lesen  78 ms rechnen
2026-09-09T19:33:29.444Z  EVLO/2018       bereinigt    13620 reg. Kerzen        0/0/0 von 163  Tagen gewertet (1m/5m/15m)        0 Signale  660 ms lesen  78 ms rechnen
2026-09-09T19:33:30.687Z  EVLO/2019       bereinigt    12902 reg. Kerzen        0/0/0 von 252  Tagen gewertet (1m/5m/15m)        0 Signale  1124 ms lesen  85 ms rechnen
2026-09-09T19:33:33.253Z  EVLO/2020       bereinigt    27148 reg. Kerzen        0/0/0 von 253  Tagen gewertet (1m/5m/15m)        0 Signale  2387 ms lesen  133 ms rechnen
2026-09-09T19:33:34.346Z  EVLO/2021       bereinigt    41773 reg. Kerzen        0/0/0 von 252  Tagen gewertet (1m/5m/15m)        0 Signale  750 ms lesen  271 ms rechnen
2026-09-09T19:33:34.768Z  EVLO/2022       bereinigt    38115 reg. Kerzen        0/0/0 von 251  Tagen gewertet (1m/5m/15m)        0 Signale  64 ms lesen  249 ms rechnen
2026-09-09T19:33:37.777Z  EVLO/2023       bereinigt    39463 reg. Kerzen        0/0/0 von 237  Tagen gewertet (1m/5m/15m)        0 Signale  2626 ms lesen  283 ms rechnen
2026-09-09T19:33:38.160Z  AUSGELASSEN EVLO/2024: Datei fehlt
2026-09-09T19:33:38.302Z  AUSGELASSEN EVLO/2025: Datei fehlt
2026-09-09T19:33:38.461Z  EVSI/2019       roh           4258 reg. Kerzen        0/0/0 von 180  Tagen gewertet (1m/5m/15m)        0 Signale  112 ms lesen  27 ms rechnen
2026-09-09T19:33:39.441Z  EVSI/2020       roh          19999 reg. Kerzen        0/0/0 von 177  Tagen gewertet (1m/5m/15m)        0 Signale  861 ms lesen  110 ms rechnen
2026-09-09T19:33:41.015Z  EXAC/2016       roh          22464 reg. Kerzen        0/0/0 von 252  Tagen gewertet (1m/5m/15m)        0 Signale  1389 ms lesen  112 ms rechnen
2026-09-09T19:33:43.046Z  EXAC/2017       roh          20587 reg. Kerzen        0/0/0 von 251  Tagen gewertet (1m/5m/15m)        0 Signale  1851 ms lesen  122 ms rechnen
2026-09-09T19:33:43.205Z  EXAC/2018       roh           3450 reg. Kerzen        0/0/0 von 31   Tagen gewertet (1m/5m/15m)        0 Signale  67 ms lesen  20 ms rechnen
2026-09-09T19:33:43.874Z  EXFO/2016       roh           6785 reg. Kerzen        0/0/0 von 252  Tagen gewertet (1m/5m/15m)        0 Signale  580 ms lesen  36 ms rechnen
2026-09-09T19:33:44.528Z  EXFO/2017       roh          11557 reg. Kerzen        0/0/0 von 251  Tagen gewertet (1m/5m/15m)        0 Signale  575 ms lesen  55 ms rechnen
2026-09-09T19:33:45.140Z  EXFO/2018       roh           5778 reg. Kerzen        0/0/0 von 245  Tagen gewertet (1m/5m/15m)        0 Signale  546 ms lesen  34 ms rechnen
2026-09-09T19:33:46.748Z  EXFO/2019       roh           8180 reg. Kerzen        0/0/0 von 252  Tagen gewertet (1m/5m/15m)        0 Signale  1551 ms lesen  35 ms rechnen
2026-09-09T19:33:46.896Z  EXFO/2020       roh           8045 reg. Kerzen        0/0/0 von 253  Tagen gewertet (1m/5m/15m)        0 Signale  94 ms lesen  36 ms rechnen
2026-09-09T19:33:47.095Z  EXFO/2021       roh           9241 reg. Kerzen        0/0/0 von 165  Tagen gewertet (1m/5m/15m)        0 Signale  114 ms lesen  66 ms rechnen
2026-09-09T19:33:48.283Z  EXPI/2018       bereinigt    21119 reg. Kerzen        0/0/0 von 155  Tagen gewertet (1m/5m/15m)        0 Signale  716 ms lesen  119 ms rechnen
2026-09-09T19:33:50.782Z  EXPI/2019       bereinigt    37763 reg. Kerzen        0/0/0 von 252  Tagen gewertet (1m/5m/15m)        0 Signale  2254 ms lesen  176 ms rechnen
2026-09-09T19:34:29.512Z  EXPI/2020       bereinigt    70468 reg. Kerzen      106/0/0 von 253  Tagen gewertet (1m/5m/15m)     3469 Signale  1739 ms lesen  36887 ms rechnen
2026-09-09T19:35:58.077Z  EXPI/2021       bereinigt    91068 reg. Kerzen      241/0/0 von 252  Tagen gewertet (1m/5m/15m)     7824 Signale  2990 ms lesen  85431 ms rechnen
2026-09-09T19:37:26.795Z  EXPI/2022       roh          91959 reg. Kerzen      248/0/0 von 251  Tagen gewertet (1m/5m/15m)     7968 Signale  306 ms lesen  88179 ms rechnen
2026-09-09T19:38:41.113Z  EXPI/2023       roh          87258 reg. Kerzen      233/0/0 von 250  Tagen gewertet (1m/5m/15m)     7086 Signale  135 ms lesen  73962 ms rechnen
2026-09-09T19:39:52.463Z  EXPI/2024       roh          85720 reg. Kerzen      224/0/0 von 252  Tagen gewertet (1m/5m/15m)     6864 Signale  685 ms lesen  70449 ms rechnen
2026-09-09T19:40:54.750Z  EXPI/2025       roh          83329 reg. Kerzen      208/0/0 von 250  Tagen gewertet (1m/5m/15m)     6028 Signale  686 ms lesen  61355 ms rechnen
2026-09-09T19:41:07.662Z  EXPI/2026       roh          27662 reg. Kerzen       37/0/0 von 87   Tagen gewertet (1m/5m/15m)     1094 Signale  1613 ms lesen  11091 ms rechnen
2026-09-09T19:41:09.059Z  EYE/2017        roh          11500 reg. Kerzen        2/0/0 von 45   Tagen gewertet (1m/5m/15m)       52 Signale  634 ms lesen  608 ms rechnen
2026-09-09T19:41:30.991Z  EYE/2018        roh          64231 reg. Kerzen       69/0/0 von 251  Tagen gewertet (1m/5m/15m)     2037 Signale  683 ms lesen  21214 ms rechnen
2026-09-09T19:42:33.532Z  EYE/2019        roh          84888 reg. Kerzen      206/0/0 von 252  Tagen gewertet (1m/5m/15m)     6068 Signale  262 ms lesen  62117 ms rechnen
2026-09-09T19:43:24.340Z  EYE/2020        roh          80441 reg. Kerzen      157/0/0 von 253  Tagen gewertet (1m/5m/15m)     4829 Signale  1877 ms lesen  48724 ms rechnen
2026-09-09T19:43:54.501Z  EYE/2021        roh          72702 reg. Kerzen       89/0/0 von 252  Tagen gewertet (1m/5m/15m)     2705 Signale  3803 ms lesen  26141 ms rechnen
2026-09-09T19:44:51.995Z  EYE/2022        roh          82446 reg. Kerzen      174/0/0 von 251  Tagen gewertet (1m/5m/15m)     5213 Signale  3362 ms lesen  53920 ms rechnen
2026-09-09T19:45:57.062Z  EYE/2023        roh          84766 reg. Kerzen      197/0/0 von 250  Tagen gewertet (1m/5m/15m)     5593 Signale  3869 ms lesen  60978 ms rechnen
2026-09-09T19:47:09.178Z  EYE/2024        roh          86860 reg. Kerzen      229/0/0 von 252  Tagen gewertet (1m/5m/15m)     6705 Signale  127 ms lesen  71773 ms rechnen
2026-09-09T19:48:27.596Z  EYE/2025        roh          89866 reg. Kerzen      241/0/0 von 250  Tagen gewertet (1m/5m/15m)     7065 Signale  119 ms lesen  78075 ms rechnen
2026-09-09T19:49:16.809Z  EYE/2026        roh          58120 reg. Kerzen      150/0/0 von 166  Tagen gewertet (1m/5m/15m)     4546 Signale  84 ms lesen  48875 ms rechnen
2026-09-09T19:49:17.078Z  FAII/2020       roh           3359 reg. Kerzen        0/0/0 von 63   Tagen gewertet (1m/5m/15m)        0 Signale  31 ms lesen  23 ms rechnen
2026-09-09T19:49:22.467Z  FAII/2021       roh          26710 reg. Kerzen       17/0/0 von 114  Tagen gewertet (1m/5m/15m)      480 Signale  59 ms lesen  5317 ms rechnen
2026-09-09T19:49:22.590Z  FATAV/2025      roh            106 reg. Kerzen        0/0/0 von 2    Tagen gewertet (1m/5m/15m)        0 Signale  9 ms lesen  1 ms rechnen
2026-09-09T19:50:34.713Z  FBIN/2016       roh          93634 reg. Kerzen      231/0/0 von 252  Tagen gewertet (1m/5m/15m)     5464 Signale  117 ms lesen  71991 ms rechnen
2026-09-09T19:51:42.148Z  FBIN/2017       roh          88478 reg. Kerzen      233/0/0 von 251  Tagen gewertet (1m/5m/15m)     4991 Signale  978 ms lesen  66174 ms rechnen
2026-09-09T19:53:03.108Z  FBIN/2018       roh          94611 reg. Kerzen      250/0/0 von 251  Tagen gewertet (1m/5m/15m)     6220 Signale  796 ms lesen  79964 ms rechnen
2026-09-09T19:54:22.936Z  FBIN/2019       roh          93556 reg. Kerzen      250/0/0 von 252  Tagen gewertet (1m/5m/15m)     6009 Signale  2327 ms lesen  77253 ms rechnen
2026-09-09T19:55:48.805Z  FBIN/2020       roh          93972 reg. Kerzen      250/0/0 von 253  Tagen gewertet (1m/5m/15m)     6861 Signale  2694 ms lesen  82922 ms rechnen
2026-09-09T19:56:54.326Z  FBIN/2021       roh          86273 reg. Kerzen      222/0/0 von 252  Tagen gewertet (1m/5m/15m)     5536 Signale  126 ms lesen  65141 ms rechnen
2026-09-09T19:58:11.243Z  FBIN/2022       roh          92975 reg. Kerzen      225/0/0 von 251  Tagen gewertet (1m/5m/15m)     6180 Signale  160 ms lesen  76537 ms rechnen
2026-09-09T19:59:27.800Z  FBIN/2023       roh          90531 reg. Kerzen      247/0/0 von 250  Tagen gewertet (1m/5m/15m)     6113 Signale  144 ms lesen  76146 ms rechnen
2026-09-09T20:00:39.920Z  FBIN/2024       roh          89001 reg. Kerzen      238/0/0 von 252  Tagen gewertet (1m/5m/15m)     5693 Signale  132 ms lesen  71712 ms rechnen
2026-09-09T20:02:01.600Z  FBIN/2025       roh          90780 reg. Kerzen      243/0/0 von 250  Tagen gewertet (1m/5m/15m)     6365 Signale  5011 ms lesen  76417 ms rechnen
2026-09-09T20:03:02.822Z  FBIN/2026       roh          62604 reg. Kerzen      166/0/0 von 166  Tagen gewertet (1m/5m/15m)     4749 Signale  1810 ms lesen  59173 ms rechnen
2026-09-09T20:03:03.775Z  FBRC/2016       roh          14342 reg. Kerzen        0/0/0 von 252  Tagen gewertet (1m/5m/15m)        0 Signale  591 ms lesen  96 ms rechnen
2026-09-09T20:03:04.916Z  FBRC/2017       roh           6568 reg. Kerzen        0/0/0 von 104  Tagen gewertet (1m/5m/15m)        0 Signale  1056 ms lesen  42 ms rechnen
2026-09-09T20:04:03.122Z  FCE.A/2016      roh          85992 reg. Kerzen      185/0/0 von 252  Tagen gewertet (1m/5m/15m)     4607 Signale  3638 ms lesen  54472 ms rechnen
2026-09-09T20:05:06.706Z  FCE.A/2017      roh          84938 reg. Kerzen      210/0/0 von 251  Tagen gewertet (1m/5m/15m)     4811 Signale  3520 ms lesen  59791 ms rechnen
2026-09-09T20:06:24.195Z  FCE.A/2018      roh          83637 reg. Kerzen      225/0/0 von 236  Tagen gewertet (1m/5m/15m)     4321 Signale  2893 ms lesen  74365 ms rechnen
2026-09-09T20:06:24.541Z  FCNCA/2016      roh           9198 reg. Kerzen        0/0/0 von 252  Tagen gewertet (1m/5m/15m)        0 Signale  40 ms lesen  48 ms rechnen
2026-09-09T20:06:24.673Z  FCNCA/2017      roh           9865 reg. Kerzen        0/0/0 von 251  Tagen gewertet (1m/5m/15m)        0 Signale  40 ms lesen  64 ms rechnen
2026-09-09T20:06:24.812Z  FCNCA/2018      roh          13047 reg. Kerzen        0/0/0 von 250  Tagen gewertet (1m/5m/15m)        0 Signale  48 ms lesen  61 ms rechnen
2026-09-09T20:06:24.990Z  FCNCA/2019      roh          16636 reg. Kerzen        0/0/0 von 252  Tagen gewertet (1m/5m/15m)        0 Signale  42 ms lesen  104 ms rechnen
2026-09-09T20:06:25.153Z  FCNCA/2020      roh          16341 reg. Kerzen        0/0/0 von 253  Tagen gewertet (1m/5m/15m)        0 Signale  30 ms lesen  73 ms rechnen
2026-09-09T20:06:25.369Z  FCNCA/2021      roh          19446 reg. Kerzen        0/0/0 von 252  Tagen gewertet (1m/5m/15m)        0 Signale  55 ms lesen  119 ms rechnen
2026-09-09T20:06:26.270Z  FCNCA/2022      roh          32058 reg. Kerzen        2/0/0 von 251  Tagen gewertet (1m/5m/15m)       53 Signale  85 ms lesen  759 ms rechnen
2026-09-09T20:06:27.232Z  FCNCA/2023      roh          27394 reg. Kerzen        2/0/0 von 250  Tagen gewertet (1m/5m/15m)       50 Signale  61 ms lesen  824 ms rechnen
2026-09-09T20:06:27.490Z  FCNCA/2024      roh          18532 reg. Kerzen        0/0/0 von 252  Tagen gewertet (1m/5m/15m)        0 Signale  83 ms lesen  103 ms rechnen
2026-09-09T20:06:30.918Z  FCNCA/2025      roh          26599 reg. Kerzen       11/0/0 von 250  Tagen gewertet (1m/5m/15m)      284 Signale  53 ms lesen  3320 ms rechnen
2026-09-09T20:06:41.126Z  FCNCA/2026      roh          47190 reg. Kerzen       33/0/0 von 166  Tagen gewertet (1m/5m/15m)      923 Signale  78 ms lesen  10054 ms rechnen
2026-09-09T20:06:41.447Z  FDEF/2016       bereinigt    18398 reg. Kerzen        0/0/0 von 252  Tagen gewertet (1m/5m/15m)        0 Signale  54 ms lesen  95 ms rechnen
2026-09-09T20:06:41.608Z  FDEF/2017       bereinigt    12836 reg. Kerzen        0/0/0 von 251  Tagen gewertet (1m/5m/15m)        0 Signale  18 ms lesen  90 ms rechnen
2026-09-09T20:06:41.742Z  FDEF/2018       bereinigt    14846 reg. Kerzen        0/0/0 von 251  Tagen gewertet (1m/5m/15m)        0 Signale  26 ms lesen  79 ms rechnen
2026-09-09T20:06:42.071Z  FDEF/2019       roh          21384 reg. Kerzen        0/0/0 von 252  Tagen gewertet (1m/5m/15m)        0 Signale  138 ms lesen  142 ms rechnen
2026-09-09T20:06:42.301Z  FDEF/2020       roh          22852 reg. Kerzen        0/0/0 von 118  Tagen gewertet (1m/5m/15m)        0 Signale  40 ms lesen  141 ms rechnen
2026-09-09T20:06:43.368Z  FELE/2016       roh          51100 reg. Kerzen        2/0/0 von 252  Tagen gewertet (1m/5m/15m)       51 Signale  103 ms lesen  855 ms rechnen
2026-09-09T20:06:43.802Z  FELE/2017       roh          41692 reg. Kerzen        0/0/0 von 251  Tagen gewertet (1m/5m/15m)        0 Signale  67 ms lesen  241 ms rechnen
2026-09-09T20:06:44.171Z  FELE/2018       roh          34662 reg. Kerzen        0/0/0 von 251  Tagen gewertet (1m/5m/15m)        0 Signale  67 ms lesen  191 ms rechnen
2026-09-09T20:06:44.545Z  FELE/2019       roh          40742 reg. Kerzen        0/0/0 von 252  Tagen gewertet (1m/5m/15m)        0 Signale  61 ms lesen  225 ms rechnen
2026-09-09T20:06:45.269Z  FELE/2020       roh          46517 reg. Kerzen        1/0/0 von 253  Tagen gewertet (1m/5m/15m)       21 Signale  62 ms lesen  552 ms rechnen
2026-09-09T20:06:45.614Z  FELE/2021       roh          36800 reg. Kerzen        0/0/0 von 252  Tagen gewertet (1m/5m/15m)        0 Signale  74 ms lesen  164 ms rechnen
2026-09-09T20:06:46.307Z  FELE/2022       roh          42526 reg. Kerzen        1/0/0 von 251  Tagen gewertet (1m/5m/15m)       20 Signale  85 ms lesen  482 ms rechnen
2026-09-09T20:06:46.660Z  FELE/2023       roh          34061 reg. Kerzen        0/0/0 von 250  Tagen gewertet (1m/5m/15m)        0 Signale  60 ms lesen  193 ms rechnen
2026-09-09T20:06:47.014Z  FELE/2024       roh          28673 reg. Kerzen        0/0/0 von 252  Tagen gewertet (1m/5m/15m)        0 Signale  69 ms lesen  191 ms rechnen
2026-09-09T20:06:47.421Z  FELE/2025       roh          37693 reg. Kerzen        0/0/0 von 250  Tagen gewertet (1m/5m/15m)        0 Signale  80 ms lesen  231 ms rechnen
2026-09-09T20:06:47.991Z  FELE/2026       roh          27998 reg. Kerzen        1/0/0 von 166  Tagen gewertet (1m/5m/15m)       27 Signale  46 ms lesen  403 ms rechnen
2026-09-09T20:06:48.124Z  FFBW/2017       roh           1264 reg. Kerzen        0/0/0 von 53   Tagen gewertet (1m/5m/15m)        0 Signale  31 ms lesen  6 ms rechnen
2026-09-09T20:06:48.157Z  FFBW/2018       roh            989 reg. Kerzen        0/0/0 von 202  Tagen gewertet (1m/5m/15m)        0 Signale  18 ms lesen  11 ms rechnen
2026-09-09T20:06:48.259Z  FFBW/2019       roh           1272 reg. Kerzen        0/0/0 von 187  Tagen gewertet (1m/5m/15m)        0 Signale  90 ms lesen  8 ms rechnen
2026-09-09T20:06:48.305Z  FFBW/2020       roh           3128 reg. Kerzen        0/0/0 von 242  Tagen gewertet (1m/5m/15m)        0 Signale  20 ms lesen  22 ms rechnen
2026-09-09T20:06:48.349Z  FFBW/2021       roh           1745 reg. Kerzen        0/0/0 von 235  Tagen gewertet (1m/5m/15m)        0 Signale  19 ms lesen  13 ms rechnen
2026-09-09T20:06:48.381Z  FFBW/2022       roh           1666 reg. Kerzen        0/0/0 von 225  Tagen gewertet (1m/5m/15m)        0 Signale  12 ms lesen  14 ms rechnen
2026-09-09T20:06:48.405Z  FFBW/2023       roh            346 reg. Kerzen        0/0/0 von 29   Tagen gewertet (1m/5m/15m)        0 Signale  13 ms lesen  3 ms rechnen
2026-09-09T20:06:48.579Z  FFNW/2016       roh          15559 reg. Kerzen        0/0/0 von 252  Tagen gewertet (1m/5m/15m)        0 Signale  71 ms lesen  82 ms rechnen
2026-09-09T20:06:48.731Z  FFNW/2017       roh          12492 reg. Kerzen        0/0/0 von 251  Tagen gewertet (1m/5m/15m)        0 Signale  36 ms lesen  85 ms rechnen
2026-09-09T20:06:48.862Z  FFNW/2018       roh           9601 reg. Kerzen        0/0/0 von 250  Tagen gewertet (1m/5m/15m)        0 Signale  28 ms lesen  59 ms rechnen
2026-09-09T20:06:48.942Z  FFNW/2019       roh           4683 reg. Kerzen        0/0/0 von 252  Tagen gewertet (1m/5m/15m)        0 Signale  22 ms lesen  24 ms rechnen
2026-09-09T20:06:49.021Z  FFNW/2020       roh           6650 reg. Kerzen        0/0/0 von 253  Tagen gewertet (1m/5m/15m)        0 Signale  18 ms lesen  49 ms rechnen
2026-09-09T20:06:49.092Z  FFNW/2021       roh           3462 reg. Kerzen        0/0/0 von 252  Tagen gewertet (1m/5m/15m)        0 Signale  27 ms lesen  20 ms rechnen
2026-09-09T20:06:49.154Z  FFNW/2022       roh           2121 reg. Kerzen        0/0/0 von 247  Tagen gewertet (1m/5m/15m)        0 Signale  32 ms lesen  18 ms rechnen
2026-09-09T20:06:49.240Z  FFNW/2023       roh           2730 reg. Kerzen        0/0/0 von 246  Tagen gewertet (1m/5m/15m)        0 Signale  62 ms lesen  15 ms rechnen
2026-09-09T20:06:49.331Z  FFNW/2024       roh          10147 reg. Kerzen        0/0/0 von 252  Tagen gewertet (1m/5m/15m)        0 Signale  29 ms lesen  53 ms rechnen
2026-09-09T20:06:49.407Z  FFNW/2025       roh           3807 reg. Kerzen        0/0/0 von 74   Tagen gewertet (1m/5m/15m)        0 Signale  12 ms lesen  28 ms rechnen
2026-09-09T20:06:49.554Z  FH/2016         roh          17216 reg. Kerzen        0/0/0 von 165  Tagen gewertet (1m/5m/15m)        0 Signale  45 ms lesen  89 ms rechnen
2026-09-09T20:06:49.756Z  FH/2017         roh          18579 reg. Kerzen        0/0/0 von 251  Tagen gewertet (1m/5m/15m)        0 Signale  41 ms lesen  105 ms rechnen
2026-09-09T20:06:49.985Z  FH/2018         roh            837 reg. Kerzen        0/0/0 von 4    Tagen gewertet (1m/5m/15m)        0 Signale  151 ms lesen  10 ms rechnen
2026-09-09T20:06:50.007Z  FIAC/2021       roh             23 reg. Kerzen        0/0/0 von 5    Tagen gewertet (1m/5m/15m)        0 Signale  14 ms lesen  0 ms rechnen
2026-09-09T20:06:50.037Z  FIAC/2022       roh            895 reg. Kerzen        0/0/0 von 158  Tagen gewertet (1m/5m/15m)        0 Signale  21 ms lesen  8 ms rechnen
2026-09-09T20:06:50.066Z  FIAC/2023       roh            887 reg. Kerzen        0/0/0 von 150  Tagen gewertet (1m/5m/15m)        0 Signale  16 ms lesen  8 ms rechnen
2026-09-09T20:06:50.087Z  FIAC/2024       roh            610 reg. Kerzen        0/0/0 von 87   Tagen gewertet (1m/5m/15m)        0 Signale  14 ms lesen  4 ms rechnen
2026-09-09T20:06:50.145Z  FINM/2021       roh           4250 reg. Kerzen        0/0/0 von 184  Tagen gewertet (1m/5m/15m)        0 Signale  23 ms lesen  29 ms rechnen
2026-09-09T20:06:50.191Z  FINM/2022       roh           2630 reg. Kerzen        0/0/0 von 225  Tagen gewertet (1m/5m/15m)        0 Signale  16 ms lesen  12 ms rechnen
2026-09-09T20:06:50.213Z  FINM/2023       roh             78 reg. Kerzen        0/0/0 von 9    Tagen gewertet (1m/5m/15m)        0 Signale  12 ms lesen  2 ms rechnen
2026-09-09T20:08:00.234Z  FIVE/2016       roh          90138 reg. Kerzen      223/0/0 von 252  Tagen gewertet (1m/5m/15m)     6152 Signale  143 ms lesen  69864 ms rechnen
2026-09-09T20:09:15.588Z  FIVE/2017       roh          89078 reg. Kerzen      243/0/0 von 251  Tagen gewertet (1m/5m/15m)     6482 Signale  133 ms lesen  74993 ms rechnen
2026-09-09T20:10:37.485Z  FIVE/2018       roh          89840 reg. Kerzen      243/0/0 von 251  Tagen gewertet (1m/5m/15m)     6757 Signale  695 ms lesen  80964 ms rechnen
2026-09-09T20:11:58.353Z  FIVE/2019       roh          90819 reg. Kerzen      242/0/0 von 252  Tagen gewertet (1m/5m/15m)     6612 Signale  135 ms lesen  80482 ms rechnen
2026-09-09T20:13:19.288Z  FIVE/2020       roh          92735 reg. Kerzen      245/0/0 von 253  Tagen gewertet (1m/5m/15m)     7248 Signale  2529 ms lesen  78149 ms rechnen
2026-09-09T20:14:14.048Z  FIVE/2021       roh          82658 reg. Kerzen      176/0/0 von 252  Tagen gewertet (1m/5m/15m)     4903 Signale  4581 ms lesen  49967 ms rechnen
2026-09-09T20:15:43.241Z  FIVE/2022       roh          90584 reg. Kerzen      249/0/0 von 251  Tagen gewertet (1m/5m/15m)     7514 Signale  13867 ms lesen  75101 ms rechnen
2026-09-09T20:16:40.036Z  FIVE/2023       roh          82738 reg. Kerzen      180/0/0 von 250  Tagen gewertet (1m/5m/15m)     4807 Signale  4614 ms lesen  51981 ms rechnen
2026-09-09T20:17:52.928Z  FIVE/2024       roh          89859 reg. Kerzen      229/0/0 von 252  Tagen gewertet (1m/5m/15m)     6565 Signale  150 ms lesen  72530 ms rechnen
2026-09-09T20:19:07.556Z  FIVE/2025       roh          89323 reg. Kerzen      231/0/0 von 250  Tagen gewertet (1m/5m/15m)     6812 Signale  144 ms lesen  74287 ms rechnen
2026-09-09T20:19:43.126Z  FIVE/2026       roh          54571 reg. Kerzen      120/0/0 von 166  Tagen gewertet (1m/5m/15m)     3450 Signale  88 ms lesen  35221 ms rechnen
2026-09-09T20:19:43.316Z  FLF/2018        roh              5 reg. Kerzen        0/0/0 von 4    Tagen gewertet (1m/5m/15m)        0 Signale  26 ms lesen  0 ms rechnen
2026-09-09T20:19:43.330Z  FLF/2019        roh            159 reg. Kerzen        0/0/0 von 47   Tagen gewertet (1m/5m/15m)        0 Signale  11 ms lesen  2 ms rechnen
2026-09-09T20:19:43.409Z  FLME/2021       roh           3527 reg. Kerzen        0/0/0 von 164  Tagen gewertet (1m/5m/15m)        0 Signale  38 ms lesen  20 ms rechnen
2026-09-09T20:19:43.458Z  FLME/2022       roh           2723 reg. Kerzen        0/0/0 von 239  Tagen gewertet (1m/5m/15m)        0 Signale  20 ms lesen  16 ms rechnen
2026-09-09T20:19:43.496Z  FLME/2023       roh           3215 reg. Kerzen        0/0/0 von 202  Tagen gewertet (1m/5m/15m)        0 Signale  18 ms lesen  14 ms rechnen
2026-09-09T20:19:43.518Z  FLME/2024       roh           1302 reg. Kerzen        0/0/0 von 31   Tagen gewertet (1m/5m/15m)        0 Signale  6 ms lesen  7 ms rechnen
2026-09-09T20:20:28.310Z  FLT/2016        roh          83066 reg. Kerzen      162/0/0 von 252  Tagen gewertet (1m/5m/15m)     3982 Signale  148 ms lesen  44630 ms rechnen
2026-09-09T20:21:21.589Z  FLT/2017        roh          83395 reg. Kerzen      191/0/0 von 251  Tagen gewertet (1m/5m/15m)     4762 Signale  132 ms lesen  52923 ms rechnen
2026-09-09T20:22:04.732Z  FLT/2018        roh          78417 reg. Kerzen      130/0/0 von 251  Tagen gewertet (1m/5m/15m)     3357 Signale  2126 ms lesen  40771 ms rechnen
2026-09-09T20:22:41.308Z  FLT/2019        roh          78287 reg. Kerzen      132/0/0 von 252  Tagen gewertet (1m/5m/15m)     3184 Signale  1178 ms lesen  35160 ms rechnen
2026-09-09T20:23:45.102Z  FLT/2020        roh          86581 reg. Kerzen      207/0/0 von 253  Tagen gewertet (1m/5m/15m)     5753 Signale  1292 ms lesen  62318 ms rechnen
2026-09-09T20:24:19.925Z  FLT/2021        roh          76206 reg. Kerzen      121/0/0 von 252  Tagen gewertet (1m/5m/15m)     3094 Signale  1372 ms lesen  33227 ms rechnen
2026-09-09T20:24:48.073Z  FLT/2022        roh          74945 reg. Kerzen       91/0/0 von 251  Tagen gewertet (1m/5m/15m)     2516 Signale  1519 ms lesen  26403 ms rechnen
2026-09-09T20:25:09.386Z  FLT/2023        roh          70146 reg. Kerzen       70/0/0 von 250  Tagen gewertet (1m/5m/15m)     1792 Signale  1830 ms lesen  19256 ms rechnen
2026-09-09T20:25:12.274Z  FLT/2024        roh          13918 reg. Kerzen        6/0/0 von 57   Tagen gewertet (1m/5m/15m)      156 Signale  1027 ms lesen  1705 ms rechnen
2026-09-09T20:25:12.530Z  FMCI/2017       roh           1614 reg. Kerzen        0/0/0 von 139  Tagen gewertet (1m/5m/15m)        0 Signale  205 ms lesen  9 ms rechnen
2026-09-09T20:25:12.609Z  FMCI/2018       roh           1126 reg. Kerzen        0/0/0 von 93   Tagen gewertet (1m/5m/15m)        0 Signale  66 ms lesen  9 ms rechnen
2026-09-09T20:25:13.089Z  FMCI/2019       roh            592 reg. Kerzen        0/0/0 von 149  Tagen gewertet (1m/5m/15m)        0 Signale  470 ms lesen  6 ms rechnen
2026-09-09T20:25:51.122Z  FMCI/2020       roh          38793 reg. Kerzen       94/0/0 von 188  Tagen gewertet (1m/5m/15m)     3068 Signale  2909 ms lesen  35121 ms rechnen
2026-09-09T20:26:34.113Z  FMX/2016        roh          79876 reg. Kerzen      148/0/0 von 252  Tagen gewertet (1m/5m/15m)     3663 Signale  2510 ms lesen  39887 ms rechnen
2026-09-09T20:26:53.842Z  FMX/2017        roh          72088 reg. Kerzen       76/0/0 von 251  Tagen gewertet (1m/5m/15m)     1919 Signale  106 ms lesen  19415 ms rechnen
2026-09-09T20:27:16.723Z  FMX/2018        roh          72236 reg. Kerzen       88/0/0 von 251  Tagen gewertet (1m/5m/15m)     2292 Signale  105 ms lesen  22578 ms rechnen
2026-09-09T20:27:26.093Z  FMX/2019        roh          66804 reg. Kerzen       32/0/0 von 252  Tagen gewertet (1m/5m/15m)      733 Signale  640 ms lesen  8550 ms rechnen
2026-09-09T20:28:07.160Z  FMX/2020        roh          79264 reg. Kerzen      145/0/0 von 253  Tagen gewertet (1m/5m/15m)     3916 Signale  103 ms lesen  40754 ms rechnen
2026-09-09T20:28:18.240Z  FMX/2021        roh          66379 reg. Kerzen       41/0/0 von 252  Tagen gewertet (1m/5m/15m)     1074 Signale  112 ms lesen  10787 ms rechnen
2026-09-09T20:28:43.285Z  FMX/2022        roh          73499 reg. Kerzen       94/0/0 von 251  Tagen gewertet (1m/5m/15m)     2394 Signale  208 ms lesen  24686 ms rechnen
2026-09-09T20:29:08.331Z  FMX/2023        roh          72612 reg. Kerzen       95/0/0 von 250  Tagen gewertet (1m/5m/15m)     2351 Signale  116 ms lesen  24742 ms rechnen
2026-09-09T20:29:37.190Z  FMX/2024        roh          75933 reg. Kerzen      105/0/0 von 252  Tagen gewertet (1m/5m/15m)     2694 Signale  113 ms lesen  28564 ms rechnen
2026-09-09T20:29:56.115Z  FMX/2025        roh          69328 reg. Kerzen       65/0/0 von 250  Tagen gewertet (1m/5m/15m)     1643 Signale  660 ms lesen  18061 ms rechnen
2026-09-09T20:29:59.643Z  FMX/2026        roh          42779 reg. Kerzen        9/0/0 von 166  Tagen gewertet (1m/5m/15m)      241 Signale  626 ms lesen  2705 ms rechnen
2026-09-09T20:29:59.863Z  FNCX/2016       bereinigt     6906 reg. Kerzen        0/0/0 von 141  Tagen gewertet (1m/5m/15m)        0 Signale  41 ms lesen  35 ms rechnen
2026-09-09T20:30:00.056Z  FNCX/2017       roh          17620 reg. Kerzen        0/0/0 von 118  Tagen gewertet (1m/5m/15m)        0 Signale  62 ms lesen  114 ms rechnen
2026-09-09T20:30:00.173Z  FNTE/2017       roh            813 reg. Kerzen        0/0/0 von 113  Tagen gewertet (1m/5m/15m)        0 Signale  34 ms lesen  7 ms rechnen
2026-09-09T20:30:00.195Z  FNTE/2018       roh           1184 reg. Kerzen        0/0/0 von 110  Tagen gewertet (1m/5m/15m)        0 Signale  8 ms lesen  10 ms rechnen
2026-09-09T20:30:00.361Z  FONR/2016       roh          18226 reg. Kerzen        0/0/0 von 252  Tagen gewertet (1m/5m/15m)        0 Signale  51 ms lesen  101 ms rechnen
2026-09-09T20:30:00.575Z  FONR/2017       roh          17612 reg. Kerzen        0/0/0 von 251  Tagen gewertet (1m/5m/15m)        0 Signale  39 ms lesen  112 ms rechnen
2026-09-09T20:30:00.728Z  FONR/2018       roh          11970 reg. Kerzen        0/0/0 von 251  Tagen gewertet (1m/5m/15m)        0 Signale  36 ms lesen  72 ms rechnen
2026-09-09T20:30:00.868Z  FONR/2019       roh          12366 reg. Kerzen        0/0/0 von 252  Tagen gewertet (1m/5m/15m)        0 Signale  47 ms lesen  65 ms rechnen
2026-09-09T20:30:01.037Z  FONR/2020       roh          13323 reg. Kerzen        0/0/0 von 253  Tagen gewertet (1m/5m/15m)        0 Signale  54 ms lesen  78 ms rechnen
2026-09-09T20:30:01.194Z  FONR/2021       roh          12537 reg. Kerzen        0/0/0 von 252  Tagen gewertet (1m/5m/15m)        0 Signale  53 ms lesen  68 ms rechnen
2026-09-09T20:30:01.309Z  FONR/2022       roh           6980 reg. Kerzen        0/0/0 von 251  Tagen gewertet (1m/5m/15m)        0 Signale  41 ms lesen  42 ms rechnen
2026-09-09T20:30:01.400Z  FONR/2023       roh           5175 reg. Kerzen        0/0/0 von 249  Tagen gewertet (1m/5m/15m)        0 Signale  36 ms lesen  34 ms rechnen
2026-09-09T20:30:01.503Z  FONR/2024       roh           6902 reg. Kerzen        0/0/0 von 252  Tagen gewertet (1m/5m/15m)        0 Signale  39 ms lesen  47 ms rechnen
2026-09-09T20:30:01.610Z  FONR/2025       roh           6379 reg. Kerzen        0/0/0 von 250  Tagen gewertet (1m/5m/15m)        0 Signale  39 ms lesen  49 ms rechnen
2026-09-09T20:30:01.688Z  FONR/2026       roh           5313 reg. Kerzen        0/0/0 von 104  Tagen gewertet (1m/5m/15m)        0 Signale  17 ms lesen  38 ms rechnen
2026-09-09T20:30:01.754Z  FOSLL/2021      roh           1898 reg. Kerzen        0/0/0 von 37   Tagen gewertet (1m/5m/15m)        0 Signale  29 ms lesen  14 ms rechnen
2026-09-09T20:30:01.802Z  FOSLL/2022      roh           3111 reg. Kerzen        0/0/0 von 249  Tagen gewertet (1m/5m/15m)        0 Signale  23 ms lesen  18 ms rechnen
2026-09-09T20:30:01.845Z  FOSLL/2023      roh           3205 reg. Kerzen        0/0/0 von 247  Tagen gewertet (1m/5m/15m)        0 Signale  14 ms lesen  22 ms rechnen
2026-09-09T20:30:01.884Z  FOSLL/2024      roh           3665 reg. Kerzen        0/0/0 von 250  Tagen gewertet (1m/5m/15m)        0 Signale  15 ms lesen  17 ms rechnen
2026-09-09T20:30:01.937Z  FOSLL/2025      roh           3925 reg. Kerzen        0/0/0 von 216  Tagen gewertet (1m/5m/15m)        0 Signale  10 ms lesen  31 ms rechnen
2026-09-09T20:30:02.007Z  FPAC/2018       roh           1485 reg. Kerzen        0/0/0 von 109  Tagen gewertet (1m/5m/15m)        0 Signale  26 ms lesen  11 ms rechnen
2026-09-09T20:30:02.041Z  FPAC/2019       roh           1595 reg. Kerzen        0/0/0 von 196  Tagen gewertet (1m/5m/15m)        0 Signale  14 ms lesen  14 ms rechnen
2026-09-09T20:30:02.161Z  FPAC/2020       roh          12600 reg. Kerzen        0/0/0 von 166  Tagen gewertet (1m/5m/15m)        0 Signale  31 ms lesen  82 ms rechnen
2026-09-09T20:30:06.542Z  FPAC/2021       roh          43174 reg. Kerzen       14/0/0 von 241  Tagen gewertet (1m/5m/15m)      390 Signale  75 ms lesen  4267 ms rechnen
2026-09-09T20:30:06.800Z  FPAC/2022       roh          15857 reg. Kerzen        0/0/0 von 251  Tagen gewertet (1m/5m/15m)        0 Signale  40 ms lesen  91 ms rechnen
2026-09-09T20:30:06.897Z  FPAC/2023       roh           3023 reg. Kerzen        0/0/0 von 44   Tagen gewertet (1m/5m/15m)        0 Signale  30 ms lesen  24 ms rechnen
2026-09-09T20:30:07.095Z  FRBK/2016       roh          22199 reg. Kerzen        0/0/0 von 252  Tagen gewertet (1m/5m/15m)        0 Signale  63 ms lesen  112 ms rechnen
2026-09-09T20:30:07.505Z  FRBK/2017       roh          36346 reg. Kerzen        0/0/0 von 251  Tagen gewertet (1m/5m/15m)        0 Signale  79 ms lesen  254 ms rechnen
2026-09-09T20:30:07.900Z  FRBK/2018       roh          37002 reg. Kerzen        0/0/0 von 251  Tagen gewertet (1m/5m/15m)        0 Signale  57 ms lesen  229 ms rechnen
2026-09-09T20:30:08.311Z  FRBK/2019       roh          36554 reg. Kerzen        0/0/0 von 252  Tagen gewertet (1m/5m/15m)        0 Signale  51 ms lesen  227 ms rechnen
2026-09-09T20:30:10.147Z  CHECKPOINT 2000 Dateien, 280 min, Detektorfehler {}
2026-09-09T20:30:10.382Z  FRBK/2020       roh          33349 reg. Kerzen        0/0/0 von 253  Tagen gewertet (1m/5m/15m)        0 Signale  54 ms lesen  180 ms rechnen
2026-09-09T20:30:10.743Z  FRBK/2021       roh          31342 reg. Kerzen        0/0/0 von 252  Tagen gewertet (1m/5m/15m)        0 Signale  57 ms lesen  197 ms rechnen
2026-09-09T20:30:11.178Z  FRBK/2022       roh          44274 reg. Kerzen        0/0/0 von 251  Tagen gewertet (1m/5m/15m)        0 Signale  60 ms lesen  278 ms rechnen
2026-09-09T20:30:11.642Z  FRBK/2023       roh          35624 reg. Kerzen        0/0/0 von 160  Tagen gewertet (1m/5m/15m)        0 Signale  62 ms lesen  261 ms rechnen
2026-09-09T20:30:11.759Z  AUSGELASSEN FRBK/2024: Datei fehlt
2026-09-09T20:30:11.813Z  FRG/2019        roh           1251 reg. Kerzen        0/0/0 von 31   Tagen gewertet (1m/5m/15m)        0 Signale  16 ms lesen  8 ms rechnen
2026-09-09T20:30:12.040Z  FRG/2020        roh          30557 reg. Kerzen        0/0/0 von 253  Tagen gewertet (1m/5m/15m)        0 Signale  49 ms lesen  173 ms rechnen
2026-09-09T20:30:12.429Z  FRG/2021        roh          41027 reg. Kerzen        0/0/0 von 252  Tagen gewertet (1m/5m/15m)        0 Signale  69 ms lesen  261 ms rechnen
2026-09-09T20:30:28.178Z  FRG/2022        roh          65576 reg. Kerzen       52/0/0 von 251  Tagen gewertet (1m/5m/15m)     1574 Signale  95 ms lesen  15558 ms rechnen
2026-09-09T20:30:45.101Z  FRG/2023        roh          45355 reg. Kerzen       56/0/0 von 158  Tagen gewertet (1m/5m/15m)     1295 Signale  60 ms lesen  16709 ms rechnen
2026-09-09T20:31:34.870Z  FRO/2016        bereinigt    84049 reg. Kerzen      161/0/0 von 252  Tagen gewertet (1m/5m/15m)     4783 Signale  116 ms lesen  49512 ms rechnen
2026-09-09T20:31:51.369Z  FRO/2017        roh          74555 reg. Kerzen       49/0/0 von 251  Tagen gewertet (1m/5m/15m)     1288 Signale  2186 ms lesen  14109 ms rechnen
2026-09-09T20:31:55.674Z  FRO/2018        roh          63997 reg. Kerzen        0/0/0 von 251  Tagen gewertet (1m/5m/15m)        0 Signale  3714 ms lesen  389 ms rechnen
2026-09-09T20:32:23.096Z  FRO/2019        roh          76636 reg. Kerzen       93/0/0 von 252  Tagen gewertet (1m/5m/15m)     2646 Signale  1171 ms lesen  26054 ms rechnen
2026-09-09T20:33:49.726Z  FRO/2020        roh          94364 reg. Kerzen      253/0/0 von 253  Tagen gewertet (1m/5m/15m)     7897 Signale  1328 ms lesen  85092 ms rechnen
2026-09-09T20:35:00.415Z  FRO/2021        roh          88180 reg. Kerzen      230/0/0 von 252  Tagen gewertet (1m/5m/15m)     6568 Signale  143 ms lesen  70278 ms rechnen
2026-09-09T20:36:23.923Z  FRO/2022        roh          93363 reg. Kerzen      249/0/0 von 251  Tagen gewertet (1m/5m/15m)     7554 Signale  691 ms lesen  82607 ms rechnen
2026-09-09T20:37:49.098Z  FRO/2023        roh          95522 reg. Kerzen      250/0/0 von 250  Tagen gewertet (1m/5m/15m)     7136 Signale  3597 ms lesen  81344 ms rechnen
2026-09-09T20:39:05.480Z  FRO/2024        roh          93735 reg. Kerzen      252/0/0 von 252  Tagen gewertet (1m/5m/15m)     6788 Signale  166 ms lesen  75993 ms rechnen
2026-09-09T20:40:25.630Z  FRO/2025        roh          93858 reg. Kerzen      250/0/0 von 250  Tagen gewertet (1m/5m/15m)     7030 Signale  718 ms lesen  79195 ms rechnen
2026-09-09T20:41:23.001Z  FRO/2026        roh          63125 reg. Kerzen      166/0/0 von 166  Tagen gewertet (1m/5m/15m)     4909 Signale  665 ms lesen  56460 ms rechnen
2026-09-09T20:41:28.036Z  FRTA/2016       roh          14130 reg. Kerzen       13/0/0 von 50   Tagen gewertet (1m/5m/15m)      382 Signale  521 ms lesen  4317 ms rechnen
2026-09-09T20:41:49.672Z  FRTA/2017       roh          73174 reg. Kerzen       60/0/0 von 251  Tagen gewertet (1m/5m/15m)     1941 Signale  1141 ms lesen  20461 ms rechnen
2026-09-09T20:41:53.602Z  FRTA/2018       roh          56056 reg. Kerzen        8/0/0 von 251  Tagen gewertet (1m/5m/15m)      250 Signale  910 ms lesen  2821 ms rechnen
2026-09-09T20:41:54.454Z  FRTA/2019       roh          47685 reg. Kerzen        0/0/0 von 252  Tagen gewertet (1m/5m/15m)        0 Signale  420 ms lesen  262 ms rechnen
2026-09-09T20:42:02.820Z  FRTA/2020       roh          68832 reg. Kerzen       25/0/0 von 253  Tagen gewertet (1m/5m/15m)      736 Signale  181 ms lesen  8075 ms rechnen
2026-09-09T20:42:06.106Z  FRTA/2021       roh          46498 reg. Kerzen       10/0/0 von 252  Tagen gewertet (1m/5m/15m)      216 Signale  87 ms lesen  3049 ms rechnen
2026-09-09T20:42:06.522Z  FRTA/2022       roh           9477 reg. Kerzen        1/0/0 von 52   Tagen gewertet (1m/5m/15m)       12 Signale  41 ms lesen  258 ms rechnen
2026-09-09T20:42:06.788Z  FSB/2016        roh          25180 reg. Kerzen        0/0/0 von 252  Tagen gewertet (1m/5m/15m)        0 Signale  74 ms lesen  125 ms rechnen
2026-09-09T20:42:07.029Z  FSB/2017        roh          25250 reg. Kerzen        0/0/0 von 251  Tagen gewertet (1m/5m/15m)        0 Signale  59 ms lesen  121 ms rechnen
2026-09-09T20:42:07.299Z  FSB/2018        roh          30650 reg. Kerzen        0/0/0 von 251  Tagen gewertet (1m/5m/15m)        0 Signale  37 ms lesen  163 ms rechnen
2026-09-09T20:42:07.583Z  FSB/2019        roh          25565 reg. Kerzen        0/0/0 von 252  Tagen gewertet (1m/5m/15m)        0 Signale  33 ms lesen  161 ms rechnen
2026-09-09T20:42:07.768Z  FSB/2020        roh          18307 reg. Kerzen        0/0/0 von 157  Tagen gewertet (1m/5m/15m)        0 Signale  36 ms lesen  83 ms rechnen
2026-09-09T20:42:07.876Z  FSII/2021       roh           7313 reg. Kerzen        0/0/0 von 206  Tagen gewertet (1m/5m/15m)        0 Signale  24 ms lesen  40 ms rechnen
2026-09-09T20:42:07.978Z  FSR/2018        roh            246 reg. Kerzen        0/0/0 von 37   Tagen gewertet (1m/5m/15m)        0 Signale  42 ms lesen  2 ms rechnen
2026-09-09T20:42:08.001Z  FSR/2019        roh            926 reg. Kerzen        0/0/0 von 179  Tagen gewertet (1m/5m/15m)        0 Signale  13 ms lesen  8 ms rechnen
2026-09-09T20:42:54.197Z  FSR/2020        roh          50949 reg. Kerzen      121/0/0 von 243  Tagen gewertet (1m/5m/15m)     4014 Signale  110 ms lesen  46083 ms rechnen
2026-09-09T20:44:27.610Z  FSR/2021        roh          97270 reg. Kerzen      250/0/0 von 252  Tagen gewertet (1m/5m/15m)     8104 Signale  188 ms lesen  93086 ms rechnen
2026-09-09T20:46:00.701Z  FSR/2022        roh          97062 reg. Kerzen      250/0/0 von 250  Tagen gewertet (1m/5m/15m)     8197 Signale  188 ms lesen  92680 ms rechnen
2026-09-09T20:47:40.192Z  FSR/2023        roh          96909 reg. Kerzen      250/0/0 von 250  Tagen gewertet (1m/5m/15m)     8230 Signale  4937 ms lesen  94314 ms rechnen
2026-09-09T20:48:02.643Z  FSR/2024        roh          22236 reg. Kerzen       57/0/0 von 58   Tagen gewertet (1m/5m/15m)     1933 Signale  79 ms lesen  22098 ms rechnen
2026-09-09T20:48:02.878Z  FSV/2016        roh          19578 reg. Kerzen        0/0/0 von 252  Tagen gewertet (1m/5m/15m)        0 Signale  53 ms lesen  95 ms rechnen
2026-09-09T20:48:03.113Z  FSV/2017        roh          21416 reg. Kerzen        0/0/0 von 251  Tagen gewertet (1m/5m/15m)        0 Signale  48 ms lesen  131 ms rechnen
2026-09-09T20:48:03.343Z  FSV/2018        roh          18043 reg. Kerzen        0/0/0 von 250  Tagen gewertet (1m/5m/15m)        0 Signale  43 ms lesen  118 ms rechnen
2026-09-09T20:48:03.542Z  FSV/2019        roh          20691 reg. Kerzen        0/0/0 von 252  Tagen gewertet (1m/5m/15m)        0 Signale  53 ms lesen  106 ms rechnen
2026-09-09T20:48:03.821Z  FSV/2020        roh          27745 reg. Kerzen        0/0/0 von 253  Tagen gewertet (1m/5m/15m)        0 Signale  60 ms lesen  175 ms rechnen
2026-09-09T20:48:04.081Z  FSV/2021        roh          19115 reg. Kerzen        0/0/0 von 252  Tagen gewertet (1m/5m/15m)        0 Signale  56 ms lesen  110 ms rechnen
2026-09-09T20:48:04.351Z  FSV/2022        roh          30466 reg. Kerzen        0/0/0 von 251  Tagen gewertet (1m/5m/15m)        0 Signale  73 ms lesen  152 ms rechnen
2026-09-09T20:48:04.645Z  FSV/2023        roh          23823 reg. Kerzen        0/0/0 von 250  Tagen gewertet (1m/5m/15m)        0 Signale  77 ms lesen  138 ms rechnen
2026-09-09T20:48:04.931Z  FSV/2024        roh          25036 reg. Kerzen        0/0/0 von 252  Tagen gewertet (1m/5m/15m)        0 Signale  64 ms lesen  155 ms rechnen
2026-09-09T20:48:05.247Z  FSV/2025        roh          31066 reg. Kerzen        0/0/0 von 250  Tagen gewertet (1m/5m/15m)        0 Signale  83 ms lesen  161 ms rechnen
2026-09-09T20:48:05.493Z  FSV/2026        roh          25694 reg. Kerzen        0/0/0 von 166  Tagen gewertet (1m/5m/15m)        0 Signale  48 ms lesen  137 ms rechnen
2026-09-09T20:48:17.627Z  FTDR/2018       roh          20313 reg. Kerzen       38/0/0 von 75   Tagen gewertet (1m/5m/15m)     1183 Signale  51 ms lesen  12019 ms rechnen
2026-09-09T20:48:45.891Z  FTDR/2019       roh          72651 reg. Kerzen       95/0/0 von 252  Tagen gewertet (1m/5m/15m)     2733 Signale  149 ms lesen  28065 ms rechnen
2026-09-09T20:49:10.844Z  FTDR/2020       roh          72187 reg. Kerzen       86/0/0 von 253  Tagen gewertet (1m/5m/15m)     2541 Signale  153 ms lesen  24618 ms rechnen
2026-09-09T20:49:25.807Z  FTDR/2021       roh          65331 reg. Kerzen       50/0/0 von 252  Tagen gewertet (1m/5m/15m)     1467 Signale  108 ms lesen  14640 ms rechnen
2026-09-09T20:50:24.824Z  FTDR/2022       roh          84309 reg. Kerzen      195/0/0 von 251  Tagen gewertet (1m/5m/15m)     5633 Signale  120 ms lesen  58722 ms rechnen
2026-09-09T20:50:55.726Z  FTDR/2023       roh          75606 reg. Kerzen      108/0/0 von 250  Tagen gewertet (1m/5m/15m)     2853 Signale  116 ms lesen  30570 ms rechnen
2026-09-09T20:51:25.875Z  FTDR/2024       roh          75436 reg. Kerzen      105/0/0 von 252  Tagen gewertet (1m/5m/15m)     2695 Signale  117 ms lesen  29810 ms rechnen
2026-09-09T20:51:51.112Z  FTDR/2025       roh          71548 reg. Kerzen       72/0/0 von 250  Tagen gewertet (1m/5m/15m)     2075 Signale  3324 ms lesen  21711 ms rechnen
2026-09-09T20:51:58.419Z  FTDR/2026       roh          44199 reg. Kerzen       24/0/0 von 166  Tagen gewertet (1m/5m/15m)      662 Signale  54 ms lesen  7050 ms rechnen
2026-09-09T20:51:58.614Z  FTNW/2017       roh            211 reg. Kerzen        0/0/0 von 11   Tagen gewertet (1m/5m/15m)        0 Signale  33 ms lesen  2 ms rechnen
2026-09-09T20:51:58.723Z  FTNW/2018       roh          14686 reg. Kerzen        0/0/0 von 251  Tagen gewertet (1m/5m/15m)        0 Signale  46 ms lesen  62 ms rechnen
2026-09-09T20:51:58.912Z  FTNW/2019       roh          20095 reg. Kerzen        0/0/0 von 207  Tagen gewertet (1m/5m/15m)        0 Signale  40 ms lesen  105 ms rechnen
2026-09-09T20:51:59.100Z  FTSV/2018       roh          15157 reg. Kerzen        0/0/0 von 128  Tagen gewertet (1m/5m/15m)        0 Signale  50 ms lesen  98 ms rechnen
2026-09-09T20:52:00.063Z  FTSV/2019       roh          46463 reg. Kerzen        2/0/0 von 252  Tagen gewertet (1m/5m/15m)       62 Signale  52 ms lesen  879 ms rechnen
2026-09-09T20:52:13.115Z  FTSV/2020       roh          21433 reg. Kerzen       39/0/0 von 66   Tagen gewertet (1m/5m/15m)     1050 Signale  44 ms lesen  12894 ms rechnen
2026-09-09T20:53:02.275Z  FULT/2016       roh          83329 reg. Kerzen      168/0/0 von 252  Tagen gewertet (1m/5m/15m)     4077 Signale  130 ms lesen  48953 ms rechnen
2026-09-09T20:53:35.583Z  FULT/2017       roh          76295 reg. Kerzen      103/0/0 von 251  Tagen gewertet (1m/5m/15m)     2595 Signale  117 ms lesen  32933 ms rechnen
2026-09-09T20:54:31.533Z  FULT/2018       roh          82449 reg. Kerzen      173/0/0 von 251  Tagen gewertet (1m/5m/15m)     4362 Signale  110 ms lesen  55622 ms rechnen
2026-09-09T20:55:42.285Z  FULT/2019       roh          88001 reg. Kerzen      237/0/0 von 252  Tagen gewertet (1m/5m/15m)     5559 Signale  117 ms lesen  70400 ms rechnen
2026-09-09T20:57:03.111Z  FULT/2020       roh          90753 reg. Kerzen      246/0/0 von 253  Tagen gewertet (1m/5m/15m)     6973 Signale  135 ms lesen  80424 ms rechnen
2026-09-09T20:58:09.366Z  FULT/2021       roh          86215 reg. Kerzen      213/0/0 von 252  Tagen gewertet (1m/5m/15m)     5386 Signale  142 ms lesen  65887 ms rechnen
2026-09-09T20:59:22.127Z  FULT/2022       roh          88648 reg. Kerzen      236/0/0 von 251  Tagen gewertet (1m/5m/15m)     5861 Signale  153 ms lesen  72369 ms rechnen
2026-09-09T21:00:32.349Z  FULT/2023       roh          87681 reg. Kerzen      229/0/0 von 250  Tagen gewertet (1m/5m/15m)     6054 Signale  115 ms lesen  69905 ms rechnen
2026-09-09T21:01:40.906Z  FULT/2024       roh          87519 reg. Kerzen      229/0/0 von 252  Tagen gewertet (1m/5m/15m)     5755 Signale  337 ms lesen  68008 ms rechnen
2026-09-09T21:02:53.052Z  FULT/2025       roh          88859 reg. Kerzen      236/0/0 von 250  Tagen gewertet (1m/5m/15m)     5854 Signale  170 ms lesen  71710 ms rechnen
2026-09-09T21:03:45.450Z  FULT/2026       roh          61488 reg. Kerzen      166/0/0 von 166  Tagen gewertet (1m/5m/15m)     4043 Signale  101 ms lesen  52071 ms rechnen
2026-09-09T21:03:46.107Z  FVE/2016        bereinigt    46172 reg. Kerzen        0/0/0 von 252  Tagen gewertet (1m/5m/15m)        0 Signale  134 ms lesen  288 ms rechnen
2026-09-09T21:03:46.322Z  FVE/2017        bereinigt    15590 reg. Kerzen        0/0/0 von 251  Tagen gewertet (1m/5m/15m)        0 Signale  25 ms lesen  81 ms rechnen
2026-09-09T21:03:46.452Z  FVE/2018        bereinigt    12659 reg. Kerzen        0/0/0 von 251  Tagen gewertet (1m/5m/15m)        0 Signale  17 ms lesen  72 ms rechnen
2026-09-09T21:03:46.550Z  FVE/2019        bereinigt     8663 reg. Kerzen        0/0/0 von 252  Tagen gewertet (1m/5m/15m)        0 Signale  15 ms lesen  59 ms rechnen
2026-09-09T21:03:46.830Z  FVE/2020        roh          30134 reg. Kerzen        0/0/0 von 253  Tagen gewertet (1m/5m/15m)        0 Signale  111 ms lesen  148 ms rechnen
2026-09-09T21:03:47.174Z  FVE/2021        roh          32179 reg. Kerzen        0/0/0 von 252  Tagen gewertet (1m/5m/15m)        0 Signale  53 ms lesen  187 ms rechnen
2026-09-09T21:03:47.290Z  FVE/2022        roh           1341 reg. Kerzen        0/0/0 von 18   Tagen gewertet (1m/5m/15m)        0 Signale  12 ms lesen  17 ms rechnen
2026-09-09T21:04:00.109Z  FWONK/2016      bereinigt    50805 reg. Kerzen       44/0/0 von 180  Tagen gewertet (1m/5m/15m)     1140 Signale  137 ms lesen  12662 ms rechnen
2026-09-09T21:04:54.825Z  FWONK/2017      bereinigt    82570 reg. Kerzen      183/0/0 von 251  Tagen gewertet (1m/5m/15m)     4892 Signale  427 ms lesen  54143 ms rechnen
2026-09-09T21:06:01.258Z  FWONK/2018      bereinigt    85420 reg. Kerzen      220/0/0 von 251  Tagen gewertet (1m/5m/15m)     6049 Signale  197 ms lesen  65963 ms rechnen
2026-09-09T21:06:52.482Z  FWONK/2019      bereinigt    79802 reg. Kerzen      156/0/0 von 252  Tagen gewertet (1m/5m/15m)     4261 Signale  7602 ms lesen  43406 ms rechnen
2026-09-09T21:07:55.030Z  FWONK/2020      bereinigt    86050 reg. Kerzen      196/0/0 von 253  Tagen gewertet (1m/5m/15m)     5787 Signale  196 ms lesen  62141 ms rechnen
2026-09-09T21:08:31.794Z  FWONK/2021      bereinigt    77755 reg. Kerzen      132/0/0 von 252  Tagen gewertet (1m/5m/15m)     3483 Signale  189 ms lesen  36353 ms rechnen
2026-09-09T21:09:26.244Z  FWONK/2022      bereinigt    83352 reg. Kerzen      183/0/0 von 251  Tagen gewertet (1m/5m/15m)     4997 Signale  205 ms lesen  54030 ms rechnen
2026-09-09T21:10:11.970Z  FWONK/2023      bereinigt    79934 reg. Kerzen      158/0/0 von 250  Tagen gewertet (1m/5m/15m)     4110 Signale  166 ms lesen  45317 ms rechnen
2026-09-09T21:11:03.364Z  FWONK/2024      roh          82948 reg. Kerzen      179/0/0 von 252  Tagen gewertet (1m/5m/15m)     4496 Signale  119 ms lesen  51088 ms rechnen
2026-09-09T21:11:56.808Z  FWONK/2025      roh          81123 reg. Kerzen      164/0/0 von 250  Tagen gewertet (1m/5m/15m)     4487 Signale  4048 ms lesen  49176 ms rechnen
2026-09-09T21:12:47.635Z  FWONK/2026      roh          59635 reg. Kerzen      162/0/0 von 166  Tagen gewertet (1m/5m/15m)     4429 Signale  84 ms lesen  50540 ms rechnen
2026-09-09T21:12:47.882Z  FZT/2021        roh           1669 reg. Kerzen        0/0/0 von 126  Tagen gewertet (1m/5m/15m)        0 Signale  27 ms lesen  13 ms rechnen
2026-09-09T21:12:47.922Z  FZT/2022        roh           1573 reg. Kerzen        0/0/0 von 211  Tagen gewertet (1m/5m/15m)        0 Signale  17 ms lesen  16 ms rechnen
2026-09-09T21:12:47.955Z  FZT/2023        roh           1794 reg. Kerzen        0/0/0 von 170  Tagen gewertet (1m/5m/15m)        0 Signale  11 ms lesen  15 ms rechnen
2026-09-09T21:13:31.628Z  GAN/2020        roh          58413 reg. Kerzen      125/0/0 von 168  Tagen gewertet (1m/5m/15m)     4124 Signale  117 ms lesen  43537 ms rechnen
2026-09-09T21:14:26.784Z  GAN/2021        roh          81950 reg. Kerzen      157/0/0 von 252  Tagen gewertet (1m/5m/15m)     5024 Signale  131 ms lesen  54844 ms rechnen
2026-09-09T21:14:30.571Z  GAN/2022        roh          60244 reg. Kerzen       10/0/0 von 251  Tagen gewertet (1m/5m/15m)      311 Signale  98 ms lesen  3446 ms rechnen
2026-09-09T21:14:31.009Z  GAN/2023        roh          36164 reg. Kerzen        0/0/0 von 250  Tagen gewertet (1m/5m/15m)        0 Signale  69 ms lesen  208 ms rechnen
2026-09-09T21:14:31.314Z  GAN/2024        roh          23633 reg. Kerzen        0/0/0 von 252  Tagen gewertet (1m/5m/15m)        0 Signale  62 ms lesen  125 ms rechnen
2026-09-09T21:14:31.478Z  GAN/2025        roh           9305 reg. Kerzen        0/0/0 von 98   Tagen gewertet (1m/5m/15m)        0 Signale  28 ms lesen  70 ms rechnen
2026-09-09T21:15:03.228Z  GATX/2016       roh          77784 reg. Kerzen      106/0/0 von 252  Tagen gewertet (1m/5m/15m)     2875 Signale  112 ms lesen  31582 ms rechnen
2026-09-09T21:15:10.489Z  GATX/2017       roh          63361 reg. Kerzen       24/0/0 von 251  Tagen gewertet (1m/5m/15m)      672 Signale  114 ms lesen  6936 ms rechnen
2026-09-09T21:15:16.538Z  GATX/2018       roh          60166 reg. Kerzen       19/0/0 von 251  Tagen gewertet (1m/5m/15m)      520 Signale  100 ms lesen  5773 ms rechnen
2026-09-09T21:15:18.367Z  GATX/2019       roh          55403 reg. Kerzen        5/0/0 von 252  Tagen gewertet (1m/5m/15m)      116 Signale  93 ms lesen  1590 ms rechnen
2026-09-09T21:15:27.797Z  GATX/2020       roh          61542 reg. Kerzen       31/0/0 von 253  Tagen gewertet (1m/5m/15m)      906 Signale  111 ms lesen  9178 ms rechnen
2026-09-09T21:15:29.111Z  GATX/2021       roh          41859 reg. Kerzen        3/0/0 von 252  Tagen gewertet (1m/5m/15m)       84 Signale  81 ms lesen  1042 ms rechnen
2026-09-09T21:15:29.483Z  GATX/2022       roh          37300 reg. Kerzen        0/0/0 von 250  Tagen gewertet (1m/5m/15m)        0 Signale  81 ms lesen  200 ms rechnen
2026-09-09T21:15:29.841Z  GATX/2023       roh          30834 reg. Kerzen        0/0/0 von 250  Tagen gewertet (1m/5m/15m)        0 Signale  77 ms lesen  173 ms rechnen
2026-09-09T21:15:30.178Z  GATX/2024       roh          30279 reg. Kerzen        0/0/0 von 252  Tagen gewertet (1m/5m/15m)        0 Signale  64 ms lesen  178 ms rechnen
2026-09-09T21:15:30.494Z  GATX/2025       roh          30554 reg. Kerzen        0/0/0 von 250  Tagen gewertet (1m/5m/15m)        0 Signale  59 ms lesen  173 ms rechnen
2026-09-09T21:15:30.723Z  GATX/2026       roh          20918 reg. Kerzen        0/0/0 von 166  Tagen gewertet (1m/5m/15m)        0 Signale  40 ms lesen  100 ms rechnen
2026-09-09T21:15:30.966Z  GBNK/2016       roh          17914 reg. Kerzen        0/0/0 von 252  Tagen gewertet (1m/5m/15m)        0 Signale  58 ms lesen  104 ms rechnen
2026-09-09T21:15:31.257Z  GBNK/2017       roh          32006 reg. Kerzen        0/0/0 von 251  Tagen gewertet (1m/5m/15m)        0 Signale  65 ms lesen  170 ms rechnen
2026-09-09T21:15:31.580Z  GBNK/2018       roh          34096 reg. Kerzen        0/0/0 von 251  Tagen gewertet (1m/5m/15m)        0 Signale  67 ms lesen  178 ms rechnen
2026-09-09T21:15:31.742Z  GCAC/2021       roh           2892 reg. Kerzen        0/0/0 von 185  Tagen gewertet (1m/5m/15m)        0 Signale  19 ms lesen  19 ms rechnen
2026-09-09T21:15:31.776Z  GCAC/2022       roh           1253 reg. Kerzen        0/0/0 von 28   Tagen gewertet (1m/5m/15m)        0 Signale  13 ms lesen  10 ms rechnen
2026-09-09T21:15:31.891Z  GDF/2016        roh           9523 reg. Kerzen        0/0/0 von 165  Tagen gewertet (1m/5m/15m)        0 Signale  34 ms lesen  53 ms rechnen
2026-09-09T21:15:33.117Z  GEAR/2024       roh           6850 reg. Kerzen        3/0/0 von 23   Tagen gewertet (1m/5m/15m)       34 Signale  14 ms lesen  1166 ms rechnen
2026-09-09T21:15:33.802Z  GEAR/2025       roh            719 reg. Kerzen        2/0/0 von 2    Tagen gewertet (1m/5m/15m)       43 Signale  11 ms lesen  650 ms rechnen
2026-09-09T21:15:33.863Z  GEHI/2022       bereinigt     2829 reg. Kerzen        0/0/0 von 148  Tagen gewertet (1m/5m/15m)        0 Signale  31 ms lesen  17 ms rechnen
2026-09-09T21:15:33.906Z  GEHI/2023       bereinigt      879 reg. Kerzen        0/0/0 von 159  Tagen gewertet (1m/5m/15m)        0 Signale  28 ms lesen  7 ms rechnen
2026-09-09T21:16:43.406Z  GES/2016        roh          90262 reg. Kerzen      225/0/0 von 252  Tagen gewertet (1m/5m/15m)     6089 Signale  126 ms lesen  69350 ms rechnen
2026-09-09T21:18:01.482Z  GES/2017        roh          89818 reg. Kerzen      243/0/0 von 251  Tagen gewertet (1m/5m/15m)     6938 Signale  136 ms lesen  77690 ms rechnen
2026-09-09T21:19:15.705Z  GES/2018        roh          88343 reg. Kerzen      229/0/0 von 251  Tagen gewertet (1m/5m/15m)     6664 Signale  209 ms lesen  73814 ms rechnen
2026-09-09T21:20:32.953Z  GES/2019        roh          92048 reg. Kerzen      245/0/0 von 252  Tagen gewertet (1m/5m/15m)     6919 Signale  132 ms lesen  76878 ms rechnen
2026-09-09T21:22:26.287Z  GES/2020        roh          92460 reg. Kerzen      247/0/0 von 253  Tagen gewertet (1m/5m/15m)     7809 Signale  22881 ms lesen  90204 ms rechnen
2026-09-09T21:23:30.069Z  GES/2021        roh          83814 reg. Kerzen      198/0/0 von 252  Tagen gewertet (1m/5m/15m)     5885 Signale  115 ms lesen  63388 ms rechnen
2026-09-09T21:24:44.450Z  GES/2022        roh          87355 reg. Kerzen      228/0/0 von 251  Tagen gewertet (1m/5m/15m)     6842 Signale  136 ms lesen  74021 ms rechnen
2026-09-09T21:25:46.664Z  GES/2023        roh          84710 reg. Kerzen      208/0/0 von 250  Tagen gewertet (1m/5m/15m)     5484 Signale  112 ms lesen  61824 ms rechnen
2026-09-09T21:26:38.412Z  GES/2024        roh          82221 reg. Kerzen      175/0/0 von 252  Tagen gewertet (1m/5m/15m)     4681 Signale  132 ms lesen  51395 ms rechnen
2026-09-09T21:27:04.875Z  GES/2025        roh          69880 reg. Kerzen       81/0/0 von 250  Tagen gewertet (1m/5m/15m)     2277 Signale  91 ms lesen  26144 ms rechnen
2026-09-09T21:27:05.133Z  GES/2026        roh           3241 reg. Kerzen        0/0/0 von 14   Tagen gewertet (1m/5m/15m)        0 Signale  15 ms lesen  27 ms rechnen
2026-09-09T21:27:07.096Z  GFF/2016        roh          48238 reg. Kerzen        6/0/0 von 252  Tagen gewertet (1m/5m/15m)      153 Signale  81 ms lesen  1861 ms rechnen
2026-09-09T21:27:07.441Z  GFF/2017        roh          32959 reg. Kerzen        0/0/0 von 251  Tagen gewertet (1m/5m/15m)        0 Signale  68 ms lesen  173 ms rechnen
2026-09-09T21:27:07.842Z  GFF/2018        roh          42878 reg. Kerzen        0/0/0 von 251  Tagen gewertet (1m/5m/15m)        0 Signale  87 ms lesen  226 ms rechnen
2026-09-09T21:27:08.295Z  GFF/2019        roh          47275 reg. Kerzen        0/0/0 von 252  Tagen gewertet (1m/5m/15m)        0 Signale  69 ms lesen  274 ms rechnen
2026-09-09T21:27:14.648Z  GFF/2020        roh          58429 reg. Kerzen       19/0/0 von 253  Tagen gewertet (1m/5m/15m)      600 Signale  105 ms lesen  6118 ms rechnen
2026-09-09T21:27:15.212Z  GFF/2021        roh          48972 reg. Kerzen        0/0/0 von 252  Tagen gewertet (1m/5m/15m)        0 Signale  92 ms lesen  293 ms rechnen
2026-09-09T21:27:20.473Z  GFF/2022        roh          63588 reg. Kerzen       16/0/0 von 251  Tagen gewertet (1m/5m/15m)      490 Signale  122 ms lesen  5006 ms rechnen
2026-09-09T21:27:33.427Z  GFF/2023        roh          67805 reg. Kerzen       43/0/0 von 250  Tagen gewertet (1m/5m/15m)     1217 Signale  106 ms lesen  12694 ms rechnen
2026-09-09T21:27:37.777Z  GFF/2024        roh          60397 reg. Kerzen       12/0/0 von 252  Tagen gewertet (1m/5m/15m)      333 Signale  105 ms lesen  4071 ms rechnen
2026-09-09T21:27:41.221Z  GFF/2025        roh          52924 reg. Kerzen        9/0/0 von 250  Tagen gewertet (1m/5m/15m)      254 Signale  97 ms lesen  3168 ms rechnen
2026-09-09T21:27:41.813Z  GFF/2026        roh          30948 reg. Kerzen        1/0/0 von 166  Tagen gewertet (1m/5m/15m)       16 Signale  48 ms lesen  394 ms rechnen
2026-09-09T21:29:05.135Z  GG/2016         roh          98048 reg. Kerzen      232/0/0 von 252  Tagen gewertet (1m/5m/15m)     6941 Signale  207 ms lesen  83018 ms rechnen
2026-09-09T21:30:30.590Z  GG/2017         roh          97079 reg. Kerzen      251/0/0 von 251  Tagen gewertet (1m/5m/15m)     6565 Signale  147 ms lesen  85029 ms rechnen
2026-09-09T21:31:58.652Z  GG/2018         roh          96931 reg. Kerzen      251/0/0 von 251  Tagen gewertet (1m/5m/15m)     6832 Signale  526 ms lesen  87279 ms rechnen
2026-09-09T21:32:25.136Z  GG/2019         roh          28763 reg. Kerzen       74/0/0 von 74   Tagen gewertet (1m/5m/15m)     1942 Signale  42 ms lesen  26189 ms rechnen
2026-09-09T21:33:42.980Z  GGP/2016        roh          97266 reg. Kerzen      232/0/0 von 252  Tagen gewertet (1m/5m/15m)     5585 Signale  142 ms lesen  77589 ms rechnen
2026-09-09T21:35:07.729Z  GGP/2017        roh          96963 reg. Kerzen      251/0/0 von 251  Tagen gewertet (1m/5m/15m)     6204 Signale  340 ms lesen  84150 ms rechnen
2026-09-09T21:36:03.818Z  GGP/2018        roh          63618 reg. Kerzen      165/0/0 von 165  Tagen gewertet (1m/5m/15m)     3734 Signale  103 ms lesen  55685 ms rechnen
2026-09-09T21:36:06.586Z  GHIX/2022       roh           1386 reg. Kerzen        0/0/0 von 160  Tagen gewertet (1m/5m/15m)        0 Signale  2588 ms lesen  12 ms rechnen
2026-09-09T21:36:06.678Z  GHIX/2023       roh           2619 reg. Kerzen        0/0/0 von 226  Tagen gewertet (1m/5m/15m)        0 Signale  76 ms lesen  12 ms rechnen
2026-09-09T21:36:07.034Z  GHIX/2024       roh            487 reg. Kerzen        0/0/0 von 136  Tagen gewertet (1m/5m/15m)        0 Signale  344 ms lesen  6 ms rechnen
2026-09-09T21:36:17.130Z  GIB/2016        roh          62728 reg. Kerzen       25/0/0 von 252  Tagen gewertet (1m/5m/15m)      650 Signale  2968 ms lesen  7059 ms rechnen
2026-09-09T21:36:21.148Z  GIB/2017        roh          60852 reg. Kerzen        9/0/0 von 251  Tagen gewertet (1m/5m/15m)      197 Signale  1280 ms lesen  2562 ms rechnen
2026-09-09T21:36:35.451Z  GIB/2018        roh          65550 reg. Kerzen       41/0/0 von 251  Tagen gewertet (1m/5m/15m)      997 Signale  3911 ms lesen  10200 ms rechnen
2026-09-09T21:36:37.739Z  GIB/2019        roh          58008 reg. Kerzen        7/0/0 von 252  Tagen gewertet (1m/5m/15m)      159 Signale  99 ms lesen  2013 ms rechnen
2026-09-09T21:36:55.156Z  GIB/2020        roh          65937 reg. Kerzen       57/0/0 von 253  Tagen gewertet (1m/5m/15m)     1621 Signale  152 ms lesen  17094 ms rechnen
2026-09-09T21:36:57.566Z  GIB/2021        roh          51193 reg. Kerzen        7/0/0 von 252  Tagen gewertet (1m/5m/15m)      180 Signale  99 ms lesen  2141 ms rechnen
2026-09-09T21:37:00.262Z  GIB/2022        roh          54176 reg. Kerzen        8/0/0 von 250  Tagen gewertet (1m/5m/15m)      208 Signale  89 ms lesen  2451 ms rechnen
2026-09-09T21:37:01.293Z  GIB/2023        roh          46499 reg. Kerzen        2/0/0 von 250  Tagen gewertet (1m/5m/15m)       50 Signale  70 ms lesen  806 ms rechnen
2026-09-09T21:37:01.765Z  GIB/2024        roh          42989 reg. Kerzen        0/0/0 von 252  Tagen gewertet (1m/5m/15m)        0 Signale  69 ms lesen  273 ms rechnen
2026-09-09T21:37:05.643Z  GIB/2025        roh          57944 reg. Kerzen       12/0/0 von 250  Tagen gewertet (1m/5m/15m)      315 Signale  90 ms lesen  3659 ms rechnen
2026-09-09T21:37:17.698Z  GIB/2026        roh          47325 reg. Kerzen       41/0/0 von 166  Tagen gewertet (1m/5m/15m)     1127 Signale  69 ms lesen  11855 ms rechnen
2026-09-09T21:38:35.792Z  GILD/2016       roh          98041 reg. Kerzen      232/0/0 von 252  Tagen gewertet (1m/5m/15m)     5594 Signale  152 ms lesen  77802 ms rechnen
2026-09-09T21:39:59.462Z  GILD/2017       roh          97528 reg. Kerzen      251/0/0 von 251  Tagen gewertet (1m/5m/15m)     5672 Signale  138 ms lesen  83244 ms rechnen
2026-09-09T21:41:23.832Z  GILD/2018       roh          96571 reg. Kerzen      249/0/0 von 251  Tagen gewertet (1m/5m/15m)     6301 Signale  131 ms lesen  83951 ms rechnen
2026-09-09T21:42:47.452Z  GILD/2019       roh          97739 reg. Kerzen      252/0/0 von 252  Tagen gewertet (1m/5m/15m)     6022 Signale  200 ms lesen  83188 ms rechnen
2026-09-09T21:44:13.707Z  GILD/2020       roh          98250 reg. Kerzen      253/0/0 von 253  Tagen gewertet (1m/5m/15m)     6584 Signale  173 ms lesen  85802 ms rechnen
2026-09-09T21:45:39.225Z  GILD/2021       roh          98083 reg. Kerzen      252/0/0 von 252  Tagen gewertet (1m/5m/15m)     5697 Signale  159 ms lesen  85089 ms rechnen
2026-09-09T21:47:02.897Z  GILD/2022       roh          97706 reg. Kerzen      251/0/0 von 251  Tagen gewertet (1m/5m/15m)     6051 Signale  167 ms lesen  83231 ms rechnen
2026-09-09T21:48:27.112Z  GILD/2023       roh          97129 reg. Kerzen      250/0/0 von 250  Tagen gewertet (1m/5m/15m)     5647 Signale  137 ms lesen  83831 ms rechnen
2026-09-09T21:49:51.218Z  GILD/2024       roh          97727 reg. Kerzen      252/0/0 von 252  Tagen gewertet (1m/5m/15m)     5754 Signale  155 ms lesen  83700 ms rechnen
2026-09-09T21:51:16.453Z  GILD/2025       roh          96903 reg. Kerzen      250/0/0 von 250  Tagen gewertet (1m/5m/15m)     6157 Signale  158 ms lesen  84848 ms rechnen
2026-09-09T21:52:14.697Z  GILD/2026       roh          64692 reg. Kerzen      166/0/0 von 166  Tagen gewertet (1m/5m/15m)     4231 Signale  1183 ms lesen  56787 ms rechnen
2026-09-09T21:52:14.947Z  GLAQ/2021       roh           4231 reg. Kerzen        0/0/0 von 181  Tagen gewertet (1m/5m/15m)        0 Signale  27 ms lesen  20 ms rechnen
2026-09-09T21:52:14.980Z  GLAQ/2022       roh            920 reg. Kerzen        0/0/0 von 102  Tagen gewertet (1m/5m/15m)        0 Signale  14 ms lesen  8 ms rechnen
2026-09-09T21:52:15.455Z  GLF/2016        roh          61502 reg. Kerzen        0/0/0 von 252  Tagen gewertet (1m/5m/15m)        0 Signale  97 ms lesen  360 ms rechnen
2026-09-09T21:52:15.789Z  GLF/2017        roh          14252 reg. Kerzen        0/0/0 von 98   Tagen gewertet (1m/5m/15m)        0 Signale  37 ms lesen  118 ms rechnen
2026-09-09T21:52:15.913Z  GLF/2018        roh           9124 reg. Kerzen        0/0/0 von 222  Tagen gewertet (1m/5m/15m)        0 Signale  33 ms lesen  43 ms rechnen
2026-09-09T21:52:16.209Z  GLPG/2016       roh          34181 reg. Kerzen        0/0/0 von 252  Tagen gewertet (1m/5m/15m)        0 Signale  77 ms lesen  189 ms rechnen
2026-09-09T21:52:18.703Z  GLPG/2017       roh          41102 reg. Kerzen        8/0/0 von 251  Tagen gewertet (1m/5m/15m)      214 Signale  72 ms lesen  2333 ms rechnen
2026-09-09T21:52:19.255Z  GLPG/2018       roh          37021 reg. Kerzen        1/0/0 von 251  Tagen gewertet (1m/5m/15m)       27 Signale  62 ms lesen  392 ms rechnen
2026-09-09T21:52:20.213Z  GLPG/2019       roh          41609 reg. Kerzen        2/0/0 von 252  Tagen gewertet (1m/5m/15m)       58 Signale  70 ms lesen  776 ms rechnen
2026-09-09T21:52:22.397Z  GLPG/2020       roh          46101 reg. Kerzen        7/0/0 von 253  Tagen gewertet (1m/5m/15m)      199 Signale  82 ms lesen  1970 ms rechnen
2026-09-09T21:52:25.467Z  GLPG/2021       roh          53974 reg. Kerzen        9/0/0 von 252  Tagen gewertet (1m/5m/15m)      264 Signale  90 ms lesen  2885 ms rechnen
2026-09-09T21:52:28.565Z  GLPG/2022       roh          52727 reg. Kerzen        9/0/0 von 251  Tagen gewertet (1m/5m/15m)      248 Signale  110 ms lesen  2819 ms rechnen
2026-09-09T21:52:29.747Z  GLPG/2023       roh          40156 reg. Kerzen        3/0/0 von 250  Tagen gewertet (1m/5m/15m)       70 Signale  60 ms lesen  1004 ms rechnen
2026-09-09T21:52:30.149Z  GLPG/2024       roh          33395 reg. Kerzen        0/0/0 von 252  Tagen gewertet (1m/5m/15m)        0 Signale  77 ms lesen  201 ms rechnen
2026-09-09T21:52:30.801Z  GLPG/2025       roh          41459 reg. Kerzen        1/0/0 von 250  Tagen gewertet (1m/5m/15m)       25 Signale  60 ms lesen  504 ms rechnen
2026-09-09T21:52:31.025Z  GLPG/2026       roh          11242 reg. Kerzen        0/0/0 von 87   Tagen gewertet (1m/5m/15m)        0 Signale  24 ms lesen  58 ms rechnen
2026-09-09T21:52:58.613Z  GLUU/2016       roh          87461 reg. Kerzen       72/0/0 von 252  Tagen gewertet (1m/5m/15m)     2295 Signale  112 ms lesen  27453 ms rechnen
2026-09-09T21:54:18.735Z  GLUU/2017       roh          89159 reg. Kerzen      223/0/0 von 251  Tagen gewertet (1m/5m/15m)     6748 Signale  112 ms lesen  79769 ms rechnen
2026-09-09T21:55:35.563Z  GLUU/2018       roh          90458 reg. Kerzen      222/0/0 von 251  Tagen gewertet (1m/5m/15m)     6663 Signale  150 ms lesen  76389 ms rechnen
2026-09-09T21:57:04.090Z  GLUU/2019       roh          94934 reg. Kerzen      252/0/0 von 252  Tagen gewertet (1m/5m/15m)     7766 Signale  131 ms lesen  88147 ms rechnen
2026-09-09T21:58:37.144Z  GLUU/2020       roh          96957 reg. Kerzen      253/0/0 von 253  Tagen gewertet (1m/5m/15m)     7925 Signale  134 ms lesen  92665 ms rechnen
2026-09-09T21:58:39.134Z  CHECKPOINT 2200 Dateien, 368 min, Detektorfehler {}
2026-09-09T21:59:07.171Z  GLUU/2021       roh          29952 reg. Kerzen       78/0/0 von 80   Tagen gewertet (1m/5m/15m)     1666 Signale  602 ms lesen  27434 ms rechnen
2026-09-09T22:00:26.297Z  GME/2016        bereinigt    97097 reg. Kerzen      232/0/0 von 252  Tagen gewertet (1m/5m/15m)     6312 Signale  134 ms lesen  78900 ms rechnen
2026-09-09T22:01:49.885Z  GME/2017        bereinigt    95612 reg. Kerzen      251/0/0 von 251  Tagen gewertet (1m/5m/15m)     6659 Signale  118 ms lesen  83218 ms rechnen
2026-09-09T22:03:18.845Z  GME/2018        bereinigt    96463 reg. Kerzen      251/0/0 von 251  Tagen gewertet (1m/5m/15m)     7430 Signale  144 ms lesen  88536 ms rechnen
2026-09-09T22:04:51.657Z  GME/2019        bereinigt    97040 reg. Kerzen      252/0/0 von 252  Tagen gewertet (1m/5m/15m)     7774 Signale  164 ms lesen  92401 ms rechnen
2026-09-09T22:06:30.864Z  GME/2020        bereinigt    96276 reg. Kerzen      253/0/0 von 253  Tagen gewertet (1m/5m/15m)     8376 Signale  157 ms lesen  98781 ms rechnen
2026-09-09T22:08:09.749Z  GME/2021        bereinigt    95770 reg. Kerzen      250/0/0 von 252  Tagen gewertet (1m/5m/15m)     8328 Signale  179 ms lesen  98459 ms rechnen
2026-09-09T22:09:48.958Z  GME/2022        bereinigt    96687 reg. Kerzen      250/0/0 von 251  Tagen gewertet (1m/5m/15m)     8347 Signale  167 ms lesen  98790 ms rechnen
2026-09-09T22:11:23.582Z  GME/2023        roh          96729 reg. Kerzen      250/0/0 von 250  Tagen gewertet (1m/5m/15m)     7780 Signale  160 ms lesen  94215 ms rechnen
2026-09-09T22:13:00.280Z  GME/2024        roh          97299 reg. Kerzen      252/0/0 von 252  Tagen gewertet (1m/5m/15m)     7970 Signale  297 ms lesen  96135 ms rechnen
2026-09-09T22:14:22.280Z  GME/2025        roh          96859 reg. Kerzen      229/0/0 von 250  Tagen gewertet (1m/5m/15m)     6823 Signale  185 ms lesen  81519 ms rechnen
2026-09-09T22:15:21.538Z  GME/2026        roh          64549 reg. Kerzen      166/0/0 von 166  Tagen gewertet (1m/5m/15m)     4722 Signale  132 ms lesen  58827 ms rechnen
2026-09-09T22:15:21.931Z  GMRE/2016       bereinigt    18314 reg. Kerzen        0/0/0 von 129  Tagen gewertet (1m/5m/15m)        0 Signale  46 ms lesen  119 ms rechnen
2026-09-09T22:15:22.282Z  GMRE/2017       bereinigt    36083 reg. Kerzen        0/0/0 von 251  Tagen gewertet (1m/5m/15m)        0 Signale  107 ms lesen  193 ms rechnen
2026-09-09T22:15:22.628Z  GMRE/2018       bereinigt    34668 reg. Kerzen        0/0/0 von 251  Tagen gewertet (1m/5m/15m)        0 Signale  48 ms lesen  206 ms rechnen
2026-09-09T22:15:23.107Z  GMRE/2019       bereinigt    52453 reg. Kerzen        0/0/0 von 252  Tagen gewertet (1m/5m/15m)        0 Signale  119 ms lesen  266 ms rechnen
2026-09-09T22:15:27.821Z  GMRE/2020       bereinigt    61236 reg. Kerzen       13/0/0 von 253  Tagen gewertet (1m/5m/15m)      413 Signale  107 ms lesen  4464 ms rechnen
2026-09-09T22:15:31.133Z  GMRE/2021       bereinigt    62582 reg. Kerzen        9/0/0 von 252  Tagen gewertet (1m/5m/15m)      214 Signale  178 ms lesen  2965 ms rechnen
2026-09-09T22:15:44.689Z  GMRE/2022       bereinigt    69646 reg. Kerzen       44/0/0 von 251  Tagen gewertet (1m/5m/15m)     1198 Signale  136 ms lesen  13266 ms rechnen
2026-09-09T22:15:45.323Z  GMRE/2023       bereinigt    63018 reg. Kerzen        0/0/0 von 250  Tagen gewertet (1m/5m/15m)        0 Signale  115 ms lesen  331 ms rechnen
2026-09-09T22:15:45.961Z  GMRE/2024       bereinigt    59824 reg. Kerzen        0/0/0 von 252  Tagen gewertet (1m/5m/15m)        0 Signale  91 ms lesen  381 ms rechnen
2026-09-09T22:15:46.585Z  GMRE/2025       bereinigt    58300 reg. Kerzen        0/0/0 von 250  Tagen gewertet (1m/5m/15m)        0 Signale  107 ms lesen  345 ms rechnen
2026-09-09T22:15:46.806Z  GMRE/2026       roh           2995 reg. Kerzen        0/0/0 von 34   Tagen gewertet (1m/5m/15m)        0 Signale  30 ms lesen  26 ms rechnen
2026-09-09T22:15:47.175Z  GNCMA/2016      roh          52054 reg. Kerzen        0/0/0 von 252  Tagen gewertet (1m/5m/15m)        0 Signale  103 ms lesen  256 ms rechnen
2026-09-09T22:15:48.223Z  GNCMA/2017      roh          46032 reg. Kerzen        2/0/0 von 251  Tagen gewertet (1m/5m/15m)       46 Signale  69 ms lesen  859 ms rechnen
2026-09-09T22:15:48.416Z  GNCMA/2018      roh           7283 reg. Kerzen        0/0/0 von 46   Tagen gewertet (1m/5m/15m)        0 Signale  21 ms lesen  38 ms rechnen
2026-09-09T22:15:48.508Z  GNRS/2020       roh           2638 reg. Kerzen        0/0/0 von 130  Tagen gewertet (1m/5m/15m)        0 Signale  21 ms lesen  13 ms rechnen
2026-09-09T22:15:50.225Z  GNRS/2021       roh          18936 reg. Kerzen        5/0/0 von 117  Tagen gewertet (1m/5m/15m)      149 Signale  43 ms lesen  1665 ms rechnen
2026-09-09T22:15:50.317Z  GOBI/2021       roh            743 reg. Kerzen        0/0/0 von 76   Tagen gewertet (1m/5m/15m)        0 Signale  25 ms lesen  6 ms rechnen
2026-09-09T22:15:50.346Z  GOBI/2022       roh            244 reg. Kerzen        0/0/0 von 54   Tagen gewertet (1m/5m/15m)        0 Signale  22 ms lesen  3 ms rechnen
2026-09-09T22:15:50.480Z  GOLD/2016       roh          15113 reg. Kerzen        0/0/0 von 252  Tagen gewertet (1m/5m/15m)        0 Signale  40 ms lesen  64 ms rechnen
2026-09-09T22:15:50.585Z  GOLD/2017       roh           6717 reg. Kerzen        0/0/0 von 251  Tagen gewertet (1m/5m/15m)        0 Signale  22 ms lesen  39 ms rechnen
2026-09-09T22:15:50.662Z  GOLD/2018       roh           4349 reg. Kerzen        0/0/0 von 245  Tagen gewertet (1m/5m/15m)        0 Signale  34 ms lesen  30 ms rechnen
2026-09-09T22:15:50.728Z  GOLD/2019       roh           3597 reg. Kerzen        0/0/0 von 247  Tagen gewertet (1m/5m/15m)        0 Signale  32 ms lesen  25 ms rechnen
2026-09-09T22:15:50.867Z  GOLD/2020       roh          14834 reg. Kerzen        0/0/0 von 253  Tagen gewertet (1m/5m/15m)        0 Signale  37 ms lesen  89 ms rechnen
2026-09-09T22:15:51.133Z  GOLD/2021       roh          28981 reg. Kerzen        0/0/0 von 252  Tagen gewertet (1m/5m/15m)        0 Signale  59 ms lesen  172 ms rechnen
2026-09-09T22:15:51.770Z  GOLD/2022       roh          39702 reg. Kerzen        1/0/0 von 251  Tagen gewertet (1m/5m/15m)       24 Signale  66 ms lesen  490 ms rechnen
2026-09-09T22:15:53.384Z  GOLD/2023       roh          46729 reg. Kerzen        4/0/0 von 250  Tagen gewertet (1m/5m/15m)      114 Signale  91 ms lesen  1393 ms rechnen
2026-09-09T22:15:59.187Z  GOLD/2024       roh          52964 reg. Kerzen       19/0/0 von 252  Tagen gewertet (1m/5m/15m)      590 Signale  125 ms lesen  5553 ms rechnen
2026-09-09T22:16:02.299Z  GOLD/2025       roh          47668 reg. Kerzen        9/0/0 von 250  Tagen gewertet (1m/5m/15m)      259 Signale  95 ms lesen  2861 ms rechnen
2026-09-09T22:16:14.120Z  GOLD/2026       roh          45084 reg. Kerzen       33/0/0 von 166  Tagen gewertet (1m/5m/15m)     1032 Signale  1268 ms lesen  10401 ms rechnen
2026-09-09T22:16:14.553Z  GPAQ/2018       roh            197 reg. Kerzen        0/0/0 von 76   Tagen gewertet (1m/5m/15m)        0 Signale  103 ms lesen  2 ms rechnen
2026-09-09T22:16:14.607Z  GPAQ/2019       roh            701 reg. Kerzen        0/0/0 von 149  Tagen gewertet (1m/5m/15m)        0 Signale  46 ms lesen  7 ms rechnen
2026-09-09T22:16:15.057Z  GPAQ/2020       roh           4948 reg. Kerzen        0/0/0 von 80   Tagen gewertet (1m/5m/15m)        0 Signale  414 ms lesen  33 ms rechnen
2026-09-09T22:16:16.908Z  GPL/2016        bereinigt    70817 reg. Kerzen        0/0/0 von 252  Tagen gewertet (1m/5m/15m)        0 Signale  1318 ms lesen  509 ms rechnen
2026-09-09T22:16:17.714Z  GPL/2017        bereinigt    66586 reg. Kerzen        0/0/0 von 251  Tagen gewertet (1m/5m/15m)        0 Signale  113 ms lesen  488 ms rechnen
2026-09-09T22:16:18.192Z  GPL/2018        bereinigt    43962 reg. Kerzen        0/0/0 von 251  Tagen gewertet (1m/5m/15m)        0 Signale  66 ms lesen  226 ms rechnen
2026-09-09T22:16:18.925Z  GPL/2019        bereinigt    59343 reg. Kerzen        0/0/0 von 252  Tagen gewertet (1m/5m/15m)        0 Signale  224 ms lesen  379 ms rechnen
2026-09-09T22:16:19.878Z  GPL/2020        bereinigt    74907 reg. Kerzen        0/0/0 von 253  Tagen gewertet (1m/5m/15m)        0 Signale  224 ms lesen  559 ms rechnen
2026-09-09T22:16:25.686Z  GPL/2021        bereinigt    78008 reg. Kerzen       12/0/0 von 252  Tagen gewertet (1m/5m/15m)      403 Signale  145 ms lesen  5395 ms rechnen
2026-09-09T22:16:26.428Z  GPL/2022        bereinigt    50431 reg. Kerzen        0/0/0 von 174  Tagen gewertet (1m/5m/15m)        0 Signale  125 ms lesen  392 ms rechnen
2026-09-09T22:16:26.587Z  GRAF/2018       roh            253 reg. Kerzen        0/0/0 von 38   Tagen gewertet (1m/5m/15m)        0 Signale  31 ms lesen  2 ms rechnen
2026-09-09T22:16:26.602Z  GRAF/2019       roh            866 reg. Kerzen        0/0/0 von 191  Tagen gewertet (1m/5m/15m)        0 Signale  7 ms lesen  7 ms rechnen
2026-09-09T22:16:38.028Z  GRAF/2020       roh          24207 reg. Kerzen       32/0/0 von 174  Tagen gewertet (1m/5m/15m)     1077 Signale  47 ms lesen  11376 ms rechnen
2026-09-09T22:16:38.081Z  AUSGELASSEN GRAF/2021: Datei fehlt
2026-09-09T22:16:38.170Z  AUSGELASSEN GRAF/2022: Datei fehlt
2026-09-09T22:16:38.171Z  AUSGELASSEN GRAF/2023: Datei fehlt
2026-09-09T22:16:38.187Z  GRAF/2024       roh            502 reg. Kerzen        0/0/0 von 86   Tagen gewertet (1m/5m/15m)        0 Signale  12 ms lesen  4 ms rechnen
2026-09-09T22:16:38.225Z  GRAF/2025       roh           1188 reg. Kerzen        0/0/0 von 204  Tagen gewertet (1m/5m/15m)        0 Signale  24 ms lesen  11 ms rechnen
2026-09-09T22:16:38.247Z  GRAF/2026       roh            927 reg. Kerzen        0/0/0 von 114  Tagen gewertet (1m/5m/15m)        0 Signale  13 ms lesen  5 ms rechnen
2026-09-09T22:17:15.521Z  GRFS/2016       roh          80065 reg. Kerzen      132/0/0 von 252  Tagen gewertet (1m/5m/15m)     3188 Signale  100 ms lesen  37146 ms rechnen
2026-09-09T22:17:30.043Z  GRFS/2017       roh          70511 reg. Kerzen       54/0/0 von 251  Tagen gewertet (1m/5m/15m)     1249 Signale  107 ms lesen  14165 ms rechnen
2026-09-09T22:18:02.913Z  GRFS/2018       roh          75692 reg. Kerzen      124/0/0 von 251  Tagen gewertet (1m/5m/15m)     3168 Signale  99 ms lesen  32617 ms rechnen
2026-09-09T22:18:41.640Z  GRFS/2019       roh          79666 reg. Kerzen      145/0/0 von 252  Tagen gewertet (1m/5m/15m)     3557 Signale  122 ms lesen  38394 ms rechnen
2026-09-09T22:19:21.758Z  GRFS/2020       roh          78679 reg. Kerzen      145/0/0 von 253  Tagen gewertet (1m/5m/15m)     4013 Signale  113 ms lesen  39775 ms rechnen
2026-09-09T22:19:43.563Z  GRFS/2021       roh          72181 reg. Kerzen       79/0/0 von 252  Tagen gewertet (1m/5m/15m)     2176 Signale  102 ms lesen  21473 ms rechnen
2026-09-09T22:20:32.847Z  GRFS/2022       roh          81020 reg. Kerzen      164/0/0 von 251  Tagen gewertet (1m/5m/15m)     4746 Signale  119 ms lesen  48999 ms rechnen
2026-09-09T22:20:59.198Z  GRFS/2023       roh          73835 reg. Kerzen       92/0/0 von 250  Tagen gewertet (1m/5m/15m)     2550 Signale  110 ms lesen  26002 ms rechnen
2026-09-09T22:21:37.500Z  GRFS/2024       roh          78440 reg. Kerzen      125/0/0 von 252  Tagen gewertet (1m/5m/15m)     3758 Signale  114 ms lesen  37999 ms rechnen
2026-09-09T22:21:49.765Z  GRFS/2025       roh          68891 reg. Kerzen       40/0/0 von 250  Tagen gewertet (1m/5m/15m)     1149 Signale  103 ms lesen  11942 ms rechnen
2026-09-09T22:21:52.230Z  GRFS/2026       roh          41757 reg. Kerzen        7/0/0 von 166  Tagen gewertet (1m/5m/15m)      192 Signale  56 ms lesen  2218 ms rechnen
2026-09-09T22:21:52.370Z  GRNV/2019       roh             44 reg. Kerzen        0/0/0 von 13   Tagen gewertet (1m/5m/15m)        0 Signale  34 ms lesen  1 ms rechnen
2026-09-09T22:21:52.391Z  GRNV/2020       roh           1516 reg. Kerzen        0/0/0 von 185  Tagen gewertet (1m/5m/15m)        0 Signale  9 ms lesen  12 ms rechnen
2026-09-09T22:21:52.490Z  GRNV/2021       roh           5887 reg. Kerzen        0/0/0 von 155  Tagen gewertet (1m/5m/15m)        0 Signale  55 ms lesen  38 ms rechnen
2026-09-09T22:22:29.085Z  GRUB/2021       roh          50848 reg. Kerzen      119/0/0 von 140  Tagen gewertet (1m/5m/15m)     2933 Signale  110 ms lesen  36454 ms rechnen
2026-09-09T22:22:45.175Z  GRUB/2022       roh          17379 reg. Kerzen       48/0/0 von 48   Tagen gewertet (1m/5m/15m)     1420 Signale  38 ms lesen  15923 ms rechnen
2026-09-09T22:22:45.496Z  GSBD/2016       roh          36495 reg. Kerzen        0/0/0 von 252  Tagen gewertet (1m/5m/15m)        0 Signale  58 ms lesen  214 ms rechnen
2026-09-09T22:22:45.882Z  GSBD/2017       roh          37151 reg. Kerzen        0/0/0 von 251  Tagen gewertet (1m/5m/15m)        0 Signale  71 ms lesen  204 ms rechnen
2026-09-09T22:22:46.225Z  GSBD/2018       roh          32583 reg. Kerzen        0/0/0 von 251  Tagen gewertet (1m/5m/15m)        0 Signale  57 ms lesen  191 ms rechnen
2026-09-09T22:22:46.556Z  GSBD/2019       roh          31795 reg. Kerzen        0/0/0 von 252  Tagen gewertet (1m/5m/15m)        0 Signale  58 ms lesen  186 ms rechnen
2026-09-09T22:22:48.470Z  GSBD/2020       roh          43640 reg. Kerzen        5/0/0 von 253  Tagen gewertet (1m/5m/15m)      159 Signale  64 ms lesen  1789 ms rechnen
2026-09-09T22:22:54.090Z  GSBD/2021       roh          62276 reg. Kerzen       19/0/0 von 252  Tagen gewertet (1m/5m/15m)      435 Signale  98 ms lesen  5386 ms rechnen
2026-09-09T22:23:03.387Z  GSBD/2022       roh          66678 reg. Kerzen       33/0/0 von 251  Tagen gewertet (1m/5m/15m)      868 Signale  92 ms lesen  9026 ms rechnen
2026-09-09T22:23:14.221Z  GSBD/2023       roh          69024 reg. Kerzen       37/0/0 von 250  Tagen gewertet (1m/5m/15m)      882 Signale  198 ms lesen  10452 ms rechnen
2026-09-09T22:23:32.214Z  GSBD/2024       roh          72850 reg. Kerzen       69/0/0 von 252  Tagen gewertet (1m/5m/15m)     1607 Signale  108 ms lesen  17705 ms rechnen
2026-09-09T22:24:00.476Z  GSBD/2025       roh          74326 reg. Kerzen      102/0/0 von 250  Tagen gewertet (1m/5m/15m)     2547 Signale  115 ms lesen  27946 ms rechnen
2026-09-09T22:24:30.978Z  GSBD/2026       roh          53244 reg. Kerzen      105/0/0 von 166  Tagen gewertet (1m/5m/15m)     2650 Signale  71 ms lesen  30229 ms rechnen
2026-09-09T22:25:03.565Z  GSKY/2018       roh          50670 reg. Kerzen       98/0/0 von 152  Tagen gewertet (1m/5m/15m)     3081 Signale  73 ms lesen  32347 ms rechnen
2026-09-09T22:25:39.013Z  GSKY/2019       roh          77394 reg. Kerzen      110/0/0 von 252  Tagen gewertet (1m/5m/15m)     3293 Signale  95 ms lesen  35221 ms rechnen
2026-09-09T22:25:46.136Z  GSKY/2020       roh          71559 reg. Kerzen       20/0/0 von 253  Tagen gewertet (1m/5m/15m)      602 Signale  166 ms lesen  6740 ms rechnen
2026-09-09T22:25:59.403Z  GSKY/2021       roh          66483 reg. Kerzen       41/0/0 von 252  Tagen gewertet (1m/5m/15m)     1022 Signale  100 ms lesen  12987 ms rechnen
2026-09-09T22:26:20.652Z  GSKY/2022       roh          21074 reg. Kerzen       52/0/0 von 60   Tagen gewertet (1m/5m/15m)     1444 Signale  4807 ms lesen  16247 ms rechnen
2026-09-09T22:26:21.447Z  GSS/2016        bereinigt    76247 reg. Kerzen        0/0/0 von 252  Tagen gewertet (1m/5m/15m)        0 Signale  125 ms lesen  586 ms rechnen
2026-09-09T22:26:22.427Z  GSS/2017        bereinigt    78794 reg. Kerzen        0/0/0 von 251  Tagen gewertet (1m/5m/15m)        0 Signale  138 ms lesen  601 ms rechnen
2026-09-09T22:26:23.217Z  GSS/2018        bereinigt    66088 reg. Kerzen        0/0/0 von 251  Tagen gewertet (1m/5m/15m)        0 Signale  107 ms lesen  463 ms rechnen
2026-09-09T22:26:23.851Z  GSS/2019        roh          52160 reg. Kerzen        0/0/0 von 252  Tagen gewertet (1m/5m/15m)        0 Signale  112 ms lesen  333 ms rechnen
2026-09-09T22:26:25.167Z  GSS/2020        roh          65997 reg. Kerzen        2/0/0 von 253  Tagen gewertet (1m/5m/15m)       66 Signale  145 ms lesen  1011 ms rechnen
2026-09-09T22:26:26.230Z  GSS/2021        roh          54713 reg. Kerzen        1/0/0 von 252  Tagen gewertet (1m/5m/15m)       20 Signale  206 ms lesen  657 ms rechnen
2026-09-09T22:26:26.537Z  GSS/2022        roh           3338 reg. Kerzen        0/0/0 von 18   Tagen gewertet (1m/5m/15m)        0 Signale  129 ms lesen  29 ms rechnen
2026-09-09T22:26:26.769Z  GTH/2020        bereinigt    23083 reg. Kerzen        0/0/0 von 136  Tagen gewertet (1m/5m/15m)        0 Signale  56 ms lesen  138 ms rechnen
2026-09-09T22:26:29.298Z  GTH/2021        bereinigt    47395 reg. Kerzen        7/0/0 von 252  Tagen gewertet (1m/5m/15m)      208 Signale  104 ms lesen  2355 ms rechnen
2026-09-09T22:26:29.719Z  GTH/2022        bereinigt    39920 reg. Kerzen        0/0/0 von 251  Tagen gewertet (1m/5m/15m)        0 Signale  64 ms lesen  230 ms rechnen
2026-09-09T22:26:29.912Z  GTH/2023        bereinigt     8112 reg. Kerzen        0/0/0 von 250  Tagen gewertet (1m/5m/15m)        0 Signale  32 ms lesen  61 ms rechnen
2026-09-09T22:26:29.970Z  GTH/2024        roh           1643 reg. Kerzen        0/0/0 von 61   Tagen gewertet (1m/5m/15m)        0 Signale  21 ms lesen  10 ms rechnen
2026-09-09T22:26:30.286Z  GTS/2016        roh          41162 reg. Kerzen        0/0/0 von 252  Tagen gewertet (1m/5m/15m)        0 Signale  80 ms lesen  224 ms rechnen
2026-09-09T22:26:30.705Z  GTS/2017        roh          37072 reg. Kerzen        0/0/0 von 251  Tagen gewertet (1m/5m/15m)        0 Signale  78 ms lesen  210 ms rechnen
2026-09-09T22:26:31.125Z  GTS/2018        roh          45136 reg. Kerzen        0/0/0 von 251  Tagen gewertet (1m/5m/15m)        0 Signale  75 ms lesen  259 ms rechnen
2026-09-09T22:26:31.568Z  GTS/2019        roh          41619 reg. Kerzen        0/0/0 von 252  Tagen gewertet (1m/5m/15m)        0 Signale  80 ms lesen  232 ms rechnen
2026-09-09T22:26:31.985Z  GTS/2020        roh          41734 reg. Kerzen        0/0/0 von 253  Tagen gewertet (1m/5m/15m)        0 Signale  78 ms lesen  226 ms rechnen
2026-09-09T22:26:32.238Z  GTS/2021        roh          23631 reg. Kerzen        0/0/0 von 252  Tagen gewertet (1m/5m/15m)        0 Signale  43 ms lesen  118 ms rechnen
2026-09-09T22:26:32.352Z  GTS/2022        roh           2270 reg. Kerzen        0/0/0 von 20   Tagen gewertet (1m/5m/15m)        0 Signale  25 ms lesen  20 ms rechnen
2026-09-09T22:26:32.521Z  GUID/2016       roh          22813 reg. Kerzen        0/0/0 von 252  Tagen gewertet (1m/5m/15m)        0 Signale  46 ms lesen  117 ms rechnen
2026-09-09T22:26:34.164Z  GUID/2017       roh          28877 reg. Kerzen        4/0/0 von 176  Tagen gewertet (1m/5m/15m)       46 Signale  51 ms lesen  1540 ms rechnen
2026-09-09T22:26:34.307Z  GWII/2021       roh           1885 reg. Kerzen        0/0/0 von 79   Tagen gewertet (1m/5m/15m)        0 Signale  26 ms lesen  14 ms rechnen
2026-09-09T22:26:34.351Z  GWII/2022       roh            646 reg. Kerzen        0/0/0 von 136  Tagen gewertet (1m/5m/15m)        0 Signale  31 ms lesen  6 ms rechnen
2026-09-09T22:26:34.370Z  GWII/2023       roh             68 reg. Kerzen        0/0/0 von 19   Tagen gewertet (1m/5m/15m)        0 Signale  15 ms lesen  1 ms rechnen
2026-09-09T22:27:48.066Z  GXP/2016        roh          95324 reg. Kerzen      231/0/0 von 252  Tagen gewertet (1m/5m/15m)     5296 Signale  139 ms lesen  73543 ms rechnen
2026-09-09T22:29:04.623Z  GXP/2017        roh          93834 reg. Kerzen      251/0/0 von 251  Tagen gewertet (1m/5m/15m)     5356 Signale  127 ms lesen  76192 ms rechnen
2026-09-09T22:29:37.688Z  GXP/2018        roh          39963 reg. Kerzen      106/0/0 von 106  Tagen gewertet (1m/5m/15m)     2496 Signale  70 ms lesen  32762 ms rechnen
2026-09-09T22:29:37.825Z  HAIA/2022       roh            387 reg. Kerzen        0/0/0 von 116  Tagen gewertet (1m/5m/15m)        0 Signale  14 ms lesen  5 ms rechnen
2026-09-09T22:29:37.865Z  HAIA/2023       roh            808 reg. Kerzen        0/0/0 von 170  Tagen gewertet (1m/5m/15m)        0 Signale  30 ms lesen  8 ms rechnen
2026-09-09T22:29:37.886Z  HAIA/2024       roh            332 reg. Kerzen        0/0/0 von 131  Tagen gewertet (1m/5m/15m)        0 Signale  13 ms lesen  4 ms rechnen
2026-09-09T22:30:47.306Z  HAS/2016        roh          92522 reg. Kerzen      232/0/0 von 252  Tagen gewertet (1m/5m/15m)     5381 Signale  147 ms lesen  69249 ms rechnen
2026-09-09T22:32:00.252Z  HAS/2017        roh          90931 reg. Kerzen      246/0/0 von 251  Tagen gewertet (1m/5m/15m)     5531 Signale  118 ms lesen  72572 ms rechnen
2026-09-09T22:33:15.122Z  HAS/2018        roh          91048 reg. Kerzen      242/0/0 von 251  Tagen gewertet (1m/5m/15m)     5970 Signale  137 ms lesen  74478 ms rechnen
2026-09-09T22:34:29.662Z  HAS/2019        roh          90969 reg. Kerzen      247/0/0 von 252  Tagen gewertet (1m/5m/15m)     5947 Signale  122 ms lesen  74191 ms rechnen
2026-09-09T22:35:51.597Z  HAS/2020        roh          92990 reg. Kerzen      252/0/0 von 253  Tagen gewertet (1m/5m/15m)     7036 Signale  132 ms lesen  81549 ms rechnen
2026-09-09T22:36:47.448Z  HAS/2021        roh          84113 reg. Kerzen      195/0/0 von 252  Tagen gewertet (1m/5m/15m)     4977 Signale  128 ms lesen  55508 ms rechnen
2026-09-09T22:38:05.918Z  HAS/2022        roh          92656 reg. Kerzen      249/0/0 von 251  Tagen gewertet (1m/5m/15m)     6688 Signale  161 ms lesen  78107 ms rechnen
2026-09-09T22:39:27.409Z  HAS/2023        roh          94825 reg. Kerzen      250/0/0 von 250  Tagen gewertet (1m/5m/15m)     6550 Signale  131 ms lesen  81142 ms rechnen
2026-09-09T22:40:46.732Z  HAS/2024        roh          92871 reg. Kerzen      250/0/0 von 252  Tagen gewertet (1m/5m/15m)     6327 Signale  113 ms lesen  78942 ms rechnen
2026-09-09T22:42:01.320Z  HAS/2025        roh          90940 reg. Kerzen      241/0/0 von 250  Tagen gewertet (1m/5m/15m)     6125 Signale  129 ms lesen  74214 ms rechnen
2026-09-09T22:42:50.777Z  HAS/2026        roh          59323 reg. Kerzen      163/0/0 von 166  Tagen gewertet (1m/5m/15m)     4220 Signale  170 ms lesen  49024 ms rechnen
2026-09-09T22:42:51.470Z  HBM/2016        roh          53086 reg. Kerzen        0/0/0 von 252  Tagen gewertet (1m/5m/15m)        0 Signale  153 ms lesen  334 ms rechnen
2026-09-09T22:42:57.714Z  HBM/2017        roh          70454 reg. Kerzen       17/0/0 von 251  Tagen gewertet (1m/5m/15m)      500 Signale  114 ms lesen  5986 ms rechnen
2026-09-09T22:43:08.584Z  HBM/2018        roh          72748 reg. Kerzen       30/0/0 von 251  Tagen gewertet (1m/5m/15m)      900 Signale  107 ms lesen  10554 ms rechnen
2026-09-09T22:43:26.813Z  HBM/2019        roh          81357 reg. Kerzen       56/0/0 von 252  Tagen gewertet (1m/5m/15m)     1562 Signale  101 ms lesen  17955 ms rechnen
2026-09-09T22:43:33.689Z  HBM/2020        roh          79860 reg. Kerzen       20/0/0 von 253  Tagen gewertet (1m/5m/15m)      559 Signale  112 ms lesen  6560 ms rechnen
2026-09-09T22:44:37.524Z  HBM/2021        roh          84069 reg. Kerzen      205/0/0 von 252  Tagen gewertet (1m/5m/15m)     6038 Signale  112 ms lesen  63524 ms rechnen
2026-09-09T22:45:34.843Z  HBM/2022        roh          84543 reg. Kerzen      179/0/0 von 251  Tagen gewertet (1m/5m/15m)     5395 Signale  134 ms lesen  56953 ms rechnen
2026-09-09T22:46:49.990Z  HBM/2023        roh          87278 reg. Kerzen      228/0/0 von 250  Tagen gewertet (1m/5m/15m)     6345 Signale  131 ms lesen  74818 ms rechnen
2026-09-09T22:48:11.142Z  HBM/2024        roh          91930 reg. Kerzen      249/0/0 von 252  Tagen gewertet (1m/5m/15m)     6902 Signale  305 ms lesen  80627 ms rechnen
2026-09-09T22:49:38.552Z  HBM/2025        roh          95778 reg. Kerzen      250/0/0 von 250  Tagen gewertet (1m/5m/15m)     7138 Signale  155 ms lesen  87024 ms rechnen
2026-09-09T22:50:39.583Z  HBM/2026        roh          64712 reg. Kerzen      166/0/0 von 166  Tagen gewertet (1m/5m/15m)     5097 Signale  102 ms lesen  60678 ms rechnen
2026-09-09T22:50:39.861Z  HCCC/2021       roh           4702 reg. Kerzen        0/0/0 von 203  Tagen gewertet (1m/5m/15m)        0 Signale  29 ms lesen  30 ms rechnen
2026-09-09T22:50:39.906Z  HCCC/2022       roh           3338 reg. Kerzen        0/0/0 von 44   Tagen gewertet (1m/5m/15m)        0 Signale  14 ms lesen  16 ms rechnen
2026-09-09T22:50:39.956Z  HCII/2021       roh           2156 reg. Kerzen        0/0/0 von 142  Tagen gewertet (1m/5m/15m)        0 Signale  26 ms lesen  13 ms rechnen
2026-09-09T22:50:39.988Z  HCII/2022       roh           1184 reg. Kerzen        0/0/0 von 190  Tagen gewertet (1m/5m/15m)        0 Signale  15 ms lesen  9 ms rechnen
2026-09-09T22:50:40.138Z  HDNG/2016       roh          16872 reg. Kerzen        0/0/0 von 252  Tagen gewertet (1m/5m/15m)        0 Signale  44 ms lesen  94 ms rechnen
2026-09-09T22:50:40.336Z  HDNG/2017       roh          15072 reg. Kerzen        0/0/0 von 251  Tagen gewertet (1m/5m/15m)        0 Signale  58 ms lesen  89 ms rechnen
2026-09-09T22:50:40.497Z  HDNG/2018       roh          12453 reg. Kerzen        0/0/0 von 101  Tagen gewertet (1m/5m/15m)        0 Signale  38 ms lesen  77 ms rechnen
2026-09-09T22:50:40.585Z  HEC/2020        roh           4188 reg. Kerzen        0/0/0 von 106  Tagen gewertet (1m/5m/15m)        0 Signale  16 ms lesen  30 ms rechnen
2026-09-09T22:50:55.158Z  HEC/2021        roh          32577 reg. Kerzen       43/0/0 von 118  Tagen gewertet (1m/5m/15m)     1241 Signale  108 ms lesen  14455 ms rechnen
2026-09-09T22:50:55.497Z  HEPA/2016       bereinigt    30926 reg. Kerzen        0/0/0 von 252  Tagen gewertet (1m/5m/15m)        0 Signale  56 ms lesen  197 ms rechnen
2026-09-09T22:50:55.948Z  HEPA/2017       bereinigt    49162 reg. Kerzen        0/0/0 von 251  Tagen gewertet (1m/5m/15m)        0 Signale  82 ms lesen  278 ms rechnen
2026-09-09T22:50:56.307Z  HEPA/2018       bereinigt    29497 reg. Kerzen        0/0/0 von 251  Tagen gewertet (1m/5m/15m)        0 Signale  41 ms lesen  175 ms rechnen
2026-09-09T22:50:56.654Z  HEPA/2019       bereinigt    36323 reg. Kerzen        0/0/0 von 252  Tagen gewertet (1m/5m/15m)        0 Signale  85 ms lesen  188 ms rechnen
2026-09-09T22:50:57.636Z  HEPA/2020       bereinigt    47826 reg. Kerzen        2/0/0 von 253  Tagen gewertet (1m/5m/15m)       48 Signale  72 ms lesen  809 ms rechnen
2026-09-09T22:51:11.831Z  HEPA/2021       bereinigt    72295 reg. Kerzen       35/0/0 von 252  Tagen gewertet (1m/5m/15m)     1186 Signale  155 ms lesen  13911 ms rechnen
2026-09-09T22:51:13.597Z  HEPA/2022       bereinigt    28962 reg. Kerzen        0/0/0 von 251  Tagen gewertet (1m/5m/15m)        0 Signale  1422 ms lesen  147 ms rechnen
2026-09-09T22:51:14.566Z  HEPA/2023       bereinigt    19769 reg. Kerzen        0/0/0 von 250  Tagen gewertet (1m/5m/15m)        0 Signale  773 ms lesen  108 ms rechnen
2026-09-09T22:51:14.907Z  HEPA/2024       bereinigt     9326 reg. Kerzen        0/0/0 von 252  Tagen gewertet (1m/5m/15m)        0 Signale  233 ms lesen  59 ms rechnen
2026-09-09T22:51:15.178Z  HEPA/2025       bereinigt    23803 reg. Kerzen        0/0/0 von 89   Tagen gewertet (1m/5m/15m)        0 Signale  81 ms lesen  161 ms rechnen
2026-09-09T22:51:15.261Z  AUSGELASSEN HEPA/2026: Datei fehlt
2026-09-09T22:51:15.358Z  HG/2023         roh           6710 reg. Kerzen        0/0/0 von 34   Tagen gewertet (1m/5m/15m)        0 Signale  30 ms lesen  32 ms rechnen
2026-09-09T22:51:22.148Z  HG/2024         roh          54679 reg. Kerzen       22/0/0 von 252  Tagen gewertet (1m/5m/15m)      642 Signale  89 ms lesen  6686 ms rechnen
2026-09-09T22:51:25.192Z  HG/2025         roh          55720 reg. Kerzen        9/0/0 von 250  Tagen gewertet (1m/5m/15m)      244 Signale  92 ms lesen  2819 ms rechnen
2026-09-09T22:51:27.908Z  HG/2026         roh          40462 reg. Kerzen        8/0/0 von 166  Tagen gewertet (1m/5m/15m)      205 Signale  63 ms lesen  2482 ms rechnen
2026-09-09T22:51:28.163Z  HH/2016         bereinigt    17960 reg. Kerzen        0/0/0 von 252  Tagen gewertet (1m/5m/15m)        0 Signale  47 ms lesen  92 ms rechnen
2026-09-09T22:51:28.248Z  HH/2017         roh           2680 reg. Kerzen        0/0/0 von 82   Tagen gewertet (1m/5m/15m)        0 Signale  12 ms lesen  20 ms rechnen
2026-09-09T22:51:28.310Z  HHT/2019        roh           5550 reg. Kerzen        0/0/0 von 113  Tagen gewertet (1m/5m/15m)        0 Signale  24 ms lesen  27 ms rechnen
2026-09-09T22:51:30.031Z  HHT/2020        roh          36152 reg. Kerzen        4/0/0 von 189  Tagen gewertet (1m/5m/15m)      136 Signale  60 ms lesen  1646 ms rechnen
2026-09-09T22:51:33.154Z  HIIQ/2016       roh          28288 reg. Kerzen        9/0/0 von 252  Tagen gewertet (1m/5m/15m)      292 Signale  67 ms lesen  2970 ms rechnen
2026-09-09T22:51:58.689Z  HIIQ/2017       roh          69935 reg. Kerzen       77/0/0 von 251  Tagen gewertet (1m/5m/15m)     2486 Signale  102 ms lesen  25338 ms rechnen
2026-09-09T22:52:22.078Z  HIIQ/2018       roh          66813 reg. Kerzen       72/0/0 von 251  Tagen gewertet (1m/5m/15m)     2282 Signale  89 ms lesen  23098 ms rechnen
2026-09-09T22:53:07.583Z  HIIQ/2019       roh          78092 reg. Kerzen      140/0/0 von 252  Tagen gewertet (1m/5m/15m)     4525 Signale  122 ms lesen  45221 ms rechnen
2026-09-09T22:53:17.533Z  HIIQ/2020       roh          14374 reg. Kerzen       28/0/0 von 44   Tagen gewertet (1m/5m/15m)      877 Signale  45 ms lesen  9684 ms rechnen
2026-09-09T22:53:17.628Z  HKIB/2019       roh           2966 reg. Kerzen        0/0/0 von 104  Tagen gewertet (1m/5m/15m)        0 Signale  14 ms lesen  22 ms rechnen
2026-09-09T22:53:17.691Z  HKIB/2020       roh           3222 reg. Kerzen        0/0/0 von 245  Tagen gewertet (1m/5m/15m)        0 Signale  29 ms lesen  23 ms rechnen
2026-09-09T22:53:17.763Z  HKIB/2021       roh           4507 reg. Kerzen        0/0/0 von 251  Tagen gewertet (1m/5m/15m)        0 Signale  25 ms lesen  34 ms rechnen
2026-09-09T22:53:17.810Z  HKIB/2022       roh           1234 reg. Kerzen        0/0/0 von 19   Tagen gewertet (1m/5m/15m)        0 Signale  18 ms lesen  11 ms rechnen
2026-09-09T22:53:18.129Z  HLIO/2016       roh          30630 reg. Kerzen        0/0/0 von 252  Tagen gewertet (1m/5m/15m)        0 Signale  144 ms lesen  144 ms rechnen
2026-09-09T22:53:18.471Z  HLIO/2017       roh          35045 reg. Kerzen        0/0/0 von 251  Tagen gewertet (1m/5m/15m)        0 Signale  60 ms lesen  189 ms rechnen
2026-09-09T22:53:19.728Z  HLIO/2018       roh          41490 reg. Kerzen        3/0/0 von 251  Tagen gewertet (1m/5m/15m)       86 Signale  116 ms lesen  1049 ms rechnen
2026-09-09T22:53:20.070Z  HLIO/2019       roh          29452 reg. Kerzen        0/0/0 von 252  Tagen gewertet (1m/5m/15m)        0 Signale  49 ms lesen  163 ms rechnen
2026-09-09T22:53:20.395Z  HLIO/2020       roh          32336 reg. Kerzen        0/0/0 von 253  Tagen gewertet (1m/5m/15m)        0 Signale  49 ms lesen  183 ms rechnen
2026-09-09T22:53:20.670Z  HLIO/2021       roh          27123 reg. Kerzen        0/0/0 von 252  Tagen gewertet (1m/5m/15m)        0 Signale  49 ms lesen  155 ms rechnen
2026-09-09T22:53:20.973Z  HLIO/2022       roh          31928 reg. Kerzen        0/0/0 von 251  Tagen gewertet (1m/5m/15m)        0 Signale  57 ms lesen  167 ms rechnen
2026-09-09T22:53:21.303Z  HLIO/2023       roh          31713 reg. Kerzen        0/0/0 von 250  Tagen gewertet (1m/5m/15m)        0 Signale  63 ms lesen  174 ms rechnen
2026-09-09T22:53:21.625Z  HLIO/2024       roh          35729 reg. Kerzen        0/0/0 von 252  Tagen gewertet (1m/5m/15m)        0 Signale  50 ms lesen  186 ms rechnen
2026-09-09T22:53:23.227Z  HLIO/2025       roh          45772 reg. Kerzen        5/0/0 von 250  Tagen gewertet (1m/5m/15m)      139 Signale  73 ms lesen  1426 ms rechnen
2026-09-09T22:53:23.799Z  HLIO/2026       roh          30783 reg. Kerzen        1/0/0 von 166  Tagen gewertet (1m/5m/15m)       19 Signale  56 ms lesen  392 ms rechnen
2026-09-09T22:54:38.159Z  HLX/2016        roh          92374 reg. Kerzen      207/0/0 von 252  Tagen gewertet (1m/5m/15m)     6534 Signale  129 ms lesen  74165 ms rechnen
2026-09-09T22:56:05.606Z  HLX/2017        roh          91873 reg. Kerzen      248/0/0 von 251  Tagen gewertet (1m/5m/15m)     7603 Signale  114 ms lesen  87085 ms rechnen
2026-09-09T22:57:31.030Z  HLX/2018        roh          90778 reg. Kerzen      243/0/0 von 251  Tagen gewertet (1m/5m/15m)     7275 Signale  3021 ms lesen  82181 ms rechnen
2026-09-09T22:58:30.190Z  HLX/2019        roh          87174 reg. Kerzen      185/0/0 von 252  Tagen gewertet (1m/5m/15m)     5456 Signale  141 ms lesen  58771 ms rechnen
2026-09-09T22:59:59.207Z  HLX/2020        roh          94269 reg. Kerzen      236/0/0 von 253  Tagen gewertet (1m/5m/15m)     7659 Signale  130 ms lesen  88646 ms rechnen
2026-09-09T23:01:01.088Z  HLX/2021        roh          89150 reg. Kerzen      170/0/0 von 252  Tagen gewertet (1m/5m/15m)     5437 Signale  129 ms lesen  61469 ms rechnen
2026-09-09T23:02:16.884Z  HLX/2022        roh          89205 reg. Kerzen      213/0/0 von 251  Tagen gewertet (1m/5m/15m)     6529 Signale  125 ms lesen  75428 ms rechnen
2026-09-09T23:03:41.252Z  HLX/2023        roh          91755 reg. Kerzen      249/0/0 von 250  Tagen gewertet (1m/5m/15m)     7248 Signale  114 ms lesen  84012 ms rechnen
2026-09-09T23:05:01.229Z  HLX/2024        roh          90892 reg. Kerzen      246/0/0 von 252  Tagen gewertet (1m/5m/15m)     6847 Signale  147 ms lesen  79596 ms rechnen
2026-09-09T23:06:13.071Z  HLX/2025        roh          85722 reg. Kerzen      224/0/0 von 250  Tagen gewertet (1m/5m/15m)     6448 Signale  118 ms lesen  71463 ms rechnen
2026-09-09T23:06:59.872Z  HLX/2026        roh          56824 reg. Kerzen      145/0/0 von 166  Tagen gewertet (1m/5m/15m)     4107 Signale  1621 ms lesen  44930 ms rechnen
2026-09-09T23:07:38.209Z  HMHC/2016       roh          79672 reg. Kerzen      132/0/0 von 252  Tagen gewertet (1m/5m/15m)     3586 Signale  206 ms lesen  37995 ms rechnen
2026-09-09T23:07:40.180Z  CHECKPOINT 2400 Dateien, 437 min, Detektorfehler {}
2026-09-09T23:08:26.970Z  HMHC/2017       roh          78179 reg. Kerzen      135/0/0 von 251  Tagen gewertet (1m/5m/15m)     3689 Signale  112 ms lesen  46677 ms rechnen
2026-09-09T23:08:32.657Z  HMHC/2018       roh          70847 reg. Kerzen       15/0/0 von 251  Tagen gewertet (1m/5m/15m)      446 Signale  109 ms lesen  5353 ms rechnen
2026-09-09T23:08:38.116Z  HMHC/2019       roh          73847 reg. Kerzen       16/0/0 von 252  Tagen gewertet (1m/5m/15m)      471 Signale  124 ms lesen  5146 ms rechnen
2026-09-09T23:08:56.874Z  HMHC/2020       roh          83823 reg. Kerzen       49/0/0 von 253  Tagen gewertet (1m/5m/15m)     1614 Signale  113 ms lesen  18452 ms rechnen
2026-09-09T23:09:49.857Z  HMHC/2021       roh          82246 reg. Kerzen      166/0/0 von 252  Tagen gewertet (1m/5m/15m)     4997 Signale  166 ms lesen  52548 ms rechnen
2026-09-09T23:10:12.679Z  HMHC/2022       roh          24526 reg. Kerzen       65/0/0 von 66   Tagen gewertet (1m/5m/15m)     1551 Signale  51 ms lesen  22542 ms rechnen
2026-09-09T23:10:43.397Z  HMSY/2016       roh          77838 reg. Kerzen      103/0/0 von 252  Tagen gewertet (1m/5m/15m)     2810 Signale  122 ms lesen  30518 ms rechnen
2026-09-09T23:10:56.631Z  HMSY/2017       roh          68995 reg. Kerzen       44/0/0 von 251  Tagen gewertet (1m/5m/15m)     1211 Signale  105 ms lesen  12901 ms rechnen
2026-09-09T23:11:21.531Z  HMSY/2018       roh          72504 reg. Kerzen       84/0/0 von 251  Tagen gewertet (1m/5m/15m)     2395 Signale  98 ms lesen  24649 ms rechnen
2026-09-09T23:11:55.309Z  HMSY/2019       roh          77369 reg. Kerzen      118/0/0 von 252  Tagen gewertet (1m/5m/15m)     3276 Signale  107 ms lesen  33478 ms rechnen
2026-09-09T23:12:39.893Z  HMSY/2020       roh          78927 reg. Kerzen      143/0/0 von 253  Tagen gewertet (1m/5m/15m)     4064 Signale  108 ms lesen  44269 ms rechnen
2026-09-09T23:12:54.665Z  HMSY/2021       roh          20697 reg. Kerzen       46/0/0 von 61   Tagen gewertet (1m/5m/15m)      757 Signale  47 ms lesen  14500 ms rechnen
2026-09-09T23:12:55.039Z  HNP/2016        roh          34426 reg. Kerzen        0/0/0 von 252  Tagen gewertet (1m/5m/15m)        0 Signale  62 ms lesen  216 ms rechnen
2026-09-09T23:12:55.365Z  HNP/2017        roh          30538 reg. Kerzen        0/0/0 von 251  Tagen gewertet (1m/5m/15m)        0 Signale  53 ms lesen  177 ms rechnen
2026-09-09T23:12:55.639Z  HNP/2018        roh          24134 reg. Kerzen        0/0/0 von 251  Tagen gewertet (1m/5m/15m)        0 Signale  52 ms lesen  134 ms rechnen
2026-09-09T23:12:55.796Z  HNP/2019        roh          11663 reg. Kerzen        0/0/0 von 252  Tagen gewertet (1m/5m/15m)        0 Signale  32 ms lesen  53 ms rechnen
2026-09-09T23:12:55.915Z  HNP/2020        roh           9502 reg. Kerzen        0/0/0 von 253  Tagen gewertet (1m/5m/15m)        0 Signale  41 ms lesen  48 ms rechnen
2026-09-09T23:12:56.062Z  HNP/2021        roh          14407 reg. Kerzen        0/0/0 von 252  Tagen gewertet (1m/5m/15m)        0 Signale  36 ms lesen  77 ms rechnen
2026-09-09T23:12:56.158Z  HNP/2022        roh           5132 reg. Kerzen        0/0/0 von 128  Tagen gewertet (1m/5m/15m)        0 Signale  16 ms lesen  33 ms rechnen
2026-09-09T23:12:56.241Z  HOLO/2021       bereinigt     1562 reg. Kerzen        0/0/0 von 101  Tagen gewertet (1m/5m/15m)        0 Signale  28 ms lesen  9 ms rechnen
2026-09-09T23:12:58.270Z  HOLO/2022       bereinigt    19383 reg. Kerzen        5/0/0 von 249  Tagen gewertet (1m/5m/15m)      158 Signale  55 ms lesen  1970 ms rechnen
2026-09-09T23:12:58.883Z  HOLO/2023       bereinigt    43554 reg. Kerzen        0/0/0 von 250  Tagen gewertet (1m/5m/15m)        0 Signale  274 ms lesen  273 ms rechnen
2026-09-09T23:14:28.237Z  HOLO/2024       bereinigt    91018 reg. Kerzen      217/0/0 von 252  Tagen gewertet (1m/5m/15m)     7420 Signale  328 ms lesen  88922 ms rechnen
2026-09-09T23:15:24.606Z  HOLO/2025       bereinigt    82883 reg. Kerzen      144/0/0 von 250  Tagen gewertet (1m/5m/15m)     4869 Signale  736 ms lesen  55401 ms rechnen
2026-09-09T23:15:25.102Z  HOLO/2026       roh          33872 reg. Kerzen        0/0/0 von 166  Tagen gewertet (1m/5m/15m)        0 Signale  61 ms lesen  225 ms rechnen
2026-09-09T23:15:25.223Z  HONIV/2025      roh             25 reg. Kerzen        0/0/0 von 5    Tagen gewertet (1m/5m/15m)        0 Signale  6 ms lesen  0 ms rechnen
2026-09-09T23:15:25.237Z  HONIV/2026      roh            385 reg. Kerzen        0/0/0 von 9    Tagen gewertet (1m/5m/15m)        0 Signale  10 ms lesen  4 ms rechnen
2026-09-09T23:15:25.351Z  HOTR/2016       bereinigt    12113 reg. Kerzen        0/0/0 von 252  Tagen gewertet (1m/5m/15m)        0 Signale  38 ms lesen  73 ms rechnen
2026-09-09T23:15:25.450Z  HOTR/2017       bereinigt     8902 reg. Kerzen        0/0/0 von 219  Tagen gewertet (1m/5m/15m)        0 Signale  15 ms lesen  55 ms rechnen
2026-09-09T23:15:25.534Z  HPK/2020        roh           3656 reg. Kerzen        0/0/0 von 88   Tagen gewertet (1m/5m/15m)        0 Signale  23 ms lesen  23 ms rechnen
2026-09-09T23:15:25.706Z  HPK/2021        roh          17963 reg. Kerzen        0/0/0 von 252  Tagen gewertet (1m/5m/15m)        0 Signale  56 ms lesen  103 ms rechnen
2026-09-09T23:15:28.228Z  HPK/2022        roh          45057 reg. Kerzen        7/0/0 von 251  Tagen gewertet (1m/5m/15m)      221 Signale  101 ms lesen  2385 ms rechnen
2026-09-09T23:15:32.371Z  HPK/2023        roh          58366 reg. Kerzen       12/0/0 von 250  Tagen gewertet (1m/5m/15m)      381 Signale  67 ms lesen  3940 ms rechnen
2026-09-09T23:15:32.957Z  HPK/2024        roh          54127 reg. Kerzen        0/0/0 von 252  Tagen gewertet (1m/5m/15m)        0 Signale  98 ms lesen  330 ms rechnen
2026-09-09T23:15:33.531Z  HPK/2025        roh          54036 reg. Kerzen        0/0/0 von 250  Tagen gewertet (1m/5m/15m)        0 Signale  77 ms lesen  329 ms rechnen
2026-09-09T23:15:39.453Z  HPK/2026        roh          45051 reg. Kerzen       17/0/0 von 166  Tagen gewertet (1m/5m/15m)      533 Signale  56 ms lesen  5718 ms rechnen
2026-09-09T23:15:39.722Z  HQCL/2016       roh          19772 reg. Kerzen        0/0/0 von 252  Tagen gewertet (1m/5m/15m)        0 Signale  40 ms lesen  106 ms rechnen
2026-09-09T23:15:39.923Z  HQCL/2017       roh          14286 reg. Kerzen        0/0/0 von 251  Tagen gewertet (1m/5m/15m)        0 Signale  49 ms lesen  101 ms rechnen
2026-09-09T23:15:40.072Z  HQCL/2018       roh          11966 reg. Kerzen        0/0/0 von 251  Tagen gewertet (1m/5m/15m)        0 Signale  43 ms lesen  71 ms rechnen
2026-09-09T23:15:40.124Z  HQCL/2019       roh            307 reg. Kerzen        0/0/0 von 11   Tagen gewertet (1m/5m/15m)        0 Signale  10 ms lesen  5 ms rechnen
2026-09-09T23:15:40.156Z  HRMN/2016       roh            252 reg. Kerzen        0/0/0 von 82   Tagen gewertet (1m/5m/15m)        0 Signale  27 ms lesen  3 ms rechnen
2026-09-09T23:15:40.177Z  HRMN/2017       roh            892 reg. Kerzen        0/0/0 von 93   Tagen gewertet (1m/5m/15m)        0 Signale  12 ms lesen  7 ms rechnen
2026-09-09T23:15:40.328Z  HRYU/2023       roh          12380 reg. Kerzen        0/0/0 von 106  Tagen gewertet (1m/5m/15m)        0 Signale  43 ms lesen  92 ms rechnen
2026-09-09T23:15:40.527Z  HRYU/2024       roh          18358 reg. Kerzen        0/0/0 von 243  Tagen gewertet (1m/5m/15m)        0 Signale  39 ms lesen  121 ms rechnen
2026-09-09T23:15:40.820Z  HSKA/2016       roh          29732 reg. Kerzen        0/0/0 von 252  Tagen gewertet (1m/5m/15m)        0 Signale  51 ms lesen  176 ms rechnen
2026-09-09T23:15:41.305Z  HSKA/2017       roh          28408 reg. Kerzen        1/0/0 von 251  Tagen gewertet (1m/5m/15m)       25 Signale  52 ms lesen  357 ms rechnen
2026-09-09T23:15:41.535Z  HSKA/2018       roh          21714 reg. Kerzen        0/0/0 von 251  Tagen gewertet (1m/5m/15m)        0 Signale  49 ms lesen  106 ms rechnen
2026-09-09T23:15:41.839Z  HSKA/2019       roh          28346 reg. Kerzen        0/0/0 von 252  Tagen gewertet (1m/5m/15m)        0 Signale  66 ms lesen  177 ms rechnen
2026-09-09T23:15:42.097Z  HSKA/2020       roh          24047 reg. Kerzen        0/0/0 von 253  Tagen gewertet (1m/5m/15m)        0 Signale  63 ms lesen  121 ms rechnen
2026-09-09T23:15:42.483Z  HSKA/2021       roh          21328 reg. Kerzen        1/0/0 von 252  Tagen gewertet (1m/5m/15m)       24 Signale  63 ms lesen  255 ms rechnen
2026-09-09T23:15:42.764Z  HSKA/2022       roh          28361 reg. Kerzen        0/0/0 von 251  Tagen gewertet (1m/5m/15m)        0 Signale  58 ms lesen  177 ms rechnen
2026-09-09T23:15:44.052Z  HSKA/2023       roh          18861 reg. Kerzen        4/0/0 von 111  Tagen gewertet (1m/5m/15m)       80 Signale  42 ms lesen  1159 ms rechnen
2026-09-09T23:16:12.100Z  HT/2016         roh          76075 reg. Kerzen       96/0/0 von 252  Tagen gewertet (1m/5m/15m)     2592 Signale  109 ms lesen  27872 ms rechnen
2026-09-09T23:16:29.967Z  HT/2017         roh          69859 reg. Kerzen       53/0/0 von 251  Tagen gewertet (1m/5m/15m)     1348 Signale  2642 ms lesen  15014 ms rechnen
2026-09-09T23:16:53.694Z  HT/2018         roh          72175 reg. Kerzen       86/0/0 von 251  Tagen gewertet (1m/5m/15m)     2072 Signale  104 ms lesen  23433 ms rechnen
2026-09-09T23:17:01.015Z  HT/2019         roh          66878 reg. Kerzen       24/0/0 von 252  Tagen gewertet (1m/5m/15m)      632 Signale  104 ms lesen  7055 ms rechnen
2026-09-09T23:17:14.690Z  HT/2020         roh          76604 reg. Kerzen       38/0/0 von 253  Tagen gewertet (1m/5m/15m)     1243 Signale  132 ms lesen  13347 ms rechnen
2026-09-09T23:17:17.132Z  HT/2021         roh          62185 reg. Kerzen        6/0/0 von 252  Tagen gewertet (1m/5m/15m)      168 Signale  96 ms lesen  2122 ms rechnen
2026-09-09T23:17:17.660Z  HT/2022         roh          58165 reg. Kerzen        0/0/0 von 251  Tagen gewertet (1m/5m/15m)        0 Signale  75 ms lesen  308 ms rechnen
2026-09-09T23:17:19.106Z  HT/2023         roh          57687 reg. Kerzen        3/0/0 von 227  Tagen gewertet (1m/5m/15m)       58 Signale  68 ms lesen  1203 ms rechnen
2026-09-09T23:17:25.632Z  HTH/2016        roh          65171 reg. Kerzen       22/0/0 von 252  Tagen gewertet (1m/5m/15m)      586 Signale  100 ms lesen  6244 ms rechnen
2026-09-09T23:17:35.695Z  HTH/2017        roh          64310 reg. Kerzen       36/0/0 von 251  Tagen gewertet (1m/5m/15m)      909 Signale  91 ms lesen  9786 ms rechnen
2026-09-09T23:17:54.066Z  HTH/2018        roh          68460 reg. Kerzen       66/0/0 von 251  Tagen gewertet (1m/5m/15m)     1748 Signale  93 ms lesen  18081 ms rechnen
2026-09-09T23:18:13.475Z  HTH/2019        roh          71575 reg. Kerzen       68/0/0 von 252  Tagen gewertet (1m/5m/15m)     1753 Signale  102 ms lesen  19142 ms rechnen
2026-09-09T23:18:41.845Z  HTH/2020        roh          74515 reg. Kerzen       92/0/0 von 253  Tagen gewertet (1m/5m/15m)     2729 Signale  115 ms lesen  28085 ms rechnen
2026-09-09T23:19:09.801Z  HTH/2021        roh          72301 reg. Kerzen       97/0/0 von 252  Tagen gewertet (1m/5m/15m)     2613 Signale  105 ms lesen  27656 ms rechnen
2026-09-09T23:19:38.325Z  HTH/2022        roh          72422 reg. Kerzen       94/0/0 von 251  Tagen gewertet (1m/5m/15m)     2557 Signale  119 ms lesen  28228 ms rechnen
2026-09-09T23:19:41.642Z  HTH/2023        roh          51881 reg. Kerzen        9/0/0 von 250  Tagen gewertet (1m/5m/15m)      276 Signale  104 ms lesen  3048 ms rechnen
2026-09-09T23:19:42.672Z  HTH/2024        roh          48455 reg. Kerzen        2/0/0 von 252  Tagen gewertet (1m/5m/15m)       41 Signale  95 ms lesen  799 ms rechnen
2026-09-09T23:19:50.274Z  HTH/2025        roh          59205 reg. Kerzen       28/0/0 von 250  Tagen gewertet (1m/5m/15m)      645 Signale  81 ms lesen  7378 ms rechnen
2026-09-09T23:19:55.572Z  HTH/2026        roh          35934 reg. Kerzen       19/0/0 von 166  Tagen gewertet (1m/5m/15m)      474 Signale  46 ms lesen  5103 ms rechnen
2026-09-09T23:20:02.421Z  HUBG/2016       bereinigt    63581 reg. Kerzen       22/0/0 von 252  Tagen gewertet (1m/5m/15m)      613 Signale  90 ms lesen  6643 ms rechnen
2026-09-09T23:20:07.639Z  HUBG/2017       bereinigt    58013 reg. Kerzen       15/0/0 von 251  Tagen gewertet (1m/5m/15m)      401 Signale  64 ms lesen  5006 ms rechnen
2026-09-09T23:20:15.509Z  HUBG/2018       bereinigt    59997 reg. Kerzen       26/0/0 von 251  Tagen gewertet (1m/5m/15m)      780 Signale  89 ms lesen  7635 ms rechnen
2026-09-09T23:20:18.303Z  HUBG/2019       bereinigt    57175 reg. Kerzen        8/0/0 von 252  Tagen gewertet (1m/5m/15m)      237 Signale  94 ms lesen  2542 ms rechnen
2026-09-09T23:20:22.533Z  HUBG/2020       bereinigt    58550 reg. Kerzen       13/0/0 von 253  Tagen gewertet (1m/5m/15m)      387 Signale  71 ms lesen  4010 ms rechnen
2026-09-09T23:20:23.208Z  HUBG/2021       bereinigt    46050 reg. Kerzen        1/0/0 von 252  Tagen gewertet (1m/5m/15m)       20 Signale  68 ms lesen  459 ms rechnen
2026-09-09T23:20:25.529Z  HUBG/2022       bereinigt    49036 reg. Kerzen        6/0/0 von 251  Tagen gewertet (1m/5m/15m)      172 Signale  85 ms lesen  2109 ms rechnen
2026-09-09T23:20:25.987Z  HUBG/2023       bereinigt    45272 reg. Kerzen        0/0/0 von 250  Tagen gewertet (1m/5m/15m)        0 Signale  73 ms lesen  269 ms rechnen
2026-09-09T23:20:32.753Z  HUBG/2024       bereinigt    62276 reg. Kerzen       23/0/0 von 252  Tagen gewertet (1m/5m/15m)      616 Signale  68 ms lesen  6573 ms rechnen
2026-09-09T23:20:46.560Z  HUBG/2025       roh          66755 reg. Kerzen       45/0/0 von 250  Tagen gewertet (1m/5m/15m)     1215 Signale  102 ms lesen  13532 ms rechnen
2026-09-09T23:21:02.602Z  HUBG/2026       roh          47736 reg. Kerzen       52/0/0 von 166  Tagen gewertet (1m/5m/15m)     1477 Signale  59 ms lesen  15808 ms rechnen
2026-09-09T23:22:27.813Z  HUN/2016        roh          97191 reg. Kerzen      232/0/0 von 252  Tagen gewertet (1m/5m/15m)     6781 Signale  5615 ms lesen  79109 ms rechnen
2026-09-09T23:23:47.986Z  HUN/2017        roh          96165 reg. Kerzen      251/0/0 von 251  Tagen gewertet (1m/5m/15m)     6583 Signale  141 ms lesen  79763 ms rechnen
2026-09-09T23:25:11.296Z  HUN/2018        roh          96524 reg. Kerzen      251/0/0 von 251  Tagen gewertet (1m/5m/15m)     6881 Signale  691 ms lesen  82333 ms rechnen
2026-09-09T23:26:35.824Z  HUN/2019        roh          96275 reg. Kerzen      252/0/0 von 252  Tagen gewertet (1m/5m/15m)     6916 Signale  127 ms lesen  84116 ms rechnen
2026-09-09T23:28:02.225Z  HUN/2020        roh          95565 reg. Kerzen      252/0/0 von 253  Tagen gewertet (1m/5m/15m)     7215 Signale  120 ms lesen  86062 ms rechnen
2026-09-09T23:29:25.213Z  HUN/2021        roh          95320 reg. Kerzen      250/0/0 von 252  Tagen gewertet (1m/5m/15m)     6515 Signale  135 ms lesen  82566 ms rechnen
2026-09-09T23:30:50.625Z  HUN/2022        roh          96324 reg. Kerzen      250/0/0 von 251  Tagen gewertet (1m/5m/15m)     6944 Signale  119 ms lesen  85021 ms rechnen
2026-09-09T23:32:11.277Z  HUN/2023        roh          95081 reg. Kerzen      250/0/0 von 250  Tagen gewertet (1m/5m/15m)     6492 Signale  127 ms lesen  80274 ms rechnen
2026-09-09T23:33:29.667Z  HUN/2024        roh          93446 reg. Kerzen      250/0/0 von 252  Tagen gewertet (1m/5m/15m)     6319 Signale  123 ms lesen  77981 ms rechnen
2026-09-09T23:34:57.106Z  HUN/2025        roh          95999 reg. Kerzen      250/0/0 von 250  Tagen gewertet (1m/5m/15m)     7258 Signale  119 ms lesen  87095 ms rechnen
2026-09-09T23:35:57.278Z  HUN/2026        roh          64103 reg. Kerzen      166/0/0 von 166  Tagen gewertet (1m/5m/15m)     5115 Signale  109 ms lesen  59824 ms rechnen
2026-09-09T23:35:57.738Z  HVT/2016        roh          33748 reg. Kerzen        0/0/0 von 252  Tagen gewertet (1m/5m/15m)        0 Signale  70 ms lesen  186 ms rechnen
2026-09-09T23:35:58.032Z  HVT/2017        roh          27848 reg. Kerzen        0/0/0 von 251  Tagen gewertet (1m/5m/15m)        0 Signale  51 ms lesen  147 ms rechnen
2026-09-09T23:35:58.350Z  HVT/2018        roh          30837 reg. Kerzen        0/0/0 von 251  Tagen gewertet (1m/5m/15m)        0 Signale  54 ms lesen  185 ms rechnen
2026-09-09T23:35:58.697Z  HVT/2019        roh          41469 reg. Kerzen        0/0/0 von 252  Tagen gewertet (1m/5m/15m)        0 Signale  73 ms lesen  190 ms rechnen
2026-09-09T23:35:59.138Z  HVT/2020        roh          46540 reg. Kerzen        0/0/0 von 253  Tagen gewertet (1m/5m/15m)        0 Signale  79 ms lesen  229 ms rechnen
2026-09-09T23:35:59.636Z  HVT/2021        roh          48677 reg. Kerzen        0/0/0 von 252  Tagen gewertet (1m/5m/15m)        0 Signale  77 ms lesen  294 ms rechnen
2026-09-09T23:36:00.127Z  HVT/2022        roh          43027 reg. Kerzen        0/0/0 von 251  Tagen gewertet (1m/5m/15m)        0 Signale  72 ms lesen  274 ms rechnen
2026-09-09T23:36:03.988Z  HVT/2023        roh          28585 reg. Kerzen        0/0/0 von 250  Tagen gewertet (1m/5m/15m)        0 Signale  3545 ms lesen  144 ms rechnen
2026-09-09T23:36:06.697Z  HVT/2024        roh          33286 reg. Kerzen        2/0/0 von 252  Tagen gewertet (1m/5m/15m)       65 Signale  1897 ms lesen  742 ms rechnen
2026-09-09T23:36:08.341Z  HVT/2025        roh          27964 reg. Kerzen        0/0/0 von 250  Tagen gewertet (1m/5m/15m)        0 Signale  1391 ms lesen  173 ms rechnen
2026-09-09T23:36:09.491Z  HVT/2026        roh          15444 reg. Kerzen        0/0/0 von 166  Tagen gewertet (1m/5m/15m)        0 Signale  998 ms lesen  82 ms rechnen
2026-09-09T23:36:47.717Z  HXL/2016        roh          80249 reg. Kerzen      129/0/0 von 252  Tagen gewertet (1m/5m/15m)     3120 Signale  2755 ms lesen  35078 ms rechnen
2026-09-09T23:37:18.816Z  HXL/2017        roh          76851 reg. Kerzen      116/0/0 von 251  Tagen gewertet (1m/5m/15m)     2588 Signale  121 ms lesen  30747 ms rechnen
2026-09-09T23:37:50.813Z  HXL/2018        roh          77116 reg. Kerzen      117/0/0 von 251  Tagen gewertet (1m/5m/15m)     2952 Signale  115 ms lesen  31641 ms rechnen
2026-09-09T23:38:17.253Z  HXL/2019        roh          75587 reg. Kerzen       99/0/0 von 252  Tagen gewertet (1m/5m/15m)     2389 Signale  117 ms lesen  26105 ms rechnen
2026-09-09T23:39:36.036Z  HXL/2020        roh          91092 reg. Kerzen      233/0/0 von 253  Tagen gewertet (1m/5m/15m)     7167 Signale  113 ms lesen  78479 ms rechnen
2026-09-09T23:40:27.347Z  HXL/2021        roh          81103 reg. Kerzen      169/0/0 von 252  Tagen gewertet (1m/5m/15m)     4784 Signale  107 ms lesen  51007 ms rechnen
2026-09-09T23:41:11.155Z  HXL/2022        roh          78193 reg. Kerzen      146/0/0 von 251  Tagen gewertet (1m/5m/15m)     4136 Signale  89 ms lesen  43513 ms rechnen
2026-09-09T23:41:44.526Z  HXL/2023        roh          74551 reg. Kerzen      105/0/0 von 250  Tagen gewertet (1m/5m/15m)     2652 Signale  3976 ms lesen  29211 ms rechnen
2026-09-09T23:42:27.521Z  HXL/2024        roh          79932 reg. Kerzen      149/0/0 von 252  Tagen gewertet (1m/5m/15m)     3792 Signale  563 ms lesen  42244 ms rechnen
2026-09-09T23:43:26.570Z  HXL/2025        roh          83431 reg. Kerzen      199/0/0 von 250  Tagen gewertet (1m/5m/15m)     5230 Signale  119 ms lesen  58703 ms rechnen
2026-09-09T23:43:59.116Z  HXL/2026        roh          53347 reg. Kerzen      108/0/0 von 166  Tagen gewertet (1m/5m/15m)     2988 Signale  78 ms lesen  32271 ms rechnen
2026-09-09T23:43:59.318Z  HZAC/2020       roh           2118 reg. Kerzen        0/0/0 von 57   Tagen gewertet (1m/5m/15m)        0 Signale  63 ms lesen  15 ms rechnen
2026-09-09T23:43:59.467Z  HZAC/2021       roh          19406 reg. Kerzen        0/0/0 von 200  Tagen gewertet (1m/5m/15m)        0 Signale  44 ms lesen  99 ms rechnen
2026-09-09T23:43:59.552Z  IACA/2020       roh           1977 reg. Kerzen        0/0/0 von 41   Tagen gewertet (1m/5m/15m)        0 Signale  14 ms lesen  16 ms rechnen
2026-09-09T23:44:00.932Z  IACA/2021       roh          25213 reg. Kerzen        4/0/0 von 123  Tagen gewertet (1m/5m/15m)      122 Signale  45 ms lesen  1330 ms rechnen
2026-09-09T23:44:05.613Z  IAS/2021        roh          31978 reg. Kerzen       15/0/0 von 129  Tagen gewertet (1m/5m/15m)      450 Signale  71 ms lesen  4558 ms rechnen
2026-09-09T23:44:12.155Z  IAS/2022        roh          65724 reg. Kerzen       19/0/0 von 251  Tagen gewertet (1m/5m/15m)      594 Signale  87 ms lesen  6381 ms rechnen
2026-09-09T23:44:48.950Z  IAS/2023        roh          74715 reg. Kerzen      119/0/0 von 250  Tagen gewertet (1m/5m/15m)     3481 Signale  119 ms lesen  36489 ms rechnen
2026-09-09T23:45:42.192Z  IAS/2024        roh          82670 reg. Kerzen      162/0/0 von 252  Tagen gewertet (1m/5m/15m)     4668 Signale  130 ms lesen  52883 ms rechnen
2026-09-09T23:46:16.079Z  IAS/2025        roh          75426 reg. Kerzen       97/0/0 von 244  Tagen gewertet (1m/5m/15m)     2046 Signale  128 ms lesen  33522 ms rechnen
2026-09-09T23:47:41.990Z  IBN/2016        roh          97354 reg. Kerzen      232/0/0 von 252  Tagen gewertet (1m/5m/15m)     5812 Signale  175 ms lesen  85488 ms rechnen
2026-09-09T23:49:11.955Z  IBN/2017        roh          96516 reg. Kerzen      251/0/0 von 251  Tagen gewertet (1m/5m/15m)     5668 Signale  135 ms lesen  89518 ms rechnen
2026-09-09T23:50:38.160Z  IBN/2018        roh          96274 reg. Kerzen      251/0/0 von 251  Tagen gewertet (1m/5m/15m)     6006 Signale  149 ms lesen  85793 ms rechnen
2026-09-09T23:52:05.830Z  IBN/2019        roh          96473 reg. Kerzen      252/0/0 von 252  Tagen gewertet (1m/5m/15m)     5365 Signale  144 ms lesen  87225 ms rechnen
2026-09-09T23:53:32.909Z  IBN/2020        roh          97284 reg. Kerzen      253/0/0 von 253  Tagen gewertet (1m/5m/15m)     6439 Signale  695 ms lesen  86171 ms rechnen
2026-09-09T23:54:55.717Z  IBN/2021        roh          95584 reg. Kerzen      250/0/0 von 252  Tagen gewertet (1m/5m/15m)     5507 Signale  154 ms lesen  82405 ms rechnen
2026-09-09T23:56:18.849Z  IBN/2022        roh          96807 reg. Kerzen      250/0/0 von 251  Tagen gewertet (1m/5m/15m)     5898 Signale  257 ms lesen  82597 ms rechnen
2026-09-09T23:57:41.620Z  IBN/2023        roh          96190 reg. Kerzen      250/0/0 von 250  Tagen gewertet (1m/5m/15m)     5197 Signale  148 ms lesen  82362 ms rechnen
2026-09-09T23:59:03.095Z  IBN/2024        roh          95746 reg. Kerzen      252/0/0 von 252  Tagen gewertet (1m/5m/15m)     5188 Signale  130 ms lesen  81098 ms rechnen
2026-09-10T00:00:24.661Z  IBN/2025        roh          95297 reg. Kerzen      250/0/0 von 250  Tagen gewertet (1m/5m/15m)     5157 Signale  131 ms lesen  81162 ms rechnen
2026-09-10T00:01:19.340Z  IBN/2026        roh          63869 reg. Kerzen      166/0/0 von 166  Tagen gewertet (1m/5m/15m)     3700 Signale  87 ms lesen  54311 ms rechnen
2026-09-10T00:01:19.567Z  ICBK/2016       roh           4064 reg. Kerzen        0/0/0 von 232  Tagen gewertet (1m/5m/15m)        0 Signale  28 ms lesen  28 ms rechnen
2026-09-10T00:01:19.659Z  ICBK/2017       roh           4066 reg. Kerzen        0/0/0 von 245  Tagen gewertet (1m/5m/15m)        0 Signale  46 ms lesen  32 ms rechnen
2026-09-10T00:01:19.726Z  ICBK/2018       roh           3423 reg. Kerzen        0/0/0 von 247  Tagen gewertet (1m/5m/15m)        0 Signale  29 ms lesen  26 ms rechnen
2026-09-10T00:01:19.794Z  ICBK/2019       roh           4760 reg. Kerzen        0/0/0 von 249  Tagen gewertet (1m/5m/15m)        0 Signale  29 ms lesen  29 ms rechnen
2026-09-10T00:01:19.873Z  ICBK/2020       roh           5312 reg. Kerzen        0/0/0 von 248  Tagen gewertet (1m/5m/15m)        0 Signale  33 ms lesen  34 ms rechnen
2026-09-10T00:01:19.933Z  ICBK/2021       roh           4716 reg. Kerzen        0/0/0 von 224  Tagen gewertet (1m/5m/15m)        0 Signale  12 ms lesen  34 ms rechnen
2026-09-10T00:01:48.385Z  ICLR/2016       roh          75820 reg. Kerzen      100/0/0 von 252  Tagen gewertet (1m/5m/15m)     2610 Signale  109 ms lesen  28325 ms rechnen
2026-09-10T00:02:05.186Z  ICLR/2017       roh          70122 reg. Kerzen       58/0/0 von 251  Tagen gewertet (1m/5m/15m)     1457 Signale  110 ms lesen  16488 ms rechnen
2026-09-10T00:02:10.365Z  ICLR/2018       roh          59030 reg. Kerzen       16/0/0 von 251  Tagen gewertet (1m/5m/15m)      470 Signale  113 ms lesen  4867 ms rechnen
2026-09-10T00:02:14.969Z  ICLR/2019       roh          58467 reg. Kerzen       15/0/0 von 252  Tagen gewertet (1m/5m/15m)      381 Signale  100 ms lesen  4352 ms rechnen
2026-09-10T00:02:23.173Z  ICLR/2020       roh          62196 reg. Kerzen       24/0/0 von 253  Tagen gewertet (1m/5m/15m)      753 Signale  109 ms lesen  7930 ms rechnen
2026-09-10T00:02:54.929Z  ICLR/2021       roh          74250 reg. Kerzen      103/0/0 von 252  Tagen gewertet (1m/5m/15m)     2753 Signale  126 ms lesen  31467 ms rechnen
2026-09-10T00:03:35.118Z  ICLR/2022       roh          77609 reg. Kerzen      129/0/0 von 251  Tagen gewertet (1m/5m/15m)     3733 Signale  110 ms lesen  39892 ms rechnen
2026-09-10T00:04:06.233Z  ICLR/2023       roh          74050 reg. Kerzen      106/0/0 von 250  Tagen gewertet (1m/5m/15m)     2857 Signale  95 ms lesen  30833 ms rechnen
2026-09-10T00:04:34.089Z  ICLR/2024       roh          73112 reg. Kerzen       93/0/0 von 252  Tagen gewertet (1m/5m/15m)     2503 Signale  132 ms lesen  27524 ms rechnen
2026-09-10T00:05:32.788Z  ICLR/2025       roh          82746 reg. Kerzen      191/0/0 von 250  Tagen gewertet (1m/5m/15m)     5332 Signale  119 ms lesen  58369 ms rechnen
2026-09-10T00:06:00.517Z  ICLR/2026       roh          50896 reg. Kerzen       84/0/0 von 166  Tagen gewertet (1m/5m/15m)     2586 Signale  93 ms lesen  27431 ms rechnen
2026-09-10T00:06:10.847Z  IDCC/2016       roh          68029 reg. Kerzen       38/0/0 von 252  Tagen gewertet (1m/5m/15m)      998 Signale  104 ms lesen  10065 ms rechnen
2026-09-10T00:06:21.558Z  IDCC/2017       roh          64435 reg. Kerzen       28/0/0 von 251  Tagen gewertet (1m/5m/15m)      755 Signale  2541 ms lesen  8007 ms rechnen
2026-09-10T00:06:22.937Z  IDCC/2018       roh          54986 reg. Kerzen        3/0/0 von 249  Tagen gewertet (1m/5m/15m)       74 Signale  89 ms lesen  1116 ms rechnen
2026-09-10T00:06:32.438Z  IDCC/2019       roh          64054 reg. Kerzen       33/0/0 von 252  Tagen gewertet (1m/5m/15m)      872 Signale  111 ms lesen  9247 ms rechnen
2026-09-10T00:06:35.751Z  IDCC/2020       roh          53399 reg. Kerzen       10/0/0 von 253  Tagen gewertet (1m/5m/15m)      293 Signale  85 ms lesen  3035 ms rechnen
2026-09-10T00:06:38.858Z  IDCC/2021       roh          47855 reg. Kerzen        9/0/0 von 252  Tagen gewertet (1m/5m/15m)      252 Signale  97 ms lesen  2847 ms rechnen
2026-09-10T00:06:40.922Z  IDCC/2022       roh          44457 reg. Kerzen        5/0/0 von 251  Tagen gewertet (1m/5m/15m)      139 Signale  73 ms lesen  1837 ms rechnen
2026-09-10T00:06:43.472Z  IDCC/2023       roh          53495 reg. Kerzen        7/0/0 von 250  Tagen gewertet (1m/5m/15m)      163 Signale  121 ms lesen  2319 ms rechnen
2026-09-10T00:06:47.186Z  IDCC/2024       roh          54855 reg. Kerzen       11/0/0 von 252  Tagen gewertet (1m/5m/15m)      316 Signale  78 ms lesen  3504 ms rechnen
2026-09-10T00:06:49.623Z  IDCC/2025       roh          48231 reg. Kerzen        7/0/0 von 250  Tagen gewertet (1m/5m/15m)      220 Signale  68 ms lesen  2223 ms rechnen
2026-09-10T00:06:55.933Z  IDCC/2026       roh          43668 reg. Kerzen       19/0/0 von 166  Tagen gewertet (1m/5m/15m)      577 Signale  69 ms lesen  6119 ms rechnen
2026-09-10T00:06:56.274Z  IDXG/2016       bereinigt    14125 reg. Kerzen        0/0/0 von 250  Tagen gewertet (1m/5m/15m)        0 Signale  67 ms lesen  98 ms rechnen
2026-09-10T00:06:56.885Z  IDXG/2017       bereinigt    60284 reg. Kerzen        0/0/0 von 251  Tagen gewertet (1m/5m/15m)        0 Signale  156 ms lesen  418 ms rechnen
2026-09-10T00:06:57.357Z  IDXG/2018       bereinigt    33191 reg. Kerzen        0/0/0 von 251  Tagen gewertet (1m/5m/15m)        0 Signale  94 ms lesen  228 ms rechnen
2026-09-10T00:06:57.627Z  IDXG/2019       bereinigt    24506 reg. Kerzen        0/0/0 von 252  Tagen gewertet (1m/5m/15m)        0 Signale  64 ms lesen  122 ms rechnen
2026-09-10T00:06:57.909Z  IDXG/2020       bereinigt    26585 reg. Kerzen        0/0/0 von 253  Tagen gewertet (1m/5m/15m)        0 Signale  66 ms lesen  151 ms rechnen
2026-09-10T00:06:58.029Z  IDXG/2021       bereinigt     4308 reg. Kerzen        0/0/0 von 36   Tagen gewertet (1m/5m/15m)        0 Signale  10 ms lesen  31 ms rechnen
2026-09-10T00:07:10.229Z  IEX/2016        roh          69806 reg. Kerzen       45/0/0 von 252  Tagen gewertet (1m/5m/15m)     1023 Signale  103 ms lesen  12083 ms rechnen
2026-09-10T00:07:15.701Z  IEX/2017        roh          59095 reg. Kerzen       19/0/0 von 251  Tagen gewertet (1m/5m/15m)      428 Signale  106 ms lesen  5193 ms rechnen
2026-09-10T00:07:21.620Z  IEX/2018        roh          60772 reg. Kerzen       20/0/0 von 251  Tagen gewertet (1m/5m/15m)      537 Signale  91 ms lesen  5653 ms rechnen
2026-09-10T00:07:34.653Z  IEX/2019        roh          67937 reg. Kerzen       46/0/0 von 252  Tagen gewertet (1m/5m/15m)     1102 Signale  105 ms lesen  12763 ms rechnen
2026-09-10T00:08:06.949Z  IEX/2020        roh          74124 reg. Kerzen      107/0/0 von 253  Tagen gewertet (1m/5m/15m)     2910 Signale  122 ms lesen  31986 ms rechnen
2026-09-10T00:08:16.057Z  IEX/2021        roh          64061 reg. Kerzen       32/0/0 von 252  Tagen gewertet (1m/5m/15m)      788 Signale  116 ms lesen  8783 ms rechnen
2026-09-10T00:08:30.237Z  IEX/2022        roh          67515 reg. Kerzen       51/0/0 von 251  Tagen gewertet (1m/5m/15m)     1348 Signale  110 ms lesen  13908 ms rechnen
2026-09-10T00:08:40.312Z  IEX/2023        roh          65964 reg. Kerzen       35/0/0 von 250  Tagen gewertet (1m/5m/15m)      873 Signale  107 ms lesen  9775 ms rechnen
2026-09-10T00:08:43.355Z  IEX/2024        roh          56038 reg. Kerzen        9/0/0 von 252  Tagen gewertet (1m/5m/15m)      225 Signale  85 ms lesen  2758 ms rechnen
2026-09-10T00:08:54.228Z  IEX/2025        roh          66738 reg. Kerzen       37/0/0 von 250  Tagen gewertet (1m/5m/15m)      977 Signale  129 ms lesen  10603 ms rechnen
2026-09-10T00:09:02.196Z  IEX/2026        roh          44745 reg. Kerzen       28/0/0 von 166  Tagen gewertet (1m/5m/15m)      737 Signale  69 ms lesen  7750 ms rechnen
2026-09-10T00:09:02.365Z  IGNY/2021       roh            815 reg. Kerzen        0/0/0 von 137  Tagen gewertet (1m/5m/15m)        0 Signale  26 ms lesen  7 ms rechnen
2026-09-10T00:09:02.394Z  IGNY/2022       roh            928 reg. Kerzen        0/0/0 von 107  Tagen gewertet (1m/5m/15m)        0 Signale  18 ms lesen  7 ms rechnen
2026-09-10T00:09:02.464Z  IIN/2016        roh           3356 reg. Kerzen        0/0/0 von 235  Tagen gewertet (1m/5m/15m)        0 Signale  49 ms lesen  15 ms rechnen
2026-09-10T00:09:02.574Z  IIN/2017        roh           8578 reg. Kerzen        0/0/0 von 249  Tagen gewertet (1m/5m/15m)        0 Signale  50 ms lesen  51 ms rechnen
2026-09-10T00:09:04.886Z  IIN/2018        roh          43584 reg. Kerzen        6/0/0 von 251  Tagen gewertet (1m/5m/15m)      184 Signale  72 ms lesen  2210 ms rechnen
2026-09-10T00:09:05.286Z  IIN/2019        roh          40962 reg. Kerzen        0/0/0 von 252  Tagen gewertet (1m/5m/15m)        0 Signale  68 ms lesen  229 ms rechnen
2026-09-10T00:09:05.544Z  IIN/2020        roh          19982 reg. Kerzen        0/0/0 von 253  Tagen gewertet (1m/5m/15m)        0 Signale  40 ms lesen  109 ms rechnen
2026-09-10T00:09:05.725Z  IIN/2021        roh          15762 reg. Kerzen        0/0/0 von 252  Tagen gewertet (1m/5m/15m)        0 Signale  36 ms lesen  82 ms rechnen
2026-09-10T00:09:05.865Z  IIN/2022        roh           8127 reg. Kerzen        0/0/0 von 99   Tagen gewertet (1m/5m/15m)        0 Signale  50 ms lesen  45 ms rechnen
2026-09-10T00:09:05.954Z  ILLM/2023       roh           4450 reg. Kerzen        0/0/0 von 101  Tagen gewertet (1m/5m/15m)        0 Signale  30 ms lesen  32 ms rechnen
2026-09-10T00:09:06.062Z  IMBI/2019       bereinigt     9055 reg. Kerzen        0/0/0 von 117  Tagen gewertet (1m/5m/15m)        0 Signale  30 ms lesen  56 ms rechnen
2026-09-10T00:09:06.222Z  IMBI/2020       roh          17172 reg. Kerzen        0/0/0 von 253  Tagen gewertet (1m/5m/15m)        0 Signale  32 ms lesen  97 ms rechnen
2026-09-10T00:09:06.409Z  IMBI/2021       roh          22991 reg. Kerzen        0/0/0 von 252  Tagen gewertet (1m/5m/15m)        0 Signale  33 ms lesen  116 ms rechnen
2026-09-10T00:09:06.625Z  IMBI/2022       roh          19379 reg. Kerzen        0/0/0 von 251  Tagen gewertet (1m/5m/15m)        0 Signale  47 ms lesen  114 ms rechnen
2026-09-10T00:09:06.777Z  IMBI/2023       roh          12697 reg. Kerzen        0/0/0 von 128  Tagen gewertet (1m/5m/15m)        0 Signale  32 ms lesen  64 ms rechnen
2026-09-10T00:09:06.885Z  IMI/2016        roh          13555 reg. Kerzen        0/0/0 von 252  Tagen gewertet (1m/5m/15m)        0 Signale  26 ms lesen  53 ms rechnen
2026-09-10T00:09:06.991Z  IMI/2017        roh           6514 reg. Kerzen        0/0/0 von 251  Tagen gewertet (1m/5m/15m)        0 Signale  29 ms lesen  43 ms rechnen
2026-09-10T00:09:07.107Z  IMI/2018        roh          11348 reg. Kerzen        0/0/0 von 250  Tagen gewertet (1m/5m/15m)        0 Signale  26 ms lesen  75 ms rechnen
2026-09-10T00:09:07.200Z  IMI/2019        roh           6784 reg. Kerzen        0/0/0 von 181  Tagen gewertet (1m/5m/15m)        0 Signale  25 ms lesen  43 ms rechnen
2026-09-10T00:09:26.555Z  IMO/2016        roh          70237 reg. Kerzen       64/0/0 von 252  Tagen gewertet (1m/5m/15m)     1780 Signale  82 ms lesen  19241 ms rechnen
2026-09-10T00:09:28.474Z  CHECKPOINT 2600 Dateien, 499 min, Detektorfehler {}
2026-09-10T00:09:43.654Z  IMO/2017        roh          69653 reg. Kerzen       54/0/0 von 251  Tagen gewertet (1m/5m/15m)     1271 Signale  99 ms lesen  15080 ms rechnen
2026-09-10T00:10:15.927Z  IMO/2018        roh          75862 reg. Kerzen      113/0/0 von 251  Tagen gewertet (1m/5m/15m)     2861 Signale  107 ms lesen  31966 ms rechnen
2026-09-10T00:10:37.642Z  IMO/2019        roh          71856 reg. Kerzen       77/0/0 von 252  Tagen gewertet (1m/5m/15m)     1869 Signale  96 ms lesen  21419 ms rechnen
2026-09-10T00:11:48.310Z  IMO/2020        roh          87354 reg. Kerzen      213/0/0 von 253  Tagen gewertet (1m/5m/15m)     6352 Signale  110 ms lesen  70377 ms rechnen
2026-09-10T00:12:39.601Z  IMO/2021        roh          81795 reg. Kerzen      174/0/0 von 252  Tagen gewertet (1m/5m/15m)     4779 Signale  111 ms lesen  50930 ms rechnen
2026-09-10T00:13:47.604Z  IMO/2022        roh          87193 reg. Kerzen      219/0/0 von 251  Tagen gewertet (1m/5m/15m)     6279 Signale  126 ms lesen  67684 ms rechnen
2026-09-10T00:14:46.144Z  IMO/2023        roh          83782 reg. Kerzen      197/0/0 von 250  Tagen gewertet (1m/5m/15m)     5269 Signale  126 ms lesen  58161 ms rechnen
2026-09-10T00:15:17.983Z  IMO/2024        roh          76666 reg. Kerzen      110/0/0 von 252  Tagen gewertet (1m/5m/15m)     2710 Signale  146 ms lesen  31458 ms rechnen
2026-09-10T00:15:43.522Z  IMO/2025        roh          72335 reg. Kerzen       90/0/0 von 250  Tagen gewertet (1m/5m/15m)     2424 Signale  131 ms lesen  25187 ms rechnen
2026-09-10T00:16:08.433Z  IMO/2026        roh          52036 reg. Kerzen       86/0/0 von 166  Tagen gewertet (1m/5m/15m)     2337 Signale  99 ms lesen  24585 ms rechnen
2026-09-10T00:16:12.938Z  IMUC/2016       bereinigt    30467 reg. Kerzen        0/0/0 von 252  Tagen gewertet (1m/5m/15m)        0 Signale  4184 ms lesen  146 ms rechnen
2026-09-10T00:16:14.707Z  IMUC/2017       bereinigt    39042 reg. Kerzen        0/0/0 von 251  Tagen gewertet (1m/5m/15m)        0 Signale  1416 ms lesen  277 ms rechnen
2026-09-10T00:16:15.054Z  IMUC/2018       bereinigt    27865 reg. Kerzen        0/0/0 von 200  Tagen gewertet (1m/5m/15m)        0 Signale  48 ms lesen  189 ms rechnen
2026-09-10T00:16:15.173Z  INDI/2019       roh            280 reg. Kerzen        0/0/0 von 44   Tagen gewertet (1m/5m/15m)        0 Signale  20 ms lesen  2 ms rechnen
2026-09-10T00:16:16.153Z  INDI/2020       roh           7811 reg. Kerzen        2/0/0 von 202  Tagen gewertet (1m/5m/15m)       60 Signale  43 ms lesen  935 ms rechnen
2026-09-10T00:17:13.753Z  INDI/2021       roh          82294 reg. Kerzen      164/0/0 von 252  Tagen gewertet (1m/5m/15m)     5168 Signale  181 ms lesen  57394 ms rechnen
2026-09-10T00:18:26.859Z  INDI/2022       roh          88469 reg. Kerzen      212/0/0 von 251  Tagen gewertet (1m/5m/15m)     6658 Signale  116 ms lesen  72771 ms rechnen
2026-09-10T00:19:48.941Z  INDI/2023       roh          91095 reg. Kerzen      240/0/0 von 250  Tagen gewertet (1m/5m/15m)     7406 Signale  153 ms lesen  81706 ms rechnen
2026-09-10T00:21:20.319Z  INDI/2024       roh          93623 reg. Kerzen      252/0/0 von 252  Tagen gewertet (1m/5m/15m)     7996 Signale  180 ms lesen  90961 ms rechnen
2026-09-10T00:22:50.729Z  INDI/2025       roh          93930 reg. Kerzen      233/0/0 von 250  Tagen gewertet (1m/5m/15m)     7443 Signale  2957 ms lesen  87206 ms rechnen
2026-09-10T00:23:57.089Z  INDI/2026       roh          62973 reg. Kerzen      166/0/0 von 166  Tagen gewertet (1m/5m/15m)     5423 Signale  2848 ms lesen  63242 ms rechnen
2026-09-10T00:25:08.188Z  ING/2016        roh          91750 reg. Kerzen      229/0/0 von 252  Tagen gewertet (1m/5m/15m)     5353 Signale  143 ms lesen  70775 ms rechnen
2026-09-10T00:26:25.147Z  ING/2017        roh          92072 reg. Kerzen      250/0/0 von 251  Tagen gewertet (1m/5m/15m)     5215 Signale  130 ms lesen  76558 ms rechnen
2026-09-10T00:27:44.919Z  ING/2018        roh          94205 reg. Kerzen      251/0/0 von 251  Tagen gewertet (1m/5m/15m)     5654 Signale  125 ms lesen  79408 ms rechnen
2026-09-10T00:29:05.438Z  ING/2019        roh          93629 reg. Kerzen      252/0/0 von 252  Tagen gewertet (1m/5m/15m)     5568 Signale  141 ms lesen  80113 ms rechnen
2026-09-10T00:30:30.564Z  ING/2020        roh          94620 reg. Kerzen      253/0/0 von 253  Tagen gewertet (1m/5m/15m)     6595 Signale  232 ms lesen  84662 ms rechnen
2026-09-10T00:31:45.400Z  ING/2021        roh          90771 reg. Kerzen      248/0/0 von 252  Tagen gewertet (1m/5m/15m)     5526 Signale  156 ms lesen  74418 ms rechnen
2026-09-10T00:33:07.514Z  ING/2022        roh          94730 reg. Kerzen      250/0/0 von 251  Tagen gewertet (1m/5m/15m)     6305 Signale  147 ms lesen  81708 ms rechnen
2026-09-10T00:34:26.108Z  ING/2023        roh          93069 reg. Kerzen      250/0/0 von 250  Tagen gewertet (1m/5m/15m)     5497 Signale  144 ms lesen  78186 ms rechnen
2026-09-10T00:35:41.400Z  ING/2024        roh          91480 reg. Kerzen      251/0/0 von 252  Tagen gewertet (1m/5m/15m)     5345 Signale  159 ms lesen  74888 ms rechnen
2026-09-10T00:36:55.507Z  ING/2025        roh          91919 reg. Kerzen      250/0/0 von 250  Tagen gewertet (1m/5m/15m)     5460 Signale  125 ms lesen  73766 ms rechnen
2026-09-10T00:37:48.132Z  ING/2026        roh          63188 reg. Kerzen      166/0/0 von 166  Tagen gewertet (1m/5m/15m)     3945 Signale  107 ms lesen  52298 ms rechnen
2026-09-10T00:37:48.631Z  INPX/2017       roh          34955 reg. Kerzen        0/0/0 von 212  Tagen gewertet (1m/5m/15m)        0 Signale  76 ms lesen  225 ms rechnen
2026-09-10T00:37:49.276Z  INPX/2018       roh          67422 reg. Kerzen        0/0/0 von 251  Tagen gewertet (1m/5m/15m)        0 Signale  110 ms lesen  445 ms rechnen
2026-09-10T00:37:50.033Z  INPX/2019       roh          64616 reg. Kerzen        0/0/0 von 252  Tagen gewertet (1m/5m/15m)        0 Signale  123 ms lesen  465 ms rechnen
2026-09-10T00:38:20.372Z  INPX/2020       roh          83804 reg. Kerzen       71/0/0 von 253  Tagen gewertet (1m/5m/15m)     2305 Signale  138 ms lesen  30042 ms rechnen
2026-09-10T00:38:50.297Z  INPX/2021       roh          84030 reg. Kerzen       70/0/0 von 252  Tagen gewertet (1m/5m/15m)     2239 Signale  149 ms lesen  29561 ms rechnen
2026-09-10T00:38:50.962Z  INPX/2022       roh          56326 reg. Kerzen        0/0/0 von 251  Tagen gewertet (1m/5m/15m)        0 Signale  100 ms lesen  334 ms rechnen
2026-09-10T00:38:51.745Z  INPX/2023       roh          70573 reg. Kerzen        0/0/0 von 250  Tagen gewertet (1m/5m/15m)        0 Signale  126 ms lesen  504 ms rechnen
2026-09-10T00:38:52.098Z  INPX/2024       roh          16142 reg. Kerzen        0/0/0 von 49   Tagen gewertet (1m/5m/15m)        0 Signale  51 ms lesen  132 ms rechnen
2026-09-10T00:38:52.612Z  INTA/2021       roh          22833 reg. Kerzen        1/0/0 von 129  Tagen gewertet (1m/5m/15m)       34 Signale  57 ms lesen  411 ms rechnen
2026-09-10T00:38:52.903Z  INTA/2022       roh          29931 reg. Kerzen        0/0/0 von 251  Tagen gewertet (1m/5m/15m)        0 Signale  62 ms lesen  171 ms rechnen
2026-09-10T00:39:01.478Z  INTA/2023       roh          60171 reg. Kerzen       27/0/0 von 250  Tagen gewertet (1m/5m/15m)      816 Signale  99 ms lesen  8399 ms rechnen
2026-09-10T00:39:20.468Z  INTA/2024       roh          69298 reg. Kerzen       64/0/0 von 252  Tagen gewertet (1m/5m/15m)     1872 Signale  124 ms lesen  18718 ms rechnen
2026-09-10T00:39:43.874Z  INTA/2025       roh          72103 reg. Kerzen       75/0/0 von 250  Tagen gewertet (1m/5m/15m)     2153 Signale  114 ms lesen  23085 ms rechnen
2026-09-10T00:40:10.598Z  INTA/2026       roh          51787 reg. Kerzen       80/0/0 von 166  Tagen gewertet (1m/5m/15m)     2452 Signale  83 ms lesen  26440 ms rechnen
2026-09-10T00:40:10.790Z  INVO/2020       bereinigt     1820 reg. Kerzen        0/0/0 von 33   Tagen gewertet (1m/5m/15m)        0 Signale  36 ms lesen  10 ms rechnen
2026-09-10T00:40:10.914Z  INVO/2021       bereinigt    16783 reg. Kerzen        0/0/0 von 252  Tagen gewertet (1m/5m/15m)        0 Signale  29 ms lesen  91 ms rechnen
2026-09-10T00:40:11.014Z  INVO/2022       bereinigt     8058 reg. Kerzen        0/0/0 von 251  Tagen gewertet (1m/5m/15m)        0 Signale  14 ms lesen  40 ms rechnen
2026-09-10T00:40:11.197Z  INVO/2023       bereinigt    20304 reg. Kerzen        0/0/0 von 250  Tagen gewertet (1m/5m/15m)        0 Signale  46 ms lesen  112 ms rechnen
2026-09-10T00:40:11.343Z  INVO/2024       roh          11551 reg. Kerzen        0/0/0 von 203  Tagen gewertet (1m/5m/15m)        0 Signale  31 ms lesen  53 ms rechnen
2026-09-10T00:40:11.574Z  IO/2016         roh          26876 reg. Kerzen        0/0/0 von 229  Tagen gewertet (1m/5m/15m)        0 Signale  62 ms lesen  131 ms rechnen
2026-09-10T00:40:11.852Z  IO/2017         roh          24280 reg. Kerzen        0/0/0 von 251  Tagen gewertet (1m/5m/15m)        0 Signale  39 ms lesen  164 ms rechnen
2026-09-10T00:40:12.289Z  IO/2018         roh          46590 reg. Kerzen        0/0/0 von 251  Tagen gewertet (1m/5m/15m)        0 Signale  88 ms lesen  284 ms rechnen
2026-09-10T00:40:12.708Z  IO/2019         roh          41474 reg. Kerzen        0/0/0 von 252  Tagen gewertet (1m/5m/15m)        0 Signale  71 ms lesen  213 ms rechnen
2026-09-10T00:40:13.159Z  IO/2020         roh          45038 reg. Kerzen        0/0/0 von 253  Tagen gewertet (1m/5m/15m)        0 Signale  85 ms lesen  250 ms rechnen
2026-09-10T00:40:14.482Z  IO/2021         roh          54661 reg. Kerzen        2/0/0 von 252  Tagen gewertet (1m/5m/15m)       66 Signale  128 ms lesen  1051 ms rechnen
2026-09-10T00:40:14.853Z  IO/2022         roh          23914 reg. Kerzen        0/0/0 von 95   Tagen gewertet (1m/5m/15m)        0 Signale  60 ms lesen  164 ms rechnen
2026-09-10T00:40:14.980Z  IOT/2021        roh           3857 reg. Kerzen        0/0/0 von 12   Tagen gewertet (1m/5m/15m)        0 Signale  15 ms lesen  27 ms rechnen
2026-09-10T00:41:38.385Z  IOT/2022        roh          89989 reg. Kerzen      234/0/0 von 250  Tagen gewertet (1m/5m/15m)     7494 Signale  128 ms lesen  83264 ms rechnen
2026-09-10T00:43:07.422Z  IOT/2023        roh          94870 reg. Kerzen      247/0/0 von 250  Tagen gewertet (1m/5m/15m)     7633 Signale  142 ms lesen  88617 ms rechnen
2026-09-10T00:44:37.501Z  IOT/2024        roh          97187 reg. Kerzen      252/0/0 von 252  Tagen gewertet (1m/5m/15m)     7391 Signale  130 ms lesen  89701 ms rechnen
2026-09-10T00:46:05.317Z  IOT/2025        roh          96523 reg. Kerzen      250/0/0 von 250  Tagen gewertet (1m/5m/15m)     7334 Signale  150 ms lesen  87398 ms rechnen
2026-09-10T00:47:07.560Z  IOT/2026        roh          64703 reg. Kerzen      166/0/0 von 166  Tagen gewertet (1m/5m/15m)     5040 Signale  102 ms lesen  61882 ms rechnen
2026-09-10T00:47:07.860Z  IPCC/2016       roh          20190 reg. Kerzen        0/0/0 von 252  Tagen gewertet (1m/5m/15m)        0 Signale  54 ms lesen  101 ms rechnen
2026-09-10T00:47:08.069Z  IPCC/2017       roh          18139 reg. Kerzen        0/0/0 von 251  Tagen gewertet (1m/5m/15m)        0 Signale  52 ms lesen  95 ms rechnen
2026-09-10T00:47:08.245Z  IPCC/2018       roh          14579 reg. Kerzen        0/0/0 von 126  Tagen gewertet (1m/5m/15m)        0 Signale  33 ms lesen  80 ms rechnen
2026-09-10T00:47:08.308Z  IPOA/2017       roh           2282 reg. Kerzen        0/0/0 von 64   Tagen gewertet (1m/5m/15m)        0 Signale  15 ms lesen  12 ms rechnen
2026-09-10T00:47:08.379Z  IPOA/2018       roh          10364 reg. Kerzen        0/0/0 von 251  Tagen gewertet (1m/5m/15m)        0 Signale  13 ms lesen  49 ms rechnen
2026-09-10T00:47:12.703Z  IPOA/2019       roh          19883 reg. Kerzen       14/0/0 von 207  Tagen gewertet (1m/5m/15m)      320 Signale  48 ms lesen  4247 ms rechnen
2026-09-10T00:47:12.790Z  IPVF/2021       roh           2302 reg. Kerzen        0/0/0 von 150  Tagen gewertet (1m/5m/15m)        0 Signale  26 ms lesen  17 ms rechnen
2026-09-10T00:47:12.832Z  IPVF/2022       roh           1097 reg. Kerzen        0/0/0 von 200  Tagen gewertet (1m/5m/15m)        0 Signale  23 ms lesen  10 ms rechnen
2026-09-10T00:47:12.858Z  IPVF/2023       roh            649 reg. Kerzen        0/0/0 von 119  Tagen gewertet (1m/5m/15m)        0 Signale  17 ms lesen  6 ms rechnen
2026-09-10T00:47:33.896Z  IR/2017         bereinigt    50102 reg. Kerzen       70/0/0 von 161  Tagen gewertet (1m/5m/15m)     1928 Signale  192 ms lesen  20836 ms rechnen
2026-09-10T00:48:39.359Z  IR/2018         bereinigt    87872 reg. Kerzen      216/0/0 von 251  Tagen gewertet (1m/5m/15m)     6142 Signale  183 ms lesen  65135 ms rechnen
2026-09-10T00:49:54.599Z  IR/2019         bereinigt    89878 reg. Kerzen      244/0/0 von 252  Tagen gewertet (1m/5m/15m)     6457 Signale  189 ms lesen  74831 ms rechnen
2026-09-10T00:51:22.136Z  IR/2020         bereinigt    96632 reg. Kerzen      253/0/0 von 253  Tagen gewertet (1m/5m/15m)     7044 Signale  143 ms lesen  87156 ms rechnen
2026-09-10T00:52:44.896Z  IR/2021         roh          95606 reg. Kerzen      250/0/0 von 252  Tagen gewertet (1m/5m/15m)     6251 Signale  204 ms lesen  82303 ms rechnen
2026-09-10T00:54:11.494Z  IR/2022         roh          96819 reg. Kerzen      250/0/0 von 251  Tagen gewertet (1m/5m/15m)     6750 Signale  112 ms lesen  86258 ms rechnen
2026-09-10T00:55:33.279Z  IR/2023         roh          96187 reg. Kerzen      250/0/0 von 250  Tagen gewertet (1m/5m/15m)     6077 Signale  137 ms lesen  81380 ms rechnen
2026-09-10T00:56:55.737Z  IR/2024         roh          95999 reg. Kerzen      252/0/0 von 252  Tagen gewertet (1m/5m/15m)     5855 Signale  138 ms lesen  82034 ms rechnen
2026-09-10T00:58:17.810Z  IR/2025         roh          95077 reg. Kerzen      250/0/0 von 250  Tagen gewertet (1m/5m/15m)     6252 Signale  133 ms lesen  81671 ms rechnen
2026-09-10T00:59:14.040Z  IR/2026         roh          63659 reg. Kerzen      166/0/0 von 166  Tagen gewertet (1m/5m/15m)     4339 Signale  97 ms lesen  55879 ms rechnen
2026-09-10T01:00:28.099Z  IRM/2016        roh          95218 reg. Kerzen      232/0/0 von 252  Tagen gewertet (1m/5m/15m)     5478 Signale  135 ms lesen  73726 ms rechnen
2026-09-10T01:01:42.175Z  IRM/2017        roh          91474 reg. Kerzen      248/0/0 von 251  Tagen gewertet (1m/5m/15m)     5554 Signale  137 ms lesen  73623 ms rechnen
2026-09-10T01:03:01.696Z  IRM/2018        roh          94932 reg. Kerzen      251/0/0 von 251  Tagen gewertet (1m/5m/15m)     6066 Signale  131 ms lesen  79136 ms rechnen
2026-09-10T01:04:22.501Z  IRM/2019        roh          96531 reg. Kerzen      252/0/0 von 252  Tagen gewertet (1m/5m/15m)     5956 Signale  134 ms lesen  80417 ms rechnen
2026-09-10T01:05:50.164Z  IRM/2020        roh          97747 reg. Kerzen      253/0/0 von 253  Tagen gewertet (1m/5m/15m)     6806 Signale  139 ms lesen  87264 ms rechnen
2026-09-10T01:07:11.751Z  IRM/2021        roh          95193 reg. Kerzen      250/0/0 von 252  Tagen gewertet (1m/5m/15m)     6225 Signale  149 ms lesen  81183 ms rechnen
2026-09-10T01:08:33.659Z  IRM/2022        roh          95020 reg. Kerzen      250/0/0 von 250  Tagen gewertet (1m/5m/15m)     6686 Signale  133 ms lesen  81538 ms rechnen
2026-09-10T01:09:49.771Z  IRM/2023        roh          91871 reg. Kerzen      250/0/0 von 250  Tagen gewertet (1m/5m/15m)     6011 Signale  125 ms lesen  75711 ms rechnen
2026-09-10T01:11:05.418Z  IRM/2024        roh          91477 reg. Kerzen      250/0/0 von 252  Tagen gewertet (1m/5m/15m)     6016 Signale  154 ms lesen  75223 ms rechnen
2026-09-10T01:12:21.113Z  IRM/2025        roh          90067 reg. Kerzen      241/0/0 von 250  Tagen gewertet (1m/5m/15m)     6276 Signale  126 ms lesen  75361 ms rechnen
2026-09-10T01:13:07.179Z  IRM/2026        roh          58156 reg. Kerzen      150/0/0 von 166  Tagen gewertet (1m/5m/15m)     4122 Signale  87 ms lesen  45744 ms rechnen
2026-09-10T01:14:18.989Z  IRWD/2016       roh          89759 reg. Kerzen      224/0/0 von 252  Tagen gewertet (1m/5m/15m)     6536 Signale  151 ms lesen  71458 ms rechnen
2026-09-10T01:15:25.852Z  IRWD/2017       roh          86605 reg. Kerzen      218/0/0 von 251  Tagen gewertet (1m/5m/15m)     6149 Signale  131 ms lesen  66465 ms rechnen
2026-09-10T01:16:37.555Z  IRWD/2018       roh          86473 reg. Kerzen      227/0/0 von 251  Tagen gewertet (1m/5m/15m)     6727 Signale  155 ms lesen  71331 ms rechnen
2026-09-10T01:17:56.223Z  IRWD/2019       roh          89399 reg. Kerzen      240/0/0 von 252  Tagen gewertet (1m/5m/15m)     7096 Signale  119 ms lesen  78300 ms rechnen
2026-09-10T01:19:22.094Z  IRWD/2020       roh          92931 reg. Kerzen      250/0/0 von 253  Tagen gewertet (1m/5m/15m)     7470 Signale  125 ms lesen  85501 ms rechnen
2026-09-10T01:20:39.990Z  IRWD/2021       roh          89747 reg. Kerzen      248/0/0 von 252  Tagen gewertet (1m/5m/15m)     6974 Signale  129 ms lesen  77510 ms rechnen
2026-09-10T01:22:01.828Z  IRWD/2022       roh          92179 reg. Kerzen      251/0/0 von 251  Tagen gewertet (1m/5m/15m)     6908 Signale  171 ms lesen  81438 ms rechnen
2026-09-10T01:23:23.244Z  IRWD/2023       roh          91812 reg. Kerzen      250/0/0 von 250  Tagen gewertet (1m/5m/15m)     6864 Signale  144 ms lesen  81025 ms rechnen
2026-09-10T01:24:34.544Z  IRWD/2024       roh          90913 reg. Kerzen      199/0/0 von 252  Tagen gewertet (1m/5m/15m)     5997 Signale  163 ms lesen  70898 ms rechnen
2026-09-10T01:24:53.011Z  IRWD/2025       roh          83230 reg. Kerzen       49/0/0 von 250  Tagen gewertet (1m/5m/15m)     1543 Signale  146 ms lesen  18069 ms rechnen
2026-09-10T01:25:46.586Z  IRWD/2026       roh          59877 reg. Kerzen      152/0/0 von 166  Tagen gewertet (1m/5m/15m)     4799 Signale  102 ms lesen  53243 ms rechnen
2026-09-10T01:26:48.797Z  ISIL/2016       roh          86649 reg. Kerzen      202/0/0 von 252  Tagen gewertet (1m/5m/15m)     4610 Signale  132 ms lesen  61906 ms rechnen
2026-09-10T01:27:01.121Z  ISIL/2017       roh          12891 reg. Kerzen       34/0/0 von 36   Tagen gewertet (1m/5m/15m)      492 Signale  53 ms lesen  12031 ms rechnen
2026-09-10T01:27:01.203Z  ISRL/2016       roh            668 reg. Kerzen        0/0/0 von 143  Tagen gewertet (1m/5m/15m)        0 Signale  23 ms lesen  5 ms rechnen
2026-09-10T01:27:01.225Z  ISRL/2017       roh            511 reg. Kerzen        0/0/0 von 134  Tagen gewertet (1m/5m/15m)        0 Signale  14 ms lesen  4 ms rechnen
2026-09-10T01:27:01.245Z  ISRL/2018       roh            231 reg. Kerzen        0/0/0 von 120  Tagen gewertet (1m/5m/15m)        0 Signale  13 ms lesen  4 ms rechnen
2026-09-10T01:27:01.278Z  ISRL/2019       roh            300 reg. Kerzen        0/0/0 von 104  Tagen gewertet (1m/5m/15m)        0 Signale  28 ms lesen  4 ms rechnen
2026-09-10T01:27:01.280Z  AUSGELASSEN ISRL/2020: Datei fehlt
2026-09-10T01:27:01.282Z  AUSGELASSEN ISRL/2021: Datei fehlt
2026-09-10T01:27:01.283Z  AUSGELASSEN ISRL/2022: Datei fehlt
2026-09-10T01:27:01.306Z  ISRL/2023       roh           1178 reg. Kerzen        0/0/0 von 179  Tagen gewertet (1m/5m/15m)        0 Signale  17 ms lesen  6 ms rechnen
2026-09-10T01:27:01.347Z  ISRL/2024       roh            969 reg. Kerzen        0/0/0 von 195  Tagen gewertet (1m/5m/15m)        0 Signale  28 ms lesen  10 ms rechnen
2026-09-10T01:27:01.385Z  ISRL/2025       roh           1551 reg. Kerzen        0/0/0 von 163  Tagen gewertet (1m/5m/15m)        0 Signale  23 ms lesen  12 ms rechnen
2026-09-10T01:27:01.389Z  ISRL/2026       roh              0 reg. Kerzen        0/0/0 von 0    Tagen gewertet (1m/5m/15m)        0 Signale  0 ms lesen  0 ms rechnen
2026-09-10T01:27:35.822Z  ITCI/2016       roh          77035 reg. Kerzen      105/0/0 von 252  Tagen gewertet (1m/5m/15m)     3273 Signale  149 ms lesen  34270 ms rechnen
2026-09-10T01:27:52.858Z  ITCI/2017       roh          69913 reg. Kerzen       52/0/0 von 251  Tagen gewertet (1m/5m/15m)     1605 Signale  112 ms lesen  16706 ms rechnen
2026-09-10T01:28:01.135Z  ITCI/2018       roh          62996 reg. Kerzen       26/0/0 von 251  Tagen gewertet (1m/5m/15m)      823 Signale  102 ms lesen  8006 ms rechnen
2026-09-10T01:28:30.528Z  ITCI/2019       roh          74343 reg. Kerzen       89/0/0 von 252  Tagen gewertet (1m/5m/15m)     2810 Signale  128 ms lesen  29114 ms rechnen
2026-09-10T01:29:40.497Z  ITCI/2020       roh          86559 reg. Kerzen      207/0/0 von 253  Tagen gewertet (1m/5m/15m)     6547 Signale  127 ms lesen  69665 ms rechnen
2026-09-10T01:30:01.271Z  ITCI/2021       roh          72185 reg. Kerzen       65/0/0 von 252  Tagen gewertet (1m/5m/15m)     2019 Signale  110 ms lesen  20438 ms rechnen
2026-09-10T01:30:55.730Z  ITCI/2022       roh          81947 reg. Kerzen      169/0/0 von 251  Tagen gewertet (1m/5m/15m)     5301 Signale  122 ms lesen  54122 ms rechnen
2026-09-10T01:31:34.326Z  ITCI/2023       roh          78034 reg. Kerzen      130/0/0 von 250  Tagen gewertet (1m/5m/15m)     3740 Signale  132 ms lesen  38216 ms rechnen
2026-09-10T01:32:03.271Z  ITCI/2024       roh          73245 reg. Kerzen       96/0/0 von 252  Tagen gewertet (1m/5m/15m)     2755 Signale  109 ms lesen  28651 ms rechnen
2026-09-10T01:32:19.578Z  ITCI/2025       roh          21220 reg. Kerzen       51/0/0 von 61   Tagen gewertet (1m/5m/15m)      908 Signale  39 ms lesen  16046 ms rechnen
2026-09-10T01:32:19.690Z  ITQ/2021        roh           1806 reg. Kerzen        0/0/0 von 132  Tagen gewertet (1m/5m/15m)        0 Signale  31 ms lesen  14 ms rechnen
2026-09-10T01:32:19.737Z  ITQ/2022        roh           1911 reg. Kerzen        0/0/0 von 176  Tagen gewertet (1m/5m/15m)        0 Signale  28 ms lesen  11 ms rechnen
2026-09-10T01:32:19.755Z  ITQ/2023        roh             57 reg. Kerzen        0/0/0 von 19   Tagen gewertet (1m/5m/15m)        0 Signale  12 ms lesen  2 ms rechnen
2026-09-10T01:32:22.863Z  IVAN/2021       roh          23198 reg. Kerzen       10/0/0 von 213  Tagen gewertet (1m/5m/15m)      267 Signale  48 ms lesen  3052 ms rechnen
2026-09-10T01:32:22.999Z  IVAN/2022       roh           4210 reg. Kerzen        0/0/0 von 23   Tagen gewertet (1m/5m/15m)        0 Signale  23 ms lesen  40 ms rechnen
2026-09-10T01:32:23.199Z  IVTY/2016       roh          23370 reg. Kerzen        0/0/0 von 252  Tagen gewertet (1m/5m/15m)        0 Signale  65 ms lesen  119 ms rechnen
2026-09-10T01:32:23.493Z  IVTY/2017       roh          32177 reg. Kerzen        0/0/0 von 251  Tagen gewertet (1m/5m/15m)        0 Signale  59 ms lesen  171 ms rechnen
2026-09-10T01:32:23.823Z  IVTY/2018       roh          28182 reg. Kerzen        0/0/0 von 204  Tagen gewertet (1m/5m/15m)        0 Signale  52 ms lesen  191 ms rechnen
2026-09-10T01:32:40.508Z  JAH/2016        roh          27750 reg. Kerzen       52/0/0 von 72   Tagen gewertet (1m/5m/15m)     1231 Signale  51 ms lesen  16548 ms rechnen
2026-09-10T01:32:55.306Z  JBGS/2017       roh          37120 reg. Kerzen       52/0/0 von 116  Tagen gewertet (1m/5m/15m)     1167 Signale  70 ms lesen  14640 ms rechnen
2026-09-10T01:33:17.860Z  JBGS/2018       roh          72699 reg. Kerzen       78/0/0 von 251  Tagen gewertet (1m/5m/15m)     1895 Signale  97 ms lesen  22343 ms rechnen
2026-09-10T01:33:35.546Z  JBGS/2019       roh          72639 reg. Kerzen       64/0/0 von 252  Tagen gewertet (1m/5m/15m)     1472 Signale  123 ms lesen  17387 ms rechnen
2026-09-10T01:34:04.371Z  JBGS/2020       roh          73112 reg. Kerzen       92/0/0 von 253  Tagen gewertet (1m/5m/15m)     2609 Signale  97 ms lesen  28531 ms rechnen
2026-09-10T01:34:22.250Z  JBGS/2021       roh          69668 reg. Kerzen       64/0/0 von 252  Tagen gewertet (1m/5m/15m)     1565 Signale  103 ms lesen  17549 ms rechnen
2026-09-10T01:35:30.978Z  JBGS/2022       roh          88248 reg. Kerzen      224/0/0 von 251  Tagen gewertet (1m/5m/15m)     5811 Signale  109 ms lesen  68433 ms rechnen
2026-09-10T01:36:49.858Z  JBGS/2023       roh          91165 reg. Kerzen      247/0/0 von 250  Tagen gewertet (1m/5m/15m)     6660 Signale  182 ms lesen  78480 ms rechnen
2026-09-10T01:37:23.806Z  JBGS/2024       roh          75088 reg. Kerzen      115/0/0 von 252  Tagen gewertet (1m/5m/15m)     2965 Signale  111 ms lesen  33599 ms rechnen
2026-09-10T01:37:46.669Z  JBGS/2025       roh          71329 reg. Kerzen       77/0/0 von 250  Tagen gewertet (1m/5m/15m)     2201 Signale  111 ms lesen  22521 ms rechnen
2026-09-10T01:37:49.284Z  JBGS/2026       roh          38865 reg. Kerzen        8/0/0 von 166  Tagen gewertet (1m/5m/15m)      200 Signale  62 ms lesen  2367 ms rechnen
2026-09-10T01:37:49.442Z  JCIC/2021       roh           4570 reg. Kerzen        0/0/0 von 193  Tagen gewertet (1m/5m/15m)        0 Signale  26 ms lesen  19 ms rechnen
2026-09-10T01:37:49.507Z  JCIC/2022       roh           4412 reg. Kerzen        0/0/0 von 233  Tagen gewertet (1m/5m/15m)        0 Signale  23 ms lesen  26 ms rechnen
2026-09-10T01:37:49.580Z  JCIC/2023       roh            536 reg. Kerzen        0/0/0 von 15   Tagen gewertet (1m/5m/15m)        0 Signale  59 ms lesen  5 ms rechnen
2026-09-10T01:38:15.130Z  JELD/2017       roh          69324 reg. Kerzen       90/0/0 von 234  Tagen gewertet (1m/5m/15m)     2362 Signale  114 ms lesen  25434 ms rechnen
2026-09-10T01:38:59.353Z  JELD/2018       roh          79035 reg. Kerzen      146/0/0 von 251  Tagen gewertet (1m/5m/15m)     4104 Signale  107 ms lesen  43932 ms rechnen
2026-09-10T01:39:13.247Z  JELD/2019       roh          69816 reg. Kerzen       45/0/0 von 252  Tagen gewertet (1m/5m/15m)     1293 Signale  85 ms lesen  13576 ms rechnen
2026-09-10T01:40:00.760Z  JELD/2020       roh          79646 reg. Kerzen      145/0/0 von 253  Tagen gewertet (1m/5m/15m)     4502 Signale  136 ms lesen  47183 ms rechnen
2026-09-10T01:40:33.294Z  JELD/2021       roh          74511 reg. Kerzen      107/0/0 von 252  Tagen gewertet (1m/5m/15m)     3014 Signale  103 ms lesen  32176 ms rechnen
2026-09-10T01:41:40.910Z  JELD/2022       roh          86006 reg. Kerzen      205/0/0 von 251  Tagen gewertet (1m/5m/15m)     6252 Signale  127 ms lesen  67265 ms rechnen
2026-09-10T01:41:45.593Z  JELD/2023       roh          68555 reg. Kerzen       14/0/0 von 250  Tagen gewertet (1m/5m/15m)      383 Signale  119 ms lesen  4340 ms rechnen
2026-09-10T01:42:04.486Z  JELD/2024       roh          70899 reg. Kerzen       61/0/0 von 252  Tagen gewertet (1m/5m/15m)     1725 Signale  95 ms lesen  18600 ms rechnen
2026-09-10T01:42:35.441Z  JELD/2025       roh          80242 reg. Kerzen       92/0/0 von 250  Tagen gewertet (1m/5m/15m)     2867 Signale  104 ms lesen  30656 ms rechnen
2026-09-10T01:42:36.166Z  JELD/2026       roh          54758 reg. Kerzen        0/0/0 von 166  Tagen gewertet (1m/5m/15m)        0 Signale  81 ms lesen  432 ms rechnen
2026-09-10T01:42:36.400Z  JHP/2016        roh           6768 reg. Kerzen        0/0/0 von 87   Tagen gewertet (1m/5m/15m)        0 Signale  22 ms lesen  47 ms rechnen
2026-09-10T01:42:36.683Z  JMBA/2016       roh          35622 reg. Kerzen        0/0/0 von 252  Tagen gewertet (1m/5m/15m)        0 Signale  63 ms lesen  199 ms rechnen
2026-09-10T01:42:37.057Z  JMBA/2017       roh          35141 reg. Kerzen        0/0/0 von 251  Tagen gewertet (1m/5m/15m)        0 Signale  69 ms lesen  212 ms rechnen
2026-09-10T01:42:37.274Z  JMBA/2018       roh          14476 reg. Kerzen        0/0/0 von 175  Tagen gewertet (1m/5m/15m)        0 Signale  32 ms lesen  77 ms rechnen
2026-09-10T01:43:52.452Z  JNJ/2016        roh          98090 reg. Kerzen      232/0/0 von 252  Tagen gewertet (1m/5m/15m)     4958 Signale  243 ms lesen  74877 ms rechnen
2026-09-10T01:45:14.310Z  JNJ/2017        roh          97523 reg. Kerzen      251/0/0 von 251  Tagen gewertet (1m/5m/15m)     5195 Signale  208 ms lesen  81356 ms rechnen
2026-09-10T01:47:00.957Z  JNJ/2018        roh          97350 reg. Kerzen      251/0/0 von 251  Tagen gewertet (1m/5m/15m)     5749 Signale  149 ms lesen  106250 ms rechnen
2026-09-10T01:48:25.291Z  JNJ/2019        roh          97676 reg. Kerzen      252/0/0 von 252  Tagen gewertet (1m/5m/15m)     5573 Signale  201 ms lesen  83784 ms rechnen
2026-09-10T01:49:50.208Z  JNJ/2020        roh          98254 reg. Kerzen      253/0/0 von 253  Tagen gewertet (1m/5m/15m)     6112 Signale  155 ms lesen  84490 ms rechnen
2026-09-10T01:51:12.654Z  JNJ/2021        roh          97316 reg. Kerzen      250/0/0 von 252  Tagen gewertet (1m/5m/15m)     5298 Signale  130 ms lesen  82080 ms rechnen
2026-09-10T01:52:35.369Z  JNJ/2022        roh          97319 reg. Kerzen      250/0/0 von 250  Tagen gewertet (1m/5m/15m)     5628 Signale  160 ms lesen  82293 ms rechnen
2026-09-10T01:53:57.155Z  JNJ/2023        roh          97136 reg. Kerzen      250/0/0 von 250  Tagen gewertet (1m/5m/15m)     5391 Signale  135 ms lesen  81409 ms rechnen
2026-09-10T01:55:18.995Z  JNJ/2024        roh          97740 reg. Kerzen      252/0/0 von 252  Tagen gewertet (1m/5m/15m)     5425 Signale  151 ms lesen  81414 ms rechnen
2026-09-10T01:56:41.411Z  JNJ/2025        roh          96958 reg. Kerzen      250/0/0 von 250  Tagen gewertet (1m/5m/15m)     5506 Signale  140 ms lesen  81982 ms rechnen
2026-09-10T01:57:37.203Z  JNJ/2026        roh          64726 reg. Kerzen      166/0/0 von 166  Tagen gewertet (1m/5m/15m)     3813 Signale  110 ms lesen  55405 ms rechnen
2026-09-10T01:57:37.434Z  JOBY/2020       roh           5835 reg. Kerzen        0/0/0 von 37   Tagen gewertet (1m/5m/15m)        0 Signale  16 ms lesen  37 ms rechnen
2026-09-10T01:58:39.080Z  JOBY/2021       roh          85127 reg. Kerzen      178/0/0 von 252  Tagen gewertet (1m/5m/15m)     5298 Signale  107 ms lesen  61518 ms rechnen
2026-09-10T02:00:14.594Z  JOBY/2022       roh          95693 reg. Kerzen      250/0/0 von 250  Tagen gewertet (1m/5m/15m)     8093 Signale  194 ms lesen  95067 ms rechnen
2026-09-10T02:01:48.022Z  JOBY/2023       roh          95895 reg. Kerzen      250/0/0 von 250  Tagen gewertet (1m/5m/15m)     7972 Signale  165 ms lesen  92996 ms rechnen
2026-09-10T02:03:21.940Z  JOBY/2024       roh          97394 reg. Kerzen      252/0/0 von 252  Tagen gewertet (1m/5m/15m)     7938 Signale  180 ms lesen  93467 ms rechnen
2026-09-10T02:04:57.683Z  JOBY/2025       roh          96936 reg. Kerzen      250/0/0 von 250  Tagen gewertet (1m/5m/15m)     8058 Signale  236 ms lesen  95213 ms rechnen
2026-09-10T02:06:02.438Z  JOBY/2026       roh          64740 reg. Kerzen      166/0/0 von 166  Tagen gewertet (1m/5m/15m)     5356 Signale  169 ms lesen  64336 ms rechnen
2026-09-10T02:07:18.478Z  JPM/2016        roh          98091 reg. Kerzen      232/0/0 von 252  Tagen gewertet (1m/5m/15m)     5425 Signale  147 ms lesen  75703 ms rechnen
2026-09-10T02:08:39.810Z  JPM/2017        roh          97530 reg. Kerzen      251/0/0 von 251  Tagen gewertet (1m/5m/15m)     5559 Signale  133 ms lesen  80924 ms rechnen
2026-09-10T02:10:03.476Z  JPM/2018        roh          97350 reg. Kerzen      251/0/0 von 251  Tagen gewertet (1m/5m/15m)     6031 Signale  168 ms lesen  83223 ms rechnen
2026-09-10T02:11:25.180Z  JPM/2019        roh          97702 reg. Kerzen      252/0/0 von 252  Tagen gewertet (1m/5m/15m)     5790 Signale  159 ms lesen  81277 ms rechnen
2026-09-10T02:12:52.858Z  JPM/2020        roh          98253 reg. Kerzen      253/0/0 von 253  Tagen gewertet (1m/5m/15m)     6698 Signale  179 ms lesen  87256 ms rechnen
2026-09-10T02:14:17.109Z  JPM/2021        roh          97317 reg. Kerzen      250/0/0 von 252  Tagen gewertet (1m/5m/15m)     5744 Signale  160 ms lesen  83802 ms rechnen
2026-09-10T02:15:43.676Z  JPM/2022        roh          97321 reg. Kerzen      250/0/0 von 251  Tagen gewertet (1m/5m/15m)     6299 Signale  193 ms lesen  86093 ms rechnen
2026-09-10T02:17:08.673Z  JPM/2023        roh          97136 reg. Kerzen      250/0/0 von 250  Tagen gewertet (1m/5m/15m)     5766 Signale  175 ms lesen  84552 ms rechnen
2026-09-10T02:18:33.412Z  JPM/2024        roh          97740 reg. Kerzen      252/0/0 von 252  Tagen gewertet (1m/5m/15m)     5635 Signale  171 ms lesen  84319 ms rechnen
2026-09-10T02:19:58.851Z  JPM/2025        roh          96958 reg. Kerzen      250/0/0 von 250  Tagen gewertet (1m/5m/15m)     5882 Signale  146 ms lesen  85056 ms rechnen
2026-09-10T02:20:56.251Z  JPM/2026        roh          64740 reg. Kerzen      166/0/0 von 166  Tagen gewertet (1m/5m/15m)     3914 Signale  116 ms lesen  56966 ms rechnen
2026-09-10T02:20:56.461Z  JUN/2021        roh             75 reg. Kerzen        0/0/0 von 6    Tagen gewertet (1m/5m/15m)        0 Signale  19 ms lesen  1 ms rechnen
2026-09-10T02:20:56.496Z  JUN/2022        roh           2172 reg. Kerzen        0/0/0 von 198  Tagen gewertet (1m/5m/15m)        0 Signale  18 ms lesen  16 ms rechnen
2026-09-10T02:20:56.530Z  JUN/2023        roh           1615 reg. Kerzen        0/0/0 von 157  Tagen gewertet (1m/5m/15m)        0 Signale  12 ms lesen  13 ms rechnen
2026-09-10T02:20:56.658Z  JWSM/2021       roh          13474 reg. Kerzen        0/0/0 von 195  Tagen gewertet (1m/5m/15m)        0 Signale  31 ms lesen  90 ms rechnen
2026-09-10T02:20:56.761Z  JWSM/2022       roh           7408 reg. Kerzen        0/0/0 von 248  Tagen gewertet (1m/5m/15m)        0 Signale  16 ms lesen  43 ms rechnen
2026-09-10T02:20:56.827Z  JWSM/2023       roh           2491 reg. Kerzen        0/0/0 von 196  Tagen gewertet (1m/5m/15m)        0 Signale  33 ms lesen  16 ms rechnen
2026-09-10T02:20:56.844Z  JWSM/2024       roh            542 reg. Kerzen        0/0/0 von 146  Tagen gewertet (1m/5m/15m)        0 Signale  5 ms lesen  6 ms rechnen
2026-09-10T02:20:56.870Z  KACL/2022       roh            451 reg. Kerzen        0/0/0 von 131  Tagen gewertet (1m/5m/15m)        0 Signale  18 ms lesen  4 ms rechnen
2026-09-10T02:20:56.889Z  KACL/2023       roh            131 reg. Kerzen        0/0/0 von 67   Tagen gewertet (1m/5m/15m)        0 Signale  16 ms lesen  1 ms rechnen
2026-09-10T02:20:56.901Z  KACL/2024       roh            250 reg. Kerzen        0/0/0 von 92   Tagen gewertet (1m/5m/15m)        0 Signale  8 ms lesen  3 ms rechnen
2026-09-10T02:20:58.734Z  CHECKPOINT 2800 Dateien, 631 min, Detektorfehler {}
2026-09-10T02:20:59.853Z  KAMN/2016       roh          44239 reg. Kerzen        3/0/0 von 252  Tagen gewertet (1m/5m/15m)       72 Signale  67 ms lesen  1044 ms rechnen
2026-09-10T02:21:01.987Z  KAMN/2017       roh          45417 reg. Kerzen        6/0/0 von 251  Tagen gewertet (1m/5m/15m)      164 Signale  65 ms lesen  1945 ms rechnen
2026-09-10T02:21:02.777Z  KAMN/2018       roh          43934 reg. Kerzen        1/0/0 von 251  Tagen gewertet (1m/5m/15m)       31 Signale  148 ms lesen  521 ms rechnen
2026-09-10T02:21:03.236Z  KAMN/2019       roh          39875 reg. Kerzen        0/0/0 von 252  Tagen gewertet (1m/5m/15m)        0 Signale  102 ms lesen  232 ms rechnen
2026-09-10T02:21:03.889Z  KAMN/2020       roh          47203 reg. Kerzen        1/0/0 von 253  Tagen gewertet (1m/5m/15m)       27 Signale  76 ms lesen  480 ms rechnen
2026-09-10T02:21:04.284Z  KAMN/2021       roh          37296 reg. Kerzen        0/0/0 von 252  Tagen gewertet (1m/5m/15m)        0 Signale  58 ms lesen  205 ms rechnen
2026-09-10T02:21:04.668Z  KAMN/2022       roh          39931 reg. Kerzen        0/0/0 von 251  Tagen gewertet (1m/5m/15m)        0 Signale  57 ms lesen  233 ms rechnen
2026-09-10T02:21:05.004Z  KAMN/2023       roh          30387 reg. Kerzen        0/0/0 von 250  Tagen gewertet (1m/5m/15m)        0 Signale  52 ms lesen  178 ms rechnen
2026-09-10T02:21:05.766Z  KAMN/2024       roh          14739 reg. Kerzen        2/0/0 von 75   Tagen gewertet (1m/5m/15m)       41 Signale  47 ms lesen  622 ms rechnen
2026-09-10T02:21:05.833Z  KBLM/2017       roh            145 reg. Kerzen        0/0/0 von 56   Tagen gewertet (1m/5m/15m)        0 Signale  12 ms lesen  1 ms rechnen
2026-09-10T02:21:05.849Z  KBLM/2018       roh            329 reg. Kerzen        0/0/0 von 120  Tagen gewertet (1m/5m/15m)        0 Signale  11 ms lesen  3 ms rechnen
2026-09-10T02:21:05.863Z  KBLM/2019       roh            595 reg. Kerzen        0/0/0 von 107  Tagen gewertet (1m/5m/15m)        0 Signale  7 ms lesen  5 ms rechnen
2026-09-10T02:21:05.881Z  KBLM/2020       roh            931 reg. Kerzen        0/0/0 von 88   Tagen gewertet (1m/5m/15m)        0 Signale  8 ms lesen  7 ms rechnen
2026-09-10T02:21:13.410Z  KD/2021         roh          15342 reg. Kerzen       20/0/0 von 40   Tagen gewertet (1m/5m/15m)      658 Signale  37 ms lesen  7475 ms rechnen
2026-09-10T02:22:44.720Z  KD/2022         roh          95331 reg. Kerzen      249/0/0 von 251  Tagen gewertet (1m/5m/15m)     7810 Signale  128 ms lesen  91147 ms rechnen
2026-09-10T02:24:06.984Z  KD/2023         roh          92900 reg. Kerzen      250/0/0 von 250  Tagen gewertet (1m/5m/15m)     7108 Signale  136 ms lesen  81852 ms rechnen
2026-09-10T02:25:27.418Z  KD/2024         roh          92575 reg. Kerzen      252/0/0 von 252  Tagen gewertet (1m/5m/15m)     6750 Signale  119 ms lesen  80038 ms rechnen
2026-09-10T02:26:51.357Z  KD/2025         roh          94591 reg. Kerzen      250/0/0 von 250  Tagen gewertet (1m/5m/15m)     6966 Signale  124 ms lesen  83580 ms rechnen
2026-09-10T02:27:51.246Z  KD/2026         roh          64066 reg. Kerzen      166/0/0 von 166  Tagen gewertet (1m/5m/15m)     4986 Signale  91 ms lesen  59505 ms rechnen
2026-09-10T02:28:39.494Z  KEX/2016        roh          83679 reg. Kerzen      169/0/0 von 252  Tagen gewertet (1m/5m/15m)     4446 Signale  114 ms lesen  47955 ms rechnen
2026-09-10T02:28:58.162Z  KEX/2017        roh          70146 reg. Kerzen       65/0/0 von 251  Tagen gewertet (1m/5m/15m)     1703 Signale  106 ms lesen  18324 ms rechnen
2026-09-10T02:29:23.555Z  KEX/2018        roh          72726 reg. Kerzen       89/0/0 von 251  Tagen gewertet (1m/5m/15m)     2441 Signale  122 ms lesen  25084 ms rechnen
2026-09-10T02:29:45.740Z  KEX/2019        roh          73258 reg. Kerzen       80/0/0 von 252  Tagen gewertet (1m/5m/15m)     2112 Signale  155 ms lesen  21827 ms rechnen
2026-09-10T02:30:33.990Z  KEX/2020        roh          80515 reg. Kerzen      159/0/0 von 253  Tagen gewertet (1m/5m/15m)     4578 Signale  249 ms lesen  47772 ms rechnen
2026-09-10T02:30:46.686Z  KEX/2021        roh          67560 reg. Kerzen       45/0/0 von 252  Tagen gewertet (1m/5m/15m)     1226 Signale  112 ms lesen  12374 ms rechnen
2026-09-10T02:31:00.498Z  KEX/2022        roh          66924 reg. Kerzen       46/0/0 von 251  Tagen gewertet (1m/5m/15m)     1346 Signale  118 ms lesen  13526 ms rechnen
2026-09-10T02:31:04.652Z  KEX/2023        roh          62866 reg. Kerzen       13/0/0 von 250  Tagen gewertet (1m/5m/15m)      343 Signale  104 ms lesen  3856 ms rechnen
2026-09-10T02:31:12.725Z  KEX/2024        roh          62772 reg. Kerzen       26/0/0 von 252  Tagen gewertet (1m/5m/15m)      671 Signale  97 ms lesen  7833 ms rechnen
2026-09-10T02:31:33.152Z  KEX/2025        roh          69991 reg. Kerzen       69/0/0 von 250  Tagen gewertet (1m/5m/15m)     1871 Signale  129 ms lesen  20122 ms rechnen
2026-09-10T02:31:40.063Z  KEX/2026        roh          44697 reg. Kerzen       22/0/0 von 166  Tagen gewertet (1m/5m/15m)      597 Signale  82 ms lesen  6604 ms rechnen
2026-09-10T02:31:40.375Z  KGJI/2016       bereinigt    18367 reg. Kerzen        0/0/0 von 252  Tagen gewertet (1m/5m/15m)        0 Signale  63 ms lesen  106 ms rechnen
2026-09-10T02:31:40.600Z  KGJI/2017       bereinigt    17896 reg. Kerzen        0/0/0 von 251  Tagen gewertet (1m/5m/15m)        0 Signale  78 ms lesen  97 ms rechnen
2026-09-10T02:31:40.708Z  KGJI/2018       bereinigt     5949 reg. Kerzen        0/0/0 von 251  Tagen gewertet (1m/5m/15m)        0 Signale  13 ms lesen  42 ms rechnen
2026-09-10T02:31:40.826Z  KGJI/2019       bereinigt     5154 reg. Kerzen        0/0/0 von 252  Tagen gewertet (1m/5m/15m)        0 Signale  57 ms lesen  39 ms rechnen
2026-09-10T02:31:40.920Z  KGJI/2020       roh          11782 reg. Kerzen        0/0/0 von 161  Tagen gewertet (1m/5m/15m)        0 Signale  27 ms lesen  54 ms rechnen
2026-09-10T02:31:41.051Z  KINZ/2021       roh           7484 reg. Kerzen        0/0/0 von 217  Tagen gewertet (1m/5m/15m)        0 Signale  48 ms lesen  50 ms rechnen
2026-09-10T02:31:41.109Z  KINZ/2022       roh           1564 reg. Kerzen        0/0/0 von 216  Tagen gewertet (1m/5m/15m)        0 Signale  21 ms lesen  13 ms rechnen
2026-09-10T02:31:41.129Z  KINZ/2023       roh            747 reg. Kerzen        0/0/0 von 33   Tagen gewertet (1m/5m/15m)        0 Signale  9 ms lesen  5 ms rechnen
2026-09-10T02:31:41.186Z  KLAQ/2021       roh           2974 reg. Kerzen        0/0/0 von 171  Tagen gewertet (1m/5m/15m)        0 Signale  15 ms lesen  22 ms rechnen
2026-09-10T02:31:41.224Z  KLAQ/2022       roh           1926 reg. Kerzen        0/0/0 von 177  Tagen gewertet (1m/5m/15m)        0 Signale  17 ms lesen  14 ms rechnen
2026-09-10T02:31:41.258Z  KLXEV/2018      roh           2097 reg. Kerzen        0/0/0 von 12   Tagen gewertet (1m/5m/15m)        0 Signale  15 ms lesen  14 ms rechnen
2026-09-10T02:32:59.739Z  KMX/2016        roh          97519 reg. Kerzen      232/0/0 von 252  Tagen gewertet (1m/5m/15m)     5966 Signale  113 ms lesen  78342 ms rechnen
2026-09-10T02:34:21.148Z  KMX/2017        roh          95456 reg. Kerzen      251/0/0 von 251  Tagen gewertet (1m/5m/15m)     6259 Signale  133 ms lesen  81004 ms rechnen
2026-09-10T02:35:44.109Z  KMX/2018        roh          95752 reg. Kerzen      251/0/0 von 251  Tagen gewertet (1m/5m/15m)     6405 Signale  125 ms lesen  82573 ms rechnen
2026-09-10T02:37:04.910Z  KMX/2019        roh          95292 reg. Kerzen      251/0/0 von 252  Tagen gewertet (1m/5m/15m)     6077 Signale  127 ms lesen  80429 ms rechnen
2026-09-10T02:38:31.305Z  KMX/2020        roh          96222 reg. Kerzen      253/0/0 von 253  Tagen gewertet (1m/5m/15m)     7136 Signale  112 ms lesen  86032 ms rechnen
2026-09-10T02:39:50.119Z  KMX/2021        roh          91653 reg. Kerzen      249/0/0 von 252  Tagen gewertet (1m/5m/15m)     6502 Signale  119 ms lesen  78429 ms rechnen
2026-09-10T02:41:18.222Z  KMX/2022        roh          95079 reg. Kerzen      249/0/0 von 251  Tagen gewertet (1m/5m/15m)     7352 Signale  131 ms lesen  87737 ms rechnen
2026-09-10T02:42:44.060Z  KMX/2023        roh          94879 reg. Kerzen      250/0/0 von 250  Tagen gewertet (1m/5m/15m)     6948 Signale  142 ms lesen  85462 ms rechnen
2026-09-10T02:44:07.141Z  KMX/2024        roh          94960 reg. Kerzen      251/0/0 von 252  Tagen gewertet (1m/5m/15m)     6480 Signale  119 ms lesen  82724 ms rechnen
2026-09-10T02:45:32.894Z  KMX/2025        roh          95456 reg. Kerzen      250/0/0 von 250  Tagen gewertet (1m/5m/15m)     6806 Signale  144 ms lesen  85371 ms rechnen
2026-09-10T02:46:31.430Z  KMX/2026        roh          63430 reg. Kerzen      166/0/0 von 166  Tagen gewertet (1m/5m/15m)     4881 Signale  92 ms lesen  58166 ms rechnen
2026-09-10T02:46:31.648Z  KNSW/2022       roh            421 reg. Kerzen        0/0/0 von 125  Tagen gewertet (1m/5m/15m)        0 Signale  13 ms lesen  4 ms rechnen
2026-09-10T02:46:31.683Z  KNSW/2023       roh           2092 reg. Kerzen        0/0/0 von 194  Tagen gewertet (1m/5m/15m)        0 Signale  16 ms lesen  16 ms rechnen
2026-09-10T02:46:31.772Z  KONE/2016       roh           9432 reg. Kerzen        0/0/0 von 236  Tagen gewertet (1m/5m/15m)        0 Signale  23 ms lesen  56 ms rechnen
2026-09-10T02:46:31.862Z  KONE/2017       roh           5616 reg. Kerzen        0/0/0 von 247  Tagen gewertet (1m/5m/15m)        0 Signale  20 ms lesen  36 ms rechnen
2026-09-10T02:46:31.952Z  KONE/2018       roh           6465 reg. Kerzen        0/0/0 von 176  Tagen gewertet (1m/5m/15m)        0 Signale  27 ms lesen  47 ms rechnen
2026-09-10T02:46:32.033Z  KRBP/2020       bereinigt     2398 reg. Kerzen        0/0/0 von 52   Tagen gewertet (1m/5m/15m)        0 Signale  30 ms lesen  17 ms rechnen
2026-09-10T02:46:32.194Z  KRBP/2021       bereinigt    20367 reg. Kerzen        0/0/0 von 251  Tagen gewertet (1m/5m/15m)        0 Signale  33 ms lesen  122 ms rechnen
2026-09-10T02:46:32.456Z  KRBP/2022       bereinigt    21858 reg. Kerzen        0/0/0 von 251  Tagen gewertet (1m/5m/15m)        0 Signale  44 ms lesen  150 ms rechnen
2026-09-10T02:46:32.654Z  KRBP/2023       bereinigt    16975 reg. Kerzen        0/0/0 von 175  Tagen gewertet (1m/5m/15m)        0 Signale  29 ms lesen  106 ms rechnen
2026-09-10T02:46:32.717Z  AUSGELASSEN KRBP/2024: Datei fehlt
2026-09-10T02:46:32.776Z  AUSGELASSEN KRBP/2025: Datei fehlt
2026-09-10T02:46:32.890Z  KRP/2017        roh           8046 reg. Kerzen        0/0/0 von 228  Tagen gewertet (1m/5m/15m)        0 Signale  29 ms lesen  50 ms rechnen
2026-09-10T02:46:33.079Z  KRP/2018        roh          15653 reg. Kerzen        0/0/0 von 251  Tagen gewertet (1m/5m/15m)        0 Signale  73 ms lesen  87 ms rechnen
2026-09-10T02:46:33.280Z  KRP/2019        roh          17825 reg. Kerzen        0/0/0 von 252  Tagen gewertet (1m/5m/15m)        0 Signale  54 ms lesen  102 ms rechnen
2026-09-10T02:46:33.583Z  KRP/2020        roh          35267 reg. Kerzen        0/0/0 von 253  Tagen gewertet (1m/5m/15m)        0 Signale  57 ms lesen  198 ms rechnen
2026-09-10T02:46:34.308Z  KRP/2021        roh          40349 reg. Kerzen        1/0/0 von 252  Tagen gewertet (1m/5m/15m)       31 Signale  66 ms lesen  539 ms rechnen
2026-09-10T02:46:37.621Z  KRP/2022        roh          54142 reg. Kerzen       10/0/0 von 250  Tagen gewertet (1m/5m/15m)      286 Signale  96 ms lesen  3107 ms rechnen
2026-09-10T02:46:38.859Z  KRP/2023        roh          56289 reg. Kerzen        2/0/0 von 250  Tagen gewertet (1m/5m/15m)       60 Signale  88 ms lesen  993 ms rechnen
2026-09-10T02:46:39.680Z  KRP/2024        roh          56701 reg. Kerzen        1/0/0 von 252  Tagen gewertet (1m/5m/15m)       26 Signale  89 ms lesen  607 ms rechnen
2026-09-10T02:46:55.790Z  KRP/2025        roh          68441 reg. Kerzen       52/0/0 von 250  Tagen gewertet (1m/5m/15m)     1351 Signale  109 ms lesen  15837 ms rechnen
2026-09-10T02:47:10.142Z  KRP/2026        roh          48873 reg. Kerzen       50/0/0 von 166  Tagen gewertet (1m/5m/15m)     1255 Signale  75 ms lesen  14094 ms rechnen
2026-09-10T02:47:10.314Z  KSPN/2016       roh           3216 reg. Kerzen        0/0/0 von 243  Tagen gewertet (1m/5m/15m)        0 Signale  26 ms lesen  23 ms rechnen
2026-09-10T02:47:10.374Z  KSPN/2017       roh           3959 reg. Kerzen        0/0/0 von 248  Tagen gewertet (1m/5m/15m)        0 Signale  24 ms lesen  23 ms rechnen
2026-09-10T02:47:10.440Z  KSPN/2018       roh           4028 reg. Kerzen        0/0/0 von 250  Tagen gewertet (1m/5m/15m)        0 Signale  24 ms lesen  27 ms rechnen
2026-09-10T02:47:10.570Z  KSPN/2019       roh          12336 reg. Kerzen        0/0/0 von 252  Tagen gewertet (1m/5m/15m)        0 Signale  50 ms lesen  66 ms rechnen
2026-09-10T02:47:10.690Z  KSPN/2020       roh           6695 reg. Kerzen        0/0/0 von 251  Tagen gewertet (1m/5m/15m)        0 Signale  37 ms lesen  39 ms rechnen
2026-09-10T02:47:10.788Z  KSPN/2021       roh           6196 reg. Kerzen        0/0/0 von 249  Tagen gewertet (1m/5m/15m)        0 Signale  36 ms lesen  37 ms rechnen
2026-09-10T02:47:10.983Z  KSPN/2022       roh          18768 reg. Kerzen        0/0/0 von 237  Tagen gewertet (1m/5m/15m)        0 Signale  52 ms lesen  124 ms rechnen
2026-09-10T02:47:11.105Z  KSPN/2023       roh           5590 reg. Kerzen        0/0/0 von 110  Tagen gewertet (1m/5m/15m)        0 Signale  24 ms lesen  44 ms rechnen
2026-09-10T02:47:11.116Z  AUSGELASSEN KSPN/2024: Datei fehlt
2026-09-10T02:47:11.139Z  AUSGELASSEN KSPN/2025: Datei fehlt
2026-09-10T02:47:11.290Z  KUKE/2021       bereinigt    15605 reg. Kerzen        0/0/0 von 246  Tagen gewertet (1m/5m/15m)        0 Signale  51 ms lesen  78 ms rechnen
2026-09-10T02:47:11.413Z  KUKE/2022       bereinigt     9769 reg. Kerzen        0/0/0 von 248  Tagen gewertet (1m/5m/15m)        0 Signale  22 ms lesen  54 ms rechnen
2026-09-10T02:47:11.506Z  KUKE/2023       bereinigt     6612 reg. Kerzen        0/0/0 von 250  Tagen gewertet (1m/5m/15m)        0 Signale  26 ms lesen  43 ms rechnen
2026-09-10T02:47:11.629Z  KUKE/2024       bereinigt    14165 reg. Kerzen        0/0/0 von 252  Tagen gewertet (1m/5m/15m)        0 Signale  25 ms lesen  85 ms rechnen
2026-09-10T02:47:11.719Z  KUKE/2025       bereinigt     9435 reg. Kerzen        0/0/0 von 200  Tagen gewertet (1m/5m/15m)        0 Signale  18 ms lesen  44 ms rechnen
2026-09-10T02:47:20.204Z  KVYO/2023       roh          22476 reg. Kerzen       26/0/0 von 71   Tagen gewertet (1m/5m/15m)      821 Signale  40 ms lesen  8426 ms rechnen
2026-09-10T02:48:19.851Z  KVYO/2024       roh          83746 reg. Kerzen      188/0/0 von 252  Tagen gewertet (1m/5m/15m)     5655 Signale  106 ms lesen  59486 ms rechnen
2026-09-10T02:49:40.146Z  KVYO/2025       roh          90440 reg. Kerzen      240/0/0 von 250  Tagen gewertet (1m/5m/15m)     7086 Signale  690 ms lesen  79399 ms rechnen
2026-09-10T02:50:42.798Z  KVYO/2026       roh          64405 reg. Kerzen      166/0/0 von 166  Tagen gewertet (1m/5m/15m)     5184 Signale  112 ms lesen  62244 ms rechnen
2026-09-10T02:50:43.820Z  KZ/2016         roh          30645 reg. Kerzen        0/0/0 von 252  Tagen gewertet (1m/5m/15m)        0 Signale  613 ms lesen  196 ms rechnen
2026-09-10T02:50:43.991Z  KZ/2017         roh           8972 reg. Kerzen        0/0/0 von 71   Tagen gewertet (1m/5m/15m)        0 Signale  19 ms lesen  55 ms rechnen
2026-09-10T02:50:44.051Z  LACQ/2018       roh            198 reg. Kerzen        0/0/0 von 71   Tagen gewertet (1m/5m/15m)        0 Signale  22 ms lesen  2 ms rechnen
2026-09-10T02:50:44.077Z  LACQ/2019       roh            534 reg. Kerzen        0/0/0 von 134  Tagen gewertet (1m/5m/15m)        0 Signale  20 ms lesen  5 ms rechnen
2026-09-10T02:50:44.107Z  LACQ/2020       roh           1574 reg. Kerzen        0/0/0 von 186  Tagen gewertet (1m/5m/15m)        0 Signale  13 ms lesen  14 ms rechnen
2026-09-10T02:50:44.136Z  LACQ/2021       roh           1140 reg. Kerzen        0/0/0 von 91   Tagen gewertet (1m/5m/15m)        0 Signale  13 ms lesen  9 ms rechnen
2026-09-10T02:50:44.157Z  LATN/2019       roh             35 reg. Kerzen        0/0/0 von 5    Tagen gewertet (1m/5m/15m)        0 Signale  7 ms lesen  0 ms rechnen
2026-09-10T02:50:44.177Z  LATN/2020       roh           1380 reg. Kerzen        0/0/0 von 162  Tagen gewertet (1m/5m/15m)        0 Signale  7 ms lesen  12 ms rechnen
2026-09-10T02:50:44.266Z  LATN/2021       roh           9342 reg. Kerzen        0/0/0 von 182  Tagen gewertet (1m/5m/15m)        0 Signale  25 ms lesen  58 ms rechnen
2026-09-10T02:50:44.309Z  LBBB/2022       roh            359 reg. Kerzen        0/0/0 von 95   Tagen gewertet (1m/5m/15m)        0 Signale  15 ms lesen  3 ms rechnen
2026-09-10T02:50:44.330Z  LBBB/2023       roh            626 reg. Kerzen        0/0/0 von 151  Tagen gewertet (1m/5m/15m)        0 Signale  12 ms lesen  7 ms rechnen
2026-09-10T02:50:44.350Z  LBBB/2024       roh            920 reg. Kerzen        0/0/0 von 37   Tagen gewertet (1m/5m/15m)        0 Signale  11 ms lesen  6 ms rechnen
2026-09-10T02:50:44.453Z  LBPH/2021       roh           8796 reg. Kerzen        0/0/0 von 205  Tagen gewertet (1m/5m/15m)        0 Signale  27 ms lesen  62 ms rechnen
2026-09-10T02:50:44.529Z  LBPH/2022       roh           4069 reg. Kerzen        0/0/0 von 246  Tagen gewertet (1m/5m/15m)        0 Signale  14 ms lesen  34 ms rechnen
2026-09-10T02:50:44.662Z  LBPH/2023       roh          15158 reg. Kerzen        0/0/0 von 250  Tagen gewertet (1m/5m/15m)        0 Signale  46 ms lesen  79 ms rechnen
2026-09-10T02:50:59.871Z  LBPH/2024       roh          61085 reg. Kerzen       48/0/0 von 231  Tagen gewertet (1m/5m/15m)     1263 Signale  87 ms lesen  15086 ms rechnen
2026-09-10T02:51:00.079Z  LBYAV/2024      roh            177 reg. Kerzen        0/0/0 von 7    Tagen gewertet (1m/5m/15m)        0 Signale  21 ms lesen  1 ms rechnen
2026-09-10T02:51:00.094Z  LCW/2021        roh            235 reg. Kerzen        0/0/0 von 14   Tagen gewertet (1m/5m/15m)        0 Signale  11 ms lesen  2 ms rechnen
2026-09-10T02:51:00.109Z  LCW/2022        roh            533 reg. Kerzen        0/0/0 von 107  Tagen gewertet (1m/5m/15m)        0 Signale  11 ms lesen  3 ms rechnen
2026-09-10T02:51:00.134Z  LCW/2023        roh           1026 reg. Kerzen        0/0/0 von 150  Tagen gewertet (1m/5m/15m)        0 Signale  14 ms lesen  9 ms rechnen
2026-09-10T02:51:00.159Z  LCW/2024        roh            991 reg. Kerzen        0/0/0 von 153  Tagen gewertet (1m/5m/15m)        0 Signale  14 ms lesen  7 ms rechnen
2026-09-10T02:51:59.762Z  LEA/2016        roh          87218 reg. Kerzen      205/0/0 von 252  Tagen gewertet (1m/5m/15m)     5118 Signale  120 ms lesen  59465 ms rechnen
2026-09-10T02:52:49.703Z  LEA/2017        roh          81696 reg. Kerzen      183/0/0 von 251  Tagen gewertet (1m/5m/15m)     4305 Signale  204 ms lesen  49532 ms rechnen
2026-09-10T02:53:40.261Z  LEA/2018        roh          81977 reg. Kerzen      177/0/0 von 251  Tagen gewertet (1m/5m/15m)     4697 Signale  137 ms lesen  50190 ms rechnen
2026-09-10T02:54:34.073Z  LEA/2019        roh          82214 reg. Kerzen      190/0/0 von 252  Tagen gewertet (1m/5m/15m)     4827 Signale  131 ms lesen  53454 ms rechnen
2026-09-10T02:55:20.106Z  LEA/2020        roh          80156 reg. Kerzen      148/0/0 von 253  Tagen gewertet (1m/5m/15m)     4283 Signale  118 ms lesen  45712 ms rechnen
2026-09-10T02:55:37.482Z  LEA/2021        roh          71231 reg. Kerzen       62/0/0 von 252  Tagen gewertet (1m/5m/15m)     1681 Signale  92 ms lesen  17045 ms rechnen
2026-09-10T02:56:11.301Z  LEA/2022        roh          75952 reg. Kerzen      114/0/0 von 251  Tagen gewertet (1m/5m/15m)     3222 Signale  99 ms lesen  33529 ms rechnen
2026-09-10T02:56:43.542Z  LEA/2023        roh          75738 reg. Kerzen      116/0/0 von 250  Tagen gewertet (1m/5m/15m)     2997 Signale  94 ms lesen  31921 ms rechnen
2026-09-10T02:57:12.892Z  LEA/2024        roh          75268 reg. Kerzen      107/0/0 von 252  Tagen gewertet (1m/5m/15m)     2660 Signale  105 ms lesen  29013 ms rechnen
2026-09-10T02:57:40.090Z  LEA/2025        roh          74175 reg. Kerzen       95/0/0 von 250  Tagen gewertet (1m/5m/15m)     2542 Signale  108 ms lesen  26872 ms rechnen
2026-09-10T02:57:51.687Z  LEA/2026        roh          45236 reg. Kerzen       38/0/0 von 166  Tagen gewertet (1m/5m/15m)     1009 Signale  639 ms lesen  10763 ms rechnen
2026-09-10T02:57:51.984Z  LEI/2016        roh          26713 reg. Kerzen        0/0/0 von 252  Tagen gewertet (1m/5m/15m)        0 Signale  39 ms lesen  159 ms rechnen
2026-09-10T02:57:52.090Z  LEI/2017        roh            367 reg. Kerzen        0/0/0 von 2    Tagen gewertet (1m/5m/15m)        0 Signale  19 ms lesen  12 ms rechnen
2026-09-10T02:58:40.643Z  LEVI/2019       roh          69071 reg. Kerzen      156/0/0 von 198  Tagen gewertet (1m/5m/15m)     4447 Signale  96 ms lesen  48438 ms rechnen
2026-09-10T03:00:07.969Z  LEVI/2020       roh          93319 reg. Kerzen      249/0/0 von 253  Tagen gewertet (1m/5m/15m)     7552 Signale  134 ms lesen  86995 ms rechnen
2026-09-10T03:01:29.904Z  LEVI/2021       roh          91915 reg. Kerzen      249/0/0 von 252  Tagen gewertet (1m/5m/15m)     7056 Signale  129 ms lesen  81540 ms rechnen
2026-09-10T03:02:57.585Z  LEVI/2022       roh          94431 reg. Kerzen      249/0/0 von 251  Tagen gewertet (1m/5m/15m)     7327 Signale  127 ms lesen  87317 ms rechnen
2026-09-10T03:04:22.203Z  LEVI/2023       roh          94517 reg. Kerzen      250/0/0 von 250  Tagen gewertet (1m/5m/15m)     6827 Signale  154 ms lesen  84189 ms rechnen
2026-09-10T03:05:44.357Z  LEVI/2024       roh          94110 reg. Kerzen      251/0/0 von 252  Tagen gewertet (1m/5m/15m)     6641 Signale  142 ms lesen  81762 ms rechnen
2026-09-10T03:07:08.205Z  LEVI/2025       roh          93547 reg. Kerzen      250/0/0 von 250  Tagen gewertet (1m/5m/15m)     6779 Signale  150 ms lesen  83425 ms rechnen
2026-09-10T03:08:04.606Z  LEVI/2026       roh          62743 reg. Kerzen      166/0/0 von 166  Tagen gewertet (1m/5m/15m)     4581 Signale  94 ms lesen  56041 ms rechnen
2026-09-10T03:08:04.796Z  LFGR/2016       roh           1824 reg. Kerzen        0/0/0 von 36   Tagen gewertet (1m/5m/15m)        0 Signale  10 ms lesen  14 ms rechnen
2026-09-10T03:08:04.893Z  LFGR/2017       roh          13282 reg. Kerzen        0/0/0 von 251  Tagen gewertet (1m/5m/15m)        0 Signale  31 ms lesen  63 ms rechnen
2026-09-10T03:08:05.019Z  LFGR/2018       roh          11508 reg. Kerzen        0/0/0 von 154  Tagen gewertet (1m/5m/15m)        0 Signale  25 ms lesen  64 ms rechnen
2026-09-10T03:08:05.124Z  LGAC/2021       roh           7575 reg. Kerzen        0/0/0 von 177  Tagen gewertet (1m/5m/15m)        0 Signale  26 ms lesen  40 ms rechnen
2026-09-10T03:08:05.202Z  LGAC/2022       roh           5227 reg. Kerzen        0/0/0 von 241  Tagen gewertet (1m/5m/15m)        0 Signale  31 ms lesen  26 ms rechnen
2026-09-10T03:08:05.250Z  LGAC/2023       roh           1284 reg. Kerzen        0/0/0 von 34   Tagen gewertet (1m/5m/15m)        0 Signale  25 ms lesen  6 ms rechnen
2026-09-10T03:08:05.343Z  LGMK/2016       bereinigt     6321 reg. Kerzen        0/0/0 von 78   Tagen gewertet (1m/5m/15m)        0 Signale  39 ms lesen  27 ms rechnen
2026-09-10T03:08:05.609Z  LGMK/2017       bereinigt    31149 reg. Kerzen        0/0/0 von 251  Tagen gewertet (1m/5m/15m)        0 Signale  54 ms lesen  200 ms rechnen
2026-09-10T03:08:10.813Z  LGMK/2018       bereinigt    41088 reg. Kerzen       13/0/0 von 251  Tagen gewertet (1m/5m/15m)      432 Signale  63 ms lesen  5058 ms rechnen
2026-09-10T03:08:11.124Z  LGMK/2019       bereinigt    24033 reg. Kerzen        0/0/0 von 252  Tagen gewertet (1m/5m/15m)        0 Signale  52 ms lesen  126 ms rechnen
2026-09-10T03:08:12.418Z  LGMK/2020       bereinigt    50123 reg. Kerzen        2/0/0 von 253  Tagen gewertet (1m/5m/15m)       72 Signale  127 ms lesen  1103 ms rechnen
2026-09-10T03:08:41.094Z  LGMK/2021       bereinigt    83494 reg. Kerzen       70/0/0 von 252  Tagen gewertet (1m/5m/15m)     2429 Signale  190 ms lesen  28332 ms rechnen
2026-09-10T03:08:42.241Z  LGMK/2022       bereinigt    22591 reg. Kerzen        2/0/0 von 251  Tagen gewertet (1m/5m/15m)       74 Signale  31 ms lesen  874 ms rechnen
2026-09-10T03:08:42.531Z  LGMK/2023       bereinigt    24904 reg. Kerzen        0/0/0 von 250  Tagen gewertet (1m/5m/15m)        0 Signale  60 ms lesen  174 ms rechnen
2026-09-10T03:08:42.830Z  LGMK/2024       bereinigt    28437 reg. Kerzen        0/0/0 von 252  Tagen gewertet (1m/5m/15m)        0 Signale  69 ms lesen  170 ms rechnen
2026-09-10T03:08:43.224Z  LGMK/2025       roh          28274 reg. Kerzen        0/0/0 von 102  Tagen gewertet (1m/5m/15m)        0 Signale  83 ms lesen  236 ms rechnen
2026-09-10T03:08:43.296Z  AUSGELASSEN LGMK/2026: Datei fehlt
2026-09-10T03:08:50.702Z  LGVW/2020       roh          12281 reg. Kerzen       18/0/0 von 119  Tagen gewertet (1m/5m/15m)      591 Signale  41 ms lesen  7352 ms rechnen
2026-09-10T03:09:02.678Z  LGVW/2021       roh          11102 reg. Kerzen       29/0/0 von 29   Tagen gewertet (1m/5m/15m)      994 Signale  33 ms lesen  11915 ms rechnen
2026-09-10T03:09:37.080Z  LI/2020         roh          41547 reg. Kerzen       88/0/0 von 108  Tagen gewertet (1m/5m/15m)     2865 Signale  109 ms lesen  34239 ms rechnen
2026-09-10T03:11:12.778Z  LI/2021         roh          98058 reg. Kerzen      252/0/0 von 252  Tagen gewertet (1m/5m/15m)     7746 Signale  194 ms lesen  95369 ms rechnen
2026-09-10T03:12:48.830Z  LI/2022         roh          97691 reg. Kerzen      251/0/0 von 251  Tagen gewertet (1m/5m/15m)     7753 Signale  168 ms lesen  95615 ms rechnen
2026-09-10T03:14:19.340Z  LI/2023         roh          96967 reg. Kerzen      250/0/0 von 250  Tagen gewertet (1m/5m/15m)     6781 Signale  170 ms lesen  90112 ms rechnen
2026-09-10T03:15:47.544Z  LI/2024         roh          97528 reg. Kerzen      252/0/0 von 252  Tagen gewertet (1m/5m/15m)     6896 Signale  193 ms lesen  87723 ms rechnen
2026-09-10T03:17:12.791Z  LI/2025         roh          96146 reg. Kerzen      250/0/0 von 250  Tagen gewertet (1m/5m/15m)     6385 Signale  160 ms lesen  84802 ms rechnen
2026-09-10T03:18:08.127Z  LI/2026         roh          63398 reg. Kerzen      166/0/0 von 166  Tagen gewertet (1m/5m/15m)     4217 Signale  111 ms lesen  54945 ms rechnen
2026-09-10T03:18:33.563Z  LILAK/2018      bereinigt    72837 reg. Kerzen       86/0/0 von 251  Tagen gewertet (1m/5m/15m)     2423 Signale  192 ms lesen  25048 ms rechnen
2026-09-10T03:18:53.234Z  LILAK/2019      bereinigt    72693 reg. Kerzen       65/0/0 von 252  Tagen gewertet (1m/5m/15m)     1787 Signale  152 ms lesen  19316 ms rechnen
2026-09-10T03:19:52.669Z  LILAK/2020      bereinigt    82797 reg. Kerzen      182/0/0 von 253  Tagen gewertet (1m/5m/15m)     5519 Signale  184 ms lesen  59014 ms rechnen
2026-09-10T03:20:10.156Z  LILAK/2021      bereinigt    68548 reg. Kerzen       57/0/0 von 252  Tagen gewertet (1m/5m/15m)     1694 Signale  179 ms lesen  17116 ms rechnen
2026-09-10T03:21:09.568Z  LILAK/2022      bereinigt    83146 reg. Kerzen      189/0/0 von 251  Tagen gewertet (1m/5m/15m)     5612 Signale  205 ms lesen  59021 ms rechnen
2026-09-10T03:21:47.101Z  LILAK/2023      bereinigt    79984 reg. Kerzen      124/0/0 von 250  Tagen gewertet (1m/5m/15m)     3510 Signale  168 ms lesen  37135 ms rechnen
2026-09-10T03:22:14.177Z  LILAK/2024      bereinigt    77320 reg. Kerzen       86/0/0 von 252  Tagen gewertet (1m/5m/15m)     2366 Signale  181 ms lesen  26686 ms rechnen
2026-09-10T03:22:24.917Z  LILAK/2025      bereinigt    72019 reg. Kerzen       33/0/0 von 250  Tagen gewertet (1m/5m/15m)      923 Signale  158 ms lesen  10354 ms rechnen
2026-09-10T03:22:35.753Z  LILAK/2026      bereinigt    48085 reg. Kerzen       33/0/0 von 166  Tagen gewertet (1m/5m/15m)      964 Signale  93 ms lesen  10544 ms rechnen
2026-09-10T03:22:36.220Z  LIOX/2016       roh          46237 reg. Kerzen        0/0/0 von 252  Tagen gewertet (1m/5m/15m)        0 Signale  66 ms lesen  249 ms rechnen
2026-09-10T03:22:36.400Z  LIOX/2017       roh           8385 reg. Kerzen        0/0/0 von 39   Tagen gewertet (1m/5m/15m)        0 Signale  19 ms lesen  54 ms rechnen
2026-09-10T03:22:36.579Z  LIVX/2018       roh          16809 reg. Kerzen        0/0/0 von 213  Tagen gewertet (1m/5m/15m)        0 Signale  47 ms lesen  87 ms rechnen
2026-09-10T03:22:36.812Z  LIVX/2019       roh          23919 reg. Kerzen        0/0/0 von 252  Tagen gewertet (1m/5m/15m)        0 Signale  47 ms lesen  147 ms rechnen
2026-09-10T03:22:37.396Z  LIVX/2020       roh          63008 reg. Kerzen        0/0/0 von 253  Tagen gewertet (1m/5m/15m)        0 Signale  98 ms lesen  418 ms rechnen
2026-09-10T03:22:44.485Z  LIVX/2021       roh          58618 reg. Kerzen       18/0/0 von 191  Tagen gewertet (1m/5m/15m)      582 Signale  88 ms lesen  6825 ms rechnen
2026-09-10T03:22:45.050Z  LKM/2016        roh          58928 reg. Kerzen        0/0/0 von 252  Tagen gewertet (1m/5m/15m)        0 Signale  91 ms lesen  334 ms rechnen
2026-09-10T03:22:45.611Z  LKM/2017        roh          50782 reg. Kerzen        0/0/0 von 251  Tagen gewertet (1m/5m/15m)        0 Signale  70 ms lesen  309 ms rechnen
2026-09-10T03:22:46.103Z  LKM/2018        roh          45194 reg. Kerzen        0/0/0 von 245  Tagen gewertet (1m/5m/15m)        0 Signale  71 ms lesen  292 ms rechnen
2026-09-10T03:22:46.514Z  LLNW/2016       roh          39914 reg. Kerzen        0/0/0 von 252  Tagen gewertet (1m/5m/15m)        0 Signale  70 ms lesen  224 ms rechnen
2026-09-10T03:22:50.607Z  LLNW/2017       roh          53697 reg. Kerzen       11/0/0 von 251  Tagen gewertet (1m/5m/15m)      352 Signale  77 ms lesen  3894 ms rechnen
2026-09-10T03:22:53.435Z  LLNW/2018       roh          75909 reg. Kerzen        7/0/0 von 251  Tagen gewertet (1m/5m/15m)      208 Signale  108 ms lesen  2597 ms rechnen
2026-09-10T03:22:54.303Z  LLNW/2019       roh          75453 reg. Kerzen        0/0/0 von 252  Tagen gewertet (1m/5m/15m)        0 Signale  107 ms lesen  547 ms rechnen
2026-09-10T03:24:20.564Z  LLNW/2020       roh          94706 reg. Kerzen      233/0/0 von 253  Tagen gewertet (1m/5m/15m)     7553 Signale  120 ms lesen  85945 ms rechnen
2026-09-10T03:25:02.595Z  LLNW/2021       roh          88040 reg. Kerzen      111/0/0 von 252  Tagen gewertet (1m/5m/15m)     3553 Signale  138 ms lesen  41629 ms rechnen
2026-09-10T03:25:26.124Z  LLNW/2022       roh          38740 reg. Kerzen       68/0/0 von 114  Tagen gewertet (1m/5m/15m)     2120 Signale  631 ms lesen  22655 ms rechnen
2026-09-10T03:25:26.253Z  LMB/2016        roh            603 reg. Kerzen        0/0/0 von 31   Tagen gewertet (1m/5m/15m)        0 Signale  18 ms lesen  5 ms rechnen
2026-09-10T03:25:26.320Z  LMB/2017        roh           5405 reg. Kerzen        0/0/0 von 250  Tagen gewertet (1m/5m/15m)        0 Signale  33 ms lesen  32 ms rechnen
2026-09-10T03:25:26.404Z  LMB/2018        roh           9187 reg. Kerzen        0/0/0 von 249  Tagen gewertet (1m/5m/15m)        0 Signale  22 ms lesen  45 ms rechnen
2026-09-10T03:25:26.573Z  LMB/2019        roh          15153 reg. Kerzen        0/0/0 von 252  Tagen gewertet (1m/5m/15m)        0 Signale  36 ms lesen  101 ms rechnen
2026-09-10T03:25:26.751Z  LMB/2020        roh          17185 reg. Kerzen        0/0/0 von 252  Tagen gewertet (1m/5m/15m)        0 Signale  42 ms lesen  98 ms rechnen
2026-09-10T03:25:26.969Z  LMB/2021        roh          23569 reg. Kerzen        0/0/0 von 252  Tagen gewertet (1m/5m/15m)        0 Signale  41 ms lesen  136 ms rechnen
2026-09-10T03:25:27.110Z  LMB/2022        roh           9282 reg. Kerzen        0/0/0 von 251  Tagen gewertet (1m/5m/15m)        0 Signale  18 ms lesen  61 ms rechnen
2026-09-10T03:25:27.380Z  LMB/2023        roh          36642 reg. Kerzen        0/0/0 von 250  Tagen gewertet (1m/5m/15m)        0 Signale  51 ms lesen  198 ms rechnen
2026-09-10T03:25:27.911Z  LMB/2024        roh          35639 reg. Kerzen        1/0/0 von 252  Tagen gewertet (1m/5m/15m)       31 Signale  53 ms lesen  384 ms rechnen
2026-09-10T03:25:28.593Z  LMB/2025        roh          38991 reg. Kerzen        1/0/0 von 250  Tagen gewertet (1m/5m/15m)       22 Signale  65 ms lesen  508 ms rechnen
2026-09-10T03:25:29.897Z  LMB/2026        roh          26440 reg. Kerzen        3/0/0 von 166  Tagen gewertet (1m/5m/15m)       90 Signale  46 ms lesen  1135 ms rechnen
2026-09-10T03:25:30.254Z  LMOS/2016       roh          35145 reg. Kerzen        0/0/0 von 252  Tagen gewertet (1m/5m/15m)        0 Signale  61 ms lesen  214 ms rechnen
2026-09-10T03:25:30.649Z  LMOS/2017       roh          36417 reg. Kerzen        0/0/0 von 222  Tagen gewertet (1m/5m/15m)        0 Signale  62 ms lesen  236 ms rechnen
2026-09-10T03:25:30.854Z  LNFA/2021       roh           9024 reg. Kerzen        0/0/0 von 238  Tagen gewertet (1m/5m/15m)        0 Signale  37 ms lesen  48 ms rechnen
2026-09-10T03:25:30.905Z  LNFA/2022       roh           2472 reg. Kerzen        0/0/0 von 135  Tagen gewertet (1m/5m/15m)        0 Signale  15 ms lesen  15 ms rechnen
2026-09-10T03:25:30.932Z  LOAC/2018       roh             55 reg. Kerzen        0/0/0 von 14   Tagen gewertet (1m/5m/15m)        0 Signale  19 ms lesen  1 ms rechnen
2026-09-10T03:25:30.952Z  LOAC/2019       roh            216 reg. Kerzen        0/0/0 von 69   Tagen gewertet (1m/5m/15m)        0 Signale  18 ms lesen  2 ms rechnen
2026-09-10T03:25:30.973Z  LOAC/2020       roh           2019 reg. Kerzen        0/0/0 von 106  Tagen gewertet (1m/5m/15m)        0 Signale  11 ms lesen  9 ms rechnen
2026-09-10T03:25:31.031Z  LOAC/2021       roh           4924 reg. Kerzen        0/0/0 von 53   Tagen gewertet (1m/5m/15m)        0 Signale  15 ms lesen  36 ms rechnen
2026-09-10T03:25:39.913Z  LOGM/2016       roh          64179 reg. Kerzen       29/0/0 von 252  Tagen gewertet (1m/5m/15m)      855 Signale  80 ms lesen  8789 ms rechnen
2026-09-10T03:25:41.987Z  CHECKPOINT 3000 Dateien, 696 min, Detektorfehler {}
2026-09-10T03:26:33.768Z  LOGM/2017       roh          81322 reg. Kerzen      176/0/0 von 251  Tagen gewertet (1m/5m/15m)     4636 Signale  125 ms lesen  51655 ms rechnen
2026-09-10T03:27:25.309Z  LOGM/2018       roh          81232 reg. Kerzen      173/0/0 von 251  Tagen gewertet (1m/5m/15m)     4724 Signale  180 ms lesen  51142 ms rechnen
2026-09-10T03:28:08.585Z  LOGM/2019       roh          80531 reg. Kerzen      152/0/0 von 252  Tagen gewertet (1m/5m/15m)     3799 Signale  111 ms lesen  42989 ms rechnen
2026-09-10T03:28:25.950Z  LOGM/2020       roh          48322 reg. Kerzen       59/0/0 von 167  Tagen gewertet (1m/5m/15m)     1325 Signale  83 ms lesen  17088 ms rechnen
2026-09-10T03:28:26.193Z  LOV/2016        roh          13549 reg. Kerzen        0/0/0 von 252  Tagen gewertet (1m/5m/15m)        0 Signale  47 ms lesen  68 ms rechnen
2026-09-10T03:28:26.347Z  LOV/2017        roh          10396 reg. Kerzen        0/0/0 von 241  Tagen gewertet (1m/5m/15m)        0 Signale  45 ms lesen  72 ms rechnen
2026-09-10T03:28:26.415Z  LOV/2018        roh           3729 reg. Kerzen        0/0/0 von 247  Tagen gewertet (1m/5m/15m)        0 Signale  29 ms lesen  19 ms rechnen
2026-09-10T03:28:26.567Z  LOV/2019        roh          16791 reg. Kerzen        0/0/0 von 251  Tagen gewertet (1m/5m/15m)        0 Signale  45 ms lesen  98 ms rechnen
2026-09-10T03:28:26.793Z  LOV/2020        roh          22570 reg. Kerzen        0/0/0 von 253  Tagen gewertet (1m/5m/15m)        0 Signale  47 ms lesen  144 ms rechnen
2026-09-10T03:28:27.074Z  LOV/2021        roh          27926 reg. Kerzen        0/0/0 von 252  Tagen gewertet (1m/5m/15m)        0 Signale  57 ms lesen  152 ms rechnen
2026-09-10T03:28:27.254Z  LOV/2022        roh          13622 reg. Kerzen        0/0/0 von 251  Tagen gewertet (1m/5m/15m)        0 Signale  34 ms lesen  78 ms rechnen
2026-09-10T03:28:27.391Z  LOV/2023        roh          10912 reg. Kerzen        0/0/0 von 171  Tagen gewertet (1m/5m/15m)        0 Signale  29 ms lesen  74 ms rechnen
2026-09-10T03:29:32.332Z  LPT/2016        roh          89252 reg. Kerzen      225/0/0 von 252  Tagen gewertet (1m/5m/15m)     5132 Signale  105 ms lesen  64780 ms rechnen
2026-09-10T03:30:25.365Z  LPT/2017        roh          82486 reg. Kerzen      193/0/0 von 251  Tagen gewertet (1m/5m/15m)     4098 Signale  129 ms lesen  52650 ms rechnen
2026-09-10T03:31:34.401Z  LPT/2018        roh          88228 reg. Kerzen      235/0/0 von 251  Tagen gewertet (1m/5m/15m)     5343 Signale  126 ms lesen  68670 ms rechnen
2026-09-10T03:32:37.701Z  LPT/2019        roh          87019 reg. Kerzen      223/0/0 von 252  Tagen gewertet (1m/5m/15m)     4908 Signale  129 ms lesen  62968 ms rechnen
2026-09-10T03:32:44.131Z  LPT/2020        roh           7807 reg. Kerzen       21/0/0 von 22   Tagen gewertet (1m/5m/15m)      454 Signale  55 ms lesen  6144 ms rechnen
2026-09-10T03:34:00.596Z  LRCX/2016       bereinigt    97384 reg. Kerzen      232/0/0 von 252  Tagen gewertet (1m/5m/15m)     5638 Signale  157 ms lesen  76270 ms rechnen
2026-09-10T03:35:23.510Z  LRCX/2017       bereinigt    96024 reg. Kerzen      251/0/0 von 251  Tagen gewertet (1m/5m/15m)     6137 Signale  726 ms lesen  81941 ms rechnen
2026-09-10T03:36:50.635Z  LRCX/2018       bereinigt    96325 reg. Kerzen      249/0/0 von 251  Tagen gewertet (1m/5m/15m)     6819 Signale  172 ms lesen  86693 ms rechnen
2026-09-10T03:38:16.427Z  LRCX/2019       bereinigt    96567 reg. Kerzen      252/0/0 von 252  Tagen gewertet (1m/5m/15m)     6442 Signale  721 ms lesen  84837 ms rechnen
2026-09-10T03:39:45.854Z  LRCX/2020       bereinigt    96909 reg. Kerzen      253/0/0 von 253  Tagen gewertet (1m/5m/15m)     7195 Signale  719 ms lesen  88470 ms rechnen
2026-09-10T03:41:09.478Z  LRCX/2021       bereinigt    93388 reg. Kerzen      251/0/0 von 252  Tagen gewertet (1m/5m/15m)     6793 Signale  185 ms lesen  83173 ms rechnen
2026-09-10T03:42:37.483Z  LRCX/2022       bereinigt    94054 reg. Kerzen      251/0/0 von 251  Tagen gewertet (1m/5m/15m)     7450 Signale  149 ms lesen  87554 ms rechnen
2026-09-10T03:43:53.146Z  LRCX/2023       bereinigt    89139 reg. Kerzen      242/0/0 von 250  Tagen gewertet (1m/5m/15m)     6464 Signale  151 ms lesen  75273 ms rechnen
2026-09-10T03:44:57.182Z  LRCX/2024       bereinigt    86632 reg. Kerzen      201/0/0 von 252  Tagen gewertet (1m/5m/15m)     5361 Signale  136 ms lesen  63686 ms rechnen
2026-09-10T03:46:25.874Z  LRCX/2025       roh          96955 reg. Kerzen      250/0/0 von 250  Tagen gewertet (1m/5m/15m)     6722 Signale  162 ms lesen  88320 ms rechnen
2026-09-10T03:47:29.766Z  LRCX/2026       roh          64740 reg. Kerzen      166/0/0 von 166  Tagen gewertet (1m/5m/15m)     4898 Signale  125 ms lesen  63496 ms rechnen
2026-09-10T03:47:30.123Z  LSDI/2023       bereinigt    18399 reg. Kerzen        0/0/0 von 224  Tagen gewertet (1m/5m/15m)        0 Signale  64 ms lesen  101 ms rechnen
2026-09-10T03:47:30.241Z  LSDI/2024       bereinigt     7405 reg. Kerzen        0/0/0 von 124  Tagen gewertet (1m/5m/15m)        0 Signale  14 ms lesen  51 ms rechnen
2026-09-10T03:47:42.106Z  LSXMA/2016      roh          50939 reg. Kerzen       43/0/0 von 180  Tagen gewertet (1m/5m/15m)     1097 Signale  82 ms lesen  11745 ms rechnen
2026-09-10T03:47:59.644Z  LSXMA/2017      roh          69063 reg. Kerzen       62/0/0 von 251  Tagen gewertet (1m/5m/15m)     1541 Signale  116 ms lesen  17298 ms rechnen
2026-09-10T03:48:28.134Z  LSXMA/2018      roh          73588 reg. Kerzen      100/0/0 von 251  Tagen gewertet (1m/5m/15m)     2634 Signale  96 ms lesen  28204 ms rechnen
2026-09-10T03:48:54.835Z  LSXMA/2019      roh          72727 reg. Kerzen       96/0/0 von 252  Tagen gewertet (1m/5m/15m)     2354 Signale  104 ms lesen  26391 ms rechnen
2026-09-10T03:49:43.086Z  LSXMA/2020      roh          81215 reg. Kerzen      153/0/0 von 253  Tagen gewertet (1m/5m/15m)     4403 Signale  105 ms lesen  47953 ms rechnen
2026-09-10T03:50:15.366Z  LSXMA/2021      roh          75703 reg. Kerzen      112/0/0 von 252  Tagen gewertet (1m/5m/15m)     2900 Signale  100 ms lesen  31917 ms rechnen
2026-09-10T03:51:07.172Z  LSXMA/2022      roh          81693 reg. Kerzen      178/0/0 von 251  Tagen gewertet (1m/5m/15m)     4637 Signale  106 ms lesen  51512 ms rechnen
2026-09-10T03:52:08.861Z  LSXMA/2023      roh          85970 reg. Kerzen      204/0/0 von 250  Tagen gewertet (1m/5m/15m)     5459 Signale  206 ms lesen  61256 ms rechnen
2026-09-10T03:52:55.685Z  LSXMA/2024      roh          60527 reg. Kerzen      151/0/0 von 173  Tagen gewertet (1m/5m/15m)     3807 Signale  640 ms lesen  45936 ms rechnen
2026-09-10T03:52:55.904Z  LTN/2018        roh            320 reg. Kerzen        0/0/0 von 107  Tagen gewertet (1m/5m/15m)        0 Signale  17 ms lesen  4 ms rechnen
2026-09-10T03:52:55.934Z  LTN/2019        roh            866 reg. Kerzen        0/0/0 von 32   Tagen gewertet (1m/5m/15m)        0 Signale  23 ms lesen  5 ms rechnen
2026-09-10T03:54:11.287Z  LUK/2016        roh          94675 reg. Kerzen      232/0/0 von 252  Tagen gewertet (1m/5m/15m)     5724 Signale  123 ms lesen  75214 ms rechnen
2026-09-10T03:55:28.480Z  LUK/2017        roh          92726 reg. Kerzen      251/0/0 von 251  Tagen gewertet (1m/5m/15m)     5813 Signale  111 ms lesen  76830 ms rechnen
2026-09-10T03:56:02.290Z  LUK/2018        roh          37910 reg. Kerzen       99/0/0 von 99   Tagen gewertet (1m/5m/15m)     2419 Signale  79 ms lesen  33469 ms rechnen
2026-09-10T03:56:02.458Z  LUXH/2022       bereinigt     4990 reg. Kerzen        0/0/0 von 98   Tagen gewertet (1m/5m/15m)        0 Signale  30 ms lesen  22 ms rechnen
2026-09-10T03:56:02.643Z  LUXH/2023       bereinigt    21330 reg. Kerzen        0/0/0 von 250  Tagen gewertet (1m/5m/15m)        0 Signale  38 ms lesen  131 ms rechnen
2026-09-10T03:56:03.338Z  LUXH/2024       bereinigt    60222 reg. Kerzen        0/0/0 von 252  Tagen gewertet (1m/5m/15m)        0 Signale  213 ms lesen  417 ms rechnen
2026-09-10T03:56:03.551Z  LUXH/2025       roh           1347 reg. Kerzen        0/0/0 von 10   Tagen gewertet (1m/5m/15m)        0 Signale  24 ms lesen  22 ms rechnen
2026-09-10T03:56:03.582Z  LVRO/2021       roh            133 reg. Kerzen        0/0/0 von 26   Tagen gewertet (1m/5m/15m)        0 Signale  23 ms lesen  2 ms rechnen
2026-09-10T03:56:03.599Z  LVRO/2022       roh            740 reg. Kerzen        0/0/0 von 132  Tagen gewertet (1m/5m/15m)        0 Signale  9 ms lesen  7 ms rechnen
2026-09-10T03:56:03.689Z  LVRO/2023       roh           8654 reg. Kerzen        0/0/0 von 245  Tagen gewertet (1m/5m/15m)        0 Signale  35 ms lesen  52 ms rechnen
2026-09-10T03:56:03.763Z  LVRO/2024       roh           2095 reg. Kerzen        0/0/0 von 235  Tagen gewertet (1m/5m/15m)        0 Signale  26 ms lesen  18 ms rechnen
2026-09-10T03:56:03.883Z  LVRO/2025       roh           2691 reg. Kerzen        0/0/0 von 239  Tagen gewertet (1m/5m/15m)        0 Signale  91 ms lesen  22 ms rechnen
2026-09-10T03:56:03.927Z  LVRO/2026       roh           2893 reg. Kerzen        0/0/0 von 35   Tagen gewertet (1m/5m/15m)        0 Signale  20 ms lesen  16 ms rechnen
2026-09-10T03:57:05.086Z  LYFT/2019       roh          73833 reg. Kerzen      172/0/0 von 192  Tagen gewertet (1m/5m/15m)     5165 Signale  115 ms lesen  61037 ms rechnen
2026-09-10T03:58:39.816Z  LYFT/2020       roh          98226 reg. Kerzen      253/0/0 von 253  Tagen gewertet (1m/5m/15m)     7918 Signale  130 ms lesen  94416 ms rechnen
2026-09-10T04:00:13.354Z  LYFT/2021       roh          98073 reg. Kerzen      252/0/0 von 252  Tagen gewertet (1m/5m/15m)     7430 Signale  144 ms lesen  93141 ms rechnen
2026-09-10T04:01:50.254Z  LYFT/2022       roh          97708 reg. Kerzen      251/0/0 von 251  Tagen gewertet (1m/5m/15m)     7919 Signale  168 ms lesen  96464 ms rechnen
2026-09-10T04:03:23.446Z  LYFT/2023       roh          97135 reg. Kerzen      250/0/0 von 250  Tagen gewertet (1m/5m/15m)     7965 Signale  151 ms lesen  92768 ms rechnen
2026-09-10T04:04:56.451Z  LYFT/2024       roh          97729 reg. Kerzen      252/0/0 von 252  Tagen gewertet (1m/5m/15m)     7705 Signale  183 ms lesen  92589 ms rechnen
2026-09-10T04:06:28.022Z  LYFT/2025       roh          96954 reg. Kerzen      250/0/0 von 250  Tagen gewertet (1m/5m/15m)     7525 Signale  159 ms lesen  91127 ms rechnen
2026-09-10T04:07:28.477Z  LYFT/2026       roh          64727 reg. Kerzen      166/0/0 von 166  Tagen gewertet (1m/5m/15m)     4966 Signale  115 ms lesen  60077 ms rechnen
2026-09-10T04:07:38.521Z  LZB/2016        roh          66146 reg. Kerzen       33/0/0 von 252  Tagen gewertet (1m/5m/15m)      883 Signale  93 ms lesen  9729 ms rechnen
2026-09-10T04:07:53.262Z  LZB/2017        roh          66966 reg. Kerzen       47/0/0 von 251  Tagen gewertet (1m/5m/15m)     1290 Signale  100 ms lesen  14452 ms rechnen
2026-09-10T04:08:07.511Z  LZB/2018        roh          64508 reg. Kerzen       46/0/0 von 251  Tagen gewertet (1m/5m/15m)     1307 Signale  116 ms lesen  13963 ms rechnen
2026-09-10T04:08:22.735Z  LZB/2019        roh          69104 reg. Kerzen       51/0/0 von 252  Tagen gewertet (1m/5m/15m)     1404 Signale  110 ms lesen  14943 ms rechnen
2026-09-10T04:08:35.743Z  LZB/2020        roh          68782 reg. Kerzen       41/0/0 von 253  Tagen gewertet (1m/5m/15m)     1262 Signale  101 ms lesen  12732 ms rechnen
2026-09-10T04:08:47.393Z  LZB/2021        roh          65082 reg. Kerzen       38/0/0 von 252  Tagen gewertet (1m/5m/15m)     1072 Signale  85 ms lesen  11371 ms rechnen
2026-09-10T04:09:06.069Z  LZB/2022        roh          70053 reg. Kerzen       60/0/0 von 251  Tagen gewertet (1m/5m/15m)     1752 Signale  110 ms lesen  18421 ms rechnen
2026-09-10T04:09:14.559Z  LZB/2023        roh          61943 reg. Kerzen       28/0/0 von 250  Tagen gewertet (1m/5m/15m)      735 Signale  83 ms lesen  8209 ms rechnen
2026-09-10T04:09:23.014Z  LZB/2024        roh          63888 reg. Kerzen       28/0/0 von 252  Tagen gewertet (1m/5m/15m)      738 Signale  94 ms lesen  8189 ms rechnen
2026-09-10T04:09:30.549Z  LZB/2025        roh          63331 reg. Kerzen       25/0/0 von 250  Tagen gewertet (1m/5m/15m)      703 Signale  85 ms lesen  7280 ms rechnen
2026-09-10T04:09:33.615Z  LZB/2026        roh          37950 reg. Kerzen        9/0/0 von 166  Tagen gewertet (1m/5m/15m)      264 Signale  61 ms lesen  2821 ms rechnen
2026-09-10T04:09:33.744Z  MACC/2021       roh           1746 reg. Kerzen        0/0/0 von 134  Tagen gewertet (1m/5m/15m)        0 Signale  18 ms lesen  8 ms rechnen
2026-09-10T04:09:33.776Z  MACC/2022       roh           1425 reg. Kerzen        0/0/0 von 186  Tagen gewertet (1m/5m/15m)        0 Signale  16 ms lesen  12 ms rechnen
2026-09-10T04:10:31.602Z  MANH/2016       roh          85549 reg. Kerzen      197/0/0 von 252  Tagen gewertet (1m/5m/15m)     5107 Signale  160 ms lesen  57659 ms rechnen
2026-09-10T04:11:13.939Z  MANH/2017       roh          80002 reg. Kerzen      152/0/0 von 251  Tagen gewertet (1m/5m/15m)     3758 Signale  101 ms lesen  42034 ms rechnen
2026-09-10T04:11:47.934Z  MANH/2018       roh          75976 reg. Kerzen      118/0/0 von 251  Tagen gewertet (1m/5m/15m)     3213 Signale  119 ms lesen  33663 ms rechnen
2026-09-10T04:12:11.401Z  MANH/2019       roh          73549 reg. Kerzen       82/0/0 von 252  Tagen gewertet (1m/5m/15m)     2173 Signale  106 ms lesen  23152 ms rechnen
2026-09-10T04:12:48.484Z  MANH/2020       roh          74545 reg. Kerzen      113/0/0 von 253  Tagen gewertet (1m/5m/15m)     3443 Signale  86 ms lesen  36767 ms rechnen
2026-09-10T04:12:55.188Z  MANH/2021       roh          64617 reg. Kerzen       22/0/0 von 252  Tagen gewertet (1m/5m/15m)      599 Signale  92 ms lesen  6445 ms rechnen
2026-09-10T04:13:03.970Z  MANH/2022       roh          63876 reg. Kerzen       27/0/0 von 251  Tagen gewertet (1m/5m/15m)      792 Signale  100 ms lesen  8520 ms rechnen
2026-09-10T04:13:09.596Z  MANH/2023       roh          59644 reg. Kerzen       18/0/0 von 250  Tagen gewertet (1m/5m/15m)      513 Signale  101 ms lesen  5366 ms rechnen
2026-09-10T04:13:13.339Z  MANH/2024       roh          56946 reg. Kerzen       11/0/0 von 252  Tagen gewertet (1m/5m/15m)      347 Signale  84 ms lesen  3497 ms rechnen
2026-09-10T04:13:28.502Z  MANH/2025       roh          65488 reg. Kerzen       50/0/0 von 250  Tagen gewertet (1m/5m/15m)     1458 Signale  107 ms lesen  14893 ms rechnen
2026-09-10T04:13:42.523Z  MANH/2026       roh          47954 reg. Kerzen       44/0/0 von 166  Tagen gewertet (1m/5m/15m)     1263 Signale  75 ms lesen  13769 ms rechnen
2026-09-10T04:14:58.860Z  MAS/2016        roh          97725 reg. Kerzen      232/0/0 von 252  Tagen gewertet (1m/5m/15m)     5650 Signale  133 ms lesen  76066 ms rechnen
2026-09-10T04:16:20.412Z  MAS/2017        roh          96243 reg. Kerzen      251/0/0 von 251  Tagen gewertet (1m/5m/15m)     5679 Signale  121 ms lesen  81165 ms rechnen
2026-09-10T04:17:44.944Z  MAS/2018        roh          96911 reg. Kerzen      251/0/0 von 251  Tagen gewertet (1m/5m/15m)     6332 Signale  145 ms lesen  84113 ms rechnen
2026-09-10T04:19:08.001Z  MAS/2019        roh          97278 reg. Kerzen      251/0/0 von 252  Tagen gewertet (1m/5m/15m)     6004 Signale  141 ms lesen  82633 ms rechnen
2026-09-10T04:20:34.697Z  MAS/2020        roh          97619 reg. Kerzen      253/0/0 von 253  Tagen gewertet (1m/5m/15m)     6554 Signale  129 ms lesen  86298 ms rechnen
2026-09-10T04:21:56.841Z  MAS/2021        roh          95580 reg. Kerzen      249/0/0 von 252  Tagen gewertet (1m/5m/15m)     6016 Signale  137 ms lesen  81729 ms rechnen
2026-09-10T04:23:22.860Z  MAS/2022        roh          96045 reg. Kerzen      249/0/0 von 251  Tagen gewertet (1m/5m/15m)     6601 Signale  118 ms lesen  85677 ms rechnen
2026-09-10T04:24:44.669Z  MAS/2023        roh          95431 reg. Kerzen      250/0/0 von 250  Tagen gewertet (1m/5m/15m)     6180 Signale  137 ms lesen  81405 ms rechnen
2026-09-10T04:26:03.941Z  MAS/2024        roh          94199 reg. Kerzen      249/0/0 von 252  Tagen gewertet (1m/5m/15m)     5867 Signale  151 ms lesen  78827 ms rechnen
2026-09-10T04:27:24.535Z  MAS/2025        roh          93957 reg. Kerzen      250/0/0 von 250  Tagen gewertet (1m/5m/15m)     6129 Signale  120 ms lesen  80198 ms rechnen
2026-09-10T04:28:19.949Z  MAS/2026        roh          63487 reg. Kerzen      166/0/0 von 166  Tagen gewertet (1m/5m/15m)     4300 Signale  85 ms lesen  55092 ms rechnen
2026-09-10T04:28:35.087Z  MAXN/2020       roh          28518 reg. Kerzen       43/0/0 von 89   Tagen gewertet (1m/5m/15m)     1382 Signale  57 ms lesen  14914 ms rechnen
2026-09-10T04:29:13.783Z  MAXN/2021       roh          75832 reg. Kerzen      115/0/0 von 252  Tagen gewertet (1m/5m/15m)     3715 Signale  255 ms lesen  38366 ms rechnen
2026-09-10T04:29:36.783Z  MAXN/2022       roh          72147 reg. Kerzen       68/0/0 von 251  Tagen gewertet (1m/5m/15m)     2169 Signale  114 ms lesen  22671 ms rechnen
2026-09-10T04:30:46.905Z  MAXN/2023       roh          85409 reg. Kerzen      199/0/0 von 250  Tagen gewertet (1m/5m/15m)     6430 Signale  109 ms lesen  69799 ms rechnen
2026-09-10T04:31:52.541Z  MAXN/2024       roh          89747 reg. Kerzen      163/0/0 von 252  Tagen gewertet (1m/5m/15m)     5395 Signale  155 ms lesen  65264 ms rechnen
2026-09-10T04:31:52.961Z  MAXN/2025       roh          29364 reg. Kerzen        0/0/0 von 250  Tagen gewertet (1m/5m/15m)        0 Signale  48 ms lesen  146 ms rechnen
2026-09-10T04:31:53.143Z  MAXN/2026       roh          10992 reg. Kerzen        0/0/0 von 82   Tagen gewertet (1m/5m/15m)        0 Signale  27 ms lesen  66 ms rechnen
2026-09-10T04:32:17.711Z  MBFI/2016       roh          75797 reg. Kerzen       92/0/0 von 252  Tagen gewertet (1m/5m/15m)     2229 Signale  95 ms lesen  24433 ms rechnen
2026-09-10T04:32:29.219Z  MBFI/2017       roh          68169 reg. Kerzen       40/0/0 von 251  Tagen gewertet (1m/5m/15m)     1049 Signale  123 ms lesen  11194 ms rechnen
2026-09-10T04:33:05.287Z  MBFI/2018       roh          76267 reg. Kerzen      127/0/0 von 251  Tagen gewertet (1m/5m/15m)     3090 Signale  118 ms lesen  35775 ms rechnen
2026-09-10T04:33:15.331Z  MBFI/2019       roh          17744 reg. Kerzen       35/0/0 von 55   Tagen gewertet (1m/5m/15m)      845 Signale  39 ms lesen  9800 ms rechnen
2026-09-10T04:33:15.491Z  MBRG/2016       roh           7697 reg. Kerzen        0/0/0 von 251  Tagen gewertet (1m/5m/15m)        0 Signale  27 ms lesen  53 ms rechnen
2026-09-10T04:33:15.552Z  MBRG/2017       roh           1934 reg. Kerzen        0/0/0 von 62   Tagen gewertet (1m/5m/15m)        0 Signale  23 ms lesen  13 ms rechnen
2026-09-10T04:33:15.871Z  MC/2016         roh          42426 reg. Kerzen        0/0/0 von 252  Tagen gewertet (1m/5m/15m)        0 Signale  59 ms lesen  233 ms rechnen
2026-09-10T04:33:22.322Z  MC/2017         roh          60235 reg. Kerzen       21/0/0 von 251  Tagen gewertet (1m/5m/15m)      542 Signale  106 ms lesen  6250 ms rechnen
2026-09-10T04:33:40.627Z  MC/2018         roh          68521 reg. Kerzen       64/0/0 von 251  Tagen gewertet (1m/5m/15m)     1800 Signale  94 ms lesen  18032 ms rechnen
2026-09-10T04:34:11.997Z  MC/2019         roh          76658 reg. Kerzen      114/0/0 von 252  Tagen gewertet (1m/5m/15m)     3101 Signale  224 ms lesen  30962 ms rechnen
2026-09-10T04:34:56.850Z  MC/2020         roh          79615 reg. Kerzen      144/0/0 von 253  Tagen gewertet (1m/5m/15m)     4322 Signale  107 ms lesen  44522 ms rechnen
2026-09-10T04:35:11.955Z  MC/2021         roh          69088 reg. Kerzen       51/0/0 von 252  Tagen gewertet (1m/5m/15m)     1428 Signale  667 ms lesen  14229 ms rechnen
2026-09-10T04:35:50.489Z  MC/2022         roh          77123 reg. Kerzen      131/0/0 von 251  Tagen gewertet (1m/5m/15m)     3796 Signale  120 ms lesen  38219 ms rechnen
2026-09-10T04:36:25.587Z  MC/2023         roh          77131 reg. Kerzen      120/0/0 von 250  Tagen gewertet (1m/5m/15m)     3332 Signale  121 ms lesen  34774 ms rechnen
2026-09-10T04:36:44.717Z  MC/2024         roh          70326 reg. Kerzen       63/0/0 von 252  Tagen gewertet (1m/5m/15m)     1767 Signale  661 ms lesen  18281 ms rechnen
2026-09-10T04:37:29.665Z  MC/2025         roh          79213 reg. Kerzen      152/0/0 von 250  Tagen gewertet (1m/5m/15m)     4089 Signale  120 ms lesen  44627 ms rechnen
2026-09-10T04:38:06.298Z  MC/2026         roh          54591 reg. Kerzen      117/0/0 von 166  Tagen gewertet (1m/5m/15m)     3306 Signale  77 ms lesen  36368 ms rechnen
2026-09-10T04:38:06.906Z  MCC/2016        bereinigt    57427 reg. Kerzen        0/0/0 von 252  Tagen gewertet (1m/5m/15m)        0 Signale  108 ms lesen  337 ms rechnen
2026-09-10T04:38:07.474Z  MCC/2017        bereinigt    55588 reg. Kerzen        0/0/0 von 251  Tagen gewertet (1m/5m/15m)        0 Signale  79 ms lesen  338 ms rechnen
2026-09-10T04:38:07.919Z  MCC/2018        bereinigt    36530 reg. Kerzen        0/0/0 von 251  Tagen gewertet (1m/5m/15m)        0 Signale  51 ms lesen  231 ms rechnen
2026-09-10T04:38:08.187Z  MCC/2019        bereinigt    21098 reg. Kerzen        0/0/0 von 252  Tagen gewertet (1m/5m/15m)        0 Signale  48 ms lesen  132 ms rechnen
2026-09-10T04:38:08.394Z  MCC/2020        bereinigt    17619 reg. Kerzen        0/0/0 von 253  Tagen gewertet (1m/5m/15m)        0 Signale  28 ms lesen  113 ms rechnen
2026-09-10T04:38:08.484Z  MCMJ/2019       roh             37 reg. Kerzen        0/0/0 von 10   Tagen gewertet (1m/5m/15m)        0 Signale  17 ms lesen  0 ms rechnen
2026-09-10T04:38:08.516Z  MCMJ/2020       roh           1464 reg. Kerzen        0/0/0 von 214  Tagen gewertet (1m/5m/15m)        0 Signale  24 ms lesen  8 ms rechnen
2026-09-10T04:38:09.310Z  MCMJ/2021       roh          16923 reg. Kerzen        2/0/0 von 252  Tagen gewertet (1m/5m/15m)       54 Signale  38 ms lesen  752 ms rechnen
2026-09-10T04:38:09.410Z  MCMJ/2022       roh           2716 reg. Kerzen        0/0/0 von 24   Tagen gewertet (1m/5m/15m)        0 Signale  19 ms lesen  22 ms rechnen
2026-09-10T04:38:29.848Z  MCW/2021        roh          39792 reg. Kerzen       64/0/0 von 132  Tagen gewertet (1m/5m/15m)     1952 Signale  69 ms lesen  20359 ms rechnen
2026-09-10T04:39:40.280Z  MCW/2022        roh          87137 reg. Kerzen      209/0/0 von 251  Tagen gewertet (1m/5m/15m)     6308 Signale  125 ms lesen  70188 ms rechnen
2026-09-10T04:41:00.778Z  MCW/2023        roh          89925 reg. Kerzen      242/0/0 von 250  Tagen gewertet (1m/5m/15m)     6992 Signale  146 ms lesen  80120 ms rechnen
2026-09-10T04:42:09.521Z  MCW/2024        roh          88763 reg. Kerzen      216/0/0 von 252  Tagen gewertet (1m/5m/15m)     6255 Signale  117 ms lesen  68354 ms rechnen
2026-09-10T04:43:10.156Z  MCW/2025        roh          84898 reg. Kerzen      191/0/0 von 250  Tagen gewertet (1m/5m/15m)     5295 Signale  103 ms lesen  60321 ms rechnen
2026-09-10T04:43:30.450Z  MCW/2026        roh          32408 reg. Kerzen       55/0/0 von 94   Tagen gewertet (1m/5m/15m)      738 Signale  611 ms lesen  19483 ms rechnen
2026-09-10T04:43:30.838Z  MDGN/2016       roh          31282 reg. Kerzen        0/0/0 von 242  Tagen gewertet (1m/5m/15m)        0 Signale  131 ms lesen  163 ms rechnen
2026-09-10T04:43:30.982Z  MDNA/2020       roh           5934 reg. Kerzen        0/0/0 von 91   Tagen gewertet (1m/5m/15m)        0 Signale  17 ms lesen  28 ms rechnen
2026-09-10T04:43:31.187Z  MDNA/2021       roh          22839 reg. Kerzen        0/0/0 von 252  Tagen gewertet (1m/5m/15m)        0 Signale  71 ms lesen  113 ms rechnen
2026-09-10T04:43:31.378Z  MDNA/2022       roh          15904 reg. Kerzen        0/0/0 von 251  Tagen gewertet (1m/5m/15m)        0 Signale  36 ms lesen  90 ms rechnen
2026-09-10T04:43:31.498Z  MDNA/2023       roh          11333 reg. Kerzen        0/0/0 von 210  Tagen gewertet (1m/5m/15m)        0 Signale  26 ms lesen  54 ms rechnen
2026-09-10T04:43:31.601Z  MDV/2022        bereinigt     6873 reg. Kerzen        0/0/0 von 223  Tagen gewertet (1m/5m/15m)        0 Signale  34 ms lesen  34 ms rechnen
2026-09-10T04:43:31.668Z  MDV/2023        bereinigt     5699 reg. Kerzen        0/0/0 von 250  Tagen gewertet (1m/5m/15m)        0 Signale  15 ms lesen  38 ms rechnen
2026-09-10T04:43:31.767Z  MDV/2024        bereinigt    10137 reg. Kerzen        0/0/0 von 252  Tagen gewertet (1m/5m/15m)        0 Signale  15 ms lesen  73 ms rechnen
2026-09-10T04:43:31.899Z  MDV/2025        roh          13833 reg. Kerzen        0/0/0 von 250  Tagen gewertet (1m/5m/15m)        0 Signale  30 ms lesen  78 ms rechnen
2026-09-10T04:43:31.998Z  MDV/2026        roh           9887 reg. Kerzen        0/0/0 von 152  Tagen gewertet (1m/5m/15m)        0 Signale  20 ms lesen  47 ms rechnen
2026-09-10T04:43:57.536Z  MEG/2016        roh          76392 reg. Kerzen       89/0/0 von 252  Tagen gewertet (1m/5m/15m)     2084 Signale  107 ms lesen  25395 ms rechnen
2026-09-10T04:43:59.092Z  MEG/2017        roh           3092 reg. Kerzen        5/0/0 von 10   Tagen gewertet (1m/5m/15m)      131 Signale  33 ms lesen  1322 ms rechnen
2026-09-10T04:43:59.101Z  AUSGELASSEN MEG/2018: Datei fehlt
2026-09-10T04:43:59.114Z  AUSGELASSEN MEG/2019: Datei fehlt
2026-09-10T04:44:00.651Z  MEG/2020        roh          20917 reg. Kerzen        4/0/0 von 113  Tagen gewertet (1m/5m/15m)      119 Signale  44 ms lesen  1493 ms rechnen
2026-09-10T04:44:04.433Z  MEG/2021        roh          46076 reg. Kerzen       11/0/0 von 252  Tagen gewertet (1m/5m/15m)      348 Signale  83 ms lesen  3651 ms rechnen
2026-09-10T04:44:05.140Z  MEG/2022        roh          39742 reg. Kerzen        1/0/0 von 251  Tagen gewertet (1m/5m/15m)       32 Signale  64 ms lesen  510 ms rechnen
2026-09-10T04:44:05.500Z  MEG/2023        roh          39506 reg. Kerzen        0/0/0 von 250  Tagen gewertet (1m/5m/15m)        0 Signale  59 ms lesen  191 ms rechnen
2026-09-10T04:44:13.749Z  MEG/2024        roh          54681 reg. Kerzen       26/0/0 von 252  Tagen gewertet (1m/5m/15m)      819 Signale  107 ms lesen  8044 ms rechnen
2026-09-10T04:44:19.189Z  MEG/2025        roh          57269 reg. Kerzen       16/0/0 von 250  Tagen gewertet (1m/5m/15m)      497 Signale  75 ms lesen  5246 ms rechnen
2026-09-10T04:44:19.472Z  MEG/2026        roh          15477 reg. Kerzen        0/0/0 von 83   Tagen gewertet (1m/5m/15m)        0 Signale  41 ms lesen  96 ms rechnen
2026-09-10T04:45:26.671Z  MEOH/2016       roh          89261 reg. Kerzen      207/0/0 von 252  Tagen gewertet (1m/5m/15m)     5966 Signale  132 ms lesen  67015 ms rechnen
2026-09-10T04:46:21.142Z  MEOH/2017       roh          81693 reg. Kerzen      181/0/0 von 251  Tagen gewertet (1m/5m/15m)     4812 Signale  115 ms lesen  54064 ms rechnen
2026-09-10T04:47:10.029Z  MEOH/2018       roh          79533 reg. Kerzen      163/0/0 von 251  Tagen gewertet (1m/5m/15m)     4457 Signale  115 ms lesen  48553 ms rechnen
2026-09-10T04:47:49.903Z  MEOH/2019       roh          78961 reg. Kerzen      138/0/0 von 252  Tagen gewertet (1m/5m/15m)     3833 Signale  134 ms lesen  39536 ms rechnen
2026-09-10T04:48:40.366Z  MEOH/2020       roh          81000 reg. Kerzen      153/0/0 von 253  Tagen gewertet (1m/5m/15m)     4801 Signale  123 ms lesen  50086 ms rechnen
2026-09-10T04:48:57.202Z  MEOH/2021       roh          68080 reg. Kerzen       55/0/0 von 252  Tagen gewertet (1m/5m/15m)     1616 Signale  125 ms lesen  16485 ms rechnen
2026-09-10T04:49:54.113Z  MEOH/2022       roh          82445 reg. Kerzen      187/0/0 von 251  Tagen gewertet (1m/5m/15m)     5514 Signale  96 ms lesen  56595 ms rechnen
2026-09-10T04:50:07.647Z  MEOH/2023       roh          66057 reg. Kerzen       47/0/0 von 250  Tagen gewertet (1m/5m/15m)     1316 Signale  89 ms lesen  13200 ms rechnen
2026-09-10T04:50:15.414Z  MEOH/2024       roh          60320 reg. Kerzen       27/0/0 von 252  Tagen gewertet (1m/5m/15m)      771 Signale  105 ms lesen  7502 ms rechnen
2026-09-10T04:50:36.019Z  MEOH/2025       roh          69207 reg. Kerzen       70/0/0 von 250  Tagen gewertet (1m/5m/15m)     1971 Signale  92 ms lesen  20355 ms rechnen
2026-09-10T04:51:03.797Z  MEOH/2026       roh          52003 reg. Kerzen       87/0/0 von 166  Tagen gewertet (1m/5m/15m)     2592 Signale  69 ms lesen  27529 ms rechnen
2026-09-10T04:52:21.325Z  MFA/2016        bereinigt    92241 reg. Kerzen      231/0/0 von 252  Tagen gewertet (1m/5m/15m)     5333 Signale  128 ms lesen  76697 ms rechnen
2026-09-10T04:53:45.535Z  MFA/2017        bereinigt    92596 reg. Kerzen      250/0/0 von 251  Tagen gewertet (1m/5m/15m)     5255 Signale  657 ms lesen  83319 ms rechnen
2026-09-10T04:55:12.198Z  MFA/2018        bereinigt    93808 reg. Kerzen      251/0/0 von 251  Tagen gewertet (1m/5m/15m)     5335 Signale  128 ms lesen  86253 ms rechnen
2026-09-10T04:56:40.237Z  MFA/2019        bereinigt    93474 reg. Kerzen      249/0/0 von 252  Tagen gewertet (1m/5m/15m)     5018 Signale  133 ms lesen  87663 ms rechnen
2026-09-10T04:58:18.777Z  MFA/2020        bereinigt    97152 reg. Kerzen      252/0/0 von 253  Tagen gewertet (1m/5m/15m)     7593 Signale  176 ms lesen  98102 ms rechnen
2026-09-10T04:59:47.703Z  MFA/2021        bereinigt    93115 reg. Kerzen      248/0/0 von 252  Tagen gewertet (1m/5m/15m)     6738 Signale  206 ms lesen  88472 ms rechnen
2026-09-10T05:01:07.873Z  MFA/2022        bereinigt    90581 reg. Kerzen      239/0/0 von 251  Tagen gewertet (1m/5m/15m)     6642 Signale  124 ms lesen  79778 ms rechnen
2026-09-10T05:02:10.364Z  MFA/2023        roh          84556 reg. Kerzen      214/0/0 von 250  Tagen gewertet (1m/5m/15m)     5652 Signale  107 ms lesen  62155 ms rechnen
2026-09-10T05:02:37.353Z  MFA/2024        roh          75451 reg. Kerzen       99/0/0 von 252  Tagen gewertet (1m/5m/15m)     2409 Signale  119 ms lesen  26637 ms rechnen
2026-09-10T05:03:24.778Z  MFA/2025        roh          80972 reg. Kerzen      167/0/0 von 250  Tagen gewertet (1m/5m/15m)     4263 Signale  109 ms lesen  47147 ms rechnen
2026-09-10T05:04:03.311Z  MFA/2026        roh          55620 reg. Kerzen      136/0/0 von 166  Tagen gewertet (1m/5m/15m)     3340 Signale  87 ms lesen  38223 ms rechnen
2026-09-10T05:04:03.477Z  MFPVV/2026      roh             99 reg. Kerzen        0/0/0 von 5    Tagen gewertet (1m/5m/15m)        0 Signale  10 ms lesen  1 ms rechnen
2026-09-10T05:04:03.645Z  MGEN/2017       bereinigt    20303 reg. Kerzen        0/0/0 von 222  Tagen gewertet (1m/5m/15m)        0 Signale  52 ms lesen  106 ms rechnen
2026-09-10T05:04:04.009Z  MGEN/2018       bereinigt    38112 reg. Kerzen        0/0/0 von 251  Tagen gewertet (1m/5m/15m)        0 Signale  50 ms lesen  242 ms rechnen
2026-09-10T05:04:04.410Z  MGEN/2019       bereinigt    35481 reg. Kerzen        0/0/0 von 252  Tagen gewertet (1m/5m/15m)        0 Signale  51 ms lesen  219 ms rechnen
2026-09-10T05:04:06.315Z  MGEN/2020       bereinigt    56887 reg. Kerzen        4/0/0 von 253  Tagen gewertet (1m/5m/15m)      127 Signale  116 ms lesen  1714 ms rechnen
2026-09-10T05:04:06.547Z  MGEN/2021       roh           1438 reg. Kerzen        0/0/0 von 11   Tagen gewertet (1m/5m/15m)        0 Signale  31 ms lesen  14 ms rechnen
2026-09-10T05:04:28.975Z  MGP/2016        roh          54331 reg. Kerzen       78/0/0 von 178  Tagen gewertet (1m/5m/15m)     2086 Signale  98 ms lesen  22273 ms rechnen
2026-09-10T05:04:46.923Z  MGP/2017        roh          69976 reg. Kerzen       64/0/0 von 251  Tagen gewertet (1m/5m/15m)     1516 Signale  101 ms lesen  17697 ms rechnen
2026-09-10T05:05:24.183Z  MGP/2018        roh          77369 reg. Kerzen      136/0/0 von 251  Tagen gewertet (1m/5m/15m)     3203 Signale  100 ms lesen  36995 ms rechnen
2026-09-10T05:06:13.118Z  MGP/2019        roh          82314 reg. Kerzen      175/0/0 von 252  Tagen gewertet (1m/5m/15m)     4104 Signale  135 ms lesen  48583 ms rechnen
2026-09-10T05:07:34.436Z  MGP/2020        roh          92114 reg. Kerzen      246/0/0 von 253  Tagen gewertet (1m/5m/15m)     6901 Signale  125 ms lesen  80932 ms rechnen
2026-09-10T05:08:42.389Z  MGP/2021        roh          87838 reg. Kerzen      230/0/0 von 252  Tagen gewertet (1m/5m/15m)     5500 Signale  136 ms lesen  67601 ms rechnen
2026-09-10T05:09:04.184Z  MGP/2022        roh          28027 reg. Kerzen       74/0/0 von 81   Tagen gewertet (1m/5m/15m)     1807 Signale  46 ms lesen  21493 ms rechnen
2026-09-10T05:09:04.483Z  MHG/2016        roh          26721 reg. Kerzen        0/0/0 von 252  Tagen gewertet (1m/5m/15m)        0 Signale  53 ms lesen  150 ms rechnen
2026-09-10T05:09:04.624Z  MHG/2017        roh           7773 reg. Kerzen        0/0/0 von 46   Tagen gewertet (1m/5m/15m)        0 Signale  26 ms lesen  45 ms rechnen
2026-09-10T05:09:04.696Z  MICT/2016       roh           2099 reg. Kerzen        0/0/0 von 203  Tagen gewertet (1m/5m/15m)        0 Signale  32 ms lesen  17 ms rechnen
2026-09-10T05:09:04.797Z  MICT/2017       roh          10327 reg. Kerzen        0/0/0 von 251  Tagen gewertet (1m/5m/15m)        0 Signale  40 ms lesen  52 ms rechnen
2026-09-10T05:09:04.942Z  MICT/2018       roh          14389 reg. Kerzen        0/0/0 von 250  Tagen gewertet (1m/5m/15m)        0 Signale  46 ms lesen  75 ms rechnen
2026-09-10T05:09:05.091Z  MICT/2019       roh          10446 reg. Kerzen        0/0/0 von 251  Tagen gewertet (1m/5m/15m)        0 Signale  49 ms lesen  71 ms rechnen
2026-09-10T05:09:05.390Z  MICT/2020       roh          28861 reg. Kerzen        0/0/0 von 252  Tagen gewertet (1m/5m/15m)        0 Signale  67 ms lesen  195 ms rechnen
2026-09-10T05:09:25.825Z  MICT/2021       roh          73385 reg. Kerzen       54/0/0 von 252  Tagen gewertet (1m/5m/15m)     1802 Signale  130 ms lesen  20234 ms rechnen
2026-09-10T05:09:26.341Z  MICT/2022       roh          39660 reg. Kerzen        0/0/0 von 251  Tagen gewertet (1m/5m/15m)        0 Signale  66 ms lesen  268 ms rechnen
2026-09-10T05:09:26.535Z  MICT/2023       roh           5361 reg. Kerzen        0/0/0 von 37   Tagen gewertet (1m/5m/15m)        0 Signale  24 ms lesen  35 ms rechnen
2026-09-10T05:09:28.430Z  CHECKPOINT 3200 Dateien, 799 min, Detektorfehler {}
2026-09-10T05:10:40.739Z  MILE/2021       roh          81872 reg. Kerzen      193/0/0 von 226  Tagen gewertet (1m/5m/15m)     6310 Signale  134 ms lesen  72164 ms rechnen
2026-09-10T05:10:42.346Z  MILE/2022       roh          46115 reg. Kerzen        3/0/0 von 142  Tagen gewertet (1m/5m/15m)      101 Signale  71 ms lesen  1320 ms rechnen
2026-09-10T05:10:42.529Z  MIRO/2021       roh           5708 reg. Kerzen        0/0/0 von 133  Tagen gewertet (1m/5m/15m)        0 Signale  31 ms lesen  36 ms rechnen
2026-09-10T05:10:42.632Z  MIRO/2022       roh           7704 reg. Kerzen        0/0/0 von 251  Tagen gewertet (1m/5m/15m)        0 Signale  34 ms lesen  53 ms rechnen
2026-09-10T05:10:42.741Z  MIRO/2023       roh           8725 reg. Kerzen        0/0/0 von 237  Tagen gewertet (1m/5m/15m)        0 Signale  24 ms lesen  63 ms rechnen
2026-09-10T05:10:42.851Z  MJID/2025       roh           8612 reg. Kerzen        0/0/0 von 52   Tagen gewertet (1m/5m/15m)        0 Signale  35 ms lesen  54 ms rechnen
2026-09-10T05:10:46.335Z  MKTX/2016       roh          61849 reg. Kerzen       12/0/0 von 252  Tagen gewertet (1m/5m/15m)      294 Signale  86 ms lesen  3366 ms rechnen
2026-09-10T05:10:48.427Z  MKTX/2017       roh          53284 reg. Kerzen        6/0/0 von 251  Tagen gewertet (1m/5m/15m)      152 Signale  106 ms lesen  1813 ms rechnen
2026-09-10T05:10:50.207Z  MKTX/2018       roh          50779 reg. Kerzen        5/0/0 von 251  Tagen gewertet (1m/5m/15m)      141 Signale  69 ms lesen  1548 ms rechnen
2026-09-10T05:10:56.567Z  MKTX/2019       roh          63965 reg. Kerzen       22/0/0 von 252  Tagen gewertet (1m/5m/15m)      592 Signale  89 ms lesen  6140 ms rechnen
2026-09-10T05:11:00.755Z  MKTX/2020       roh          57879 reg. Kerzen       12/0/0 von 253  Tagen gewertet (1m/5m/15m)      354 Signale  106 ms lesen  3902 ms rechnen
2026-09-10T05:11:02.403Z  MKTX/2021       roh          53306 reg. Kerzen        4/0/0 von 252  Tagen gewertet (1m/5m/15m)      115 Signale  86 ms lesen  1378 ms rechnen
2026-09-10T05:11:08.968Z  MKTX/2022       roh          60078 reg. Kerzen       21/0/0 von 251  Tagen gewertet (1m/5m/15m)      598 Signale  79 ms lesen  6316 ms rechnen
2026-09-10T05:11:15.608Z  MKTX/2023       roh          58225 reg. Kerzen       22/0/0 von 250  Tagen gewertet (1m/5m/15m)      621 Signale  99 ms lesen  6365 ms rechnen
2026-09-10T05:11:19.368Z  MKTX/2024       roh          55460 reg. Kerzen       10/0/0 von 252  Tagen gewertet (1m/5m/15m)      285 Signale  79 ms lesen  3508 ms rechnen
2026-09-10T05:11:29.080Z  MKTX/2025       roh          61855 reg. Kerzen       32/0/0 von 250  Tagen gewertet (1m/5m/15m)      879 Signale  92 ms lesen  9463 ms rechnen
2026-09-10T05:11:40.711Z  MKTX/2026       roh          43657 reg. Kerzen       38/0/0 von 166  Tagen gewertet (1m/5m/15m)      846 Signale  193 ms lesen  11286 ms rechnen
2026-09-10T05:11:55.426Z  MLKN/2016       roh          71237 reg. Kerzen       51/0/0 von 252  Tagen gewertet (1m/5m/15m)     1318 Signale  96 ms lesen  14477 ms rechnen
2026-09-10T05:12:01.788Z  MLKN/2017       roh          60131 reg. Kerzen       20/0/0 von 251  Tagen gewertet (1m/5m/15m)      548 Signale  101 ms lesen  6095 ms rechnen
2026-09-10T05:12:11.969Z  MLKN/2018       roh          62966 reg. Kerzen       33/0/0 von 251  Tagen gewertet (1m/5m/15m)      904 Signale  78 ms lesen  9920 ms rechnen
2026-09-10T05:12:25.069Z  MLKN/2019       roh          69102 reg. Kerzen       44/0/0 von 252  Tagen gewertet (1m/5m/15m)     1128 Signale  118 ms lesen  12816 ms rechnen
2026-09-10T05:13:21.498Z  MLKN/2020       roh          82580 reg. Kerzen      174/0/0 von 253  Tagen gewertet (1m/5m/15m)     5233 Signale  124 ms lesen  56127 ms rechnen
2026-09-10T05:13:51.982Z  MLKN/2021       roh          75115 reg. Kerzen      103/0/0 von 252  Tagen gewertet (1m/5m/15m)     2892 Signale  124 ms lesen  30109 ms rechnen
2026-09-10T05:14:26.977Z  MLKN/2022       roh          75747 reg. Kerzen      110/0/0 von 251  Tagen gewertet (1m/5m/15m)     3306 Signale  118 ms lesen  34697 ms rechnen
2026-09-10T05:15:06.390Z  MLKN/2023       roh          76782 reg. Kerzen      134/0/0 von 250  Tagen gewertet (1m/5m/15m)     3878 Signale  104 ms lesen  39132 ms rechnen
2026-09-10T05:15:24.875Z  MLKN/2024       roh          69153 reg. Kerzen       61/0/0 von 252  Tagen gewertet (1m/5m/15m)     1708 Signale  119 ms lesen  18131 ms rechnen
2026-09-10T05:15:31.368Z  MLKN/2025       roh          61291 reg. Kerzen       20/0/0 von 250  Tagen gewertet (1m/5m/15m)      596 Signale  101 ms lesen  6199 ms rechnen
2026-09-10T05:15:40.346Z  MLKN/2026       roh          45123 reg. Kerzen       29/0/0 von 166  Tagen gewertet (1m/5m/15m)      844 Signale  57 ms lesen  8753 ms rechnen
2026-09-10T05:15:40.519Z  MMAC/2016       roh           4058 reg. Kerzen        0/0/0 von 251  Tagen gewertet (1m/5m/15m)        0 Signale  20 ms lesen  27 ms rechnen
2026-09-10T05:15:40.566Z  MMAC/2017       roh           3108 reg. Kerzen        0/0/0 von 249  Tagen gewertet (1m/5m/15m)        0 Signale  14 ms lesen  25 ms rechnen
2026-09-10T05:15:40.606Z  MMAC/2018       roh           2825 reg. Kerzen        0/0/0 von 245  Tagen gewertet (1m/5m/15m)        0 Signale  13 ms lesen  15 ms rechnen
2026-09-10T05:15:40.676Z  MMAC/2019       roh           5364 reg. Kerzen        0/0/0 von 252  Tagen gewertet (1m/5m/15m)        0 Signale  23 ms lesen  40 ms rechnen
2026-09-10T05:15:40.740Z  MMAC/2020       roh           4326 reg. Kerzen        0/0/0 von 253  Tagen gewertet (1m/5m/15m)        0 Signale  30 ms lesen  18 ms rechnen
2026-09-10T05:15:40.814Z  MMAC/2021       roh           6650 reg. Kerzen        0/0/0 von 154  Tagen gewertet (1m/5m/15m)        0 Signale  20 ms lesen  45 ms rechnen
2026-09-10T05:15:42.103Z  MMSI/2016       roh          57414 reg. Kerzen        3/0/0 von 252  Tagen gewertet (1m/5m/15m)       86 Signale  92 ms lesen  1161 ms rechnen
2026-09-10T05:15:51.600Z  MMSI/2017       roh          61965 reg. Kerzen       30/0/0 von 251  Tagen gewertet (1m/5m/15m)      793 Signale  96 ms lesen  9235 ms rechnen
2026-09-10T05:16:01.786Z  MMSI/2018       roh          62665 reg. Kerzen       33/0/0 von 251  Tagen gewertet (1m/5m/15m)      957 Signale  103 ms lesen  9907 ms rechnen
2026-09-10T05:16:40.776Z  MMSI/2019       roh          76943 reg. Kerzen      124/0/0 von 252  Tagen gewertet (1m/5m/15m)     3512 Signale  122 ms lesen  38683 ms rechnen
2026-09-10T05:17:12.244Z  MMSI/2020       roh          74650 reg. Kerzen      100/0/0 von 253  Tagen gewertet (1m/5m/15m)     2988 Signale  130 ms lesen  31125 ms rechnen
2026-09-10T05:17:14.893Z  MMSI/2021       roh          54624 reg. Kerzen        8/0/0 von 252  Tagen gewertet (1m/5m/15m)      230 Signale  77 ms lesen  2356 ms rechnen
2026-09-10T05:17:18.488Z  MMSI/2022       roh          56176 reg. Kerzen       11/0/0 von 251  Tagen gewertet (1m/5m/15m)      308 Signale  84 ms lesen  3369 ms rechnen
2026-09-10T05:17:20.935Z  MMSI/2023       roh          50963 reg. Kerzen        6/0/0 von 250  Tagen gewertet (1m/5m/15m)      160 Signale  150 ms lesen  2127 ms rechnen
2026-09-10T05:17:25.452Z  MMSI/2024       roh          54831 reg. Kerzen       13/0/0 von 252  Tagen gewertet (1m/5m/15m)      325 Signale  81 ms lesen  4290 ms rechnen
2026-09-10T05:17:34.872Z  MMSI/2025       roh          62071 reg. Kerzen       30/0/0 von 250  Tagen gewertet (1m/5m/15m)      850 Signale  95 ms lesen  9184 ms rechnen
2026-09-10T05:17:46.482Z  MMSI/2026       roh          46151 reg. Kerzen       39/0/0 von 166  Tagen gewertet (1m/5m/15m)     1057 Signale  70 ms lesen  11361 ms rechnen
2026-09-10T05:17:46.912Z  MNGA/2016       bereinigt    30627 reg. Kerzen        0/0/0 von 252  Tagen gewertet (1m/5m/15m)        0 Signale  96 ms lesen  195 ms rechnen
2026-09-10T05:17:47.194Z  MNGA/2017       bereinigt    32131 reg. Kerzen        0/0/0 von 251  Tagen gewertet (1m/5m/15m)        0 Signale  57 ms lesen  146 ms rechnen
2026-09-10T05:17:47.969Z  MNGA/2018       bereinigt    65018 reg. Kerzen        0/0/0 von 251  Tagen gewertet (1m/5m/15m)        0 Signale  199 ms lesen  467 ms rechnen
2026-09-10T05:17:48.310Z  MNGA/2019       bereinigt    12257 reg. Kerzen        0/0/0 von 33   Tagen gewertet (1m/5m/15m)        0 Signale  26 ms lesen  139 ms rechnen
2026-09-10T05:17:55.293Z  MNSO/2020       roh          16833 reg. Kerzen       20/0/0 von 54   Tagen gewertet (1m/5m/15m)      568 Signale  36 ms lesen  6902 ms rechnen
2026-09-10T05:18:30.057Z  MNSO/2021       roh          73303 reg. Kerzen      105/0/0 von 252  Tagen gewertet (1m/5m/15m)     3227 Signale  112 ms lesen  34607 ms rechnen
2026-09-10T05:18:40.269Z  MNSO/2022       roh          68795 reg. Kerzen       29/0/0 von 251  Tagen gewertet (1m/5m/15m)      897 Signale  100 ms lesen  9905 ms rechnen
2026-09-10T05:19:58.885Z  MNSO/2023       roh          89824 reg. Kerzen      232/0/0 von 250  Tagen gewertet (1m/5m/15m)     6782 Signale  132 ms lesen  78307 ms rechnen
2026-09-10T05:21:13.411Z  MNSO/2024       roh          89455 reg. Kerzen      224/0/0 von 252  Tagen gewertet (1m/5m/15m)     6249 Signale  122 ms lesen  74169 ms rechnen
2026-09-10T05:21:55.071Z  MNSO/2025       roh          78434 reg. Kerzen      136/0/0 von 250  Tagen gewertet (1m/5m/15m)     3718 Signale  96 ms lesen  41338 ms rechnen
2026-09-10T05:22:04.427Z  MNSO/2026       roh          44435 reg. Kerzen       34/0/0 von 166  Tagen gewertet (1m/5m/15m)      853 Signale  71 ms lesen  9060 ms rechnen
2026-09-10T05:22:04.578Z  MOBV/2022       roh            136 reg. Kerzen        0/0/0 von 38   Tagen gewertet (1m/5m/15m)        0 Signale  15 ms lesen  1 ms rechnen
2026-09-10T05:22:04.606Z  MOBV/2023       roh           2475 reg. Kerzen        0/0/0 von 170  Tagen gewertet (1m/5m/15m)        0 Signale  9 ms lesen  17 ms rechnen
2026-09-10T05:22:06.189Z  MOG.A/2016      roh          44715 reg. Kerzen        5/0/0 von 252  Tagen gewertet (1m/5m/15m)      116 Signale  73 ms lesen  1488 ms rechnen
2026-09-10T05:22:06.532Z  MOG.A/2017      roh          29622 reg. Kerzen        0/0/0 von 251  Tagen gewertet (1m/5m/15m)        0 Signale  53 ms lesen  182 ms rechnen
2026-09-10T05:22:06.859Z  MOG.A/2018      roh          33409 reg. Kerzen        0/0/0 von 251  Tagen gewertet (1m/5m/15m)        0 Signale  56 ms lesen  186 ms rechnen
2026-09-10T05:22:07.171Z  MOG.A/2019      roh          34344 reg. Kerzen        0/0/0 von 252  Tagen gewertet (1m/5m/15m)        0 Signale  64 ms lesen  173 ms rechnen
2026-09-10T05:22:07.785Z  MOG.A/2020      roh          44630 reg. Kerzen        1/0/0 von 253  Tagen gewertet (1m/5m/15m)       25 Signale  63 ms lesen  467 ms rechnen
2026-09-10T05:22:08.130Z  MOG.A/2021      roh          27444 reg. Kerzen        0/0/0 von 252  Tagen gewertet (1m/5m/15m)        0 Signale  65 ms lesen  135 ms rechnen
2026-09-10T05:22:08.443Z  MOG.A/2022      roh          30260 reg. Kerzen        0/0/0 von 250  Tagen gewertet (1m/5m/15m)        0 Signale  53 ms lesen  174 ms rechnen
2026-09-10T05:22:08.771Z  MOG.A/2023      roh          28572 reg. Kerzen        0/0/0 von 250  Tagen gewertet (1m/5m/15m)        0 Signale  70 ms lesen  184 ms rechnen
2026-09-10T05:22:09.031Z  MOG.A/2024      roh          23882 reg. Kerzen        0/0/0 von 252  Tagen gewertet (1m/5m/15m)        0 Signale  41 ms lesen  132 ms rechnen
2026-09-10T05:22:09.300Z  MOG.A/2025      roh          29428 reg. Kerzen        0/0/0 von 250  Tagen gewertet (1m/5m/15m)        0 Signale  61 ms lesen  151 ms rechnen
2026-09-10T05:22:15.138Z  MOG.A/2026      roh          35506 reg. Kerzen       19/0/0 von 166  Tagen gewertet (1m/5m/15m)      538 Signale  58 ms lesen  5691 ms rechnen
2026-09-10T05:22:15.350Z  MORF/2019       roh          12994 reg. Kerzen        0/0/0 von 130  Tagen gewertet (1m/5m/15m)        0 Signale  35 ms lesen  51 ms rechnen
2026-09-10T05:22:15.557Z  MORF/2020       roh          22229 reg. Kerzen        0/0/0 von 253  Tagen gewertet (1m/5m/15m)        0 Signale  48 ms lesen  130 ms rechnen
2026-09-10T05:22:16.200Z  MORF/2021       roh          37529 reg. Kerzen        1/0/0 von 252  Tagen gewertet (1m/5m/15m)       30 Signale  64 ms lesen  514 ms rechnen
2026-09-10T05:22:18.803Z  MORF/2022       roh          51732 reg. Kerzen        7/0/0 von 251  Tagen gewertet (1m/5m/15m)      206 Signale  79 ms lesen  2428 ms rechnen
2026-09-10T05:22:32.803Z  MORF/2023       roh          62992 reg. Kerzen       39/0/0 von 250  Tagen gewertet (1m/5m/15m)     1198 Signale  86 ms lesen  13792 ms rechnen
2026-09-10T05:22:44.689Z  MORF/2024       roh          40717 reg. Kerzen       35/0/0 von 157  Tagen gewertet (1m/5m/15m)      661 Signale  61 ms lesen  11687 ms rechnen
2026-09-10T05:22:45.659Z  MOV/2016        roh          49085 reg. Kerzen        2/0/0 von 252  Tagen gewertet (1m/5m/15m)       61 Signale  87 ms lesen  745 ms rechnen
2026-09-10T05:22:46.020Z  MOV/2017        roh          38258 reg. Kerzen        0/0/0 von 251  Tagen gewertet (1m/5m/15m)        0 Signale  65 ms lesen  180 ms rechnen
2026-09-10T05:22:47.620Z  MOV/2018        roh          46209 reg. Kerzen        4/0/0 von 251  Tagen gewertet (1m/5m/15m)      128 Signale  87 ms lesen  1411 ms rechnen
2026-09-10T05:22:48.676Z  MOV/2019        roh          51470 reg. Kerzen        2/0/0 von 252  Tagen gewertet (1m/5m/15m)       58 Signale  99 ms lesen  834 ms rechnen
2026-09-10T05:22:49.217Z  MOV/2020        roh          53981 reg. Kerzen        0/0/0 von 253  Tagen gewertet (1m/5m/15m)        0 Signale  94 ms lesen  305 ms rechnen
2026-09-10T05:22:49.613Z  MOV/2021        roh          38547 reg. Kerzen        0/0/0 von 252  Tagen gewertet (1m/5m/15m)        0 Signale  50 ms lesen  202 ms rechnen
2026-09-10T05:22:49.964Z  MOV/2022        roh          37495 reg. Kerzen        0/0/0 von 250  Tagen gewertet (1m/5m/15m)        0 Signale  58 ms lesen  188 ms rechnen
2026-09-10T05:22:50.308Z  MOV/2023        roh          35032 reg. Kerzen        0/0/0 von 250  Tagen gewertet (1m/5m/15m)        0 Signale  59 ms lesen  193 ms rechnen
2026-09-10T05:22:51.086Z  MOV/2024        roh          35948 reg. Kerzen        1/0/0 von 252  Tagen gewertet (1m/5m/15m)       29 Signale  74 ms lesen  620 ms rechnen
2026-09-10T05:22:51.466Z  MOV/2025        roh          36811 reg. Kerzen        0/0/0 von 250  Tagen gewertet (1m/5m/15m)        0 Signale  81 ms lesen  193 ms rechnen
2026-09-10T05:22:51.756Z  MOV/2026        roh          23739 reg. Kerzen        0/0/0 von 166  Tagen gewertet (1m/5m/15m)        0 Signale  38 ms lesen  154 ms rechnen
2026-09-10T05:22:51.898Z  MPO/2016        roh           5607 reg. Kerzen        0/0/0 von 70   Tagen gewertet (1m/5m/15m)        0 Signale  29 ms lesen  39 ms rechnen
2026-09-10T05:22:52.168Z  MPO/2017        roh          31310 reg. Kerzen        0/0/0 von 251  Tagen gewertet (1m/5m/15m)        0 Signale  51 ms lesen  199 ms rechnen
2026-09-10T05:22:52.534Z  MPO/2018        roh          38280 reg. Kerzen        0/0/0 von 251  Tagen gewertet (1m/5m/15m)        0 Signale  61 ms lesen  229 ms rechnen
2026-09-10T05:22:52.907Z  MPO/2019        roh          29535 reg. Kerzen        0/0/0 von 150  Tagen gewertet (1m/5m/15m)        0 Signale  67 ms lesen  197 ms rechnen
2026-09-10T05:22:59.892Z  MR/2016         roh          14491 reg. Kerzen       20/0/0 von 42   Tagen gewertet (1m/5m/15m)      353 Signale  45 ms lesen  6839 ms rechnen
2026-09-10T05:22:59.925Z  AUSGELASSEN MR/2017: Datei fehlt
2026-09-10T05:22:59.979Z  AUSGELASSEN MR/2018: Datei fehlt
2026-09-10T05:23:00.361Z  MR/2019         roh          52220 reg. Kerzen        0/0/0 von 212  Tagen gewertet (1m/5m/15m)        0 Signale  96 ms lesen  286 ms rechnen
2026-09-10T05:23:04.308Z  MR/2020         roh          62190 reg. Kerzen       10/0/0 von 220  Tagen gewertet (1m/5m/15m)      329 Signale  106 ms lesen  3712 ms rechnen
2026-09-10T05:23:04.739Z  MRIN/2016       bereinigt    32414 reg. Kerzen        0/0/0 von 252  Tagen gewertet (1m/5m/15m)        0 Signale  80 ms lesen  175 ms rechnen
2026-09-10T05:23:04.909Z  MRIN/2017       bereinigt    11783 reg. Kerzen        0/0/0 von 251  Tagen gewertet (1m/5m/15m)        0 Signale  18 ms lesen  56 ms rechnen
2026-09-10T05:23:05.002Z  MRIN/2018       bereinigt     7110 reg. Kerzen        0/0/0 von 250  Tagen gewertet (1m/5m/15m)        0 Signale  16 ms lesen  45 ms rechnen
2026-09-10T05:23:05.130Z  MRIN/2019       bereinigt    13366 reg. Kerzen        0/0/0 von 252  Tagen gewertet (1m/5m/15m)        0 Signale  27 ms lesen  75 ms rechnen
2026-09-10T05:23:05.314Z  MRIN/2020       bereinigt    19368 reg. Kerzen        0/0/0 von 253  Tagen gewertet (1m/5m/15m)        0 Signale  44 ms lesen  104 ms rechnen
2026-09-10T05:23:31.111Z  MRIN/2021       bereinigt    66865 reg. Kerzen       67/0/0 von 252  Tagen gewertet (1m/5m/15m)     2273 Signale  150 ms lesen  25602 ms rechnen
2026-09-10T05:23:31.596Z  MRIN/2022       bereinigt    40955 reg. Kerzen        0/0/0 von 251  Tagen gewertet (1m/5m/15m)        0 Signale  88 ms lesen  217 ms rechnen
2026-09-10T05:23:31.874Z  MRIN/2023       bereinigt    19753 reg. Kerzen        0/0/0 von 250  Tagen gewertet (1m/5m/15m)        0 Signale  40 ms lesen  124 ms rechnen
2026-09-10T05:23:32.053Z  MRIN/2024       bereinigt    16775 reg. Kerzen        0/0/0 von 252  Tagen gewertet (1m/5m/15m)        0 Signale  29 ms lesen  92 ms rechnen
2026-09-10T05:23:32.184Z  MRIN/2025       roh           7748 reg. Kerzen        0/0/0 von 119  Tagen gewertet (1m/5m/15m)        0 Signale  24 ms lesen  59 ms rechnen
2026-09-10T05:23:32.294Z  MRVC/2016       roh           7913 reg. Kerzen        0/0/0 von 252  Tagen gewertet (1m/5m/15m)        0 Signale  30 ms lesen  54 ms rechnen
2026-09-10T05:23:32.355Z  MRVC/2017       roh           2640 reg. Kerzen        0/0/0 von 152  Tagen gewertet (1m/5m/15m)        0 Signale  14 ms lesen  19 ms rechnen
2026-09-10T05:24:43.284Z  MSCC/2016       roh          91653 reg. Kerzen      230/0/0 von 252  Tagen gewertet (1m/5m/15m)     6052 Signale  116 ms lesen  70806 ms rechnen
2026-09-10T05:25:47.804Z  MSCC/2017       roh          86271 reg. Kerzen      219/0/0 von 251  Tagen gewertet (1m/5m/15m)     5435 Signale  121 ms lesen  64128 ms rechnen
2026-09-10T05:26:19.213Z  MSCC/2018       roh          36483 reg. Kerzen       99/0/0 von 101  Tagen gewertet (1m/5m/15m)     2320 Signale  57 ms lesen  31118 ms rechnen
2026-09-10T05:26:50.732Z  MSGN/2016       roh          77752 reg. Kerzen      105/0/0 von 252  Tagen gewertet (1m/5m/15m)     2893 Signale  104 ms lesen  31288 ms rechnen
2026-09-10T05:27:14.783Z  MSGN/2017       roh          71448 reg. Kerzen       78/0/0 von 251  Tagen gewertet (1m/5m/15m)     2144 Signale  107 ms lesen  23713 ms rechnen
2026-09-10T05:27:29.903Z  MSGN/2018       roh          66521 reg. Kerzen       50/0/0 von 251  Tagen gewertet (1m/5m/15m)     1421 Signale  99 ms lesen  14810 ms rechnen
2026-09-10T05:28:05.356Z  MSGN/2019       roh          76691 reg. Kerzen      120/0/0 von 252  Tagen gewertet (1m/5m/15m)     3264 Signale  118 ms lesen  35151 ms rechnen
2026-09-10T05:28:32.345Z  MSGN/2020       roh          74153 reg. Kerzen       85/0/0 von 253  Tagen gewertet (1m/5m/15m)     2612 Signale  97 ms lesen  26673 ms rechnen
2026-09-10T05:28:44.493Z  MSGN/2021       roh          34226 reg. Kerzen       37/0/0 von 129  Tagen gewertet (1m/5m/15m)     1122 Signale  60 ms lesen  11878 ms rechnen
2026-09-10T05:28:45.838Z  MSPR/2023       bereinigt    39912 reg. Kerzen        3/0/0 von 250  Tagen gewertet (1m/5m/15m)       81 Signale  102 ms lesen  1134 ms rechnen
2026-09-10T05:28:46.321Z  MSPR/2024       bereinigt    44419 reg. Kerzen        0/0/0 von 252  Tagen gewertet (1m/5m/15m)        0 Signale  125 ms lesen  248 ms rechnen
2026-09-10T05:28:46.687Z  MSPR/2025       bereinigt    33112 reg. Kerzen        0/0/0 von 243  Tagen gewertet (1m/5m/15m)        0 Signale  65 ms lesen  189 ms rechnen
2026-09-10T05:28:46.771Z  AUSGELASSEN MSPR/2026: Datei fehlt
2026-09-10T05:28:47.168Z  MTBL/2016       roh          49340 reg. Kerzen        0/0/0 von 252  Tagen gewertet (1m/5m/15m)        0 Signale  80 ms lesen  301 ms rechnen
2026-09-10T05:28:47.609Z  MTBL/2017       roh          37277 reg. Kerzen        0/0/0 von 251  Tagen gewertet (1m/5m/15m)        0 Signale  56 ms lesen  245 ms rechnen
2026-09-10T05:28:48.800Z  MTBL/2018       roh          40716 reg. Kerzen        3/0/0 von 251  Tagen gewertet (1m/5m/15m)       81 Signale  88 ms lesen  978 ms rechnen
2026-09-10T05:28:49.036Z  MTBL/2019       roh          14856 reg. Kerzen        0/0/0 von 252  Tagen gewertet (1m/5m/15m)        0 Signale  34 ms lesen  68 ms rechnen
2026-09-10T05:28:49.235Z  MTBL/2020       roh          20327 reg. Kerzen        0/0/0 von 253  Tagen gewertet (1m/5m/15m)        0 Signale  46 ms lesen  116 ms rechnen
2026-09-10T05:28:49.451Z  MTBL/2021       roh          24597 reg. Kerzen        0/0/0 von 252  Tagen gewertet (1m/5m/15m)        0 Signale  39 ms lesen  119 ms rechnen
2026-09-10T05:28:49.696Z  MTBL/2022       roh          20548 reg. Kerzen        0/0/0 von 251  Tagen gewertet (1m/5m/15m)        0 Signale  39 ms lesen  141 ms rechnen
2026-09-10T05:28:49.813Z  MTBL/2023       roh           9170 reg. Kerzen        0/0/0 von 250  Tagen gewertet (1m/5m/15m)        0 Signale  21 ms lesen  48 ms rechnen
2026-09-10T05:28:49.856Z  MTBL/2024       roh           1342 reg. Kerzen        0/0/0 von 64   Tagen gewertet (1m/5m/15m)        0 Signale  9 ms lesen  8 ms rechnen
2026-09-10T05:30:13.026Z  MTG/2016        roh          96847 reg. Kerzen      232/0/0 von 252  Tagen gewertet (1m/5m/15m)     6436 Signale  127 ms lesen  83025 ms rechnen
2026-09-10T05:31:37.194Z  MTG/2017        roh          95183 reg. Kerzen      251/0/0 von 251  Tagen gewertet (1m/5m/15m)     6531 Signale  138 ms lesen  83768 ms rechnen
2026-09-10T05:33:03.073Z  MTG/2018        roh          95242 reg. Kerzen      251/0/0 von 251  Tagen gewertet (1m/5m/15m)     6788 Signale  134 ms lesen  85482 ms rechnen
2026-09-10T05:34:26.917Z  MTG/2019        roh          95373 reg. Kerzen      251/0/0 von 252  Tagen gewertet (1m/5m/15m)     6161 Signale  156 ms lesen  83428 ms rechnen
2026-09-10T05:35:59.792Z  MTG/2020        roh          97081 reg. Kerzen      253/0/0 von 253  Tagen gewertet (1m/5m/15m)     7475 Signale  151 ms lesen  92456 ms rechnen
2026-09-10T05:37:23.057Z  MTG/2021        roh          94348 reg. Kerzen      250/0/0 von 252  Tagen gewertet (1m/5m/15m)     6571 Signale  116 ms lesen  82880 ms rechnen
2026-09-10T05:38:46.789Z  MTG/2022        roh          94531 reg. Kerzen      249/0/0 von 251  Tagen gewertet (1m/5m/15m)     6544 Signale  135 ms lesen  83337 ms rechnen
2026-09-10T05:40:07.143Z  MTG/2023        roh          93265 reg. Kerzen      250/0/0 von 250  Tagen gewertet (1m/5m/15m)     6028 Signale  225 ms lesen  79874 ms rechnen
2026-09-10T05:41:23.712Z  MTG/2024        roh          91631 reg. Kerzen      249/0/0 von 252  Tagen gewertet (1m/5m/15m)     5782 Signale  134 ms lesen  76177 ms rechnen
2026-09-10T05:42:41.103Z  MTG/2025        roh          91970 reg. Kerzen      249/0/0 von 250  Tagen gewertet (1m/5m/15m)     5818 Signale  116 ms lesen  77028 ms rechnen
2026-09-10T05:43:33.712Z  MTG/2026        roh          61372 reg. Kerzen      166/0/0 von 166  Tagen gewertet (1m/5m/15m)     4070 Signale  104 ms lesen  52251 ms rechnen
2026-09-10T05:43:34.179Z  MTRN/2016       roh          43041 reg. Kerzen        0/0/0 von 252  Tagen gewertet (1m/5m/15m)        0 Signale  68 ms lesen  226 ms rechnen
2026-09-10T05:43:34.544Z  MTRN/2017       roh          32983 reg. Kerzen        0/0/0 von 251  Tagen gewertet (1m/5m/15m)        0 Signale  63 ms lesen  174 ms rechnen
2026-09-10T05:43:34.901Z  MTRN/2018       roh          35404 reg. Kerzen        0/0/0 von 251  Tagen gewertet (1m/5m/15m)        0 Signale  78 ms lesen  202 ms rechnen
2026-09-10T05:43:35.259Z  MTRN/2019       roh          35055 reg. Kerzen        0/0/0 von 252  Tagen gewertet (1m/5m/15m)        0 Signale  70 ms lesen  200 ms rechnen
2026-09-10T05:43:35.604Z  MTRN/2020       roh          36149 reg. Kerzen        0/0/0 von 253  Tagen gewertet (1m/5m/15m)        0 Signale  83 ms lesen  171 ms rechnen
2026-09-10T05:43:35.925Z  MTRN/2021       roh          29849 reg. Kerzen        0/0/0 von 252  Tagen gewertet (1m/5m/15m)        0 Signale  72 ms lesen  158 ms rechnen
2026-09-10T05:43:36.477Z  MTRN/2022       roh          29931 reg. Kerzen        1/0/0 von 251  Tagen gewertet (1m/5m/15m)       23 Signale  60 ms lesen  401 ms rechnen
2026-09-10T05:43:36.767Z  MTRN/2023       roh          24048 reg. Kerzen        0/0/0 von 250  Tagen gewertet (1m/5m/15m)        0 Signale  50 ms lesen  149 ms rechnen
2026-09-10T05:43:37.017Z  MTRN/2024       roh          22420 reg. Kerzen        0/0/0 von 252  Tagen gewertet (1m/5m/15m)        0 Signale  53 ms lesen  117 ms rechnen
2026-09-10T05:43:37.298Z  MTRN/2025       roh          29147 reg. Kerzen        0/0/0 von 250  Tagen gewertet (1m/5m/15m)        0 Signale  57 ms lesen  160 ms rechnen
2026-09-10T05:43:38.106Z  MTRN/2026       roh          26424 reg. Kerzen        2/0/0 von 166  Tagen gewertet (1m/5m/15m)       60 Signale  51 ms lesen  665 ms rechnen
2026-09-10T05:43:38.233Z  MTVC/2022       roh           1402 reg. Kerzen        0/0/0 von 215  Tagen gewertet (1m/5m/15m)        0 Signale  20 ms lesen  12 ms rechnen
2026-09-10T05:43:38.277Z  MTVC/2023       roh           1461 reg. Kerzen        0/0/0 von 103  Tagen gewertet (1m/5m/15m)        0 Signale  28 ms lesen  12 ms rechnen
2026-09-10T05:45:04.693Z  MUR/2016        roh          97948 reg. Kerzen      232/0/0 von 252  Tagen gewertet (1m/5m/15m)     7140 Signale  138 ms lesen  86263 ms rechnen
2026-09-10T05:46:33.502Z  MUR/2017        roh          96876 reg. Kerzen      251/0/0 von 251  Tagen gewertet (1m/5m/15m)     7031 Signale  129 ms lesen  88387 ms rechnen
2026-09-10T05:48:01.750Z  MUR/2018        roh          96299 reg. Kerzen      251/0/0 von 251  Tagen gewertet (1m/5m/15m)     7023 Signale  186 ms lesen  87798 ms rechnen
2026-09-10T05:49:29.092Z  MUR/2019        roh          96846 reg. Kerzen      251/0/0 von 252  Tagen gewertet (1m/5m/15m)     7253 Signale  150 ms lesen  86913 ms rechnen
2026-09-10T05:51:06.161Z  MUR/2020        roh          97876 reg. Kerzen      253/0/0 von 253  Tagen gewertet (1m/5m/15m)     8068 Signale  123 ms lesen  96695 ms rechnen
2026-09-10T05:52:39.748Z  MUR/2021        roh          96763 reg. Kerzen      250/0/0 von 252  Tagen gewertet (1m/5m/15m)     7759 Signale  140 ms lesen  93153 ms rechnen
2026-09-10T05:54:10.649Z  MUR/2022        roh          95206 reg. Kerzen      249/0/0 von 251  Tagen gewertet (1m/5m/15m)     7667 Signale  117 ms lesen  90491 ms rechnen
2026-09-10T05:55:36.327Z  MUR/2023        roh          94591 reg. Kerzen      250/0/0 von 250  Tagen gewertet (1m/5m/15m)     6767 Signale  146 ms lesen  85266 ms rechnen
2026-09-10T05:56:58.368Z  MUR/2024        roh          94300 reg. Kerzen      252/0/0 von 252  Tagen gewertet (1m/5m/15m)     6280 Signale  148 ms lesen  81658 ms rechnen
2026-09-10T05:58:25.805Z  MUR/2025        roh          94933 reg. Kerzen      250/0/0 von 250  Tagen gewertet (1m/5m/15m)     7088 Signale  157 ms lesen  87011 ms rechnen
2026-09-10T05:59:23.649Z  MUR/2026        roh          62451 reg. Kerzen      166/0/0 von 166  Tagen gewertet (1m/5m/15m)     4662 Signale  110 ms lesen  57473 ms rechnen
2026-09-10T05:59:23.907Z  MW/2016         roh           7330 reg. Kerzen        0/0/0 von 19   Tagen gewertet (1m/5m/15m)        0 Signale  25 ms lesen  47 ms rechnen
2026-09-10T05:59:24.139Z  MY/2016         roh          29397 reg. Kerzen        0/0/0 von 119  Tagen gewertet (1m/5m/15m)        0 Signale  43 ms lesen  173 ms rechnen
2026-09-10T05:59:24.290Z  MYOS/2016       bereinigt     3203 reg. Kerzen        0/0/0 von 247  Tagen gewertet (1m/5m/15m)        0 Signale  29 ms lesen  25 ms rechnen
2026-09-10T05:59:24.463Z  MYOS/2017       bereinigt    19821 reg. Kerzen        0/0/0 von 251  Tagen gewertet (1m/5m/15m)        0 Signale  39 ms lesen  123 ms rechnen
2026-09-10T05:59:24.635Z  MYOS/2018       bereinigt     9102 reg. Kerzen        0/0/0 von 249  Tagen gewertet (1m/5m/15m)        0 Signale  33 ms lesen  70 ms rechnen
2026-09-10T05:59:24.707Z  MYOS/2019       bereinigt     4088 reg. Kerzen        0/0/0 von 247  Tagen gewertet (1m/5m/15m)        0 Signale  10 ms lesen  36 ms rechnen
2026-09-10T05:59:24.849Z  MYOS/2020       bereinigt    15419 reg. Kerzen        0/0/0 von 222  Tagen gewertet (1m/5m/15m)        0 Signale  35 ms lesen  91 ms rechnen
2026-09-10T05:59:25.174Z  NADL/2016       roh          36303 reg. Kerzen        0/0/0 von 252  Tagen gewertet (1m/5m/15m)        0 Signale  78 ms lesen  214 ms rechnen
2026-09-10T05:59:25.512Z  NADL/2017       roh          28456 reg. Kerzen        0/0/0 von 175  Tagen gewertet (1m/5m/15m)        0 Signale  44 ms lesen  196 ms rechnen
2026-09-10T05:59:36.622Z  NARI/2020       roh          41665 reg. Kerzen       36/0/0 von 155  Tagen gewertet (1m/5m/15m)     1114 Signale  77 ms lesen  10956 ms rechnen
2026-09-10T06:00:02.554Z  NARI/2021       roh          72728 reg. Kerzen       82/0/0 von 252  Tagen gewertet (1m/5m/15m)     2584 Signale  107 ms lesen  25703 ms rechnen
2026-09-10T06:00:47.921Z  NARI/2022       roh          77856 reg. Kerzen      135/0/0 von 251  Tagen gewertet (1m/5m/15m)     4184 Signale  101 ms lesen  45056 ms rechnen
2026-09-10T06:01:36.401Z  NARI/2023       roh          80051 reg. Kerzen      154/0/0 von 250  Tagen gewertet (1m/5m/15m)     4626 Signale  725 ms lesen  47547 ms rechnen
2026-09-10T06:02:20.473Z  NARI/2024       roh          78862 reg. Kerzen      141/0/0 von 252  Tagen gewertet (1m/5m/15m)     4275 Signale  109 ms lesen  43743 ms rechnen
2026-09-10T06:02:28.705Z  NARI/2025       roh          10644 reg. Kerzen       26/0/0 von 31   Tagen gewertet (1m/5m/15m)      473 Signale  26 ms lesen  7990 ms rechnen
2026-09-10T06:03:50.843Z  NAVI/2016       roh          96900 reg. Kerzen      232/0/0 von 252  Tagen gewertet (1m/5m/15m)     6472 Signale  121 ms lesen  81976 ms rechnen
2026-09-10T06:05:19.648Z  NAVI/2017       roh          95985 reg. Kerzen      251/0/0 von 251  Tagen gewertet (1m/5m/15m)     6720 Signale  706 ms lesen  87818 ms rechnen
2026-09-10T06:06:44.671Z  NAVI/2018       roh          94617 reg. Kerzen      249/0/0 von 251  Tagen gewertet (1m/5m/15m)     6745 Signale  175 ms lesen  84576 ms rechnen
2026-09-10T06:08:06.709Z  NAVI/2019       roh          93660 reg. Kerzen      252/0/0 von 252  Tagen gewertet (1m/5m/15m)     6609 Signale  128 ms lesen  81662 ms rechnen
2026-09-10T06:09:38.657Z  NAVI/2020       roh          95865 reg. Kerzen      253/0/0 von 253  Tagen gewertet (1m/5m/15m)     7543 Signale  139 ms lesen  91582 ms rechnen
2026-09-10T06:11:01.228Z  NAVI/2021       roh          93784 reg. Kerzen      251/0/0 von 252  Tagen gewertet (1m/5m/15m)     6859 Signale  122 ms lesen  82195 ms rechnen
2026-09-10T06:12:25.938Z  NAVI/2022       roh          93412 reg. Kerzen      249/0/0 von 251  Tagen gewertet (1m/5m/15m)     6964 Signale  128 ms lesen  84324 ms rechnen
2026-09-10T06:13:31.919Z  NAVI/2023       roh          85178 reg. Kerzen      227/0/0 von 250  Tagen gewertet (1m/5m/15m)     5768 Signale  141 ms lesen  65562 ms rechnen
2026-09-10T06:14:06.852Z  NAVI/2024       roh          77001 reg. Kerzen      120/0/0 von 252  Tagen gewertet (1m/5m/15m)     3115 Signale  720 ms lesen  34024 ms rechnen
2026-09-10T06:14:20.869Z  NAVI/2025       roh          68476 reg. Kerzen       46/0/0 von 250  Tagen gewertet (1m/5m/15m)     1311 Signale  114 ms lesen  13671 ms rechnen
2026-09-10T06:14:39.510Z  NAVI/2026       roh          50226 reg. Kerzen       63/0/0 von 166  Tagen gewertet (1m/5m/15m)     1860 Signale  60 ms lesen  18401 ms rechnen
2026-09-10T06:16:08.293Z  NBR/2016        bereinigt    97993 reg. Kerzen      232/0/0 von 252  Tagen gewertet (1m/5m/15m)     7326 Signale  178 ms lesen  88446 ms rechnen
2026-09-10T06:17:43.354Z  NBR/2017        bereinigt    97396 reg. Kerzen      251/0/0 von 251  Tagen gewertet (1m/5m/15m)     7768 Signale  141 ms lesen  94625 ms rechnen
2026-09-10T06:19:20.297Z  NBR/2018        bereinigt    97195 reg. Kerzen      251/0/0 von 251  Tagen gewertet (1m/5m/15m)     7880 Signale  135 ms lesen  96535 ms rechnen
2026-09-10T06:21:05.235Z  NBR/2019        bereinigt    97389 reg. Kerzen      251/0/0 von 252  Tagen gewertet (1m/5m/15m)     8180 Signale  145 ms lesen  104487 ms rechnen
2026-09-10T06:22:00.286Z  NBR/2020        bereinigt    84307 reg. Kerzen      149/0/0 von 253  Tagen gewertet (1m/5m/15m)     4897 Signale  117 ms lesen  54689 ms rechnen
2026-09-10T06:22:00.831Z  NBR/2021        roh          44402 reg. Kerzen        0/0/0 von 252  Tagen gewertet (1m/5m/15m)        0 Signale  75 ms lesen  250 ms rechnen
2026-09-10T06:22:01.239Z  NBR/2022        roh          41357 reg. Kerzen        0/0/0 von 251  Tagen gewertet (1m/5m/15m)        0 Signale  85 ms lesen  199 ms rechnen
2026-09-10T06:22:02.391Z  NBR/2023        roh          46921 reg. Kerzen        2/0/0 von 250  Tagen gewertet (1m/5m/15m)       55 Signale  89 ms lesen  953 ms rechnen
2026-09-10T06:22:05.132Z  NBR/2024        roh          52187 reg. Kerzen        8/0/0 von 252  Tagen gewertet (1m/5m/15m)      234 Signale  85 ms lesen  2546 ms rechnen
2026-09-10T06:22:10.970Z  NBR/2025        roh          59876 reg. Kerzen       17/0/0 von 250  Tagen gewertet (1m/5m/15m)      520 Signale  114 ms lesen  5557 ms rechnen
2026-09-10T06:22:12.316Z  NBR/2026        roh          34459 reg. Kerzen        3/0/0 von 166  Tagen gewertet (1m/5m/15m)       85 Signale  59 ms lesen  1118 ms rechnen
2026-09-10T06:23:30.595Z  NCLH/2016       roh          96125 reg. Kerzen      232/0/0 von 252  Tagen gewertet (1m/5m/15m)     6127 Signale  106 ms lesen  78073 ms rechnen
2026-09-10T06:24:50.356Z  NCLH/2017       roh          93067 reg. Kerzen      250/0/0 von 251  Tagen gewertet (1m/5m/15m)     6134 Signale  127 ms lesen  79340 ms rechnen
2026-09-10T06:24:52.629Z  CHECKPOINT 3400 Dateien, 875 min, Detektorfehler {}
2026-09-10T06:26:15.590Z  NCLH/2018       roh          95416 reg. Kerzen      251/0/0 von 251  Tagen gewertet (1m/5m/15m)     6418 Signale  136 ms lesen  82824 ms rechnen
2026-09-10T06:27:37.661Z  NCLH/2019       roh          96346 reg. Kerzen      251/0/0 von 252  Tagen gewertet (1m/5m/15m)     6151 Signale  128 ms lesen  81699 ms rechnen
2026-09-10T06:29:13.350Z  NCLH/2020       roh          97876 reg. Kerzen      253/0/0 von 253  Tagen gewertet (1m/5m/15m)     8024 Signale  195 ms lesen  95228 ms rechnen
2026-09-10T06:30:47.326Z  NCLH/2021       roh          97317 reg. Kerzen      250/0/0 von 252  Tagen gewertet (1m/5m/15m)     7407 Signale  408 ms lesen  93336 ms rechnen
2026-09-10T06:32:23.780Z  NCLH/2022       roh          97001 reg. Kerzen      249/0/0 von 250  Tagen gewertet (1m/5m/15m)     7872 Signale  193 ms lesen  96015 ms rechnen
2026-09-10T06:33:55.709Z  NCLH/2023       roh          97125 reg. Kerzen      250/0/0 von 250  Tagen gewertet (1m/5m/15m)     7381 Signale  138 ms lesen  91520 ms rechnen
2026-09-10T06:35:26.095Z  NCLH/2024       roh          97733 reg. Kerzen      252/0/0 von 252  Tagen gewertet (1m/5m/15m)     7129 Signale  147 ms lesen  89982 ms rechnen
2026-09-10T06:36:54.968Z  NCLH/2025       roh          96958 reg. Kerzen      250/0/0 von 250  Tagen gewertet (1m/5m/15m)     7144 Signale  174 ms lesen  88457 ms rechnen
2026-09-10T06:37:55.019Z  NCLH/2026       roh          64737 reg. Kerzen      166/0/0 von 166  Tagen gewertet (1m/5m/15m)     5006 Signale  111 ms lesen  59682 ms rechnen
2026-09-10T06:39:02.204Z  NDAQ/2016       bereinigt    91306 reg. Kerzen      224/0/0 von 252  Tagen gewertet (1m/5m/15m)     5020 Signale  179 ms lesen  66813 ms rechnen
2026-09-10T06:40:06.020Z  NDAQ/2017       bereinigt    86487 reg. Kerzen      231/0/0 von 251  Tagen gewertet (1m/5m/15m)     4881 Signale  157 ms lesen  63417 ms rechnen
2026-09-10T06:41:14.462Z  NDAQ/2018       bereinigt    87950 reg. Kerzen      237/0/0 von 251  Tagen gewertet (1m/5m/15m)     5539 Signale  176 ms lesen  68031 ms rechnen
2026-09-10T06:42:16.496Z  NDAQ/2019       bereinigt    85726 reg. Kerzen      223/0/0 von 252  Tagen gewertet (1m/5m/15m)     4967 Signale  161 ms lesen  61641 ms rechnen
2026-09-10T06:43:30.126Z  NDAQ/2020       bereinigt    89554 reg. Kerzen      241/0/0 von 253  Tagen gewertet (1m/5m/15m)     6081 Signale  174 ms lesen  73199 ms rechnen
2026-09-10T06:44:36.023Z  NDAQ/2021       bereinigt    86891 reg. Kerzen      227/0/0 von 252  Tagen gewertet (1m/5m/15m)     5234 Signale  823 ms lesen  64804 ms rechnen
2026-09-10T06:45:52.397Z  NDAQ/2022       bereinigt    91713 reg. Kerzen      240/0/0 von 251  Tagen gewertet (1m/5m/15m)     6016 Signale  145 ms lesen  76015 ms rechnen
2026-09-10T06:47:15.564Z  NDAQ/2023       roh          96581 reg. Kerzen      250/0/0 von 250  Tagen gewertet (1m/5m/15m)     5709 Signale  273 ms lesen  82640 ms rechnen
2026-09-10T06:48:36.820Z  NDAQ/2024       roh          96316 reg. Kerzen      252/0/0 von 252  Tagen gewertet (1m/5m/15m)     5616 Signale  141 ms lesen  80857 ms rechnen
2026-09-10T06:49:58.851Z  NDAQ/2025       roh          96083 reg. Kerzen      250/0/0 von 250  Tagen gewertet (1m/5m/15m)     5747 Signale  146 ms lesen  81638 ms rechnen
2026-09-10T06:50:54.751Z  NDAQ/2026       roh          64276 reg. Kerzen      166/0/0 von 166  Tagen gewertet (1m/5m/15m)     4218 Signale  87 ms lesen  55546 ms rechnen
2026-09-10T06:50:55.082Z  NEFF/2016       roh          23499 reg. Kerzen        0/0/0 von 252  Tagen gewertet (1m/5m/15m)        0 Signale  54 ms lesen  116 ms rechnen
2026-09-10T06:50:55.368Z  NEFF/2017       roh          26516 reg. Kerzen        0/0/0 von 188  Tagen gewertet (1m/5m/15m)        0 Signale  41 ms lesen  168 ms rechnen
2026-09-10T06:50:55.606Z  NEPT/2016       bereinigt    16726 reg. Kerzen        0/0/0 von 252  Tagen gewertet (1m/5m/15m)        0 Signale  47 ms lesen  94 ms rechnen
2026-09-10T06:50:55.804Z  NEPT/2017       bereinigt    19135 reg. Kerzen        0/0/0 von 251  Tagen gewertet (1m/5m/15m)        0 Signale  33 ms lesen  111 ms rechnen
2026-09-10T06:51:08.067Z  NEPT/2018       bereinigt    65211 reg. Kerzen       33/0/0 von 251  Tagen gewertet (1m/5m/15m)     1099 Signale  117 ms lesen  12086 ms rechnen
2026-09-10T06:51:13.933Z  NEPT/2019       bereinigt    70842 reg. Kerzen       15/0/0 von 252  Tagen gewertet (1m/5m/15m)      493 Signale  213 ms lesen  5500 ms rechnen
2026-09-10T06:51:14.682Z  NEPT/2020       bereinigt    65700 reg. Kerzen        0/0/0 von 253  Tagen gewertet (1m/5m/15m)        0 Signale  116 ms lesen  421 ms rechnen
2026-09-10T06:51:27.898Z  NEPT/2021       bereinigt    75242 reg. Kerzen       32/0/0 von 252  Tagen gewertet (1m/5m/15m)     1046 Signale  139 ms lesen  12910 ms rechnen
2026-09-10T06:51:28.513Z  NEPT/2022       bereinigt    47280 reg. Kerzen        0/0/0 von 251  Tagen gewertet (1m/5m/15m)        0 Signale  115 ms lesen  293 ms rechnen
2026-09-10T06:51:28.876Z  NEPT/2023       bereinigt    28959 reg. Kerzen        0/0/0 von 250  Tagen gewertet (1m/5m/15m)        0 Signale  58 ms lesen  161 ms rechnen
2026-09-10T06:51:29.012Z  NEPT/2024       roh           3197 reg. Kerzen        0/0/0 von 45   Tagen gewertet (1m/5m/15m)        0 Signale  23 ms lesen  31 ms rechnen
2026-09-10T06:51:29.176Z  NEU/2016        roh          18492 reg. Kerzen        0/0/0 von 252  Tagen gewertet (1m/5m/15m)        0 Signale  40 ms lesen  98 ms rechnen
2026-09-10T06:51:29.344Z  NEU/2017        roh          14233 reg. Kerzen        0/0/0 von 251  Tagen gewertet (1m/5m/15m)        0 Signale  37 ms lesen  75 ms rechnen
2026-09-10T06:51:29.486Z  NEU/2018        roh          14708 reg. Kerzen        0/0/0 von 251  Tagen gewertet (1m/5m/15m)        0 Signale  34 ms lesen  73 ms rechnen
2026-09-10T06:51:29.655Z  NEU/2019        roh          18957 reg. Kerzen        0/0/0 von 252  Tagen gewertet (1m/5m/15m)        0 Signale  36 ms lesen  96 ms rechnen
2026-09-10T06:51:29.893Z  NEU/2020        roh          16379 reg. Kerzen        0/0/0 von 253  Tagen gewertet (1m/5m/15m)        0 Signale  55 ms lesen  94 ms rechnen
2026-09-10T06:51:30.074Z  NEU/2021        roh          13479 reg. Kerzen        0/0/0 von 252  Tagen gewertet (1m/5m/15m)        0 Signale  52 ms lesen  76 ms rechnen
2026-09-10T06:51:30.204Z  NEU/2022        roh          12363 reg. Kerzen        0/0/0 von 251  Tagen gewertet (1m/5m/15m)        0 Signale  24 ms lesen  80 ms rechnen
2026-09-10T06:51:30.362Z  NEU/2023        roh          10215 reg. Kerzen        0/0/0 von 250  Tagen gewertet (1m/5m/15m)        0 Signale  27 ms lesen  103 ms rechnen
2026-09-10T06:51:30.485Z  NEU/2024        roh           7328 reg. Kerzen        0/0/0 von 252  Tagen gewertet (1m/5m/15m)        0 Signale  35 ms lesen  55 ms rechnen
2026-09-10T06:51:30.655Z  NEU/2025        roh          15852 reg. Kerzen        0/0/0 von 250  Tagen gewertet (1m/5m/15m)        0 Signale  37 ms lesen  107 ms rechnen
2026-09-10T06:51:30.867Z  NEU/2026        roh          27415 reg. Kerzen        0/0/0 von 166  Tagen gewertet (1m/5m/15m)        0 Signale  37 ms lesen  124 ms rechnen
2026-09-10T06:51:38.603Z  NEX/2019        roh          15437 reg. Kerzen       22/0/0 von 42   Tagen gewertet (1m/5m/15m)      659 Signale  36 ms lesen  7632 ms rechnen
2026-09-10T06:52:07.580Z  NEX/2020        roh          87791 reg. Kerzen       78/0/0 von 253  Tagen gewertet (1m/5m/15m)     2562 Signale  127 ms lesen  28805 ms rechnen
2026-09-10T06:53:08.350Z  NEX/2021        roh          86983 reg. Kerzen      173/0/0 von 252  Tagen gewertet (1m/5m/15m)     5390 Signale  121 ms lesen  60418 ms rechnen
2026-09-10T06:54:42.212Z  NEX/2022        roh          95521 reg. Kerzen      248/0/0 von 251  Tagen gewertet (1m/5m/15m)     7990 Signale  125 ms lesen  93482 ms rechnen
2026-09-10T06:55:44.517Z  NEX/2023        roh          63852 reg. Kerzen      167/0/0 von 167  Tagen gewertet (1m/5m/15m)     5055 Signale  129 ms lesen  61924 ms rechnen
2026-09-10T06:55:44.717Z  NFH/2019        roh            224 reg. Kerzen        0/0/0 von 8    Tagen gewertet (1m/5m/15m)        0 Signale  9 ms lesen  2 ms rechnen
2026-09-10T06:55:44.844Z  NFH/2020        roh          16738 reg. Kerzen        0/0/0 von 253  Tagen gewertet (1m/5m/15m)        0 Signale  32 ms lesen  94 ms rechnen
2026-09-10T06:55:45.148Z  NFH/2021        roh          34634 reg. Kerzen        0/0/0 von 252  Tagen gewertet (1m/5m/15m)        0 Signale  56 ms lesen  192 ms rechnen
2026-09-10T06:55:45.295Z  NFH/2022        roh           3075 reg. Kerzen        0/0/0 von 17   Tagen gewertet (1m/5m/15m)        0 Signale  18 ms lesen  30 ms rechnen
2026-09-10T06:55:45.314Z  NGAC/2020       roh            521 reg. Kerzen        0/0/0 von 17   Tagen gewertet (1m/5m/15m)        0 Signale  4 ms lesen  3 ms rechnen
2026-09-10T06:55:54.193Z  NGAC/2021       roh          32096 reg. Kerzen       25/0/0 von 159  Tagen gewertet (1m/5m/15m)      749 Signale  57 ms lesen  8819 ms rechnen
2026-09-10T06:55:58.453Z  NGLS/2016       roh          11496 reg. Kerzen       10/0/0 von 30   Tagen gewertet (1m/5m/15m)      339 Signale  40 ms lesen  4139 ms rechnen
2026-09-10T06:55:58.580Z  NHWK/2022       roh          12725 reg. Kerzen        0/0/0 von 168  Tagen gewertet (1m/5m/15m)        0 Signale  30 ms lesen  64 ms rechnen
2026-09-10T06:55:58.748Z  NHWK/2023       roh          11825 reg. Kerzen        0/0/0 von 250  Tagen gewertet (1m/5m/15m)        0 Signale  65 ms lesen  73 ms rechnen
2026-09-10T06:55:58.860Z  NHWK/2024       roh           1405 reg. Kerzen        0/0/0 von 24   Tagen gewertet (1m/5m/15m)        0 Signale  60 ms lesen  15 ms rechnen
2026-09-10T06:55:58.939Z  NISN/2020       bereinigt     2235 reg. Kerzen        0/0/0 von 32   Tagen gewertet (1m/5m/15m)        0 Signale  22 ms lesen  12 ms rechnen
2026-09-10T06:55:59.085Z  NISN/2021       bereinigt    19197 reg. Kerzen        0/0/0 von 252  Tagen gewertet (1m/5m/15m)        0 Signale  35 ms lesen  106 ms rechnen
2026-09-10T06:55:59.379Z  NISN/2022       bereinigt    26202 reg. Kerzen        0/0/0 von 251  Tagen gewertet (1m/5m/15m)        0 Signale  64 ms lesen  176 ms rechnen
2026-09-10T06:55:59.539Z  NISN/2023       bereinigt     8975 reg. Kerzen        0/0/0 von 248  Tagen gewertet (1m/5m/15m)        0 Signale  15 ms lesen  66 ms rechnen
2026-09-10T06:55:59.761Z  NISN/2024       roh          21265 reg. Kerzen        0/0/0 von 252  Tagen gewertet (1m/5m/15m)        0 Signale  59 ms lesen  143 ms rechnen
2026-09-10T06:55:59.917Z  NISN/2025       roh           9224 reg. Kerzen        0/0/0 von 250  Tagen gewertet (1m/5m/15m)        0 Signale  33 ms lesen  65 ms rechnen
2026-09-10T06:55:59.964Z  NISN/2026       roh            961 reg. Kerzen        0/0/0 von 28   Tagen gewertet (1m/5m/15m)        0 Signale  17 ms lesen  9 ms rechnen
2026-09-10T06:56:00.000Z  NKLA/2018       bereinigt      800 reg. Kerzen        0/0/0 von 86   Tagen gewertet (1m/5m/15m)        0 Signale  21 ms lesen  4 ms rechnen
2026-09-10T06:56:00.026Z  NKLA/2019       bereinigt      620 reg. Kerzen        0/0/0 von 159  Tagen gewertet (1m/5m/15m)        0 Signale  16 ms lesen  6 ms rechnen
2026-09-10T06:57:11.147Z  NKLA/2020       bereinigt    79677 reg. Kerzen      183/0/0 von 251  Tagen gewertet (1m/5m/15m)     6136 Signale  192 ms lesen  70925 ms rechnen
2026-09-10T06:58:48.363Z  NKLA/2021       bereinigt    98074 reg. Kerzen      252/0/0 von 252  Tagen gewertet (1m/5m/15m)     8255 Signale  242 ms lesen  96764 ms rechnen
2026-09-10T07:00:27.193Z  NKLA/2022       bereinigt    97626 reg. Kerzen      251/0/0 von 251  Tagen gewertet (1m/5m/15m)     8351 Signale  234 ms lesen  98319 ms rechnen
2026-09-10T07:02:11.466Z  NKLA/2023       bereinigt    97127 reg. Kerzen      250/0/0 von 250  Tagen gewertet (1m/5m/15m)     8336 Signale  243 ms lesen  103771 ms rechnen
2026-09-10T07:03:48.799Z  NKLA/2024       bereinigt    96561 reg. Kerzen      252/0/0 von 252  Tagen gewertet (1m/5m/15m)     8409 Signale  236 ms lesen  96840 ms rechnen
2026-09-10T07:04:03.747Z  NKLA/2025       roh          13957 reg. Kerzen       36/0/0 von 36   Tagen gewertet (1m/5m/15m)     1224 Signale  46 ms lesen  14671 ms rechnen
2026-09-10T07:05:25.675Z  NLY/2016        bereinigt    98017 reg. Kerzen      232/0/0 von 252  Tagen gewertet (1m/5m/15m)     5181 Signale  150 ms lesen  81720 ms rechnen
2026-09-10T07:06:55.886Z  NLY/2017        bereinigt    97455 reg. Kerzen      251/0/0 von 251  Tagen gewertet (1m/5m/15m)     5413 Signale  134 ms lesen  89801 ms rechnen
2026-09-10T07:08:24.321Z  NLY/2018        bereinigt    97282 reg. Kerzen      251/0/0 von 251  Tagen gewertet (1m/5m/15m)     5455 Signale  119 ms lesen  88033 ms rechnen
2026-09-10T07:09:55.106Z  NLY/2019        bereinigt    97606 reg. Kerzen      251/0/0 von 252  Tagen gewertet (1m/5m/15m)     5136 Signale  200 ms lesen  90334 ms rechnen
2026-09-10T07:11:28.883Z  NLY/2020        bereinigt    98179 reg. Kerzen      253/0/0 von 253  Tagen gewertet (1m/5m/15m)     6915 Signale  256 ms lesen  93259 ms rechnen
2026-09-10T07:12:58.642Z  NLY/2021        bereinigt    97302 reg. Kerzen      250/0/0 von 252  Tagen gewertet (1m/5m/15m)     5660 Signale  143 ms lesen  89339 ms rechnen
2026-09-10T07:14:28.586Z  NLY/2022        bereinigt    96995 reg. Kerzen      249/0/0 von 250  Tagen gewertet (1m/5m/15m)     6689 Signale  145 ms lesen  89556 ms rechnen
2026-09-10T07:15:53.407Z  NLY/2023        roh          96748 reg. Kerzen      250/0/0 von 250  Tagen gewertet (1m/5m/15m)     6421 Signale  686 ms lesen  83891 ms rechnen
2026-09-10T07:17:15.555Z  NLY/2024        roh          97018 reg. Kerzen      252/0/0 von 252  Tagen gewertet (1m/5m/15m)     5813 Signale  167 ms lesen  81725 ms rechnen
2026-09-10T07:18:37.590Z  NLY/2025        roh          96757 reg. Kerzen      250/0/0 von 250  Tagen gewertet (1m/5m/15m)     5900 Signale  137 ms lesen  81596 ms rechnen
2026-09-10T07:19:32.374Z  NLY/2026        roh          64617 reg. Kerzen      166/0/0 von 166  Tagen gewertet (1m/5m/15m)     3958 Signale  91 ms lesen  54422 ms rechnen
2026-09-10T07:19:32.679Z  NMO/2016        roh          16763 reg. Kerzen        0/0/0 von 174  Tagen gewertet (1m/5m/15m)        0 Signale  35 ms lesen  97 ms rechnen
2026-09-10T07:19:32.745Z  NNAG/2023       roh            446 reg. Kerzen        0/0/0 von 53   Tagen gewertet (1m/5m/15m)        0 Signale  18 ms lesen  4 ms rechnen
2026-09-10T07:19:32.764Z  NNAG/2024       roh            752 reg. Kerzen        0/0/0 von 152  Tagen gewertet (1m/5m/15m)        0 Signale  9 ms lesen  8 ms rechnen
2026-09-10T07:21:00.223Z  NOK/2016        roh          97326 reg. Kerzen      232/0/0 von 252  Tagen gewertet (1m/5m/15m)     6004 Signale  135 ms lesen  87295 ms rechnen
2026-09-10T07:22:34.457Z  NOK/2017        roh          96831 reg. Kerzen      251/0/0 von 251  Tagen gewertet (1m/5m/15m)     6094 Signale  742 ms lesen  93206 ms rechnen
2026-09-10T07:24:06.710Z  NOK/2018        roh          96948 reg. Kerzen      251/0/0 von 251  Tagen gewertet (1m/5m/15m)     6409 Signale  121 ms lesen  91827 ms rechnen
2026-09-10T07:25:41.265Z  NOK/2019        roh          97535 reg. Kerzen      251/0/0 von 252  Tagen gewertet (1m/5m/15m)     6433 Signale  162 ms lesen  94093 ms rechnen
2026-09-10T07:27:17.981Z  NOK/2020        roh          98198 reg. Kerzen      253/0/0 von 253  Tagen gewertet (1m/5m/15m)     7229 Signale  174 ms lesen  96239 ms rechnen
2026-09-10T07:28:49.945Z  NOK/2021        roh          97240 reg. Kerzen      250/0/0 von 252  Tagen gewertet (1m/5m/15m)     6879 Signale  201 ms lesen  91496 ms rechnen
2026-09-10T07:30:21.249Z  NOK/2022        roh          96907 reg. Kerzen      249/0/0 von 251  Tagen gewertet (1m/5m/15m)     6823 Signale  164 ms lesen  90870 ms rechnen
2026-09-10T07:31:56.472Z  NOK/2023        roh          96896 reg. Kerzen      250/0/0 von 250  Tagen gewertet (1m/5m/15m)     6085 Signale  314 ms lesen  94622 ms rechnen
2026-09-10T07:33:30.911Z  NOK/2024        roh          97307 reg. Kerzen      252/0/0 von 252  Tagen gewertet (1m/5m/15m)     6111 Signale  133 ms lesen  94037 ms rechnen
2026-09-10T07:35:00.873Z  NOK/2025        roh          96811 reg. Kerzen      250/0/0 von 250  Tagen gewertet (1m/5m/15m)     6412 Signale  266 ms lesen  89432 ms rechnen
2026-09-10T07:36:02.028Z  NOK/2026        roh          64738 reg. Kerzen      166/0/0 von 166  Tagen gewertet (1m/5m/15m)     4877 Signale  159 ms lesen  60723 ms rechnen
2026-09-10T07:36:02.353Z  NOVT/2016       roh          22053 reg. Kerzen        0/0/0 von 252  Tagen gewertet (1m/5m/15m)        0 Signale  47 ms lesen  119 ms rechnen
2026-09-10T07:36:03.950Z  NOVT/2017       roh          46029 reg. Kerzen        4/0/0 von 251  Tagen gewertet (1m/5m/15m)      106 Signale  77 ms lesen  1454 ms rechnen
2026-09-10T07:36:05.251Z  NOVT/2018       roh          52837 reg. Kerzen        3/0/0 von 251  Tagen gewertet (1m/5m/15m)       84 Signale  91 ms lesen  1082 ms rechnen
2026-09-10T07:36:05.966Z  NOVT/2019       roh          41928 reg. Kerzen        1/0/0 von 252  Tagen gewertet (1m/5m/15m)       19 Signale  86 ms lesen  510 ms rechnen
2026-09-10T07:36:06.374Z  NOVT/2020       roh          34922 reg. Kerzen        0/0/0 von 253  Tagen gewertet (1m/5m/15m)        0 Signale  68 ms lesen  207 ms rechnen
2026-09-10T07:36:06.646Z  NOVT/2021       roh          29080 reg. Kerzen        0/0/0 von 252  Tagen gewertet (1m/5m/15m)        0 Signale  48 ms lesen  137 ms rechnen
2026-09-10T07:36:07.641Z  NOVT/2022       roh          37347 reg. Kerzen        2/0/0 von 251  Tagen gewertet (1m/5m/15m)       61 Signale  72 ms lesen  845 ms rechnen
2026-09-10T07:36:08.198Z  NOVT/2023       roh          29559 reg. Kerzen        1/0/0 von 250  Tagen gewertet (1m/5m/15m)       23 Signale  68 ms lesen  380 ms rechnen
2026-09-10T07:36:08.491Z  NOVT/2024       roh          27739 reg. Kerzen        0/0/0 von 252  Tagen gewertet (1m/5m/15m)        0 Signale  58 ms lesen  157 ms rechnen
2026-09-10T07:36:11.299Z  NOVT/2025       roh          46407 reg. Kerzen        8/0/0 von 250  Tagen gewertet (1m/5m/15m)      238 Signale  84 ms lesen  2646 ms rechnen
2026-09-10T07:36:13.566Z  NOVT/2026       roh          36958 reg. Kerzen        6/0/0 von 166  Tagen gewertet (1m/5m/15m)      182 Signale  61 ms lesen  2064 ms rechnen
2026-09-10T07:36:13.877Z  NPM/2016        roh          24926 reg. Kerzen        0/0/0 von 174  Tagen gewertet (1m/5m/15m)        0 Signale  43 ms lesen  156 ms rechnen
2026-09-10T07:36:14.032Z  NQU/2016        roh           6768 reg. Kerzen        0/0/0 von 67   Tagen gewertet (1m/5m/15m)        0 Signale  56 ms lesen  41 ms rechnen
2026-09-10T07:37:30.101Z  NRF/2016        roh          94127 reg. Kerzen      230/0/0 von 252  Tagen gewertet (1m/5m/15m)     6346 Signale  132 ms lesen  75911 ms rechnen
2026-09-10T07:37:32.671Z  NRF/2017        roh           2307 reg. Kerzen        6/0/0 von 6    Tagen gewertet (1m/5m/15m)      162 Signale  17 ms lesen  2292 ms rechnen
2026-09-10T07:37:32.762Z  NSCO/2019       roh          10566 reg. Kerzen        0/0/0 von 106  Tagen gewertet (1m/5m/15m)        0 Signale  32 ms lesen  49 ms rechnen
2026-09-10T07:37:32.983Z  NSCO/2020       roh          19511 reg. Kerzen        0/0/0 von 253  Tagen gewertet (1m/5m/15m)        0 Signale  54 ms lesen  131 ms rechnen
2026-09-10T07:37:33.111Z  NSCO/2021       roh           7812 reg. Kerzen        0/0/0 von 62   Tagen gewertet (1m/5m/15m)        0 Signale  22 ms lesen  52 ms rechnen
2026-09-10T07:37:33.574Z  NSTB/2021       roh          25940 reg. Kerzen        1/0/0 von 225  Tagen gewertet (1m/5m/15m)       21 Signale  52 ms lesen  370 ms rechnen
2026-09-10T07:37:33.731Z  NSTB/2022       roh           4250 reg. Kerzen        0/0/0 von 251  Tagen gewertet (1m/5m/15m)        0 Signale  48 ms lesen  29 ms rechnen
2026-09-10T07:37:33.770Z  NSTB/2023       roh           1197 reg. Kerzen        0/0/0 von 198  Tagen gewertet (1m/5m/15m)        0 Signale  13 ms lesen  12 ms rechnen
2026-09-10T07:37:33.789Z  NSTB/2024       roh            113 reg. Kerzen        0/0/0 von 12   Tagen gewertet (1m/5m/15m)        0 Signale  12 ms lesen  1 ms rechnen
2026-09-10T07:37:33.790Z  AUSGELASSEN NSTB/2025: Datei fehlt
2026-09-10T07:38:27.092Z  NTCT/2016       roh          84658 reg. Kerzen      180/0/0 von 252  Tagen gewertet (1m/5m/15m)     4757 Signale  146 ms lesen  53155 ms rechnen
2026-09-10T07:39:04.138Z  NTCT/2017       roh          78495 reg. Kerzen      121/0/0 von 251  Tagen gewertet (1m/5m/15m)     3274 Signale  110 ms lesen  36690 ms rechnen
2026-09-10T07:39:51.665Z  NTCT/2018       roh          79647 reg. Kerzen      155/0/0 von 251  Tagen gewertet (1m/5m/15m)     4365 Signale  114 ms lesen  47198 ms rechnen
2026-09-10T07:40:15.312Z  NTCT/2019       roh          73297 reg. Kerzen       81/0/0 von 252  Tagen gewertet (1m/5m/15m)     2169 Signale  97 ms lesen  23345 ms rechnen
2026-09-10T07:40:43.661Z  NTCT/2020       roh          72245 reg. Kerzen       90/0/0 von 253  Tagen gewertet (1m/5m/15m)     2612 Signale  91 ms lesen  28069 ms rechnen
2026-09-10T07:40:50.669Z  NTCT/2021       roh          62525 reg. Kerzen       22/0/0 von 252  Tagen gewertet (1m/5m/15m)      606 Signale  122 ms lesen  6686 ms rechnen
2026-09-10T07:41:14.449Z  NTCT/2022       roh          72070 reg. Kerzen       79/0/0 von 251  Tagen gewertet (1m/5m/15m)     2136 Signale  104 ms lesen  23512 ms rechnen
2026-09-10T07:41:21.545Z  NTCT/2023       roh          62482 reg. Kerzen       23/0/0 von 250  Tagen gewertet (1m/5m/15m)      647 Signale  91 ms lesen  6823 ms rechnen
2026-09-10T07:41:30.914Z  NTCT/2024       roh          62567 reg. Kerzen       28/0/0 von 252  Tagen gewertet (1m/5m/15m)      776 Signale  96 ms lesen  9091 ms rechnen
2026-09-10T07:41:34.986Z  NTCT/2025       roh          58682 reg. Kerzen       13/0/0 von 250  Tagen gewertet (1m/5m/15m)      308 Signale  80 ms lesen  3817 ms rechnen
2026-09-10T07:41:37.873Z  NTCT/2026       roh          41588 reg. Kerzen        9/0/0 von 166  Tagen gewertet (1m/5m/15m)      231 Signale  69 ms lesen  2669 ms rechnen
2026-09-10T07:41:38.081Z  NTN/2016        bereinigt     7481 reg. Kerzen        0/0/0 von 250  Tagen gewertet (1m/5m/15m)        0 Signale  32 ms lesen  44 ms rechnen
2026-09-10T07:41:38.167Z  NTN/2017        bereinigt     3665 reg. Kerzen        0/0/0 von 243  Tagen gewertet (1m/5m/15m)        0 Signale  38 ms lesen  26 ms rechnen
2026-09-10T07:41:38.206Z  NTN/2018        bereinigt     3635 reg. Kerzen        0/0/0 von 242  Tagen gewertet (1m/5m/15m)        0 Signale  4 ms lesen  26 ms rechnen
2026-09-10T07:41:38.244Z  NTN/2019        bereinigt     2296 reg. Kerzen        0/0/0 von 238  Tagen gewertet (1m/5m/15m)        0 Signale  4 ms lesen  20 ms rechnen
2026-09-10T07:41:38.448Z  NTN/2020        bereinigt    24786 reg. Kerzen        0/0/0 von 252  Tagen gewertet (1m/5m/15m)        0 Signale  42 ms lesen  152 ms rechnen
2026-09-10T07:41:38.648Z  NTN/2021        bereinigt    12771 reg. Kerzen        0/0/0 von 57   Tagen gewertet (1m/5m/15m)        0 Signale  26 ms lesen  94 ms rechnen
2026-09-10T07:41:38.870Z  NTST/2020       roh          19300 reg. Kerzen        0/0/0 von 98   Tagen gewertet (1m/5m/15m)        0 Signale  50 ms lesen  107 ms rechnen
2026-09-10T07:41:41.464Z  NTST/2021       roh          53447 reg. Kerzen        8/0/0 von 252  Tagen gewertet (1m/5m/15m)      214 Signale  96 ms lesen  2443 ms rechnen
2026-09-10T07:41:58.767Z  NTST/2022       roh          69104 reg. Kerzen       61/0/0 von 251  Tagen gewertet (1m/5m/15m)     1644 Signale  97 ms lesen  17064 ms rechnen
2026-09-10T07:42:23.724Z  NTST/2023       roh          72505 reg. Kerzen       88/0/0 von 250  Tagen gewertet (1m/5m/15m)     2253 Signale  128 ms lesen  24650 ms rechnen
2026-09-10T07:42:56.765Z  NTST/2024       roh          76611 reg. Kerzen      118/0/0 von 252  Tagen gewertet (1m/5m/15m)     2973 Signale  116 ms lesen  32705 ms rechnen
2026-09-10T07:43:31.505Z  NTST/2025       roh          77095 reg. Kerzen      121/0/0 von 250  Tagen gewertet (1m/5m/15m)     3016 Signale  109 ms lesen  34440 ms rechnen
2026-09-10T07:43:58.789Z  NTST/2026       roh          53276 reg. Kerzen      100/0/0 von 166  Tagen gewertet (1m/5m/15m)     2448 Signale  84 ms lesen  27020 ms rechnen
2026-09-10T07:43:58.942Z  NUKK/2023       bereinigt      739 reg. Kerzen        0/0/0 von 4    Tagen gewertet (1m/5m/15m)        0 Signale  14 ms lesen  5 ms rechnen
2026-09-10T07:43:59.198Z  NUKK/2024       bereinigt    31452 reg. Kerzen        0/0/0 von 252  Tagen gewertet (1m/5m/15m)        0 Signale  68 ms lesen  186 ms rechnen
2026-09-10T07:44:15.051Z  NUKK/2025       roh          56694 reg. Kerzen       43/0/0 von 250  Tagen gewertet (1m/5m/15m)     1410 Signale  95 ms lesen  15682 ms rechnen
2026-09-10T07:44:15.300Z  NUKK/2026       roh           8157 reg. Kerzen        0/0/0 von 25   Tagen gewertet (1m/5m/15m)        0 Signale  22 ms lesen  85 ms rechnen
2026-09-10T07:44:15.359Z  NVAC/2022       roh            387 reg. Kerzen        0/0/0 von 106  Tagen gewertet (1m/5m/15m)        0 Signale  26 ms lesen  5 ms rechnen
2026-09-10T07:44:15.379Z  NVAC/2023       roh            724 reg. Kerzen        0/0/0 von 148  Tagen gewertet (1m/5m/15m)        0 Signale  14 ms lesen  5 ms rechnen
2026-09-10T07:44:15.390Z  NVAC/2024       roh            109 reg. Kerzen        0/0/0 von 45   Tagen gewertet (1m/5m/15m)        0 Signale  7 ms lesen  2 ms rechnen
2026-09-10T07:44:15.391Z  AUSGELASSEN NVAC/2025: Datei fehlt
2026-09-10T07:44:15.559Z  NVFY/2016       bereinigt    17225 reg. Kerzen        0/0/0 von 252  Tagen gewertet (1m/5m/15m)        0 Signale  58 ms lesen  109 ms rechnen
2026-09-10T07:44:15.751Z  NVFY/2017       bereinigt    17265 reg. Kerzen        0/0/0 von 251  Tagen gewertet (1m/5m/15m)        0 Signale  45 ms lesen  102 ms rechnen
2026-09-10T07:44:15.888Z  NVFY/2018       bereinigt    12245 reg. Kerzen        0/0/0 von 251  Tagen gewertet (1m/5m/15m)        0 Signale  31 ms lesen  65 ms rechnen
2026-09-10T07:44:15.991Z  NVFY/2019       bereinigt     5660 reg. Kerzen        0/0/0 von 252  Tagen gewertet (1m/5m/15m)        0 Signale  29 ms lesen  42 ms rechnen
2026-09-10T07:44:16.059Z  NVFY/2020       bereinigt     7859 reg. Kerzen        0/0/0 von 253  Tagen gewertet (1m/5m/15m)        0 Signale  15 ms lesen  41 ms rechnen
2026-09-10T07:44:16.281Z  NVFY/2021       bereinigt    20507 reg. Kerzen        0/0/0 von 252  Tagen gewertet (1m/5m/15m)        0 Signale  61 ms lesen  134 ms rechnen
2026-09-10T07:44:16.400Z  NVFY/2022       bereinigt     6888 reg. Kerzen        0/0/0 von 251  Tagen gewertet (1m/5m/15m)        0 Signale  14 ms lesen  44 ms rechnen
2026-09-10T07:44:16.466Z  NVFY/2023       bereinigt     5117 reg. Kerzen        0/0/0 von 234  Tagen gewertet (1m/5m/15m)        0 Signale  9 ms lesen  32 ms rechnen
2026-09-10T07:44:16.561Z  NVFY/2024       roh           8621 reg. Kerzen        0/0/0 von 252  Tagen gewertet (1m/5m/15m)        0 Signale  22 ms lesen  54 ms rechnen
2026-09-10T07:44:16.723Z  NVFY/2025       roh          16696 reg. Kerzen        0/0/0 von 214  Tagen gewertet (1m/5m/15m)        0 Signale  41 ms lesen  97 ms rechnen
2026-09-10T07:44:16.929Z  NVOS/2021       bereinigt    17658 reg. Kerzen        0/0/0 von 218  Tagen gewertet (1m/5m/15m)        0 Signale  48 ms lesen  108 ms rechnen
2026-09-10T07:44:17.063Z  NVOS/2022       bereinigt     8640 reg. Kerzen        0/0/0 von 250  Tagen gewertet (1m/5m/15m)        0 Signale  17 ms lesen  56 ms rechnen
2026-09-10T07:44:30.320Z  NVOS/2023       bereinigt    82633 reg. Kerzen       30/0/0 von 250  Tagen gewertet (1m/5m/15m)     1029 Signale  185 ms lesen  13044 ms rechnen
2026-09-10T07:44:30.825Z  NVOS/2024       roh          33698 reg. Kerzen        0/0/0 von 214  Tagen gewertet (1m/5m/15m)        0 Signale  71 ms lesen  203 ms rechnen
2026-09-10T07:44:30.907Z  AUSGELASSEN NVOS/2025: Datei fehlt
2026-09-10T07:44:31.085Z  NVTR/2016       roh          26422 reg. Kerzen        0/0/0 von 204  Tagen gewertet (1m/5m/15m)        0 Signale  40 ms lesen  137 ms rechnen
2026-09-10T07:44:31.322Z  NVTR/2017       roh          19645 reg. Kerzen        0/0/0 von 251  Tagen gewertet (1m/5m/15m)        0 Signale  43 ms lesen  118 ms rechnen
2026-09-10T07:44:31.661Z  NVTR/2018       roh          42922 reg. Kerzen        0/0/0 von 251  Tagen gewertet (1m/5m/15m)        0 Signale  68 ms lesen  216 ms rechnen
2026-09-10T07:44:32.155Z  NVTR/2019       roh          48066 reg. Kerzen        0/0/0 von 226  Tagen gewertet (1m/5m/15m)        0 Signale  79 ms lesen  297 ms rechnen
2026-09-10T07:44:32.327Z  NWGI/2019       roh              1 reg. Kerzen        0/0/0 von 1    Tagen gewertet (1m/5m/15m)        0 Signale  10 ms lesen  0 ms rechnen
2026-09-10T07:44:32.403Z  NWGI/2020       roh          10432 reg. Kerzen        0/0/0 von 216  Tagen gewertet (1m/5m/15m)        0 Signale  21 ms lesen  55 ms rechnen
2026-09-10T07:44:32.660Z  NWY/2016        roh          30901 reg. Kerzen        0/0/0 von 252  Tagen gewertet (1m/5m/15m)        0 Signale  62 ms lesen  160 ms rechnen
2026-09-10T07:44:32.909Z  NWY/2017        roh          19622 reg. Kerzen        0/0/0 von 251  Tagen gewertet (1m/5m/15m)        0 Signale  35 ms lesen  128 ms rechnen
2026-09-10T07:44:33.240Z  NWY/2018        roh          40385 reg. Kerzen        0/0/0 von 224  Tagen gewertet (1m/5m/15m)        0 Signale  59 ms lesen  210 ms rechnen
2026-09-10T07:45:35.794Z  NXT/2023        roh          80482 reg. Kerzen      182/0/0 von 224  Tagen gewertet (1m/5m/15m)     5810 Signale  120 ms lesen  62315 ms rechnen
2026-09-10T07:47:05.785Z  NXT/2024        roh          97142 reg. Kerzen      240/0/0 von 252  Tagen gewertet (1m/5m/15m)     7263 Signale  110 ms lesen  89688 ms rechnen
2026-09-10T07:48:33.351Z  NXT/2025        roh          93927 reg. Kerzen      249/0/0 von 250  Tagen gewertet (1m/5m/15m)     7502 Signale  143 ms lesen  87130 ms rechnen
2026-09-10T07:49:34.403Z  NXT/2026        roh          62411 reg. Kerzen      166/0/0 von 166  Tagen gewertet (1m/5m/15m)     5266 Signale  88 ms lesen  60723 ms rechnen
2026-09-10T07:49:35.722Z  NYLD.A/2016     roh          64042 reg. Kerzen        2/0/0 von 252  Tagen gewertet (1m/5m/15m)       57 Signale  86 ms lesen  1043 ms rechnen
2026-09-10T07:49:36.238Z  NYLD.A/2017     roh          48822 reg. Kerzen        0/0/0 von 251  Tagen gewertet (1m/5m/15m)        0 Signale  71 ms lesen  241 ms rechnen
2026-09-10T07:49:36.607Z  NYLD.A/2018     roh          34324 reg. Kerzen        0/0/0 von 178  Tagen gewertet (1m/5m/15m)        0 Signale  57 ms lesen  185 ms rechnen
2026-09-10T07:50:14.999Z  NYRT/2016       bereinigt    80233 reg. Kerzen      130/0/0 von 252  Tagen gewertet (1m/5m/15m)     3057 Signale  141 ms lesen  38171 ms rechnen
2026-09-10T07:51:18.884Z  NYRT/2017       bereinigt    85969 reg. Kerzen      202/0/0 von 251  Tagen gewertet (1m/5m/15m)     4144 Signale  152 ms lesen  63537 ms rechnen
2026-09-10T07:51:30.209Z  NYRT/2018       bereinigt    41445 reg. Kerzen       30/0/0 von 213  Tagen gewertet (1m/5m/15m)      703 Signale  50 ms lesen  11046 ms rechnen
2026-09-10T07:51:30.527Z  OAKS/2016       roh          24303 reg. Kerzen        0/0/0 von 252  Tagen gewertet (1m/5m/15m)        0 Signale  40 ms lesen  133 ms rechnen
2026-09-10T07:51:30.796Z  OAKS/2017       roh          28854 reg. Kerzen        0/0/0 von 251  Tagen gewertet (1m/5m/15m)        0 Signale  42 ms lesen  157 ms rechnen
2026-09-10T07:51:30.956Z  OAKS/2018       roh          11805 reg. Kerzen        0/0/0 von 101  Tagen gewertet (1m/5m/15m)        0 Signale  33 ms lesen  64 ms rechnen
2026-09-10T07:51:31.156Z  OBLG/2020       bereinigt    18226 reg. Kerzen        0/0/0 von 208  Tagen gewertet (1m/5m/15m)        0 Signale  51 ms lesen  107 ms rechnen
2026-09-10T07:51:31.445Z  OBLG/2021       bereinigt    25736 reg. Kerzen        0/0/0 von 252  Tagen gewertet (1m/5m/15m)        0 Signale  60 ms lesen  165 ms rechnen
2026-09-10T07:51:31.670Z  OBLG/2022       bereinigt    17220 reg. Kerzen        0/0/0 von 251  Tagen gewertet (1m/5m/15m)        0 Signale  60 ms lesen  91 ms rechnen
2026-09-10T07:51:31.906Z  OBLG/2023       bereinigt    25653 reg. Kerzen        0/0/0 von 250  Tagen gewertet (1m/5m/15m)        0 Signale  49 ms lesen  145 ms rechnen
2026-09-10T07:51:32.208Z  OBLG/2024       bereinigt    30229 reg. Kerzen        0/0/0 von 252  Tagen gewertet (1m/5m/15m)        0 Signale  61 ms lesen  168 ms rechnen
2026-09-10T07:51:32.407Z  OBLG/2025       roh          14007 reg. Kerzen        0/0/0 von 235  Tagen gewertet (1m/5m/15m)        0 Signale  32 ms lesen  85 ms rechnen
2026-09-10T07:51:32.714Z  OCFC/2016       roh          35867 reg. Kerzen        0/0/0 von 252  Tagen gewertet (1m/5m/15m)        0 Signale  62 ms lesen  195 ms rechnen
2026-09-10T07:51:33.119Z  OCFC/2017       roh          42224 reg. Kerzen        0/0/0 von 251  Tagen gewertet (1m/5m/15m)        0 Signale  83 ms lesen  204 ms rechnen
2026-09-10T07:51:33.848Z  OCFC/2018       roh          49977 reg. Kerzen        1/0/0 von 251  Tagen gewertet (1m/5m/15m)       26 Signale  70 ms lesen  524 ms rechnen
2026-09-10T07:51:34.324Z  OCFC/2019       roh          45543 reg. Kerzen        0/0/0 von 252  Tagen gewertet (1m/5m/15m)        0 Signale  79 ms lesen  261 ms rechnen
2026-09-10T07:51:34.859Z  OCFC/2020       roh          52959 reg. Kerzen        0/0/0 von 253  Tagen gewertet (1m/5m/15m)        0 Signale  86 ms lesen  330 ms rechnen
2026-09-10T07:51:35.598Z  OCFC/2021       roh          51340 reg. Kerzen        1/0/0 von 252  Tagen gewertet (1m/5m/15m)       32 Signale  86 ms lesen  507 ms rechnen
2026-09-10T07:51:36.138Z  OCFC/2022       roh          53319 reg. Kerzen        0/0/0 von 251  Tagen gewertet (1m/5m/15m)        0 Signale  83 ms lesen  325 ms rechnen
2026-09-10T07:51:36.630Z  OCFC/2023       roh          52914 reg. Kerzen        0/0/0 von 250  Tagen gewertet (1m/5m/15m)        0 Signale  82 ms lesen  264 ms rechnen
2026-09-10T07:51:38.665Z  CHECKPOINT 3600 Dateien, 961 min, Detektorfehler {}
2026-09-10T07:51:39.234Z  OCFC/2024       roh          50100 reg. Kerzen        1/0/0 von 252  Tagen gewertet (1m/5m/15m)       20 Signale  69 ms lesen  499 ms rechnen
2026-09-10T07:51:39.737Z  OCFC/2025       roh          49156 reg. Kerzen        0/0/0 von 250  Tagen gewertet (1m/5m/15m)        0 Signale  68 ms lesen  299 ms rechnen
2026-09-10T07:52:04.845Z  OCFC/2026       roh          51540 reg. Kerzen       90/0/0 von 166  Tagen gewertet (1m/5m/15m)     2248 Signale  67 ms lesen  24906 ms rechnen
2026-09-10T07:52:05.046Z  OCSI/2017       roh           5479 reg. Kerzen        0/0/0 von 51   Tagen gewertet (1m/5m/15m)        0 Signale  21 ms lesen  25 ms rechnen
2026-09-10T07:52:05.169Z  OCSI/2018       roh          19309 reg. Kerzen        0/0/0 von 250  Tagen gewertet (1m/5m/15m)        0 Signale  24 ms lesen  81 ms rechnen
2026-09-10T07:52:05.359Z  OCSI/2019       roh          15015 reg. Kerzen        0/0/0 von 252  Tagen gewertet (1m/5m/15m)        0 Signale  48 ms lesen  98 ms rechnen
2026-09-10T07:52:05.550Z  OCSI/2020       roh          16975 reg. Kerzen        0/0/0 von 253  Tagen gewertet (1m/5m/15m)        0 Signale  53 ms lesen  88 ms rechnen
2026-09-10T07:52:05.644Z  OCSI/2021       roh           3905 reg. Kerzen        0/0/0 von 52   Tagen gewertet (1m/5m/15m)        0 Signale  25 ms lesen  27 ms rechnen
2026-09-10T07:52:56.486Z  ODFL/2016       bereinigt    84595 reg. Kerzen      176/0/0 von 252  Tagen gewertet (1m/5m/15m)     4285 Signale  171 ms lesen  50643 ms rechnen
2026-09-10T07:53:25.820Z  ODFL/2017       bereinigt    76316 reg. Kerzen      110/0/0 von 251  Tagen gewertet (1m/5m/15m)     2584 Signale  132 ms lesen  28982 ms rechnen
2026-09-10T07:54:03.339Z  ODFL/2018       bereinigt    77393 reg. Kerzen      130/0/0 von 251  Tagen gewertet (1m/5m/15m)     3564 Signale  163 ms lesen  37140 ms rechnen
2026-09-10T07:54:33.590Z  ODFL/2019       bereinigt    76443 reg. Kerzen      109/0/0 von 252  Tagen gewertet (1m/5m/15m)     2726 Signale  149 ms lesen  29871 ms rechnen
2026-09-10T07:55:42.671Z  ODFL/2020       bereinigt    87303 reg. Kerzen      221/0/0 von 253  Tagen gewertet (1m/5m/15m)     5875 Signale  706 ms lesen  68134 ms rechnen
2026-09-10T07:56:36.473Z  ODFL/2021       bereinigt    82160 reg. Kerzen      188/0/0 von 252  Tagen gewertet (1m/5m/15m)     4756 Signale  751 ms lesen  52831 ms rechnen
2026-09-10T07:57:49.233Z  ODFL/2022       bereinigt    87581 reg. Kerzen      230/0/0 von 251  Tagen gewertet (1m/5m/15m)     6545 Signale  116 ms lesen  72420 ms rechnen
2026-09-10T07:58:35.998Z  ODFL/2023       bereinigt    79785 reg. Kerzen      163/0/0 von 250  Tagen gewertet (1m/5m/15m)     4370 Signale  130 ms lesen  46392 ms rechnen
2026-09-10T07:59:39.108Z  ODFL/2024       bereinigt    86978 reg. Kerzen      204/0/0 von 252  Tagen gewertet (1m/5m/15m)     5398 Signale  126 ms lesen  62782 ms rechnen
2026-09-10T08:01:01.366Z  ODFL/2025       roh          92636 reg. Kerzen      249/0/0 von 250  Tagen gewertet (1m/5m/15m)     6763 Signale  133 ms lesen  81883 ms rechnen
2026-09-10T08:01:55.340Z  ODFL/2026       roh          60792 reg. Kerzen      166/0/0 von 166  Tagen gewertet (1m/5m/15m)     4549 Signale  186 ms lesen  53567 ms rechnen
2026-09-10T08:01:55.527Z  OFED/2016       roh            746 reg. Kerzen        0/0/0 von 110  Tagen gewertet (1m/5m/15m)        0 Signale  12 ms lesen  7 ms rechnen
2026-09-10T08:01:55.544Z  OFED/2017       roh            578 reg. Kerzen        0/0/0 von 152  Tagen gewertet (1m/5m/15m)        0 Signale  9 ms lesen  5 ms rechnen
2026-09-10T08:01:55.568Z  OFED/2018       roh           1016 reg. Kerzen        0/0/0 von 163  Tagen gewertet (1m/5m/15m)        0 Signale  14 ms lesen  8 ms rechnen
2026-09-10T08:01:55.589Z  OFED/2019       roh            843 reg. Kerzen        0/0/0 von 176  Tagen gewertet (1m/5m/15m)        0 Signale  8 ms lesen  10 ms rechnen
2026-09-10T08:01:55.611Z  OFED/2020       roh            633 reg. Kerzen        0/0/0 von 141  Tagen gewertet (1m/5m/15m)        0 Signale  11 ms lesen  7 ms rechnen
2026-09-10T08:01:55.639Z  OFED/2021       roh           1048 reg. Kerzen        0/0/0 von 175  Tagen gewertet (1m/5m/15m)        0 Signale  15 ms lesen  10 ms rechnen
2026-09-10T08:01:55.667Z  OFED/2022       roh            379 reg. Kerzen        0/0/0 von 106  Tagen gewertet (1m/5m/15m)        0 Signale  19 ms lesen  4 ms rechnen
2026-09-10T08:01:55.695Z  OFED/2023       roh            447 reg. Kerzen        0/0/0 von 90   Tagen gewertet (1m/5m/15m)        0 Signale  19 ms lesen  5 ms rechnen
2026-09-10T08:01:55.697Z  AUSGELASSEN OFED/2024: Datei fehlt
2026-09-10T08:01:55.701Z  AUSGELASSEN OFED/2025: Datei fehlt
2026-09-10T08:01:55.758Z  OHAI/2016       roh           7205 reg. Kerzen        0/0/0 von 252  Tagen gewertet (1m/5m/15m)        0 Signale  21 ms lesen  35 ms rechnen
2026-09-10T08:01:55.864Z  OHAI/2017       roh           9311 reg. Kerzen        0/0/0 von 251  Tagen gewertet (1m/5m/15m)        0 Signale  25 ms lesen  63 ms rechnen
2026-09-10T08:01:55.953Z  OHAI/2018       roh           3523 reg. Kerzen        0/0/0 von 248  Tagen gewertet (1m/5m/15m)        0 Signale  35 ms lesen  30 ms rechnen
2026-09-10T08:01:56.006Z  OHAI/2019       roh           3096 reg. Kerzen        0/0/0 von 240  Tagen gewertet (1m/5m/15m)        0 Signale  21 ms lesen  22 ms rechnen
2026-09-10T08:03:17.153Z  OII/2016        roh          96472 reg. Kerzen      232/0/0 von 252  Tagen gewertet (1m/5m/15m)     6599 Signale  136 ms lesen  80972 ms rechnen
2026-09-10T08:04:36.907Z  OII/2017        roh          91797 reg. Kerzen      248/0/0 von 251  Tagen gewertet (1m/5m/15m)     6953 Signale  149 ms lesen  79349 ms rechnen
2026-09-10T08:06:01.594Z  OII/2018        roh          92406 reg. Kerzen      250/0/0 von 251  Tagen gewertet (1m/5m/15m)     7305 Signale  158 ms lesen  84296 ms rechnen
2026-09-10T08:07:26.430Z  OII/2019        roh          92218 reg. Kerzen      247/0/0 von 252  Tagen gewertet (1m/5m/15m)     7429 Signale  145 ms lesen  84410 ms rechnen
2026-09-10T08:08:45.916Z  OII/2020        roh          91976 reg. Kerzen      213/0/0 von 253  Tagen gewertet (1m/5m/15m)     6860 Signale  225 ms lesen  79002 ms rechnen
2026-09-10T08:09:56.209Z  OII/2021        roh          84718 reg. Kerzen      209/0/0 von 252  Tagen gewertet (1m/5m/15m)     6554 Signale  700 ms lesen  69324 ms rechnen
2026-09-10T08:11:17.409Z  OII/2022        roh          88659 reg. Kerzen      233/0/0 von 251  Tagen gewertet (1m/5m/15m)     7229 Signale  112 ms lesen  80820 ms rechnen
2026-09-10T08:12:26.358Z  OII/2023        roh          86350 reg. Kerzen      216/0/0 von 250  Tagen gewertet (1m/5m/15m)     6326 Signale  112 ms lesen  68612 ms rechnen
2026-09-10T08:13:17.413Z  OII/2024        roh          81910 reg. Kerzen      172/0/0 von 252  Tagen gewertet (1m/5m/15m)     4745 Signale  121 ms lesen  50708 ms rechnen
2026-09-10T08:13:53.188Z  OII/2025        roh          76492 reg. Kerzen      117/0/0 von 250  Tagen gewertet (1m/5m/15m)     3330 Signale  106 ms lesen  35442 ms rechnen
2026-09-10T08:14:30.960Z  OII/2026        roh          54831 reg. Kerzen      118/0/0 von 166  Tagen gewertet (1m/5m/15m)     3462 Signale  89 ms lesen  37485 ms rechnen
2026-09-10T08:15:18.262Z  OLED/2016       roh          82662 reg. Kerzen      154/0/0 von 252  Tagen gewertet (1m/5m/15m)     4447 Signale  101 ms lesen  47045 ms rechnen
2026-09-10T08:16:26.310Z  OLED/2017       roh          86370 reg. Kerzen      217/0/0 von 251  Tagen gewertet (1m/5m/15m)     6111 Signale  137 ms lesen  67700 ms rechnen
2026-09-10T08:17:49.602Z  OLED/2018       roh          91303 reg. Kerzen      247/0/0 von 251  Tagen gewertet (1m/5m/15m)     7424 Signale  1264 ms lesen  81775 ms rechnen
2026-09-10T08:18:45.306Z  OLED/2019       roh          83596 reg. Kerzen      188/0/0 von 252  Tagen gewertet (1m/5m/15m)     5153 Signale  138 ms lesen  55312 ms rechnen
2026-09-10T08:19:22.621Z  OLED/2020       roh          76249 reg. Kerzen      121/0/0 von 253  Tagen gewertet (1m/5m/15m)     3554 Signale  110 ms lesen  36971 ms rechnen
2026-09-10T08:19:32.298Z  OLED/2021       roh          63734 reg. Kerzen       31/0/0 von 252  Tagen gewertet (1m/5m/15m)      939 Signale  116 ms lesen  9368 ms rechnen
2026-09-10T08:19:46.148Z  OLED/2022       roh          66804 reg. Kerzen       45/0/0 von 251  Tagen gewertet (1m/5m/15m)     1356 Signale  102 ms lesen  13557 ms rechnen
2026-09-10T08:19:53.523Z  OLED/2023       roh          58480 reg. Kerzen       25/0/0 von 250  Tagen gewertet (1m/5m/15m)      686 Signale  84 ms lesen  7096 ms rechnen
2026-09-10T08:19:58.295Z  OLED/2024       roh          56313 reg. Kerzen       16/0/0 von 252  Tagen gewertet (1m/5m/15m)      465 Signale  94 ms lesen  4509 ms rechnen
2026-09-10T08:20:09.375Z  OLED/2025       roh          63860 reg. Kerzen       36/0/0 von 250  Tagen gewertet (1m/5m/15m)     1059 Signale  104 ms lesen  10846 ms rechnen
2026-09-10T08:20:30.680Z  OLED/2026       roh          50174 reg. Kerzen       71/0/0 von 166  Tagen gewertet (1m/5m/15m)     2149 Signale  78 ms lesen  21053 ms rechnen
2026-09-10T08:20:31.005Z  OMAB/2016       roh          26316 reg. Kerzen        0/0/0 von 252  Tagen gewertet (1m/5m/15m)        0 Signale  56 ms lesen  129 ms rechnen
2026-09-10T08:20:31.387Z  OMAB/2017       roh          39111 reg. Kerzen        0/0/0 von 251  Tagen gewertet (1m/5m/15m)        0 Signale  79 ms lesen  219 ms rechnen
2026-09-10T08:20:31.742Z  OMAB/2018       roh          33769 reg. Kerzen        0/0/0 von 251  Tagen gewertet (1m/5m/15m)        0 Signale  72 ms lesen  180 ms rechnen
2026-09-10T08:20:32.062Z  OMAB/2019       roh          29679 reg. Kerzen        0/0/0 von 252  Tagen gewertet (1m/5m/15m)        0 Signale  57 ms lesen  166 ms rechnen
2026-09-10T08:20:32.692Z  OMAB/2020       roh          37416 reg. Kerzen        1/0/0 von 253  Tagen gewertet (1m/5m/15m)       26 Signale  83 ms lesen  476 ms rechnen
2026-09-10T08:20:33.269Z  OMAB/2021       roh          31237 reg. Kerzen        1/0/0 von 252  Tagen gewertet (1m/5m/15m)       32 Signale  69 ms lesen  416 ms rechnen
2026-09-10T08:20:33.506Z  OMAB/2022       roh          21830 reg. Kerzen        0/0/0 von 251  Tagen gewertet (1m/5m/15m)        0 Signale  49 ms lesen  109 ms rechnen
2026-09-10T08:20:33.757Z  OMAB/2023       roh          27402 reg. Kerzen        0/0/0 von 250  Tagen gewertet (1m/5m/15m)        0 Signale  46 ms lesen  155 ms rechnen
2026-09-10T08:20:33.981Z  OMAB/2024       roh          20980 reg. Kerzen        0/0/0 von 252  Tagen gewertet (1m/5m/15m)        0 Signale  36 ms lesen  109 ms rechnen
2026-09-10T08:20:34.213Z  OMAB/2025       roh          21983 reg. Kerzen        0/0/0 von 250  Tagen gewertet (1m/5m/15m)        0 Signale  52 ms lesen  131 ms rechnen
2026-09-10T08:20:34.386Z  OMAB/2026       roh          14684 reg. Kerzen        0/0/0 von 166  Tagen gewertet (1m/5m/15m)        0 Signale  24 ms lesen  77 ms rechnen
2026-09-10T08:20:34.473Z  OMEG/2021       roh           4484 reg. Kerzen        0/0/0 von 217  Tagen gewertet (1m/5m/15m)        0 Signale  20 ms lesen  25 ms rechnen
2026-09-10T08:20:34.504Z  OMEG/2022       roh           1181 reg. Kerzen        0/0/0 von 186  Tagen gewertet (1m/5m/15m)        0 Signale  12 ms lesen  10 ms rechnen
2026-09-10T08:20:34.564Z  OMQS/2021       roh           4867 reg. Kerzen        0/0/0 von 84   Tagen gewertet (1m/5m/15m)        0 Signale  19 ms lesen  28 ms rechnen
2026-09-10T08:20:34.621Z  OMQS/2022       roh           5104 reg. Kerzen        0/0/0 von 248  Tagen gewertet (1m/5m/15m)        0 Signale  17 ms lesen  31 ms rechnen
2026-09-10T08:20:34.704Z  OMQS/2023       roh           5439 reg. Kerzen        0/0/0 von 248  Tagen gewertet (1m/5m/15m)        0 Signale  31 ms lesen  34 ms rechnen
2026-09-10T08:20:34.768Z  OMQS/2024       roh           4633 reg. Kerzen        0/0/0 von 87   Tagen gewertet (1m/5m/15m)        0 Signale  23 ms lesen  30 ms rechnen
2026-09-10T08:20:34.781Z  AUSGELASSEN OMQS/2025: Datei fehlt
2026-09-10T08:20:35.023Z  ONE/2016        bereinigt    30548 reg. Kerzen        0/0/0 von 149  Tagen gewertet (1m/5m/15m)        0 Signale  61 ms lesen  173 ms rechnen
2026-09-10T08:20:35.119Z  AUSGELASSEN ONE/2017: Datei fehlt
2026-09-10T08:20:36.766Z  ONE/2018        bereinigt    33358 reg. Kerzen        4/0/0 von 192  Tagen gewertet (1m/5m/15m)      115 Signale  166 ms lesen  1480 ms rechnen
2026-09-10T08:20:37.170Z  ONE/2019        bereinigt    43999 reg. Kerzen        0/0/0 von 252  Tagen gewertet (1m/5m/15m)        0 Signale  75 ms lesen  232 ms rechnen
2026-09-10T08:20:37.547Z  ONE/2020        bereinigt    35682 reg. Kerzen        0/0/0 von 253  Tagen gewertet (1m/5m/15m)        0 Signale  54 ms lesen  206 ms rechnen
2026-09-10T08:20:38.004Z  ONE/2021        bereinigt    41561 reg. Kerzen        0/0/0 von 195  Tagen gewertet (1m/5m/15m)        0 Signale  115 ms lesen  243 ms rechnen
2026-09-10T08:20:38.252Z  ONE/2022        bereinigt     9860 reg. Kerzen        0/0/0 von 79   Tagen gewertet (1m/5m/15m)        0 Signale  30 ms lesen  95 ms rechnen
2026-09-10T08:20:43.834Z  ONVO/2016       bereinigt    70780 reg. Kerzen       15/0/0 von 252  Tagen gewertet (1m/5m/15m)      450 Signale  125 ms lesen  5435 ms rechnen
2026-09-10T08:20:45.711Z  ONVO/2017       bereinigt    73155 reg. Kerzen        3/0/0 von 251  Tagen gewertet (1m/5m/15m)       93 Signale  149 ms lesen  1542 ms rechnen
2026-09-10T08:20:46.451Z  ONVO/2018       bereinigt    64155 reg. Kerzen        0/0/0 von 251  Tagen gewertet (1m/5m/15m)        0 Signale  128 ms lesen  410 ms rechnen
2026-09-10T08:20:47.152Z  ONVO/2019       bereinigt    65278 reg. Kerzen        0/0/0 von 252  Tagen gewertet (1m/5m/15m)        0 Signale  112 ms lesen  422 ms rechnen
2026-09-10T08:20:47.788Z  ONVO/2020       bereinigt    51532 reg. Kerzen        0/0/0 von 253  Tagen gewertet (1m/5m/15m)        0 Signale  93 ms lesen  353 ms rechnen
2026-09-10T08:20:48.834Z  ONVO/2021       bereinigt    33045 reg. Kerzen        2/0/0 von 252  Tagen gewertet (1m/5m/15m)       65 Signale  65 ms lesen  828 ms rechnen
2026-09-10T08:20:49.021Z  ONVO/2022       bereinigt    11472 reg. Kerzen        0/0/0 von 251  Tagen gewertet (1m/5m/15m)        0 Signale  43 ms lesen  67 ms rechnen
2026-09-10T08:20:49.156Z  ONVO/2023       bereinigt    13481 reg. Kerzen        0/0/0 von 250  Tagen gewertet (1m/5m/15m)        0 Signale  26 ms lesen  78 ms rechnen
2026-09-10T08:20:49.316Z  ONVO/2024       bereinigt    16242 reg. Kerzen        0/0/0 von 252  Tagen gewertet (1m/5m/15m)        0 Signale  35 ms lesen  93 ms rechnen
2026-09-10T08:20:49.436Z  ONVO/2025       bereinigt     8446 reg. Kerzen        0/0/0 von 76   Tagen gewertet (1m/5m/15m)        0 Signale  21 ms lesen  55 ms rechnen
2026-09-10T08:20:49.608Z  OPGN/2016       bereinigt    16384 reg. Kerzen        0/0/0 von 247  Tagen gewertet (1m/5m/15m)        0 Signale  44 ms lesen  87 ms rechnen
2026-09-10T08:20:49.973Z  OPGN/2017       bereinigt    41554 reg. Kerzen        0/0/0 von 251  Tagen gewertet (1m/5m/15m)        0 Signale  80 ms lesen  240 ms rechnen
2026-09-10T08:20:50.273Z  OPGN/2018       bereinigt    25614 reg. Kerzen        0/0/0 von 251  Tagen gewertet (1m/5m/15m)        0 Signale  58 ms lesen  153 ms rechnen
2026-09-10T08:20:50.651Z  OPGN/2019       bereinigt    22039 reg. Kerzen        0/0/0 von 252  Tagen gewertet (1m/5m/15m)        0 Signale  153 ms lesen  144 ms rechnen
2026-09-10T08:20:53.920Z  OPGN/2020       bereinigt    65494 reg. Kerzen        8/0/0 von 253  Tagen gewertet (1m/5m/15m)      272 Signale  173 ms lesen  3035 ms rechnen
2026-09-10T08:21:02.960Z  OPGN/2021       bereinigt    64675 reg. Kerzen       21/0/0 von 252  Tagen gewertet (1m/5m/15m)      697 Signale  172 ms lesen  8701 ms rechnen
2026-09-10T08:21:03.437Z  OPGN/2022       bereinigt    32257 reg. Kerzen        0/0/0 von 251  Tagen gewertet (1m/5m/15m)        0 Signale  96 ms lesen  197 ms rechnen
2026-09-10T08:21:05.964Z  OPGN/2023       bereinigt    30391 reg. Kerzen        0/0/0 von 250  Tagen gewertet (1m/5m/15m)        0 Signale  2226 ms lesen  206 ms rechnen
2026-09-10T08:21:07.120Z  OPGN/2024       bereinigt    10792 reg. Kerzen        0/0/0 von 159  Tagen gewertet (1m/5m/15m)        0 Signale  1005 ms lesen  71 ms rechnen
2026-09-10T08:21:07.148Z  AUSGELASSEN OPGN/2025: Datei fehlt
2026-09-10T08:21:10.461Z  OPWR/2016       roh          26203 reg. Kerzen        6/0/0 von 112  Tagen gewertet (1m/5m/15m)       65 Signale  1121 ms lesen  2180 ms rechnen
2026-09-10T08:21:11.206Z  ORCC/2019       roh          19682 reg. Kerzen        0/0/0 von 116  Tagen gewertet (1m/5m/15m)        0 Signale  506 ms lesen  116 ms rechnen
2026-09-10T08:22:09.189Z  ORCC/2020       roh          82108 reg. Kerzen      174/0/0 von 253  Tagen gewertet (1m/5m/15m)     4923 Signale  3185 ms lesen  54746 ms rechnen
2026-09-10T08:23:14.659Z  ORCC/2021       roh          85243 reg. Kerzen      216/0/0 von 252  Tagen gewertet (1m/5m/15m)     4885 Signale  552 ms lesen  64658 ms rechnen
2026-09-10T08:24:35.882Z  ORCC/2022       roh          91729 reg. Kerzen      248/0/0 von 251  Tagen gewertet (1m/5m/15m)     6114 Signale  140 ms lesen  80861 ms rechnen
2026-09-10T08:25:16.226Z  ORCC/2023       roh          46449 reg. Kerzen      126/0/0 von 126  Tagen gewertet (1m/5m/15m)     3061 Signale  129 ms lesen  39962 ms rechnen
2026-09-10T08:25:16.462Z  ORIS/2024       bereinigt     7975 reg. Kerzen        0/0/0 von 52   Tagen gewertet (1m/5m/15m)        0 Signale  40 ms lesen  41 ms rechnen
2026-09-10T08:25:16.936Z  ORIS/2025       bereinigt    47399 reg. Kerzen        0/0/0 von 250  Tagen gewertet (1m/5m/15m)        0 Signale  109 ms lesen  345 ms rechnen
2026-09-10T08:25:17.149Z  ORIS/2026       bereinigt    10793 reg. Kerzen        0/0/0 von 118  Tagen gewertet (1m/5m/15m)        0 Signale  21 ms lesen  80 ms rechnen
2026-09-10T08:25:17.243Z  ORTX/2018       bereinigt     3202 reg. Kerzen        0/0/0 von 41   Tagen gewertet (1m/5m/15m)        0 Signale  21 ms lesen  20 ms rechnen
2026-09-10T08:25:17.517Z  ORTX/2019       bereinigt    33759 reg. Kerzen        0/0/0 von 252  Tagen gewertet (1m/5m/15m)        0 Signale  64 ms lesen  203 ms rechnen
2026-09-10T08:25:18.086Z  ORTX/2020       bereinigt    61307 reg. Kerzen        0/0/0 von 253  Tagen gewertet (1m/5m/15m)        0 Signale  109 ms lesen  362 ms rechnen
2026-09-10T08:25:34.594Z  ORTX/2021       bereinigt    71827 reg. Kerzen       44/0/0 von 252  Tagen gewertet (1m/5m/15m)     1438 Signale  109 ms lesen  16232 ms rechnen
2026-09-10T08:25:35.214Z  ORTX/2022       bereinigt    47089 reg. Kerzen        0/0/0 von 251  Tagen gewertet (1m/5m/15m)        0 Signale  100 ms lesen  323 ms rechnen
2026-09-10T08:25:35.530Z  ORTX/2023       bereinigt    21498 reg. Kerzen        0/0/0 von 250  Tagen gewertet (1m/5m/15m)        0 Signale  33 ms lesen  139 ms rechnen
2026-09-10T08:25:35.629Z  ORTX/2024       roh           1707 reg. Kerzen        0/0/0 von 15   Tagen gewertet (1m/5m/15m)        0 Signale  15 ms lesen  13 ms rechnen
2026-09-10T08:25:35.665Z  OSI/2021        roh           1394 reg. Kerzen        0/0/0 von 95   Tagen gewertet (1m/5m/15m)        0 Signale  25 ms lesen  6 ms rechnen
2026-09-10T08:25:35.702Z  OSI/2022        roh            702 reg. Kerzen        0/0/0 von 151  Tagen gewertet (1m/5m/15m)        0 Signale  27 ms lesen  7 ms rechnen
2026-09-10T08:25:35.735Z  OSI/2023        roh            556 reg. Kerzen        0/0/0 von 148  Tagen gewertet (1m/5m/15m)        0 Signale  24 ms lesen  6 ms rechnen
2026-09-10T08:25:35.752Z  OSI/2024        roh            105 reg. Kerzen        0/0/0 von 54   Tagen gewertet (1m/5m/15m)        0 Signale  13 ms lesen  2 ms rechnen
2026-09-10T08:25:39.282Z  OSW/2019        roh          45455 reg. Kerzen       11/0/0 von 198  Tagen gewertet (1m/5m/15m)      306 Signale  88 ms lesen  3420 ms rechnen
2026-09-10T08:25:53.038Z  OSW/2020        roh          66724 reg. Kerzen       40/0/0 von 253  Tagen gewertet (1m/5m/15m)     1264 Signale  107 ms lesen  13502 ms rechnen
2026-09-10T08:25:54.502Z  OSW/2021        roh          55366 reg. Kerzen        3/0/0 von 252  Tagen gewertet (1m/5m/15m)       88 Signale  75 ms lesen  1200 ms rechnen
2026-09-10T08:25:55.023Z  OSW/2022        roh          52516 reg. Kerzen        0/0/0 von 251  Tagen gewertet (1m/5m/15m)        0 Signale  80 ms lesen  292 ms rechnen
2026-09-10T08:26:01.551Z  OSW/2023        roh          68710 reg. Kerzen       20/0/0 von 250  Tagen gewertet (1m/5m/15m)      555 Signale  87 ms lesen  6295 ms rechnen
2026-09-10T08:26:07.281Z  OSW/2024        roh          60746 reg. Kerzen       18/0/0 von 252  Tagen gewertet (1m/5m/15m)      488 Signale  149 ms lesen  5391 ms rechnen
2026-09-10T08:26:25.707Z  OSW/2025        roh          64575 reg. Kerzen       48/0/0 von 250  Tagen gewertet (1m/5m/15m)     1408 Signale  3527 ms lesen  14737 ms rechnen
2026-09-10T08:26:35.715Z  OSW/2026        roh          43704 reg. Kerzen       26/0/0 von 166  Tagen gewertet (1m/5m/15m)      750 Signale  1580 ms lesen  8219 ms rechnen
2026-09-10T08:26:36.093Z  OTMO/2021       bereinigt    12798 reg. Kerzen        0/0/0 von 97   Tagen gewertet (1m/5m/15m)        0 Signale  138 ms lesen  78 ms rechnen
2026-09-10T08:26:36.473Z  OTMO/2022       bereinigt    26098 reg. Kerzen        0/0/0 von 251  Tagen gewertet (1m/5m/15m)        0 Signale  208 ms lesen  140 ms rechnen
2026-09-10T08:26:37.292Z  OTMO/2023       bereinigt    11548 reg. Kerzen        0/0/0 von 200  Tagen gewertet (1m/5m/15m)        0 Signale  678 ms lesen  71 ms rechnen
2026-09-10T08:28:07.244Z  OVV/2016        roh          98035 reg. Kerzen      232/0/0 von 252  Tagen gewertet (1m/5m/15m)     7248 Signale  2501 ms lesen  87394 ms rechnen
2026-09-10T08:29:40.246Z  OVV/2017        roh          97404 reg. Kerzen      251/0/0 von 251  Tagen gewertet (1m/5m/15m)     7174 Signale  148 ms lesen  92571 ms rechnen
2026-09-10T08:31:11.373Z  OVV/2018        roh          97248 reg. Kerzen      251/0/0 von 251  Tagen gewertet (1m/5m/15m)     7323 Signale  117 ms lesen  90744 ms rechnen
2026-09-10T08:32:46.567Z  OVV/2019        roh          97674 reg. Kerzen      252/0/0 von 252  Tagen gewertet (1m/5m/15m)     7766 Signale  136 ms lesen  94810 ms rechnen
2026-09-10T08:34:24.993Z  OVV/2020        roh          98073 reg. Kerzen      253/0/0 von 253  Tagen gewertet (1m/5m/15m)     8159 Signale  159 ms lesen  98012 ms rechnen
2026-09-10T08:35:58.745Z  OVV/2021        roh          96975 reg. Kerzen      250/0/0 von 252  Tagen gewertet (1m/5m/15m)     7641 Signale  160 ms lesen  93306 ms rechnen
2026-09-10T08:37:30.944Z  OVV/2022        roh          96969 reg. Kerzen      249/0/0 von 251  Tagen gewertet (1m/5m/15m)     7834 Signale  141 ms lesen  91809 ms rechnen
2026-09-10T08:38:58.563Z  OVV/2023        roh          97020 reg. Kerzen      250/0/0 von 250  Tagen gewertet (1m/5m/15m)     6933 Signale  127 ms lesen  87240 ms rechnen
2026-09-10T08:40:23.049Z  OVV/2024        roh          97329 reg. Kerzen      252/0/0 von 252  Tagen gewertet (1m/5m/15m)     6296 Signale  137 ms lesen  84109 ms rechnen
2026-09-10T08:41:50.115Z  OVV/2025        roh          96552 reg. Kerzen      250/0/0 von 250  Tagen gewertet (1m/5m/15m)     6757 Signale  143 ms lesen  86645 ms rechnen
2026-09-10T08:42:47.340Z  OVV/2026        roh          64608 reg. Kerzen      166/0/0 von 166  Tagen gewertet (1m/5m/15m)     4540 Signale  95 ms lesen  56844 ms rechnen
2026-09-10T08:42:47.557Z  OXUS/2021       roh            916 reg. Kerzen        0/0/0 von 61   Tagen gewertet (1m/5m/15m)        0 Signale  17 ms lesen  6 ms rechnen
2026-09-10T08:42:47.579Z  OXUS/2022       roh            828 reg. Kerzen        0/0/0 von 196  Tagen gewertet (1m/5m/15m)        0 Signale  11 ms lesen  7 ms rechnen
2026-09-10T08:42:47.597Z  OXUS/2023       roh            567 reg. Kerzen        0/0/0 von 154  Tagen gewertet (1m/5m/15m)        0 Signale  8 ms lesen  6 ms rechnen
2026-09-10T08:42:47.607Z  OXUS/2024       roh            106 reg. Kerzen        0/0/0 von 18   Tagen gewertet (1m/5m/15m)        0 Signale  7 ms lesen  1 ms rechnen
2026-09-10T08:44:11.854Z  PAAS/2016       roh          97281 reg. Kerzen      232/0/0 von 252  Tagen gewertet (1m/5m/15m)     7275 Signale  117 ms lesen  84114 ms rechnen
2026-09-10T08:45:35.573Z  PAAS/2017       roh          94093 reg. Kerzen      251/0/0 von 251  Tagen gewertet (1m/5m/15m)     6909 Signale  128 ms lesen  83343 ms rechnen
2026-09-10T08:46:56.547Z  PAAS/2018       roh          91219 reg. Kerzen      247/0/0 von 251  Tagen gewertet (1m/5m/15m)     6619 Signale  138 ms lesen  80610 ms rechnen
2026-09-10T08:48:22.656Z  PAAS/2019       roh          96223 reg. Kerzen      252/0/0 von 252  Tagen gewertet (1m/5m/15m)     7059 Signale  122 ms lesen  85742 ms rechnen
2026-09-10T08:49:56.151Z  PAAS/2020       roh          97935 reg. Kerzen      253/0/0 von 253  Tagen gewertet (1m/5m/15m)     7776 Signale  152 ms lesen  93066 ms rechnen
2026-09-10T08:51:25.887Z  PAAS/2021       roh          97144 reg. Kerzen      252/0/0 von 252  Tagen gewertet (1m/5m/15m)     7128 Signale  138 ms lesen  89340 ms rechnen
2026-09-10T08:52:55.764Z  PAAS/2022       roh          97076 reg. Kerzen      251/0/0 von 251  Tagen gewertet (1m/5m/15m)     7446 Signale  141 ms lesen  89472 ms rechnen
2026-09-10T08:54:23.306Z  PAAS/2023       roh          96361 reg. Kerzen      250/0/0 von 250  Tagen gewertet (1m/5m/15m)     6911 Signale  133 ms lesen  87171 ms rechnen
2026-09-10T08:55:51.517Z  PAAS/2024       roh          97112 reg. Kerzen      252/0/0 von 252  Tagen gewertet (1m/5m/15m)     6988 Signale  136 ms lesen  87786 ms rechnen
2026-09-10T08:57:19.470Z  PAAS/2025       roh          96705 reg. Kerzen      250/0/0 von 250  Tagen gewertet (1m/5m/15m)     6838 Signale  707 ms lesen  86938 ms rechnen
2026-09-10T08:58:19.420Z  PAAS/2026       roh          64716 reg. Kerzen      166/0/0 von 166  Tagen gewertet (1m/5m/15m)     4894 Signale  117 ms lesen  59578 ms rechnen
2026-09-10T08:59:24.983Z  PACW/2016       roh          89599 reg. Kerzen      216/0/0 von 252  Tagen gewertet (1m/5m/15m)     5482 Signale  130 ms lesen  65206 ms rechnen
2026-09-10T09:00:26.711Z  PACW/2017       roh          85928 reg. Kerzen      216/0/0 von 251  Tagen gewertet (1m/5m/15m)     5426 Signale  126 ms lesen  61359 ms rechnen
2026-09-10T09:01:42.128Z  PACW/2018       roh          90105 reg. Kerzen      244/0/0 von 251  Tagen gewertet (1m/5m/15m)     6117 Signale  104 ms lesen  75060 ms rechnen
2026-09-10T09:02:54.863Z  PACW/2019       roh          89978 reg. Kerzen      241/0/0 von 252  Tagen gewertet (1m/5m/15m)     6001 Signale  185 ms lesen  72307 ms rechnen
2026-09-10T09:04:21.682Z  PACW/2020       roh          93600 reg. Kerzen      250/0/0 von 253  Tagen gewertet (1m/5m/15m)     7460 Signale  129 ms lesen  86473 ms rechnen
2026-09-10T09:05:28.740Z  PACW/2021       roh          86747 reg. Kerzen      219/0/0 von 252  Tagen gewertet (1m/5m/15m)     6050 Signale  129 ms lesen  66689 ms rechnen
2026-09-10T09:06:50.241Z  PACW/2022       roh          92823 reg. Kerzen      245/0/0 von 251  Tagen gewertet (1m/5m/15m)     6856 Signale  145 ms lesen  81141 ms rechnen
2026-09-10T09:08:13.112Z  PACW/2023       roh          87489 reg. Kerzen      228/0/0 von 230  Tagen gewertet (1m/5m/15m)     6941 Signale  135 ms lesen  82496 ms rechnen
2026-09-10T09:08:13.350Z  PAIC/2020       roh            161 reg. Kerzen        0/0/0 von 22   Tagen gewertet (1m/5m/15m)        0 Signale  14 ms lesen  2 ms rechnen
2026-09-10T09:08:13.385Z  PAIC/2021       roh           1767 reg. Kerzen        0/0/0 von 216  Tagen gewertet (1m/5m/15m)        0 Signale  19 ms lesen  15 ms rechnen
2026-09-10T09:08:13.418Z  PAIC/2022       roh            224 reg. Kerzen        0/0/0 von 6    Tagen gewertet (1m/5m/15m)        0 Signale  23 ms lesen  2 ms rechnen
2026-09-10T09:08:13.521Z  PARA/2016       roh           8019 reg. Kerzen        0/0/0 von 249  Tagen gewertet (1m/5m/15m)        0 Signale  29 ms lesen  47 ms rechnen
2026-09-10T09:08:13.637Z  PARA/2017       roh          11441 reg. Kerzen        0/0/0 von 251  Tagen gewertet (1m/5m/15m)        0 Signale  23 ms lesen  70 ms rechnen
2026-09-10T09:08:13.738Z  PARA/2018       roh           8483 reg. Kerzen        0/0/0 von 132  Tagen gewertet (1m/5m/15m)        0 Signale  23 ms lesen  48 ms rechnen
2026-09-10T09:08:13.755Z  AUSGELASSEN PARA/2019: Datei fehlt
2026-09-10T09:08:13.775Z  AUSGELASSEN PARA/2020: Datei fehlt
2026-09-10T09:08:13.816Z  PARA/2021       roh           3264 reg. Kerzen        0/0/0 von 199  Tagen gewertet (1m/5m/15m)        0 Signale  25 ms lesen  15 ms rechnen
2026-09-10T09:08:13.838Z  PARA/2022       roh            989 reg. Kerzen        0/0/0 von 188  Tagen gewertet (1m/5m/15m)        0 Signale  8 ms lesen  7 ms rechnen
2026-09-10T09:08:13.868Z  PARA/2023       roh           2311 reg. Kerzen        0/0/0 von 179  Tagen gewertet (1m/5m/15m)        0 Signale  15 ms lesen  12 ms rechnen
2026-09-10T09:08:14.273Z  PARA/2024       roh          40502 reg. Kerzen        0/0/0 von 252  Tagen gewertet (1m/5m/15m)        0 Signale  106 ms lesen  294 ms rechnen
2026-09-10T09:08:14.784Z  PARA/2025       roh          54031 reg. Kerzen        0/0/0 von 250  Tagen gewertet (1m/5m/15m)        0 Signale  86 ms lesen  317 ms rechnen
2026-09-10T09:08:15.168Z  PARA/2026       roh          34411 reg. Kerzen        0/0/0 von 166  Tagen gewertet (1m/5m/15m)        0 Signale  50 ms lesen  198 ms rechnen
2026-09-10T09:08:18.756Z  PAYA/2020       roh          13929 reg. Kerzen       11/0/0 von 52   Tagen gewertet (1m/5m/15m)      317 Signale  31 ms lesen  3444 ms rechnen
2026-09-10T09:09:07.211Z  PAYA/2021       roh          80893 reg. Kerzen      155/0/0 von 252  Tagen gewertet (1m/5m/15m)     4644 Signale  120 ms lesen  48299 ms rechnen
2026-09-10T09:09:09.438Z  PAYA/2022       roh          65770 reg. Kerzen        5/0/0 von 251  Tagen gewertet (1m/5m/15m)      168 Signale  99 ms lesen  1890 ms rechnen
2026-09-10T09:09:13.885Z  PAYA/2023       roh          10718 reg. Kerzen       11/0/0 von 34   Tagen gewertet (1m/5m/15m)      122 Signale  47 ms lesen  4219 ms rechnen
2026-09-10T09:09:13.968Z  PBBK/2021       roh           1467 reg. Kerzen        0/0/0 von 113  Tagen gewertet (1m/5m/15m)        0 Signale  19 ms lesen  6 ms rechnen
2026-09-10T09:09:13.988Z  PBBK/2022       roh            875 reg. Kerzen        0/0/0 von 209  Tagen gewertet (1m/5m/15m)        0 Signale  9 ms lesen  7 ms rechnen
2026-09-10T09:09:14.030Z  PBBK/2023       roh            922 reg. Kerzen        0/0/0 von 192  Tagen gewertet (1m/5m/15m)        0 Signale  30 ms lesen  9 ms rechnen
2026-09-10T09:09:14.060Z  PBBK/2024       roh            798 reg. Kerzen        0/0/0 von 178  Tagen gewertet (1m/5m/15m)        0 Signale  18 ms lesen  8 ms rechnen
2026-09-10T09:09:14.106Z  PBBK/2025       roh           2219 reg. Kerzen        0/0/0 von 216  Tagen gewertet (1m/5m/15m)        0 Signale  24 ms lesen  18 ms rechnen
2026-09-10T09:09:14.125Z  PBBK/2026       roh             17 reg. Kerzen        0/0/0 von 1    Tagen gewertet (1m/5m/15m)        0 Signale  11 ms lesen  1 ms rechnen
2026-09-10T09:09:14.179Z  PBLA/2020       bereinigt     3856 reg. Kerzen        0/0/0 von 87   Tagen gewertet (1m/5m/15m)        0 Signale  24 ms lesen  28 ms rechnen
2026-09-10T09:09:14.330Z  PBLA/2021       bereinigt    15301 reg. Kerzen        0/0/0 von 252  Tagen gewertet (1m/5m/15m)        0 Signale  46 ms lesen  93 ms rechnen
2026-09-10T09:09:14.521Z  PBLA/2022       bereinigt    15644 reg. Kerzen        0/0/0 von 251  Tagen gewertet (1m/5m/15m)        0 Signale  43 ms lesen  99 ms rechnen
2026-09-10T09:09:14.924Z  PBLA/2023       bereinigt    43600 reg. Kerzen        0/0/0 von 250  Tagen gewertet (1m/5m/15m)        0 Signale  106 ms lesen  267 ms rechnen
2026-09-10T09:09:15.133Z  PBLA/2024       bereinigt     9021 reg. Kerzen        0/0/0 von 45   Tagen gewertet (1m/5m/15m)        0 Signale  15 ms lesen  68 ms rechnen
2026-09-10T09:09:15.164Z  AUSGELASSEN PBLA/2025: Datei fehlt
2026-09-10T09:10:31.918Z  PCAR/2016       bereinigt    97148 reg. Kerzen      232/0/0 von 252  Tagen gewertet (1m/5m/15m)     5445 Signale  437 ms lesen  76299 ms rechnen
2026-09-10T09:11:50.648Z  PCAR/2017       bereinigt    94900 reg. Kerzen      250/0/0 von 251  Tagen gewertet (1m/5m/15m)     5743 Signale  182 ms lesen  78324 ms rechnen
2026-09-10T09:13:12.580Z  PCAR/2018       bereinigt    95759 reg. Kerzen      249/0/0 von 251  Tagen gewertet (1m/5m/15m)     6339 Signale  186 ms lesen  81463 ms rechnen
2026-09-10T09:14:32.783Z  PCAR/2019       bereinigt    96267 reg. Kerzen      252/0/0 von 252  Tagen gewertet (1m/5m/15m)     5900 Signale  181 ms lesen  79746 ms rechnen
2026-09-10T09:15:57.803Z  PCAR/2020       bereinigt    96767 reg. Kerzen      253/0/0 von 253  Tagen gewertet (1m/5m/15m)     6427 Signale  178 ms lesen  84577 ms rechnen
2026-09-10T09:17:19.280Z  PCAR/2021       bereinigt    95801 reg. Kerzen      249/0/0 von 252  Tagen gewertet (1m/5m/15m)     6029 Signale  174 ms lesen  81054 ms rechnen
2026-09-10T09:18:41.885Z  PCAR/2022       bereinigt    96010 reg. Kerzen      251/0/0 von 251  Tagen gewertet (1m/5m/15m)     6457 Signale  180 ms lesen  82143 ms rechnen
2026-09-10T09:20:03.756Z  PCAR/2023       bereinigt    96386 reg. Kerzen      250/0/0 von 250  Tagen gewertet (1m/5m/15m)     6060 Signale  134 ms lesen  81467 ms rechnen
2026-09-10T09:21:26.142Z  PCAR/2024       roh          96377 reg. Kerzen      252/0/0 von 252  Tagen gewertet (1m/5m/15m)     5882 Signale  146 ms lesen  81978 ms rechnen
2026-09-10T09:22:46.919Z  PCAR/2025       roh          94926 reg. Kerzen      250/0/0 von 250  Tagen gewertet (1m/5m/15m)     6213 Signale  149 ms lesen  80401 ms rechnen
2026-09-10T09:23:41.575Z  PCAR/2026       roh          63539 reg. Kerzen      166/0/0 von 166  Tagen gewertet (1m/5m/15m)     4214 Signale  102 ms lesen  54274 ms rechnen
2026-09-10T09:23:52.984Z  PCOR/2021       roh          39306 reg. Kerzen       33/0/0 von 157  Tagen gewertet (1m/5m/15m)      995 Signale  67 ms lesen  11175 ms rechnen
2026-09-10T09:24:44.903Z  PCOR/2022       roh          80207 reg. Kerzen      163/0/0 von 251  Tagen gewertet (1m/5m/15m)     4992 Signale  111 ms lesen  51711 ms rechnen
2026-09-10T09:24:47.020Z  CHECKPOINT 3800 Dateien, 1055 min, Detektorfehler {}
2026-09-10T09:25:58.596Z  PCOR/2023       roh          87476 reg. Kerzen      227/0/0 von 250  Tagen gewertet (1m/5m/15m)     6475 Signale  154 ms lesen  71421 ms rechnen
2026-09-10T09:27:15.252Z  PCOR/2024       roh          90417 reg. Kerzen      246/0/0 von 252  Tagen gewertet (1m/5m/15m)     6598 Signale  104 ms lesen  76333 ms rechnen
2026-09-10T09:28:22.478Z  PCOR/2025       roh          85884 reg. Kerzen      217/0/0 von 250  Tagen gewertet (1m/5m/15m)     5958 Signale  112 ms lesen  66866 ms rechnen
2026-09-10T09:29:18.590Z  PCOR/2026       roh          62524 reg. Kerzen      162/0/0 von 166  Tagen gewertet (1m/5m/15m)     4834 Signale  82 ms lesen  55800 ms rechnen
2026-09-10T09:29:18.870Z  PCTI/2016       roh           8523 reg. Kerzen        0/0/0 von 252  Tagen gewertet (1m/5m/15m)        0 Signale  39 ms lesen  55 ms rechnen
2026-09-10T09:29:19.077Z  PCTI/2017       roh          20390 reg. Kerzen        0/0/0 von 251  Tagen gewertet (1m/5m/15m)        0 Signale  58 ms lesen  119 ms rechnen
2026-09-10T09:29:19.243Z  PCTI/2018       roh          11385 reg. Kerzen        0/0/0 von 249  Tagen gewertet (1m/5m/15m)        0 Signale  46 ms lesen  52 ms rechnen
2026-09-10T09:29:19.442Z  PCTI/2019       roh          20195 reg. Kerzen        0/0/0 von 252  Tagen gewertet (1m/5m/15m)        0 Signale  51 ms lesen  117 ms rechnen
2026-09-10T09:29:19.731Z  PCTI/2020       roh          31835 reg. Kerzen        0/0/0 von 253  Tagen gewertet (1m/5m/15m)        0 Signale  49 ms lesen  174 ms rechnen
2026-09-10T09:29:20.042Z  PCTI/2021       roh          27165 reg. Kerzen        0/0/0 von 252  Tagen gewertet (1m/5m/15m)        0 Signale  48 ms lesen  174 ms rechnen
2026-09-10T09:29:20.203Z  PCTI/2022       roh          10231 reg. Kerzen        0/0/0 von 251  Tagen gewertet (1m/5m/15m)        0 Signale  24 ms lesen  61 ms rechnen
2026-09-10T09:29:20.349Z  PCTI/2023       roh          14493 reg. Kerzen        0/0/0 von 241  Tagen gewertet (1m/5m/15m)        0 Signale  51 ms lesen  67 ms rechnen
2026-09-10T09:30:27.589Z  PDCO/2016       roh          90775 reg. Kerzen      226/0/0 von 252  Tagen gewertet (1m/5m/15m)     5082 Signale  102 ms lesen  67074 ms rechnen
2026-09-10T09:31:37.728Z  PDCO/2017       roh          88286 reg. Kerzen      240/0/0 von 251  Tagen gewertet (1m/5m/15m)     5618 Signale  134 ms lesen  69713 ms rechnen
2026-09-10T09:33:00.017Z  PDCO/2018       roh          93411 reg. Kerzen      249/0/0 von 251  Tagen gewertet (1m/5m/15m)     6914 Signale  144 ms lesen  81924 ms rechnen
2026-09-10T09:34:12.599Z  PDCO/2019       roh          88719 reg. Kerzen      239/0/0 von 252  Tagen gewertet (1m/5m/15m)     6336 Signale  129 ms lesen  72202 ms rechnen
2026-09-10T09:35:28.138Z  PDCO/2020       roh          89468 reg. Kerzen      225/0/0 von 253  Tagen gewertet (1m/5m/15m)     6676 Signale  120 ms lesen  75192 ms rechnen
2026-09-10T09:36:10.515Z  PDCO/2021       roh          79517 reg. Kerzen      143/0/0 von 252  Tagen gewertet (1m/5m/15m)     3972 Signale  239 ms lesen  41836 ms rechnen
2026-09-10T09:37:09.167Z  PDCO/2022       roh          83034 reg. Kerzen      191/0/0 von 251  Tagen gewertet (1m/5m/15m)     5187 Signale  3828 ms lesen  54589 ms rechnen
2026-09-10T09:38:00.306Z  PDCO/2023       roh          82300 reg. Kerzen      185/0/0 von 250  Tagen gewertet (1m/5m/15m)     4711 Signale  107 ms lesen  50805 ms rechnen
2026-09-10T09:38:49.872Z  PDCO/2024       roh          81435 reg. Kerzen      175/0/0 von 252  Tagen gewertet (1m/5m/15m)     4325 Signale  119 ms lesen  49229 ms rechnen
2026-09-10T09:39:03.135Z  PDCO/2025       roh          23061 reg. Kerzen       42/0/0 von 72   Tagen gewertet (1m/5m/15m)      636 Signale  51 ms lesen  13013 ms rechnen
2026-09-10T09:39:03.230Z  PEAR/2021       roh           4883 reg. Kerzen        0/0/0 von 19   Tagen gewertet (1m/5m/15m)        0 Signale  16 ms lesen  27 ms rechnen
2026-09-10T09:39:03.582Z  PEAR/2022       roh          45791 reg. Kerzen        0/0/0 von 251  Tagen gewertet (1m/5m/15m)        0 Signale  69 ms lesen  268 ms rechnen
2026-09-10T09:39:03.842Z  PEAR/2023       roh          12690 reg. Kerzen        0/0/0 von 73   Tagen gewertet (1m/5m/15m)        0 Signale  28 ms lesen  92 ms rechnen
2026-09-10T09:39:06.292Z  PEGY/2022       bereinigt    23950 reg. Kerzen        6/0/0 von 192  Tagen gewertet (1m/5m/15m)      205 Signale  64 ms lesen  2330 ms rechnen
2026-09-10T09:39:06.564Z  PEGY/2023       bereinigt    14623 reg. Kerzen        0/0/0 von 250  Tagen gewertet (1m/5m/15m)        0 Signale  114 ms lesen  97 ms rechnen
2026-09-10T09:39:12.362Z  PEGY/2024       bereinigt    57626 reg. Kerzen       13/0/0 von 223  Tagen gewertet (1m/5m/15m)      432 Signale  148 ms lesen  5607 ms rechnen
2026-09-10T09:39:12.773Z  PERY/2016       roh          33797 reg. Kerzen        0/0/0 von 252  Tagen gewertet (1m/5m/15m)        0 Signale  61 ms lesen  200 ms rechnen
2026-09-10T09:39:13.112Z  PERY/2017       roh          34514 reg. Kerzen        0/0/0 von 251  Tagen gewertet (1m/5m/15m)        0 Signale  63 ms lesen  190 ms rechnen
2026-09-10T09:39:13.420Z  PERY/2018       roh          25598 reg. Kerzen        0/0/0 von 203  Tagen gewertet (1m/5m/15m)        0 Signale  49 ms lesen  159 ms rechnen
2026-09-10T09:39:13.678Z  PFBC/2016       roh          23338 reg. Kerzen        0/0/0 von 252  Tagen gewertet (1m/5m/15m)        0 Signale  43 ms lesen  112 ms rechnen
2026-09-10T09:39:13.958Z  PFBC/2017       roh          29633 reg. Kerzen        0/0/0 von 251  Tagen gewertet (1m/5m/15m)        0 Signale  47 ms lesen  169 ms rechnen
2026-09-10T09:39:14.266Z  PFBC/2018       roh          32166 reg. Kerzen        0/0/0 von 251  Tagen gewertet (1m/5m/15m)        0 Signale  56 ms lesen  172 ms rechnen
2026-09-10T09:39:14.580Z  PFBC/2019       roh          24178 reg. Kerzen        0/0/0 von 252  Tagen gewertet (1m/5m/15m)        0 Signale  79 ms lesen  144 ms rechnen
2026-09-10T09:39:14.919Z  PFBC/2020       roh          30064 reg. Kerzen        0/0/0 von 253  Tagen gewertet (1m/5m/15m)        0 Signale  65 ms lesen  204 ms rechnen
2026-09-10T09:39:15.140Z  PFBC/2021       roh          18765 reg. Kerzen        0/0/0 von 252  Tagen gewertet (1m/5m/15m)        0 Signale  48 ms lesen  106 ms rechnen
2026-09-10T09:39:15.350Z  PFBC/2022       roh          20613 reg. Kerzen        0/0/0 von 251  Tagen gewertet (1m/5m/15m)        0 Signale  60 ms lesen  105 ms rechnen
2026-09-10T09:39:15.603Z  PFBC/2023       roh          23610 reg. Kerzen        0/0/0 von 250  Tagen gewertet (1m/5m/15m)        0 Signale  66 ms lesen  141 ms rechnen
2026-09-10T09:39:15.843Z  PFBC/2024       roh          19078 reg. Kerzen        0/0/0 von 252  Tagen gewertet (1m/5m/15m)        0 Signale  58 ms lesen  115 ms rechnen
2026-09-10T09:39:16.102Z  PFBC/2025       roh          18918 reg. Kerzen        0/0/0 von 250  Tagen gewertet (1m/5m/15m)        0 Signale  102 ms lesen  112 ms rechnen
2026-09-10T09:39:16.257Z  PFBC/2026       roh          12145 reg. Kerzen        0/0/0 von 166  Tagen gewertet (1m/5m/15m)        0 Signale  30 ms lesen  73 ms rechnen
2026-09-10T09:39:16.388Z  PFHD/2020       roh          12527 reg. Kerzen        0/0/0 von 227  Tagen gewertet (1m/5m/15m)        0 Signale  25 ms lesen  77 ms rechnen
2026-09-10T09:39:16.510Z  PFHD/2021       roh          10438 reg. Kerzen        0/0/0 von 252  Tagen gewertet (1m/5m/15m)        0 Signale  26 ms lesen  58 ms rechnen
2026-09-10T09:39:16.729Z  PFHD/2022       roh          22096 reg. Kerzen        0/0/0 von 251  Tagen gewertet (1m/5m/15m)        0 Signale  52 ms lesen  141 ms rechnen
2026-09-10T09:39:16.816Z  PFHD/2023       roh           1746 reg. Kerzen        0/0/0 von 20   Tagen gewertet (1m/5m/15m)        0 Signale  18 ms lesen  16 ms rechnen
2026-09-10T09:39:17.063Z  PFSI/2016       roh          33762 reg. Kerzen        0/0/0 von 252  Tagen gewertet (1m/5m/15m)        0 Signale  52 ms lesen  183 ms rechnen
2026-09-10T09:39:17.494Z  PFSI/2017       roh          41120 reg. Kerzen        0/0/0 von 251  Tagen gewertet (1m/5m/15m)        0 Signale  84 ms lesen  244 ms rechnen
2026-09-10T09:39:18.209Z  PFSI/2018       roh          38882 reg. Kerzen        1/0/0 von 251  Tagen gewertet (1m/5m/15m)       28 Signale  79 ms lesen  532 ms rechnen
2026-09-10T09:39:25.030Z  PFSI/2019       roh          58841 reg. Kerzen       24/0/0 von 252  Tagen gewertet (1m/5m/15m)      646 Signale  87 ms lesen  6635 ms rechnen
2026-09-10T09:40:31.721Z  PFSI/2020       roh          85429 reg. Kerzen      210/0/0 von 253  Tagen gewertet (1m/5m/15m)     6433 Signale  110 ms lesen  66412 ms rechnen
2026-09-10T09:41:20.851Z  PFSI/2021       roh          79830 reg. Kerzen      165/0/0 von 252  Tagen gewertet (1m/5m/15m)     4635 Signale  104 ms lesen  48795 ms rechnen
2026-09-10T09:41:45.092Z  PFSI/2022       roh          71281 reg. Kerzen       82/0/0 von 251  Tagen gewertet (1m/5m/15m)     2419 Signale  107 ms lesen  23924 ms rechnen
2026-09-10T09:41:47.791Z  PFSI/2023       roh          53683 reg. Kerzen        7/0/0 von 250  Tagen gewertet (1m/5m/15m)      208 Signale  93 ms lesen  2402 ms rechnen
2026-09-10T09:41:50.110Z  PFSI/2024       roh          44247 reg. Kerzen        3/0/0 von 252  Tagen gewertet (1m/5m/15m)       82 Signale  1154 ms lesen  1034 ms rechnen
2026-09-10T09:41:54.235Z  PFSI/2025       roh          50654 reg. Kerzen       12/0/0 von 250  Tagen gewertet (1m/5m/15m)      334 Signale  83 ms lesen  3942 ms rechnen
2026-09-10T09:42:01.559Z  PFSI/2026       roh          40731 reg. Kerzen       23/0/0 von 166  Tagen gewertet (1m/5m/15m)      679 Signale  69 ms lesen  7140 ms rechnen
2026-09-10T09:42:05.016Z  PGND/2016       roh          46535 reg. Kerzen       11/0/0 von 203  Tagen gewertet (1m/5m/15m)      261 Signale  60 ms lesen  3291 ms rechnen
2026-09-10T09:42:05.604Z  PGTI/2016       roh          61183 reg. Kerzen        0/0/0 von 252  Tagen gewertet (1m/5m/15m)        0 Signale  91 ms lesen  360 ms rechnen
2026-09-10T09:42:07.049Z  PGTI/2017       roh          54237 reg. Kerzen        3/0/0 von 251  Tagen gewertet (1m/5m/15m)       70 Signale  84 ms lesen  1212 ms rechnen
2026-09-10T09:42:40.087Z  PGTI/2018       roh          73563 reg. Kerzen      107/0/0 von 251  Tagen gewertet (1m/5m/15m)     3100 Signale  126 ms lesen  32784 ms rechnen
2026-09-10T09:42:50.792Z  PGTI/2019       roh          69613 reg. Kerzen       35/0/0 von 252  Tagen gewertet (1m/5m/15m)      977 Signale  107 ms lesen  10420 ms rechnen
2026-09-10T09:42:51.760Z  PGTI/2020       roh          60383 reg. Kerzen        1/0/0 von 253  Tagen gewertet (1m/5m/15m)       27 Signale  99 ms lesen  688 ms rechnen
2026-09-10T09:42:52.580Z  PGTI/2021       roh          51792 reg. Kerzen        1/0/0 von 252  Tagen gewertet (1m/5m/15m)       30 Signale  106 ms lesen  565 ms rechnen
2026-09-10T09:42:56.962Z  PGTI/2022       roh          61463 reg. Kerzen       13/0/0 von 251  Tagen gewertet (1m/5m/15m)      362 Signale  113 ms lesen  4147 ms rechnen
2026-09-10T09:43:11.011Z  PGTI/2023       roh          65685 reg. Kerzen       46/0/0 von 250  Tagen gewertet (1m/5m/15m)     1241 Signale  96 ms lesen  13790 ms rechnen
2026-09-10T09:43:22.787Z  PGTI/2024       roh          19361 reg. Kerzen       38/0/0 von 60   Tagen gewertet (1m/5m/15m)      583 Signale  45 ms lesen  11538 ms rechnen
2026-09-10T09:43:22.894Z  PHIC/2021       roh           6907 reg. Kerzen        0/0/0 von 220  Tagen gewertet (1m/5m/15m)        0 Signale  16 ms lesen  41 ms rechnen
2026-09-10T09:43:22.935Z  PHIC/2022       roh            679 reg. Kerzen        0/0/0 von 179  Tagen gewertet (1m/5m/15m)        0 Signale  13 ms lesen  6 ms rechnen
2026-09-10T09:43:23.087Z  PHX/2016        roh          17290 reg. Kerzen        0/0/0 von 252  Tagen gewertet (1m/5m/15m)        0 Signale  45 ms lesen  80 ms rechnen
2026-09-10T09:43:23.238Z  PHX/2017        roh          12022 reg. Kerzen        0/0/0 von 251  Tagen gewertet (1m/5m/15m)        0 Signale  45 ms lesen  64 ms rechnen
2026-09-10T09:43:23.384Z  PHX/2018        roh          10996 reg. Kerzen        0/0/0 von 251  Tagen gewertet (1m/5m/15m)        0 Signale  49 ms lesen  73 ms rechnen
2026-09-10T09:43:23.515Z  PHX/2019        roh          11356 reg. Kerzen        0/0/0 von 252  Tagen gewertet (1m/5m/15m)        0 Signale  29 ms lesen  64 ms rechnen
2026-09-10T09:43:23.755Z  PHX/2020        roh          27390 reg. Kerzen        0/0/0 von 253  Tagen gewertet (1m/5m/15m)        0 Signale  64 ms lesen  147 ms rechnen
2026-09-10T09:43:24.089Z  PHX/2021        roh          34939 reg. Kerzen        0/0/0 von 252  Tagen gewertet (1m/5m/15m)        0 Signale  54 ms lesen  209 ms rechnen
2026-09-10T09:43:24.487Z  PHX/2022        roh          39470 reg. Kerzen        0/0/0 von 251  Tagen gewertet (1m/5m/15m)        0 Signale  66 ms lesen  228 ms rechnen
2026-09-10T09:43:24.724Z  PHX/2023        roh          21414 reg. Kerzen        0/0/0 von 250  Tagen gewertet (1m/5m/15m)        0 Signale  33 ms lesen  96 ms rechnen
2026-09-10T09:43:24.893Z  PHX/2024        roh          13033 reg. Kerzen        0/0/0 von 252  Tagen gewertet (1m/5m/15m)        0 Signale  42 ms lesen  77 ms rechnen
2026-09-10T09:43:25.032Z  PHX/2025        roh          13881 reg. Kerzen        0/0/0 von 116  Tagen gewertet (1m/5m/15m)        0 Signale  23 ms lesen  86 ms rechnen
2026-09-10T09:43:25.130Z  PIH/2016        roh           3809 reg. Kerzen        0/0/0 von 246  Tagen gewertet (1m/5m/15m)        0 Signale  22 ms lesen  27 ms rechnen
2026-09-10T09:43:25.182Z  PIH/2017        roh           2934 reg. Kerzen        0/0/0 von 248  Tagen gewertet (1m/5m/15m)        0 Signale  13 ms lesen  24 ms rechnen
2026-09-10T09:43:25.223Z  PIH/2018        roh           2508 reg. Kerzen        0/0/0 von 244  Tagen gewertet (1m/5m/15m)        0 Signale  14 ms lesen  16 ms rechnen
2026-09-10T09:43:25.262Z  PIH/2019        roh           2296 reg. Kerzen        0/0/0 von 231  Tagen gewertet (1m/5m/15m)        0 Signale  15 ms lesen  17 ms rechnen
2026-09-10T09:43:25.299Z  PIH/2020        roh           1952 reg. Kerzen        0/0/0 von 214  Tagen gewertet (1m/5m/15m)        0 Signale  22 ms lesen  10 ms rechnen
2026-09-10T09:43:26.177Z  PIPR/2016       bereinigt    43425 reg. Kerzen        2/0/0 von 252  Tagen gewertet (1m/5m/15m)       62 Signale  74 ms lesen  781 ms rechnen
2026-09-10T09:43:26.551Z  PIPR/2017       bereinigt    35231 reg. Kerzen        0/0/0 von 251  Tagen gewertet (1m/5m/15m)        0 Signale  47 ms lesen  206 ms rechnen
2026-09-10T09:43:26.899Z  PIPR/2018       bereinigt    31570 reg. Kerzen        0/0/0 von 251  Tagen gewertet (1m/5m/15m)        0 Signale  62 ms lesen  187 ms rechnen
2026-09-10T09:43:27.207Z  PIPR/2019       bereinigt    27184 reg. Kerzen        0/0/0 von 252  Tagen gewertet (1m/5m/15m)        0 Signale  56 ms lesen  158 ms rechnen
2026-09-10T09:43:27.482Z  PIPR/2020       bereinigt    29712 reg. Kerzen        0/0/0 von 253  Tagen gewertet (1m/5m/15m)        0 Signale  39 ms lesen  146 ms rechnen
2026-09-10T09:43:27.733Z  PIPR/2021       bereinigt    22423 reg. Kerzen        0/0/0 von 252  Tagen gewertet (1m/5m/15m)        0 Signale  55 ms lesen  121 ms rechnen
2026-09-10T09:43:27.995Z  PIPR/2022       bereinigt    29296 reg. Kerzen        0/0/0 von 250  Tagen gewertet (1m/5m/15m)        0 Signale  41 ms lesen  149 ms rechnen
2026-09-10T09:43:28.213Z  PIPR/2023       bereinigt    24345 reg. Kerzen        0/0/0 von 250  Tagen gewertet (1m/5m/15m)        0 Signale  32 ms lesen  110 ms rechnen
2026-09-10T09:43:28.439Z  PIPR/2024       bereinigt    22009 reg. Kerzen        0/0/0 von 252  Tagen gewertet (1m/5m/15m)        0 Signale  39 ms lesen  115 ms rechnen
2026-09-10T09:43:28.711Z  PIPR/2025       bereinigt    28947 reg. Kerzen        0/0/0 von 250  Tagen gewertet (1m/5m/15m)        0 Signale  40 ms lesen  158 ms rechnen
2026-09-10T09:43:38.382Z  PIPR/2026       bereinigt    42402 reg. Kerzen       31/0/0 von 166  Tagen gewertet (1m/5m/15m)      858 Signale  66 ms lesen  9531 ms rechnen
2026-09-10T09:43:39.058Z  PKD/2016        bereinigt    67518 reg. Kerzen        0/0/0 von 252  Tagen gewertet (1m/5m/15m)        0 Signale  137 ms lesen  421 ms rechnen
2026-09-10T09:43:39.723Z  PKD/2017        bereinigt    59467 reg. Kerzen        0/0/0 von 251  Tagen gewertet (1m/5m/15m)        0 Signale  104 ms lesen  350 ms rechnen
2026-09-10T09:43:40.306Z  PKD/2018        bereinigt    48753 reg. Kerzen        0/0/0 von 239  Tagen gewertet (1m/5m/15m)        0 Signale  75 ms lesen  358 ms rechnen
2026-09-10T09:43:40.547Z  PKD/2019        roh          10484 reg. Kerzen        0/0/0 von 189  Tagen gewertet (1m/5m/15m)        0 Signale  50 ms lesen  48 ms rechnen
2026-09-10T09:43:40.615Z  PKD/2020        roh           1342 reg. Kerzen        0/0/0 von 26   Tagen gewertet (1m/5m/15m)        0 Signale  26 ms lesen  11 ms rechnen
2026-09-10T09:44:35.424Z  PLAY/2016       roh          85002 reg. Kerzen      178/0/0 von 252  Tagen gewertet (1m/5m/15m)     4957 Signale  123 ms lesen  54672 ms rechnen
2026-09-10T09:45:26.134Z  PLAY/2017       roh          82524 reg. Kerzen      176/0/0 von 251  Tagen gewertet (1m/5m/15m)     4643 Signale  114 ms lesen  50380 ms rechnen
2026-09-10T09:46:39.204Z  PLAY/2018       roh          87789 reg. Kerzen      238/0/0 von 251  Tagen gewertet (1m/5m/15m)     6493 Signale  130 ms lesen  72702 ms rechnen
2026-09-10T09:47:49.804Z  PLAY/2019       roh          88798 reg. Kerzen      231/0/0 von 252  Tagen gewertet (1m/5m/15m)     6322 Signale  135 ms lesen  70230 ms rechnen
2026-09-10T09:49:19.492Z  PLAY/2020       roh          94569 reg. Kerzen      232/0/0 von 253  Tagen gewertet (1m/5m/15m)     7653 Signale  153 ms lesen  89278 ms rechnen
2026-09-10T09:50:48.415Z  PLAY/2021       roh          93408 reg. Kerzen      252/0/0 von 252  Tagen gewertet (1m/5m/15m)     7808 Signale  147 ms lesen  88527 ms rechnen
2026-09-10T09:52:11.857Z  PLAY/2022       roh          91283 reg. Kerzen      246/0/0 von 251  Tagen gewertet (1m/5m/15m)     7478 Signale  182 ms lesen  83019 ms rechnen
2026-09-10T09:53:23.126Z  PLAY/2023       roh          88535 reg. Kerzen      228/0/0 von 250  Tagen gewertet (1m/5m/15m)     6421 Signale  130 ms lesen  70892 ms rechnen
2026-09-10T09:54:41.148Z  PLAY/2024       roh          89940 reg. Kerzen      239/0/0 von 252  Tagen gewertet (1m/5m/15m)     6844 Signale  125 ms lesen  77650 ms rechnen
2026-09-10T09:55:50.423Z  PLAY/2025       roh          85460 reg. Kerzen      210/0/0 von 250  Tagen gewertet (1m/5m/15m)     6400 Signale  125 ms lesen  68909 ms rechnen
2026-09-10T09:56:35.802Z  PLAY/2026       roh          56102 reg. Kerzen      134/0/0 von 166  Tagen gewertet (1m/5m/15m)     4172 Signale  101 ms lesen  45078 ms rechnen
2026-09-10T09:56:35.970Z  PLMI/2021       roh            571 reg. Kerzen        0/0/0 von 95   Tagen gewertet (1m/5m/15m)        0 Signale  12 ms lesen  3 ms rechnen
2026-09-10T09:56:35.997Z  PLMI/2022       roh           1331 reg. Kerzen        0/0/0 von 196  Tagen gewertet (1m/5m/15m)        0 Signale  12 ms lesen  12 ms rechnen
2026-09-10T09:56:36.020Z  PLMI/2023       roh            872 reg. Kerzen        0/0/0 von 177  Tagen gewertet (1m/5m/15m)        0 Signale  12 ms lesen  6 ms rechnen
2026-09-10T09:56:36.040Z  PLMI/2024       roh            405 reg. Kerzen        0/0/0 von 118  Tagen gewertet (1m/5m/15m)        0 Signale  13 ms lesen  5 ms rechnen
2026-09-10T09:56:44.211Z  PLUG/2016       roh          82978 reg. Kerzen       19/0/0 von 252  Tagen gewertet (1m/5m/15m)      546 Signale  116 ms lesen  8052 ms rechnen
2026-09-10T09:58:00.969Z  PLUG/2017       roh          91859 reg. Kerzen      200/0/0 von 251  Tagen gewertet (1m/5m/15m)     6301 Signale  131 ms lesen  76401 ms rechnen
2026-09-10T09:58:50.530Z  PLUG/2018       roh          87242 reg. Kerzen      134/0/0 von 251  Tagen gewertet (1m/5m/15m)     4066 Signale  121 ms lesen  49213 ms rechnen
2026-09-10T10:00:06.491Z  PLUG/2019       roh          94754 reg. Kerzen      195/0/0 von 252  Tagen gewertet (1m/5m/15m)     6046 Signale  163 ms lesen  75602 ms rechnen
2026-09-10T10:01:47.076Z  PLUG/2020       roh          98239 reg. Kerzen      253/0/0 von 253  Tagen gewertet (1m/5m/15m)     8353 Signale  215 ms lesen  100128 ms rechnen
2026-09-10T10:03:25.713Z  PLUG/2021       roh          98100 reg. Kerzen      252/0/0 von 252  Tagen gewertet (1m/5m/15m)     8044 Signale  192 ms lesen  98185 ms rechnen
2026-09-10T10:05:05.779Z  PLUG/2022       roh          97710 reg. Kerzen      251/0/0 von 251  Tagen gewertet (1m/5m/15m)     8057 Signale  189 ms lesen  99631 ms rechnen
2026-09-10T10:06:42.508Z  PLUG/2023       roh          97140 reg. Kerzen      250/0/0 von 250  Tagen gewertet (1m/5m/15m)     8074 Signale  187 ms lesen  96248 ms rechnen
2026-09-10T10:08:22.104Z  PLUG/2024       roh          97737 reg. Kerzen      252/0/0 von 252  Tagen gewertet (1m/5m/15m)     8473 Signale  190 ms lesen  99171 ms rechnen
2026-09-10T10:10:04.890Z  PLUG/2025       roh          96958 reg. Kerzen      250/0/0 von 250  Tagen gewertet (1m/5m/15m)     8374 Signale  223 ms lesen  102269 ms rechnen
2026-09-10T10:11:13.781Z  PLUG/2026       roh          64740 reg. Kerzen      166/0/0 von 166  Tagen gewertet (1m/5m/15m)     5599 Signale  166 ms lesen  68465 ms rechnen
2026-09-10T10:11:23.512Z  PMC/2016        roh          63726 reg. Kerzen       31/0/0 von 252  Tagen gewertet (1m/5m/15m)      946 Signale  76 ms lesen  9508 ms rechnen
2026-09-10T10:11:24.654Z  PMC/2017        roh          42210 reg. Kerzen        2/0/0 von 236  Tagen gewertet (1m/5m/15m)       25 Signale  56 ms lesen  889 ms rechnen
2026-09-10T10:12:41.491Z  PNC/2016        roh          97779 reg. Kerzen      232/0/0 von 252  Tagen gewertet (1m/5m/15m)     5370 Signale  144 ms lesen  76543 ms rechnen
2026-09-10T10:14:00.642Z  PNC/2017        roh          96201 reg. Kerzen      251/0/0 von 251  Tagen gewertet (1m/5m/15m)     5791 Signale  147 ms lesen  78764 ms rechnen
2026-09-10T10:15:24.718Z  PNC/2018        roh          96592 reg. Kerzen      251/0/0 von 251  Tagen gewertet (1m/5m/15m)     6100 Signale  145 ms lesen  83713 ms rechnen
2026-09-10T10:16:47.713Z  PNC/2019        roh          96734 reg. Kerzen      251/0/0 von 252  Tagen gewertet (1m/5m/15m)     5874 Signale  147 ms lesen  82590 ms rechnen
2026-09-10T10:18:16.227Z  PNC/2020        roh          97660 reg. Kerzen      253/0/0 von 253  Tagen gewertet (1m/5m/15m)     6955 Signale  236 ms lesen  88016 ms rechnen
2026-09-10T10:19:38.976Z  PNC/2021        roh          95010 reg. Kerzen      250/0/0 von 252  Tagen gewertet (1m/5m/15m)     6094 Signale  142 ms lesen  82309 ms rechnen
2026-09-10T10:21:02.999Z  PNC/2022        roh          96103 reg. Kerzen      249/0/0 von 250  Tagen gewertet (1m/5m/15m)     6421 Signale  174 ms lesen  83620 ms rechnen
2026-09-10T10:22:25.943Z  PNC/2023        roh          96410 reg. Kerzen      250/0/0 von 250  Tagen gewertet (1m/5m/15m)     6414 Signale  149 ms lesen  82543 ms rechnen
2026-09-10T10:23:45.393Z  PNC/2024        roh          93998 reg. Kerzen      252/0/0 von 252  Tagen gewertet (1m/5m/15m)     5887 Signale  146 ms lesen  79030 ms rechnen
2026-09-10T10:25:04.515Z  PNC/2025        roh          93928 reg. Kerzen      249/0/0 von 250  Tagen gewertet (1m/5m/15m)     5924 Signale  144 ms lesen  78746 ms rechnen
2026-09-10T10:25:57.881Z  PNC/2026        roh          62497 reg. Kerzen      164/0/0 von 166  Tagen gewertet (1m/5m/15m)     3871 Signale  103 ms lesen  52972 ms rechnen
2026-09-10T10:25:58.152Z  PNT/2021        roh          15683 reg. Kerzen        0/0/0 von 128  Tagen gewertet (1m/5m/15m)        0 Signale  26 ms lesen  92 ms rechnen
2026-09-10T10:25:59.318Z  PNT/2022        roh          60484 reg. Kerzen        2/0/0 von 251  Tagen gewertet (1m/5m/15m)       62 Signale  96 ms lesen  1026 ms rechnen
2026-09-10T10:26:13.239Z  PNT/2023        roh          70194 reg. Kerzen       45/0/0 von 247  Tagen gewertet (1m/5m/15m)     1128 Signale  90 ms lesen  13634 ms rechnen
2026-09-10T10:26:45.339Z  PODD/2016       roh          76226 reg. Kerzen       99/0/0 von 252  Tagen gewertet (1m/5m/15m)     2853 Signale  2215 ms lesen  29687 ms rechnen
2026-09-10T10:26:58.298Z  PODD/2017       roh          68413 reg. Kerzen       44/0/0 von 251  Tagen gewertet (1m/5m/15m)     1247 Signale  113 ms lesen  12641 ms rechnen
2026-09-10T10:27:24.659Z  PODD/2018       roh          73206 reg. Kerzen       90/0/0 von 251  Tagen gewertet (1m/5m/15m)     2633 Signale  130 ms lesen  26074 ms rechnen
2026-09-10T10:28:12.581Z  PODD/2019       roh          80907 reg. Kerzen      162/0/0 von 252  Tagen gewertet (1m/5m/15m)     4454 Signale  217 ms lesen  47511 ms rechnen
2026-09-10T10:28:41.112Z  PODD/2020       roh          74463 reg. Kerzen       94/0/0 von 253  Tagen gewertet (1m/5m/15m)     2807 Signale  121 ms lesen  28236 ms rechnen
2026-09-10T10:28:53.230Z  PODD/2021       roh          63885 reg. Kerzen       41/0/0 von 252  Tagen gewertet (1m/5m/15m)     1246 Signale  137 ms lesen  11825 ms rechnen
2026-09-10T10:29:13.029Z  PODD/2022       roh          68280 reg. Kerzen       62/0/0 von 251  Tagen gewertet (1m/5m/15m)     1869 Signale  113 ms lesen  19509 ms rechnen
2026-09-10T10:29:53.533Z  PODD/2023       roh          76729 reg. Kerzen      130/0/0 von 250  Tagen gewertet (1m/5m/15m)     3749 Signale  150 ms lesen  40154 ms rechnen
2026-09-10T10:30:24.421Z  PODD/2024       roh          74214 reg. Kerzen      106/0/0 von 252  Tagen gewertet (1m/5m/15m)     3000 Signale  124 ms lesen  30560 ms rechnen
2026-09-10T10:30:49.810Z  PODD/2025       roh          70946 reg. Kerzen       85/0/0 von 250  Tagen gewertet (1m/5m/15m)     2360 Signale  121 ms lesen  25065 ms rechnen
2026-09-10T10:31:42.454Z  PODD/2026       roh          60249 reg. Kerzen      164/0/0 von 166  Tagen gewertet (1m/5m/15m)     4613 Signale  103 ms lesen  52337 ms rechnen
2026-09-10T10:32:37.885Z  POSH/2021       roh          80664 reg. Kerzen      169/0/0 von 244  Tagen gewertet (1m/5m/15m)     5397 Signale  152 ms lesen  55137 ms rechnen
2026-09-10T10:33:53.148Z  POSH/2022       roh          87969 reg. Kerzen      221/0/0 von 251  Tagen gewertet (1m/5m/15m)     6375 Signale  132 ms lesen  74914 ms rechnen
2026-09-10T10:33:54.088Z  POSH/2023       roh            695 reg. Kerzen        2/0/0 von 2    Tagen gewertet (1m/5m/15m)       22 Signale  16 ms lesen  702 ms rechnen
2026-09-10T10:33:56.323Z  PPDF/2017       roh          10871 reg. Kerzen        6/0/0 von 34   Tagen gewertet (1m/5m/15m)      199 Signale  35 ms lesen  2188 ms rechnen
2026-09-10T10:34:00.112Z  PPDF/2018       roh          64195 reg. Kerzen       10/0/0 von 251  Tagen gewertet (1m/5m/15m)      310 Signale  112 ms lesen  3652 ms rechnen
2026-09-10T10:34:11.928Z  PPDF/2019       roh          69863 reg. Kerzen       34/0/0 von 230  Tagen gewertet (1m/5m/15m)     1034 Signale  98 ms lesen  11545 ms rechnen
2026-09-10T10:34:37.534Z  PPS/2016        roh          71518 reg. Kerzen       93/0/0 von 231  Tagen gewertet (1m/5m/15m)     2096 Signale  102 ms lesen  25299 ms rechnen
2026-09-10T10:34:38.808Z  PRAX/2020       bereinigt    11143 reg. Kerzen        3/0/0 von 53   Tagen gewertet (1m/5m/15m)       90 Signale  40 ms lesen  1006 ms rechnen
2026-09-10T10:34:41.584Z  PRAX/2021       bereinigt    43336 reg. Kerzen        7/0/0 von 252  Tagen gewertet (1m/5m/15m)      238 Signale  74 ms lesen  2674 ms rechnen
2026-09-10T10:34:42.197Z  PRAX/2022       bereinigt    59546 reg. Kerzen        0/0/0 von 251  Tagen gewertet (1m/5m/15m)        0 Signale  109 ms lesen  368 ms rechnen
2026-09-10T10:34:42.943Z  PRAX/2023       bereinigt    63436 reg. Kerzen        0/0/0 von 250  Tagen gewertet (1m/5m/15m)        0 Signale  121 ms lesen  432 ms rechnen
2026-09-10T10:34:44.238Z  PRAX/2024       roh          43731 reg. Kerzen        3/0/0 von 252  Tagen gewertet (1m/5m/15m)       96 Signale  95 ms lesen  1055 ms rechnen
2026-09-10T10:34:53.340Z  PRAX/2025       roh          56214 reg. Kerzen       26/0/0 von 250  Tagen gewertet (1m/5m/15m)      837 Signale  86 ms lesen  8900 ms rechnen
2026-09-10T10:35:07.422Z  PRAX/2026       roh          43708 reg. Kerzen       44/0/0 von 166  Tagen gewertet (1m/5m/15m)     1396 Signale  77 ms lesen  13847 ms rechnen
2026-09-10T10:35:07.972Z  PRGN/2016       bereinigt    14625 reg. Kerzen        1/0/0 von 106  Tagen gewertet (1m/5m/15m)       33 Signale  33 ms lesen  431 ms rechnen
2026-09-10T10:36:17.455Z  PRKS/2016       roh          91255 reg. Kerzen      224/0/0 von 252  Tagen gewertet (1m/5m/15m)     6036 Signale  138 ms lesen  69293 ms rechnen
2026-09-10T10:37:35.709Z  PRKS/2017       roh          91630 reg. Kerzen      248/0/0 von 251  Tagen gewertet (1m/5m/15m)     6892 Signale  118 ms lesen  77902 ms rechnen
2026-09-10T10:38:56.933Z  PRKS/2018       roh          92871 reg. Kerzen      250/0/0 von 251  Tagen gewertet (1m/5m/15m)     7188 Signale  162 ms lesen  80834 ms rechnen
2026-09-10T10:40:15.867Z  PRKS/2019       roh          91787 reg. Kerzen      250/0/0 von 252  Tagen gewertet (1m/5m/15m)     7109 Signale  146 ms lesen  78540 ms rechnen
2026-09-10T10:41:39.055Z  PRKS/2020       roh          92748 reg. Kerzen      233/0/0 von 253  Tagen gewertet (1m/5m/15m)     7372 Signale  117 ms lesen  82832 ms rechnen
2026-09-10T10:42:50.752Z  PRKS/2021       roh          87327 reg. Kerzen      228/0/0 von 252  Tagen gewertet (1m/5m/15m)     6863 Signale  134 ms lesen  71312 ms rechnen
2026-09-10T10:44:07.700Z  PRKS/2022       roh          88863 reg. Kerzen      240/0/0 von 251  Tagen gewertet (1m/5m/15m)     7112 Signale  135 ms lesen  76577 ms rechnen
2026-09-10T10:45:09.035Z  PRKS/2023       roh          84027 reg. Kerzen      212/0/0 von 250  Tagen gewertet (1m/5m/15m)     5763 Signale  112 ms lesen  60970 ms rechnen
2026-09-10T10:45:57.854Z  PRKS/2024       roh          80733 reg. Kerzen      166/0/0 von 252  Tagen gewertet (1m/5m/15m)     4533 Signale  118 ms lesen  48477 ms rechnen
2026-09-10T10:46:34.787Z  PRKS/2025       roh          76674 reg. Kerzen      124/0/0 von 250  Tagen gewertet (1m/5m/15m)     3548 Signale  122 ms lesen  36587 ms rechnen
2026-09-10T10:46:55.297Z  PRKS/2026       roh          49010 reg. Kerzen       67/0/0 von 166  Tagen gewertet (1m/5m/15m)     1991 Signale  66 ms lesen  20208 ms rechnen
2026-09-10T10:46:56.711Z  PROG/2020       roh          20080 reg. Kerzen        4/0/0 von 136  Tagen gewertet (1m/5m/15m)      124 Signale  37 ms lesen  1242 ms rechnen
2026-09-10T10:47:36.193Z  PROG/2021       roh          78000 reg. Kerzen       98/0/0 von 252  Tagen gewertet (1m/5m/15m)     3336 Signale  141 ms lesen  39274 ms rechnen
2026-09-10T10:48:08.577Z  PROG/2022       roh          33272 reg. Kerzen       80/0/0 von 87   Tagen gewertet (1m/5m/15m)     2737 Signale  66 ms lesen  32087 ms rechnen
2026-09-10T10:48:08.726Z  PRSS/2016       roh           5238 reg. Kerzen        0/0/0 von 252  Tagen gewertet (1m/5m/15m)        0 Signale  26 ms lesen  27 ms rechnen
2026-09-10T10:48:08.812Z  PRSS/2017       roh           9505 reg. Kerzen        0/0/0 von 250  Tagen gewertet (1m/5m/15m)        0 Signale  24 ms lesen  44 ms rechnen
2026-09-10T10:48:08.897Z  PRSS/2018       roh           3721 reg. Kerzen        0/0/0 von 215  Tagen gewertet (1m/5m/15m)        0 Signale  28 ms lesen  24 ms rechnen
2026-09-10T10:48:23.942Z  PRVA/2021       roh          45060 reg. Kerzen       48/0/0 von 172  Tagen gewertet (1m/5m/15m)     1496 Signale  67 ms lesen  14963 ms rechnen
2026-09-10T10:49:15.637Z  PRVA/2022       roh          80928 reg. Kerzen      160/0/0 von 251  Tagen gewertet (1m/5m/15m)     4931 Signale  107 ms lesen  51460 ms rechnen
2026-09-10T10:50:03.890Z  PRVA/2023       roh          80255 reg. Kerzen      158/0/0 von 250  Tagen gewertet (1m/5m/15m)     4702 Signale  207 ms lesen  47842 ms rechnen
2026-09-10T10:50:40.162Z  PRVA/2024       roh          76583 reg. Kerzen      119/0/0 von 252  Tagen gewertet (1m/5m/15m)     3481 Signale  103 ms lesen  35990 ms rechnen
2026-09-10T10:51:04.244Z  PRVA/2025       roh          72651 reg. Kerzen       80/0/0 von 250  Tagen gewertet (1m/5m/15m)     2253 Signale  98 ms lesen  23815 ms rechnen
2026-09-10T10:51:25.462Z  PRVA/2026       roh          50158 reg. Kerzen       68/0/0 von 166  Tagen gewertet (1m/5m/15m)     1859 Signale  1487 ms lesen  19564 ms rechnen
2026-09-10T10:51:25.907Z  PSB/2016        roh          40410 reg. Kerzen        0/0/0 von 252  Tagen gewertet (1m/5m/15m)        0 Signale  79 ms lesen  221 ms rechnen
2026-09-10T10:51:26.263Z  PSB/2017        roh          32297 reg. Kerzen        0/0/0 von 251  Tagen gewertet (1m/5m/15m)        0 Signale  68 ms lesen  190 ms rechnen
2026-09-10T10:51:26.557Z  PSB/2018        roh          29543 reg. Kerzen        0/0/0 von 251  Tagen gewertet (1m/5m/15m)        0 Signale  58 ms lesen  161 ms rechnen
2026-09-10T10:51:27.116Z  PSB/2019        roh          32393 reg. Kerzen        1/0/0 von 252  Tagen gewertet (1m/5m/15m)       21 Signale  57 ms lesen  404 ms rechnen
2026-09-10T10:51:27.494Z  PSB/2020        roh          35648 reg. Kerzen        0/0/0 von 253  Tagen gewertet (1m/5m/15m)        0 Signale  81 ms lesen  201 ms rechnen
2026-09-10T10:51:27.791Z  PSB/2021        roh          24275 reg. Kerzen        0/0/0 von 252  Tagen gewertet (1m/5m/15m)        0 Signale  42 ms lesen  141 ms rechnen
2026-09-10T10:51:34.929Z  PSB/2022        roh          24237 reg. Kerzen       25/0/0 von 136  Tagen gewertet (1m/5m/15m)      430 Signale  47 ms lesen  7033 ms rechnen
2026-09-10T10:51:35.038Z  PSPC/2021       roh           1052 reg. Kerzen        0/0/0 von 117  Tagen gewertet (1m/5m/15m)        0 Signale  23 ms lesen  9 ms rechnen
2026-09-10T10:51:35.086Z  PSPC/2022       roh           1706 reg. Kerzen        0/0/0 von 239  Tagen gewertet (1m/5m/15m)        0 Signale  29 ms lesen  14 ms rechnen
2026-09-10T10:51:36.853Z  CHECKPOINT 4000 Dateien, 1141 min, Detektorfehler {}
2026-09-10T10:51:36.890Z  PSPC/2023       roh           1035 reg. Kerzen        0/0/0 von 98   Tagen gewertet (1m/5m/15m)        0 Signale  27 ms lesen  9 ms rechnen
2026-09-10T10:52:53.383Z  PSX/2016        roh          97918 reg. Kerzen      232/0/0 von 252  Tagen gewertet (1m/5m/15m)     5697 Signale  130 ms lesen  76353 ms rechnen
2026-09-10T10:54:14.245Z  PSX/2017        roh          97059 reg. Kerzen      251/0/0 von 251  Tagen gewertet (1m/5m/15m)     5570 Signale  139 ms lesen  80444 ms rechnen
2026-09-10T10:55:37.379Z  PSX/2018        roh          96983 reg. Kerzen      251/0/0 von 251  Tagen gewertet (1m/5m/15m)     6299 Signale  699 ms lesen  82165 ms rechnen
2026-09-10T10:57:01.673Z  PSX/2019        roh          97397 reg. Kerzen      252/0/0 von 252  Tagen gewertet (1m/5m/15m)     6013 Signale  709 ms lesen  83277 ms rechnen
2026-09-10T10:58:35.220Z  PSX/2020        roh          98186 reg. Kerzen      253/0/0 von 253  Tagen gewertet (1m/5m/15m)     7469 Signale  719 ms lesen  92538 ms rechnen
2026-09-10T11:00:02.674Z  PSX/2021        roh          97247 reg. Kerzen      250/0/0 von 252  Tagen gewertet (1m/5m/15m)     6714 Signale  149 ms lesen  87078 ms rechnen
2026-09-10T11:01:30.321Z  PSX/2022        roh          96970 reg. Kerzen      249/0/0 von 251  Tagen gewertet (1m/5m/15m)     7028 Signale  119 ms lesen  87281 ms rechnen
2026-09-10T11:02:55.690Z  PSX/2023        roh          97046 reg. Kerzen      250/0/0 von 250  Tagen gewertet (1m/5m/15m)     6320 Signale  165 ms lesen  84921 ms rechnen
2026-09-10T11:04:19.528Z  PSX/2024        roh          96899 reg. Kerzen      252/0/0 von 252  Tagen gewertet (1m/5m/15m)     6170 Signale  411 ms lesen  83157 ms rechnen
2026-09-10T11:05:42.719Z  PSX/2025        roh          95928 reg. Kerzen      250/0/0 von 250  Tagen gewertet (1m/5m/15m)     6463 Signale  153 ms lesen  82795 ms rechnen
2026-09-10T11:06:38.942Z  PSX/2026        roh          63528 reg. Kerzen      166/0/0 von 166  Tagen gewertet (1m/5m/15m)     4488 Signale  105 ms lesen  55846 ms rechnen
2026-09-10T11:06:39.177Z  PTHL/2024       roh           5404 reg. Kerzen        0/0/0 von 82   Tagen gewertet (1m/5m/15m)        0 Signale  25 ms lesen  31 ms rechnen
2026-09-10T11:06:45.010Z  PTHL/2025       roh          24831 reg. Kerzen       17/0/0 von 250  Tagen gewertet (1m/5m/15m)      531 Signale  66 ms lesen  5754 ms rechnen
2026-09-10T11:06:45.093Z  PTHL/2026       roh            682 reg. Kerzen        0/0/0 von 10   Tagen gewertet (1m/5m/15m)        0 Signale  17 ms lesen  7 ms rechnen
2026-09-10T11:07:47.425Z  PTLA/2016       roh          85807 reg. Kerzen      194/0/0 von 252  Tagen gewertet (1m/5m/15m)     5938 Signale  106 ms lesen  62209 ms rechnen
2026-09-10T11:08:47.234Z  PTLA/2017       roh          83787 reg. Kerzen      195/0/0 von 251  Tagen gewertet (1m/5m/15m)     5870 Signale  122 ms lesen  59448 ms rechnen
2026-09-10T11:10:07.742Z  PTLA/2018       roh          89773 reg. Kerzen      236/0/0 von 251  Tagen gewertet (1m/5m/15m)     7296 Signale  148 ms lesen  80145 ms rechnen
2026-09-10T11:11:24.400Z  PTLA/2019       roh          89114 reg. Kerzen      239/0/0 von 252  Tagen gewertet (1m/5m/15m)     7062 Signale  122 ms lesen  76275 ms rechnen
2026-09-10T11:12:12.532Z  PTLA/2020       roh          47496 reg. Kerzen      126/0/0 von 126  Tagen gewertet (1m/5m/15m)     3259 Signale  79 ms lesen  47795 ms rechnen
2026-09-10T11:12:13.199Z  PTR/2016        roh          45458 reg. Kerzen        1/0/0 von 252  Tagen gewertet (1m/5m/15m)       20 Signale  73 ms lesen  433 ms rechnen
2026-09-10T11:12:13.658Z  PTR/2017        roh          40095 reg. Kerzen        0/0/0 von 251  Tagen gewertet (1m/5m/15m)        0 Signale  86 ms lesen  216 ms rechnen
2026-09-10T11:12:14.269Z  PTR/2018        roh          42531 reg. Kerzen        1/0/0 von 251  Tagen gewertet (1m/5m/15m)       19 Signale  71 ms lesen  429 ms rechnen
2026-09-10T11:12:14.606Z  PTR/2019        roh          36838 reg. Kerzen        0/0/0 von 252  Tagen gewertet (1m/5m/15m)        0 Signale  78 ms lesen  166 ms rechnen
2026-09-10T11:12:15.023Z  PTR/2020        roh          45636 reg. Kerzen        0/0/0 von 253  Tagen gewertet (1m/5m/15m)        0 Signale  75 ms lesen  256 ms rechnen
2026-09-10T11:12:15.829Z  PTR/2021        roh          48067 reg. Kerzen        1/0/0 von 252  Tagen gewertet (1m/5m/15m)       22 Signale  163 ms lesen  517 ms rechnen
2026-09-10T11:12:17.511Z  PTR/2022        roh          31460 reg. Kerzen        5/0/0 von 172  Tagen gewertet (1m/5m/15m)      133 Signale  74 ms lesen  1486 ms rechnen
2026-09-10T11:12:17.681Z  PTX/2016        roh          10111 reg. Kerzen        0/0/0 von 54   Tagen gewertet (1m/5m/15m)        0 Signale  34 ms lesen  63 ms rechnen
2026-09-10T11:12:17.941Z  PTX/2017        roh          35186 reg. Kerzen        0/0/0 von 251  Tagen gewertet (1m/5m/15m)        0 Signale  64 ms lesen  171 ms rechnen
2026-09-10T11:12:18.222Z  PTX/2018        roh          21527 reg. Kerzen        0/0/0 von 249  Tagen gewertet (1m/5m/15m)        0 Signale  54 ms lesen  117 ms rechnen
2026-09-10T11:12:18.340Z  PTX/2019        roh           7001 reg. Kerzen        0/0/0 von 42   Tagen gewertet (1m/5m/15m)        0 Signale  19 ms lesen  41 ms rechnen
2026-09-10T11:12:18.390Z  PVAC/2016       roh             24 reg. Kerzen        0/0/0 von 2    Tagen gewertet (1m/5m/15m)        0 Signale  9 ms lesen  0 ms rechnen
2026-09-10T11:12:18.578Z  PVAC/2017       roh          21090 reg. Kerzen        0/0/0 von 250  Tagen gewertet (1m/5m/15m)        0 Signale  55 ms lesen  133 ms rechnen
2026-09-10T11:12:21.865Z  PVAC/2018       roh          46632 reg. Kerzen       10/0/0 von 251  Tagen gewertet (1m/5m/15m)      290 Signale  77 ms lesen  3145 ms rechnen
2026-09-10T11:12:22.818Z  PVAC/2019       roh          48223 reg. Kerzen        2/0/0 von 252  Tagen gewertet (1m/5m/15m)       65 Signale  88 ms lesen  752 ms rechnen
2026-09-10T11:12:49.871Z  PVAC/2020       roh          73654 reg. Kerzen       77/0/0 von 253  Tagen gewertet (1m/5m/15m)     2552 Signale  121 ms lesen  26815 ms rechnen
2026-09-10T11:12:59.457Z  PVAC/2021       roh          51841 reg. Kerzen       28/0/0 von 199  Tagen gewertet (1m/5m/15m)      861 Signale  123 ms lesen  9264 ms rechnen
2026-09-10T11:13:06.202Z  PWE/2016        roh          77659 reg. Kerzen       16/0/0 von 252  Tagen gewertet (1m/5m/15m)      492 Signale  99 ms lesen  6480 ms rechnen
2026-09-10T11:13:06.739Z  PWE/2017        roh          34847 reg. Kerzen        0/0/0 von 123  Tagen gewertet (1m/5m/15m)        0 Signale  52 ms lesen  255 ms rechnen
2026-09-10T11:13:06.874Z  PWX/2016        roh           1349 reg. Kerzen        0/0/0 von 177  Tagen gewertet (1m/5m/15m)        0 Signale  18 ms lesen  11 ms rechnen
2026-09-10T11:13:07.105Z  PYR/2021        roh          30888 reg. Kerzen        0/0/0 von 206  Tagen gewertet (1m/5m/15m)        0 Signale  61 ms lesen  164 ms rechnen
2026-09-10T11:13:07.308Z  PYR/2022        roh          16549 reg. Kerzen        0/0/0 von 251  Tagen gewertet (1m/5m/15m)        0 Signale  48 ms lesen  75 ms rechnen
2026-09-10T11:13:07.428Z  PYR/2023        roh           6323 reg. Kerzen        0/0/0 von 220  Tagen gewertet (1m/5m/15m)        0 Signale  27 ms lesen  46 ms rechnen
2026-09-10T11:13:07.504Z  QBAK/2016       bereinigt     3249 reg. Kerzen        0/0/0 von 137  Tagen gewertet (1m/5m/15m)        0 Signale  35 ms lesen  19 ms rechnen
2026-09-10T11:13:07.673Z  QBAK/2017       bereinigt    17069 reg. Kerzen        0/0/0 von 251  Tagen gewertet (1m/5m/15m)        0 Signale  43 ms lesen  117 ms rechnen
2026-09-10T11:13:07.810Z  QBAK/2018       bereinigt     8254 reg. Kerzen        0/0/0 von 250  Tagen gewertet (1m/5m/15m)        0 Signale  49 ms lesen  41 ms rechnen
2026-09-10T11:13:07.856Z  QBAK/2019       bereinigt     2617 reg. Kerzen        0/0/0 von 250  Tagen gewertet (1m/5m/15m)        0 Signale  10 ms lesen  16 ms rechnen
2026-09-10T11:13:07.885Z  QBAK/2020       bereinigt     1995 reg. Kerzen        0/0/0 von 79   Tagen gewertet (1m/5m/15m)        0 Signale  6 ms lesen  14 ms rechnen
2026-09-10T11:13:08.046Z  QES/2018        roh          14804 reg. Kerzen        0/0/0 von 224  Tagen gewertet (1m/5m/15m)        0 Signale  47 ms lesen  88 ms rechnen
2026-09-10T11:13:08.170Z  QES/2019        roh           8400 reg. Kerzen        0/0/0 von 251  Tagen gewertet (1m/5m/15m)        0 Signale  38 ms lesen  49 ms rechnen
2026-09-10T11:13:08.269Z  QES/2020        roh           9056 reg. Kerzen        0/0/0 von 142  Tagen gewertet (1m/5m/15m)        0 Signale  25 ms lesen  46 ms rechnen
2026-09-10T11:13:08.332Z  QK/2019         bereinigt     1062 reg. Kerzen        0/0/0 von 39   Tagen gewertet (1m/5m/15m)        0 Signale  24 ms lesen  7 ms rechnen
2026-09-10T11:13:08.366Z  QK/2020         bereinigt     2913 reg. Kerzen        0/0/0 von 215  Tagen gewertet (1m/5m/15m)        0 Signale  7 ms lesen  23 ms rechnen
2026-09-10T11:13:08.585Z  QK/2021         bereinigt    26357 reg. Kerzen        0/0/0 von 252  Tagen gewertet (1m/5m/15m)        0 Signale  60 ms lesen  147 ms rechnen
2026-09-10T11:13:08.737Z  QK/2022         bereinigt    10056 reg. Kerzen        0/0/0 von 183  Tagen gewertet (1m/5m/15m)        0 Signale  16 ms lesen  56 ms rechnen
2026-09-10T11:13:08.799Z  QPAC/2016       roh            408 reg. Kerzen        0/0/0 von 114  Tagen gewertet (1m/5m/15m)        0 Signale  35 ms lesen  4 ms rechnen
2026-09-10T11:13:08.815Z  QPAC/2017       roh            763 reg. Kerzen        0/0/0 von 85   Tagen gewertet (1m/5m/15m)        0 Signale  8 ms lesen  6 ms rechnen
2026-09-10T11:14:15.467Z  QSR/2016        roh          90674 reg. Kerzen      221/0/0 von 252  Tagen gewertet (1m/5m/15m)     5519 Signale  107 ms lesen  66533 ms rechnen
2026-09-10T11:15:25.477Z  QSR/2017        roh          89774 reg. Kerzen      236/0/0 von 251  Tagen gewertet (1m/5m/15m)     5439 Signale  142 ms lesen  69644 ms rechnen
2026-09-10T11:16:45.460Z  QSR/2018        roh          93920 reg. Kerzen      251/0/0 von 251  Tagen gewertet (1m/5m/15m)     5991 Signale  688 ms lesen  79081 ms rechnen
2026-09-10T11:18:04.584Z  QSR/2019        roh          95466 reg. Kerzen      251/0/0 von 252  Tagen gewertet (1m/5m/15m)     5961 Signale  148 ms lesen  78718 ms rechnen
2026-09-10T11:19:30.810Z  QSR/2020        roh          97146 reg. Kerzen      253/0/0 von 253  Tagen gewertet (1m/5m/15m)     6846 Signale  143 ms lesen  85792 ms rechnen
2026-09-10T11:20:50.416Z  QSR/2021        roh          94258 reg. Kerzen      250/0/0 von 252  Tagen gewertet (1m/5m/15m)     5895 Signale  144 ms lesen  79175 ms rechnen
2026-09-10T11:22:11.286Z  QSR/2022        roh          95310 reg. Kerzen      249/0/0 von 251  Tagen gewertet (1m/5m/15m)     6210 Signale  151 ms lesen  80453 ms rechnen
2026-09-10T11:23:29.299Z  QSR/2023        roh          94067 reg. Kerzen      250/0/0 von 250  Tagen gewertet (1m/5m/15m)     5714 Signale  128 ms lesen  77602 ms rechnen
2026-09-10T11:24:49.500Z  QSR/2024        roh          94943 reg. Kerzen      252/0/0 von 252  Tagen gewertet (1m/5m/15m)     5878 Signale  155 ms lesen  79792 ms rechnen
2026-09-10T11:26:10.397Z  QSR/2025        roh          94692 reg. Kerzen      250/0/0 von 250  Tagen gewertet (1m/5m/15m)     5846 Signale  159 ms lesen  80442 ms rechnen
2026-09-10T11:27:07.155Z  QSR/2026        roh          63433 reg. Kerzen      166/0/0 von 166  Tagen gewertet (1m/5m/15m)     4132 Signale  2501 ms lesen  53997 ms rechnen
2026-09-10T11:27:07.560Z  QTTB/2018       roh          26842 reg. Kerzen        0/0/0 von 192  Tagen gewertet (1m/5m/15m)        0 Signale  64 ms lesen  139 ms rechnen
2026-09-10T11:27:08.309Z  QTTB/2019       roh          47371 reg. Kerzen        1/0/0 von 252  Tagen gewertet (1m/5m/15m)       30 Signale  107 ms lesen  547 ms rechnen
2026-09-10T11:27:14.524Z  QTTB/2020       roh          64996 reg. Kerzen       18/0/0 von 253  Tagen gewertet (1m/5m/15m)      580 Signale  103 ms lesen  5986 ms rechnen
2026-09-10T11:27:15.522Z  QTTB/2021       roh          65866 reg. Kerzen        1/0/0 von 252  Tagen gewertet (1m/5m/15m)       32 Signale  120 ms lesen  690 ms rechnen
2026-09-10T11:27:16.070Z  QTTB/2022       roh          49708 reg. Kerzen        0/0/0 von 251  Tagen gewertet (1m/5m/15m)        0 Signale  78 ms lesen  298 ms rechnen
2026-09-10T11:27:16.413Z  QTTB/2023       roh          27731 reg. Kerzen        0/0/0 von 250  Tagen gewertet (1m/5m/15m)        0 Signale  68 ms lesen  159 ms rechnen
2026-09-10T11:27:16.678Z  QTTB/2024       roh          25698 reg. Kerzen        0/0/0 von 252  Tagen gewertet (1m/5m/15m)        0 Signale  54 ms lesen  130 ms rechnen
2026-09-10T11:27:17.029Z  QTTB/2025       roh          31777 reg. Kerzen        0/0/0 von 250  Tagen gewertet (1m/5m/15m)        0 Signale  75 ms lesen  206 ms rechnen
2026-09-10T11:27:18.333Z  QTTB/2026       roh          32486 reg. Kerzen        3/0/0 von 166  Tagen gewertet (1m/5m/15m)       97 Signale  55 ms lesen  1168 ms rechnen
2026-09-10T11:27:18.460Z  QVCGB/2016      bereinigt      310 reg. Kerzen        0/0/0 von 92   Tagen gewertet (1m/5m/15m)        0 Signale  13 ms lesen  3 ms rechnen
2026-09-10T11:27:18.479Z  QVCGB/2017      bereinigt      381 reg. Kerzen        0/0/0 von 128  Tagen gewertet (1m/5m/15m)        0 Signale  12 ms lesen  5 ms rechnen
2026-09-10T11:27:18.515Z  QVCGB/2018      bereinigt      282 reg. Kerzen        0/0/0 von 135  Tagen gewertet (1m/5m/15m)        0 Signale  30 ms lesen  4 ms rechnen
2026-09-10T11:27:18.539Z  QVCGB/2019      bereinigt      462 reg. Kerzen        0/0/0 von 131  Tagen gewertet (1m/5m/15m)        0 Signale  17 ms lesen  5 ms rechnen
2026-09-10T11:27:18.589Z  QVCGB/2020      bereinigt     3729 reg. Kerzen        0/0/0 von 206  Tagen gewertet (1m/5m/15m)        0 Signale  20 ms lesen  28 ms rechnen
2026-09-10T11:27:18.636Z  QVCGB/2021      bereinigt     2009 reg. Kerzen        0/0/0 von 228  Tagen gewertet (1m/5m/15m)        0 Signale  15 ms lesen  17 ms rechnen
2026-09-10T11:27:18.713Z  QVCGB/2022      bereinigt     7211 reg. Kerzen        0/0/0 von 219  Tagen gewertet (1m/5m/15m)        0 Signale  12 ms lesen  56 ms rechnen
2026-09-10T11:27:18.767Z  QVCGB/2023      bereinigt     3372 reg. Kerzen        0/0/0 von 245  Tagen gewertet (1m/5m/15m)        0 Signale  6 ms lesen  22 ms rechnen
2026-09-10T11:27:18.792Z  QVCGB/2024      bereinigt     1402 reg. Kerzen        0/0/0 von 213  Tagen gewertet (1m/5m/15m)        0 Signale  4 ms lesen  13 ms rechnen
2026-09-10T11:27:18.824Z  QVCGB/2025      bereinigt     2979 reg. Kerzen        0/0/0 von 95   Tagen gewertet (1m/5m/15m)        0 Signale  6 ms lesen  22 ms rechnen
2026-09-10T11:27:18.830Z  AUSGELASSEN QVCGB/2026: Datei fehlt
2026-09-10T11:27:41.661Z  RACE/2016       roh          75057 reg. Kerzen       79/0/0 von 252  Tagen gewertet (1m/5m/15m)     2068 Signale  103 ms lesen  22713 ms rechnen
2026-09-10T11:28:15.246Z  RACE/2017       roh          76801 reg. Kerzen      126/0/0 von 251  Tagen gewertet (1m/5m/15m)     2838 Signale  154 ms lesen  33237 ms rechnen
2026-09-10T11:28:46.218Z  RACE/2018       roh          76134 reg. Kerzen      113/0/0 von 251  Tagen gewertet (1m/5m/15m)     2890 Signale  151 ms lesen  30619 ms rechnen
2026-09-10T11:28:54.757Z  RACE/2019       roh          64273 reg. Kerzen       31/0/0 von 252  Tagen gewertet (1m/5m/15m)      772 Signale  127 ms lesen  8229 ms rechnen
2026-09-10T11:29:06.804Z  RACE/2020       roh          62744 reg. Kerzen       38/0/0 von 253  Tagen gewertet (1m/5m/15m)     1083 Signale  102 ms lesen  11754 ms rechnen
2026-09-10T11:29:12.546Z  RACE/2021       roh          60923 reg. Kerzen       20/0/0 von 252  Tagen gewertet (1m/5m/15m)      530 Signale  118 ms lesen  5465 ms rechnen
2026-09-10T11:29:24.771Z  RACE/2022       roh          68407 reg. Kerzen       43/0/0 von 251  Tagen gewertet (1m/5m/15m)     1189 Signale  98 ms lesen  11980 ms rechnen
2026-09-10T11:29:31.481Z  RACE/2023       roh          64367 reg. Kerzen       25/0/0 von 250  Tagen gewertet (1m/5m/15m)      573 Signale  95 ms lesen  6415 ms rechnen
2026-09-10T11:29:35.028Z  RACE/2024       roh          54805 reg. Kerzen       10/0/0 von 252  Tagen gewertet (1m/5m/15m)      247 Signale  113 ms lesen  3265 ms rechnen
2026-09-10T11:29:55.631Z  RACE/2025       roh          66456 reg. Kerzen       72/0/0 von 250  Tagen gewertet (1m/5m/15m)     1834 Signale  105 ms lesen  20350 ms rechnen
2026-09-10T11:30:40.827Z  RACE/2026       roh          58649 reg. Kerzen      155/0/0 von 166  Tagen gewertet (1m/5m/15m)     3828 Signale  105 ms lesen  44897 ms rechnen
2026-09-10T11:31:14.831Z  RARE/2016       roh          76886 reg. Kerzen      105/0/0 von 252  Tagen gewertet (1m/5m/15m)     3324 Signale  97 ms lesen  33768 ms rechnen
2026-09-10T11:31:30.941Z  RARE/2017       roh          66897 reg. Kerzen       43/0/0 von 251  Tagen gewertet (1m/5m/15m)     1295 Signale  2644 ms lesen  13282 ms rechnen
2026-09-10T11:31:50.258Z  RARE/2018       roh          70407 reg. Kerzen       65/0/0 von 251  Tagen gewertet (1m/5m/15m)     2004 Signale  121 ms lesen  18979 ms rechnen
2026-09-10T11:32:13.720Z  RARE/2019       roh          73108 reg. Kerzen       78/0/0 von 252  Tagen gewertet (1m/5m/15m)     2370 Signale  126 ms lesen  23149 ms rechnen
2026-09-10T11:32:40.458Z  RARE/2020       roh          73523 reg. Kerzen       85/0/0 von 253  Tagen gewertet (1m/5m/15m)     2635 Signale  123 ms lesen  26407 ms rechnen
2026-09-10T11:32:55.420Z  RARE/2021       roh          69288 reg. Kerzen       49/0/0 von 252  Tagen gewertet (1m/5m/15m)     1491 Signale  110 ms lesen  14678 ms rechnen
2026-09-10T11:33:27.180Z  RARE/2022       roh          74465 reg. Kerzen      105/0/0 von 251  Tagen gewertet (1m/5m/15m)     3232 Signale  130 ms lesen  31428 ms rechnen
2026-09-10T11:33:56.185Z  RARE/2023       roh          74359 reg. Kerzen       98/0/0 von 250  Tagen gewertet (1m/5m/15m)     2911 Signale  124 ms lesen  28694 ms rechnen
2026-09-10T11:34:28.622Z  RARE/2024       roh          75754 reg. Kerzen      108/0/0 von 252  Tagen gewertet (1m/5m/15m)     3234 Signale  132 ms lesen  32105 ms rechnen
2026-09-10T11:35:26.553Z  RARE/2025       roh          83287 reg. Kerzen      181/0/0 von 250  Tagen gewertet (1m/5m/15m)     5402 Signale  121 ms lesen  57580 ms rechnen
2026-09-10T11:36:23.671Z  RARE/2026       roh          61120 reg. Kerzen      165/0/0 von 166  Tagen gewertet (1m/5m/15m)     4918 Signale  271 ms lesen  56656 ms rechnen
2026-09-10T11:36:23.875Z  RBCN/2017       roh           2703 reg. Kerzen        0/0/0 von 166  Tagen gewertet (1m/5m/15m)        0 Signale  23 ms lesen  17 ms rechnen
2026-09-10T11:36:23.936Z  RBCN/2018       roh           2230 reg. Kerzen        0/0/0 von 243  Tagen gewertet (1m/5m/15m)        0 Signale  37 ms lesen  14 ms rechnen
2026-09-10T11:36:23.987Z  RBCN/2019       roh           1645 reg. Kerzen        0/0/0 von 232  Tagen gewertet (1m/5m/15m)        0 Signale  30 ms lesen  15 ms rechnen
2026-09-10T11:36:24.033Z  RBCN/2020       roh           1906 reg. Kerzen        0/0/0 von 245  Tagen gewertet (1m/5m/15m)        0 Signale  22 ms lesen  17 ms rechnen
2026-09-10T11:36:24.062Z  RBCN/2021       roh           1773 reg. Kerzen        0/0/0 von 238  Tagen gewertet (1m/5m/15m)        0 Signale  6 ms lesen  15 ms rechnen
2026-09-10T11:36:24.131Z  RBCN/2022       roh           5051 reg. Kerzen        0/0/0 von 237  Tagen gewertet (1m/5m/15m)        0 Signale  25 ms lesen  36 ms rechnen
2026-09-10T11:36:24.143Z  AUSGELASSEN RBCN/2023: Datei fehlt
2026-09-10T11:36:24.164Z  AUSGELASSEN RBCN/2024: Datei fehlt
2026-09-10T11:36:24.165Z  AUSGELASSEN RBCN/2025: Datei fehlt
2026-09-10T11:36:24.269Z  RBT/2022        bereinigt    11318 reg. Kerzen        0/0/0 von 96   Tagen gewertet (1m/5m/15m)        0 Signale  25 ms lesen  56 ms rechnen
2026-09-10T11:36:27.252Z  RBT/2023        bereinigt    42817 reg. Kerzen        7/0/0 von 250  Tagen gewertet (1m/5m/15m)      255 Signale  56 ms lesen  2902 ms rechnen
2026-09-10T11:36:27.615Z  RBT/2024        roh          18640 reg. Kerzen        0/0/0 von 110  Tagen gewertet (1m/5m/15m)        0 Signale  100 ms lesen  130 ms rechnen
2026-09-10T11:36:28.037Z  RCKT/2016       roh          50839 reg. Kerzen        0/0/0 von 252  Tagen gewertet (1m/5m/15m)        0 Signale  129 ms lesen  248 ms rechnen
2026-09-10T11:36:28.667Z  RCKT/2017       roh          60401 reg. Kerzen        0/0/0 von 251  Tagen gewertet (1m/5m/15m)        0 Signale  88 ms lesen  415 ms rechnen
2026-09-10T11:36:30.144Z  RCKT/2018       roh          52165 reg. Kerzen        3/0/0 von 251  Tagen gewertet (1m/5m/15m)       96 Signale  92 ms lesen  1227 ms rechnen
2026-09-10T11:36:30.659Z  RCKT/2019       roh          51987 reg. Kerzen        0/0/0 von 252  Tagen gewertet (1m/5m/15m)        0 Signale  83 ms lesen  279 ms rechnen
2026-09-10T11:36:37.903Z  RCKT/2020       roh          62078 reg. Kerzen       20/0/0 von 253  Tagen gewertet (1m/5m/15m)      622 Signale  86 ms lesen  7004 ms rechnen
2026-09-10T11:36:48.337Z  RCKT/2021       roh          64380 reg. Kerzen       33/0/0 von 252  Tagen gewertet (1m/5m/15m)     1063 Signale  112 ms lesen  10150 ms rechnen
2026-09-10T11:37:36.592Z  RCKT/2022       roh          79296 reg. Kerzen      142/0/0 von 251  Tagen gewertet (1m/5m/15m)     4519 Signale  1444 ms lesen  46639 ms rechnen
2026-09-10T11:38:17.975Z  RCKT/2023       roh          77654 reg. Kerzen      137/0/0 von 250  Tagen gewertet (1m/5m/15m)     4175 Signale  112 ms lesen  41065 ms rechnen
2026-09-10T11:38:54.952Z  RCKT/2024       roh          77645 reg. Kerzen      118/0/0 von 252  Tagen gewertet (1m/5m/15m)     3591 Signale  180 ms lesen  36595 ms rechnen
2026-09-10T11:40:18.665Z  RCKT/2025       roh          91197 reg. Kerzen      232/0/0 von 250  Tagen gewertet (1m/5m/15m)     7472 Signale  702 ms lesen  82785 ms rechnen
2026-09-10T11:41:10.013Z  RCKT/2026       roh          59996 reg. Kerzen      141/0/0 von 166  Tagen gewertet (1m/5m/15m)     4438 Signale  100 ms lesen  50992 ms rechnen
2026-09-10T11:42:40.778Z  RDC/2016        roh          97768 reg. Kerzen      232/0/0 von 252  Tagen gewertet (1m/5m/15m)     7280 Signale  4978 ms lesen  85350 ms rechnen
2026-09-10T11:44:11.601Z  RDC/2017        roh          96854 reg. Kerzen      251/0/0 von 251  Tagen gewertet (1m/5m/15m)     7578 Signale  241 ms lesen  90324 ms rechnen
2026-09-10T11:45:41.842Z  RDC/2018        roh          96704 reg. Kerzen      251/0/0 von 251  Tagen gewertet (1m/5m/15m)     7729 Signale  176 ms lesen  89822 ms rechnen
2026-09-10T11:46:07.515Z  RDC/2019        roh          26195 reg. Kerzen       69/0/0 von 69   Tagen gewertet (1m/5m/15m)     2236 Signale  70 ms lesen  25360 ms rechnen
2026-09-10T11:46:28.240Z  RDY/2016        bereinigt    67484 reg. Kerzen       59/0/0 von 252  Tagen gewertet (1m/5m/15m)     1396 Signale  3684 ms lesen  16936 ms rechnen
2026-09-10T11:46:39.115Z  RDY/2017        bereinigt    64372 reg. Kerzen       38/0/0 von 251  Tagen gewertet (1m/5m/15m)      924 Signale  100 ms lesen  10582 ms rechnen
2026-09-10T11:46:49.645Z  RDY/2018        bereinigt    66065 reg. Kerzen       37/0/0 von 251  Tagen gewertet (1m/5m/15m)      893 Signale  183 ms lesen  10187 ms rechnen
2026-09-10T11:46:51.624Z  RDY/2019        bereinigt    50247 reg. Kerzen        6/0/0 von 252  Tagen gewertet (1m/5m/15m)      135 Signale  82 ms lesen  1725 ms rechnen
2026-09-10T11:46:54.380Z  RDY/2020        bereinigt    53981 reg. Kerzen        8/0/0 von 253  Tagen gewertet (1m/5m/15m)      225 Signale  86 ms lesen  2537 ms rechnen
2026-09-10T11:46:55.647Z  RDY/2021        bereinigt    41047 reg. Kerzen        3/0/0 von 252  Tagen gewertet (1m/5m/15m)       60 Signale  87 ms lesen  1001 ms rechnen
2026-09-10T11:46:56.095Z  RDY/2022        bereinigt    47140 reg. Kerzen        0/0/0 von 250  Tagen gewertet (1m/5m/15m)        0 Signale  67 ms lesen  268 ms rechnen
2026-09-10T11:46:57.790Z  RDY/2023        bereinigt    53152 reg. Kerzen        5/0/0 von 250  Tagen gewertet (1m/5m/15m)       99 Signale  87 ms lesen  1484 ms rechnen
2026-09-10T11:47:07.471Z  RDY/2024        bereinigt    51744 reg. Kerzen       33/0/0 von 252  Tagen gewertet (1m/5m/15m)      738 Signale  95 ms lesen  9445 ms rechnen
2026-09-10T11:48:05.171Z  RDY/2025        roh          84275 reg. Kerzen      197/0/0 von 250  Tagen gewertet (1m/5m/15m)     4258 Signale  136 ms lesen  57441 ms rechnen
2026-09-10T11:48:55.224Z  RDY/2026        roh          60076 reg. Kerzen      162/0/0 von 166  Tagen gewertet (1m/5m/15m)     3738 Signale  90 ms lesen  49711 ms rechnen
2026-09-10T11:48:55.539Z  REIS/2016       roh          13202 reg. Kerzen        0/0/0 von 252  Tagen gewertet (1m/5m/15m)        0 Signale  41 ms lesen  83 ms rechnen
2026-09-10T11:48:55.665Z  REIS/2017       roh           9454 reg. Kerzen        0/0/0 von 251  Tagen gewertet (1m/5m/15m)        0 Signale  38 ms lesen  42 ms rechnen
2026-09-10T11:48:55.754Z  REIS/2018       roh           7639 reg. Kerzen        0/0/0 von 196  Tagen gewertet (1m/5m/15m)        0 Signale  29 ms lesen  42 ms rechnen
2026-09-10T11:48:56.172Z  RENN/2016       bereinigt    49340 reg. Kerzen        0/0/0 von 252  Tagen gewertet (1m/5m/15m)        0 Signale  107 ms lesen  289 ms rechnen
2026-09-10T11:48:56.600Z  RENN/2017       bereinigt    37277 reg. Kerzen        0/0/0 von 251  Tagen gewertet (1m/5m/15m)        0 Signale  65 ms lesen  228 ms rechnen
2026-09-10T11:48:57.784Z  RENN/2018       bereinigt    40716 reg. Kerzen        3/0/0 von 251  Tagen gewertet (1m/5m/15m)       81 Signale  89 ms lesen  1008 ms rechnen
2026-09-10T11:48:57.999Z  RENN/2019       bereinigt    14856 reg. Kerzen        0/0/0 von 252  Tagen gewertet (1m/5m/15m)        0 Signale  29 ms lesen  73 ms rechnen
2026-09-10T11:48:58.202Z  RENN/2020       bereinigt    20327 reg. Kerzen        0/0/0 von 253  Tagen gewertet (1m/5m/15m)        0 Signale  35 ms lesen  133 ms rechnen
2026-09-10T11:48:58.487Z  RENN/2021       roh          24597 reg. Kerzen        0/0/0 von 252  Tagen gewertet (1m/5m/15m)        0 Signale  62 ms lesen  159 ms rechnen
2026-09-10T11:48:58.711Z  RENN/2022       roh          20548 reg. Kerzen        0/0/0 von 251  Tagen gewertet (1m/5m/15m)        0 Signale  44 ms lesen  107 ms rechnen
2026-09-10T11:48:58.817Z  RENN/2023       roh           6758 reg. Kerzen        0/0/0 von 117  Tagen gewertet (1m/5m/15m)        0 Signale  25 ms lesen  40 ms rechnen
2026-09-10T11:48:58.873Z  REUN/2022       roh           3472 reg. Kerzen        0/0/0 von 95   Tagen gewertet (1m/5m/15m)        0 Signale  17 ms lesen  22 ms rechnen
2026-09-10T11:48:58.941Z  REUN/2023       roh           5360 reg. Kerzen        0/0/0 von 144  Tagen gewertet (1m/5m/15m)        0 Signale  19 ms lesen  41 ms rechnen
2026-09-10T11:49:24.475Z  REYN/2020       roh          69792 reg. Kerzen       80/0/0 von 233  Tagen gewertet (1m/5m/15m)     2484 Signale  100 ms lesen  25403 ms rechnen
2026-09-10T11:49:36.024Z  REYN/2021       roh          67317 reg. Kerzen       41/0/0 von 252  Tagen gewertet (1m/5m/15m)     1086 Signale  128 ms lesen  11247 ms rechnen
2026-09-10T11:49:50.621Z  REYN/2022       roh          68448 reg. Kerzen       51/0/0 von 251  Tagen gewertet (1m/5m/15m)     1355 Signale  269 ms lesen  14156 ms rechnen
2026-09-10T11:49:53.338Z  REYN/2023       roh          56919 reg. Kerzen        8/0/0 von 250  Tagen gewertet (1m/5m/15m)      174 Signale  114 ms lesen  2383 ms rechnen
2026-09-10T11:50:02.682Z  REYN/2024       roh          66166 reg. Kerzen       33/0/0 von 252  Tagen gewertet (1m/5m/15m)      781 Signale  236 ms lesen  8961 ms rechnen
2026-09-10T11:50:33.146Z  REYN/2025       roh          76267 reg. Kerzen      111/0/0 von 250  Tagen gewertet (1m/5m/15m)     2735 Signale  100 ms lesen  30175 ms rechnen
2026-09-10T11:51:10.271Z  REYN/2026       roh          54908 reg. Kerzen      128/0/0 von 166  Tagen gewertet (1m/5m/15m)     3146 Signale  91 ms lesen  36839 ms rechnen
2026-09-10T11:52:31.706Z  RGLD/2016       roh          91978 reg. Kerzen      229/0/0 von 252  Tagen gewertet (1m/5m/15m)     6776 Signale  3678 ms lesen  77391 ms rechnen
2026-09-10T11:53:15.936Z  RGLD/2017       roh          80002 reg. Kerzen      157/0/0 von 251  Tagen gewertet (1m/5m/15m)     3989 Signale  138 ms lesen  43845 ms rechnen
2026-09-10T11:53:42.561Z  RGLD/2018       roh          75159 reg. Kerzen       97/0/0 von 251  Tagen gewertet (1m/5m/15m)     2623 Signale  113 ms lesen  26296 ms rechnen
2026-09-10T11:54:20.963Z  RGLD/2019       roh          78306 reg. Kerzen      135/0/0 von 252  Tagen gewertet (1m/5m/15m)     3515 Signale  180 ms lesen  38026 ms rechnen
2026-09-10T11:55:12.931Z  RGLD/2020       roh          81289 reg. Kerzen      167/0/0 von 253  Tagen gewertet (1m/5m/15m)     4811 Signale  141 ms lesen  51622 ms rechnen
2026-09-10T11:55:30.523Z  RGLD/2021       roh          71804 reg. Kerzen       63/0/0 von 252  Tagen gewertet (1m/5m/15m)     1668 Signale  136 ms lesen  17227 ms rechnen
2026-09-10T11:56:10.026Z  RGLD/2022       roh          77828 reg. Kerzen      137/0/0 von 251  Tagen gewertet (1m/5m/15m)     3756 Signale  123 ms lesen  39209 ms rechnen
2026-09-10T11:56:25.544Z  RGLD/2023       roh          67070 reg. Kerzen       45/0/0 von 250  Tagen gewertet (1m/5m/15m)     1181 Signale  3103 ms lesen  12165 ms rechnen
2026-09-10T11:56:28.571Z  RGLD/2024       roh          55682 reg. Kerzen        9/0/0 von 252  Tagen gewertet (1m/5m/15m)      240 Signale  102 ms lesen  2748 ms rechnen
2026-09-10T11:57:02.030Z  RGLD/2025       roh          74594 reg. Kerzen      115/0/0 von 250  Tagen gewertet (1m/5m/15m)     2960 Signale  116 ms lesen  33182 ms rechnen
2026-09-10T11:57:45.795Z  RGLD/2026       roh          57499 reg. Kerzen      138/0/0 von 166  Tagen gewertet (1m/5m/15m)     3833 Signale  88 ms lesen  43488 ms rechnen
2026-09-10T11:57:45.977Z  RHLDV/2025      roh            220 reg. Kerzen        0/0/0 von 6    Tagen gewertet (1m/5m/15m)        0 Signale  27 ms lesen  1 ms rechnen
2026-09-10T11:59:14.446Z  RIG/2016        roh          98076 reg. Kerzen      232/0/0 von 252  Tagen gewertet (1m/5m/15m)     7305 Signale  134 ms lesen  88333 ms rechnen
2026-09-10T12:00:47.149Z  RIG/2017        roh          97513 reg. Kerzen      251/0/0 von 251  Tagen gewertet (1m/5m/15m)     7529 Signale  130 ms lesen  92309 ms rechnen
2026-09-10T12:02:19.579Z  RIG/2018        roh          97339 reg. Kerzen      251/0/0 von 251  Tagen gewertet (1m/5m/15m)     7701 Signale  143 ms lesen  92021 ms rechnen
2026-09-10T12:03:56.159Z  RIG/2019        roh          97600 reg. Kerzen      251/0/0 von 252  Tagen gewertet (1m/5m/15m)     7966 Signale  134 ms lesen  96184 ms rechnen
2026-09-10T12:05:40.199Z  RIG/2020        roh          98185 reg. Kerzen      253/0/0 von 253  Tagen gewertet (1m/5m/15m)     8444 Signale  164 ms lesen  103593 ms rechnen
2026-09-10T12:07:22.515Z  RIG/2021        roh          97221 reg. Kerzen      250/0/0 von 252  Tagen gewertet (1m/5m/15m)     8252 Signale  732 ms lesen  101334 ms rechnen
2026-09-10T12:09:01.629Z  RIG/2022        roh          96906 reg. Kerzen      249/0/0 von 251  Tagen gewertet (1m/5m/15m)     8090 Signale  171 ms lesen  98665 ms rechnen
2026-09-10T12:10:35.881Z  RIG/2023        roh          97099 reg. Kerzen      250/0/0 von 250  Tagen gewertet (1m/5m/15m)     7805 Signale  143 ms lesen  93826 ms rechnen
2026-09-10T12:12:10.927Z  RIG/2024        roh          97670 reg. Kerzen      252/0/0 von 252  Tagen gewertet (1m/5m/15m)     7799 Signale  156 ms lesen  94621 ms rechnen
2026-09-10T12:13:50.070Z  RIG/2025        roh          96907 reg. Kerzen      250/0/0 von 250  Tagen gewertet (1m/5m/15m)     7986 Signale  127 ms lesen  98723 ms rechnen
2026-09-10T12:14:53.438Z  RIG/2026        roh          64726 reg. Kerzen      166/0/0 von 166  Tagen gewertet (1m/5m/15m)     5093 Signale  119 ms lesen  62959 ms rechnen
2026-09-10T12:14:53.705Z  RIVE/2018       roh            505 reg. Kerzen        0/0/0 von 81   Tagen gewertet (1m/5m/15m)        0 Signale  19 ms lesen  4 ms rechnen
2026-09-10T12:14:53.755Z  RIVE/2019       roh           2479 reg. Kerzen        0/0/0 von 204  Tagen gewertet (1m/5m/15m)        0 Signale  32 ms lesen  16 ms rechnen
2026-09-10T12:14:53.809Z  RIVE/2020       roh           3001 reg. Kerzen        0/0/0 von 233  Tagen gewertet (1m/5m/15m)        0 Signale  26 ms lesen  23 ms rechnen
2026-09-10T12:14:53.850Z  RIVE/2021       roh           2721 reg. Kerzen        0/0/0 von 214  Tagen gewertet (1m/5m/15m)        0 Signale  13 ms lesen  18 ms rechnen
2026-09-10T12:15:13.308Z  RKUS/2016       roh          35264 reg. Kerzen       59/0/0 von 101  Tagen gewertet (1m/5m/15m)     1520 Signale  44 ms lesen  19402 ms rechnen
2026-09-10T12:15:13.456Z  RLM/2018        roh           1296 reg. Kerzen        0/0/0 von 76   Tagen gewertet (1m/5m/15m)        0 Signale  12 ms lesen  10 ms rechnen
2026-09-10T12:15:13.486Z  RLM/2019        roh           2512 reg. Kerzen        0/0/0 von 139  Tagen gewertet (1m/5m/15m)        0 Signale  9 ms lesen  17 ms rechnen
2026-09-10T12:15:13.530Z  RMGC/2021       roh           2954 reg. Kerzen        0/0/0 von 160  Tagen gewertet (1m/5m/15m)        0 Signale  12 ms lesen  22 ms rechnen
2026-09-10T12:15:13.600Z  RMGC/2022       roh           3911 reg. Kerzen        0/0/0 von 222  Tagen gewertet (1m/5m/15m)        0 Signale  33 ms lesen  26 ms rechnen
2026-09-10T12:15:13.647Z  RMGC/2023       roh           1031 reg. Kerzen        0/0/0 von 160  Tagen gewertet (1m/5m/15m)        0 Signale  23 ms lesen  10 ms rechnen
2026-09-10T12:15:13.658Z  RMGC/2024       roh             99 reg. Kerzen        0/0/0 von 30   Tagen gewertet (1m/5m/15m)        0 Signale  5 ms lesen  1 ms rechnen
2026-09-10T12:15:13.701Z  RNER/2022       roh           1219 reg. Kerzen        0/0/0 von 165  Tagen gewertet (1m/5m/15m)        0 Signale  21 ms lesen  10 ms rechnen
2026-09-10T12:15:13.745Z  RNER/2023       roh           1797 reg. Kerzen        0/0/0 von 39   Tagen gewertet (1m/5m/15m)        0 Signale  24 ms lesen  16 ms rechnen
2026-09-10T12:15:15.584Z  CHECKPOINT 4200 Dateien, 1225 min, Detektorfehler {}
2026-09-10T12:15:15.629Z  RNVA/2017       bereinigt     2481 reg. Kerzen        0/0/0 von 13   Tagen gewertet (1m/5m/15m)        0 Signale  24 ms lesen  19 ms rechnen
2026-09-10T12:15:15.664Z  ROCL/2022       roh            602 reg. Kerzen        0/0/0 von 137  Tagen gewertet (1m/5m/15m)        0 Signale  19 ms lesen  6 ms rechnen
2026-09-10T12:15:15.712Z  ROCL/2023       roh            580 reg. Kerzen        0/0/0 von 139  Tagen gewertet (1m/5m/15m)        0 Signale  39 ms lesen  6 ms rechnen
2026-09-10T12:15:15.736Z  ROCL/2024       roh            808 reg. Kerzen        0/0/0 von 125  Tagen gewertet (1m/5m/15m)        0 Signale  14 ms lesen  7 ms rechnen
2026-09-10T12:16:19.950Z  ROK/2016        roh          89776 reg. Kerzen      218/0/0 von 252  Tagen gewertet (1m/5m/15m)     5093 Signale  138 ms lesen  64058 ms rechnen
2026-09-10T12:17:21.689Z  ROK/2017        roh          85782 reg. Kerzen      218/0/0 von 251  Tagen gewertet (1m/5m/15m)     4892 Signale  109 ms lesen  61370 ms rechnen
2026-09-10T12:18:37.095Z  ROK/2018        roh          90418 reg. Kerzen      247/0/0 von 251  Tagen gewertet (1m/5m/15m)     6197 Signale  153 ms lesen  75032 ms rechnen
2026-09-10T12:19:49.316Z  ROK/2019        roh          89922 reg. Kerzen      242/0/0 von 252  Tagen gewertet (1m/5m/15m)     5804 Signale  150 ms lesen  71842 ms rechnen
2026-09-10T12:21:03.245Z  ROK/2020        roh          88981 reg. Kerzen      234/0/0 von 253  Tagen gewertet (1m/5m/15m)     6354 Signale  141 ms lesen  73534 ms rechnen
2026-09-10T12:21:54.705Z  ROK/2021        roh          81578 reg. Kerzen      179/0/0 von 252  Tagen gewertet (1m/5m/15m)     4394 Signale  141 ms lesen  51067 ms rechnen
2026-09-10T12:22:56.117Z  ROK/2022        roh          84198 reg. Kerzen      205/0/0 von 251  Tagen gewertet (1m/5m/15m)     5643 Signale  136 ms lesen  61042 ms rechnen
2026-09-10T12:23:48.604Z  ROK/2023        roh          82061 reg. Kerzen      189/0/0 von 250  Tagen gewertet (1m/5m/15m)     4695 Signale  123 ms lesen  52134 ms rechnen
2026-09-10T12:24:34.099Z  ROK/2024        roh          80331 reg. Kerzen      160/0/0 von 252  Tagen gewertet (1m/5m/15m)     3971 Signale  132 ms lesen  45141 ms rechnen
2026-09-10T12:25:17.843Z  ROK/2025        roh          79947 reg. Kerzen      147/0/0 von 250  Tagen gewertet (1m/5m/15m)     3725 Signale  122 ms lesen  43423 ms rechnen
2026-09-10T12:26:12.562Z  ROK/2026        roh          61280 reg. Kerzen      166/0/0 von 166  Tagen gewertet (1m/5m/15m)     4281 Signale  106 ms lesen  54410 ms rechnen
2026-09-10T12:26:13.874Z  ROSG/2016       bereinigt    18023 reg. Kerzen        0/0/0 von 252  Tagen gewertet (1m/5m/15m)        0 Signale  643 ms lesen  100 ms rechnen
2026-09-10T12:26:15.919Z  ROSG/2017       bereinigt    16121 reg. Kerzen        0/0/0 von 251  Tagen gewertet (1m/5m/15m)        0 Signale  1896 ms lesen  92 ms rechnen
2026-09-10T12:26:16.388Z  ROSG/2018       roh           2870 reg. Kerzen        0/0/0 von 96   Tagen gewertet (1m/5m/15m)        0 Signale  401 ms lesen  24 ms rechnen
2026-09-10T12:27:22.286Z  RPAI/2016       roh          88426 reg. Kerzen      221/0/0 von 252  Tagen gewertet (1m/5m/15m)     4979 Signale  2048 ms lesen  63816 ms rechnen
2026-09-10T12:28:40.515Z  RPAI/2017       roh          91256 reg. Kerzen      249/0/0 von 251  Tagen gewertet (1m/5m/15m)     5841 Signale  146 ms lesen  77827 ms rechnen
2026-09-10T12:30:01.425Z  RPAI/2018       roh          92195 reg. Kerzen      249/0/0 von 251  Tagen gewertet (1m/5m/15m)     6098 Signale  124 ms lesen  80552 ms rechnen
2026-09-10T12:31:15.911Z  RPAI/2019       roh          89427 reg. Kerzen      240/0/0 von 252  Tagen gewertet (1m/5m/15m)     5562 Signale  141 ms lesen  74091 ms rechnen
2026-09-10T12:32:44.310Z  RPAI/2020       roh          93359 reg. Kerzen      252/0/0 von 253  Tagen gewertet (1m/5m/15m)     7611 Signale  115 ms lesen  88033 ms rechnen
2026-09-10T12:33:44.350Z  RPAI/2021       roh          71839 reg. Kerzen      190/0/0 von 203  Tagen gewertet (1m/5m/15m)     5135 Signale  127 ms lesen  59669 ms rechnen
2026-09-10T12:33:45.042Z  RPTX/2020       roh          14165 reg. Kerzen        1/0/0 von 136  Tagen gewertet (1m/5m/15m)       31 Signale  41 ms lesen  426 ms rechnen
2026-09-10T12:33:45.656Z  RPTX/2021       roh          37112 reg. Kerzen        1/0/0 von 252  Tagen gewertet (1m/5m/15m)       28 Signale  72 ms lesen  508 ms rechnen
2026-09-10T12:33:46.053Z  RPTX/2022       roh          43298 reg. Kerzen        0/0/0 von 251  Tagen gewertet (1m/5m/15m)        0 Signale  96 ms lesen  224 ms rechnen
2026-09-10T12:33:46.477Z  RPTX/2023       roh          37320 reg. Kerzen        0/0/0 von 250  Tagen gewertet (1m/5m/15m)        0 Signale  66 ms lesen  226 ms rechnen
2026-09-10T12:33:46.870Z  RPTX/2024       roh          32979 reg. Kerzen        0/0/0 von 252  Tagen gewertet (1m/5m/15m)        0 Signale  82 ms lesen  204 ms rechnen
2026-09-10T12:33:47.259Z  RPTX/2025       roh          32815 reg. Kerzen        0/0/0 von 250  Tagen gewertet (1m/5m/15m)        0 Signale  82 ms lesen  222 ms rechnen
2026-09-10T12:33:47.425Z  RPTX/2026       roh           4541 reg. Kerzen        0/0/0 von 17   Tagen gewertet (1m/5m/15m)        0 Signale  49 ms lesen  39 ms rechnen
2026-09-10T12:33:47.914Z  RRTS/2016       bereinigt    61263 reg. Kerzen        0/0/0 von 252  Tagen gewertet (1m/5m/15m)        0 Signale  100 ms lesen  377 ms rechnen
2026-09-10T12:33:48.430Z  RRTS/2017       bereinigt    46273 reg. Kerzen        0/0/0 von 251  Tagen gewertet (1m/5m/15m)        0 Signale  57 ms lesen  287 ms rechnen
2026-09-10T12:33:48.953Z  RRTS/2018       bereinigt    56714 reg. Kerzen        0/0/0 von 251  Tagen gewertet (1m/5m/15m)        0 Signale  70 ms lesen  325 ms rechnen
2026-09-10T12:33:49.301Z  RRTS/2019       bereinigt    22422 reg. Kerzen        0/0/0 von 252  Tagen gewertet (1m/5m/15m)        0 Signale  32 ms lesen  157 ms rechnen
2026-09-10T12:33:49.408Z  RRTS/2020       roh           4764 reg. Kerzen        0/0/0 von 73   Tagen gewertet (1m/5m/15m)        0 Signale  15 ms lesen  23 ms rechnen
2026-09-10T12:35:09.478Z  RSPP/2016       roh          96271 reg. Kerzen      232/0/0 von 252  Tagen gewertet (1m/5m/15m)     6919 Signale  140 ms lesen  79912 ms rechnen
2026-09-10T12:36:34.767Z  RSPP/2017       roh          95731 reg. Kerzen      251/0/0 von 251  Tagen gewertet (1m/5m/15m)     6969 Signale  144 ms lesen  84894 ms rechnen
2026-09-10T12:37:21.183Z  RSPP/2018       roh          52316 reg. Kerzen      137/0/0 von 137  Tagen gewertet (1m/5m/15m)     3851 Signale  71 ms lesen  46070 ms rechnen
2026-09-10T12:37:24.568Z  RTEC/2016       roh          65049 reg. Kerzen        8/0/0 von 252  Tagen gewertet (1m/5m/15m)      203 Signale  662 ms lesen  2586 ms rechnen
2026-09-10T12:37:25.684Z  RTEC/2017       roh          51687 reg. Kerzen        2/0/0 von 251  Tagen gewertet (1m/5m/15m)       46 Signale  84 ms lesen  849 ms rechnen
2026-09-10T12:37:26.572Z  RTEC/2018       roh          51753 reg. Kerzen        1/0/0 von 251  Tagen gewertet (1m/5m/15m)       28 Signale  102 ms lesen  667 ms rechnen
2026-09-10T12:37:27.048Z  RTEC/2019       roh          38604 reg. Kerzen        0/0/0 von 207  Tagen gewertet (1m/5m/15m)        0 Signale  92 ms lesen  243 ms rechnen
2026-09-10T12:37:27.228Z  RTP/2020        roh           5835 reg. Kerzen        0/0/0 von 37   Tagen gewertet (1m/5m/15m)        0 Signale  24 ms lesen  34 ms rechnen
2026-09-10T12:37:52.544Z  RTP/2021        roh          47441 reg. Kerzen       79/0/0 von 152  Tagen gewertet (1m/5m/15m)     2129 Signale  92 ms lesen  25204 ms rechnen
2026-09-10T12:37:53.205Z  RUHN/2019       roh          30395 reg. Kerzen        1/0/0 von 189  Tagen gewertet (1m/5m/15m)       29 Signale  65 ms lesen  460 ms rechnen
2026-09-10T12:37:53.559Z  RUHN/2020       roh          30985 reg. Kerzen        0/0/0 von 253  Tagen gewertet (1m/5m/15m)        0 Signale  82 ms lesen  185 ms rechnen
2026-09-10T12:37:53.734Z  RUHN/2021       roh          11451 reg. Kerzen        0/0/0 von 73   Tagen gewertet (1m/5m/15m)        0 Signale  23 ms lesen  83 ms rechnen
2026-09-10T12:38:31.704Z  RVLV/2019       roh          50486 reg. Kerzen      113/0/0 von 144  Tagen gewertet (1m/5m/15m)     3659 Signale  95 ms lesen  37836 ms rechnen
2026-09-10T12:39:46.107Z  RVLV/2020       roh          87901 reg. Kerzen      219/0/0 von 253  Tagen gewertet (1m/5m/15m)     7045 Signale  127 ms lesen  74140 ms rechnen
2026-09-10T12:41:00.514Z  RVLV/2021       roh          86729 reg. Kerzen      223/0/0 von 252  Tagen gewertet (1m/5m/15m)     7013 Signale  125 ms lesen  74054 ms rechnen
2026-09-10T12:42:31.222Z  RVLV/2022       roh          92691 reg. Kerzen      246/0/0 von 251  Tagen gewertet (1m/5m/15m)     7934 Signale  136 ms lesen  90324 ms rechnen
2026-09-10T12:43:56.934Z  RVLV/2023       roh          91990 reg. Kerzen      250/0/0 von 250  Tagen gewertet (1m/5m/15m)     7639 Signale  124 ms lesen  85391 ms rechnen
2026-09-10T12:45:02.472Z  RVLV/2024       roh          85147 reg. Kerzen      207/0/0 von 252  Tagen gewertet (1m/5m/15m)     6219 Signale  115 ms lesen  65143 ms rechnen
2026-09-10T12:46:11.023Z  RVLV/2025       roh          85037 reg. Kerzen      214/0/0 von 250  Tagen gewertet (1m/5m/15m)     6359 Signale  113 ms lesen  68207 ms rechnen
2026-09-10T12:46:42.036Z  RVLV/2026       roh          51972 reg. Kerzen       86/0/0 von 166  Tagen gewertet (1m/5m/15m)     2549 Signale  3412 ms lesen  27381 ms rechnen
2026-09-10T12:46:42.187Z  RWGE/2018       roh            662 reg. Kerzen        0/0/0 von 106  Tagen gewertet (1m/5m/15m)        0 Signale  14 ms lesen  3 ms rechnen
2026-09-10T12:46:42.205Z  RWGE/2019       roh            422 reg. Kerzen        0/0/0 von 106  Tagen gewertet (1m/5m/15m)        0 Signale  11 ms lesen  5 ms rechnen
2026-09-10T12:46:42.251Z  RXRA/2021       roh           1395 reg. Kerzen        0/0/0 von 102  Tagen gewertet (1m/5m/15m)        0 Signale  25 ms lesen  9 ms rechnen
2026-09-10T12:46:42.277Z  RXRA/2022       roh           1152 reg. Kerzen        0/0/0 von 174  Tagen gewertet (1m/5m/15m)        0 Signale  12 ms lesen  10 ms rechnen
2026-09-10T12:46:43.329Z  RYDE/2024       roh          31749 reg. Kerzen        2/0/0 von 208  Tagen gewertet (1m/5m/15m)       69 Signale  65 ms lesen  961 ms rechnen
2026-09-10T12:46:43.586Z  RYDE/2025       roh          20597 reg. Kerzen        0/0/0 von 250  Tagen gewertet (1m/5m/15m)        0 Signale  60 ms lesen  117 ms rechnen
2026-09-10T12:46:43.761Z  RYDE/2026       roh          15514 reg. Kerzen        0/0/0 von 166  Tagen gewertet (1m/5m/15m)        0 Signale  31 ms lesen  84 ms rechnen
2026-09-10T12:48:00.033Z  SABR/2016       roh          96267 reg. Kerzen      232/0/0 von 252  Tagen gewertet (1m/5m/15m)     5753 Signale  131 ms lesen  76102 ms rechnen
2026-09-10T12:49:19.598Z  SABR/2017       roh          93868 reg. Kerzen      251/0/0 von 251  Tagen gewertet (1m/5m/15m)     6096 Signale  130 ms lesen  79157 ms rechnen
2026-09-10T12:50:40.509Z  SABR/2018       roh          93963 reg. Kerzen      249/0/0 von 251  Tagen gewertet (1m/5m/15m)     6343 Signale  149 ms lesen  80509 ms rechnen
2026-09-10T12:51:57.683Z  SABR/2019       roh          92376 reg. Kerzen      246/0/0 von 252  Tagen gewertet (1m/5m/15m)     5942 Signale  136 ms lesen  76763 ms rechnen
2026-09-10T12:53:30.619Z  SABR/2020       roh          96884 reg. Kerzen      253/0/0 von 253  Tagen gewertet (1m/5m/15m)     7833 Signale  141 ms lesen  92557 ms rechnen
2026-09-10T12:55:03.618Z  SABR/2021       roh          97674 reg. Kerzen      252/0/0 von 252  Tagen gewertet (1m/5m/15m)     7523 Signale  157 ms lesen  92554 ms rechnen
2026-09-10T12:56:40.555Z  SABR/2022       roh          97309 reg. Kerzen      251/0/0 von 251  Tagen gewertet (1m/5m/15m)     7959 Signale  131 ms lesen  96535 ms rechnen
2026-09-10T12:58:17.339Z  SABR/2023       roh          96272 reg. Kerzen      250/0/0 von 250  Tagen gewertet (1m/5m/15m)     7791 Signale  140 ms lesen  96338 ms rechnen
2026-09-10T12:59:52.023Z  SABR/2024       roh          94471 reg. Kerzen      250/0/0 von 252  Tagen gewertet (1m/5m/15m)     7858 Signale  146 ms lesen  94271 ms rechnen
2026-09-10T13:01:29.685Z  SABR/2025       roh          94855 reg. Kerzen      250/0/0 von 250  Tagen gewertet (1m/5m/15m)     7790 Signale  139 ms lesen  97267 ms rechnen
2026-09-10T13:02:30.970Z  SABR/2026       roh          62743 reg. Kerzen      152/0/0 von 166  Tagen gewertet (1m/5m/15m)     4856 Signale  90 ms lesen  60928 ms rechnen
2026-09-10T13:02:31.232Z  SAI/2022        roh          10479 reg. Kerzen        0/0/0 von 167  Tagen gewertet (1m/5m/15m)        0 Signale  33 ms lesen  58 ms rechnen
2026-09-10T13:02:31.405Z  SAI/2023        roh          16008 reg. Kerzen        0/0/0 von 250  Tagen gewertet (1m/5m/15m)        0 Signale  48 ms lesen  89 ms rechnen
2026-09-10T13:02:31.507Z  SAI/2024        roh           6868 reg. Kerzen        0/0/0 von 174  Tagen gewertet (1m/5m/15m)        0 Signale  24 ms lesen  40 ms rechnen
2026-09-10T13:02:32.062Z  SALT/2016       bereinigt    71633 reg. Kerzen        0/0/0 von 252  Tagen gewertet (1m/5m/15m)        0 Signale  108 ms lesen  417 ms rechnen
2026-09-10T13:02:48.937Z  SALT/2017       bereinigt    72402 reg. Kerzen       47/0/0 von 251  Tagen gewertet (1m/5m/15m)     1467 Signale  91 ms lesen  16591 ms rechnen
2026-09-10T13:02:49.598Z  SALT/2018       bereinigt    63967 reg. Kerzen        0/0/0 von 251  Tagen gewertet (1m/5m/15m)        0 Signale  103 ms lesen  382 ms rechnen
2026-09-10T13:02:50.232Z  SALT/2019       bereinigt    59339 reg. Kerzen        0/0/0 von 252  Tagen gewertet (1m/5m/15m)        0 Signale  92 ms lesen  355 ms rechnen
2026-09-10T13:02:50.841Z  SALT/2020       bereinigt    56422 reg. Kerzen        0/0/0 von 253  Tagen gewertet (1m/5m/15m)        0 Signale  96 ms lesen  352 ms rechnen
2026-09-10T13:02:51.040Z  SALT/2021       roh           4165 reg. Kerzen        0/0/0 von 24   Tagen gewertet (1m/5m/15m)        0 Signale  17 ms lesen  25 ms rechnen
2026-09-10T13:02:51.156Z  SANW/2016       bereinigt    12830 reg. Kerzen        0/0/0 von 252  Tagen gewertet (1m/5m/15m)        0 Signale  25 ms lesen  75 ms rechnen
2026-09-10T13:02:51.336Z  SANW/2017       bereinigt    15143 reg. Kerzen        0/0/0 von 251  Tagen gewertet (1m/5m/15m)        0 Signale  50 ms lesen  80 ms rechnen
2026-09-10T13:02:51.479Z  SANW/2018       bereinigt     9274 reg. Kerzen        0/0/0 von 249  Tagen gewertet (1m/5m/15m)        0 Signale  36 ms lesen  66 ms rechnen
2026-09-10T13:02:51.584Z  SANW/2019       bereinigt     6784 reg. Kerzen        0/0/0 von 251  Tagen gewertet (1m/5m/15m)        0 Signale  36 ms lesen  36 ms rechnen
2026-09-10T13:02:51.692Z  SANW/2020       bereinigt     9931 reg. Kerzen        0/0/0 von 253  Tagen gewertet (1m/5m/15m)        0 Signale  21 ms lesen  69 ms rechnen
2026-09-10T13:02:51.822Z  SANW/2021       bereinigt    14847 reg. Kerzen        0/0/0 von 252  Tagen gewertet (1m/5m/15m)        0 Signale  26 ms lesen  78 ms rechnen
2026-09-10T13:02:51.985Z  SANW/2022       bereinigt    15929 reg. Kerzen        0/0/0 von 251  Tagen gewertet (1m/5m/15m)        0 Signale  52 ms lesen  75 ms rechnen
2026-09-10T13:02:52.103Z  SANW/2023       bereinigt     8637 reg. Kerzen        0/0/0 von 250  Tagen gewertet (1m/5m/15m)        0 Signale  19 ms lesen  52 ms rechnen
2026-09-10T13:02:52.219Z  SANW/2024       bereinigt    10748 reg. Kerzen        0/0/0 von 252  Tagen gewertet (1m/5m/15m)        0 Signale  22 ms lesen  76 ms rechnen
2026-09-10T13:02:52.298Z  SANW/2025       roh           3503 reg. Kerzen        0/0/0 von 145  Tagen gewertet (1m/5m/15m)        0 Signale  15 ms lesen  26 ms rechnen
2026-09-10T13:02:52.309Z  AUSGELASSEN SANW/2026: Datei fehlt
2026-09-10T13:02:52.376Z  SAUC/2016       roh           7999 reg. Kerzen        0/0/0 von 251  Tagen gewertet (1m/5m/15m)        0 Signale  27 ms lesen  39 ms rechnen
2026-09-10T13:02:52.571Z  SAUC/2017       roh          21198 reg. Kerzen        0/0/0 von 251  Tagen gewertet (1m/5m/15m)        0 Signale  51 ms lesen  128 ms rechnen
2026-09-10T13:02:52.723Z  SAUC/2018       roh           9012 reg. Kerzen        0/0/0 von 250  Tagen gewertet (1m/5m/15m)        0 Signale  32 ms lesen  48 ms rechnen
2026-09-10T13:02:52.909Z  SAUC/2019       roh          14628 reg. Kerzen        0/0/0 von 252  Tagen gewertet (1m/5m/15m)        0 Signale  62 ms lesen  99 ms rechnen
2026-09-10T13:02:52.993Z  SAUC/2020       roh           1236 reg. Kerzen        0/0/0 von 37   Tagen gewertet (1m/5m/15m)        0 Signale  18 ms lesen  23 ms rechnen
2026-09-10T13:02:53.043Z  SBDS/2025       roh           3022 reg. Kerzen        0/0/0 von 116  Tagen gewertet (1m/5m/15m)        0 Signale  24 ms lesen  13 ms rechnen
2026-09-10T13:02:53.076Z  SBDS/2026       roh           2339 reg. Kerzen        0/0/0 von 63   Tagen gewertet (1m/5m/15m)        0 Signale  8 ms lesen  19 ms rechnen
2026-09-10T13:02:53.124Z  SBIG/2021       roh           3079 reg. Kerzen        0/0/0 von 171  Tagen gewertet (1m/5m/15m)        0 Signale  25 ms lesen  15 ms rechnen
2026-09-10T13:02:53.244Z  SBIG/2022       roh          11929 reg. Kerzen        0/0/0 von 233  Tagen gewertet (1m/5m/15m)        0 Signale  35 ms lesen  77 ms rechnen
2026-09-10T13:02:53.338Z  SBIG/2023       roh           9413 reg. Kerzen        0/0/0 von 168  Tagen gewertet (1m/5m/15m)        0 Signale  28 ms lesen  39 ms rechnen
2026-09-10T13:02:53.357Z  AUSGELASSEN SBIG/2024: Datei fehlt
2026-09-10T13:02:53.382Z  AUSGELASSEN SBIG/2025: Datei fehlt
2026-09-10T13:03:17.535Z  SBRA/2016       roh          74242 reg. Kerzen       84/0/0 von 252  Tagen gewertet (1m/5m/15m)     2258 Signale  98 ms lesen  24040 ms rechnen
2026-09-10T13:04:18.571Z  SBRA/2017       roh          86663 reg. Kerzen      195/0/0 von 251  Tagen gewertet (1m/5m/15m)     4981 Signale  122 ms lesen  60716 ms rechnen
2026-09-10T13:05:41.442Z  SBRA/2018       roh          93907 reg. Kerzen      249/0/0 von 251  Tagen gewertet (1m/5m/15m)     6325 Signale  152 ms lesen  82472 ms rechnen
2026-09-10T13:07:01.932Z  SBRA/2019       roh          93532 reg. Kerzen      252/0/0 von 252  Tagen gewertet (1m/5m/15m)     6242 Signale  123 ms lesen  80101 ms rechnen
2026-09-10T13:08:30.669Z  SBRA/2020       roh          95109 reg. Kerzen      253/0/0 von 253  Tagen gewertet (1m/5m/15m)     7370 Signale  114 ms lesen  88381 ms rechnen
2026-09-10T13:09:52.494Z  SBRA/2021       roh          93730 reg. Kerzen      252/0/0 von 252  Tagen gewertet (1m/5m/15m)     6622 Signale  711 ms lesen  80854 ms rechnen
2026-09-10T13:11:17.987Z  SBRA/2022       roh          94640 reg. Kerzen      251/0/0 von 251  Tagen gewertet (1m/5m/15m)     6824 Signale  142 ms lesen  85102 ms rechnen
2026-09-10T13:12:40.076Z  SBRA/2023       roh          93671 reg. Kerzen      250/0/0 von 250  Tagen gewertet (1m/5m/15m)     6580 Signale  141 ms lesen  81658 ms rechnen
2026-09-10T13:13:56.674Z  SBRA/2024       roh          92186 reg. Kerzen      249/0/0 von 252  Tagen gewertet (1m/5m/15m)     6019 Signale  137 ms lesen  76206 ms rechnen
2026-09-10T13:15:15.914Z  SBRA/2025       roh          93410 reg. Kerzen      247/0/0 von 250  Tagen gewertet (1m/5m/15m)     6080 Signale  126 ms lesen  78893 ms rechnen
2026-09-10T13:16:08.897Z  SBRA/2026       roh          62015 reg. Kerzen      166/0/0 von 166  Tagen gewertet (1m/5m/15m)     4076 Signale  81 ms lesen  52690 ms rechnen
2026-09-10T13:17:31.988Z  SC/2016         roh          92809 reg. Kerzen      227/0/0 von 252  Tagen gewertet (1m/5m/15m)     6740 Signale  4781 ms lesen  77817 ms rechnen
2026-09-10T13:18:51.646Z  SC/2017         roh          91836 reg. Kerzen      246/0/0 von 251  Tagen gewertet (1m/5m/15m)     6593 Signale  119 ms lesen  79291 ms rechnen
2026-09-10T13:20:10.548Z  SC/2018         roh          92520 reg. Kerzen      247/0/0 von 251  Tagen gewertet (1m/5m/15m)     6332 Signale  146 ms lesen  78507 ms rechnen
2026-09-10T13:21:19.703Z  SC/2019         roh          88419 reg. Kerzen      236/0/0 von 252  Tagen gewertet (1m/5m/15m)     5576 Signale  132 ms lesen  68760 ms rechnen
2026-09-10T13:22:25.859Z  SC/2020         roh          86441 reg. Kerzen      199/0/0 von 253  Tagen gewertet (1m/5m/15m)     5791 Signale  124 ms lesen  65766 ms rechnen
2026-09-10T13:23:10.025Z  SC/2021         roh          75643 reg. Kerzen      147/0/0 von 252  Tagen gewertet (1m/5m/15m)     3486 Signale  128 ms lesen  43809 ms rechnen
2026-09-10T13:23:10.247Z  SC/2022         roh           2795 reg. Kerzen        0/0/0 von 19   Tagen gewertet (1m/5m/15m)        0 Signale  29 ms lesen  20 ms rechnen
2026-09-10T13:24:17.520Z  SCI/2016        roh          90210 reg. Kerzen      225/0/0 von 252  Tagen gewertet (1m/5m/15m)     5116 Signale  115 ms lesen  67141 ms rechnen
2026-09-10T13:25:23.727Z  SCI/2017        roh          86501 reg. Kerzen      236/0/0 von 251  Tagen gewertet (1m/5m/15m)     4967 Signale  696 ms lesen  65241 ms rechnen
2026-09-10T13:26:35.158Z  SCI/2018        roh          89627 reg. Kerzen      248/0/0 von 251  Tagen gewertet (1m/5m/15m)     5781 Signale  140 ms lesen  71026 ms rechnen
2026-09-10T13:27:41.807Z  SCI/2019        roh          88193 reg. Kerzen      235/0/0 von 252  Tagen gewertet (1m/5m/15m)     5333 Signale  151 ms lesen  66236 ms rechnen
2026-09-10T13:28:57.973Z  SCI/2020        roh          91442 reg. Kerzen      239/0/0 von 253  Tagen gewertet (1m/5m/15m)     6271 Signale  235 ms lesen  75679 ms rechnen
2026-09-10T13:29:58.755Z  SCI/2021        roh          86136 reg. Kerzen      215/0/0 von 252  Tagen gewertet (1m/5m/15m)     5122 Signale  120 ms lesen  60421 ms rechnen
2026-09-10T13:31:13.655Z  SCI/2022        roh          89839 reg. Kerzen      246/0/0 von 250  Tagen gewertet (1m/5m/15m)     6225 Signale  143 ms lesen  74511 ms rechnen
2026-09-10T13:32:24.595Z  SCI/2023        roh          87532 reg. Kerzen      238/0/0 von 250  Tagen gewertet (1m/5m/15m)     5563 Signale  2420 ms lesen  68292 ms rechnen
2026-09-10T13:33:18.788Z  SCI/2024        roh          83175 reg. Kerzen      200/0/0 von 252  Tagen gewertet (1m/5m/15m)     4546 Signale  200 ms lesen  53742 ms rechnen
2026-09-10T13:34:11.521Z  SCI/2025        roh          82625 reg. Kerzen      188/0/0 von 250  Tagen gewertet (1m/5m/15m)     4408 Signale  127 ms lesen  52407 ms rechnen
2026-09-10T13:34:48.177Z  SCI/2026        roh          55262 reg. Kerzen      130/0/0 von 166  Tagen gewertet (1m/5m/15m)     3298 Signale  80 ms lesen  36377 ms rechnen
2026-09-10T13:34:48.426Z  SCOB/2021       roh           2855 reg. Kerzen        0/0/0 von 160  Tagen gewertet (1m/5m/15m)        0 Signale  86 ms lesen  21 ms rechnen
2026-09-10T13:34:48.465Z  SCOB/2022       roh           2968 reg. Kerzen        0/0/0 von 209  Tagen gewertet (1m/5m/15m)        0 Signale  12 ms lesen  16 ms rechnen
2026-09-10T13:34:48.490Z  SCOB/2023       roh            233 reg. Kerzen        0/0/0 von 25   Tagen gewertet (1m/5m/15m)        0 Signale  17 ms lesen  2 ms rechnen
2026-09-10T13:35:31.600Z  SCS/2016        roh          81378 reg. Kerzen      144/0/0 von 252  Tagen gewertet (1m/5m/15m)     3827 Signale  135 ms lesen  42956 ms rechnen
2026-09-10T13:36:10.605Z  SCS/2017        roh          76787 reg. Kerzen      119/0/0 von 251  Tagen gewertet (1m/5m/15m)     3295 Signale  652 ms lesen  38137 ms rechnen
2026-09-10T13:36:42.749Z  SCS/2018        roh          74824 reg. Kerzen      103/0/0 von 251  Tagen gewertet (1m/5m/15m)     2914 Signale  132 ms lesen  31830 ms rechnen
2026-09-10T13:37:15.995Z  SCS/2019        roh          78444 reg. Kerzen      117/0/0 von 252  Tagen gewertet (1m/5m/15m)     2951 Signale  123 ms lesen  32949 ms rechnen
2026-09-10T13:38:11.991Z  SCS/2020        roh          84430 reg. Kerzen      171/0/0 von 253  Tagen gewertet (1m/5m/15m)     5137 Signale  263 ms lesen  55520 ms rechnen
2026-09-10T13:38:41.214Z  SCS/2021        roh          75841 reg. Kerzen      101/0/0 von 252  Tagen gewertet (1m/5m/15m)     2754 Signale  121 ms lesen  28871 ms rechnen
2026-09-10T13:39:19.894Z  SCS/2022        roh          79671 reg. Kerzen      126/0/0 von 251  Tagen gewertet (1m/5m/15m)     3630 Signale  144 ms lesen  38337 ms rechnen
2026-09-10T13:39:44.082Z  SCS/2023        roh          77584 reg. Kerzen       79/0/0 von 250  Tagen gewertet (1m/5m/15m)     2173 Signale  112 ms lesen  23883 ms rechnen
2026-09-10T13:40:01.105Z  SCS/2024        roh          72334 reg. Kerzen       58/0/0 von 252  Tagen gewertet (1m/5m/15m)     1566 Signale  100 ms lesen  16723 ms rechnen
2026-09-10T13:40:34.193Z  SCS/2025        roh          72331 reg. Kerzen      115/0/0 von 235  Tagen gewertet (1m/5m/15m)     2831 Signale  109 ms lesen  32798 ms rechnen
2026-09-10T13:40:34.479Z  SCVX/2020       roh           2350 reg. Kerzen        0/0/0 von 173  Tagen gewertet (1m/5m/15m)        0 Signale  27 ms lesen  18 ms rechnen
2026-09-10T13:40:34.599Z  SCVX/2021       roh          13486 reg. Kerzen        0/0/0 von 252  Tagen gewertet (1m/5m/15m)        0 Signale  36 ms lesen  75 ms rechnen
2026-09-10T13:40:34.655Z  SCVX/2022       roh            370 reg. Kerzen        0/0/0 von 42   Tagen gewertet (1m/5m/15m)        0 Signale  22 ms lesen  4 ms rechnen
2026-09-10T13:40:42.905Z  SDLP/2016       bereinigt    70696 reg. Kerzen       22/0/0 von 252  Tagen gewertet (1m/5m/15m)      707 Signale  115 ms lesen  8116 ms rechnen
2026-09-10T13:40:43.466Z  SDLP/2017       bereinigt    46538 reg. Kerzen        0/0/0 von 251  Tagen gewertet (1m/5m/15m)        0 Signale  67 ms lesen  309 ms rechnen
2026-09-10T13:40:43.887Z  SDLP/2018       bereinigt    32395 reg. Kerzen        0/0/0 von 251  Tagen gewertet (1m/5m/15m)        0 Signale  67 ms lesen  204 ms rechnen
2026-09-10T13:40:44.110Z  SDLP/2019       bereinigt    13990 reg. Kerzen        0/0/0 von 170  Tagen gewertet (1m/5m/15m)        0 Signale  23 ms lesen  97 ms rechnen
2026-09-10T13:40:44.199Z  SEAH/2020       roh           3325 reg. Kerzen        0/0/0 von 27   Tagen gewertet (1m/5m/15m)        0 Signale  15 ms lesen  17 ms rechnen
2026-09-10T13:40:55.389Z  SEAH/2021       roh          53882 reg. Kerzen       34/0/0 von 251  Tagen gewertet (1m/5m/15m)     1007 Signale  120 ms lesen  11063 ms rechnen
2026-09-10T13:40:55.869Z  SEAH/2022       roh           4358 reg. Kerzen        1/0/0 von 18   Tagen gewertet (1m/5m/15m)       15 Signale  26 ms lesen  315 ms rechnen
2026-09-10T13:41:48.292Z  SEIC/2016       roh          85593 reg. Kerzen      181/0/0 von 252  Tagen gewertet (1m/5m/15m)     4355 Signale  177 ms lesen  52210 ms rechnen
2026-09-10T13:42:17.380Z  SEIC/2017       roh          75659 reg. Kerzen      106/0/0 von 251  Tagen gewertet (1m/5m/15m)     2330 Signale  1147 ms lesen  27720 ms rechnen
2026-09-10T13:43:01.047Z  SEIC/2018       roh          79898 reg. Kerzen      154/0/0 von 251  Tagen gewertet (1m/5m/15m)     3858 Signale  115 ms lesen  43335 ms rechnen
2026-09-10T13:43:45.856Z  SEIC/2019       roh          80156 reg. Kerzen      159/0/0 von 252  Tagen gewertet (1m/5m/15m)     3744 Signale  125 ms lesen  44441 ms rechnen
2026-09-10T13:44:42.321Z  SEIC/2020       roh          82945 reg. Kerzen      187/0/0 von 253  Tagen gewertet (1m/5m/15m)     4898 Signale  682 ms lesen  55559 ms rechnen
2026-09-10T13:45:06.833Z  SEIC/2021       roh          73245 reg. Kerzen       88/0/0 von 252  Tagen gewertet (1m/5m/15m)     2088 Signale  135 ms lesen  24113 ms rechnen
2026-09-10T13:45:53.077Z  SEIC/2022       roh          80974 reg. Kerzen      164/0/0 von 251  Tagen gewertet (1m/5m/15m)     4199 Signale  137 ms lesen  45922 ms rechnen
2026-09-10T13:46:21.385Z  SEIC/2023       roh          74599 reg. Kerzen      105/0/0 von 250  Tagen gewertet (1m/5m/15m)     2356 Signale  102 ms lesen  27963 ms rechnen
2026-09-10T13:46:46.504Z  SEIC/2024       roh          72523 reg. Kerzen       85/0/0 von 252  Tagen gewertet (1m/5m/15m)     1878 Signale  2825 ms lesen  22097 ms rechnen
2026-09-10T13:47:17.146Z  SEIC/2025       roh          74363 reg. Kerzen       98/0/0 von 250  Tagen gewertet (1m/5m/15m)     2329 Signale  3856 ms lesen  26563 ms rechnen
2026-09-10T13:47:33.805Z  SEIC/2026       roh          48644 reg. Kerzen       53/0/0 von 166  Tagen gewertet (1m/5m/15m)     1307 Signale  975 ms lesen  15514 ms rechnen
2026-09-10T13:47:34.520Z  SEPA/2023       roh           1140 reg. Kerzen        0/0/0 von 121  Tagen gewertet (1m/5m/15m)        0 Signale  546 ms lesen  8 ms rechnen
2026-09-10T13:47:35.008Z  SEPA/2024       roh           1329 reg. Kerzen        0/0/0 von 94   Tagen gewertet (1m/5m/15m)        0 Signale  474 ms lesen  11 ms rechnen
2026-09-10T13:47:37.670Z  SFIX/2017       roh           9826 reg. Kerzen        7/0/0 von 29   Tagen gewertet (1m/5m/15m)      246 Signale  176 ms lesen  2461 ms rechnen
2026-09-10T13:48:41.088Z  SFIX/2018       roh          82200 reg. Kerzen      170/0/0 von 251  Tagen gewertet (1m/5m/15m)     5615 Signale  3373 ms lesen  60011 ms rechnen
2026-09-10T13:50:12.938Z  SFIX/2019       roh          95225 reg. Kerzen      252/0/0 von 252  Tagen gewertet (1m/5m/15m)     7856 Signale  3752 ms lesen  87863 ms rechnen
2026-09-10T13:51:47.071Z  SFIX/2020       roh          96863 reg. Kerzen      253/0/0 von 253  Tagen gewertet (1m/5m/15m)     8180 Signale  138 ms lesen  93752 ms rechnen
2026-09-10T13:53:24.121Z  SFIX/2021       roh          95767 reg. Kerzen      251/0/0 von 252  Tagen gewertet (1m/5m/15m)     7983 Signale  5198 ms lesen  91573 ms rechnen
2026-09-10T13:55:04.986Z  SFIX/2022       roh          96956 reg. Kerzen      251/0/0 von 251  Tagen gewertet (1m/5m/15m)     8288 Signale  156 ms lesen  100461 ms rechnen
2026-09-10T13:56:20.758Z  SFIX/2023       roh          93046 reg. Kerzen      200/0/0 von 250  Tagen gewertet (1m/5m/15m)     6428 Signale  161 ms lesen  75354 ms rechnen
2026-09-10T13:56:58.698Z  SFIX/2024       roh          89754 reg. Kerzen       94/0/0 von 252  Tagen gewertet (1m/5m/15m)     2926 Signale  4383 ms lesen  33291 ms rechnen
2026-09-10T13:58:20.801Z  SFIX/2025       roh          90077 reg. Kerzen      225/0/0 von 250  Tagen gewertet (1m/5m/15m)     6977 Signale  4542 ms lesen  77317 ms rechnen
2026-09-10T13:59:01.295Z  SFIX/2026       roh          58435 reg. Kerzen      110/0/0 von 166  Tagen gewertet (1m/5m/15m)     3423 Signale  3245 ms lesen  36971 ms rechnen
2026-09-10T13:59:01.826Z  SFTW/2019       roh             11 reg. Kerzen        0/0/0 von 3    Tagen gewertet (1m/5m/15m)        0 Signale  37 ms lesen  0 ms rechnen
2026-09-10T13:59:01.939Z  SFTW/2020       roh           3130 reg. Kerzen        0/0/0 von 238  Tagen gewertet (1m/5m/15m)        0 Signale  96 ms lesen  16 ms rechnen
2026-09-10T13:59:16.626Z  SFTW/2021       roh          40848 reg. Kerzen       39/0/0 von 173  Tagen gewertet (1m/5m/15m)      984 Signale  1710 ms lesen  12969 ms rechnen
2026-09-10T13:59:17.342Z  SGD/2023        roh           7184 reg. Kerzen        0/0/0 von 65   Tagen gewertet (1m/5m/15m)        0 Signale  226 ms lesen  52 ms rechnen
2026-09-10T13:59:20.286Z  SGD/2024        roh          27254 reg. Kerzen        0/0/0 von 252  Tagen gewertet (1m/5m/15m)        0 Signale  2758 ms lesen  172 ms rechnen
2026-09-10T13:59:21.731Z  SGD/2025        roh          23112 reg. Kerzen        0/0/0 von 242  Tagen gewertet (1m/5m/15m)        0 Signale  1243 ms lesen  124 ms rechnen
2026-09-10T13:59:22.636Z  SGL/2016        roh           5123 reg. Kerzen        0/0/0 von 95   Tagen gewertet (1m/5m/15m)        0 Signale  532 ms lesen  36 ms rechnen
2026-09-10T13:59:22.834Z  SGOC/2016       bereinigt     5870 reg. Kerzen        0/0/0 von 244  Tagen gewertet (1m/5m/15m)        0 Signale  96 ms lesen  40 ms rechnen
2026-09-10T13:59:23.952Z  SGOC/2017       roh           5596 reg. Kerzen        0/0/0 von 242  Tagen gewertet (1m/5m/15m)        0 Signale  1066 ms lesen  33 ms rechnen
2026-09-10T13:59:24.484Z  SGOC/2018       roh           4986 reg. Kerzen        0/0/0 von 247  Tagen gewertet (1m/5m/15m)        0 Signale  488 ms lesen  32 ms rechnen
2026-09-10T13:59:24.647Z  SGOC/2019       roh           1424 reg. Kerzen        0/0/0 von 218  Tagen gewertet (1m/5m/15m)        0 Signale  139 ms lesen  12 ms rechnen
2026-09-10T13:59:24.773Z  SGOC/2020       roh           3335 reg. Kerzen        0/0/0 von 236  Tagen gewertet (1m/5m/15m)        0 Signale  102 ms lesen  19 ms rechnen
2026-09-10T13:59:38.387Z  SGOC/2021       roh          38814 reg. Kerzen       32/0/0 von 220  Tagen gewertet (1m/5m/15m)     1086 Signale  2179 ms lesen  11428 ms rechnen
2026-09-10T13:59:38.689Z  SHAP/2022       roh            544 reg. Kerzen        0/0/0 von 134  Tagen gewertet (1m/5m/15m)        0 Signale  158 ms lesen  6 ms rechnen
2026-09-10T13:59:38.836Z  SHAP/2023       roh            704 reg. Kerzen        0/0/0 von 165  Tagen gewertet (1m/5m/15m)        0 Signale  137 ms lesen  7 ms rechnen
2026-09-10T13:59:38.870Z  SHAP/2024       roh            116 reg. Kerzen        0/0/0 von 31   Tagen gewertet (1m/5m/15m)        0 Signale  29 ms lesen  1 ms rechnen
2026-09-10T13:59:43.634Z  SHLM/2016       roh          56141 reg. Kerzen        3/0/0 von 252  Tagen gewertet (1m/5m/15m)       92 Signale  3116 ms lesen  1308 ms rechnen
2026-09-10T13:59:49.095Z  SHLM/2017       roh          50218 reg. Kerzen        9/0/0 von 251  Tagen gewertet (1m/5m/15m)      263 Signale  2614 ms lesen  2706 ms rechnen
2026-09-10T13:59:52.193Z  SHLM/2018       roh          31239 reg. Kerzen        5/0/0 von 160  Tagen gewertet (1m/5m/15m)       81 Signale  1259 ms lesen  1678 ms rechnen
2026-09-10T13:59:57.158Z  SHOR/2016       roh          68853 reg. Kerzen        7/0/0 von 252  Tagen gewertet (1m/5m/15m)      178 Signale  2367 ms lesen  2497 ms rechnen
2026-09-10T13:59:59.662Z  SHOR/2017       roh          46475 reg. Kerzen        3/0/0 von 183  Tagen gewertet (1m/5m/15m)       53 Signale  852 ms lesen  1481 ms rechnen
2026-09-10T14:00:00.590Z  SHYF/2020       roh          30712 reg. Kerzen        0/0/0 von 150  Tagen gewertet (1m/5m/15m)        0 Signale  591 ms lesen  157 ms rechnen
2026-09-10T14:00:02.432Z  CHECKPOINT 4400 Dateien, 1330 min, Detektorfehler {}
2026-09-10T14:00:04.523Z  SHYF/2021       roh          46587 reg. Kerzen        2/0/0 von 252  Tagen gewertet (1m/5m/15m)       57 Signale  1166 ms lesen  924 ms rechnen
2026-09-10T14:00:10.548Z  SHYF/2022       roh          53852 reg. Kerzen        5/0/0 von 251  Tagen gewertet (1m/5m/15m)      148 Signale  4205 ms lesen  1693 ms rechnen
2026-09-10T14:00:13.606Z  SHYF/2023       roh          52085 reg. Kerzen        3/0/0 von 250  Tagen gewertet (1m/5m/15m)       85 Signale  1723 ms lesen  1183 ms rechnen
2026-09-10T14:00:15.245Z  SHYF/2024       roh          45618 reg. Kerzen        0/0/0 von 252  Tagen gewertet (1m/5m/15m)        0 Signale  1277 ms lesen  234 ms rechnen
2026-09-10T14:00:16.110Z  SHYF/2025       roh          21666 reg. Kerzen        0/0/0 von 122  Tagen gewertet (1m/5m/15m)        0 Signale  615 ms lesen  134 ms rechnen
2026-09-10T14:00:16.744Z  SILV/2018       roh           4678 reg. Kerzen        0/0/0 von 91   Tagen gewertet (1m/5m/15m)        0 Signale  546 ms lesen  22 ms rechnen
2026-09-10T14:00:18.281Z  SILV/2019       roh          32872 reg. Kerzen        0/0/0 von 252  Tagen gewertet (1m/5m/15m)        0 Signale  1335 ms lesen  192 ms rechnen
2026-09-10T14:01:12.289Z  SILV/2020       roh          82956 reg. Kerzen      154/0/0 von 253  Tagen gewertet (1m/5m/15m)     4939 Signale  3150 ms lesen  50773 ms rechnen
2026-09-10T14:01:45.022Z  SILV/2021       roh          79235 reg. Kerzen       86/0/0 von 252  Tagen gewertet (1m/5m/15m)     2666 Signale  3400 ms lesen  29139 ms rechnen
2026-09-10T14:02:25.665Z  SILV/2022       roh          83820 reg. Kerzen      114/0/0 von 251  Tagen gewertet (1m/5m/15m)     3538 Signale  3649 ms lesen  36760 ms rechnen
2026-09-10T14:03:21.540Z  SILV/2023       roh          83870 reg. Kerzen      181/0/0 von 250  Tagen gewertet (1m/5m/15m)     5295 Signale  291 ms lesen  55351 ms rechnen
2026-09-10T14:04:28.860Z  SILV/2024       roh          88368 reg. Kerzen      215/0/0 von 252  Tagen gewertet (1m/5m/15m)     6436 Signale  215 ms lesen  66881 ms rechnen
2026-09-10T14:04:39.190Z  SILV/2025       roh          10636 reg. Kerzen       29/0/0 von 29   Tagen gewertet (1m/5m/15m)      908 Signale  29 ms lesen  10068 ms rechnen
2026-09-10T14:06:09.870Z  SIRI/2016       bereinigt    98014 reg. Kerzen      232/0/0 von 252  Tagen gewertet (1m/5m/15m)     5540 Signale  191 ms lesen  90439 ms rechnen
2026-09-10T14:07:44.463Z  SIRI/2017       bereinigt    97503 reg. Kerzen      251/0/0 von 251  Tagen gewertet (1m/5m/15m)     6364 Signale  180 ms lesen  94186 ms rechnen
2026-09-10T14:09:13.954Z  SIRI/2018       bereinigt    96549 reg. Kerzen      249/0/0 von 251  Tagen gewertet (1m/5m/15m)     6626 Signale  976 ms lesen  88209 ms rechnen
2026-09-10T14:10:52.304Z  SIRI/2019       bereinigt    97729 reg. Kerzen      252/0/0 von 252  Tagen gewertet (1m/5m/15m)     6432 Signale  4941 ms lesen  93114 ms rechnen
2026-09-10T14:12:26.855Z  SIRI/2020       bereinigt    98244 reg. Kerzen      253/0/0 von 253  Tagen gewertet (1m/5m/15m)     7127 Signale  192 ms lesen  94064 ms rechnen
2026-09-10T14:14:00.102Z  SIRI/2021       bereinigt    98079 reg. Kerzen      252/0/0 von 252  Tagen gewertet (1m/5m/15m)     6826 Signale  182 ms lesen  92789 ms rechnen
2026-09-10T14:15:34.668Z  SIRI/2022       bereinigt    97671 reg. Kerzen      251/0/0 von 251  Tagen gewertet (1m/5m/15m)     6736 Signale  178 ms lesen  94131 ms rechnen
2026-09-10T14:17:07.317Z  SIRI/2023       bereinigt    97043 reg. Kerzen      250/0/0 von 250  Tagen gewertet (1m/5m/15m)     7297 Signale  184 ms lesen  92203 ms rechnen
2026-09-10T14:18:48.614Z  SIRI/2024       bereinigt    97677 reg. Kerzen      252/0/0 von 252  Tagen gewertet (1m/5m/15m)     7507 Signale  7602 ms lesen  93441 ms rechnen
2026-09-10T14:20:16.137Z  SIRI/2025       roh          96362 reg. Kerzen      250/0/0 von 250  Tagen gewertet (1m/5m/15m)     6848 Signale  4449 ms lesen  82814 ms rechnen
2026-09-10T14:21:16.832Z  SIRI/2026       roh          64260 reg. Kerzen      166/0/0 von 166  Tagen gewertet (1m/5m/15m)     4535 Signale  4536 ms lesen  55902 ms rechnen
2026-09-10T14:21:43.752Z  SJI/2016        roh          74829 reg. Kerzen       92/0/0 von 252  Tagen gewertet (1m/5m/15m)     2154 Signale  2087 ms lesen  24616 ms rechnen
2026-09-10T14:21:53.156Z  SJI/2017        roh          66211 reg. Kerzen       26/0/0 von 251  Tagen gewertet (1m/5m/15m)      653 Signale  2149 ms lesen  7020 ms rechnen
2026-09-10T14:22:43.822Z  SJI/2018        roh          80176 reg. Kerzen      161/0/0 von 251  Tagen gewertet (1m/5m/15m)     4064 Signale  5295 ms lesen  45187 ms rechnen
2026-09-10T14:23:15.316Z  SJI/2019        roh          76812 reg. Kerzen      116/0/0 von 252  Tagen gewertet (1m/5m/15m)     2715 Signale  127 ms lesen  31174 ms rechnen
2026-09-10T14:24:23.756Z  SJI/2020        roh          86680 reg. Kerzen      218/0/0 von 253  Tagen gewertet (1m/5m/15m)     6193 Signale  139 ms lesen  68074 ms rechnen
2026-09-10T14:25:23.746Z  SJI/2021        roh          85534 reg. Kerzen      198/0/0 von 252  Tagen gewertet (1m/5m/15m)     5291 Signale  132 ms lesen  59633 ms rechnen
2026-09-10T14:26:15.349Z  SJI/2022        roh          82808 reg. Kerzen      182/0/0 von 251  Tagen gewertet (1m/5m/15m)     3973 Signale  128 ms lesen  51202 ms rechnen
2026-09-10T14:26:21.189Z  SJI/2023        roh           6981 reg. Kerzen       18/0/0 von 20   Tagen gewertet (1m/5m/15m)      292 Signale  22 ms lesen  5573 ms rechnen
2026-09-10T14:26:21.628Z  SKLN/2016       bereinigt    50539 reg. Kerzen        0/0/0 von 251  Tagen gewertet (1m/5m/15m)        0 Signale  98 ms lesen  317 ms rechnen
2026-09-10T14:26:22.032Z  SKLN/2017       roh          28484 reg. Kerzen        0/0/0 von 251  Tagen gewertet (1m/5m/15m)        0 Signale  51 ms lesen  193 ms rechnen
2026-09-10T14:26:22.170Z  SKLN/2018       roh           3689 reg. Kerzen        0/0/0 von 22   Tagen gewertet (1m/5m/15m)        0 Signale  24 ms lesen  29 ms rechnen
2026-09-10T14:26:27.816Z  SKYT/2021       roh          41640 reg. Kerzen       15/0/0 von 178  Tagen gewertet (1m/5m/15m)      498 Signale  209 ms lesen  5423 ms rechnen
2026-09-10T14:26:29.341Z  SKYT/2022       roh          50008 reg. Kerzen        3/0/0 von 251  Tagen gewertet (1m/5m/15m)       95 Signale  107 ms lesen  1301 ms rechnen
2026-09-10T14:26:33.164Z  SKYT/2023       roh          52921 reg. Kerzen        0/0/0 von 250  Tagen gewertet (1m/5m/15m)        0 Signale  3418 ms lesen  260 ms rechnen
2026-09-10T14:26:35.816Z  SKYT/2024       roh          59855 reg. Kerzen        1/0/0 von 252  Tagen gewertet (1m/5m/15m)       26 Signale  1826 ms lesen  718 ms rechnen
2026-09-10T14:27:20.418Z  SKYT/2025       roh          80280 reg. Kerzen      115/0/0 von 250  Tagen gewertet (1m/5m/15m)     3672 Signale  4624 ms lesen  39832 ms rechnen
2026-09-10T14:27:57.559Z  SKYT/2026       roh          48271 reg. Kerzen      109/0/0 von 144  Tagen gewertet (1m/5m/15m)     3360 Signale  1869 ms lesen  35017 ms rechnen
2026-09-10T14:27:58.382Z  SLCR/2021       roh           6878 reg. Kerzen        0/0/0 von 203  Tagen gewertet (1m/5m/15m)        0 Signale  511 ms lesen  44 ms rechnen
2026-09-10T14:27:58.531Z  SLCR/2022       roh           5738 reg. Kerzen        0/0/0 von 180  Tagen gewertet (1m/5m/15m)        0 Signale  102 ms lesen  34 ms rechnen
2026-09-10T14:28:03.379Z  SLH/2016        roh          13360 reg. Kerzen       11/0/0 von 42   Tagen gewertet (1m/5m/15m)      220 Signale  1698 ms lesen  3114 ms rechnen
2026-09-10T14:29:27.784Z  SLW/2016        roh          98012 reg. Kerzen      232/0/0 von 252  Tagen gewertet (1m/5m/15m)     6962 Signale  2819 ms lesen  81154 ms rechnen
2026-09-10T14:30:01.072Z  SLW/2017        roh          35784 reg. Kerzen       92/0/0 von 92   Tagen gewertet (1m/5m/15m)     2555 Signale  1962 ms lesen  31025 ms rechnen
2026-09-10T14:30:29.146Z  SMG/2016        roh          76033 reg. Kerzen       91/0/0 von 252  Tagen gewertet (1m/5m/15m)     2129 Signale  4179 ms lesen  23749 ms rechnen
2026-09-10T14:30:53.684Z  SMG/2017        roh          72626 reg. Kerzen       79/0/0 von 251  Tagen gewertet (1m/5m/15m)     1847 Signale  3625 ms lesen  20716 ms rechnen
2026-09-10T14:31:47.466Z  SMG/2018        roh          82565 reg. Kerzen      182/0/0 von 251  Tagen gewertet (1m/5m/15m)     4771 Signale  3147 ms lesen  50423 ms rechnen
2026-09-10T14:32:20.995Z  SMG/2019        roh          76633 reg. Kerzen      113/0/0 von 252  Tagen gewertet (1m/5m/15m)     2933 Signale  2017 ms lesen  31278 ms rechnen
2026-09-10T14:32:50.755Z  SMG/2020        roh          74214 reg. Kerzen       98/0/0 von 253  Tagen gewertet (1m/5m/15m)     2800 Signale  112 ms lesen  29451 ms rechnen
2026-09-10T14:33:09.218Z  SMG/2021        roh          70325 reg. Kerzen       63/0/0 von 252  Tagen gewertet (1m/5m/15m)     1755 Signale  125 ms lesen  18121 ms rechnen
2026-09-10T14:34:05.047Z  SMG/2022        roh          82148 reg. Kerzen      175/0/0 von 250  Tagen gewertet (1m/5m/15m)     5419 Signale  143 ms lesen  55508 ms rechnen
2026-09-10T14:35:03.245Z  SMG/2023        roh          82483 reg. Kerzen      188/0/0 von 250  Tagen gewertet (1m/5m/15m)     5511 Signale  126 ms lesen  57848 ms rechnen
2026-09-10T14:35:46.714Z  SMG/2024        roh          78670 reg. Kerzen      141/0/0 von 252  Tagen gewertet (1m/5m/15m)     3988 Signale  669 ms lesen  42603 ms rechnen
2026-09-10T14:36:24.499Z  SMG/2025        roh          77503 reg. Kerzen      125/0/0 von 250  Tagen gewertet (1m/5m/15m)     3569 Signale  118 ms lesen  37451 ms rechnen
2026-09-10T14:36:50.781Z  SMG/2026        roh          51747 reg. Kerzen       88/0/0 von 166  Tagen gewertet (1m/5m/15m)     2551 Signale  69 ms lesen  25975 ms rechnen
2026-09-10T14:36:52.426Z  SMP/2016        roh          34830 reg. Kerzen        0/0/0 von 252  Tagen gewertet (1m/5m/15m)        0 Signale  1200 ms lesen  212 ms rechnen
2026-09-10T14:36:54.475Z  SMP/2017        roh          32286 reg. Kerzen        0/0/0 von 251  Tagen gewertet (1m/5m/15m)        0 Signale  1754 ms lesen  192 ms rechnen
2026-09-10T14:36:55.589Z  SMP/2018        roh          32446 reg. Kerzen        0/0/0 von 251  Tagen gewertet (1m/5m/15m)        0 Signale  868 ms lesen  167 ms rechnen
2026-09-10T14:36:56.656Z  SMP/2019        roh          28582 reg. Kerzen        0/0/0 von 252  Tagen gewertet (1m/5m/15m)        0 Signale  824 ms lesen  170 ms rechnen
2026-09-10T14:36:57.028Z  SMP/2020        roh          37997 reg. Kerzen        0/0/0 von 253  Tagen gewertet (1m/5m/15m)        0 Signale  81 ms lesen  210 ms rechnen
2026-09-10T14:36:58.481Z  SMP/2021        roh          34484 reg. Kerzen        0/0/0 von 252  Tagen gewertet (1m/5m/15m)        0 Signale  1177 ms lesen  190 ms rechnen
2026-09-10T14:36:59.694Z  SMP/2022        roh          30518 reg. Kerzen        0/0/0 von 251  Tagen gewertet (1m/5m/15m)        0 Signale  950 ms lesen  175 ms rechnen
2026-09-10T14:37:01.050Z  SMP/2023        roh          26830 reg. Kerzen        0/0/0 von 250  Tagen gewertet (1m/5m/15m)        0 Signale  1110 ms lesen  155 ms rechnen
2026-09-10T14:37:02.814Z  SMP/2024        roh          31331 reg. Kerzen        0/0/0 von 252  Tagen gewertet (1m/5m/15m)        0 Signale  1482 ms lesen  204 ms rechnen
2026-09-10T14:37:05.325Z  SMP/2025        roh          32159 reg. Kerzen        0/0/0 von 250  Tagen gewertet (1m/5m/15m)        0 Signale  2254 ms lesen  168 ms rechnen
2026-09-10T14:37:05.907Z  SMP/2026        roh          15676 reg. Kerzen        0/0/0 von 166  Tagen gewertet (1m/5m/15m)        0 Signale  418 ms lesen  83 ms rechnen
2026-09-10T14:38:29.711Z  SN/2016         roh          94835 reg. Kerzen      216/0/0 von 252  Tagen gewertet (1m/5m/15m)     7050 Signale  4271 ms lesen  79491 ms rechnen
2026-09-10T14:40:05.854Z  SN/2017         roh          95638 reg. Kerzen      251/0/0 von 251  Tagen gewertet (1m/5m/15m)     8244 Signale  4979 ms lesen  90882 ms rechnen
2026-09-10T14:41:26.497Z  SN/2018         roh          91814 reg. Kerzen      209/0/0 von 251  Tagen gewertet (1m/5m/15m)     6805 Signale  2726 ms lesen  77652 ms rechnen
2026-09-10T14:41:27.324Z  SN/2019         roh          10031 reg. Kerzen        0/0/0 von 33   Tagen gewertet (1m/5m/15m)        0 Signale  447 ms lesen  95 ms rechnen
2026-09-10T14:41:27.347Z  AUSGELASSEN SN/2020: Datei fehlt
2026-09-10T14:41:27.371Z  AUSGELASSEN SN/2021: Datei fehlt
2026-09-10T14:41:27.371Z  AUSGELASSEN SN/2022: Datei fehlt
2026-09-10T14:41:49.640Z  SN/2023         roh          36357 reg. Kerzen       65/0/0 von 107  Tagen gewertet (1m/5m/15m)     1914 Signale  1465 ms lesen  20804 ms rechnen
2026-09-10T14:42:56.487Z  SN/2024         roh          85809 reg. Kerzen      204/0/0 von 252  Tagen gewertet (1m/5m/15m)     5664 Signale  3996 ms lesen  62766 ms rechnen
2026-09-10T14:44:12.854Z  SN/2025         roh          89600 reg. Kerzen      236/0/0 von 250  Tagen gewertet (1m/5m/15m)     6739 Signale  139 ms lesen  75981 ms rechnen
2026-09-10T14:45:05.694Z  SN/2026         roh          59751 reg. Kerzen      160/0/0 von 166  Tagen gewertet (1m/5m/15m)     4646 Signale  93 ms lesen  52518 ms rechnen
2026-09-10T14:45:06.636Z  SNC/2016        roh          29979 reg. Kerzen        0/0/0 von 252  Tagen gewertet (1m/5m/15m)        0 Signale  57 ms lesen  153 ms rechnen
2026-09-10T14:45:08.185Z  SNC/2017        roh          36647 reg. Kerzen        4/0/0 von 223  Tagen gewertet (1m/5m/15m)       77 Signale  76 ms lesen  1400 ms rechnen
2026-09-10T14:45:08.456Z  SNDX/2016       roh          19763 reg. Kerzen        0/0/0 von 211  Tagen gewertet (1m/5m/15m)        0 Signale  26 ms lesen  121 ms rechnen
2026-09-10T14:45:08.795Z  SNDX/2017       roh          36769 reg. Kerzen        0/0/0 von 251  Tagen gewertet (1m/5m/15m)        0 Signale  66 ms lesen  218 ms rechnen
2026-09-10T14:45:09.295Z  SNDX/2018       roh          55761 reg. Kerzen        0/0/0 von 251  Tagen gewertet (1m/5m/15m)        0 Signale  82 ms lesen  311 ms rechnen
2026-09-10T14:45:09.748Z  SNDX/2019       roh          35560 reg. Kerzen        0/0/0 von 252  Tagen gewertet (1m/5m/15m)        0 Signale  95 ms lesen  218 ms rechnen
2026-09-10T14:45:20.025Z  SNDX/2020       roh          60148 reg. Kerzen       32/0/0 von 253  Tagen gewertet (1m/5m/15m)     1007 Signale  90 ms lesen  10094 ms rechnen
2026-09-10T14:45:37.872Z  SNDX/2021       roh          67051 reg. Kerzen       53/0/0 von 252  Tagen gewertet (1m/5m/15m)     1643 Signale  118 ms lesen  17560 ms rechnen
2026-09-10T14:45:54.443Z  SNDX/2022       roh          70170 reg. Kerzen       52/0/0 von 251  Tagen gewertet (1m/5m/15m)     1646 Signale  103 ms lesen  16276 ms rechnen
2026-09-10T14:46:49.492Z  SNDX/2023       roh          81606 reg. Kerzen      174/0/0 von 250  Tagen gewertet (1m/5m/15m)     5138 Signale  122 ms lesen  54726 ms rechnen
2026-09-10T14:47:42.075Z  SNDX/2024       roh          80852 reg. Kerzen      161/0/0 von 252  Tagen gewertet (1m/5m/15m)     4833 Signale  2603 ms lesen  49760 ms rechnen
2026-09-10T14:49:05.501Z  SNDX/2025       roh          90387 reg. Kerzen      240/0/0 von 250  Tagen gewertet (1m/5m/15m)     7576 Signale  142 ms lesen  83036 ms rechnen
2026-09-10T14:49:59.045Z  SNDX/2026       roh          57330 reg. Kerzen      149/0/0 von 166  Tagen gewertet (1m/5m/15m)     4463 Signale  5148 ms lesen  48192 ms rechnen
2026-09-10T14:50:23.686Z  SNN/2016        roh          73439 reg. Kerzen       73/0/0 von 252  Tagen gewertet (1m/5m/15m)     1641 Signale  5574 ms lesen  18860 ms rechnen
2026-09-10T14:50:39.269Z  SNN/2017        roh          70712 reg. Kerzen       49/0/0 von 251  Tagen gewertet (1m/5m/15m)     1036 Signale  2436 ms lesen  12977 ms rechnen
2026-09-10T14:51:24.798Z  SNN/2018        roh          80587 reg. Kerzen      161/0/0 von 251  Tagen gewertet (1m/5m/15m)     3545 Signale  2855 ms lesen  42487 ms rechnen
2026-09-10T14:52:07.548Z  SNN/2019        roh          80303 reg. Kerzen      158/0/0 von 252  Tagen gewertet (1m/5m/15m)     3332 Signale  2790 ms lesen  39725 ms rechnen
2026-09-10T14:52:46.798Z  SNN/2020        roh          76804 reg. Kerzen      120/0/0 von 253  Tagen gewertet (1m/5m/15m)     3107 Signale  4308 ms lesen  34737 ms rechnen
2026-09-10T14:53:08.217Z  SNN/2021        roh          71130 reg. Kerzen       81/0/0 von 252  Tagen gewertet (1m/5m/15m)     1832 Signale  620 ms lesen  20601 ms rechnen
2026-09-10T14:54:15.951Z  SNN/2022        roh          88375 reg. Kerzen      232/0/0 von 250  Tagen gewertet (1m/5m/15m)     5695 Signale  135 ms lesen  67402 ms rechnen
2026-09-10T14:55:08.162Z  SNN/2023        roh          83454 reg. Kerzen      196/0/0 von 250  Tagen gewertet (1m/5m/15m)     4262 Signale  131 ms lesen  51855 ms rechnen
2026-09-10T14:55:49.956Z  SNN/2024        roh          80676 reg. Kerzen      154/0/0 von 252  Tagen gewertet (1m/5m/15m)     3435 Signale  117 ms lesen  41486 ms rechnen
2026-09-10T14:56:25.380Z  SNN/2025        roh          77441 reg. Kerzen      133/0/0 von 250  Tagen gewertet (1m/5m/15m)     2942 Signale  191 ms lesen  35024 ms rechnen
2026-09-10T14:57:05.640Z  SNN/2026        roh          57183 reg. Kerzen      141/0/0 von 166  Tagen gewertet (1m/5m/15m)     3328 Signale  90 ms lesen  39962 ms rechnen
2026-09-10T14:57:07.391Z  SNRE/2024       roh          10072 reg. Kerzen        5/0/0 von 40   Tagen gewertet (1m/5m/15m)      143 Signale  112 ms lesen  1436 ms rechnen
2026-09-10T14:57:10.167Z  SNRE/2025       roh          29362 reg. Kerzen        4/0/0 von 155  Tagen gewertet (1m/5m/15m)       97 Signale  1450 ms lesen  1294 ms rechnen
2026-09-10T14:58:29.847Z  SO/2016         roh          98069 reg. Kerzen      232/0/0 von 252  Tagen gewertet (1m/5m/15m)     5102 Signale  3454 ms lesen  75842 ms rechnen
2026-09-10T14:59:52.501Z  SO/2017         roh          97455 reg. Kerzen      251/0/0 von 251  Tagen gewertet (1m/5m/15m)     5389 Signale  3026 ms lesen  79314 ms rechnen
2026-09-10T15:01:20.612Z  SO/2018         roh          97342 reg. Kerzen      251/0/0 von 251  Tagen gewertet (1m/5m/15m)     5721 Signale  5247 ms lesen  82587 ms rechnen
2026-09-10T15:02:44.006Z  SO/2019         roh          97674 reg. Kerzen      252/0/0 von 252  Tagen gewertet (1m/5m/15m)     5470 Signale  2989 ms lesen  80153 ms rechnen
2026-09-10T15:04:09.977Z  SO/2020         roh          98204 reg. Kerzen      253/0/0 von 253  Tagen gewertet (1m/5m/15m)     6407 Signale  154 ms lesen  85573 ms rechnen
2026-09-10T15:05:31.817Z  SO/2021         roh          97251 reg. Kerzen      250/0/0 von 252  Tagen gewertet (1m/5m/15m)     5473 Signale  126 ms lesen  81445 ms rechnen
2026-09-10T15:06:54.949Z  SO/2022         roh          96932 reg. Kerzen      249/0/0 von 251  Tagen gewertet (1m/5m/15m)     5989 Signale  156 ms lesen  82711 ms rechnen
2026-09-10T15:08:20.651Z  SO/2023         roh          97089 reg. Kerzen      250/0/0 von 250  Tagen gewertet (1m/5m/15m)     5817 Signale  5773 ms lesen  79689 ms rechnen
2026-09-10T15:09:47.648Z  SO/2024         roh          97642 reg. Kerzen      252/0/0 von 252  Tagen gewertet (1m/5m/15m)     5542 Signale  4701 ms lesen  82075 ms rechnen
2026-09-10T15:11:11.293Z  SO/2025         roh          96858 reg. Kerzen      250/0/0 von 250  Tagen gewertet (1m/5m/15m)     5510 Signale  1815 ms lesen  81578 ms rechnen
2026-09-10T15:12:08.132Z  SO/2026         roh          64688 reg. Kerzen      166/0/0 von 166  Tagen gewertet (1m/5m/15m)     3786 Signale  2045 ms lesen  54515 ms rechnen
2026-09-10T15:12:10.404Z  SOI/2017        roh          34784 reg. Kerzen        2/0/0 von 161  Tagen gewertet (1m/5m/15m)       57 Signale  1363 ms lesen  723 ms rechnen
2026-09-10T15:12:33.970Z  SOI/2018        roh          71651 reg. Kerzen       70/0/0 von 251  Tagen gewertet (1m/5m/15m)     2128 Signale  2434 ms lesen  21050 ms rechnen
2026-09-10T15:12:50.930Z  SOI/2019        roh          72559 reg. Kerzen       56/0/0 von 252  Tagen gewertet (1m/5m/15m)     1642 Signale  122 ms lesen  16633 ms rechnen
2026-09-10T15:12:55.078Z  SOI/2020        roh          62313 reg. Kerzen       11/0/0 von 253  Tagen gewertet (1m/5m/15m)      357 Signale  103 ms lesen  3851 ms rechnen
2026-09-10T15:12:55.645Z  SOI/2021        roh          48342 reg. Kerzen        0/0/0 von 252  Tagen gewertet (1m/5m/15m)        0 Signale  99 ms lesen  305 ms rechnen
2026-09-10T15:12:56.165Z  SOI/2022        roh          47634 reg. Kerzen        0/0/0 von 251  Tagen gewertet (1m/5m/15m)        0 Signale  96 ms lesen  268 ms rechnen
2026-09-10T15:12:56.598Z  SOI/2023        roh          45214 reg. Kerzen        0/0/0 von 250  Tagen gewertet (1m/5m/15m)        0 Signale  85 ms lesen  231 ms rechnen
2026-09-10T15:12:57.345Z  SOI/2024        roh          38458 reg. Kerzen        1/0/0 von 175  Tagen gewertet (1m/5m/15m)       28 Signale  72 ms lesen  547 ms rechnen
2026-09-10T15:12:57.567Z  SONA/2016       roh          11915 reg. Kerzen        0/0/0 von 252  Tagen gewertet (1m/5m/15m)        0 Signale  36 ms lesen  75 ms rechnen
2026-09-10T15:12:57.748Z  SONA/2017       roh          18196 reg. Kerzen        0/0/0 von 251  Tagen gewertet (1m/5m/15m)        0 Signale  57 ms lesen  84 ms rechnen
2026-09-10T15:12:57.961Z  SONA/2018       roh          19747 reg. Kerzen        0/0/0 von 251  Tagen gewertet (1m/5m/15m)        0 Signale  40 ms lesen  114 ms rechnen
2026-09-10T15:12:58.186Z  SONA/2019       roh          17087 reg. Kerzen        0/0/0 von 252  Tagen gewertet (1m/5m/15m)        0 Signale  63 ms lesen  103 ms rechnen
2026-09-10T15:12:58.388Z  SONA/2020       roh          25173 reg. Kerzen        0/0/0 von 253  Tagen gewertet (1m/5m/15m)        0 Signale  45 ms lesen  114 ms rechnen
2026-09-10T15:12:58.505Z  SONA/2021       roh           5616 reg. Kerzen        0/0/0 von 60   Tagen gewertet (1m/5m/15m)        0 Signale  23 ms lesen  37 ms rechnen
2026-09-10T15:13:56.831Z  SONY/2016       bereinigt    88216 reg. Kerzen      204/0/0 von 252  Tagen gewertet (1m/5m/15m)     4696 Signale  145 ms lesen  58154 ms rechnen
2026-09-10T15:14:50.624Z  SONY/2017       bereinigt    83664 reg. Kerzen      198/0/0 von 251  Tagen gewertet (1m/5m/15m)     4066 Signale  132 ms lesen  53405 ms rechnen
2026-09-10T15:16:04.811Z  SONY/2018       bereinigt    91412 reg. Kerzen      251/0/0 von 251  Tagen gewertet (1m/5m/15m)     5833 Signale  152 ms lesen  73782 ms rechnen
2026-09-10T15:17:18.355Z  SONY/2019       bereinigt    91509 reg. Kerzen      244/0/0 von 252  Tagen gewertet (1m/5m/15m)     5404 Signale  126 ms lesen  73178 ms rechnen
2026-09-10T15:18:42.363Z  SONY/2020       bereinigt    94145 reg. Kerzen      253/0/0 von 253  Tagen gewertet (1m/5m/15m)     5983 Signale  4873 ms lesen  78865 ms rechnen
2026-09-10T15:19:40.243Z  SONY/2021       bereinigt    83618 reg. Kerzen      192/0/0 von 252  Tagen gewertet (1m/5m/15m)     4384 Signale  4242 ms lesen  53352 ms rechnen
2026-09-10T15:20:49.281Z  SONY/2022       bereinigt    87408 reg. Kerzen      232/0/0 von 251  Tagen gewertet (1m/5m/15m)     5726 Signale  2498 ms lesen  66312 ms rechnen
2026-09-10T15:21:52.232Z  SONY/2023       bereinigt    84878 reg. Kerzen      212/0/0 von 250  Tagen gewertet (1m/5m/15m)     4596 Signale  5931 ms lesen  56753 ms rechnen
2026-09-10T15:22:59.722Z  SONY/2024       bereinigt    88439 reg. Kerzen      226/0/0 von 252  Tagen gewertet (1m/5m/15m)     4879 Signale  3723 ms lesen  63575 ms rechnen
2026-09-10T15:24:14.576Z  SONY/2025       roh          96350 reg. Kerzen      229/0/0 von 250  Tagen gewertet (1m/5m/15m)     5215 Signale  148 ms lesen  74444 ms rechnen
2026-09-10T15:25:10.108Z  SONY/2026       roh          64626 reg. Kerzen      166/0/0 von 166  Tagen gewertet (1m/5m/15m)     3863 Signale  127 ms lesen  55148 ms rechnen
2026-09-10T15:25:10.638Z  SPAR/2016       roh          47655 reg. Kerzen        0/0/0 von 252  Tagen gewertet (1m/5m/15m)        0 Signale  60 ms lesen  280 ms rechnen
2026-09-10T15:25:11.082Z  SPAR/2017       roh          47021 reg. Kerzen        0/0/0 von 251  Tagen gewertet (1m/5m/15m)        0 Signale  76 ms lesen  247 ms rechnen
2026-09-10T15:25:11.574Z  SPAR/2018       roh          47394 reg. Kerzen        0/0/0 von 251  Tagen gewertet (1m/5m/15m)        0 Signale  95 ms lesen  258 ms rechnen
2026-09-10T15:25:12.067Z  SPAR/2019       roh          49700 reg. Kerzen        0/0/0 von 252  Tagen gewertet (1m/5m/15m)        0 Signale  68 ms lesen  310 ms rechnen
2026-09-10T15:25:12.699Z  SPAR/2020       roh          27093 reg. Kerzen        1/0/0 von 103  Tagen gewertet (1m/5m/15m)       30 Signale  45 ms lesen  448 ms rechnen
2026-09-10T15:26:22.837Z  SPGI/2016       bereinigt    92974 reg. Kerzen      229/0/0 von 252  Tagen gewertet (1m/5m/15m)     5278 Signale  203 ms lesen  69839 ms rechnen
2026-09-10T15:27:35.690Z  SPGI/2017       bereinigt    91217 reg. Kerzen      245/0/0 von 251  Tagen gewertet (1m/5m/15m)     5350 Signale  227 ms lesen  72373 ms rechnen
2026-09-10T15:28:56.669Z  SPGI/2018       bereinigt    91463 reg. Kerzen      249/0/0 von 251  Tagen gewertet (1m/5m/15m)     5969 Signale  7835 ms lesen  72923 ms rechnen
2026-09-10T15:30:12.460Z  SPGI/2019       bereinigt    92809 reg. Kerzen      249/0/0 von 252  Tagen gewertet (1m/5m/15m)     5620 Signale  1491 ms lesen  74053 ms rechnen
2026-09-10T15:31:43.074Z  SPGI/2020       bereinigt    93731 reg. Kerzen      252/0/0 von 253  Tagen gewertet (1m/5m/15m)     6505 Signale  9427 ms lesen  80944 ms rechnen
2026-09-10T15:33:04.996Z  SPGI/2021       bereinigt    92202 reg. Kerzen      247/0/0 von 252  Tagen gewertet (1m/5m/15m)     5660 Signale  6183 ms lesen  75511 ms rechnen
2026-09-10T15:34:27.169Z  SPGI/2022       bereinigt    95239 reg. Kerzen      249/0/0 von 250  Tagen gewertet (1m/5m/15m)     6385 Signale  207 ms lesen  81735 ms rechnen
2026-09-10T15:35:41.987Z  SPGI/2023       bereinigt    91344 reg. Kerzen      247/0/0 von 250  Tagen gewertet (1m/5m/15m)     5601 Signale  278 ms lesen  74255 ms rechnen
2026-09-10T15:36:39.344Z  SPGI/2024       bereinigt    84883 reg. Kerzen      209/0/0 von 252  Tagen gewertet (1m/5m/15m)     4518 Signale  192 ms lesen  56929 ms rechnen
2026-09-10T15:37:39.547Z  SPGI/2025       bereinigt    86496 reg. Kerzen      207/0/0 von 250  Tagen gewertet (1m/5m/15m)     4735 Signale  211 ms lesen  59773 ms rechnen
2026-09-10T15:38:40.000Z  SPGI/2026       bereinigt    64598 reg. Kerzen      166/0/0 von 166  Tagen gewertet (1m/5m/15m)     4226 Signale  5023 ms lesen  55212 ms rechnen
2026-09-10T15:38:40.685Z  SPKB/2021       roh           1074 reg. Kerzen        0/0/0 von 137  Tagen gewertet (1m/5m/15m)        0 Signale  474 ms lesen  9 ms rechnen
2026-09-10T15:38:41.359Z  SPKB/2022       roh           3465 reg. Kerzen        0/0/0 von 221  Tagen gewertet (1m/5m/15m)        0 Signale  642 ms lesen  27 ms rechnen
2026-09-10T15:38:41.459Z  SPKB/2023       roh            962 reg. Kerzen        0/0/0 von 53   Tagen gewertet (1m/5m/15m)        0 Signale  84 ms lesen  9 ms rechnen
2026-09-10T15:38:44.113Z  SPNT/2016       roh          60776 reg. Kerzen        0/0/0 von 252  Tagen gewertet (1m/5m/15m)        0 Signale  2286 ms lesen  336 ms rechnen
2026-09-10T15:39:07.126Z  SPNT/2017       roh          68142 reg. Kerzen       60/0/0 von 251  Tagen gewertet (1m/5m/15m)     1453 Signale  3279 ms lesen  19583 ms rechnen
2026-09-10T15:39:42.545Z  SPNT/2018       roh          74737 reg. Kerzen      106/0/0 von 251  Tagen gewertet (1m/5m/15m)     2836 Signale  2958 ms lesen  32247 ms rechnen
2026-09-10T15:39:54.364Z  SPNT/2019       roh          70274 reg. Kerzen       27/0/0 von 252  Tagen gewertet (1m/5m/15m)      702 Signale  3536 ms lesen  8071 ms rechnen
2026-09-10T15:39:57.209Z  SPNT/2020       roh          62630 reg. Kerzen        0/0/0 von 253  Tagen gewertet (1m/5m/15m)        0 Signale  2257 ms lesen  412 ms rechnen
2026-09-10T15:40:02.475Z  SPNT/2021       roh          58349 reg. Kerzen        5/0/0 von 252  Tagen gewertet (1m/5m/15m)      136 Signale  3631 ms lesen  1480 ms rechnen
2026-09-10T15:40:05.310Z  SPNT/2022       roh          62788 reg. Kerzen        0/0/0 von 251  Tagen gewertet (1m/5m/15m)        0 Signale  2283 ms lesen  380 ms rechnen
2026-09-10T15:40:08.870Z  SPNT/2023       roh          63858 reg. Kerzen        0/0/0 von 250  Tagen gewertet (1m/5m/15m)        0 Signale  3037 ms lesen  360 ms rechnen
2026-09-10T15:40:14.435Z  SPNT/2024       roh          60889 reg. Kerzen        5/0/0 von 252  Tagen gewertet (1m/5m/15m)      139 Signale  3462 ms lesen  1923 ms rechnen
2026-09-10T15:40:22.209Z  SPNT/2025       roh          59536 reg. Kerzen       11/0/0 von 250  Tagen gewertet (1m/5m/15m)      301 Signale  4165 ms lesen  3468 ms rechnen
2026-09-10T15:40:27.058Z  SPNT/2026       roh          43120 reg. Kerzen       12/0/0 von 166  Tagen gewertet (1m/5m/15m)      325 Signale  1095 ms lesen  3576 ms rechnen
2026-09-10T15:40:27.632Z  SPRY/2020       roh           3882 reg. Kerzen        0/0/0 von 19   Tagen gewertet (1m/5m/15m)        0 Signale  448 ms lesen  15 ms rechnen
2026-09-10T15:40:33.445Z  SPRY/2021       roh          50303 reg. Kerzen       11/0/0 von 252  Tagen gewertet (1m/5m/15m)      349 Signale  1956 ms lesen  3850 ms rechnen
2026-09-10T15:40:35.197Z  SPRY/2022       roh          46200 reg. Kerzen        0/0/0 von 251  Tagen gewertet (1m/5m/15m)        0 Signale  1311 ms lesen  285 ms rechnen
2026-09-10T15:40:43.365Z  SPRY/2023       roh          62801 reg. Kerzen       22/0/0 von 249  Tagen gewertet (1m/5m/15m)      708 Signale  1052 ms lesen  6987 ms rechnen
2026-09-10T15:41:14.231Z  SPRY/2024       roh          71566 reg. Kerzen       84/0/0 von 252  Tagen gewertet (1m/5m/15m)     2629 Signale  3201 ms lesen  27483 ms rechnen
2026-09-10T15:42:39.309Z  SPRY/2025       roh          88849 reg. Kerzen      234/0/0 von 250  Tagen gewertet (1m/5m/15m)     7379 Signale  4365 ms lesen  80551 ms rechnen
2026-09-10T15:43:26.568Z  SPRY/2026       roh          56235 reg. Kerzen      134/0/0 von 166  Tagen gewertet (1m/5m/15m)     4262 Signale  3909 ms lesen  43154 ms rechnen
2026-09-10T15:44:45.260Z  SQ/2016         roh          95130 reg. Kerzen      229/0/0 von 252  Tagen gewertet (1m/5m/15m)     6888 Signale  133 ms lesen  78406 ms rechnen
2026-09-10T15:46:12.308Z  SQ/2017         roh          97450 reg. Kerzen      251/0/0 von 251  Tagen gewertet (1m/5m/15m)     6946 Signale  166 ms lesen  86612 ms rechnen
2026-09-10T16:13:28.467Z  SQ/2018         roh          97350 reg. Kerzen      251/0/0 von 251  Tagen gewertet (1m/5m/15m)     7565 Signale  1571302 ms lesen  64670 ms rechnen
2026-09-10T16:29:05.613Z  SQ/2019         roh          97690 reg. Kerzen      252/0/0 von 252  Tagen gewertet (1m/5m/15m)     6870 Signale  847991 ms lesen  88967 ms rechnen
2026-09-10T16:30:41.440Z  SQ/2020         roh          98227 reg. Kerzen      253/0/0 von 253  Tagen gewertet (1m/5m/15m)     7718 Signale  797 ms lesen  94760 ms rechnen
2026-09-10T16:32:15.090Z  SQ/2021         roh          97313 reg. Kerzen      250/0/0 von 252  Tagen gewertet (1m/5m/15m)     7400 Signale  1785 ms lesen  91643 ms rechnen
2026-09-10T16:33:52.623Z  SQ/2022         roh          96945 reg. Kerzen      249/0/0 von 251  Tagen gewertet (1m/5m/15m)     7987 Signale  177 ms lesen  97095 ms rechnen
2026-09-10T16:35:23.429Z  SQ/2023         roh          97134 reg. Kerzen      250/0/0 von 250  Tagen gewertet (1m/5m/15m)     7215 Signale  696 ms lesen  89835 ms rechnen
2026-09-10T16:36:56.562Z  SQ/2024         roh          97727 reg. Kerzen      252/0/0 von 252  Tagen gewertet (1m/5m/15m)     6998 Signale  4371 ms lesen  88491 ms rechnen
2026-09-10T16:37:00.853Z  SQ/2025         roh           4290 reg. Kerzen       11/0/0 von 11   Tagen gewertet (1m/5m/15m)      311 Signale  17 ms lesen  3990 ms rechnen
2026-09-10T16:37:05.957Z  SRAD/2021       roh          20158 reg. Kerzen       17/0/0 von 77   Tagen gewertet (1m/5m/15m)      527 Signale  46 ms lesen  5042 ms rechnen
2026-09-10T16:37:07.371Z  SRAD/2022       roh          54266 reg. Kerzen        3/0/0 von 251  Tagen gewertet (1m/5m/15m)       91 Signale  80 ms lesen  1289 ms rechnen
2026-09-10T16:37:07.870Z  SRAD/2023       roh          46060 reg. Kerzen        0/0/0 von 250  Tagen gewertet (1m/5m/15m)        0 Signale  76 ms lesen  265 ms rechnen
2026-09-10T16:37:15.534Z  SRAD/2024       roh          59240 reg. Kerzen       25/0/0 von 252  Tagen gewertet (1m/5m/15m)      722 Signale  94 ms lesen  7437 ms rechnen
2026-09-10T16:38:28.245Z  SRAD/2025       roh          88633 reg. Kerzen      227/0/0 von 250  Tagen gewertet (1m/5m/15m)     6569 Signale  131 ms lesen  72388 ms rechnen
2026-09-10T16:39:24.475Z  SRAD/2026       roh          60978 reg. Kerzen      163/0/0 von 166  Tagen gewertet (1m/5m/15m)     4958 Signale  1285 ms lesen  54702 ms rechnen
2026-09-10T16:39:26.862Z  SREV/2016       roh          53635 reg. Kerzen        0/0/0 von 252  Tagen gewertet (1m/5m/15m)        0 Signale  1957 ms lesen  279 ms rechnen
2026-09-10T16:39:28.897Z  SREV/2017       roh          46130 reg. Kerzen        0/0/0 von 251  Tagen gewertet (1m/5m/15m)        0 Signale  1624 ms lesen  256 ms rechnen
2026-09-10T16:39:31.183Z  SREV/2018       roh          57209 reg. Kerzen        0/0/0 von 251  Tagen gewertet (1m/5m/15m)        0 Signale  1788 ms lesen  342 ms rechnen
2026-09-10T16:39:33.685Z  SREV/2019       roh          42464 reg. Kerzen        0/0/0 von 252  Tagen gewertet (1m/5m/15m)        0 Signale  2142 ms lesen  217 ms rechnen
2026-09-10T16:39:34.092Z  SREV/2020       roh          39676 reg. Kerzen        0/0/0 von 253  Tagen gewertet (1m/5m/15m)        0 Signale  59 ms lesen  239 ms rechnen
2026-09-10T16:39:40.329Z  SREV/2021       roh          39808 reg. Kerzen        0/0/0 von 252  Tagen gewertet (1m/5m/15m)        0 Signale  5912 ms lesen  195 ms rechnen
2026-09-10T16:39:40.959Z  SREV/2022       roh          11747 reg. Kerzen        0/0/0 von 137  Tagen gewertet (1m/5m/15m)        0 Signale  429 ms lesen  81 ms rechnen
2026-09-10T16:39:41.257Z  SRRK/2018       roh          12665 reg. Kerzen        0/0/0 von 152  Tagen gewertet (1m/5m/15m)        0 Signale  215 ms lesen  55 ms rechnen
2026-09-10T16:39:42.322Z  SRRK/2019       roh          26200 reg. Kerzen        0/0/0 von 252  Tagen gewertet (1m/5m/15m)        0 Signale  863 ms lesen  163 ms rechnen
2026-09-10T16:39:44.691Z  CHECKPOINT 4600 Dateien, 1490 min, Detektorfehler {}
2026-09-10T16:39:46.903Z  SRRK/2020       roh          38117 reg. Kerzen        5/0/0 von 253  Tagen gewertet (1m/5m/15m)      164 Signale  622 ms lesen  1590 ms rechnen
2026-09-10T16:39:48.939Z  SRRK/2021       roh          46300 reg. Kerzen        2/0/0 von 252  Tagen gewertet (1m/5m/15m)       51 Signale  955 ms lesen  980 ms rechnen
2026-09-10T16:39:53.536Z  SRRK/2022       roh          54544 reg. Kerzen        5/0/0 von 251  Tagen gewertet (1m/5m/15m)      153 Signale  2308 ms lesen  2165 ms rechnen
2026-09-10T16:40:06.259Z  SRRK/2023       roh          56163 reg. Kerzen       32/0/0 von 250  Tagen gewertet (1m/5m/15m)      995 Signale  2152 ms lesen  10407 ms rechnen
2026-09-10T16:40:41.194Z  SRRK/2024       roh          75895 reg. Kerzen       99/0/0 von 252  Tagen gewertet (1m/5m/15m)     3104 Signale  2248 ms lesen  32548 ms rechnen
2026-09-10T16:41:47.225Z  SRRK/2025       roh          83753 reg. Kerzen      189/0/0 von 250  Tagen gewertet (1m/5m/15m)     6025 Signale  3108 ms lesen  62712 ms rechnen
2026-09-10T16:42:18.927Z  SRRK/2026       roh          52911 reg. Kerzen      100/0/0 von 166  Tagen gewertet (1m/5m/15m)     2973 Signale  61 ms lesen  31432 ms rechnen
2026-09-10T16:42:19.913Z  SSC/2017        roh          15261 reg. Kerzen        2/0/0 von 117  Tagen gewertet (1m/5m/15m)       71 Signale  34 ms lesen  804 ms rechnen
2026-09-10T16:42:24.118Z  SSC/2018        roh          45138 reg. Kerzen       11/0/0 von 219  Tagen gewertet (1m/5m/15m)      368 Signale  85 ms lesen  4085 ms rechnen
2026-09-10T16:42:31.407Z  SSL/2016        roh          66210 reg. Kerzen       25/0/0 von 252  Tagen gewertet (1m/5m/15m)      659 Signale  83 ms lesen  7063 ms rechnen
2026-09-10T16:42:33.728Z  SSL/2017        roh          58328 reg. Kerzen        7/0/0 von 251  Tagen gewertet (1m/5m/15m)      156 Signale  94 ms lesen  2037 ms rechnen
2026-09-10T16:42:35.475Z  SSL/2018        roh          56787 reg. Kerzen        5/0/0 von 251  Tagen gewertet (1m/5m/15m)      135 Signale  102 ms lesen  1486 ms rechnen
2026-09-10T16:42:36.874Z  SSL/2019        roh          55634 reg. Kerzen        4/0/0 von 252  Tagen gewertet (1m/5m/15m)       95 Signale  88 ms lesen  1144 ms rechnen
2026-09-10T16:43:39.978Z  SSL/2020        roh          83985 reg. Kerzen      182/0/0 von 253  Tagen gewertet (1m/5m/15m)     5690 Signale  114 ms lesen  62850 ms rechnen
2026-09-10T16:44:02.186Z  SSL/2021        roh          70151 reg. Kerzen       68/0/0 von 252  Tagen gewertet (1m/5m/15m)     1979 Signale  1681 ms lesen  20309 ms rechnen
2026-09-10T16:44:06.073Z  SSL/2022        roh          56841 reg. Kerzen        8/0/0 von 251  Tagen gewertet (1m/5m/15m)      217 Signale  1324 ms lesen  2353 ms rechnen
2026-09-10T16:44:08.669Z  SSL/2023        roh          61202 reg. Kerzen        5/0/0 von 250  Tagen gewertet (1m/5m/15m)      151 Signale  868 ms lesen  1563 ms rechnen
2026-09-10T16:44:16.290Z  SSL/2024        roh          72316 reg. Kerzen       11/0/0 von 252  Tagen gewertet (1m/5m/15m)      306 Signale  3855 ms lesen  3565 ms rechnen
2026-09-10T16:44:30.984Z  SSL/2025        roh          74449 reg. Kerzen       40/0/0 von 250  Tagen gewertet (1m/5m/15m)     1053 Signale  2464 ms lesen  12019 ms rechnen
2026-09-10T16:45:15.895Z  SSL/2026        roh          57714 reg. Kerzen      137/0/0 von 166  Tagen gewertet (1m/5m/15m)     3752 Signale  1086 ms lesen  43608 ms rechnen
2026-09-10T16:46:43.948Z  SSRM/2016       roh          95082 reg. Kerzen      232/0/0 von 252  Tagen gewertet (1m/5m/15m)     7454 Signale  1981 ms lesen  85473 ms rechnen
2026-09-10T16:48:00.219Z  SSRM/2017       roh          89107 reg. Kerzen      227/0/0 von 251  Tagen gewertet (1m/5m/15m)     6560 Signale  140 ms lesen  75825 ms rechnen
2026-09-10T16:48:44.458Z  SSRM/2018       roh          80726 reg. Kerzen      143/0/0 von 251  Tagen gewertet (1m/5m/15m)     3996 Signale  118 ms lesen  43885 ms rechnen
2026-09-10T16:50:02.314Z  SSRM/2019       roh          88428 reg. Kerzen      231/0/0 von 252  Tagen gewertet (1m/5m/15m)     6532 Signale  3841 ms lesen  73818 ms rechnen
2026-09-10T16:51:37.071Z  SSRM/2020       roh          95968 reg. Kerzen      253/0/0 von 253  Tagen gewertet (1m/5m/15m)     7704 Signale  3714 ms lesen  90778 ms rechnen
2026-09-10T16:53:05.556Z  SSRM/2021       roh          93553 reg. Kerzen      252/0/0 von 252  Tagen gewertet (1m/5m/15m)     6976 Signale  5006 ms lesen  83222 ms rechnen
2026-09-10T16:54:32.727Z  SSRM/2022       roh          95160 reg. Kerzen      251/0/0 von 251  Tagen gewertet (1m/5m/15m)     7371 Signale  113 ms lesen  86798 ms rechnen
2026-09-10T16:55:56.123Z  SSRM/2023       roh          91103 reg. Kerzen      246/0/0 von 250  Tagen gewertet (1m/5m/15m)     6541 Signale  3164 ms lesen  79948 ms rechnen
2026-09-10T16:57:29.974Z  SSRM/2024       roh          93025 reg. Kerzen      252/0/0 von 252  Tagen gewertet (1m/5m/15m)     7389 Signale  5153 ms lesen  88442 ms rechnen
2026-09-10T16:58:57.773Z  SSRM/2025       roh          94455 reg. Kerzen      250/0/0 von 250  Tagen gewertet (1m/5m/15m)     7254 Signale  118 ms lesen  87425 ms rechnen
2026-09-10T17:00:00.764Z  SSRM/2026       roh          64409 reg. Kerzen      166/0/0 von 166  Tagen gewertet (1m/5m/15m)     5142 Signale  102 ms lesen  62639 ms rechnen
2026-09-10T17:00:01.231Z  STAA/2016       roh          34736 reg. Kerzen        0/0/0 von 252  Tagen gewertet (1m/5m/15m)        0 Signale  54 ms lesen  212 ms rechnen
2026-09-10T17:00:01.514Z  STAA/2017       roh          24788 reg. Kerzen        0/0/0 von 251  Tagen gewertet (1m/5m/15m)        0 Signale  44 ms lesen  147 ms rechnen
2026-09-10T17:00:14.629Z  STAA/2018       roh          56766 reg. Kerzen       41/0/0 von 251  Tagen gewertet (1m/5m/15m)     1250 Signale  76 ms lesen  12966 ms rechnen
2026-09-10T17:00:31.027Z  STAA/2019       roh          68580 reg. Kerzen       53/0/0 von 252  Tagen gewertet (1m/5m/15m)     1617 Signale  98 ms lesen  16134 ms rechnen
2026-09-10T17:01:03.538Z  STAA/2020       roh          75318 reg. Kerzen      102/0/0 von 253  Tagen gewertet (1m/5m/15m)     3113 Signale  105 ms lesen  32194 ms rechnen
2026-09-10T17:01:17.681Z  STAA/2021       roh          66926 reg. Kerzen       42/0/0 von 252  Tagen gewertet (1m/5m/15m)     1296 Signale  111 ms lesen  13805 ms rechnen
2026-09-10T17:01:44.040Z  STAA/2022       roh          72245 reg. Kerzen       81/0/0 von 251  Tagen gewertet (1m/5m/15m)     2519 Signale  106 ms lesen  26058 ms rechnen
2026-09-10T17:02:28.748Z  STAA/2023       roh          78967 reg. Kerzen      142/0/0 von 250  Tagen gewertet (1m/5m/15m)     4303 Signale  100 ms lesen  44420 ms rechnen
2026-09-10T17:02:54.167Z  STAA/2024       roh          71779 reg. Kerzen       79/0/0 von 252  Tagen gewertet (1m/5m/15m)     2410 Signale  84 ms lesen  25120 ms rechnen
2026-09-10T17:03:16.400Z  STAA/2025       roh          70512 reg. Kerzen       69/0/0 von 250  Tagen gewertet (1m/5m/15m)     2056 Signale  100 ms lesen  21934 ms rechnen
2026-09-10T17:03:40.868Z  STAA/2026       roh          49721 reg. Kerzen       77/0/0 von 166  Tagen gewertet (1m/5m/15m)     2342 Signale  67 ms lesen  24223 ms rechnen
2026-09-10T17:03:41.264Z  STBA/2016       roh          31051 reg. Kerzen        0/0/0 von 252  Tagen gewertet (1m/5m/15m)        0 Signale  51 ms lesen  183 ms rechnen
2026-09-10T17:03:41.534Z  STBA/2017       roh          27373 reg. Kerzen        0/0/0 von 251  Tagen gewertet (1m/5m/15m)        0 Signale  48 ms lesen  141 ms rechnen
2026-09-10T17:03:41.840Z  STBA/2018       roh          30332 reg. Kerzen        0/0/0 von 251  Tagen gewertet (1m/5m/15m)        0 Signale  51 ms lesen  182 ms rechnen
2026-09-10T17:03:42.166Z  STBA/2019       roh          33473 reg. Kerzen        0/0/0 von 252  Tagen gewertet (1m/5m/15m)        0 Signale  56 ms lesen  168 ms rechnen
2026-09-10T17:03:42.569Z  STBA/2020       roh          44024 reg. Kerzen        0/0/0 von 253  Tagen gewertet (1m/5m/15m)        0 Signale  58 ms lesen  264 ms rechnen
2026-09-10T17:03:42.932Z  STBA/2021       roh          28543 reg. Kerzen        0/0/0 von 252  Tagen gewertet (1m/5m/15m)        0 Signale  91 ms lesen  163 ms rechnen
2026-09-10T17:03:43.220Z  STBA/2022       roh          33782 reg. Kerzen        0/0/0 von 251  Tagen gewertet (1m/5m/15m)        0 Signale  66 ms lesen  161 ms rechnen
2026-09-10T17:03:43.553Z  STBA/2023       roh          32522 reg. Kerzen        0/0/0 von 250  Tagen gewertet (1m/5m/15m)        0 Signale  59 ms lesen  185 ms rechnen
2026-09-10T17:03:43.887Z  STBA/2024       roh          32970 reg. Kerzen        0/0/0 von 252  Tagen gewertet (1m/5m/15m)        0 Signale  61 ms lesen  171 ms rechnen
2026-09-10T17:03:44.184Z  STBA/2025       roh          29894 reg. Kerzen        0/0/0 von 250  Tagen gewertet (1m/5m/15m)        0 Signale  45 ms lesen  159 ms rechnen
2026-09-10T17:03:44.488Z  STBA/2026       roh          28766 reg. Kerzen        0/0/0 von 166  Tagen gewertet (1m/5m/15m)        0 Signale  39 ms lesen  174 ms rechnen
2026-09-10T17:03:44.691Z  STEL/2022       roh          11932 reg. Kerzen        0/0/0 von 63   Tagen gewertet (1m/5m/15m)        0 Signale  31 ms lesen  71 ms rechnen
2026-09-10T17:03:44.991Z  STEL/2023       roh          34086 reg. Kerzen        0/0/0 von 250  Tagen gewertet (1m/5m/15m)        0 Signale  52 ms lesen  210 ms rechnen
2026-09-10T17:03:45.309Z  STEL/2024       roh          31465 reg. Kerzen        0/0/0 von 252  Tagen gewertet (1m/5m/15m)        0 Signale  51 ms lesen  159 ms rechnen
2026-09-10T17:03:45.669Z  STEL/2025       roh          39018 reg. Kerzen        0/0/0 von 250  Tagen gewertet (1m/5m/15m)        0 Signale  53 ms lesen  232 ms rechnen
2026-09-10T17:03:47.999Z  STEL/2026       roh          28724 reg. Kerzen        8/0/0 von 123  Tagen gewertet (1m/5m/15m)      184 Signale  39 ms lesen  2200 ms rechnen
2026-09-10T17:03:48.591Z  STKL/2016       roh          64926 reg. Kerzen        0/0/0 von 252  Tagen gewertet (1m/5m/15m)        0 Signale  81 ms lesen  435 ms rechnen
2026-09-10T17:03:49.462Z  STKL/2017       roh          54647 reg. Kerzen        1/0/0 von 251  Tagen gewertet (1m/5m/15m)       25 Signale  83 ms lesen  629 ms rechnen
2026-09-10T17:03:50.005Z  STKL/2018       roh          47431 reg. Kerzen        0/0/0 von 251  Tagen gewertet (1m/5m/15m)        0 Signale  82 ms lesen  281 ms rechnen
2026-09-10T17:03:50.527Z  STKL/2019       roh          51204 reg. Kerzen        0/0/0 von 252  Tagen gewertet (1m/5m/15m)        0 Signale  76 ms lesen  306 ms rechnen
2026-09-10T17:03:54.092Z  STKL/2020       roh          61001 reg. Kerzen       11/0/0 von 253  Tagen gewertet (1m/5m/15m)      315 Signale  82 ms lesen  3329 ms rechnen
2026-09-10T17:04:30.918Z  STKL/2021       roh          78337 reg. Kerzen      111/0/0 von 252  Tagen gewertet (1m/5m/15m)     3440 Signale  95 ms lesen  36566 ms rechnen
2026-09-10T17:05:14.401Z  STKL/2022       roh          83753 reg. Kerzen      133/0/0 von 251  Tagen gewertet (1m/5m/15m)     4145 Signale  112 ms lesen  43122 ms rechnen
2026-09-10T17:05:36.501Z  STKL/2023       roh          78428 reg. Kerzen       71/0/0 von 250  Tagen gewertet (1m/5m/15m)     2082 Signale  100 ms lesen  21776 ms rechnen
2026-09-10T17:05:40.554Z  STKL/2024       roh          70536 reg. Kerzen       12/0/0 von 252  Tagen gewertet (1m/5m/15m)      341 Signale  84 ms lesen  3768 ms rechnen
2026-09-10T17:05:41.326Z  STKL/2025       roh          70027 reg. Kerzen        0/0/0 von 250  Tagen gewertet (1m/5m/15m)        0 Signale  107 ms lesen  462 ms rechnen
2026-09-10T17:05:51.922Z  STKL/2026       roh          26136 reg. Kerzen       31/0/0 von 83   Tagen gewertet (1m/5m/15m)      458 Signale  45 ms lesen  10345 ms rechnen
2026-09-10T17:05:52.117Z  STN/2016        roh          13074 reg. Kerzen        0/0/0 von 252  Tagen gewertet (1m/5m/15m)        0 Signale  34 ms lesen  66 ms rechnen
2026-09-10T17:05:52.250Z  STN/2017        roh          11560 reg. Kerzen        0/0/0 von 251  Tagen gewertet (1m/5m/15m)        0 Signale  30 ms lesen  70 ms rechnen
2026-09-10T17:05:52.377Z  STN/2018        roh          10070 reg. Kerzen        0/0/0 von 251  Tagen gewertet (1m/5m/15m)        0 Signale  27 ms lesen  62 ms rechnen
2026-09-10T17:05:52.525Z  STN/2019        roh          16901 reg. Kerzen        0/0/0 von 252  Tagen gewertet (1m/5m/15m)        0 Signale  30 ms lesen  94 ms rechnen
2026-09-10T17:05:52.882Z  STN/2020        roh          44050 reg. Kerzen        0/0/0 von 253  Tagen gewertet (1m/5m/15m)        0 Signale  62 ms lesen  246 ms rechnen
2026-09-10T17:05:53.266Z  STN/2021        roh          31353 reg. Kerzen        0/0/0 von 252  Tagen gewertet (1m/5m/15m)        0 Signale  55 ms lesen  174 ms rechnen
2026-09-10T17:05:53.609Z  STN/2022        roh          33850 reg. Kerzen        0/0/0 von 251  Tagen gewertet (1m/5m/15m)        0 Signale  46 ms lesen  217 ms rechnen
2026-09-10T17:05:53.943Z  STN/2023        roh          32051 reg. Kerzen        0/0/0 von 250  Tagen gewertet (1m/5m/15m)        0 Signale  53 ms lesen  194 ms rechnen
2026-09-10T17:05:54.256Z  STN/2024        roh          33322 reg. Kerzen        0/0/0 von 252  Tagen gewertet (1m/5m/15m)        0 Signale  50 ms lesen  168 ms rechnen
2026-09-10T17:05:54.676Z  STN/2025        roh          41944 reg. Kerzen        1/0/0 von 250  Tagen gewertet (1m/5m/15m)        5 Signale  69 ms lesen  274 ms rechnen
2026-09-10T17:05:56.942Z  STN/2026        roh          38321 reg. Kerzen        6/0/0 von 166  Tagen gewertet (1m/5m/15m)      184 Signale  59 ms lesen  2082 ms rechnen
2026-09-10T17:07:04.397Z  STOR/2016       roh          90750 reg. Kerzen      220/0/0 von 252  Tagen gewertet (1m/5m/15m)     5258 Signale  160 ms lesen  67167 ms rechnen
2026-09-10T17:08:20.342Z  STOR/2017       roh          91119 reg. Kerzen      250/0/0 von 251  Tagen gewertet (1m/5m/15m)     5885 Signale  128 ms lesen  75559 ms rechnen
2026-09-10T17:09:39.172Z  STOR/2018       roh          93580 reg. Kerzen      250/0/0 von 251  Tagen gewertet (1m/5m/15m)     5760 Signale  141 ms lesen  78422 ms rechnen
2026-09-10T17:10:59.610Z  STOR/2019       roh          95237 reg. Kerzen      252/0/0 von 252  Tagen gewertet (1m/5m/15m)     5661 Signale  133 ms lesen  80057 ms rechnen
2026-09-10T17:12:29.670Z  STOR/2020       roh          97610 reg. Kerzen      253/0/0 von 253  Tagen gewertet (1m/5m/15m)     7186 Signale  136 ms lesen  89670 ms rechnen
2026-09-10T17:13:49.827Z  STOR/2021       roh          94248 reg. Kerzen      250/0/0 von 252  Tagen gewertet (1m/5m/15m)     6095 Signale  131 ms lesen  79774 ms rechnen
2026-09-10T17:15:13.258Z  STOR/2022       roh          95906 reg. Kerzen      249/0/0 von 251  Tagen gewertet (1m/5m/15m)     5641 Signale  130 ms lesen  83052 ms rechnen
2026-09-10T17:15:21.651Z  STOR/2023       roh           8133 reg. Kerzen       22/0/0 von 22   Tagen gewertet (1m/5m/15m)      264 Signale  33 ms lesen  8110 ms rechnen
2026-09-10T17:15:21.988Z  STRP/2016       roh          41726 reg. Kerzen        0/0/0 von 252  Tagen gewertet (1m/5m/15m)        0 Signale  66 ms lesen  241 ms rechnen
2026-09-10T17:15:23.944Z  STRP/2017       roh          41393 reg. Kerzen        5/0/0 von 251  Tagen gewertet (1m/5m/15m)      154 Signale  79 ms lesen  1777 ms rechnen
2026-09-10T17:15:24.525Z  STRP/2018       roh           6832 reg. Kerzen        2/0/0 von 39   Tagen gewertet (1m/5m/15m)       33 Signale  25 ms lesen  451 ms rechnen
2026-09-10T17:16:39.107Z  STT/2016        roh          97555 reg. Kerzen      232/0/0 von 252  Tagen gewertet (1m/5m/15m)     5578 Signale  123 ms lesen  74422 ms rechnen
2026-09-10T17:23:14.569Z  STT/2017        roh          95198 reg. Kerzen      251/0/0 von 251  Tagen gewertet (1m/5m/15m)     5702 Signale  331584 ms lesen  63586 ms rechnen
2026-09-10T17:36:52.185Z  STT/2018        roh          96006 reg. Kerzen      251/0/0 von 251  Tagen gewertet (1m/5m/15m)     6224 Signale  732847 ms lesen  84525 ms rechnen
2026-09-10T17:38:17.143Z  STT/2019        roh          97297 reg. Kerzen      252/0/0 von 252  Tagen gewertet (1m/5m/15m)     6153 Signale  130 ms lesen  84567 ms rechnen
2026-09-10T17:39:46.520Z  STT/2020        roh          97504 reg. Kerzen      253/0/0 von 253  Tagen gewertet (1m/5m/15m)     7040 Signale  137 ms lesen  88968 ms rechnen
2026-09-10T17:41:06.500Z  STT/2021        roh          95981 reg. Kerzen      250/0/0 von 252  Tagen gewertet (1m/5m/15m)     6321 Signale  121 ms lesen  79610 ms rechnen
2026-09-10T17:55:44.478Z  STT/2022        roh          95885 reg. Kerzen      249/0/0 von 251  Tagen gewertet (1m/5m/15m)     6745 Signale  799220 ms lesen  78489 ms rechnen
2026-09-10T18:01:16.601Z  STT/2023        roh          96516 reg. Kerzen      250/0/0 von 250  Tagen gewertet (1m/5m/15m)     6179 Signale  254267 ms lesen  77637 ms rechnen
2026-09-10T18:09:52.300Z  STT/2024        roh          96281 reg. Kerzen      252/0/0 von 252  Tagen gewertet (1m/5m/15m)     5768 Signale  436378 ms lesen  79027 ms rechnen
2026-09-10T18:11:10.191Z  STT/2025        roh          92561 reg. Kerzen      250/0/0 von 250  Tagen gewertet (1m/5m/15m)     5988 Signale  135 ms lesen  77516 ms rechnen
2026-09-10T18:12:04.639Z  STT/2026        roh          62493 reg. Kerzen      166/0/0 von 166  Tagen gewertet (1m/5m/15m)     4151 Signale  88 ms lesen  54106 ms rechnen
2026-09-10T18:12:04.871Z  STZ.B/2016      roh            282 reg. Kerzen        0/0/0 von 133  Tagen gewertet (1m/5m/15m)        0 Signale  17 ms lesen  4 ms rechnen
2026-09-10T18:12:04.887Z  STZ.B/2017      roh            237 reg. Kerzen        0/0/0 von 101  Tagen gewertet (1m/5m/15m)        0 Signale  11 ms lesen  3 ms rechnen
2026-09-10T18:12:04.908Z  STZ.B/2018      roh            340 reg. Kerzen        0/0/0 von 130  Tagen gewertet (1m/5m/15m)        0 Signale  15 ms lesen  4 ms rechnen
2026-09-10T18:12:04.920Z  STZ.B/2019      roh            335 reg. Kerzen        0/0/0 von 137  Tagen gewertet (1m/5m/15m)        0 Signale  5 ms lesen  4 ms rechnen
2026-09-10T18:12:04.931Z  STZ.B/2020      roh            383 reg. Kerzen        0/0/0 von 130  Tagen gewertet (1m/5m/15m)        0 Signale  6 ms lesen  3 ms rechnen
2026-09-10T18:12:04.948Z  STZ.B/2021      roh            117 reg. Kerzen        0/0/0 von 68   Tagen gewertet (1m/5m/15m)        0 Signale  12 ms lesen  2 ms rechnen
2026-09-10T18:12:04.956Z  STZ.B/2022      roh            161 reg. Kerzen        0/0/0 von 79   Tagen gewertet (1m/5m/15m)        0 Signale  4 ms lesen  3 ms rechnen
2026-09-10T18:12:15.345Z  SUNL/2021       bereinigt    64387 reg. Kerzen       31/0/0 von 243  Tagen gewertet (1m/5m/15m)      990 Signale  115 ms lesen  10266 ms rechnen
2026-09-10T18:12:20.232Z  SUNL/2022       bereinigt    75557 reg. Kerzen       12/0/0 von 251  Tagen gewertet (1m/5m/15m)      370 Signale  141 ms lesen  4566 ms rechnen
2026-09-10T18:12:20.722Z  SUNL/2023       bereinigt    28301 reg. Kerzen        0/0/0 von 183  Tagen gewertet (1m/5m/15m)        0 Signale  65 ms lesen  197 ms rechnen
2026-09-10T18:12:20.807Z  SUZ/2018        bereinigt      393 reg. Kerzen        0/0/0 von 15   Tagen gewertet (1m/5m/15m)        0 Signale  14 ms lesen  3 ms rechnen
2026-09-10T18:12:21.089Z  SUZ/2019        bereinigt    38438 reg. Kerzen        0/0/0 von 252  Tagen gewertet (1m/5m/15m)        0 Signale  61 ms lesen  219 ms rechnen
2026-09-10T18:12:21.737Z  SUZ/2020        roh          64200 reg. Kerzen        0/0/0 von 253  Tagen gewertet (1m/5m/15m)        0 Signale  94 ms lesen  424 ms rechnen
2026-09-10T18:12:56.295Z  SUZ/2021        roh          77724 reg. Kerzen      118/0/0 von 252  Tagen gewertet (1m/5m/15m)     3496 Signale  101 ms lesen  34277 ms rechnen
2026-09-10T18:14:00.799Z  SUZ/2022        roh          85756 reg. Kerzen      214/0/0 von 251  Tagen gewertet (1m/5m/15m)     6079 Signale  128 ms lesen  64148 ms rechnen
2026-09-10T18:15:05.124Z  SUZ/2023        roh          85489 reg. Kerzen      225/0/0 von 250  Tagen gewertet (1m/5m/15m)     5768 Signale  114 ms lesen  63979 ms rechnen
2026-09-10T18:16:07.797Z  SUZ/2024        roh          85841 reg. Kerzen      212/0/0 von 252  Tagen gewertet (1m/5m/15m)     5383 Signale  117 ms lesen  62353 ms rechnen
2026-09-10T18:17:04.571Z  SUZ/2025        roh          83749 reg. Kerzen      201/0/0 von 250  Tagen gewertet (1m/5m/15m)     4957 Signale  116 ms lesen  56421 ms rechnen
2026-09-10T18:17:54.507Z  SUZ/2026        roh          59923 reg. Kerzen      159/0/0 von 166  Tagen gewertet (1m/5m/15m)     4122 Signale  635 ms lesen  49079 ms rechnen
2026-09-10T18:17:54.707Z  SVFD/2021       bereinigt     3368 reg. Kerzen        0/0/0 von 154  Tagen gewertet (1m/5m/15m)        0 Signale  21 ms lesen  21 ms rechnen
2026-09-10T18:17:54.836Z  SVFD/2022       bereinigt    14679 reg. Kerzen        0/0/0 von 251  Tagen gewertet (1m/5m/15m)        0 Signale  38 ms lesen  84 ms rechnen
2026-09-10T18:17:54.969Z  SVFD/2023       bereinigt    10875 reg. Kerzen        0/0/0 von 250  Tagen gewertet (1m/5m/15m)        0 Signale  36 ms lesen  67 ms rechnen
2026-09-10T18:17:55.038Z  SVFD/2024       roh           1547 reg. Kerzen        0/0/0 von 53   Tagen gewertet (1m/5m/15m)        0 Signale  12 ms lesen  18 ms rechnen
2026-09-10T18:19:20.147Z  SVU/2016        bereinigt    95333 reg. Kerzen      232/0/0 von 252  Tagen gewertet (1m/5m/15m)     7013 Signale  176 ms lesen  84927 ms rechnen
2026-09-10T18:20:40.460Z  SVU/2017        bereinigt    90522 reg. Kerzen      224/0/0 von 251  Tagen gewertet (1m/5m/15m)     6615 Signale  168 ms lesen  79880 ms rechnen
2026-09-10T18:21:39.482Z  SVU/2018        roh          71806 reg. Kerzen      189/0/0 von 203  Tagen gewertet (1m/5m/15m)     4910 Signale  110 ms lesen  58662 ms rechnen
2026-09-10T18:23:00.683Z  SWC/2016        roh          94315 reg. Kerzen      232/0/0 von 252  Tagen gewertet (1m/5m/15m)     7056 Signale  124 ms lesen  80886 ms rechnen
2026-09-10T18:23:25.235Z  SWC/2017        roh          30117 reg. Kerzen       77/0/0 von 84   Tagen gewertet (1m/5m/15m)     1421 Signale  54 ms lesen  24300 ms rechnen
2026-09-10T18:24:32.984Z  SWK/2016        roh          91921 reg. Kerzen      229/0/0 von 252  Tagen gewertet (1m/5m/15m)     5127 Signale  123 ms lesen  67510 ms rechnen
2026-09-10T18:25:39.950Z  SWK/2017        roh          88625 reg. Kerzen      240/0/0 von 251  Tagen gewertet (1m/5m/15m)     5155 Signale  124 ms lesen  66598 ms rechnen
2026-09-10T18:26:57.199Z  SWK/2018        roh          92880 reg. Kerzen      251/0/0 von 251  Tagen gewertet (1m/5m/15m)     6248 Signale  139 ms lesen  76890 ms rechnen
2026-09-10T18:28:13.024Z  SWK/2019        roh          91967 reg. Kerzen      248/0/0 von 252  Tagen gewertet (1m/5m/15m)     6039 Signale  130 ms lesen  75468 ms rechnen
2026-09-10T18:29:34.772Z  SWK/2020        roh          94126 reg. Kerzen      250/0/0 von 253  Tagen gewertet (1m/5m/15m)     6926 Signale  131 ms lesen  81382 ms rechnen
2026-09-10T18:30:51.039Z  SWK/2021        roh          91378 reg. Kerzen      246/0/0 von 252  Tagen gewertet (1m/5m/15m)     5975 Signale  129 ms lesen  75907 ms rechnen
2026-09-10T18:32:15.927Z  SWK/2022        roh          95704 reg. Kerzen      249/0/0 von 251  Tagen gewertet (1m/5m/15m)     6980 Signale  127 ms lesen  84508 ms rechnen
2026-09-10T18:33:37.410Z  SWK/2023        roh          94236 reg. Kerzen      250/0/0 von 250  Tagen gewertet (1m/5m/15m)     6684 Signale  130 ms lesen  81091 ms rechnen
2026-09-10T18:34:54.243Z  SWK/2024        roh          92303 reg. Kerzen      248/0/0 von 252  Tagen gewertet (1m/5m/15m)     6199 Signale  120 ms lesen  76464 ms rechnen
2026-09-10T18:36:16.459Z  SWK/2025        roh          93638 reg. Kerzen      249/0/0 von 250  Tagen gewertet (1m/5m/15m)     6663 Signale  143 ms lesen  81815 ms rechnen
2026-09-10T18:37:09.309Z  SWK/2026        roh          60632 reg. Kerzen      166/0/0 von 166  Tagen gewertet (1m/5m/15m)     4590 Signale  96 ms lesen  52507 ms rechnen
2026-09-10T18:37:11.805Z  SXCP/2016       roh          45913 reg. Kerzen        6/0/0 von 252  Tagen gewertet (1m/5m/15m)      185 Signale  115 ms lesen  2210 ms rechnen
2026-09-10T18:37:13.701Z  SXCP/2017       roh          43560 reg. Kerzen        5/0/0 von 251  Tagen gewertet (1m/5m/15m)      153 Signale  50 ms lesen  1735 ms rechnen
2026-09-10T18:37:14.075Z  SXCP/2018       roh          32323 reg. Kerzen        0/0/0 von 251  Tagen gewertet (1m/5m/15m)        0 Signale  59 ms lesen  204 ms rechnen
2026-09-10T18:37:14.330Z  SXCP/2019       roh          20273 reg. Kerzen        0/0/0 von 123  Tagen gewertet (1m/5m/15m)        0 Signale  40 ms lesen  118 ms rechnen
2026-09-10T18:38:25.983Z  SYK/2016        roh          95179 reg. Kerzen      231/0/0 von 252  Tagen gewertet (1m/5m/15m)     5159 Signale  132 ms lesen  71465 ms rechnen
2026-09-10T18:39:38.162Z  SYK/2017        roh          90888 reg. Kerzen      250/0/0 von 251  Tagen gewertet (1m/5m/15m)     5332 Signale  109 ms lesen  71818 ms rechnen
2026-09-10T18:40:53.023Z  SYK/2018        roh          91965 reg. Kerzen      249/0/0 von 251  Tagen gewertet (1m/5m/15m)     5909 Signale  123 ms lesen  74522 ms rechnen
2026-09-10T18:42:09.785Z  SYK/2019        roh          93221 reg. Kerzen      252/0/0 von 252  Tagen gewertet (1m/5m/15m)     5688 Signale  130 ms lesen  76379 ms rechnen
2026-09-10T18:43:32.679Z  SYK/2020        roh          95198 reg. Kerzen      251/0/0 von 253  Tagen gewertet (1m/5m/15m)     6675 Signale  137 ms lesen  82472 ms rechnen
2026-09-10T18:44:49.552Z  SYK/2021        roh          92316 reg. Kerzen      249/0/0 von 252  Tagen gewertet (1m/5m/15m)     5757 Signale  139 ms lesen  76512 ms rechnen
2026-09-10T18:46:11.038Z  SYK/2022        roh          93218 reg. Kerzen      249/0/0 von 251  Tagen gewertet (1m/5m/15m)     6455 Signale  195 ms lesen  81014 ms rechnen
2026-09-10T18:47:25.871Z  SYK/2023        roh          90991 reg. Kerzen      245/0/0 von 250  Tagen gewertet (1m/5m/15m)     5687 Signale  128 ms lesen  74469 ms rechnen
2026-09-10T18:48:30.492Z  SYK/2024        roh          87149 reg. Kerzen      231/0/0 von 252  Tagen gewertet (1m/5m/15m)     5167 Signale  120 ms lesen  64210 ms rechnen
2026-09-10T18:49:38.195Z  SYK/2025        roh          87853 reg. Kerzen      230/0/0 von 250  Tagen gewertet (1m/5m/15m)     5413 Signale  120 ms lesen  67370 ms rechnen
2026-09-10T18:50:35.676Z  SYK/2026        roh          64591 reg. Kerzen      166/0/0 von 166  Tagen gewertet (1m/5m/15m)     4208 Signale  119 ms lesen  57133 ms rechnen
2026-09-10T18:51:14.722Z  SYNH/2018       roh          77200 reg. Kerzen      126/0/0 von 247  Tagen gewertet (1m/5m/15m)     3659 Signale  113 ms lesen  38769 ms rechnen
2026-09-10T18:51:55.317Z  SYNH/2019       roh          78152 reg. Kerzen      138/0/0 von 252  Tagen gewertet (1m/5m/15m)     3770 Signale  655 ms lesen  39705 ms rechnen
2026-09-10T18:52:52.747Z  SYNH/2020       roh          83840 reg. Kerzen      180/0/0 von 253  Tagen gewertet (1m/5m/15m)     5306 Signale  683 ms lesen  56532 ms rechnen
2026-09-10T18:53:34.170Z  SYNH/2021       roh          78430 reg. Kerzen      139/0/0 von 252  Tagen gewertet (1m/5m/15m)     3737 Signale  671 ms lesen  40560 ms rechnen
2026-09-10T18:54:29.631Z  SYNH/2022       roh          83136 reg. Kerzen      181/0/0 von 251  Tagen gewertet (1m/5m/15m)     5147 Signale  133 ms lesen  55129 ms rechnen
2026-09-10T18:55:19.693Z  SYNH/2023       roh          65065 reg. Kerzen      160/0/0 von 185  Tagen gewertet (1m/5m/15m)     3725 Signale  90 ms lesen  49740 ms rechnen
2026-09-10T18:55:19.909Z  SYTA/2020       bereinigt     4354 reg. Kerzen        0/0/0 von 68   Tagen gewertet (1m/5m/15m)        0 Signale  29 ms lesen  25 ms rechnen
2026-09-10T18:55:20.118Z  SYTA/2021       bereinigt    22156 reg. Kerzen        0/0/0 von 252  Tagen gewertet (1m/5m/15m)        0 Signale  66 ms lesen  135 ms rechnen
2026-09-10T18:55:20.690Z  SYTA/2022       bereinigt    55151 reg. Kerzen        0/0/0 von 251  Tagen gewertet (1m/5m/15m)        0 Signale  125 ms lesen  371 ms rechnen
2026-09-10T18:55:21.335Z  SYTA/2023       bereinigt    52307 reg. Kerzen        0/0/0 von 250  Tagen gewertet (1m/5m/15m)        0 Signale  134 ms lesen  344 ms rechnen
2026-09-10T18:55:21.753Z  SYTA/2024       bereinigt    34772 reg. Kerzen        0/0/0 von 252  Tagen gewertet (1m/5m/15m)        0 Signale  103 ms lesen  181 ms rechnen
2026-09-10T18:55:27.284Z  SYTA/2025       bereinigt    40660 reg. Kerzen       16/0/0 von 190  Tagen gewertet (1m/5m/15m)      537 Signale  75 ms lesen  5381 ms rechnen
2026-09-10T18:55:27.494Z  TACA/2021       roh           7560 reg. Kerzen        0/0/0 von 228  Tagen gewertet (1m/5m/15m)        0 Signale  26 ms lesen  54 ms rechnen
2026-09-10T18:55:27.533Z  TACA/2022       roh            653 reg. Kerzen        0/0/0 von 103  Tagen gewertet (1m/5m/15m)        0 Signale  10 ms lesen  8 ms rechnen
2026-09-10T18:55:27.574Z  TANNI/2016      roh           1738 reg. Kerzen        0/0/0 von 127  Tagen gewertet (1m/5m/15m)        0 Signale  12 ms lesen  13 ms rechnen
2026-09-10T18:55:27.635Z  TANNI/2017      roh           5263 reg. Kerzen        0/0/0 von 251  Tagen gewertet (1m/5m/15m)        0 Signale  15 ms lesen  38 ms rechnen
2026-09-10T18:55:27.699Z  TANNI/2018      roh           3763 reg. Kerzen        0/0/0 von 250  Tagen gewertet (1m/5m/15m)        0 Signale  16 ms lesen  28 ms rechnen
2026-09-10T18:55:27.755Z  TANNI/2019      roh           3885 reg. Kerzen        0/0/0 von 251  Tagen gewertet (1m/5m/15m)        0 Signale  19 ms lesen  23 ms rechnen
2026-09-10T18:55:27.816Z  TANNI/2020      roh           4485 reg. Kerzen        0/0/0 von 253  Tagen gewertet (1m/5m/15m)        0 Signale  19 ms lesen  27 ms rechnen
2026-09-10T18:55:27.854Z  TANNI/2021      roh           2238 reg. Kerzen        0/0/0 von 247  Tagen gewertet (1m/5m/15m)        0 Signale  15 ms lesen  13 ms rechnen
2026-09-10T18:55:27.887Z  TANNI/2022      roh           1999 reg. Kerzen        0/0/0 von 249  Tagen gewertet (1m/5m/15m)        0 Signale  15 ms lesen  10 ms rechnen
2026-09-10T18:55:27.912Z  TANNI/2023      roh           1355 reg. Kerzen        0/0/0 von 100  Tagen gewertet (1m/5m/15m)        0 Signale  9 ms lesen  11 ms rechnen
2026-09-10T18:55:28.046Z  TAT/2016        roh          19601 reg. Kerzen        0/0/0 von 252  Tagen gewertet (1m/5m/15m)        0 Signale  33 ms lesen  95 ms rechnen
2026-09-10T18:55:28.196Z  TAT/2017        roh          13242 reg. Kerzen        0/0/0 von 251  Tagen gewertet (1m/5m/15m)        0 Signale  24 ms lesen  73 ms rechnen
2026-09-10T18:55:28.334Z  TAT/2018        roh          14079 reg. Kerzen        0/0/0 von 251  Tagen gewertet (1m/5m/15m)        0 Signale  23 ms lesen  81 ms rechnen
2026-09-10T18:55:28.439Z  TAT/2019        roh           7904 reg. Kerzen        0/0/0 von 252  Tagen gewertet (1m/5m/15m)        0 Signale  17 ms lesen  56 ms rechnen
2026-09-10T18:55:28.778Z  TAT/2020        roh          39020 reg. Kerzen        0/0/0 von 244  Tagen gewertet (1m/5m/15m)        0 Signale  75 ms lesen  236 ms rechnen
2026-09-10T18:55:28.939Z  TBLT/2018       bereinigt     1191 reg. Kerzen        0/0/0 von 19   Tagen gewertet (1m/5m/15m)        0 Signale  17 ms lesen  8 ms rechnen
2026-09-10T18:55:29.438Z  TBLT/2019       bereinigt    52241 reg. Kerzen        0/0/0 von 252  Tagen gewertet (1m/5m/15m)        0 Signale  140 ms lesen  354 ms rechnen
2026-09-10T18:55:30.455Z  TBLT/2020       bereinigt    78305 reg. Kerzen        0/0/0 von 252  Tagen gewertet (1m/5m/15m)        0 Signale  225 ms lesen  627 ms rechnen
2026-09-10T18:55:45.511Z  TBLT/2021       bereinigt    82948 reg. Kerzen       36/0/0 von 252  Tagen gewertet (1m/5m/15m)     1188 Signale  211 ms lesen  14621 ms rechnen
2026-09-10T18:55:59.134Z  TBLT/2022       bereinigt    69304 reg. Kerzen       34/0/0 von 251  Tagen gewertet (1m/5m/15m)     1159 Signale  178 ms lesen  13241 ms rechnen
2026-09-10T18:55:59.649Z  TBLT/2023       bereinigt    38463 reg. Kerzen        0/0/0 von 250  Tagen gewertet (1m/5m/15m)        0 Signale  98 ms lesen  227 ms rechnen
2026-09-10T18:55:59.841Z  TBLT/2024       roh          10316 reg. Kerzen        0/0/0 von 152  Tagen gewertet (1m/5m/15m)        0 Signale  30 ms lesen  62 ms rechnen
2026-09-10T18:55:59.870Z  AUSGELASSEN TBLT/2025: Datei fehlt
2026-09-10T18:55:59.918Z  TCBC/2021       roh           2255 reg. Kerzen        0/0/0 von 107  Tagen gewertet (1m/5m/15m)        0 Signale  15 ms lesen  17 ms rechnen
2026-09-10T18:55:59.942Z  TCBC/2022       roh           1200 reg. Kerzen        0/0/0 von 214  Tagen gewertet (1m/5m/15m)        0 Signale  8 ms lesen  10 ms rechnen
2026-09-10T18:55:59.968Z  TCBC/2023       roh           1207 reg. Kerzen        0/0/0 von 225  Tagen gewertet (1m/5m/15m)        0 Signale  13 ms lesen  10 ms rechnen
2026-09-10T18:55:59.994Z  TCBC/2024       roh            688 reg. Kerzen        0/0/0 von 118  Tagen gewertet (1m/5m/15m)        0 Signale  17 ms lesen  6 ms rechnen
2026-09-10T18:56:00.106Z  TCJH/2023       roh          14458 reg. Kerzen        0/0/0 von 178  Tagen gewertet (1m/5m/15m)        0 Signale  32 ms lesen  76 ms rechnen
2026-09-10T18:56:00.261Z  TCJH/2024       roh          13486 reg. Kerzen        0/0/0 von 202  Tagen gewertet (1m/5m/15m)        0 Signale  29 ms lesen  87 ms rechnen
2026-09-10T18:56:00.367Z  TCPI/2016       roh           5905 reg. Kerzen        0/0/0 von 225  Tagen gewertet (1m/5m/15m)        0 Signale  21 ms lesen  37 ms rechnen
2026-09-10T18:56:01.658Z  TDCX/2021       roh          14576 reg. Kerzen        4/0/0 von 64   Tagen gewertet (1m/5m/15m)      112 Signale  33 ms lesen  1240 ms rechnen
2026-09-10T18:56:02.064Z  TDCX/2022       roh          46379 reg. Kerzen        0/0/0 von 250  Tagen gewertet (1m/5m/15m)        0 Signale  69 ms lesen  291 ms rechnen
2026-09-10T18:56:02.358Z  TDCX/2023       roh          25276 reg. Kerzen        0/0/0 von 250  Tagen gewertet (1m/5m/15m)        0 Signale  45 ms lesen  133 ms rechnen
2026-09-10T18:56:04.212Z  CHECKPOINT 4800 Dateien, 1626 min, Detektorfehler {}
2026-09-10T18:56:04.308Z  TDCX/2024       roh          10764 reg. Kerzen        0/0/0 von 117  Tagen gewertet (1m/5m/15m)        0 Signale  28 ms lesen  68 ms rechnen
2026-09-10T18:56:23.374Z  TECD/2016       roh          72172 reg. Kerzen       66/0/0 von 252  Tagen gewertet (1m/5m/15m)     1764 Signale  99 ms lesen  18945 ms rechnen
2026-09-10T18:56:38.652Z  TECD/2017       roh          66168 reg. Kerzen       51/0/0 von 251  Tagen gewertet (1m/5m/15m)     1375 Signale  652 ms lesen  14462 ms rechnen
2026-09-10T18:56:51.919Z  TECD/2018       roh          65610 reg. Kerzen       46/0/0 von 251  Tagen gewertet (1m/5m/15m)     1293 Signale  94 ms lesen  12978 ms rechnen
2026-09-10T18:57:08.030Z  TECD/2019       roh          68123 reg. Kerzen       55/0/0 von 252  Tagen gewertet (1m/5m/15m)     1279 Signale  103 ms lesen  15802 ms rechnen
2026-09-10T18:57:26.017Z  TECD/2020       roh          38005 reg. Kerzen       64/0/0 von 124  Tagen gewertet (1m/5m/15m)     1453 Signale  79 ms lesen  17738 ms rechnen
2026-09-10T18:57:44.361Z  TELL/2017       roh          65700 reg. Kerzen       56/0/0 von 224  Tagen gewertet (1m/5m/15m)     1788 Signale  88 ms lesen  18154 ms rechnen
2026-09-10T18:59:09.198Z  TELL/2018       roh          91290 reg. Kerzen      248/0/0 von 251  Tagen gewertet (1m/5m/15m)     7881 Signale  113 ms lesen  84551 ms rechnen
2026-09-10T19:00:25.157Z  TELL/2019       roh          91657 reg. Kerzen      214/0/0 von 252  Tagen gewertet (1m/5m/15m)     6634 Signale  133 ms lesen  75602 ms rechnen
2026-09-10T19:01:08.069Z  TELL/2020       roh          94430 reg. Kerzen      113/0/0 von 253  Tagen gewertet (1m/5m/15m)     3546 Signale  127 ms lesen  42533 ms rechnen
2026-09-10T19:02:49.349Z  TELL/2021       roh          97670 reg. Kerzen      252/0/0 von 252  Tagen gewertet (1m/5m/15m)     8570 Signale  160 ms lesen  100859 ms rechnen
2026-09-10T19:04:31.235Z  TELL/2022       roh          97527 reg. Kerzen      251/0/0 von 251  Tagen gewertet (1m/5m/15m)     8392 Signale  163 ms lesen  101464 ms rechnen
2026-09-10T19:06:15.256Z  TELL/2023       roh          96803 reg. Kerzen      250/0/0 von 250  Tagen gewertet (1m/5m/15m)     8159 Signale  166 ms lesen  103600 ms rechnen
2026-09-10T19:07:29.266Z  TELL/2024       roh          75284 reg. Kerzen      194/0/0 von 194  Tagen gewertet (1m/5m/15m)     6153 Signale  118 ms lesen  73620 ms rechnen
2026-09-10T19:08:41.111Z  TERP/2016       roh          90959 reg. Kerzen      212/0/0 von 252  Tagen gewertet (1m/5m/15m)     6564 Signale  108 ms lesen  71559 ms rechnen
2026-09-10T19:08:58.188Z  TERP/2017       roh          70389 reg. Kerzen       55/0/0 von 251  Tagen gewertet (1m/5m/15m)     1561 Signale  87 ms lesen  16764 ms rechnen
2026-09-10T19:09:19.190Z  TERP/2018       roh          75397 reg. Kerzen       75/0/0 von 251  Tagen gewertet (1m/5m/15m)     1952 Signale  125 ms lesen  20703 ms rechnen
2026-09-10T19:10:22.732Z  TERP/2019       roh          86590 reg. Kerzen      219/0/0 von 252  Tagen gewertet (1m/5m/15m)     5328 Signale  115 ms lesen  63232 ms rechnen
2026-09-10T19:11:03.264Z  TERP/2020       roh          50708 reg. Kerzen      130/0/0 von 146  Tagen gewertet (1m/5m/15m)     3593 Signale  71 ms lesen  40232 ms rechnen
2026-09-10T19:12:19.631Z  TFC/2016        roh          97996 reg. Kerzen      232/0/0 von 252  Tagen gewertet (1m/5m/15m)     5356 Signale  129 ms lesen  76095 ms rechnen
2026-09-10T19:13:41.603Z  TFC/2017        roh          97347 reg. Kerzen      251/0/0 von 251  Tagen gewertet (1m/5m/15m)     5655 Signale  115 ms lesen  81594 ms rechnen
2026-09-10T19:15:05.839Z  TFC/2018        roh          97255 reg. Kerzen      251/0/0 von 251  Tagen gewertet (1m/5m/15m)     6102 Signale  132 ms lesen  83818 ms rechnen
2026-09-10T19:16:28.652Z  TFC/2019        roh          97702 reg. Kerzen      252/0/0 von 252  Tagen gewertet (1m/5m/15m)     5877 Signale  115 ms lesen  82431 ms rechnen
2026-09-10T19:17:59.489Z  TFC/2020        roh          98220 reg. Kerzen      253/0/0 von 253  Tagen gewertet (1m/5m/15m)     7063 Signale  131 ms lesen  90426 ms rechnen
2026-09-10T19:19:25.666Z  TFC/2021        roh          97306 reg. Kerzen      250/0/0 von 252  Tagen gewertet (1m/5m/15m)     6144 Signale  133 ms lesen  85753 ms rechnen
2026-09-10T19:20:51.858Z  TFC/2022        roh          96945 reg. Kerzen      249/0/0 von 251  Tagen gewertet (1m/5m/15m)     6407 Signale  133 ms lesen  85758 ms rechnen
2026-09-10T19:22:18.378Z  TFC/2023        roh          97128 reg. Kerzen      250/0/0 von 250  Tagen gewertet (1m/5m/15m)     6721 Signale  148 ms lesen  86095 ms rechnen
2026-09-10T19:23:43.298Z  TFC/2024        roh          97724 reg. Kerzen      252/0/0 von 252  Tagen gewertet (1m/5m/15m)     6062 Signale  133 ms lesen  84517 ms rechnen
2026-09-10T19:25:06.418Z  TFC/2025        roh          96950 reg. Kerzen      250/0/0 von 250  Tagen gewertet (1m/5m/15m)     6025 Signale  128 ms lesen  82719 ms rechnen
2026-09-10T19:26:02.620Z  TFC/2026        roh          64729 reg. Kerzen      166/0/0 von 166  Tagen gewertet (1m/5m/15m)     3941 Signale  128 ms lesen  55813 ms rechnen
2026-09-10T19:26:03.056Z  TGA/2016        roh          25627 reg. Kerzen        0/0/0 von 252  Tagen gewertet (1m/5m/15m)        0 Signale  41 ms lesen  159 ms rechnen
2026-09-10T19:26:03.241Z  TGA/2017        roh          14968 reg. Kerzen        0/0/0 von 251  Tagen gewertet (1m/5m/15m)        0 Signale  22 ms lesen  87 ms rechnen
2026-09-10T19:26:03.522Z  TGA/2018        roh          36938 reg. Kerzen        0/0/0 von 251  Tagen gewertet (1m/5m/15m)        0 Signale  49 ms lesen  199 ms rechnen
2026-09-10T19:26:03.752Z  TGA/2019        roh          18895 reg. Kerzen        0/0/0 von 252  Tagen gewertet (1m/5m/15m)        0 Signale  33 ms lesen  111 ms rechnen
2026-09-10T19:26:04.006Z  TGA/2020        roh          24901 reg. Kerzen        0/0/0 von 253  Tagen gewertet (1m/5m/15m)        0 Signale  39 ms lesen  171 ms rechnen
2026-09-10T19:26:04.323Z  TGA/2021        roh          36998 reg. Kerzen        0/0/0 von 252  Tagen gewertet (1m/5m/15m)        0 Signale  59 ms lesen  188 ms rechnen
2026-09-10T19:26:08.143Z  TGA/2022        roh          54587 reg. Kerzen       10/0/0 von 197  Tagen gewertet (1m/5m/15m)      324 Signale  128 ms lesen  3596 ms rechnen
2026-09-10T19:26:08.389Z  TGLS/2016       roh           8252 reg. Kerzen        0/0/0 von 252  Tagen gewertet (1m/5m/15m)        0 Signale  28 ms lesen  36 ms rechnen
2026-09-10T19:26:08.515Z  TGLS/2017       roh          14514 reg. Kerzen        0/0/0 von 250  Tagen gewertet (1m/5m/15m)        0 Signale  26 ms lesen  72 ms rechnen
2026-09-10T19:26:08.627Z  TGLS/2018       roh          10072 reg. Kerzen        0/0/0 von 250  Tagen gewertet (1m/5m/15m)        0 Signale  29 ms lesen  42 ms rechnen
2026-09-10T19:26:08.760Z  TGLS/2019       roh          15790 reg. Kerzen        0/0/0 von 252  Tagen gewertet (1m/5m/15m)        0 Signale  29 ms lesen  75 ms rechnen
2026-09-10T19:26:08.932Z  TGLS/2020       roh          17851 reg. Kerzen        0/0/0 von 253  Tagen gewertet (1m/5m/15m)        0 Signale  33 ms lesen  98 ms rechnen
2026-09-10T19:26:16.659Z  TGLS/2021       roh          50822 reg. Kerzen       23/0/0 von 252  Tagen gewertet (1m/5m/15m)      730 Signale  64 ms lesen  7618 ms rechnen
2026-09-10T19:26:18.238Z  TGLS/2022       roh          44625 reg. Kerzen        4/0/0 von 251  Tagen gewertet (1m/5m/15m)      133 Signale  72 ms lesen  1346 ms rechnen
2026-09-10T19:26:31.122Z  TGLS/2023       roh          64290 reg. Kerzen       43/0/0 von 250  Tagen gewertet (1m/5m/15m)     1293 Signale  83 ms lesen  12674 ms rechnen
2026-09-10T19:26:34.453Z  TGLS/2024       roh          53484 reg. Kerzen       10/0/0 von 252  Tagen gewertet (1m/5m/15m)      299 Signale  73 ms lesen  3066 ms rechnen
2026-09-10T19:26:35.760Z  TGLS/2025       roh          51338 reg. Kerzen        3/0/0 von 250  Tagen gewertet (1m/5m/15m)       71 Signale  97 ms lesen  1081 ms rechnen
2026-09-10T19:26:37.692Z  TGLS/2026       roh          32292 reg. Kerzen        5/0/0 von 166  Tagen gewertet (1m/5m/15m)      139 Signale  47 ms lesen  1732 ms rechnen
2026-09-10T19:26:37.907Z  THAR/2023       bereinigt    12265 reg. Kerzen        0/0/0 von 68   Tagen gewertet (1m/5m/15m)        0 Signale  51 ms lesen  63 ms rechnen
2026-09-10T19:26:38.077Z  THAR/2024       bereinigt    18031 reg. Kerzen        0/0/0 von 252  Tagen gewertet (1m/5m/15m)        0 Signale  47 ms lesen  99 ms rechnen
2026-09-10T19:26:39.393Z  THAR/2025       roh          25823 reg. Kerzen        3/0/0 von 250  Tagen gewertet (1m/5m/15m)       98 Signale  50 ms lesen  1219 ms rechnen
2026-09-10T19:26:39.554Z  THAR/2026       roh           8190 reg. Kerzen        0/0/0 von 31   Tagen gewertet (1m/5m/15m)        0 Signale  22 ms lesen  60 ms rechnen
2026-09-10T19:26:39.628Z  THMA/2021       roh           5013 reg. Kerzen        0/0/0 von 159  Tagen gewertet (1m/5m/15m)        0 Signale  19 ms lesen  34 ms rechnen
2026-09-10T19:27:27.592Z  THS/2016        roh          83864 reg. Kerzen      171/0/0 von 252  Tagen gewertet (1m/5m/15m)     4071 Signale  99 ms lesen  47852 ms rechnen
2026-09-10T19:28:02.613Z  THS/2017        roh          77585 reg. Kerzen      124/0/0 von 251  Tagen gewertet (1m/5m/15m)     3079 Signale  93 ms lesen  34717 ms rechnen
2026-09-10T19:28:45.481Z  THS/2018        roh          79813 reg. Kerzen      147/0/0 von 251  Tagen gewertet (1m/5m/15m)     4039 Signale  121 ms lesen  42545 ms rechnen
2026-09-10T19:29:19.062Z  THS/2019        roh          76773 reg. Kerzen      119/0/0 von 252  Tagen gewertet (1m/5m/15m)     2994 Signale  106 ms lesen  33277 ms rechnen
2026-09-10T19:30:01.832Z  THS/2020        roh          79364 reg. Kerzen      139/0/0 von 253  Tagen gewertet (1m/5m/15m)     3986 Signale  104 ms lesen  42475 ms rechnen
2026-09-10T19:30:28.386Z  THS/2021        roh          73488 reg. Kerzen       91/0/0 von 252  Tagen gewertet (1m/5m/15m)     2586 Signale  94 ms lesen  26266 ms rechnen
2026-09-10T19:30:36.835Z  THS/2022        roh          61857 reg. Kerzen       27/0/0 von 250  Tagen gewertet (1m/5m/15m)      794 Signale  82 ms lesen  8184 ms rechnen
2026-09-10T19:30:40.381Z  THS/2023        roh          56630 reg. Kerzen       11/0/0 von 250  Tagen gewertet (1m/5m/15m)      303 Signale  78 ms lesen  3308 ms rechnen
2026-09-10T19:30:47.601Z  THS/2024        roh          61846 reg. Kerzen       22/0/0 von 252  Tagen gewertet (1m/5m/15m)      658 Signale  91 ms lesen  6965 ms rechnen
2026-09-10T19:31:04.610Z  THS/2025        roh          67946 reg. Kerzen       56/0/0 von 250  Tagen gewertet (1m/5m/15m)     1538 Signale  111 ms lesen  16721 ms rechnen
2026-09-10T19:31:07.432Z  THS/2026        roh           7729 reg. Kerzen        9/0/0 von 27   Tagen gewertet (1m/5m/15m)      175 Signale  36 ms lesen  2588 ms rechnen
2026-09-10T19:31:07.480Z  TIG/2016        roh            963 reg. Kerzen        0/0/0 von 11   Tagen gewertet (1m/5m/15m)        0 Signale  13 ms lesen  7 ms rechnen
2026-09-10T19:31:07.529Z  TIG/2017        roh           4020 reg. Kerzen        0/0/0 von 245  Tagen gewertet (1m/5m/15m)        0 Signale  12 ms lesen  34 ms rechnen
2026-09-10T19:31:07.556Z  TIG/2018        roh            712 reg. Kerzen        0/0/0 von 108  Tagen gewertet (1m/5m/15m)        0 Signale  8 ms lesen  8 ms rechnen
2026-09-10T19:31:07.560Z  AUSGELASSEN TIG/2019: Datei fehlt
2026-09-10T19:31:07.687Z  TIG/2020        roh          14855 reg. Kerzen        0/0/0 von 118  Tagen gewertet (1m/5m/15m)        0 Signale  35 ms lesen  92 ms rechnen
2026-09-10T19:31:07.881Z  TIG/2021        roh          24194 reg. Kerzen        0/0/0 von 252  Tagen gewertet (1m/5m/15m)        0 Signale  44 ms lesen  114 ms rechnen
2026-09-10T19:31:08.162Z  TIG/2022        roh          31963 reg. Kerzen        0/0/0 von 251  Tagen gewertet (1m/5m/15m)        0 Signale  52 ms lesen  167 ms rechnen
2026-09-10T19:31:08.334Z  TIG/2023        roh           8769 reg. Kerzen        0/0/0 von 75   Tagen gewertet (1m/5m/15m)        0 Signale  26 ms lesen  60 ms rechnen
2026-09-10T19:31:11.303Z  TIRX/2021       bereinigt    40142 reg. Kerzen        7/0/0 von 236  Tagen gewertet (1m/5m/15m)      232 Signale  127 ms lesen  2817 ms rechnen
2026-09-10T19:31:11.555Z  TIRX/2022       bereinigt    12758 reg. Kerzen        0/0/0 von 251  Tagen gewertet (1m/5m/15m)        0 Signale  51 ms lesen  74 ms rechnen
2026-09-10T19:31:11.709Z  TIRX/2023       bereinigt    14048 reg. Kerzen        0/0/0 von 250  Tagen gewertet (1m/5m/15m)        0 Signale  51 ms lesen  69 ms rechnen
2026-09-10T19:31:11.885Z  TIRX/2024       bereinigt    14668 reg. Kerzen        0/0/0 von 252  Tagen gewertet (1m/5m/15m)        0 Signale  52 ms lesen  91 ms rechnen
2026-09-10T19:31:11.994Z  TIRX/2025       bereinigt     9689 reg. Kerzen        0/0/0 von 250  Tagen gewertet (1m/5m/15m)        0 Signale  24 ms lesen  47 ms rechnen
2026-09-10T19:31:12.164Z  TIRX/2026       bereinigt    10144 reg. Kerzen        0/0/0 von 42   Tagen gewertet (1m/5m/15m)        0 Signale  42 ms lesen  97 ms rechnen
2026-09-10T19:31:12.499Z  TKAI/2016       bereinigt    38717 reg. Kerzen        0/0/0 von 252  Tagen gewertet (1m/5m/15m)        0 Signale  90 ms lesen  209 ms rechnen
2026-09-10T19:31:12.713Z  TKAI/2017       bereinigt     9527 reg. Kerzen        0/0/0 von 89   Tagen gewertet (1m/5m/15m)        0 Signale  28 ms lesen  77 ms rechnen
2026-09-10T19:31:12.768Z  TLGY/2022       roh            672 reg. Kerzen        0/0/0 von 140  Tagen gewertet (1m/5m/15m)        0 Signale  15 ms lesen  7 ms rechnen
2026-09-10T19:31:12.786Z  TLGY/2023       roh            570 reg. Kerzen        0/0/0 von 140  Tagen gewertet (1m/5m/15m)        0 Signale  10 ms lesen  5 ms rechnen
2026-09-10T19:31:12.801Z  TLGY/2024       roh            350 reg. Kerzen        0/0/0 von 104  Tagen gewertet (1m/5m/15m)        0 Signale  9 ms lesen  4 ms rechnen
2026-09-10T19:31:12.966Z  TLP/2016        roh          22326 reg. Kerzen        0/0/0 von 252  Tagen gewertet (1m/5m/15m)        0 Signale  40 ms lesen  120 ms rechnen
2026-09-10T19:31:13.167Z  TLP/2017        roh          15694 reg. Kerzen        0/0/0 von 251  Tagen gewertet (1m/5m/15m)        0 Signale  29 ms lesen  98 ms rechnen
2026-09-10T19:31:13.332Z  TLP/2018        roh          14902 reg. Kerzen        0/0/0 von 251  Tagen gewertet (1m/5m/15m)        0 Signale  28 ms lesen  84 ms rechnen
2026-09-10T19:31:13.428Z  TLP/2019        roh           4152 reg. Kerzen        0/0/0 von 38   Tagen gewertet (1m/5m/15m)        0 Signale  22 ms lesen  25 ms rechnen
2026-09-10T19:31:13.460Z  TMCX/2018       roh           2001 reg. Kerzen        0/0/0 von 126  Tagen gewertet (1m/5m/15m)        0 Signale  8 ms lesen  11 ms rechnen
2026-09-10T19:31:13.521Z  TMCX/2019       roh           7231 reg. Kerzen        0/0/0 von 197  Tagen gewertet (1m/5m/15m)        0 Signale  23 ms lesen  34 ms rechnen
2026-09-10T19:31:13.549Z  TMPM/2020       roh              7 reg. Kerzen        0/0/0 von 3    Tagen gewertet (1m/5m/15m)        0 Signale  13 ms lesen  0 ms rechnen
2026-09-10T19:31:13.587Z  TMPM/2021       roh           4125 reg. Kerzen        0/0/0 von 192  Tagen gewertet (1m/5m/15m)        0 Signale  19 ms lesen  18 ms rechnen
2026-09-10T19:31:13.623Z  TMPM/2022       roh            871 reg. Kerzen        0/0/0 von 143  Tagen gewertet (1m/5m/15m)        0 Signale  15 ms lesen  8 ms rechnen
2026-09-10T19:31:13.837Z  TNC/2016        roh          30224 reg. Kerzen        0/0/0 von 252  Tagen gewertet (1m/5m/15m)        0 Signale  49 ms lesen  149 ms rechnen
2026-09-10T19:31:14.098Z  TNC/2017        roh          29689 reg. Kerzen        0/0/0 von 251  Tagen gewertet (1m/5m/15m)        0 Signale  44 ms lesen  142 ms rechnen
2026-09-10T19:31:14.365Z  TNC/2018        roh          33779 reg. Kerzen        0/0/0 von 251  Tagen gewertet (1m/5m/15m)        0 Signale  45 ms lesen  159 ms rechnen
2026-09-10T19:31:14.647Z  TNC/2019        roh          26945 reg. Kerzen        0/0/0 von 252  Tagen gewertet (1m/5m/15m)        0 Signale  47 ms lesen  147 ms rechnen
2026-09-10T19:31:14.932Z  TNC/2020        roh          28033 reg. Kerzen        0/0/0 von 253  Tagen gewertet (1m/5m/15m)        0 Signale  43 ms lesen  172 ms rechnen
2026-09-10T19:31:15.181Z  TNC/2021        roh          19554 reg. Kerzen        0/0/0 von 252  Tagen gewertet (1m/5m/15m)        0 Signale  41 ms lesen  127 ms rechnen
2026-09-10T19:31:15.346Z  TNC/2022        roh          18221 reg. Kerzen        0/0/0 von 250  Tagen gewertet (1m/5m/15m)        0 Signale  39 ms lesen  77 ms rechnen
2026-09-10T19:31:15.577Z  TNC/2023        roh          23178 reg. Kerzen        0/0/0 von 250  Tagen gewertet (1m/5m/15m)        0 Signale  42 ms lesen  135 ms rechnen
2026-09-10T19:31:15.815Z  TNC/2024        roh          26534 reg. Kerzen        0/0/0 von 252  Tagen gewertet (1m/5m/15m)        0 Signale  35 ms lesen  134 ms rechnen
2026-09-10T19:31:16.076Z  TNC/2025        roh          26648 reg. Kerzen        0/0/0 von 250  Tagen gewertet (1m/5m/15m)        0 Signale  50 ms lesen  144 ms rechnen
2026-09-10T19:31:16.545Z  TNC/2026        roh          22515 reg. Kerzen        1/0/0 von 166  Tagen gewertet (1m/5m/15m)       26 Signale  34 ms lesen  352 ms rechnen
2026-09-10T19:32:25.962Z  TNL/2016        roh          93566 reg. Kerzen      230/0/0 von 252  Tagen gewertet (1m/5m/15m)     5439 Signale  113 ms lesen  69221 ms rechnen
2026-09-10T19:33:33.232Z  TNL/2017        roh          88310 reg. Kerzen      241/0/0 von 251  Tagen gewertet (1m/5m/15m)     5375 Signale  128 ms lesen  66846 ms rechnen
2026-09-10T19:34:47.850Z  TNL/2018        roh          90291 reg. Kerzen      250/0/0 von 251  Tagen gewertet (1m/5m/15m)     6396 Signale  126 ms lesen  74215 ms rechnen
2026-09-10T19:35:46.100Z  TNL/2019        roh          84177 reg. Kerzen      200/0/0 von 252  Tagen gewertet (1m/5m/15m)     4915 Signale  686 ms lesen  57304 ms rechnen
2026-09-10T19:36:58.551Z  TNL/2020        roh          88419 reg. Kerzen      210/0/0 von 253  Tagen gewertet (1m/5m/15m)     6466 Signale  679 ms lesen  71525 ms rechnen
2026-09-10T19:37:41.845Z  TNL/2021        roh          78998 reg. Kerzen      149/0/0 von 252  Tagen gewertet (1m/5m/15m)     4238 Signale  108 ms lesen  42910 ms rechnen
2026-09-10T19:38:44.747Z  TNL/2022        roh          84133 reg. Kerzen      203/0/0 von 251  Tagen gewertet (1m/5m/15m)     5744 Signale  136 ms lesen  62562 ms rechnen
2026-09-10T19:39:39.865Z  TNL/2023        roh          82215 reg. Kerzen      190/0/0 von 250  Tagen gewertet (1m/5m/15m)     4965 Signale  110 ms lesen  54753 ms rechnen
2026-09-10T19:40:01.344Z  TNL/2024        roh          72967 reg. Kerzen       74/0/0 von 252  Tagen gewertet (1m/5m/15m)     1916 Signale  96 ms lesen  21128 ms rechnen
2026-09-10T19:40:26.229Z  TNL/2025        roh          72890 reg. Kerzen       85/0/0 von 250  Tagen gewertet (1m/5m/15m)     2214 Signale  105 ms lesen  24599 ms rechnen
2026-09-10T19:40:40.580Z  TNL/2026        roh          46957 reg. Kerzen       48/0/0 von 166  Tagen gewertet (1m/5m/15m)     1291 Signale  60 ms lesen  14072 ms rechnen
2026-09-10T19:42:03.004Z  TOL/2016        roh          96944 reg. Kerzen      232/0/0 von 252  Tagen gewertet (1m/5m/15m)     6044 Signale  116 ms lesen  82161 ms rechnen
2026-09-10T19:43:27.274Z  TOL/2017        roh          95378 reg. Kerzen      251/0/0 von 251  Tagen gewertet (1m/5m/15m)     6041 Signale  140 ms lesen  83847 ms rechnen
2026-09-10T19:44:53.980Z  TOL/2018        roh          96452 reg. Kerzen      251/0/0 von 251  Tagen gewertet (1m/5m/15m)     6773 Signale  124 ms lesen  86324 ms rechnen
2026-09-10T19:46:17.621Z  TOL/2019        roh          95555 reg. Kerzen      252/0/0 von 252  Tagen gewertet (1m/5m/15m)     6460 Signale  789 ms lesen  82560 ms rechnen
2026-09-10T19:47:48.583Z  TOL/2020        roh          97036 reg. Kerzen      253/0/0 von 253  Tagen gewertet (1m/5m/15m)     7481 Signale  149 ms lesen  90542 ms rechnen
2026-09-10T19:49:11.129Z  TOL/2021        roh          93846 reg. Kerzen      247/0/0 von 252  Tagen gewertet (1m/5m/15m)     6704 Signale  114 ms lesen  82152 ms rechnen
2026-09-10T19:50:38.760Z  TOL/2022        roh          95341 reg. Kerzen      249/0/0 von 251  Tagen gewertet (1m/5m/15m)     7141 Signale  114 ms lesen  87281 ms rechnen
2026-09-10T19:52:00.935Z  TOL/2023        roh          94639 reg. Kerzen      250/0/0 von 250  Tagen gewertet (1m/5m/15m)     6375 Signale  730 ms lesen  81201 ms rechnen
2026-09-10T19:53:19.982Z  TOL/2024        roh          91790 reg. Kerzen      248/0/0 von 252  Tagen gewertet (1m/5m/15m)     6417 Signale  145 ms lesen  78643 ms rechnen
2026-09-10T19:54:34.420Z  TOL/2025        roh          89772 reg. Kerzen      233/0/0 von 250  Tagen gewertet (1m/5m/15m)     6107 Signale  128 ms lesen  74043 ms rechnen
2026-09-10T19:55:11.333Z  TOL/2026        roh          55319 reg. Kerzen      123/0/0 von 166  Tagen gewertet (1m/5m/15m)     3269 Signale  97 ms lesen  36586 ms rechnen
2026-09-10T19:55:13.102Z  TOWR/2016       roh          54054 reg. Kerzen        4/0/0 von 252  Tagen gewertet (1m/5m/15m)      121 Signale  77 ms lesen  1549 ms rechnen
2026-09-10T19:55:13.527Z  TOWR/2017       roh          37678 reg. Kerzen        0/0/0 von 251  Tagen gewertet (1m/5m/15m)        0 Signale  57 ms lesen  214 ms rechnen
2026-09-10T19:55:13.870Z  TOWR/2018       roh          35757 reg. Kerzen        0/0/0 von 251  Tagen gewertet (1m/5m/15m)        0 Signale  52 ms lesen  212 ms rechnen
2026-09-10T19:55:16.927Z  TOWR/2019       roh          34381 reg. Kerzen        9/0/0 von 187  Tagen gewertet (1m/5m/15m)      126 Signale  41 ms lesen  2939 ms rechnen
2026-09-10T19:55:17.767Z  TPGY/2020       roh           5346 reg. Kerzen        2/0/0 von 22   Tagen gewertet (1m/5m/15m)       72 Signale  20 ms lesen  748 ms rechnen
2026-09-10T19:55:48.854Z  TPGY/2021       roh          68649 reg. Kerzen       83/0/0 von 252  Tagen gewertet (1m/5m/15m)     2741 Signale  101 ms lesen  30975 ms rechnen
2026-09-10T19:55:49.419Z  TPGY/2022       roh          12471 reg. Kerzen        1/0/0 von 193  Tagen gewertet (1m/5m/15m)       17 Signale  31 ms lesen  328 ms rechnen
2026-09-10T19:55:49.530Z  TPNL/2018       roh           8159 reg. Kerzen        0/0/0 von 98   Tagen gewertet (1m/5m/15m)        0 Signale  25 ms lesen  55 ms rechnen
2026-09-10T19:55:49.679Z  TPNL/2019       roh          13805 reg. Kerzen        0/0/0 von 80   Tagen gewertet (1m/5m/15m)        0 Signale  42 ms lesen  78 ms rechnen
2026-09-10T19:55:49.736Z  TRAXV/2026      roh             75 reg. Kerzen        0/0/0 von 9    Tagen gewertet (1m/5m/15m)        0 Signale  10 ms lesen  0 ms rechnen
2026-09-10T19:55:59.244Z  TREX/2016       bereinigt    65417 reg. Kerzen       30/0/0 von 252  Tagen gewertet (1m/5m/15m)      895 Signale  90 ms lesen  9414 ms rechnen
2026-09-10T19:56:03.506Z  TREX/2017       bereinigt    55194 reg. Kerzen       13/0/0 von 251  Tagen gewertet (1m/5m/15m)      374 Signale  74 ms lesen  4013 ms rechnen
2026-09-10T19:56:22.505Z  TREX/2018       bereinigt    65603 reg. Kerzen       62/0/0 von 251  Tagen gewertet (1m/5m/15m)     1853 Signale  90 ms lesen  18760 ms rechnen
2026-09-10T19:57:17.883Z  TREX/2019       bereinigt    83610 reg. Kerzen      185/0/0 von 252  Tagen gewertet (1m/5m/15m)     5087 Signale  124 ms lesen  55048 ms rechnen
2026-09-10T19:58:26.849Z  TREX/2020       bereinigt    87064 reg. Kerzen      215/0/0 von 253  Tagen gewertet (1m/5m/15m)     6392 Signale  126 ms lesen  68621 ms rechnen
2026-09-10T19:59:24.481Z  TREX/2021       roh          82942 reg. Kerzen      192/0/0 von 252  Tagen gewertet (1m/5m/15m)     5326 Signale  96 ms lesen  57307 ms rechnen
2026-09-10T20:00:51.407Z  TREX/2022       roh          92221 reg. Kerzen      249/0/0 von 250  Tagen gewertet (1m/5m/15m)     7657 Signale  128 ms lesen  86583 ms rechnen
2026-09-10T20:02:04.095Z  TREX/2023       roh          87908 reg. Kerzen      234/0/0 von 250  Tagen gewertet (1m/5m/15m)     6425 Signale  118 ms lesen  72322 ms rechnen
2026-09-10T20:03:03.761Z  TREX/2024       roh          84420 reg. Kerzen      196/0/0 von 252  Tagen gewertet (1m/5m/15m)     5272 Signale  112 ms lesen  59299 ms rechnen
2026-09-10T20:04:21.034Z  TREX/2025       roh          90049 reg. Kerzen      239/0/0 von 250  Tagen gewertet (1m/5m/15m)     6566 Signale  118 ms lesen  76900 ms rechnen
2026-09-10T20:05:16.138Z  TREX/2026       roh          61560 reg. Kerzen      164/0/0 von 166  Tagen gewertet (1m/5m/15m)     4763 Signale  87 ms lesen  54754 ms rechnen
2026-09-10T20:06:34.849Z  TRIP/2016       roh          96408 reg. Kerzen      232/0/0 von 252  Tagen gewertet (1m/5m/15m)     6198 Signale  127 ms lesen  78370 ms rechnen
2026-09-10T20:07:59.219Z  TRIP/2017       roh          96038 reg. Kerzen      251/0/0 von 251  Tagen gewertet (1m/5m/15m)     6733 Signale  126 ms lesen  83989 ms rechnen
2026-09-10T20:09:25.127Z  TRIP/2018       roh          94967 reg. Kerzen      249/0/0 von 251  Tagen gewertet (1m/5m/15m)     6993 Signale  115 ms lesen  85528 ms rechnen
2026-09-10T20:10:50.366Z  TRIP/2019       roh          96149 reg. Kerzen      252/0/0 von 252  Tagen gewertet (1m/5m/15m)     6627 Signale  134 ms lesen  84855 ms rechnen
2026-09-10T20:12:22.939Z  TRIP/2020       roh          97578 reg. Kerzen      253/0/0 von 253  Tagen gewertet (1m/5m/15m)     7720 Signale  142 ms lesen  92184 ms rechnen
2026-09-10T20:13:54.013Z  TRIP/2021       roh          97063 reg. Kerzen      252/0/0 von 252  Tagen gewertet (1m/5m/15m)     7643 Signale  111 ms lesen  90711 ms rechnen
2026-09-10T20:15:26.137Z  TRIP/2022       roh          96818 reg. Kerzen      251/0/0 von 251  Tagen gewertet (1m/5m/15m)     7493 Signale  126 ms lesen  91724 ms rechnen
2026-09-10T20:16:51.061Z  TRIP/2023       roh          95231 reg. Kerzen      250/0/0 von 250  Tagen gewertet (1m/5m/15m)     6980 Signale  127 ms lesen  84555 ms rechnen
2026-09-10T20:18:14.172Z  TRIP/2024       roh          94597 reg. Kerzen      252/0/0 von 252  Tagen gewertet (1m/5m/15m)     6906 Signale  115 ms lesen  82775 ms rechnen
2026-09-10T20:19:40.029Z  TRIP/2025       roh          94178 reg. Kerzen      250/0/0 von 250  Tagen gewertet (1m/5m/15m)     7352 Signale  141 ms lesen  85460 ms rechnen
2026-09-10T20:20:38.658Z  TRIP/2026       roh          62941 reg. Kerzen      166/0/0 von 166  Tagen gewertet (1m/5m/15m)     4995 Signale  104 ms lesen  58300 ms rechnen
2026-09-10T20:21:05.799Z  TRMK/2016       roh          76364 reg. Kerzen      100/0/0 von 252  Tagen gewertet (1m/5m/15m)     2499 Signale  100 ms lesen  26821 ms rechnen
2026-09-10T20:21:11.871Z  TRMK/2017       roh          62189 reg. Kerzen       20/0/0 von 251  Tagen gewertet (1m/5m/15m)      502 Signale  662 ms lesen  5227 ms rechnen
2026-09-10T20:21:28.457Z  TRMK/2018       roh          67134 reg. Kerzen       59/0/0 von 251  Tagen gewertet (1m/5m/15m)     1514 Signale  111 ms lesen  16312 ms rechnen
2026-09-10T20:21:39.266Z  TRMK/2019       roh          62971 reg. Kerzen       39/0/0 von 252  Tagen gewertet (1m/5m/15m)      916 Signale  99 ms lesen  10519 ms rechnen
2026-09-10T20:21:50.718Z  TRMK/2020       roh          62477 reg. Kerzen       35/0/0 von 253  Tagen gewertet (1m/5m/15m)     1044 Signale  83 ms lesen  11223 ms rechnen
2026-09-10T20:21:51.186Z  TRMK/2021       roh          48144 reg. Kerzen        0/0/0 von 252  Tagen gewertet (1m/5m/15m)        0 Signale  59 ms lesen  251 ms rechnen
2026-09-10T20:21:51.629Z  TRMK/2022       roh          49926 reg. Kerzen        0/0/0 von 251  Tagen gewertet (1m/5m/15m)        0 Signale  66 ms lesen  257 ms rechnen
2026-09-10T20:21:52.724Z  TRMK/2023       roh          49893 reg. Kerzen        2/0/0 von 250  Tagen gewertet (1m/5m/15m)       70 Signale  75 ms lesen  883 ms rechnen
2026-09-10T20:21:53.151Z  TRMK/2024       roh          42874 reg. Kerzen        0/0/0 von 252  Tagen gewertet (1m/5m/15m)        0 Signale  62 ms lesen  236 ms rechnen
2026-09-10T20:21:53.897Z  TRMK/2025       roh          45924 reg. Kerzen        1/0/0 von 250  Tagen gewertet (1m/5m/15m)       21 Signale  63 ms lesen  547 ms rechnen
2026-09-10T20:21:55.165Z  TRMK/2026       roh          35905 reg. Kerzen        4/0/0 von 166  Tagen gewertet (1m/5m/15m)       87 Signale  49 ms lesen  1103 ms rechnen
2026-09-10T20:21:55.279Z  TRNS/2016       roh           2365 reg. Kerzen        0/0/0 von 240  Tagen gewertet (1m/5m/15m)        0 Signale  12 ms lesen  12 ms rechnen
2026-09-10T20:21:55.329Z  TRNS/2017       roh           4086 reg. Kerzen        0/0/0 von 250  Tagen gewertet (1m/5m/15m)        0 Signale  16 ms lesen  28 ms rechnen
2026-09-10T20:21:55.401Z  TRNS/2018       roh           6364 reg. Kerzen        0/0/0 von 245  Tagen gewertet (1m/5m/15m)        0 Signale  19 ms lesen  43 ms rechnen
2026-09-10T20:21:55.513Z  TRNS/2019       roh          11233 reg. Kerzen        0/0/0 von 252  Tagen gewertet (1m/5m/15m)        0 Signale  33 ms lesen  56 ms rechnen
2026-09-10T20:21:55.614Z  TRNS/2020       roh           8263 reg. Kerzen        0/0/0 von 253  Tagen gewertet (1m/5m/15m)        0 Signale  19 ms lesen  48 ms rechnen
2026-09-10T20:21:55.729Z  TRNS/2021       roh          11199 reg. Kerzen        0/0/0 von 252  Tagen gewertet (1m/5m/15m)        0 Signale  27 ms lesen  65 ms rechnen
2026-09-10T20:21:55.884Z  TRNS/2022       roh          15572 reg. Kerzen        0/0/0 von 251  Tagen gewertet (1m/5m/15m)        0 Signale  37 ms lesen  85 ms rechnen
2026-09-10T20:21:56.052Z  TRNS/2023       roh          15532 reg. Kerzen        0/0/0 von 250  Tagen gewertet (1m/5m/15m)        0 Signale  34 ms lesen  96 ms rechnen
2026-09-10T20:21:56.211Z  TRNS/2024       roh          14132 reg. Kerzen        0/0/0 von 252  Tagen gewertet (1m/5m/15m)        0 Signale  31 ms lesen  80 ms rechnen
2026-09-10T20:21:56.406Z  TRNS/2025       roh          23120 reg. Kerzen        0/0/0 von 250  Tagen gewertet (1m/5m/15m)        0 Signale  48 ms lesen  111 ms rechnen
2026-09-10T20:21:56.575Z  TRNS/2026       roh          17844 reg. Kerzen        0/0/0 von 166  Tagen gewertet (1m/5m/15m)        0 Signale  28 ms lesen  80 ms rechnen
2026-09-10T20:21:56.760Z  TRR/2016        roh          16623 reg. Kerzen        0/0/0 von 252  Tagen gewertet (1m/5m/15m)        0 Signale  33 ms lesen  110 ms rechnen
2026-09-10T20:21:56.915Z  TRR/2017        roh          15315 reg. Kerzen        0/0/0 von 118  Tagen gewertet (1m/5m/15m)        0 Signale  26 ms lesen  70 ms rechnen
2026-09-10T20:23:10.651Z  TRV/2016        roh          96680 reg. Kerzen      232/0/0 von 252  Tagen gewertet (1m/5m/15m)     4936 Signale  137 ms lesen  73546 ms rechnen
2026-09-10T20:24:28.836Z  TRV/2017        roh          94752 reg. Kerzen      251/0/0 von 251  Tagen gewertet (1m/5m/15m)     5279 Signale  126 ms lesen  77807 ms rechnen
2026-09-10T20:25:49.541Z  TRV/2018        roh          95434 reg. Kerzen      251/0/0 von 251  Tagen gewertet (1m/5m/15m)     5844 Signale  229 ms lesen  80224 ms rechnen
2026-09-10T20:27:09.284Z  TRV/2019        roh          95611 reg. Kerzen      252/0/0 von 252  Tagen gewertet (1m/5m/15m)     5467 Signale  138 ms lesen  79341 ms rechnen
2026-09-10T20:28:34.847Z  TRV/2020        roh          96324 reg. Kerzen      253/0/0 von 253  Tagen gewertet (1m/5m/15m)     6638 Signale  146 ms lesen  85153 ms rechnen
2026-09-10T20:29:53.426Z  TRV/2021        roh          92620 reg. Kerzen      249/0/0 von 252  Tagen gewertet (1m/5m/15m)     5742 Signale  133 ms lesen  78178 ms rechnen
2026-09-10T20:31:12.485Z  TRV/2022        roh          92920 reg. Kerzen      247/0/0 von 250  Tagen gewertet (1m/5m/15m)     5840 Signale  180 ms lesen  78655 ms rechnen
2026-09-10T20:32:27.165Z  TRV/2023        roh          91561 reg. Kerzen      249/0/0 von 250  Tagen gewertet (1m/5m/15m)     5641 Signale  122 ms lesen  74328 ms rechnen
2026-09-10T20:33:31.401Z  TRV/2024        roh          87610 reg. Kerzen      225/0/0 von 252  Tagen gewertet (1m/5m/15m)     4942 Signale  120 ms lesen  63839 ms rechnen
2026-09-10T20:34:40.607Z  TRV/2025        roh          88605 reg. Kerzen      235/0/0 von 250  Tagen gewertet (1m/5m/15m)     5306 Signale  123 ms lesen  68818 ms rechnen
2026-09-10T20:35:36.119Z  TRV/2026        roh          63945 reg. Kerzen      166/0/0 von 166  Tagen gewertet (1m/5m/15m)     3891 Signale  98 ms lesen  55153 ms rechnen
2026-09-10T20:36:30.393Z  TSE/2016        roh          82166 reg. Kerzen      181/0/0 von 252  Tagen gewertet (1m/5m/15m)     4983 Signale  107 ms lesen  53998 ms rechnen
2026-09-10T20:37:10.617Z  TSE/2017        roh          77856 reg. Kerzen      142/0/0 von 251  Tagen gewertet (1m/5m/15m)     3691 Signale  92 ms lesen  39891 ms rechnen
2026-09-10T20:37:31.348Z  TSE/2018        roh          69864 reg. Kerzen       69/0/0 von 251  Tagen gewertet (1m/5m/15m)     2033 Signale  91 ms lesen  20411 ms rechnen
2026-09-10T20:37:51.683Z  TSE/2019        roh          72471 reg. Kerzen       66/0/0 von 252  Tagen gewertet (1m/5m/15m)     1888 Signale  105 ms lesen  20046 ms rechnen
2026-09-10T20:38:36.103Z  TSE/2020        roh          78940 reg. Kerzen      139/0/0 von 253  Tagen gewertet (1m/5m/15m)     4289 Signale  97 ms lesen  44130 ms rechnen
2026-09-10T20:38:48.735Z  TSE/2021        roh          66220 reg. Kerzen       38/0/0 von 252  Tagen gewertet (1m/5m/15m)     1151 Signale  658 ms lesen  11791 ms rechnen
2026-09-10T20:39:11.399Z  TSE/2022        roh          71302 reg. Kerzen       73/0/0 von 251  Tagen gewertet (1m/5m/15m)     2228 Signale  108 ms lesen  22352 ms rechnen
2026-09-10T20:39:19.042Z  TSE/2023        roh          67014 reg. Kerzen       22/0/0 von 250  Tagen gewertet (1m/5m/15m)      671 Signale  84 ms lesen  7372 ms rechnen
2026-09-10T20:39:19.669Z  TSE/2024        roh          60823 reg. Kerzen        0/0/0 von 252  Tagen gewertet (1m/5m/15m)        0 Signale  91 ms lesen  326 ms rechnen
2026-09-10T20:39:21.467Z  CHECKPOINT 5000 Dateien, 1729 min, Detektorfehler {}
2026-09-10T20:39:21.886Z  TSE/2025        roh          54957 reg. Kerzen        0/0/0 von 250  Tagen gewertet (1m/5m/15m)        0 Signale  84 ms lesen  334 ms rechnen
2026-09-10T20:39:22.151Z  TSE/2026        roh           9851 reg. Kerzen        0/0/0 von 39   Tagen gewertet (1m/5m/15m)        0 Signale  25 ms lesen  73 ms rechnen
2026-09-10T20:40:43.114Z  TSO/2016        roh          97154 reg. Kerzen      232/0/0 von 252  Tagen gewertet (1m/5m/15m)     6485 Signale  120 ms lesen  80813 ms rechnen
2026-09-10T20:41:30.740Z  TSO/2017        roh          55463 reg. Kerzen      145/0/0 von 145  Tagen gewertet (1m/5m/15m)     3669 Signale  74 ms lesen  47266 ms rechnen
2026-09-10T20:42:22.261Z  TSU/2016        roh          84075 reg. Kerzen      172/0/0 von 252  Tagen gewertet (1m/5m/15m)     4922 Signale  113 ms lesen  51204 ms rechnen
2026-09-10T20:43:23.152Z  TSU/2017        roh          85146 reg. Kerzen      215/0/0 von 251  Tagen gewertet (1m/5m/15m)     5414 Signale  124 ms lesen  60564 ms rechnen
2026-09-10T20:44:38.985Z  TSU/2018        roh          90844 reg. Kerzen      246/0/0 von 251  Tagen gewertet (1m/5m/15m)     6707 Signale  118 ms lesen  75501 ms rechnen
2026-09-10T20:45:39.417Z  TSU/2019        roh          85120 reg. Kerzen      214/0/0 von 252  Tagen gewertet (1m/5m/15m)     5658 Signale  114 ms lesen  60055 ms rechnen
2026-09-10T20:46:42.744Z  TSU/2020        roh          71483 reg. Kerzen      194/0/0 von 197  Tagen gewertet (1m/5m/15m)     5675 Signale  123 ms lesen  62968 ms rechnen
2026-09-10T20:46:51.932Z  TTEK/2016       bereinigt    68492 reg. Kerzen       32/0/0 von 252  Tagen gewertet (1m/5m/15m)      803 Signale  106 ms lesen  8865 ms rechnen
2026-09-10T20:46:56.330Z  TTEK/2017       bereinigt    60348 reg. Kerzen       14/0/0 von 251  Tagen gewertet (1m/5m/15m)      353 Signale  106 ms lesen  4136 ms rechnen
2026-09-10T20:47:01.076Z  TTEK/2018       bereinigt    56763 reg. Kerzen       15/0/0 von 251  Tagen gewertet (1m/5m/15m)      414 Signale  93 ms lesen  4505 ms rechnen
2026-09-10T20:47:07.988Z  TTEK/2019       bereinigt    63952 reg. Kerzen       23/0/0 von 252  Tagen gewertet (1m/5m/15m)      609 Signale  102 ms lesen  6647 ms rechnen
2026-09-10T20:47:16.149Z  TTEK/2020       bereinigt    63463 reg. Kerzen       26/0/0 von 253  Tagen gewertet (1m/5m/15m)      797 Signale  109 ms lesen  7864 ms rechnen
2026-09-10T20:47:18.292Z  TTEK/2021       bereinigt    55585 reg. Kerzen        6/0/0 von 252  Tagen gewertet (1m/5m/15m)      176 Signale  96 ms lesen  1909 ms rechnen
2026-09-10T20:47:24.484Z  TTEK/2022       bereinigt    58440 reg. Kerzen       20/0/0 von 251  Tagen gewertet (1m/5m/15m)      594 Signale  247 ms lesen  5792 ms rechnen
2026-09-10T20:47:26.868Z  TTEK/2023       bereinigt    50838 reg. Kerzen        8/0/0 von 250  Tagen gewertet (1m/5m/15m)      200 Signale  98 ms lesen  2124 ms rechnen
2026-09-10T20:47:50.638Z  TTEK/2024       bereinigt    59546 reg. Kerzen       81/0/0 von 252  Tagen gewertet (1m/5m/15m)     2048 Signale  95 ms lesen  23532 ms rechnen
2026-09-10T20:49:09.066Z  TTEK/2025       roh          92631 reg. Kerzen      246/0/0 von 250  Tagen gewertet (1m/5m/15m)     6347 Signale  117 ms lesen  78125 ms rechnen
2026-09-10T20:50:04.336Z  TTEK/2026       roh          62858 reg. Kerzen      166/0/0 von 166  Tagen gewertet (1m/5m/15m)     4576 Signale  104 ms lesen  54862 ms rechnen
2026-09-10T20:50:10.910Z  TU/2016         bereinigt    66532 reg. Kerzen       23/0/0 von 252  Tagen gewertet (1m/5m/15m)      528 Signale  94 ms lesen  6272 ms rechnen
2026-09-10T20:50:52.770Z  TU/2017         bereinigt    80096 reg. Kerzen      164/0/0 von 251  Tagen gewertet (1m/5m/15m)     3397 Signale  96 ms lesen  41604 ms rechnen
2026-09-10T20:51:45.811Z  TU/2018         bereinigt    83090 reg. Kerzen      198/0/0 von 251  Tagen gewertet (1m/5m/15m)     4194 Signale  111 ms lesen  52704 ms rechnen
2026-09-10T20:52:40.213Z  TU/2019         bereinigt    82868 reg. Kerzen      210/0/0 von 252  Tagen gewertet (1m/5m/15m)     4196 Signale  129 ms lesen  54052 ms rechnen
2026-09-10T20:53:55.371Z  TU/2020         bereinigt    90907 reg. Kerzen      244/0/0 von 253  Tagen gewertet (1m/5m/15m)     5822 Signale  117 ms lesen  74816 ms rechnen
2026-09-10T20:55:01.740Z  TU/2021         roh          86851 reg. Kerzen      234/0/0 von 252  Tagen gewertet (1m/5m/15m)     4808 Signale  117 ms lesen  66030 ms rechnen
2026-09-10T20:56:17.706Z  TU/2022         roh          92545 reg. Kerzen      247/0/0 von 251  Tagen gewertet (1m/5m/15m)     5673 Signale  155 ms lesen  75574 ms rechnen
2026-09-10T20:57:31.591Z  TU/2023         roh          91217 reg. Kerzen      248/0/0 von 250  Tagen gewertet (1m/5m/15m)     5591 Signale  120 ms lesen  73505 ms rechnen
2026-09-10T20:58:46.292Z  TU/2024         roh          91559 reg. Kerzen      251/0/0 von 252  Tagen gewertet (1m/5m/15m)     5727 Signale  108 ms lesen  74354 ms rechnen
2026-09-10T21:00:02.710Z  TU/2025         roh          91547 reg. Kerzen      249/0/0 von 250  Tagen gewertet (1m/5m/15m)     5534 Signale  118 ms lesen  76053 ms rechnen
2026-09-10T21:00:55.462Z  TU/2026         roh          62451 reg. Kerzen      166/0/0 von 166  Tagen gewertet (1m/5m/15m)     4074 Signale  102 ms lesen  52435 ms rechnen
2026-09-10T21:00:55.712Z  TURN/2017       bereinigt     9356 reg. Kerzen        0/0/0 von 194  Tagen gewertet (1m/5m/15m)        0 Signale  30 ms lesen  37 ms rechnen
2026-09-10T21:00:55.812Z  TURN/2018       bereinigt    11158 reg. Kerzen        0/0/0 von 250  Tagen gewertet (1m/5m/15m)        0 Signale  22 ms lesen  53 ms rechnen
2026-09-10T21:00:55.914Z  TURN/2019       bereinigt     7220 reg. Kerzen        0/0/0 von 252  Tagen gewertet (1m/5m/15m)        0 Signale  21 ms lesen  54 ms rechnen
2026-09-10T21:00:56.027Z  TURN/2020       bereinigt    10478 reg. Kerzen        0/0/0 von 253  Tagen gewertet (1m/5m/15m)        0 Signale  28 ms lesen  60 ms rechnen
2026-09-10T21:00:56.139Z  TURN/2021       roh           8498 reg. Kerzen        0/0/0 von 252  Tagen gewertet (1m/5m/15m)        0 Signale  19 ms lesen  64 ms rechnen
2026-09-10T21:00:56.205Z  TURN/2022       roh           3812 reg. Kerzen        0/0/0 von 250  Tagen gewertet (1m/5m/15m)        0 Signale  12 ms lesen  23 ms rechnen
2026-09-10T21:00:56.272Z  TURN/2023       roh           3939 reg. Kerzen        0/0/0 von 248  Tagen gewertet (1m/5m/15m)        0 Signale  21 ms lesen  31 ms rechnen
2026-09-10T21:00:56.338Z  TURN/2024       roh           4855 reg. Kerzen        0/0/0 von 252  Tagen gewertet (1m/5m/15m)        0 Signale  20 ms lesen  31 ms rechnen
2026-09-10T21:00:56.408Z  TURN/2025       roh           4564 reg. Kerzen        0/0/0 von 174  Tagen gewertet (1m/5m/15m)        0 Signale  23 ms lesen  30 ms rechnen
2026-09-10T21:01:19.270Z  TWC/2016        roh          35466 reg. Kerzen       74/0/0 von 94   Tagen gewertet (1m/5m/15m)     1720 Signale  58 ms lesen  22792 ms rechnen
2026-09-10T21:01:19.382Z  TWNI/2021       roh           2556 reg. Kerzen        0/0/0 von 147  Tagen gewertet (1m/5m/15m)        0 Signale  18 ms lesen  16 ms rechnen
2026-09-10T21:01:19.416Z  TWNI/2022       roh           2017 reg. Kerzen        0/0/0 von 226  Tagen gewertet (1m/5m/15m)        0 Signale  10 ms lesen  15 ms rechnen
2026-09-10T21:01:19.437Z  TWNI/2023       roh            554 reg. Kerzen        0/0/0 von 53   Tagen gewertet (1m/5m/15m)        0 Signale  10 ms lesen  6 ms rechnen
2026-09-10T21:01:19.517Z  TWST/2018       roh           7987 reg. Kerzen        0/0/0 von 41   Tagen gewertet (1m/5m/15m)        0 Signale  27 ms lesen  50 ms rechnen
2026-09-10T21:01:21.858Z  TWST/2019       roh          47883 reg. Kerzen        7/0/0 von 252  Tagen gewertet (1m/5m/15m)      230 Signale  62 ms lesen  2257 ms rechnen
2026-09-10T21:01:56.814Z  TWST/2020       roh          75934 reg. Kerzen      110/0/0 von 253  Tagen gewertet (1m/5m/15m)     3459 Signale  117 ms lesen  34711 ms rechnen
2026-09-10T21:02:46.804Z  TWST/2021       roh          80008 reg. Kerzen      150/0/0 von 252  Tagen gewertet (1m/5m/15m)     4775 Signale  101 ms lesen  49706 ms rechnen
2026-09-10T21:04:13.819Z  TWST/2022       roh          90123 reg. Kerzen      241/0/0 von 251  Tagen gewertet (1m/5m/15m)     7817 Signale  108 ms lesen  86695 ms rechnen
2026-09-10T21:05:41.025Z  TWST/2023       roh          90804 reg. Kerzen      248/0/0 von 250  Tagen gewertet (1m/5m/15m)     7834 Signale  124 ms lesen  86808 ms rechnen
2026-09-10T21:06:46.418Z  TWST/2024       roh          85005 reg. Kerzen      198/0/0 von 252  Tagen gewertet (1m/5m/15m)     6179 Signale  234 ms lesen  64906 ms rechnen
2026-09-10T21:08:03.738Z  TWST/2025       roh          87133 reg. Kerzen      228/0/0 von 250  Tagen gewertet (1m/5m/15m)     7208 Signale  145 ms lesen  76911 ms rechnen
2026-09-10T21:08:53.382Z  TWST/2026       roh          57504 reg. Kerzen      146/0/0 von 166  Tagen gewertet (1m/5m/15m)     4574 Signale  83 ms lesen  49305 ms rechnen
2026-09-10T21:09:54.416Z  TXRH/2016       roh          87840 reg. Kerzen      212/0/0 von 252  Tagen gewertet (1m/5m/15m)     5137 Signale  121 ms lesen  60719 ms rechnen
2026-09-10T21:10:40.008Z  TXRH/2017       roh          80991 reg. Kerzen      159/0/0 von 251  Tagen gewertet (1m/5m/15m)     3907 Signale  677 ms lesen  44686 ms rechnen
2026-09-10T21:11:39.858Z  TXRH/2018       roh          83895 reg. Kerzen      208/0/0 von 251  Tagen gewertet (1m/5m/15m)     5266 Signale  112 ms lesen  59548 ms rechnen
2026-09-10T21:12:49.715Z  TXRH/2019       roh          89115 reg. Kerzen      236/0/0 von 252  Tagen gewertet (1m/5m/15m)     5956 Signale  111 ms lesen  69531 ms rechnen
2026-09-10T21:14:11.416Z  TXRH/2020       roh          92302 reg. Kerzen      243/0/0 von 253  Tagen gewertet (1m/5m/15m)     7130 Signale  118 ms lesen  81354 ms rechnen
2026-09-10T21:15:17.800Z  TXRH/2021       roh          86162 reg. Kerzen      224/0/0 von 252  Tagen gewertet (1m/5m/15m)     6164 Signale  118 ms lesen  66043 ms rechnen
2026-09-10T21:16:36.333Z  TXRH/2022       roh          90437 reg. Kerzen      244/0/0 von 251  Tagen gewertet (1m/5m/15m)     6767 Signale  113 ms lesen  78203 ms rechnen
2026-09-10T21:17:44.390Z  TXRH/2023       roh          87859 reg. Kerzen      233/0/0 von 250  Tagen gewertet (1m/5m/15m)     5591 Signale  114 ms lesen  67731 ms rechnen
2026-09-10T21:18:28.447Z  TXRH/2024       roh          80697 reg. Kerzen      158/0/0 von 252  Tagen gewertet (1m/5m/15m)     3719 Signale  134 ms lesen  43651 ms rechnen
2026-09-10T21:19:24.920Z  TXRH/2025       roh          84183 reg. Kerzen      194/0/0 von 250  Tagen gewertet (1m/5m/15m)     4888 Signale  133 ms lesen  56118 ms rechnen
2026-09-10T21:19:53.776Z  TXRH/2026       roh          52829 reg. Kerzen      102/0/0 von 166  Tagen gewertet (1m/5m/15m)     2646 Signale  79 ms lesen  28524 ms rechnen
2026-09-10T21:19:53.962Z  TYME/2017       roh           8072 reg. Kerzen        0/0/0 von 107  Tagen gewertet (1m/5m/15m)        0 Signale  25 ms lesen  30 ms rechnen
2026-09-10T21:19:54.267Z  TYME/2018       roh          41483 reg. Kerzen        0/0/0 von 251  Tagen gewertet (1m/5m/15m)        0 Signale  53 ms lesen  235 ms rechnen
2026-09-10T21:19:54.784Z  TYME/2019       roh          56893 reg. Kerzen        0/0/0 von 252  Tagen gewertet (1m/5m/15m)        0 Signale  71 ms lesen  342 ms rechnen
2026-09-10T21:19:55.278Z  TYME/2020       roh          46664 reg. Kerzen        0/0/0 von 253  Tagen gewertet (1m/5m/15m)        0 Signale  61 ms lesen  298 ms rechnen
2026-09-10T21:20:10.745Z  TYME/2021       roh          83049 reg. Kerzen       38/0/0 von 252  Tagen gewertet (1m/5m/15m)     1323 Signale  126 ms lesen  15213 ms rechnen
2026-09-10T21:20:11.325Z  TYME/2022       roh          39858 reg. Kerzen        0/0/0 von 178  Tagen gewertet (1m/5m/15m)        0 Signale  69 ms lesen  259 ms rechnen
2026-09-10T21:21:30.366Z  UAL/2016        roh          98010 reg. Kerzen      232/0/0 von 252  Tagen gewertet (1m/5m/15m)     6072 Signale  137 ms lesen  78783 ms rechnen
2026-09-10T21:22:53.084Z  UAL/2017        roh          97238 reg. Kerzen      251/0/0 von 251  Tagen gewertet (1m/5m/15m)     6348 Signale  149 ms lesen  82314 ms rechnen
2026-09-10T21:24:17.837Z  UAL/2018        roh          97087 reg. Kerzen      251/0/0 von 251  Tagen gewertet (1m/5m/15m)     6427 Signale  133 ms lesen  84336 ms rechnen
2026-09-10T21:25:40.184Z  UAL/2019        roh          97073 reg. Kerzen      252/0/0 von 252  Tagen gewertet (1m/5m/15m)     6055 Signale  124 ms lesen  81980 ms rechnen
2026-09-10T21:27:14.584Z  UAL/2020        roh          98200 reg. Kerzen      253/0/0 von 253  Tagen gewertet (1m/5m/15m)     7834 Signale  214 ms lesen  93922 ms rechnen
2026-09-10T21:28:43.358Z  UAL/2021        roh          98099 reg. Kerzen      252/0/0 von 252  Tagen gewertet (1m/5m/15m)     7093 Signale  160 ms lesen  88318 ms rechnen
2026-09-10T21:30:14.263Z  UAL/2022        roh          97710 reg. Kerzen      251/0/0 von 251  Tagen gewertet (1m/5m/15m)     7371 Signale  181 ms lesen  90465 ms rechnen
2026-09-10T21:31:41.530Z  UAL/2023        roh          97133 reg. Kerzen      250/0/0 von 250  Tagen gewertet (1m/5m/15m)     6631 Signale  154 ms lesen  86834 ms rechnen
2026-09-10T21:33:07.140Z  UAL/2024        roh          97712 reg. Kerzen      252/0/0 von 252  Tagen gewertet (1m/5m/15m)     6861 Signale  148 ms lesen  85229 ms rechnen
2026-09-10T21:34:35.539Z  UAL/2025        roh          96844 reg. Kerzen      250/0/0 von 250  Tagen gewertet (1m/5m/15m)     7306 Signale  138 ms lesen  88012 ms rechnen
2026-09-10T21:35:33.988Z  UAL/2026        roh          64488 reg. Kerzen      166/0/0 von 166  Tagen gewertet (1m/5m/15m)     4792 Signale  97 ms lesen  58092 ms rechnen
2026-09-10T21:35:34.220Z  UBP/2016        roh           1546 reg. Kerzen        0/0/0 von 209  Tagen gewertet (1m/5m/15m)        0 Signale  19 ms lesen  11 ms rechnen
2026-09-10T21:35:34.254Z  UBP/2017        roh           1908 reg. Kerzen        0/0/0 von 231  Tagen gewertet (1m/5m/15m)        0 Signale  18 ms lesen  10 ms rechnen
2026-09-10T21:35:34.294Z  UBP/2018        roh           2082 reg. Kerzen        0/0/0 von 243  Tagen gewertet (1m/5m/15m)        0 Signale  17 ms lesen  18 ms rechnen
2026-09-10T21:35:34.330Z  UBP/2019        roh           1724 reg. Kerzen        0/0/0 von 241  Tagen gewertet (1m/5m/15m)        0 Signale  18 ms lesen  9 ms rechnen
2026-09-10T21:35:34.380Z  UBP/2020        roh           3191 reg. Kerzen        0/0/0 von 247  Tagen gewertet (1m/5m/15m)        0 Signale  20 ms lesen  25 ms rechnen
2026-09-10T21:35:34.419Z  UBP/2021        roh           2757 reg. Kerzen        0/0/0 von 250  Tagen gewertet (1m/5m/15m)        0 Signale  10 ms lesen  16 ms rechnen
2026-09-10T21:35:34.460Z  UBP/2022        roh           2031 reg. Kerzen        0/0/0 von 247  Tagen gewertet (1m/5m/15m)        0 Signale  16 ms lesen  16 ms rechnen
2026-09-10T21:35:34.486Z  UBP/2023        roh           1528 reg. Kerzen        0/0/0 von 150  Tagen gewertet (1m/5m/15m)        0 Signale  9 ms lesen  12 ms rechnen
2026-09-10T21:35:58.857Z  UCBI/2016       roh          75205 reg. Kerzen       89/0/0 von 252  Tagen gewertet (1m/5m/15m)     2205 Signale  156 ms lesen  24195 ms rechnen
2026-09-10T21:36:08.113Z  UCBI/2017       roh          66924 reg. Kerzen       32/0/0 von 251  Tagen gewertet (1m/5m/15m)      834 Signale  89 ms lesen  8994 ms rechnen
2026-09-10T21:36:32.574Z  UCBI/2018       roh          73871 reg. Kerzen       91/0/0 von 251  Tagen gewertet (1m/5m/15m)     2337 Signale  99 ms lesen  24182 ms rechnen
2026-09-10T21:36:43.895Z  UCBI/2019       roh          68185 reg. Kerzen       39/0/0 von 252  Tagen gewertet (1m/5m/15m)     1022 Signale  101 ms lesen  11004 ms rechnen
2026-09-10T21:37:15.487Z  UCBI/2020       roh          73649 reg. Kerzen      104/0/0 von 253  Tagen gewertet (1m/5m/15m)     3093 Signale  99 ms lesen  31327 ms rechnen
2026-09-10T21:37:24.859Z  UCBI/2021       roh          66074 reg. Kerzen       33/0/0 von 252  Tagen gewertet (1m/5m/15m)      915 Signale  93 ms lesen  9068 ms rechnen
2026-09-10T21:37:54.141Z  UCBI/2022       roh          74826 reg. Kerzen      106/0/0 von 251  Tagen gewertet (1m/5m/15m)     2877 Signale  103 ms lesen  29005 ms rechnen
2026-09-10T21:38:22.142Z  UCBI/2023       roh          74772 reg. Kerzen       96/0/0 von 250  Tagen gewertet (1m/5m/15m)     2583 Signale  104 ms lesen  27695 ms rechnen
2026-09-10T21:38:31.377Z  UCBI/2024       roh          41009 reg. Kerzen       33/0/0 von 149  Tagen gewertet (1m/5m/15m)      875 Signale  61 ms lesen  8977 ms rechnen
2026-09-10T21:38:31.934Z  UEC/2016        roh          58048 reg. Kerzen        0/0/0 von 252  Tagen gewertet (1m/5m/15m)        0 Signale  80 ms lesen  347 ms rechnen
2026-09-10T21:38:36.148Z  UEC/2017        roh          80627 reg. Kerzen       10/0/0 von 251  Tagen gewertet (1m/5m/15m)      311 Signale  104 ms lesen  3966 ms rechnen
2026-09-10T21:38:36.965Z  UEC/2018        roh          71474 reg. Kerzen        0/0/0 von 251  Tagen gewertet (1m/5m/15m)        0 Signale  98 ms lesen  517 ms rechnen
2026-09-10T21:38:37.723Z  UEC/2019        roh          72017 reg. Kerzen        0/0/0 von 252  Tagen gewertet (1m/5m/15m)        0 Signale  88 ms lesen  494 ms rechnen
2026-09-10T21:38:40.474Z  UEC/2020        roh          75160 reg. Kerzen        6/0/0 von 253  Tagen gewertet (1m/5m/15m)      183 Signale  99 ms lesen  2450 ms rechnen
2026-09-10T21:40:20.474Z  UEC/2021        roh          95997 reg. Kerzen      252/0/0 von 252  Tagen gewertet (1m/5m/15m)     8432 Signale  172 ms lesen  99625 ms rechnen
2026-09-10T21:42:01.251Z  UEC/2022        roh          97469 reg. Kerzen      251/0/0 von 251  Tagen gewertet (1m/5m/15m)     8320 Signale  151 ms lesen  100345 ms rechnen
2026-09-10T21:43:35.548Z  UEC/2023        roh          96543 reg. Kerzen      250/0/0 von 250  Tagen gewertet (1m/5m/15m)     7894 Signale  139 ms lesen  93892 ms rechnen
2026-09-10T21:45:09.039Z  UEC/2024        roh          97527 reg. Kerzen      252/0/0 von 252  Tagen gewertet (1m/5m/15m)     7889 Signale  256 ms lesen  92978 ms rechnen
2026-09-10T21:46:42.452Z  UEC/2025        roh          96845 reg. Kerzen      250/0/0 von 250  Tagen gewertet (1m/5m/15m)     8070 Signale  212 ms lesen  92944 ms rechnen
2026-09-10T21:47:46.726Z  UEC/2026        roh          64735 reg. Kerzen      166/0/0 von 166  Tagen gewertet (1m/5m/15m)     5381 Signale  109 ms lesen  63862 ms rechnen
2026-09-10T21:47:46.988Z  UHG/2023        roh           6539 reg. Kerzen        0/0/0 von 188  Tagen gewertet (1m/5m/15m)        0 Signale  29 ms lesen  35 ms rechnen
2026-09-10T21:47:47.075Z  UHG/2024        roh           6208 reg. Kerzen        0/0/0 von 252  Tagen gewertet (1m/5m/15m)        0 Signale  22 ms lesen  42 ms rechnen
2026-09-10T21:47:47.257Z  UHG/2025        roh          25935 reg. Kerzen        0/0/0 von 250  Tagen gewertet (1m/5m/15m)        0 Signale  35 ms lesen  135 ms rechnen
2026-09-10T21:47:47.408Z  UHG/2026        roh           7175 reg. Kerzen        0/0/0 von 83   Tagen gewertet (1m/5m/15m)        0 Signale  18 ms lesen  43 ms rechnen
2026-09-10T21:47:47.502Z  ULY/2023        bereinigt     5092 reg. Kerzen        0/0/0 von 50   Tagen gewertet (1m/5m/15m)        0 Signale  30 ms lesen  35 ms rechnen
2026-09-10T21:47:47.656Z  ULY/2024        bereinigt    10996 reg. Kerzen        0/0/0 von 251  Tagen gewertet (1m/5m/15m)        0 Signale  50 ms lesen  86 ms rechnen
2026-09-10T21:47:47.831Z  ULY/2025        bereinigt    15884 reg. Kerzen        0/0/0 von 250  Tagen gewertet (1m/5m/15m)        0 Signale  38 ms lesen  108 ms rechnen
2026-09-10T21:47:47.926Z  ULY/2026        roh           4105 reg. Kerzen        0/0/0 von 51   Tagen gewertet (1m/5m/15m)        0 Signale  19 ms lesen  39 ms rechnen
2026-09-10T21:48:37.564Z  UNFI/2016       roh          83633 reg. Kerzen      170/0/0 von 252  Tagen gewertet (1m/5m/15m)     4593 Signale  113 ms lesen  49507 ms rechnen
2026-09-10T21:49:23.958Z  UNFI/2017       roh          80201 reg. Kerzen      159/0/0 von 251  Tagen gewertet (1m/5m/15m)     4317 Signale  103 ms lesen  46104 ms rechnen
2026-09-10T21:50:09.156Z  UNFI/2018       roh          79332 reg. Kerzen      144/0/0 von 251  Tagen gewertet (1m/5m/15m)     4152 Signale  103 ms lesen  44870 ms rechnen
2026-09-10T21:51:25.707Z  UNFI/2019       roh          87987 reg. Kerzen      237/0/0 von 252  Tagen gewertet (1m/5m/15m)     7255 Signale  114 ms lesen  76241 ms rechnen
2026-09-10T21:52:50.112Z  UNFI/2020       roh          91027 reg. Kerzen      242/0/0 von 253  Tagen gewertet (1m/5m/15m)     7849 Signale  123 ms lesen  84020 ms rechnen
2026-09-10T21:53:41.468Z  UNFI/2021       roh          80093 reg. Kerzen      156/0/0 von 252  Tagen gewertet (1m/5m/15m)     4965 Signale  101 ms lesen  51007 ms rechnen
2026-09-10T21:53:58.289Z  UNFI/2022       roh          67280 reg. Kerzen       53/0/0 von 251  Tagen gewertet (1m/5m/15m)     1607 Signale  107 ms lesen  16494 ms rechnen
2026-09-10T21:54:28.227Z  UNFI/2023       roh          74769 reg. Kerzen       95/0/0 von 250  Tagen gewertet (1m/5m/15m)     2774 Signale  95 ms lesen  29637 ms rechnen
2026-09-10T21:54:42.386Z  UNFI/2024       roh          69784 reg. Kerzen       46/0/0 von 252  Tagen gewertet (1m/5m/15m)     1364 Signale  100 ms lesen  13872 ms rechnen
2026-09-10T21:55:14.159Z  UNFI/2025       roh          75142 reg. Kerzen      105/0/0 von 250  Tagen gewertet (1m/5m/15m)     3133 Signale  105 ms lesen  31498 ms rechnen
2026-09-10T21:55:25.342Z  UNFI/2026       roh          44516 reg. Kerzen       36/0/0 von 166  Tagen gewertet (1m/5m/15m)     1091 Signale  70 ms lesen  10935 ms rechnen
2026-09-10T21:55:25.781Z  UNXL/2016       roh          40393 reg. Kerzen        0/0/0 von 252  Tagen gewertet (1m/5m/15m)        0 Signale  64 ms lesen  228 ms rechnen
2026-09-10T21:55:26.175Z  UNXL/2017       roh          36655 reg. Kerzen        0/0/0 von 174  Tagen gewertet (1m/5m/15m)        0 Signale  54 ms lesen  248 ms rechnen
2026-09-10T21:55:29.108Z  UPWK/2018       roh          16057 reg. Kerzen        8/0/0 von 61   Tagen gewertet (1m/5m/15m)      265 Signale  26 ms lesen  2803 ms rechnen
2026-09-10T21:56:17.192Z  UPWK/2019       roh          77683 reg. Kerzen      157/0/0 von 252  Tagen gewertet (1m/5m/15m)     4636 Signale  100 ms lesen  47932 ms rechnen
2026-09-10T21:57:46.924Z  UPWK/2020       roh          94897 reg. Kerzen      253/0/0 von 253  Tagen gewertet (1m/5m/15m)     8086 Signale  141 ms lesen  89335 ms rechnen
2026-09-10T21:59:17.928Z  UPWK/2021       roh          94557 reg. Kerzen      251/0/0 von 252  Tagen gewertet (1m/5m/15m)     7815 Signale  135 ms lesen  90593 ms rechnen
2026-09-10T22:00:49.929Z  UPWK/2022       roh          94284 reg. Kerzen      251/0/0 von 251  Tagen gewertet (1m/5m/15m)     7823 Signale  128 ms lesen  91637 ms rechnen
2026-09-10T22:02:15.983Z  UPWK/2023       roh          92584 reg. Kerzen      250/0/0 von 250  Tagen gewertet (1m/5m/15m)     7591 Signale  133 ms lesen  85633 ms rechnen
2026-09-10T22:03:38.756Z  UPWK/2024       roh          93078 reg. Kerzen      250/0/0 von 252  Tagen gewertet (1m/5m/15m)     7268 Signale  140 ms lesen  82367 ms rechnen
2026-09-10T22:05:03.733Z  UPWK/2025       roh          93727 reg. Kerzen      249/0/0 von 250  Tagen gewertet (1m/5m/15m)     7259 Signale  145 ms lesen  84546 ms rechnen
2026-09-10T22:06:02.806Z  UPWK/2026       roh          63280 reg. Kerzen      166/0/0 von 166  Tagen gewertet (1m/5m/15m)     5103 Signale  86 ms lesen  58735 ms rechnen
2026-09-10T22:06:03.332Z  USAT/2016       roh          51752 reg. Kerzen        0/0/0 von 252  Tagen gewertet (1m/5m/15m)        0 Signale  70 ms lesen  283 ms rechnen
2026-09-10T22:06:04.349Z  USAT/2017       roh          49154 reg. Kerzen        2/0/0 von 251  Tagen gewertet (1m/5m/15m)       65 Signale  64 ms lesen  842 ms rechnen
2026-09-10T22:06:23.475Z  USAT/2018       roh          71663 reg. Kerzen       56/0/0 von 251  Tagen gewertet (1m/5m/15m)     1798 Signale  87 ms lesen  18926 ms rechnen
2026-09-10T22:06:44.124Z  USAT/2019       roh          60585 reg. Kerzen       59/0/0 von 185  Tagen gewertet (1m/5m/15m)     1861 Signale  84 ms lesen  20351 ms rechnen
2026-09-10T22:06:44.561Z  USAT/2020       roh           6480 reg. Kerzen        1/0/0 von 29   Tagen gewertet (1m/5m/15m)       14 Signale  21 ms lesen  240 ms rechnen
2026-09-10T22:06:44.683Z  USAT/2021       roh          15031 reg. Kerzen        0/0/0 von 72   Tagen gewertet (1m/5m/15m)        0 Signale  29 ms lesen  72 ms rechnen
2026-09-10T22:06:44.970Z  USM/2016        roh          33984 reg. Kerzen        0/0/0 von 252  Tagen gewertet (1m/5m/15m)        0 Signale  56 ms lesen  185 ms rechnen
2026-09-10T22:06:45.321Z  USM/2017        roh          37293 reg. Kerzen        0/0/0 von 251  Tagen gewertet (1m/5m/15m)        0 Signale  58 ms lesen  195 ms rechnen
2026-09-10T22:06:45.705Z  USM/2018        roh          42866 reg. Kerzen        0/0/0 von 251  Tagen gewertet (1m/5m/15m)        0 Signale  59 ms lesen  237 ms rechnen
2026-09-10T22:06:49.245Z  USM/2019        roh          53435 reg. Kerzen       10/0/0 von 252  Tagen gewertet (1m/5m/15m)      297 Signale  74 ms lesen  3330 ms rechnen
2026-09-10T22:06:50.424Z  USM/2020        roh          47338 reg. Kerzen        2/0/0 von 253  Tagen gewertet (1m/5m/15m)       57 Signale  74 ms lesen  943 ms rechnen
2026-09-10T22:06:50.810Z  USM/2021        roh          38030 reg. Kerzen        0/0/0 von 252  Tagen gewertet (1m/5m/15m)        0 Signale  55 ms lesen  209 ms rechnen
2026-09-10T22:06:51.188Z  USM/2022        roh          35299 reg. Kerzen        0/0/0 von 250  Tagen gewertet (1m/5m/15m)        0 Signale  59 ms lesen  200 ms rechnen
2026-09-10T22:06:53.463Z  USM/2023        roh          54469 reg. Kerzen        6/0/0 von 250  Tagen gewertet (1m/5m/15m)      169 Signale  78 ms lesen  2086 ms rechnen
2026-09-10T22:06:55.184Z  USM/2024        roh          39683 reg. Kerzen        4/0/0 von 252  Tagen gewertet (1m/5m/15m)      118 Signale  58 ms lesen  1498 ms rechnen
2026-09-10T22:06:55.737Z  USM/2025        roh          23605 reg. Kerzen        1/0/0 von 151  Tagen gewertet (1m/5m/15m)       27 Signale  42 ms lesen  426 ms rechnen
2026-09-10T22:08:10.753Z  UTX/2016        bereinigt    97975 reg. Kerzen      232/0/0 von 252  Tagen gewertet (1m/5m/15m)     5113 Signale  213 ms lesen  74717 ms rechnen
2026-09-10T22:09:29.973Z  UTX/2017        bereinigt    97226 reg. Kerzen      251/0/0 von 251  Tagen gewertet (1m/5m/15m)     5334 Signale  122 ms lesen  78814 ms rechnen
2026-09-10T22:10:51.384Z  UTX/2018        bereinigt    97296 reg. Kerzen      251/0/0 von 251  Tagen gewertet (1m/5m/15m)     6052 Signale  139 ms lesen  81042 ms rechnen
2026-09-10T22:12:13.385Z  UTX/2019        bereinigt    97554 reg. Kerzen      252/0/0 von 252  Tagen gewertet (1m/5m/15m)     5724 Signale  175 ms lesen  81551 ms rechnen
2026-09-10T22:12:35.839Z  UTX/2020        bereinigt    24894 reg. Kerzen       64/0/0 von 64   Tagen gewertet (1m/5m/15m)     1748 Signale  52 ms lesen  22137 ms rechnen
2026-09-10T22:12:46.169Z  VAC/2016        roh          65045 reg. Kerzen       36/0/0 von 252  Tagen gewertet (1m/5m/15m)      984 Signale  75 ms lesen  10184 ms rechnen
2026-09-10T22:12:48.601Z  VAC/2017        roh          51202 reg. Kerzen        7/0/0 von 251  Tagen gewertet (1m/5m/15m)      199 Signale  84 ms lesen  2163 ms rechnen
2026-09-10T22:13:11.062Z  VAC/2018        roh          64166 reg. Kerzen       78/0/0 von 251  Tagen gewertet (1m/5m/15m)     2269 Signale  98 ms lesen  22218 ms rechnen
2026-09-10T22:13:23.789Z  VAC/2019        roh          68451 reg. Kerzen       44/0/0 von 252  Tagen gewertet (1m/5m/15m)     1209 Signale  104 ms lesen  12439 ms rechnen
2026-09-10T22:13:50.433Z  VAC/2020        roh          70120 reg. Kerzen       78/0/0 von 253  Tagen gewertet (1m/5m/15m)     2432 Signale  105 ms lesen  26340 ms rechnen
2026-09-10T22:14:00.094Z  VAC/2021        roh          63286 reg. Kerzen       31/0/0 von 252  Tagen gewertet (1m/5m/15m)      914 Signale  90 ms lesen  9370 ms rechnen
2026-09-10T22:14:10.008Z  VAC/2022        roh          64455 reg. Kerzen       33/0/0 von 251  Tagen gewertet (1m/5m/15m)      945 Signale  92 ms lesen  9649 ms rechnen
2026-09-10T22:14:21.651Z  VAC/2023        roh          64254 reg. Kerzen       40/0/0 von 250  Tagen gewertet (1m/5m/15m)     1078 Signale  90 ms lesen  11372 ms rechnen
2026-09-10T22:14:28.226Z  VAC/2024        roh          61122 reg. Kerzen       21/0/0 von 252  Tagen gewertet (1m/5m/15m)      598 Signale  103 ms lesen  6264 ms rechnen
2026-09-10T22:14:39.120Z  VAC/2025        roh          62396 reg. Kerzen       35/0/0 von 250  Tagen gewertet (1m/5m/15m)     1014 Signale  79 ms lesen  10635 ms rechnen
2026-09-10T22:14:42.918Z  VAC/2026        roh          40225 reg. Kerzen       11/0/0 von 166  Tagen gewertet (1m/5m/15m)      323 Signale  54 ms lesen  3565 ms rechnen
2026-09-10T22:14:43.100Z  VAQC/2021       roh           8158 reg. Kerzen        0/0/0 von 202  Tagen gewertet (1m/5m/15m)        0 Signale  33 ms lesen  39 ms rechnen
2026-09-10T22:14:43.166Z  VAQC/2022       roh           3581 reg. Kerzen        0/0/0 von 227  Tagen gewertet (1m/5m/15m)        0 Signale  12 ms lesen  27 ms rechnen
2026-09-10T22:14:43.200Z  VAQC/2023       roh            630 reg. Kerzen        0/0/0 von 127  Tagen gewertet (1m/5m/15m)        0 Signale  14 ms lesen  7 ms rechnen
2026-09-10T22:14:43.217Z  VAQC/2024       roh            116 reg. Kerzen        0/0/0 von 25   Tagen gewertet (1m/5m/15m)        0 Signale  14 ms lesen  1 ms rechnen
2026-09-10T22:14:43.234Z  VBOC/2022       roh            336 reg. Kerzen        0/0/0 von 96   Tagen gewertet (1m/5m/15m)        0 Signale  11 ms lesen  4 ms rechnen
2026-09-10T22:14:43.248Z  VBOC/2023       roh            389 reg. Kerzen        0/0/0 von 86   Tagen gewertet (1m/5m/15m)        0 Signale  9 ms lesen  4 ms rechnen
2026-09-10T22:14:43.632Z  VCRA/2016       roh          53423 reg. Kerzen        0/0/0 von 252  Tagen gewertet (1m/5m/15m)        0 Signale  81 ms lesen  300 ms rechnen
2026-09-10T22:14:44.093Z  VCRA/2017       roh          50600 reg. Kerzen        0/0/0 von 251  Tagen gewertet (1m/5m/15m)        0 Signale  69 ms lesen  269 ms rechnen
2026-09-10T22:14:46.727Z  VCRA/2018       roh          55849 reg. Kerzen        8/0/0 von 251  Tagen gewertet (1m/5m/15m)      213 Signale  86 ms lesen  2416 ms rechnen
2026-09-10T22:14:58.774Z  VCRA/2019       roh          66294 reg. Kerzen       37/0/0 von 252  Tagen gewertet (1m/5m/15m)     1111 Signale  102 ms lesen  11775 ms rechnen
2026-09-10T22:15:10.045Z  VCRA/2020       roh          64795 reg. Kerzen       34/0/0 von 253  Tagen gewertet (1m/5m/15m)     1084 Signale  101 ms lesen  11000 ms rechnen
2026-09-10T22:15:15.417Z  VCRA/2021       roh          55234 reg. Kerzen       16/0/0 von 252  Tagen gewertet (1m/5m/15m)      477 Signale  64 ms lesen  5128 ms rechnen
2026-09-10T22:15:25.667Z  VCRA/2022       roh          12201 reg. Kerzen       30/0/0 von 35   Tagen gewertet (1m/5m/15m)      484 Signale  33 ms lesen  10087 ms rechnen
2026-09-10T22:15:25.878Z  VDTH/2016       roh          27556 reg. Kerzen        0/0/0 von 252  Tagen gewertet (1m/5m/15m)        0 Signale  46 ms lesen  134 ms rechnen
2026-09-10T22:15:26.067Z  VDTH/2017       roh          15864 reg. Kerzen        0/0/0 von 251  Tagen gewertet (1m/5m/15m)        0 Signale  23 ms lesen  82 ms rechnen
2026-09-10T22:15:26.153Z  VDTH/2018       roh           3362 reg. Kerzen        0/0/0 von 69   Tagen gewertet (1m/5m/15m)        0 Signale  17 ms lesen  24 ms rechnen
2026-09-10T22:15:26.254Z  VENA/2021       roh           3150 reg. Kerzen        0/0/0 von 177  Tagen gewertet (1m/5m/15m)        0 Signale  69 ms lesen  14 ms rechnen
2026-09-10T22:15:26.313Z  VENA/2022       roh           5290 reg. Kerzen        0/0/0 von 235  Tagen gewertet (1m/5m/15m)        0 Signale  24 ms lesen  24 ms rechnen
2026-09-10T22:15:26.666Z  VET/2016        roh          50886 reg. Kerzen        0/0/0 von 252  Tagen gewertet (1m/5m/15m)        0 Signale  67 ms lesen  264 ms rechnen
2026-09-10T22:15:28.055Z  VET/2017        roh          55891 reg. Kerzen        3/0/0 von 251  Tagen gewertet (1m/5m/15m)       87 Signale  89 ms lesen  1154 ms rechnen
2026-09-10T22:15:41.278Z  VET/2018        roh          64419 reg. Kerzen       46/0/0 von 251  Tagen gewertet (1m/5m/15m)     1357 Signale  84 ms lesen  12993 ms rechnen
2026-09-10T22:16:40.115Z  VET/2019        roh          84508 reg. Kerzen      196/0/0 von 252  Tagen gewertet (1m/5m/15m)     5414 Signale  117 ms lesen  58533 ms rechnen
2026-09-10T22:17:38.542Z  VET/2020        roh          87743 reg. Kerzen      164/0/0 von 253  Tagen gewertet (1m/5m/15m)     5117 Signale  113 ms lesen  58096 ms rechnen
2026-09-10T22:19:05.671Z  VET/2021        roh          92630 reg. Kerzen      250/0/0 von 252  Tagen gewertet (1m/5m/15m)     7651 Signale  126 ms lesen  86752 ms rechnen
2026-09-10T22:20:38.304Z  VET/2022        roh          96297 reg. Kerzen      249/0/0 von 251  Tagen gewertet (1m/5m/15m)     7831 Signale  140 ms lesen  92258 ms rechnen
2026-09-10T22:21:58.144Z  VET/2023        roh          90417 reg. Kerzen      248/0/0 von 250  Tagen gewertet (1m/5m/15m)     7080 Signale  142 ms lesen  79476 ms rechnen
2026-09-10T22:23:01.170Z  VET/2024        roh          84988 reg. Kerzen      216/0/0 von 252  Tagen gewertet (1m/5m/15m)     5831 Signale  121 ms lesen  62674 ms rechnen
2026-09-10T22:23:49.587Z  VET/2025        roh          80480 reg. Kerzen      164/0/0 von 250  Tagen gewertet (1m/5m/15m)     4658 Signale  120 ms lesen  48075 ms rechnen
2026-09-10T22:24:38.595Z  VET/2026        roh          58674 reg. Kerzen      155/0/0 von 166  Tagen gewertet (1m/5m/15m)     4435 Signale  107 ms lesen  48700 ms rechnen
2026-09-10T22:24:40.584Z  CHECKPOINT 5200 Dateien, 1835 min, Detektorfehler {}
2026-09-10T22:24:40.635Z  VHAQ/2021       roh           3779 reg. Kerzen        0/0/0 von 198  Tagen gewertet (1m/5m/15m)        0 Signale  24 ms lesen  25 ms rechnen
2026-09-10T22:24:40.664Z  VHAQ/2022       roh           1523 reg. Kerzen        0/0/0 von 185  Tagen gewertet (1m/5m/15m)        0 Signale  10 ms lesen  10 ms rechnen
2026-09-10T22:24:40.688Z  VHAQ/2023       roh           1636 reg. Kerzen        0/0/0 von 171  Tagen gewertet (1m/5m/15m)        0 Signale  9 ms lesen  11 ms rechnen
2026-09-10T22:24:40.707Z  VHAQ/2024       roh            207 reg. Kerzen        0/0/0 von 24   Tagen gewertet (1m/5m/15m)        0 Signale  12 ms lesen  2 ms rechnen
2026-09-10T22:24:44.163Z  VIEW/2020       bereinigt     8106 reg. Kerzen       11/0/0 von 45   Tagen gewertet (1m/5m/15m)      310 Signale  33 ms lesen  3413 ms rechnen
2026-09-10T22:25:23.183Z  VIEW/2021       bereinigt    82010 reg. Kerzen      115/0/0 von 252  Tagen gewertet (1m/5m/15m)     3560 Signale  162 ms lesen  38838 ms rechnen
2026-09-10T22:25:27.107Z  VIEW/2022       bereinigt    78322 reg. Kerzen        9/0/0 von 251  Tagen gewertet (1m/5m/15m)      298 Signale  138 ms lesen  3617 ms rechnen
2026-09-10T22:25:27.794Z  VIEW/2023       bereinigt    49417 reg. Kerzen        0/0/0 von 250  Tagen gewertet (1m/5m/15m)        0 Signale  108 ms lesen  384 ms rechnen
2026-09-10T22:25:28.035Z  VIEW/2024       roh           6165 reg. Kerzen        0/0/0 von 65   Tagen gewertet (1m/5m/15m)        0 Signale  21 ms lesen  71 ms rechnen
2026-09-10T22:25:28.109Z  VIR/2019        roh           8744 reg. Kerzen        0/0/0 von 56   Tagen gewertet (1m/5m/15m)        0 Signale  18 ms lesen  39 ms rechnen
2026-09-10T22:26:34.272Z  VIR/2020        roh          83342 reg. Kerzen      190/0/0 von 253  Tagen gewertet (1m/5m/15m)     6189 Signale  108 ms lesen  66038 ms rechnen
2026-09-10T22:27:38.418Z  VIR/2021        roh          84352 reg. Kerzen      191/0/0 von 252  Tagen gewertet (1m/5m/15m)     6120 Signale  120 ms lesen  63783 ms rechnen
2026-09-10T22:28:49.479Z  VIR/2022        roh          86728 reg. Kerzen      210/0/0 von 251  Tagen gewertet (1m/5m/15m)     6619 Signale  119 ms lesen  70718 ms rechnen
2026-09-10T22:29:53.528Z  VIR/2023        roh          84530 reg. Kerzen      209/0/0 von 250  Tagen gewertet (1m/5m/15m)     6068 Signale  187 ms lesen  63633 ms rechnen
2026-09-10T22:30:35.823Z  VIR/2024        roh          81479 reg. Kerzen      136/0/0 von 252  Tagen gewertet (1m/5m/15m)     4158 Signale  121 ms lesen  41917 ms rechnen
2026-09-10T22:31:24.025Z  VIR/2025        roh          84092 reg. Kerzen      146/0/0 von 250  Tagen gewertet (1m/5m/15m)     4524 Signale  99 ms lesen  47852 ms rechnen
2026-09-10T22:32:17.582Z  VIR/2026        roh          59153 reg. Kerzen      159/0/0 von 166  Tagen gewertet (1m/5m/15m)     4868 Signale  102 ms lesen  53257 ms rechnen
2026-09-10T22:33:30.280Z  VIV/2016        roh          91956 reg. Kerzen      231/0/0 von 252  Tagen gewertet (1m/5m/15m)     6252 Signale  132 ms lesen  72387 ms rechnen
2026-09-10T22:34:37.362Z  VIV/2017        roh          87361 reg. Kerzen      230/0/0 von 251  Tagen gewertet (1m/5m/15m)     5678 Signale  119 ms lesen  66680 ms rechnen
2026-09-10T22:35:55.365Z  VIV/2018        roh          91332 reg. Kerzen      249/0/0 von 251  Tagen gewertet (1m/5m/15m)     6563 Signale  110 ms lesen  77656 ms rechnen
2026-09-10T22:37:12.196Z  VIV/2019        roh          91779 reg. Kerzen      247/0/0 von 252  Tagen gewertet (1m/5m/15m)     6327 Signale  134 ms lesen  76431 ms rechnen
2026-09-10T22:38:28.460Z  VIV/2020        roh          89735 reg. Kerzen      233/0/0 von 249  Tagen gewertet (1m/5m/15m)     6508 Signale  119 ms lesen  75913 ms rechnen
2026-09-10T22:39:24.682Z  VIV/2021        roh          82791 reg. Kerzen      188/0/0 von 252  Tagen gewertet (1m/5m/15m)     4899 Signale  658 ms lesen  55314 ms rechnen
2026-09-10T22:40:32.676Z  VIV/2022        roh          87642 reg. Kerzen      225/0/0 von 251  Tagen gewertet (1m/5m/15m)     5800 Signale  120 ms lesen  67618 ms rechnen
2026-09-10T22:41:40.904Z  VIV/2023        roh          87126 reg. Kerzen      222/0/0 von 250  Tagen gewertet (1m/5m/15m)     5405 Signale  137 ms lesen  67836 ms rechnen
2026-09-10T22:42:17.248Z  VIV/2024        roh          79832 reg. Kerzen      132/0/0 von 252  Tagen gewertet (1m/5m/15m)     3152 Signale  114 ms lesen  36006 ms rechnen
2026-09-10T22:43:00.374Z  VIV/2025        roh          79648 reg. Kerzen      156/0/0 von 250  Tagen gewertet (1m/5m/15m)     3830 Signale  127 ms lesen  42769 ms rechnen
2026-09-10T22:43:41.845Z  VIV/2026        roh          56625 reg. Kerzen      145/0/0 von 166  Tagen gewertet (1m/5m/15m)     3731 Signale  88 ms lesen  41140 ms rechnen
2026-09-10T22:43:42.019Z  VLNS/2021       roh           1358 reg. Kerzen        0/0/0 von 16   Tagen gewertet (1m/5m/15m)        0 Signale  27 ms lesen  10 ms rechnen
2026-09-10T22:43:42.165Z  VLNS/2022       roh          16207 reg. Kerzen        0/0/0 von 251  Tagen gewertet (1m/5m/15m)        0 Signale  36 ms lesen  105 ms rechnen
2026-09-10T22:43:42.224Z  VLNS/2023       roh            507 reg. Kerzen        0/0/0 von 9    Tagen gewertet (1m/5m/15m)        0 Signale  11 ms lesen  5 ms rechnen
2026-09-10T22:44:55.252Z  VLY/2016        roh          92186 reg. Kerzen      230/0/0 von 252  Tagen gewertet (1m/5m/15m)     5589 Signale  113 ms lesen  72903 ms rechnen
2026-09-10T22:46:14.399Z  VLY/2017        roh          92803 reg. Kerzen      251/0/0 von 251  Tagen gewertet (1m/5m/15m)     6185 Signale  102 ms lesen  78825 ms rechnen
2026-09-10T22:47:37.868Z  VLY/2018        roh          94561 reg. Kerzen      251/0/0 von 251  Tagen gewertet (1m/5m/15m)     6327 Signale  130 ms lesen  83058 ms rechnen
2026-09-10T22:49:00.945Z  VLY/2019        roh          93596 reg. Kerzen      251/0/0 von 252  Tagen gewertet (1m/5m/15m)     6164 Signale  132 ms lesen  82689 ms rechnen
2026-09-10T22:50:30.869Z  VLY/2020        roh          95059 reg. Kerzen      253/0/0 von 253  Tagen gewertet (1m/5m/15m)     7223 Signale  127 ms lesen  89512 ms rechnen
2026-09-10T22:51:53.410Z  VLY/2021        roh          93867 reg. Kerzen      251/0/0 von 252  Tagen gewertet (1m/5m/15m)     6361 Signale  671 ms lesen  81609 ms rechnen
2026-09-10T22:53:17.793Z  VLY/2022        roh          94424 reg. Kerzen      251/0/0 von 251  Tagen gewertet (1m/5m/15m)     6502 Signale  136 ms lesen  83988 ms rechnen
2026-09-10T22:54:46.865Z  VLY/2023        roh          95786 reg. Kerzen      250/0/0 von 250  Tagen gewertet (1m/5m/15m)     6966 Signale  137 ms lesen  88653 ms rechnen
2026-09-10T22:56:17.524Z  VLY/2024        roh          96525 reg. Kerzen      252/0/0 von 252  Tagen gewertet (1m/5m/15m)     7083 Signale  681 ms lesen  89738 ms rechnen
2026-09-10T22:57:44.981Z  VLY/2025        roh          96215 reg. Kerzen      250/0/0 von 250  Tagen gewertet (1m/5m/15m)     6536 Signale  179 ms lesen  87033 ms rechnen
2026-09-10T22:58:42.337Z  VLY/2026        roh          64182 reg. Kerzen      166/0/0 von 166  Tagen gewertet (1m/5m/15m)     4147 Signale  90 ms lesen  57034 ms rechnen
2026-09-10T22:59:57.607Z  VMW/2016        roh          96717 reg. Kerzen      232/0/0 von 252  Tagen gewertet (1m/5m/15m)     5710 Signale  137 ms lesen  74947 ms rechnen
2026-09-10T23:01:16.136Z  VMW/2017        roh          94615 reg. Kerzen      251/0/0 von 251  Tagen gewertet (1m/5m/15m)     5655 Signale  136 ms lesen  78109 ms rechnen
2026-09-10T23:02:34.389Z  VMW/2018        roh          93208 reg. Kerzen      244/0/0 von 251  Tagen gewertet (1m/5m/15m)     6509 Signale  117 ms lesen  77890 ms rechnen
2026-09-10T23:03:54.319Z  VMW/2019        roh          93863 reg. Kerzen      252/0/0 von 252  Tagen gewertet (1m/5m/15m)     6479 Signale  131 ms lesen  79530 ms rechnen
2026-09-10T23:05:18.708Z  VMW/2020        roh          95462 reg. Kerzen      253/0/0 von 253  Tagen gewertet (1m/5m/15m)     6962 Signale  119 ms lesen  84030 ms rechnen
2026-09-10T23:06:37.471Z  VMW/2021        roh          92135 reg. Kerzen      248/0/0 von 252  Tagen gewertet (1m/5m/15m)     6360 Signale  150 ms lesen  78352 ms rechnen
2026-09-10T23:07:48.063Z  VMW/2022        roh          89846 reg. Kerzen      228/0/0 von 251  Tagen gewertet (1m/5m/15m)     5825 Signale  126 ms lesen  70186 ms rechnen
2026-09-10T23:08:40.552Z  VMW/2023        roh          76337 reg. Kerzen      178/0/0 von 224  Tagen gewertet (1m/5m/15m)     4218 Signale  107 ms lesen  52128 ms rechnen
2026-09-10T23:09:47.508Z  VNTV/2016       roh          93824 reg. Kerzen      232/0/0 von 252  Tagen gewertet (1m/5m/15m)     5553 Signale  117 ms lesen  66653 ms rechnen
2026-09-10T23:10:57.190Z  VNTV/2017       roh          92365 reg. Kerzen      245/0/0 von 251  Tagen gewertet (1m/5m/15m)     5609 Signale  97 ms lesen  69368 ms rechnen
2026-09-10T23:11:00.230Z  VNTV/2018       roh           3501 reg. Kerzen        9/0/0 von 9    Tagen gewertet (1m/5m/15m)      229 Signale  12 ms lesen  2816 ms rechnen
2026-09-10T23:11:00.305Z  VQS/2021        roh           7963 reg. Kerzen        0/0/0 von 99   Tagen gewertet (1m/5m/15m)        0 Signale  27 ms lesen  40 ms rechnen
2026-09-10T23:11:00.431Z  VQS/2022        roh          12189 reg. Kerzen        0/0/0 von 249  Tagen gewertet (1m/5m/15m)        0 Signale  28 ms lesen  80 ms rechnen
2026-09-10T23:11:00.561Z  VQS/2023        roh          10570 reg. Kerzen        0/0/0 von 190  Tagen gewertet (1m/5m/15m)        0 Signale  33 ms lesen  58 ms rechnen
2026-09-10T23:11:00.627Z  VRNA/2017       roh           1871 reg. Kerzen        0/0/0 von 161  Tagen gewertet (1m/5m/15m)        0 Signale  15 ms lesen  13 ms rechnen
2026-09-10T23:11:00.655Z  VRNA/2018       roh           2411 reg. Kerzen        0/0/0 von 226  Tagen gewertet (1m/5m/15m)        0 Signale  11 ms lesen  11 ms rechnen
2026-09-10T23:11:00.692Z  VRNA/2019       roh           3038 reg. Kerzen        0/0/0 von 239  Tagen gewertet (1m/5m/15m)        0 Signale  12 ms lesen  19 ms rechnen
2026-09-10T23:11:00.855Z  VRNA/2020       roh          19871 reg. Kerzen        0/0/0 von 253  Tagen gewertet (1m/5m/15m)        0 Signale  29 ms lesen  122 ms rechnen
2026-09-10T23:11:01.075Z  VRNA/2021       roh          17278 reg. Kerzen        0/0/0 von 252  Tagen gewertet (1m/5m/15m)        0 Signale  38 ms lesen  119 ms rechnen
2026-09-10T23:11:01.679Z  VRNA/2022       roh          31148 reg. Kerzen        1/0/0 von 251  Tagen gewertet (1m/5m/15m)       28 Signale  47 ms lesen  509 ms rechnen
2026-09-10T23:11:11.113Z  VRNA/2023       roh          63971 reg. Kerzen       30/0/0 von 250  Tagen gewertet (1m/5m/15m)      927 Signale  84 ms lesen  9286 ms rechnen
2026-09-10T23:11:49.274Z  VRNA/2024       roh          75800 reg. Kerzen      125/0/0 von 252  Tagen gewertet (1m/5m/15m)     3827 Signale  106 ms lesen  37892 ms rechnen
2026-09-10T23:12:42.332Z  VRNA/2025       roh          66803 reg. Kerzen      169/0/0 von 190  Tagen gewertet (1m/5m/15m)     4496 Signale  101 ms lesen  52720 ms rechnen
2026-09-10T23:13:43.282Z  VRSN/2016       roh          89728 reg. Kerzen      225/0/0 von 252  Tagen gewertet (1m/5m/15m)     5236 Signale  120 ms lesen  60630 ms rechnen
2026-09-10T23:14:40.632Z  VRSN/2017       roh          85407 reg. Kerzen      221/0/0 von 251  Tagen gewertet (1m/5m/15m)     4848 Signale  120 ms lesen  57008 ms rechnen
2026-09-10T23:15:41.224Z  VRSN/2018       roh          86606 reg. Kerzen      221/0/0 von 251  Tagen gewertet (1m/5m/15m)     5512 Signale  178 ms lesen  60169 ms rechnen
2026-09-10T23:16:28.688Z  VRSN/2019       roh          82028 reg. Kerzen      184/0/0 von 252  Tagen gewertet (1m/5m/15m)     4242 Signale  658 ms lesen  46579 ms rechnen
2026-09-10T23:17:23.427Z  VRSN/2020       roh          84399 reg. Kerzen      199/0/0 von 253  Tagen gewertet (1m/5m/15m)     5223 Signale  127 ms lesen  54390 ms rechnen
2026-09-10T23:17:53.688Z  VRSN/2021       roh          77396 reg. Kerzen      120/0/0 von 252  Tagen gewertet (1m/5m/15m)     2942 Signale  114 ms lesen  29892 ms rechnen
2026-09-10T23:18:32.715Z  VRSN/2022       roh          79291 reg. Kerzen      148/0/0 von 251  Tagen gewertet (1m/5m/15m)     3929 Signale  100 ms lesen  38738 ms rechnen
2026-09-10T23:18:44.494Z  VRSN/2023       roh          68023 reg. Kerzen       46/0/0 von 250  Tagen gewertet (1m/5m/15m)     1122 Signale  87 ms lesen  11472 ms rechnen
2026-09-10T23:19:00.715Z  VRSN/2024       roh          71265 reg. Kerzen       62/0/0 von 252  Tagen gewertet (1m/5m/15m)     1441 Signale  91 ms lesen  15937 ms rechnen
2026-09-10T23:19:28.789Z  VRSN/2025       roh          73997 reg. Kerzen      104/0/0 von 250  Tagen gewertet (1m/5m/15m)     2633 Signale  122 ms lesen  27788 ms rechnen
2026-09-10T23:19:56.362Z  VRSN/2026       roh          52413 reg. Kerzen       97/0/0 von 166  Tagen gewertet (1m/5m/15m)     2589 Signale  198 ms lesen  27193 ms rechnen
2026-09-10T23:19:56.794Z  VSAR/2016       bereinigt    39757 reg. Kerzen        0/0/0 von 252  Tagen gewertet (1m/5m/15m)        0 Signale  95 ms lesen  204 ms rechnen
2026-09-10T23:20:09.001Z  VSAR/2017       bereinigt    59554 reg. Kerzen       28/0/0 von 251  Tagen gewertet (1m/5m/15m)      742 Signale  135 ms lesen  11957 ms rechnen
2026-09-10T23:20:09.522Z  VSAR/2018       bereinigt    39697 reg. Kerzen        0/0/0 von 199  Tagen gewertet (1m/5m/15m)        0 Signale  73 ms lesen  293 ms rechnen
2026-09-10T23:20:20.200Z  VSM/2016        roh          22127 reg. Kerzen       36/0/0 von 63   Tagen gewertet (1m/5m/15m)      983 Signale  34 ms lesen  10541 ms rechnen
2026-09-10T23:20:43.363Z  VSM/2017        roh          74226 reg. Kerzen       88/0/0 von 251  Tagen gewertet (1m/5m/15m)     2258 Signale  108 ms lesen  22993 ms rechnen
2026-09-10T23:21:08.393Z  VSM/2018        roh          74135 reg. Kerzen       94/0/0 von 251  Tagen gewertet (1m/5m/15m)     2591 Signale  95 ms lesen  24741 ms rechnen
2026-09-10T23:21:48.432Z  VSM/2019        roh          63962 reg. Kerzen      140/0/0 von 192  Tagen gewertet (1m/5m/15m)     2854 Signale  81 ms lesen  39784 ms rechnen
2026-09-10T23:22:26.563Z  VSTO/2016       roh          79919 reg. Kerzen      145/0/0 von 252  Tagen gewertet (1m/5m/15m)     3569 Signale  113 ms lesen  37864 ms rechnen
2026-09-10T23:23:30.577Z  VSTO/2017       roh          87236 reg. Kerzen      223/0/0 von 251  Tagen gewertet (1m/5m/15m)     6519 Signale  106 ms lesen  63715 ms rechnen
2026-09-10T23:23:59.744Z  VSTO/2018       roh          76138 reg. Kerzen      101/0/0 von 251  Tagen gewertet (1m/5m/15m)     2851 Signale  101 ms lesen  28845 ms rechnen
2026-09-10T23:24:02.874Z  VSTO/2019       roh          73111 reg. Kerzen        8/0/0 von 252  Tagen gewertet (1m/5m/15m)      242 Signale  103 ms lesen  2799 ms rechnen
2026-09-10T23:25:05.424Z  VSTO/2020       roh          88255 reg. Kerzen      187/0/0 von 253  Tagen gewertet (1m/5m/15m)     5966 Signale  109 ms lesen  62243 ms rechnen
2026-09-10T23:26:07.861Z  VSTO/2021       roh          84631 reg. Kerzen      201/0/0 von 252  Tagen gewertet (1m/5m/15m)     6004 Signale  121 ms lesen  62036 ms rechnen
2026-09-10T23:27:04.493Z  VSTO/2022       roh          82567 reg. Kerzen      186/0/0 von 251  Tagen gewertet (1m/5m/15m)     5570 Signale  112 ms lesen  56312 ms rechnen
2026-09-10T23:27:21.018Z  VSTO/2023       roh          70256 reg. Kerzen       58/0/0 von 250  Tagen gewertet (1m/5m/15m)     1671 Signale  93 ms lesen  16218 ms rechnen
2026-09-10T23:27:30.559Z  VSTO/2024       roh          59840 reg. Kerzen       33/0/0 von 229  Tagen gewertet (1m/5m/15m)      810 Signale  78 ms lesen  9320 ms rechnen
2026-09-10T23:28:43.888Z  VTR/2016        roh          97524 reg. Kerzen      232/0/0 von 252  Tagen gewertet (1m/5m/15m)     5523 Signale  141 ms lesen  73023 ms rechnen
2026-09-10T23:30:00.672Z  VTR/2017        roh          95312 reg. Kerzen      251/0/0 von 251  Tagen gewertet (1m/5m/15m)     5498 Signale  118 ms lesen  76381 ms rechnen
2026-09-10T23:31:20.847Z  VTR/2018        roh          96907 reg. Kerzen      251/0/0 von 251  Tagen gewertet (1m/5m/15m)     6009 Signale  141 ms lesen  79769 ms rechnen
2026-09-10T23:32:39.435Z  VTR/2019        roh          96868 reg. Kerzen      252/0/0 von 252  Tagen gewertet (1m/5m/15m)     5851 Signale  130 ms lesen  78208 ms rechnen
2026-09-10T23:34:06.784Z  VTR/2020        roh          97704 reg. Kerzen      253/0/0 von 253  Tagen gewertet (1m/5m/15m)     7383 Signale  117 ms lesen  87023 ms rechnen
2026-09-10T23:35:26.434Z  VTR/2021        roh          95647 reg. Kerzen      250/0/0 von 252  Tagen gewertet (1m/5m/15m)     6371 Signale  116 ms lesen  79236 ms rechnen
2026-09-10T23:36:46.365Z  VTR/2022        roh          95490 reg. Kerzen      249/0/0 von 251  Tagen gewertet (1m/5m/15m)     6548 Signale  104 ms lesen  79593 ms rechnen
2026-09-10T23:38:05.187Z  VTR/2023        roh          95817 reg. Kerzen      250/0/0 von 250  Tagen gewertet (1m/5m/15m)     6304 Signale  118 ms lesen  78405 ms rechnen
2026-09-10T23:39:22.506Z  VTR/2024        roh          95515 reg. Kerzen      252/0/0 von 252  Tagen gewertet (1m/5m/15m)     5835 Signale  126 ms lesen  76955 ms rechnen
2026-09-10T23:40:40.356Z  VTR/2025        roh          95025 reg. Kerzen      250/0/0 von 250  Tagen gewertet (1m/5m/15m)     5872 Signale  117 ms lesen  77492 ms rechnen
2026-09-10T23:41:32.532Z  VTR/2026        roh          63380 reg. Kerzen      166/0/0 von 166  Tagen gewertet (1m/5m/15m)     4020 Signale  100 ms lesen  51790 ms rechnen
2026-09-10T23:41:32.710Z  VVPR/2016       bereinigt       17 reg. Kerzen        0/0/0 von 2    Tagen gewertet (1m/5m/15m)        0 Signale  5 ms lesen  0 ms rechnen
2026-09-10T23:41:32.735Z  VVPR/2017       bereinigt      997 reg. Kerzen        0/0/0 von 182  Tagen gewertet (1m/5m/15m)        0 Signale  15 ms lesen  9 ms rechnen
2026-09-10T23:41:32.827Z  VVPR/2018       bereinigt     7688 reg. Kerzen        0/0/0 von 223  Tagen gewertet (1m/5m/15m)        0 Signale  40 ms lesen  48 ms rechnen
2026-09-10T23:41:32.916Z  VVPR/2019       bereinigt     7495 reg. Kerzen        0/0/0 von 251  Tagen gewertet (1m/5m/15m)        0 Signale  18 ms lesen  52 ms rechnen
2026-09-10T23:41:49.721Z  VVPR/2020       bereinigt    40300 reg. Kerzen       48/0/0 von 253  Tagen gewertet (1m/5m/15m)     1573 Signale  82 ms lesen  16696 ms rechnen
2026-09-10T23:41:57.709Z  VVPR/2021       bereinigt    41230 reg. Kerzen       22/0/0 von 252  Tagen gewertet (1m/5m/15m)      743 Signale  80 ms lesen  7795 ms rechnen
2026-09-10T23:41:57.997Z  VVPR/2022       bereinigt    19884 reg. Kerzen        0/0/0 von 251  Tagen gewertet (1m/5m/15m)        0 Signale  52 ms lesen  129 ms rechnen
2026-09-10T23:41:58.194Z  VVPR/2023       bereinigt    19214 reg. Kerzen        0/0/0 von 250  Tagen gewertet (1m/5m/15m)        0 Signale  40 ms lesen  96 ms rechnen
2026-09-10T23:41:58.471Z  VVPR/2024       roh          26667 reg. Kerzen        0/0/0 von 252  Tagen gewertet (1m/5m/15m)        0 Signale  58 ms lesen  158 ms rechnen
2026-09-10T23:42:00.922Z  VVPR/2025       roh          53664 reg. Kerzen        6/0/0 von 250  Tagen gewertet (1m/5m/15m)      197 Signale  89 ms lesen  2300 ms rechnen
2026-09-10T23:42:01.160Z  VVPR/2026       roh           9219 reg. Kerzen        0/0/0 von 49   Tagen gewertet (1m/5m/15m)        0 Signale  38 ms lesen  73 ms rechnen
2026-09-10T23:42:01.199Z  VYGG/2020       roh           1333 reg. Kerzen        0/0/0 von 28   Tagen gewertet (1m/5m/15m)        0 Signale  7 ms lesen  5 ms rechnen
2026-09-10T23:42:02.875Z  VYGG/2021       roh          30546 reg. Kerzen        5/0/0 von 252  Tagen gewertet (1m/5m/15m)      156 Signale  44 ms lesen  1628 ms rechnen
2026-09-10T23:42:03.025Z  VYGG/2022       roh           8847 reg. Kerzen        0/0/0 von 191  Tagen gewertet (1m/5m/15m)        0 Signale  27 ms lesen  54 ms rechnen
2026-09-10T23:43:05.559Z  WAB/2016        roh          89483 reg. Kerzen      222/0/0 von 252  Tagen gewertet (1m/5m/15m)     5362 Signale  97 ms lesen  62393 ms rechnen
2026-09-10T23:44:01.438Z  WAB/2017        roh          84589 reg. Kerzen      210/0/0 von 251  Tagen gewertet (1m/5m/15m)     4943 Signale  113 ms lesen  55538 ms rechnen
2026-09-10T23:44:53.350Z  WAB/2018        roh          82628 reg. Kerzen      188/0/0 von 251  Tagen gewertet (1m/5m/15m)     4935 Signale  100 ms lesen  51595 ms rechnen
2026-09-10T23:46:04.655Z  WAB/2019        roh          94506 reg. Kerzen      229/0/0 von 252  Tagen gewertet (1m/5m/15m)     5819 Signale  111 ms lesen  70983 ms rechnen
2026-09-10T23:47:28.292Z  WAB/2020        roh          94647 reg. Kerzen      252/0/0 von 253  Tagen gewertet (1m/5m/15m)     7038 Signale  194 ms lesen  83227 ms rechnen
2026-09-10T23:48:38.551Z  WAB/2021        roh          89997 reg. Kerzen      238/0/0 von 252  Tagen gewertet (1m/5m/15m)     5977 Signale  136 ms lesen  69881 ms rechnen
2026-09-10T23:49:40.823Z  WAB/2022        roh          86321 reg. Kerzen      214/0/0 von 250  Tagen gewertet (1m/5m/15m)     5619 Signale  115 ms lesen  61914 ms rechnen
2026-09-10T23:50:37.307Z  WAB/2023        roh          84712 reg. Kerzen      203/0/0 von 250  Tagen gewertet (1m/5m/15m)     4716 Signale  112 ms lesen  56182 ms rechnen
2026-09-10T23:51:32.070Z  WAB/2024        roh          84012 reg. Kerzen      200/0/0 von 252  Tagen gewertet (1m/5m/15m)     4464 Signale  104 ms lesen  54424 ms rechnen
2026-09-10T23:52:12.029Z  WAB/2025        roh          78832 reg. Kerzen      145/0/0 von 250  Tagen gewertet (1m/5m/15m)     3587 Signale  673 ms lesen  39101 ms rechnen
2026-09-10T23:52:30.694Z  WAB/2026        roh          50000 reg. Kerzen       69/0/0 von 166  Tagen gewertet (1m/5m/15m)     1767 Signale  62 ms lesen  18364 ms rechnen
2026-09-10T23:53:01.755Z  WAT/2016        roh          78763 reg. Kerzen      116/0/0 von 252  Tagen gewertet (1m/5m/15m)     2686 Signale  101 ms lesen  30824 ms rechnen
2026-09-10T23:53:29.170Z  WAT/2017        roh          75227 reg. Kerzen      104/0/0 von 251  Tagen gewertet (1m/5m/15m)     2334 Signale  122 ms lesen  27100 ms rechnen
2026-09-10T23:54:02.205Z  WAT/2018        roh          76214 reg. Kerzen      126/0/0 von 251  Tagen gewertet (1m/5m/15m)     3134 Signale  102 ms lesen  32721 ms rechnen
2026-09-10T23:54:47.041Z  WAT/2019        roh          80623 reg. Kerzen      172/0/0 von 252  Tagen gewertet (1m/5m/15m)     4041 Signale  99 ms lesen  44548 ms rechnen
2026-09-10T23:55:25.725Z  WAT/2020        roh          77442 reg. Kerzen      134/0/0 von 253  Tagen gewertet (1m/5m/15m)     3714 Signale  119 ms lesen  38342 ms rechnen
2026-09-10T23:55:32.850Z  WAT/2021        roh          64595 reg. Kerzen       25/0/0 von 252  Tagen gewertet (1m/5m/15m)      622 Signale  93 ms lesen  6824 ms rechnen
2026-09-10T23:55:40.226Z  WAT/2022        roh          63332 reg. Kerzen       25/0/0 von 250  Tagen gewertet (1m/5m/15m)      711 Signale  101 ms lesen  7077 ms rechnen
2026-09-10T23:55:55.978Z  WAT/2023        roh          66931 reg. Kerzen       56/0/0 von 250  Tagen gewertet (1m/5m/15m)     1470 Signale  175 ms lesen  15389 ms rechnen
2026-09-10T23:56:00.647Z  WAT/2024        roh          58037 reg. Kerzen       15/0/0 von 252  Tagen gewertet (1m/5m/15m)      402 Signale  113 ms lesen  4395 ms rechnen
2026-09-10T23:56:18.302Z  WAT/2025        roh          66570 reg. Kerzen       60/0/0 von 250  Tagen gewertet (1m/5m/15m)     1637 Signale  109 ms lesen  17374 ms rechnen
2026-09-10T23:57:01.513Z  WAT/2026        roh          60075 reg. Kerzen      135/0/0 von 166  Tagen gewertet (1m/5m/15m)     3658 Signale  94 ms lesen  42965 ms rechnen
2026-09-10T23:57:01.980Z  WBAI/2016       roh          47582 reg. Kerzen        0/0/0 von 252  Tagen gewertet (1m/5m/15m)        0 Signale  67 ms lesen  266 ms rechnen
2026-09-10T23:57:02.442Z  WBAI/2017       roh          42491 reg. Kerzen        0/0/0 von 251  Tagen gewertet (1m/5m/15m)        0 Signale  55 ms lesen  269 ms rechnen
2026-09-10T23:57:02.730Z  WBAI/2018       roh          28526 reg. Kerzen        0/0/0 von 251  Tagen gewertet (1m/5m/15m)        0 Signale  47 ms lesen  135 ms rechnen
2026-09-10T23:57:02.932Z  WBAI/2019       roh          13445 reg. Kerzen        0/0/0 von 252  Tagen gewertet (1m/5m/15m)        0 Signale  25 ms lesen  80 ms rechnen
2026-09-10T23:57:03.063Z  WBAI/2020       roh          11681 reg. Kerzen        0/0/0 von 252  Tagen gewertet (1m/5m/15m)        0 Signale  26 ms lesen  60 ms rechnen
2026-09-10T23:57:07.183Z  WBAI/2021       roh          17931 reg. Kerzen       12/0/0 von 73   Tagen gewertet (1m/5m/15m)      397 Signale  38 ms lesen  4047 ms rechnen
2026-09-10T23:58:06.657Z  WBS/2016        roh          87927 reg. Kerzen      212/0/0 von 252  Tagen gewertet (1m/5m/15m)     5195 Signale  101 ms lesen  59316 ms rechnen
2026-09-10T23:58:48.148Z  WBS/2017        roh          80756 reg. Kerzen      153/0/0 von 251  Tagen gewertet (1m/5m/15m)     3954 Signale  106 ms lesen  41141 ms rechnen
2026-09-10T23:59:22.423Z  WBS/2018        roh          77254 reg. Kerzen      127/0/0 von 251  Tagen gewertet (1m/5m/15m)     3310 Signale  113 ms lesen  33955 ms rechnen
2026-09-11T00:00:03.137Z  WBS/2019        roh          80075 reg. Kerzen      149/0/0 von 252  Tagen gewertet (1m/5m/15m)     3814 Signale  92 ms lesen  40432 ms rechnen
2026-09-11T00:01:01.684Z  WBS/2020        roh          84263 reg. Kerzen      186/0/0 von 253  Tagen gewertet (1m/5m/15m)     5623 Signale  123 ms lesen  58227 ms rechnen
2026-09-11T00:01:57.009Z  WBS/2021        roh          82691 reg. Kerzen      192/0/0 von 252  Tagen gewertet (1m/5m/15m)     5134 Signale  92 ms lesen  54964 ms rechnen
2026-09-11T00:03:09.213Z  WBS/2022        roh          90622 reg. Kerzen      237/0/0 von 250  Tagen gewertet (1m/5m/15m)     6386 Signale  136 ms lesen  71855 ms rechnen
2026-09-11T00:04:23.283Z  WBS/2023        roh          90696 reg. Kerzen      245/0/0 von 250  Tagen gewertet (1m/5m/15m)     6579 Signale  116 ms lesen  73736 ms rechnen
2026-09-11T00:05:33.371Z  WBS/2024        roh          89407 reg. Kerzen      236/0/0 von 252  Tagen gewertet (1m/5m/15m)     5902 Signale  113 ms lesen  69739 ms rechnen
2026-09-11T00:06:39.943Z  WBS/2025        roh          87455 reg. Kerzen      229/0/0 von 250  Tagen gewertet (1m/5m/15m)     5811 Signale  125 ms lesen  66259 ms rechnen
2026-09-11T00:07:27.159Z  WBS/2026        roh          59639 reg. Kerzen      158/0/0 von 158  Tagen gewertet (1m/5m/15m)     3500 Signale  102 ms lesen  46849 ms rechnen
2026-09-11T00:07:28.260Z  WD/2016         roh          54048 reg. Kerzen        2/0/0 von 252  Tagen gewertet (1m/5m/15m)       59 Signale  70 ms lesen  863 ms rechnen
2026-09-11T00:07:30.690Z  WD/2017         roh          55594 reg. Kerzen        8/0/0 von 251  Tagen gewertet (1m/5m/15m)      235 Signale  68 ms lesen  2197 ms rechnen
2026-09-11T00:07:32.363Z  WD/2018         roh          53074 reg. Kerzen        5/0/0 von 251  Tagen gewertet (1m/5m/15m)      152 Signale  68 ms lesen  1455 ms rechnen
2026-09-11T00:07:32.788Z  WD/2019         roh          41872 reg. Kerzen        0/0/0 von 252  Tagen gewertet (1m/5m/15m)        0 Signale  64 ms lesen  213 ms rechnen
2026-09-11T00:07:38.110Z  WD/2020         roh          55806 reg. Kerzen       17/0/0 von 253  Tagen gewertet (1m/5m/15m)      515 Signale  81 ms lesen  5109 ms rechnen
2026-09-11T00:07:38.768Z  WD/2021         roh          37761 reg. Kerzen        1/0/0 von 252  Tagen gewertet (1m/5m/15m)       27 Signale  60 ms lesen  463 ms rechnen
2026-09-11T00:07:39.121Z  WD/2022         roh          36326 reg. Kerzen        0/0/0 von 250  Tagen gewertet (1m/5m/15m)        0 Signale  52 ms lesen  191 ms rechnen
2026-09-11T00:07:39.486Z  WD/2023         roh          40120 reg. Kerzen        0/0/0 von 250  Tagen gewertet (1m/5m/15m)        0 Signale  48 ms lesen  217 ms rechnen
2026-09-11T00:07:40.021Z  WD/2024         roh          35943 reg. Kerzen        1/0/0 von 252  Tagen gewertet (1m/5m/15m)       22 Signale  54 ms lesen  393 ms rechnen
2026-09-11T00:07:40.350Z  WD/2025         roh          41254 reg. Kerzen        0/0/0 von 250  Tagen gewertet (1m/5m/15m)        0 Signale  55 ms lesen  192 ms rechnen
2026-09-11T00:07:41.466Z  WD/2026         roh          29222 reg. Kerzen        3/0/0 von 166  Tagen gewertet (1m/5m/15m)       92 Signale  40 ms lesen  990 ms rechnen
2026-09-11T00:07:49.132Z  WEB/2016        roh          67293 reg. Kerzen       26/0/0 von 252  Tagen gewertet (1m/5m/15m)      754 Signale  76 ms lesen  7512 ms rechnen
2026-09-11T00:07:51.929Z  WEB/2017        roh          55861 reg. Kerzen        9/0/0 von 251  Tagen gewertet (1m/5m/15m)      255 Signale  81 ms lesen  2561 ms rechnen
2026-09-11T00:08:00.486Z  WEB/2018        roh          48376 reg. Kerzen       27/0/0 von 196  Tagen gewertet (1m/5m/15m)      612 Signale  64 ms lesen  8352 ms rechnen
2026-09-11T00:09:17.025Z  WEN/2016        roh          96441 reg. Kerzen      232/0/0 von 252  Tagen gewertet (1m/5m/15m)     6114 Signale  118 ms lesen  76262 ms rechnen
2026-09-11T00:10:36.049Z  WEN/2017        roh          94628 reg. Kerzen      251/0/0 von 251  Tagen gewertet (1m/5m/15m)     6211 Signale  113 ms lesen  78662 ms rechnen
2026-09-11T00:11:55.739Z  WEN/2018        roh          95390 reg. Kerzen      249/0/0 von 251  Tagen gewertet (1m/5m/15m)     6539 Signale  151 ms lesen  79268 ms rechnen
2026-09-11T00:13:14.432Z  WEN/2019        roh          96686 reg. Kerzen      252/0/0 von 252  Tagen gewertet (1m/5m/15m)     6138 Signale  116 ms lesen  78339 ms rechnen
2026-09-11T00:14:39.480Z  WEN/2020        roh          97362 reg. Kerzen      253/0/0 von 253  Tagen gewertet (1m/5m/15m)     7083 Signale  113 ms lesen  84686 ms rechnen
2026-09-11T00:15:59.133Z  WEN/2021        roh          95532 reg. Kerzen      252/0/0 von 252  Tagen gewertet (1m/5m/15m)     6359 Signale  125 ms lesen  79239 ms rechnen
2026-09-11T00:17:19.270Z  WEN/2022        roh          95992 reg. Kerzen      251/0/0 von 251  Tagen gewertet (1m/5m/15m)     6490 Signale  123 ms lesen  79802 ms rechnen
2026-09-11T00:18:37.708Z  WEN/2023        roh          95786 reg. Kerzen      250/0/0 von 250  Tagen gewertet (1m/5m/15m)     6106 Signale  124 ms lesen  78087 ms rechnen
2026-09-11T00:19:58.824Z  WEN/2024        roh          96545 reg. Kerzen      252/0/0 von 252  Tagen gewertet (1m/5m/15m)     6403 Signale  178 ms lesen  80675 ms rechnen
2026-09-11T00:21:21.872Z  WEN/2025        roh          96527 reg. Kerzen      250/0/0 von 250  Tagen gewertet (1m/5m/15m)     6889 Signale  128 ms lesen  82726 ms rechnen
2026-09-11T00:22:20.072Z  WEN/2026        roh          64615 reg. Kerzen      166/0/0 von 166  Tagen gewertet (1m/5m/15m)     4999 Signale  110 ms lesen  57836 ms rechnen
2026-09-11T00:22:37.181Z  WFG/2021        roh          62527 reg. Kerzen       59/0/0 von 233  Tagen gewertet (1m/5m/15m)     1676 Signale  80 ms lesen  16840 ms rechnen
2026-09-11T00:22:52.987Z  WFG/2022        roh          61310 reg. Kerzen       56/0/0 von 251  Tagen gewertet (1m/5m/15m)     1647 Signale  94 ms lesen  15500 ms rechnen
2026-09-11T00:22:53.677Z  WFG/2023        roh          44406 reg. Kerzen        1/0/0 von 250  Tagen gewertet (1m/5m/15m)       15 Signale  66 ms lesen  479 ms rechnen
2026-09-11T00:22:54.105Z  WFG/2024        roh          41833 reg. Kerzen        0/0/0 von 252  Tagen gewertet (1m/5m/15m)        0 Signale  66 ms lesen  236 ms rechnen
2026-09-11T00:22:54.532Z  WFG/2025        roh          45362 reg. Kerzen        0/0/0 von 250  Tagen gewertet (1m/5m/15m)        0 Signale  61 ms lesen  240 ms rechnen
2026-09-11T00:22:54.861Z  WFG/2026        roh          28127 reg. Kerzen        0/0/0 von 166  Tagen gewertet (1m/5m/15m)        0 Signale  34 ms lesen  174 ms rechnen
2026-09-11T00:22:59.201Z  WGO/2016        roh          59764 reg. Kerzen       13/0/0 von 252  Tagen gewertet (1m/5m/15m)      380 Signale  79 ms lesen  4185 ms rechnen
2026-09-11T00:23:25.454Z  WGO/2017        roh          71159 reg. Kerzen       90/0/0 von 251  Tagen gewertet (1m/5m/15m)     2508 Signale  92 ms lesen  26022 ms rechnen
2026-09-11T00:24:13.712Z  WGO/2018        roh          80016 reg. Kerzen      157/0/0 von 251  Tagen gewertet (1m/5m/15m)     4756 Signale  96 ms lesen  47961 ms rechnen
2026-09-11T00:25:00.338Z  WGO/2019        roh          80366 reg. Kerzen      163/0/0 von 252  Tagen gewertet (1m/5m/15m)     4658 Signale  107 ms lesen  46254 ms rechnen
2026-09-11T00:26:07.380Z  WGO/2020        roh          86407 reg. Kerzen      210/0/0 von 253  Tagen gewertet (1m/5m/15m)     6555 Signale  118 ms lesen  66650 ms rechnen
2026-09-11T00:26:48.053Z  WGO/2021        roh          77620 reg. Kerzen      135/0/0 von 252  Tagen gewertet (1m/5m/15m)     4040 Signale  154 ms lesen  40280 ms rechnen
2026-09-11T00:27:34.509Z  WGO/2022        roh          78973 reg. Kerzen      156/0/0 von 251  Tagen gewertet (1m/5m/15m)     4641 Signale  104 ms lesen  46175 ms rechnen
2026-09-11T00:27:49.647Z  WGO/2023        roh          68387 reg. Kerzen       51/0/0 von 250  Tagen gewertet (1m/5m/15m)     1456 Signale  83 ms lesen  14876 ms rechnen
2026-09-11T00:28:06.950Z  WGO/2024        roh          69290 reg. Kerzen       60/0/0 von 252  Tagen gewertet (1m/5m/15m)     1637 Signale  91 ms lesen  17044 ms rechnen
2026-09-11T00:28:24.716Z  WGO/2025        roh          69570 reg. Kerzen       60/0/0 von 250  Tagen gewertet (1m/5m/15m)     1771 Signale  97 ms lesen  17483 ms rechnen
2026-09-11T00:28:32.737Z  WGO/2026        roh          45148 reg. Kerzen       26/0/0 von 166  Tagen gewertet (1m/5m/15m)      766 Signale  63 ms lesen  7796 ms rechnen
2026-09-11T00:29:36.358Z  WHR/2016        roh          89512 reg. Kerzen      224/0/0 von 252  Tagen gewertet (1m/5m/15m)     5503 Signale  112 ms lesen  63398 ms rechnen
2026-09-11T00:30:30.237Z  WHR/2017        roh          84137 reg. Kerzen      205/0/0 von 251  Tagen gewertet (1m/5m/15m)     4797 Signale  132 ms lesen  53549 ms rechnen
2026-09-11T00:30:32.166Z  CHECKPOINT 5400 Dateien, 1960 min, Detektorfehler {}
2026-09-11T00:31:41.702Z  WHR/2018        roh          89508 reg. Kerzen      243/0/0 von 251  Tagen gewertet (1m/5m/15m)     6199 Signale  125 ms lesen  69410 ms rechnen
2026-09-11T00:32:46.027Z  WHR/2019        roh          87097 reg. Kerzen      228/0/0 von 252  Tagen gewertet (1m/5m/15m)     5829 Signale  121 ms lesen  63966 ms rechnen
2026-09-11T00:34:00.019Z  WHR/2020        roh          89940 reg. Kerzen      240/0/0 von 253  Tagen gewertet (1m/5m/15m)     6807 Signale  116 ms lesen  73643 ms rechnen
2026-09-11T00:34:47.882Z  WHR/2021        roh          81822 reg. Kerzen      173/0/0 von 252  Tagen gewertet (1m/5m/15m)     4630 Signale  109 ms lesen  47540 ms rechnen
2026-09-11T00:35:54.985Z  WHR/2022        roh          86637 reg. Kerzen      225/0/0 von 251  Tagen gewertet (1m/5m/15m)     6235 Signale  119 ms lesen  66800 ms rechnen
2026-09-11T00:36:42.987Z  WHR/2023        roh          81571 reg. Kerzen      172/0/0 von 250  Tagen gewertet (1m/5m/15m)     4434 Signale  114 ms lesen  47659 ms rechnen
2026-09-11T00:37:39.043Z  WHR/2024        roh          85567 reg. Kerzen      193/0/0 von 252  Tagen gewertet (1m/5m/15m)     5042 Signale  137 ms lesen  55688 ms rechnen
2026-09-11T00:38:45.165Z  WHR/2025        roh          87471 reg. Kerzen      225/0/0 von 250  Tagen gewertet (1m/5m/15m)     6190 Signale  112 ms lesen  65781 ms rechnen
2026-09-11T00:39:39.432Z  WHR/2026        roh          62352 reg. Kerzen      164/0/0 von 166  Tagen gewertet (1m/5m/15m)     4925 Signale  91 ms lesen  53951 ms rechnen
2026-09-11T00:39:39.616Z  WINS/2016       roh           2140 reg. Kerzen        0/0/0 von 211  Tagen gewertet (1m/5m/15m)        0 Signale  12 ms lesen  11 ms rechnen
2026-09-11T00:39:39.647Z  WINS/2017       roh           2264 reg. Kerzen        0/0/0 von 122  Tagen gewertet (1m/5m/15m)        0 Signale  13 ms lesen  13 ms rechnen
2026-09-11T00:39:39.670Z  WINS/2018       roh            675 reg. Kerzen        0/0/0 von 168  Tagen gewertet (1m/5m/15m)        0 Signale  12 ms lesen  6 ms rechnen
2026-09-11T00:39:39.705Z  WINS/2019       roh           2187 reg. Kerzen        0/0/0 von 218  Tagen gewertet (1m/5m/15m)        0 Signale  18 ms lesen  15 ms rechnen
2026-09-11T00:39:39.823Z  WINS/2020       roh           4583 reg. Kerzen        0/0/0 von 189  Tagen gewertet (1m/5m/15m)        0 Signale  88 ms lesen  24 ms rechnen
2026-09-11T00:39:40.104Z  WK/2016         roh          35355 reg. Kerzen        0/0/0 von 252  Tagen gewertet (1m/5m/15m)        0 Signale  72 ms lesen  192 ms rechnen
2026-09-11T00:39:40.472Z  WK/2017         roh          37325 reg. Kerzen        0/0/0 von 251  Tagen gewertet (1m/5m/15m)        0 Signale  61 ms lesen  206 ms rechnen
2026-09-11T00:39:41.768Z  WK/2018         roh          46879 reg. Kerzen        3/0/0 von 251  Tagen gewertet (1m/5m/15m)       91 Signale  65 ms lesen  1136 ms rechnen
2026-09-11T00:39:50.613Z  WK/2019         roh          62985 reg. Kerzen       30/0/0 von 252  Tagen gewertet (1m/5m/15m)      851 Signale  85 ms lesen  8632 ms rechnen
2026-09-11T00:40:03.568Z  WK/2020         roh          65688 reg. Kerzen       44/0/0 von 253  Tagen gewertet (1m/5m/15m)     1341 Signale  92 ms lesen  12683 ms rechnen
2026-09-11T00:40:12.006Z  WK/2021         roh          61438 reg. Kerzen       29/0/0 von 252  Tagen gewertet (1m/5m/15m)      847 Signale  82 ms lesen  8176 ms rechnen
2026-09-11T00:40:17.818Z  WK/2022         roh          61226 reg. Kerzen       18/0/0 von 251  Tagen gewertet (1m/5m/15m)      546 Signale  91 ms lesen  5586 ms rechnen
2026-09-11T00:40:21.336Z  WK/2023         roh          58968 reg. Kerzen       11/0/0 von 250  Tagen gewertet (1m/5m/15m)      322 Signale  88 ms lesen  3275 ms rechnen
2026-09-11T00:40:24.767Z  WK/2024         roh          54894 reg. Kerzen       10/0/0 von 252  Tagen gewertet (1m/5m/15m)      296 Signale  80 ms lesen  3206 ms rechnen
2026-09-11T00:40:36.314Z  WK/2025         roh          64939 reg. Kerzen       38/0/0 von 250  Tagen gewertet (1m/5m/15m)     1097 Signale  105 ms lesen  11313 ms rechnen
2026-09-11T00:40:55.395Z  WK/2026         roh          49339 reg. Kerzen       64/0/0 von 166  Tagen gewertet (1m/5m/15m)     1830 Signale  63 ms lesen  18862 ms rechnen
2026-09-11T00:42:20.937Z  WLL/2016        bereinigt    98088 reg. Kerzen      232/0/0 von 252  Tagen gewertet (1m/5m/15m)     7678 Signale  133 ms lesen  85258 ms rechnen
2026-09-11T00:43:50.634Z  WLL/2017        bereinigt    97484 reg. Kerzen      251/0/0 von 251  Tagen gewertet (1m/5m/15m)     8087 Signale  124 ms lesen  89343 ms rechnen
2026-09-11T00:45:16.371Z  WLL/2018        roh          97119 reg. Kerzen      251/0/0 von 251  Tagen gewertet (1m/5m/15m)     7794 Signale  135 ms lesen  85328 ms rechnen
2026-09-11T00:46:47.257Z  WLL/2019        roh          97622 reg. Kerzen      252/0/0 von 252  Tagen gewertet (1m/5m/15m)     8023 Signale  139 ms lesen  90463 ms rechnen
2026-09-11T00:47:57.192Z  WLL/2020        roh          89993 reg. Kerzen      182/0/0 von 253  Tagen gewertet (1m/5m/15m)     5921 Signale  122 ms lesen  69566 ms rechnen
2026-09-11T00:48:26.718Z  WLL/2021        roh          74207 reg. Kerzen      101/0/0 von 252  Tagen gewertet (1m/5m/15m)     3134 Signale  106 ms lesen  29170 ms rechnen
2026-09-11T00:48:41.382Z  WLL/2022        roh          35803 reg. Kerzen       48/0/0 von 124  Tagen gewertet (1m/5m/15m)     1504 Signale  62 ms lesen  14433 ms rechnen
2026-09-11T00:49:35.421Z  WMGI/2016       roh          85351 reg. Kerzen      187/0/0 von 252  Tagen gewertet (1m/5m/15m)     5367 Signale  112 ms lesen  53856 ms rechnen
2026-09-11T00:50:28.879Z  WMGI/2017       roh          83368 reg. Kerzen      196/0/0 von 251  Tagen gewertet (1m/5m/15m)     5013 Signale  134 ms lesen  53084 ms rechnen
2026-09-11T00:51:33.683Z  WMGI/2018       roh          86621 reg. Kerzen      223/0/0 von 251  Tagen gewertet (1m/5m/15m)     6122 Signale  116 ms lesen  64449 ms rechnen
2026-09-11T00:52:50.828Z  WMGI/2019       roh          93041 reg. Kerzen      249/0/0 von 252  Tagen gewertet (1m/5m/15m)     6404 Signale  133 ms lesen  76778 ms rechnen
2026-09-11T00:53:47.484Z  WMGI/2020       roh          76715 reg. Kerzen      190/0/0 von 218  Tagen gewertet (1m/5m/15m)     3790 Signale  181 ms lesen  56245 ms rechnen
2026-09-11T00:55:05.721Z  WNR/2016        roh          97294 reg. Kerzen      230/0/0 von 252  Tagen gewertet (1m/5m/15m)     6918 Signale  110 ms lesen  77923 ms rechnen
2026-09-11T00:55:33.693Z  WNR/2017        roh          36793 reg. Kerzen       99/0/0 von 104  Tagen gewertet (1m/5m/15m)     2506 Signale  63 ms lesen  27668 ms rechnen
2026-09-11T00:55:35.322Z  WOW/2017        roh          33889 reg. Kerzen        4/0/0 von 152  Tagen gewertet (1m/5m/15m)      117 Signale  66 ms lesen  1451 ms rechnen
2026-09-11T00:55:36.028Z  WOW/2018        roh          57358 reg. Kerzen        1/0/0 von 251  Tagen gewertet (1m/5m/15m)       31 Signale  84 ms lesen  553 ms rechnen
2026-09-11T00:55:36.513Z  WOW/2019        roh          54474 reg. Kerzen        0/0/0 von 252  Tagen gewertet (1m/5m/15m)        0 Signale  67 ms lesen  272 ms rechnen
2026-09-11T00:55:37.001Z  WOW/2020        roh          53010 reg. Kerzen        0/0/0 von 253  Tagen gewertet (1m/5m/15m)        0 Signale  69 ms lesen  282 ms rechnen
2026-09-11T00:55:41.667Z  WOW/2021        roh          58698 reg. Kerzen       15/0/0 von 252  Tagen gewertet (1m/5m/15m)      429 Signale  95 ms lesen  4451 ms rechnen
2026-09-11T00:55:53.327Z  WOW/2022        roh          64995 reg. Kerzen       41/0/0 von 251  Tagen gewertet (1m/5m/15m)     1236 Signale  96 ms lesen  11410 ms rechnen
2026-09-11T00:55:53.880Z  WOW/2023        roh          56004 reg. Kerzen        0/0/0 von 250  Tagen gewertet (1m/5m/15m)        0 Signale  79 ms lesen  317 ms rechnen
2026-09-11T00:55:54.466Z  WOW/2024        roh          60906 reg. Kerzen        0/0/0 von 252  Tagen gewertet (1m/5m/15m)        0 Signale  75 ms lesen  362 ms rechnen
2026-09-11T00:55:55.037Z  WOW/2025        roh          54104 reg. Kerzen        0/0/0 von 249  Tagen gewertet (1m/5m/15m)        0 Signale  83 ms lesen  343 ms rechnen
2026-09-11T00:57:14.771Z  WPM/2016        roh          98012 reg. Kerzen      232/0/0 von 252  Tagen gewertet (1m/5m/15m)     6962 Signale  134 ms lesen  79432 ms rechnen
2026-09-11T00:58:33.945Z  WPM/2017        roh          96000 reg. Kerzen      251/0/0 von 251  Tagen gewertet (1m/5m/15m)     6631 Signale  255 ms lesen  78655 ms rechnen
2026-09-11T00:59:52.452Z  WPM/2018        roh          95123 reg. Kerzen      251/0/0 von 251  Tagen gewertet (1m/5m/15m)     6373 Signale  141 ms lesen  78091 ms rechnen
2026-09-11T01:01:11.960Z  WPM/2019        roh          96725 reg. Kerzen      252/0/0 von 252  Tagen gewertet (1m/5m/15m)     6582 Signale  111 ms lesen  79169 ms rechnen
2026-09-11T01:02:38.493Z  WPM/2020        roh          97750 reg. Kerzen      253/0/0 von 253  Tagen gewertet (1m/5m/15m)     7230 Signale  115 ms lesen  86165 ms rechnen
2026-09-11T01:03:59.241Z  WPM/2021        roh          96795 reg. Kerzen      250/0/0 von 252  Tagen gewertet (1m/5m/15m)     6548 Signale  120 ms lesen  80402 ms rechnen
2026-09-11T01:05:23.384Z  WPM/2022        roh          96764 reg. Kerzen      249/0/0 von 251  Tagen gewertet (1m/5m/15m)     6804 Signale  124 ms lesen  83777 ms rechnen
2026-09-11T01:06:42.742Z  WPM/2023        roh          96063 reg. Kerzen      250/0/0 von 250  Tagen gewertet (1m/5m/15m)     6308 Signale  120 ms lesen  78996 ms rechnen
2026-09-11T01:08:01.049Z  WPM/2024        roh          95107 reg. Kerzen      251/0/0 von 252  Tagen gewertet (1m/5m/15m)     6288 Signale  115 ms lesen  77946 ms rechnen
2026-09-11T01:09:21.685Z  WPM/2025        roh          95020 reg. Kerzen      250/0/0 von 250  Tagen gewertet (1m/5m/15m)     6488 Signale  125 ms lesen  80261 ms rechnen
2026-09-11T01:10:18.104Z  WPM/2026        roh          63575 reg. Kerzen      166/0/0 von 166  Tagen gewertet (1m/5m/15m)     4715 Signale  98 ms lesen  56068 ms rechnen
2026-09-11T01:10:28.484Z  WRBY/2021       roh          20641 reg. Kerzen       34/0/0 von 64   Tagen gewertet (1m/5m/15m)     1055 Signale  40 ms lesen  10160 ms rechnen
2026-09-11T01:11:53.333Z  WRBY/2022       roh          91615 reg. Kerzen      245/0/0 von 251  Tagen gewertet (1m/5m/15m)     7950 Signale  148 ms lesen  84648 ms rechnen
2026-09-11T01:13:10.014Z  WRBY/2023       roh          88006 reg. Kerzen      242/0/0 von 250  Tagen gewertet (1m/5m/15m)     7315 Signale  658 ms lesen  75768 ms rechnen
2026-09-11T01:14:25.311Z  WRBY/2024       roh          89065 reg. Kerzen      243/0/0 von 252  Tagen gewertet (1m/5m/15m)     7206 Signale  108 ms lesen  74969 ms rechnen
2026-09-11T01:15:48.365Z  WRBY/2025       roh          92485 reg. Kerzen      248/0/0 von 250  Tagen gewertet (1m/5m/15m)     7501 Signale  98 ms lesen  82726 ms rechnen
2026-09-11T01:16:46.558Z  WRBY/2026       roh          62806 reg. Kerzen      166/0/0 von 166  Tagen gewertet (1m/5m/15m)     5342 Signale  91 ms lesen  57839 ms rechnen
2026-09-11T01:16:46.781Z  WSCI/2016       roh           2762 reg. Kerzen        0/0/0 von 245  Tagen gewertet (1m/5m/15m)        0 Signale  13 ms lesen  20 ms rechnen
2026-09-11T01:16:46.813Z  WSCI/2017       roh           1765 reg. Kerzen        0/0/0 von 235  Tagen gewertet (1m/5m/15m)        0 Signale  7 ms lesen  14 ms rechnen
2026-09-11T01:16:46.847Z  WSCI/2018       roh           2721 reg. Kerzen        0/0/0 von 210  Tagen gewertet (1m/5m/15m)        0 Signale  12 ms lesen  17 ms rechnen
2026-09-11T01:16:47.194Z  WSTC/2016       roh          55071 reg. Kerzen        0/0/0 von 252  Tagen gewertet (1m/5m/15m)        0 Signale  80 ms lesen  260 ms rechnen
2026-09-11T01:16:56.126Z  WSTC/2017       roh          42973 reg. Kerzen       28/0/0 von 195  Tagen gewertet (1m/5m/15m)      399 Signale  65 ms lesen  8692 ms rechnen
2026-09-11T01:18:00.299Z  WTR/2016        roh          89977 reg. Kerzen      223/0/0 von 252  Tagen gewertet (1m/5m/15m)     4871 Signale  120 ms lesen  63930 ms rechnen
2026-09-11T01:18:44.981Z  WTR/2017        roh          80554 reg. Kerzen      171/0/0 von 251  Tagen gewertet (1m/5m/15m)     3601 Signale  100 ms lesen  44322 ms rechnen
2026-09-11T01:19:37.369Z  WTR/2018        roh          83545 reg. Kerzen      195/0/0 von 251  Tagen gewertet (1m/5m/15m)     4455 Signale  105 ms lesen  52079 ms rechnen
2026-09-11T01:20:46.858Z  WTR/2019        roh          90100 reg. Kerzen      246/0/0 von 252  Tagen gewertet (1m/5m/15m)     5357 Signale  105 ms lesen  69194 ms rechnen
2026-09-11T01:20:53.392Z  WTR/2020        roh           8040 reg. Kerzen       21/0/0 von 21   Tagen gewertet (1m/5m/15m)      452 Signale  20 ms lesen  6267 ms rechnen
2026-09-11T01:21:56.831Z  WUBA/2016       roh          89188 reg. Kerzen      209/0/0 von 252  Tagen gewertet (1m/5m/15m)     5756 Signale  106 ms lesen  63316 ms rechnen
2026-09-11T01:23:01.746Z  WUBA/2017       roh          86811 reg. Kerzen      216/0/0 von 251  Tagen gewertet (1m/5m/15m)     5909 Signale  99 ms lesen  64580 ms rechnen
2026-09-11T01:24:13.858Z  WUBA/2018       roh          88234 reg. Kerzen      233/0/0 von 251  Tagen gewertet (1m/5m/15m)     6629 Signale  109 ms lesen  71756 ms rechnen
2026-09-11T01:25:03.804Z  WUBA/2019       roh          82478 reg. Kerzen      170/0/0 von 252  Tagen gewertet (1m/5m/15m)     4496 Signale  114 ms lesen  49628 ms rechnen
2026-09-11T01:25:48.441Z  WUBA/2020       roh          61691 reg. Kerzen      153/0/0 von 180  Tagen gewertet (1m/5m/15m)     3824 Signale  76 ms lesen  44377 ms rechnen
2026-09-11T01:27:03.185Z  WY/2016         roh          97939 reg. Kerzen      232/0/0 von 252  Tagen gewertet (1m/5m/15m)     5658 Signale  137 ms lesen  73859 ms rechnen
2026-09-11T01:28:20.883Z  WY/2017         roh          96694 reg. Kerzen      251/0/0 von 251  Tagen gewertet (1m/5m/15m)     5741 Signale  687 ms lesen  76739 ms rechnen
2026-09-11T01:29:40.224Z  WY/2018         roh          97087 reg. Kerzen      251/0/0 von 251  Tagen gewertet (1m/5m/15m)     5985 Signale  142 ms lesen  78952 ms rechnen
2026-09-11T01:31:00.493Z  WY/2019         roh          97524 reg. Kerzen      252/0/0 von 252  Tagen gewertet (1m/5m/15m)     6176 Signale  122 ms lesen  79873 ms rechnen
2026-09-11T01:32:25.715Z  WY/2020         roh          98112 reg. Kerzen      253/0/0 von 253  Tagen gewertet (1m/5m/15m)     7070 Signale  141 ms lesen  84852 ms rechnen
2026-09-11T01:33:46.343Z  WY/2021         roh          96985 reg. Kerzen      250/0/0 von 252  Tagen gewertet (1m/5m/15m)     6323 Signale  133 ms lesen  80206 ms rechnen
2026-09-11T01:35:08.699Z  WY/2022         roh          96790 reg. Kerzen      249/0/0 von 251  Tagen gewertet (1m/5m/15m)     6499 Signale  129 ms lesen  81983 ms rechnen
2026-09-11T01:36:27.999Z  WY/2023         roh          96783 reg. Kerzen      250/0/0 von 250  Tagen gewertet (1m/5m/15m)     6180 Signale  115 ms lesen  78901 ms rechnen
2026-09-11T01:37:47.145Z  WY/2024         roh          96928 reg. Kerzen      252/0/0 von 252  Tagen gewertet (1m/5m/15m)     6009 Signale  111 ms lesen  78793 ms rechnen
2026-09-11T01:39:07.201Z  WY/2025         roh          96111 reg. Kerzen      250/0/0 von 250  Tagen gewertet (1m/5m/15m)     6232 Signale  126 ms lesen  79675 ms rechnen
2026-09-11T01:40:01.674Z  WY/2026         roh          64471 reg. Kerzen      166/0/0 von 166  Tagen gewertet (1m/5m/15m)     4241 Signale  91 ms lesen  54137 ms rechnen
2026-09-11T01:40:02.002Z  XBKS/2016       bereinigt    17553 reg. Kerzen        0/0/0 von 248  Tagen gewertet (1m/5m/15m)        0 Signale  42 ms lesen  86 ms rechnen
2026-09-11T01:40:02.217Z  XBKS/2017       roh          16570 reg. Kerzen        0/0/0 von 251  Tagen gewertet (1m/5m/15m)        0 Signale  78 ms lesen  103 ms rechnen
2026-09-11T01:40:02.262Z  XFIN/2021       roh             25 reg. Kerzen        0/0/0 von 7    Tagen gewertet (1m/5m/15m)        0 Signale  5 ms lesen  0 ms rechnen
2026-09-11T01:40:02.283Z  XFIN/2022       roh            575 reg. Kerzen        0/0/0 von 135  Tagen gewertet (1m/5m/15m)        0 Signale  16 ms lesen  5 ms rechnen
2026-09-11T01:40:02.315Z  XFIN/2023       roh           1785 reg. Kerzen        0/0/0 von 188  Tagen gewertet (1m/5m/15m)        0 Signale  16 ms lesen  13 ms rechnen
2026-09-11T01:40:02.340Z  XFIN/2024       roh            478 reg. Kerzen        0/0/0 von 105  Tagen gewertet (1m/5m/15m)        0 Signale  12 ms lesen  5 ms rechnen
2026-09-11T01:40:02.362Z  XM/2017         roh             93 reg. Kerzen        0/0/0 von 46   Tagen gewertet (1m/5m/15m)        0 Signale  6 ms lesen  1 ms rechnen
2026-09-11T01:40:02.363Z  AUSGELASSEN XM/2018: Datei fehlt
2026-09-11T01:40:02.365Z  AUSGELASSEN XM/2019: Datei fehlt
2026-09-11T01:40:02.366Z  AUSGELASSEN XM/2020: Datei fehlt
2026-09-11T01:41:04.047Z  XM/2021         roh          83130 reg. Kerzen      188/0/0 von 235  Tagen gewertet (1m/5m/15m)     5861 Signale  129 ms lesen  61552 ms rechnen
2026-09-11T01:42:31.781Z  XM/2022         roh          93443 reg. Kerzen      250/0/0 von 251  Tagen gewertet (1m/5m/15m)     7913 Signale  120 ms lesen  87387 ms rechnen
2026-09-11T01:43:12.628Z  XM/2023         roh          44639 reg. Kerzen      119/0/0 von 121  Tagen gewertet (1m/5m/15m)     2354 Signale  66 ms lesen  40545 ms rechnen
2026-09-11T01:44:30.638Z  XON/2016        roh          93470 reg. Kerzen      231/0/0 von 252  Tagen gewertet (1m/5m/15m)     7409 Signale  123 ms lesen  77766 ms rechnen
2026-09-11T01:45:39.663Z  XON/2017        roh          86521 reg. Kerzen      225/0/0 von 251  Tagen gewertet (1m/5m/15m)     6927 Signale  104 ms lesen  68692 ms rechnen
2026-09-11T01:47:02.280Z  XON/2018        roh          91525 reg. Kerzen      249/0/0 von 251  Tagen gewertet (1m/5m/15m)     7824 Signale  124 ms lesen  82284 ms rechnen
2026-09-11T01:48:06.618Z  XON/2019        roh          88070 reg. Kerzen      196/0/0 von 252  Tagen gewertet (1m/5m/15m)     6225 Signale  106 ms lesen  63960 ms rechnen
2026-09-11T01:48:13.426Z  XON/2020        roh           7415 reg. Kerzen       20/0/0 von 21   Tagen gewertet (1m/5m/15m)      662 Signale  32 ms lesen  6563 ms rechnen
2026-09-11T01:48:13.506Z  XPLR/2016       roh           6861 reg. Kerzen        0/0/0 von 252  Tagen gewertet (1m/5m/15m)        0 Signale  24 ms lesen  28 ms rechnen
2026-09-11T01:48:13.621Z  XPLR/2017       roh          11355 reg. Kerzen        0/0/0 von 251  Tagen gewertet (1m/5m/15m)        0 Signale  24 ms lesen  77 ms rechnen
2026-09-11T01:48:13.716Z  XPLR/2018       roh           6229 reg. Kerzen        0/0/0 von 154  Tagen gewertet (1m/5m/15m)        0 Signale  24 ms lesen  33 ms rechnen
2026-09-11T01:48:13.910Z  XRM/2016        roh          30457 reg. Kerzen        0/0/0 von 252  Tagen gewertet (1m/5m/15m)        0 Signale  47 ms lesen  134 ms rechnen
2026-09-11T01:48:14.057Z  XRM/2017        roh          13977 reg. Kerzen        0/0/0 von 251  Tagen gewertet (1m/5m/15m)        0 Signale  24 ms lesen  56 ms rechnen
2026-09-11T01:48:14.227Z  XRM/2018        roh          16954 reg. Kerzen        0/0/0 von 200  Tagen gewertet (1m/5m/15m)        0 Signale  33 ms lesen  104 ms rechnen
2026-09-11T01:48:16.560Z  XXIA/2016       roh          64926 reg. Kerzen        6/0/0 von 252  Tagen gewertet (1m/5m/15m)      170 Signale  86 ms lesen  2199 ms rechnen
2026-09-11T01:48:28.017Z  XXIA/2017       roh          21129 reg. Kerzen       33/0/0 von 73   Tagen gewertet (1m/5m/15m)      528 Signale  44 ms lesen  11258 ms rechnen
2026-09-11T01:48:28.114Z  YECO/2017       bereinigt     3627 reg. Kerzen        0/0/0 von 63   Tagen gewertet (1m/5m/15m)        0 Signale  15 ms lesen  25 ms rechnen
2026-09-11T01:48:28.256Z  YECO/2018       roh          16734 reg. Kerzen        0/0/0 von 238  Tagen gewertet (1m/5m/15m)        0 Signale  23 ms lesen  106 ms rechnen
2026-09-11T01:48:28.358Z  YGMZ/2020       bereinigt     2956 reg. Kerzen        0/0/0 von 50   Tagen gewertet (1m/5m/15m)        0 Signale  19 ms lesen  14 ms rechnen
2026-09-11T01:48:30.007Z  YGMZ/2021       bereinigt    35983 reg. Kerzen        4/0/0 von 252  Tagen gewertet (1m/5m/15m)      138 Signale  74 ms lesen  1569 ms rechnen
2026-09-11T01:48:30.181Z  YGMZ/2022       bereinigt     9911 reg. Kerzen        0/0/0 von 251  Tagen gewertet (1m/5m/15m)        0 Signale  22 ms lesen  56 ms rechnen
2026-09-11T01:48:30.337Z  YGMZ/2023       bereinigt    13267 reg. Kerzen        0/0/0 von 250  Tagen gewertet (1m/5m/15m)        0 Signale  31 ms lesen  90 ms rechnen
2026-09-11T01:48:30.443Z  YGMZ/2024       bereinigt    10640 reg. Kerzen        0/0/0 von 252  Tagen gewertet (1m/5m/15m)        0 Signale  31 ms lesen  49 ms rechnen
2026-09-11T01:48:30.610Z  YGMZ/2025       bereinigt    17148 reg. Kerzen        0/0/0 von 237  Tagen gewertet (1m/5m/15m)        0 Signale  39 ms lesen  106 ms rechnen
2026-09-11T01:49:45.432Z  YNDX/2016       roh          95176 reg. Kerzen      232/0/0 von 252  Tagen gewertet (1m/5m/15m)     6437 Signale  118 ms lesen  74643 ms rechnen
2026-09-11T01:51:04.542Z  YNDX/2017       roh          94510 reg. Kerzen      251/0/0 von 251  Tagen gewertet (1m/5m/15m)     6869 Signale  139 ms lesen  78703 ms rechnen
2026-09-11T01:52:27.170Z  YNDX/2018       roh          95604 reg. Kerzen      249/0/0 von 251  Tagen gewertet (1m/5m/15m)     7084 Signale  149 ms lesen  82237 ms rechnen
2026-09-11T01:53:43.507Z  YNDX/2019       roh          94128 reg. Kerzen      251/0/0 von 252  Tagen gewertet (1m/5m/15m)     6490 Signale  112 ms lesen  75956 ms rechnen
2026-09-11T01:55:04.465Z  YNDX/2020       roh          96394 reg. Kerzen      252/0/0 von 253  Tagen gewertet (1m/5m/15m)     6912 Signale  122 ms lesen  80568 ms rechnen
2026-09-11T01:56:17.641Z  YNDX/2021       roh          91339 reg. Kerzen      246/0/0 von 252  Tagen gewertet (1m/5m/15m)     6150 Signale  179 ms lesen  72734 ms rechnen
2026-09-11T01:56:31.362Z  YNDX/2022       roh          14701 reg. Kerzen       38/0/0 von 38   Tagen gewertet (1m/5m/15m)     1166 Signale  39 ms lesen  13446 ms rechnen
2026-09-11T01:56:31.404Z  AUSGELASSEN YNDX/2023: Datei fehlt
2026-09-11T01:56:31.449Z  AUSGELASSEN YNDX/2024: Datei fehlt
2026-09-11T01:56:45.860Z  YOU/2021        roh          37601 reg. Kerzen       45/0/0 von 129  Tagen gewertet (1m/5m/15m)     1407 Signale  55 ms lesen  14337 ms rechnen
2026-09-11T01:58:00.312Z  YOU/2022        roh          86659 reg. Kerzen      226/0/0 von 251  Tagen gewertet (1m/5m/15m)     7092 Signale  122 ms lesen  74235 ms rechnen
2026-09-11T01:59:16.416Z  YOU/2023        roh          89004 reg. Kerzen      244/0/0 von 250  Tagen gewertet (1m/5m/15m)     7161 Signale  107 ms lesen  75770 ms rechnen
2026-09-11T02:00:34.129Z  YOU/2024        roh          91530 reg. Kerzen      247/0/0 von 252  Tagen gewertet (1m/5m/15m)     7097 Signale  110 ms lesen  77377 ms rechnen
2026-09-11T02:01:47.670Z  YOU/2025        roh          89129 reg. Kerzen      241/0/0 von 250  Tagen gewertet (1m/5m/15m)     6918 Signale  122 ms lesen  73169 ms rechnen
2026-09-11T02:02:33.870Z  YOU/2026        roh          57974 reg. Kerzen      145/0/0 von 166  Tagen gewertet (1m/5m/15m)     4316 Signale  93 ms lesen  45893 ms rechnen
2026-09-11T02:03:47.979Z  YUM/2016        roh          97688 reg. Kerzen      232/0/0 von 252  Tagen gewertet (1m/5m/15m)     5296 Signale  125 ms lesen  73256 ms rechnen
2026-09-11T02:05:06.719Z  YUM/2017        roh          95933 reg. Kerzen      251/0/0 von 251  Tagen gewertet (1m/5m/15m)     5337 Signale  129 ms lesen  78384 ms rechnen
2026-09-11T02:06:24.062Z  YUM/2018        roh          96121 reg. Kerzen      251/0/0 von 251  Tagen gewertet (1m/5m/15m)     5775 Signale  110 ms lesen  77009 ms rechnen
2026-09-11T02:07:41.149Z  YUM/2019        roh          95930 reg. Kerzen      252/0/0 von 252  Tagen gewertet (1m/5m/15m)     5452 Signale  184 ms lesen  76629 ms rechnen
2026-09-11T02:09:05.010Z  YUM/2020        roh          97070 reg. Kerzen      253/0/0 von 253  Tagen gewertet (1m/5m/15m)     6557 Signale  113 ms lesen  83477 ms rechnen
2026-09-11T02:10:21.932Z  YUM/2021        roh          94891 reg. Kerzen      249/0/0 von 252  Tagen gewertet (1m/5m/15m)     5618 Signale  134 ms lesen  76574 ms rechnen
2026-09-11T02:11:40.367Z  YUM/2022        roh          95057 reg. Kerzen      249/0/0 von 251  Tagen gewertet (1m/5m/15m)     6024 Signale  137 ms lesen  78046 ms rechnen
2026-09-11T02:12:55.820Z  YUM/2023        roh          94248 reg. Kerzen      250/0/0 von 250  Tagen gewertet (1m/5m/15m)     5479 Signale  132 ms lesen  75050 ms rechnen
2026-09-11T02:14:13.231Z  YUM/2024        roh          94741 reg. Kerzen      252/0/0 von 252  Tagen gewertet (1m/5m/15m)     5555 Signale  675 ms lesen  76473 ms rechnen
2026-09-11T02:15:29.539Z  YUM/2025        roh          92964 reg. Kerzen      250/0/0 von 250  Tagen gewertet (1m/5m/15m)     5683 Signale  128 ms lesen  75933 ms rechnen
2026-09-11T02:16:19.255Z  YUM/2026        roh          61272 reg. Kerzen      165/0/0 von 166  Tagen gewertet (1m/5m/15m)     4060 Signale  114 ms lesen  49367 ms rechnen
2026-09-11T02:16:25.758Z  ZAGG/2016       roh          70120 reg. Kerzen       19/0/0 von 252  Tagen gewertet (1m/5m/15m)      578 Signale  121 ms lesen  6208 ms rechnen
2026-09-11T02:16:42.794Z  ZAGG/2017       roh          60340 reg. Kerzen       54/0/0 von 251  Tagen gewertet (1m/5m/15m)     1692 Signale  77 ms lesen  16757 ms rechnen
2026-09-11T02:16:47.599Z  ZAGG/2018       roh          61371 reg. Kerzen       12/0/0 von 251  Tagen gewertet (1m/5m/15m)      374 Signale  700 ms lesen  3924 ms rechnen
2026-09-11T02:16:51.053Z  ZAGG/2019       roh          68307 reg. Kerzen        9/0/0 von 252  Tagen gewertet (1m/5m/15m)      288 Signale  86 ms lesen  3171 ms rechnen
2026-09-11T02:16:51.744Z  ZAGG/2020       roh          67151 reg. Kerzen        0/0/0 von 253  Tagen gewertet (1m/5m/15m)        0 Signale  96 ms lesen  424 ms rechnen
2026-09-11T02:16:51.998Z  ZAGG/2021       roh           6648 reg. Kerzen        0/0/0 von 34   Tagen gewertet (1m/5m/15m)        0 Signale  26 ms lesen  59 ms rechnen
2026-09-11T02:17:13.049Z  ZD/2016         roh          73830 reg. Kerzen       77/0/0 von 252  Tagen gewertet (1m/5m/15m)     2097 Signale  92 ms lesen  20936 ms rechnen
2026-09-11T02:17:21.306Z  ZD/2017         roh          65775 reg. Kerzen       30/0/0 von 251  Tagen gewertet (1m/5m/15m)      760 Signale  92 ms lesen  7962 ms rechnen
2026-09-11T02:17:28.735Z  ZD/2018         roh          63349 reg. Kerzen       25/0/0 von 251  Tagen gewertet (1m/5m/15m)      692 Signale  100 ms lesen  7122 ms rechnen
2026-09-11T02:17:38.518Z  ZD/2019         roh          65745 reg. Kerzen       36/0/0 von 252  Tagen gewertet (1m/5m/15m)      894 Signale  90 ms lesen  9558 ms rechnen
2026-09-11T02:18:20.315Z  ZD/2020         roh          79367 reg. Kerzen      138/0/0 von 253  Tagen gewertet (1m/5m/15m)     3932 Signale  100 ms lesen  41505 ms rechnen
2026-09-11T02:18:28.034Z  ZD/2021         roh          66273 reg. Kerzen       27/0/0 von 252  Tagen gewertet (1m/5m/15m)      759 Signale  101 ms lesen  7407 ms rechnen
2026-09-11T02:18:34.066Z  ZD/2022         roh          60366 reg. Kerzen       19/0/0 von 251  Tagen gewertet (1m/5m/15m)      562 Signale  74 ms lesen  5789 ms rechnen
2026-09-11T02:18:35.841Z  ZD/2023         roh          52599 reg. Kerzen        5/0/0 von 250  Tagen gewertet (1m/5m/15m)      125 Signale  66 ms lesen  1564 ms rechnen
2026-09-11T02:18:40.987Z  ZD/2024         roh          56838 reg. Kerzen       18/0/0 von 252  Tagen gewertet (1m/5m/15m)      529 Signale  70 ms lesen  4927 ms rechnen
2026-09-11T02:18:52.041Z  ZD/2025         roh          64234 reg. Kerzen       39/0/0 von 250  Tagen gewertet (1m/5m/15m)     1148 Signale  92 ms lesen  10814 ms rechnen
2026-09-11T02:19:00.682Z  ZD/2026         roh          44062 reg. Kerzen       25/0/0 von 166  Tagen gewertet (1m/5m/15m)      755 Signale  68 ms lesen  8403 ms rechnen
2026-09-11T02:19:07.541Z  ZEV/2020        bereinigt    11111 reg. Kerzen       18/0/0 von 122  Tagen gewertet (1m/5m/15m)      573 Signale  46 ms lesen  6677 ms rechnen
2026-09-11T02:19:41.156Z  ZEV/2021        bereinigt    77997 reg. Kerzen       98/0/0 von 252  Tagen gewertet (1m/5m/15m)     3151 Signale  142 ms lesen  33451 ms rechnen
2026-09-11T02:19:42.694Z  ZEV/2022        bereinigt    73154 reg. Kerzen        2/0/0 von 251  Tagen gewertet (1m/5m/15m)       62 Signale  122 ms lesen  1224 ms rechnen
2026-09-11T02:19:43.225Z  ZEV/2023        bereinigt    35656 reg. Kerzen        0/0/0 von 178  Tagen gewertet (1m/5m/15m)        0 Signale  76 ms lesen  276 ms rechnen
2026-09-11T02:20:27.527Z  ZI/2020         roh          55209 reg. Kerzen      127/0/0 von 147  Tagen gewertet (1m/5m/15m)     4139 Signale  84 ms lesen  44116 ms rechnen
2026-09-11T02:21:54.718Z  ZI/2021         roh          95326 reg. Kerzen      252/0/0 von 252  Tagen gewertet (1m/5m/15m)     7680 Signale  110 ms lesen  86947 ms rechnen
2026-09-11T02:23:25.310Z  ZI/2022         roh          97525 reg. Kerzen      251/0/0 von 251  Tagen gewertet (1m/5m/15m)     7825 Signale  110 ms lesen  90235 ms rechnen
2026-09-11T02:24:51.584Z  ZI/2023         roh          97002 reg. Kerzen      250/0/0 von 250  Tagen gewertet (1m/5m/15m)     7249 Signale  113 ms lesen  85932 ms rechnen
2026-09-11T02:26:16.885Z  ZI/2024         roh          97024 reg. Kerzen      252/0/0 von 252  Tagen gewertet (1m/5m/15m)     7369 Signale  115 ms lesen  84896 ms rechnen
2026-09-11T02:26:48.886Z  ZI/2025         roh          34463 reg. Kerzen       89/0/0 von 89   Tagen gewertet (1m/5m/15m)     2648 Signale  78 ms lesen  31690 ms rechnen
2026-09-11T02:26:49.149Z  ZIVO/2021       bereinigt    17336 reg. Kerzen        0/0/0 von 151  Tagen gewertet (1m/5m/15m)        0 Signale  58 ms lesen  112 ms rechnen
2026-09-11T02:26:49.246Z  ZIVO/2022       bereinigt     4122 reg. Kerzen        0/0/0 von 249  Tagen gewertet (1m/5m/15m)        0 Signale  18 ms lesen  29 ms rechnen
2026-09-11T02:26:49.297Z  ZIVO/2023       bereinigt     3396 reg. Kerzen        0/0/0 von 226  Tagen gewertet (1m/5m/15m)        0 Signale  12 ms lesen  26 ms rechnen
2026-09-11T02:26:49.309Z  AUSGELASSEN ZIVO/2024: Datei fehlt
2026-09-11T02:26:49.320Z  AUSGELASSEN ZIVO/2025: Datei fehlt
2026-09-11T02:26:49.396Z  ZN/2016         roh          10662 reg. Kerzen        0/0/0 von 252  Tagen gewertet (1m/5m/15m)        0 Signale  22 ms lesen  53 ms rechnen
2026-09-11T02:26:52.978Z  ZN/2017         roh          41125 reg. Kerzen       11/0/0 von 251  Tagen gewertet (1m/5m/15m)      375 Signale  61 ms lesen  3498 ms rechnen
2026-09-11T02:26:54.209Z  ZN/2018         roh          58064 reg. Kerzen        2/0/0 von 251  Tagen gewertet (1m/5m/15m)       64 Signale  88 ms lesen  1019 ms rechnen
2026-09-11T02:26:54.696Z  ZN/2019         roh          52092 reg. Kerzen        0/0/0 von 252  Tagen gewertet (1m/5m/15m)        0 Signale  82 ms lesen  266 ms rechnen
2026-09-11T02:26:55.336Z  ZN/2020         roh          58535 reg. Kerzen        0/0/0 von 169  Tagen gewertet (1m/5m/15m)        0 Signale  86 ms lesen  418 ms rechnen
2026-09-11T02:27:45.760Z  ZS/2018         roh          68679 reg. Kerzen      152/0/0 von 200  Tagen gewertet (1m/5m/15m)     4825 Signale  102 ms lesen  50170 ms rechnen
2026-09-11T02:29:11.520Z  ZS/2019         roh          95855 reg. Kerzen      252/0/0 von 252  Tagen gewertet (1m/5m/15m)     7543 Signale  122 ms lesen  85471 ms rechnen
2026-09-11T02:30:39.751Z  ZS/2020         roh          96927 reg. Kerzen      253/0/0 von 253  Tagen gewertet (1m/5m/15m)     7722 Signale  127 ms lesen  87865 ms rechnen
2026-09-11T02:32:02.805Z  ZS/2021         roh          94091 reg. Kerzen      250/0/0 von 252  Tagen gewertet (1m/5m/15m)     6946 Signale  138 ms lesen  82635 ms rechnen
2026-09-11T02:33:33.213Z  ZS/2022         roh          96075 reg. Kerzen      251/0/0 von 251  Tagen gewertet (1m/5m/15m)     7819 Signale  120 ms lesen  90058 ms rechnen
2026-09-11T02:34:57.158Z  ZS/2023         roh          95350 reg. Kerzen      250/0/0 von 250  Tagen gewertet (1m/5m/15m)     7233 Signale  145 ms lesen  83551 ms rechnen
2026-09-11T02:36:18.937Z  ZS/2024         roh          94413 reg. Kerzen      252/0/0 von 252  Tagen gewertet (1m/5m/15m)     6868 Signale  117 ms lesen  81376 ms rechnen
2026-09-11T02:37:37.260Z  ZS/2025         roh          92700 reg. Kerzen      246/0/0 von 250  Tagen gewertet (1m/5m/15m)     6632 Signale  124 ms lesen  77954 ms rechnen
2026-09-11T02:38:36.378Z  ZS/2026         roh          64489 reg. Kerzen      166/0/0 von 166  Tagen gewertet (1m/5m/15m)     4899 Signale  117 ms lesen  58769 ms rechnen
2026-09-11T02:38:36.830Z  ZVO/2016        roh          34240 reg. Kerzen        0/0/0 von 252  Tagen gewertet (1m/5m/15m)        0 Signale  52 ms lesen  236 ms rechnen
2026-09-11T02:38:37.259Z  ZVO/2017        roh          48793 reg. Kerzen        0/0/0 von 251  Tagen gewertet (1m/5m/15m)        0 Signale  64 ms lesen  269 ms rechnen
2026-09-11T02:38:37.726Z  ZVO/2018        roh          48329 reg. Kerzen        0/0/0 von 251  Tagen gewertet (1m/5m/15m)        0 Signale  65 ms lesen  275 ms rechnen
2026-09-11T02:38:38.067Z  ZVO/2019        roh          33342 reg. Kerzen        0/0/0 von 252  Tagen gewertet (1m/5m/15m)        0 Signale  51 ms lesen  171 ms rechnen
2026-09-11T02:38:38.776Z  ZVO/2020        roh          43136 reg. Kerzen        1/0/0 von 253  Tagen gewertet (1m/5m/15m)       34 Signale  66 ms lesen  553 ms rechnen
2026-09-11T02:38:39.126Z  ZVO/2021        roh          37846 reg. Kerzen        0/0/0 von 252  Tagen gewertet (1m/5m/15m)        0 Signale  52 ms lesen  176 ms rechnen
2026-09-11T02:38:39.475Z  ZVO/2022        roh          27074 reg. Kerzen        0/0/0 von 216  Tagen gewertet (1m/5m/15m)        0 Signale  56 ms lesen  174 ms rechnen
2026-09-11T02:38:39.833Z  ZYNE/2016       roh          40551 reg. Kerzen        0/0/0 von 252  Tagen gewertet (1m/5m/15m)        0 Signale  53 ms lesen  231 ms rechnen
2026-09-11T02:38:56.815Z  ZYNE/2017       roh          70834 reg. Kerzen       56/0/0 von 251  Tagen gewertet (1m/5m/15m)     1793 Signale  93 ms lesen  16765 ms rechnen
2026-09-11T02:38:57.413Z  ZYNE/2018       roh          57314 reg. Kerzen        0/0/0 von 251  Tagen gewertet (1m/5m/15m)        0 Signale  96 ms lesen  331 ms rechnen
2026-09-11T02:38:59.412Z  CHECKPOINT 5600 Dateien, 2089 min, Detektorfehler {}
2026-09-11T02:39:33.033Z  ZYNE/2019       roh          77103 reg. Kerzen      101/0/0 von 252  Tagen gewertet (1m/5m/15m)     3331 Signale  105 ms lesen  33516 ms rechnen
2026-09-11T02:39:44.571Z  ZYNE/2020       roh          67979 reg. Kerzen       31/0/0 von 253  Tagen gewertet (1m/5m/15m)     1033 Signale  95 ms lesen  11232 ms rechnen
2026-09-11T02:40:12.149Z  ZYNE/2021       roh          75320 reg. Kerzen       81/0/0 von 252  Tagen gewertet (1m/5m/15m)     2639 Signale  104 ms lesen  27312 ms rechnen
2026-09-11T02:40:12.643Z  ZYNE/2022       roh          46650 reg. Kerzen        0/0/0 von 251  Tagen gewertet (1m/5m/15m)        0 Signale  62 ms lesen  245 ms rechnen
2026-09-11T02:40:12.938Z  ZYNE/2023       roh          23983 reg. Kerzen        0/0/0 von 194  Tagen gewertet (1m/5m/15m)        0 Signale  49 ms lesen  118 ms rechnen
2026-09-11T02:40:14.617Z  ENDE vollstaendig | 5605 Dateien | 15.17 GB | 297.501.033 reg. Kerzen | lesen 7867 s, rechnen 152717 s | ausgelassen 121 | Detektorfehler {}
Ende 11.09.2026  4:40:16,72  (Rueckgabewert 0) 
