Signalstudie Minuten: Ausgabe voll-0-1m --teil 0/8 --zeitrahmen 1m, Start 08.09.2026 16:53:58,51 

!!! WERTPAPIERART: Referenzkarte vorhanden, aber ohne Eintrag fuer GCI (erster Fall dieses Laufs; weitere werden nicht gemeldet) - solche Symbole fallen STILL aus dem Universum heraus.

2026-09-08T14:54:00.267Z  START signale-minuten-2026-09-06/v4/13x3x3x4x3+kurs | 913 Reihen (7299 Aktien, ausgeschlossen {"ETF":694,"ETN":7,"ETV":35,"FUND":16,"ETS":4,"ohne Art":1,"TEST":1,"UNIT":1}) | 13 Detektoren | Tage 2680 | Bestaetigung ab 2023-02-07 | Teil 0/8
2026-09-08T14:54:00.268Z  ZEITRAHMEN-TEIL: nur 1m - die uebrigen Zeitrahmen muessen in einem eigenen Lauf gemessen und beim Auswerten zusammengelegt werden
2026-09-08T14:55:31.004Z  A/2016          roh          96560 reg. Kerzen      232/0/0 von 252  Tagen gewertet (1m/5m/15m)     5330 Signale  4446 ms lesen  85713 ms rechnen
2026-09-08T14:56:53.690Z  A/2017          roh          94772 reg. Kerzen      251/0/0 von 251  Tagen gewertet (1m/5m/15m)     5630 Signale  2633 ms lesen  79768 ms rechnen
2026-09-08T14:58:16.291Z  A/2018          roh          96363 reg. Kerzen      251/0/0 von 251  Tagen gewertet (1m/5m/15m)     6139 Signale  174 ms lesen  82160 ms rechnen
2026-09-08T14:59:40.845Z  A/2019          roh          96365 reg. Kerzen      252/0/0 von 252  Tagen gewertet (1m/5m/15m)     5807 Signale  2677 ms lesen  81618 ms rechnen
2026-09-08T15:01:09.541Z  A/2020          roh          96553 reg. Kerzen      253/0/0 von 253  Tagen gewertet (1m/5m/15m)     6372 Signale  3517 ms lesen  84948 ms rechnen
2026-09-08T15:02:32.259Z  A/2021          roh          95172 reg. Kerzen      250/0/0 von 252  Tagen gewertet (1m/5m/15m)     5847 Signale  1261 ms lesen  81169 ms rechnen
2026-09-08T15:03:57.552Z  A/2022          roh          94404 reg. Kerzen      249/0/0 von 251  Tagen gewertet (1m/5m/15m)     6584 Signale  146 ms lesen  84896 ms rechnen
2026-09-08T15:05:22.770Z  A/2023          roh          94050 reg. Kerzen      249/0/0 von 250  Tagen gewertet (1m/5m/15m)     6117 Signale  2918 ms lesen  82012 ms rechnen
2026-09-08T15:06:46.174Z  A/2024          roh          92569 reg. Kerzen      247/0/0 von 252  Tagen gewertet (1m/5m/15m)     5895 Signale  2691 ms lesen  80460 ms rechnen
2026-09-08T15:08:11.250Z  A/2025          roh          91384 reg. Kerzen      248/0/0 von 250  Tagen gewertet (1m/5m/15m)     6204 Signale  5009 ms lesen  79807 ms rechnen
2026-09-08T15:09:08.150Z  A/2026          roh          61534 reg. Kerzen      164/0/0 von 166  Tagen gewertet (1m/5m/15m)     4229 Signale  2462 ms lesen  54206 ms rechnen
2026-09-08T15:09:09.249Z  AADI/2021       roh          11695 reg. Kerzen        0/0/0 von 88   Tagen gewertet (1m/5m/15m)        0 Signale  719 ms lesen  62 ms rechnen
2026-09-08T15:09:10.724Z  AADI/2022       roh          31303 reg. Kerzen        0/0/0 von 251  Tagen gewertet (1m/5m/15m)        0 Signale  1244 ms lesen  192 ms rechnen
2026-09-08T15:09:11.437Z  AADI/2023       roh          31842 reg. Kerzen        0/0/0 von 250  Tagen gewertet (1m/5m/15m)        0 Signale  446 ms lesen  187 ms rechnen
2026-09-08T15:09:12.956Z  AADI/2024       roh          31791 reg. Kerzen        0/0/0 von 252  Tagen gewertet (1m/5m/15m)        0 Signale  1248 ms lesen  184 ms rechnen
2026-09-08T15:09:13.755Z  AADI/2025       roh           5488 reg. Kerzen        0/0/0 von 51   Tagen gewertet (1m/5m/15m)        0 Signale  659 ms lesen  48 ms rechnen
2026-09-08T15:09:16.881Z  AAON/2016       bereinigt    44825 reg. Kerzen        0/0/0 von 252  Tagen gewertet (1m/5m/15m)        0 Signale  2784 ms lesen  270 ms rechnen
2026-09-08T15:09:17.387Z  AAON/2017       bereinigt    40671 reg. Kerzen        0/0/0 von 251  Tagen gewertet (1m/5m/15m)        0 Signale  128 ms lesen  249 ms rechnen
2026-09-08T15:09:26.758Z  AAON/2018       bereinigt    50098 reg. Kerzen        2/0/0 von 251  Tagen gewertet (1m/5m/15m)       62 Signale  8420 ms lesen  854 ms rechnen
2026-09-08T15:09:29.839Z  AAON/2019       bereinigt    41170 reg. Kerzen        0/0/0 von 252  Tagen gewertet (1m/5m/15m)        0 Signale  2709 ms lesen  231 ms rechnen
2026-09-08T15:09:34.979Z  AAON/2020       bereinigt    51146 reg. Kerzen        7/0/0 von 253  Tagen gewertet (1m/5m/15m)      224 Signale  2776 ms lesen  2267 ms rechnen
2026-09-08T15:09:36.187Z  AAON/2021       bereinigt    36641 reg. Kerzen        0/0/0 von 252  Tagen gewertet (1m/5m/15m)        0 Signale  845 ms lesen  226 ms rechnen
2026-09-08T15:09:37.934Z  AAON/2022       bereinigt    40949 reg. Kerzen        2/0/0 von 251  Tagen gewertet (1m/5m/15m)       55 Signale  857 ms lesen  790 ms rechnen
2026-09-08T15:09:42.653Z  AAON/2023       bereinigt    54258 reg. Kerzen        7/0/0 von 250  Tagen gewertet (1m/5m/15m)      185 Signale  2177 ms lesen  2445 ms rechnen
2026-09-08T15:09:58.628Z  AAON/2024       roh          63951 reg. Kerzen       43/0/0 von 252  Tagen gewertet (1m/5m/15m)     1225 Signale  3463 ms lesen  12368 ms rechnen
2026-09-08T15:10:49.879Z  AAON/2025       roh          78959 reg. Kerzen      151/0/0 von 250  Tagen gewertet (1m/5m/15m)     4522 Signale  3814 ms lesen  47248 ms rechnen
2026-09-08T15:11:24.228Z  AAON/2026       roh          52653 reg. Kerzen       99/0/0 von 166  Tagen gewertet (1m/5m/15m)     3037 Signale  2233 ms lesen  31884 ms rechnen
2026-09-08T15:11:26.050Z  AAU/2016        roh          31738 reg. Kerzen        0/0/0 von 252  Tagen gewertet (1m/5m/15m)        0 Signale  1522 ms lesen  151 ms rechnen
2026-09-08T15:11:27.449Z  AAU/2017        roh          28884 reg. Kerzen        0/0/0 von 251  Tagen gewertet (1m/5m/15m)        0 Signale  1154 ms lesen  164 ms rechnen
2026-09-08T15:11:28.598Z  AAU/2018        roh          16819 reg. Kerzen        0/0/0 von 251  Tagen gewertet (1m/5m/15m)        0 Signale  959 ms lesen  109 ms rechnen
2026-09-08T15:11:28.899Z  AAU/2019        roh          20497 reg. Kerzen        0/0/0 von 252  Tagen gewertet (1m/5m/15m)        0 Signale  108 ms lesen  141 ms rechnen
2026-09-08T15:11:29.264Z  AAU/2020        roh          39168 reg. Kerzen        0/0/0 von 253  Tagen gewertet (1m/5m/15m)        0 Signale  62 ms lesen  245 ms rechnen
2026-09-08T15:11:30.677Z  AAU/2021        roh          58281 reg. Kerzen        0/0/0 von 252  Tagen gewertet (1m/5m/15m)        0 Signale  861 ms lesen  416 ms rechnen
2026-09-08T15:11:31.936Z  AAU/2022        roh          31899 reg. Kerzen        0/0/0 von 251  Tagen gewertet (1m/5m/15m)        0 Signale  892 ms lesen  224 ms rechnen
2026-09-08T15:11:32.698Z  AAU/2023        roh          22368 reg. Kerzen        0/0/0 von 250  Tagen gewertet (1m/5m/15m)        0 Signale  529 ms lesen  144 ms rechnen
2026-09-08T15:11:33.236Z  AAU/2024        roh           4584 reg. Kerzen        0/0/0 von 65   Tagen gewertet (1m/5m/15m)        0 Signale  447 ms lesen  33 ms rechnen
2026-09-08T15:12:56.021Z  ABC/2016        roh          97148 reg. Kerzen      232/0/0 von 252  Tagen gewertet (1m/5m/15m)     5296 Signale  2928 ms lesen  79825 ms rechnen
2026-09-08T15:14:17.575Z  ABC/2017        roh          93798 reg. Kerzen      250/0/0 von 251  Tagen gewertet (1m/5m/15m)     6049 Signale  155 ms lesen  81159 ms rechnen
2026-09-08T15:15:41.112Z  ABC/2018        roh          93291 reg. Kerzen      251/0/0 von 251  Tagen gewertet (1m/5m/15m)     6552 Signale  2237 ms lesen  81063 ms rechnen
2026-09-08T15:17:03.992Z  ABC/2019        roh          93197 reg. Kerzen      250/0/0 von 252  Tagen gewertet (1m/5m/15m)     6284 Signale  2985 ms lesen  79669 ms rechnen
2026-09-08T15:18:29.224Z  ABC/2020        roh          93856 reg. Kerzen      253/0/0 von 253  Tagen gewertet (1m/5m/15m)     6824 Signale  682 ms lesen  84287 ms rechnen
2026-09-08T15:19:41.377Z  ABC/2021        roh          88262 reg. Kerzen      227/0/0 von 252  Tagen gewertet (1m/5m/15m)     5499 Signale  2630 ms lesen  69297 ms rechnen
2026-09-08T15:21:02.407Z  ABC/2022        roh          91755 reg. Kerzen      246/0/0 von 251  Tagen gewertet (1m/5m/15m)     6173 Signale  4299 ms lesen  76482 ms rechnen
2026-09-08T15:21:53.036Z  ABC/2023        roh          59842 reg. Kerzen      161/0/0 von 165  Tagen gewertet (1m/5m/15m)     3700 Signale  1494 ms lesen  48860 ms rechnen
2026-09-08T15:21:53.374Z  ABGI/2021       roh           5162 reg. Kerzen        0/0/0 von 185  Tagen gewertet (1m/5m/15m)        0 Signale  116 ms lesen  33 ms rechnen
2026-09-08T15:21:53.463Z  ABGI/2022       roh           1073 reg. Kerzen        0/0/0 von 196  Tagen gewertet (1m/5m/15m)        0 Signale  62 ms lesen  11 ms rechnen
2026-09-08T15:21:53.479Z  ABGI/2023       roh            330 reg. Kerzen        0/0/0 von 24   Tagen gewertet (1m/5m/15m)        0 Signale  9 ms lesen  2 ms rechnen
2026-09-08T15:21:53.575Z  ABNB/2020       roh           5421 reg. Kerzen        0/0/0 von 15   Tagen gewertet (1m/5m/15m)        0 Signale  45 ms lesen  48 ms rechnen
2026-09-08T15:23:26.986Z  ABNB/2021       roh          98045 reg. Kerzen      247/0/0 von 252  Tagen gewertet (1m/5m/15m)     7361 Signale  193 ms lesen  93198 ms rechnen
2026-09-08T15:25:05.448Z  ABNB/2022       roh          97705 reg. Kerzen      251/0/0 von 251  Tagen gewertet (1m/5m/15m)     7636 Signale  4672 ms lesen  93493 ms rechnen
2026-09-08T15:26:35.306Z  ABNB/2023       roh          97129 reg. Kerzen      250/0/0 von 250  Tagen gewertet (1m/5m/15m)     6851 Signale  3750 ms lesen  85856 ms rechnen
2026-09-08T15:28:04.658Z  ABNB/2024       roh          97611 reg. Kerzen      252/0/0 von 252  Tagen gewertet (1m/5m/15m)     6398 Signale  3593 ms lesen  85477 ms rechnen
2026-09-08T15:29:32.794Z  ABNB/2025       roh          96852 reg. Kerzen      250/0/0 von 250  Tagen gewertet (1m/5m/15m)     6428 Signale  2818 ms lesen  85040 ms rechnen
2026-09-08T15:30:31.494Z  ABNB/2026       roh          64435 reg. Kerzen      166/0/0 von 166  Tagen gewertet (1m/5m/15m)     4451 Signale  1477 ms lesen  56945 ms rechnen
2026-09-08T15:30:31.680Z  AUSGELASSEN ABVE/2016: Datei fehlt
2026-09-08T15:30:31.681Z  AUSGELASSEN ABVE/2017: Datei fehlt
2026-09-08T15:30:31.682Z  AUSGELASSEN ABVE/2018: Datei fehlt
2026-09-08T15:30:31.683Z  AUSGELASSEN ABVE/2019: Datei fehlt
2026-09-08T15:30:31.683Z  AUSGELASSEN ABVE/2020: Datei fehlt
2026-09-08T15:30:31.781Z  ABVE/2021       roh           3792 reg. Kerzen        0/0/0 von 180  Tagen gewertet (1m/5m/15m)        0 Signale  77 ms lesen  20 ms rechnen
2026-09-08T15:30:31.822Z  ABVE/2022       roh           1401 reg. Kerzen        0/0/0 von 214  Tagen gewertet (1m/5m/15m)        0 Signale  16 ms lesen  14 ms rechnen
2026-09-08T15:30:31.892Z  ABVE/2023       roh            628 reg. Kerzen        0/0/0 von 148  Tagen gewertet (1m/5m/15m)        0 Signale  58 ms lesen  5 ms rechnen
2026-09-08T15:30:33.560Z  ABVE/2024       roh          12130 reg. Kerzen        0/0/0 von 232  Tagen gewertet (1m/5m/15m)        0 Signale  1605 ms lesen  59 ms rechnen
2026-09-08T15:30:47.850Z  ABVE/2025       roh          53213 reg. Kerzen       32/0/0 von 250  Tagen gewertet (1m/5m/15m)     1075 Signale  2414 ms lesen  11850 ms rechnen
2026-09-08T15:30:50.016Z  ABVE/2026       roh          34514 reg. Kerzen        0/0/0 von 103  Tagen gewertet (1m/5m/15m)        0 Signale  1684 ms lesen  319 ms rechnen
2026-09-08T15:30:50.170Z  ACAM/2019       roh            208 reg. Kerzen        0/0/0 von 72   Tagen gewertet (1m/5m/15m)        0 Signale  57 ms lesen  2 ms rechnen
2026-09-08T15:30:52.007Z  ACAM/2020       roh           8939 reg. Kerzen        4/0/0 von 221  Tagen gewertet (1m/5m/15m)      129 Signale  429 ms lesen  1406 ms rechnen
2026-09-08T15:30:57.358Z  ACAM/2021       roh           5045 reg. Kerzen       13/0/0 von 13   Tagen gewertet (1m/5m/15m)      446 Signale  84 ms lesen  5239 ms rechnen
2026-09-08T15:31:03.067Z  ACCD/2020       roh          31825 reg. Kerzen       12/0/0 von 127  Tagen gewertet (1m/5m/15m)      376 Signale  229 ms lesen  4591 ms rechnen
2026-09-08T15:31:50.957Z  ACCD/2021       roh          78727 reg. Kerzen      136/0/0 von 252  Tagen gewertet (1m/5m/15m)     4284 Signale  2064 ms lesen  45726 ms rechnen
2026-09-08T15:32:56.188Z  ACCD/2022       roh          85833 reg. Kerzen      185/0/0 von 251  Tagen gewertet (1m/5m/15m)     5952 Signale  110 ms lesen  64909 ms rechnen
2026-09-08T15:33:18.073Z  ACCD/2023       roh          76350 reg. Kerzen       69/0/0 von 250  Tagen gewertet (1m/5m/15m)     2113 Signale  98 ms lesen  21537 ms rechnen
2026-09-08T15:33:37.915Z  ACCD/2024       roh          80043 reg. Kerzen       51/0/0 von 252  Tagen gewertet (1m/5m/15m)     1602 Signale  1854 ms lesen  17799 ms rechnen
2026-09-08T15:33:49.295Z  ACCD/2025       roh          20709 reg. Kerzen       28/0/0 von 65   Tagen gewertet (1m/5m/15m)      368 Signale  1164 ms lesen  9999 ms rechnen
2026-09-08T15:34:01.025Z  ACGL/2016       bereinigt    69767 reg. Kerzen       38/0/0 von 252  Tagen gewertet (1m/5m/15m)      864 Signale  1050 ms lesen  10589 ms rechnen
2026-09-08T15:34:24.841Z  ACGL/2017       bereinigt    71386 reg. Kerzen       78/0/0 von 251  Tagen gewertet (1m/5m/15m)     1683 Signale  2699 ms lesen  20913 ms rechnen
2026-09-08T15:35:22.635Z  ACGL/2018       bereinigt    82236 reg. Kerzen      177/0/0 von 251  Tagen gewertet (1m/5m/15m)     4141 Signale  5604 ms lesen  51990 ms rechnen
2026-09-08T15:36:39.712Z  ACGL/2019       roh          90177 reg. Kerzen      247/0/0 von 252  Tagen gewertet (1m/5m/15m)     5397 Signale  3749 ms lesen  73076 ms rechnen
2026-09-08T15:38:12.519Z  ACGL/2020       roh          96244 reg. Kerzen      253/0/0 von 253  Tagen gewertet (1m/5m/15m)     6927 Signale  3533 ms lesen  89005 ms rechnen
2026-09-08T15:39:37.167Z  ACGL/2021       roh          95098 reg. Kerzen      251/0/0 von 252  Tagen gewertet (1m/5m/15m)     6075 Signale  3542 ms lesen  80878 ms rechnen
2026-09-08T15:41:04.261Z  ACGL/2022       roh          95717 reg. Kerzen      251/0/0 von 251  Tagen gewertet (1m/5m/15m)     6224 Signale  3648 ms lesen  83169 ms rechnen
2026-09-08T15:42:31.251Z  ACGL/2023       roh          95107 reg. Kerzen      250/0/0 von 250  Tagen gewertet (1m/5m/15m)     5909 Signale  3953 ms lesen  82761 ms rechnen
2026-09-08T15:43:50.382Z  ACGL/2024       roh          92817 reg. Kerzen      248/0/0 von 252  Tagen gewertet (1m/5m/15m)     5654 Signale  145 ms lesen  78712 ms rechnen
2026-09-08T15:45:12.332Z  ACGL/2025       roh          92286 reg. Kerzen      247/0/0 von 250  Tagen gewertet (1m/5m/15m)     5746 Signale  2487 ms lesen  79199 ms rechnen
2026-09-08T15:46:05.642Z  ACGL/2026       roh          61223 reg. Kerzen      164/0/0 von 166  Tagen gewertet (1m/5m/15m)     3812 Signale  1584 ms lesen  51490 ms rechnen
2026-09-08T15:46:31.181Z  ACIW/2016       roh          74947 reg. Kerzen       80/0/0 von 252  Tagen gewertet (1m/5m/15m)     2194 Signale  2131 ms lesen  23235 ms rechnen
2026-09-08T15:46:52.478Z  ACIW/2017       roh          72542 reg. Kerzen       72/0/0 von 251  Tagen gewertet (1m/5m/15m)     1808 Signale  326 ms lesen  20725 ms rechnen
2026-09-08T15:47:32.315Z  ACIW/2018       roh          77233 reg. Kerzen      132/0/0 von 251  Tagen gewertet (1m/5m/15m)     3585 Signale  1846 ms lesen  37800 ms rechnen
2026-09-08T15:48:29.606Z  ACIW/2019       roh          83916 reg. Kerzen      190/0/0 von 252  Tagen gewertet (1m/5m/15m)     4762 Signale  119 ms lesen  56937 ms rechnen
2026-09-08T15:49:32.902Z  ACIW/2020       roh          84919 reg. Kerzen      190/0/0 von 253  Tagen gewertet (1m/5m/15m)     5587 Signale  3226 ms lesen  59804 ms rechnen
2026-09-08T15:50:13.223Z  ACIW/2021       roh          78574 reg. Kerzen      136/0/0 von 252  Tagen gewertet (1m/5m/15m)     3631 Signale  2487 ms lesen  37568 ms rechnen
2026-09-08T15:51:14.744Z  ACIW/2022       roh          82761 reg. Kerzen      185/0/0 von 251  Tagen gewertet (1m/5m/15m)     5250 Signale  6084 ms lesen  55184 ms rechnen
2026-09-08T15:51:37.134Z  ACIW/2023       roh          70567 reg. Kerzen       73/0/0 von 250  Tagen gewertet (1m/5m/15m)     2028 Signale  1026 ms lesen  21173 ms rechnen
2026-09-08T15:51:56.438Z  ACIW/2024       roh          71612 reg. Kerzen       56/0/0 von 252  Tagen gewertet (1m/5m/15m)     1516 Signale  2469 ms lesen  16618 ms rechnen
2026-09-08T15:52:23.759Z  ACIW/2025       roh          73466 reg. Kerzen       93/0/0 von 250  Tagen gewertet (1m/5m/15m)     2464 Signale  100 ms lesen  27029 ms rechnen
2026-09-08T15:52:40.904Z  ACIW/2026       roh          48925 reg. Kerzen       58/0/0 von 166  Tagen gewertet (1m/5m/15m)     1639 Signale  82 ms lesen  16878 ms rechnen
2026-09-08T15:52:41.153Z  ACPW/2016       roh          15117 reg. Kerzen        0/0/0 von 230  Tagen gewertet (1m/5m/15m)        0 Signale  32 ms lesen  81 ms rechnen
2026-09-08T15:52:41.249Z  ACTC/2020       roh           2863 reg. Kerzen        0/0/0 von 25   Tagen gewertet (1m/5m/15m)        0 Signale  13 ms lesen  13 ms rechnen
2026-09-08T15:53:09.135Z  ACTC/2021       roh          38413 reg. Kerzen       77/0/0 von 112  Tagen gewertet (1m/5m/15m)     2534 Signale  92 ms lesen  27788 ms rechnen
2026-09-08T15:53:09.504Z  ADAL/2021       roh            144 reg. Kerzen        0/0/0 von 3    Tagen gewertet (1m/5m/15m)        0 Signale  261 ms lesen  1 ms rechnen
2026-09-08T15:53:09.610Z  ADAL/2022       roh            486 reg. Kerzen        0/0/0 von 125  Tagen gewertet (1m/5m/15m)        0 Signale  101 ms lesen  4 ms rechnen
2026-09-08T15:53:09.668Z  ADAL/2023       roh            427 reg. Kerzen        0/0/0 von 65   Tagen gewertet (1m/5m/15m)        0 Signale  54 ms lesen  2 ms rechnen
2026-09-08T15:53:09.878Z  ADF/2021        roh           3620 reg. Kerzen        0/0/0 von 123  Tagen gewertet (1m/5m/15m)        0 Signale  183 ms lesen  15 ms rechnen
2026-09-08T15:53:12.836Z  ADMS/2016       roh          60251 reg. Kerzen        1/0/0 von 252  Tagen gewertet (1m/5m/15m)       36 Signale  2237 ms lesen  712 ms rechnen
2026-09-08T15:53:38.126Z  ADMS/2017       roh          59077 reg. Kerzen       69/0/0 von 251  Tagen gewertet (1m/5m/15m)     2137 Signale  2467 ms lesen  22648 ms rechnen
2026-09-08T15:54:15.283Z  ADMS/2018       roh          75252 reg. Kerzen      107/0/0 von 251  Tagen gewertet (1m/5m/15m)     3402 Signale  2083 ms lesen  34905 ms rechnen
2026-09-08T15:54:20.911Z  ADMS/2019       roh          66086 reg. Kerzen        8/0/0 von 252  Tagen gewertet (1m/5m/15m)      257 Signale  2290 ms lesen  3120 ms rechnen
2026-09-08T15:54:22.654Z  ADMS/2020       roh          52702 reg. Kerzen        0/0/0 von 253  Tagen gewertet (1m/5m/15m)        0 Signale  1227 ms lesen  336 ms rechnen
2026-09-08T15:54:25.155Z  ADMS/2021       roh          44634 reg. Kerzen        3/0/0 von 226  Tagen gewertet (1m/5m/15m)       54 Signale  1085 ms lesen  1260 ms rechnen
2026-09-08T15:54:25.356Z  ADRT/2022       roh            528 reg. Kerzen        0/0/0 von 127  Tagen gewertet (1m/5m/15m)        0 Signale  83 ms lesen  5 ms rechnen
2026-09-08T15:54:25.449Z  ADRT/2023       roh           3368 reg. Kerzen        0/0/0 von 181  Tagen gewertet (1m/5m/15m)        0 Signale  76 ms lesen  14 ms rechnen
2026-09-08T15:54:25.544Z  ADRT/2024       roh           2965 reg. Kerzen        0/0/0 von 152  Tagen gewertet (1m/5m/15m)        0 Signale  63 ms lesen  24 ms rechnen
2026-09-08T15:55:09.392Z  ADXS/2016       roh          81546 reg. Kerzen      124/0/0 von 252  Tagen gewertet (1m/5m/15m)     3954 Signale  3217 ms lesen  40610 ms rechnen
2026-09-08T15:55:26.862Z  ADXS/2017       roh          71271 reg. Kerzen       40/0/0 von 251  Tagen gewertet (1m/5m/15m)     1256 Signale  3199 ms lesen  14022 ms rechnen
2026-09-08T15:55:29.391Z  ADXS/2018       roh          64247 reg. Kerzen        0/0/0 von 251  Tagen gewertet (1m/5m/15m)        0 Signale  1926 ms lesen  402 ms rechnen
2026-09-08T15:55:31.882Z  ADXS/2019       roh          60355 reg. Kerzen        0/0/0 von 252  Tagen gewertet (1m/5m/15m)        0 Signale  1868 ms lesen  415 ms rechnen
2026-09-08T15:55:42.265Z  ADXS/2020       roh          70157 reg. Kerzen       18/0/0 von 253  Tagen gewertet (1m/5m/15m)      591 Signale  3079 ms lesen  7142 ms rechnen
2026-09-08T15:56:08.533Z  ADXS/2021       roh          87468 reg. Kerzen       44/0/0 von 246  Tagen gewertet (1m/5m/15m)     1509 Signale  6932 ms lesen  19170 ms rechnen
2026-09-08T15:56:08.764Z  AUSGELASSEN ADXS/2022: Datei fehlt
2026-09-08T15:56:09.058Z  AUSGELASSEN ADXS/2023: Datei fehlt
2026-09-08T15:56:09.058Z  AUSGELASSEN ADXS/2024: Datei fehlt
2026-09-08T15:56:09.059Z  AUSGELASSEN ADXS/2025: Datei fehlt
2026-09-08T15:56:09.990Z  AEGN/2016       roh          53780 reg. Kerzen        0/0/0 von 252  Tagen gewertet (1m/5m/15m)        0 Signale  636 ms lesen  294 ms rechnen
2026-09-08T15:56:10.472Z  AEGN/2017       roh          50799 reg. Kerzen        0/0/0 von 251  Tagen gewertet (1m/5m/15m)        0 Signale  90 ms lesen  253 ms rechnen
2026-09-08T15:56:13.036Z  AEGN/2018       roh          37498 reg. Kerzen        0/0/0 von 251  Tagen gewertet (1m/5m/15m)        0 Signale  2223 ms lesen  197 ms rechnen
2026-09-08T15:56:14.847Z  AEGN/2019       roh          36873 reg. Kerzen        0/0/0 von 252  Tagen gewertet (1m/5m/15m)        0 Signale  1472 ms lesen  247 ms rechnen
2026-09-08T15:56:17.034Z  AEGN/2020       roh          32887 reg. Kerzen        0/0/0 von 253  Tagen gewertet (1m/5m/15m)        0 Signale  1880 ms lesen  197 ms rechnen
2026-09-08T15:56:18.295Z  AEGN/2021       roh          14811 reg. Kerzen        2/0/0 von 92   Tagen gewertet (1m/5m/15m)       57 Signale  439 ms lesen  735 ms rechnen
2026-09-08T15:57:44.428Z  AEO/2016        roh          97379 reg. Kerzen      232/0/0 von 252  Tagen gewertet (1m/5m/15m)     6228 Signale  3951 ms lesen  82067 ms rechnen
2026-09-08T15:59:13.960Z  AEO/2017        roh          96201 reg. Kerzen      251/0/0 von 251  Tagen gewertet (1m/5m/15m)     6972 Signale  122 ms lesen  89078 ms rechnen
2026-09-08T16:00:50.001Z  AEO/2018        roh          97114 reg. Kerzen      251/0/0 von 251  Tagen gewertet (1m/5m/15m)     7057 Signale  3701 ms lesen  92022 ms rechnen
2026-09-08T16:02:25.441Z  AEO/2019        roh          97498 reg. Kerzen      252/0/0 von 252  Tagen gewertet (1m/5m/15m)     7044 Signale  3483 ms lesen  91668 ms rechnen
2026-09-08T16:04:04.910Z  AEO/2020        roh          98018 reg. Kerzen      253/0/0 von 253  Tagen gewertet (1m/5m/15m)     7813 Signale  2435 ms lesen  96761 ms rechnen
2026-09-08T16:05:37.760Z  AEO/2021        roh          97461 reg. Kerzen      251/0/0 von 252  Tagen gewertet (1m/5m/15m)     7459 Signale  615 ms lesen  91954 ms rechnen
2026-09-08T16:07:15.030Z  AEO/2022        roh          96902 reg. Kerzen      249/0/0 von 251  Tagen gewertet (1m/5m/15m)     7674 Signale  3565 ms lesen  93404 ms rechnen
2026-09-08T16:08:45.538Z  AEO/2023        roh          96680 reg. Kerzen      250/0/0 von 250  Tagen gewertet (1m/5m/15m)     7194 Signale  203 ms lesen  90045 ms rechnen
2026-09-08T16:10:18.753Z  AEO/2024        roh          97463 reg. Kerzen      252/0/0 von 252  Tagen gewertet (1m/5m/15m)     7088 Signale  3198 ms lesen  89739 ms rechnen
2026-09-08T16:11:55.156Z  AEO/2025        roh          96743 reg. Kerzen      250/0/0 von 250  Tagen gewertet (1m/5m/15m)     7474 Signale  3362 ms lesen  92791 ms rechnen
2026-09-08T16:12:58.918Z  AEO/2026        roh          64491 reg. Kerzen      166/0/0 von 166  Tagen gewertet (1m/5m/15m)     4926 Signale  2419 ms lesen  61091 ms rechnen
2026-09-08T16:13:11.494Z  AESI/2023       roh          54653 reg. Kerzen       42/0/0 von 205  Tagen gewertet (1m/5m/15m)     1187 Signale  80 ms lesen  12327 ms rechnen
2026-09-08T16:13:49.521Z  AESI/2024       roh          76971 reg. Kerzen      118/0/0 von 252  Tagen gewertet (1m/5m/15m)     3327 Signale  2338 ms lesen  35505 ms rechnen
2026-09-08T16:15:13.362Z  AESI/2025       roh          89688 reg. Kerzen      236/0/0 von 250  Tagen gewertet (1m/5m/15m)     7110 Signale  3284 ms lesen  80337 ms rechnen
2026-09-08T16:16:14.515Z  AESI/2026       roh          62105 reg. Kerzen      165/0/0 von 166  Tagen gewertet (1m/5m/15m)     5149 Signale  280 ms lesen  60602 ms rechnen
2026-09-08T16:16:15.114Z  AFAQ/2021       roh           1011 reg. Kerzen        0/0/0 von 96   Tagen gewertet (1m/5m/15m)        0 Signale  395 ms lesen  8 ms rechnen
2026-09-08T16:16:15.200Z  AFAQ/2022       roh           1494 reg. Kerzen        0/0/0 von 156  Tagen gewertet (1m/5m/15m)        0 Signale  71 ms lesen  13 ms rechnen
2026-09-08T16:16:16.754Z  AFI/2016        roh          35049 reg. Kerzen        1/0/0 von 190  Tagen gewertet (1m/5m/15m)       26 Signale  1069 ms lesen  481 ms rechnen
2026-09-08T16:16:19.391Z  AFI/2017        roh          47098 reg. Kerzen        0/0/0 von 251  Tagen gewertet (1m/5m/15m)        0 Signale  2263 ms lesen  289 ms rechnen
2026-09-08T16:16:19.871Z  AFI/2018        roh          40396 reg. Kerzen        0/0/0 von 251  Tagen gewertet (1m/5m/15m)        0 Signale  83 ms lesen  253 ms rechnen
2026-09-08T16:16:20.346Z  AFI/2019        roh          47318 reg. Kerzen        0/0/0 von 252  Tagen gewertet (1m/5m/15m)        0 Signale  84 ms lesen  272 ms rechnen
2026-09-08T16:16:20.816Z  AFI/2020        roh          46874 reg. Kerzen        0/0/0 von 253  Tagen gewertet (1m/5m/15m)        0 Signale  54 ms lesen  275 ms rechnen
2026-09-08T16:16:22.043Z  AFI/2021        roh          32743 reg. Kerzen        0/0/0 von 252  Tagen gewertet (1m/5m/15m)        0 Signale  858 ms lesen  216 ms rechnen
2026-09-08T16:16:23.198Z  AFI/2022        roh          14227 reg. Kerzen        0/0/0 von 97   Tagen gewertet (1m/5m/15m)        0 Signale  966 ms lesen  92 ms rechnen
2026-09-08T16:17:54.883Z  AG/2016         roh          96689 reg. Kerzen      229/0/0 von 252  Tagen gewertet (1m/5m/15m)     7568 Signale  4966 ms lesen  86654 ms rechnen
2026-09-08T16:19:26.369Z  AG/2017         roh          95821 reg. Kerzen      251/0/0 von 251  Tagen gewertet (1m/5m/15m)     7762 Signale  138 ms lesen  91086 ms rechnen
2026-09-08T16:20:57.160Z  AG/2018         roh          93067 reg. Kerzen      250/0/0 von 251  Tagen gewertet (1m/5m/15m)     7550 Signale  2618 ms lesen  87915 ms rechnen
2026-09-08T16:22:32.683Z  AG/2019         roh          95558 reg. Kerzen      252/0/0 von 252  Tagen gewertet (1m/5m/15m)     7697 Signale  2615 ms lesen  92665 ms rechnen
2026-09-08T16:24:11.432Z  AG/2020         roh          97854 reg. Kerzen      253/0/0 von 253  Tagen gewertet (1m/5m/15m)     8030 Signale  154 ms lesen  98299 ms rechnen
2026-09-08T16:25:48.414Z  AG/2021         roh          96449 reg. Kerzen      250/0/0 von 252  Tagen gewertet (1m/5m/15m)     7500 Signale  4568 ms lesen  92146 ms rechnen
2026-09-08T16:27:29.418Z  AG/2022         roh          96522 reg. Kerzen      249/0/0 von 251  Tagen gewertet (1m/5m/15m)     7667 Signale  3934 ms lesen  96806 ms rechnen
2026-09-08T16:29:02.653Z  AG/2023         roh          96218 reg. Kerzen      250/0/0 von 250  Tagen gewertet (1m/5m/15m)     7430 Signale  193 ms lesen  92776 ms rechnen
2026-09-08T16:30:37.389Z  AG/2024         roh          96838 reg. Kerzen      251/0/0 von 252  Tagen gewertet (1m/5m/15m)     7762 Signale  1642 ms lesen  92825 ms rechnen
2026-09-08T16:32:16.111Z  AG/2025         roh          96855 reg. Kerzen      250/0/0 von 250  Tagen gewertet (1m/5m/15m)     7842 Signale  4544 ms lesen  93917 ms rechnen
2026-09-08T16:33:20.632Z  AG/2026         roh          64736 reg. Kerzen      166/0/0 von 166  Tagen gewertet (1m/5m/15m)     5200 Signale  148 ms lesen  64106 ms rechnen
2026-09-08T16:33:23.303Z  AGFS/2016       roh          41763 reg. Kerzen        0/0/0 von 252  Tagen gewertet (1m/5m/15m)        0 Signale  2245 ms lesen  233 ms rechnen
2026-09-08T16:33:25.636Z  AGFS/2017       roh          41175 reg. Kerzen        0/0/0 von 251  Tagen gewertet (1m/5m/15m)        0 Signale  2035 ms lesen  180 ms rechnen
2026-09-08T16:33:27.413Z  AGFS/2018       roh          39752 reg. Kerzen        0/0/0 von 251  Tagen gewertet (1m/5m/15m)        0 Signale  1441 ms lesen  243 ms rechnen
2026-09-08T16:33:28.693Z  AGFS/2019       roh          33369 reg. Kerzen        0/0/0 von 252  Tagen gewertet (1m/5m/15m)        0 Signale  990 ms lesen  198 ms rechnen
2026-09-08T16:33:29.521Z  AGFS/2020       roh          24242 reg. Kerzen        0/0/0 von 253  Tagen gewertet (1m/5m/15m)        0 Signale  578 ms lesen  165 ms rechnen
2026-09-08T16:33:30.247Z  AGFS/2021       roh          22808 reg. Kerzen        0/0/0 von 252  Tagen gewertet (1m/5m/15m)        0 Signale  527 ms lesen  148 ms rechnen
2026-09-08T16:33:31.630Z  AGFS/2022       roh          11108 reg. Kerzen        0/0/0 von 251  Tagen gewertet (1m/5m/15m)        0 Signale  1243 ms lesen  77 ms rechnen
2026-09-08T16:33:31.744Z  AGFS/2023       roh           4416 reg. Kerzen        0/0/0 von 61   Tagen gewertet (1m/5m/15m)        0 Signale  46 ms lesen  32 ms rechnen
2026-09-08T16:34:06.120Z  AGL/2021        bereinigt    55574 reg. Kerzen       99/0/0 von 182  Tagen gewertet (1m/5m/15m)     3019 Signale  2481 ms lesen  31880 ms rechnen
2026-09-08T16:35:36.029Z  AGL/2022        bereinigt    92884 reg. Kerzen      246/0/0 von 250  Tagen gewertet (1m/5m/15m)     7626 Signale  1365 ms lesen  88419 ms rechnen
2026-09-08T16:37:08.663Z  AGL/2023        bereinigt    94157 reg. Kerzen      250/0/0 von 250  Tagen gewertet (1m/5m/15m)     7479 Signale  3330 ms lesen  89052 ms rechnen
2026-09-08T16:38:43.299Z  AGL/2024        bereinigt    95596 reg. Kerzen      252/0/0 von 252  Tagen gewertet (1m/5m/15m)     8213 Signale  154 ms lesen  94201 ms rechnen
2026-09-08T16:40:20.286Z  AGL/2025        bereinigt    94795 reg. Kerzen      233/0/0 von 250  Tagen gewertet (1m/5m/15m)     7568 Signale  4829 ms lesen  91859 ms rechnen
2026-09-08T16:40:26.003Z  AGL/2026        bereinigt    45487 reg. Kerzen        9/0/0 von 166  Tagen gewertet (1m/5m/15m)      293 Signale  2013 ms lesen  3414 ms rechnen
2026-09-08T16:40:27.794Z  AGRI/2021       bereinigt    18695 reg. Kerzen        0/0/0 von 124  Tagen gewertet (1m/5m/15m)        0 Signale  1532 ms lesen  122 ms rechnen
2026-09-08T16:40:34.290Z  AGRI/2022       bereinigt    40737 reg. Kerzen       10/0/0 von 251  Tagen gewertet (1m/5m/15m)      334 Signale  2294 ms lesen  4167 ms rechnen
2026-09-08T16:40:37.902Z  AGRI/2023       bereinigt    34188 reg. Kerzen        0/0/0 von 250  Tagen gewertet (1m/5m/15m)        0 Signale  3262 ms lesen  248 ms rechnen
2026-09-08T16:40:43.161Z  AGRI/2024       bereinigt    62388 reg. Kerzen        0/0/0 von 252  Tagen gewertet (1m/5m/15m)        0 Signale  4717 ms lesen  443 ms rechnen
2026-09-08T16:40:44.523Z  AGRI/2025       bereinigt    24977 reg. Kerzen        0/0/0 von 217  Tagen gewertet (1m/5m/15m)        0 Signale  1027 ms lesen  159 ms rechnen
2026-09-08T16:40:44.998Z  AGYS/2016       roh          13344 reg. Kerzen        0/0/0 von 252  Tagen gewertet (1m/5m/15m)        0 Signale  254 ms lesen  88 ms rechnen
2026-09-08T16:40:46.346Z  AGYS/2017       roh          17584 reg. Kerzen        0/0/0 von 251  Tagen gewertet (1m/5m/15m)        0 Signale  1189 ms lesen  112 ms rechnen
2026-09-08T16:40:47.806Z  AGYS/2018       roh          21982 reg. Kerzen        0/0/0 von 251  Tagen gewertet (1m/5m/15m)        0 Signale  1294 ms lesen  120 ms rechnen
2026-09-08T16:40:48.895Z  AGYS/2019       roh          35911 reg. Kerzen        0/0/0 von 252  Tagen gewertet (1m/5m/15m)        0 Signale  798 ms lesen  217 ms rechnen
2026-09-08T16:40:49.755Z  AGYS/2020       roh          48766 reg. Kerzen        1/0/0 von 253  Tagen gewertet (1m/5m/15m)       29 Signale  88 ms lesen  661 ms rechnen
2026-09-08T16:40:52.152Z  AGYS/2021       roh          32006 reg. Kerzen        0/0/0 von 252  Tagen gewertet (1m/5m/15m)        0 Signale  2074 ms lesen  205 ms rechnen
2026-09-08T16:40:53.629Z  AGYS/2022       roh          29341 reg. Kerzen        0/0/0 von 251  Tagen gewertet (1m/5m/15m)        0 Signale  1215 ms lesen  154 ms rechnen
2026-09-08T16:40:55.074Z  AGYS/2023       roh          32512 reg. Kerzen        1/0/0 von 250  Tagen gewertet (1m/5m/15m)       26 Signale  828 ms lesen  545 ms rechnen
2026-09-08T16:40:56.631Z  AGYS/2024       roh          37975 reg. Kerzen        2/0/0 von 252  Tagen gewertet (1m/5m/15m)       56 Signale  737 ms lesen  706 ms rechnen
2026-09-08T16:40:59.127Z  AGYS/2025       roh          40138 reg. Kerzen        2/0/0 von 250  Tagen gewertet (1m/5m/15m)       60 Signale  1553 ms lesen  850 ms rechnen
2026-09-08T16:41:02.346Z  AGYS/2026       roh          29696 reg. Kerzen        3/0/0 von 166  Tagen gewertet (1m/5m/15m)       84 Signale  1993 ms lesen  1094 ms rechnen
2026-09-08T16:41:04.943Z  AHP/2016        roh          49255 reg. Kerzen        0/0/0 von 252  Tagen gewertet (1m/5m/15m)        0 Signale  2157 ms lesen  316 ms rechnen
2026-09-08T16:41:06.202Z  AHP/2017        roh          47794 reg. Kerzen        0/0/0 von 251  Tagen gewertet (1m/5m/15m)        0 Signale  847 ms lesen  270 ms rechnen
2026-09-08T16:41:06.517Z  AHP/2018        roh          17701 reg. Kerzen        0/0/0 von 77   Tagen gewertet (1m/5m/15m)        0 Signale  40 ms lesen  128 ms rechnen
2026-09-08T16:42:26.938Z  AIG/2016        roh          98059 reg. Kerzen      232/0/0 von 252  Tagen gewertet (1m/5m/15m)     5279 Signale  3189 ms lesen  77147 ms rechnen
2026-09-08T16:43:50.661Z  AIG/2017        roh          97437 reg. Kerzen      251/0/0 von 251  Tagen gewertet (1m/5m/15m)     5492 Signale  149 ms lesen  83292 ms rechnen
2026-09-08T16:45:18.016Z  AIG/2018        roh          97277 reg. Kerzen      251/0/0 von 251  Tagen gewertet (1m/5m/15m)     6104 Signale  3661 ms lesen  83411 ms rechnen
2026-09-08T16:46:45.141Z  AIG/2019        roh          97589 reg. Kerzen      252/0/0 von 252  Tagen gewertet (1m/5m/15m)     6027 Signale  3752 ms lesen  83088 ms rechnen
2026-09-08T16:48:20.800Z  AIG/2020        roh          98220 reg. Kerzen      253/0/0 von 253  Tagen gewertet (1m/5m/15m)     7271 Signale  2623 ms lesen  92778 ms rechnen
2026-09-08T16:49:51.806Z  AIG/2021        roh          97214 reg. Kerzen      250/0/0 von 252  Tagen gewertet (1m/5m/15m)     6240 Signale  4250 ms lesen  86479 ms rechnen
2026-09-08T16:51:20.776Z  AIG/2022        roh          96944 reg. Kerzen      249/0/0 von 251  Tagen gewertet (1m/5m/15m)     6540 Signale  2499 ms lesen  86187 ms rechnen
2026-09-08T16:52:45.934Z  AIG/2023        roh          96920 reg. Kerzen      250/0/0 von 250  Tagen gewertet (1m/5m/15m)     6008 Signale  2064 ms lesen  82852 ms rechnen
2026-09-08T16:54:10.009Z  AIG/2024        roh          97443 reg. Kerzen      252/0/0 von 252  Tagen gewertet (1m/5m/15m)     5754 Signale  137 ms lesen  83650 ms rechnen
2026-09-08T16:55:35.006Z  AIG/2025        roh          96535 reg. Kerzen      250/0/0 von 250  Tagen gewertet (1m/5m/15m)     5822 Signale  1560 ms lesen  83169 ms rechnen
2026-09-08T16:56:32.181Z  AIG/2026        roh          63921 reg. Kerzen      166/0/0 von 166  Tagen gewertet (1m/5m/15m)     4052 Signale  1611 ms lesen  55309 ms rechnen
2026-09-08T16:56:33.000Z  AINC/2016       roh           2473 reg. Kerzen        0/0/0 von 241  Tagen gewertet (1m/5m/15m)        0 Signale  636 ms lesen  15 ms rechnen
2026-09-08T16:56:33.099Z  AINC/2017       roh            799 reg. Kerzen        0/0/0 von 176  Tagen gewertet (1m/5m/15m)        0 Signale  83 ms lesen  6 ms rechnen
2026-09-08T16:56:34.879Z  CHECKPOINT 200 Dateien, 123 min, Detektorfehler {}
2026-09-08T16:56:35.374Z  AINC/2018       roh           4216 reg. Kerzen        0/0/0 von 246  Tagen gewertet (1m/5m/15m)        0 Signale  426 ms lesen  68 ms rechnen
2026-09-08T16:56:35.506Z  AINC/2019       roh           5875 reg. Kerzen        0/0/0 von 249  Tagen gewertet (1m/5m/15m)        0 Signale  77 ms lesen  39 ms rechnen
2026-09-08T16:56:35.769Z  AINC/2020       roh           7271 reg. Kerzen        0/0/0 von 252  Tagen gewertet (1m/5m/15m)        0 Signale  205 ms lesen  45 ms rechnen
2026-09-08T16:56:36.513Z  AINC/2021       roh           8953 reg. Kerzen        0/0/0 von 252  Tagen gewertet (1m/5m/15m)        0 Signale  661 ms lesen  64 ms rechnen
2026-09-08T16:56:37.120Z  AINC/2022       roh           3584 reg. Kerzen        0/0/0 von 247  Tagen gewertet (1m/5m/15m)        0 Signale  555 ms lesen  24 ms rechnen
2026-09-08T16:56:37.275Z  AINC/2023       roh           1269 reg. Kerzen        0/0/0 von 230  Tagen gewertet (1m/5m/15m)        0 Signale  134 ms lesen  11 ms rechnen
2026-09-08T16:56:37.393Z  AINC/2024       roh           4094 reg. Kerzen        0/0/0 von 142  Tagen gewertet (1m/5m/15m)        0 Signale  85 ms lesen  28 ms rechnen
2026-09-08T16:57:51.540Z  AIV/2016        roh          94037 reg. Kerzen      232/0/0 von 252  Tagen gewertet (1m/5m/15m)     5325 Signale  646 ms lesen  73437 ms rechnen
2026-09-08T16:58:59.713Z  AIV/2017        roh          88560 reg. Kerzen      238/0/0 von 251  Tagen gewertet (1m/5m/15m)     5175 Signale  135 ms lesen  67773 ms rechnen
2026-09-08T17:00:17.292Z  AIV/2018        roh          90207 reg. Kerzen      246/0/0 von 251  Tagen gewertet (1m/5m/15m)     5520 Signale  2153 ms lesen  75153 ms rechnen
2026-09-08T17:01:29.724Z  AIV/2019        roh          92030 reg. Kerzen      230/0/0 von 252  Tagen gewertet (1m/5m/15m)     5006 Signale  1751 ms lesen  70425 ms rechnen
2026-09-08T17:02:46.127Z  AIV/2020        roh          94008 reg. Kerzen      219/0/0 von 253  Tagen gewertet (1m/5m/15m)     6057 Signale  673 ms lesen  75470 ms rechnen
2026-09-08T17:03:59.934Z  AIV/2021        roh          89652 reg. Kerzen      217/0/0 von 252  Tagen gewertet (1m/5m/15m)     5896 Signale  156 ms lesen  73400 ms rechnen
2026-09-08T17:05:07.222Z  AIV/2022        roh          84265 reg. Kerzen      204/0/0 von 251  Tagen gewertet (1m/5m/15m)     5666 Signale  2432 ms lesen  64583 ms rechnen
2026-09-08T17:05:55.735Z  AIV/2023        roh          81728 reg. Kerzen      148/0/0 von 250  Tagen gewertet (1m/5m/15m)     3850 Signale  3576 ms lesen  44745 ms rechnen
2026-09-08T17:06:11.207Z  AIV/2024        roh          74755 reg. Kerzen       44/0/0 von 252  Tagen gewertet (1m/5m/15m)     1142 Signale  2298 ms lesen  12968 ms rechnen
2026-09-08T17:06:47.846Z  AIV/2025        roh          76795 reg. Kerzen      119/0/0 von 250  Tagen gewertet (1m/5m/15m)     2994 Signale  804 ms lesen  35653 ms rechnen
2026-09-08T17:07:11.372Z  AIV/2026        roh          52279 reg. Kerzen       68/0/0 von 166  Tagen gewertet (1m/5m/15m)     1538 Signale  80 ms lesen  23224 ms rechnen
2026-09-08T17:07:13.905Z  AKAO/2016       roh          36011 reg. Kerzen        6/0/0 von 252  Tagen gewertet (1m/5m/15m)      195 Signale  99 ms lesen  2291 ms rechnen
2026-09-08T17:08:20.649Z  AKAO/2017       roh          84011 reg. Kerzen      206/0/0 von 251  Tagen gewertet (1m/5m/15m)     6487 Signale  146 ms lesen  66489 ms rechnen
2026-09-08T17:09:04.327Z  AKAO/2018       roh          78021 reg. Kerzen      125/0/0 von 250  Tagen gewertet (1m/5m/15m)     4018 Signale  2394 ms lesen  41049 ms rechnen
2026-09-08T17:09:05.602Z  AKAO/2019       roh          24157 reg. Kerzen        0/0/0 von 79   Tagen gewertet (1m/5m/15m)        0 Signale  881 ms lesen  203 ms rechnen
2026-09-08T17:09:06.680Z  AKRO/2019       roh          16165 reg. Kerzen        0/0/0 von 135  Tagen gewertet (1m/5m/15m)        0 Signale  897 ms lesen  96 ms rechnen
2026-09-08T17:09:08.323Z  AKRO/2020       roh          47115 reg. Kerzen        1/0/0 von 253  Tagen gewertet (1m/5m/15m)       32 Signale  919 ms lesen  679 ms rechnen
2026-09-08T17:09:12.923Z  AKRO/2021       roh          46333 reg. Kerzen        5/0/0 von 252  Tagen gewertet (1m/5m/15m)      146 Signale  2665 ms lesen  1805 ms rechnen
2026-09-08T17:09:31.786Z  AKRO/2022       roh          59701 reg. Kerzen       50/0/0 von 251  Tagen gewertet (1m/5m/15m)     1540 Signale  2017 ms lesen  16699 ms rechnen
2026-09-08T17:10:16.162Z  AKRO/2023       roh          76881 reg. Kerzen      120/0/0 von 250  Tagen gewertet (1m/5m/15m)     3722 Signale  3716 ms lesen  40501 ms rechnen
2026-09-08T17:10:48.957Z  AKRO/2024       roh          72642 reg. Kerzen       90/0/0 von 252  Tagen gewertet (1m/5m/15m)     2821 Signale  2521 ms lesen  30030 ms rechnen
2026-09-08T17:11:46.245Z  AKRO/2025       roh          77399 reg. Kerzen      173/0/0 von 234  Tagen gewertet (1m/5m/15m)     4802 Signale  2046 ms lesen  55043 ms rechnen
2026-09-08T17:11:46.470Z  ALAC/2018       roh            226 reg. Kerzen        0/0/0 von 18   Tagen gewertet (1m/5m/15m)        0 Signale  37 ms lesen  2 ms rechnen
2026-09-08T17:11:46.513Z  ALAC/2019       roh            446 reg. Kerzen        0/0/0 von 136  Tagen gewertet (1m/5m/15m)        0 Signale  36 ms lesen  5 ms rechnen
2026-09-08T17:11:46.993Z  ALAC/2020       roh           3070 reg. Kerzen        0/0/0 von 167  Tagen gewertet (1m/5m/15m)        0 Signale  459 ms lesen  18 ms rechnen
2026-09-08T17:11:47.285Z  ALAC/2021       roh           9039 reg. Kerzen        0/0/0 von 248  Tagen gewertet (1m/5m/15m)        0 Signale  212 ms lesen  69 ms rechnen
2026-09-08T17:11:47.333Z  ALAC/2022       roh            491 reg. Kerzen        0/0/0 von 76   Tagen gewertet (1m/5m/15m)        0 Signale  16 ms lesen  4 ms rechnen
2026-09-08T17:12:35.962Z  ALDR/2016       roh          80921 reg. Kerzen      146/0/0 von 252  Tagen gewertet (1m/5m/15m)     4592 Signale  129 ms lesen  48497 ms rechnen
2026-09-08T17:13:31.900Z  ALDR/2017       roh          81181 reg. Kerzen      158/0/0 von 251  Tagen gewertet (1m/5m/15m)     4921 Signale  119 ms lesen  55606 ms rechnen
2026-09-08T17:14:35.262Z  ALDR/2018       roh          81560 reg. Kerzen      178/0/0 von 251  Tagen gewertet (1m/5m/15m)     5605 Signale  3311 ms lesen  59839 ms rechnen
2026-09-08T17:15:19.993Z  ALDR/2019       roh          66160 reg. Kerzen      125/0/0 von 203  Tagen gewertet (1m/5m/15m)     3548 Signale  2805 ms lesen  41711 ms rechnen
2026-09-08T17:15:22.076Z  ALGT/2016       roh          46607 reg. Kerzen        2/0/0 von 252  Tagen gewertet (1m/5m/15m)       61 Signale  1129 ms lesen  733 ms rechnen
2026-09-08T17:15:23.944Z  ALGT/2017       roh          45018 reg. Kerzen        1/0/0 von 251  Tagen gewertet (1m/5m/15m)       17 Signale  1283 ms lesen  486 ms rechnen
2026-09-08T17:15:28.270Z  ALGT/2018       roh          47726 reg. Kerzen        7/0/0 von 251  Tagen gewertet (1m/5m/15m)      207 Signale  1896 ms lesen  2309 ms rechnen
2026-09-08T17:15:30.816Z  ALGT/2019       roh          42425 reg. Kerzen        3/0/0 von 252  Tagen gewertet (1m/5m/15m)       83 Signale  1393 ms lesen  1039 ms rechnen
2026-09-08T17:15:43.849Z  ALGT/2020       roh          58060 reg. Kerzen       25/0/0 von 253  Tagen gewertet (1m/5m/15m)      817 Signale  4390 ms lesen  8562 ms rechnen
2026-09-08T17:15:46.673Z  ALGT/2021       roh          43691 reg. Kerzen        2/0/0 von 252  Tagen gewertet (1m/5m/15m)       50 Signale  1757 ms lesen  913 ms rechnen
2026-09-08T17:15:50.329Z  ALGT/2022       roh          54839 reg. Kerzen        4/0/0 von 251  Tagen gewertet (1m/5m/15m)      120 Signale  2158 ms lesen  1401 ms rechnen
2026-09-08T17:15:52.113Z  ALGT/2023       roh          46688 reg. Kerzen        2/0/0 von 250  Tagen gewertet (1m/5m/15m)       59 Signale  858 ms lesen  772 ms rechnen
2026-09-08T17:15:59.561Z  ALGT/2024       roh          58093 reg. Kerzen       11/0/0 von 252  Tagen gewertet (1m/5m/15m)      326 Signale  3353 ms lesen  3979 ms rechnen
2026-09-08T17:16:11.687Z  ALGT/2025       roh          59112 reg. Kerzen       29/0/0 von 250  Tagen gewertet (1m/5m/15m)      863 Signale  2485 ms lesen  9467 ms rechnen
2026-09-08T17:16:19.999Z  ALGT/2026       roh          42527 reg. Kerzen       20/0/0 von 166  Tagen gewertet (1m/5m/15m)      613 Signale  1798 ms lesen  6360 ms rechnen
2026-09-08T17:16:20.124Z  ALKSV/2023      roh              7 reg. Kerzen        0/0/0 von 2    Tagen gewertet (1m/5m/15m)        0 Signale  18 ms lesen  1 ms rechnen
2026-09-08T17:16:20.461Z  ALNA/2017       roh           5157 reg. Kerzen        0/0/0 von 40   Tagen gewertet (1m/5m/15m)        0 Signale  308 ms lesen  28 ms rechnen
2026-09-08T17:16:21.759Z  ALNA/2018       roh          18752 reg. Kerzen        0/0/0 von 251  Tagen gewertet (1m/5m/15m)        0 Signale  1168 ms lesen  113 ms rechnen
2026-09-08T17:16:22.517Z  ALNA/2019       roh          21516 reg. Kerzen        0/0/0 von 252  Tagen gewertet (1m/5m/15m)        0 Signale  595 ms lesen  121 ms rechnen
2026-09-08T17:16:24.388Z  ALNA/2020       roh          51877 reg. Kerzen        0/0/0 von 253  Tagen gewertet (1m/5m/15m)        0 Signale  1479 ms lesen  324 ms rechnen
2026-09-08T17:16:28.750Z  ALNA/2021       roh          64682 reg. Kerzen        0/0/0 von 252  Tagen gewertet (1m/5m/15m)        0 Signale  3740 ms lesen  456 ms rechnen
2026-09-08T17:16:31.128Z  ALNA/2022       roh          48315 reg. Kerzen        0/0/0 von 171  Tagen gewertet (1m/5m/15m)        0 Signale  1817 ms lesen  369 ms rechnen
2026-09-08T17:16:31.428Z  ALQA/2016       bereinigt    16830 reg. Kerzen        0/0/0 von 252  Tagen gewertet (1m/5m/15m)        0 Signale  41 ms lesen  101 ms rechnen
2026-09-08T17:16:31.699Z  ALQA/2017       bereinigt    26255 reg. Kerzen        0/0/0 von 251  Tagen gewertet (1m/5m/15m)        0 Signale  54 ms lesen  153 ms rechnen
2026-09-08T17:16:31.868Z  ALQA/2018       roh           9892 reg. Kerzen        0/0/0 von 251  Tagen gewertet (1m/5m/15m)        0 Signale  34 ms lesen  69 ms rechnen
2026-09-08T17:16:31.970Z  ALQA/2019       roh           6874 reg. Kerzen        0/0/0 von 85   Tagen gewertet (1m/5m/15m)        0 Signale  28 ms lesen  51 ms rechnen
2026-09-08T17:16:32.088Z  ALTA/2020       roh           5984 reg. Kerzen        0/0/0 von 128  Tagen gewertet (1m/5m/15m)        0 Signale  30 ms lesen  43 ms rechnen
2026-09-08T17:16:32.235Z  ALTA/2021       roh          16542 reg. Kerzen        0/0/0 von 188  Tagen gewertet (1m/5m/15m)        0 Signale  40 ms lesen  93 ms rechnen
2026-09-08T17:16:58.050Z  ALV/2016        roh          74924 reg. Kerzen       87/0/0 von 252  Tagen gewertet (1m/5m/15m)     2184 Signale  2099 ms lesen  23640 ms rechnen
2026-09-08T17:17:31.777Z  ALV/2017        roh          73608 reg. Kerzen      101/0/0 von 251  Tagen gewertet (1m/5m/15m)     2300 Signale  5920 ms lesen  27613 ms rechnen
2026-09-08T17:18:06.188Z  ALV/2018        roh          76214 reg. Kerzen      121/0/0 von 251  Tagen gewertet (1m/5m/15m)     3178 Signale  107 ms lesen  34072 ms rechnen
2026-09-08T17:18:53.489Z  ALV/2019        roh          79847 reg. Kerzen      156/0/0 von 252  Tagen gewertet (1m/5m/15m)     3983 Signale  3225 ms lesen  43853 ms rechnen
2026-09-08T17:19:43.777Z  ALV/2020        roh          80488 reg. Kerzen      153/0/0 von 253  Tagen gewertet (1m/5m/15m)     4280 Signale  2971 ms lesen  47100 ms rechnen
2026-09-08T17:20:17.707Z  ALV/2021        roh          74918 reg. Kerzen      112/0/0 von 252  Tagen gewertet (1m/5m/15m)     2851 Signale  2928 ms lesen  30735 ms rechnen
2026-09-08T17:21:25.972Z  ALV/2022        roh          84603 reg. Kerzen      206/0/0 von 251  Tagen gewertet (1m/5m/15m)     5715 Signale  5784 ms lesen  62264 ms rechnen
2026-09-08T17:22:32.977Z  ALV/2023        roh          86145 reg. Kerzen      226/0/0 von 250  Tagen gewertet (1m/5m/15m)     5527 Signale  382 ms lesen  66359 ms rechnen
2026-09-08T17:23:07.979Z  ALV/2024        roh          77337 reg. Kerzen      126/0/0 von 252  Tagen gewertet (1m/5m/15m)     3090 Signale  100 ms lesen  34668 ms rechnen
2026-09-08T17:23:44.075Z  ALV/2025        roh          75972 reg. Kerzen      121/0/0 von 250  Tagen gewertet (1m/5m/15m)     3119 Signale  2722 ms lesen  33151 ms rechnen
2026-09-08T17:24:02.899Z  ALV/2026        roh          49065 reg. Kerzen       61/0/0 von 166  Tagen gewertet (1m/5m/15m)     1549 Signale  2377 ms lesen  16252 ms rechnen
2026-09-08T17:25:26.697Z  AMAT/2016       roh          98013 reg. Kerzen      232/0/0 von 252  Tagen gewertet (1m/5m/15m)     5698 Signale  4423 ms lesen  79181 ms rechnen
2026-09-08T17:26:56.443Z  AMAT/2017       roh          97527 reg. Kerzen      251/0/0 von 251  Tagen gewertet (1m/5m/15m)     6127 Signale  4407 ms lesen  85093 ms rechnen
2026-09-08T17:28:27.685Z  AMAT/2018       roh          96572 reg. Kerzen      249/0/0 von 251  Tagen gewertet (1m/5m/15m)     6717 Signale  2800 ms lesen  88190 ms rechnen
2026-09-08T17:29:58.298Z  AMAT/2019       roh          97738 reg. Kerzen      252/0/0 von 252  Tagen gewertet (1m/5m/15m)     6387 Signale  3616 ms lesen  86735 ms rechnen
2026-09-08T17:31:31.777Z  AMAT/2020       roh          98252 reg. Kerzen      253/0/0 von 253  Tagen gewertet (1m/5m/15m)     7016 Signale  3316 ms lesen  89899 ms rechnen
2026-09-08T17:33:01.991Z  AMAT/2021       roh          98098 reg. Kerzen      252/0/0 von 252  Tagen gewertet (1m/5m/15m)     6718 Signale  832 ms lesen  89115 ms rechnen
2026-09-08T17:34:39.762Z  AMAT/2022       roh          97709 reg. Kerzen      251/0/0 von 251  Tagen gewertet (1m/5m/15m)     7418 Signale  4682 ms lesen  92808 ms rechnen
2026-09-08T17:36:14.506Z  AMAT/2023       roh          97133 reg. Kerzen      250/0/0 von 250  Tagen gewertet (1m/5m/15m)     6561 Signale  4208 ms lesen  90249 ms rechnen
2026-09-08T17:37:49.356Z  AMAT/2024       roh          97683 reg. Kerzen      252/0/0 von 252  Tagen gewertet (1m/5m/15m)     6645 Signale  2756 ms lesen  91802 ms rechnen
2026-09-08T17:39:21.255Z  AMAT/2025       roh          96861 reg. Kerzen      250/0/0 von 250  Tagen gewertet (1m/5m/15m)     6566 Signale  707 ms lesen  90897 ms rechnen
2026-09-08T17:40:30.242Z  AMAT/2026       roh          64715 reg. Kerzen      166/0/0 von 166  Tagen gewertet (1m/5m/15m)     4851 Signale  4084 ms lesen  64612 ms rechnen
2026-09-08T17:41:17.812Z  AMCR/2019       bereinigt    54564 reg. Kerzen      122/0/0 von 142  Tagen gewertet (1m/5m/15m)     3145 Signale  1487 ms lesen  45812 ms rechnen
2026-09-08T17:42:57.768Z  AMCR/2020       bereinigt    97844 reg. Kerzen      253/0/0 von 253  Tagen gewertet (1m/5m/15m)     6682 Signale  2111 ms lesen  97705 ms rechnen
2026-09-08T17:44:29.590Z  AMCR/2021       bereinigt    96640 reg. Kerzen      250/0/0 von 252  Tagen gewertet (1m/5m/15m)     6006 Signale  279 ms lesen  91242 ms rechnen
2026-09-08T17:46:04.832Z  AMCR/2022       bereinigt    96834 reg. Kerzen      249/0/0 von 251  Tagen gewertet (1m/5m/15m)     6202 Signale  4318 ms lesen  90613 ms rechnen
2026-09-08T17:47:39.031Z  AMCR/2023       bereinigt    97015 reg. Kerzen      250/0/0 von 250  Tagen gewertet (1m/5m/15m)     5865 Signale  717 ms lesen  93216 ms rechnen
2026-09-08T17:49:13.073Z  AMCR/2024       bereinigt    97461 reg. Kerzen      252/0/0 von 252  Tagen gewertet (1m/5m/15m)     5799 Signale  171 ms lesen  93621 ms rechnen
2026-09-08T17:50:50.954Z  AMCR/2025       bereinigt    96945 reg. Kerzen      250/0/0 von 250  Tagen gewertet (1m/5m/15m)     5984 Signale  4754 ms lesen  92832 ms rechnen
2026-09-08T17:51:53.975Z  AMCR/2026       bereinigt    64546 reg. Kerzen      166/0/0 von 166  Tagen gewertet (1m/5m/15m)     4282 Signale  2882 ms lesen  59873 ms rechnen
2026-09-08T17:52:39.866Z  AMG/2016        roh          80708 reg. Kerzen      143/0/0 von 252  Tagen gewertet (1m/5m/15m)     3708 Signale  3195 ms lesen  42390 ms rechnen
2026-09-08T17:52:56.078Z  AMG/2017        roh          67702 reg. Kerzen       55/0/0 von 251  Tagen gewertet (1m/5m/15m)     1372 Signale  119 ms lesen  15842 ms rechnen
2026-09-08T17:53:24.340Z  AMG/2018        roh          73202 reg. Kerzen       92/0/0 von 251  Tagen gewertet (1m/5m/15m)     2560 Signale  138 ms lesen  27950 ms rechnen
2026-09-08T17:54:15.354Z  AMG/2019        roh          81104 reg. Kerzen      167/0/0 von 252  Tagen gewertet (1m/5m/15m)     4225 Signale  2771 ms lesen  48021 ms rechnen
2026-09-08T17:54:52.571Z  AMG/2020        roh          75944 reg. Kerzen      108/0/0 von 253  Tagen gewertet (1m/5m/15m)     3181 Signale  3130 ms lesen  33867 ms rechnen
2026-09-08T17:55:00.046Z  AMG/2021        roh          56497 reg. Kerzen       18/0/0 von 252  Tagen gewertet (1m/5m/15m)      519 Signale  1688 ms lesen  5540 ms rechnen
2026-09-08T17:55:02.675Z  AMG/2022        roh          54360 reg. Kerzen        2/0/0 von 251  Tagen gewertet (1m/5m/15m)       53 Signale  1815 ms lesen  673 ms rechnen
2026-09-08T17:55:05.610Z  AMG/2023        roh          49018 reg. Kerzen        2/0/0 von 250  Tagen gewertet (1m/5m/15m)       50 Signale  1912 ms lesen  912 ms rechnen
2026-09-08T17:55:06.970Z  AMG/2024        roh          39860 reg. Kerzen        0/0/0 von 252  Tagen gewertet (1m/5m/15m)        0 Signale  1008 ms lesen  234 ms rechnen
2026-09-08T17:55:11.213Z  AMG/2025        roh          38202 reg. Kerzen        0/0/0 von 250  Tagen gewertet (1m/5m/15m)        0 Signale  3942 ms lesen  195 ms rechnen
2026-09-08T17:55:16.707Z  AMG/2026        roh          39250 reg. Kerzen       12/0/0 von 166  Tagen gewertet (1m/5m/15m)      341 Signale  1690 ms lesen  3677 ms rechnen
2026-09-08T17:55:17.067Z  AMMA/2016       roh           1360 reg. Kerzen        0/0/0 von 60   Tagen gewertet (1m/5m/15m)        0 Signale  253 ms lesen  9 ms rechnen
2026-09-08T17:55:17.420Z  AMMA/2017       roh          10833 reg. Kerzen        0/0/0 von 251  Tagen gewertet (1m/5m/15m)        0 Signale  279 ms lesen  70 ms rechnen
2026-09-08T17:55:18.692Z  AMMA/2018       roh          23628 reg. Kerzen        0/0/0 von 251  Tagen gewertet (1m/5m/15m)        0 Signale  1112 ms lesen  123 ms rechnen
2026-09-08T17:55:19.352Z  AMMA/2019       roh           2160 reg. Kerzen        0/0/0 von 22   Tagen gewertet (1m/5m/15m)        0 Signale  574 ms lesen  14 ms rechnen
2026-09-08T17:55:19.853Z  AMPI/2021       roh           1140 reg. Kerzen        0/0/0 von 133  Tagen gewertet (1m/5m/15m)        0 Signale  474 ms lesen  8 ms rechnen
2026-09-08T17:55:19.934Z  AMPI/2022       roh            992 reg. Kerzen        0/0/0 von 174  Tagen gewertet (1m/5m/15m)        0 Signale  69 ms lesen  7 ms rechnen
2026-09-08T17:55:28.085Z  AMRS/2016       bereinigt    64275 reg. Kerzen       10/0/0 von 252  Tagen gewertet (1m/5m/15m)      313 Signale  3906 ms lesen  4218 ms rechnen
2026-09-08T17:55:30.546Z  AMRS/2017       bereinigt    60197 reg. Kerzen        0/0/0 von 251  Tagen gewertet (1m/5m/15m)        0 Signale  1930 ms lesen  387 ms rechnen
2026-09-08T17:55:52.628Z  AMRS/2018       roh          70908 reg. Kerzen       60/0/0 von 251  Tagen gewertet (1m/5m/15m)     1878 Signale  2326 ms lesen  19580 ms rechnen
2026-09-08T17:56:21.473Z  AMRS/2019       roh          81168 reg. Kerzen       63/0/0 von 252  Tagen gewertet (1m/5m/15m)     2101 Signale  4161 ms lesen  24462 ms rechnen
2026-09-08T17:57:26.373Z  AMRS/2020       roh          90010 reg. Kerzen      166/0/0 von 253  Tagen gewertet (1m/5m/15m)     5366 Signale  2201 ms lesen  62468 ms rechnen
2026-09-08T17:59:07.390Z  AMRS/2021       roh          97429 reg. Kerzen      252/0/0 von 252  Tagen gewertet (1m/5m/15m)     8209 Signale  220 ms lesen  100551 ms rechnen
2026-09-08T18:00:50.790Z  AMRS/2022       roh          95926 reg. Kerzen      251/0/0 von 251  Tagen gewertet (1m/5m/15m)     8452 Signale  523 ms lesen  102602 ms rechnen
2026-09-08T18:01:18.036Z  AMRS/2023       roh          58306 reg. Kerzen       60/0/0 von 158  Tagen gewertet (1m/5m/15m)     1965 Signale  1725 ms lesen  25210 ms rechnen
2026-09-08T18:01:19.419Z  AMTG/2016       roh          34965 reg. Kerzen        0/0/0 von 168  Tagen gewertet (1m/5m/15m)        0 Signale  1010 ms lesen  196 ms rechnen
2026-09-08T18:01:24.547Z  ANAB/2017       bereinigt    35920 reg. Kerzen        5/0/0 von 235  Tagen gewertet (1m/5m/15m)      141 Signale  2926 ms lesen  2011 ms rechnen
2026-09-08T18:01:35.346Z  ANAB/2018       bereinigt    59988 reg. Kerzen       20/0/0 von 251  Tagen gewertet (1m/5m/15m)      637 Signale  3955 ms lesen  6729 ms rechnen
2026-09-08T18:01:51.482Z  ANAB/2019       bereinigt    57413 reg. Kerzen       32/0/0 von 252  Tagen gewertet (1m/5m/15m)     1016 Signale  5140 ms lesen  10804 ms rechnen
2026-09-08T18:02:10.095Z  ANAB/2020       bereinigt    65021 reg. Kerzen       57/0/0 von 253  Tagen gewertet (1m/5m/15m)     1802 Signale  151 ms lesen  18291 ms rechnen
2026-09-08T18:02:12.878Z  ANAB/2021       bereinigt    45502 reg. Kerzen        7/0/0 von 252  Tagen gewertet (1m/5m/15m)      219 Signale  110 ms lesen  2494 ms rechnen
2026-09-08T18:02:13.357Z  ANAB/2022       bereinigt    39486 reg. Kerzen        0/0/0 von 251  Tagen gewertet (1m/5m/15m)        0 Signale  106 ms lesen  239 ms rechnen
2026-09-08T18:02:13.796Z  ANAB/2023       bereinigt    41316 reg. Kerzen        0/0/0 von 250  Tagen gewertet (1m/5m/15m)        0 Signale  107 ms lesen  231 ms rechnen
2026-09-08T18:02:20.287Z  ANAB/2024       bereinigt    51270 reg. Kerzen       17/0/0 von 252  Tagen gewertet (1m/5m/15m)      524 Signale  135 ms lesen  6234 ms rechnen
2026-09-08T18:02:35.154Z  ANAB/2025       bereinigt    63652 reg. Kerzen       43/0/0 von 250  Tagen gewertet (1m/5m/15m)     1414 Signale  159 ms lesen  14560 ms rechnen
2026-09-08T18:02:38.535Z  ANAB/2026       bereinigt    40089 reg. Kerzen       10/0/0 von 166  Tagen gewertet (1m/5m/15m)      303 Signale  73 ms lesen  3153 ms rechnen
2026-09-08T18:02:39.037Z  ANDE/2016       roh          45187 reg. Kerzen        0/0/0 von 252  Tagen gewertet (1m/5m/15m)        0 Signale  92 ms lesen  237 ms rechnen
2026-09-08T18:02:39.436Z  ANDE/2017       roh          37553 reg. Kerzen        0/0/0 von 251  Tagen gewertet (1m/5m/15m)        0 Signale  77 ms lesen  189 ms rechnen
2026-09-08T18:02:39.775Z  ANDE/2018       roh          34102 reg. Kerzen        0/0/0 von 251  Tagen gewertet (1m/5m/15m)        0 Signale  53 ms lesen  195 ms rechnen
2026-09-08T18:02:41.376Z  ANDE/2019       roh          45802 reg. Kerzen        4/0/0 von 252  Tagen gewertet (1m/5m/15m)      128 Signale  76 ms lesen  1452 ms rechnen
2026-09-08T18:02:43.225Z  ANDE/2020       roh          50195 reg. Kerzen        0/0/0 von 253  Tagen gewertet (1m/5m/15m)        0 Signale  1471 ms lesen  261 ms rechnen
2026-09-08T18:02:43.656Z  ANDE/2021       roh          38317 reg. Kerzen        0/0/0 von 252  Tagen gewertet (1m/5m/15m)        0 Signale  82 ms lesen  211 ms rechnen
2026-09-08T18:02:49.264Z  ANDE/2022       roh          54833 reg. Kerzen       17/0/0 von 251  Tagen gewertet (1m/5m/15m)      506 Signale  90 ms lesen  5404 ms rechnen
2026-09-08T18:02:49.987Z  ANDE/2023       roh          43703 reg. Kerzen        1/0/0 von 250  Tagen gewertet (1m/5m/15m)       28 Signale  79 ms lesen  506 ms rechnen
2026-09-08T18:02:50.604Z  ANDE/2024       roh          36887 reg. Kerzen        1/0/0 von 252  Tagen gewertet (1m/5m/15m)       23 Signale  73 ms lesen  413 ms rechnen
2026-09-08T18:02:52.514Z  ANDE/2025       roh          47751 reg. Kerzen        5/0/0 von 250  Tagen gewertet (1m/5m/15m)      146 Signale  83 ms lesen  1717 ms rechnen
2026-09-08T18:02:53.006Z  ANDE/2026       roh          29272 reg. Kerzen        1/0/0 von 166  Tagen gewertet (1m/5m/15m)       27 Signale  43 ms lesen  327 ms rechnen
2026-09-08T18:02:53.380Z  ANGN/2021       bereinigt    29059 reg. Kerzen        0/0/0 von 229  Tagen gewertet (1m/5m/15m)        0 Signale  77 ms lesen  183 ms rechnen
2026-09-08T18:02:53.630Z  ANGN/2022       bereinigt    19367 reg. Kerzen        0/0/0 von 251  Tagen gewertet (1m/5m/15m)        0 Signale  45 ms lesen  121 ms rechnen
2026-09-08T18:02:53.727Z  ANGN/2023       bereinigt     3966 reg. Kerzen        0/0/0 von 104  Tagen gewertet (1m/5m/15m)        0 Signale  14 ms lesen  30 ms rechnen
2026-09-08T18:02:53.961Z  ANTH/2017       roh          25570 reg. Kerzen        0/0/0 von 170  Tagen gewertet (1m/5m/15m)        0 Signale  64 ms lesen  155 ms rechnen
2026-09-08T18:02:54.319Z  ANTH/2018       roh          24542 reg. Kerzen        0/0/0 von 123  Tagen gewertet (1m/5m/15m)        0 Signale  113 ms lesen  165 ms rechnen
2026-09-08T18:02:54.435Z  AONE/2020       roh           2319 reg. Kerzen        0/0/0 von 58   Tagen gewertet (1m/5m/15m)        0 Signale  21 ms lesen  9 ms rechnen
2026-09-08T18:03:00.254Z  AONE/2021       roh          25685 reg. Kerzen       16/0/0 von 133  Tagen gewertet (1m/5m/15m)      505 Signale  63 ms lesen  5749 ms rechnen
2026-09-08T18:04:10.684Z  APD/2016        bereinigt    93140 reg. Kerzen      229/0/0 von 252  Tagen gewertet (1m/5m/15m)     5197 Signale  174 ms lesen  70177 ms rechnen
2026-09-08T18:05:25.250Z  APD/2017        roh          90189 reg. Kerzen      248/0/0 von 251  Tagen gewertet (1m/5m/15m)     5221 Signale  1345 ms lesen  72929 ms rechnen
2026-09-08T18:06:43.541Z  APD/2018        roh          89533 reg. Kerzen      246/0/0 von 251  Tagen gewertet (1m/5m/15m)     5781 Signale  5357 ms lesen  72667 ms rechnen
2026-09-08T18:08:03.091Z  APD/2019        roh          91610 reg. Kerzen      248/0/0 von 252  Tagen gewertet (1m/5m/15m)     5599 Signale  4180 ms lesen  75149 ms rechnen
2026-09-08T18:09:28.826Z  APD/2020        roh          93176 reg. Kerzen      252/0/0 von 253  Tagen gewertet (1m/5m/15m)     6513 Signale  3352 ms lesen  82124 ms rechnen
2026-09-08T18:10:43.475Z  APD/2021        roh          89061 reg. Kerzen      241/0/0 von 252  Tagen gewertet (1m/5m/15m)     5643 Signale  3232 ms lesen  71149 ms rechnen
2026-09-08T18:12:04.407Z  APD/2022        roh          90937 reg. Kerzen      246/0/0 von 251  Tagen gewertet (1m/5m/15m)     6232 Signale  3480 ms lesen  77206 ms rechnen
2026-09-08T18:13:05.603Z  APD/2023        roh          84458 reg. Kerzen      201/0/0 von 250  Tagen gewertet (1m/5m/15m)     4634 Signale  2303 ms lesen  58631 ms rechnen
2026-09-08T18:14:17.016Z  APD/2024        roh          88681 reg. Kerzen      228/0/0 von 252  Tagen gewertet (1m/5m/15m)     5258 Signale  1783 ms lesen  69388 ms rechnen
2026-09-08T18:15:24.060Z  APD/2025        roh          85945 reg. Kerzen      213/0/0 von 250  Tagen gewertet (1m/5m/15m)     5183 Signale  3437 ms lesen  63339 ms rechnen
2026-09-08T18:16:22.164Z  APD/2026        roh          63368 reg. Kerzen      166/0/0 von 166  Tagen gewertet (1m/5m/15m)     4128 Signale  1570 ms lesen  56261 ms rechnen
2026-09-08T18:16:23.830Z  APGE/2023       roh          22465 reg. Kerzen        4/0/0 von 118  Tagen gewertet (1m/5m/15m)      106 Signale  46 ms lesen  1435 ms rechnen
2026-09-08T18:16:30.973Z  APGE/2024       roh          58307 reg. Kerzen       21/0/0 von 252  Tagen gewertet (1m/5m/15m)      657 Signale  94 ms lesen  6995 ms rechnen
2026-09-08T18:16:57.772Z  APGE/2025       roh          68790 reg. Kerzen       65/0/0 von 250  Tagen gewertet (1m/5m/15m)     2004 Signale  5621 ms lesen  21008 ms rechnen
2026-09-08T18:17:21.063Z  APGE/2026       roh          49618 reg. Kerzen       67/0/0 von 166  Tagen gewertet (1m/5m/15m)     1600 Signale  2508 ms lesen  20593 ms rechnen
2026-09-08T18:17:21.525Z  APLP/2016       roh          43598 reg. Kerzen        0/0/0 von 252  Tagen gewertet (1m/5m/15m)        0 Signale  70 ms lesen  260 ms rechnen
2026-09-08T18:17:21.958Z  APLP/2017       roh          32566 reg. Kerzen        0/0/0 von 251  Tagen gewertet (1m/5m/15m)        0 Signale  87 ms lesen  214 ms rechnen
2026-09-08T18:17:22.180Z  APLP/2018       roh          11116 reg. Kerzen        0/0/0 von 80   Tagen gewertet (1m/5m/15m)        0 Signale  33 ms lesen  77 ms rechnen
2026-09-08T18:17:22.288Z  APOP/2016       bereinigt     1388 reg. Kerzen        0/0/0 von 98   Tagen gewertet (1m/5m/15m)        0 Signale  49 ms lesen  11 ms rechnen
2026-09-08T18:17:22.402Z  APOP/2017       bereinigt    12495 reg. Kerzen        0/0/0 von 251  Tagen gewertet (1m/5m/15m)        0 Signale  31 ms lesen  77 ms rechnen
2026-09-08T18:17:22.509Z  APOP/2018       bereinigt     7433 reg. Kerzen        0/0/0 von 251  Tagen gewertet (1m/5m/15m)        0 Signale  13 ms lesen  50 ms rechnen
2026-09-08T18:17:22.631Z  APOP/2019       bereinigt    14486 reg. Kerzen        0/0/0 von 252  Tagen gewertet (1m/5m/15m)        0 Signale  22 ms lesen  83 ms rechnen
2026-09-08T18:17:22.831Z  APOP/2020       bereinigt    22608 reg. Kerzen        0/0/0 von 253  Tagen gewertet (1m/5m/15m)        0 Signale  32 ms lesen  128 ms rechnen
2026-09-08T18:17:23.119Z  APOP/2021       bereinigt    30278 reg. Kerzen        0/0/0 von 208  Tagen gewertet (1m/5m/15m)        0 Signale  49 ms lesen  184 ms rechnen
2026-09-08T18:17:23.450Z  APRI/2016       bereinigt    31577 reg. Kerzen        0/0/0 von 252  Tagen gewertet (1m/5m/15m)        0 Signale  65 ms lesen  173 ms rechnen
2026-09-08T18:17:23.786Z  APRI/2017       roh          31221 reg. Kerzen        0/0/0 von 251  Tagen gewertet (1m/5m/15m)        0 Signale  77 ms lesen  160 ms rechnen
2026-09-08T18:17:24.164Z  APRI/2018       roh          38719 reg. Kerzen        0/0/0 von 251  Tagen gewertet (1m/5m/15m)        0 Signale  68 ms lesen  240 ms rechnen
2026-09-08T18:17:24.314Z  APRI/2019       roh           3306 reg. Kerzen        0/0/0 von 15   Tagen gewertet (1m/5m/15m)        0 Signale  14 ms lesen  28 ms rechnen
2026-09-08T18:17:24.495Z  APTX/2018       roh          15041 reg. Kerzen        0/0/0 von 133  Tagen gewertet (1m/5m/15m)        0 Signale  47 ms lesen  103 ms rechnen
2026-09-08T18:17:24.817Z  APTX/2019       roh          38040 reg. Kerzen        0/0/0 von 252  Tagen gewertet (1m/5m/15m)        0 Signale  54 ms lesen  215 ms rechnen
2026-09-08T18:17:25.233Z  APTX/2020       roh          48661 reg. Kerzen        0/0/0 von 253  Tagen gewertet (1m/5m/15m)        0 Signale  64 ms lesen  254 ms rechnen
2026-09-08T18:17:25.957Z  APTX/2021       roh          45520 reg. Kerzen        0/0/0 von 252  Tagen gewertet (1m/5m/15m)        0 Signale  311 ms lesen  281 ms rechnen
2026-09-08T18:17:26.293Z  APTX/2022       roh          27497 reg. Kerzen        0/0/0 von 251  Tagen gewertet (1m/5m/15m)        0 Signale  82 ms lesen  143 ms rechnen
2026-09-08T18:17:26.542Z  APTX/2023       roh          17794 reg. Kerzen        0/0/0 von 95   Tagen gewertet (1m/5m/15m)        0 Signale  38 ms lesen  135 ms rechnen
2026-09-08T18:17:26.586Z  AUSGELASSEN APTX/2024: Datei fehlt
2026-09-08T18:17:26.601Z  AQU/2022        roh            109 reg. Kerzen        0/0/0 von 23   Tagen gewertet (1m/5m/15m)        0 Signale  13 ms lesen  1 ms rechnen
2026-09-08T18:17:26.644Z  AQU/2023        roh            760 reg. Kerzen        0/0/0 von 152  Tagen gewertet (1m/5m/15m)        0 Signale  36 ms lesen  6 ms rechnen
2026-09-08T18:17:26.662Z  AQU/2024        roh            327 reg. Kerzen        0/0/0 von 91   Tagen gewertet (1m/5m/15m)        0 Signale  13 ms lesen  2 ms rechnen
2026-09-08T18:17:26.677Z  AQU/2025        roh            170 reg. Kerzen        0/0/0 von 21   Tagen gewertet (1m/5m/15m)        0 Signale  12 ms lesen  2 ms rechnen
2026-09-08T18:17:26.998Z  ARC/2016        roh          45202 reg. Kerzen        0/0/0 von 252  Tagen gewertet (1m/5m/15m)        0 Signale  84 ms lesen  227 ms rechnen
2026-09-08T18:17:27.461Z  ARC/2017        roh          36088 reg. Kerzen        0/0/0 von 251  Tagen gewertet (1m/5m/15m)        0 Signale  132 ms lesen  221 ms rechnen
2026-09-08T18:17:27.900Z  ARC/2018        roh          43903 reg. Kerzen        0/0/0 von 251  Tagen gewertet (1m/5m/15m)        0 Signale  71 ms lesen  245 ms rechnen
2026-09-08T18:17:28.265Z  ARC/2019        roh          30804 reg. Kerzen        0/0/0 von 252  Tagen gewertet (1m/5m/15m)        0 Signale  78 ms lesen  170 ms rechnen
2026-09-08T18:17:28.534Z  ARC/2020        roh          25060 reg. Kerzen        0/0/0 von 253  Tagen gewertet (1m/5m/15m)        0 Signale  41 ms lesen  144 ms rechnen
2026-09-08T18:17:28.856Z  ARC/2021        roh          29365 reg. Kerzen        0/0/0 von 252  Tagen gewertet (1m/5m/15m)        0 Signale  74 ms lesen  164 ms rechnen
2026-09-08T18:17:29.130Z  ARC/2022        roh          25267 reg. Kerzen        0/0/0 von 251  Tagen gewertet (1m/5m/15m)        0 Signale  46 ms lesen  128 ms rechnen
2026-09-08T18:17:29.435Z  ARC/2023        roh          28670 reg. Kerzen        0/0/0 von 250  Tagen gewertet (1m/5m/15m)        0 Signale  45 ms lesen  176 ms rechnen
2026-09-08T18:17:29.705Z  ARC/2024        roh          23923 reg. Kerzen        0/0/0 von 226  Tagen gewertet (1m/5m/15m)        0 Signale  43 ms lesen  150 ms rechnen
2026-09-08T18:17:29.892Z  ARCW/2016       roh           6637 reg. Kerzen        0/0/0 von 252  Tagen gewertet (1m/5m/15m)        0 Signale  65 ms lesen  37 ms rechnen
2026-09-08T18:17:29.960Z  ARCW/2017       roh           4469 reg. Kerzen        0/0/0 von 250  Tagen gewertet (1m/5m/15m)        0 Signale  17 ms lesen  33 ms rechnen
2026-09-08T18:17:30.029Z  ARCW/2018       roh           3216 reg. Kerzen        0/0/0 von 242  Tagen gewertet (1m/5m/15m)        0 Signale  34 ms lesen  24 ms rechnen
2026-09-08T18:17:30.086Z  ARCW/2019       roh           4050 reg. Kerzen        0/0/0 von 136  Tagen gewertet (1m/5m/15m)        0 Signale  15 ms lesen  29 ms rechnen
2026-09-08T18:17:30.314Z  ARES/2016       roh          18089 reg. Kerzen        0/0/0 von 252  Tagen gewertet (1m/5m/15m)        0 Signale  98 ms lesen  100 ms rechnen
2026-09-08T18:17:30.619Z  ARES/2017       roh          25143 reg. Kerzen        0/0/0 von 251  Tagen gewertet (1m/5m/15m)        0 Signale  77 ms lesen  165 ms rechnen
2026-09-08T18:17:44.481Z  ARES/2018       roh          58106 reg. Kerzen       46/0/0 von 251  Tagen gewertet (1m/5m/15m)     1335 Signale  91 ms lesen  13693 ms rechnen
2026-09-08T18:17:46.474Z  CHECKPOINT 400 Dateien, 204 min, Detektorfehler {}
2026-09-08T18:18:18.552Z  ARES/2019       roh          76098 reg. Kerzen      113/0/0 von 252  Tagen gewertet (1m/5m/15m)     2978 Signale  122 ms lesen  31955 ms rechnen
2026-09-08T18:19:08.255Z  ARES/2020       roh          81566 reg. Kerzen      159/0/0 von 253  Tagen gewertet (1m/5m/15m)     4591 Signale  699 ms lesen  48819 ms rechnen
2026-09-08T18:19:50.380Z  ARES/2021       roh          78829 reg. Kerzen      146/0/0 von 252  Tagen gewertet (1m/5m/15m)     3719 Signale  776 ms lesen  41082 ms rechnen
2026-09-08T18:21:03.334Z  ARES/2022       roh          87113 reg. Kerzen      227/0/0 von 251  Tagen gewertet (1m/5m/15m)     6492 Signale  1773 ms lesen  71011 ms rechnen
2026-09-08T18:22:17.247Z  ARES/2023       roh          87027 reg. Kerzen      233/0/0 von 250  Tagen gewertet (1m/5m/15m)     5997 Signale  2379 ms lesen  71268 ms rechnen
2026-09-08T18:23:23.045Z  ARES/2024       roh          86291 reg. Kerzen      221/0/0 von 252  Tagen gewertet (1m/5m/15m)     5518 Signale  152 ms lesen  65367 ms rechnen
2026-09-08T18:24:43.131Z  ARES/2025       roh          89806 reg. Kerzen      239/0/0 von 250  Tagen gewertet (1m/5m/15m)     6305 Signale  1916 ms lesen  77922 ms rechnen
2026-09-08T18:25:46.101Z  ARES/2026       roh          62992 reg. Kerzen      166/0/0 von 166  Tagen gewertet (1m/5m/15m)     4817 Signale  3996 ms lesen  58704 ms rechnen
2026-09-08T18:26:39.216Z  ARI/2016        roh          82645 reg. Kerzen      165/0/0 von 252  Tagen gewertet (1m/5m/15m)     3863 Signale  5429 ms lesen  47107 ms rechnen
2026-09-08T18:27:47.893Z  ARI/2017        roh          85775 reg. Kerzen      225/0/0 von 251  Tagen gewertet (1m/5m/15m)     4688 Signale  2713 ms lesen  65690 ms rechnen
2026-09-08T18:28:58.373Z  ARI/2018        roh          87277 reg. Kerzen      227/0/0 von 251  Tagen gewertet (1m/5m/15m)     4603 Signale  127 ms lesen  70150 ms rechnen
2026-09-08T18:30:06.647Z  ARI/2019        roh          86335 reg. Kerzen      227/0/0 von 252  Tagen gewertet (1m/5m/15m)     4526 Signale  143 ms lesen  67842 ms rechnen
2026-09-08T18:31:31.991Z  ARI/2020        roh          91438 reg. Kerzen      246/0/0 von 253  Tagen gewertet (1m/5m/15m)     7042 Signale  136 ms lesen  84970 ms rechnen
2026-09-08T18:32:28.758Z  ARI/2021        roh          81973 reg. Kerzen      177/0/0 von 252  Tagen gewertet (1m/5m/15m)     4572 Signale  3242 ms lesen  53245 ms rechnen
2026-09-08T18:33:44.714Z  ARI/2022        roh          87046 reg. Kerzen      236/0/0 von 251  Tagen gewertet (1m/5m/15m)     6366 Signale  2878 ms lesen  72877 ms rechnen
2026-09-08T18:34:52.605Z  ARI/2023        roh          84570 reg. Kerzen      204/0/0 von 250  Tagen gewertet (1m/5m/15m)     5504 Signale  4391 ms lesen  63257 ms rechnen
2026-09-08T18:35:34.516Z  ARI/2024        roh          79837 reg. Kerzen      135/0/0 von 252  Tagen gewertet (1m/5m/15m)     3446 Signale  2489 ms lesen  39161 ms rechnen
2026-09-08T18:36:08.050Z  ARI/2025        roh          76741 reg. Kerzen      112/0/0 von 250  Tagen gewertet (1m/5m/15m)     2783 Signale  161 ms lesen  33113 ms rechnen
2026-09-08T18:37:08.363Z  ARI/2026        roh          55792 reg. Kerzen      119/0/0 von 166  Tagen gewertet (1m/5m/15m)     2762 Signale  22213 ms lesen  37896 ms rechnen
2026-09-08T18:37:11.297Z  ARMO/2018       roh          21844 reg. Kerzen        8/0/0 von 102  Tagen gewertet (1m/5m/15m)      156 Signale  48 ms lesen  2744 ms rechnen
2026-09-08T18:37:11.931Z  ARQT/2020       roh          35046 reg. Kerzen        1/0/0 von 233  Tagen gewertet (1m/5m/15m)       31 Signale  61 ms lesen  475 ms rechnen
2026-09-08T18:37:12.319Z  ARQT/2021       roh          40866 reg. Kerzen        0/0/0 von 252  Tagen gewertet (1m/5m/15m)        0 Signale  73 ms lesen  224 ms rechnen
2026-09-08T18:37:30.234Z  ARQT/2022       roh          62442 reg. Kerzen       55/0/0 von 251  Tagen gewertet (1m/5m/15m)     1674 Signale  119 ms lesen  17653 ms rechnen
2026-09-08T18:38:32.235Z  ARQT/2023       roh          85370 reg. Kerzen      177/0/0 von 250  Tagen gewertet (1m/5m/15m)     5657 Signale  101 ms lesen  61755 ms rechnen
2026-09-08T18:40:11.226Z  ARQT/2024       roh          94822 reg. Kerzen      252/0/0 von 252  Tagen gewertet (1m/5m/15m)     8227 Signale  121 ms lesen  98611 ms rechnen
2026-09-08T18:41:45.791Z  ARQT/2025       roh          92112 reg. Kerzen      249/0/0 von 250  Tagen gewertet (1m/5m/15m)     7803 Signale  4077 ms lesen  90250 ms rechnen
2026-09-08T18:42:36.998Z  ARQT/2026       roh          57373 reg. Kerzen      144/0/0 von 166  Tagen gewertet (1m/5m/15m)     4269 Signale  1859 ms lesen  49092 ms rechnen
2026-09-08T18:42:46.468Z  ARVL/2020       bereinigt    12133 reg. Kerzen       21/0/0 von 177  Tagen gewertet (1m/5m/15m)      667 Signale  344 ms lesen  8663 ms rechnen
Ende 08.09.2026 20:42:56,59  (Rueckgabewert 1073807364) 
Signalstudie Minuten: Ausgabe voll-0-1m --teil 0/8 --zeitrahmen 1m, Start 09.09.2026  9:57:34,86 
2026-09-09T07:57:39.381Z  FORTSETZUNG: 400 Dateien erledigt, Zellenstand 2

!!! WERTPAPIERART: Referenzkarte vorhanden, aber ohne Eintrag fuer GCI (erster Fall dieses Laufs; weitere werden nicht gemeldet) - solche Symbole fallen STILL aus dem Universum heraus.

2026-09-09T07:57:39.508Z  START signale-minuten-2026-09-06/v4/13x3x3x4x3+kurs | 913 Reihen (7299 Aktien, ausgeschlossen {"ETF":694,"ETN":7,"ETV":35,"FUND":16,"ETS":4,"ohne Art":1,"TEST":1,"UNIT":1}) | 13 Detektoren | Tage 2680 | Bestaetigung ab 2023-02-07 | Teil 0/8
2026-09-09T07:57:39.510Z  ZEITRAHMEN-TEIL: nur 1m - die uebrigen Zeitrahmen muessen in einem eigenen Lauf gemessen und beim Auswerten zusammengelegt werden
2026-09-09T07:57:39.580Z  AUSGELASSEN ABVE/2016: Datei fehlt
2026-09-09T07:57:39.581Z  AUSGELASSEN ABVE/2017: Datei fehlt
2026-09-09T07:57:39.582Z  AUSGELASSEN ABVE/2018: Datei fehlt
2026-09-09T07:57:39.582Z  AUSGELASSEN ABVE/2019: Datei fehlt
2026-09-09T07:57:39.583Z  AUSGELASSEN ABVE/2020: Datei fehlt
2026-09-09T07:57:40.603Z  AUSGELASSEN ADXS/2022: Datei fehlt
2026-09-09T07:57:40.821Z  AUSGELASSEN ADXS/2023: Datei fehlt
2026-09-09T07:57:40.822Z  AUSGELASSEN ADXS/2024: Datei fehlt
2026-09-09T07:57:40.822Z  AUSGELASSEN ADXS/2025: Datei fehlt
2026-09-09T07:57:41.702Z  AUSGELASSEN APTX/2024: Datei fehlt
2026-09-09T07:58:09.804Z  ARES/2019       roh          76098 reg. Kerzen      113/0/0 von 252  Tagen gewertet (1m/5m/15m)     2978 Signale  548 ms lesen  27526 ms rechnen
2026-09-09T07:58:51.358Z  ARES/2020       roh          81566 reg. Kerzen      159/0/0 von 253  Tagen gewertet (1m/5m/15m)     4591 Signale  139 ms lesen  41233 ms rechnen
2026-09-09T07:59:45.589Z  ARES/2021       roh          78829 reg. Kerzen      146/0/0 von 252  Tagen gewertet (1m/5m/15m)     3719 Signale  19115 ms lesen  34950 ms rechnen
2026-09-09T08:00:45.496Z  ARES/2022       roh          87113 reg. Kerzen      227/0/0 von 251  Tagen gewertet (1m/5m/15m)     6492 Signale  107 ms lesen  59634 ms rechnen
2026-09-09T08:01:43.576Z  ARES/2023       roh          87027 reg. Kerzen      233/0/0 von 250  Tagen gewertet (1m/5m/15m)     5997 Signale  108 ms lesen  57786 ms rechnen
2026-09-09T08:02:38.194Z  ARES/2024       roh          86291 reg. Kerzen      221/0/0 von 252  Tagen gewertet (1m/5m/15m)     5518 Signale  120 ms lesen  54310 ms rechnen
2026-09-09T08:03:44.130Z  ARES/2025       roh          89806 reg. Kerzen      239/0/0 von 250  Tagen gewertet (1m/5m/15m)     6305 Signale  111 ms lesen  65609 ms rechnen
2026-09-09T08:04:32.220Z  ARES/2026       roh          62992 reg. Kerzen      166/0/0 von 166  Tagen gewertet (1m/5m/15m)     4817 Signale  252 ms lesen  47617 ms rechnen
2026-09-09T08:05:08.882Z  ARI/2016        roh          82645 reg. Kerzen      165/0/0 von 252  Tagen gewertet (1m/5m/15m)     3863 Signale  135 ms lesen  36362 ms rechnen
2026-09-09T08:05:58.579Z  ARI/2017        roh          85775 reg. Kerzen      225/0/0 von 251  Tagen gewertet (1m/5m/15m)     4688 Signale  127 ms lesen  49407 ms rechnen
2026-09-09T08:06:51.741Z  ARI/2018        roh          87277 reg. Kerzen      227/0/0 von 251  Tagen gewertet (1m/5m/15m)     4603 Signale  109 ms lesen  52850 ms rechnen
2026-09-09T08:07:43.183Z  ARI/2019        roh          86335 reg. Kerzen      227/0/0 von 252  Tagen gewertet (1m/5m/15m)     4526 Signale  114 ms lesen  51145 ms rechnen
2026-09-09T08:08:48.245Z  ARI/2020        roh          91438 reg. Kerzen      246/0/0 von 253  Tagen gewertet (1m/5m/15m)     7042 Signale  134 ms lesen  64732 ms rechnen
2026-09-09T08:09:29.110Z  ARI/2021        roh          81973 reg. Kerzen      177/0/0 von 252  Tagen gewertet (1m/5m/15m)     4572 Signale  97 ms lesen  40555 ms rechnen
2026-09-09T08:10:26.572Z  ARI/2022        roh          87046 reg. Kerzen      236/0/0 von 251  Tagen gewertet (1m/5m/15m)     6366 Signale  92 ms lesen  57183 ms rechnen
2026-09-09T08:11:14.551Z  ARI/2023        roh          84570 reg. Kerzen      204/0/0 von 250  Tagen gewertet (1m/5m/15m)     5504 Signale  99 ms lesen  47704 ms rechnen
2026-09-09T08:11:44.291Z  ARI/2024        roh          79837 reg. Kerzen      135/0/0 von 252  Tagen gewertet (1m/5m/15m)     3446 Signale  83 ms lesen  29485 ms rechnen
2026-09-09T08:12:09.428Z  ARI/2025        roh          76741 reg. Kerzen      112/0/0 von 250  Tagen gewertet (1m/5m/15m)     2783 Signale  80 ms lesen  24881 ms rechnen
2026-09-09T08:12:38.486Z  ARI/2026        roh          55792 reg. Kerzen      119/0/0 von 166  Tagen gewertet (1m/5m/15m)     2762 Signale  143 ms lesen  28729 ms rechnen
2026-09-09T08:12:40.707Z  ARMO/2018       roh          21844 reg. Kerzen        8/0/0 von 102  Tagen gewertet (1m/5m/15m)      156 Signale  39 ms lesen  2069 ms rechnen
2026-09-09T08:12:41.224Z  ARQT/2020       roh          35046 reg. Kerzen        1/0/0 von 233  Tagen gewertet (1m/5m/15m)       31 Signale  71 ms lesen  378 ms rechnen
2026-09-09T08:12:41.555Z  ARQT/2021       roh          40866 reg. Kerzen        0/0/0 von 252  Tagen gewertet (1m/5m/15m)        0 Signale  84 ms lesen  170 ms rechnen
2026-09-09T08:12:55.490Z  ARQT/2022       roh          62442 reg. Kerzen       55/0/0 von 251  Tagen gewertet (1m/5m/15m)     1674 Signale  85 ms lesen  13772 ms rechnen
2026-09-09T08:13:42.919Z  ARQT/2023       roh          85370 reg. Kerzen      177/0/0 von 250  Tagen gewertet (1m/5m/15m)     5657 Signale  100 ms lesen  47185 ms rechnen
2026-09-09T08:14:58.248Z  ARQT/2024       roh          94822 reg. Kerzen      252/0/0 von 252  Tagen gewertet (1m/5m/15m)     8227 Signale  118 ms lesen  75011 ms rechnen
2026-09-09T08:16:07.332Z  ARQT/2025       roh          92112 reg. Kerzen      249/0/0 von 250  Tagen gewertet (1m/5m/15m)     7803 Signale  114 ms lesen  68775 ms rechnen
2026-09-09T08:16:44.141Z  ARQT/2026       roh          57373 reg. Kerzen      144/0/0 von 166  Tagen gewertet (1m/5m/15m)     4269 Signale  141 ms lesen  36473 ms rechnen
2026-09-09T08:16:51.128Z  ARVL/2020       bereinigt    12133 reg. Kerzen       21/0/0 von 177  Tagen gewertet (1m/5m/15m)      667 Signale  51 ms lesen  6799 ms rechnen
2026-09-09T08:17:55.543Z  ARVL/2021       bereinigt    92517 reg. Kerzen      225/0/0 von 252  Tagen gewertet (1m/5m/15m)     7303 Signale  132 ms lesen  64255 ms rechnen
2026-09-09T08:18:52.371Z  ARVL/2022       bereinigt    95559 reg. Kerzen      175/0/0 von 251  Tagen gewertet (1m/5m/15m)     5849 Signale  164 ms lesen  56479 ms rechnen
2026-09-09T08:22:53.154Z  ARVL/2023       bereinigt    59922 reg. Kerzen        0/0/0 von 250  Tagen gewertet (1m/5m/15m)        0 Signale  240154 ms lesen  408 ms rechnen
2026-09-09T08:22:53.416Z  ARVL/2024       roh           2527 reg. Kerzen        0/0/0 von 19   Tagen gewertet (1m/5m/15m)        0 Signale  102 ms lesen  18 ms rechnen
2026-09-09T08:22:53.494Z  ARYE/2021       roh           2184 reg. Kerzen        0/0/0 von 98   Tagen gewertet (1m/5m/15m)        0 Signale  62 ms lesen  9 ms rechnen
2026-09-09T08:22:54.015Z  ARYE/2022       roh            470 reg. Kerzen        0/0/0 von 128  Tagen gewertet (1m/5m/15m)        0 Signale  510 ms lesen  6 ms rechnen
2026-09-09T08:22:54.104Z  ARYE/2023       roh            393 reg. Kerzen        0/0/0 von 83   Tagen gewertet (1m/5m/15m)        0 Signale  85 ms lesen  2 ms rechnen
2026-09-09T08:22:54.248Z  ASBB/2016       roh           1071 reg. Kerzen        0/0/0 von 195  Tagen gewertet (1m/5m/15m)        0 Signale  135 ms lesen  6 ms rechnen
2026-09-09T08:22:54.347Z  ASBB/2017       roh           3050 reg. Kerzen        0/0/0 von 170  Tagen gewertet (1m/5m/15m)        0 Signale  78 ms lesen  18 ms rechnen
2026-09-09T08:22:55.401Z  ASLN/2018       bereinigt     5834 reg. Kerzen        0/0/0 von 166  Tagen gewertet (1m/5m/15m)        0 Signale  1010 ms lesen  25 ms rechnen
2026-09-09T08:22:56.184Z  ASLN/2019       bereinigt    12894 reg. Kerzen        0/0/0 von 252  Tagen gewertet (1m/5m/15m)        0 Signale  707 ms lesen  64 ms rechnen
2026-09-09T08:22:57.333Z  ASLN/2020       bereinigt    20646 reg. Kerzen        0/0/0 von 253  Tagen gewertet (1m/5m/15m)        0 Signale  1023 ms lesen  96 ms rechnen
2026-09-09T08:23:01.163Z  ASLN/2021       bereinigt    57258 reg. Kerzen        7/0/0 von 252  Tagen gewertet (1m/5m/15m)      212 Signale  1246 ms lesen  2532 ms rechnen
2026-09-09T08:23:02.389Z  ASLN/2022       bereinigt    26310 reg. Kerzen        0/0/0 von 251  Tagen gewertet (1m/5m/15m)        0 Signale  950 ms lesen  154 ms rechnen
2026-09-09T08:23:03.678Z  ASLN/2023       bereinigt    15085 reg. Kerzen        0/0/0 von 250  Tagen gewertet (1m/5m/15m)        0 Signale  1141 ms lesen  77 ms rechnen
2026-09-09T08:23:05.127Z  ASLN/2024       bereinigt    17411 reg. Kerzen        0/0/0 von 137  Tagen gewertet (1m/5m/15m)        0 Signale  1316 ms lesen  102 ms rechnen
2026-09-09T08:23:05.399Z  ASPN/2016       roh          18683 reg. Kerzen        0/0/0 von 252  Tagen gewertet (1m/5m/15m)        0 Signale  133 ms lesen  88 ms rechnen
2026-09-09T08:23:05.922Z  ASPN/2017       roh          12864 reg. Kerzen        0/0/0 von 251  Tagen gewertet (1m/5m/15m)        0 Signale  409 ms lesen  70 ms rechnen
2026-09-09T08:23:06.498Z  ASPN/2018       roh           8418 reg. Kerzen        0/0/0 von 251  Tagen gewertet (1m/5m/15m)        0 Signale  491 ms lesen  40 ms rechnen
2026-09-09T08:23:07.608Z  ASPN/2019       roh          11750 reg. Kerzen        0/0/0 von 252  Tagen gewertet (1m/5m/15m)        0 Signale  1038 ms lesen  55 ms rechnen
2026-09-09T08:23:07.953Z  ASPN/2020       roh          33961 reg. Kerzen        0/0/0 von 253  Tagen gewertet (1m/5m/15m)        0 Signale  168 ms lesen  154 ms rechnen
2026-09-09T08:23:11.220Z  ASPN/2021       roh          50794 reg. Kerzen        3/0/0 von 252  Tagen gewertet (1m/5m/15m)       77 Signale  2410 ms lesen  785 ms rechnen
2026-09-09T08:23:26.993Z  ASPN/2022       roh          71373 reg. Kerzen       49/0/0 von 251  Tagen gewertet (1m/5m/15m)     1555 Signale  2663 ms lesen  13013 ms rechnen
2026-09-09T08:24:00.800Z  ASPN/2023       roh          81152 reg. Kerzen      120/0/0 von 250  Tagen gewertet (1m/5m/15m)     3836 Signale  2056 ms lesen  31591 ms rechnen
2026-09-09T08:25:05.481Z  ASPN/2024       roh          88837 reg. Kerzen      223/0/0 von 252  Tagen gewertet (1m/5m/15m)     7109 Signale  3252 ms lesen  61240 ms rechnen
2026-09-09T08:26:14.590Z  ASPN/2025       roh          90355 reg. Kerzen      240/0/0 von 250  Tagen gewertet (1m/5m/15m)     7571 Signale  2447 ms lesen  66461 ms rechnen
2026-09-09T08:26:26.514Z  ASPN/2026       roh          54971 reg. Kerzen       43/0/0 von 166  Tagen gewertet (1m/5m/15m)     1363 Signale  62 ms lesen  11690 ms rechnen
2026-09-09T08:26:26.687Z  ASTS/2019       roh            143 reg. Kerzen        0/0/0 von 22   Tagen gewertet (1m/5m/15m)        0 Signale  34 ms lesen  1 ms rechnen
2026-09-09T08:26:27.049Z  ASTS/2020       roh           6586 reg. Kerzen        1/0/0 von 203  Tagen gewertet (1m/5m/15m)       33 Signale  39 ms lesen  322 ms rechnen
2026-09-09T08:27:32.637Z  ASTS/2021       roh          89032 reg. Kerzen      232/0/0 von 252  Tagen gewertet (1m/5m/15m)     7694 Signale  140 ms lesen  65435 ms rechnen
2026-09-09T08:28:17.723Z  ASTS/2022       roh          84584 reg. Kerzen      163/0/0 von 251  Tagen gewertet (1m/5m/15m)     5364 Signale  139 ms lesen  44768 ms rechnen
2026-09-09T08:29:13.866Z  ASTS/2023       roh          89514 reg. Kerzen      198/0/0 von 250  Tagen gewertet (1m/5m/15m)     6393 Signale  111 ms lesen  55835 ms rechnen
2026-09-09T08:30:28.765Z  ASTS/2024       roh          96269 reg. Kerzen      233/0/0 von 252  Tagen gewertet (1m/5m/15m)     7715 Signale  947 ms lesen  73762 ms rechnen
2026-09-09T08:31:48.910Z  ASTS/2025       roh          96944 reg. Kerzen      250/0/0 von 250  Tagen gewertet (1m/5m/15m)     8230 Signale  170 ms lesen  79775 ms rechnen
2026-09-09T08:32:41.939Z  ASTS/2026       roh          64740 reg. Kerzen      166/0/0 von 166  Tagen gewertet (1m/5m/15m)     5536 Signale  130 ms lesen  52688 ms rechnen
2026-09-09T08:32:42.110Z  ATAK/2022       roh            470 reg. Kerzen        0/0/0 von 124  Tagen gewertet (1m/5m/15m)        0 Signale  20 ms lesen  2 ms rechnen
2026-09-09T08:32:42.143Z  ATAK/2023       roh           2303 reg. Kerzen        0/0/0 von 158  Tagen gewertet (1m/5m/15m)        0 Signale  20 ms lesen  11 ms rechnen
2026-09-09T08:32:42.171Z  ATAK/2024       roh           1060 reg. Kerzen        0/0/0 von 12   Tagen gewertet (1m/5m/15m)        0 Signale  16 ms lesen  7 ms rechnen
2026-09-09T08:32:42.327Z  ATEX/2016       roh          24509 reg. Kerzen        0/0/0 von 252  Tagen gewertet (1m/5m/15m)        0 Signale  46 ms lesen  107 ms rechnen
2026-09-09T08:32:42.465Z  ATEX/2017       roh          12293 reg. Kerzen        0/0/0 von 251  Tagen gewertet (1m/5m/15m)        0 Signale  25 ms lesen  52 ms rechnen
2026-09-09T08:32:42.579Z  ATEX/2018       roh          14263 reg. Kerzen        0/0/0 von 250  Tagen gewertet (1m/5m/15m)        0 Signale  31 ms lesen  59 ms rechnen
2026-09-09T08:32:42.788Z  ATEX/2019       roh          27709 reg. Kerzen        0/0/0 von 252  Tagen gewertet (1m/5m/15m)        0 Signale  42 ms lesen  135 ms rechnen
2026-09-09T08:32:43.074Z  ATEX/2020       roh          36319 reg. Kerzen        0/0/0 von 253  Tagen gewertet (1m/5m/15m)        0 Signale  57 ms lesen  161 ms rechnen
2026-09-09T08:32:43.375Z  ATEX/2021       roh          30089 reg. Kerzen        0/0/0 von 252  Tagen gewertet (1m/5m/15m)        0 Signale  49 ms lesen  164 ms rechnen
2026-09-09T08:32:43.637Z  ATEX/2022       roh          26502 reg. Kerzen        0/0/0 von 251  Tagen gewertet (1m/5m/15m)        0 Signale  85 ms lesen  119 ms rechnen
2026-09-09T08:32:43.914Z  ATEX/2023       roh          34943 reg. Kerzen        0/0/0 von 250  Tagen gewertet (1m/5m/15m)        0 Signale  71 ms lesen  141 ms rechnen
2026-09-09T08:32:44.161Z  ATEX/2024       roh          30034 reg. Kerzen        0/0/0 von 252  Tagen gewertet (1m/5m/15m)        0 Signale  42 ms lesen  136 ms rechnen
2026-09-09T08:32:44.426Z  ATEX/2025       roh          33831 reg. Kerzen        0/0/0 von 250  Tagen gewertet (1m/5m/15m)        0 Signale  44 ms lesen  155 ms rechnen
2026-09-09T08:32:45.710Z  ATEX/2026       roh          33956 reg. Kerzen        4/0/0 von 166  Tagen gewertet (1m/5m/15m)      117 Signale  44 ms lesen  1175 ms rechnen
2026-09-09T08:32:45.841Z  ATIF/2019       bereinigt     4656 reg. Kerzen        0/0/0 von 167  Tagen gewertet (1m/5m/15m)        0 Signale  18 ms lesen  24 ms rechnen
2026-09-09T08:32:46.107Z  ATIF/2020       bereinigt    29208 reg. Kerzen        0/0/0 von 253  Tagen gewertet (1m/5m/15m)        0 Signale  103 ms lesen  154 ms rechnen
2026-09-09T08:32:48.905Z  ATIF/2021       bereinigt    37999 reg. Kerzen        9/0/0 von 251  Tagen gewertet (1m/5m/15m)      310 Signale  59 ms lesen  2678 ms rechnen
2026-09-09T08:32:49.044Z  ATIF/2022       roh           2571 reg. Kerzen        0/0/0 von 244  Tagen gewertet (1m/5m/15m)        0 Signale  41 ms lesen  13 ms rechnen
2026-09-09T08:32:49.079Z  ATIF/2023       roh           1310 reg. Kerzen        0/0/0 von 228  Tagen gewertet (1m/5m/15m)        0 Signale  22 ms lesen  7 ms rechnen
2026-09-09T08:32:49.116Z  ATIF/2024       roh           3019 reg. Kerzen        0/0/0 von 229  Tagen gewertet (1m/5m/15m)        0 Signale  18 ms lesen  15 ms rechnen
2026-09-09T08:32:53.149Z  ATMU/2023       roh          37990 reg. Kerzen       17/0/0 von 150  Tagen gewertet (1m/5m/15m)      493 Signale  55 ms lesen  3954 ms rechnen
2026-09-09T08:33:30.325Z  ATMU/2024       roh          80310 reg. Kerzen      149/0/0 von 252  Tagen gewertet (1m/5m/15m)     4052 Signale  86 ms lesen  37015 ms rechnen
2026-09-09T08:33:45.846Z  ATMU/2025       roh          69375 reg. Kerzen       65/0/0 von 250  Tagen gewertet (1m/5m/15m)     1758 Signale  84 ms lesen  15261 ms rechnen
2026-09-09T08:33:55.046Z  ATMU/2026       roh          45339 reg. Kerzen       38/0/0 von 166  Tagen gewertet (1m/5m/15m)     1046 Signale  57 ms lesen  8998 ms rechnen
2026-09-09T08:33:55.259Z  ATRI/2016       roh           3317 reg. Kerzen        0/0/0 von 248  Tagen gewertet (1m/5m/15m)        0 Signale  70 ms lesen  14 ms rechnen
2026-09-09T08:33:55.304Z  ATRI/2017       roh           2795 reg. Kerzen        0/0/0 von 249  Tagen gewertet (1m/5m/15m)        0 Signale  15 ms lesen  22 ms rechnen
2026-09-09T08:33:55.368Z  ATRI/2018       roh           4497 reg. Kerzen        0/0/0 von 247  Tagen gewertet (1m/5m/15m)        0 Signale  35 ms lesen  22 ms rechnen
2026-09-09T08:33:55.426Z  ATRI/2019       roh           6343 reg. Kerzen        0/0/0 von 252  Tagen gewertet (1m/5m/15m)        0 Signale  22 ms lesen  27 ms rechnen
2026-09-09T08:33:55.467Z  ATRI/2020       roh           2659 reg. Kerzen        0/0/0 von 247  Tagen gewertet (1m/5m/15m)        0 Signale  14 ms lesen  14 ms rechnen
2026-09-09T08:33:55.571Z  ATRI/2021       roh           2507 reg. Kerzen        0/0/0 von 240  Tagen gewertet (1m/5m/15m)        0 Signale  86 ms lesen  12 ms rechnen
2026-09-09T08:33:55.613Z  ATRI/2022       roh           1150 reg. Kerzen        0/0/0 von 215  Tagen gewertet (1m/5m/15m)        0 Signale  24 ms lesen  9 ms rechnen
2026-09-09T08:33:55.640Z  ATRI/2023       roh           1002 reg. Kerzen        0/0/0 von 197  Tagen gewertet (1m/5m/15m)        0 Signale  19 ms lesen  5 ms rechnen
2026-09-09T08:33:55.671Z  ATRI/2024       roh           3482 reg. Kerzen        0/0/0 von 156  Tagen gewertet (1m/5m/15m)        0 Signale  9 ms lesen  19 ms rechnen
2026-09-09T08:34:57.921Z  ATVI/2016       roh          98032 reg. Kerzen      232/0/0 von 252  Tagen gewertet (1m/5m/15m)     5880 Signale  167 ms lesen  62056 ms rechnen
2026-09-09T08:36:04.265Z  ATVI/2017       roh          97500 reg. Kerzen      251/0/0 von 251  Tagen gewertet (1m/5m/15m)     6092 Signale  133 ms lesen  66021 ms rechnen
2026-09-09T08:37:12.798Z  ATVI/2018       roh          96564 reg. Kerzen      249/0/0 von 251  Tagen gewertet (1m/5m/15m)     6649 Signale  138 ms lesen  68195 ms rechnen
2026-09-09T08:38:20.509Z  ATVI/2019       roh          97727 reg. Kerzen      252/0/0 von 252  Tagen gewertet (1m/5m/15m)     6637 Signale  132 ms lesen  67345 ms rechnen
2026-09-09T08:39:32.289Z  ATVI/2020       roh          98253 reg. Kerzen      253/0/0 von 253  Tagen gewertet (1m/5m/15m)     6756 Signale  219 ms lesen  71340 ms rechnen
2026-09-09T08:40:40.657Z  ATVI/2021       roh          98097 reg. Kerzen      252/0/0 von 252  Tagen gewertet (1m/5m/15m)     6260 Signale  170 ms lesen  67995 ms rechnen
2026-09-09T08:41:45.230Z  ATVI/2022       roh          97557 reg. Kerzen      251/0/0 von 251  Tagen gewertet (1m/5m/15m)     5566 Signale  123 ms lesen  64238 ms rechnen
2026-09-09T08:42:35.561Z  ATVI/2023       roh          76165 reg. Kerzen      196/0/0 von 196  Tagen gewertet (1m/5m/15m)     4202 Signale  101 ms lesen  50012 ms rechnen
2026-09-09T08:42:35.830Z  AUG/2017        bereinigt     7199 reg. Kerzen        0/0/0 von 117  Tagen gewertet (1m/5m/15m)        0 Signale  47 ms lesen  35 ms rechnen
2026-09-09T08:42:35.937Z  AUG/2018        bereinigt    12390 reg. Kerzen        0/0/0 von 251  Tagen gewertet (1m/5m/15m)        0 Signale  34 ms lesen  53 ms rechnen
2026-09-09T08:42:36.059Z  AUG/2019        bereinigt    16530 reg. Kerzen        0/0/0 von 252  Tagen gewertet (1m/5m/15m)        0 Signale  32 ms lesen  65 ms rechnen
2026-09-09T08:42:36.275Z  AUG/2020        bereinigt    26847 reg. Kerzen        0/0/0 von 196  Tagen gewertet (1m/5m/15m)        0 Signale  58 ms lesen  126 ms rechnen
2026-09-09T08:42:36.931Z  AUS/2021        roh          13697 reg. Kerzen        2/0/0 von 179  Tagen gewertet (1m/5m/15m)       24 Signale  34 ms lesen  565 ms rechnen
2026-09-09T08:42:37.037Z  AUS/2022        roh           9474 reg. Kerzen        0/0/0 von 224  Tagen gewertet (1m/5m/15m)        0 Signale  30 ms lesen  45 ms rechnen
2026-09-09T08:42:37.839Z  AVAV/2016       roh          48456 reg. Kerzen        2/0/0 von 252  Tagen gewertet (1m/5m/15m)       63 Signale  73 ms lesen  699 ms rechnen
2026-09-09T08:42:43.084Z  AVAV/2017       roh          55286 reg. Kerzen       21/0/0 von 251  Tagen gewertet (1m/5m/15m)      638 Signale  81 ms lesen  5051 ms rechnen
2026-09-09T08:42:52.372Z  AVAV/2018       roh          63390 reg. Kerzen       37/0/0 von 251  Tagen gewertet (1m/5m/15m)     1142 Signale  84 ms lesen  9076 ms rechnen
2026-09-09T08:42:56.219Z  AVAV/2019       roh          55329 reg. Kerzen       14/0/0 von 252  Tagen gewertet (1m/5m/15m)      417 Signale  87 ms lesen  3627 ms rechnen
2026-09-09T08:43:00.673Z  AVAV/2020       roh          53865 reg. Kerzen       16/0/0 von 253  Tagen gewertet (1m/5m/15m)      478 Signale  67 ms lesen  4266 ms rechnen
2026-09-09T08:43:03.165Z  AVAV/2021       roh          46375 reg. Kerzen        8/0/0 von 252  Tagen gewertet (1m/5m/15m)      243 Signale  78 ms lesen  2298 ms rechnen
2026-09-09T08:43:07.491Z  AVAV/2022       roh          52618 reg. Kerzen       17/0/0 von 251  Tagen gewertet (1m/5m/15m)      548 Signale  70 ms lesen  4146 ms rechnen
2026-09-09T08:43:09.416Z  AVAV/2023       roh          43170 reg. Kerzen        6/0/0 von 250  Tagen gewertet (1m/5m/15m)      181 Signale  55 ms lesen  1760 ms rechnen
2026-09-09T08:43:16.497Z  AVAV/2024       roh          54846 reg. Kerzen       27/0/0 von 252  Tagen gewertet (1m/5m/15m)      843 Signale  74 ms lesen  6920 ms rechnen
2026-09-09T08:43:49.785Z  AVAV/2025       roh          76033 reg. Kerzen      123/0/0 von 250  Tagen gewertet (1m/5m/15m)     3723 Signale  98 ms lesen  33055 ms rechnen
2026-09-09T08:44:39.272Z  AVAV/2026       roh          62584 reg. Kerzen      166/0/0 von 166  Tagen gewertet (1m/5m/15m)     5281 Signale  101 ms lesen  49196 ms rechnen
2026-09-09T08:44:47.498Z  AVG/2016        roh          52987 reg. Kerzen       32/0/0 von 215  Tagen gewertet (1m/5m/15m)      602 Signale  119 ms lesen  7984 ms rechnen
2026-09-09T08:45:14.963Z  AVNT/2016       roh          78512 reg. Kerzen      122/0/0 von 252  Tagen gewertet (1m/5m/15m)     3165 Signale  146 ms lesen  27189 ms rechnen
2026-09-09T08:45:29.565Z  AVNT/2017       roh          71907 reg. Kerzen       68/0/0 von 251  Tagen gewertet (1m/5m/15m)     1629 Signale  94 ms lesen  14333 ms rechnen
2026-09-09T08:45:42.981Z  AVNT/2018       roh          67741 reg. Kerzen       59/0/0 von 251  Tagen gewertet (1m/5m/15m)     1707 Signale  90 ms lesen  13155 ms rechnen
2026-09-09T08:46:15.509Z  AVNT/2019       roh          78371 reg. Kerzen      144/0/0 von 252  Tagen gewertet (1m/5m/15m)     3769 Signale  111 ms lesen  32281 ms rechnen
2026-09-09T08:47:02.618Z  AVNT/2020       roh          83441 reg. Kerzen      185/0/0 von 253  Tagen gewertet (1m/5m/15m)     5479 Signale  92 ms lesen  46850 ms rechnen
2026-09-09T08:47:15.035Z  AVNT/2021       roh          68458 reg. Kerzen       54/0/0 von 252  Tagen gewertet (1m/5m/15m)     1525 Signale  97 ms lesen  12151 ms rechnen
2026-09-09T08:47:32.416Z  AVNT/2022       roh          71255 reg. Kerzen       72/0/0 von 250  Tagen gewertet (1m/5m/15m)     2116 Signale  90 ms lesen  17141 ms rechnen
2026-09-09T08:47:42.844Z  AVNT/2023       roh          68163 reg. Kerzen       45/0/0 von 250  Tagen gewertet (1m/5m/15m)     1205 Signale  90 ms lesen  10174 ms rechnen
2026-09-09T08:47:49.379Z  AVNT/2024       roh          62443 reg. Kerzen       28/0/0 von 252  Tagen gewertet (1m/5m/15m)      781 Signale  74 ms lesen  6330 ms rechnen
2026-09-09T08:48:03.613Z  AVNT/2025       roh          69905 reg. Kerzen       61/0/0 von 250  Tagen gewertet (1m/5m/15m)     1689 Signale  98 ms lesen  13988 ms rechnen
2026-09-09T08:48:15.706Z  AVNT/2026       roh          48108 reg. Kerzen       52/0/0 von 166  Tagen gewertet (1m/5m/15m)     1451 Signale  80 ms lesen  11835 ms rechnen
2026-09-09T08:48:49.308Z  AVTR/2019       roh          56831 reg. Kerzen      131/0/0 von 158  Tagen gewertet (1m/5m/15m)     3727 Signale  105 ms lesen  33380 ms rechnen
2026-09-09T08:50:00.233Z  AVTR/2020       roh          96663 reg. Kerzen      253/0/0 von 253  Tagen gewertet (1m/5m/15m)     7386 Signale  122 ms lesen  70657 ms rechnen
2026-09-09T08:51:07.070Z  AVTR/2021       roh          96519 reg. Kerzen      250/0/0 von 252  Tagen gewertet (1m/5m/15m)     6543 Signale  152 ms lesen  66494 ms rechnen
2026-09-09T08:52:17.377Z  AVTR/2022       roh          96889 reg. Kerzen      249/0/0 von 251  Tagen gewertet (1m/5m/15m)     6932 Signale  110 ms lesen  69977 ms rechnen
2026-09-09T08:53:26.207Z  AVTR/2023       roh          96794 reg. Kerzen      250/0/0 von 250  Tagen gewertet (1m/5m/15m)     6769 Signale  107 ms lesen  68528 ms rechnen
2026-09-09T08:54:33.610Z  AVTR/2024       roh          97229 reg. Kerzen      252/0/0 von 252  Tagen gewertet (1m/5m/15m)     6409 Signale  113 ms lesen  67083 ms rechnen
2026-09-09T08:55:43.742Z  AVTR/2025       roh          96735 reg. Kerzen      250/0/0 von 250  Tagen gewertet (1m/5m/15m)     7104 Signale  110 ms lesen  69829 ms rechnen
2026-09-09T08:56:31.710Z  AVTR/2026       roh          64514 reg. Kerzen      166/0/0 von 166  Tagen gewertet (1m/5m/15m)     4863 Signale  85 ms lesen  47660 ms rechnen
2026-09-09T08:56:33.720Z  AWR/2016        roh          53858 reg. Kerzen        7/0/0 von 252  Tagen gewertet (1m/5m/15m)      179 Signale  83 ms lesen  1781 ms rechnen
2026-09-09T08:56:34.268Z  AWR/2017        roh          42334 reg. Kerzen        1/0/0 von 251  Tagen gewertet (1m/5m/15m)       25 Signale  54 ms lesen  374 ms rechnen
2026-09-09T08:56:36.252Z  AWR/2018        roh          54512 reg. Kerzen        7/0/0 von 251  Tagen gewertet (1m/5m/15m)      187 Signale  71 ms lesen  1829 ms rechnen
2026-09-09T08:56:37.075Z  AWR/2019        roh          52174 reg. Kerzen        2/0/0 von 252  Tagen gewertet (1m/5m/15m)       41 Signale  62 ms lesen  647 ms rechnen
2026-09-09T08:56:40.997Z  AWR/2020        roh          55636 reg. Kerzen       14/0/0 von 253  Tagen gewertet (1m/5m/15m)      422 Signale  72 ms lesen  3748 ms rechnen
2026-09-09T08:56:41.338Z  AWR/2021        roh          42109 reg. Kerzen        0/0/0 von 252  Tagen gewertet (1m/5m/15m)        0 Signale  55 ms lesen  174 ms rechnen
2026-09-09T08:56:41.664Z  AWR/2022        roh          40301 reg. Kerzen        0/0/0 von 251  Tagen gewertet (1m/5m/15m)        0 Signale  54 ms lesen  191 ms rechnen
2026-09-09T08:56:41.980Z  AWR/2023        roh          37332 reg. Kerzen        0/0/0 von 250  Tagen gewertet (1m/5m/15m)        0 Signale  50 ms lesen  169 ms rechnen
2026-09-09T08:56:42.295Z  AWR/2024        roh          38754 reg. Kerzen        0/0/0 von 252  Tagen gewertet (1m/5m/15m)        0 Signale  74 ms lesen  159 ms rechnen
2026-09-09T08:56:42.662Z  AWR/2025        roh          40928 reg. Kerzen        0/0/0 von 250  Tagen gewertet (1m/5m/15m)        0 Signale  49 ms lesen  218 ms rechnen
2026-09-09T08:56:42.922Z  AWR/2026        roh          29092 reg. Kerzen        0/0/0 von 166  Tagen gewertet (1m/5m/15m)        0 Signale  47 ms lesen  122 ms rechnen
2026-09-09T08:56:43.219Z  AXGN/2016       roh          37545 reg. Kerzen        0/0/0 von 252  Tagen gewertet (1m/5m/15m)        0 Signale  49 ms lesen  168 ms rechnen
2026-09-09T08:56:43.813Z  AXGN/2017       roh          45735 reg. Kerzen        1/0/0 von 251  Tagen gewertet (1m/5m/15m)       30 Signale  63 ms lesen  437 ms rechnen
2026-09-09T08:57:01.280Z  AXGN/2018       roh          69445 reg. Kerzen       71/0/0 von 251  Tagen gewertet (1m/5m/15m)     2221 Signale  85 ms lesen  17284 ms rechnen
2026-09-09T08:57:16.805Z  AXGN/2019       roh          69376 reg. Kerzen       60/0/0 von 252  Tagen gewertet (1m/5m/15m)     1934 Signale  101 ms lesen  15257 ms rechnen
2026-09-09T08:57:18.607Z  AXGN/2020       roh          59884 reg. Kerzen        5/0/0 von 253  Tagen gewertet (1m/5m/15m)      158 Signale  67 ms lesen  1584 ms rechnen
2026-09-09T08:57:19.077Z  AXGN/2021       roh          43622 reg. Kerzen        0/0/0 von 252  Tagen gewertet (1m/5m/15m)        0 Signale  60 ms lesen  266 ms rechnen
2026-09-09T08:57:19.450Z  AXGN/2022       roh          46961 reg. Kerzen        0/0/0 von 251  Tagen gewertet (1m/5m/15m)        0 Signale  53 ms lesen  220 ms rechnen
2026-09-09T08:57:19.832Z  AXGN/2023       roh          45206 reg. Kerzen        0/0/0 von 250  Tagen gewertet (1m/5m/15m)        0 Signale  54 ms lesen  217 ms rechnen
2026-09-09T08:57:20.255Z  AXGN/2024       roh          47011 reg. Kerzen        0/0/0 von 252  Tagen gewertet (1m/5m/15m)        0 Signale  122 ms lesen  205 ms rechnen
2026-09-09T08:57:33.048Z  AXGN/2025       roh          67950 reg. Kerzen       49/0/0 von 250  Tagen gewertet (1m/5m/15m)     1524 Signale  80 ms lesen  12614 ms rechnen
2026-09-09T08:57:51.694Z  AXGN/2026       roh          50807 reg. Kerzen       74/0/0 von 166  Tagen gewertet (1m/5m/15m)     2244 Signale  61 ms lesen  18447 ms rechnen
2026-09-09T08:57:51.933Z  AXNX/2018       roh           6389 reg. Kerzen        0/0/0 von 41   Tagen gewertet (1m/5m/15m)        0 Signale  98 ms lesen  24 ms rechnen
2026-09-09T08:57:59.904Z  AXNX/2019       roh          48969 reg. Kerzen       32/0/0 von 252  Tagen gewertet (1m/5m/15m)      950 Signale  96 ms lesen  7860 ms rechnen
2026-09-09T08:58:33.490Z  AXNX/2020       roh          78558 reg. Kerzen      132/0/0 von 253  Tagen gewertet (1m/5m/15m)     4110 Signale  102 ms lesen  33376 ms rechnen
2026-09-09T08:58:50.758Z  AXNX/2021       roh          72419 reg. Kerzen       66/0/0 von 252  Tagen gewertet (1m/5m/15m)     2016 Signale  106 ms lesen  16997 ms rechnen
2026-09-09T08:59:13.507Z  AXNX/2022       roh          73902 reg. Kerzen       87/0/0 von 251  Tagen gewertet (1m/5m/15m)     2712 Signale  94 ms lesen  22485 ms rechnen
2026-09-09T08:59:38.079Z  AXNX/2023       roh          73980 reg. Kerzen       98/0/0 von 250  Tagen gewertet (1m/5m/15m)     2923 Signale  911 ms lesen  23510 ms rechnen
2026-09-09T08:59:48.915Z  AXNX/2024       roh          53999 reg. Kerzen       48/0/0 von 221  Tagen gewertet (1m/5m/15m)      967 Signale  75 ms lesen  10604 ms rechnen
2026-09-09T09:00:01.062Z  AYI/2016        roh          70168 reg. Kerzen       53/0/0 von 252  Tagen gewertet (1m/5m/15m)     1444 Signale  95 ms lesen  11919 ms rechnen
2026-09-09T09:00:30.671Z  AYI/2017        roh          77458 reg. Kerzen      134/0/0 von 251  Tagen gewertet (1m/5m/15m)     3433 Signale  100 ms lesen  29345 ms rechnen
2026-09-09T09:01:01.228Z  AYI/2018        roh          77785 reg. Kerzen      133/0/0 von 251  Tagen gewertet (1m/5m/15m)     3667 Signale  94 ms lesen  30290 ms rechnen
2026-09-09T09:01:11.566Z  AYI/2019        roh          65928 reg. Kerzen       44/0/0 von 252  Tagen gewertet (1m/5m/15m)     1190 Signale  104 ms lesen  10083 ms rechnen
2026-09-09T09:01:46.566Z  AYI/2020        roh          79438 reg. Kerzen      146/0/0 von 253  Tagen gewertet (1m/5m/15m)     4184 Signale  98 ms lesen  34744 ms rechnen
2026-09-09T09:01:57.445Z  AYI/2021        roh          65801 reg. Kerzen       46/0/0 von 252  Tagen gewertet (1m/5m/15m)     1312 Signale  98 ms lesen  10605 ms rechnen
2026-09-09T09:02:01.903Z  AYI/2022        roh          57876 reg. Kerzen       16/0/0 von 251  Tagen gewertet (1m/5m/15m)      463 Signale  87 ms lesen  4234 ms rechnen
2026-09-09T09:02:04.718Z  AYI/2023        roh          54766 reg. Kerzen       10/0/0 von 250  Tagen gewertet (1m/5m/15m)      271 Signale  72 ms lesen  2626 ms rechnen
2026-09-09T09:02:05.858Z  AYI/2024        roh          41339 reg. Kerzen        3/0/0 von 252  Tagen gewertet (1m/5m/15m)       83 Signale  150 ms lesen  884 ms rechnen
2026-09-09T09:02:07.982Z  AYI/2025        roh          47911 reg. Kerzen        8/0/0 von 250  Tagen gewertet (1m/5m/15m)      241 Signale  67 ms lesen  1975 ms rechnen
2026-09-09T09:02:24.511Z  AYI/2026        roh          49859 reg. Kerzen       71/0/0 von 166  Tagen gewertet (1m/5m/15m)     1977 Signale  76 ms lesen  16353 ms rechnen
2026-09-09T09:03:11.869Z  AZPN/2016       roh          87276 reg. Kerzen      207/0/0 von 252  Tagen gewertet (1m/5m/15m)     5000 Signale  111 ms lesen  47114 ms rechnen
2026-09-09T09:03:42.353Z  AZPN/2017       roh          78144 reg. Kerzen      136/0/0 von 251  Tagen gewertet (1m/5m/15m)     3139 Signale  101 ms lesen  30182 ms rechnen
2026-09-09T09:04:09.064Z  AZPN/2018       roh          76608 reg. Kerzen      119/0/0 von 251  Tagen gewertet (1m/5m/15m)     3148 Signale  101 ms lesen  26447 ms rechnen
2026-09-09T09:04:33.177Z  AZPN/2019       roh          75241 reg. Kerzen       98/0/0 von 252  Tagen gewertet (1m/5m/15m)     2514 Signale  2643 ms lesen  21299 ms rechnen
2026-09-09T09:05:06.150Z  AZPN/2020       roh          78888 reg. Kerzen      135/0/0 von 253  Tagen gewertet (1m/5m/15m)     3798 Signale  103 ms lesen  32706 ms rechnen
2026-09-09T09:05:20.508Z  AZPN/2021       roh          68819 reg. Kerzen       60/0/0 von 252  Tagen gewertet (1m/5m/15m)     1659 Signale  91 ms lesen  14112 ms rechnen
2026-09-09T09:05:22.536Z  AZPN/2022       roh          50671 reg. Kerzen        7/0/0 von 251  Tagen gewertet (1m/5m/15m)      182 Signale  67 ms lesen  1792 ms rechnen
2026-09-09T09:05:23.385Z  AZPN/2023       roh          40912 reg. Kerzen        2/0/0 von 250  Tagen gewertet (1m/5m/15m)       55 Signale  63 ms lesen  679 ms rechnen
2026-09-09T09:05:24.689Z  AZPN/2024       roh          38782 reg. Kerzen        5/0/0 von 252  Tagen gewertet (1m/5m/15m)      105 Signale  60 ms lesen  1156 ms rechnen
2026-09-09T09:05:27.992Z  AZPN/2025       roh          12408 reg. Kerzen       14/0/0 von 46   Tagen gewertet (1m/5m/15m)      296 Signale  24 ms lesen  3190 ms rechnen
2026-09-09T09:06:34.506Z  B/2016          roh          98084 reg. Kerzen      232/0/0 von 252  Tagen gewertet (1m/5m/15m)     7067 Signale  148 ms lesen  66310 ms rechnen
2026-09-09T09:07:43.174Z  B/2017          roh          97464 reg. Kerzen      251/0/0 von 251  Tagen gewertet (1m/5m/15m)     6594 Signale  200 ms lesen  68250 ms rechnen
2026-09-09T09:08:52.456Z  B/2018          roh          97218 reg. Kerzen      251/0/0 von 251  Tagen gewertet (1m/5m/15m)     6777 Signale  163 ms lesen  68906 ms rechnen
2026-09-09T09:10:02.054Z  B/2019          roh          97682 reg. Kerzen      252/0/0 von 252  Tagen gewertet (1m/5m/15m)     6880 Signale  123 ms lesen  69280 ms rechnen
2026-09-09T09:11:13.547Z  B/2020          roh          98235 reg. Kerzen      253/0/0 von 253  Tagen gewertet (1m/5m/15m)     7286 Signale  170 ms lesen  71109 ms rechnen
2026-09-09T09:12:20.826Z  B/2021          roh          97315 reg. Kerzen      250/0/0 von 252  Tagen gewertet (1m/5m/15m)     6382 Signale  155 ms lesen  66906 ms rechnen
2026-09-09T09:13:31.854Z  B/2022          roh          97320 reg. Kerzen      250/0/0 von 251  Tagen gewertet (1m/5m/15m)     6862 Signale  135 ms lesen  70676 ms rechnen
2026-09-09T09:14:39.758Z  B/2023          roh          97127 reg. Kerzen      250/0/0 von 250  Tagen gewertet (1m/5m/15m)     6398 Signale  124 ms lesen  67554 ms rechnen
2026-09-09T09:15:48.675Z  B/2024          roh          97687 reg. Kerzen      252/0/0 von 252  Tagen gewertet (1m/5m/15m)     6377 Signale  363 ms lesen  68342 ms rechnen
2026-09-09T09:15:50.584Z  CHECKPOINT 600 Dateien, 78 min, Detektorfehler {}
2026-09-09T09:16:58.448Z  B/2025          roh          96952 reg. Kerzen      250/0/0 von 250  Tagen gewertet (1m/5m/15m)     6529 Signale  139 ms lesen  67725 ms rechnen
2026-09-09T09:17:45.391Z  B/2026          roh          64739 reg. Kerzen      166/0/0 von 166  Tagen gewertet (1m/5m/15m)     4690 Signale  99 ms lesen  46645 ms rechnen
2026-09-09T09:17:45.577Z  BACQ/2024       roh            109 reg. Kerzen        0/0/0 von 15   Tagen gewertet (1m/5m/15m)        0 Signale  24 ms lesen  1 ms rechnen
2026-09-09T09:17:46.635Z  BACQ/2025       roh          13685 reg. Kerzen        4/0/0 von 237  Tagen gewertet (1m/5m/15m)      120 Signale  26 ms lesen  1031 ms rechnen
2026-09-09T09:17:46.713Z  BACQ/2026       roh           5431 reg. Kerzen        0/0/0 von 50   Tagen gewertet (1m/5m/15m)        0 Signale  22 ms lesen  26 ms rechnen
2026-09-09T09:18:18.926Z  BANC/2016       roh          79326 reg. Kerzen      129/0/0 von 252  Tagen gewertet (1m/5m/15m)     3617 Signale  95 ms lesen  32097 ms rechnen
2026-09-09T09:19:03.731Z  BANC/2017       roh          81934 reg. Kerzen      170/0/0 von 251  Tagen gewertet (1m/5m/15m)     4866 Signale  638 ms lesen  43999 ms rechnen
2026-09-09T09:19:22.917Z  BANC/2018       roh          70781 reg. Kerzen       72/0/0 von 251  Tagen gewertet (1m/5m/15m)     1982 Signale  1464 ms lesen  17553 ms rechnen
2026-09-09T09:19:29.693Z  BANC/2019       roh          67695 reg. Kerzen       27/0/0 von 252  Tagen gewertet (1m/5m/15m)      750 Signale  107 ms lesen  6514 ms rechnen
2026-09-09T09:19:33.365Z  BANC/2020       roh          58057 reg. Kerzen       13/0/0 von 253  Tagen gewertet (1m/5m/15m)      428 Signale  68 ms lesen  3457 ms rechnen
2026-09-09T09:19:33.836Z  BANC/2021       roh          51374 reg. Kerzen        0/0/0 von 252  Tagen gewertet (1m/5m/15m)        0 Signale  78 ms lesen  264 ms rechnen
2026-09-09T09:19:34.263Z  BANC/2022       roh          55818 reg. Kerzen        0/0/0 von 251  Tagen gewertet (1m/5m/15m)        0 Signale  73 ms lesen  246 ms rechnen
2026-09-09T09:20:07.357Z  BANC/2023       roh          80262 reg. Kerzen      126/0/0 von 250  Tagen gewertet (1m/5m/15m)     3664 Signale  105 ms lesen  32865 ms rechnen
2026-09-09T09:21:13.355Z  BANC/2024       roh          93197 reg. Kerzen      252/0/0 von 252  Tagen gewertet (1m/5m/15m)     7053 Signale  119 ms lesen  65709 ms rechnen
2026-09-09T09:22:19.277Z  BANC/2025       roh          92939 reg. Kerzen      250/0/0 von 250  Tagen gewertet (1m/5m/15m)     6537 Signale  117 ms lesen  65587 ms rechnen
2026-09-09T09:23:03.440Z  BANC/2026       roh          62832 reg. Kerzen      166/0/0 von 166  Tagen gewertet (1m/5m/15m)     4217 Signale  96 ms lesen  43851 ms rechnen
2026-09-09T09:23:07.590Z  BATS/2016       roh          37556 reg. Kerzen       16/0/0 von 181  Tagen gewertet (1m/5m/15m)      329 Signale  65 ms lesen  3959 ms rechnen
2026-09-09T09:23:07.946Z  BATS/2017       roh           6947 reg. Kerzen        1/0/0 von 39   Tagen gewertet (1m/5m/15m)       16 Signale  27 ms lesen  246 ms rechnen
2026-09-09T09:23:08.092Z  BBI/2019        bereinigt     3822 reg. Kerzen        0/0/0 von 84   Tagen gewertet (1m/5m/15m)        0 Signale  86 ms lesen  17 ms rechnen
2026-09-09T09:23:08.573Z  BBI/2020        bereinigt    48171 reg. Kerzen        0/0/0 von 253  Tagen gewertet (1m/5m/15m)        0 Signale  208 ms lesen  260 ms rechnen
2026-09-09T09:23:09.136Z  BBI/2021        bereinigt    65018 reg. Kerzen        0/0/0 von 252  Tagen gewertet (1m/5m/15m)        0 Signale  133 ms lesen  330 ms rechnen
2026-09-09T09:23:09.620Z  BBI/2022        bereinigt    40727 reg. Kerzen        0/0/0 von 171  Tagen gewertet (1m/5m/15m)        0 Signale  117 ms lesen  228 ms rechnen
2026-09-09T09:23:09.924Z  BBRG/2016       roh          36795 reg. Kerzen        0/0/0 von 252  Tagen gewertet (1m/5m/15m)        0 Signale  48 ms lesen  173 ms rechnen
2026-09-09T09:23:10.153Z  BBRG/2017       roh          20504 reg. Kerzen        0/0/0 von 251  Tagen gewertet (1m/5m/15m)        0 Signale  56 ms lesen  100 ms rechnen
2026-09-09T09:23:10.251Z  BBRG/2018       roh           6999 reg. Kerzen        0/0/0 von 99   Tagen gewertet (1m/5m/15m)        0 Signale  25 ms lesen  29 ms rechnen
2026-09-09T09:23:10.330Z  BCA/2016        roh           6414 reg. Kerzen        0/0/0 von 61   Tagen gewertet (1m/5m/15m)        0 Signale  20 ms lesen  30 ms rechnen
2026-09-09T09:23:10.473Z  BCLI/2016       bereinigt    14055 reg. Kerzen        0/0/0 von 252  Tagen gewertet (1m/5m/15m)        0 Signale  62 ms lesen  68 ms rechnen
2026-09-09T09:23:10.673Z  BCLI/2017       bereinigt    21930 reg. Kerzen        0/0/0 von 251  Tagen gewertet (1m/5m/15m)        0 Signale  79 ms lesen  89 ms rechnen
2026-09-09T09:23:10.817Z  BCLI/2018       bereinigt    15975 reg. Kerzen        0/0/0 von 251  Tagen gewertet (1m/5m/15m)        0 Signale  23 ms lesen  72 ms rechnen
2026-09-09T09:23:10.947Z  BCLI/2019       bereinigt    14499 reg. Kerzen        0/0/0 von 252  Tagen gewertet (1m/5m/15m)        0 Signale  20 ms lesen  74 ms rechnen
2026-09-09T09:23:24.528Z  BCLI/2020       bereinigt    66158 reg. Kerzen       50/0/0 von 253  Tagen gewertet (1m/5m/15m)     1606 Signale  107 ms lesen  13444 ms rechnen
2026-09-09T09:23:26.313Z  BCLI/2021       bereinigt    48357 reg. Kerzen        5/0/0 von 252  Tagen gewertet (1m/5m/15m)      166 Signale  81 ms lesen  1541 ms rechnen
2026-09-09T09:23:26.566Z  BCLI/2022       bereinigt    24015 reg. Kerzen        0/0/0 von 251  Tagen gewertet (1m/5m/15m)        0 Signale  34 ms lesen  120 ms rechnen
2026-09-09T09:23:26.912Z  BCLI/2023       bereinigt    41434 reg. Kerzen        0/0/0 von 249  Tagen gewertet (1m/5m/15m)        0 Signale  73 ms lesen  220 ms rechnen
2026-09-09T09:23:27.221Z  BCLI/2024       bereinigt    34615 reg. Kerzen        0/0/0 von 252  Tagen gewertet (1m/5m/15m)        0 Signale  51 ms lesen  172 ms rechnen
2026-09-09T09:23:27.414Z  BCLI/2025       roh          11549 reg. Kerzen        0/0/0 von 134  Tagen gewertet (1m/5m/15m)        0 Signale  46 ms lesen  64 ms rechnen
2026-09-09T09:23:27.439Z  AUSGELASSEN BCLI/2026: Datei fehlt
2026-09-09T09:23:33.859Z  BCRX/2016       roh          79864 reg. Kerzen       21/0/0 von 252  Tagen gewertet (1m/5m/15m)      666 Signale  109 ms lesen  6304 ms rechnen
2026-09-09T09:24:02.405Z  BCRX/2017       roh          84223 reg. Kerzen      107/0/0 von 251  Tagen gewertet (1m/5m/15m)     3375 Signale  152 ms lesen  28238 ms rechnen
2026-09-09T09:24:12.200Z  BCRX/2018       roh          77302 reg. Kerzen       31/0/0 von 251  Tagen gewertet (1m/5m/15m)      981 Signale  1293 ms lesen  8325 ms rechnen
2026-09-09T09:24:34.963Z  BCRX/2019       roh          83442 reg. Kerzen       73/0/0 von 252  Tagen gewertet (1m/5m/15m)     2267 Signale  2172 ms lesen  20427 ms rechnen
2026-09-09T09:25:52.881Z  BCRX/2020       roh          96695 reg. Kerzen      248/0/0 von 253  Tagen gewertet (1m/5m/15m)     8190 Signale  137 ms lesen  77607 ms rechnen
2026-09-09T09:27:07.337Z  BCRX/2021       roh          96570 reg. Kerzen      252/0/0 von 252  Tagen gewertet (1m/5m/15m)     8058 Signale  130 ms lesen  74121 ms rechnen
2026-09-09T09:28:21.312Z  BCRX/2022       roh          96321 reg. Kerzen      251/0/0 von 251  Tagen gewertet (1m/5m/15m)     7996 Signale  118 ms lesen  73643 ms rechnen
2026-09-09T09:29:31.720Z  BCRX/2023       roh          93899 reg. Kerzen      250/0/0 von 250  Tagen gewertet (1m/5m/15m)     7618 Signale  111 ms lesen  70087 ms rechnen
2026-09-09T09:30:42.767Z  BCRX/2024       roh          93527 reg. Kerzen      250/0/0 von 252  Tagen gewertet (1m/5m/15m)     7795 Signale  210 ms lesen  70606 ms rechnen
2026-09-09T09:31:51.765Z  BCRX/2025       roh          94438 reg. Kerzen      249/0/0 von 250  Tagen gewertet (1m/5m/15m)     7398 Signale  99 ms lesen  68692 ms rechnen
2026-09-09T09:32:39.102Z  BCRX/2026       roh          63268 reg. Kerzen      166/0/0 von 166  Tagen gewertet (1m/5m/15m)     5006 Signale  76 ms lesen  47061 ms rechnen
2026-09-09T09:32:39.410Z  BDE/2016        roh          35219 reg. Kerzen        0/0/0 von 252  Tagen gewertet (1m/5m/15m)        0 Signale  42 ms lesen  144 ms rechnen
2026-09-09T09:32:39.611Z  BDE/2017        roh          19778 reg. Kerzen        0/0/0 von 154  Tagen gewertet (1m/5m/15m)        0 Signale  34 ms lesen  91 ms rechnen
2026-09-09T09:33:33.517Z  BEAV/2016       roh          91082 reg. Kerzen      224/0/0 von 252  Tagen gewertet (1m/5m/15m)     5333 Signale  123 ms lesen  53722 ms rechnen
2026-09-09T09:33:44.556Z  BEAV/2017       roh          23419 reg. Kerzen       50/0/0 von 70   Tagen gewertet (1m/5m/15m)      997 Signale  68 ms lesen  10797 ms rechnen
2026-09-09T09:33:56.051Z  BEPC/2020       bereinigt    34675 reg. Kerzen       51/0/0 von 108  Tagen gewertet (1m/5m/15m)     1370 Signale  70 ms lesen  11362 ms rechnen
2026-09-09T09:34:41.270Z  BEPC/2021       roh          83194 reg. Kerzen      183/0/0 von 252  Tagen gewertet (1m/5m/15m)     5168 Signale  265 ms lesen  44866 ms rechnen
2026-09-09T09:35:34.760Z  BEPC/2022       roh          86512 reg. Kerzen      229/0/0 von 251  Tagen gewertet (1m/5m/15m)     6204 Signale  94 ms lesen  53234 ms rechnen
2026-09-09T09:36:19.254Z  BEPC/2023       roh          83719 reg. Kerzen      188/0/0 von 250  Tagen gewertet (1m/5m/15m)     5082 Signale  99 ms lesen  44209 ms rechnen
2026-09-09T09:37:15.080Z  BEPC/2024       roh          87691 reg. Kerzen      230/0/0 von 252  Tagen gewertet (1m/5m/15m)     6178 Signale  113 ms lesen  55536 ms rechnen
2026-09-09T09:38:07.411Z  BEPC/2025       roh          85972 reg. Kerzen      219/0/0 von 250  Tagen gewertet (1m/5m/15m)     5815 Signale  98 ms lesen  52044 ms rechnen
2026-09-09T09:38:48.713Z  BEPC/2026       roh          59600 reg. Kerzen      162/0/0 von 166  Tagen gewertet (1m/5m/15m)     4521 Signale  77 ms lesen  41025 ms rechnen
2026-09-09T09:38:48.877Z  BFI/2018        roh            249 reg. Kerzen        0/0/0 von 74   Tagen gewertet (1m/5m/15m)        0 Signale  40 ms lesen  1 ms rechnen
2026-09-09T09:38:48.890Z  BFI/2019        roh            475 reg. Kerzen        0/0/0 von 142  Tagen gewertet (1m/5m/15m)        0 Signale  9 ms lesen  3 ms rechnen
2026-09-09T09:38:51.404Z  BFI/2020        roh          30219 reg. Kerzen        8/0/0 von 185  Tagen gewertet (1m/5m/15m)      262 Signale  50 ms lesen  2462 ms rechnen
2026-09-09T09:38:53.211Z  BFI/2021        roh          43546 reg. Kerzen        5/0/0 von 252  Tagen gewertet (1m/5m/15m)      162 Signale  77 ms lesen  1652 ms rechnen
2026-09-09T09:38:53.423Z  BFI/2022        roh          17849 reg. Kerzen        0/0/0 von 251  Tagen gewertet (1m/5m/15m)        0 Signale  41 ms lesen  85 ms rechnen
2026-09-09T09:38:53.579Z  BFI/2023        roh          14884 reg. Kerzen        0/0/0 von 250  Tagen gewertet (1m/5m/15m)        0 Signale  26 ms lesen  95 ms rechnen
2026-09-09T09:38:53.807Z  BFI/2024        roh          31805 reg. Kerzen        0/0/0 von 182  Tagen gewertet (1m/5m/15m)        0 Signale  49 ms lesen  140 ms rechnen
2026-09-09T09:39:44.452Z  BGC/2016        roh          86766 reg. Kerzen      209/0/0 von 252  Tagen gewertet (1m/5m/15m)     5188 Signale  101 ms lesen  50453 ms rechnen
2026-09-09T09:40:43.673Z  BGC/2017        roh          89963 reg. Kerzen      245/0/0 von 251  Tagen gewertet (1m/5m/15m)     5874 Signale  117 ms lesen  58914 ms rechnen
2026-09-09T09:41:50.477Z  BGC/2018        roh          94270 reg. Kerzen      249/0/0 von 251  Tagen gewertet (1m/5m/15m)     6750 Signale  178 ms lesen  66429 ms rechnen
2026-09-09T09:42:58.994Z  BGC/2019        roh          92532 reg. Kerzen      251/0/0 von 252  Tagen gewertet (1m/5m/15m)     7152 Signale  100 ms lesen  68198 ms rechnen
2026-09-09T09:44:02.515Z  BGC/2020        roh          93171 reg. Kerzen      217/0/0 von 253  Tagen gewertet (1m/5m/15m)     6653 Signale  104 ms lesen  63233 ms rechnen
2026-09-09T09:45:12.765Z  BGC/2021        roh          91100 reg. Kerzen      249/0/0 von 252  Tagen gewertet (1m/5m/15m)     7122 Signale  2954 ms lesen  67079 ms rechnen
2026-09-09T09:45:57.640Z  BGC/2022        roh          86371 reg. Kerzen      170/0/0 von 251  Tagen gewertet (1m/5m/15m)     4849 Signale  99 ms lesen  44576 ms rechnen
2026-09-09T09:46:47.534Z  BGC/2023        roh          90695 reg. Kerzen      179/0/0 von 250  Tagen gewertet (1m/5m/15m)     5049 Signale  103 ms lesen  49595 ms rechnen
2026-09-09T09:47:54.522Z  BGC/2024        roh          93265 reg. Kerzen      252/0/0 von 252  Tagen gewertet (1m/5m/15m)     6823 Signale  102 ms lesen  66691 ms rechnen
2026-09-09T09:48:58.944Z  BGC/2025        roh          91314 reg. Kerzen      249/0/0 von 250  Tagen gewertet (1m/5m/15m)     6641 Signale  91 ms lesen  64137 ms rechnen
2026-09-09T09:49:44.695Z  BGC/2026        roh          60952 reg. Kerzen      166/0/0 von 166  Tagen gewertet (1m/5m/15m)     4504 Signale  2033 ms lesen  43531 ms rechnen
2026-09-09T09:49:44.891Z  BGSX/2021       roh            799 reg. Kerzen        0/0/0 von 100  Tagen gewertet (1m/5m/15m)        0 Signale  53 ms lesen  4 ms rechnen
2026-09-09T09:49:44.925Z  BGSX/2022       roh            709 reg. Kerzen        0/0/0 von 161  Tagen gewertet (1m/5m/15m)        0 Signale  28 ms lesen  4 ms rechnen
2026-09-09T09:49:44.950Z  BGSX/2023       roh            311 reg. Kerzen        0/0/0 von 36   Tagen gewertet (1m/5m/15m)        0 Signale  22 ms lesen  1 ms rechnen
2026-09-09T09:50:13.166Z  BHG/2021        bereinigt    46759 reg. Kerzen      100/0/0 von 133  Tagen gewertet (1m/5m/15m)     3198 Signale  115 ms lesen  28088 ms rechnen
2026-09-09T09:50:34.881Z  BHG/2022        bereinigt    86457 reg. Kerzen       69/0/0 von 251  Tagen gewertet (1m/5m/15m)     2328 Signale  136 ms lesen  21459 ms rechnen
2026-09-09T09:50:35.360Z  BHG/2023        bereinigt    41579 reg. Kerzen        0/0/0 von 250  Tagen gewertet (1m/5m/15m)        0 Signale  55 ms lesen  233 ms rechnen
2026-09-09T09:50:35.482Z  BHG/2024        roh           1122 reg. Kerzen        0/0/0 von 18   Tagen gewertet (1m/5m/15m)        0 Signale  26 ms lesen  6 ms rechnen
2026-09-09T09:51:37.926Z  BIDU/2016       roh          97012 reg. Kerzen      232/0/0 von 252  Tagen gewertet (1m/5m/15m)     6066 Signale  126 ms lesen  62309 ms rechnen
2026-09-09T09:52:42.256Z  BIDU/2017       roh          95812 reg. Kerzen      251/0/0 von 251  Tagen gewertet (1m/5m/15m)     6230 Signale  132 ms lesen  63998 ms rechnen
2026-09-09T09:53:50.996Z  BIDU/2018       roh          95925 reg. Kerzen      249/0/0 von 251  Tagen gewertet (1m/5m/15m)     6784 Signale  125 ms lesen  68401 ms rechnen
2026-09-09T09:54:58.297Z  BIDU/2019       roh          97455 reg. Kerzen      252/0/0 von 252  Tagen gewertet (1m/5m/15m)     6366 Signale  127 ms lesen  66934 ms rechnen
2026-09-09T09:56:09.571Z  BIDU/2020       roh          98116 reg. Kerzen      253/0/0 von 253  Tagen gewertet (1m/5m/15m)     6826 Signale  198 ms lesen  70867 ms rechnen
2026-09-09T09:57:20.948Z  BIDU/2021       roh          97940 reg. Kerzen      252/0/0 von 252  Tagen gewertet (1m/5m/15m)     6996 Signale  171 ms lesen  71004 ms rechnen
2026-09-09T09:58:33.296Z  BIDU/2022       roh          97023 reg. Kerzen      251/0/0 von 251  Tagen gewertet (1m/5m/15m)     7361 Signale  120 ms lesen  72021 ms rechnen
2026-09-09T09:59:43.046Z  BIDU/2023       roh          95464 reg. Kerzen      250/0/0 von 250  Tagen gewertet (1m/5m/15m)     6461 Signale  133 ms lesen  69400 ms rechnen
2026-09-09T10:00:51.352Z  BIDU/2024       roh          97169 reg. Kerzen      252/0/0 von 252  Tagen gewertet (1m/5m/15m)     6257 Signale  138 ms lesen  67983 ms rechnen
2026-09-09T10:02:02.799Z  BIDU/2025       roh          96155 reg. Kerzen      250/0/0 von 250  Tagen gewertet (1m/5m/15m)     6421 Signale  145 ms lesen  71076 ms rechnen
2026-09-09T10:02:48.895Z  BIDU/2026       roh          62931 reg. Kerzen      165/0/0 von 166  Tagen gewertet (1m/5m/15m)     4413 Signale  99 ms lesen  45771 ms rechnen
2026-09-09T10:02:49.125Z  BIMI/2016       bereinigt     5701 reg. Kerzen        0/0/0 von 238  Tagen gewertet (1m/5m/15m)        0 Signale  38 ms lesen  24 ms rechnen
2026-09-09T10:02:49.178Z  BIMI/2017       bereinigt     5759 reg. Kerzen        0/0/0 von 249  Tagen gewertet (1m/5m/15m)        0 Signale  12 ms lesen  28 ms rechnen
2026-09-09T10:02:49.416Z  BIMI/2018       bereinigt    25990 reg. Kerzen        0/0/0 von 251  Tagen gewertet (1m/5m/15m)        0 Signale  110 ms lesen  116 ms rechnen
2026-09-09T10:02:49.624Z  BIMI/2019       bereinigt    17848 reg. Kerzen        0/0/0 von 252  Tagen gewertet (1m/5m/15m)        0 Signale  64 ms lesen  86 ms rechnen
2026-09-09T10:02:49.996Z  BIMI/2020       bereinigt    46984 reg. Kerzen        0/0/0 von 253  Tagen gewertet (1m/5m/15m)        0 Signale  124 ms lesen  210 ms rechnen
2026-09-09T10:02:50.461Z  BIMI/2021       bereinigt    45159 reg. Kerzen        0/0/0 von 252  Tagen gewertet (1m/5m/15m)        0 Signale  115 ms lesen  249 ms rechnen
2026-09-09T10:02:50.761Z  BIMI/2022       bereinigt    30192 reg. Kerzen        0/0/0 von 251  Tagen gewertet (1m/5m/15m)        0 Signale  50 ms lesen  163 ms rechnen
2026-09-09T10:02:50.934Z  BIMI/2023       roh          10939 reg. Kerzen        0/0/0 von 250  Tagen gewertet (1m/5m/15m)        0 Signale  43 ms lesen  56 ms rechnen
2026-09-09T10:02:51.053Z  BIMI/2024       roh           7683 reg. Kerzen        0/0/0 von 161  Tagen gewertet (1m/5m/15m)        0 Signale  53 ms lesen  40 ms rechnen
2026-09-09T10:02:51.068Z  AUSGELASSEN BIMI/2025: Datei fehlt
2026-09-09T10:02:52.248Z  BIOR/2020       bereinigt    20080 reg. Kerzen        4/0/0 von 136  Tagen gewertet (1m/5m/15m)      124 Signale  200 ms lesen  975 ms rechnen
2026-09-09T10:03:24.854Z  BIOR/2021       bereinigt    78000 reg. Kerzen       98/0/0 von 252  Tagen gewertet (1m/5m/15m)     3336 Signale  148 ms lesen  32419 ms rechnen
2026-09-09T10:03:55.359Z  BIOR/2022       bereinigt    82966 reg. Kerzen       80/0/0 von 251  Tagen gewertet (1m/5m/15m)     2737 Signale  373 ms lesen  29935 ms rechnen
2026-09-09T10:03:55.785Z  BIOR/2023       bereinigt    33366 reg. Kerzen        0/0/0 von 250  Tagen gewertet (1m/5m/15m)        0 Signale  75 ms lesen  163 ms rechnen
2026-09-09T10:03:56.092Z  BIOR/2024       bereinigt    29116 reg. Kerzen        0/0/0 von 238  Tagen gewertet (1m/5m/15m)        0 Signale  84 ms lesen  142 ms rechnen
2026-09-09T10:04:47.580Z  BIVV/2017       roh          82041 reg. Kerzen      202/0/0 von 230  Tagen gewertet (1m/5m/15m)     5493 Signale  111 ms lesen  51292 ms rechnen
2026-09-09T10:04:58.854Z  BIVV/2018       roh          16568 reg. Kerzen       44/0/0 von 46   Tagen gewertet (1m/5m/15m)      901 Signale  28 ms lesen  11077 ms rechnen
2026-09-09T10:04:59.030Z  BKEP/2016       roh          15389 reg. Kerzen        0/0/0 von 252  Tagen gewertet (1m/5m/15m)        0 Signale  49 ms lesen  78 ms rechnen
2026-09-09T10:04:59.153Z  BKEP/2017       roh          13515 reg. Kerzen        0/0/0 von 251  Tagen gewertet (1m/5m/15m)        0 Signale  26 ms lesen  54 ms rechnen
2026-09-09T10:04:59.316Z  BKEP/2018       roh          17336 reg. Kerzen        0/0/0 von 251  Tagen gewertet (1m/5m/15m)        0 Signale  34 ms lesen  90 ms rechnen
2026-09-09T10:04:59.488Z  BKEP/2019       roh          20186 reg. Kerzen        0/0/0 von 252  Tagen gewertet (1m/5m/15m)        0 Signale  34 ms lesen  96 ms rechnen
2026-09-09T10:04:59.648Z  BKEP/2020       roh          17345 reg. Kerzen        0/0/0 von 253  Tagen gewertet (1m/5m/15m)        0 Signale  33 ms lesen  88 ms rechnen
2026-09-09T10:04:59.876Z  BKEP/2021       roh          27607 reg. Kerzen        0/0/0 von 252  Tagen gewertet (1m/5m/15m)        0 Signale  46 ms lesen  121 ms rechnen
2026-09-09T10:05:00.022Z  BKEP/2022       roh          10686 reg. Kerzen        0/0/0 von 157  Tagen gewertet (1m/5m/15m)        0 Signale  30 ms lesen  55 ms rechnen
2026-09-09T10:05:36.738Z  BKS/2016        roh          83344 reg. Kerzen      146/0/0 von 252  Tagen gewertet (1m/5m/15m)     4325 Signale  116 ms lesen  36558 ms rechnen
2026-09-09T10:06:31.698Z  BKS/2017        roh          84523 reg. Kerzen      179/0/0 von 251  Tagen gewertet (1m/5m/15m)     5057 Signale  120 ms lesen  54637 ms rechnen
2026-09-09T10:07:06.893Z  BKS/2018        roh          83466 reg. Kerzen      119/0/0 von 251  Tagen gewertet (1m/5m/15m)     3348 Signale  99 ms lesen  34926 ms rechnen
2026-09-09T10:07:32.795Z  BKS/2019        roh          50824 reg. Kerzen       99/0/0 von 150  Tagen gewertet (1m/5m/15m)     2828 Signale  58 ms lesen  25661 ms rechnen
2026-09-09T10:07:46.648Z  BLCO/2022       roh          47912 reg. Kerzen       55/0/0 von 165  Tagen gewertet (1m/5m/15m)     1703 Signale  55 ms lesen  13651 ms rechnen
2026-09-09T10:07:50.894Z  BLCO/2023       roh          55320 reg. Kerzen       17/0/0 von 250  Tagen gewertet (1m/5m/15m)      485 Signale  81 ms lesen  4061 ms rechnen
2026-09-09T10:07:56.411Z  BLCO/2024       roh          59287 reg. Kerzen       22/0/0 von 252  Tagen gewertet (1m/5m/15m)      654 Signale  83 ms lesen  5303 ms rechnen
2026-09-09T10:08:07.483Z  BLCO/2025       roh          62442 reg. Kerzen       45/0/0 von 250  Tagen gewertet (1m/5m/15m)     1317 Signale  69 ms lesen  10860 ms rechnen
2026-09-09T10:08:08.665Z  BLCO/2026       roh          36009 reg. Kerzen        3/0/0 von 166  Tagen gewertet (1m/5m/15m)       80 Signale  124 ms lesen  908 ms rechnen
2026-09-09T10:08:09.959Z  BLI/2020        roh          22676 reg. Kerzen        5/0/0 von 117  Tagen gewertet (1m/5m/15m)      158 Signale  54 ms lesen  1148 ms rechnen
2026-09-09T10:09:05.082Z  BLI/2021        roh          85156 reg. Kerzen      202/0/0 von 252  Tagen gewertet (1m/5m/15m)     6420 Signale  113 ms lesen  54959 ms rechnen
2026-09-09T10:09:31.175Z  BLI/2022        roh          84561 reg. Kerzen       77/0/0 von 251  Tagen gewertet (1m/5m/15m)     2547 Signale  2082 ms lesen  23847 ms rechnen
2026-09-09T10:09:31.471Z  BLI/2023        roh          17008 reg. Kerzen        0/0/0 von 54   Tagen gewertet (1m/5m/15m)        0 Signale  27 ms lesen  107 ms rechnen
2026-09-09T10:09:34.440Z  BLNK/2018       roh          36925 reg. Kerzen        9/0/0 von 221  Tagen gewertet (1m/5m/15m)      292 Signale  119 ms lesen  2773 ms rechnen
2026-09-09T10:09:34.785Z  BLNK/2019       roh          42089 reg. Kerzen        0/0/0 von 252  Tagen gewertet (1m/5m/15m)        0 Signale  60 ms lesen  200 ms rechnen
2026-09-09T10:10:13.637Z  BLNK/2020       roh          72653 reg. Kerzen      124/0/0 von 253  Tagen gewertet (1m/5m/15m)     4251 Signale  106 ms lesen  38654 ms rechnen
2026-09-09T10:11:30.877Z  BLNK/2021       roh          96281 reg. Kerzen      252/0/0 von 252  Tagen gewertet (1m/5m/15m)     8383 Signale  141 ms lesen  76950 ms rechnen
2026-09-09T10:12:40.863Z  BLNK/2022       roh          90749 reg. Kerzen      244/0/0 von 251  Tagen gewertet (1m/5m/15m)     7935 Signale  111 ms lesen  69664 ms rechnen
2026-09-09T10:13:47.999Z  BLNK/2023       roh          93662 reg. Kerzen      229/0/0 von 250  Tagen gewertet (1m/5m/15m)     7381 Signale  122 ms lesen  66820 ms rechnen
2026-09-09T10:15:05.872Z  BLNK/2024       roh          95420 reg. Kerzen      252/0/0 von 252  Tagen gewertet (1m/5m/15m)     8463 Signale  134 ms lesen  77521 ms rechnen
2026-09-09T10:15:25.787Z  BLNK/2025       roh          89268 reg. Kerzen       61/0/0 von 250  Tagen gewertet (1m/5m/15m)     1991 Signale  114 ms lesen  19607 ms rechnen
2026-09-09T10:15:26.388Z  BLNK/2026       roh          52750 reg. Kerzen        0/0/0 von 166  Tagen gewertet (1m/5m/15m)        0 Signale  76 ms lesen  320 ms rechnen
2026-09-09T10:15:26.530Z  BLVD/2016       roh            435 reg. Kerzen        0/0/0 von 134  Tagen gewertet (1m/5m/15m)        0 Signale  14 ms lesen  3 ms rechnen
2026-09-09T10:15:26.566Z  BLVD/2017       roh           2236 reg. Kerzen        0/0/0 von 199  Tagen gewertet (1m/5m/15m)        0 Signale  24 ms lesen  10 ms rechnen
2026-09-09T10:15:26.662Z  BMRG/2020       roh          13217 reg. Kerzen        0/0/0 von 113  Tagen gewertet (1m/5m/15m)        0 Signale  32 ms lesen  56 ms rechnen
2026-09-09T10:15:30.094Z  BNCL/2016       roh          64239 reg. Kerzen       14/0/0 von 252  Tagen gewertet (1m/5m/15m)      352 Signale  128 ms lesen  3262 ms rechnen
2026-09-09T10:15:30.488Z  BNCL/2017       roh          40945 reg. Kerzen        0/0/0 von 251  Tagen gewertet (1m/5m/15m)        0 Signale  60 ms lesen  199 ms rechnen
2026-09-09T10:15:30.867Z  BNCL/2018       roh          47325 reg. Kerzen        0/0/0 von 251  Tagen gewertet (1m/5m/15m)        0 Signale  62 ms lesen  224 ms rechnen
2026-09-09T10:15:31.016Z  BNCL/2019       roh           6830 reg. Kerzen        0/0/0 von 40   Tagen gewertet (1m/5m/15m)        0 Signale  16 ms lesen  33 ms rechnen
2026-09-09T10:15:31.072Z  BNOX/2021       roh            477 reg. Kerzen        0/0/0 von 11   Tagen gewertet (1m/5m/15m)        0 Signale  38 ms lesen  2 ms rechnen
2026-09-09T10:15:31.105Z  BNOX/2022       roh           1214 reg. Kerzen        0/0/0 von 157  Tagen gewertet (1m/5m/15m)        0 Signale  25 ms lesen  7 ms rechnen
2026-09-09T10:15:31.247Z  BNOX/2023       roh          17671 reg. Kerzen        0/0/0 von 245  Tagen gewertet (1m/5m/15m)        0 Signale  39 ms lesen  100 ms rechnen
2026-09-09T10:15:31.467Z  BNOX/2024       roh          23404 reg. Kerzen        0/0/0 von 247  Tagen gewertet (1m/5m/15m)        0 Signale  44 ms lesen  125 ms rechnen
2026-09-09T10:15:31.542Z  BOAC/2020       roh           1256 reg. Kerzen        0/0/0 von 9    Tagen gewertet (1m/5m/15m)        0 Signale  20 ms lesen  5 ms rechnen
2026-09-09T10:15:31.696Z  BOAC/2021       roh          23457 reg. Kerzen        0/0/0 von 252  Tagen gewertet (1m/5m/15m)        0 Signale  47 ms lesen  104 ms rechnen
2026-09-09T10:15:31.797Z  BOAC/2022       roh           4290 reg. Kerzen        0/0/0 von 242  Tagen gewertet (1m/5m/15m)        0 Signale  25 ms lesen  20 ms rechnen
2026-09-09T10:15:31.828Z  BOAC/2023       roh           1664 reg. Kerzen        0/0/0 von 190  Tagen gewertet (1m/5m/15m)        0 Signale  14 ms lesen  8 ms rechnen
2026-09-09T10:15:37.032Z  BOKF/2016       roh          62403 reg. Kerzen       22/0/0 von 252  Tagen gewertet (1m/5m/15m)      608 Signale  118 ms lesen  5049 ms rechnen
2026-09-09T10:15:37.407Z  BOKF/2017       roh          40985 reg. Kerzen        0/0/0 von 251  Tagen gewertet (1m/5m/15m)        0 Signale  65 ms lesen  189 ms rechnen
2026-09-09T10:15:39.008Z  BOKF/2018       roh          50975 reg. Kerzen        6/0/0 von 251  Tagen gewertet (1m/5m/15m)      162 Signale  78 ms lesen  1436 ms rechnen
2026-09-09T10:15:39.579Z  BOKF/2019       roh          47254 reg. Kerzen        1/0/0 von 252  Tagen gewertet (1m/5m/15m)       21 Signale  61 ms lesen  399 ms rechnen
2026-09-09T10:15:47.829Z  BOKF/2020       roh          59312 reg. Kerzen       32/0/0 von 253  Tagen gewertet (1m/5m/15m)      985 Signale  100 ms lesen  8038 ms rechnen
2026-09-09T10:15:48.272Z  BOKF/2021       roh          43865 reg. Kerzen        0/0/0 von 252  Tagen gewertet (1m/5m/15m)        0 Signale  90 ms lesen  224 ms rechnen
2026-09-09T10:15:48.684Z  BOKF/2022       roh          48129 reg. Kerzen        0/0/0 von 251  Tagen gewertet (1m/5m/15m)        0 Signale  78 ms lesen  234 ms rechnen
2026-09-09T10:15:49.735Z  BOKF/2023       roh          42710 reg. Kerzen        3/0/0 von 250  Tagen gewertet (1m/5m/15m)       86 Signale  69 ms lesen  861 ms rechnen
2026-09-09T10:15:50.011Z  BOKF/2024       roh          31139 reg. Kerzen        0/0/0 von 252  Tagen gewertet (1m/5m/15m)        0 Signale  64 ms lesen  125 ms rechnen
2026-09-09T10:15:50.319Z  BOKF/2025       roh          37297 reg. Kerzen        0/0/0 von 250  Tagen gewertet (1m/5m/15m)        0 Signale  57 ms lesen  188 ms rechnen
2026-09-09T10:15:50.600Z  BOKF/2026       roh          31364 reg. Kerzen        0/0/0 von 166  Tagen gewertet (1m/5m/15m)        0 Signale  52 ms lesen  152 ms rechnen
2026-09-09T10:16:33.960Z  BOX/2016        roh          84717 reg. Kerzen      180/0/0 von 252  Tagen gewertet (1m/5m/15m)     5145 Signale  103 ms lesen  43169 ms rechnen
2026-09-09T10:17:35.005Z  BOX/2017        roh          90906 reg. Kerzen      248/0/0 von 251  Tagen gewertet (1m/5m/15m)     6693 Signale  107 ms lesen  60759 ms rechnen
2026-09-09T10:18:46.362Z  BOX/2018        roh          95903 reg. Kerzen      251/0/0 von 251  Tagen gewertet (1m/5m/15m)     7313 Signale  130 ms lesen  71024 ms rechnen
2026-09-09T10:19:53.099Z  BOX/2019        roh          94306 reg. Kerzen      252/0/0 von 252  Tagen gewertet (1m/5m/15m)     6795 Signale  105 ms lesen  66391 ms rechnen
2026-09-09T10:21:03.818Z  BOX/2020        roh          96023 reg. Kerzen      253/0/0 von 253  Tagen gewertet (1m/5m/15m)     7419 Signale  159 ms lesen  70325 ms rechnen
2026-09-09T10:22:10.785Z  BOX/2021        roh          94407 reg. Kerzen      249/0/0 von 252  Tagen gewertet (1m/5m/15m)     6973 Signale  123 ms lesen  66627 ms rechnen
2026-09-09T10:23:15.024Z  BOX/2022        roh          92298 reg. Kerzen      247/0/0 von 251  Tagen gewertet (1m/5m/15m)     6873 Signale  127 ms lesen  63909 ms rechnen
2026-09-09T10:24:17.098Z  BOX/2023        roh          91497 reg. Kerzen      250/0/0 von 250  Tagen gewertet (1m/5m/15m)     6300 Signale  135 ms lesen  61737 ms rechnen
2026-09-09T10:25:17.024Z  BOX/2024        roh          90895 reg. Kerzen      246/0/0 von 252  Tagen gewertet (1m/5m/15m)     6085 Signale  106 ms lesen  59604 ms rechnen
2026-09-09T10:26:17.048Z  BOX/2025        roh          90704 reg. Kerzen      247/0/0 von 250  Tagen gewertet (1m/5m/15m)     6025 Signale  98 ms lesen  59731 ms rechnen
2026-09-09T10:27:02.125Z  BOX/2026        roh          63445 reg. Kerzen      166/0/0 von 166  Tagen gewertet (1m/5m/15m)     4546 Signale  140 ms lesen  44735 ms rechnen
2026-09-09T10:27:03.156Z  BPMP/2017       roh          10629 reg. Kerzen        3/0/0 von 45   Tagen gewertet (1m/5m/15m)       85 Signale  47 ms lesen  821 ms rechnen
2026-09-09T10:27:03.785Z  BPMP/2018       roh          38421 reg. Kerzen        1/0/0 von 251  Tagen gewertet (1m/5m/15m)       30 Signale  179 ms lesen  424 ms rechnen
2026-09-09T10:27:04.152Z  BPMP/2019       roh          45052 reg. Kerzen        0/0/0 von 252  Tagen gewertet (1m/5m/15m)        0 Signale  53 ms lesen  227 ms rechnen
2026-09-09T10:27:05.982Z  BPMP/2020       roh          51721 reg. Kerzen        5/0/0 von 253  Tagen gewertet (1m/5m/15m)      154 Signale  60 ms lesen  1676 ms rechnen
2026-09-09T10:27:09.171Z  BPMP/2021       roh          59767 reg. Kerzen       12/0/0 von 252  Tagen gewertet (1m/5m/15m)      318 Signale  85 ms lesen  2999 ms rechnen
2026-09-09T10:27:15.309Z  BPMP/2022       roh          18671 reg. Kerzen       26/0/0 von 64   Tagen gewertet (1m/5m/15m)      682 Signale  37 ms lesen  5976 ms rechnen
2026-09-09T10:27:46.884Z  BPYU/2020       roh          68860 reg. Kerzen      124/0/0 von 213  Tagen gewertet (1m/5m/15m)     3725 Signale  91 ms lesen  31405 ms rechnen
2026-09-09T10:27:51.799Z  BPYU/2021       roh          36181 reg. Kerzen       20/0/0 von 141  Tagen gewertet (1m/5m/15m)      498 Signale  46 ms lesen  4723 ms rechnen
2026-09-09T10:27:52.051Z  BRDG/2021       roh          22422 reg. Kerzen        0/0/0 von 118  Tagen gewertet (1m/5m/15m)        0 Signale  56 ms lesen  95 ms rechnen
2026-09-09T10:27:52.315Z  BRDG/2022       roh          36448 reg. Kerzen        0/0/0 von 250  Tagen gewertet (1m/5m/15m)        0 Signale  49 ms lesen  170 ms rechnen
2026-09-09T10:27:52.647Z  BRDG/2023       roh          38900 reg. Kerzen        0/0/0 von 250  Tagen gewertet (1m/5m/15m)        0 Signale  45 ms lesen  199 ms rechnen
2026-09-09T10:27:52.960Z  BRDG/2024       roh          38749 reg. Kerzen        0/0/0 von 252  Tagen gewertet (1m/5m/15m)        0 Signale  58 ms lesen  179 ms rechnen
2026-09-09T10:27:53.224Z  BRDG/2025       roh          33352 reg. Kerzen        0/0/0 von 165  Tagen gewertet (1m/5m/15m)        0 Signale  42 ms lesen  147 ms rechnen
2026-09-09T10:28:40.559Z  BRKR/2016       roh          88291 reg. Kerzen      193/0/0 von 252  Tagen gewertet (1m/5m/15m)     4840 Signale  108 ms lesen  47138 ms rechnen
2026-09-09T10:29:08.389Z  BRKR/2017       roh          76039 reg. Kerzen      121/0/0 von 251  Tagen gewertet (1m/5m/15m)     2946 Signale  120 ms lesen  27508 ms rechnen
2026-09-09T10:29:40.554Z  BRKR/2018       roh          77672 reg. Kerzen      133/0/0 von 251  Tagen gewertet (1m/5m/15m)     3512 Signale  2768 ms lesen  29235 ms rechnen
2026-09-09T10:30:21.245Z  BRKR/2019       roh          82438 reg. Kerzen      176/0/0 von 252  Tagen gewertet (1m/5m/15m)     4450 Signale  123 ms lesen  40405 ms rechnen
2026-09-09T10:31:01.123Z  BRKR/2020       roh          81281 reg. Kerzen      162/0/0 von 253  Tagen gewertet (1m/5m/15m)     4608 Signale  117 ms lesen  39596 ms rechnen
2026-09-09T10:31:32.920Z  BRKR/2021       roh          78808 reg. Kerzen      142/0/0 von 252  Tagen gewertet (1m/5m/15m)     3597 Signale  107 ms lesen  31521 ms rechnen
2026-09-09T10:32:24.338Z  BRKR/2022       roh          85423 reg. Kerzen      212/0/0 von 251  Tagen gewertet (1m/5m/15m)     5934 Signale  116 ms lesen  51147 ms rechnen
2026-09-09T10:33:06.221Z  BRKR/2023       roh          82104 reg. Kerzen      180/0/0 von 250  Tagen gewertet (1m/5m/15m)     4745 Signale  98 ms lesen  41604 ms rechnen
2026-09-09T10:33:55.460Z  BRKR/2024       roh          84846 reg. Kerzen      205/0/0 von 252  Tagen gewertet (1m/5m/15m)     5522 Signale  117 ms lesen  48937 ms rechnen
2026-09-09T10:35:04.209Z  BRKR/2025       roh          94030 reg. Kerzen      250/0/0 von 250  Tagen gewertet (1m/5m/15m)     7351 Signale  121 ms lesen  68432 ms rechnen
2026-09-09T10:35:49.931Z  BRKR/2026       roh          62036 reg. Kerzen      166/0/0 von 166  Tagen gewertet (1m/5m/15m)     4949 Signale  86 ms lesen  45431 ms rechnen
2026-09-09T10:35:51.743Z  CHECKPOINT 800 Dateien, 158 min, Detektorfehler {}
2026-09-09T10:35:51.798Z  BRPM/2019       roh            351 reg. Kerzen        0/0/0 von 86   Tagen gewertet (1m/5m/15m)        0 Signale  34 ms lesen  3 ms rechnen
2026-09-09T10:35:51.885Z  BRPM/2020       roh           2071 reg. Kerzen        0/0/0 von 29   Tagen gewertet (1m/5m/15m)        0 Signale  77 ms lesen  9 ms rechnen
2026-09-09T10:35:52.784Z  BRPM/2021       roh          12462 reg. Kerzen        4/0/0 von 169  Tagen gewertet (1m/5m/15m)      104 Signale  46 ms lesen  849 ms rechnen
2026-09-09T10:35:52.867Z  BRPM/2022       roh           9954 reg. Kerzen        0/0/0 von 136  Tagen gewertet (1m/5m/15m)        0 Signale  17 ms lesen  42 ms rechnen
2026-09-09T10:35:52.942Z  BSAQ/2021       roh           1568 reg. Kerzen        0/0/0 von 51   Tagen gewertet (1m/5m/15m)        0 Signale  9 ms lesen  6 ms rechnen
2026-09-09T10:35:52.983Z  BSAQ/2022       roh            779 reg. Kerzen        0/0/0 von 151  Tagen gewertet (1m/5m/15m)        0 Signale  33 ms lesen  5 ms rechnen
2026-09-09T10:35:53.017Z  BSAQ/2023       roh           3406 reg. Kerzen        0/0/0 von 146  Tagen gewertet (1m/5m/15m)        0 Signale  17 ms lesen  15 ms rechnen
2026-09-09T10:35:53.055Z  BSII/2024       roh            273 reg. Kerzen        0/0/0 von 42   Tagen gewertet (1m/5m/15m)        0 Signale  27 ms lesen  2 ms rechnen
2026-09-09T10:35:53.078Z  BSII/2025       roh           1425 reg. Kerzen        0/0/0 von 85   Tagen gewertet (1m/5m/15m)        0 Signale  15 ms lesen  6 ms rechnen
2026-09-09T10:35:53.188Z  BSTG/2016       roh          15007 reg. Kerzen        0/0/0 von 191  Tagen gewertet (1m/5m/15m)        0 Signale  32 ms lesen  73 ms rechnen
2026-09-09T10:35:53.432Z  BSTG/2017       roh          31719 reg. Kerzen        0/0/0 von 192  Tagen gewertet (1m/5m/15m)        0 Signale  49 ms lesen  166 ms rechnen
2026-09-09T10:35:53.569Z  BTBT/2018       roh           3125 reg. Kerzen        0/0/0 von 186  Tagen gewertet (1m/5m/15m)        0 Signale  24 ms lesen  13 ms rechnen
2026-09-09T10:35:53.681Z  BTBT/2019       roh          11532 reg. Kerzen        0/0/0 von 212  Tagen gewertet (1m/5m/15m)        0 Signale  48 ms lesen  54 ms rechnen
2026-09-09T10:35:57.165Z  BTBT/2020       roh          26487 reg. Kerzen       11/0/0 von 196  Tagen gewertet (1m/5m/15m)      348 Signale  42 ms lesen  3420 ms rechnen
2026-09-09T10:37:15.912Z  BTBT/2021       roh          94999 reg. Kerzen      250/0/0 von 252  Tagen gewertet (1m/5m/15m)     8450 Signale  143 ms lesen  78545 ms rechnen
2026-09-09T10:37:47.471Z  BTBT/2022       roh          83587 reg. Kerzen      100/0/0 von 251  Tagen gewertet (1m/5m/15m)     3410 Signale  120 ms lesen  31236 ms rechnen
2026-09-09T10:38:33.132Z  BTBT/2023       roh          88679 reg. Kerzen      146/0/0 von 250  Tagen gewertet (1m/5m/15m)     4876 Signale  209 ms lesen  45285 ms rechnen
2026-09-09T10:39:54.041Z  BTBT/2024       roh          96798 reg. Kerzen      252/0/0 von 252  Tagen gewertet (1m/5m/15m)     8538 Signale  147 ms lesen  80569 ms rechnen
2026-09-09T10:41:13.136Z  BTBT/2025       roh          96686 reg. Kerzen      250/0/0 von 250  Tagen gewertet (1m/5m/15m)     8492 Signale  164 ms lesen  78711 ms rechnen
2026-09-09T10:42:08.528Z  BTBT/2026       roh          64641 reg. Kerzen      166/0/0 von 166  Tagen gewertet (1m/5m/15m)     5562 Signale  90 ms lesen  55093 ms rechnen
2026-09-09T10:42:08.760Z  BTN/2016        roh           8310 reg. Kerzen        0/0/0 von 252  Tagen gewertet (1m/5m/15m)        0 Signale  54 ms lesen  33 ms rechnen
2026-09-09T10:42:08.859Z  BTN/2017        roh           8337 reg. Kerzen        0/0/0 von 250  Tagen gewertet (1m/5m/15m)        0 Signale  45 ms lesen  34 ms rechnen
2026-09-09T10:42:08.923Z  BTN/2018        roh           2628 reg. Kerzen        0/0/0 von 246  Tagen gewertet (1m/5m/15m)        0 Signale  34 ms lesen  13 ms rechnen
2026-09-09T10:42:08.972Z  BTN/2019        roh           4434 reg. Kerzen        0/0/0 von 249  Tagen gewertet (1m/5m/15m)        0 Signale  20 ms lesen  19 ms rechnen
2026-09-09T10:42:09.060Z  BTN/2020        roh           8653 reg. Kerzen        0/0/0 von 253  Tagen gewertet (1m/5m/15m)        0 Signale  33 ms lesen  42 ms rechnen
2026-09-09T10:42:09.232Z  BTN/2021        roh          22502 reg. Kerzen        0/0/0 von 252  Tagen gewertet (1m/5m/15m)        0 Signale  43 ms lesen  104 ms rechnen
2026-09-09T10:42:09.330Z  BTN/2022        roh           5443 reg. Kerzen        0/0/0 von 247  Tagen gewertet (1m/5m/15m)        0 Signale  22 ms lesen  24 ms rechnen
2026-09-09T10:43:05.333Z  BUD/2016        roh          94528 reg. Kerzen      231/0/0 von 252  Tagen gewertet (1m/5m/15m)     5237 Signale  119 ms lesen  55830 ms rechnen
2026-09-09T10:44:03.434Z  BUD/2017        roh          91728 reg. Kerzen      249/0/0 von 251  Tagen gewertet (1m/5m/15m)     5320 Signale  136 ms lesen  57764 ms rechnen
2026-09-09T10:45:07.549Z  BUD/2018        roh          94949 reg. Kerzen      251/0/0 von 251  Tagen gewertet (1m/5m/15m)     5793 Signale  2434 ms lesen  61462 ms rechnen
2026-09-09T10:46:08.285Z  BUD/2019        roh          93876 reg. Kerzen      252/0/0 von 252  Tagen gewertet (1m/5m/15m)     5632 Signale  117 ms lesen  60396 ms rechnen
2026-09-09T10:47:14.395Z  BUD/2020        roh          96524 reg. Kerzen      253/0/0 von 253  Tagen gewertet (1m/5m/15m)     6578 Signale  113 ms lesen  65784 ms rechnen
2026-09-09T10:48:16.312Z  BUD/2021        roh          94137 reg. Kerzen      250/0/0 von 252  Tagen gewertet (1m/5m/15m)     5635 Signale  144 ms lesen  61577 ms rechnen
2026-09-09T10:49:19.820Z  BUD/2022        roh          94770 reg. Kerzen      249/0/0 von 251  Tagen gewertet (1m/5m/15m)     6030 Signale  108 ms lesen  63186 ms rechnen
2026-09-09T10:50:22.532Z  BUD/2023        roh          95566 reg. Kerzen      250/0/0 von 250  Tagen gewertet (1m/5m/15m)     5510 Signale  120 ms lesen  62386 ms rechnen
2026-09-09T10:51:25.360Z  BUD/2024        roh          94966 reg. Kerzen      252/0/0 von 252  Tagen gewertet (1m/5m/15m)     5369 Signale  151 ms lesen  62484 ms rechnen
2026-09-09T10:52:27.416Z  BUD/2025        roh          94926 reg. Kerzen      250/0/0 von 250  Tagen gewertet (1m/5m/15m)     5561 Signale  127 ms lesen  61713 ms rechnen
2026-09-09T10:53:09.005Z  BUD/2026        roh          63021 reg. Kerzen      166/0/0 von 166  Tagen gewertet (1m/5m/15m)     3840 Signale  90 ms lesen  41281 ms rechnen
2026-09-09T10:53:09.311Z  BVH/2017        roh          19942 reg. Kerzen        0/0/0 von 119  Tagen gewertet (1m/5m/15m)        0 Signale  49 ms lesen  92 ms rechnen
2026-09-09T10:53:09.673Z  BVH/2018        roh          56743 reg. Kerzen        0/0/0 von 251  Tagen gewertet (1m/5m/15m)        0 Signale  71 ms lesen  253 ms rechnen
2026-09-09T10:53:10.024Z  BVH/2019        roh          40928 reg. Kerzen        0/0/0 von 252  Tagen gewertet (1m/5m/15m)        0 Signale  54 ms lesen  166 ms rechnen
2026-09-09T10:53:10.302Z  BVH/2020        roh          30108 reg. Kerzen        0/0/0 von 253  Tagen gewertet (1m/5m/15m)        0 Signale  45 ms lesen  145 ms rechnen
2026-09-09T10:53:10.487Z  BVH/2021        roh          19103 reg. Kerzen        0/0/0 von 252  Tagen gewertet (1m/5m/15m)        0 Signale  41 ms lesen  84 ms rechnen
2026-09-09T10:53:10.692Z  BVH/2022        roh          20242 reg. Kerzen        0/0/0 von 250  Tagen gewertet (1m/5m/15m)        0 Signale  56 ms lesen  104 ms rechnen
2026-09-09T10:53:10.862Z  BVH/2023        roh          19058 reg. Kerzen        0/0/0 von 250  Tagen gewertet (1m/5m/15m)        0 Signale  37 ms lesen  94 ms rechnen
2026-09-09T10:53:10.933Z  BVH/2024        roh           1890 reg. Kerzen        0/0/0 von 10   Tagen gewertet (1m/5m/15m)        0 Signale  15 ms lesen  15 ms rechnen
2026-09-09T10:53:10.963Z  BWC/2021        roh            324 reg. Kerzen        0/0/0 von 44   Tagen gewertet (1m/5m/15m)        0 Signale  14 ms lesen  1 ms rechnen
2026-09-09T10:53:10.984Z  BWC/2022        roh            789 reg. Kerzen        0/0/0 von 170  Tagen gewertet (1m/5m/15m)        0 Signale  16 ms lesen  4 ms rechnen
2026-09-09T10:53:11.006Z  BWC/2023        roh           1000 reg. Kerzen        0/0/0 von 120  Tagen gewertet (1m/5m/15m)        0 Signale  14 ms lesen  5 ms rechnen
2026-09-09T10:53:30.650Z  BWP/2016        roh          73110 reg. Kerzen       79/0/0 von 252  Tagen gewertet (1m/5m/15m)     2267 Signale  92 ms lesen  19544 ms rechnen
2026-09-09T10:53:44.379Z  BWP/2017        roh          67496 reg. Kerzen       59/0/0 von 251  Tagen gewertet (1m/5m/15m)     1502 Signale  96 ms lesen  13477 ms rechnen
2026-09-09T10:54:08.009Z  BWP/2018        roh          44828 reg. Kerzen       91/0/0 von 136  Tagen gewertet (1m/5m/15m)     2319 Signale  121 ms lesen  23370 ms rechnen
2026-09-09T10:54:39.059Z  BXMT/2016       roh          79794 reg. Kerzen      139/0/0 von 252  Tagen gewertet (1m/5m/15m)     3250 Signale  1350 ms lesen  29196 ms rechnen
2026-09-09T10:55:16.562Z  BXMT/2017       roh          81639 reg. Kerzen      181/0/0 von 251  Tagen gewertet (1m/5m/15m)     3814 Signale  122 ms lesen  37202 ms rechnen
2026-09-09T10:56:09.882Z  BXMT/2018       roh          88565 reg. Kerzen      236/0/0 von 251  Tagen gewertet (1m/5m/15m)     4980 Signale  120 ms lesen  53040 ms rechnen
2026-09-09T10:57:03.426Z  BXMT/2019       roh          87514 reg. Kerzen      244/0/0 von 252  Tagen gewertet (1m/5m/15m)     4865 Signale  105 ms lesen  53264 ms rechnen
2026-09-09T10:58:07.437Z  BXMT/2020       roh          92025 reg. Kerzen      246/0/0 von 253  Tagen gewertet (1m/5m/15m)     7014 Signale  109 ms lesen  63692 ms rechnen
2026-09-09T10:59:10.356Z  BXMT/2021       roh          91079 reg. Kerzen      249/0/0 von 252  Tagen gewertet (1m/5m/15m)     6034 Signale  111 ms lesen  62619 ms rechnen
2026-09-09T11:00:16.060Z  BXMT/2022       roh          94265 reg. Kerzen      249/0/0 von 250  Tagen gewertet (1m/5m/15m)     6349 Signale  141 ms lesen  65355 ms rechnen
2026-09-09T11:01:23.000Z  BXMT/2023       roh          95703 reg. Kerzen      250/0/0 von 250  Tagen gewertet (1m/5m/15m)     6833 Signale  104 ms lesen  66644 ms rechnen
2026-09-09T11:02:24.361Z  BXMT/2024       roh          92339 reg. Kerzen      249/0/0 von 252  Tagen gewertet (1m/5m/15m)     6334 Signale  109 ms lesen  61043 ms rechnen
2026-09-09T11:03:17.030Z  BXMT/2025       roh          86629 reg. Kerzen      229/0/0 von 250  Tagen gewertet (1m/5m/15m)     5585 Signale  95 ms lesen  52358 ms rechnen
2026-09-09T11:03:51.926Z  BXMT/2026       roh          57887 reg. Kerzen      142/0/0 von 166  Tagen gewertet (1m/5m/15m)     3539 Signale  78 ms lesen  34640 ms rechnen
2026-09-09T11:03:52.087Z  BYN/2022        roh           1677 reg. Kerzen        0/0/0 von 149  Tagen gewertet (1m/5m/15m)        0 Signale  12 ms lesen  8 ms rechnen
2026-09-09T11:03:52.105Z  BYN/2023        roh           1341 reg. Kerzen        0/0/0 von 167  Tagen gewertet (1m/5m/15m)        0 Signale  7 ms lesen  6 ms rechnen
2026-09-09T11:04:25.771Z  BZH/2016        roh          82956 reg. Kerzen      131/0/0 von 252  Tagen gewertet (1m/5m/15m)     3925 Signale  110 ms lesen  33538 ms rechnen
2026-09-09T11:04:43.522Z  BZH/2017        roh          73645 reg. Kerzen       76/0/0 von 251  Tagen gewertet (1m/5m/15m)     2231 Signale  100 ms lesen  17484 ms rechnen
2026-09-09T11:05:06.546Z  BZH/2018        roh          76077 reg. Kerzen       96/0/0 von 251  Tagen gewertet (1m/5m/15m)     2916 Signale  101 ms lesen  22760 ms rechnen
2026-09-09T11:05:13.123Z  BZH/2019        roh          71367 reg. Kerzen       25/0/0 von 252  Tagen gewertet (1m/5m/15m)      700 Signale  78 ms lesen  6318 ms rechnen
2026-09-09T11:05:14.017Z  BZH/2020        roh          71127 reg. Kerzen        1/0/0 von 253  Tagen gewertet (1m/5m/15m)       32 Signale  93 ms lesen  640 ms rechnen
2026-09-09T11:05:21.518Z  BZH/2021        roh          65871 reg. Kerzen       30/0/0 von 252  Tagen gewertet (1m/5m/15m)      898 Signale  106 ms lesen  7249 ms rechnen
2026-09-09T11:05:25.417Z  BZH/2022        roh          63696 reg. Kerzen       14/0/0 von 251  Tagen gewertet (1m/5m/15m)      443 Signale  93 ms lesen  3668 ms rechnen
2026-09-09T11:05:30.282Z  BZH/2023        roh          59826 reg. Kerzen       19/0/0 von 250  Tagen gewertet (1m/5m/15m)      558 Signale  85 ms lesen  4645 ms rechnen
2026-09-09T11:05:33.460Z  BZH/2024        roh          56458 reg. Kerzen       11/0/0 von 252  Tagen gewertet (1m/5m/15m)      314 Signale  77 ms lesen  2973 ms rechnen
2026-09-09T11:05:36.075Z  BZH/2025        roh          58402 reg. Kerzen        9/0/0 von 250  Tagen gewertet (1m/5m/15m)      268 Signale  79 ms lesen  2429 ms rechnen
2026-09-09T11:05:39.516Z  BZH/2026        roh          38976 reg. Kerzen       13/0/0 von 166  Tagen gewertet (1m/5m/15m)      325 Signale  62 ms lesen  3256 ms rechnen
2026-09-09T11:05:39.619Z  CACO/2022       roh           2407 reg. Kerzen        0/0/0 von 9    Tagen gewertet (1m/5m/15m)        0 Signale  17 ms lesen  10 ms rechnen
2026-09-09T11:05:39.739Z  CACO/2023       roh          11490 reg. Kerzen        0/0/0 von 250  Tagen gewertet (1m/5m/15m)        0 Signale  38 ms lesen  76 ms rechnen
2026-09-09T11:05:39.815Z  CACO/2024       roh           6135 reg. Kerzen        0/0/0 von 187  Tagen gewertet (1m/5m/15m)        0 Signale  27 ms lesen  26 ms rechnen
2026-09-09T11:06:39.756Z  CAG/2016        bereinigt    97405 reg. Kerzen      232/0/0 von 252  Tagen gewertet (1m/5m/15m)     5256 Signale  173 ms lesen  59749 ms rechnen
2026-09-09T11:07:44.568Z  CAG/2017        roh          96857 reg. Kerzen      251/0/0 von 251  Tagen gewertet (1m/5m/15m)     5556 Signale  115 ms lesen  64495 ms rechnen
2026-09-09T11:08:49.630Z  CAG/2018        roh          97016 reg. Kerzen      251/0/0 von 251  Tagen gewertet (1m/5m/15m)     6157 Signale  141 ms lesen  64714 ms rechnen
2026-09-09T11:09:55.947Z  CAG/2019        roh          97552 reg. Kerzen      252/0/0 von 252  Tagen gewertet (1m/5m/15m)     6492 Signale  133 ms lesen  65987 ms rechnen
2026-09-09T11:11:05.393Z  CAG/2020        roh          97986 reg. Kerzen      253/0/0 von 253  Tagen gewertet (1m/5m/15m)     6592 Signale  116 ms lesen  69129 ms rechnen
2026-09-09T11:12:11.471Z  CAG/2021        roh          96786 reg. Kerzen      250/0/0 von 252  Tagen gewertet (1m/5m/15m)     5907 Signale  120 ms lesen  65746 ms rechnen
2026-09-09T11:13:18.004Z  CAG/2022        roh          96829 reg. Kerzen      249/0/0 von 251  Tagen gewertet (1m/5m/15m)     6090 Signale  113 ms lesen  66222 ms rechnen
2026-09-09T11:14:27.593Z  CAG/2023        roh          96961 reg. Kerzen      250/0/0 von 250  Tagen gewertet (1m/5m/15m)     5794 Signale  115 ms lesen  69248 ms rechnen
2026-09-09T11:15:40.611Z  CAG/2024        roh          97516 reg. Kerzen      252/0/0 von 252  Tagen gewertet (1m/5m/15m)     5959 Signale  113 ms lesen  72670 ms rechnen
2026-09-09T11:16:55.871Z  CAG/2025        roh          96912 reg. Kerzen      250/0/0 von 250  Tagen gewertet (1m/5m/15m)     6247 Signale  183 ms lesen  74854 ms rechnen
2026-09-09T11:17:44.879Z  CAG/2026        roh          64732 reg. Kerzen      166/0/0 von 166  Tagen gewertet (1m/5m/15m)     4468 Signale  110 ms lesen  48677 ms rechnen
2026-09-09T11:18:02.296Z  CALD/2016       roh          73388 reg. Kerzen       73/0/0 von 252  Tagen gewertet (1m/5m/15m)     2136 Signale  127 ms lesen  17131 ms rechnen
2026-09-09T11:18:10.918Z  CALD/2017       roh          63028 reg. Kerzen       35/0/0 von 251  Tagen gewertet (1m/5m/15m)      973 Signale  91 ms lesen  8357 ms rechnen
2026-09-09T11:18:22.000Z  CALD/2018       roh          20004 reg. Kerzen       37/0/0 von 64   Tagen gewertet (1m/5m/15m)      443 Signale  42 ms lesen  10907 ms rechnen
2026-09-09T11:18:22.058Z  CAPA/2020       roh            121 reg. Kerzen        0/0/0 von 23   Tagen gewertet (1m/5m/15m)        0 Signale  13 ms lesen  0 ms rechnen
2026-09-09T11:18:23.806Z  CAPA/2021       roh          18613 reg. Kerzen        6/0/0 von 108  Tagen gewertet (1m/5m/15m)      214 Signale  38 ms lesen  1709 ms rechnen
2026-09-09T11:18:23.983Z  CARO/2016       roh          17637 reg. Kerzen        0/0/0 von 252  Tagen gewertet (1m/5m/15m)        0 Signale  61 ms lesen  69 ms rechnen
2026-09-09T11:18:24.185Z  CARO/2017       roh          26955 reg. Kerzen        0/0/0 von 251  Tagen gewertet (1m/5m/15m)        0 Signale  39 ms lesen  120 ms rechnen
2026-09-09T11:18:24.441Z  CARO/2018       roh          28371 reg. Kerzen        0/0/0 von 251  Tagen gewertet (1m/5m/15m)        0 Signale  54 ms lesen  140 ms rechnen
2026-09-09T11:18:24.655Z  CARO/2019       roh          22738 reg. Kerzen        0/0/0 von 252  Tagen gewertet (1m/5m/15m)        0 Signale  37 ms lesen  106 ms rechnen
2026-09-09T11:18:24.816Z  CARO/2020       roh          15140 reg. Kerzen        0/0/0 von 84   Tagen gewertet (1m/5m/15m)        0 Signale  27 ms lesen  78 ms rechnen
2026-09-09T11:18:24.977Z  CASI/2016       bereinigt    10749 reg. Kerzen        0/0/0 von 252  Tagen gewertet (1m/5m/15m)        0 Signale  53 ms lesen  49 ms rechnen
2026-09-09T11:18:25.163Z  CASI/2017       bereinigt    16417 reg. Kerzen        0/0/0 von 251  Tagen gewertet (1m/5m/15m)        0 Signale  66 ms lesen  91 ms rechnen
2026-09-09T11:18:25.497Z  CASI/2018       bereinigt    50834 reg. Kerzen        0/0/0 von 251  Tagen gewertet (1m/5m/15m)        0 Signale  68 ms lesen  234 ms rechnen
2026-09-09T11:18:25.874Z  CASI/2019       bereinigt    39108 reg. Kerzen        0/0/0 von 252  Tagen gewertet (1m/5m/15m)        0 Signale  49 ms lesen  202 ms rechnen
2026-09-09T11:18:26.265Z  CASI/2020       bereinigt    43471 reg. Kerzen        0/0/0 von 253  Tagen gewertet (1m/5m/15m)        0 Signale  77 ms lesen  226 ms rechnen
2026-09-09T11:18:26.863Z  CASI/2021       bereinigt    69590 reg. Kerzen        0/0/0 von 252  Tagen gewertet (1m/5m/15m)        0 Signale  108 ms lesen  400 ms rechnen
2026-09-09T11:18:27.210Z  CASI/2022       bereinigt    29815 reg. Kerzen        0/0/0 von 251  Tagen gewertet (1m/5m/15m)        0 Signale  41 ms lesen  154 ms rechnen
2026-09-09T11:18:27.353Z  CASI/2023       roh           7797 reg. Kerzen        0/0/0 von 250  Tagen gewertet (1m/5m/15m)        0 Signale  52 ms lesen  31 ms rechnen
2026-09-09T11:18:27.454Z  CASI/2024       roh          10205 reg. Kerzen        0/0/0 von 252  Tagen gewertet (1m/5m/15m)        0 Signale  36 ms lesen  49 ms rechnen
2026-09-09T11:18:27.538Z  CASI/2025       roh          10021 reg. Kerzen        0/0/0 von 249  Tagen gewertet (1m/5m/15m)        0 Signale  21 ms lesen  42 ms rechnen
2026-09-09T11:18:27.576Z  CASI/2026       roh           1218 reg. Kerzen        0/0/0 von 37   Tagen gewertet (1m/5m/15m)        0 Signale  12 ms lesen  6 ms rechnen
2026-09-09T11:18:27.661Z  CATS/2017       roh           8061 reg. Kerzen        0/0/0 von 173  Tagen gewertet (1m/5m/15m)        0 Signale  42 ms lesen  39 ms rechnen
2026-09-09T11:18:27.795Z  CATS/2018       roh          16330 reg. Kerzen        0/0/0 von 250  Tagen gewertet (1m/5m/15m)        0 Signale  46 ms lesen  72 ms rechnen
2026-09-09T11:18:28.033Z  CATS/2019       roh          34610 reg. Kerzen        0/0/0 von 252  Tagen gewertet (1m/5m/15m)        0 Signale  53 ms lesen  144 ms rechnen
2026-09-09T11:18:33.477Z  CATS/2020       roh          27331 reg. Kerzen       20/0/0 von 128  Tagen gewertet (1m/5m/15m)      652 Signale  34 ms lesen  5331 ms rechnen
2026-09-09T11:18:35.155Z  CBAH/2021       roh          16176 reg. Kerzen        7/0/0 von 216  Tagen gewertet (1m/5m/15m)      174 Signale  38 ms lesen  1585 ms rechnen
2026-09-09T11:18:50.778Z  CBM/2016        roh          72712 reg. Kerzen       62/0/0 von 252  Tagen gewertet (1m/5m/15m)     1826 Signale  100 ms lesen  15489 ms rechnen
2026-09-09T11:18:58.700Z  CBM/2017        roh          63603 reg. Kerzen       33/0/0 von 251  Tagen gewertet (1m/5m/15m)      960 Signale  87 ms lesen  7690 ms rechnen
2026-09-09T11:19:07.432Z  CBM/2018        roh          64114 reg. Kerzen       32/0/0 von 251  Tagen gewertet (1m/5m/15m)      943 Signale  1453 ms lesen  7130 ms rechnen
2026-09-09T11:19:17.515Z  CBM/2019        roh          55611 reg. Kerzen       37/0/0 von 233  Tagen gewertet (1m/5m/15m)      820 Signale  1107 ms lesen  8843 ms rechnen
2026-09-09T11:20:21.341Z  CBRE/2016       roh          97102 reg. Kerzen      232/0/0 von 252  Tagen gewertet (1m/5m/15m)     6030 Signale  1795 ms lesen  61880 ms rechnen
2026-09-09T11:21:24.212Z  CBRE/2017       roh          94504 reg. Kerzen      251/0/0 von 251  Tagen gewertet (1m/5m/15m)     5750 Signale  176 ms lesen  62489 ms rechnen
2026-09-09T11:22:28.236Z  CBRE/2018       roh          94960 reg. Kerzen      251/0/0 von 251  Tagen gewertet (1m/5m/15m)     6120 Signale  113 ms lesen  63701 ms rechnen
2026-09-09T11:23:31.436Z  CBRE/2019       roh          94725 reg. Kerzen      252/0/0 von 252  Tagen gewertet (1m/5m/15m)     5891 Signale  111 ms lesen  62900 ms rechnen
2026-09-09T11:24:41.239Z  CBRE/2020       roh          95531 reg. Kerzen      253/0/0 von 253  Tagen gewertet (1m/5m/15m)     7031 Signale  124 ms lesen  69465 ms rechnen
2026-09-09T11:25:43.609Z  CBRE/2021       roh          92841 reg. Kerzen      245/0/0 von 252  Tagen gewertet (1m/5m/15m)     6251 Signale  110 ms lesen  62037 ms rechnen
2026-09-09T11:26:50.817Z  CBRE/2022       roh          95162 reg. Kerzen      249/0/0 von 251  Tagen gewertet (1m/5m/15m)     6672 Signale  800 ms lesen  66224 ms rechnen
2026-09-09T11:27:53.805Z  CBRE/2023       roh          93844 reg. Kerzen      249/0/0 von 250  Tagen gewertet (1m/5m/15m)     6255 Signale  164 ms lesen  62628 ms rechnen
2026-09-09T11:28:55.849Z  CBRE/2024       roh          92462 reg. Kerzen      250/0/0 von 252  Tagen gewertet (1m/5m/15m)     5987 Signale  109 ms lesen  61735 ms rechnen
2026-09-09T11:29:58.108Z  CBRE/2025       roh          91754 reg. Kerzen      246/0/0 von 250  Tagen gewertet (1m/5m/15m)     6124 Signale  1447 ms lesen  60584 ms rechnen
2026-09-09T11:30:40.744Z  CBRE/2026       roh          61959 reg. Kerzen      165/0/0 von 166  Tagen gewertet (1m/5m/15m)     4489 Signale  82 ms lesen  42346 ms rechnen
2026-09-09T11:30:41.063Z  CBYL/2016       bereinigt    28193 reg. Kerzen        0/0/0 von 225  Tagen gewertet (1m/5m/15m)        0 Signale  65 ms lesen  114 ms rechnen
2026-09-09T11:30:41.239Z  CCCR/2016       roh           7881 reg. Kerzen        0/0/0 von 252  Tagen gewertet (1m/5m/15m)        0 Signale  30 ms lesen  55 ms rechnen
2026-09-09T11:30:41.406Z  CCCR/2017       roh          20606 reg. Kerzen        0/0/0 von 251  Tagen gewertet (1m/5m/15m)        0 Signale  59 ms lesen  86 ms rechnen
2026-09-09T11:30:41.522Z  CCCR/2018       roh           9265 reg. Kerzen        0/0/0 von 133  Tagen gewertet (1m/5m/15m)        0 Signale  24 ms lesen  46 ms rechnen
2026-09-09T11:30:41.566Z  CCIR/2024       roh             83 reg. Kerzen        0/0/0 von 15   Tagen gewertet (1m/5m/15m)        0 Signale  12 ms lesen  0 ms rechnen
2026-09-09T11:30:43.013Z  CCIR/2025       roh          25979 reg. Kerzen        5/0/0 von 153  Tagen gewertet (1m/5m/15m)      102 Signale  36 ms lesen  1410 ms rechnen
2026-09-09T11:30:43.115Z  CCN/2016        roh           4905 reg. Kerzen        0/0/0 von 107  Tagen gewertet (1m/5m/15m)        0 Signale  19 ms lesen  19 ms rechnen
2026-09-09T11:30:43.475Z  CCN/2017        roh          14016 reg. Kerzen        1/0/0 von 127  Tagen gewertet (1m/5m/15m)       18 Signale  25 ms lesen  325 ms rechnen
2026-09-09T11:30:43.745Z  CCS/2016        roh          30272 reg. Kerzen        0/0/0 von 252  Tagen gewertet (1m/5m/15m)        0 Signale  99 ms lesen  129 ms rechnen
2026-09-09T11:30:44.073Z  CCS/2017        roh          42107 reg. Kerzen        0/0/0 von 251  Tagen gewertet (1m/5m/15m)        0 Signale  63 ms lesen  202 ms rechnen
2026-09-09T11:30:54.497Z  CCS/2018        roh          59788 reg. Kerzen       44/0/0 von 251  Tagen gewertet (1m/5m/15m)     1299 Signale  154 ms lesen  10172 ms rechnen
2026-09-09T11:31:06.197Z  CCS/2019        roh          69868 reg. Kerzen       48/0/0 von 252  Tagen gewertet (1m/5m/15m)     1398 Signale  105 ms lesen  11471 ms rechnen
2026-09-09T11:31:23.692Z  CCS/2020        roh          70641 reg. Kerzen       68/0/0 von 253  Tagen gewertet (1m/5m/15m)     2074 Signale  76 ms lesen  17250 ms rechnen
2026-09-09T11:31:40.165Z  CCS/2021        roh          69274 reg. Kerzen       66/0/0 von 252  Tagen gewertet (1m/5m/15m)     2014 Signale  109 ms lesen  16211 ms rechnen
2026-09-09T11:31:45.552Z  CCS/2022        roh          59197 reg. Kerzen       20/0/0 von 251  Tagen gewertet (1m/5m/15m)      608 Signale  91 ms lesen  5142 ms rechnen
2026-09-09T11:31:47.305Z  CCS/2023        roh          49543 reg. Kerzen        6/0/0 von 250  Tagen gewertet (1m/5m/15m)      166 Signale  74 ms lesen  1547 ms rechnen
2026-09-09T11:31:49.135Z  CCS/2024        roh          49934 reg. Kerzen        7/0/0 von 252  Tagen gewertet (1m/5m/15m)      195 Signale  62 ms lesen  1655 ms rechnen
2026-09-09T11:31:51.624Z  CCS/2025        roh          53392 reg. Kerzen        9/0/0 von 250  Tagen gewertet (1m/5m/15m)      249 Signale  68 ms lesen  2315 ms rechnen
2026-09-09T11:31:52.050Z  CCS/2026        roh          28000 reg. Kerzen        1/0/0 von 166  Tagen gewertet (1m/5m/15m)       25 Signale  37 ms lesen  282 ms rechnen
2026-09-09T11:32:00.588Z  CCXX/2020       roh          24636 reg. Kerzen       34/0/0 von 125  Tagen gewertet (1m/5m/15m)      968 Signale  99 ms lesen  8372 ms rechnen
2026-09-09T11:32:00.981Z  CDMO/2018       roh          54851 reg. Kerzen        0/0/0 von 247  Tagen gewertet (1m/5m/15m)        0 Signale  87 ms lesen  249 ms rechnen
2026-09-09T11:32:01.366Z  CDMO/2019       roh          47474 reg. Kerzen        0/0/0 von 252  Tagen gewertet (1m/5m/15m)        0 Signale  61 ms lesen  211 ms rechnen
2026-09-09T11:32:02.242Z  CDMO/2020       roh          60123 reg. Kerzen        2/0/0 von 253  Tagen gewertet (1m/5m/15m)       63 Signale  92 ms lesen  686 ms rechnen
2026-09-09T11:32:17.807Z  CDMO/2021       roh          70277 reg. Kerzen       60/0/0 von 252  Tagen gewertet (1m/5m/15m)     1849 Signale  97 ms lesen  15337 ms rechnen
2026-09-09T11:32:36.959Z  CDMO/2022       roh          73127 reg. Kerzen       77/0/0 von 251  Tagen gewertet (1m/5m/15m)     2346 Signale  88 ms lesen  18911 ms rechnen
2026-09-09T11:32:44.237Z  CDMO/2023       roh          69700 reg. Kerzen       26/0/0 von 250  Tagen gewertet (1m/5m/15m)      808 Signale  83 ms lesen  7043 ms rechnen
2026-09-09T11:33:00.881Z  CDMO/2024       roh          75675 reg. Kerzen       63/0/0 von 252  Tagen gewertet (1m/5m/15m)     1625 Signale  97 ms lesen  16409 ms rechnen
2026-09-09T11:33:03.786Z  CDMO/2025       roh           6731 reg. Kerzen       11/0/0 von 22   Tagen gewertet (1m/5m/15m)      154 Signale  17 ms lesen  2728 ms rechnen
2026-09-09T11:33:03.983Z  CDTX/2016       bereinigt    20377 reg. Kerzen        0/0/0 von 252  Tagen gewertet (1m/5m/15m)        0 Signale  62 ms lesen  84 ms rechnen
2026-09-09T11:33:04.188Z  CDTX/2017       bereinigt    25842 reg. Kerzen        0/0/0 von 251  Tagen gewertet (1m/5m/15m)        0 Signale  34 ms lesen  125 ms rechnen
2026-09-09T11:33:04.372Z  CDTX/2018       bereinigt    25037 reg. Kerzen        0/0/0 von 251  Tagen gewertet (1m/5m/15m)        0 Signale  30 ms lesen  101 ms rechnen
2026-09-09T11:33:04.573Z  CDTX/2019       bereinigt    25566 reg. Kerzen        0/0/0 von 252  Tagen gewertet (1m/5m/15m)        0 Signale  36 ms lesen  102 ms rechnen
2026-09-09T11:33:04.868Z  CDTX/2020       bereinigt    43629 reg. Kerzen        0/0/0 von 253  Tagen gewertet (1m/5m/15m)        0 Signale  54 ms lesen  190 ms rechnen
2026-09-09T11:33:05.303Z  CDTX/2021       bereinigt    53790 reg. Kerzen        0/0/0 von 252  Tagen gewertet (1m/5m/15m)        0 Signale  93 ms lesen  260 ms rechnen
2026-09-09T11:33:05.608Z  CDTX/2022       bereinigt    32723 reg. Kerzen        0/0/0 von 251  Tagen gewertet (1m/5m/15m)        0 Signale  49 ms lesen  155 ms rechnen
2026-09-09T11:33:10.670Z  CDTX/2023       bereinigt    57160 reg. Kerzen       15/0/0 von 249  Tagen gewertet (1m/5m/15m)      501 Signale  112 ms lesen  4881 ms rechnen
2026-09-09T11:33:10.933Z  CDTX/2024       bereinigt    22134 reg. Kerzen        0/0/0 von 252  Tagen gewertet (1m/5m/15m)        0 Signale  29 ms lesen  115 ms rechnen
2026-09-09T11:33:24.248Z  CDTX/2025       roh          51093 reg. Kerzen       52/0/0 von 250  Tagen gewertet (1m/5m/15m)     1370 Signale  80 ms lesen  13181 ms rechnen
2026-09-09T11:33:24.891Z  CDTX/2026       roh            976 reg. Kerzen        2/0/0 von 3    Tagen gewertet (1m/5m/15m)       28 Signale  29 ms lesen  502 ms rechnen
2026-09-09T11:34:22.610Z  CEG/2022        roh          88124 reg. Kerzen      210/0/0 von 230  Tagen gewertet (1m/5m/15m)     6089 Signale  98 ms lesen  57593 ms rechnen
2026-09-09T11:35:25.546Z  CEG/2023        roh          94061 reg. Kerzen      247/0/0 von 250  Tagen gewertet (1m/5m/15m)     6228 Signale  131 ms lesen  62595 ms rechnen
2026-09-09T11:36:35.123Z  CEG/2024        roh          96201 reg. Kerzen      252/0/0 von 252  Tagen gewertet (1m/5m/15m)     7019 Signale  123 ms lesen  69264 ms rechnen
2026-09-09T11:37:46.535Z  CEG/2025        roh          95745 reg. Kerzen      250/0/0 von 250  Tagen gewertet (1m/5m/15m)     7357 Signale  118 ms lesen  71093 ms rechnen
2026-09-09T11:38:34.865Z  CEG/2026        roh          64720 reg. Kerzen      166/0/0 von 166  Tagen gewertet (1m/5m/15m)     4765 Signale  96 ms lesen  48039 ms rechnen
2026-09-09T11:38:35.134Z  CEMI/2016       roh          12906 reg. Kerzen        0/0/0 von 252  Tagen gewertet (1m/5m/15m)        0 Signale  52 ms lesen  63 ms rechnen
2026-09-09T11:38:35.225Z  CEMI/2017       roh           5987 reg. Kerzen        0/0/0 von 250  Tagen gewertet (1m/5m/15m)        0 Signale  41 ms lesen  25 ms rechnen
2026-09-09T11:38:35.342Z  CEMI/2018       roh          11123 reg. Kerzen        0/0/0 von 251  Tagen gewertet (1m/5m/15m)        0 Signale  46 ms lesen  59 ms rechnen
2026-09-09T11:38:35.494Z  CEMI/2019       roh          14162 reg. Kerzen        0/0/0 von 252  Tagen gewertet (1m/5m/15m)        0 Signale  44 ms lesen  76 ms rechnen
2026-09-09T11:39:20.422Z  CEMI/2020       roh          75419 reg. Kerzen      154/0/0 von 253  Tagen gewertet (1m/5m/15m)     5054 Signale  190 ms lesen  44710 ms rechnen
2026-09-09T11:39:30.672Z  CEMI/2021       roh          73075 reg. Kerzen       36/0/0 von 252  Tagen gewertet (1m/5m/15m)     1217 Signale  110 ms lesen  9980 ms rechnen
2026-09-09T11:39:31.074Z  CEMI/2022       roh          36961 reg. Kerzen        0/0/0 von 251  Tagen gewertet (1m/5m/15m)        0 Signale  63 ms lesen  179 ms rechnen
2026-09-09T11:39:31.221Z  CEMI/2023       roh           8852 reg. Kerzen        0/0/0 von 80   Tagen gewertet (1m/5m/15m)        0 Signale  26 ms lesen  39 ms rechnen
2026-09-09T11:39:31.376Z  CEPT/2025       roh          20896 reg. Kerzen        0/0/0 von 168  Tagen gewertet (1m/5m/15m)        0 Signale  35 ms lesen  92 ms rechnen
2026-09-09T11:39:33.325Z  CEPT/2026       roh          24449 reg. Kerzen        7/0/0 von 124  Tagen gewertet (1m/5m/15m)      194 Signale  38 ms lesen  1864 ms rechnen
2026-09-09T11:39:33.424Z  CETC/2016       bereinigt     5625 reg. Kerzen        0/0/0 von 252  Tagen gewertet (1m/5m/15m)        0 Signale  25 ms lesen  26 ms rechnen
2026-09-09T11:39:33.480Z  CETC/2017       roh           1528 reg. Kerzen        0/0/0 von 67   Tagen gewertet (1m/5m/15m)        0 Signale  29 ms lesen  7 ms rechnen
2026-09-09T11:39:33.497Z  CFCO/2016       roh            313 reg. Kerzen        0/0/0 von 69   Tagen gewertet (1m/5m/15m)        0 Signale  11 ms lesen  2 ms rechnen
2026-09-09T11:39:33.612Z  CFCO/2017       roh          15179 reg. Kerzen        0/0/0 von 220  Tagen gewertet (1m/5m/15m)        0 Signale  38 ms lesen  76 ms rechnen
2026-09-09T11:40:01.758Z  CFLT/2021       roh          46143 reg. Kerzen      102/0/0 von 133  Tagen gewertet (1m/5m/15m)     3371 Signale  87 ms lesen  27995 ms rechnen
2026-09-09T11:41:19.756Z  CFLT/2022       roh          97085 reg. Kerzen      251/0/0 von 251  Tagen gewertet (1m/5m/15m)     8207 Signale  106 ms lesen  77780 ms rechnen
2026-09-09T11:42:33.888Z  CFLT/2023       roh          96890 reg. Kerzen      250/0/0 von 250  Tagen gewertet (1m/5m/15m)     7773 Signale  115 ms lesen  73804 ms rechnen
2026-09-09T11:43:45.815Z  CFLT/2024       roh          97370 reg. Kerzen      252/0/0 von 252  Tagen gewertet (1m/5m/15m)     7343 Signale  130 ms lesen  71608 ms rechnen
2026-09-09T11:44:58.044Z  CFLT/2025       roh          96805 reg. Kerzen      250/0/0 von 250  Tagen gewertet (1m/5m/15m)     7330 Signale  123 ms lesen  71907 ms rechnen
2026-09-09T11:45:12.920Z  CFLT/2026       roh          19393 reg. Kerzen       50/0/0 von 50   Tagen gewertet (1m/5m/15m)      806 Signale  63 ms lesen  14605 ms rechnen
2026-09-09T11:45:16.115Z  CFVI/2021       roh           8750 reg. Kerzen       11/0/0 von 129  Tagen gewertet (1m/5m/15m)      355 Signale  33 ms lesen  3111 ms rechnen
2026-09-09T11:45:32.752Z  CFVI/2022       roh          49385 reg. Kerzen       59/0/0 von 178  Tagen gewertet (1m/5m/15m)     2005 Signale  86 ms lesen  16533 ms rechnen
2026-09-09T11:45:32.930Z  CGCT/2025       roh           1018 reg. Kerzen        0/0/0 von 94   Tagen gewertet (1m/5m/15m)        0 Signale  25 ms lesen  4 ms rechnen
2026-09-09T11:45:32.970Z  CGCT/2026       roh           3907 reg. Kerzen        0/0/0 von 107  Tagen gewertet (1m/5m/15m)        0 Signale  20 ms lesen  17 ms rechnen
2026-09-09T11:45:33.064Z  CHAA/2021       roh           3633 reg. Kerzen        0/0/0 von 146  Tagen gewertet (1m/5m/15m)        0 Signale  45 ms lesen  24 ms rechnen
2026-09-09T11:45:34.864Z  CHECKPOINT 1000 Dateien, 228 min, Detektorfehler {}
2026-09-09T11:45:34.897Z  CHAA/2022       roh           2128 reg. Kerzen        0/0/0 von 206  Tagen gewertet (1m/5m/15m)        0 Signale  22 ms lesen  11 ms rechnen
2026-09-09T11:45:34.915Z  CHAA/2023       roh            594 reg. Kerzen        0/0/0 von 128  Tagen gewertet (1m/5m/15m)        0 Signale  5 ms lesen  4 ms rechnen
2026-09-09T11:45:34.946Z  CHAA/2024       roh           1599 reg. Kerzen        0/0/0 von 107  Tagen gewertet (1m/5m/15m)        0 Signale  21 ms lesen  8 ms rechnen
2026-09-09T11:45:35.238Z  CHE/2016        roh          36574 reg. Kerzen        0/0/0 von 252  Tagen gewertet (1m/5m/15m)        0 Signale  82 ms lesen  184 ms rechnen
2026-09-09T11:45:35.573Z  CHE/2017        roh          30059 reg. Kerzen        0/0/0 von 251  Tagen gewertet (1m/5m/15m)        0 Signale  82 ms lesen  165 ms rechnen
2026-09-09T11:45:35.854Z  CHE/2018        roh          35389 reg. Kerzen        0/0/0 von 251  Tagen gewertet (1m/5m/15m)        0 Signale  64 ms lesen  148 ms rechnen
2026-09-09T11:45:36.148Z  CHE/2019        roh          34183 reg. Kerzen        0/0/0 von 252  Tagen gewertet (1m/5m/15m)        0 Signale  50 ms lesen  152 ms rechnen
2026-09-09T11:45:36.414Z  CHE/2020        roh          28860 reg. Kerzen        0/0/0 von 253  Tagen gewertet (1m/5m/15m)        0 Signale  80 ms lesen  119 ms rechnen
2026-09-09T11:45:36.641Z  CHE/2021        roh          26501 reg. Kerzen        0/0/0 von 252  Tagen gewertet (1m/5m/15m)        0 Signale  50 ms lesen  108 ms rechnen
2026-09-09T11:45:36.820Z  CHE/2022        roh          19427 reg. Kerzen        0/0/0 von 251  Tagen gewertet (1m/5m/15m)        0 Signale  43 ms lesen  85 ms rechnen
2026-09-09T11:45:36.969Z  CHE/2023        roh          18395 reg. Kerzen        0/0/0 von 250  Tagen gewertet (1m/5m/15m)        0 Signale  32 ms lesen  79 ms rechnen
2026-09-09T11:45:37.110Z  CHE/2024        roh          17702 reg. Kerzen        0/0/0 von 252  Tagen gewertet (1m/5m/15m)        0 Signale  30 ms lesen  71 ms rechnen
2026-09-09T11:45:37.474Z  CHE/2025        roh          29538 reg. Kerzen        1/0/0 von 250  Tagen gewertet (1m/5m/15m)       24 Signale  36 ms lesen  292 ms rechnen
2026-09-09T11:45:38.224Z  CHE/2026        roh          36935 reg. Kerzen        2/0/0 von 166  Tagen gewertet (1m/5m/15m)       54 Signale  54 ms lesen  619 ms rechnen
2026-09-09T11:45:38.346Z  CHFW/2021       roh           3250 reg. Kerzen        0/0/0 von 144  Tagen gewertet (1m/5m/15m)        0 Signale  18 ms lesen  16 ms rechnen
2026-09-09T11:46:26.348Z  CHL/2016        roh          87929 reg. Kerzen      217/0/0 von 252  Tagen gewertet (1m/5m/15m)     4537 Signale  116 ms lesen  47861 ms rechnen
2026-09-09T11:47:05.711Z  CHL/2017        roh          82328 reg. Kerzen      184/0/0 von 251  Tagen gewertet (1m/5m/15m)     3578 Signale  96 ms lesen  39073 ms rechnen
2026-09-09T11:47:58.733Z  CHL/2018        roh          88188 reg. Kerzen      236/0/0 von 251  Tagen gewertet (1m/5m/15m)     4936 Signale  131 ms lesen  52735 ms rechnen
2026-09-09T11:48:48.929Z  CHL/2019        roh          87150 reg. Kerzen      227/0/0 von 252  Tagen gewertet (1m/5m/15m)     4614 Signale  120 ms lesen  49896 ms rechnen
2026-09-09T11:49:51.237Z  CHL/2020        roh          93856 reg. Kerzen      252/0/0 von 253  Tagen gewertet (1m/5m/15m)     5632 Signale  135 ms lesen  61999 ms rechnen
2026-09-09T11:49:52.873Z  CHL/2021        roh           1950 reg. Kerzen        5/0/0 von 5    Tagen gewertet (1m/5m/15m)      155 Signale  22 ms lesen  1396 ms rechnen
2026-09-09T11:49:52.942Z  CHRD/2020       roh           4344 reg. Kerzen        0/0/0 von 28   Tagen gewertet (1m/5m/15m)        0 Signale  21 ms lesen  16 ms rechnen
2026-09-09T11:49:54.414Z  CHRD/2021       roh          52847 reg. Kerzen        6/0/0 von 252  Tagen gewertet (1m/5m/15m)      147 Signale  84 ms lesen  1379 ms rechnen
2026-09-09T11:50:05.397Z  CHRD/2022       roh          66189 reg. Kerzen       45/0/0 von 251  Tagen gewertet (1m/5m/15m)     1359 Signale  110 ms lesen  10766 ms rechnen
2026-09-09T11:50:22.273Z  CHRD/2023       roh          71490 reg. Kerzen       73/0/0 von 250  Tagen gewertet (1m/5m/15m)     2035 Signale  117 ms lesen  16612 ms rechnen
2026-09-09T11:51:04.064Z  CHRD/2024       roh          82486 reg. Kerzen      185/0/0 von 252  Tagen gewertet (1m/5m/15m)     4602 Signale  113 ms lesen  41538 ms rechnen
2026-09-09T11:51:42.110Z  CHRD/2025       roh          80114 reg. Kerzen      161/0/0 von 250  Tagen gewertet (1m/5m/15m)     4313 Signale  99 ms lesen  37778 ms rechnen
2026-09-09T11:52:03.100Z  CHRD/2026       roh          51603 reg. Kerzen       88/0/0 von 166  Tagen gewertet (1m/5m/15m)     2439 Signale  79 ms lesen  20752 ms rechnen
2026-09-09T11:52:03.957Z  CHUBK/2016      roh          22646 reg. Kerzen        3/0/0 von 112  Tagen gewertet (1m/5m/15m)      100 Signale  28 ms lesen  698 ms rechnen
2026-09-09T11:52:04.246Z  CHUBK/2017      roh          38302 reg. Kerzen        0/0/0 von 251  Tagen gewertet (1m/5m/15m)        0 Signale  67 ms lesen  170 ms rechnen
2026-09-09T11:52:07.724Z  CHUBK/2018      roh          22370 reg. Kerzen       13/0/0 von 96   Tagen gewertet (1m/5m/15m)      167 Signale  31 ms lesen  3365 ms rechnen
2026-09-09T11:52:07.826Z  CIC/2017        roh            177 reg. Kerzen        0/0/0 von 29   Tagen gewertet (1m/5m/15m)        0 Signale  27 ms lesen  1 ms rechnen
2026-09-09T11:52:07.861Z  CIC/2018        roh            544 reg. Kerzen        0/0/0 von 126  Tagen gewertet (1m/5m/15m)        0 Signale  30 ms lesen  4 ms rechnen
2026-09-09T11:52:07.894Z  CIC/2019        roh           3254 reg. Kerzen        0/0/0 von 131  Tagen gewertet (1m/5m/15m)        0 Signale  19 ms lesen  13 ms rechnen
2026-09-09T11:52:14.668Z  CIIC/2020       roh          12133 reg. Kerzen       21/0/0 von 177  Tagen gewertet (1m/5m/15m)      667 Signale  41 ms lesen  6719 ms rechnen
2026-09-09T11:52:31.162Z  CIIC/2021       roh          20259 reg. Kerzen       56/0/0 von 56   Tagen gewertet (1m/5m/15m)     1850 Signale  52 ms lesen  16413 ms rechnen
2026-09-09T11:52:31.392Z  CISN/2017       roh          20148 reg. Kerzen        0/0/0 von 127  Tagen gewertet (1m/5m/15m)        0 Signale  86 ms lesen  87 ms rechnen
2026-09-09T11:52:38.988Z  CISN/2018       roh          63542 reg. Kerzen       33/0/0 von 251  Tagen gewertet (1m/5m/15m)      895 Signale  95 ms lesen  7455 ms rechnen
2026-09-09T11:52:53.486Z  CISN/2019       roh          73770 reg. Kerzen       56/0/0 von 252  Tagen gewertet (1m/5m/15m)     1149 Signale  99 ms lesen  14258 ms rechnen
2026-09-09T11:52:55.539Z  CISN/2020       roh           5559 reg. Kerzen        7/0/0 von 20   Tagen gewertet (1m/5m/15m)       73 Signale  17 ms lesen  1883 ms rechnen
2026-09-09T11:53:23.048Z  CJ/2017         roh          64460 reg. Kerzen      114/0/0 von 209  Tagen gewertet (1m/5m/15m)     3314 Signale  95 ms lesen  27390 ms rechnen
2026-09-09T11:54:21.092Z  CJ/2018         roh          88080 reg. Kerzen      228/0/0 von 251  Tagen gewertet (1m/5m/15m)     7008 Signale  112 ms lesen  57785 ms rechnen
2026-09-09T11:55:05.764Z  CJ/2019         roh          72079 reg. Kerzen      173/0/0 von 210  Tagen gewertet (1m/5m/15m)     5202 Signale  112 ms lesen  44371 ms rechnen
2026-09-09T11:56:05.734Z  CL/2016         roh          97936 reg. Kerzen      232/0/0 von 252  Tagen gewertet (1m/5m/15m)     5001 Signale  125 ms lesen  59658 ms rechnen
2026-09-09T11:57:10.571Z  CL/2017         roh          97253 reg. Kerzen      251/0/0 von 251  Tagen gewertet (1m/5m/15m)     5304 Signale  114 ms lesen  64521 ms rechnen
2026-09-09T11:58:15.554Z  CL/2018         roh          97271 reg. Kerzen      251/0/0 von 251  Tagen gewertet (1m/5m/15m)     5700 Signale  121 ms lesen  64658 ms rechnen
2026-09-09T11:59:21.319Z  CL/2019         roh          97637 reg. Kerzen      252/0/0 von 252  Tagen gewertet (1m/5m/15m)     5538 Signale  102 ms lesen  65450 ms rechnen
2026-09-09T12:00:28.830Z  CL/2020         roh          98204 reg. Kerzen      253/0/0 von 253  Tagen gewertet (1m/5m/15m)     6048 Signale  123 ms lesen  67174 ms rechnen
2026-09-09T12:01:34.565Z  CL/2021         roh          97248 reg. Kerzen      250/0/0 von 252  Tagen gewertet (1m/5m/15m)     5389 Signale  123 ms lesen  65391 ms rechnen
2026-09-09T12:02:40.000Z  CL/2022         roh          96972 reg. Kerzen      249/0/0 von 251  Tagen gewertet (1m/5m/15m)     5728 Signale  130 ms lesen  65082 ms rechnen
2026-09-09T12:03:46.784Z  CL/2023         roh          97103 reg. Kerzen      250/0/0 von 250  Tagen gewertet (1m/5m/15m)     5542 Signale  123 ms lesen  66464 ms rechnen
2026-09-09T12:04:52.315Z  CL/2024         roh          97623 reg. Kerzen      252/0/0 von 252  Tagen gewertet (1m/5m/15m)     5396 Signale  108 ms lesen  65234 ms rechnen
2026-09-09T12:05:58.792Z  CL/2025         roh          96917 reg. Kerzen      250/0/0 von 250  Tagen gewertet (1m/5m/15m)     5659 Signale  106 ms lesen  66148 ms rechnen
2026-09-09T12:06:43.248Z  CL/2026         roh          64673 reg. Kerzen      166/0/0 von 166  Tagen gewertet (1m/5m/15m)     3986 Signale  75 ms lesen  44170 ms rechnen
2026-09-09T12:06:43.427Z  CLBH/2016       roh           3137 reg. Kerzen        0/0/0 von 225  Tagen gewertet (1m/5m/15m)        0 Signale  18 ms lesen  14 ms rechnen
2026-09-09T12:06:43.451Z  CLBH/2017       roh            439 reg. Kerzen        0/0/0 von 42   Tagen gewertet (1m/5m/15m)        0 Signale  15 ms lesen  3 ms rechnen
2026-09-09T12:06:43.467Z  CLDB/2019       roh            453 reg. Kerzen        0/0/0 von 138  Tagen gewertet (1m/5m/15m)        0 Signale  6 ms lesen  3 ms rechnen
2026-09-09T12:06:43.502Z  CLDB/2020       roh           1547 reg. Kerzen        0/0/0 von 204  Tagen gewertet (1m/5m/15m)        0 Signale  26 ms lesen  8 ms rechnen
2026-09-09T12:06:43.540Z  CLDB/2021       roh           1651 reg. Kerzen        0/0/0 von 174  Tagen gewertet (1m/5m/15m)        0 Signale  27 ms lesen  8 ms rechnen
2026-09-09T12:06:43.572Z  CLII/2020       roh           1538 reg. Kerzen        0/0/0 von 28   Tagen gewertet (1m/5m/15m)        0 Signale  21 ms lesen  6 ms rechnen
2026-09-09T12:07:01.841Z  CLII/2021       roh          38227 reg. Kerzen       64/0/0 von 125  Tagen gewertet (1m/5m/15m)     2062 Signale  64 ms lesen  18202 ms rechnen
2026-09-09T12:07:01.955Z  CLOE/2021       roh            388 reg. Kerzen        0/0/0 von 69   Tagen gewertet (1m/5m/15m)        0 Signale  30 ms lesen  2 ms rechnen
2026-09-09T12:07:01.979Z  CLOE/2022       roh            452 reg. Kerzen        0/0/0 von 121  Tagen gewertet (1m/5m/15m)        0 Signale  20 ms lesen  3 ms rechnen
2026-09-09T12:07:02.020Z  CLOE/2023       roh            519 reg. Kerzen        0/0/0 von 95   Tagen gewertet (1m/5m/15m)        0 Signale  35 ms lesen  3 ms rechnen
2026-09-09T12:07:02.106Z  CLOE/2024       roh            386 reg. Kerzen        0/0/0 von 98   Tagen gewertet (1m/5m/15m)        0 Signale  83 ms lesen  2 ms rechnen
2026-09-09T12:07:02.107Z  AUSGELASSEN CLOE/2025: Datei fehlt
2026-09-09T12:07:02.247Z  CLVR/2020       bereinigt     2702 reg. Kerzen        0/0/0 von 9    Tagen gewertet (1m/5m/15m)        0 Signale  62 ms lesen  13 ms rechnen
2026-09-09T12:07:11.670Z  CLVR/2021       bereinigt    49199 reg. Kerzen       33/0/0 von 252  Tagen gewertet (1m/5m/15m)     1100 Signale  142 ms lesen  9275 ms rechnen
2026-09-09T12:07:12.828Z  CLVR/2022       bereinigt    45262 reg. Kerzen        3/0/0 von 251  Tagen gewertet (1m/5m/15m)       97 Signale  94 ms lesen  962 ms rechnen
2026-09-09T12:07:13.040Z  CLVR/2023       bereinigt    15972 reg. Kerzen        0/0/0 von 250  Tagen gewertet (1m/5m/15m)        0 Signale  23 ms lesen  80 ms rechnen
2026-09-09T12:07:13.117Z  CLVR/2024       roh           3357 reg. Kerzen        0/0/0 von 95   Tagen gewertet (1m/5m/15m)        0 Signale  24 ms lesen  21 ms rechnen
2026-09-09T12:07:13.124Z  AUSGELASSEN CLVR/2025: Datei fehlt
2026-09-09T12:07:13.198Z  CMAX/2020       bereinigt     1849 reg. Kerzen        0/0/0 von 60   Tagen gewertet (1m/5m/15m)        0 Signale  42 ms lesen  7 ms rechnen
2026-09-09T12:07:13.983Z  CMAX/2021       bereinigt    37598 reg. Kerzen        2/0/0 von 252  Tagen gewertet (1m/5m/15m)       69 Signale  94 ms lesen  687 ms rechnen
2026-09-09T12:07:14.425Z  CMAX/2022       bereinigt    53129 reg. Kerzen        0/0/0 von 251  Tagen gewertet (1m/5m/15m)        0 Signale  69 ms lesen  289 ms rechnen
2026-09-09T12:07:14.875Z  CMAX/2023       bereinigt    50745 reg. Kerzen        0/0/0 von 250  Tagen gewertet (1m/5m/15m)        0 Signale  84 ms lesen  242 ms rechnen
2026-09-09T12:07:15.109Z  CMAX/2024       bereinigt    21139 reg. Kerzen        0/0/0 von 230  Tagen gewertet (1m/5m/15m)        0 Signale  24 ms lesen  112 ms rechnen
2026-09-09T12:08:14.405Z  CME/2016        roh          95654 reg. Kerzen      232/0/0 von 252  Tagen gewertet (1m/5m/15m)     5199 Signale  128 ms lesen  59067 ms rechnen
2026-09-09T12:09:15.089Z  CME/2017        roh          93242 reg. Kerzen      251/0/0 von 251  Tagen gewertet (1m/5m/15m)     5543 Signale  119 ms lesen  60353 ms rechnen
2026-09-09T12:10:17.566Z  CME/2018        roh          93887 reg. Kerzen      249/0/0 von 251  Tagen gewertet (1m/5m/15m)     5961 Signale  164 ms lesen  62099 ms rechnen
2026-09-09T12:11:21.087Z  CME/2019        roh          95201 reg. Kerzen      252/0/0 von 252  Tagen gewertet (1m/5m/15m)     5742 Signale  134 ms lesen  63169 ms rechnen
2026-09-09T12:12:29.105Z  CME/2020        roh          96994 reg. Kerzen      253/0/0 von 253  Tagen gewertet (1m/5m/15m)     6527 Signale  172 ms lesen  67653 ms rechnen
2026-09-09T12:13:29.488Z  CME/2021        roh          92782 reg. Kerzen      245/0/0 von 252  Tagen gewertet (1m/5m/15m)     5721 Signale  116 ms lesen  60069 ms rechnen
2026-09-09T12:14:33.341Z  CME/2022        roh          94462 reg. Kerzen      251/0/0 von 251  Tagen gewertet (1m/5m/15m)     6272 Signale  145 ms lesen  63509 ms rechnen
2026-09-09T12:15:34.024Z  CME/2023        roh          92210 reg. Kerzen      248/0/0 von 250  Tagen gewertet (1m/5m/15m)     5600 Signale  114 ms lesen  60372 ms rechnen
2026-09-09T12:16:36.135Z  CME/2024        roh          93107 reg. Kerzen      252/0/0 von 252  Tagen gewertet (1m/5m/15m)     5577 Signale  137 ms lesen  61747 ms rechnen
2026-09-09T12:17:38.815Z  CME/2025        roh          93015 reg. Kerzen      250/0/0 von 250  Tagen gewertet (1m/5m/15m)     5677 Signale  106 ms lesen  62366 ms rechnen
2026-09-09T12:18:23.442Z  CME/2026        roh          64550 reg. Kerzen      166/0/0 von 166  Tagen gewertet (1m/5m/15m)     4131 Signale  75 ms lesen  44357 ms rechnen
2026-09-09T12:18:23.871Z  CMN/2016        roh          47597 reg. Kerzen        0/0/0 von 233  Tagen gewertet (1m/5m/15m)        0 Signale  71 ms lesen  198 ms rechnen
2026-09-09T12:18:46.578Z  CMRX/2016       roh          80025 reg. Kerzen       75/0/0 von 252  Tagen gewertet (1m/5m/15m)     2406 Signale  139 ms lesen  22456 ms rechnen
2026-09-09T12:18:47.114Z  CMRX/2017       roh          56147 reg. Kerzen        0/0/0 von 251  Tagen gewertet (1m/5m/15m)        0 Signale  93 ms lesen  275 ms rechnen
2026-09-09T12:18:47.516Z  CMRX/2018       roh          42458 reg. Kerzen        0/0/0 von 251  Tagen gewertet (1m/5m/15m)        0 Signale  77 ms lesen  192 ms rechnen
2026-09-09T12:18:47.957Z  CMRX/2019       roh          60765 reg. Kerzen        0/0/0 von 252  Tagen gewertet (1m/5m/15m)        0 Signale  77 ms lesen  282 ms rechnen
2026-09-09T12:18:48.515Z  CMRX/2020       roh          60092 reg. Kerzen        0/0/0 von 253  Tagen gewertet (1m/5m/15m)        0 Signale  124 ms lesen  307 ms rechnen
2026-09-09T12:18:59.696Z  CMRX/2021       roh          71816 reg. Kerzen       39/0/0 von 252  Tagen gewertet (1m/5m/15m)     1221 Signale  181 ms lesen  10877 ms rechnen
2026-09-09T12:19:16.821Z  CMRX/2022       roh          84567 reg. Kerzen       48/0/0 von 251  Tagen gewertet (1m/5m/15m)     1624 Signale  2025 ms lesen  14924 ms rechnen
2026-09-09T12:19:17.477Z  CMRX/2023       roh          66872 reg. Kerzen        0/0/0 von 250  Tagen gewertet (1m/5m/15m)        0 Signale  113 ms lesen  357 ms rechnen
2026-09-09T12:19:17.841Z  CMRX/2024       roh          34751 reg. Kerzen        0/0/0 von 252  Tagen gewertet (1m/5m/15m)        0 Signale  57 ms lesen  171 ms rechnen
2026-09-09T12:19:33.396Z  CMRX/2025       roh          25361 reg. Kerzen       56/0/0 von 73   Tagen gewertet (1m/5m/15m)     1218 Signale  33 ms lesen  15449 ms rechnen
2026-09-09T12:20:34.942Z  CNC/2016        bereinigt    96010 reg. Kerzen      232/0/0 von 252  Tagen gewertet (1m/5m/15m)     5985 Signale  139 ms lesen  61300 ms rechnen
2026-09-09T12:21:37.242Z  CNC/2017        bereinigt    93170 reg. Kerzen      250/0/0 von 251  Tagen gewertet (1m/5m/15m)     6180 Signale  123 ms lesen  61943 ms rechnen
2026-09-09T12:22:40.367Z  CNC/2018        bereinigt    93424 reg. Kerzen      251/0/0 von 251  Tagen gewertet (1m/5m/15m)     6313 Signale  121 ms lesen  62800 ms rechnen
2026-09-09T12:23:48.855Z  CNC/2019        bereinigt    97356 reg. Kerzen      252/0/0 von 252  Tagen gewertet (1m/5m/15m)     6693 Signale  110 ms lesen  68169 ms rechnen
2026-09-09T12:25:00.518Z  CNC/2020        roh          97991 reg. Kerzen      253/0/0 von 253  Tagen gewertet (1m/5m/15m)     7083 Signale  113 ms lesen  71323 ms rechnen
2026-09-09T12:26:07.506Z  CNC/2021        roh          96807 reg. Kerzen      250/0/0 von 252  Tagen gewertet (1m/5m/15m)     6349 Signale  130 ms lesen  66650 ms rechnen
2026-09-09T12:27:14.979Z  CNC/2022        roh          96331 reg. Kerzen      249/0/0 von 251  Tagen gewertet (1m/5m/15m)     6521 Signale  229 ms lesen  67051 ms rechnen
2026-09-09T12:28:20.119Z  CNC/2023        roh          96597 reg. Kerzen      250/0/0 von 250  Tagen gewertet (1m/5m/15m)     6151 Signale  105 ms lesen  64806 ms rechnen
2026-09-09T12:29:26.485Z  CNC/2024        roh          97232 reg. Kerzen      252/0/0 von 252  Tagen gewertet (1m/5m/15m)     6197 Signale  111 ms lesen  66034 ms rechnen
2026-09-09T12:30:35.492Z  CNC/2025        roh          96788 reg. Kerzen      250/0/0 von 250  Tagen gewertet (1m/5m/15m)     6785 Signale  124 ms lesen  68688 ms rechnen
2026-09-09T12:31:21.801Z  CNC/2026        roh          64533 reg. Kerzen      166/0/0 von 166  Tagen gewertet (1m/5m/15m)     4693 Signale  77 ms lesen  46037 ms rechnen
2026-09-09T12:31:21.984Z  CNFRZ/2023      roh             48 reg. Kerzen        0/0/0 von 24   Tagen gewertet (1m/5m/15m)        0 Signale  27 ms lesen  0 ms rechnen
2026-09-09T12:31:22.000Z  CNFRZ/2024      roh            395 reg. Kerzen        0/0/0 von 109  Tagen gewertet (1m/5m/15m)        0 Signale  11 ms lesen  4 ms rechnen
2026-09-09T12:31:22.011Z  CNFRZ/2025      roh            388 reg. Kerzen        0/0/0 von 88   Tagen gewertet (1m/5m/15m)        0 Signale  5 ms lesen  4 ms rechnen
2026-09-09T12:31:23.516Z  CNMD/2016       roh          49646 reg. Kerzen        5/0/0 von 252  Tagen gewertet (1m/5m/15m)      127 Signale  173 ms lesen  1311 ms rechnen
2026-09-09T12:31:24.114Z  CNMD/2017       roh          37699 reg. Kerzen        1/0/0 von 251  Tagen gewertet (1m/5m/15m)       35 Signale  78 ms lesen  405 ms rechnen
2026-09-09T12:31:24.614Z  CNMD/2018       roh          42132 reg. Kerzen        1/0/0 von 251  Tagen gewertet (1m/5m/15m)       24 Signale  59 ms lesen  359 ms rechnen
2026-09-09T12:31:28.646Z  CNMD/2019       roh          53518 reg. Kerzen       16/0/0 von 252  Tagen gewertet (1m/5m/15m)      451 Signale  88 ms lesen  3857 ms rechnen
2026-09-09T12:31:39.158Z  CNMD/2020       roh          61481 reg. Kerzen       40/0/0 von 253  Tagen gewertet (1m/5m/15m)     1263 Signale  102 ms lesen  10288 ms rechnen
2026-09-09T12:31:40.032Z  CNMD/2021       roh          49742 reg. Kerzen        2/0/0 von 252  Tagen gewertet (1m/5m/15m)       54 Signale  105 ms lesen  615 ms rechnen
2026-09-09T12:31:44.876Z  CNMD/2022       roh          56877 reg. Kerzen       18/0/0 von 251  Tagen gewertet (1m/5m/15m)      533 Signale  130 ms lesen  4609 ms rechnen
2026-09-09T12:31:47.738Z  CNMD/2023       roh          55609 reg. Kerzen       10/0/0 von 250  Tagen gewertet (1m/5m/15m)      306 Signale  81 ms lesen  2659 ms rechnen
2026-09-09T12:31:52.990Z  CNMD/2024       roh          59964 reg. Kerzen       22/0/0 von 252  Tagen gewertet (1m/5m/15m)      634 Signale  75 ms lesen  5049 ms rechnen
2026-09-09T12:31:58.589Z  CNMD/2025       roh          59796 reg. Kerzen       21/0/0 von 250  Tagen gewertet (1m/5m/15m)      626 Signale  76 ms lesen  5400 ms rechnen
2026-09-09T12:32:02.305Z  CNMD/2026       roh          40506 reg. Kerzen       14/0/0 von 166  Tagen gewertet (1m/5m/15m)      423 Signale  57 ms lesen  3534 ms rechnen
2026-09-09T12:32:05.409Z  CNSL/2016       roh          59305 reg. Kerzen       11/0/0 von 252  Tagen gewertet (1m/5m/15m)      304 Signale  101 ms lesen  2881 ms rechnen
2026-09-09T12:32:29.566Z  CNSL/2017       roh          74748 reg. Kerzen      103/0/0 von 251  Tagen gewertet (1m/5m/15m)     3079 Signale  87 ms lesen  23945 ms rechnen
2026-09-09T12:33:13.375Z  CNSL/2018       roh          82242 reg. Kerzen      183/0/0 von 251  Tagen gewertet (1m/5m/15m)     5378 Signale  95 ms lesen  43550 ms rechnen
2026-09-09T12:33:40.645Z  CNSL/2019       roh          83088 reg. Kerzen      107/0/0 von 252  Tagen gewertet (1m/5m/15m)     3205 Signale  95 ms lesen  27004 ms rechnen
2026-09-09T12:33:41.317Z  CNSL/2020       roh          70527 reg. Kerzen        0/0/0 von 253  Tagen gewertet (1m/5m/15m)        0 Signale  96 ms lesen  391 ms rechnen
2026-09-09T12:33:41.805Z  CNSL/2021       roh          59826 reg. Kerzen        0/0/0 von 252  Tagen gewertet (1m/5m/15m)        0 Signale  79 ms lesen  268 ms rechnen
2026-09-09T12:33:42.280Z  CNSL/2022       roh          53512 reg. Kerzen        0/0/0 von 251  Tagen gewertet (1m/5m/15m)        0 Signale  99 ms lesen  260 ms rechnen
2026-09-09T12:33:42.745Z  CNSL/2023       roh          58388 reg. Kerzen        0/0/0 von 250  Tagen gewertet (1m/5m/15m)        0 Signale  76 ms lesen  268 ms rechnen
2026-09-09T12:33:43.490Z  CNSL/2024       roh          56555 reg. Kerzen        1/0/0 von 249  Tagen gewertet (1m/5m/15m)       15 Signale  75 ms lesen  533 ms rechnen
2026-09-09T12:33:43.766Z  CNVY/2021       roh          23870 reg. Kerzen        0/0/0 von 139  Tagen gewertet (1m/5m/15m)        0 Signale  40 ms lesen  111 ms rechnen
2026-09-09T12:33:43.956Z  CNVY/2022       roh          22733 reg. Kerzen        0/0/0 von 191  Tagen gewertet (1m/5m/15m)        0 Signale  26 ms lesen  109 ms rechnen
2026-09-09T12:33:44.069Z  COB/2016        roh           7228 reg. Kerzen        0/0/0 von 206  Tagen gewertet (1m/5m/15m)        0 Signale  31 ms lesen  29 ms rechnen
2026-09-09T12:33:44.293Z  COHU/2016       roh          29705 reg. Kerzen        0/0/0 von 252  Tagen gewertet (1m/5m/15m)        0 Signale  52 ms lesen  129 ms rechnen
2026-09-09T12:33:44.688Z  COHU/2017       roh          52604 reg. Kerzen        0/0/0 von 251  Tagen gewertet (1m/5m/15m)        0 Signale  88 ms lesen  242 ms rechnen
2026-09-09T12:33:49.077Z  COHU/2018       roh          59948 reg. Kerzen       18/0/0 von 251  Tagen gewertet (1m/5m/15m)      511 Signale  85 ms lesen  4195 ms rechnen
2026-09-09T12:33:50.007Z  COHU/2019       roh          61182 reg. Kerzen        2/0/0 von 252  Tagen gewertet (1m/5m/15m)       63 Signale  74 ms lesen  738 ms rechnen
2026-09-09T12:33:52.269Z  COHU/2020       roh          58180 reg. Kerzen        7/0/0 von 253  Tagen gewertet (1m/5m/15m)      216 Signale  85 ms lesen  2054 ms rechnen
2026-09-09T12:34:16.140Z  COHU/2021       roh          75049 reg. Kerzen       96/0/0 von 252  Tagen gewertet (1m/5m/15m)     2915 Signale  95 ms lesen  23646 ms rechnen
2026-09-09T12:34:21.011Z  COHU/2022       roh          61235 reg. Kerzen       18/0/0 von 251  Tagen gewertet (1m/5m/15m)      556 Signale  114 ms lesen  4597 ms rechnen
2026-09-09T12:34:21.447Z  COHU/2023       roh          49561 reg. Kerzen        0/0/0 von 250  Tagen gewertet (1m/5m/15m)        0 Signale  68 ms lesen  248 ms rechnen
2026-09-09T12:34:23.373Z  COHU/2024       roh          53233 reg. Kerzen        6/0/0 von 252  Tagen gewertet (1m/5m/15m)      182 Signale  50 ms lesen  1764 ms rechnen
2026-09-09T12:34:32.426Z  COHU/2025       roh          62027 reg. Kerzen       34/0/0 von 250  Tagen gewertet (1m/5m/15m)     1039 Signale  89 ms lesen  8822 ms rechnen
2026-09-09T12:34:57.537Z  COHU/2026       roh          51882 reg. Kerzen       96/0/0 von 166  Tagen gewertet (1m/5m/15m)     2949 Signale  67 ms lesen  24893 ms rechnen
2026-09-09T12:35:03.985Z  COLM/2016       roh          65134 reg. Kerzen       25/0/0 von 252  Tagen gewertet (1m/5m/15m)      714 Signale  92 ms lesen  6217 ms rechnen
2026-09-09T12:35:07.716Z  COLM/2017       roh          52192 reg. Kerzen       15/0/0 von 251  Tagen gewertet (1m/5m/15m)      413 Signale  81 ms lesen  3496 ms rechnen
2026-09-09T12:35:09.759Z  COLM/2018       roh          59205 reg. Kerzen        7/0/0 von 251  Tagen gewertet (1m/5m/15m)      207 Signale  87 ms lesen  1848 ms rechnen
2026-09-09T12:35:16.266Z  COLM/2019       roh          64593 reg. Kerzen       27/0/0 von 252  Tagen gewertet (1m/5m/15m)      676 Signale  91 ms lesen  6291 ms rechnen
2026-09-09T12:35:35.869Z  COLM/2020       roh          72867 reg. Kerzen       83/0/0 von 253  Tagen gewertet (1m/5m/15m)     2314 Signale  89 ms lesen  19373 ms rechnen
2026-09-09T12:35:40.539Z  COLM/2021       roh          63887 reg. Kerzen       19/0/0 von 252  Tagen gewertet (1m/5m/15m)      496 Signale  112 ms lesen  4401 ms rechnen
2026-09-09T12:35:57.315Z  COLM/2022       roh          70619 reg. Kerzen       75/0/0 von 251  Tagen gewertet (1m/5m/15m)     2045 Signale  90 ms lesen  16539 ms rechnen
2026-09-09T12:36:02.640Z  COLM/2023       roh          64294 reg. Kerzen       22/0/0 von 250  Tagen gewertet (1m/5m/15m)      551 Signale  100 ms lesen  5070 ms rechnen
2026-09-09T12:36:12.091Z  COLM/2024       roh          64759 reg. Kerzen       41/0/0 von 252  Tagen gewertet (1m/5m/15m)     1020 Signale  98 ms lesen  9210 ms rechnen
2026-09-09T12:36:33.868Z  COLM/2025       roh          72784 reg. Kerzen       92/0/0 von 250  Tagen gewertet (1m/5m/15m)     2520 Signale  109 ms lesen  21529 ms rechnen
2026-09-09T12:36:40.551Z  COLM/2026       roh          45204 reg. Kerzen       27/0/0 von 166  Tagen gewertet (1m/5m/15m)      729 Signale  71 ms lesen  6466 ms rechnen
2026-09-09T12:36:47.650Z  COOP/2018       roh          16818 reg. Kerzen       28/0/0 von 55   Tagen gewertet (1m/5m/15m)      831 Signale  63 ms lesen  6924 ms rechnen
2026-09-09T12:37:15.223Z  COOP/2019       roh          77916 reg. Kerzen      113/0/0 von 252  Tagen gewertet (1m/5m/15m)     3376 Signale  87 ms lesen  27451 ms rechnen
2026-09-09T12:38:00.711Z  COOP/2020       roh          82757 reg. Kerzen      174/0/0 von 253  Tagen gewertet (1m/5m/15m)     5398 Signale  119 ms lesen  45198 ms rechnen
2026-09-09T12:38:34.579Z  COOP/2021       roh          79702 reg. Kerzen      140/0/0 von 252  Tagen gewertet (1m/5m/15m)     3934 Signale  137 ms lesen  33553 ms rechnen
2026-09-09T12:39:07.603Z  COOP/2022       roh          77371 reg. Kerzen      131/0/0 von 251  Tagen gewertet (1m/5m/15m)     3779 Signale  132 ms lesen  32739 ms rechnen
2026-09-09T12:39:21.854Z  COOP/2023       roh          68608 reg. Kerzen       53/0/0 von 250  Tagen gewertet (1m/5m/15m)     1438 Signale  2297 ms lesen  11774 ms rechnen
2026-09-09T12:39:27.127Z  COOP/2024       roh          60902 reg. Kerzen       20/0/0 von 252  Tagen gewertet (1m/5m/15m)      554 Signale  85 ms lesen  5024 ms rechnen
2026-09-09T12:39:52.520Z  COOP/2025       roh          57671 reg. Kerzen      103/0/0 von 186  Tagen gewertet (1m/5m/15m)     3108 Signale  88 ms lesen  25171 ms rechnen
2026-09-09T12:39:52.788Z  CORV/2018       roh          17964 reg. Kerzen        0/0/0 von 157  Tagen gewertet (1m/5m/15m)        0 Signale  45 ms lesen  82 ms rechnen
2026-09-09T12:39:53.009Z  CORV/2019       roh          26882 reg. Kerzen        0/0/0 von 251  Tagen gewertet (1m/5m/15m)        0 Signale  58 ms lesen  126 ms rechnen
2026-09-09T12:39:53.287Z  CORV/2020       roh          29401 reg. Kerzen        0/0/0 von 100  Tagen gewertet (1m/5m/15m)        0 Signale  41 ms lesen  179 ms rechnen
2026-09-09T12:39:53.459Z  COVA/2021       roh           5828 reg. Kerzen        0/0/0 von 183  Tagen gewertet (1m/5m/15m)        0 Signale  43 ms lesen  23 ms rechnen
2026-09-09T12:39:53.510Z  COVA/2022       roh           2593 reg. Kerzen        0/0/0 von 214  Tagen gewertet (1m/5m/15m)        0 Signale  28 ms lesen  12 ms rechnen
2026-09-09T12:39:53.533Z  CPAQ/2022       roh            180 reg. Kerzen        0/0/0 von 61   Tagen gewertet (1m/5m/15m)        0 Signale  16 ms lesen  1 ms rechnen
2026-09-09T12:39:53.543Z  CPAQ/2023       roh            210 reg. Kerzen        0/0/0 von 22   Tagen gewertet (1m/5m/15m)        0 Signale  8 ms lesen  1 ms rechnen
2026-09-09T12:40:30.431Z  CPHD/2016       roh          72427 reg. Kerzen      147/0/0 von 214  Tagen gewertet (1m/5m/15m)     3794 Signale  103 ms lesen  36778 ms rechnen
2026-09-09T12:41:22.121Z  CPNG/2021       roh          79024 reg. Kerzen      184/0/0 von 206  Tagen gewertet (1m/5m/15m)     5455 Signale  117 ms lesen  51416 ms rechnen
2026-09-09T12:42:36.315Z  CPNG/2022       roh          96951 reg. Kerzen      249/0/0 von 251  Tagen gewertet (1m/5m/15m)     7839 Signale  137 ms lesen  73893 ms rechnen
2026-09-09T12:43:44.675Z  CPNG/2023       roh          96955 reg. Kerzen      250/0/0 von 250  Tagen gewertet (1m/5m/15m)     7061 Signale  130 ms lesen  68037 ms rechnen
2026-09-09T12:44:53.853Z  CPNG/2024       roh          97553 reg. Kerzen      252/0/0 von 252  Tagen gewertet (1m/5m/15m)     6769 Signale  147 ms lesen  68826 ms rechnen
2026-09-09T12:46:00.642Z  CPNG/2025       roh          96821 reg. Kerzen      250/0/0 von 250  Tagen gewertet (1m/5m/15m)     6601 Signale  131 ms lesen  66453 ms rechnen
2026-09-09T12:46:47.452Z  CPNG/2026       roh          64725 reg. Kerzen      166/0/0 von 166  Tagen gewertet (1m/5m/15m)     4890 Signale  101 ms lesen  46504 ms rechnen
2026-09-09T12:46:47.694Z  CPTK/2021       roh           2681 reg. Kerzen        0/0/0 von 148  Tagen gewertet (1m/5m/15m)        0 Signale  44 ms lesen  16 ms rechnen
2026-09-09T12:46:47.762Z  CPTK/2022       roh           4193 reg. Kerzen        0/0/0 von 225  Tagen gewertet (1m/5m/15m)        0 Signale  43 ms lesen  19 ms rechnen
2026-09-09T12:46:47.800Z  CPTK/2023       roh           1366 reg. Kerzen        0/0/0 von 170  Tagen gewertet (1m/5m/15m)        0 Signale  19 ms lesen  11 ms rechnen
2026-09-09T12:46:47.836Z  CPTK/2024       roh             54 reg. Kerzen        0/0/0 von 19   Tagen gewertet (1m/5m/15m)        0 Signale  29 ms lesen  1 ms rechnen
2026-09-09T12:47:26.004Z  CRC/2016        roh          56608 reg. Kerzen      129/0/0 von 149  Tagen gewertet (1m/5m/15m)     4273 Signale  83 ms lesen  38066 ms rechnen
2026-09-09T12:48:35.060Z  CRC/2017        roh          91238 reg. Kerzen      248/0/0 von 251  Tagen gewertet (1m/5m/15m)     8039 Signale  107 ms lesen  68825 ms rechnen
2026-09-09T12:49:48.944Z  CRC/2018        roh          94459 reg. Kerzen      251/0/0 von 251  Tagen gewertet (1m/5m/15m)     8181 Signale  161 ms lesen  73531 ms rechnen
2026-09-09T12:51:03.315Z  CRC/2019        roh          95207 reg. Kerzen      252/0/0 von 252  Tagen gewertet (1m/5m/15m)     8166 Signale  138 ms lesen  74020 ms rechnen
2026-09-09T12:51:38.835Z  CRC/2020        roh          58082 reg. Kerzen      111/0/0 von 180  Tagen gewertet (1m/5m/15m)     3676 Signale  645 ms lesen  34647 ms rechnen
2026-09-09T12:51:59.944Z  CRC/2021        roh          67556 reg. Kerzen       84/0/0 von 252  Tagen gewertet (1m/5m/15m)     2483 Signale  76 ms lesen  20894 ms rechnen
2026-09-09T12:52:37.771Z  CRC/2022        roh          79227 reg. Kerzen      158/0/0 von 251  Tagen gewertet (1m/5m/15m)     4780 Signale  110 ms lesen  37563 ms rechnen
2026-09-09T12:53:09.726Z  CRC/2023        roh          77321 reg. Kerzen      135/0/0 von 250  Tagen gewertet (1m/5m/15m)     3683 Signale  169 ms lesen  31621 ms rechnen
2026-09-09T12:53:39.928Z  CRC/2024        roh          78012 reg. Kerzen      129/0/0 von 252  Tagen gewertet (1m/5m/15m)     3417 Signale  117 ms lesen  29925 ms rechnen
2026-09-09T12:54:13.503Z  CRC/2025        roh          77677 reg. Kerzen      141/0/0 von 250  Tagen gewertet (1m/5m/15m)     3795 Signale  109 ms lesen  33307 ms rechnen
2026-09-09T12:54:27.996Z  CRC/2026        roh          49394 reg. Kerzen       62/0/0 von 166  Tagen gewertet (1m/5m/15m)     1742 Signale  61 ms lesen  14267 ms rechnen
2026-09-09T12:54:35.121Z  CRGE/2022       roh          54287 reg. Kerzen       24/0/0 von 182  Tagen gewertet (1m/5m/15m)      778 Signale  87 ms lesen  6904 ms rechnen
2026-09-09T12:54:35.596Z  CRGE/2023       roh          52793 reg. Kerzen        0/0/0 von 250  Tagen gewertet (1m/5m/15m)        0 Signale  77 ms lesen  275 ms rechnen
2026-09-09T12:54:35.865Z  CRGE/2024       roh          13582 reg. Kerzen        0/0/0 von 40   Tagen gewertet (1m/5m/15m)        0 Signale  37 ms lesen  112 ms rechnen
2026-09-09T12:54:36.058Z  CRKN/2021       bereinigt    17599 reg. Kerzen        0/0/0 von 237  Tagen gewertet (1m/5m/15m)        0 Signale  71 ms lesen  69 ms rechnen
2026-09-09T12:54:36.250Z  CRKN/2022       bereinigt    19476 reg. Kerzen        0/0/0 von 250  Tagen gewertet (1m/5m/15m)        0 Signale  58 ms lesen  100 ms rechnen
2026-09-09T12:54:36.754Z  CRKN/2023       bereinigt    58067 reg. Kerzen        0/0/0 von 250  Tagen gewertet (1m/5m/15m)        0 Signale  158 ms lesen  308 ms rechnen
2026-09-09T12:54:44.369Z  CRKN/2024       bereinigt    63836 reg. Kerzen       21/0/0 von 252  Tagen gewertet (1m/5m/15m)      713 Signale  184 ms lesen  7298 ms rechnen
2026-09-09T12:54:46.148Z  CHECKPOINT 1200 Dateien, 297 min, Detektorfehler {}
2026-09-09T12:54:47.888Z  CRKN/2025       bereinigt    10740 reg. Kerzen        5/0/0 von 41   Tagen gewertet (1m/5m/15m)      169 Signale  37 ms lesen  1703 ms rechnen
2026-09-09T12:54:47.935Z  AUSGELASSEN CRKN/2026: Datei fehlt
2026-09-09T12:55:33.509Z  CRR/2016        roh          84917 reg. Kerzen      174/0/0 von 252  Tagen gewertet (1m/5m/15m)     5559 Signale  113 ms lesen  45446 ms rechnen
2026-09-09T12:56:16.277Z  CRR/2017        roh          82476 reg. Kerzen      168/0/0 von 251  Tagen gewertet (1m/5m/15m)     5304 Signale  86 ms lesen  42499 ms rechnen
2026-09-09T12:56:25.212Z  CRR/2018        roh          67126 reg. Kerzen       32/0/0 von 251  Tagen gewertet (1m/5m/15m)     1016 Signale  96 ms lesen  8663 ms rechnen
2026-09-09T12:56:25.670Z  CRR/2019        roh          53579 reg. Kerzen        0/0/0 von 246  Tagen gewertet (1m/5m/15m)        0 Signale  67 ms lesen  265 ms rechnen
2026-09-09T12:57:23.302Z  CRUS/2016       roh          92097 reg. Kerzen      228/0/0 von 252  Tagen gewertet (1m/5m/15m)     6116 Signale  124 ms lesen  57392 ms rechnen
2026-09-09T12:58:21.027Z  CRUS/2017       roh          89227 reg. Kerzen      240/0/0 von 251  Tagen gewertet (1m/5m/15m)     6075 Signale  120 ms lesen  57405 ms rechnen
2026-09-09T12:59:21.621Z  CRUS/2018       roh          89419 reg. Kerzen      242/0/0 von 251  Tagen gewertet (1m/5m/15m)     6753 Signale  103 ms lesen  60303 ms rechnen
2026-09-09T13:00:07.682Z  CRUS/2019       roh          83949 reg. Kerzen      197/0/0 von 252  Tagen gewertet (1m/5m/15m)     5168 Signale  108 ms lesen  45766 ms rechnen
2026-09-09T13:01:00.054Z  CRUS/2020       roh          85929 reg. Kerzen      204/0/0 von 253  Tagen gewertet (1m/5m/15m)     5864 Signale  130 ms lesen  52051 ms rechnen
2026-09-09T13:01:22.744Z  CRUS/2021       roh          73488 reg. Kerzen       97/0/0 von 252  Tagen gewertet (1m/5m/15m)     2734 Signale  117 ms lesen  22378 ms rechnen
2026-09-09T13:01:50.374Z  CRUS/2022       roh          76491 reg. Kerzen      117/0/0 von 251  Tagen gewertet (1m/5m/15m)     3301 Signale  92 ms lesen  27377 ms rechnen
2026-09-09T13:02:13.177Z  CRUS/2023       roh          74027 reg. Kerzen      100/0/0 von 250  Tagen gewertet (1m/5m/15m)     2650 Signale  97 ms lesen  22545 ms rechnen
2026-09-09T13:02:32.757Z  CRUS/2024       roh          70397 reg. Kerzen       81/0/0 von 252  Tagen gewertet (1m/5m/15m)     2208 Signale  107 ms lesen  19325 ms rechnen
2026-09-09T13:02:52.232Z  CRUS/2025       roh          68620 reg. Kerzen       77/0/0 von 250  Tagen gewertet (1m/5m/15m)     2145 Signale  113 ms lesen  19220 ms rechnen
2026-09-09T13:03:07.189Z  CRUS/2026       roh          48221 reg. Kerzen       60/0/0 von 166  Tagen gewertet (1m/5m/15m)     1677 Signale  68 ms lesen  14727 ms rechnen
2026-09-09T13:04:05.680Z  CSAL/2016       roh          91740 reg. Kerzen      228/0/0 von 252  Tagen gewertet (1m/5m/15m)     6085 Signale  122 ms lesen  58241 ms rechnen
2026-09-09T13:04:13.571Z  CSAL/2017       roh          12571 reg. Kerzen       32/0/0 von 37   Tagen gewertet (1m/5m/15m)      804 Signale  519 ms lesen  7180 ms rechnen
2026-09-09T13:04:14.974Z  CSGP/2016       bereinigt    49810 reg. Kerzen        4/0/0 von 252  Tagen gewertet (1m/5m/15m)       98 Signale  200 ms lesen  1093 ms rechnen
2026-09-09T13:04:16.341Z  CSGP/2017       bereinigt    48750 reg. Kerzen        4/0/0 von 251  Tagen gewertet (1m/5m/15m)      114 Signale  90 ms lesen  1150 ms rechnen
2026-09-09T13:04:18.225Z  CSGP/2018       bereinigt    48912 reg. Kerzen        7/0/0 von 251  Tagen gewertet (1m/5m/15m)      198 Signale  57 ms lesen  1708 ms rechnen
2026-09-09T13:04:20.205Z  CSGP/2019       bereinigt    52132 reg. Kerzen        7/0/0 von 252  Tagen gewertet (1m/5m/15m)      179 Signale  99 ms lesen  1766 ms rechnen
2026-09-09T13:04:23.618Z  CSGP/2020       bereinigt    54123 reg. Kerzen       13/0/0 von 253  Tagen gewertet (1m/5m/15m)      364 Signale  83 ms lesen  3231 ms rechnen
2026-09-09T13:04:59.544Z  CSGP/2021       bereinigt    75211 reg. Kerzen      140/0/0 von 252  Tagen gewertet (1m/5m/15m)     3420 Signale  89 ms lesen  35719 ms rechnen
2026-09-09T13:06:07.810Z  CSGP/2022       roh          96264 reg. Kerzen      251/0/0 von 251  Tagen gewertet (1m/5m/15m)     6962 Signale  136 ms lesen  67982 ms rechnen
2026-09-09T13:07:11.900Z  CSGP/2023       roh          94495 reg. Kerzen      250/0/0 von 250  Tagen gewertet (1m/5m/15m)     6047 Signale  123 ms lesen  63768 ms rechnen
2026-09-09T13:08:16.468Z  CSGP/2024       roh          94935 reg. Kerzen      252/0/0 von 252  Tagen gewertet (1m/5m/15m)     6411 Signale  136 ms lesen  64240 ms rechnen
2026-09-09T13:09:22.943Z  CSGP/2025       roh          95162 reg. Kerzen      250/0/0 von 250  Tagen gewertet (1m/5m/15m)     6428 Signale  113 ms lesen  66162 ms rechnen
2026-09-09T13:10:11.689Z  CSGP/2026       roh          64694 reg. Kerzen      166/0/0 von 166  Tagen gewertet (1m/5m/15m)     5011 Signale  77 ms lesen  48463 ms rechnen
2026-09-09T13:10:38.727Z  CSOD/2016       roh          79101 reg. Kerzen      110/0/0 von 252  Tagen gewertet (1m/5m/15m)     3091 Signale  125 ms lesen  26754 ms rechnen
2026-09-09T13:11:03.732Z  CSOD/2017       roh          76650 reg. Kerzen      110/0/0 von 251  Tagen gewertet (1m/5m/15m)     2886 Signale  95 ms lesen  24753 ms rechnen
2026-09-09T13:11:30.583Z  CSOD/2018       roh          75652 reg. Kerzen      118/0/0 von 251  Tagen gewertet (1m/5m/15m)     3328 Signale  119 ms lesen  26568 ms rechnen
2026-09-09T13:11:47.637Z  CSOD/2019       roh          71911 reg. Kerzen       77/0/0 von 252  Tagen gewertet (1m/5m/15m)     2046 Signale  104 ms lesen  16766 ms rechnen
2026-09-09T13:12:23.860Z  CSOD/2020       roh          80283 reg. Kerzen      141/0/0 von 253  Tagen gewertet (1m/5m/15m)     4111 Signale  107 ms lesen  35980 ms rechnen
2026-09-09T13:12:39.886Z  CSOD/2021       roh          55543 reg. Kerzen       66/0/0 von 198  Tagen gewertet (1m/5m/15m)     1403 Signale  90 ms lesen  15756 ms rechnen
2026-09-09T13:12:40.118Z  CSTL/2019       roh          15422 reg. Kerzen        0/0/0 von 111  Tagen gewertet (1m/5m/15m)        0 Signale  40 ms lesen  64 ms rechnen
2026-09-09T13:12:41.605Z  CSTL/2020       roh          46078 reg. Kerzen        4/0/0 von 253  Tagen gewertet (1m/5m/15m)      131 Signale  66 ms lesen  1377 ms rechnen
2026-09-09T13:12:44.120Z  CSTL/2021       roh          55496 reg. Kerzen        8/0/0 von 252  Tagen gewertet (1m/5m/15m)      256 Signale  95 ms lesen  2324 ms rechnen
2026-09-09T13:12:49.841Z  CSTL/2022       roh          54105 reg. Kerzen       21/0/0 von 251  Tagen gewertet (1m/5m/15m)      677 Signale  86 ms lesen  5521 ms rechnen
2026-09-09T13:12:52.716Z  CSTL/2023       roh          46751 reg. Kerzen        9/0/0 von 250  Tagen gewertet (1m/5m/15m)      274 Signale  92 ms lesen  2668 ms rechnen
2026-09-09T13:12:54.713Z  CSTL/2024       roh          49462 reg. Kerzen        6/0/0 von 252  Tagen gewertet (1m/5m/15m)      194 Signale  81 ms lesen  1816 ms rechnen
2026-09-09T13:12:58.078Z  CSTL/2025       roh          55312 reg. Kerzen       12/0/0 von 250  Tagen gewertet (1m/5m/15m)      379 Signale  91 ms lesen  3156 ms rechnen
2026-09-09T13:12:58.582Z  CSTL/2026       roh          32990 reg. Kerzen        1/0/0 von 166  Tagen gewertet (1m/5m/15m)       22 Signale  43 ms lesen  339 ms rechnen
2026-09-09T13:12:58.735Z  CTAQ/2021       roh           8668 reg. Kerzen        0/0/0 von 213  Tagen gewertet (1m/5m/15m)        0 Signale  27 ms lesen  36 ms rechnen
2026-09-09T13:12:58.786Z  CTAQ/2022       roh           1522 reg. Kerzen        0/0/0 von 217  Tagen gewertet (1m/5m/15m)        0 Signale  26 ms lesen  8 ms rechnen
2026-09-09T13:12:58.805Z  CTAQ/2023       roh            429 reg. Kerzen        0/0/0 von 26   Tagen gewertet (1m/5m/15m)        0 Signale  12 ms lesen  3 ms rechnen
2026-09-09T13:12:58.857Z  CTIB/2016       roh           1262 reg. Kerzen        0/0/0 von 185  Tagen gewertet (1m/5m/15m)        0 Signale  44 ms lesen  6 ms rechnen
2026-09-09T13:12:58.886Z  CTIB/2017       roh            695 reg. Kerzen        0/0/0 von 171  Tagen gewertet (1m/5m/15m)        0 Signale  22 ms lesen  4 ms rechnen
2026-09-09T13:12:58.918Z  CTIB/2018       roh            989 reg. Kerzen        0/0/0 von 186  Tagen gewertet (1m/5m/15m)        0 Signale  25 ms lesen  5 ms rechnen
2026-09-09T13:12:58.953Z  CTIB/2019       roh           2434 reg. Kerzen        0/0/0 von 173  Tagen gewertet (1m/5m/15m)        0 Signale  21 ms lesen  11 ms rechnen
2026-09-09T13:12:59.121Z  CTIB/2020       roh          23527 reg. Kerzen        0/0/0 von 253  Tagen gewertet (1m/5m/15m)        0 Signale  49 ms lesen  114 ms rechnen
2026-09-09T13:12:59.361Z  CTIB/2021       roh          28628 reg. Kerzen        0/0/0 von 252  Tagen gewertet (1m/5m/15m)        0 Signale  56 ms lesen  136 ms rechnen
2026-09-09T13:12:59.521Z  CTIB/2022       roh           8146 reg. Kerzen        0/0/0 von 251  Tagen gewertet (1m/5m/15m)        0 Signale  45 ms lesen  36 ms rechnen
2026-09-09T13:12:59.588Z  CTIB/2023       roh           5605 reg. Kerzen        0/0/0 von 182  Tagen gewertet (1m/5m/15m)        0 Signale  21 ms lesen  26 ms rechnen
2026-09-09T13:12:59.670Z  CTRC/2016       roh           6323 reg. Kerzen        0/0/0 von 252  Tagen gewertet (1m/5m/15m)        0 Signale  30 ms lesen  30 ms rechnen
2026-09-09T13:12:59.726Z  CTRC/2017       roh           3601 reg. Kerzen        0/0/0 von 245  Tagen gewertet (1m/5m/15m)        0 Signale  24 ms lesen  16 ms rechnen
2026-09-09T13:12:59.828Z  CTRC/2018       roh          15214 reg. Kerzen        0/0/0 von 250  Tagen gewertet (1m/5m/15m)        0 Signale  28 ms lesen  66 ms rechnen
2026-09-09T13:12:59.960Z  CTRC/2019       roh          15952 reg. Kerzen        0/0/0 von 252  Tagen gewertet (1m/5m/15m)        0 Signale  33 ms lesen  67 ms rechnen
2026-09-09T13:13:00.069Z  CTRC/2020       roh           9483 reg. Kerzen        0/0/0 von 101  Tagen gewertet (1m/5m/15m)        0 Signale  33 ms lesen  45 ms rechnen
2026-09-09T13:13:00.318Z  CTT/2016        roh          33958 reg. Kerzen        0/0/0 von 252  Tagen gewertet (1m/5m/15m)        0 Signale  62 ms lesen  157 ms rechnen
2026-09-09T13:13:00.650Z  CTT/2017        roh          41229 reg. Kerzen        0/0/0 von 251  Tagen gewertet (1m/5m/15m)        0 Signale  53 ms lesen  196 ms rechnen
2026-09-09T13:13:01.123Z  CTT/2018        roh          61033 reg. Kerzen        0/0/0 von 251  Tagen gewertet (1m/5m/15m)        0 Signale  103 ms lesen  279 ms rechnen
2026-09-09T13:13:01.610Z  CTT/2019        roh          51056 reg. Kerzen        0/0/0 von 252  Tagen gewertet (1m/5m/15m)        0 Signale  73 ms lesen  278 ms rechnen
2026-09-09T13:13:02.030Z  CTT/2020        roh          53346 reg. Kerzen        0/0/0 von 253  Tagen gewertet (1m/5m/15m)        0 Signale  64 ms lesen  246 ms rechnen
2026-09-09T13:13:02.466Z  CTT/2021        roh          47945 reg. Kerzen        0/0/0 von 252  Tagen gewertet (1m/5m/15m)        0 Signale  87 ms lesen  234 ms rechnen
2026-09-09T13:13:03.742Z  CTT/2022        roh          37922 reg. Kerzen        4/0/0 von 176  Tagen gewertet (1m/5m/15m)      120 Signale  50 ms lesen  1123 ms rechnen
2026-09-09T13:13:03.909Z  CUBN/2016       roh           2540 reg. Kerzen        0/0/0 von 218  Tagen gewertet (1m/5m/15m)        0 Signale  33 ms lesen  11 ms rechnen
2026-09-09T13:13:03.950Z  CUBN/2017       roh           4077 reg. Kerzen        0/0/0 von 238  Tagen gewertet (1m/5m/15m)        0 Signale  18 ms lesen  17 ms rechnen
2026-09-09T13:13:04.177Z  CUR/2016        bereinigt    36587 reg. Kerzen        0/0/0 von 252  Tagen gewertet (1m/5m/15m)        0 Signale  65 ms lesen  152 ms rechnen
2026-09-09T13:13:04.455Z  CUR/2017        bereinigt    34066 reg. Kerzen        0/0/0 von 251  Tagen gewertet (1m/5m/15m)        0 Signale  33 ms lesen  169 ms rechnen
2026-09-09T13:13:04.655Z  CUR/2018        roh          16687 reg. Kerzen        0/0/0 von 251  Tagen gewertet (1m/5m/15m)        0 Signale  52 ms lesen  73 ms rechnen
2026-09-09T13:13:04.801Z  CUR/2019        roh          17069 reg. Kerzen        0/0/0 von 211  Tagen gewertet (1m/5m/15m)        0 Signale  33 ms lesen  81 ms rechnen
2026-09-09T13:13:05.024Z  CVCO/2016       roh          27507 reg. Kerzen        0/0/0 von 252  Tagen gewertet (1m/5m/15m)        0 Signale  46 ms lesen  122 ms rechnen
2026-09-09T13:13:05.228Z  CVCO/2017       roh          16255 reg. Kerzen        0/0/0 von 251  Tagen gewertet (1m/5m/15m)        0 Signale  57 ms lesen  64 ms rechnen
2026-09-09T13:13:05.374Z  CVCO/2018       roh          20515 reg. Kerzen        0/0/0 von 249  Tagen gewertet (1m/5m/15m)        0 Signale  32 ms lesen  83 ms rechnen
2026-09-09T13:13:05.583Z  CVCO/2019       roh          28897 reg. Kerzen        0/0/0 von 252  Tagen gewertet (1m/5m/15m)        0 Signale  47 ms lesen  121 ms rechnen
2026-09-09T13:13:05.777Z  CVCO/2020       roh          19338 reg. Kerzen        0/0/0 von 253  Tagen gewertet (1m/5m/15m)        0 Signale  56 ms lesen  80 ms rechnen
2026-09-09T13:13:05.927Z  CVCO/2021       roh          13681 reg. Kerzen        0/0/0 von 252  Tagen gewertet (1m/5m/15m)        0 Signale  36 ms lesen  72 ms rechnen
2026-09-09T13:13:06.125Z  CVCO/2022       roh          20396 reg. Kerzen        0/0/0 von 251  Tagen gewertet (1m/5m/15m)        0 Signale  60 ms lesen  110 ms rechnen
2026-09-09T13:13:06.279Z  CVCO/2023       roh          17811 reg. Kerzen        0/0/0 von 250  Tagen gewertet (1m/5m/15m)        0 Signale  32 ms lesen  78 ms rechnen
2026-09-09T13:13:06.406Z  CVCO/2024       roh          13597 reg. Kerzen        0/0/0 von 252  Tagen gewertet (1m/5m/15m)        0 Signale  30 ms lesen  62 ms rechnen
2026-09-09T13:13:06.607Z  CVCO/2025       roh          23430 reg. Kerzen        0/0/0 von 250  Tagen gewertet (1m/5m/15m)        0 Signale  47 ms lesen  121 ms rechnen
2026-09-09T13:13:07.304Z  CVCO/2026       roh          30435 reg. Kerzen        2/0/0 von 166  Tagen gewertet (1m/5m/15m)       56 Signale  47 ms lesen  603 ms rechnen
2026-09-09T13:13:14.632Z  CVIA/2018       roh          43907 reg. Kerzen       28/0/0 von 147  Tagen gewertet (1m/5m/15m)      854 Signale  72 ms lesen  7177 ms rechnen
2026-09-09T13:13:15.131Z  CVIA/2019       roh          64158 reg. Kerzen        0/0/0 von 252  Tagen gewertet (1m/5m/15m)        0 Signale  79 ms lesen  334 ms rechnen
2026-09-09T13:13:15.421Z  CVIA/2020       roh          24460 reg. Kerzen        0/0/0 von 124  Tagen gewertet (1m/5m/15m)        0 Signale  23 ms lesen  125 ms rechnen
2026-09-09T13:13:27.601Z  CVRR/2016       roh          70267 reg. Kerzen       46/0/0 von 252  Tagen gewertet (1m/5m/15m)     1414 Signale  98 ms lesen  12025 ms rechnen
2026-09-09T13:13:29.449Z  CVRR/2017       roh          58111 reg. Kerzen        5/0/0 von 251  Tagen gewertet (1m/5m/15m)      142 Signale  86 ms lesen  1620 ms rechnen
2026-09-09T13:13:45.705Z  CVRR/2018       roh          67201 reg. Kerzen       62/0/0 von 251  Tagen gewertet (1m/5m/15m)     1939 Signale  101 ms lesen  16020 ms rechnen
2026-09-09T13:13:45.912Z  CVRR/2019       roh           4294 reg. Kerzen        0/0/0 von 18   Tagen gewertet (1m/5m/15m)        0 Signale  15 ms lesen  36 ms rechnen
2026-09-09T13:13:45.956Z  CWAY/2016       roh           1291 reg. Kerzen        0/0/0 von 204  Tagen gewertet (1m/5m/15m)        0 Signale  16 ms lesen  6 ms rechnen
2026-09-09T13:13:46.011Z  CWAY/2017       roh           2269 reg. Kerzen        0/0/0 von 231  Tagen gewertet (1m/5m/15m)        0 Signale  40 ms lesen  12 ms rechnen
2026-09-09T13:13:46.063Z  CWAY/2018       roh           2871 reg. Kerzen        0/0/0 von 191  Tagen gewertet (1m/5m/15m)        0 Signale  31 ms lesen  13 ms rechnen
2026-09-09T13:13:51.537Z  CWT/2016        roh          62369 reg. Kerzen       25/0/0 von 252  Tagen gewertet (1m/5m/15m)      632 Signale  100 ms lesen  5344 ms rechnen
2026-09-09T13:13:51.996Z  CWT/2017        roh          42021 reg. Kerzen        0/0/0 von 251  Tagen gewertet (1m/5m/15m)        0 Signale  111 ms lesen  195 ms rechnen
2026-09-09T13:13:54.648Z  CWT/2018        roh          53344 reg. Kerzen       10/0/0 von 251  Tagen gewertet (1m/5m/15m)      280 Signale  90 ms lesen  2470 ms rechnen
2026-09-09T13:13:55.107Z  CWT/2019        roh          53074 reg. Kerzen        0/0/0 von 252  Tagen gewertet (1m/5m/15m)        0 Signale  88 ms lesen  236 ms rechnen
2026-09-09T13:13:59.087Z  CWT/2020        roh          57812 reg. Kerzen       13/0/0 von 253  Tagen gewertet (1m/5m/15m)      408 Signale  170 ms lesen  3684 ms rechnen
2026-09-09T13:14:00.451Z  CWT/2021        roh          44068 reg. Kerzen        0/0/0 von 252  Tagen gewertet (1m/5m/15m)        0 Signale  1052 ms lesen  196 ms rechnen
2026-09-09T13:14:02.027Z  CWT/2022        roh          48038 reg. Kerzen        1/0/0 von 250  Tagen gewertet (1m/5m/15m)       24 Signale  1111 ms lesen  375 ms rechnen
2026-09-09T13:14:04.005Z  CWT/2023        roh          48907 reg. Kerzen        3/0/0 von 250  Tagen gewertet (1m/5m/15m)       74 Signale  963 ms lesen  903 ms rechnen
2026-09-09T13:14:06.302Z  CWT/2024        roh          47733 reg. Kerzen        4/0/0 von 252  Tagen gewertet (1m/5m/15m)       99 Signale  1141 ms lesen  1038 ms rechnen
2026-09-09T13:14:09.337Z  CWT/2025        roh          51616 reg. Kerzen        3/0/0 von 250  Tagen gewertet (1m/5m/15m)       77 Signale  2022 ms lesen  906 ms rechnen
2026-09-09T13:14:11.565Z  CWT/2026        roh          37406 reg. Kerzen        6/0/0 von 166  Tagen gewertet (1m/5m/15m)      143 Signale  635 ms lesen  1487 ms rechnen
2026-09-09T13:14:15.179Z  CXT/2023        roh          45201 reg. Kerzen       15/0/0 von 187  Tagen gewertet (1m/5m/15m)      392 Signale  59 ms lesen  3449 ms rechnen
2026-09-09T13:14:16.226Z  CXT/2024        roh          50245 reg. Kerzen        3/0/0 von 252  Tagen gewertet (1m/5m/15m)       85 Signale  79 ms lesen  876 ms rechnen
2026-09-09T13:14:19.147Z  CXT/2025        roh          57494 reg. Kerzen       11/0/0 von 250  Tagen gewertet (1m/5m/15m)      300 Signale  79 ms lesen  2710 ms rechnen
2026-09-09T13:14:24.797Z  CXT/2026        roh          44031 reg. Kerzen       23/0/0 von 166  Tagen gewertet (1m/5m/15m)      693 Signale  54 ms lesen  5473 ms rechnen
2026-09-09T13:14:25.056Z  CYCC/2016       bereinigt    20491 reg. Kerzen        0/0/0 von 252  Tagen gewertet (1m/5m/15m)        0 Signale  61 ms lesen  88 ms rechnen
2026-09-09T13:14:25.331Z  CYCC/2017       bereinigt    30845 reg. Kerzen        0/0/0 von 251  Tagen gewertet (1m/5m/15m)        0 Signale  69 ms lesen  160 ms rechnen
2026-09-09T13:14:25.490Z  CYCC/2018       bereinigt    12879 reg. Kerzen        0/0/0 von 250  Tagen gewertet (1m/5m/15m)        0 Signale  39 ms lesen  58 ms rechnen
2026-09-09T13:14:25.663Z  CYCC/2019       bereinigt    19643 reg. Kerzen        0/0/0 von 252  Tagen gewertet (1m/5m/15m)        0 Signale  59 ms lesen  89 ms rechnen
2026-09-09T13:14:25.955Z  CYCC/2020       bereinigt    33334 reg. Kerzen        0/0/0 von 253  Tagen gewertet (1m/5m/15m)        0 Signale  80 ms lesen  171 ms rechnen
2026-09-09T13:14:26.219Z  CYCC/2021       bereinigt    31380 reg. Kerzen        0/0/0 von 252  Tagen gewertet (1m/5m/15m)        0 Signale  61 ms lesen  139 ms rechnen
2026-09-09T13:14:26.444Z  CYCC/2022       bereinigt    27454 reg. Kerzen        0/0/0 von 251  Tagen gewertet (1m/5m/15m)        0 Signale  39 ms lesen  126 ms rechnen
2026-09-09T13:14:26.590Z  CYCC/2023       bereinigt    13295 reg. Kerzen        0/0/0 von 250  Tagen gewertet (1m/5m/15m)        0 Signale  28 ms lesen  59 ms rechnen
2026-09-09T13:14:26.788Z  CYCC/2024       bereinigt    20425 reg. Kerzen        0/0/0 von 252  Tagen gewertet (1m/5m/15m)        0 Signale  37 ms lesen  124 ms rechnen
2026-09-09T13:14:27.020Z  CYCC/2025       bereinigt    25607 reg. Kerzen        0/0/0 von 173  Tagen gewertet (1m/5m/15m)        0 Signale  44 ms lesen  128 ms rechnen
2026-09-09T13:14:27.137Z  CYTH/2020       roh           3156 reg. Kerzen        0/0/0 von 16   Tagen gewertet (1m/5m/15m)        0 Signale  53 ms lesen  14 ms rechnen
2026-09-09T13:14:27.373Z  CYTH/2021       roh          33190 reg. Kerzen        0/0/0 von 252  Tagen gewertet (1m/5m/15m)        0 Signale  74 ms lesen  155 ms rechnen
2026-09-09T13:14:27.566Z  CYTH/2022       roh          11850 reg. Kerzen        0/0/0 von 251  Tagen gewertet (1m/5m/15m)        0 Signale  61 ms lesen  50 ms rechnen
2026-09-09T13:14:27.688Z  CYTH/2023       roh          13982 reg. Kerzen        0/0/0 von 250  Tagen gewertet (1m/5m/15m)        0 Signale  25 ms lesen  69 ms rechnen
2026-09-09T13:14:27.798Z  CYTH/2024       roh           9375 reg. Kerzen        0/0/0 von 252  Tagen gewertet (1m/5m/15m)        0 Signale  28 ms lesen  44 ms rechnen
2026-09-09T13:14:27.854Z  CYTH/2025       roh           3507 reg. Kerzen        0/0/0 von 56   Tagen gewertet (1m/5m/15m)        0 Signale  9 ms lesen  16 ms rechnen
2026-09-09T13:14:28.988Z  CZR/2016        roh          58121 reg. Kerzen        3/0/0 von 252  Tagen gewertet (1m/5m/15m)       87 Signale  91 ms lesen  1023 ms rechnen
2026-09-09T13:14:56.313Z  CZR/2017        roh          72815 reg. Kerzen      105/0/0 von 251  Tagen gewertet (1m/5m/15m)     3033 Signale  110 ms lesen  27090 ms rechnen
2026-09-09T13:15:44.515Z  CZR/2018        roh          82890 reg. Kerzen      186/0/0 von 251  Tagen gewertet (1m/5m/15m)     5603 Signale  117 ms lesen  47923 ms rechnen
2026-09-09T13:16:40.937Z  CZR/2019        roh          88999 reg. Kerzen      226/0/0 von 252  Tagen gewertet (1m/5m/15m)     6337 Signale  116 ms lesen  56134 ms rechnen
2026-09-09T13:17:56.819Z  CZR/2020        roh          97481 reg. Kerzen      253/0/0 von 253  Tagen gewertet (1m/5m/15m)     8103 Signale  133 ms lesen  75569 ms rechnen
2026-09-09T13:19:10.129Z  CZR/2021        roh          97379 reg. Kerzen      252/0/0 von 252  Tagen gewertet (1m/5m/15m)     7647 Signale  114 ms lesen  73004 ms rechnen
2026-09-09T13:20:26.345Z  CZR/2022        roh          97508 reg. Kerzen      251/0/0 von 251  Tagen gewertet (1m/5m/15m)     7852 Signale  1253 ms lesen  74706 ms rechnen
2026-09-09T13:21:36.850Z  CZR/2023        roh          96823 reg. Kerzen      250/0/0 von 250  Tagen gewertet (1m/5m/15m)     7233 Signale  126 ms lesen  70179 ms rechnen
2026-09-09T13:22:47.338Z  CZR/2024        roh          97449 reg. Kerzen      252/0/0 von 252  Tagen gewertet (1m/5m/15m)     7239 Signale  115 ms lesen  70130 ms rechnen
2026-09-09T13:23:58.061Z  CZR/2025        roh          96791 reg. Kerzen      250/0/0 von 250  Tagen gewertet (1m/5m/15m)     7329 Signale  102 ms lesen  70394 ms rechnen
2026-09-09T13:24:44.629Z  CZR/2026        roh          62747 reg. Kerzen      162/0/0 von 166  Tagen gewertet (1m/5m/15m)     4147 Signale  2074 ms lesen  44269 ms rechnen
2026-09-09T13:24:44.868Z  DALN/2021       roh           2564 reg. Kerzen        0/0/0 von 130  Tagen gewertet (1m/5m/15m)        0 Signale  48 ms lesen  11 ms rechnen
2026-09-09T13:24:44.958Z  DALN/2022       roh           6392 reg. Kerzen        0/0/0 von 251  Tagen gewertet (1m/5m/15m)        0 Signale  50 ms lesen  35 ms rechnen
2026-09-09T13:24:45.035Z  DALN/2023       roh           7557 reg. Kerzen        0/0/0 von 250  Tagen gewertet (1m/5m/15m)        0 Signale  25 ms lesen  39 ms rechnen
2026-09-09T13:24:45.132Z  DALN/2024       roh           8961 reg. Kerzen        0/0/0 von 252  Tagen gewertet (1m/5m/15m)        0 Signale  37 ms lesen  45 ms rechnen
2026-09-09T13:24:45.205Z  DALN/2025       roh           7993 reg. Kerzen        0/0/0 von 182  Tagen gewertet (1m/5m/15m)        0 Signale  16 ms lesen  35 ms rechnen
2026-09-09T13:25:05.864Z  DATS/2021       bereinigt    34979 reg. Kerzen       66/0/0 von 98   Tagen gewertet (1m/5m/15m)     2249 Signale  98 ms lesen  20536 ms rechnen
2026-09-09T13:25:06.246Z  DATS/2022       bereinigt    41190 reg. Kerzen        0/0/0 von 251  Tagen gewertet (1m/5m/15m)        0 Signale  93 ms lesen  222 ms rechnen
2026-09-09T13:25:06.438Z  DATS/2023       bereinigt    14414 reg. Kerzen        0/0/0 von 249  Tagen gewertet (1m/5m/15m)        0 Signale  25 ms lesen  70 ms rechnen
2026-09-09T13:25:06.638Z  DATS/2024       roh          20737 reg. Kerzen        0/0/0 von 252  Tagen gewertet (1m/5m/15m)        0 Signale  71 ms lesen  94 ms rechnen
2026-09-09T13:25:07.151Z  DATS/2025       roh          22118 reg. Kerzen        1/0/0 von 150  Tagen gewertet (1m/5m/15m)       34 Signale  50 ms lesen  422 ms rechnen
2026-09-09T13:25:07.215Z  DBDR/2020       roh            456 reg. Kerzen        0/0/0 von 28   Tagen gewertet (1m/5m/15m)        0 Signale  6 ms lesen  2 ms rechnen
2026-09-09T13:25:07.293Z  DBDR/2021       roh          10539 reg. Kerzen        0/0/0 von 248  Tagen gewertet (1m/5m/15m)        0 Signale  33 ms lesen  44 ms rechnen
2026-09-09T13:25:08.468Z  DCIX/2016       bereinigt    16083 reg. Kerzen        3/0/0 von 252  Tagen gewertet (1m/5m/15m)      103 Signale  75 ms lesen  1046 ms rechnen
2026-09-09T13:25:09.963Z  DCIX/2017       bereinigt    48517 reg. Kerzen        4/0/0 von 251  Tagen gewertet (1m/5m/15m)      133 Signale  106 ms lesen  1356 ms rechnen
2026-09-09T13:25:10.430Z  DCIX/2018       roh          42051 reg. Kerzen        0/0/0 von 251  Tagen gewertet (1m/5m/15m)        0 Signale  151 ms lesen  220 ms rechnen
2026-09-09T13:25:10.700Z  DCIX/2019       roh          27985 reg. Kerzen        0/0/0 von 252  Tagen gewertet (1m/5m/15m)        0 Signale  49 ms lesen  126 ms rechnen
2026-09-09T13:25:10.811Z  DCIX/2020       roh           5706 reg. Kerzen        0/0/0 von 60   Tagen gewertet (1m/5m/15m)        0 Signale  21 ms lesen  24 ms rechnen
2026-09-09T13:25:10.877Z  DCRD/2021       roh           1480 reg. Kerzen        0/0/0 von 61   Tagen gewertet (1m/5m/15m)        0 Signale  34 ms lesen  6 ms rechnen
2026-09-09T13:25:10.924Z  DCRD/2022       roh           1849 reg. Kerzen        0/0/0 von 198  Tagen gewertet (1m/5m/15m)        0 Signale  29 ms lesen  15 ms rechnen
2026-09-09T13:25:10.949Z  DCRD/2023       roh           1260 reg. Kerzen        0/0/0 von 36   Tagen gewertet (1m/5m/15m)        0 Signale  16 ms lesen  5 ms rechnen
2026-09-09T13:26:10.860Z  DDR/2016        bereinigt    94661 reg. Kerzen      231/0/0 von 252  Tagen gewertet (1m/5m/15m)     5244 Signale  153 ms lesen  59754 ms rechnen
2026-09-09T13:27:20.505Z  DDR/2017        bereinigt    95287 reg. Kerzen      251/0/0 von 251  Tagen gewertet (1m/5m/15m)     6737 Signale  150 ms lesen  69269 ms rechnen
2026-09-09T13:28:14.018Z  DDR/2018        bereinigt    74123 reg. Kerzen      197/0/0 von 197  Tagen gewertet (1m/5m/15m)     5183 Signale  117 ms lesen  53192 ms rechnen
2026-09-09T13:28:14.236Z  DEH/2020        roh           1679 reg. Kerzen        0/0/0 von 81   Tagen gewertet (1m/5m/15m)        0 Signale  21 ms lesen  7 ms rechnen
2026-09-09T13:28:14.400Z  DEH/2021        roh          23178 reg. Kerzen        0/0/0 von 179  Tagen gewertet (1m/5m/15m)        0 Signale  65 ms lesen  95 ms rechnen
2026-09-09T13:29:15.245Z  DEPO/2016       roh          92686 reg. Kerzen      227/0/0 von 252  Tagen gewertet (1m/5m/15m)     6884 Signale  127 ms lesen  60655 ms rechnen
2026-09-09T13:30:17.723Z  DEPO/2017       roh          89077 reg. Kerzen      241/0/0 von 251  Tagen gewertet (1m/5m/15m)     7346 Signale  253 ms lesen  62031 ms rechnen
2026-09-09T13:30:49.500Z  DEPO/2018       roh          52470 reg. Kerzen      126/0/0 von 156  Tagen gewertet (1m/5m/15m)     3906 Signale  92 ms lesen  31498 ms rechnen
2026-09-09T13:30:50.146Z  DFH/2021        roh          43345 reg. Kerzen        1/0/0 von 240  Tagen gewertet (1m/5m/15m)       32 Signale  78 ms lesen  446 ms rechnen
2026-09-09T13:30:50.532Z  DFH/2022        roh          47195 reg. Kerzen        0/0/0 von 251  Tagen gewertet (1m/5m/15m)        0 Signale  92 ms lesen  206 ms rechnen
2026-09-09T13:30:53.381Z  DFH/2023        roh          49875 reg. Kerzen       12/0/0 von 250  Tagen gewertet (1m/5m/15m)      347 Signale  81 ms lesen  2672 ms rechnen
2026-09-09T13:31:01.765Z  DFH/2024        roh          66188 reg. Kerzen       33/0/0 von 252  Tagen gewertet (1m/5m/15m)     1021 Signale  106 ms lesen  8175 ms rechnen
2026-09-09T13:31:05.664Z  DFH/2025        roh          58343 reg. Kerzen       14/0/0 von 250  Tagen gewertet (1m/5m/15m)      401 Signale  92 ms lesen  3660 ms rechnen
2026-09-09T13:31:11.923Z  DFH/2026        roh          45271 reg. Kerzen       25/0/0 von 166  Tagen gewertet (1m/5m/15m)      742 Signale  56 ms lesen  6063 ms rechnen
2026-09-09T13:31:12.115Z  DGAS/2016       roh           8452 reg. Kerzen        0/0/0 von 252  Tagen gewertet (1m/5m/15m)        0 Signale  34 ms lesen  38 ms rechnen
2026-09-09T13:31:12.171Z  DGAS/2017       roh           3649 reg. Kerzen        0/0/0 von 181  Tagen gewertet (1m/5m/15m)        0 Signale  21 ms lesen  17 ms rechnen
2026-09-09T13:31:12.219Z  DGSE/2016       roh           2733 reg. Kerzen        0/0/0 von 237  Tagen gewertet (1m/5m/15m)        0 Signale  28 ms lesen  12 ms rechnen
2026-09-09T13:31:12.280Z  DGSE/2017       roh           5865 reg. Kerzen        0/0/0 von 251  Tagen gewertet (1m/5m/15m)        0 Signale  30 ms lesen  24 ms rechnen
2026-09-09T13:31:12.349Z  DGSE/2018       roh           6679 reg. Kerzen        0/0/0 von 250  Tagen gewertet (1m/5m/15m)        0 Signale  22 ms lesen  35 ms rechnen
2026-09-09T13:31:12.419Z  DGSE/2019       roh           6434 reg. Kerzen        0/0/0 von 242  Tagen gewertet (1m/5m/15m)        0 Signale  24 ms lesen  33 ms rechnen
2026-09-09T13:32:13.359Z  DHI/2016        roh          97819 reg. Kerzen      232/0/0 von 252  Tagen gewertet (1m/5m/15m)     5870 Signale  114 ms lesen  60785 ms rechnen
2026-09-09T13:33:18.438Z  DHI/2017        roh          97004 reg. Kerzen      251/0/0 von 251  Tagen gewertet (1m/5m/15m)     5927 Signale  106 ms lesen  64767 ms rechnen
2026-09-09T13:34:26.133Z  DHI/2018        roh          97207 reg. Kerzen      251/0/0 von 251  Tagen gewertet (1m/5m/15m)     6753 Signale  114 ms lesen  67380 ms rechnen
2026-09-09T13:35:32.717Z  DHI/2019        roh          97597 reg. Kerzen      252/0/0 von 252  Tagen gewertet (1m/5m/15m)     6298 Signale  102 ms lesen  66269 ms rechnen
2026-09-09T13:36:43.417Z  DHI/2020        roh          98141 reg. Kerzen      253/0/0 von 253  Tagen gewertet (1m/5m/15m)     7147 Signale  114 ms lesen  70383 ms rechnen
2026-09-09T13:37:50.645Z  DHI/2021        roh          97040 reg. Kerzen      250/0/0 von 252  Tagen gewertet (1m/5m/15m)     6585 Signale  140 ms lesen  66864 ms rechnen
2026-09-09T13:39:00.637Z  DHI/2022        roh          96815 reg. Kerzen      249/0/0 von 251  Tagen gewertet (1m/5m/15m)     7062 Signale  154 ms lesen  69612 ms rechnen
2026-09-09T13:40:09.425Z  DHI/2023        roh          96743 reg. Kerzen      250/0/0 von 250  Tagen gewertet (1m/5m/15m)     6234 Signale  3468 ms lesen  65117 ms rechnen
2026-09-09T13:41:14.258Z  DHI/2024        roh          95907 reg. Kerzen      252/0/0 von 252  Tagen gewertet (1m/5m/15m)     6230 Signale  139 ms lesen  64501 ms rechnen
2026-09-09T13:42:19.418Z  DHI/2025        roh          96162 reg. Kerzen      250/0/0 von 250  Tagen gewertet (1m/5m/15m)     6491 Signale  223 ms lesen  64731 ms rechnen
2026-09-09T13:43:02.169Z  DHI/2026        roh          62709 reg. Kerzen      166/0/0 von 166  Tagen gewertet (1m/5m/15m)     4357 Signale  81 ms lesen  42480 ms rechnen
2026-09-09T13:43:02.404Z  DILA/2021       roh            268 reg. Kerzen        0/0/0 von 55   Tagen gewertet (1m/5m/15m)        0 Signale  54 ms lesen  2 ms rechnen
2026-09-09T13:43:02.439Z  DILA/2022       roh            286 reg. Kerzen        0/0/0 von 89   Tagen gewertet (1m/5m/15m)        0 Signale  32 ms lesen  2 ms rechnen
2026-09-09T13:44:01.644Z  DISCK/2016      roh          94783 reg. Kerzen      231/0/0 von 252  Tagen gewertet (1m/5m/15m)     5790 Signale  252 ms lesen  58937 ms rechnen
2026-09-09T13:45:07.270Z  DISCK/2017      roh          93833 reg. Kerzen      251/0/0 von 251  Tagen gewertet (1m/5m/15m)     6415 Signale  2715 ms lesen  62715 ms rechnen
2026-09-09T13:46:14.420Z  DISCK/2018      roh          95560 reg. Kerzen      249/0/0 von 251  Tagen gewertet (1m/5m/15m)     6869 Signale  120 ms lesen  66840 ms rechnen
2026-09-09T13:47:19.445Z  DISCK/2019      roh          95977 reg. Kerzen      252/0/0 von 252  Tagen gewertet (1m/5m/15m)     6534 Signale  124 ms lesen  64691 ms rechnen
2026-09-09T13:48:28.875Z  DISCK/2020      roh          96967 reg. Kerzen      253/0/0 von 253  Tagen gewertet (1m/5m/15m)     7304 Signale  127 ms lesen  69110 ms rechnen
2026-09-09T13:49:39.476Z  DISCK/2021      roh          97381 reg. Kerzen      252/0/0 von 252  Tagen gewertet (1m/5m/15m)     7209 Signale  130 ms lesen  70269 ms rechnen
2026-09-09T13:50:01.033Z  DISCK/2022      roh          26499 reg. Kerzen       68/0/0 von 68   Tagen gewertet (1m/5m/15m)     2127 Signale  1045 ms lesen  20307 ms rechnen
2026-09-09T13:51:04.409Z  DKS/2016        roh          96138 reg. Kerzen      232/0/0 von 252  Tagen gewertet (1m/5m/15m)     5970 Signale  4333 ms lesen  58785 ms rechnen
2026-09-09T13:52:10.455Z  DKS/2017        roh          95658 reg. Kerzen      251/0/0 von 251  Tagen gewertet (1m/5m/15m)     6764 Signale  134 ms lesen  65690 ms rechnen
2026-09-09T13:53:23.351Z  DKS/2018        roh          96663 reg. Kerzen      251/0/0 von 251  Tagen gewertet (1m/5m/15m)     7071 Signale  4833 ms lesen  67863 ms rechnen
2026-09-09T13:54:30.894Z  DKS/2019        roh          96238 reg. Kerzen      252/0/0 von 252  Tagen gewertet (1m/5m/15m)     6842 Signale  2100 ms lesen  65251 ms rechnen
2026-09-09T13:55:45.481Z  DKS/2020        roh          97051 reg. Kerzen      253/0/0 von 253  Tagen gewertet (1m/5m/15m)     7586 Signale  3090 ms lesen  71293 ms rechnen
2026-09-09T13:55:47.417Z  CHECKPOINT 1400 Dateien, 358 min, Detektorfehler {}
2026-09-09T13:56:58.604Z  DKS/2021        roh          95082 reg. Kerzen      250/0/0 von 252  Tagen gewertet (1m/5m/15m)     7127 Signale  2963 ms lesen  68223 ms rechnen
2026-09-09T13:58:10.126Z  DKS/2022        roh          95406 reg. Kerzen      249/0/0 von 251  Tagen gewertet (1m/5m/15m)     7428 Signale  2638 ms lesen  68685 ms rechnen
2026-09-09T13:59:19.794Z  DKS/2023        roh          92008 reg. Kerzen      248/0/0 von 250  Tagen gewertet (1m/5m/15m)     6467 Signale  6397 ms lesen  63086 ms rechnen
2026-09-09T14:00:12.284Z  DKS/2024        roh          87003 reg. Kerzen      223/0/0 von 252  Tagen gewertet (1m/5m/15m)     5864 Signale  131 ms lesen  52184 ms rechnen
2026-09-09T14:01:10.112Z  DKS/2025        roh          88460 reg. Kerzen      235/0/0 von 250  Tagen gewertet (1m/5m/15m)     6457 Signale  107 ms lesen  57545 ms rechnen
2026-09-09T14:01:42.348Z  DKS/2026        roh          56284 reg. Kerzen      137/0/0 von 166  Tagen gewertet (1m/5m/15m)     3915 Signale  73 ms lesen  31992 ms rechnen
2026-09-09T14:02:41.009Z  DLTR/2016       roh          96862 reg. Kerzen      232/0/0 von 252  Tagen gewertet (1m/5m/15m)     5690 Signale  142 ms lesen  58396 ms rechnen
2026-09-09T14:03:48.240Z  DLTR/2017       roh          96359 reg. Kerzen      251/0/0 von 251  Tagen gewertet (1m/5m/15m)     6186 Signale  112 ms lesen  66922 ms rechnen
2026-09-09T14:04:53.550Z  DLTR/2018       roh          95829 reg. Kerzen      249/0/0 von 251  Tagen gewertet (1m/5m/15m)     6376 Signale  123 ms lesen  64965 ms rechnen
2026-09-09T14:05:59.216Z  DLTR/2019       roh          96734 reg. Kerzen      252/0/0 von 252  Tagen gewertet (1m/5m/15m)     6049 Signale  2176 ms lesen  63292 ms rechnen
2026-09-09T14:07:10.006Z  DLTR/2020       roh          97731 reg. Kerzen      253/0/0 von 253  Tagen gewertet (1m/5m/15m)     6805 Signale  2818 ms lesen  67764 ms rechnen
2026-09-09T14:08:15.121Z  DLTR/2021       roh          96942 reg. Kerzen      252/0/0 von 252  Tagen gewertet (1m/5m/15m)     6170 Signale  183 ms lesen  64724 ms rechnen
2026-09-09T14:09:23.157Z  DLTR/2022       roh          96186 reg. Kerzen      251/0/0 von 251  Tagen gewertet (1m/5m/15m)     6759 Signale  1883 ms lesen  65938 ms rechnen
2026-09-09T14:10:26.506Z  DLTR/2023       roh          94858 reg. Kerzen      250/0/0 von 250  Tagen gewertet (1m/5m/15m)     6141 Signale  127 ms lesen  63019 ms rechnen
2026-09-09T14:11:32.874Z  DLTR/2024       roh          96663 reg. Kerzen      252/0/0 von 252  Tagen gewertet (1m/5m/15m)     6661 Signale  167 ms lesen  66001 ms rechnen
2026-09-09T14:12:40.682Z  DLTR/2025       roh          96101 reg. Kerzen      250/0/0 von 250  Tagen gewertet (1m/5m/15m)     6831 Signale  108 ms lesen  67508 ms rechnen
2026-09-09T14:13:25.246Z  DLTR/2026       roh          63489 reg. Kerzen      166/0/0 von 166  Tagen gewertet (1m/5m/15m)     4661 Signale  91 ms lesen  44279 ms rechnen
2026-09-09T14:13:25.556Z  DMTK/2017       roh            107 reg. Kerzen        0/0/0 von 37   Tagen gewertet (1m/5m/15m)        0 Signale  39 ms lesen  1 ms rechnen
2026-09-09T14:13:25.573Z  DMTK/2018       roh            658 reg. Kerzen        0/0/0 von 151  Tagen gewertet (1m/5m/15m)        0 Signale  13 ms lesen  4 ms rechnen
2026-09-09T14:13:25.616Z  DMTK/2019       roh           4948 reg. Kerzen        0/0/0 von 162  Tagen gewertet (1m/5m/15m)        0 Signale  21 ms lesen  20 ms rechnen
2026-09-09T14:13:26.112Z  DMTK/2020       roh          29652 reg. Kerzen        1/0/0 von 253  Tagen gewertet (1m/5m/15m)       26 Signale  65 ms lesen  420 ms rechnen
2026-09-09T14:14:13.026Z  DMTK/2021       roh          82258 reg. Kerzen      169/0/0 von 252  Tagen gewertet (1m/5m/15m)     5535 Signale  103 ms lesen  46748 ms rechnen
2026-09-09T14:14:33.066Z  DMTK/2022       roh          73803 reg. Kerzen       62/0/0 von 251  Tagen gewertet (1m/5m/15m)     2017 Signale  2911 ms lesen  16952 ms rechnen
2026-09-09T14:14:35.455Z  DMTK/2023       roh          50897 reg. Kerzen        0/0/0 von 250  Tagen gewertet (1m/5m/15m)        0 Signale  2006 ms lesen  239 ms rechnen
2026-09-09T14:14:36.644Z  DMTK/2024       roh          18759 reg. Kerzen        0/0/0 von 122  Tagen gewertet (1m/5m/15m)        0 Signale  997 ms lesen  95 ms rechnen
2026-09-09T14:15:15.093Z  DNA/2021        bereinigt    60803 reg. Kerzen      124/0/0 von 180  Tagen gewertet (1m/5m/15m)     3339 Signale  3702 ms lesen  34614 ms rechnen
2026-09-09T14:16:39.993Z  DNA/2022        bereinigt    96942 reg. Kerzen      249/0/0 von 251  Tagen gewertet (1m/5m/15m)     8314 Signale  5312 ms lesen  79457 ms rechnen
2026-09-09T14:18:07.850Z  DNA/2023        bereinigt    97085 reg. Kerzen      250/0/0 von 250  Tagen gewertet (1m/5m/15m)     8120 Signale  4374 ms lesen  83289 ms rechnen
2026-09-09T14:19:26.777Z  DNA/2024        bereinigt    93629 reg. Kerzen      238/0/0 von 252  Tagen gewertet (1m/5m/15m)     7765 Signale  4129 ms lesen  74597 ms rechnen
2026-09-09T14:20:32.103Z  DNA/2025        roh          87892 reg. Kerzen      235/0/0 von 250  Tagen gewertet (1m/5m/15m)     7568 Signale  92 ms lesen  65031 ms rechnen
2026-09-09T14:21:03.342Z  DNA/2026        roh          55184 reg. Kerzen      119/0/0 von 166  Tagen gewertet (1m/5m/15m)     3793 Signale  67 ms lesen  30998 ms rechnen
2026-09-09T14:21:03.530Z  DNBF/2016       roh           1179 reg. Kerzen        0/0/0 von 181  Tagen gewertet (1m/5m/15m)        0 Signale  50 ms lesen  6 ms rechnen
2026-09-09T14:21:03.556Z  DNBF/2017       roh           2317 reg. Kerzen        0/0/0 von 230  Tagen gewertet (1m/5m/15m)        0 Signale  12 ms lesen  11 ms rechnen
2026-09-09T14:21:03.592Z  DNBF/2018       roh           2996 reg. Kerzen        0/0/0 von 245  Tagen gewertet (1m/5m/15m)        0 Signale  17 ms lesen  14 ms rechnen
2026-09-09T14:21:03.639Z  DNBF/2019       roh           5333 reg. Kerzen        0/0/0 von 231  Tagen gewertet (1m/5m/15m)        0 Signale  18 ms lesen  22 ms rechnen
2026-09-09T14:22:18.559Z  DNR/2016        roh          97897 reg. Kerzen      232/0/0 von 252  Tagen gewertet (1m/5m/15m)     7673 Signale  133 ms lesen  74756 ms rechnen
2026-09-09T14:23:41.854Z  DNR/2017        roh          96525 reg. Kerzen      251/0/0 von 251  Tagen gewertet (1m/5m/15m)     7970 Signale  273 ms lesen  82787 ms rechnen
2026-09-09T14:24:58.761Z  DNR/2018        roh          97044 reg. Kerzen      251/0/0 von 251  Tagen gewertet (1m/5m/15m)     8230 Signale  131 ms lesen  76558 ms rechnen
2026-09-09T14:26:26.735Z  DNR/2019        roh          97311 reg. Kerzen      252/0/0 von 252  Tagen gewertet (1m/5m/15m)     8027 Signale  3569 ms lesen  84212 ms rechnen
2026-09-09T14:27:04.666Z  DNR/2020        roh          55997 reg. Kerzen      109/0/0 von 144  Tagen gewertet (1m/5m/15m)     3683 Signale  4001 ms lesen  33731 ms rechnen
2026-09-09T14:27:08.737Z  DOLE/2021       roh          28942 reg. Kerzen       12/0/0 von 108  Tagen gewertet (1m/5m/15m)      357 Signale  845 ms lesen  2869 ms rechnen
2026-09-09T14:27:18.491Z  DOLE/2022       roh          67079 reg. Kerzen       33/0/0 von 251  Tagen gewertet (1m/5m/15m)      951 Signale  2132 ms lesen  7559 ms rechnen
2026-09-09T14:27:27.995Z  DOLE/2023       roh          66183 reg. Kerzen       27/0/0 von 250  Tagen gewertet (1m/5m/15m)      667 Signale  3017 ms lesen  6353 ms rechnen
2026-09-09T14:27:33.896Z  DOLE/2024       roh          65568 reg. Kerzen       17/0/0 von 252  Tagen gewertet (1m/5m/15m)      408 Signale  2019 ms lesen  3748 ms rechnen
2026-09-09T14:27:48.371Z  DOLE/2025       roh          68961 reg. Kerzen       60/0/0 von 250  Tagen gewertet (1m/5m/15m)     1454 Signale  1124 ms lesen  13198 ms rechnen
2026-09-09T14:28:00.329Z  DOLE/2026       roh          47901 reg. Kerzen       47/0/0 von 166  Tagen gewertet (1m/5m/15m)     1221 Signale  1529 ms lesen  10278 ms rechnen
2026-09-09T14:28:01.107Z  DOVA/2017       roh          17762 reg. Kerzen        0/0/0 von 128  Tagen gewertet (1m/5m/15m)        0 Signale  524 ms lesen  82 ms rechnen
2026-09-09T14:28:02.678Z  DOVA/2018       roh          42934 reg. Kerzen        2/0/0 von 251  Tagen gewertet (1m/5m/15m)       59 Signale  774 ms lesen  762 ms rechnen
2026-09-09T14:28:04.175Z  DOVA/2019       roh          39659 reg. Kerzen        1/0/0 von 218  Tagen gewertet (1m/5m/15m)       21 Signale  1031 ms lesen  380 ms rechnen
2026-09-09T14:28:05.254Z  DPSI/2022       roh           8242 reg. Kerzen        0/0/0 von 166  Tagen gewertet (1m/5m/15m)        0 Signale  818 ms lesen  34 ms rechnen
2026-09-09T14:28:05.378Z  DPSI/2023       roh           6292 reg. Kerzen        0/0/0 von 250  Tagen gewertet (1m/5m/15m)        0 Signale  68 ms lesen  31 ms rechnen
2026-09-09T14:28:05.799Z  DPSI/2024       roh           3007 reg. Kerzen        0/0/0 von 126  Tagen gewertet (1m/5m/15m)        0 Signale  392 ms lesen  12 ms rechnen
2026-09-09T14:28:44.537Z  DRII/2016       roh          61245 reg. Kerzen      145/0/0 von 169  Tagen gewertet (1m/5m/15m)     3925 Signale  1296 ms lesen  37387 ms rechnen
2026-09-09T14:28:56.458Z  DRYS/2016       bereinigt    63554 reg. Kerzen       24/0/0 von 251  Tagen gewertet (1m/5m/15m)      813 Signale  3367 ms lesen  8090 ms rechnen
2026-09-09T14:30:16.728Z  DRYS/2017       bereinigt    92337 reg. Kerzen      243/0/0 von 251  Tagen gewertet (1m/5m/15m)     8145 Signale  6780 ms lesen  73363 ms rechnen
2026-09-09T14:30:22.690Z  DRYS/2018       roh          66771 reg. Kerzen       22/0/0 von 251  Tagen gewertet (1m/5m/15m)      698 Signale  128 ms lesen  5520 ms rechnen
2026-09-09T14:30:23.050Z  DRYS/2019       roh          34269 reg. Kerzen        0/0/0 von 196  Tagen gewertet (1m/5m/15m)        0 Signale  60 ms lesen  150 ms rechnen
2026-09-09T14:30:23.198Z  DSKX/2016       roh           4756 reg. Kerzen        0/0/0 von 63   Tagen gewertet (1m/5m/15m)        0 Signale  31 ms lesen  19 ms rechnen
2026-09-09T14:31:18.819Z  DTE/2016        bereinigt    94268 reg. Kerzen      231/0/0 von 252  Tagen gewertet (1m/5m/15m)     5157 Signale  203 ms lesen  55381 ms rechnen
2026-09-09T14:32:12.729Z  DTE/2017        bereinigt    88827 reg. Kerzen      241/0/0 von 251  Tagen gewertet (1m/5m/15m)     4903 Signale  236 ms lesen  53492 ms rechnen
2026-09-09T14:33:13.929Z  DTE/2018        bereinigt    93642 reg. Kerzen      251/0/0 von 251  Tagen gewertet (1m/5m/15m)     5558 Signale  202 ms lesen  60798 ms rechnen
2026-09-09T14:34:12.399Z  DTE/2019        bereinigt    92740 reg. Kerzen      252/0/0 von 252  Tagen gewertet (1m/5m/15m)     5400 Signale  297 ms lesen  57991 ms rechnen
2026-09-09T14:35:15.047Z  DTE/2020        bereinigt    93519 reg. Kerzen      250/0/0 von 253  Tagen gewertet (1m/5m/15m)     6421 Signale  186 ms lesen  62242 ms rechnen
2026-09-09T14:36:10.712Z  DTE/2021        bereinigt    88575 reg. Kerzen      240/0/0 von 252  Tagen gewertet (1m/5m/15m)     5291 Signale  147 ms lesen  55296 ms rechnen
2026-09-09T14:37:11.508Z  DTE/2022        roh          90423 reg. Kerzen      243/0/0 von 251  Tagen gewertet (1m/5m/15m)     5751 Signale  3582 ms lesen  57043 ms rechnen
2026-09-09T14:38:12.761Z  DTE/2023        roh          91415 reg. Kerzen      243/0/0 von 250  Tagen gewertet (1m/5m/15m)     5647 Signale  3165 ms lesen  57888 ms rechnen
2026-09-09T14:39:06.195Z  DTE/2024        roh          87710 reg. Kerzen      223/0/0 von 252  Tagen gewertet (1m/5m/15m)     4934 Signale  2658 ms lesen  50584 ms rechnen
2026-09-09T14:40:00.430Z  DTE/2025        roh          86191 reg. Kerzen      229/0/0 von 250  Tagen gewertet (1m/5m/15m)     5039 Signale  2418 ms lesen  51639 ms rechnen
2026-09-09T14:40:34.251Z  DTE/2026        roh          57087 reg. Kerzen      151/0/0 von 166  Tagen gewertet (1m/5m/15m)     3410 Signale  83 ms lesen  33567 ms rechnen
2026-09-09T14:40:34.421Z  DUET/2022       roh            247 reg. Kerzen        0/0/0 von 84   Tagen gewertet (1m/5m/15m)        0 Signale  34 ms lesen  2 ms rechnen
2026-09-09T14:40:34.457Z  DUET/2023       roh            771 reg. Kerzen        0/0/0 von 140  Tagen gewertet (1m/5m/15m)        0 Signale  31 ms lesen  4 ms rechnen
2026-09-09T14:40:34.465Z  DUET/2024       roh            140 reg. Kerzen        0/0/0 von 76   Tagen gewertet (1m/5m/15m)        0 Signale  5 ms lesen  1 ms rechnen
2026-09-09T14:40:34.550Z  DVD/2016        roh           2059 reg. Kerzen        0/0/0 von 243  Tagen gewertet (1m/5m/15m)        0 Signale  47 ms lesen  12 ms rechnen
2026-09-09T14:40:34.597Z  DVD/2017        roh           3368 reg. Kerzen        0/0/0 von 248  Tagen gewertet (1m/5m/15m)        0 Signale  26 ms lesen  15 ms rechnen
2026-09-09T14:40:34.645Z  DVD/2018        roh           2726 reg. Kerzen        0/0/0 von 250  Tagen gewertet (1m/5m/15m)        0 Signale  22 ms lesen  18 ms rechnen
2026-09-09T14:40:34.707Z  DVD/2019        roh           3992 reg. Kerzen        0/0/0 von 252  Tagen gewertet (1m/5m/15m)        0 Signale  38 ms lesen  17 ms rechnen
2026-09-09T14:40:34.778Z  DVD/2020        roh           7002 reg. Kerzen        0/0/0 von 252  Tagen gewertet (1m/5m/15m)        0 Signale  30 ms lesen  32 ms rechnen
2026-09-09T14:40:34.892Z  DVD/2021        roh          10888 reg. Kerzen        0/0/0 von 245  Tagen gewertet (1m/5m/15m)        0 Signale  49 ms lesen  48 ms rechnen
2026-09-09T14:40:50.767Z  DWDP/2017       bereinigt    32181 reg. Kerzen       63/0/0 von 83   Tagen gewertet (1m/5m/15m)     1398 Signale  80 ms lesen  15749 ms rechnen
2026-09-09T14:41:55.106Z  DWDP/2018       bereinigt    97332 reg. Kerzen      251/0/0 von 251  Tagen gewertet (1m/5m/15m)     6530 Signale  179 ms lesen  64098 ms rechnen
2026-09-09T14:42:22.792Z  DWDP/2019       bereinigt    40537 reg. Kerzen      104/0/0 von 104  Tagen gewertet (1m/5m/15m)     2688 Signale  78 ms lesen  27379 ms rechnen
2026-09-09T14:42:23.022Z  DXYN/2016       roh          11079 reg. Kerzen        0/0/0 von 252  Tagen gewertet (1m/5m/15m)        0 Signale  78 ms lesen  43 ms rechnen
2026-09-09T14:42:23.108Z  DXYN/2017       roh           5474 reg. Kerzen        0/0/0 von 250  Tagen gewertet (1m/5m/15m)        0 Signale  40 ms lesen  23 ms rechnen
2026-09-09T14:42:23.166Z  DXYN/2018       roh           5608 reg. Kerzen        0/0/0 von 250  Tagen gewertet (1m/5m/15m)        0 Signale  19 ms lesen  27 ms rechnen
2026-09-09T14:42:23.252Z  DXYN/2019       roh           8120 reg. Kerzen        0/0/0 von 252  Tagen gewertet (1m/5m/15m)        0 Signale  39 ms lesen  34 ms rechnen
2026-09-09T14:42:23.367Z  DXYN/2020       roh          13708 reg. Kerzen        0/0/0 von 253  Tagen gewertet (1m/5m/15m)        0 Signale  36 ms lesen  62 ms rechnen
2026-09-09T14:42:23.531Z  DXYN/2021       roh          19041 reg. Kerzen        0/0/0 von 252  Tagen gewertet (1m/5m/15m)        0 Signale  57 ms lesen  80 ms rechnen
2026-09-09T14:42:23.673Z  DXYN/2022       roh          10698 reg. Kerzen        0/0/0 von 251  Tagen gewertet (1m/5m/15m)        0 Signale  48 ms lesen  56 ms rechnen
2026-09-09T14:42:23.756Z  DXYN/2023       roh           7250 reg. Kerzen        0/0/0 von 250  Tagen gewertet (1m/5m/15m)        0 Signale  27 ms lesen  32 ms rechnen
2026-09-09T14:42:23.823Z  DXYN/2024       roh           6720 reg. Kerzen        0/0/0 von 190  Tagen gewertet (1m/5m/15m)        0 Signale  19 ms lesen  33 ms rechnen
2026-09-09T14:42:23.839Z  AUSGELASSEN DXYN/2025: Datei fehlt
2026-09-09T14:42:23.952Z  DZSI/2016       bereinigt     3325 reg. Kerzen        0/0/0 von 78   Tagen gewertet (1m/5m/15m)        0 Signale  92 ms lesen  13 ms rechnen
2026-09-09T14:42:23.995Z  DZSI/2017       bereinigt     6379 reg. Kerzen        0/0/0 von 251  Tagen gewertet (1m/5m/15m)        0 Signale  7 ms lesen  26 ms rechnen
2026-09-09T14:42:24.102Z  DZSI/2018       roh           8728 reg. Kerzen        0/0/0 von 250  Tagen gewertet (1m/5m/15m)        0 Signale  55 ms lesen  39 ms rechnen
2026-09-09T14:42:24.228Z  DZSI/2019       roh          18810 reg. Kerzen        0/0/0 von 252  Tagen gewertet (1m/5m/15m)        0 Signale  17 ms lesen  82 ms rechnen
2026-09-09T14:42:24.399Z  DZSI/2020       roh          20000 reg. Kerzen        0/0/0 von 253  Tagen gewertet (1m/5m/15m)        0 Signale  32 ms lesen  94 ms rechnen
2026-09-09T14:42:24.714Z  DZSI/2021       roh          32502 reg. Kerzen        0/0/0 von 252  Tagen gewertet (1m/5m/15m)        0 Signale  138 ms lesen  133 ms rechnen
2026-09-09T14:42:24.972Z  DZSI/2022       roh          30961 reg. Kerzen        0/0/0 von 251  Tagen gewertet (1m/5m/15m)        0 Signale  58 ms lesen  126 ms rechnen
2026-09-09T14:42:25.330Z  DZSI/2023       roh          40343 reg. Kerzen        0/0/0 von 250  Tagen gewertet (1m/5m/15m)        0 Signale  70 ms lesen  222 ms rechnen
2026-09-09T14:42:25.509Z  DZSI/2024       roh          13809 reg. Kerzen        0/0/0 von 151  Tagen gewertet (1m/5m/15m)        0 Signale  35 ms lesen  57 ms rechnen
2026-09-09T14:42:25.542Z  AUSGELASSEN DZSI/2025: Datei fehlt
2026-09-09T14:43:20.266Z  EAT/2016        roh          92383 reg. Kerzen      231/0/0 von 252  Tagen gewertet (1m/5m/15m)     5628 Signale  137 ms lesen  54562 ms rechnen
2026-09-09T14:44:18.478Z  EAT/2017        roh          90648 reg. Kerzen      246/0/0 von 251  Tagen gewertet (1m/5m/15m)     6177 Signale  112 ms lesen  57876 ms rechnen
2026-09-09T14:45:21.378Z  EAT/2018        roh          90960 reg. Kerzen      245/0/0 von 251  Tagen gewertet (1m/5m/15m)     6723 Signale  2781 ms lesen  59939 ms rechnen
2026-09-09T14:46:22.400Z  EAT/2019        roh          89256 reg. Kerzen      239/0/0 von 252  Tagen gewertet (1m/5m/15m)     6463 Signale  3369 ms lesen  57467 ms rechnen
2026-09-09T14:47:37.618Z  EAT/2020        roh          95441 reg. Kerzen      252/0/0 von 253  Tagen gewertet (1m/5m/15m)     8000 Signale  2382 ms lesen  72619 ms rechnen
2026-09-09T14:48:42.977Z  EAT/2021        roh          88834 reg. Kerzen      244/0/0 von 252  Tagen gewertet (1m/5m/15m)     7264 Signale  2815 ms lesen  62344 ms rechnen
2026-09-09T14:49:49.445Z  EAT/2022        roh          90346 reg. Kerzen      246/0/0 von 251  Tagen gewertet (1m/5m/15m)     7600 Signale  1091 ms lesen  65202 ms rechnen
2026-09-09T14:50:51.370Z  EAT/2023        roh          89466 reg. Kerzen      246/0/0 von 250  Tagen gewertet (1m/5m/15m)     7051 Signale  117 ms lesen  61624 ms rechnen
2026-09-09T14:51:54.467Z  EAT/2024        roh          91746 reg. Kerzen      246/0/0 von 252  Tagen gewertet (1m/5m/15m)     6902 Signale  105 ms lesen  62802 ms rechnen
2026-09-09T14:52:56.399Z  EAT/2025        roh          89808 reg. Kerzen      239/0/0 von 250  Tagen gewertet (1m/5m/15m)     7010 Signale  110 ms lesen  61637 ms rechnen
2026-09-09T14:53:28.356Z  EAT/2026        roh          55369 reg. Kerzen      131/0/0 von 166  Tagen gewertet (1m/5m/15m)     3907 Signale  74 ms lesen  31707 ms rechnen
2026-09-09T14:53:28.698Z  EBR/2016        roh          25723 reg. Kerzen        0/0/0 von 149  Tagen gewertet (1m/5m/15m)        0 Signale  78 ms lesen  114 ms rechnen
2026-09-09T14:53:29.144Z  EBR/2017        roh          52677 reg. Kerzen        0/0/0 von 251  Tagen gewertet (1m/5m/15m)        0 Signale  141 ms lesen  233 ms rechnen
2026-09-09T14:53:29.603Z  EBR/2018        roh          56370 reg. Kerzen        0/0/0 von 251  Tagen gewertet (1m/5m/15m)        0 Signale  82 ms lesen  257 ms rechnen
2026-09-09T14:53:35.590Z  EBR/2019        roh          69160 reg. Kerzen       25/0/0 von 252  Tagen gewertet (1m/5m/15m)      773 Signale  92 ms lesen  5763 ms rechnen
2026-09-09T14:53:40.029Z  EBR/2020        roh          76200 reg. Kerzen       14/0/0 von 253  Tagen gewertet (1m/5m/15m)      455 Signale  108 ms lesen  4188 ms rechnen
2026-09-09T14:54:08.032Z  EBR/2021        roh          79625 reg. Kerzen      112/0/0 von 252  Tagen gewertet (1m/5m/15m)     3301 Signale  84 ms lesen  27758 ms rechnen
2026-09-09T14:55:07.518Z  EBR/2022        roh          89599 reg. Kerzen      233/0/0 von 251  Tagen gewertet (1m/5m/15m)     6802 Signale  103 ms lesen  59219 ms rechnen
2026-09-09T14:55:53.375Z  EBR/2023        roh          82715 reg. Kerzen      181/0/0 von 250  Tagen gewertet (1m/5m/15m)     4976 Signale  3422 ms lesen  42237 ms rechnen
2026-09-09T14:56:21.135Z  EBR/2024        roh          77739 reg. Kerzen      114/0/0 von 252  Tagen gewertet (1m/5m/15m)     2997 Signale  2509 ms lesen  25051 ms rechnen
2026-09-09T14:56:52.955Z  EBR/2025        roh          67263 reg. Kerzen      122/0/0 von 214  Tagen gewertet (1m/5m/15m)     3017 Signale  4805 ms lesen  26844 ms rechnen
2026-09-09T14:56:53.368Z  ECDA/2022       bereinigt      120 reg. Kerzen        0/0/0 von 13   Tagen gewertet (1m/5m/15m)        0 Signale  190 ms lesen  1 ms rechnen
2026-09-09T14:56:53.925Z  ECDA/2023       bereinigt     3180 reg. Kerzen        0/0/0 von 164  Tagen gewertet (1m/5m/15m)        0 Signale  538 ms lesen  19 ms rechnen
2026-09-09T14:56:55.221Z  ECDA/2024       bereinigt    11099 reg. Kerzen        0/0/0 von 252  Tagen gewertet (1m/5m/15m)        0 Signale  1233 ms lesen  56 ms rechnen
2026-09-09T14:56:58.388Z  ECDA/2025       bereinigt    30529 reg. Kerzen        0/0/0 von 250  Tagen gewertet (1m/5m/15m)        0 Signale  3018 ms lesen  127 ms rechnen
2026-09-09T14:56:58.825Z  ECDA/2026       roh           2243 reg. Kerzen        0/0/0 von 10   Tagen gewertet (1m/5m/15m)        0 Signale  359 ms lesen  18 ms rechnen
2026-09-09T14:57:00.628Z  ECYT/2016       roh          41737 reg. Kerzen        0/0/0 von 252  Tagen gewertet (1m/5m/15m)        0 Signale  1545 ms lesen  185 ms rechnen
2026-09-09T14:57:05.672Z  ECYT/2017       roh          55695 reg. Kerzen       12/0/0 von 251  Tagen gewertet (1m/5m/15m)      368 Signale  1368 ms lesen  3573 ms rechnen
2026-09-09T14:57:55.830Z  ECYT/2018       roh          83269 reg. Kerzen      179/0/0 von 245  Tagen gewertet (1m/5m/15m)     5042 Signale  2922 ms lesen  47120 ms rechnen
2026-09-09T14:58:35.693Z  EDR/2016        roh          82689 reg. Kerzen      170/0/0 von 252  Tagen gewertet (1m/5m/15m)     3944 Signale  2731 ms lesen  36687 ms rechnen
2026-09-09T14:58:56.684Z  EDR/2017        roh          74476 reg. Kerzen       88/0/0 von 251  Tagen gewertet (1m/5m/15m)     2019 Signale  1965 ms lesen  18845 ms rechnen
2026-09-09T14:59:26.402Z  EDR/2018        roh          59034 reg. Kerzen      120/0/0 von 181  Tagen gewertet (1m/5m/15m)     2649 Signale  2471 ms lesen  27080 ms rechnen
2026-09-09T14:59:26.525Z  AUSGELASSEN EDR/2019: Datei fehlt
2026-09-09T14:59:26.683Z  AUSGELASSEN EDR/2020: Datei fehlt
2026-09-09T14:59:54.013Z  EDR/2021        roh          55988 reg. Kerzen       97/0/0 von 172  Tagen gewertet (1m/5m/15m)     2957 Signale  2046 ms lesen  25284 ms rechnen
2026-09-09T15:00:52.431Z  EDR/2022        roh          88519 reg. Kerzen      229/0/0 von 251  Tagen gewertet (1m/5m/15m)     6733 Signale  104 ms lesen  58200 ms rechnen
2026-09-09T15:01:57.291Z  EDR/2023        roh          93330 reg. Kerzen      247/0/0 von 250  Tagen gewertet (1m/5m/15m)     6630 Signale  650 ms lesen  64009 ms rechnen
2026-09-09T15:02:46.358Z  EDR/2024        roh          86517 reg. Kerzen      199/0/0 von 252  Tagen gewertet (1m/5m/15m)     4040 Signale  181 ms lesen  48696 ms rechnen
2026-09-09T15:02:50.876Z  EDR/2025        roh          14380 reg. Kerzen       18/0/0 von 54   Tagen gewertet (1m/5m/15m)      461 Signale  27 ms lesen  4314 ms rechnen
2026-09-09T15:02:50.983Z  EFBI/2017       roh           1265 reg. Kerzen        0/0/0 von 103  Tagen gewertet (1m/5m/15m)        0 Signale  45 ms lesen  6 ms rechnen
2026-09-09T15:02:51.040Z  EFBI/2018       roh            420 reg. Kerzen        0/0/0 von 133  Tagen gewertet (1m/5m/15m)        0 Signale  52 ms lesen  2 ms rechnen
2026-09-09T15:02:51.055Z  EFBI/2019       roh            290 reg. Kerzen        0/0/0 von 116  Tagen gewertet (1m/5m/15m)        0 Signale  11 ms lesen  2 ms rechnen
2026-09-09T15:02:56.341Z  EG/2016         roh          65774 reg. Kerzen       24/0/0 von 252  Tagen gewertet (1m/5m/15m)      544 Signale  103 ms lesen  5153 ms rechnen
2026-09-09T15:03:09.045Z  EG/2017         roh          66444 reg. Kerzen       59/0/0 von 251  Tagen gewertet (1m/5m/15m)     1466 Signale  99 ms lesen  12463 ms rechnen
2026-09-09T15:03:14.598Z  EG/2018         roh          62120 reg. Kerzen       24/0/0 von 251  Tagen gewertet (1m/5m/15m)      616 Signale  94 ms lesen  5327 ms rechnen
2026-09-09T15:03:18.034Z  EG/2019         roh          61011 reg. Kerzen       14/0/0 von 252  Tagen gewertet (1m/5m/15m)      330 Signale  70 ms lesen  3241 ms rechnen
2026-09-09T15:03:31.104Z  EG/2020         roh          65385 reg. Kerzen       48/0/0 von 253  Tagen gewertet (1m/5m/15m)     1401 Signale  98 ms lesen  12848 ms rechnen
2026-09-09T15:03:33.969Z  EG/2021         roh          58371 reg. Kerzen       11/0/0 von 252  Tagen gewertet (1m/5m/15m)      261 Signale  111 ms lesen  2595 ms rechnen
2026-09-09T15:03:35.585Z  EG/2022         roh          53502 reg. Kerzen        6/0/0 von 251  Tagen gewertet (1m/5m/15m)      155 Signale  78 ms lesen  1407 ms rechnen
2026-09-09T15:03:38.731Z  EG/2023         roh          54633 reg. Kerzen       12/0/0 von 250  Tagen gewertet (1m/5m/15m)      346 Signale  90 ms lesen  2935 ms rechnen
2026-09-09T15:03:41.164Z  EG/2024         roh          51002 reg. Kerzen        8/0/0 von 252  Tagen gewertet (1m/5m/15m)      235 Signale  80 ms lesen  2196 ms rechnen
2026-09-09T15:03:51.068Z  EG/2025         roh          58650 reg. Kerzen       43/0/0 von 250  Tagen gewertet (1m/5m/15m)     1022 Signale  83 ms lesen  9706 ms rechnen
2026-09-09T15:04:20.440Z  EG/2026         roh          55402 reg. Kerzen      135/0/0 von 166  Tagen gewertet (1m/5m/15m)     3291 Signale  78 ms lesen  29183 ms rechnen
2026-09-09T15:04:21.424Z  EGLX/2021       roh          44241 reg. Kerzen        2/0/0 von 178  Tagen gewertet (1m/5m/15m)       57 Signale  68 ms lesen  782 ms rechnen
2026-09-09T15:04:21.817Z  EGLX/2022       roh          48140 reg. Kerzen        0/0/0 von 251  Tagen gewertet (1m/5m/15m)        0 Signale  65 ms lesen  244 ms rechnen
2026-09-09T15:04:22.052Z  EGLX/2023       roh          22412 reg. Kerzen        0/0/0 von 207  Tagen gewertet (1m/5m/15m)        0 Signale  42 ms lesen  100 ms rechnen
2026-09-09T15:04:22.337Z  EGY/2016        roh          37283 reg. Kerzen        0/0/0 von 252  Tagen gewertet (1m/5m/15m)        0 Signale  66 ms lesen  151 ms rechnen
2026-09-09T15:04:22.597Z  EGY/2017        roh          27406 reg. Kerzen        0/0/0 von 251  Tagen gewertet (1m/5m/15m)        0 Signale  59 ms lesen  123 ms rechnen
2026-09-09T15:04:22.961Z  EGY/2018        roh          47455 reg. Kerzen        0/0/0 von 251  Tagen gewertet (1m/5m/15m)        0 Signale  79 ms lesen  225 ms rechnen
2026-09-09T15:04:23.338Z  EGY/2019        roh          43181 reg. Kerzen        0/0/0 von 252  Tagen gewertet (1m/5m/15m)        0 Signale  80 ms lesen  188 ms rechnen
2026-09-09T15:04:23.654Z  EGY/2020        roh          35539 reg. Kerzen        0/0/0 von 253  Tagen gewertet (1m/5m/15m)        0 Signale  49 ms lesen  168 ms rechnen
2026-09-09T15:04:23.978Z  EGY/2021        roh          41230 reg. Kerzen        0/0/0 von 252  Tagen gewertet (1m/5m/15m)        0 Signale  71 ms lesen  170 ms rechnen
2026-09-09T15:05:23.797Z  EGY/2022        roh          88054 reg. Kerzen      211/0/0 von 251  Tagen gewertet (1m/5m/15m)     6772 Signale  130 ms lesen  59603 ms rechnen
2026-09-09T15:05:41.808Z  EGY/2023        roh          82256 reg. Kerzen       52/0/0 von 250  Tagen gewertet (1m/5m/15m)     1588 Signale  2821 ms lesen  15015 ms rechnen
2026-09-09T15:06:00.991Z  EGY/2024        roh          80143 reg. Kerzen       67/0/0 von 252  Tagen gewertet (1m/5m/15m)     1928 Signale  3415 ms lesen  15596 ms rechnen
2026-09-09T15:06:03.735Z  EGY/2025        roh          75197 reg. Kerzen        0/0/0 von 250  Tagen gewertet (1m/5m/15m)        0 Signale  2170 ms lesen  414 ms rechnen
2026-09-09T15:06:28.877Z  EGY/2026        roh          55973 reg. Kerzen       95/0/0 von 166  Tagen gewertet (1m/5m/15m)     2738 Signale  1183 ms lesen  23791 ms rechnen
2026-09-09T15:06:36.130Z  EIGI/2016       roh          73995 reg. Kerzen       20/0/0 von 252  Tagen gewertet (1m/5m/15m)      572 Signale  2017 ms lesen  5035 ms rechnen
2026-09-09T15:06:40.428Z  EIGI/2017       roh          68323 reg. Kerzen        3/0/0 von 251  Tagen gewertet (1m/5m/15m)       68 Signale  2988 ms lesen  1142 ms rechnen
2026-09-09T15:06:48.302Z  EIGI/2018       roh          67722 reg. Kerzen       25/0/0 von 251  Tagen gewertet (1m/5m/15m)      694 Signale  1441 ms lesen  6302 ms rechnen
2026-09-09T15:06:50.840Z  EIGI/2019       roh          63771 reg. Kerzen        0/0/0 von 252  Tagen gewertet (1m/5m/15m)        0 Signale  2097 ms lesen  300 ms rechnen
2026-09-09T15:06:56.437Z  EIGI/2020       roh          74489 reg. Kerzen       11/0/0 von 253  Tagen gewertet (1m/5m/15m)      174 Signale  2298 ms lesen  3172 ms rechnen
2026-09-09T15:06:59.338Z  EIGI/2021       roh           8087 reg. Kerzen       10/0/0 von 27   Tagen gewertet (1m/5m/15m)      112 Signale  274 ms lesen  2478 ms rechnen
2026-09-09T15:06:59.534Z  ELEC/2016       roh            449 reg. Kerzen        0/0/0 von 127  Tagen gewertet (1m/5m/15m)        0 Signale  77 ms lesen  3 ms rechnen
2026-09-09T15:06:59.898Z  ELEC/2017       roh            635 reg. Kerzen        0/0/0 von 145  Tagen gewertet (1m/5m/15m)        0 Signale  360 ms lesen  3 ms rechnen
2026-09-09T15:06:59.967Z  ELEC/2018       roh            178 reg. Kerzen        0/0/0 von 49   Tagen gewertet (1m/5m/15m)        0 Signale  65 ms lesen  2 ms rechnen
2026-09-09T15:07:05.232Z  ELNK/2016       roh          77193 reg. Kerzen        9/0/0 von 252  Tagen gewertet (1m/5m/15m)      270 Signale  2582 ms lesen  2607 ms rechnen
2026-09-09T15:07:05.758Z  ELNK/2017       roh           9941 reg. Kerzen        0/0/0 von 37   Tagen gewertet (1m/5m/15m)        0 Signale  319 ms lesen  50 ms rechnen
2026-09-09T15:07:06.528Z  ELYM/2021       roh          11661 reg. Kerzen        0/0/0 von 101  Tagen gewertet (1m/5m/15m)        0 Signale  619 ms lesen  46 ms rechnen
2026-09-09T15:07:06.889Z  ELYM/2022       roh          10667 reg. Kerzen        0/0/0 von 248  Tagen gewertet (1m/5m/15m)        0 Signale  279 ms lesen  59 ms rechnen
2026-09-09T15:07:07.567Z  ELYM/2023       roh           3977 reg. Kerzen        0/0/0 von 243  Tagen gewertet (1m/5m/15m)        0 Signale  633 ms lesen  19 ms rechnen
2026-09-09T15:07:08.187Z  ELYM/2024       roh          18723 reg. Kerzen        0/0/0 von 186  Tagen gewertet (1m/5m/15m)        0 Signale  509 ms lesen  102 ms rechnen
2026-09-09T15:07:08.787Z  EMCI/2016       roh          13733 reg. Kerzen        0/0/0 von 252  Tagen gewertet (1m/5m/15m)        0 Signale  494 ms lesen  57 ms rechnen
2026-09-09T15:07:08.925Z  EMCI/2017       roh           9632 reg. Kerzen        0/0/0 von 251  Tagen gewertet (1m/5m/15m)        0 Signale  70 ms lesen  40 ms rechnen
2026-09-09T15:07:09.557Z  EMCI/2018       roh           8234 reg. Kerzen        0/0/0 von 251  Tagen gewertet (1m/5m/15m)        0 Signale  577 ms lesen  34 ms rechnen
2026-09-09T15:07:09.689Z  EMCI/2019       roh           6632 reg. Kerzen        0/0/0 von 181  Tagen gewertet (1m/5m/15m)        0 Signale  88 ms lesen  28 ms rechnen
2026-09-09T15:08:14.383Z  EMN/2016        roh          94713 reg. Kerzen      232/0/0 von 252  Tagen gewertet (1m/5m/15m)     5560 Signale  7626 ms lesen  57001 ms rechnen
2026-09-09T15:09:16.427Z  EMN/2017        roh          91161 reg. Kerzen      248/0/0 von 251  Tagen gewertet (1m/5m/15m)     5567 Signale  4574 ms lesen  57255 ms rechnen
2026-09-09T15:10:19.266Z  EMN/2018        roh          91773 reg. Kerzen      250/0/0 von 251  Tagen gewertet (1m/5m/15m)     6270 Signale  2340 ms lesen  60312 ms rechnen
2026-09-09T15:11:22.555Z  EMN/2019        roh          93142 reg. Kerzen      249/0/0 von 252  Tagen gewertet (1m/5m/15m)     6103 Signale  110 ms lesen  62991 ms rechnen
2026-09-09T15:12:26.473Z  EMN/2020        roh          93000 reg. Kerzen      247/0/0 von 253  Tagen gewertet (1m/5m/15m)     6757 Signale  118 ms lesen  63601 ms rechnen
2026-09-09T15:13:19.224Z  EMN/2021        roh          86831 reg. Kerzen      226/0/0 von 252  Tagen gewertet (1m/5m/15m)     5643 Signale  124 ms lesen  52412 ms rechnen
2026-09-09T15:14:21.981Z  EMN/2022        roh          92611 reg. Kerzen      247/0/0 von 251  Tagen gewertet (1m/5m/15m)     6540 Signale  119 ms lesen  62462 ms rechnen
2026-09-09T15:15:16.058Z  EMN/2023        roh          87407 reg. Kerzen      236/0/0 von 250  Tagen gewertet (1m/5m/15m)     5863 Signale  117 ms lesen  53772 ms rechnen
2026-09-09T15:16:00.140Z  EMN/2024        roh          83356 reg. Kerzen      186/0/0 von 252  Tagen gewertet (1m/5m/15m)     4340 Signale  2174 ms lesen  41734 ms rechnen
2026-09-09T15:17:01.397Z  EMN/2025        roh          90808 reg. Kerzen      245/0/0 von 250  Tagen gewertet (1m/5m/15m)     6274 Signale  1648 ms lesen  59424 ms rechnen
2026-09-09T15:17:39.049Z  EMN/2026        roh          58328 reg. Kerzen      152/0/0 von 166  Tagen gewertet (1m/5m/15m)     4095 Signale  851 ms lesen  36608 ms rechnen
2026-09-09T15:18:51.097Z  ENDP/2016       roh          97895 reg. Kerzen      232/0/0 von 252  Tagen gewertet (1m/5m/15m)     7309 Signale  3611 ms lesen  68210 ms rechnen
2026-09-09T15:20:03.637Z  ENDP/2017       roh          97226 reg. Kerzen      251/0/0 von 251  Tagen gewertet (1m/5m/15m)     7957 Signale  129 ms lesen  72199 ms rechnen
2026-09-09T15:21:15.795Z  ENDP/2018       roh          95794 reg. Kerzen      249/0/0 von 251  Tagen gewertet (1m/5m/15m)     7798 Signale  120 ms lesen  71822 ms rechnen
2026-09-09T15:22:30.609Z  ENDP/2019       roh          96454 reg. Kerzen      252/0/0 von 252  Tagen gewertet (1m/5m/15m)     8253 Signale  139 ms lesen  74458 ms rechnen
2026-09-09T15:23:48.019Z  ENDP/2020       roh          96062 reg. Kerzen      253/0/0 von 253  Tagen gewertet (1m/5m/15m)     8280 Signale  203 ms lesen  76992 ms rechnen
2026-09-09T15:25:02.737Z  ENDP/2021       roh          95694 reg. Kerzen      252/0/0 von 252  Tagen gewertet (1m/5m/15m)     8251 Signale  136 ms lesen  74381 ms rechnen
2026-09-09T15:25:04.629Z  CHECKPOINT 1600 Dateien, 447 min, Detektorfehler {}
2026-09-09T15:25:59.431Z  ENDP/2022       roh          62421 reg. Kerzen      163/0/0 von 163  Tagen gewertet (1m/5m/15m)     5466 Signale  2710 ms lesen  52091 ms rechnen
Signalstudie Minuten: Ausgabe voll-0-1m --teil 0/8 --zeitrahmen 1m, Start 09.09.2026 17:49:58,03 
2026-09-09T15:50:10.010Z  FORTSETZUNG: 1600 Dateien erledigt, Zellenstand 8

!!! WERTPAPIERART: Referenzkarte vorhanden, aber ohne Eintrag fuer GCI (erster Fall dieses Laufs; weitere werden nicht gemeldet) - solche Symbole fallen STILL aus dem Universum heraus.

2026-09-09T15:50:10.266Z  START signale-minuten-2026-09-06/v4/13x3x3x4x3+kurs | 913 Reihen (7299 Aktien, ausgeschlossen {"ETF":694,"ETN":7,"ETV":35,"FUND":16,"ETS":4,"ohne Art":1,"TEST":1,"UNIT":1}) | 13 Detektoren | Tage 2680 | Bestaetigung ab 2023-02-07 | Teil 0/8
2026-09-09T15:50:10.268Z  ZEITRAHMEN-TEIL: nur 1m - die uebrigen Zeitrahmen muessen in einem eigenen Lauf gemessen und beim Auswerten zusammengelegt werden
2026-09-09T15:50:25.099Z  AUSGELASSEN ABVE/2016: Datei fehlt
2026-09-09T15:50:25.100Z  AUSGELASSEN ABVE/2017: Datei fehlt
2026-09-09T15:50:25.101Z  AUSGELASSEN ABVE/2018: Datei fehlt
2026-09-09T15:50:25.101Z  AUSGELASSEN ABVE/2019: Datei fehlt
2026-09-09T15:50:25.102Z  AUSGELASSEN ABVE/2020: Datei fehlt
2026-09-09T15:52:18.836Z  AUSGELASSEN ADXS/2022: Datei fehlt
2026-09-09T15:52:19.077Z  AUSGELASSEN ADXS/2023: Datei fehlt
2026-09-09T15:52:19.078Z  AUSGELASSEN ADXS/2024: Datei fehlt
2026-09-09T15:52:19.079Z  AUSGELASSEN ADXS/2025: Datei fehlt
2026-09-09T15:52:35.010Z  AUSGELASSEN APTX/2024: Datei fehlt
2026-09-09T15:52:53.097Z  AUSGELASSEN BCLI/2026: Datei fehlt
2026-09-09T15:52:58.521Z  AUSGELASSEN BIMI/2025: Datei fehlt
2026-09-09T15:53:08.873Z  AUSGELASSEN CLOE/2025: Datei fehlt
2026-09-09T15:53:13.144Z  AUSGELASSEN CLVR/2025: Datei fehlt
2026-09-09T15:53:36.886Z  AUSGELASSEN CRKN/2026: Datei fehlt
2026-09-09T15:53:45.059Z  AUSGELASSEN DXYN/2025: Datei fehlt
2026-09-09T15:53:50.019Z  AUSGELASSEN DZSI/2025: Datei fehlt
2026-09-09T15:54:18.520Z  AUSGELASSEN EDR/2019: Datei fehlt
2026-09-09T15:54:18.739Z  AUSGELASSEN EDR/2020: Datei fehlt
2026-09-09T15:55:46.842Z  ENDP/2022       roh          62421 reg. Kerzen      163/0/0 von 163  Tagen gewertet (1m/5m/15m)     5466 Signale  13689 ms lesen  68185 ms rechnen
2026-09-09T15:55:56.510Z  ENI/2016        roh          25276 reg. Kerzen       29/0/0 von 79   Tagen gewertet (1m/5m/15m)      730 Signale  725 ms lesen  8425 ms rechnen
2026-09-09T15:57:01.064Z  ENOV/2016       roh          88340 reg. Kerzen      208/0/0 von 252  Tagen gewertet (1m/5m/15m)     5606 Signale  1748 ms lesen  62706 ms rechnen
2026-09-09T15:59:16.057Z  ENOV/2017       roh          81638 reg. Kerzen      184/0/0 von 251  Tagen gewertet (1m/5m/15m)     4544 Signale  82296 ms lesen  52437 ms rechnen
2026-09-09T16:00:20.283Z  ENOV/2018       roh          85093 reg. Kerzen      201/0/0 von 251  Tagen gewertet (1m/5m/15m)     5324 Signale  131 ms lesen  63851 ms rechnen
2026-09-09T16:01:46.143Z  ENOV/2019       roh          93744 reg. Kerzen      251/0/0 von 252  Tagen gewertet (1m/5m/15m)     6633 Signale  113 ms lesen  85507 ms rechnen
2026-09-09T16:03:06.568Z  ENOV/2020       roh          91351 reg. Kerzen      241/0/0 von 253  Tagen gewertet (1m/5m/15m)     7154 Signale  134 ms lesen  80026 ms rechnen
2026-09-09T16:04:25.658Z  ENOV/2021       roh          89688 reg. Kerzen      234/0/0 von 252  Tagen gewertet (1m/5m/15m)     6186 Signale  3326 ms lesen  75531 ms rechnen
2026-09-09T16:05:00.720Z  ENOV/2022       roh          71800 reg. Kerzen      101/0/0 von 251  Tagen gewertet (1m/5m/15m)     2826 Signale  2737 ms lesen  32069 ms rechnen
2026-09-09T16:05:15.976Z  ENOV/2023       roh          64759 reg. Kerzen       38/0/0 von 250  Tagen gewertet (1m/5m/15m)     1024 Signale  3854 ms lesen  11201 ms rechnen
2026-09-09T16:05:29.532Z  ENOV/2024       roh          66332 reg. Kerzen       37/0/0 von 252  Tagen gewertet (1m/5m/15m)     1040 Signale  2454 ms lesen  10926 ms rechnen
2026-09-09T16:06:18.776Z  ENOV/2025       roh          78453 reg. Kerzen      147/0/0 von 250  Tagen gewertet (1m/5m/15m)     4232 Signale  1829 ms lesen  47205 ms rechnen
2026-09-09T16:06:48.258Z  ENOV/2026       roh          51804 reg. Kerzen       89/0/0 von 166  Tagen gewertet (1m/5m/15m)     2671 Signale  1102 ms lesen  28108 ms rechnen
2026-09-09T16:06:49.067Z  ENT/2016        bereinigt    62141 reg. Kerzen        0/0/0 von 252  Tagen gewertet (1m/5m/15m)        0 Signale  187 ms lesen  401 ms rechnen
2026-09-09T16:06:49.893Z  ENT/2017        bereinigt    66364 reg. Kerzen        0/0/0 von 251  Tagen gewertet (1m/5m/15m)        0 Signale  118 ms lesen  520 ms rechnen
2026-09-09T16:06:50.528Z  ENT/2018        bereinigt    53733 reg. Kerzen        0/0/0 von 251  Tagen gewertet (1m/5m/15m)        0 Signale  80 ms lesen  351 ms rechnen
2026-09-09T16:06:52.347Z  ENT/2019        bereinigt    41937 reg. Kerzen        0/0/0 von 252  Tagen gewertet (1m/5m/15m)        0 Signale  1354 ms lesen  303 ms rechnen
2026-09-09T16:06:53.333Z  ENT/2020        bereinigt    21383 reg. Kerzen        0/0/0 von 148  Tagen gewertet (1m/5m/15m)        0 Signale  746 ms lesen  120 ms rechnen
2026-09-09T16:06:56.154Z  ENZ/2016        roh          49712 reg. Kerzen        0/0/0 von 252  Tagen gewertet (1m/5m/15m)        0 Signale  2234 ms lesen  293 ms rechnen
2026-09-09T16:06:58.905Z  ENZ/2017        roh          47848 reg. Kerzen        0/0/0 von 251  Tagen gewertet (1m/5m/15m)        0 Signale  2361 ms lesen  276 ms rechnen
2026-09-09T16:06:59.953Z  ENZ/2018        roh          41182 reg. Kerzen        0/0/0 von 251  Tagen gewertet (1m/5m/15m)        0 Signale  677 ms lesen  246 ms rechnen
2026-09-09T16:07:01.428Z  ENZ/2019        roh          33570 reg. Kerzen        0/0/0 von 252  Tagen gewertet (1m/5m/15m)        0 Signale  1193 ms lesen  173 ms rechnen
2026-09-09T16:07:04.384Z  ENZ/2020        roh          51018 reg. Kerzen        0/0/0 von 253  Tagen gewertet (1m/5m/15m)        0 Signale  2587 ms lesen  287 ms rechnen
2026-09-09T16:07:06.324Z  ENZ/2021        roh          41485 reg. Kerzen        0/0/0 von 252  Tagen gewertet (1m/5m/15m)        0 Signale  1534 ms lesen  278 ms rechnen
2026-09-09T16:07:06.590Z  ENZ/2022        roh          14723 reg. Kerzen        0/0/0 von 250  Tagen gewertet (1m/5m/15m)        0 Signale  38 ms lesen  95 ms rechnen
2026-09-09T16:07:06.890Z  ENZ/2023        roh          23773 reg. Kerzen        0/0/0 von 250  Tagen gewertet (1m/5m/15m)        0 Signale  58 ms lesen  160 ms rechnen
2026-09-09T16:07:07.117Z  ENZ/2024        roh          15593 reg. Kerzen        0/0/0 von 252  Tagen gewertet (1m/5m/15m)        0 Signale  36 ms lesen  117 ms rechnen
2026-09-09T16:07:07.234Z  ENZ/2025        roh           6570 reg. Kerzen        0/0/0 von 73   Tagen gewertet (1m/5m/15m)        0 Signale  22 ms lesen  41 ms rechnen
2026-09-09T16:07:17.473Z  EOSE/2020       roh          23778 reg. Kerzen       27/0/0 von 144  Tagen gewertet (1m/5m/15m)      849 Signale  47 ms lesen  10145 ms rechnen
2026-09-09T16:07:49.463Z  EOSE/2021       roh          72668 reg. Kerzen       92/0/0 von 252  Tagen gewertet (1m/5m/15m)     2993 Signale  134 ms lesen  31783 ms rechnen
2026-09-09T16:08:03.199Z  EOSE/2022       roh          81646 reg. Kerzen       36/0/0 von 251  Tagen gewertet (1m/5m/15m)     1184 Signale  124 ms lesen  13427 ms rechnen
2026-09-09T16:09:17.894Z  EOSE/2023       roh          92346 reg. Kerzen      187/0/0 von 250  Tagen gewertet (1m/5m/15m)     6324 Signale  139 ms lesen  74331 ms rechnen
2026-09-09T16:10:20.699Z  EOSE/2024       roh          94833 reg. Kerzen      154/0/0 von 252  Tagen gewertet (1m/5m/15m)     5124 Signale  143 ms lesen  62451 ms rechnen
2026-09-09T16:11:59.192Z  EOSE/2025       roh          96639 reg. Kerzen      250/0/0 von 250  Tagen gewertet (1m/5m/15m)     8400 Signale  193 ms lesen  98000 ms rechnen
2026-09-09T16:13:10.708Z  EOSE/2026       roh          64735 reg. Kerzen      166/0/0 von 166  Tagen gewertet (1m/5m/15m)     5518 Signale  4392 ms lesen  66855 ms rechnen
2026-09-09T16:13:11.657Z  EPHY/2021       roh           9476 reg. Kerzen        0/0/0 von 214  Tagen gewertet (1m/5m/15m)        0 Signale  648 ms lesen  40 ms rechnen
2026-09-09T16:13:12.367Z  EPHY/2022       roh           4983 reg. Kerzen        0/0/0 von 251  Tagen gewertet (1m/5m/15m)        0 Signale  645 ms lesen  38 ms rechnen
2026-09-09T16:13:12.429Z  EPHY/2023       roh            338 reg. Kerzen        0/0/0 von 8    Tagen gewertet (1m/5m/15m)        0 Signale  41 ms lesen  4 ms rechnen
2026-09-09T16:13:12.520Z  EQD/2020        roh           1763 reg. Kerzen        0/0/0 von 36   Tagen gewertet (1m/5m/15m)        0 Signale  80 ms lesen  8 ms rechnen
2026-09-09T16:13:13.365Z  EQD/2021        roh          17812 reg. Kerzen        0/0/0 von 251  Tagen gewertet (1m/5m/15m)        0 Signale  730 ms lesen  108 ms rechnen
2026-09-09T16:13:13.771Z  EQD/2022        roh           2503 reg. Kerzen        0/0/0 von 177  Tagen gewertet (1m/5m/15m)        0 Signale  332 ms lesen  20 ms rechnen
2026-09-09T16:13:14.347Z  EQOS/2020       roh           7496 reg. Kerzen        1/0/0 von 64   Tagen gewertet (1m/5m/15m)       33 Signale  70 ms lesen  466 ms rechnen
2026-09-09T16:13:29.906Z  EQOS/2021       roh          67316 reg. Kerzen       41/0/0 von 252  Tagen gewertet (1m/5m/15m)     1380 Signale  121 ms lesen  15418 ms rechnen
2026-09-09T16:13:30.955Z  EQOS/2022       roh          34901 reg. Kerzen        0/0/0 von 229  Tagen gewertet (1m/5m/15m)        0 Signale  666 ms lesen  225 ms rechnen
2026-09-09T16:13:33.280Z  ERAS/2021       roh          25795 reg. Kerzen        3/0/0 von 118  Tagen gewertet (1m/5m/15m)       96 Signale  879 ms lesen  1148 ms rechnen
2026-09-09T16:13:50.677Z  ERAS/2022       roh          68555 reg. Kerzen       48/0/0 von 251  Tagen gewertet (1m/5m/15m)     1503 Signale  1329 ms lesen  16001 ms rechnen
2026-09-09T16:13:58.286Z  ERAS/2023       roh          73785 reg. Kerzen        6/0/0 von 250  Tagen gewertet (1m/5m/15m)      181 Signale  4738 ms lesen  2703 ms rechnen
2026-09-09T16:14:04.450Z  ERAS/2024       roh          76906 reg. Kerzen        9/0/0 von 252  Tagen gewertet (1m/5m/15m)      274 Signale  2322 ms lesen  3639 ms rechnen
2026-09-09T16:14:10.426Z  ERAS/2025       roh          79199 reg. Kerzen        9/0/0 von 250  Tagen gewertet (1m/5m/15m)      250 Signale  2274 ms lesen  3497 ms rechnen
2026-09-09T16:15:17.263Z  ERAS/2026       roh          63933 reg. Kerzen      166/0/0 von 166  Tagen gewertet (1m/5m/15m)     5451 Signale  2481 ms lesen  64130 ms rechnen
2026-09-09T16:15:18.021Z  ERN/2016        roh          20764 reg. Kerzen        0/0/0 von 252  Tagen gewertet (1m/5m/15m)        0 Signale  197 ms lesen  118 ms rechnen
2026-09-09T16:15:19.083Z  ERN/2017        roh          14716 reg. Kerzen        0/0/0 von 251  Tagen gewertet (1m/5m/15m)        0 Signale  928 ms lesen  86 ms rechnen
2026-09-09T16:15:19.755Z  ERN/2018        roh           3587 reg. Kerzen        0/0/0 von 79   Tagen gewertet (1m/5m/15m)        0 Signale  618 ms lesen  22 ms rechnen
2026-09-09T16:15:20.339Z  ESBK/2016       roh           1343 reg. Kerzen        0/0/0 von 218  Tagen gewertet (1m/5m/15m)        0 Signale  206 ms lesen  11 ms rechnen
2026-09-09T16:15:20.444Z  ESBK/2017       roh           1636 reg. Kerzen        0/0/0 von 239  Tagen gewertet (1m/5m/15m)        0 Signale  84 ms lesen  15 ms rechnen
2026-09-09T16:15:21.396Z  ESBK/2018       roh           1934 reg. Kerzen        0/0/0 von 241  Tagen gewertet (1m/5m/15m)        0 Signale  931 ms lesen  14 ms rechnen
2026-09-09T16:15:22.124Z  ESBK/2019       roh           2777 reg. Kerzen        0/0/0 von 247  Tagen gewertet (1m/5m/15m)        0 Signale  703 ms lesen  20 ms rechnen
2026-09-09T16:15:22.203Z  ESBK/2020       roh           1458 reg. Kerzen        0/0/0 von 242  Tagen gewertet (1m/5m/15m)        0 Signale  57 ms lesen  13 ms rechnen
2026-09-09T16:15:22.253Z  ESBK/2021       roh           2030 reg. Kerzen        0/0/0 von 240  Tagen gewertet (1m/5m/15m)        0 Signale  29 ms lesen  16 ms rechnen
2026-09-09T16:15:22.290Z  ESBK/2022       roh            446 reg. Kerzen        0/0/0 von 82   Tagen gewertet (1m/5m/15m)        0 Signale  27 ms lesen  4 ms rechnen
2026-09-09T16:15:22.345Z  ESHA/2023       roh            480 reg. Kerzen        0/0/0 von 82   Tagen gewertet (1m/5m/15m)        0 Signale  35 ms lesen  4 ms rechnen
2026-09-09T16:15:22.419Z  ESHA/2024       roh            633 reg. Kerzen        0/0/0 von 177  Tagen gewertet (1m/5m/15m)        0 Signale  65 ms lesen  6 ms rechnen
2026-09-09T16:15:22.446Z  ESHA/2025       roh           1108 reg. Kerzen        0/0/0 von 78   Tagen gewertet (1m/5m/15m)        0 Signale  17 ms lesen  6 ms rechnen
2026-09-09T16:15:22.471Z  ESHA/2026       roh           1234 reg. Kerzen        0/0/0 von 75   Tagen gewertet (1m/5m/15m)        0 Signale  13 ms lesen  9 ms rechnen
2026-09-09T16:15:23.219Z  ESND/2016       roh          54879 reg. Kerzen        1/0/0 von 252  Tagen gewertet (1m/5m/15m)       31 Signale  133 ms lesen  609 ms rechnen
2026-09-09T16:15:24.096Z  ESND/2017       roh          56837 reg. Kerzen        1/0/0 von 251  Tagen gewertet (1m/5m/15m)       26 Signale  77 ms lesen  634 ms rechnen
2026-09-09T16:15:29.010Z  ESND/2018       roh          56799 reg. Kerzen        8/0/0 von 251  Tagen gewertet (1m/5m/15m)      229 Signale  1970 ms lesen  2788 ms rechnen
2026-09-09T16:15:29.274Z  ESND/2019       roh           3020 reg. Kerzen        0/0/0 von 20   Tagen gewertet (1m/5m/15m)        0 Signale  103 ms lesen  24 ms rechnen
2026-09-09T16:15:32.992Z  ESTC/2018       roh          13278 reg. Kerzen        8/0/0 von 59   Tagen gewertet (1m/5m/15m)      256 Signale  1058 ms lesen  2629 ms rechnen
2026-09-09T16:16:37.304Z  ESTC/2019       roh          84435 reg. Kerzen      191/0/0 von 252  Tagen gewertet (1m/5m/15m)     5511 Signale  3034 ms lesen  61250 ms rechnen
2026-09-09T16:18:02.097Z  ESTC/2020       roh          90351 reg. Kerzen      236/0/0 von 253  Tagen gewertet (1m/5m/15m)     7142 Signale  4575 ms lesen  80006 ms rechnen
2026-09-09T16:19:09.047Z  ESTC/2021       roh          85266 reg. Kerzen      208/0/0 von 252  Tagen gewertet (1m/5m/15m)     6184 Signale  142 ms lesen  66584 ms rechnen
2026-09-09T16:20:37.587Z  ESTC/2022       roh          92279 reg. Kerzen      250/0/0 von 251  Tagen gewertet (1m/5m/15m)     7896 Signale  162 ms lesen  88144 ms rechnen
2026-09-09T16:21:55.938Z  ESTC/2023       roh          89385 reg. Kerzen      244/0/0 von 250  Tagen gewertet (1m/5m/15m)     7057 Signale  124 ms lesen  77973 ms rechnen
2026-09-09T16:23:09.011Z  ESTC/2024       roh          87342 reg. Kerzen      222/0/0 von 252  Tagen gewertet (1m/5m/15m)     6113 Signale  2707 ms lesen  70100 ms rechnen
2026-09-09T16:24:30.312Z  ESTC/2025       roh          90166 reg. Kerzen      237/0/0 von 250  Tagen gewertet (1m/5m/15m)     6672 Signale  3684 ms lesen  77355 ms rechnen
2026-09-09T16:25:31.353Z  ESTC/2026       roh          61412 reg. Kerzen      163/0/0 von 166  Tagen gewertet (1m/5m/15m)     4898 Signale  3425 ms lesen  57355 ms rechnen
2026-09-09T16:25:31.950Z  ETAO/2021       bereinigt      470 reg. Kerzen        0/0/0 von 71   Tagen gewertet (1m/5m/15m)        0 Signale  158 ms lesen  4 ms rechnen
2026-09-09T16:25:32.373Z  ETAO/2022       bereinigt      591 reg. Kerzen        0/0/0 von 133  Tagen gewertet (1m/5m/15m)        0 Signale  414 ms lesen  6 ms rechnen
2026-09-09T16:25:33.954Z  ETAO/2023       bereinigt    25364 reg. Kerzen        0/0/0 von 238  Tagen gewertet (1m/5m/15m)        0 Signale  1447 ms lesen  130 ms rechnen
2026-09-09T16:25:34.385Z  ETAO/2024       bereinigt     4674 reg. Kerzen        0/0/0 von 89   Tagen gewertet (1m/5m/15m)        0 Signale  325 ms lesen  37 ms rechnen
2026-09-09T16:27:01.840Z  ETP/2016        roh          97338 reg. Kerzen      232/0/0 von 252  Tagen gewertet (1m/5m/15m)     6778 Signale  4925 ms lesen  82514 ms rechnen
2026-09-09T16:28:27.447Z  ETP/2017        roh          96369 reg. Kerzen      250/0/0 von 250  Tagen gewertet (1m/5m/15m)     6654 Signale  151 ms lesen  85149 ms rechnen
2026-09-09T16:29:39.491Z  ETP/2018        roh          78233 reg. Kerzen      202/0/0 von 202  Tagen gewertet (1m/5m/15m)     5478 Signale  116 ms lesen  71663 ms rechnen
2026-09-09T16:30:19.441Z  EURN/2016       roh          80528 reg. Kerzen      121/0/0 von 252  Tagen gewertet (1m/5m/15m)     3405 Signale  185 ms lesen  39523 ms rechnen
2026-09-09T16:30:20.570Z  EURN/2017       roh          65052 reg. Kerzen        1/0/0 von 251  Tagen gewertet (1m/5m/15m)       32 Signale  85 ms lesen  792 ms rechnen
2026-09-09T16:30:30.486Z  EURN/2018       roh          63697 reg. Kerzen       29/0/0 von 251  Tagen gewertet (1m/5m/15m)      747 Signale  110 ms lesen  9621 ms rechnen
2026-09-09T16:30:47.768Z  EURN/2019       roh          70851 reg. Kerzen       55/0/0 von 252  Tagen gewertet (1m/5m/15m)     1450 Signale  110 ms lesen  17010 ms rechnen
2026-09-09T16:32:08.159Z  EURN/2020       roh          90708 reg. Kerzen      240/0/0 von 253  Tagen gewertet (1m/5m/15m)     6991 Signale  133 ms lesen  80054 ms rechnen
2026-09-09T16:33:11.103Z  EURN/2021       roh          82978 reg. Kerzen      185/0/0 von 252  Tagen gewertet (1m/5m/15m)     4990 Signale  2922 ms lesen  59788 ms rechnen
2026-09-09T16:34:34.406Z  EURN/2022       roh          87846 reg. Kerzen      230/0/0 von 251  Tagen gewertet (1m/5m/15m)     6738 Signale  3354 ms lesen  79692 ms rechnen
2026-09-09T16:35:53.240Z  EURN/2023       roh          89899 reg. Kerzen      240/0/0 von 250  Tagen gewertet (1m/5m/15m)     6155 Signale  135 ms lesen  78455 ms rechnen
2026-09-09T16:36:08.223Z  EURN/2024       roh          33840 reg. Kerzen       46/0/0 von 133  Tagen gewertet (1m/5m/15m)      792 Signale  60 ms lesen  14637 ms rechnen
2026-09-09T16:36:08.383Z  EVE/2022        roh           1040 reg. Kerzen        0/0/0 von 202  Tagen gewertet (1m/5m/15m)        0 Signale  26 ms lesen  10 ms rechnen
2026-09-09T16:36:08.433Z  EVE/2023        roh           2412 reg. Kerzen        0/0/0 von 240  Tagen gewertet (1m/5m/15m)        0 Signale  28 ms lesen  19 ms rechnen
2026-09-09T16:36:08.461Z  EVE/2024        roh            971 reg. Kerzen        0/0/0 von 195  Tagen gewertet (1m/5m/15m)        0 Signale  15 ms lesen  8 ms rechnen
2026-09-09T16:36:08.530Z  EVK/2016        roh           2089 reg. Kerzen        0/0/0 von 224  Tagen gewertet (1m/5m/15m)        0 Signale  38 ms lesen  12 ms rechnen
2026-09-09T16:36:08.579Z  EVK/2017        roh            974 reg. Kerzen        0/0/0 von 195  Tagen gewertet (1m/5m/15m)        0 Signale  30 ms lesen  10 ms rechnen
2026-09-09T16:36:08.618Z  EVK/2018        roh           1878 reg. Kerzen        0/0/0 von 218  Tagen gewertet (1m/5m/15m)        0 Signale  22 ms lesen  14 ms rechnen
2026-09-09T16:36:08.647Z  EVK/2019        roh            990 reg. Kerzen        0/0/0 von 150  Tagen gewertet (1m/5m/15m)        0 Signale  14 ms lesen  8 ms rechnen
2026-09-09T16:36:08.782Z  EVK/2020        roh          12616 reg. Kerzen        0/0/0 von 219  Tagen gewertet (1m/5m/15m)        0 Signale  43 ms lesen  89 ms rechnen
2026-09-09T16:36:09.036Z  EVK/2021        roh          26501 reg. Kerzen        0/0/0 von 252  Tagen gewertet (1m/5m/15m)        0 Signale  80 ms lesen  148 ms rechnen
2026-09-09T16:36:09.158Z  EVK/2022        roh           4224 reg. Kerzen        0/0/0 von 244  Tagen gewertet (1m/5m/15m)        0 Signale  31 ms lesen  22 ms rechnen
2026-09-09T16:36:09.722Z  EVRI/2016       roh          62121 reg. Kerzen        0/0/0 von 252  Tagen gewertet (1m/5m/15m)        0 Signale  112 ms lesen  429 ms rechnen
2026-09-09T16:36:29.601Z  EVRI/2017       roh          79061 reg. Kerzen       59/0/0 von 251  Tagen gewertet (1m/5m/15m)     1745 Signale  104 ms lesen  19606 ms rechnen
2026-09-09T16:36:41.194Z  EVRI/2018       roh          76617 reg. Kerzen       35/0/0 von 251  Tagen gewertet (1m/5m/15m)     1030 Signale  124 ms lesen  11239 ms rechnen
2026-09-09T16:37:11.185Z  EVRI/2019       roh          81653 reg. Kerzen      100/0/0 von 252  Tagen gewertet (1m/5m/15m)     2859 Signale  122 ms lesen  29660 ms rechnen
2026-09-09T16:38:44.455Z  EVRI/2020       roh          93918 reg. Kerzen      240/0/0 von 253  Tagen gewertet (1m/5m/15m)     7748 Signale  4969 ms lesen  88052 ms rechnen
2026-09-09T16:39:59.825Z  EVRI/2021       roh          86765 reg. Kerzen      225/0/0 von 252  Tagen gewertet (1m/5m/15m)     6760 Signale  1978 ms lesen  73115 ms rechnen
2026-09-09T16:41:00.892Z  EVRI/2022       roh          82443 reg. Kerzen      179/0/0 von 251  Tagen gewertet (1m/5m/15m)     5347 Signale  3596 ms lesen  57233 ms rechnen
2026-09-09T16:42:00.470Z  EVRI/2023       roh          82894 reg. Kerzen      186/0/0 von 250  Tagen gewertet (1m/5m/15m)     5241 Signale  4382 ms lesen  54916 ms rechnen
2026-09-09T16:42:47.100Z  EVRI/2024       roh          78775 reg. Kerzen      147/0/0 von 252  Tagen gewertet (1m/5m/15m)     3669 Signale  1060 ms lesen  45343 ms rechnen
2026-09-09T16:42:56.180Z  EVRI/2025       roh          32419 reg. Kerzen       28/0/0 von 122  Tagen gewertet (1m/5m/15m)      468 Signale  68 ms lesen  8791 ms rechnen
2026-09-09T16:42:56.495Z  EXA/2016        roh          21134 reg. Kerzen        0/0/0 von 252  Tagen gewertet (1m/5m/15m)        0 Signale  86 ms lesen  102 ms rechnen
2026-09-09T16:42:57.004Z  EXA/2017        roh          18220 reg. Kerzen        1/0/0 von 222  Tagen gewertet (1m/5m/15m)       12 Signale  40 ms lesen  401 ms rechnen
2026-09-09T16:44:26.364Z  EXEL/2016       roh          96829 reg. Kerzen      232/0/0 von 252  Tagen gewertet (1m/5m/15m)     7137 Signale  149 ms lesen  89156 ms rechnen
2026-09-09T16:45:58.139Z  EXEL/2017       roh          96729 reg. Kerzen      251/0/0 von 251  Tagen gewertet (1m/5m/15m)     7450 Signale  212 ms lesen  91278 ms rechnen
2026-09-09T16:47:29.200Z  EXEL/2018       roh          96005 reg. Kerzen      249/0/0 von 251  Tagen gewertet (1m/5m/15m)     7424 Signale  133 ms lesen  90652 ms rechnen
2026-09-09T16:49:01.180Z  EXEL/2019       roh          97465 reg. Kerzen      252/0/0 von 252  Tagen gewertet (1m/5m/15m)     7234 Signale  3552 ms lesen  88160 ms rechnen
2026-09-09T16:50:35.402Z  EXEL/2020       roh          97214 reg. Kerzen      253/0/0 von 253  Tagen gewertet (1m/5m/15m)     7531 Signale  3391 ms lesen  90542 ms rechnen
2026-09-09T16:52:05.455Z  EXEL/2021       roh          94339 reg. Kerzen      252/0/0 von 252  Tagen gewertet (1m/5m/15m)     7161 Signale  2661 ms lesen  87108 ms rechnen
2026-09-09T16:53:35.655Z  EXEL/2022       roh          94763 reg. Kerzen      251/0/0 von 251  Tagen gewertet (1m/5m/15m)     7010 Signale  3021 ms lesen  86933 ms rechnen
2026-09-09T16:54:57.940Z  EXEL/2023       roh          93967 reg. Kerzen      250/0/0 von 250  Tagen gewertet (1m/5m/15m)     6328 Signale  686 ms lesen  81341 ms rechnen
2026-09-09T16:56:17.825Z  EXEL/2024       roh          93132 reg. Kerzen      251/0/0 von 252  Tagen gewertet (1m/5m/15m)     6206 Signale  216 ms lesen  79409 ms rechnen
2026-09-09T16:57:43.519Z  EXEL/2025       roh          95054 reg. Kerzen      250/0/0 von 250  Tagen gewertet (1m/5m/15m)     6859 Signale  119 ms lesen  85292 ms rechnen
2026-09-09T16:58:41.622Z  EXEL/2026       roh          62778 reg. Kerzen      166/0/0 von 166  Tagen gewertet (1m/5m/15m)     4506 Signale  2486 ms lesen  55362 ms rechnen
2026-09-09T17:00:02.490Z  EXPE/2016       roh          96971 reg. Kerzen      232/0/0 von 252  Tagen gewertet (1m/5m/15m)     5936 Signale  3032 ms lesen  77336 ms rechnen
2026-09-09T17:01:24.256Z  EXPE/2017       roh          94699 reg. Kerzen      250/0/0 von 251  Tagen gewertet (1m/5m/15m)     5927 Signale  3471 ms lesen  78043 ms rechnen
2026-09-09T17:02:49.829Z  EXPE/2018       roh          94625 reg. Kerzen      249/0/0 von 251  Tagen gewertet (1m/5m/15m)     6461 Signale  4234 ms lesen  81050 ms rechnen
2026-09-09T17:04:10.614Z  EXPE/2019       roh          95797 reg. Kerzen      252/0/0 von 252  Tagen gewertet (1m/5m/15m)     6006 Signale  150 ms lesen  80376 ms rechnen
2026-09-09T17:05:42.239Z  EXPE/2020       roh          97836 reg. Kerzen      253/0/0 von 253  Tagen gewertet (1m/5m/15m)     7566 Signale  164 ms lesen  91211 ms rechnen
2026-09-09T17:07:10.102Z  EXPE/2021       roh          97164 reg. Kerzen      252/0/0 von 252  Tagen gewertet (1m/5m/15m)     6956 Signale  154 ms lesen  87439 ms rechnen
2026-09-09T17:08:41.326Z  EXPE/2022       roh          97388 reg. Kerzen      251/0/0 von 251  Tagen gewertet (1m/5m/15m)     7429 Signale  142 ms lesen  90834 ms rechnen
2026-09-09T17:10:11.976Z  EXPE/2023       roh          96387 reg. Kerzen      250/0/0 von 250  Tagen gewertet (1m/5m/15m)     6655 Signale  5458 ms lesen  84954 ms rechnen
2026-09-09T17:11:36.437Z  EXPE/2024       roh          93759 reg. Kerzen      251/0/0 von 252  Tagen gewertet (1m/5m/15m)     6388 Signale  4275 ms lesen  79912 ms rechnen
2026-09-09T17:13:00.478Z  EXPE/2025       roh          91897 reg. Kerzen      245/0/0 von 250  Tagen gewertet (1m/5m/15m)     6683 Signale  4437 ms lesen  79336 ms rechnen
2026-09-09T17:13:54.751Z  EXPE/2026       roh          60303 reg. Kerzen      164/0/0 von 166  Tagen gewertet (1m/5m/15m)     4676 Signale  128 ms lesen  53927 ms rechnen
2026-09-09T17:13:55.196Z  EXXI/2016       roh          25646 reg. Kerzen        0/0/0 von 77   Tagen gewertet (1m/5m/15m)        0 Signale  70 ms lesen  173 ms rechnen
2026-09-09T17:13:55.577Z  EXXI/2017       roh          35277 reg. Kerzen        0/0/0 von 213  Tagen gewertet (1m/5m/15m)        0 Signale  80 ms lesen  222 ms rechnen
2026-09-09T17:13:55.785Z  EXXI/2018       roh          13592 reg. Kerzen        0/0/0 von 54   Tagen gewertet (1m/5m/15m)        0 Signale  28 ms lesen  81 ms rechnen
2026-09-09T17:14:45.063Z  FAF/2016        roh          84496 reg. Kerzen      178/0/0 von 252  Tagen gewertet (1m/5m/15m)     4218 Signale  123 ms lesen  49105 ms rechnen
2026-09-09T17:15:19.161Z  FAF/2017        roh          77651 reg. Kerzen      130/0/0 von 251  Tagen gewertet (1m/5m/15m)     2971 Signale  109 ms lesen  33782 ms rechnen
2026-09-09T17:16:08.714Z  FAF/2018        roh          81171 reg. Kerzen      171/0/0 von 251  Tagen gewertet (1m/5m/15m)     4137 Signale  124 ms lesen  49202 ms rechnen
2026-09-09T17:16:53.811Z  FAF/2019        roh          80185 reg. Kerzen      168/0/0 von 252  Tagen gewertet (1m/5m/15m)     3836 Signale  129 ms lesen  44708 ms rechnen
2026-09-09T17:18:07.431Z  FAF/2020        roh          89117 reg. Kerzen      232/0/0 von 253  Tagen gewertet (1m/5m/15m)     6348 Signale  147 ms lesen  73233 ms rechnen
2026-09-09T17:18:48.851Z  FAF/2021        roh          78171 reg. Kerzen      139/0/0 von 252  Tagen gewertet (1m/5m/15m)     3421 Signale  3185 ms lesen  38004 ms rechnen
2026-09-09T17:19:36.230Z  FAF/2022        roh          79747 reg. Kerzen      157/0/0 von 251  Tagen gewertet (1m/5m/15m)     4265 Signale  2982 ms lesen  44195 ms rechnen
2026-09-09T17:20:00.894Z  FAF/2023        roh          72010 reg. Kerzen       76/0/0 von 250  Tagen gewertet (1m/5m/15m)     1957 Signale  3678 ms lesen  20750 ms rechnen
2026-09-09T17:20:23.216Z  FAF/2024        roh          71272 reg. Kerzen       71/0/0 von 252  Tagen gewertet (1m/5m/15m)     1774 Signale  3128 ms lesen  18997 ms rechnen
2026-09-09T17:20:47.009Z  FAF/2025        roh          71035 reg. Kerzen       73/0/0 von 250  Tagen gewertet (1m/5m/15m)     1926 Signale  2824 ms lesen  20786 ms rechnen
2026-09-09T17:21:10.712Z  FAF/2026        roh          50551 reg. Kerzen       77/0/0 von 166  Tagen gewertet (1m/5m/15m)     2026 Signale  1803 ms lesen  21683 ms rechnen
2026-09-09T17:21:11.974Z  FAT/2017        bereinigt     3198 reg. Kerzen        0/0/0 von 48   Tagen gewertet (1m/5m/15m)        0 Signale  1060 ms lesen  13 ms rechnen
2026-09-09T17:21:12.579Z  FAT/2018        bereinigt     3926 reg. Kerzen        0/0/0 von 250  Tagen gewertet (1m/5m/15m)        0 Signale  570 ms lesen  26 ms rechnen
2026-09-09T17:21:13.270Z  FAT/2019        bereinigt     2998 reg. Kerzen        0/0/0 von 252  Tagen gewertet (1m/5m/15m)        0 Signale  659 ms lesen  17 ms rechnen
2026-09-09T17:21:14.959Z  FAT/2020        bereinigt     8270 reg. Kerzen        0/0/0 von 252  Tagen gewertet (1m/5m/15m)        0 Signale  1634 ms lesen  44 ms rechnen
2026-09-09T17:21:15.749Z  FAT/2021        bereinigt    12484 reg. Kerzen        0/0/0 von 252  Tagen gewertet (1m/5m/15m)        0 Signale  697 ms lesen  77 ms rechnen
2026-09-09T17:21:16.241Z  FAT/2022        bereinigt     6934 reg. Kerzen        0/0/0 von 251  Tagen gewertet (1m/5m/15m)        0 Signale  410 ms lesen  43 ms rechnen
2026-09-09T17:21:16.880Z  FAT/2023        bereinigt     6423 reg. Kerzen        0/0/0 von 250  Tagen gewertet (1m/5m/15m)        0 Signale  570 ms lesen  50 ms rechnen
2026-09-09T17:21:17.478Z  FAT/2024        bereinigt     7689 reg. Kerzen        0/0/0 von 252  Tagen gewertet (1m/5m/15m)        0 Signale  541 ms lesen  39 ms rechnen
2026-09-09T17:21:18.144Z  FAT/2025        bereinigt    15360 reg. Kerzen        0/0/0 von 250  Tagen gewertet (1m/5m/15m)        0 Signale  549 ms lesen  96 ms rechnen
2026-09-09T17:21:18.753Z  FAT/2026        roh           3597 reg. Kerzen        0/0/0 von 22   Tagen gewertet (1m/5m/15m)        0 Signale  542 ms lesen  29 ms rechnen
2026-09-09T17:21:20.774Z  FBC/2016        roh          52146 reg. Kerzen        0/0/0 von 252  Tagen gewertet (1m/5m/15m)        0 Signale  1680 ms lesen  287 ms rechnen
2026-09-09T17:21:23.431Z  FBC/2017        roh          50615 reg. Kerzen        3/0/0 von 251  Tagen gewertet (1m/5m/15m)       86 Signale  1255 ms lesen  1239 ms rechnen
2026-09-09T17:21:33.784Z  FBC/2018        roh          59201 reg. Kerzen       27/0/0 von 251  Tagen gewertet (1m/5m/15m)      705 Signale  1998 ms lesen  8237 ms rechnen
2026-09-09T17:21:44.445Z  FBC/2019        roh          62653 reg. Kerzen       25/0/0 von 252  Tagen gewertet (1m/5m/15m)      645 Signale  3360 ms lesen  7155 ms rechnen
2026-09-09T17:22:04.776Z  FBC/2020        roh          70495 reg. Kerzen       65/0/0 von 253  Tagen gewertet (1m/5m/15m)     1942 Signale  110 ms lesen  20039 ms rechnen
2026-09-09T17:22:23.456Z  FBC/2021        roh          67966 reg. Kerzen       60/0/0 von 252  Tagen gewertet (1m/5m/15m)     1660 Signale  661 ms lesen  17832 ms rechnen
2026-09-09T17:22:40.850Z  FBC/2022        roh          58163 reg. Kerzen       51/0/0 von 230  Tagen gewertet (1m/5m/15m)     1474 Signale  2068 ms lesen  15155 ms rechnen
2026-09-09T17:23:56.434Z  FBR/2016        roh          91082 reg. Kerzen      227/0/0 von 252  Tagen gewertet (1m/5m/15m)     6452 Signale  2137 ms lesen  73272 ms rechnen
2026-09-09T17:25:06.172Z  FBR/2017        roh          88871 reg. Kerzen      231/0/0 von 251  Tagen gewertet (1m/5m/15m)     6359 Signale  143 ms lesen  69344 ms rechnen
2026-09-09T17:26:18.633Z  FBR/2018        roh          90217 reg. Kerzen      241/0/0 von 251  Tagen gewertet (1m/5m/15m)     6072 Signale  236 ms lesen  72010 ms rechnen
2026-09-09T17:26:19.393Z  FBR/2019        roh            659 reg. Kerzen        2/0/0 von 2    Tagen gewertet (1m/5m/15m)       50 Signale  8 ms lesen  507 ms rechnen
2026-09-09T17:26:19.500Z  FCCY/2016       roh           3229 reg. Kerzen        0/0/0 von 236  Tagen gewertet (1m/5m/15m)        0 Signale  59 ms lesen  24 ms rechnen
2026-09-09T17:26:19.588Z  FCCY/2017       roh           6154 reg. Kerzen        0/0/0 von 249  Tagen gewertet (1m/5m/15m)        0 Signale  38 ms lesen  38 ms rechnen
2026-09-09T17:26:19.690Z  FCCY/2018       roh           6793 reg. Kerzen        0/0/0 von 251  Tagen gewertet (1m/5m/15m)        0 Signale  39 ms lesen  41 ms rechnen
2026-09-09T17:26:19.756Z  FCCY/2019       roh           3949 reg. Kerzen        0/0/0 von 249  Tagen gewertet (1m/5m/15m)        0 Signale  23 ms lesen  24 ms rechnen
2026-09-09T17:26:19.834Z  FCCY/2020       roh           4875 reg. Kerzen        0/0/0 von 252  Tagen gewertet (1m/5m/15m)        0 Signale  35 ms lesen  31 ms rechnen
2026-09-09T17:26:19.946Z  FCCY/2021       roh           8678 reg. Kerzen        0/0/0 von 252  Tagen gewertet (1m/5m/15m)        0 Signale  42 ms lesen  51 ms rechnen
2026-09-09T17:26:19.999Z  FCCY/2022       roh            257 reg. Kerzen        0/0/0 von 4    Tagen gewertet (1m/5m/15m)        0 Signale  22 ms lesen  3 ms rechnen
2026-09-09T17:26:22.302Z  FCN/2016        roh          57214 reg. Kerzen        7/0/0 von 252  Tagen gewertet (1m/5m/15m)      191 Signale  101 ms lesen  2191 ms rechnen
2026-09-09T17:26:28.851Z  FCN/2017        roh          60818 reg. Kerzen       23/0/0 von 251  Tagen gewertet (1m/5m/15m)      628 Signale  89 ms lesen  6309 ms rechnen
2026-09-09T17:26:34.328Z  FCN/2018        roh          59500 reg. Kerzen       18/0/0 von 251  Tagen gewertet (1m/5m/15m)      489 Signale  96 ms lesen  5219 ms rechnen
2026-09-09T17:26:37.284Z  FCN/2019        roh          53808 reg. Kerzen        9/0/0 von 252  Tagen gewertet (1m/5m/15m)      253 Signale  79 ms lesen  2695 ms rechnen
2026-09-09T17:26:57.952Z  FCN/2020        roh          68785 reg. Kerzen       71/0/0 von 253  Tagen gewertet (1m/5m/15m)     2022 Signale  95 ms lesen  20441 ms rechnen
2026-09-09T17:27:01.642Z  FCN/2021        roh          50296 reg. Kerzen       12/0/0 von 252  Tagen gewertet (1m/5m/15m)      301 Signale  117 ms lesen  3385 ms rechnen
2026-09-09T17:27:03.574Z  FCN/2022        roh          48664 reg. Kerzen        5/0/0 von 251  Tagen gewertet (1m/5m/15m)      140 Signale  87 ms lesen  1708 ms rechnen
2026-09-09T17:27:04.996Z  FCN/2023        roh          40731 reg. Kerzen        4/0/0 von 250  Tagen gewertet (1m/5m/15m)      115 Signale  85 ms lesen  1210 ms rechnen
2026-09-09T17:27:05.617Z  FCN/2024        roh          32886 reg. Kerzen        1/0/0 von 252  Tagen gewertet (1m/5m/15m)       24 Signale  65 ms lesen  416 ms rechnen
2026-09-09T17:27:06.535Z  FCN/2025        roh          44780 reg. Kerzen        2/0/0 von 250  Tagen gewertet (1m/5m/15m)       48 Signale  84 ms lesen  765 ms rechnen
2026-09-09T17:27:07.136Z  FCN/2026        roh          31465 reg. Kerzen        1/0/0 von 166  Tagen gewertet (1m/5m/15m)       22 Signale  46 ms lesen  422 ms rechnen
2026-09-09T17:28:26.243Z  FDC/2016        roh          95972 reg. Kerzen      232/0/0 von 252  Tagen gewertet (1m/5m/15m)     6930 Signale  162 ms lesen  78817 ms rechnen
2026-09-09T17:29:52.052Z  FDC/2017        roh          96032 reg. Kerzen      251/0/0 von 251  Tagen gewertet (1m/5m/15m)     6603 Signale  4201 ms lesen  81337 ms rechnen
2026-09-09T17:31:22.361Z  FDC/2018        roh          97186 reg. Kerzen      251/0/0 von 251  Tagen gewertet (1m/5m/15m)     6921 Signale  3193 ms lesen  86819 ms rechnen
2026-09-09T17:32:12.577Z  FDC/2019        roh          55398 reg. Kerzen      143/0/0 von 143  Tagen gewertet (1m/5m/15m)     3365 Signale  2607 ms lesen  47359 ms rechnen
2026-09-09T17:33:36.300Z  FE/2016         roh          97794 reg. Kerzen      232/0/0 von 252  Tagen gewertet (1m/5m/15m)     5549 Signale  5575 ms lesen  77891 ms rechnen
2026-09-09T17:34:57.500Z  FE/2017         roh          97255 reg. Kerzen      251/0/0 von 251  Tagen gewertet (1m/5m/15m)     5748 Signale  181 ms lesen  80741 ms rechnen
2026-09-09T17:36:20.404Z  FE/2018         roh          97177 reg. Kerzen      251/0/0 von 251  Tagen gewertet (1m/5m/15m)     5934 Signale  126 ms lesen  82535 ms rechnen
2026-09-09T17:37:45.097Z  FE/2019         roh          97542 reg. Kerzen      252/0/0 von 252  Tagen gewertet (1m/5m/15m)     5507 Signale  147 ms lesen  84300 ms rechnen
2026-09-09T17:39:14.812Z  FE/2020         roh          98126 reg. Kerzen      253/0/0 von 253  Tagen gewertet (1m/5m/15m)     6728 Signale  143 ms lesen  89285 ms rechnen
2026-09-09T17:40:41.691Z  FE/2021         roh          96496 reg. Kerzen      250/0/0 von 252  Tagen gewertet (1m/5m/15m)     5921 Signale  3193 ms lesen  83386 ms rechnen
2026-09-09T17:40:43.817Z  CHECKPOINT 1800 Dateien, 111 min, Detektorfehler {}
2026-09-09T17:42:13.250Z  FE/2022         roh          97077 reg. Kerzen      250/0/0 von 251  Tagen gewertet (1m/5m/15m)     6103 Signale  3787 ms lesen  85645 ms rechnen
2026-09-09T17:43:38.157Z  FE/2023         roh          96811 reg. Kerzen      250/0/0 von 250  Tagen gewertet (1m/5m/15m)     5870 Signale  2773 ms lesen  81892 ms rechnen
2026-09-09T17:45:00.546Z  FE/2024         roh          96779 reg. Kerzen      252/0/0 von 252  Tagen gewertet (1m/5m/15m)     5478 Signale  135 ms lesen  81964 ms rechnen
2026-09-09T17:46:25.077Z  FE/2025         roh          96444 reg. Kerzen      250/0/0 von 250  Tagen gewertet (1m/5m/15m)     5595 Signale  138 ms lesen  84105 ms rechnen
2026-09-09T17:47:20.011Z  FE/2026         roh          64541 reg. Kerzen      166/0/0 von 166  Tagen gewertet (1m/5m/15m)     3878 Signale  90 ms lesen  54555 ms rechnen
2026-09-09T17:47:20.576Z  FFBC/2016       roh          51170 reg. Kerzen        0/0/0 von 252  Tagen gewertet (1m/5m/15m)        0 Signale  92 ms lesen  257 ms rechnen
2026-09-09T17:47:21.707Z  FFBC/2017       roh          52095 reg. Kerzen        2/0/0 von 251  Tagen gewertet (1m/5m/15m)       55 Signale  89 ms lesen  881 ms rechnen
2026-09-09T17:47:34.621Z  FFBC/2018       roh          63875 reg. Kerzen       42/0/0 von 251  Tagen gewertet (1m/5m/15m)     1145 Signale  101 ms lesen  12653 ms rechnen
2026-09-09T17:47:41.845Z  FFBC/2019       roh          66160 reg. Kerzen       24/0/0 von 252  Tagen gewertet (1m/5m/15m)      635 Signale  95 ms lesen  6939 ms rechnen
2026-09-09T17:48:01.294Z  FFBC/2020       roh          71236 reg. Kerzen       59/0/0 von 253  Tagen gewertet (1m/5m/15m)     1842 Signale  106 ms lesen  19156 ms rechnen
2026-09-09T17:48:03.067Z  FFBC/2021       roh          58245 reg. Kerzen        4/0/0 von 252  Tagen gewertet (1m/5m/15m)      103 Signale  233 ms lesen  1349 ms rechnen
2026-09-09T17:48:03.673Z  FFBC/2022       roh          55641 reg. Kerzen        0/0/0 von 251  Tagen gewertet (1m/5m/15m)        0 Signale  99 ms lesen  312 ms rechnen
2026-09-09T17:48:04.756Z  FFBC/2023       roh          52666 reg. Kerzen        2/0/0 von 250  Tagen gewertet (1m/5m/15m)       61 Signale  102 ms lesen  839 ms rechnen
2026-09-09T17:48:05.826Z  FFBC/2024       roh          55348 reg. Kerzen        2/0/0 von 252  Tagen gewertet (1m/5m/15m)       49 Signale  83 ms lesen  858 ms rechnen
2026-09-09T17:48:10.263Z  FFBC/2025       roh          58890 reg. Kerzen       15/0/0 von 250  Tagen gewertet (1m/5m/15m)      354 Signale  85 ms lesen  4197 ms rechnen
2026-09-09T17:48:40.231Z  FFBC/2026       roh          53348 reg. Kerzen      108/0/0 von 166  Tagen gewertet (1m/5m/15m)     2556 Signale  66 ms lesen  29733 ms rechnen
2026-09-09T17:48:41.578Z  FFKT/2016       roh           8296 reg. Kerzen        0/0/0 von 252  Tagen gewertet (1m/5m/15m)        0 Signale  1115 ms lesen  43 ms rechnen
2026-09-09T17:48:42.233Z  FFKT/2017       roh          11569 reg. Kerzen        0/0/0 von 251  Tagen gewertet (1m/5m/15m)        0 Signale  553 ms lesen  82 ms rechnen
2026-09-09T17:48:42.418Z  FFKT/2018       roh           9578 reg. Kerzen        0/0/0 von 160  Tagen gewertet (1m/5m/15m)        0 Signale  85 ms lesen  61 ms rechnen
2026-09-09T17:48:59.309Z  FGP/2016        roh          60108 reg. Kerzen       38/0/0 von 252  Tagen gewertet (1m/5m/15m)     1240 Signale  3771 ms lesen  12623 ms rechnen
2026-09-09T17:49:01.777Z  FGP/2017        roh          50130 reg. Kerzen        5/0/0 von 251  Tagen gewertet (1m/5m/15m)      155 Signale  377 ms lesen  1937 ms rechnen
2026-09-09T17:49:02.622Z  FGP/2018        roh          36505 reg. Kerzen        0/0/0 von 251  Tagen gewertet (1m/5m/15m)        0 Signale  514 ms lesen  211 ms rechnen
2026-09-09T17:49:04.445Z  FGP/2019        roh          27833 reg. Kerzen        0/0/0 von 252  Tagen gewertet (1m/5m/15m)        0 Signale  1583 ms lesen  152 ms rechnen
2026-09-09T17:49:04.812Z  FGP/2020        roh            728 reg. Kerzen        0/0/0 von 6    Tagen gewertet (1m/5m/15m)        0 Signale  292 ms lesen  11 ms rechnen
2026-09-09T17:49:58.257Z  FI/2016         roh          83311 reg. Kerzen      163/0/0 von 252  Tagen gewertet (1m/5m/15m)     4650 Signale  2862 ms lesen  50445 ms rechnen
2026-09-09T17:51:14.981Z  FI/2017         roh          87503 reg. Kerzen      233/0/0 von 251  Tagen gewertet (1m/5m/15m)     6649 Signale  2302 ms lesen  74192 ms rechnen
2026-09-09T17:51:51.679Z  FI/2018         roh          84443 reg. Kerzen      106/0/0 von 251  Tagen gewertet (1m/5m/15m)     2944 Signale  3992 ms lesen  32450 ms rechnen
2026-09-09T17:51:55.896Z  FI/2019         roh          76185 reg. Kerzen        0/0/0 von 252  Tagen gewertet (1m/5m/15m)        0 Signale  3578 ms lesen  441 ms rechnen
2026-09-09T17:51:58.984Z  FI/2020         roh          75571 reg. Kerzen        0/0/0 von 253  Tagen gewertet (1m/5m/15m)        0 Signale  2274 ms lesen  615 ms rechnen
2026-09-09T17:52:10.247Z  FI/2021         roh          57730 reg. Kerzen       28/0/0 von 189  Tagen gewertet (1m/5m/15m)      874 Signale  866 ms lesen  10160 ms rechnen
2026-09-09T17:52:10.382Z  AUSGELASSEN FI/2022: Datei fehlt
2026-09-09T17:52:55.377Z  FI/2023         roh          54909 reg. Kerzen      133/0/0 von 143  Tagen gewertet (1m/5m/15m)     2929 Signale  3313 ms lesen  41681 ms rechnen
2026-09-09T17:54:16.478Z  FI/2024         roh          96813 reg. Kerzen      252/0/0 von 252  Tagen gewertet (1m/5m/15m)     5530 Signale  176 ms lesen  80792 ms rechnen
2026-09-09T17:55:30.262Z  FI/2025         roh          83238 reg. Kerzen      215/0/0 von 215  Tagen gewertet (1m/5m/15m)     5440 Signale  117 ms lesen  73391 ms rechnen
2026-09-09T17:56:42.238Z  FINL/2016       roh          90808 reg. Kerzen      224/0/0 von 252  Tagen gewertet (1m/5m/15m)     6226 Signale  136 ms lesen  71592 ms rechnen
2026-09-09T17:58:04.985Z  FINL/2017       roh          91468 reg. Kerzen      250/0/0 von 251  Tagen gewertet (1m/5m/15m)     7340 Signale  139 ms lesen  82318 ms rechnen
2026-09-09T17:58:42.297Z  FINL/2018       roh          40395 reg. Kerzen      105/0/0 von 115  Tagen gewertet (1m/5m/15m)     2518 Signale  65 ms lesen  36986 ms rechnen
2026-09-09T17:58:42.688Z  FITBO/2019      roh           3939 reg. Kerzen        0/0/0 von 63   Tagen gewertet (1m/5m/15m)        0 Signale  156 ms lesen  26 ms rechnen
2026-09-09T17:58:43.310Z  FITBO/2020      roh          12952 reg. Kerzen        0/0/0 von 253  Tagen gewertet (1m/5m/15m)        0 Signale  537 ms lesen  73 ms rechnen
2026-09-09T17:58:44.617Z  FITBO/2021      roh           6793 reg. Kerzen        0/0/0 von 252  Tagen gewertet (1m/5m/15m)        0 Signale  1216 ms lesen  49 ms rechnen
2026-09-09T17:58:45.402Z  FITBO/2022      roh           9768 reg. Kerzen        0/0/0 von 251  Tagen gewertet (1m/5m/15m)        0 Signale  709 ms lesen  52 ms rechnen
2026-09-09T17:58:46.329Z  FITBO/2023      roh          10038 reg. Kerzen        0/0/0 von 250  Tagen gewertet (1m/5m/15m)        0 Signale  842 ms lesen  60 ms rechnen
2026-09-09T17:58:46.997Z  FITBO/2024      roh           8595 reg. Kerzen        0/0/0 von 252  Tagen gewertet (1m/5m/15m)        0 Signale  589 ms lesen  48 ms rechnen
2026-09-09T17:58:47.598Z  FITBO/2025      roh           9783 reg. Kerzen        0/0/0 von 250  Tagen gewertet (1m/5m/15m)        0 Signale  519 ms lesen  56 ms rechnen
2026-09-09T17:58:47.707Z  FITBO/2026      roh           3822 reg. Kerzen        0/0/0 von 111  Tagen gewertet (1m/5m/15m)        0 Signale  66 ms lesen  20 ms rechnen
2026-09-09T18:00:15.526Z  FLEX/2016       bereinigt    96209 reg. Kerzen      232/0/0 von 252  Tagen gewertet (1m/5m/15m)     5867 Signale  9820 ms lesen  77909 ms rechnen
2026-09-09T18:01:46.028Z  FLEX/2017       bereinigt    95536 reg. Kerzen      251/0/0 von 251  Tagen gewertet (1m/5m/15m)     6086 Signale  8809 ms lesen  81421 ms rechnen
2026-09-09T18:03:18.003Z  FLEX/2018       bereinigt    95095 reg. Kerzen      249/0/0 von 251  Tagen gewertet (1m/5m/15m)     6693 Signale  8260 ms lesen  83423 ms rechnen
2026-09-09T18:04:52.820Z  FLEX/2019       bereinigt    96192 reg. Kerzen      252/0/0 von 252  Tagen gewertet (1m/5m/15m)     6912 Signale  6767 ms lesen  87772 ms rechnen
2026-09-09T18:06:21.503Z  FLEX/2020       bereinigt    96643 reg. Kerzen      253/0/0 von 253  Tagen gewertet (1m/5m/15m)     7411 Signale  215 ms lesen  88213 ms rechnen
2026-09-09T18:07:51.214Z  FLEX/2021       bereinigt    95761 reg. Kerzen      252/0/0 von 252  Tagen gewertet (1m/5m/15m)     6916 Signale  234 ms lesen  89233 ms rechnen
2026-09-09T18:09:23.068Z  FLEX/2022       bereinigt    96966 reg. Kerzen      251/0/0 von 251  Tagen gewertet (1m/5m/15m)     7119 Signale  285 ms lesen  91331 ms rechnen
2026-09-09T18:10:56.815Z  FLEX/2023       bereinigt    96744 reg. Kerzen      250/0/0 von 250  Tagen gewertet (1m/5m/15m)     6511 Signale  8596 ms lesen  84895 ms rechnen
2026-09-09T18:12:26.946Z  FLEX/2024       bereinigt    97060 reg. Kerzen      252/0/0 von 252  Tagen gewertet (1m/5m/15m)     6703 Signale  3619 ms lesen  86231 ms rechnen
2026-09-09T18:14:00.752Z  FLEX/2025       roh          96564 reg. Kerzen      250/0/0 von 250  Tagen gewertet (1m/5m/15m)     6766 Signale  4121 ms lesen  89410 ms rechnen
2026-09-09T18:15:06.505Z  FLEX/2026       roh          64458 reg. Kerzen      166/0/0 von 166  Tagen gewertet (1m/5m/15m)     5019 Signale  1577 ms lesen  63910 ms rechnen
2026-09-09T18:15:06.709Z  FLLC/2019       roh            107 reg. Kerzen        0/0/0 von 24   Tagen gewertet (1m/5m/15m)        0 Signale  17 ms lesen  1 ms rechnen
2026-09-09T18:15:06.728Z  FLLC/2020       roh            640 reg. Kerzen        0/0/0 von 32   Tagen gewertet (1m/5m/15m)        0 Signale  13 ms lesen  5 ms rechnen
2026-09-09T18:16:20.046Z  FLS/2016        roh          92991 reg. Kerzen      229/0/0 von 252  Tagen gewertet (1m/5m/15m)     5572 Signale  141 ms lesen  73150 ms rechnen
2026-09-09T18:17:36.611Z  FLS/2017        roh          90619 reg. Kerzen      247/0/0 von 251  Tagen gewertet (1m/5m/15m)     5896 Signale  146 ms lesen  76176 ms rechnen
2026-09-09T18:18:59.475Z  FLS/2018        roh          92874 reg. Kerzen      251/0/0 von 251  Tagen gewertet (1m/5m/15m)     6556 Signale  133 ms lesen  82491 ms rechnen
2026-09-09T18:20:13.969Z  FLS/2019        roh          88793 reg. Kerzen      232/0/0 von 252  Tagen gewertet (1m/5m/15m)     5684 Signale  4214 ms lesen  70019 ms rechnen
2026-09-09T18:21:41.904Z  FLS/2020        roh          92393 reg. Kerzen      245/0/0 von 253  Tagen gewertet (1m/5m/15m)     7079 Signale  4066 ms lesen  83635 ms rechnen
2026-09-09T18:22:50.123Z  FLS/2021        roh          85850 reg. Kerzen      215/0/0 von 252  Tagen gewertet (1m/5m/15m)     5689 Signale  3130 ms lesen  64776 ms rechnen
2026-09-09T18:24:08.556Z  FLS/2022        roh          89739 reg. Kerzen      241/0/0 von 251  Tagen gewertet (1m/5m/15m)     6639 Signale  2709 ms lesen  75457 ms rechnen
2026-09-09T18:25:20.070Z  FLS/2023        roh          86857 reg. Kerzen      228/0/0 von 250  Tagen gewertet (1m/5m/15m)     5713 Signale  3334 ms lesen  67938 ms rechnen
2026-09-09T18:26:23.886Z  FLS/2024        roh          86382 reg. Kerzen      215/0/0 von 252  Tagen gewertet (1m/5m/15m)     5072 Signale  117 ms lesen  63463 ms rechnen
2026-09-09T18:27:39.958Z  FLS/2025        roh          89430 reg. Kerzen      236/0/0 von 250  Tagen gewertet (1m/5m/15m)     6202 Signale  145 ms lesen  75670 ms rechnen
2026-09-09T18:28:31.562Z  FLS/2026        roh          59560 reg. Kerzen      158/0/0 von 166  Tagen gewertet (1m/5m/15m)     4324 Signale  93 ms lesen  51267 ms rechnen
2026-09-09T18:29:43.609Z  FMC/2016        bereinigt    92270 reg. Kerzen      226/0/0 von 252  Tagen gewertet (1m/5m/15m)     5759 Signale  248 ms lesen  71626 ms rechnen
2026-09-09T18:31:04.646Z  FMC/2017        bereinigt    90613 reg. Kerzen      244/0/0 von 251  Tagen gewertet (1m/5m/15m)     5757 Signale  6158 ms lesen  74617 ms rechnen
2026-09-09T18:32:32.427Z  FMC/2018        bereinigt    92630 reg. Kerzen      251/0/0 von 251  Tagen gewertet (1m/5m/15m)     6419 Signale  9094 ms lesen  78431 ms rechnen
2026-09-09T18:33:45.440Z  FMC/2019        bereinigt    90129 reg. Kerzen      247/0/0 von 252  Tagen gewertet (1m/5m/15m)     5861 Signale  331 ms lesen  72400 ms rechnen
2026-09-09T18:34:58.112Z  FMC/2020        roh          87926 reg. Kerzen      224/0/0 von 253  Tagen gewertet (1m/5m/15m)     6038 Signale  3777 ms lesen  68682 ms rechnen
2026-09-09T18:36:03.698Z  FMC/2021        roh          86490 reg. Kerzen      221/0/0 von 252  Tagen gewertet (1m/5m/15m)     5523 Signale  139 ms lesen  65243 ms rechnen
2026-09-09T18:37:12.515Z  FMC/2022        roh          86856 reg. Kerzen      223/0/0 von 251  Tagen gewertet (1m/5m/15m)     5807 Signale  133 ms lesen  68455 ms rechnen
2026-09-09T18:38:22.455Z  FMC/2023        roh          88589 reg. Kerzen      222/0/0 von 250  Tagen gewertet (1m/5m/15m)     5717 Signale  155 ms lesen  69532 ms rechnen
2026-09-09T18:39:40.597Z  FMC/2024        roh          92069 reg. Kerzen      241/0/0 von 252  Tagen gewertet (1m/5m/15m)     6547 Signale  180 ms lesen  77730 ms rechnen
2026-09-09T18:41:08.551Z  FMC/2025        roh          94401 reg. Kerzen      250/0/0 von 250  Tagen gewertet (1m/5m/15m)     6930 Signale  3463 ms lesen  84240 ms rechnen
2026-09-09T18:42:12.438Z  FMC/2026        roh          63719 reg. Kerzen      166/0/0 von 166  Tagen gewertet (1m/5m/15m)     5165 Signale  2236 ms lesen  61376 ms rechnen
2026-09-09T18:42:17.159Z  FMTX/2020       roh          24764 reg. Kerzen       10/0/0 von 136  Tagen gewertet (1m/5m/15m)      326 Signale  996 ms lesen  3465 ms rechnen
2026-09-09T18:42:25.586Z  FMTX/2021       roh          55527 reg. Kerzen       16/0/0 von 252  Tagen gewertet (1m/5m/15m)      510 Signale  2909 ms lesen  5446 ms rechnen
2026-09-09T18:42:31.208Z  FMTX/2022       roh          49414 reg. Kerzen       13/0/0 von 197  Tagen gewertet (1m/5m/15m)      187 Signale  1200 ms lesen  4284 ms rechnen
2026-09-09T18:42:32.680Z  FNCH/2021       bereinigt    18867 reg. Kerzen        0/0/0 von 200  Tagen gewertet (1m/5m/15m)        0 Signale  1172 ms lesen  95 ms rechnen
2026-09-09T18:42:33.939Z  FNCH/2022       bereinigt    17221 reg. Kerzen        0/0/0 von 251  Tagen gewertet (1m/5m/15m)        0 Signale  1093 ms lesen  115 ms rechnen
2026-09-09T18:42:34.557Z  FNCH/2023       bereinigt    10594 reg. Kerzen        0/0/0 von 248  Tagen gewertet (1m/5m/15m)        0 Signale  489 ms lesen  79 ms rechnen
2026-09-09T18:42:35.005Z  FNCH/2024       roh           2635 reg. Kerzen        0/0/0 von 101  Tagen gewertet (1m/5m/15m)        0 Signale  403 ms lesen  16 ms rechnen
2026-09-09T18:42:35.015Z  AUSGELASSEN FNCH/2025: Datei fehlt
2026-09-09T18:43:53.064Z  FNSR/2016       roh          92761 reg. Kerzen      231/0/0 von 252  Tagen gewertet (1m/5m/15m)     6351 Signale  3899 ms lesen  74103 ms rechnen
2026-09-09T18:45:22.560Z  FNSR/2017       roh          96380 reg. Kerzen      251/0/0 von 251  Tagen gewertet (1m/5m/15m)     7219 Signale  3434 ms lesen  85768 ms rechnen
2026-09-09T18:46:47.704Z  FNSR/2018       roh          94770 reg. Kerzen      249/0/0 von 251  Tagen gewertet (1m/5m/15m)     7101 Signale  132 ms lesen  84775 ms rechnen
2026-09-09T18:47:37.108Z  FNSR/2019       roh          64623 reg. Kerzen      167/0/0 von 183  Tagen gewertet (1m/5m/15m)     3738 Signale  96 ms lesen  49055 ms rechnen
2026-09-09T18:47:37.634Z  FOMX/2016       roh          38758 reg. Kerzen        0/0/0 von 252  Tagen gewertet (1m/5m/15m)        0 Signale  89 ms lesen  232 ms rechnen
2026-09-09T18:47:38.067Z  FOMX/2017       roh          38713 reg. Kerzen        0/0/0 von 251  Tagen gewertet (1m/5m/15m)        0 Signale  85 ms lesen  229 ms rechnen
2026-09-09T18:47:39.090Z  FOMX/2018       roh          44821 reg. Kerzen        2/0/0 von 251  Tagen gewertet (1m/5m/15m)       62 Signale  78 ms lesen  851 ms rechnen
2026-09-09T18:47:42.422Z  FOMX/2019       roh          58881 reg. Kerzen        8/0/0 von 252  Tagen gewertet (1m/5m/15m)      242 Signale  96 ms lesen  3101 ms rechnen
2026-09-09T18:47:42.676Z  FOMX/2020       roh           9778 reg. Kerzen        0/0/0 von 45   Tagen gewertet (1m/5m/15m)        0 Signale  45 ms lesen  66 ms rechnen
2026-09-09T18:47:43.573Z  FORM/2016       roh          61032 reg. Kerzen        1/0/0 von 252  Tagen gewertet (1m/5m/15m)       29 Signale  138 ms lesen  715 ms rechnen
2026-09-09T18:48:11.910Z  FORM/2017       roh          71370 reg. Kerzen       88/0/0 von 251  Tagen gewertet (1m/5m/15m)     2602 Signale  127 ms lesen  28020 ms rechnen
2026-09-09T18:48:32.590Z  FORM/2018       roh          70766 reg. Kerzen       64/0/0 von 251  Tagen gewertet (1m/5m/15m)     1910 Signale  103 ms lesen  20388 ms rechnen
2026-09-09T18:48:41.028Z  FORM/2019       roh          67756 reg. Kerzen       30/0/0 von 252  Tagen gewertet (1m/5m/15m)      799 Signale  96 ms lesen  8177 ms rechnen
2026-09-09T18:49:31.975Z  FORM/2020       roh          81139 reg. Kerzen      174/0/0 von 253  Tagen gewertet (1m/5m/15m)     5050 Signale  121 ms lesen  50641 ms rechnen
2026-09-09T18:49:48.835Z  FORM/2021       roh          67549 reg. Kerzen       46/0/0 von 252  Tagen gewertet (1m/5m/15m)     1362 Signale  3229 ms lesen  13377 ms rechnen
2026-09-09T18:50:09.381Z  FORM/2022       roh          68903 reg. Kerzen       57/0/0 von 251  Tagen gewertet (1m/5m/15m)     1710 Signale  3632 ms lesen  16745 ms rechnen
2026-09-09T18:50:22.196Z  FORM/2023       roh          66990 reg. Kerzen       41/0/0 von 250  Tagen gewertet (1m/5m/15m)     1184 Signale  94 ms lesen  12551 ms rechnen
2026-09-09T18:50:42.691Z  FORM/2024       roh          69985 reg. Kerzen       51/0/0 von 252  Tagen gewertet (1m/5m/15m)     1475 Signale  3716 ms lesen  16586 ms rechnen
2026-09-09T18:51:20.975Z  FORM/2025       roh          75763 reg. Kerzen      104/0/0 von 250  Tagen gewertet (1m/5m/15m)     3114 Signale  3485 ms lesen  34594 ms rechnen
2026-09-09T18:52:21.970Z  FORM/2026       roh          59100 reg. Kerzen      155/0/0 von 166  Tagen gewertet (1m/5m/15m)     4834 Signale  2769 ms lesen  58012 ms rechnen
2026-09-09T18:52:22.647Z  FOXW/2021       roh           1233 reg. Kerzen        0/0/0 von 152  Tagen gewertet (1m/5m/15m)        0 Signale  440 ms lesen  10 ms rechnen
2026-09-09T18:52:22.748Z  FOXW/2022       roh            554 reg. Kerzen        0/0/0 von 154  Tagen gewertet (1m/5m/15m)        0 Signale  94 ms lesen  4 ms rechnen
2026-09-09T18:52:22.765Z  FOXW/2023       roh             54 reg. Kerzen        0/0/0 von 13   Tagen gewertet (1m/5m/15m)        0 Signale  14 ms lesen  1 ms rechnen
2026-09-09T18:53:34.530Z  FRAN/2016       bereinigt    87792 reg. Kerzen      202/0/0 von 252  Tagen gewertet (1m/5m/15m)     5885 Signale  5162 ms lesen  66572 ms rechnen
2026-09-09T18:54:42.750Z  FRAN/2017       bereinigt    86214 reg. Kerzen      205/0/0 von 251  Tagen gewertet (1m/5m/15m)     6028 Signale  736 ms lesen  67247 ms rechnen
2026-09-09T18:55:18.529Z  FRAN/2018       bereinigt    81692 reg. Kerzen       81/0/0 von 251  Tagen gewertet (1m/5m/15m)     2463 Signale  9280 ms lesen  26256 ms rechnen
2026-09-09T18:55:24.100Z  FRAN/2019       bereinigt    56416 reg. Kerzen        3/0/0 von 252  Tagen gewertet (1m/5m/15m)      102 Signale  3967 ms lesen  1406 ms rechnen
2026-09-09T18:55:24.613Z  FRAN/2020       roh          40840 reg. Kerzen        0/0/0 von 241  Tagen gewertet (1m/5m/15m)        0 Signale  97 ms lesen  254 ms rechnen
2026-09-09T18:55:41.179Z  FREY/2021       roh          38023 reg. Kerzen       48/0/0 von 124  Tagen gewertet (1m/5m/15m)     1510 Signale  89 ms lesen  16319 ms rechnen
2026-09-09T18:57:02.281Z  FREY/2022       roh          88935 reg. Kerzen      221/0/0 von 251  Tagen gewertet (1m/5m/15m)     7021 Signale  142 ms lesen  80859 ms rechnen
2026-09-09T18:58:33.187Z  FREY/2023       roh          92627 reg. Kerzen      249/0/0 von 250  Tagen gewertet (1m/5m/15m)     7831 Signale  142 ms lesen  90515 ms rechnen
2026-09-09T18:58:40.315Z  FREY/2024       roh          81422 reg. Kerzen       18/0/0 von 252  Tagen gewertet (1m/5m/15m)      560 Signale  116 ms lesen  6764 ms rechnen
2026-09-09T18:58:48.324Z  FREY/2025       roh          13653 reg. Kerzen       21/0/0 von 39   Tagen gewertet (1m/5m/15m)      691 Signale  31 ms lesen  7744 ms rechnen
2026-09-09T18:58:48.676Z  FRME/2016       roh          38510 reg. Kerzen        0/0/0 von 252  Tagen gewertet (1m/5m/15m)        0 Signale  65 ms lesen  208 ms rechnen
2026-09-09T18:58:49.881Z  FRME/2017       roh          52006 reg. Kerzen        3/0/0 von 251  Tagen gewertet (1m/5m/15m)       63 Signale  92 ms lesen  1005 ms rechnen
2026-09-09T18:58:50.857Z  FRME/2018       roh          45912 reg. Kerzen        2/0/0 von 251  Tagen gewertet (1m/5m/15m)       43 Signale  88 ms lesen  765 ms rechnen
2026-09-09T18:58:51.873Z  FRME/2019       roh          51880 reg. Kerzen        2/0/0 von 252  Tagen gewertet (1m/5m/15m)       48 Signale  90 ms lesen  785 ms rechnen
2026-09-09T18:58:56.508Z  FRME/2020       roh          52997 reg. Kerzen       13/0/0 von 253  Tagen gewertet (1m/5m/15m)      431 Signale  89 ms lesen  4414 ms rechnen
2026-09-09T18:58:56.982Z  FRME/2021       roh          40732 reg. Kerzen        0/0/0 von 252  Tagen gewertet (1m/5m/15m)        0 Signale  73 ms lesen  235 ms rechnen
2026-09-09T18:58:58.577Z  FRME/2022       roh          45088 reg. Kerzen        4/0/0 von 251  Tagen gewertet (1m/5m/15m)       90 Signale  104 ms lesen  1394 ms rechnen
2026-09-09T18:58:59.086Z  FRME/2023       roh          44219 reg. Kerzen        0/0/0 von 250  Tagen gewertet (1m/5m/15m)        0 Signale  95 ms lesen  277 ms rechnen
2026-09-09T18:59:00.636Z  FRME/2024       roh          45624 reg. Kerzen        4/0/0 von 252  Tagen gewertet (1m/5m/15m)      113 Signale  80 ms lesen  1355 ms rechnen
2026-09-09T18:59:01.253Z  FRME/2025       roh          46578 reg. Kerzen        1/0/0 von 250  Tagen gewertet (1m/5m/15m)       19 Signale  63 ms lesen  404 ms rechnen
2026-09-09T18:59:02.146Z  FRME/2026       roh          37595 reg. Kerzen        2/0/0 von 166  Tagen gewertet (1m/5m/15m)       47 Signale  52 ms lesen  699 ms rechnen
2026-09-09T18:59:20.659Z  FRT/2016        roh          73443 reg. Kerzen       64/0/0 von 252  Tagen gewertet (1m/5m/15m)     1483 Signale  177 ms lesen  18140 ms rechnen
2026-09-09T18:59:43.106Z  FRT/2017        roh          73815 reg. Kerzen       85/0/0 von 251  Tagen gewertet (1m/5m/15m)     1935 Signale  150 ms lesen  22095 ms rechnen
2026-09-09T19:00:01.962Z  FRT/2018        roh          70498 reg. Kerzen       56/0/0 von 251  Tagen gewertet (1m/5m/15m)     1402 Signale  3192 ms lesen  15465 ms rechnen
2026-09-09T19:00:16.747Z  FRT/2019        roh          69534 reg. Kerzen       47/0/0 von 252  Tagen gewertet (1m/5m/15m)     1029 Signale  2475 ms lesen  12160 ms rechnen
2026-09-09T19:01:26.722Z  FRT/2020        roh          86347 reg. Kerzen      202/0/0 von 253  Tagen gewertet (1m/5m/15m)     5833 Signale  4551 ms lesen  65243 ms rechnen
2026-09-09T19:02:00.859Z  FRT/2021        roh          75270 reg. Kerzen      110/0/0 von 252  Tagen gewertet (1m/5m/15m)     2880 Signale  2923 ms lesen  30973 ms rechnen
2026-09-09T19:02:44.956Z  FRT/2022        roh          79242 reg. Kerzen      145/0/0 von 251  Tagen gewertet (1m/5m/15m)     3769 Signale  2887 ms lesen  40994 ms rechnen
2026-09-09T19:03:18.661Z  FRT/2023        roh          75915 reg. Kerzen      114/0/0 von 250  Tagen gewertet (1m/5m/15m)     2729 Signale  2293 ms lesen  31168 ms rechnen
2026-09-09T19:03:44.774Z  FRT/2024        roh          72364 reg. Kerzen       85/0/0 von 252  Tagen gewertet (1m/5m/15m)     1960 Signale  3368 ms lesen  22541 ms rechnen
2026-09-09T19:04:14.780Z  FRT/2025        roh          74725 reg. Kerzen       97/0/0 von 250  Tagen gewertet (1m/5m/15m)     2347 Signale  3629 ms lesen  26191 ms rechnen
2026-09-09T19:04:34.501Z  FRT/2026        roh          49661 reg. Kerzen       63/0/0 von 166  Tagen gewertet (1m/5m/15m)     1440 Signale  2346 ms lesen  17167 ms rechnen
2026-09-09T19:04:35.859Z  FSAM/2016       roh          18329 reg. Kerzen        0/0/0 von 252  Tagen gewertet (1m/5m/15m)        0 Signale  662 ms lesen  97 ms rechnen
2026-09-09T19:04:36.507Z  FSAM/2017       roh          16382 reg. Kerzen        0/0/0 von 213  Tagen gewertet (1m/5m/15m)        0 Signale  500 ms lesen  93 ms rechnen
2026-09-09T19:05:10.511Z  FSIC/2016       roh          77085 reg. Kerzen       95/0/0 von 252  Tagen gewertet (1m/5m/15m)     2340 Signale  3762 ms lesen  30101 ms rechnen
2026-09-09T19:05:58.891Z  FSIC/2017       roh          78183 reg. Kerzen      133/0/0 von 251  Tagen gewertet (1m/5m/15m)     3406 Signale  111 ms lesen  48042 ms rechnen
2026-09-09T19:06:42.743Z  FSIC/2018       roh          75041 reg. Kerzen      127/0/0 von 244  Tagen gewertet (1m/5m/15m)     3087 Signale  102 ms lesen  43539 ms rechnen
2026-09-09T19:06:43.052Z  FSNN/2016       bereinigt     6510 reg. Kerzen        0/0/0 von 252  Tagen gewertet (1m/5m/15m)        0 Signale  48 ms lesen  35 ms rechnen
2026-09-09T19:06:43.208Z  FSNN/2017       bereinigt    19681 reg. Kerzen        0/0/0 von 251  Tagen gewertet (1m/5m/15m)        0 Signale  42 ms lesen  91 ms rechnen
2026-09-09T19:06:43.532Z  FSNN/2018       bereinigt    39972 reg. Kerzen        0/0/0 von 251  Tagen gewertet (1m/5m/15m)        0 Signale  54 ms lesen  216 ms rechnen
2026-09-09T19:06:43.774Z  FSNN/2019       roh          10149 reg. Kerzen        0/0/0 von 78   Tagen gewertet (1m/5m/15m)        0 Signale  73 ms lesen  66 ms rechnen
2026-09-09T19:06:43.864Z  FSTX/2020       roh           2559 reg. Kerzen        0/0/0 von 27   Tagen gewertet (1m/5m/15m)        0 Signale  42 ms lesen  13 ms rechnen
2026-09-09T19:06:44.123Z  FSTX/2021       roh          29700 reg. Kerzen        0/0/0 von 252  Tagen gewertet (1m/5m/15m)        0 Signale  72 ms lesen  182 ms rechnen
2026-09-09T19:06:44.457Z  FSTX/2022       roh          30629 reg. Kerzen        0/0/0 von 251  Tagen gewertet (1m/5m/15m)        0 Signale  93 ms lesen  163 ms rechnen
2026-09-09T19:06:44.627Z  FSTX/2023       roh           8185 reg. Kerzen        0/0/0 von 45   Tagen gewertet (1m/5m/15m)        0 Signale  31 ms lesen  63 ms rechnen
2026-09-09T19:06:45.033Z  FTD/2016        roh          48782 reg. Kerzen        0/0/0 von 252  Tagen gewertet (1m/5m/15m)        0 Signale  123 ms lesen  265 ms rechnen
2026-09-09T19:06:45.511Z  FTD/2017        roh          44371 reg. Kerzen        0/0/0 von 251  Tagen gewertet (1m/5m/15m)        0 Signale  85 ms lesen  247 ms rechnen
2026-09-09T19:06:46.015Z  FTD/2018        roh          50636 reg. Kerzen        0/0/0 von 251  Tagen gewertet (1m/5m/15m)        0 Signale  77 ms lesen  299 ms rechnen
2026-09-09T19:06:46.297Z  FTD/2019        roh          17018 reg. Kerzen        0/0/0 von 112  Tagen gewertet (1m/5m/15m)        0 Signale  39 ms lesen  111 ms rechnen
2026-09-09T19:08:04.779Z  FTNT/2016       bereinigt    96217 reg. Kerzen      232/0/0 von 252  Tagen gewertet (1m/5m/15m)     5998 Signale  166 ms lesen  78262 ms rechnen
2026-09-09T19:09:24.941Z  FTNT/2017       bereinigt    93048 reg. Kerzen      250/0/0 von 251  Tagen gewertet (1m/5m/15m)     6041 Signale  135 ms lesen  79767 ms rechnen
2026-09-09T19:10:48.253Z  FTNT/2018       bereinigt    94404 reg. Kerzen      249/0/0 von 251  Tagen gewertet (1m/5m/15m)     6545 Signale  163 ms lesen  82865 ms rechnen
2026-09-09T19:12:14.974Z  FTNT/2019       bereinigt    95658 reg. Kerzen      252/0/0 von 252  Tagen gewertet (1m/5m/15m)     6417 Signale  4640 ms lesen  81883 ms rechnen
2026-09-09T19:13:45.155Z  FTNT/2020       bereinigt    96033 reg. Kerzen      252/0/0 von 253  Tagen gewertet (1m/5m/15m)     7074 Signale  3580 ms lesen  86327 ms rechnen
2026-09-09T19:15:11.098Z  FTNT/2021       bereinigt    92439 reg. Kerzen      249/0/0 von 252  Tagen gewertet (1m/5m/15m)     6671 Signale  5844 ms lesen  79824 ms rechnen
2026-09-09T19:16:40.542Z  FTNT/2022       bereinigt    95956 reg. Kerzen      251/0/0 von 251  Tagen gewertet (1m/5m/15m)     7363 Signale  157 ms lesen  89042 ms rechnen
2026-09-09T19:18:06.459Z  FTNT/2023       roh          97130 reg. Kerzen      250/0/0 von 250  Tagen gewertet (1m/5m/15m)     6529 Signale  153 ms lesen  85471 ms rechnen
2026-09-09T19:19:30.343Z  FTNT/2024       roh          97668 reg. Kerzen      252/0/0 von 252  Tagen gewertet (1m/5m/15m)     6426 Signale  166 ms lesen  83447 ms rechnen
2026-09-09T19:20:56.193Z  FTNT/2025       roh          96884 reg. Kerzen      250/0/0 von 250  Tagen gewertet (1m/5m/15m)     6409 Signale  2505 ms lesen  83084 ms rechnen
2026-09-09T19:21:56.341Z  FTNT/2026       roh          64693 reg. Kerzen      166/0/0 von 166  Tagen gewertet (1m/5m/15m)     4634 Signale  3556 ms lesen  56309 ms rechnen
2026-09-09T19:22:32.856Z  FTSI/2018       bereinigt    71016 reg. Kerzen      102/0/0 von 229  Tagen gewertet (1m/5m/15m)     3170 Signale  3417 ms lesen  30731 ms rechnen
2026-09-09T19:22:37.867Z  FTSI/2019       bereinigt    72867 reg. Kerzen        7/0/0 von 252  Tagen gewertet (1m/5m/15m)      232 Signale  2142 ms lesen  2698 ms rechnen
2026-09-09T19:22:40.193Z  FTSI/2020       bereinigt    47284 reg. Kerzen        0/0/0 von 253  Tagen gewertet (1m/5m/15m)        0 Signale  1782 ms lesen  328 ms rechnen
2026-09-09T19:22:41.117Z  FTSI/2021       roh          26044 reg. Kerzen        0/0/0 von 252  Tagen gewertet (1m/5m/15m)        0 Signale  678 ms lesen  149 ms rechnen
2026-09-09T19:22:41.619Z  FTSI/2022       roh           4851 reg. Kerzen        0/0/0 von 43   Tagen gewertet (1m/5m/15m)        0 Signale  401 ms lesen  27 ms rechnen
2026-09-09T19:22:42.139Z  FULL/2016       roh           9111 reg. Kerzen        0/0/0 von 213  Tagen gewertet (1m/5m/15m)        0 Signale  414 ms lesen  42 ms rechnen
2026-09-09T19:22:42.829Z  FVAM/2020       roh           1071 reg. Kerzen        0/0/0 von 47   Tagen gewertet (1m/5m/15m)        0 Signale  606 ms lesen  8 ms rechnen
2026-09-09T19:22:42.950Z  FVAM/2021       roh           2822 reg. Kerzen        0/0/0 von 195  Tagen gewertet (1m/5m/15m)        0 Signale  97 ms lesen  21 ms rechnen
2026-09-09T19:22:43.379Z  FVAM/2022       roh            586 reg. Kerzen        0/0/0 von 150  Tagen gewertet (1m/5m/15m)        0 Signale  411 ms lesen  7 ms rechnen
2026-09-09T19:22:57.803Z  FWONA/2016      roh          51372 reg. Kerzen       45/0/0 von 180  Tagen gewertet (1m/5m/15m)     1165 Signale  1834 ms lesen  12553 ms rechnen
2026-09-09T19:23:05.646Z  FWONA/2017      roh          60022 reg. Kerzen       15/0/0 von 251  Tagen gewertet (1m/5m/15m)      411 Signale  3204 ms lesen  4489 ms rechnen
2026-09-09T19:23:09.568Z  FWONA/2018      roh          50853 reg. Kerzen        6/0/0 von 251  Tagen gewertet (1m/5m/15m)      149 Signale  2074 ms lesen  1693 ms rechnen
2026-09-09T19:23:11.639Z  FWONA/2019      roh          32229 reg. Kerzen        0/0/0 von 252  Tagen gewertet (1m/5m/15m)        0 Signale  1759 ms lesen  177 ms rechnen
2026-09-09T19:23:15.917Z  FWONA/2020      roh          41316 reg. Kerzen        5/0/0 von 253  Tagen gewertet (1m/5m/15m)      158 Signale  2434 ms lesen  1733 ms rechnen
2026-09-09T19:23:17.393Z  FWONA/2021      roh          35985 reg. Kerzen        2/0/0 von 252  Tagen gewertet (1m/5m/15m)       38 Signale  903 ms lesen  460 ms rechnen
2026-09-09T19:23:19.653Z  FWONA/2022      roh          38233 reg. Kerzen        0/0/0 von 251  Tagen gewertet (1m/5m/15m)        0 Signale  2001 ms lesen  173 ms rechnen
2026-09-09T19:23:21.767Z  FWONA/2023      roh          36596 reg. Kerzen        1/0/0 von 250  Tagen gewertet (1m/5m/15m)       19 Signale  1648 ms lesen  368 ms rechnen
2026-09-09T19:23:22.745Z  FWONA/2024      roh          28070 reg. Kerzen        0/0/0 von 252  Tagen gewertet (1m/5m/15m)        0 Signale  751 ms lesen  129 ms rechnen
2026-09-09T19:23:24.047Z  FWONA/2025      roh          27869 reg. Kerzen        0/0/0 von 250  Tagen gewertet (1m/5m/15m)        0 Signale  1117 ms lesen  132 ms rechnen
2026-09-09T19:23:25.934Z  FWONA/2026      roh          24252 reg. Kerzen        1/0/0 von 166  Tagen gewertet (1m/5m/15m)       18 Signale  1464 ms lesen  363 ms rechnen
2026-09-09T19:23:57.492Z  FYBR/2021       roh          54236 reg. Kerzen       92/0/0 von 169  Tagen gewertet (1m/5m/15m)     2540 Signale  2887 ms lesen  28369 ms rechnen
2026-09-09T19:25:06.167Z  FYBR/2022       roh          86633 reg. Kerzen      211/0/0 von 251  Tagen gewertet (1m/5m/15m)     6096 Signale  3342 ms lesen  65184 ms rechnen
2026-09-09T19:26:28.689Z  FYBR/2023       roh          93034 reg. Kerzen      250/0/0 von 250  Tagen gewertet (1m/5m/15m)     7390 Signale  126 ms lesen  82124 ms rechnen
2026-09-09T19:27:44.409Z  FYBR/2024       roh          91170 reg. Kerzen      247/0/0 von 252  Tagen gewertet (1m/5m/15m)     6305 Signale  142 ms lesen  75289 ms rechnen
2026-09-09T19:28:47.387Z  FYBR/2025       roh          85754 reg. Kerzen      217/0/0 von 250  Tagen gewertet (1m/5m/15m)     3613 Signale  115 ms lesen  62626 ms rechnen
2026-09-09T19:28:51.356Z  FYBR/2026       roh           4142 reg. Kerzen       11/0/0 von 11   Tagen gewertet (1m/5m/15m)      173 Signale  17 ms lesen  3707 ms rechnen
2026-09-09T19:28:51.438Z  GAMC/2021       roh           1366 reg. Kerzen        0/0/0 von 109  Tagen gewertet (1m/5m/15m)        0 Signale  46 ms lesen  8 ms rechnen
2026-09-09T19:28:51.475Z  GAMC/2022       roh           1318 reg. Kerzen        0/0/0 von 188  Tagen gewertet (1m/5m/15m)        0 Signale  20 ms lesen  13 ms rechnen
2026-09-09T19:28:51.509Z  GAMC/2023       roh            527 reg. Kerzen        0/0/0 von 153  Tagen gewertet (1m/5m/15m)        0 Signale  24 ms lesen  6 ms rechnen
2026-09-09T19:28:51.521Z  GAMC/2024       roh            228 reg. Kerzen        0/0/0 von 48   Tagen gewertet (1m/5m/15m)        0 Signale  8 ms lesen  2 ms rechnen
2026-09-09T19:28:51.673Z  GATO/2020       roh          11090 reg. Kerzen        0/0/0 von 45   Tagen gewertet (1m/5m/15m)        0 Signale  75 ms lesen  62 ms rechnen
2026-09-09T19:28:53.416Z  CHECKPOINT 2000 Dateien, 219 min, Detektorfehler {}
2026-09-09T19:29:18.257Z  GATO/2021       roh          73580 reg. Kerzen       78/0/0 von 252  Tagen gewertet (1m/5m/15m)     2482 Signale  108 ms lesen  24732 ms rechnen
2026-09-09T19:29:27.482Z  GATO/2022       roh          71001 reg. Kerzen       25/0/0 von 250  Tagen gewertet (1m/5m/15m)      820 Signale  146 ms lesen  8885 ms rechnen
2026-09-09T19:29:28.109Z  GATO/2023       roh          58997 reg. Kerzen        0/0/0 von 250  Tagen gewertet (1m/5m/15m)        0 Signale  99 ms lesen  349 ms rechnen
2026-09-09T19:29:39.394Z  GATO/2024       roh          63718 reg. Kerzen       34/0/0 von 252  Tagen gewertet (1m/5m/15m)     1004 Signale  128 ms lesen  10999 ms rechnen
2026-09-09T19:29:39.639Z  GATO/2025       roh           2361 reg. Kerzen        0/0/0 von 9    Tagen gewertet (1m/5m/15m)        0 Signale  19 ms lesen  32 ms rechnen
2026-09-09T19:29:39.736Z  GBNH/2021       roh           3446 reg. Kerzen        0/0/0 von 191  Tagen gewertet (1m/5m/15m)        0 Signale  51 ms lesen  26 ms rechnen
2026-09-09T19:29:39.804Z  GBNH/2022       roh           4535 reg. Kerzen        0/0/0 von 243  Tagen gewertet (1m/5m/15m)        0 Signale  30 ms lesen  25 ms rechnen
2026-09-09T19:29:39.940Z  GBNH/2023       roh           9678 reg. Kerzen        0/0/0 von 248  Tagen gewertet (1m/5m/15m)        0 Signale  43 ms lesen  76 ms rechnen
2026-09-09T19:29:40.000Z  GBNH/2024       roh           2187 reg. Kerzen        0/0/0 von 37   Tagen gewertet (1m/5m/15m)        0 Signale  22 ms lesen  18 ms rechnen
2026-09-09T19:30:17.890Z  GBX/2016        roh          79601 reg. Kerzen      124/0/0 von 252  Tagen gewertet (1m/5m/15m)     3668 Signale  125 ms lesen  37731 ms rechnen
2026-09-09T19:30:39.881Z  GBX/2017        roh          70176 reg. Kerzen       66/0/0 von 251  Tagen gewertet (1m/5m/15m)     1845 Signale  2848 ms lesen  18921 ms rechnen
2026-09-09T19:31:04.632Z  GBX/2018        roh          71841 reg. Kerzen       72/0/0 von 251  Tagen gewertet (1m/5m/15m)     2049 Signale  4063 ms lesen  20514 ms rechnen
2026-09-09T19:31:33.872Z  GBX/2019        roh          72525 reg. Kerzen       91/0/0 von 252  Tagen gewertet (1m/5m/15m)     2580 Signale  2456 ms lesen  26605 ms rechnen
2026-09-09T19:32:12.643Z  GBX/2020        roh          75127 reg. Kerzen      114/0/0 von 253  Tagen gewertet (1m/5m/15m)     3537 Signale  2824 ms lesen  35753 ms rechnen
2026-09-09T19:32:22.646Z  GBX/2021        roh          59326 reg. Kerzen       26/0/0 von 252  Tagen gewertet (1m/5m/15m)      763 Signale  2203 ms lesen  7633 ms rechnen
2026-09-09T19:32:29.154Z  GBX/2022        roh          59717 reg. Kerzen       20/0/0 von 251  Tagen gewertet (1m/5m/15m)      584 Signale  121 ms lesen  6223 ms rechnen
2026-09-09T19:32:35.302Z  GBX/2023        roh          54688 reg. Kerzen       15/0/0 von 250  Tagen gewertet (1m/5m/15m)      451 Signale  1434 ms lesen  4554 ms rechnen
2026-09-09T19:32:42.645Z  GBX/2024        roh          49202 reg. Kerzen        8/0/0 von 252  Tagen gewertet (1m/5m/15m)      233 Signale  4515 ms lesen  2678 ms rechnen
2026-09-09T19:32:51.630Z  GBX/2025        roh          53058 reg. Kerzen       23/0/0 von 250  Tagen gewertet (1m/5m/15m)      656 Signale  1943 ms lesen  6872 ms rechnen
2026-09-09T19:32:54.793Z  GBX/2026        roh          31702 reg. Kerzen        5/0/0 von 166  Tagen gewertet (1m/5m/15m)      164 Signale  1461 ms lesen  1549 ms rechnen
2026-09-09T19:32:56.232Z  GDEN/2016       roh          21540 reg. Kerzen        0/0/0 von 252  Tagen gewertet (1m/5m/15m)        0 Signale  1153 ms lesen  120 ms rechnen
2026-09-09T19:32:57.470Z  GDEN/2017       roh          20314 reg. Kerzen        0/0/0 von 251  Tagen gewertet (1m/5m/15m)        0 Signale  1067 ms lesen  121 ms rechnen
2026-09-09T19:33:13.689Z  GDEN/2018       roh          62961 reg. Kerzen       40/0/0 von 251  Tagen gewertet (1m/5m/15m)     1228 Signale  3785 ms lesen  12384 ms rechnen
2026-09-09T19:33:15.184Z  GDEN/2019       roh          40661 reg. Kerzen        0/0/0 von 252  Tagen gewertet (1m/5m/15m)        0 Signale  1070 ms lesen  228 ms rechnen
2026-09-09T19:33:20.235Z  GDEN/2020       roh          54287 reg. Kerzen        7/0/0 von 253  Tagen gewertet (1m/5m/15m)      220 Signale  2436 ms lesen  2503 ms rechnen
2026-09-09T19:33:24.230Z  GDEN/2021       roh          42174 reg. Kerzen        4/0/0 von 252  Tagen gewertet (1m/5m/15m)      105 Signale  2734 ms lesen  1127 ms rechnen
2026-09-09T19:33:29.746Z  GDEN/2022       roh          45669 reg. Kerzen        9/0/0 von 251  Tagen gewertet (1m/5m/15m)      276 Signale  2578 ms lesen  2849 ms rechnen
2026-09-09T19:33:31.905Z  GDEN/2023       roh          36450 reg. Kerzen        0/0/0 von 250  Tagen gewertet (1m/5m/15m)        0 Signale  1821 ms lesen  193 ms rechnen
2026-09-09T19:33:34.069Z  GDEN/2024       roh          38111 reg. Kerzen        0/0/0 von 252  Tagen gewertet (1m/5m/15m)        0 Signale  1871 ms lesen  198 ms rechnen
2026-09-09T19:33:34.694Z  GDEN/2025       roh          41801 reg. Kerzen        1/0/0 von 250  Tagen gewertet (1m/5m/15m)       25 Signale  64 ms lesen  455 ms rechnen
2026-09-09T19:33:36.000Z  GDEN/2026       roh          13794 reg. Kerzen        1/0/0 von 81   Tagen gewertet (1m/5m/15m)       15 Signale  806 ms lesen  374 ms rechnen
2026-09-09T19:34:54.678Z  GE/2016         roh          98091 reg. Kerzen      232/0/0 von 252  Tagen gewertet (1m/5m/15m)     5180 Signale  3108 ms lesen  75318 ms rechnen
2026-09-09T19:36:18.684Z  GE/2017         roh          97530 reg. Kerzen      251/0/0 von 251  Tagen gewertet (1m/5m/15m)     5716 Signale  3848 ms lesen  79912 ms rechnen
2026-09-09T19:37:45.188Z  GE/2018         roh          97350 reg. Kerzen      251/0/0 von 251  Tagen gewertet (1m/5m/15m)     6950 Signale  281 ms lesen  85975 ms rechnen
2026-09-09T19:39:05.162Z  GE/2019         roh          97705 reg. Kerzen      231/0/0 von 252  Tagen gewertet (1m/5m/15m)     6299 Signale  166 ms lesen  79557 ms rechnen
2026-09-09T19:40:36.504Z  GE/2020         roh          98252 reg. Kerzen      253/0/0 von 253  Tagen gewertet (1m/5m/15m)     7524 Signale  217 ms lesen  90845 ms rechnen
2026-09-09T19:42:00.967Z  GE/2021         roh          97315 reg. Kerzen      229/0/0 von 252  Tagen gewertet (1m/5m/15m)     5983 Signale  5994 ms lesen  78199 ms rechnen
2026-09-09T19:43:28.806Z  GE/2022         roh          97310 reg. Kerzen      241/0/0 von 251  Tagen gewertet (1m/5m/15m)     6474 Signale  5086 ms lesen  82487 ms rechnen
2026-09-09T19:44:52.854Z  GE/2023         roh          97115 reg. Kerzen      238/0/0 von 250  Tagen gewertet (1m/5m/15m)     5767 Signale  5321 ms lesen  78481 ms rechnen
2026-09-09T19:46:14.797Z  GE/2024         roh          97693 reg. Kerzen      231/0/0 von 252  Tagen gewertet (1m/5m/15m)     5640 Signale  4964 ms lesen  76764 ms rechnen
2026-09-09T19:47:40.477Z  GE/2025         roh          96882 reg. Kerzen      250/0/0 von 250  Tagen gewertet (1m/5m/15m)     6215 Signale  164 ms lesen  85240 ms rechnen
2026-09-09T19:48:36.896Z  GE/2026         roh          64738 reg. Kerzen      166/0/0 von 166  Tagen gewertet (1m/5m/15m)     4380 Signale  119 ms lesen  56007 ms rechnen
2026-09-09T19:48:37.140Z  GEHC/2022       roh           1029 reg. Kerzen        0/0/0 von 11   Tagen gewertet (1m/5m/15m)        0 Signale  27 ms lesen  7 ms rechnen
2026-09-09T19:49:53.895Z  GEHC/2023       roh          96077 reg. Kerzen      238/0/0 von 250  Tagen gewertet (1m/5m/15m)     6120 Signale  143 ms lesen  76608 ms rechnen
2026-09-09T19:51:15.581Z  GEHC/2024       roh          96325 reg. Kerzen      252/0/0 von 252  Tagen gewertet (1m/5m/15m)     6243 Signale  142 ms lesen  81323 ms rechnen
2026-09-09T19:52:42.982Z  GEHC/2025       roh          96060 reg. Kerzen      250/0/0 von 250  Tagen gewertet (1m/5m/15m)     6405 Signale  5654 ms lesen  81449 ms rechnen
2026-09-09T19:53:41.672Z  GEHC/2026       roh          64265 reg. Kerzen      166/0/0 von 166  Tagen gewertet (1m/5m/15m)     4398 Signale  2981 ms lesen  55427 ms rechnen
2026-09-09T19:54:14.758Z  GERN/2016       roh          86957 reg. Kerzen       81/0/0 von 252  Tagen gewertet (1m/5m/15m)     2609 Signale  2530 ms lesen  30035 ms rechnen
2026-09-09T19:54:18.089Z  GERN/2017       roh          80050 reg. Kerzen        0/0/0 von 251  Tagen gewertet (1m/5m/15m)        0 Signale  2526 ms lesen  618 ms rechnen
2026-09-09T19:55:24.017Z  GERN/2018       roh          92716 reg. Kerzen      168/0/0 von 251  Tagen gewertet (1m/5m/15m)     5559 Signale  2407 ms lesen  63311 ms rechnen
2026-09-09T19:55:35.015Z  GERN/2019       roh          85641 reg. Kerzen       22/0/0 von 252  Tagen gewertet (1m/5m/15m)      694 Signale  1441 ms lesen  9302 ms rechnen
2026-09-09T19:55:55.387Z  GERN/2020       roh          88147 reg. Kerzen       45/0/0 von 253  Tagen gewertet (1m/5m/15m)     1456 Signale  2467 ms lesen  17657 ms rechnen
2026-09-09T19:56:10.527Z  GERN/2021       roh          87755 reg. Kerzen       36/0/0 von 252  Tagen gewertet (1m/5m/15m)     1161 Signale  143 ms lesen  14780 ms rechnen
2026-09-09T19:56:47.945Z  GERN/2022       roh          90196 reg. Kerzen       95/0/0 von 251  Tagen gewertet (1m/5m/15m)     2997 Signale  881 ms lesen  36318 ms rechnen
2026-09-09T19:58:26.954Z  GERN/2023       roh          95529 reg. Kerzen      250/0/0 von 250  Tagen gewertet (1m/5m/15m)     7846 Signale  131 ms lesen  98621 ms rechnen
2026-09-09T20:00:02.554Z  GERN/2024       roh          96232 reg. Kerzen      251/0/0 von 251  Tagen gewertet (1m/5m/15m)     7886 Signale  156 ms lesen  95190 ms rechnen
2026-09-09T20:01:47.274Z  GERN/2025       roh          96023 reg. Kerzen      250/0/0 von 250  Tagen gewertet (1m/5m/15m)     7938 Signale  147 ms lesen  104285 ms rechnen
2026-09-09T20:03:02.464Z  GERN/2026       roh          64382 reg. Kerzen      166/0/0 von 166  Tagen gewertet (1m/5m/15m)     5147 Signale  2371 ms lesen  72571 ms rechnen
2026-09-09T20:03:03.307Z  GFED/2016       roh            827 reg. Kerzen        0/0/0 von 192  Tagen gewertet (1m/5m/15m)        0 Signale  249 ms lesen  9 ms rechnen
2026-09-09T20:03:03.679Z  GFED/2017       roh            618 reg. Kerzen        0/0/0 von 184  Tagen gewertet (1m/5m/15m)        0 Signale  361 ms lesen  8 ms rechnen
2026-09-09T20:03:03.829Z  GFED/2018       roh            784 reg. Kerzen        0/0/0 von 195  Tagen gewertet (1m/5m/15m)        0 Signale  140 ms lesen  7 ms rechnen
2026-09-09T20:03:03.924Z  GFED/2019       roh           1083 reg. Kerzen        0/0/0 von 209  Tagen gewertet (1m/5m/15m)        0 Signale  80 ms lesen  11 ms rechnen
2026-09-09T20:03:04.395Z  GFED/2020       roh            881 reg. Kerzen        0/0/0 von 197  Tagen gewertet (1m/5m/15m)        0 Signale  458 ms lesen  7 ms rechnen
2026-09-09T20:03:04.885Z  GFED/2021       roh           1735 reg. Kerzen        0/0/0 von 220  Tagen gewertet (1m/5m/15m)        0 Signale  473 ms lesen  14 ms rechnen
2026-09-09T20:03:05.009Z  GFED/2022       roh            829 reg. Kerzen        0/0/0 von 61   Tagen gewertet (1m/5m/15m)        0 Signale  111 ms lesen  8 ms rechnen
2026-09-09T20:03:06.201Z  GFX/2021        roh          10123 reg. Kerzen        0/0/0 von 222  Tagen gewertet (1m/5m/15m)        0 Signale  1071 ms lesen  70 ms rechnen
2026-09-09T20:03:06.677Z  GFX/2022        roh           1708 reg. Kerzen        0/0/0 von 228  Tagen gewertet (1m/5m/15m)        0 Signale  424 ms lesen  17 ms rechnen
2026-09-09T20:03:06.768Z  GFX/2023        roh            754 reg. Kerzen        0/0/0 von 123  Tagen gewertet (1m/5m/15m)        0 Signale  77 ms lesen  8 ms rechnen
2026-09-09T20:03:07.213Z  GGMC/2021       roh            634 reg. Kerzen        0/0/0 von 79   Tagen gewertet (1m/5m/15m)        0 Signale  50 ms lesen  6 ms rechnen
2026-09-09T20:03:07.313Z  GGMC/2022       roh            649 reg. Kerzen        0/0/0 von 158  Tagen gewertet (1m/5m/15m)        0 Signale  90 ms lesen  7 ms rechnen
2026-09-09T20:03:12.923Z  GHIV/2020       roh          17109 reg. Kerzen       12/0/0 von 167  Tagen gewertet (1m/5m/15m)      378 Signale  1097 ms lesen  4447 ms rechnen
2026-09-09T20:03:18.819Z  GHIV/2021       roh           5070 reg. Kerzen       13/0/0 von 13   Tagen gewertet (1m/5m/15m)      423 Signale  516 ms lesen  5323 ms rechnen
2026-09-09T20:03:19.292Z  GIAC/2021       roh            227 reg. Kerzen        0/0/0 von 19   Tagen gewertet (1m/5m/15m)        0 Signale  79 ms lesen  2 ms rechnen
2026-09-09T20:03:19.448Z  GIAC/2022       roh            568 reg. Kerzen        0/0/0 von 135  Tagen gewertet (1m/5m/15m)        0 Signale  148 ms lesen  7 ms rechnen
2026-09-09T20:03:19.508Z  GIAC/2023       roh            260 reg. Kerzen        0/0/0 von 16   Tagen gewertet (1m/5m/15m)        0 Signale  55 ms lesen  2 ms rechnen
2026-09-09T20:04:19.365Z  GIL/2016        roh          84675 reg. Kerzen      191/0/0 von 252  Tagen gewertet (1m/5m/15m)     4655 Signale  2683 ms lesen  56361 ms rechnen
2026-09-09T20:05:05.071Z  GIL/2017        roh          79542 reg. Kerzen      149/0/0 von 251  Tagen gewertet (1m/5m/15m)     3478 Signale  3377 ms lesen  42061 ms rechnen
2026-09-09T20:05:58.068Z  GIL/2018        roh          81050 reg. Kerzen      168/0/0 von 251  Tagen gewertet (1m/5m/15m)     4028 Signale  3369 ms lesen  49394 ms rechnen
2026-09-09T20:06:57.279Z  GIL/2019        roh          84348 reg. Kerzen      207/0/0 von 252  Tagen gewertet (1m/5m/15m)     4728 Signale  114 ms lesen  58852 ms rechnen
2026-09-09T20:08:08.278Z  GIL/2020        roh          87593 reg. Kerzen      219/0/0 von 253  Tagen gewertet (1m/5m/15m)     6308 Signale  134 ms lesen  70619 ms rechnen
2026-09-09T20:08:42.678Z  GIL/2021        roh          75229 reg. Kerzen      120/0/0 von 252  Tagen gewertet (1m/5m/15m)     3109 Signale  137 ms lesen  34001 ms rechnen
2026-09-09T20:09:54.159Z  GIL/2022        roh          88232 reg. Kerzen      229/0/0 von 251  Tagen gewertet (1m/5m/15m)     6208 Signale  121 ms lesen  71158 ms rechnen
2026-09-09T20:10:52.614Z  GIL/2023        roh          82771 reg. Kerzen      194/0/0 von 250  Tagen gewertet (1m/5m/15m)     4863 Signale  220 ms lesen  57973 ms rechnen
2026-09-09T20:11:38.697Z  GIL/2024        roh          78898 reg. Kerzen      148/0/0 von 252  Tagen gewertet (1m/5m/15m)     3524 Signale  2986 ms lesen  42855 ms rechnen
2026-09-09T20:12:24.547Z  GIL/2025        roh          79738 reg. Kerzen      148/0/0 von 250  Tagen gewertet (1m/5m/15m)     3739 Signale  2001 ms lesen  43622 ms rechnen
2026-09-09T20:13:07.919Z  GIL/2026        roh          57605 reg. Kerzen      147/0/0 von 166  Tagen gewertet (1m/5m/15m)     4013 Signale  1860 ms lesen  41323 ms rechnen
2026-09-09T20:13:08.604Z  GLADZ/2023      roh           1687 reg. Kerzen        0/0/0 von 93   Tagen gewertet (1m/5m/15m)        0 Signale  158 ms lesen  13 ms rechnen
2026-09-09T20:13:09.094Z  GLADZ/2024      roh           2641 reg. Kerzen        0/0/0 von 249  Tagen gewertet (1m/5m/15m)        0 Signale  467 ms lesen  18 ms rechnen
2026-09-09T20:13:09.241Z  GLADZ/2025      roh           1744 reg. Kerzen        0/0/0 von 193  Tagen gewertet (1m/5m/15m)        0 Signale  133 ms lesen  8 ms rechnen
2026-09-09T20:13:09.418Z  GLEO/2019       roh             67 reg. Kerzen        0/0/0 von 19   Tagen gewertet (1m/5m/15m)        0 Signale  74 ms lesen  1 ms rechnen
2026-09-09T20:13:09.992Z  GLEO/2020       roh           1347 reg. Kerzen        0/0/0 von 214  Tagen gewertet (1m/5m/15m)        0 Signale  561 ms lesen  12 ms rechnen
2026-09-09T20:13:10.452Z  GLEO/2021       roh          10315 reg. Kerzen        0/0/0 von 187  Tagen gewertet (1m/5m/15m)        0 Signale  400 ms lesen  56 ms rechnen
2026-09-09T20:13:12.924Z  GLOP/2016       roh          38415 reg. Kerzen        0/0/0 von 252  Tagen gewertet (1m/5m/15m)        0 Signale  2155 ms lesen  224 ms rechnen
2026-09-09T20:13:13.658Z  GLOP/2017       roh          40113 reg. Kerzen        0/0/0 von 251  Tagen gewertet (1m/5m/15m)        0 Signale  414 ms lesen  232 ms rechnen
2026-09-09T20:13:14.027Z  GLOP/2018       roh          36706 reg. Kerzen        0/0/0 von 251  Tagen gewertet (1m/5m/15m)        0 Signale  68 ms lesen  191 ms rechnen
2026-09-09T20:13:16.826Z  GLOP/2019       roh          42897 reg. Kerzen        0/0/0 von 252  Tagen gewertet (1m/5m/15m)        0 Signale  2457 ms lesen  238 ms rechnen
2026-09-09T20:13:26.429Z  GLOP/2020       roh          60454 reg. Kerzen       18/0/0 von 253  Tagen gewertet (1m/5m/15m)      597 Signale  3794 ms lesen  5712 ms rechnen
2026-09-09T20:13:29.030Z  GLOP/2021       roh          54419 reg. Kerzen        0/0/0 von 252  Tagen gewertet (1m/5m/15m)        0 Signale  2151 ms lesen  293 ms rechnen
2026-09-09T20:13:30.797Z  GLOP/2022       roh          50058 reg. Kerzen        0/0/0 von 250  Tagen gewertet (1m/5m/15m)        0 Signale  1341 ms lesen  263 ms rechnen
2026-09-09T20:13:32.415Z  GLOP/2023       roh          28448 reg. Kerzen        0/0/0 von 131  Tagen gewertet (1m/5m/15m)        0 Signale  1260 ms lesen  210 ms rechnen
2026-09-09T20:13:33.098Z  GLTO/2020       bereinigt     3481 reg. Kerzen        0/0/0 von 44   Tagen gewertet (1m/5m/15m)        0 Signale  171 ms lesen  27 ms rechnen
2026-09-09T20:13:35.698Z  GLTO/2021       bereinigt    24948 reg. Kerzen        0/0/0 von 252  Tagen gewertet (1m/5m/15m)        0 Signale  2422 ms lesen  169 ms rechnen
2026-09-09T20:13:39.993Z  GLTO/2022       bereinigt    13623 reg. Kerzen        0/0/0 von 251  Tagen gewertet (1m/5m/15m)        0 Signale  4178 ms lesen  57 ms rechnen
2026-09-09T20:13:44.909Z  GLTO/2023       bereinigt    17641 reg. Kerzen        0/0/0 von 250  Tagen gewertet (1m/5m/15m)        0 Signale  4804 ms lesen  86 ms rechnen
2026-09-09T20:13:47.470Z  GLTO/2024       bereinigt    12773 reg. Kerzen        0/0/0 von 252  Tagen gewertet (1m/5m/15m)        0 Signale  2446 ms lesen  64 ms rechnen
2026-09-09T20:13:52.847Z  GLTO/2025       roh          14983 reg. Kerzen        0/0/0 von 250  Tagen gewertet (1m/5m/15m)        0 Signale  5282 ms lesen  69 ms rechnen
2026-09-09T20:13:53.841Z  GLTO/2026       roh           4336 reg. Kerzen        0/0/0 von 45   Tagen gewertet (1m/5m/15m)        0 Signale  921 ms lesen  29 ms rechnen
2026-09-09T20:13:56.680Z  GMDA/2018       roh           2062 reg. Kerzen        0/0/0 von 44   Tagen gewertet (1m/5m/15m)        0 Signale  2528 ms lesen  9 ms rechnen
2026-09-09T20:13:58.458Z  GMDA/2019       roh           6704 reg. Kerzen        0/0/0 von 252  Tagen gewertet (1m/5m/15m)        0 Signale  1728 ms lesen  45 ms rechnen
2026-09-09T20:14:02.987Z  GMDA/2020       roh          30470 reg. Kerzen        0/0/0 von 253  Tagen gewertet (1m/5m/15m)        0 Signale  4294 ms lesen  217 ms rechnen
2026-09-09T20:14:16.739Z  GMDA/2021       roh          57950 reg. Kerzen       23/0/0 von 252  Tagen gewertet (1m/5m/15m)      764 Signale  5705 ms lesen  7942 ms rechnen
2026-09-09T20:14:26.484Z  GMDA/2022       roh          53122 reg. Kerzen        0/0/0 von 251  Tagen gewertet (1m/5m/15m)        0 Signale  9337 ms lesen  280 ms rechnen
2026-09-09T20:14:44.005Z  GMDA/2023       roh          68442 reg. Kerzen       22/0/0 von 250  Tagen gewertet (1m/5m/15m)      722 Signale  9500 ms lesen  7875 ms rechnen
2026-09-09T20:14:52.311Z  GMDA/2024       roh          19051 reg. Kerzen        0/0/0 von 66   Tagen gewertet (1m/5m/15m)        0 Signale  8037 ms lesen  111 ms rechnen
2026-09-09T20:14:56.217Z  GMO/2016        roh          15635 reg. Kerzen        0/0/0 von 252  Tagen gewertet (1m/5m/15m)        0 Signale  3348 ms lesen  93 ms rechnen
2026-09-09T20:15:00.629Z  GMO/2017        roh          20331 reg. Kerzen        0/0/0 von 251  Tagen gewertet (1m/5m/15m)        0 Signale  4262 ms lesen  106 ms rechnen
2026-09-09T20:15:02.560Z  GMO/2018        roh          17583 reg. Kerzen        0/0/0 von 251  Tagen gewertet (1m/5m/15m)        0 Signale  1794 ms lesen  70 ms rechnen
2026-09-09T20:15:04.816Z  GMO/2019        roh          22537 reg. Kerzen        0/0/0 von 252  Tagen gewertet (1m/5m/15m)        0 Signale  2092 ms lesen  131 ms rechnen
2026-09-09T20:15:10.745Z  GMO/2020        roh          26240 reg. Kerzen        0/0/0 von 189  Tagen gewertet (1m/5m/15m)        0 Signale  5720 ms lesen  157 ms rechnen
2026-09-09T20:15:17.350Z  GNCA/2016       bereinigt    52129 reg. Kerzen        3/0/0 von 252  Tagen gewertet (1m/5m/15m)       96 Signale  4934 ms lesen  1156 ms rechnen
2026-09-09T20:15:24.344Z  GNCA/2017       bereinigt    50418 reg. Kerzen        0/0/0 von 251  Tagen gewertet (1m/5m/15m)        0 Signale  6570 ms lesen  290 ms rechnen
2026-09-09T20:15:25.415Z  GNCA/2018       bereinigt    51407 reg. Kerzen        0/0/0 von 251  Tagen gewertet (1m/5m/15m)        0 Signale  596 ms lesen  370 ms rechnen
2026-09-09T20:15:26.735Z  GNCA/2019       bereinigt    29678 reg. Kerzen        0/0/0 von 252  Tagen gewertet (1m/5m/15m)        0 Signale  965 ms lesen  188 ms rechnen
2026-09-09T20:15:29.392Z  GNCA/2020       roh          43155 reg. Kerzen        0/0/0 von 253  Tagen gewertet (1m/5m/15m)        0 Signale  2330 ms lesen  231 ms rechnen
2026-09-09T20:15:31.304Z  GNCA/2021       roh          34035 reg. Kerzen        0/0/0 von 252  Tagen gewertet (1m/5m/15m)        0 Signale  1632 ms lesen  193 ms rechnen
2026-09-09T20:15:32.573Z  GNCA/2022       roh          15778 reg. Kerzen        0/0/0 von 105  Tagen gewertet (1m/5m/15m)        0 Signale  1093 ms lesen  82 ms rechnen
2026-09-09T20:16:05.695Z  GNRC/2016       roh          78061 reg. Kerzen      103/0/0 von 252  Tagen gewertet (1m/5m/15m)     2866 Signale  3526 ms lesen  29556 ms rechnen
2026-09-09T20:16:27.533Z  GNRC/2017       roh          69715 reg. Kerzen       69/0/0 von 251  Tagen gewertet (1m/5m/15m)     1773 Signale  2803 ms lesen  18830 ms rechnen
2026-09-09T20:16:46.922Z  GNRC/2018       roh          71401 reg. Kerzen       67/0/0 von 251  Tagen gewertet (1m/5m/15m)     1868 Signale  135 ms lesen  19042 ms rechnen
2026-09-09T20:17:14.164Z  GNRC/2019       roh          73350 reg. Kerzen       97/0/0 von 252  Tagen gewertet (1m/5m/15m)     2466 Signale  115 ms lesen  26966 ms rechnen
2026-09-09T20:18:26.697Z  GNRC/2020       roh          88648 reg. Kerzen      236/0/0 von 253  Tagen gewertet (1m/5m/15m)     6761 Signale  145 ms lesen  72172 ms rechnen
2026-09-09T20:19:28.826Z  GNRC/2021       roh          84684 reg. Kerzen      206/0/0 von 252  Tagen gewertet (1m/5m/15m)     5918 Signale  144 ms lesen  61760 ms rechnen
2026-09-09T20:20:52.396Z  GNRC/2022       roh          91825 reg. Kerzen      243/0/0 von 251  Tagen gewertet (1m/5m/15m)     7554 Signale  528 ms lesen  82813 ms rechnen
2026-09-09T20:22:23.124Z  GNRC/2023       roh          92004 reg. Kerzen      247/0/0 von 250  Tagen gewertet (1m/5m/15m)     7337 Signale  4055 ms lesen  86402 ms rechnen
2026-09-09T20:23:32.780Z  GNRC/2024       roh          85503 reg. Kerzen      214/0/0 von 252  Tagen gewertet (1m/5m/15m)     5940 Signale  5317 ms lesen  64134 ms rechnen
2026-09-09T20:24:30.273Z  GNRC/2025       roh          82171 reg. Kerzen      187/0/0 von 250  Tagen gewertet (1m/5m/15m)     5173 Signale  2399 ms lesen  54829 ms rechnen
2026-09-09T20:25:02.569Z  GNRC/2026       roh          53241 reg. Kerzen       98/0/0 von 166  Tagen gewertet (1m/5m/15m)     2952 Signale  1411 ms lesen  30669 ms rechnen
2026-09-09T20:25:03.346Z  GOAC/2020       roh           3206 reg. Kerzen        0/0/0 von 67   Tagen gewertet (1m/5m/15m)        0 Signale  530 ms lesen  22 ms rechnen
2026-09-09T20:25:03.638Z  GOAC/2021       roh          13834 reg. Kerzen        0/0/0 von 250  Tagen gewertet (1m/5m/15m)        0 Signale  186 ms lesen  100 ms rechnen
2026-09-09T20:25:04.057Z  GOAC/2022       roh           3944 reg. Kerzen        0/0/0 von 154  Tagen gewertet (1m/5m/15m)        0 Signale  358 ms lesen  29 ms rechnen
2026-09-09T20:25:06.506Z  GOL/2016        bereinigt    51479 reg. Kerzen        0/0/0 von 252  Tagen gewertet (1m/5m/15m)        0 Signale  2069 ms lesen  264 ms rechnen
2026-09-09T20:25:08.486Z  GOL/2017        bereinigt    53906 reg. Kerzen        0/0/0 von 251  Tagen gewertet (1m/5m/15m)        0 Signale  1489 ms lesen  326 ms rechnen
2026-09-09T20:25:36.237Z  GOL/2018        roh          78127 reg. Kerzen       77/0/0 von 251  Tagen gewertet (1m/5m/15m)     2430 Signale  2034 ms lesen  25541 ms rechnen
2026-09-09T20:26:50.897Z  GOL/2019        roh          88713 reg. Kerzen      230/0/0 von 252  Tagen gewertet (1m/5m/15m)     6875 Signale  2672 ms lesen  71764 ms rechnen
2026-09-09T20:28:18.102Z  GOL/2020        roh          92982 reg. Kerzen      250/0/0 von 253  Tagen gewertet (1m/5m/15m)     7876 Signale  134 ms lesen  86863 ms rechnen
2026-09-09T20:29:39.915Z  GOL/2021        roh          90408 reg. Kerzen      244/0/0 von 252  Tagen gewertet (1m/5m/15m)     7385 Signale  268 ms lesen  81295 ms rechnen
2026-09-09T20:30:45.113Z  GOL/2022        roh          85704 reg. Kerzen      191/0/0 von 251  Tagen gewertet (1m/5m/15m)     6064 Signale  236 ms lesen  64706 ms rechnen
2026-09-09T20:30:55.833Z  GOL/2023        roh          74485 reg. Kerzen       31/0/0 von 250  Tagen gewertet (1m/5m/15m)      945 Signale  132 ms lesen  10358 ms rechnen
2026-09-09T20:30:56.099Z  GOL/2024        roh           4657 reg. Kerzen        0/0/0 von 17   Tagen gewertet (1m/5m/15m)        0 Signale  26 ms lesen  39 ms rechnen
2026-09-09T20:30:56.176Z  GPAK/2023       roh           4532 reg. Kerzen        0/0/0 von 58   Tagen gewertet (1m/5m/15m)        0 Signale  26 ms lesen  20 ms rechnen
2026-09-09T20:30:56.259Z  GPAK/2024       roh           8414 reg. Kerzen        0/0/0 von 148  Tagen gewertet (1m/5m/15m)        0 Signale  28 ms lesen  41 ms rechnen
2026-09-09T20:30:56.283Z  AUSGELASSEN GPAK/2025: Datei fehlt
2026-09-09T20:32:14.187Z  GPK/2016        roh          95743 reg. Kerzen      232/0/0 von 252  Tagen gewertet (1m/5m/15m)     5810 Signale  129 ms lesen  77734 ms rechnen
2026-09-09T20:33:40.657Z  GPK/2017        roh          95360 reg. Kerzen      251/0/0 von 251  Tagen gewertet (1m/5m/15m)     5976 Signale  2459 ms lesen  83758 ms rechnen
2026-09-09T20:35:03.739Z  GPK/2018        roh          95511 reg. Kerzen      251/0/0 von 251  Tagen gewertet (1m/5m/15m)     6379 Signale  136 ms lesen  82677 ms rechnen
2026-09-09T20:36:29.072Z  GPK/2019        roh          96907 reg. Kerzen      252/0/0 von 252  Tagen gewertet (1m/5m/15m)     6227 Signale  149 ms lesen  84955 ms rechnen
2026-09-09T20:37:59.020Z  GPK/2020        roh          96885 reg. Kerzen      253/0/0 von 253  Tagen gewertet (1m/5m/15m)     6802 Signale  3277 ms lesen  86409 ms rechnen
2026-09-09T20:39:19.318Z  GPK/2021        roh          94880 reg. Kerzen      250/0/0 von 252  Tagen gewertet (1m/5m/15m)     6208 Signale  144 ms lesen  79899 ms rechnen
2026-09-09T20:40:44.171Z  GPK/2022        roh          96038 reg. Kerzen      250/0/0 von 251  Tagen gewertet (1m/5m/15m)     6689 Signale  149 ms lesen  84445 ms rechnen
2026-09-09T20:42:10.192Z  GPK/2023        roh          95984 reg. Kerzen      250/0/0 von 250  Tagen gewertet (1m/5m/15m)     6290 Signale  246 ms lesen  85521 ms rechnen
2026-09-09T20:43:30.754Z  GPK/2024        roh          94883 reg. Kerzen      251/0/0 von 252  Tagen gewertet (1m/5m/15m)     6185 Signale  120 ms lesen  80200 ms rechnen
2026-09-09T20:44:53.632Z  GPK/2025        roh          94979 reg. Kerzen      250/0/0 von 250  Tagen gewertet (1m/5m/15m)     6363 Signale  160 ms lesen  82458 ms rechnen
2026-09-09T20:45:54.108Z  GPK/2026        roh          64257 reg. Kerzen      166/0/0 von 166  Tagen gewertet (1m/5m/15m)     4868 Signale  95 ms lesen  60102 ms rechnen
2026-09-09T20:45:54.311Z  AUSGELASSEN GRAB/2018: Datei fehlt
2026-09-09T20:45:54.312Z  AUSGELASSEN GRAB/2019: Datei fehlt
2026-09-09T20:45:54.346Z  GRAB/2020       roh           1024 reg. Kerzen        0/0/0 von 22   Tagen gewertet (1m/5m/15m)        0 Signale  27 ms lesen  7 ms rechnen
2026-09-09T20:46:27.330Z  GRAB/2021       roh          68904 reg. Kerzen       93/0/0 von 252  Tagen gewertet (1m/5m/15m)     2946 Signale  118 ms lesen  32862 ms rechnen
2026-09-09T20:48:08.396Z  GRAB/2022       roh          97660 reg. Kerzen      251/0/0 von 251  Tagen gewertet (1m/5m/15m)     8189 Signale  559 ms lesen  100350 ms rechnen
2026-09-09T20:49:47.450Z  GRAB/2023       roh          97007 reg. Kerzen      250/0/0 von 250  Tagen gewertet (1m/5m/15m)     7391 Signale  127 ms lesen  98680 ms rechnen
2026-09-09T20:51:24.147Z  GRAB/2024       roh          97651 reg. Kerzen      252/0/0 von 252  Tagen gewertet (1m/5m/15m)     6906 Signale  199 ms lesen  96238 ms rechnen
2026-09-09T20:53:02.465Z  GRAB/2025       roh          96953 reg. Kerzen      250/0/0 von 250  Tagen gewertet (1m/5m/15m)     7392 Signale  5168 ms lesen  92895 ms rechnen
2026-09-09T20:54:07.221Z  GRAB/2026       roh          64739 reg. Kerzen      166/0/0 von 166  Tagen gewertet (1m/5m/15m)     4815 Signale  124 ms lesen  64375 ms rechnen
2026-09-09T20:54:19.743Z  GREE/2021       bereinigt    25133 reg. Kerzen       34/0/0 von 76   Tagen gewertet (1m/5m/15m)     1157 Signale  95 ms lesen  12231 ms rechnen
2026-09-09T20:54:20.501Z  GREE/2022       bereinigt    55809 reg. Kerzen        1/0/0 von 251  Tagen gewertet (1m/5m/15m)       34 Signale  111 ms lesen  577 ms rechnen
2026-09-09T20:54:21.003Z  GREE/2023       bereinigt    46944 reg. Kerzen        0/0/0 von 250  Tagen gewertet (1m/5m/15m)        0 Signale  67 ms lesen  281 ms rechnen
2026-09-09T20:54:21.492Z  GREE/2024       roh          40253 reg. Kerzen        0/0/0 von 252  Tagen gewertet (1m/5m/15m)        0 Signale  90 ms lesen  255 ms rechnen
2026-09-09T20:54:21.896Z  GREE/2025       roh          32001 reg. Kerzen        0/0/0 von 250  Tagen gewertet (1m/5m/15m)        0 Signale  94 ms lesen  174 ms rechnen
2026-09-09T20:54:22.104Z  GREE/2026       roh          14801 reg. Kerzen        0/0/0 von 139  Tagen gewertet (1m/5m/15m)        0 Signale  34 ms lesen  82 ms rechnen
2026-09-09T20:54:22.218Z  GRND/2021       roh           9847 reg. Kerzen        0/0/0 von 244  Tagen gewertet (1m/5m/15m)        0 Signale  25 ms lesen  50 ms rechnen
2026-09-09T20:54:22.762Z  GRND/2022       roh          10636 reg. Kerzen        1/0/0 von 243  Tagen gewertet (1m/5m/15m)       28 Signale  42 ms lesen  469 ms rechnen
2026-09-09T20:54:23.120Z  GRND/2023       roh          39945 reg. Kerzen        0/0/0 von 250  Tagen gewertet (1m/5m/15m)        0 Signale  88 ms lesen  241 ms rechnen
2026-09-09T20:54:27.579Z  GRND/2024       roh          60708 reg. Kerzen       13/0/0 von 252  Tagen gewertet (1m/5m/15m)      362 Signale  163 ms lesen  4183 ms rechnen
2026-09-09T20:55:40.598Z  GRND/2025       roh          88402 reg. Kerzen      227/0/0 von 250  Tagen gewertet (1m/5m/15m)     6583 Signale  123 ms lesen  72706 ms rechnen
2026-09-09T20:56:18.337Z  GRND/2026       roh          54767 reg. Kerzen      123/0/0 von 166  Tagen gewertet (1m/5m/15m)     3611 Signale  63 ms lesen  37430 ms rechnen
2026-09-09T20:56:20.081Z  GRTX/2019       bereinigt     4379 reg. Kerzen        0/0/0 von 37   Tagen gewertet (1m/5m/15m)        0 Signale  1544 ms lesen  26 ms rechnen
2026-09-09T20:56:21.159Z  GRTX/2020       bereinigt    13231 reg. Kerzen        0/0/0 von 253  Tagen gewertet (1m/5m/15m)        0 Signale  996 ms lesen  67 ms rechnen
2026-09-09T20:56:24.314Z  GRTX/2021       bereinigt    34687 reg. Kerzen        3/0/0 von 252  Tagen gewertet (1m/5m/15m)      102 Signale  1693 ms lesen  1427 ms rechnen
2026-09-09T20:56:28.337Z  GRTX/2022       bereinigt    24379 reg. Kerzen        4/0/0 von 251  Tagen gewertet (1m/5m/15m)      121 Signale  2276 ms lesen  1645 ms rechnen
2026-09-09T20:56:32.100Z  GRTX/2023       bereinigt    60153 reg. Kerzen        0/0/0 von 250  Tagen gewertet (1m/5m/15m)        0 Signale  3328 ms lesen  372 ms rechnen
2026-09-09T20:56:32.375Z  GRTX/2024       bereinigt    17311 reg. Kerzen        0/0/0 von 106  Tagen gewertet (1m/5m/15m)        0 Signale  44 ms lesen  98 ms rechnen
2026-09-09T20:56:32.439Z  AUSGELASSEN GRTX/2025: Datei fehlt
2026-09-09T20:56:32.576Z  GSB/2016        roh          10662 reg. Kerzen        0/0/0 von 252  Tagen gewertet (1m/5m/15m)        0 Signale  51 ms lesen  60 ms rechnen
2026-09-09T20:56:32.810Z  GSB/2017        roh          13104 reg. Kerzen        0/0/0 von 251  Tagen gewertet (1m/5m/15m)        0 Signale  114 ms lesen  90 ms rechnen
2026-09-09T20:56:32.952Z  GSB/2018        roh           9519 reg. Kerzen        0/0/0 von 251  Tagen gewertet (1m/5m/15m)        0 Signale  39 ms lesen  64 ms rechnen
2026-09-09T20:56:33.610Z  GSB/2019        roh          30611 reg. Kerzen        0/0/0 von 252  Tagen gewertet (1m/5m/15m)        0 Signale  476 ms lesen  163 ms rechnen
2026-09-09T20:56:33.876Z  GSB/2020        roh          23520 reg. Kerzen        0/0/0 von 166  Tagen gewertet (1m/5m/15m)        0 Signale  46 ms lesen  141 ms rechnen
2026-09-09T20:57:49.141Z  GSK/2016        bereinigt    97797 reg. Kerzen      232/0/0 von 252  Tagen gewertet (1m/5m/15m)     5244 Signale  277 ms lesen  74903 ms rechnen
2026-09-09T20:59:13.018Z  GSK/2017        bereinigt    97321 reg. Kerzen      251/0/0 von 251  Tagen gewertet (1m/5m/15m)     5391 Signale  217 ms lesen  83323 ms rechnen
2026-09-09T21:00:32.310Z  GSK/2018        bereinigt    96831 reg. Kerzen      251/0/0 von 251  Tagen gewertet (1m/5m/15m)     5709 Signale  229 ms lesen  78813 ms rechnen
2026-09-09T21:01:52.641Z  GSK/2019        bereinigt    97250 reg. Kerzen      252/0/0 von 252  Tagen gewertet (1m/5m/15m)     5436 Signale  420 ms lesen  79671 ms rechnen
2026-09-09T21:03:17.097Z  GSK/2020        bereinigt    98013 reg. Kerzen      253/0/0 von 253  Tagen gewertet (1m/5m/15m)     5991 Signale  207 ms lesen  83967 ms rechnen
2026-09-09T21:04:38.400Z  GSK/2021        bereinigt    96700 reg. Kerzen      250/0/0 von 252  Tagen gewertet (1m/5m/15m)     5416 Signale  217 ms lesen  80807 ms rechnen
2026-09-09T21:05:58.556Z  GSK/2022        bereinigt    96044 reg. Kerzen      247/0/0 von 247  Tagen gewertet (1m/5m/15m)     5828 Signale  197 ms lesen  79714 ms rechnen
2026-09-09T21:07:18.946Z  GSK/2023        roh          96552 reg. Kerzen      250/0/0 von 250  Tagen gewertet (1m/5m/15m)     5553 Signale  197 ms lesen  79894 ms rechnen
2026-09-09T21:07:20.997Z  CHECKPOINT 2200 Dateien, 317 min, Detektorfehler {}
2026-09-09T21:08:40.758Z  GSK/2024        roh          97122 reg. Kerzen      252/0/0 von 252  Tagen gewertet (1m/5m/15m)     5591 Signale  164 ms lesen  79595 ms rechnen
2026-09-09T21:10:02.862Z  GSK/2025        roh          96664 reg. Kerzen      250/0/0 von 250  Tagen gewertet (1m/5m/15m)     5827 Signale  137 ms lesen  81685 ms rechnen
2026-09-09T21:10:58.423Z  GSK/2026        roh          64600 reg. Kerzen      166/0/0 von 166  Tagen gewertet (1m/5m/15m)     3911 Signale  117 ms lesen  55152 ms rechnen
2026-09-09T21:10:58.664Z  GSRT/2024       roh             88 reg. Kerzen        0/0/0 von 8    Tagen gewertet (1m/5m/15m)        0 Signale  26 ms lesen  0 ms rechnen
2026-09-09T21:11:05.799Z  GSRT/2025       roh          24272 reg. Kerzen       22/0/0 von 184  Tagen gewertet (1m/5m/15m)      622 Signale  48 ms lesen  7086 ms rechnen
2026-09-09T21:11:18.112Z  GTES/2018       roh          61404 reg. Kerzen       35/0/0 von 235  Tagen gewertet (1m/5m/15m)      962 Signale  2260 ms lesen  9943 ms rechnen
2026-09-09T21:11:20.918Z  GTES/2019       roh          60648 reg. Kerzen        7/0/0 von 252  Tagen gewertet (1m/5m/15m)      202 Signale  449 ms lesen  2198 ms rechnen
2026-09-09T21:11:25.257Z  GTES/2020       roh          55459 reg. Kerzen        0/0/0 von 253  Tagen gewertet (1m/5m/15m)        0 Signale  3865 ms lesen  325 ms rechnen
2026-09-09T21:11:54.325Z  GTES/2021       roh          72254 reg. Kerzen       88/0/0 von 252  Tagen gewertet (1m/5m/15m)     2368 Signale  2564 ms lesen  26347 ms rechnen
2026-09-09T21:12:44.627Z  GTES/2022       roh          82104 reg. Kerzen      160/0/0 von 251  Tagen gewertet (1m/5m/15m)     4445 Signale  1628 ms lesen  48487 ms rechnen
2026-09-09T21:13:40.322Z  GTES/2023       roh          84502 reg. Kerzen      186/0/0 von 250  Tagen gewertet (1m/5m/15m)     4661 Signale  690 ms lesen  54800 ms rechnen
2026-09-09T21:15:02.914Z  GTES/2024       roh          94248 reg. Kerzen      252/0/0 von 252  Tagen gewertet (1m/5m/15m)     6450 Signale  150 ms lesen  82199 ms rechnen
2026-09-09T21:16:22.489Z  GTES/2025       roh          92197 reg. Kerzen      250/0/0 von 250  Tagen gewertet (1m/5m/15m)     6597 Signale  165 ms lesen  79161 ms rechnen
2026-09-09T21:17:19.224Z  GTES/2026       roh          61847 reg. Kerzen      165/0/0 von 166  Tagen gewertet (1m/5m/15m)     4505 Signale  2503 ms lesen  53991 ms rechnen
2026-09-09T21:17:19.462Z  GTPB/2021       roh           1802 reg. Kerzen        0/0/0 von 132  Tagen gewertet (1m/5m/15m)        0 Signale  32 ms lesen  13 ms rechnen
2026-09-09T21:17:19.507Z  GTPB/2022       roh           2393 reg. Kerzen        0/0/0 von 199  Tagen gewertet (1m/5m/15m)        0 Signale  20 ms lesen  19 ms rechnen
2026-09-09T21:17:19.573Z  GTYH/2016       roh             22 reg. Kerzen        0/0/0 von 8    Tagen gewertet (1m/5m/15m)        0 Signale  47 ms lesen  0 ms rechnen
2026-09-09T21:17:19.605Z  GTYH/2017       roh            792 reg. Kerzen        0/0/0 von 128  Tagen gewertet (1m/5m/15m)        0 Signale  24 ms lesen  7 ms rechnen
2026-09-09T21:17:19.649Z  GTYH/2018       roh           2295 reg. Kerzen        0/0/0 von 186  Tagen gewertet (1m/5m/15m)        0 Signale  25 ms lesen  15 ms rechnen
2026-09-09T21:17:19.854Z  GTYH/2019       roh          23119 reg. Kerzen        0/0/0 von 245  Tagen gewertet (1m/5m/15m)        0 Signale  58 ms lesen  138 ms rechnen
2026-09-09T21:17:20.101Z  GTYH/2020       roh          22980 reg. Kerzen        0/0/0 von 253  Tagen gewertet (1m/5m/15m)        0 Signale  61 ms lesen  129 ms rechnen
2026-09-09T21:17:20.362Z  GTYH/2021       roh          27550 reg. Kerzen        0/0/0 von 252  Tagen gewertet (1m/5m/15m)        0 Signale  40 ms lesen  171 ms rechnen
2026-09-09T21:17:22.019Z  GTYH/2022       roh          22289 reg. Kerzen        5/0/0 von 127  Tagen gewertet (1m/5m/15m)      124 Signale  37 ms lesen  1558 ms rechnen
2026-09-09T21:17:22.124Z  GWGH/2016       roh           1951 reg. Kerzen        0/0/0 von 203  Tagen gewertet (1m/5m/15m)        0 Signale  31 ms lesen  10 ms rechnen
2026-09-09T21:17:22.162Z  GWGH/2017       roh           1430 reg. Kerzen        0/0/0 von 229  Tagen gewertet (1m/5m/15m)        0 Signale  20 ms lesen  13 ms rechnen
2026-09-09T21:17:22.199Z  GWGH/2018       roh           2567 reg. Kerzen        0/0/0 von 219  Tagen gewertet (1m/5m/15m)        0 Signale  19 ms lesen  15 ms rechnen
2026-09-09T21:17:22.258Z  GWGH/2019       roh           6194 reg. Kerzen        0/0/0 von 249  Tagen gewertet (1m/5m/15m)        0 Signale  22 ms lesen  31 ms rechnen
2026-09-09T21:17:22.313Z  GWGH/2020       roh           3361 reg. Kerzen        0/0/0 von 244  Tagen gewertet (1m/5m/15m)        0 Signale  22 ms lesen  19 ms rechnen
2026-09-09T21:17:22.368Z  GWGH/2021       roh           5091 reg. Kerzen        0/0/0 von 249  Tagen gewertet (1m/5m/15m)        0 Signale  16 ms lesen  31 ms rechnen
2026-09-09T21:17:22.432Z  GWGH/2022       roh           3903 reg. Kerzen        0/0/0 von 80   Tagen gewertet (1m/5m/15m)        0 Signale  24 ms lesen  21 ms rechnen
2026-09-09T21:17:41.184Z  GXO/2021        roh          36061 reg. Kerzen       60/0/0 von 107  Tagen gewertet (1m/5m/15m)     1866 Signale  67 ms lesen  18653 ms rechnen
2026-09-09T21:18:57.006Z  GXO/2022        roh          89558 reg. Kerzen      231/0/0 von 250  Tagen gewertet (1m/5m/15m)     7109 Signale  260 ms lesen  75464 ms rechnen
2026-09-09T21:19:44.051Z  GXO/2023        roh          80332 reg. Kerzen      159/0/0 von 250  Tagen gewertet (1m/5m/15m)     4394 Signale  109 ms lesen  46676 ms rechnen
2026-09-09T21:21:50.988Z  GXO/2024        roh          82883 reg. Kerzen      186/0/0 von 252  Tagen gewertet (1m/5m/15m)     4819 Signale  71667 ms lesen  55061 ms rechnen
2026-09-09T21:22:53.453Z  GXO/2025        roh          85431 reg. Kerzen      197/0/0 von 250  Tagen gewertet (1m/5m/15m)     5425 Signale  119 ms lesen  62124 ms rechnen
2026-09-09T21:23:36.138Z  GXO/2026        roh          56901 reg. Kerzen      136/0/0 von 166  Tagen gewertet (1m/5m/15m)     3813 Signale  93 ms lesen  42340 ms rechnen
2026-09-09T21:23:59.682Z  HAFN/2024       roh          49779 reg. Kerzen       75/0/0 von 185  Tagen gewertet (1m/5m/15m)     1944 Signale  92 ms lesen  23252 ms rechnen
2026-09-09T21:24:42.175Z  HAFN/2025       roh          79889 reg. Kerzen      140/0/0 von 250  Tagen gewertet (1m/5m/15m)     3768 Signale  120 ms lesen  42236 ms rechnen
2026-09-09T21:25:16.673Z  HAFN/2026       roh          55181 reg. Kerzen      112/0/0 von 166  Tagen gewertet (1m/5m/15m)     2942 Signale  83 ms lesen  34193 ms rechnen
2026-09-09T21:25:16.983Z  HARP/2019       bereinigt    15067 reg. Kerzen        0/0/0 von 226  Tagen gewertet (1m/5m/15m)        0 Signale  48 ms lesen  76 ms rechnen
2026-09-09T21:25:17.450Z  HARP/2020       bereinigt    38965 reg. Kerzen        0/0/0 von 253  Tagen gewertet (1m/5m/15m)        0 Signale  234 ms lesen  198 ms rechnen
2026-09-09T21:25:18.287Z  HARP/2021       bereinigt    54334 reg. Kerzen        1/0/0 von 252  Tagen gewertet (1m/5m/15m)       27 Signale  103 ms lesen  631 ms rechnen
2026-09-09T21:25:18.766Z  HARP/2022       bereinigt    43255 reg. Kerzen        0/0/0 von 251  Tagen gewertet (1m/5m/15m)        0 Signale  67 ms lesen  260 ms rechnen
2026-09-09T21:25:19.159Z  HARP/2023       bereinigt    31152 reg. Kerzen        0/0/0 von 250  Tagen gewertet (1m/5m/15m)        0 Signale  61 ms lesen  207 ms rechnen
2026-09-09T21:25:22.870Z  HARP/2024       roh          13313 reg. Kerzen       12/0/0 von 47   Tagen gewertet (1m/5m/15m)      185 Signale  32 ms lesen  3584 ms rechnen
2026-09-09T21:25:22.944Z  HBK/2016        roh            983 reg. Kerzen        0/0/0 von 167  Tagen gewertet (1m/5m/15m)        0 Signale  20 ms lesen  8 ms rechnen
2026-09-09T21:25:22.995Z  HBK/2017        roh            750 reg. Kerzen        0/0/0 von 171  Tagen gewertet (1m/5m/15m)        0 Signale  39 ms lesen  7 ms rechnen
2026-09-09T21:25:23.071Z  HBK/2018        roh            803 reg. Kerzen        0/0/0 von 154  Tagen gewertet (1m/5m/15m)        0 Signale  67 ms lesen  6 ms rechnen
2026-09-09T21:25:23.096Z  HBK/2019        roh            244 reg. Kerzen        0/0/0 von 41   Tagen gewertet (1m/5m/15m)        0 Signale  19 ms lesen  2 ms rechnen
2026-09-09T21:25:43.994Z  HCC/2017        roh          52798 reg. Kerzen       70/0/0 von 181  Tagen gewertet (1m/5m/15m)     2018 Signale  213 ms lesen  20646 ms rechnen
2026-09-09T21:26:53.173Z  HCC/2018        roh          86837 reg. Kerzen      219/0/0 von 251  Tagen gewertet (1m/5m/15m)     6598 Signale  114 ms lesen  68920 ms rechnen
2026-09-09T21:28:00.122Z  HCC/2019        roh          86744 reg. Kerzen      217/0/0 von 252  Tagen gewertet (1m/5m/15m)     6228 Signale  111 ms lesen  66580 ms rechnen
2026-09-09T21:29:00.108Z  HCC/2020        roh          83717 reg. Kerzen      178/0/0 von 253  Tagen gewertet (1m/5m/15m)     5591 Signale  103 ms lesen  59629 ms rechnen
2026-09-09T21:29:45.790Z  HCC/2021        roh          78665 reg. Kerzen      147/0/0 von 252  Tagen gewertet (1m/5m/15m)     4518 Signale  109 ms lesen  45347 ms rechnen
2026-09-09T21:30:33.307Z  HCC/2022        roh          80196 reg. Kerzen      147/0/0 von 251  Tagen gewertet (1m/5m/15m)     4518 Signale  162 ms lesen  47135 ms rechnen
2026-09-09T21:31:09.985Z  HCC/2023        roh          76428 reg. Kerzen      119/0/0 von 250  Tagen gewertet (1m/5m/15m)     3369 Signale  1804 ms lesen  34649 ms rechnen
2026-09-09T21:31:50.650Z  HCC/2024        roh          77549 reg. Kerzen      131/0/0 von 252  Tagen gewertet (1m/5m/15m)     3773 Signale  2042 ms lesen  38413 ms rechnen
2026-09-09T21:32:36.531Z  HCC/2025        roh          79030 reg. Kerzen      148/0/0 von 250  Tagen gewertet (1m/5m/15m)     4362 Signale  100 ms lesen  45566 ms rechnen
2026-09-09T21:32:51.114Z  HCC/2026        roh          47596 reg. Kerzen       49/0/0 von 166  Tagen gewertet (1m/5m/15m)     1454 Signale  60 ms lesen  14306 ms rechnen
2026-09-09T21:32:51.574Z  HCI/2016        roh          42031 reg. Kerzen        0/0/0 von 252  Tagen gewertet (1m/5m/15m)        0 Signale  71 ms lesen  243 ms rechnen
2026-09-09T21:32:51.971Z  HCI/2017        roh          35620 reg. Kerzen        0/0/0 von 251  Tagen gewertet (1m/5m/15m)        0 Signale  77 ms lesen  189 ms rechnen
2026-09-09T21:32:52.312Z  HCI/2018        roh          26436 reg. Kerzen        0/0/0 von 251  Tagen gewertet (1m/5m/15m)        0 Signale  60 ms lesen  176 ms rechnen
2026-09-09T21:32:52.542Z  HCI/2019        roh          21334 reg. Kerzen        0/0/0 von 252  Tagen gewertet (1m/5m/15m)        0 Signale  60 ms lesen  113 ms rechnen
2026-09-09T21:32:52.749Z  HCI/2020        roh          18372 reg. Kerzen        0/0/0 von 253  Tagen gewertet (1m/5m/15m)        0 Signale  36 ms lesen  114 ms rechnen
2026-09-09T21:32:52.973Z  HCI/2021        roh          25511 reg. Kerzen        0/0/0 von 252  Tagen gewertet (1m/5m/15m)        0 Signale  47 ms lesen  131 ms rechnen
2026-09-09T21:32:53.214Z  HCI/2022        roh          27386 reg. Kerzen        0/0/0 von 251  Tagen gewertet (1m/5m/15m)        0 Signale  44 ms lesen  135 ms rechnen
2026-09-09T21:32:53.721Z  HCI/2023        roh          23708 reg. Kerzen        1/0/0 von 250  Tagen gewertet (1m/5m/15m)       26 Signale  48 ms lesen  377 ms rechnen
2026-09-09T21:32:54.460Z  HCI/2024        roh          28881 reg. Kerzen        1/0/0 von 252  Tagen gewertet (1m/5m/15m)       31 Signale  165 ms lesen  508 ms rechnen
2026-09-09T21:32:54.730Z  HCI/2025        roh          24867 reg. Kerzen        0/0/0 von 250  Tagen gewertet (1m/5m/15m)        0 Signale  48 ms lesen  137 ms rechnen
2026-09-09T21:32:54.961Z  HCI/2026        roh          18195 reg. Kerzen        0/0/0 von 166  Tagen gewertet (1m/5m/15m)        0 Signale  29 ms lesen  120 ms rechnen
2026-09-09T21:33:36.250Z  HDB/2016        bereinigt    81277 reg. Kerzen      153/0/0 von 252  Tagen gewertet (1m/5m/15m)     3448 Signale  109 ms lesen  41117 ms rechnen
2026-09-09T21:34:21.106Z  HDB/2017        bereinigt    80944 reg. Kerzen      165/0/0 von 251  Tagen gewertet (1m/5m/15m)     3613 Signale  267 ms lesen  44387 ms rechnen
2026-09-09T21:35:03.959Z  HDB/2018        bereinigt    80153 reg. Kerzen      159/0/0 von 251  Tagen gewertet (1m/5m/15m)     3604 Signale  121 ms lesen  42537 ms rechnen
2026-09-09T21:35:51.469Z  HDB/2019        bereinigt    82845 reg. Kerzen      171/0/0 von 252  Tagen gewertet (1m/5m/15m)     3806 Signale  156 ms lesen  47119 ms rechnen
2026-09-09T21:37:08.056Z  HDB/2020        bereinigt    93861 reg. Kerzen      249/0/0 von 253  Tagen gewertet (1m/5m/15m)     6337 Signale  118 ms lesen  76222 ms rechnen
2026-09-09T21:38:17.536Z  HDB/2021        bereinigt    89813 reg. Kerzen      241/0/0 von 252  Tagen gewertet (1m/5m/15m)     5618 Signale  122 ms lesen  69112 ms rechnen
2026-09-09T21:39:34.104Z  HDB/2022        bereinigt    93429 reg. Kerzen      249/0/0 von 251  Tagen gewertet (1m/5m/15m)     6169 Signale  134 ms lesen  76175 ms rechnen
2026-09-09T21:40:50.708Z  HDB/2023        bereinigt    93882 reg. Kerzen      250/0/0 von 250  Tagen gewertet (1m/5m/15m)     5543 Signale  139 ms lesen  76215 ms rechnen
2026-09-09T21:42:07.828Z  HDB/2024        bereinigt    95338 reg. Kerzen      252/0/0 von 252  Tagen gewertet (1m/5m/15m)     5604 Signale  142 ms lesen  76721 ms rechnen
2026-09-09T21:43:24.077Z  HDB/2025        bereinigt    94461 reg. Kerzen      249/0/0 von 250  Tagen gewertet (1m/5m/15m)     5446 Signale  126 ms lesen  75867 ms rechnen
2026-09-09T21:44:17.899Z  HDB/2026        roh          64416 reg. Kerzen      166/0/0 von 166  Tagen gewertet (1m/5m/15m)     3944 Signale  31 ms lesen  53541 ms rechnen
2026-09-09T21:44:18.127Z  HEBT/2016       roh             86 reg. Kerzen        0/0/0 von 4    Tagen gewertet (1m/5m/15m)        0 Signale  32 ms lesen  1 ms rechnen
2026-09-09T21:44:18.225Z  HEBT/2017       roh           7891 reg. Kerzen        0/0/0 von 251  Tagen gewertet (1m/5m/15m)        0 Signale  46 ms lesen  51 ms rechnen
2026-09-09T21:44:18.304Z  HEBT/2018       roh           3699 reg. Kerzen        0/0/0 von 232  Tagen gewertet (1m/5m/15m)        0 Signale  35 ms lesen  28 ms rechnen
2026-09-09T21:44:18.417Z  HEBT/2019       roh          10877 reg. Kerzen        0/0/0 von 242  Tagen gewertet (1m/5m/15m)        0 Signale  30 ms lesen  75 ms rechnen
2026-09-09T21:44:18.584Z  HEBT/2020       roh          15841 reg. Kerzen        0/0/0 von 221  Tagen gewertet (1m/5m/15m)        0 Signale  34 ms lesen  94 ms rechnen
2026-09-09T21:44:18.939Z  HEP/2016        roh          39622 reg. Kerzen        0/0/0 von 252  Tagen gewertet (1m/5m/15m)        0 Signale  59 ms lesen  228 ms rechnen
2026-09-09T21:44:19.659Z  HEP/2017        roh          39986 reg. Kerzen        1/0/0 von 251  Tagen gewertet (1m/5m/15m)       36 Signale  67 ms lesen  536 ms rechnen
2026-09-09T21:44:20.196Z  HEP/2018        roh          44027 reg. Kerzen        1/0/0 von 251  Tagen gewertet (1m/5m/15m)       15 Signale  67 ms lesen  359 ms rechnen
2026-09-09T21:44:20.973Z  HEP/2019        roh          44300 reg. Kerzen        1/0/0 von 252  Tagen gewertet (1m/5m/15m)       36 Signale  79 ms lesen  573 ms rechnen
2026-09-09T21:44:32.167Z  HEP/2020        roh          61672 reg. Kerzen       34/0/0 von 253  Tagen gewertet (1m/5m/15m)     1050 Signale  104 ms lesen  10938 ms rechnen
2026-09-09T21:44:32.708Z  HEP/2021        roh          48438 reg. Kerzen        0/0/0 von 252  Tagen gewertet (1m/5m/15m)        0 Signale  84 ms lesen  304 ms rechnen
2026-09-09T21:44:33.191Z  HEP/2022        roh          36661 reg. Kerzen        0/0/0 von 251  Tagen gewertet (1m/5m/15m)        0 Signale  140 ms lesen  194 ms rechnen
2026-09-09T21:44:38.742Z  HEP/2023        roh          41858 reg. Kerzen       19/0/0 von 230  Tagen gewertet (1m/5m/15m)      436 Signale  68 ms lesen  5388 ms rechnen
2026-09-09T21:44:38.902Z  HFEN/2020       roh           2403 reg. Kerzen        0/0/0 von 26   Tagen gewertet (1m/5m/15m)        0 Signale  18 ms lesen  14 ms rechnen
2026-09-09T21:44:38.934Z  HFEN/2021       roh           1063 reg. Kerzen        0/0/0 von 23   Tagen gewertet (1m/5m/15m)        0 Signale  14 ms lesen  12 ms rechnen
2026-09-09T21:44:56.485Z  HGV/2017        roh          72615 reg. Kerzen       65/0/0 von 250  Tagen gewertet (1m/5m/15m)     1664 Signale  112 ms lesen  17435 ms rechnen
2026-09-09T21:45:58.248Z  HGV/2018        roh          85869 reg. Kerzen      209/0/0 von 251  Tagen gewertet (1m/5m/15m)     5546 Signale  103 ms lesen  61475 ms rechnen
2026-09-09T21:47:00.431Z  HGV/2019        roh          86217 reg. Kerzen      213/0/0 von 252  Tagen gewertet (1m/5m/15m)     5405 Signale  124 ms lesen  61816 ms rechnen
2026-09-09T21:47:51.500Z  HGV/2020        roh          81271 reg. Kerzen      161/0/0 von 253  Tagen gewertet (1m/5m/15m)     4913 Signale  130 ms lesen  50703 ms rechnen
2026-09-09T21:48:36.363Z  HGV/2021        roh          79210 reg. Kerzen      156/0/0 von 252  Tagen gewertet (1m/5m/15m)     4368 Signale  119 ms lesen  44530 ms rechnen
2026-09-09T21:49:20.361Z  HGV/2022        roh          79704 reg. Kerzen      147/0/0 von 251  Tagen gewertet (1m/5m/15m)     4215 Signale  140 ms lesen  43659 ms rechnen
2026-09-09T21:50:04.302Z  HGV/2023        roh          80759 reg. Kerzen      157/0/0 von 250  Tagen gewertet (1m/5m/15m)     4175 Signale  111 ms lesen  43619 ms rechnen
2026-09-09T21:50:47.965Z  HGV/2024        roh          79676 reg. Kerzen      156/0/0 von 252  Tagen gewertet (1m/5m/15m)     4117 Signale  127 ms lesen  43355 ms rechnen
2026-09-09T21:51:35.590Z  HGV/2025        roh          81012 reg. Kerzen      162/0/0 von 250  Tagen gewertet (1m/5m/15m)     4391 Signale  681 ms lesen  46728 ms rechnen
2026-09-09T21:51:52.754Z  HGV/2026        roh          49049 reg. Kerzen       59/0/0 von 166  Tagen gewertet (1m/5m/15m)     1634 Signale  78 ms lesen  16892 ms rechnen
2026-09-09T21:51:52.987Z  HHRS/2023       roh           9690 reg. Kerzen        0/0/0 von 207  Tagen gewertet (1m/5m/15m)        0 Signale  28 ms lesen  48 ms rechnen
2026-09-09T21:51:53.081Z  HIII/2021       roh           3151 reg. Kerzen        0/0/0 von 141  Tagen gewertet (1m/5m/15m)        0 Signale  35 ms lesen  23 ms rechnen
2026-09-09T21:51:53.130Z  HIII/2022       roh           2932 reg. Kerzen        0/0/0 von 223  Tagen gewertet (1m/5m/15m)        0 Signale  22 ms lesen  21 ms rechnen
2026-09-09T21:51:59.497Z  HK/2016         bereinigt    80794 reg. Kerzen       16/0/0 von 252  Tagen gewertet (1m/5m/15m)      507 Signale  159 ms lesen  6201 ms rechnen
2026-09-09T21:53:26.429Z  HK/2017         roh          93275 reg. Kerzen      245/0/0 von 251  Tagen gewertet (1m/5m/15m)     7819 Signale  124 ms lesen  86586 ms rechnen
2026-09-09T21:55:01.834Z  HK/2018         roh          96146 reg. Kerzen      251/0/0 von 251  Tagen gewertet (1m/5m/15m)     8113 Signale  191 ms lesen  94976 ms rechnen
2026-09-09T21:55:29.376Z  HK/2019         roh          51267 reg. Kerzen       67/0/0 von 139  Tagen gewertet (1m/5m/15m)     2144 Signale  111 ms lesen  27156 ms rechnen
2026-09-09T21:55:29.801Z  HLI/2016        roh          30640 reg. Kerzen        0/0/0 von 252  Tagen gewertet (1m/5m/15m)        0 Signale  74 ms lesen  184 ms rechnen
2026-09-09T21:55:32.397Z  HLI/2017        roh          53294 reg. Kerzen        8/0/0 von 251  Tagen gewertet (1m/5m/15m)      206 Signale  100 ms lesen  2405 ms rechnen
2026-09-09T21:55:36.456Z  HLI/2018        roh          58637 reg. Kerzen       14/0/0 von 251  Tagen gewertet (1m/5m/15m)      359 Signale  87 ms lesen  3837 ms rechnen
2026-09-09T21:55:41.491Z  HLI/2019        roh          59870 reg. Kerzen       17/0/0 von 252  Tagen gewertet (1m/5m/15m)      445 Signale  99 ms lesen  4789 ms rechnen
2026-09-09T21:56:06.142Z  HLI/2020        roh          72238 reg. Kerzen       81/0/0 von 253  Tagen gewertet (1m/5m/15m)     2367 Signale  115 ms lesen  24375 ms rechnen
2026-09-09T21:56:16.776Z  HLI/2021        roh          64676 reg. Kerzen       30/0/0 von 252  Tagen gewertet (1m/5m/15m)      790 Signale  1798 ms lesen  8665 ms rechnen
2026-09-09T21:56:28.024Z  HLI/2022        roh          63417 reg. Kerzen       35/0/0 von 250  Tagen gewertet (1m/5m/15m)     1041 Signale  1712 ms lesen  9375 ms rechnen
2026-09-09T21:56:38.471Z  HLI/2023        roh          64079 reg. Kerzen       35/0/0 von 250  Tagen gewertet (1m/5m/15m)      956 Signale  90 ms lesen  10197 ms rechnen
2026-09-09T21:56:40.780Z  HLI/2024        roh          53630 reg. Kerzen        6/0/0 von 252  Tagen gewertet (1m/5m/15m)      177 Signale  109 ms lesen  2042 ms rechnen
2026-09-09T21:56:44.278Z  HLI/2025        roh          56460 reg. Kerzen       10/0/0 von 250  Tagen gewertet (1m/5m/15m)      277 Signale  98 ms lesen  3238 ms rechnen
2026-09-09T21:56:49.993Z  HLI/2026        roh          43900 reg. Kerzen       18/0/0 von 166  Tagen gewertet (1m/5m/15m)      492 Signale  66 ms lesen  5524 ms rechnen
2026-09-09T21:56:50.454Z  HLVX/2022       roh          19147 reg. Kerzen        0/0/0 von 170  Tagen gewertet (1m/5m/15m)        0 Signale  246 ms lesen  91 ms rechnen
2026-09-09T21:56:50.635Z  HLVX/2023       roh          16322 reg. Kerzen        0/0/0 von 250  Tagen gewertet (1m/5m/15m)        0 Signale  38 ms lesen  86 ms rechnen
2026-09-09T21:56:50.982Z  HLVX/2024       roh          36075 reg. Kerzen        0/0/0 von 252  Tagen gewertet (1m/5m/15m)        0 Signale  77 ms lesen  222 ms rechnen
2026-09-09T21:56:51.288Z  HLVX/2025       roh          27043 reg. Kerzen        0/0/0 von 176  Tagen gewertet (1m/5m/15m)        0 Signale  47 ms lesen  154 ms rechnen
2026-09-09T21:56:51.417Z  HMG/2016        roh            945 reg. Kerzen        0/0/0 von 103  Tagen gewertet (1m/5m/15m)        0 Signale  23 ms lesen  8 ms rechnen
2026-09-09T21:56:51.445Z  HMG/2017        roh            344 reg. Kerzen        0/0/0 von 102  Tagen gewertet (1m/5m/15m)        0 Signale  21 ms lesen  4 ms rechnen
2026-09-09T21:56:51.472Z  HMG/2018        roh            684 reg. Kerzen        0/0/0 von 164  Tagen gewertet (1m/5m/15m)        0 Signale  21 ms lesen  4 ms rechnen
2026-09-09T21:56:51.499Z  HMG/2019        roh            296 reg. Kerzen        0/0/0 von 102  Tagen gewertet (1m/5m/15m)        0 Signale  21 ms lesen  3 ms rechnen
2026-09-09T21:56:51.522Z  HMG/2020        roh            544 reg. Kerzen        0/0/0 von 120  Tagen gewertet (1m/5m/15m)        0 Signale  15 ms lesen  6 ms rechnen
2026-09-09T21:56:51.548Z  HMG/2021        roh            914 reg. Kerzen        0/0/0 von 145  Tagen gewertet (1m/5m/15m)        0 Signale  16 ms lesen  7 ms rechnen
2026-09-09T21:56:51.570Z  HMG/2022        roh             75 reg. Kerzen        0/0/0 von 13   Tagen gewertet (1m/5m/15m)        0 Signale  18 ms lesen  1 ms rechnen
2026-09-09T21:56:55.641Z  HMST/2016       roh          46992 reg. Kerzen       12/0/0 von 252  Tagen gewertet (1m/5m/15m)      348 Signale  75 ms lesen  3994 ms rechnen
2026-09-09T21:56:58.262Z  HMST/2017       roh          50687 reg. Kerzen        8/0/0 von 251  Tagen gewertet (1m/5m/15m)      224 Signale  69 ms lesen  2440 ms rechnen
2026-09-09T21:56:58.653Z  HMST/2018       roh          37598 reg. Kerzen        0/0/0 von 251  Tagen gewertet (1m/5m/15m)        0 Signale  60 ms lesen  206 ms rechnen
2026-09-09T21:56:59.013Z  HMST/2019       roh          41867 reg. Kerzen        0/0/0 von 252  Tagen gewertet (1m/5m/15m)        0 Signale  54 ms lesen  199 ms rechnen
2026-09-09T21:56:59.414Z  HMST/2020       roh          43101 reg. Kerzen        0/0/0 von 253  Tagen gewertet (1m/5m/15m)        0 Signale  64 ms lesen  224 ms rechnen
2026-09-09T21:56:59.785Z  HMST/2021       roh          34212 reg. Kerzen        0/0/0 von 252  Tagen gewertet (1m/5m/15m)        0 Signale  68 ms lesen  167 ms rechnen
2026-09-09T21:57:00.172Z  HMST/2022       roh          38777 reg. Kerzen        0/0/0 von 251  Tagen gewertet (1m/5m/15m)        0 Signale  61 ms lesen  240 ms rechnen
2026-09-09T21:57:00.983Z  HMST/2023       roh          52664 reg. Kerzen        1/0/0 von 250  Tagen gewertet (1m/5m/15m)       32 Signale  88 ms lesen  612 ms rechnen
2026-09-09T21:57:01.329Z  HMST/2024       roh          29907 reg. Kerzen        0/0/0 von 252  Tagen gewertet (1m/5m/15m)        0 Signale  55 ms lesen  172 ms rechnen
2026-09-09T21:57:01.515Z  HMST/2025       roh          18325 reg. Kerzen        0/0/0 von 165  Tagen gewertet (1m/5m/15m)        0 Signale  34 ms lesen  85 ms rechnen
2026-09-09T21:57:01.579Z  HNNAZ/2021      roh            312 reg. Kerzen        0/0/0 von 40   Tagen gewertet (1m/5m/15m)        0 Signale  17 ms lesen  3 ms rechnen
2026-09-09T21:57:01.609Z  HNNAZ/2022      roh            572 reg. Kerzen        0/0/0 von 161  Tagen gewertet (1m/5m/15m)        0 Signale  22 ms lesen  7 ms rechnen
2026-09-09T21:57:01.630Z  HNNAZ/2023      roh            300 reg. Kerzen        0/0/0 von 133  Tagen gewertet (1m/5m/15m)        0 Signale  14 ms lesen  4 ms rechnen
2026-09-09T21:57:01.652Z  HNNAZ/2024      roh            250 reg. Kerzen        0/0/0 von 119  Tagen gewertet (1m/5m/15m)        0 Signale  16 ms lesen  4 ms rechnen
2026-09-09T21:57:01.670Z  HNNAZ/2025      roh            343 reg. Kerzen        0/0/0 von 130  Tagen gewertet (1m/5m/15m)        0 Signale  12 ms lesen  4 ms rechnen
2026-09-09T21:57:01.694Z  HNNAZ/2026      roh            393 reg. Kerzen        0/0/0 von 93   Tagen gewertet (1m/5m/15m)        0 Signale  18 ms lesen  4 ms rechnen
2026-09-09T21:57:04.413Z  HOLI/2016       roh          57288 reg. Kerzen        8/0/0 von 252  Tagen gewertet (1m/5m/15m)      226 Signale  80 ms lesen  2636 ms rechnen
2026-09-09T21:57:08.871Z  HOLI/2017       roh          59292 reg. Kerzen       13/0/0 von 251  Tagen gewertet (1m/5m/15m)      360 Signale  89 ms lesen  4214 ms rechnen
2026-09-09T21:57:12.293Z  HOLI/2018       roh          57188 reg. Kerzen       10/0/0 von 251  Tagen gewertet (1m/5m/15m)      276 Signale  86 ms lesen  3163 ms rechnen
2026-09-09T21:57:12.777Z  HOLI/2019       roh          50925 reg. Kerzen        0/0/0 von 252  Tagen gewertet (1m/5m/15m)        0 Signale  74 ms lesen  265 ms rechnen
2026-09-09T21:57:13.306Z  HOLI/2020       roh          53479 reg. Kerzen        0/0/0 von 253  Tagen gewertet (1m/5m/15m)        0 Signale  94 ms lesen  299 ms rechnen
2026-09-09T21:57:15.521Z  HOLI/2021       roh          49928 reg. Kerzen        5/0/0 von 252  Tagen gewertet (1m/5m/15m)      145 Signale  91 ms lesen  1964 ms rechnen
2026-09-09T21:57:19.461Z  HOLI/2022       roh          51733 reg. Kerzen       11/0/0 von 251  Tagen gewertet (1m/5m/15m)      362 Signale  153 ms lesen  3647 ms rechnen
2026-09-09T21:57:22.083Z  HOLI/2023       roh          39363 reg. Kerzen        8/0/0 von 250  Tagen gewertet (1m/5m/15m)      185 Signale  78 ms lesen  2401 ms rechnen
2026-09-09T21:57:30.001Z  HOLI/2024       roh          32222 reg. Kerzen       26/0/0 von 142  Tagen gewertet (1m/5m/15m)      554 Signale  62 ms lesen  7766 ms rechnen
2026-09-09T21:57:30.199Z  HONE/2016       roh          13011 reg. Kerzen        0/0/0 von 128  Tagen gewertet (1m/5m/15m)        0 Signale  40 ms lesen  71 ms rechnen
2026-09-09T21:57:30.343Z  HONE/2017       roh          14386 reg. Kerzen        0/0/0 von 251  Tagen gewertet (1m/5m/15m)        0 Signale  35 ms lesen  79 ms rechnen
2026-09-09T21:57:30.507Z  HONE/2018       roh          14735 reg. Kerzen        0/0/0 von 250  Tagen gewertet (1m/5m/15m)        0 Signale  50 ms lesen  74 ms rechnen
2026-09-09T21:57:31.334Z  HONE/2019       roh          32120 reg. Kerzen        2/0/0 von 252  Tagen gewertet (1m/5m/15m)       44 Signale  74 ms lesen  722 ms rechnen
2026-09-09T21:57:31.801Z  HONE/2020       roh          51375 reg. Kerzen        0/0/0 von 253  Tagen gewertet (1m/5m/15m)        0 Signale  74 ms lesen  305 ms rechnen
2026-09-09T21:57:32.273Z  HONE/2021       roh          45242 reg. Kerzen        0/0/0 von 252  Tagen gewertet (1m/5m/15m)        0 Signale  99 ms lesen  240 ms rechnen
2026-09-09T21:57:32.659Z  HONE/2022       roh          40271 reg. Kerzen        0/0/0 von 251  Tagen gewertet (1m/5m/15m)        0 Signale  80 ms lesen  190 ms rechnen
2026-09-09T21:57:33.025Z  HONE/2023       roh          33459 reg. Kerzen        0/0/0 von 250  Tagen gewertet (1m/5m/15m)        0 Signale  72 ms lesen  180 ms rechnen
2026-09-09T21:57:33.378Z  HONE/2024       roh          33333 reg. Kerzen        0/0/0 von 252  Tagen gewertet (1m/5m/15m)        0 Signale  74 ms lesen  191 ms rechnen
2026-09-09T21:57:35.207Z  HONE/2025       roh          40219 reg. Kerzen        5/0/0 von 209  Tagen gewertet (1m/5m/15m)      131 Signale  59 ms lesen  1661 ms rechnen
2026-09-09T21:57:35.376Z  HOTH/2019       bereinigt     5308 reg. Kerzen        0/0/0 von 218  Tagen gewertet (1m/5m/15m)        0 Signale  25 ms lesen  23 ms rechnen
2026-09-09T21:57:35.614Z  HOTH/2020       bereinigt    30892 reg. Kerzen        0/0/0 von 253  Tagen gewertet (1m/5m/15m)        0 Signale  58 ms lesen  165 ms rechnen
2026-09-09T21:57:36.202Z  HOTH/2021       bereinigt    47085 reg. Kerzen        0/0/0 von 252  Tagen gewertet (1m/5m/15m)        0 Signale  147 ms lesen  335 ms rechnen
2026-09-09T21:57:36.576Z  HOTH/2022       bereinigt    28036 reg. Kerzen        0/0/0 von 251  Tagen gewertet (1m/5m/15m)        0 Signale  56 ms lesen  169 ms rechnen
2026-09-09T21:57:36.854Z  HOTH/2023       roh          21062 reg. Kerzen        0/0/0 von 250  Tagen gewertet (1m/5m/15m)        0 Signale  47 ms lesen  136 ms rechnen
2026-09-09T21:57:37.077Z  HOTH/2024       roh          18926 reg. Kerzen        0/0/0 von 252  Tagen gewertet (1m/5m/15m)        0 Signale  42 ms lesen  118 ms rechnen
2026-09-09T21:57:37.481Z  HOTH/2025       roh          39064 reg. Kerzen        0/0/0 von 250  Tagen gewertet (1m/5m/15m)        0 Signale  115 ms lesen  235 ms rechnen
2026-09-09T21:57:37.717Z  HOTH/2026       roh          15482 reg. Kerzen        0/0/0 von 100  Tagen gewertet (1m/5m/15m)        0 Signale  52 ms lesen  90 ms rechnen
2026-09-09T21:57:37.867Z  HPJ/2016        roh          11411 reg. Kerzen        0/0/0 von 252  Tagen gewertet (1m/5m/15m)        0 Signale  23 ms lesen  74 ms rechnen
2026-09-09T21:57:38.095Z  HPJ/2017        roh          24728 reg. Kerzen        0/0/0 von 251  Tagen gewertet (1m/5m/15m)        0 Signale  40 ms lesen  155 ms rechnen
2026-09-09T21:57:38.225Z  HPJ/2018        roh           8424 reg. Kerzen        0/0/0 von 251  Tagen gewertet (1m/5m/15m)        0 Signale  29 ms lesen  43 ms rechnen
2026-09-09T21:57:38.337Z  HPJ/2019        roh           9025 reg. Kerzen        0/0/0 von 211  Tagen gewertet (1m/5m/15m)        0 Signale  30 ms lesen  62 ms rechnen
2026-09-09T21:57:42.845Z  HPY/2016        roh          22901 reg. Kerzen       17/0/0 von 77   Tagen gewertet (1m/5m/15m)      368 Signale  49 ms lesen  4437 ms rechnen
2026-09-09T21:58:58.233Z  HRL/2016        bereinigt    97266 reg. Kerzen      232/0/0 von 252  Tagen gewertet (1m/5m/15m)     5457 Signale  140 ms lesen  75093 ms rechnen
2026-09-09T22:00:17.628Z  HRL/2017        roh          95333 reg. Kerzen      251/0/0 von 251  Tagen gewertet (1m/5m/15m)     5639 Signale  123 ms lesen  79010 ms rechnen
2026-09-09T22:01:39.725Z  HRL/2018        roh          96509 reg. Kerzen      251/0/0 von 251  Tagen gewertet (1m/5m/15m)     5978 Signale  134 ms lesen  81712 ms rechnen
2026-09-09T22:02:58.682Z  HRL/2019        roh          96746 reg. Kerzen      252/0/0 von 252  Tagen gewertet (1m/5m/15m)     5803 Signale  140 ms lesen  78540 ms rechnen
2026-09-09T22:04:21.164Z  HRL/2020        roh          97157 reg. Kerzen      253/0/0 von 253  Tagen gewertet (1m/5m/15m)     6303 Signale  130 ms lesen  82089 ms rechnen
2026-09-09T22:05:41.172Z  HRL/2021        roh          95762 reg. Kerzen      250/0/0 von 252  Tagen gewertet (1m/5m/15m)     5718 Signale  144 ms lesen  79565 ms rechnen
2026-09-09T22:06:59.525Z  HRL/2022        roh          95528 reg. Kerzen      250/0/0 von 250  Tagen gewertet (1m/5m/15m)     5874 Signale  146 ms lesen  77994 ms rechnen
2026-09-09T22:08:17.171Z  HRL/2023        roh          96017 reg. Kerzen      250/0/0 von 250  Tagen gewertet (1m/5m/15m)     5793 Signale  122 ms lesen  77218 ms rechnen
2026-09-09T22:09:37.277Z  HRL/2024        roh          96293 reg. Kerzen      252/0/0 von 252  Tagen gewertet (1m/5m/15m)     5792 Signale  133 ms lesen  79677 ms rechnen
2026-09-09T22:10:57.880Z  HRL/2025        roh          96050 reg. Kerzen      250/0/0 von 250  Tagen gewertet (1m/5m/15m)     5927 Signale  156 ms lesen  80198 ms rechnen
2026-09-09T22:11:52.901Z  HRL/2026        roh          64356 reg. Kerzen      166/0/0 von 166  Tagen gewertet (1m/5m/15m)     4178 Signale  97 ms lesen  54650 ms rechnen
2026-09-09T22:11:53.444Z  HRTG/2016       roh          51477 reg. Kerzen        0/0/0 von 252  Tagen gewertet (1m/5m/15m)        0 Signale  102 ms lesen  255 ms rechnen
2026-09-09T22:11:57.893Z  HRTG/2017       roh          52619 reg. Kerzen       14/0/0 von 251  Tagen gewertet (1m/5m/15m)      379 Signale  85 ms lesen  4240 ms rechnen
2026-09-09T22:11:58.382Z  HRTG/2018       roh          49728 reg. Kerzen        0/0/0 von 251  Tagen gewertet (1m/5m/15m)        0 Signale  75 ms lesen  272 ms rechnen
2026-09-09T22:11:58.798Z  HRTG/2019       roh          40084 reg. Kerzen        0/0/0 von 252  Tagen gewertet (1m/5m/15m)        0 Signale  64 ms lesen  241 ms rechnen
2026-09-09T22:11:59.184Z  HRTG/2020       roh          38109 reg. Kerzen        0/0/0 von 253  Tagen gewertet (1m/5m/15m)        0 Signale  55 ms lesen  211 ms rechnen
2026-09-09T22:11:59.561Z  HRTG/2021       roh          37655 reg. Kerzen        0/0/0 von 252  Tagen gewertet (1m/5m/15m)        0 Signale  72 ms lesen  204 ms rechnen
2026-09-09T22:12:01.395Z  CHECKPOINT 2400 Dateien, 382 min, Detektorfehler {}
2026-09-09T22:12:01.667Z  HRTG/2022       roh          36279 reg. Kerzen        0/0/0 von 251  Tagen gewertet (1m/5m/15m)        0 Signale  62 ms lesen  209 ms rechnen
2026-09-09T22:12:02.057Z  HRTG/2023       roh          35629 reg. Kerzen        0/0/0 von 250  Tagen gewertet (1m/5m/15m)        0 Signale  69 ms lesen  212 ms rechnen
2026-09-09T22:12:04.292Z  HRTG/2024       roh          55040 reg. Kerzen        5/0/0 von 252  Tagen gewertet (1m/5m/15m)      166 Signale  153 ms lesen  1987 ms rechnen
2026-09-09T22:12:09.611Z  HRTG/2025       roh          54770 reg. Kerzen       16/0/0 von 250  Tagen gewertet (1m/5m/15m)      490 Signale  101 ms lesen  5087 ms rechnen
2026-09-09T22:12:10.495Z  HRTG/2026       roh          32549 reg. Kerzen        2/0/0 von 166  Tagen gewertet (1m/5m/15m)       52 Signale  46 ms lesen  699 ms rechnen
2026-09-09T22:12:10.825Z  HSII/2016       roh          35170 reg. Kerzen        0/0/0 von 252  Tagen gewertet (1m/5m/15m)        0 Signale  71 ms lesen  163 ms rechnen
2026-09-09T22:12:11.113Z  HSII/2017       roh          30275 reg. Kerzen        0/0/0 von 251  Tagen gewertet (1m/5m/15m)        0 Signale  47 ms lesen  168 ms rechnen
2026-09-09T22:12:11.474Z  HSII/2018       roh          39767 reg. Kerzen        0/0/0 von 251  Tagen gewertet (1m/5m/15m)        0 Signale  64 ms lesen  205 ms rechnen
2026-09-09T22:12:11.850Z  HSII/2019       roh          35802 reg. Kerzen        0/0/0 von 252  Tagen gewertet (1m/5m/15m)        0 Signale  65 ms lesen  212 ms rechnen
2026-09-09T22:12:12.236Z  HSII/2020       roh          38239 reg. Kerzen        0/0/0 von 253  Tagen gewertet (1m/5m/15m)        0 Signale  72 ms lesen  232 ms rechnen
2026-09-09T22:12:12.593Z  HSII/2021       roh          29974 reg. Kerzen        0/0/0 von 252  Tagen gewertet (1m/5m/15m)        0 Signale  64 ms lesen  175 ms rechnen
2026-09-09T22:12:12.877Z  HSII/2022       roh          31657 reg. Kerzen        0/0/0 von 251  Tagen gewertet (1m/5m/15m)        0 Signale  49 ms lesen  144 ms rechnen
2026-09-09T22:12:13.156Z  HSII/2023       roh          25945 reg. Kerzen        0/0/0 von 250  Tagen gewertet (1m/5m/15m)        0 Signale  56 ms lesen  152 ms rechnen
2026-09-09T22:12:13.443Z  HSII/2024       roh          28762 reg. Kerzen        0/0/0 von 252  Tagen gewertet (1m/5m/15m)        0 Signale  66 ms lesen  157 ms rechnen
2026-09-09T22:12:13.701Z  HSII/2025       roh          29610 reg. Kerzen        0/0/0 von 235  Tagen gewertet (1m/5m/15m)        0 Signale  47 ms lesen  137 ms rechnen
2026-09-09T22:13:22.575Z  HSY/2016        roh          93805 reg. Kerzen      231/0/0 von 252  Tagen gewertet (1m/5m/15m)     5217 Signale  128 ms lesen  68656 ms rechnen
2026-09-09T22:14:31.831Z  HSY/2017        roh          89474 reg. Kerzen      247/0/0 von 251  Tagen gewertet (1m/5m/15m)     5154 Signale  123 ms lesen  68869 ms rechnen
2026-09-09T22:15:47.288Z  HSY/2018        roh          93158 reg. Kerzen      250/0/0 von 251  Tagen gewertet (1m/5m/15m)     5790 Signale  183 ms lesen  75036 ms rechnen
2026-09-09T22:17:05.627Z  HSY/2019        roh          93895 reg. Kerzen      251/0/0 von 252  Tagen gewertet (1m/5m/15m)     5482 Signale  153 ms lesen  77919 ms rechnen
2026-09-09T22:18:21.820Z  HSY/2020        roh          92857 reg. Kerzen      248/0/0 von 253  Tagen gewertet (1m/5m/15m)     6208 Signale  129 ms lesen  75824 ms rechnen
2026-09-09T22:19:31.018Z  HSY/2021        roh          88804 reg. Kerzen      238/0/0 von 252  Tagen gewertet (1m/5m/15m)     5240 Signale  141 ms lesen  68791 ms rechnen
2026-09-09T22:20:42.070Z  HSY/2022        roh          89907 reg. Kerzen      239/0/0 von 251  Tagen gewertet (1m/5m/15m)     5729 Signale  134 ms lesen  70667 ms rechnen
2026-09-09T22:21:56.508Z  HSY/2023        roh          91579 reg. Kerzen      249/0/0 von 250  Tagen gewertet (1m/5m/15m)     5545 Signale  124 ms lesen  74034 ms rechnen
2026-09-09T22:23:15.399Z  HSY/2024        roh          93676 reg. Kerzen      250/0/0 von 252  Tagen gewertet (1m/5m/15m)     5830 Signale  131 ms lesen  78514 ms rechnen
2026-09-09T22:24:33.808Z  HSY/2025        roh          91515 reg. Kerzen      249/0/0 von 250  Tagen gewertet (1m/5m/15m)     6218 Signale  131 ms lesen  78009 ms rechnen
2026-09-09T22:25:25.291Z  HSY/2026        roh          60962 reg. Kerzen      165/0/0 von 166  Tagen gewertet (1m/5m/15m)     4174 Signale  92 ms lesen  51155 ms rechnen
2026-09-09T22:25:25.542Z  HTGM/2016       bereinigt     8372 reg. Kerzen        0/0/0 von 252  Tagen gewertet (1m/5m/15m)        0 Signale  33 ms lesen  52 ms rechnen
2026-09-09T22:25:27.264Z  HTGM/2017       bereinigt    43215 reg. Kerzen        4/0/0 von 251  Tagen gewertet (1m/5m/15m)      131 Signale  86 ms lesen  1616 ms rechnen
2026-09-09T22:25:29.231Z  HTGM/2018       bereinigt    58984 reg. Kerzen        4/0/0 von 251  Tagen gewertet (1m/5m/15m)      136 Signale  191 ms lesen  1652 ms rechnen
2026-09-09T22:25:29.683Z  HTGM/2019       bereinigt    36953 reg. Kerzen        0/0/0 von 252  Tagen gewertet (1m/5m/15m)        0 Signale  95 ms lesen  223 ms rechnen
2026-09-09T22:25:30.444Z  HTGM/2020       bereinigt    67510 reg. Kerzen        0/0/0 von 253  Tagen gewertet (1m/5m/15m)        0 Signale  167 ms lesen  493 ms rechnen
2026-09-09T22:25:30.764Z  HTGM/2021       bereinigt    17569 reg. Kerzen        0/0/0 von 252  Tagen gewertet (1m/5m/15m)        0 Signale  36 ms lesen  96 ms rechnen
2026-09-09T22:25:32.124Z  HTGM/2022       bereinigt    29353 reg. Kerzen        3/0/0 von 251  Tagen gewertet (1m/5m/15m)      101 Signale  65 ms lesen  1252 ms rechnen
2026-09-09T22:25:32.335Z  HTGM/2023       roh          13164 reg. Kerzen        0/0/0 von 113  Tagen gewertet (1m/5m/15m)        0 Signale  38 ms lesen  83 ms rechnen
2026-09-09T22:25:33.883Z  HUBB/2016       roh          58520 reg. Kerzen        4/0/0 von 252  Tagen gewertet (1m/5m/15m)       95 Signale  95 ms lesen  1394 ms rechnen
2026-09-09T22:25:37.821Z  HUBB/2017       roh          60502 reg. Kerzen       14/0/0 von 251  Tagen gewertet (1m/5m/15m)      319 Signale  87 ms lesen  3690 ms rechnen
2026-09-09T22:25:58.286Z  HUBB/2018       roh          70823 reg. Kerzen       72/0/0 von 251  Tagen gewertet (1m/5m/15m)     1882 Signale  109 ms lesen  20185 ms rechnen
2026-09-09T22:26:02.126Z  HUBB/2019       roh          60071 reg. Kerzen       11/0/0 von 252  Tagen gewertet (1m/5m/15m)      289 Signale  99 ms lesen  3510 ms rechnen
2026-09-09T22:26:14.303Z  HUBB/2020       roh          66746 reg. Kerzen       28/0/0 von 253  Tagen gewertet (1m/5m/15m)      790 Signale  3783 ms lesen  8218 ms rechnen
2026-09-09T22:26:18.712Z  HUBB/2021       roh          53387 reg. Kerzen        6/0/0 von 252  Tagen gewertet (1m/5m/15m)      159 Signale  2257 ms lesen  1998 ms rechnen
2026-09-09T22:26:29.315Z  HUBB/2022       roh          65507 reg. Kerzen       33/0/0 von 251  Tagen gewertet (1m/5m/15m)      877 Signale  946 ms lesen  9500 ms rechnen
2026-09-09T22:26:37.341Z  HUBB/2023       roh          63579 reg. Kerzen       26/0/0 von 250  Tagen gewertet (1m/5m/15m)      691 Signale  103 ms lesen  7738 ms rechnen
2026-09-09T22:26:43.551Z  HUBB/2024       roh          61353 reg. Kerzen       20/0/0 von 252  Tagen gewertet (1m/5m/15m)      539 Signale  108 ms lesen  5904 ms rechnen
2026-09-09T22:27:07.159Z  HUBB/2025       roh          70007 reg. Kerzen       80/0/0 von 250  Tagen gewertet (1m/5m/15m)     2152 Signale  108 ms lesen  23322 ms rechnen
2026-09-09T22:27:51.226Z  HUBB/2026       roh          56870 reg. Kerzen      145/0/0 von 166  Tagen gewertet (1m/5m/15m)     3889 Signale  93 ms lesen  43786 ms rechnen
2026-09-09T22:27:51.391Z  HUMA/2020       roh            443 reg. Kerzen        0/0/0 von 22   Tagen gewertet (1m/5m/15m)        0 Signale  24 ms lesen  3 ms rechnen
2026-09-09T22:27:53.961Z  HUMA/2021       roh          42654 reg. Kerzen        7/0/0 von 252  Tagen gewertet (1m/5m/15m)      228 Signale  75 ms lesen  2493 ms rechnen
2026-09-09T22:27:54.518Z  HUMA/2022       roh          59516 reg. Kerzen        0/0/0 von 251  Tagen gewertet (1m/5m/15m)        0 Signale  98 ms lesen  343 ms rechnen
2026-09-09T22:27:55.093Z  HUMA/2023       roh          56188 reg. Kerzen        0/0/0 von 250  Tagen gewertet (1m/5m/15m)        0 Signale  87 ms lesen  332 ms rechnen
2026-09-09T22:28:55.879Z  HUMA/2024       roh          88026 reg. Kerzen      158/0/0 von 252  Tagen gewertet (1m/5m/15m)     5196 Signale  127 ms lesen  60514 ms rechnen
2026-09-09T22:30:09.627Z  HUMA/2025       roh          94160 reg. Kerzen      188/0/0 von 250  Tagen gewertet (1m/5m/15m)     6211 Signale  145 ms lesen  73375 ms rechnen
2026-09-09T22:30:35.668Z  HUMA/2026       roh          62583 reg. Kerzen       66/0/0 von 166  Tagen gewertet (1m/5m/15m)     2217 Signale  112 ms lesen  25671 ms rechnen
2026-09-09T22:30:47.648Z  HVBT/2021       roh          18894 reg. Kerzen       31/0/0 von 51   Tagen gewertet (1m/5m/15m)     1074 Signale  53 ms lesen  11724 ms rechnen
2026-09-09T22:31:48.944Z  HWM/2020        roh          73546 reg. Kerzen      171/0/0 von 191  Tagen gewertet (1m/5m/15m)     5063 Signale  99 ms lesen  61129 ms rechnen
2026-09-09T22:33:13.084Z  HWM/2021        roh          96113 reg. Kerzen      250/0/0 von 252  Tagen gewertet (1m/5m/15m)     6777 Signale  140 ms lesen  83808 ms rechnen
2026-09-09T22:34:38.757Z  HWM/2022        roh          96640 reg. Kerzen      250/0/0 von 251  Tagen gewertet (1m/5m/15m)     6839 Signale  147 ms lesen  85236 ms rechnen
2026-09-09T22:36:02.344Z  HWM/2023        roh          96387 reg. Kerzen      250/0/0 von 250  Tagen gewertet (1m/5m/15m)     5852 Signale  136 ms lesen  83186 ms rechnen
2026-09-09T22:37:28.820Z  HWM/2024        roh          96493 reg. Kerzen      252/0/0 von 252  Tagen gewertet (1m/5m/15m)     6042 Signale  3781 ms lesen  82427 ms rechnen
2026-09-09T22:38:52.505Z  HWM/2025        roh          94967 reg. Kerzen      250/0/0 von 250  Tagen gewertet (1m/5m/15m)     6489 Signale  129 ms lesen  83269 ms rechnen
2026-09-09T22:39:49.157Z  HWM/2026        roh          62829 reg. Kerzen      166/0/0 von 166  Tagen gewertet (1m/5m/15m)     4443 Signale  115 ms lesen  56296 ms rechnen
2026-09-09T22:40:25.332Z  HYZN/2021       bereinigt    43022 reg. Kerzen       96/0/0 von 117  Tagen gewertet (1m/5m/15m)     3167 Signale  91 ms lesen  35899 ms rechnen
2026-09-09T22:41:24.592Z  HYZN/2022       bereinigt    87530 reg. Kerzen      154/0/0 von 251  Tagen gewertet (1m/5m/15m)     4999 Signale  145 ms lesen  59008 ms rechnen
2026-09-09T22:41:25.514Z  HYZN/2023       bereinigt    72298 reg. Kerzen        0/0/0 von 250  Tagen gewertet (1m/5m/15m)        0 Signale  129 ms lesen  540 ms rechnen
2026-09-09T22:41:26.089Z  HYZN/2024       bereinigt    49748 reg. Kerzen        0/0/0 von 252  Tagen gewertet (1m/5m/15m)        0 Signale  78 ms lesen  308 ms rechnen
2026-09-09T22:41:26.263Z  HYZN/2025       roh           3187 reg. Kerzen        0/0/0 von 19   Tagen gewertet (1m/5m/15m)        0 Signale  14 ms lesen  22 ms rechnen
2026-09-09T22:42:01.902Z  IAC/2016        bereinigt    76545 reg. Kerzen      127/0/0 von 240  Tagen gewertet (1m/5m/15m)     3163 Signale  166 ms lesen  35449 ms rechnen
2026-09-09T22:42:45.801Z  IAC/2017        bereinigt    79586 reg. Kerzen      156/0/0 von 251  Tagen gewertet (1m/5m/15m)     3838 Signale  187 ms lesen  43506 ms rechnen
2026-09-09T22:43:41.108Z  IAC/2018        bereinigt    82122 reg. Kerzen      188/0/0 von 251  Tagen gewertet (1m/5m/15m)     5329 Signale  187 ms lesen  54883 ms rechnen
2026-09-09T22:44:30.919Z  IAC/2019        bereinigt    81341 reg. Kerzen      170/0/0 von 252  Tagen gewertet (1m/5m/15m)     4446 Signale  215 ms lesen  49338 ms rechnen
2026-09-09T22:45:40.613Z  IAC/2020        bereinigt    87280 reg. Kerzen      226/0/0 von 253  Tagen gewertet (1m/5m/15m)     6484 Signale  230 ms lesen  69251 ms rechnen
2026-09-09T22:46:15.356Z  IAC/2021        bereinigt    76326 reg. Kerzen      113/0/0 von 252  Tagen gewertet (1m/5m/15m)     3298 Signale  189 ms lesen  34271 ms rechnen
2026-09-09T22:47:09.944Z  IAC/2022        bereinigt    82692 reg. Kerzen      170/0/0 von 251  Tagen gewertet (1m/5m/15m)     5161 Signale  262 ms lesen  54131 ms rechnen
2026-09-09T22:47:57.083Z  IAC/2023        bereinigt    80385 reg. Kerzen      158/0/0 von 250  Tagen gewertet (1m/5m/15m)     4341 Signale  1057 ms lesen  45840 ms rechnen
2026-09-09T22:48:18.734Z  IAC/2024        bereinigt    73122 reg. Kerzen       75/0/0 von 252  Tagen gewertet (1m/5m/15m)     2005 Signale  161 ms lesen  21230 ms rechnen
2026-09-09T22:49:13.596Z  IAC/2025        bereinigt    82307 reg. Kerzen      185/0/0 von 250  Tagen gewertet (1m/5m/15m)     4953 Signale  157 ms lesen  54517 ms rechnen
2026-09-09T22:49:37.711Z  IAC/2026        roh          35054 reg. Kerzen       80/0/0 von 105  Tagen gewertet (1m/5m/15m)     2174 Signale  46 ms lesen  23840 ms rechnen
2026-09-09T22:49:50.802Z  IART/2016       bereinigt    65139 reg. Kerzen       45/0/0 von 252  Tagen gewertet (1m/5m/15m)     1069 Signale  94 ms lesen  12919 ms rechnen
2026-09-09T22:50:20.362Z  IART/2017       bereinigt    76153 reg. Kerzen      107/0/0 von 251  Tagen gewertet (1m/5m/15m)     2626 Signale  115 ms lesen  29281 ms rechnen
2026-09-09T22:50:51.575Z  IART/2018       roh          75520 reg. Kerzen      111/0/0 von 251  Tagen gewertet (1m/5m/15m)     2899 Signale  101 ms lesen  30930 ms rechnen
2026-09-09T22:51:09.933Z  IART/2019       roh          71260 reg. Kerzen       64/0/0 von 252  Tagen gewertet (1m/5m/15m)     1626 Signale  117 ms lesen  18005 ms rechnen
2026-09-09T22:51:51.136Z  IART/2020       roh          77314 reg. Kerzen      123/0/0 von 253  Tagen gewertet (1m/5m/15m)     3508 Signale  3833 ms lesen  37182 ms rechnen
2026-09-09T22:51:58.126Z  IART/2021       roh          61687 reg. Kerzen       23/0/0 von 252  Tagen gewertet (1m/5m/15m)      633 Signale  90 ms lesen  6703 ms rechnen
2026-09-09T22:52:14.009Z  IART/2022       roh          68524 reg. Kerzen       53/0/0 von 251  Tagen gewertet (1m/5m/15m)     1413 Signale  86 ms lesen  15614 ms rechnen
2026-09-09T22:52:47.603Z  IART/2023       roh          75507 reg. Kerzen      122/0/0 von 250  Tagen gewertet (1m/5m/15m)     3211 Signale  113 ms lesen  33296 ms rechnen
2026-09-09T22:53:24.591Z  IART/2024       roh          76673 reg. Kerzen      123/0/0 von 252  Tagen gewertet (1m/5m/15m)     3558 Signale  107 ms lesen  36705 ms rechnen
2026-09-09T22:53:56.306Z  IART/2025       roh          73234 reg. Kerzen      103/0/0 von 250  Tagen gewertet (1m/5m/15m)     3176 Signale  94 ms lesen  31406 ms rechnen
2026-09-09T22:54:13.079Z  IART/2026       roh          49072 reg. Kerzen       54/0/0 von 166  Tagen gewertet (1m/5m/15m)     1651 Signale  57 ms lesen  16534 ms rechnen
2026-09-09T22:55:27.664Z  IBM/2016        roh          98042 reg. Kerzen      232/0/0 von 252  Tagen gewertet (1m/5m/15m)     5230 Signale  124 ms lesen  74303 ms rechnen
2026-09-09T22:56:48.623Z  IBM/2017        roh          97479 reg. Kerzen      251/0/0 von 251  Tagen gewertet (1m/5m/15m)     5246 Signale  159 ms lesen  80522 ms rechnen
2026-09-09T22:58:10.132Z  IBM/2018        roh          97335 reg. Kerzen      251/0/0 von 251  Tagen gewertet (1m/5m/15m)     5844 Signale  213 ms lesen  81058 ms rechnen
2026-09-09T22:59:31.272Z  IBM/2019        roh          97672 reg. Kerzen      252/0/0 von 252  Tagen gewertet (1m/5m/15m)     5600 Signale  129 ms lesen  80774 ms rechnen
2026-09-09T23:00:58.734Z  IBM/2020        roh          98244 reg. Kerzen      253/0/0 von 253  Tagen gewertet (1m/5m/15m)     6359 Signale  150 ms lesen  87026 ms rechnen
2026-09-09T23:02:22.394Z  IBM/2021        roh          97301 reg. Kerzen      250/0/0 von 252  Tagen gewertet (1m/5m/15m)     5621 Signale  177 ms lesen  83166 ms rechnen
2026-09-09T23:03:45.978Z  IBM/2022        roh          97319 reg. Kerzen      250/0/0 von 251  Tagen gewertet (1m/5m/15m)     6038 Signale  125 ms lesen  83220 ms rechnen
2026-09-09T23:05:07.303Z  IBM/2023        roh          97118 reg. Kerzen      250/0/0 von 250  Tagen gewertet (1m/5m/15m)     5530 Signale  152 ms lesen  80903 ms rechnen
2026-09-09T23:06:31.002Z  IBM/2024        roh          97600 reg. Kerzen      252/0/0 von 252  Tagen gewertet (1m/5m/15m)     5680 Signale  153 ms lesen  83277 ms rechnen
2026-09-09T23:07:55.075Z  IBM/2025        roh          96787 reg. Kerzen      250/0/0 von 250  Tagen gewertet (1m/5m/15m)     6050 Signale  167 ms lesen  83659 ms rechnen
2026-09-09T23:08:53.210Z  IBM/2026        roh          64728 reg. Kerzen      166/0/0 von 166  Tagen gewertet (1m/5m/15m)     4431 Signale  113 ms lesen  57771 ms rechnen
2026-09-09T23:08:53.543Z  ICAD/2016       roh          12062 reg. Kerzen        0/0/0 von 252  Tagen gewertet (1m/5m/15m)        0 Signale  59 ms lesen  67 ms rechnen
2026-09-09T23:08:53.674Z  ICAD/2017       roh          10148 reg. Kerzen        0/0/0 von 251  Tagen gewertet (1m/5m/15m)        0 Signale  49 ms lesen  53 ms rechnen
2026-09-09T23:08:53.802Z  ICAD/2018       roh           9708 reg. Kerzen        0/0/0 von 250  Tagen gewertet (1m/5m/15m)        0 Signale  43 ms lesen  56 ms rechnen
2026-09-09T23:08:54.033Z  ICAD/2019       roh          28455 reg. Kerzen        0/0/0 von 252  Tagen gewertet (1m/5m/15m)        0 Signale  59 ms lesen  140 ms rechnen
2026-09-09T23:08:54.428Z  ICAD/2020       roh          49655 reg. Kerzen        0/0/0 von 253  Tagen gewertet (1m/5m/15m)        0 Signale  79 ms lesen  242 ms rechnen
2026-09-09T23:08:54.854Z  ICAD/2021       roh          37710 reg. Kerzen        0/0/0 von 252  Tagen gewertet (1m/5m/15m)        0 Signale  57 ms lesen  226 ms rechnen
2026-09-09T23:08:55.256Z  ICAD/2022       roh          36414 reg. Kerzen        0/0/0 von 251  Tagen gewertet (1m/5m/15m)        0 Signale  78 ms lesen  203 ms rechnen
2026-09-09T23:08:55.602Z  ICAD/2023       roh          29377 reg. Kerzen        0/0/0 von 250  Tagen gewertet (1m/5m/15m)        0 Signale  63 ms lesen  177 ms rechnen
2026-09-09T23:08:55.835Z  ICAD/2024       roh          21475 reg. Kerzen        0/0/0 von 252  Tagen gewertet (1m/5m/15m)        0 Signale  39 ms lesen  124 ms rechnen
2026-09-09T23:08:56.091Z  ICAD/2025       roh          23016 reg. Kerzen        0/0/0 von 133  Tagen gewertet (1m/5m/15m)        0 Signale  50 ms lesen  150 ms rechnen
2026-09-09T23:08:56.197Z  ICLK/2017       bereinigt     1159 reg. Kerzen        0/0/0 von 5    Tagen gewertet (1m/5m/15m)        0 Signale  20 ms lesen  6 ms rechnen
2026-09-09T23:08:56.411Z  ICLK/2018       bereinigt    31159 reg. Kerzen        0/0/0 von 251  Tagen gewertet (1m/5m/15m)        0 Signale  48 ms lesen  162 ms rechnen
2026-09-09T23:08:56.656Z  ICLK/2019       bereinigt    19631 reg. Kerzen        0/0/0 von 252  Tagen gewertet (1m/5m/15m)        0 Signale  43 ms lesen  109 ms rechnen
2026-09-09T23:09:12.572Z  ICLK/2020       bereinigt    65257 reg. Kerzen       48/0/0 von 253  Tagen gewertet (1m/5m/15m)     1454 Signale  103 ms lesen  15768 ms rechnen
2026-09-09T23:09:34.259Z  ICLK/2021       bereinigt    67325 reg. Kerzen       61/0/0 von 252  Tagen gewertet (1m/5m/15m)     1946 Signale  125 ms lesen  21377 ms rechnen
2026-09-09T23:09:34.728Z  ICLK/2022       bereinigt    34766 reg. Kerzen        0/0/0 von 251  Tagen gewertet (1m/5m/15m)        0 Signale  58 ms lesen  212 ms rechnen
2026-09-09T23:09:34.903Z  ICLK/2023       roh           8215 reg. Kerzen        0/0/0 von 250  Tagen gewertet (1m/5m/15m)        0 Signale  40 ms lesen  53 ms rechnen
2026-09-09T23:09:35.010Z  ICLK/2024       roh           7934 reg. Kerzen        0/0/0 von 251  Tagen gewertet (1m/5m/15m)        0 Signale  34 ms lesen  43 ms rechnen
2026-09-09T23:09:35.094Z  ICLK/2025       roh           4815 reg. Kerzen        0/0/0 von 47   Tagen gewertet (1m/5m/15m)        0 Signale  19 ms lesen  39 ms rechnen
2026-09-09T23:09:35.137Z  IDBA/2021       roh            507 reg. Kerzen        0/0/0 von 130  Tagen gewertet (1m/5m/15m)        0 Signale  18 ms lesen  4 ms rechnen
2026-09-09T23:09:35.173Z  IDBA/2022       roh            913 reg. Kerzen        0/0/0 von 184  Tagen gewertet (1m/5m/15m)        0 Signale  24 ms lesen  9 ms rechnen
2026-09-09T23:09:35.193Z  IDBA/2023       roh            378 reg. Kerzen        0/0/0 von 92   Tagen gewertet (1m/5m/15m)        0 Signale  11 ms lesen  5 ms rechnen
2026-09-09T23:09:35.241Z  IDW/2021        roh           4355 reg. Kerzen        0/0/0 von 104  Tagen gewertet (1m/5m/15m)        0 Signale  15 ms lesen  30 ms rechnen
2026-09-09T23:09:35.299Z  IDW/2022        roh           4201 reg. Kerzen        0/0/0 von 250  Tagen gewertet (1m/5m/15m)        0 Signale  13 ms lesen  35 ms rechnen
2026-09-09T23:09:35.339Z  IDW/2023        roh           1506 reg. Kerzen        0/0/0 von 91   Tagen gewertet (1m/5m/15m)        0 Signale  13 ms lesen  13 ms rechnen
2026-09-09T23:09:35.473Z  IESC/2016       bereinigt    17408 reg. Kerzen        0/0/0 von 153  Tagen gewertet (1m/5m/15m)        0 Signale  31 ms lesen  87 ms rechnen
2026-09-09T23:09:35.702Z  IESC/2017       bereinigt    22043 reg. Kerzen        0/0/0 von 251  Tagen gewertet (1m/5m/15m)        0 Signale  43 ms lesen  136 ms rechnen
2026-09-09T23:09:35.868Z  IESC/2018       bereinigt    10220 reg. Kerzen        0/0/0 von 250  Tagen gewertet (1m/5m/15m)        0 Signale  30 ms lesen  63 ms rechnen
2026-09-09T23:09:35.957Z  IESC/2019       bereinigt     8112 reg. Kerzen        0/0/0 von 252  Tagen gewertet (1m/5m/15m)        0 Signale  9 ms lesen  45 ms rechnen
2026-09-09T23:09:36.133Z  IESC/2020       bereinigt    19004 reg. Kerzen        0/0/0 von 253  Tagen gewertet (1m/5m/15m)        0 Signale  37 ms lesen  110 ms rechnen
2026-09-09T23:09:36.301Z  IESC/2021       bereinigt    15106 reg. Kerzen        0/0/0 von 252  Tagen gewertet (1m/5m/15m)        0 Signale  22 ms lesen  95 ms rechnen
2026-09-09T23:09:36.446Z  IESC/2022       bereinigt    13123 reg. Kerzen        0/0/0 von 251  Tagen gewertet (1m/5m/15m)        0 Signale  19 ms lesen  79 ms rechnen
2026-09-09T23:09:36.602Z  IESC/2023       bereinigt    13534 reg. Kerzen        0/0/0 von 250  Tagen gewertet (1m/5m/15m)        0 Signale  19 ms lesen  91 ms rechnen
2026-09-09T23:09:36.888Z  IESC/2024       bereinigt    33307 reg. Kerzen        0/0/0 von 252  Tagen gewertet (1m/5m/15m)        0 Signale  58 ms lesen  197 ms rechnen
2026-09-09T23:09:37.246Z  IESC/2025       bereinigt    36120 reg. Kerzen        0/0/0 von 250  Tagen gewertet (1m/5m/15m)        0 Signale  49 ms lesen  229 ms rechnen
2026-09-09T23:09:41.700Z  IESC/2026       bereinigt    40634 reg. Kerzen       13/0/0 von 166  Tagen gewertet (1m/5m/15m)      387 Signale  57 ms lesen  4293 ms rechnen
2026-09-09T23:09:41.912Z  IGMS/2019       roh          10492 reg. Kerzen        0/0/0 von 73   Tagen gewertet (1m/5m/15m)        0 Signale  36 ms lesen  61 ms rechnen
2026-09-09T23:09:44.617Z  IGMS/2020       roh          37749 reg. Kerzen        7/0/0 von 253  Tagen gewertet (1m/5m/15m)      222 Signale  67 ms lesen  2604 ms rechnen
2026-09-09T23:09:47.281Z  IGMS/2021       roh          42172 reg. Kerzen        7/0/0 von 252  Tagen gewertet (1m/5m/15m)      232 Signale  81 ms lesen  2483 ms rechnen
2026-09-09T23:09:49.605Z  IGMS/2022       roh          52004 reg. Kerzen        6/0/0 von 251  Tagen gewertet (1m/5m/15m)      180 Signale  66 ms lesen  2157 ms rechnen
2026-09-09T23:09:50.127Z  IGMS/2023       roh          50075 reg. Kerzen        0/0/0 von 250  Tagen gewertet (1m/5m/15m)        0 Signale  83 ms lesen  270 ms rechnen
2026-09-09T23:09:50.589Z  IGMS/2024       roh          45263 reg. Kerzen        0/0/0 von 252  Tagen gewertet (1m/5m/15m)        0 Signale  84 ms lesen  240 ms rechnen
2026-09-09T23:09:50.890Z  IGMS/2025       roh          24918 reg. Kerzen        0/0/0 von 153  Tagen gewertet (1m/5m/15m)        0 Signale  38 ms lesen  144 ms rechnen
2026-09-09T23:09:51.008Z  IIJI/2016       roh           1192 reg. Kerzen        0/0/0 von 229  Tagen gewertet (1m/5m/15m)        0 Signale  38 ms lesen  11 ms rechnen
2026-09-09T23:09:51.052Z  IIJI/2017       roh           1145 reg. Kerzen        0/0/0 von 211  Tagen gewertet (1m/5m/15m)        0 Signale  27 ms lesen  11 ms rechnen
2026-09-09T23:09:51.098Z  IIJI/2018       roh           1960 reg. Kerzen        0/0/0 von 228  Tagen gewertet (1m/5m/15m)        0 Signale  26 ms lesen  15 ms rechnen
2026-09-09T23:09:51.124Z  IIJI/2019       roh            636 reg. Kerzen        0/0/0 von 72   Tagen gewertet (1m/5m/15m)        0 Signale  13 ms lesen  5 ms rechnen
2026-09-09T23:09:57.134Z  ILG/2016        roh          17102 reg. Kerzen       21/0/0 von 53   Tagen gewertet (1m/5m/15m)      522 Signale  35 ms lesen  5963 ms rechnen
2026-09-09T23:10:53.069Z  ILG/2017        roh          83941 reg. Kerzen      201/0/0 von 251  Tagen gewertet (1m/5m/15m)     4992 Signale  115 ms lesen  55771 ms rechnen
2026-09-09T23:11:30.615Z  ILG/2018        roh          56066 reg. Kerzen      131/0/0 von 169  Tagen gewertet (1m/5m/15m)     3241 Signale  91 ms lesen  37252 ms rechnen
2026-09-09T23:12:30.606Z  IMAX/2016       roh          86629 reg. Kerzen      197/0/0 von 252  Tagen gewertet (1m/5m/15m)     5352 Signale  128 ms lesen  59695 ms rechnen
2026-09-09T23:13:18.654Z  IMAX/2017       roh          80265 reg. Kerzen      154/0/0 von 251  Tagen gewertet (1m/5m/15m)     4299 Signale  106 ms lesen  47713 ms rechnen
2026-09-09T23:13:48.950Z  IMAX/2018       roh          72880 reg. Kerzen      100/0/0 von 251  Tagen gewertet (1m/5m/15m)     2810 Signale  129 ms lesen  29942 ms rechnen
2026-09-09T23:13:58.989Z  IMAX/2019       roh          65274 reg. Kerzen       34/0/0 von 252  Tagen gewertet (1m/5m/15m)      934 Signale  104 ms lesen  9766 ms rechnen
2026-09-09T23:15:08.128Z  IMAX/2020       roh          85560 reg. Kerzen      207/0/0 von 253  Tagen gewertet (1m/5m/15m)     6469 Signale  156 ms lesen  68792 ms rechnen
2026-09-09T23:16:01.639Z  IMAX/2021       roh          80588 reg. Kerzen      171/0/0 von 252  Tagen gewertet (1m/5m/15m)     5130 Signale  122 ms lesen  53183 ms rechnen
2026-09-09T23:16:44.262Z  IMAX/2022       roh          76228 reg. Kerzen      124/0/0 von 251  Tagen gewertet (1m/5m/15m)     3748 Signale  3765 ms lesen  38624 ms rechnen
2026-09-09T23:17:11.512Z  IMAX/2023       roh          74070 reg. Kerzen       93/0/0 von 250  Tagen gewertet (1m/5m/15m)     2634 Signale  117 ms lesen  26937 ms rechnen
2026-09-09T23:17:41.788Z  IMAX/2024       roh          75079 reg. Kerzen      103/0/0 von 252  Tagen gewertet (1m/5m/15m)     2906 Signale  117 ms lesen  29993 ms rechnen
2026-09-09T23:18:20.800Z  IMAX/2025       roh          77513 reg. Kerzen      131/0/0 von 250  Tagen gewertet (1m/5m/15m)     3666 Signale  141 ms lesen  38677 ms rechnen
2026-09-09T23:18:54.764Z  IMAX/2026       roh          53737 reg. Kerzen      110/0/0 von 166  Tagen gewertet (1m/5m/15m)     3201 Signale  74 ms lesen  33663 ms rechnen
2026-09-09T23:18:55.158Z  IMH/2016        roh          23912 reg. Kerzen        0/0/0 von 252  Tagen gewertet (1m/5m/15m)        0 Signale  81 ms lesen  138 ms rechnen
2026-09-09T23:18:55.399Z  IMH/2017        roh          19666 reg. Kerzen        0/0/0 von 251  Tagen gewertet (1m/5m/15m)        0 Signale  67 ms lesen  116 ms rechnen
2026-09-09T23:18:55.546Z  IMH/2018        roh           9474 reg. Kerzen        0/0/0 von 251  Tagen gewertet (1m/5m/15m)        0 Signale  26 ms lesen  59 ms rechnen
2026-09-09T23:18:55.660Z  IMH/2019        roh           9363 reg. Kerzen        0/0/0 von 252  Tagen gewertet (1m/5m/15m)        0 Signale  27 ms lesen  55 ms rechnen
2026-09-09T23:18:55.794Z  IMH/2020        roh          13453 reg. Kerzen        0/0/0 von 252  Tagen gewertet (1m/5m/15m)        0 Signale  42 ms lesen  68 ms rechnen
2026-09-09T23:18:56.014Z  IMH/2021        roh          14835 reg. Kerzen        0/0/0 von 252  Tagen gewertet (1m/5m/15m)        0 Signale  98 ms lesen  78 ms rechnen
2026-09-09T23:18:56.224Z  IMH/2022        roh           5396 reg. Kerzen        0/0/0 von 251  Tagen gewertet (1m/5m/15m)        0 Signale  128 ms lesen  36 ms rechnen
2026-09-09T23:18:56.311Z  IMH/2023        roh           3495 reg. Kerzen        0/0/0 von 79   Tagen gewertet (1m/5m/15m)        0 Signale  50 ms lesen  17 ms rechnen
2026-09-09T23:18:56.548Z  IMNP/2017       roh          25910 reg. Kerzen        0/0/0 von 181  Tagen gewertet (1m/5m/15m)        0 Signale  56 ms lesen  131 ms rechnen
2026-09-09T23:18:56.805Z  IMNP/2018       roh          23357 reg. Kerzen        0/0/0 von 142  Tagen gewertet (1m/5m/15m)        0 Signale  44 ms lesen  151 ms rechnen
2026-09-09T23:19:37.193Z  IMS/2016        roh          64894 reg. Kerzen      139/0/0 von 189  Tagen gewertet (1m/5m/15m)     3270 Signale  90 ms lesen  40235 ms rechnen
2026-09-09T23:19:37.626Z  INDB/2016       roh          32287 reg. Kerzen        0/0/0 von 252  Tagen gewertet (1m/5m/15m)        0 Signale  61 ms lesen  186 ms rechnen
2026-09-09T23:19:37.962Z  INDB/2017       roh          32963 reg. Kerzen        0/0/0 von 251  Tagen gewertet (1m/5m/15m)        0 Signale  65 ms lesen  176 ms rechnen
2026-09-09T23:19:38.278Z  INDB/2018       roh          32552 reg. Kerzen        0/0/0 von 251  Tagen gewertet (1m/5m/15m)        0 Signale  68 ms lesen  162 ms rechnen
2026-09-09T23:19:38.840Z  INDB/2019       roh          37070 reg. Kerzen        1/0/0 von 252  Tagen gewertet (1m/5m/15m)       17 Signale  67 ms lesen  427 ms rechnen
2026-09-09T23:19:41.940Z  INDB/2020       roh          44235 reg. Kerzen        8/0/0 von 253  Tagen gewertet (1m/5m/15m)      236 Signale  129 ms lesen  2875 ms rechnen
2026-09-09T23:19:43.586Z  INDB/2021       roh          43587 reg. Kerzen        4/0/0 von 252  Tagen gewertet (1m/5m/15m)      105 Signale  81 ms lesen  1434 ms rechnen
2026-09-09T23:19:44.007Z  INDB/2022       roh          40013 reg. Kerzen        0/0/0 von 251  Tagen gewertet (1m/5m/15m)        0 Signale  69 ms lesen  229 ms rechnen
2026-09-09T23:19:44.901Z  INDB/2023       roh          45797 reg. Kerzen        2/0/0 von 250  Tagen gewertet (1m/5m/15m)       60 Signale  81 ms lesen  698 ms rechnen
2026-09-09T23:19:45.598Z  INDB/2024       roh          44395 reg. Kerzen        1/0/0 von 252  Tagen gewertet (1m/5m/15m)       21 Signale  79 ms lesen  486 ms rechnen
2026-09-09T23:19:46.760Z  INDB/2025       roh          48531 reg. Kerzen        3/0/0 von 250  Tagen gewertet (1m/5m/15m)       61 Signale  88 ms lesen  950 ms rechnen
2026-09-09T23:19:47.392Z  INDB/2026       roh          34174 reg. Kerzen        1/0/0 von 166  Tagen gewertet (1m/5m/15m)       22 Signale  54 ms lesen  433 ms rechnen
2026-09-09T23:21:02.858Z  INFY/2016       bereinigt    96266 reg. Kerzen      232/0/0 von 252  Tagen gewertet (1m/5m/15m)     5568 Signale  126 ms lesen  75229 ms rechnen
2026-09-09T23:22:33.224Z  INFY/2017       bereinigt    96695 reg. Kerzen      251/0/0 von 251  Tagen gewertet (1m/5m/15m)     5751 Signale  5623 ms lesen  84498 ms rechnen
2026-09-09T23:23:57.142Z  INFY/2018       bereinigt    96844 reg. Kerzen      251/0/0 von 251  Tagen gewertet (1m/5m/15m)     5932 Signale  141 ms lesen  83458 ms rechnen
2026-09-09T23:25:25.746Z  INFY/2019       roh          97254 reg. Kerzen      252/0/0 von 252  Tagen gewertet (1m/5m/15m)     5601 Signale  133 ms lesen  88226 ms rechnen
2026-09-09T23:26:53.930Z  INFY/2020       roh          97995 reg. Kerzen      253/0/0 von 253  Tagen gewertet (1m/5m/15m)     6351 Signale  136 ms lesen  87778 ms rechnen
2026-09-09T23:28:16.952Z  INFY/2021       roh          96759 reg. Kerzen      250/0/0 von 252  Tagen gewertet (1m/5m/15m)     5576 Signale  158 ms lesen  82603 ms rechnen
2026-09-09T23:29:40.465Z  INFY/2022       roh          97002 reg. Kerzen      250/0/0 von 251  Tagen gewertet (1m/5m/15m)     6020 Signale  138 ms lesen  83112 ms rechnen
2026-09-09T23:31:03.247Z  INFY/2023       roh          96949 reg. Kerzen      250/0/0 von 250  Tagen gewertet (1m/5m/15m)     5549 Signale  147 ms lesen  82349 ms rechnen
2026-09-09T23:32:33.245Z  INFY/2024       roh          97382 reg. Kerzen      252/0/0 von 252  Tagen gewertet (1m/5m/15m)     5540 Signale  5894 ms lesen  83843 ms rechnen
2026-09-09T23:33:57.144Z  INFY/2025       roh          96798 reg. Kerzen      250/0/0 von 250  Tagen gewertet (1m/5m/15m)     5653 Signale  142 ms lesen  83481 ms rechnen
2026-09-09T23:34:55.309Z  INFY/2026       roh          64709 reg. Kerzen      166/0/0 von 166  Tagen gewertet (1m/5m/15m)     4563 Signale  120 ms lesen  57768 ms rechnen
2026-09-09T23:34:55.558Z  INOD/2016       roh           5085 reg. Kerzen        0/0/0 von 252  Tagen gewertet (1m/5m/15m)        0 Signale  34 ms lesen  38 ms rechnen
2026-09-09T23:34:55.655Z  INOD/2017       roh           7595 reg. Kerzen        0/0/0 von 251  Tagen gewertet (1m/5m/15m)        0 Signale  37 ms lesen  45 ms rechnen
2026-09-09T23:34:55.795Z  INOD/2018       roh           5958 reg. Kerzen        0/0/0 von 249  Tagen gewertet (1m/5m/15m)        0 Signale  79 ms lesen  36 ms rechnen
2026-09-09T23:34:55.871Z  INOD/2019       roh           5192 reg. Kerzen        0/0/0 von 252  Tagen gewertet (1m/5m/15m)        0 Signale  28 ms lesen  27 ms rechnen
2026-09-09T23:34:56.023Z  INOD/2020       roh          15522 reg. Kerzen        0/0/0 von 253  Tagen gewertet (1m/5m/15m)        0 Signale  44 ms lesen  90 ms rechnen
2026-09-09T23:34:56.294Z  INOD/2021       roh          27707 reg. Kerzen        0/0/0 von 252  Tagen gewertet (1m/5m/15m)        0 Signale  64 ms lesen  164 ms rechnen
2026-09-09T23:34:56.516Z  INOD/2022       roh          13807 reg. Kerzen        0/0/0 von 251  Tagen gewertet (1m/5m/15m)        0 Signale  47 ms lesen  84 ms rechnen
2026-09-09T23:35:03.432Z  INOD/2023       roh          54383 reg. Kerzen       19/0/0 von 250  Tagen gewertet (1m/5m/15m)      631 Signale  90 ms lesen  6798 ms rechnen
2026-09-09T23:35:05.394Z  CHECKPOINT 2600 Dateien, 465 min, Detektorfehler {}
2026-09-09T23:35:25.112Z  INOD/2024       roh          69324 reg. Kerzen       53/0/0 von 252  Tagen gewertet (1m/5m/15m)     1718 Signale  107 ms lesen  19611 ms rechnen
2026-09-09T23:36:56.224Z  INOD/2025       roh          92353 reg. Kerzen      246/0/0 von 250  Tagen gewertet (1m/5m/15m)     8035 Signale  137 ms lesen  90794 ms rechnen
2026-09-09T23:37:49.634Z  INOD/2026       roh          58383 reg. Kerzen      152/0/0 von 166  Tagen gewertet (1m/5m/15m)     4862 Signale  78 ms lesen  53087 ms rechnen
2026-09-09T23:38:36.882Z  INSY/2016       roh          81326 reg. Kerzen      148/0/0 von 252  Tagen gewertet (1m/5m/15m)     4679 Signale  163 ms lesen  46934 ms rechnen
2026-09-09T23:39:11.601Z  INSY/2017       roh          78297 reg. Kerzen      108/0/0 von 249  Tagen gewertet (1m/5m/15m)     3417 Signale  121 ms lesen  34397 ms rechnen
2026-09-09T23:39:24.723Z  INSY/2018       roh          73000 reg. Kerzen       36/0/0 von 251  Tagen gewertet (1m/5m/15m)     1200 Signale  105 ms lesen  12811 ms rechnen
2026-09-09T23:39:32.575Z  INSY/2019       roh          35938 reg. Kerzen       22/0/0 von 116  Tagen gewertet (1m/5m/15m)      716 Signale  63 ms lesen  7609 ms rechnen
2026-09-09T23:40:24.732Z  INVH/2017       roh          79907 reg. Kerzen      174/0/0 von 231  Tagen gewertet (1m/5m/15m)     4178 Signale  123 ms lesen  51889 ms rechnen
2026-09-09T23:41:43.108Z  INVH/2018       roh          93447 reg. Kerzen      251/0/0 von 251  Tagen gewertet (1m/5m/15m)     5939 Signale  127 ms lesen  78023 ms rechnen
2026-09-09T23:43:05.563Z  INVH/2019       roh          96655 reg. Kerzen      252/0/0 von 252  Tagen gewertet (1m/5m/15m)     5701 Signale  151 ms lesen  82070 ms rechnen
2026-09-09T23:44:33.976Z  INVH/2020       roh          97825 reg. Kerzen      253/0/0 von 253  Tagen gewertet (1m/5m/15m)     6717 Signale  127 ms lesen  87990 ms rechnen
2026-09-09T23:46:01.237Z  INVH/2021       roh          96513 reg. Kerzen      250/0/0 von 252  Tagen gewertet (1m/5m/15m)     5847 Signale  139 ms lesen  86816 ms rechnen
2026-09-09T23:47:28.020Z  INVH/2022       roh          97083 reg. Kerzen      250/0/0 von 251  Tagen gewertet (1m/5m/15m)     6414 Signale  162 ms lesen  86301 ms rechnen
2026-09-09T23:48:49.597Z  INVH/2023       roh          96560 reg. Kerzen      250/0/0 von 250  Tagen gewertet (1m/5m/15m)     6100 Signale  140 ms lesen  81162 ms rechnen
2026-09-09T23:50:10.717Z  INVH/2024       roh          96409 reg. Kerzen      252/0/0 von 252  Tagen gewertet (1m/5m/15m)     5867 Signale  132 ms lesen  80715 ms rechnen
2026-09-09T23:51:32.121Z  INVH/2025       roh          95932 reg. Kerzen      250/0/0 von 250  Tagen gewertet (1m/5m/15m)     5837 Signale  115 ms lesen  81031 ms rechnen
2026-09-09T23:52:27.342Z  INVH/2026       roh          64244 reg. Kerzen      166/0/0 von 166  Tagen gewertet (1m/5m/15m)     3979 Signale  87 ms lesen  54869 ms rechnen
2026-09-09T23:52:27.567Z  INZY/2020       roh           9533 reg. Kerzen        0/0/0 von 112  Tagen gewertet (1m/5m/15m)        0 Signale  19 ms lesen  41 ms rechnen
2026-09-09T23:52:27.737Z  INZY/2021       roh          16077 reg. Kerzen        0/0/0 von 252  Tagen gewertet (1m/5m/15m)        0 Signale  47 ms lesen  89 ms rechnen
2026-09-09T23:52:27.960Z  INZY/2022       roh          23419 reg. Kerzen        0/0/0 von 251  Tagen gewertet (1m/5m/15m)        0 Signale  68 ms lesen  118 ms rechnen
2026-09-09T23:52:28.771Z  INZY/2023       roh          61864 reg. Kerzen        1/0/0 von 250  Tagen gewertet (1m/5m/15m)       29 Signale  90 ms lesen  663 ms rechnen
2026-09-09T23:52:29.341Z  INZY/2024       roh          57640 reg. Kerzen        0/0/0 von 252  Tagen gewertet (1m/5m/15m)        0 Signale  93 ms lesen  327 ms rechnen
2026-09-09T23:52:29.816Z  INZY/2025       roh          35528 reg. Kerzen        0/0/0 von 122  Tagen gewertet (1m/5m/15m)        0 Signale  58 ms lesen  232 ms rechnen
2026-09-09T23:52:31.049Z  IOSP/2016       roh          47345 reg. Kerzen        3/0/0 von 252  Tagen gewertet (1m/5m/15m)       87 Signale  66 ms lesen  1065 ms rechnen
2026-09-09T23:52:31.399Z  IOSP/2017       roh          33811 reg. Kerzen        0/0/0 von 251  Tagen gewertet (1m/5m/15m)        0 Signale  55 ms lesen  175 ms rechnen
2026-09-09T23:52:31.706Z  IOSP/2018       roh          30410 reg. Kerzen        0/0/0 von 251  Tagen gewertet (1m/5m/15m)        0 Signale  54 ms lesen  145 ms rechnen
2026-09-09T23:52:32.056Z  IOSP/2019       roh          31087 reg. Kerzen        0/0/0 von 252  Tagen gewertet (1m/5m/15m)        0 Signale  69 ms lesen  182 ms rechnen
2026-09-09T23:52:32.425Z  IOSP/2020       roh          34751 reg. Kerzen        0/0/0 von 253  Tagen gewertet (1m/5m/15m)        0 Signale  61 ms lesen  212 ms rechnen
2026-09-09T23:52:32.746Z  IOSP/2021       roh          27329 reg. Kerzen        0/0/0 von 252  Tagen gewertet (1m/5m/15m)        0 Signale  51 ms lesen  165 ms rechnen
2026-09-09T23:52:32.991Z  IOSP/2022       roh          27173 reg. Kerzen        0/0/0 von 251  Tagen gewertet (1m/5m/15m)        0 Signale  48 ms lesen  133 ms rechnen
2026-09-09T23:52:33.255Z  IOSP/2023       roh          21578 reg. Kerzen        0/0/0 von 250  Tagen gewertet (1m/5m/15m)        0 Signale  59 ms lesen  120 ms rechnen
2026-09-09T23:52:33.480Z  IOSP/2024       roh          22166 reg. Kerzen        0/0/0 von 252  Tagen gewertet (1m/5m/15m)        0 Signale  59 ms lesen  116 ms rechnen
2026-09-09T23:52:33.820Z  IOSP/2025       roh          32884 reg. Kerzen        0/0/0 von 250  Tagen gewertet (1m/5m/15m)        0 Signale  97 ms lesen  195 ms rechnen
2026-09-09T23:52:34.092Z  IOSP/2026       roh          21451 reg. Kerzen        0/0/0 von 166  Tagen gewertet (1m/5m/15m)        0 Signale  37 ms lesen  148 ms rechnen
2026-09-09T23:52:34.175Z  IPAX/2021       roh            142 reg. Kerzen        0/0/0 von 23   Tagen gewertet (1m/5m/15m)        0 Signale  14 ms lesen  1 ms rechnen
2026-09-09T23:52:34.194Z  IPAX/2022       roh            650 reg. Kerzen        0/0/0 von 143  Tagen gewertet (1m/5m/15m)        0 Signale  12 ms lesen  6 ms rechnen
2026-09-09T23:52:34.216Z  IPAX/2023       roh            582 reg. Kerzen        0/0/0 von 27   Tagen gewertet (1m/5m/15m)        0 Signale  15 ms lesen  5 ms rechnen
2026-09-09T23:52:34.271Z  IPIC/2018       roh           4034 reg. Kerzen        0/0/0 von 228  Tagen gewertet (1m/5m/15m)        0 Signale  18 ms lesen  18 ms rechnen
2026-09-09T23:52:34.325Z  IPIC/2019       roh           2670 reg. Kerzen        0/0/0 von 149  Tagen gewertet (1m/5m/15m)        0 Signale  18 ms lesen  21 ms rechnen
2026-09-09T23:52:34.385Z  IPVA/2021       roh           2527 reg. Kerzen        0/0/0 von 164  Tagen gewertet (1m/5m/15m)        0 Signale  19 ms lesen  18 ms rechnen
2026-09-09T23:52:34.412Z  IPVA/2022       roh           2020 reg. Kerzen        0/0/0 von 229  Tagen gewertet (1m/5m/15m)        0 Signale  8 ms lesen  12 ms rechnen
2026-09-09T23:53:44.170Z  IQV/2016        roh          92450 reg. Kerzen      229/0/0 von 252  Tagen gewertet (1m/5m/15m)     5440 Signale  132 ms lesen  69620 ms rechnen
2026-09-09T23:54:55.769Z  IQV/2017        roh          90736 reg. Kerzen      246/0/0 von 251  Tagen gewertet (1m/5m/15m)     5642 Signale  148 ms lesen  71178 ms rechnen
2026-09-09T23:56:09.112Z  IQV/2018        roh          90010 reg. Kerzen      245/0/0 von 251  Tagen gewertet (1m/5m/15m)     6073 Signale  244 ms lesen  72885 ms rechnen
2026-09-09T23:57:30.209Z  IQV/2019        roh          92167 reg. Kerzen      252/0/0 von 252  Tagen gewertet (1m/5m/15m)     5896 Signale  4073 ms lesen  76775 ms rechnen
2026-09-09T23:58:51.255Z  IQV/2020        roh          93094 reg. Kerzen      250/0/0 von 253  Tagen gewertet (1m/5m/15m)     6721 Signale  126 ms lesen  80658 ms rechnen
2026-09-09T23:59:55.152Z  IQV/2021        roh          85945 reg. Kerzen      220/0/0 von 252  Tagen gewertet (1m/5m/15m)     5429 Signale  130 ms lesen  63543 ms rechnen
2026-09-10T00:01:11.463Z  IQV/2022        roh          89564 reg. Kerzen      234/0/0 von 250  Tagen gewertet (1m/5m/15m)     6245 Signale  147 ms lesen  75941 ms rechnen
2026-09-10T00:02:19.221Z  IQV/2023        roh          87253 reg. Kerzen      220/0/0 von 250  Tagen gewertet (1m/5m/15m)     5464 Signale  1141 ms lesen  66371 ms rechnen
2026-09-10T00:03:21.976Z  IQV/2024        roh          85687 reg. Kerzen      212/0/0 von 252  Tagen gewertet (1m/5m/15m)     5205 Signale  149 ms lesen  62362 ms rechnen
2026-09-10T00:04:38.222Z  IQV/2025        roh          89118 reg. Kerzen      238/0/0 von 250  Tagen gewertet (1m/5m/15m)     6175 Signale  196 ms lesen  75789 ms rechnen
2026-09-10T00:05:27.852Z  IQV/2026        roh          58817 reg. Kerzen      154/0/0 von 166  Tagen gewertet (1m/5m/15m)     4230 Signale  82 ms lesen  49320 ms rechnen
2026-09-10T00:05:28.132Z  IRG/2016        roh          11916 reg. Kerzen        0/0/0 von 252  Tagen gewertet (1m/5m/15m)        0 Signale  42 ms lesen  69 ms rechnen
2026-09-10T00:05:28.227Z  IRG/2017        roh           4219 reg. Kerzen        0/0/0 von 48   Tagen gewertet (1m/5m/15m)        0 Signale  21 ms lesen  33 ms rechnen
2026-09-10T00:05:28.325Z  IRTC/2016       roh           8400 reg. Kerzen        0/0/0 von 50   Tagen gewertet (1m/5m/15m)        0 Signale  20 ms lesen  57 ms rechnen
2026-09-10T00:05:32.188Z  IRTC/2017       roh          51325 reg. Kerzen       12/0/0 von 251  Tagen gewertet (1m/5m/15m)      332 Signale  94 ms lesen  3746 ms rechnen
2026-09-10T00:05:37.065Z  IRTC/2018       roh          56316 reg. Kerzen       14/0/0 von 251  Tagen gewertet (1m/5m/15m)      437 Signale  99 ms lesen  4635 ms rechnen
2026-09-10T00:05:48.987Z  IRTC/2019       roh          65271 reg. Kerzen       38/0/0 von 252  Tagen gewertet (1m/5m/15m)     1136 Signale  108 ms lesen  11634 ms rechnen
2026-09-10T00:06:05.065Z  IRTC/2020       roh          66794 reg. Kerzen       49/0/0 von 253  Tagen gewertet (1m/5m/15m)     1539 Signale  109 ms lesen  15820 ms rechnen
2026-09-10T00:06:29.796Z  IRTC/2021       roh          67998 reg. Kerzen       65/0/0 von 252  Tagen gewertet (1m/5m/15m)     2071 Signale  3083 ms lesen  21461 ms rechnen
2026-09-10T00:06:39.564Z  IRTC/2022       roh          61031 reg. Kerzen       27/0/0 von 251  Tagen gewertet (1m/5m/15m)      847 Signale  78 ms lesen  9479 ms rechnen
2026-09-10T00:06:45.163Z  IRTC/2023       roh          58202 reg. Kerzen       16/0/0 von 250  Tagen gewertet (1m/5m/15m)      480 Signale  109 ms lesen  5315 ms rechnen
2026-09-10T00:06:53.921Z  IRTC/2024       roh          59590 reg. Kerzen       25/0/0 von 252  Tagen gewertet (1m/5m/15m)      773 Signale  95 ms lesen  8482 ms rechnen
2026-09-10T00:06:59.066Z  IRTC/2025       roh          54997 reg. Kerzen       15/0/0 von 250  Tagen gewertet (1m/5m/15m)      439 Signale  93 ms lesen  4891 ms rechnen
2026-09-10T00:07:04.698Z  IRTC/2026       roh          40789 reg. Kerzen       16/0/0 von 166  Tagen gewertet (1m/5m/15m)      481 Signale  70 ms lesen  5409 ms rechnen
2026-09-10T00:07:04.875Z  ISIG/2016       bereinigt     2632 reg. Kerzen        0/0/0 von 236  Tagen gewertet (1m/5m/15m)        0 Signale  22 ms lesen  20 ms rechnen
2026-09-10T00:07:04.930Z  ISIG/2017       bereinigt     5313 reg. Kerzen        0/0/0 von 250  Tagen gewertet (1m/5m/15m)        0 Signale  12 ms lesen  36 ms rechnen
2026-09-10T00:07:05.021Z  ISIG/2018       bereinigt     8090 reg. Kerzen        0/0/0 von 251  Tagen gewertet (1m/5m/15m)        0 Signale  16 ms lesen  58 ms rechnen
2026-09-10T00:07:05.071Z  ISIG/2019       bereinigt     2905 reg. Kerzen        0/0/0 von 250  Tagen gewertet (1m/5m/15m)        0 Signale  7 ms lesen  17 ms rechnen
2026-09-10T00:07:05.220Z  ISIG/2020       bereinigt    14771 reg. Kerzen        0/0/0 von 253  Tagen gewertet (1m/5m/15m)        0 Signale  38 ms lesen  104 ms rechnen
2026-09-10T00:07:08.142Z  ISIG/2021       roh          17813 reg. Kerzen        7/0/0 von 252  Tagen gewertet (1m/5m/15m)      250 Signale  35 ms lesen  2836 ms rechnen
2026-09-10T00:07:13.177Z  ISIG/2022       roh          20379 reg. Kerzen       12/0/0 von 251  Tagen gewertet (1m/5m/15m)      401 Signale  43 ms lesen  4952 ms rechnen
2026-09-10T00:07:13.262Z  ISIG/2023       roh           1258 reg. Kerzen        0/0/0 von 144  Tagen gewertet (1m/5m/15m)        0 Signale  11 ms lesen  11 ms rechnen
2026-09-10T00:07:20.694Z  ISRG/2016       bereinigt    65232 reg. Kerzen       26/0/0 von 252  Tagen gewertet (1m/5m/15m)      682 Signale  130 ms lesen  7282 ms rechnen
2026-09-10T00:07:43.125Z  ISRG/2017       bereinigt    71353 reg. Kerzen       76/0/0 von 251  Tagen gewertet (1m/5m/15m)     1726 Signale  160 ms lesen  22089 ms rechnen
2026-09-10T00:08:46.418Z  ISRG/2018       bereinigt    85234 reg. Kerzen      213/0/0 von 251  Tagen gewertet (1m/5m/15m)     5670 Signale  217 ms lesen  62895 ms rechnen
2026-09-10T00:09:37.088Z  ISRG/2019       bereinigt    82740 reg. Kerzen      178/0/0 von 252  Tagen gewertet (1m/5m/15m)     4416 Signale  175 ms lesen  50263 ms rechnen
2026-09-10T00:10:32.637Z  ISRG/2020       bereinigt    83502 reg. Kerzen      178/0/0 von 253  Tagen gewertet (1m/5m/15m)     4813 Signale  167 ms lesen  55157 ms rechnen
2026-09-10T00:11:12.523Z  ISRG/2021       bereinigt    80012 reg. Kerzen      129/0/0 von 252  Tagen gewertet (1m/5m/15m)     3313 Signale  158 ms lesen  39506 ms rechnen
2026-09-10T00:12:42.130Z  ISRG/2022       roh          96467 reg. Kerzen      251/0/0 von 251  Tagen gewertet (1m/5m/15m)     6989 Signale  1568 ms lesen  87830 ms rechnen
2026-09-10T00:14:01.311Z  ISRG/2023       roh          93567 reg. Kerzen      248/0/0 von 250  Tagen gewertet (1m/5m/15m)     6115 Signale  149 ms lesen  78747 ms rechnen
2026-09-10T00:15:12.975Z  ISRG/2024       roh          88837 reg. Kerzen      242/0/0 von 252  Tagen gewertet (1m/5m/15m)     5735 Signale  138 ms lesen  71306 ms rechnen
2026-09-10T00:16:33.448Z  ISRG/2025       roh          92715 reg. Kerzen      249/0/0 von 250  Tagen gewertet (1m/5m/15m)     6259 Signale  127 ms lesen  80099 ms rechnen
2026-09-10T00:17:31.646Z  ISRG/2026       roh          64634 reg. Kerzen      166/0/0 von 166  Tagen gewertet (1m/5m/15m)     4206 Signale  99 ms lesen  57863 ms rechnen
2026-09-10T00:17:31.926Z  ITCB/2016       roh          10385 reg. Kerzen        0/0/0 von 191  Tagen gewertet (1m/5m/15m)        0 Signale  42 ms lesen  50 ms rechnen
2026-09-10T00:17:32.050Z  ITCB/2017       roh          10540 reg. Kerzen        0/0/0 von 251  Tagen gewertet (1m/5m/15m)        0 Signale  38 ms lesen  65 ms rechnen
2026-09-10T00:17:32.152Z  ITCB/2018       roh           4882 reg. Kerzen        0/0/0 von 249  Tagen gewertet (1m/5m/15m)        0 Signale  31 ms lesen  33 ms rechnen
2026-09-10T00:17:32.211Z  ITCB/2019       roh           2065 reg. Kerzen        0/0/0 von 237  Tagen gewertet (1m/5m/15m)        0 Signale  26 ms lesen  16 ms rechnen
2026-09-10T00:17:32.292Z  ITCB/2020       roh           7224 reg. Kerzen        0/0/0 von 251  Tagen gewertet (1m/5m/15m)        0 Signale  42 ms lesen  34 ms rechnen
2026-09-10T00:17:32.440Z  ITCB/2021       roh           6965 reg. Kerzen        0/0/0 von 251  Tagen gewertet (1m/5m/15m)        0 Signale  76 ms lesen  45 ms rechnen
2026-09-10T00:17:32.519Z  ITCB/2022       roh           4565 reg. Kerzen        0/0/0 von 251  Tagen gewertet (1m/5m/15m)        0 Signale  27 ms lesen  26 ms rechnen
2026-09-10T00:17:32.563Z  ITCB/2023       roh           1095 reg. Kerzen        0/0/0 von 81   Tagen gewertet (1m/5m/15m)        0 Signale  18 ms lesen  9 ms rechnen
2026-09-10T00:17:32.690Z  ITOS/2020       roh          16675 reg. Kerzen        0/0/0 von 112  Tagen gewertet (1m/5m/15m)        0 Signale  31 ms lesen  79 ms rechnen
2026-09-10T00:17:35.027Z  ITOS/2021       roh          48342 reg. Kerzen        6/0/0 von 252  Tagen gewertet (1m/5m/15m)      191 Signale  77 ms lesen  2217 ms rechnen
2026-09-10T00:17:39.148Z  ITOS/2022       roh          55857 reg. Kerzen       10/0/0 von 251  Tagen gewertet (1m/5m/15m)      307 Signale  98 ms lesen  3907 ms rechnen
2026-09-10T00:17:39.733Z  ITOS/2023       roh          49583 reg. Kerzen        0/0/0 von 250  Tagen gewertet (1m/5m/15m)        0 Signale  130 ms lesen  315 ms rechnen
2026-09-10T00:17:44.382Z  ITOS/2024       roh          54207 reg. Kerzen       13/0/0 von 252  Tagen gewertet (1m/5m/15m)      398 Signale  83 ms lesen  4429 ms rechnen
2026-09-10T00:17:55.590Z  ITOS/2025       roh          44743 reg. Kerzen       35/0/0 von 164  Tagen gewertet (1m/5m/15m)      689 Signale  106 ms lesen  10947 ms rechnen
2026-09-10T00:17:55.802Z  IVAC/2016       roh          10283 reg. Kerzen        0/0/0 von 251  Tagen gewertet (1m/5m/15m)        0 Signale  43 ms lesen  48 ms rechnen
2026-09-10T00:17:56.122Z  IVAC/2017       roh          42262 reg. Kerzen        0/0/0 von 251  Tagen gewertet (1m/5m/15m)        0 Signale  69 ms lesen  216 ms rechnen
2026-09-10T00:17:56.453Z  IVAC/2018       roh          32456 reg. Kerzen        0/0/0 von 251  Tagen gewertet (1m/5m/15m)        0 Signale  57 ms lesen  159 ms rechnen
2026-09-10T00:17:56.654Z  IVAC/2019       roh          15889 reg. Kerzen        0/0/0 von 252  Tagen gewertet (1m/5m/15m)        0 Signale  41 ms lesen  89 ms rechnen
2026-09-10T00:17:56.869Z  IVAC/2020       roh          21557 reg. Kerzen        0/0/0 von 253  Tagen gewertet (1m/5m/15m)        0 Signale  56 ms lesen  107 ms rechnen
2026-09-10T00:17:57.148Z  IVAC/2021       roh          25992 reg. Kerzen        0/0/0 von 252  Tagen gewertet (1m/5m/15m)        0 Signale  66 ms lesen  152 ms rechnen
2026-09-10T00:17:57.386Z  IVAC/2022       roh          14979 reg. Kerzen        0/0/0 von 251  Tagen gewertet (1m/5m/15m)        0 Signale  63 ms lesen  91 ms rechnen
2026-09-10T00:17:57.658Z  IVAC/2023       roh          28099 reg. Kerzen        0/0/0 von 250  Tagen gewertet (1m/5m/15m)        0 Signale  52 ms lesen  167 ms rechnen
2026-09-10T00:17:57.867Z  IVAC/2024       roh          17221 reg. Kerzen        0/0/0 von 252  Tagen gewertet (1m/5m/15m)        0 Signale  31 ms lesen  113 ms rechnen
2026-09-10T00:17:57.974Z  IVAC/2025       roh           5789 reg. Kerzen        0/0/0 von 59   Tagen gewertet (1m/5m/15m)        0 Signale  21 ms lesen  36 ms rechnen
2026-09-10T00:18:06.497Z  IVT/2021        roh          18998 reg. Kerzen       26/0/0 von 57   Tagen gewertet (1m/5m/15m)      749 Signale  47 ms lesen  8448 ms rechnen
2026-09-10T00:18:18.259Z  IVT/2022        roh          61164 reg. Kerzen       38/0/0 von 250  Tagen gewertet (1m/5m/15m)     1124 Signale  71 ms lesen  11630 ms rechnen
2026-09-10T00:18:19.066Z  IVT/2023        roh          47784 reg. Kerzen        1/0/0 von 250  Tagen gewertet (1m/5m/15m)       29 Signale  98 ms lesen  548 ms rechnen
2026-09-10T00:18:21.654Z  IVT/2024        roh          54774 reg. Kerzen        7/0/0 von 252  Tagen gewertet (1m/5m/15m)      166 Signale  79 ms lesen  2372 ms rechnen
2026-09-10T00:18:25.056Z  IVT/2025        roh          58103 reg. Kerzen       12/0/0 von 250  Tagen gewertet (1m/5m/15m)      263 Signale  95 ms lesen  3150 ms rechnen
2026-09-10T00:18:30.474Z  IVT/2026        roh          41114 reg. Kerzen       17/0/0 von 166  Tagen gewertet (1m/5m/15m)      380 Signale  91 ms lesen  5184 ms rechnen
2026-09-10T00:19:20.381Z  JAG/2017        roh          76772 reg. Kerzen      158/0/0 von 234  Tagen gewertet (1m/5m/15m)     4719 Signale  115 ms lesen  49664 ms rechnen
2026-09-10T00:20:46.769Z  JAG/2018        roh          92906 reg. Kerzen      249/0/0 von 251  Tagen gewertet (1m/5m/15m)     7635 Signale  134 ms lesen  86031 ms rechnen
2026-09-10T00:22:14.741Z  JAG/2019        roh          93388 reg. Kerzen      251/0/0 von 252  Tagen gewertet (1m/5m/15m)     7424 Signale  149 ms lesen  87574 ms rechnen
2026-09-10T00:22:17.395Z  JAG/2020        roh           2328 reg. Kerzen        6/0/0 von 6    Tagen gewertet (1m/5m/15m)      175 Signale  278 ms lesen  2127 ms rechnen
2026-09-10T00:23:15.120Z  JAZZ/2016       roh          83246 reg. Kerzen      174/0/0 von 252  Tagen gewertet (1m/5m/15m)     4806 Signale  5810 ms lesen  51696 ms rechnen
2026-09-10T00:23:39.920Z  JAZZ/2017       roh          72957 reg. Kerzen       82/0/0 von 251  Tagen gewertet (1m/5m/15m)     2204 Signale  2518 ms lesen  22036 ms rechnen
2026-09-10T00:24:03.259Z  JAZZ/2018       roh          72402 reg. Kerzen       83/0/0 von 251  Tagen gewertet (1m/5m/15m)     2260 Signale  103 ms lesen  23055 ms rechnen
2026-09-10T00:24:45.168Z  JAZZ/2019       roh          79116 reg. Kerzen      151/0/0 von 252  Tagen gewertet (1m/5m/15m)     3923 Signale  125 ms lesen  41581 ms rechnen
2026-09-10T00:25:38.031Z  JAZZ/2020       roh          82283 reg. Kerzen      174/0/0 von 253  Tagen gewertet (1m/5m/15m)     4862 Signale  114 ms lesen  52518 ms rechnen
2026-09-10T00:26:20.524Z  JAZZ/2021       roh          79520 reg. Kerzen      148/0/0 von 252  Tagen gewertet (1m/5m/15m)     4049 Signale  125 ms lesen  42151 ms rechnen
2026-09-10T00:26:49.096Z  JAZZ/2022       roh          74849 reg. Kerzen       96/0/0 von 251  Tagen gewertet (1m/5m/15m)     2727 Signale  127 ms lesen  28226 ms rechnen
2026-09-10T00:27:08.941Z  JAZZ/2023       roh          70633 reg. Kerzen       71/0/0 von 250  Tagen gewertet (1m/5m/15m)     1852 Signale  110 ms lesen  19516 ms rechnen
2026-09-10T00:27:29.199Z  JAZZ/2024       roh          71805 reg. Kerzen       70/0/0 von 252  Tagen gewertet (1m/5m/15m)     1911 Signale  187 ms lesen  19869 ms rechnen
2026-09-10T00:28:05.779Z  JAZZ/2025       roh          76057 reg. Kerzen      120/0/0 von 250  Tagen gewertet (1m/5m/15m)     3324 Signale  131 ms lesen  36250 ms rechnen
2026-09-10T00:28:20.572Z  JAZZ/2026       roh          47825 reg. Kerzen       49/0/0 von 166  Tagen gewertet (1m/5m/15m)     1335 Signale  75 ms lesen  14495 ms rechnen
2026-09-10T00:29:37.059Z  JCI/2016        bereinigt    97937 reg. Kerzen      232/0/0 von 252  Tagen gewertet (1m/5m/15m)     5581 Signale  178 ms lesen  76175 ms rechnen
2026-09-10T00:30:59.561Z  JCI/2017        roh          97363 reg. Kerzen      251/0/0 von 251  Tagen gewertet (1m/5m/15m)     5859 Signale  157 ms lesen  82081 ms rechnen
2026-09-10T00:32:23.474Z  JCI/2018        roh          97259 reg. Kerzen      251/0/0 von 251  Tagen gewertet (1m/5m/15m)     6469 Signale  141 ms lesen  83524 ms rechnen
2026-09-10T00:33:46.555Z  JCI/2019        roh          97600 reg. Kerzen      252/0/0 von 252  Tagen gewertet (1m/5m/15m)     5881 Signale  158 ms lesen  82656 ms rechnen
2026-09-10T00:35:14.105Z  JCI/2020        roh          98160 reg. Kerzen      253/0/0 von 253  Tagen gewertet (1m/5m/15m)     6645 Signale  193 ms lesen  87094 ms rechnen
2026-09-10T00:36:38.302Z  JCI/2021        roh          97187 reg. Kerzen      250/0/0 von 252  Tagen gewertet (1m/5m/15m)     5916 Signale  125 ms lesen  83784 ms rechnen
2026-09-10T00:38:05.136Z  JCI/2022        roh          97301 reg. Kerzen      250/0/0 von 250  Tagen gewertet (1m/5m/15m)     6568 Signale  145 ms lesen  86403 ms rechnen
2026-09-10T00:39:27.711Z  JCI/2023        roh          97082 reg. Kerzen      250/0/0 von 250  Tagen gewertet (1m/5m/15m)     6089 Signale  129 ms lesen  82159 ms rechnen
2026-09-10T00:40:52.938Z  JCI/2024        roh          97469 reg. Kerzen      252/0/0 von 252  Tagen gewertet (1m/5m/15m)     5840 Signale  152 ms lesen  84786 ms rechnen
2026-09-10T00:42:18.521Z  JCI/2025        roh          96662 reg. Kerzen      250/0/0 von 250  Tagen gewertet (1m/5m/15m)     6075 Signale  139 ms lesen  85182 ms rechnen
2026-09-10T00:43:16.114Z  JCI/2026        roh          64100 reg. Kerzen      166/0/0 von 166  Tagen gewertet (1m/5m/15m)     4254 Signale  104 ms lesen  57201 ms rechnen
2026-09-10T00:44:31.657Z  JEF/2016        roh          94675 reg. Kerzen      232/0/0 von 252  Tagen gewertet (1m/5m/15m)     5724 Signale  121 ms lesen  75240 ms rechnen
2026-09-10T00:45:50.227Z  JEF/2017        roh          92726 reg. Kerzen      251/0/0 von 251  Tagen gewertet (1m/5m/15m)     5813 Signale  121 ms lesen  78188 ms rechnen
2026-09-10T00:47:13.322Z  JEF/2018        roh          94601 reg. Kerzen      251/0/0 von 251  Tagen gewertet (1m/5m/15m)     6253 Signale  121 ms lesen  82707 ms rechnen
2026-09-10T00:48:35.028Z  JEF/2019        roh          94250 reg. Kerzen      250/0/0 von 252  Tagen gewertet (1m/5m/15m)     6010 Signale  110 ms lesen  81351 ms rechnen
2026-09-10T00:50:02.672Z  JEF/2020        roh          95489 reg. Kerzen      253/0/0 von 253  Tagen gewertet (1m/5m/15m)     6953 Signale  146 ms lesen  87243 ms rechnen
2026-09-10T00:51:25.558Z  JEF/2021        roh          95004 reg. Kerzen      250/0/0 von 252  Tagen gewertet (1m/5m/15m)     6429 Signale  134 ms lesen  82503 ms rechnen
2026-09-10T00:52:48.728Z  JEF/2022        roh          94418 reg. Kerzen      249/0/0 von 250  Tagen gewertet (1m/5m/15m)     6733 Signale  122 ms lesen  82809 ms rechnen
2026-09-10T00:54:00.560Z  JEF/2023        roh          91213 reg. Kerzen      230/0/0 von 250  Tagen gewertet (1m/5m/15m)     5651 Signale  141 ms lesen  71421 ms rechnen
2026-09-10T00:55:11.721Z  JEF/2024        roh          89847 reg. Kerzen      237/0/0 von 252  Tagen gewertet (1m/5m/15m)     5656 Signale  147 ms lesen  70762 ms rechnen
2026-09-10T00:56:30.785Z  JEF/2025        roh          91310 reg. Kerzen      245/0/0 von 250  Tagen gewertet (1m/5m/15m)     6586 Signale  125 ms lesen  78703 ms rechnen
2026-09-10T00:57:27.131Z  JEF/2026        roh          62416 reg. Kerzen      166/0/0 von 166  Tagen gewertet (1m/5m/15m)     4732 Signale  93 ms lesen  55996 ms rechnen
2026-09-10T00:57:48.380Z  JHG/2017        roh          48090 reg. Kerzen       76/0/0 von 150  Tagen gewertet (1m/5m/15m)     1818 Signale  78 ms lesen  21006 ms rechnen
2026-09-10T00:58:53.946Z  JHG/2018        roh          87462 reg. Kerzen      218/0/0 von 251  Tagen gewertet (1m/5m/15m)     5577 Signale  124 ms lesen  65315 ms rechnen
2026-09-10T01:00:11.907Z  JHG/2019        roh          92006 reg. Kerzen      246/0/0 von 252  Tagen gewertet (1m/5m/15m)     6186 Signale  120 ms lesen  77584 ms rechnen
2026-09-10T01:01:33.252Z  JHG/2020        roh          92320 reg. Kerzen      239/0/0 von 253  Tagen gewertet (1m/5m/15m)     6706 Signale  114 ms lesen  80970 ms rechnen
2026-09-10T01:02:38.626Z  JHG/2021        roh          85673 reg. Kerzen      215/0/0 von 252  Tagen gewertet (1m/5m/15m)     5493 Signale  123 ms lesen  64972 ms rechnen
2026-09-10T01:03:58.438Z  JHG/2022        roh          91529 reg. Kerzen      244/0/0 von 251  Tagen gewertet (1m/5m/15m)     6768 Signale  121 ms lesen  79412 ms rechnen
2026-09-10T01:05:08.988Z  JHG/2023        roh          87638 reg. Kerzen      234/0/0 von 250  Tagen gewertet (1m/5m/15m)     5949 Signale  173 ms lesen  70116 ms rechnen
2026-09-10T01:06:15.062Z  JHG/2024        roh          86791 reg. Kerzen      232/0/0 von 252  Tagen gewertet (1m/5m/15m)     5412 Signale  119 ms lesen  65727 ms rechnen
2026-09-10T01:07:18.831Z  JHG/2025        roh          85014 reg. Kerzen      216/0/0 von 250  Tagen gewertet (1m/5m/15m)     5321 Signale  117 ms lesen  63426 ms rechnen
2026-09-10T01:07:51.220Z  JHG/2026        roh          42907 reg. Kerzen      101/0/0 von 123  Tagen gewertet (1m/5m/15m)     1757 Signale  59 ms lesen  32074 ms rechnen
2026-09-10T01:07:51.365Z  JMAC/2021       roh            236 reg. Kerzen        0/0/0 von 20   Tagen gewertet (1m/5m/15m)        0 Signale  22 ms lesen  2 ms rechnen
2026-09-10T01:07:51.380Z  JMAC/2022       roh            340 reg. Kerzen        0/0/0 von 137  Tagen gewertet (1m/5m/15m)        0 Signale  9 ms lesen  5 ms rechnen
2026-09-10T01:07:51.403Z  JMAC/2023       roh           1360 reg. Kerzen        0/0/0 von 45   Tagen gewertet (1m/5m/15m)        0 Signale  11 ms lesen  10 ms rechnen
2026-09-10T01:07:51.719Z  JNCE/2017       roh          39392 reg. Kerzen        0/0/0 von 234  Tagen gewertet (1m/5m/15m)        0 Signale  78 ms lesen  232 ms rechnen
2026-09-10T01:08:01.161Z  JNCE/2018       roh          60182 reg. Kerzen       27/0/0 von 251  Tagen gewertet (1m/5m/15m)      871 Signale  80 ms lesen  9246 ms rechnen
2026-09-10T01:08:04.126Z  JNCE/2019       roh          43461 reg. Kerzen        9/0/0 von 252  Tagen gewertet (1m/5m/15m)      276 Signale  72 ms lesen  2744 ms rechnen
2026-09-10T01:08:07.408Z  JNCE/2020       roh          58215 reg. Kerzen        8/0/0 von 253  Tagen gewertet (1m/5m/15m)      257 Signale  100 ms lesen  3064 ms rechnen
2026-09-10T01:08:08.022Z  JNCE/2021       roh          57773 reg. Kerzen        0/0/0 von 252  Tagen gewertet (1m/5m/15m)        0 Signale  80 ms lesen  364 ms rechnen
2026-09-10T01:08:08.558Z  JNCE/2022       roh          48338 reg. Kerzen        0/0/0 von 251  Tagen gewertet (1m/5m/15m)        0 Signale  60 ms lesen  306 ms rechnen
2026-09-10T01:08:08.901Z  JNCE/2023       roh          21366 reg. Kerzen        0/0/0 von 84   Tagen gewertet (1m/5m/15m)        0 Signale  43 ms lesen  172 ms rechnen
2026-09-10T01:08:09.217Z  JOBS/2016       roh          33907 reg. Kerzen        0/0/0 von 252  Tagen gewertet (1m/5m/15m)        0 Signale  64 ms lesen  180 ms rechnen
2026-09-10T01:08:09.594Z  JOBS/2017       roh          40659 reg. Kerzen        0/0/0 von 251  Tagen gewertet (1m/5m/15m)        0 Signale  63 ms lesen  218 ms rechnen
2026-09-10T01:08:14.673Z  JOBS/2018       roh          55960 reg. Kerzen       16/0/0 von 251  Tagen gewertet (1m/5m/15m)      454 Signale  100 ms lesen  4853 ms rechnen
2026-09-10T01:08:17.034Z  JOBS/2019       roh          49024 reg. Kerzen        6/0/0 von 252  Tagen gewertet (1m/5m/15m)      164 Signale  89 ms lesen  2099 ms rechnen
2026-09-10T01:08:18.698Z  JOBS/2020       roh          46246 reg. Kerzen        4/0/0 von 253  Tagen gewertet (1m/5m/15m)      107 Signale  87 ms lesen  1436 ms rechnen
2026-09-10T01:08:25.971Z  JOBS/2021       roh          52776 reg. Kerzen       24/0/0 von 252  Tagen gewertet (1m/5m/15m)      554 Signale  72 ms lesen  7062 ms rechnen
2026-09-10T01:08:33.704Z  JOBS/2022       roh          21950 reg. Kerzen       25/0/0 von 87   Tagen gewertet (1m/5m/15m)      612 Signale  43 ms lesen  7538 ms rechnen
2026-09-10T01:08:33.990Z  JPEP/2016       roh          25663 reg. Kerzen        0/0/0 von 252  Tagen gewertet (1m/5m/15m)        0 Signale  52 ms lesen  165 ms rechnen
2026-09-10T01:08:34.103Z  JPEP/2017       roh           3387 reg. Kerzen        0/0/0 von 44   Tagen gewertet (1m/5m/15m)        0 Signale  26 ms lesen  21 ms rechnen
2026-09-10T01:08:34.153Z  JUGG/2021       roh           1260 reg. Kerzen        0/0/0 von 77   Tagen gewertet (1m/5m/15m)        0 Signale  33 ms lesen  9 ms rechnen
2026-09-10T01:08:34.175Z  JUGG/2022       roh            899 reg. Kerzen        0/0/0 von 179  Tagen gewertet (1m/5m/15m)        0 Signale  10 ms lesen  7 ms rechnen
2026-09-10T01:08:34.195Z  JUGG/2023       roh            852 reg. Kerzen        0/0/0 von 95   Tagen gewertet (1m/5m/15m)        0 Signale  10 ms lesen  7 ms rechnen
2026-09-10T01:08:39.595Z  JWS/2020        roh          20060 reg. Kerzen       17/0/0 von 126  Tagen gewertet (1m/5m/15m)      500 Signale  47 ms lesen  5349 ms rechnen
2026-09-10T01:08:49.067Z  JWS/2021        roh          27892 reg. Kerzen       28/0/0 von 105  Tagen gewertet (1m/5m/15m)      883 Signale  49 ms lesen  9358 ms rechnen
2026-09-10T01:08:49.203Z  KAAC/2017       roh            811 reg. Kerzen        0/0/0 von 108  Tagen gewertet (1m/5m/15m)        0 Signale  16 ms lesen  4 ms rechnen
2026-09-10T01:08:49.245Z  KAAC/2018       roh           3604 reg. Kerzen        0/0/0 von 153  Tagen gewertet (1m/5m/15m)        0 Signale  19 ms lesen  20 ms rechnen
2026-09-10T01:08:49.298Z  KALV/2016       roh           1498 reg. Kerzen        0/0/0 von 27   Tagen gewertet (1m/5m/15m)        0 Signale  27 ms lesen  11 ms rechnen
2026-09-10T01:08:49.422Z  KALV/2017       roh          13048 reg. Kerzen        0/0/0 von 248  Tagen gewertet (1m/5m/15m)        0 Signale  30 ms lesen  88 ms rechnen
2026-09-10T01:08:49.631Z  KALV/2018       roh          17420 reg. Kerzen        0/0/0 von 251  Tagen gewertet (1m/5m/15m)        0 Signale  54 ms lesen  109 ms rechnen
2026-09-10T01:08:49.933Z  KALV/2019       roh          33366 reg. Kerzen        0/0/0 von 252  Tagen gewertet (1m/5m/15m)        0 Signale  67 ms lesen  174 ms rechnen
2026-09-10T01:08:50.284Z  KALV/2020       roh          30869 reg. Kerzen        0/0/0 von 253  Tagen gewertet (1m/5m/15m)        0 Signale  56 ms lesen  200 ms rechnen
2026-09-10T01:08:52.660Z  KALV/2021       roh          45069 reg. Kerzen        5/0/0 von 252  Tagen gewertet (1m/5m/15m)      151 Signale  74 ms lesen  2221 ms rechnen
2026-09-10T01:08:53.193Z  KALV/2022       roh          48823 reg. Kerzen        0/0/0 von 251  Tagen gewertet (1m/5m/15m)        0 Signale  90 ms lesen  306 ms rechnen
2026-09-10T01:08:53.704Z  KALV/2023       roh          47703 reg. Kerzen        0/0/0 von 250  Tagen gewertet (1m/5m/15m)        0 Signale  88 ms lesen  291 ms rechnen
2026-09-10T01:09:01.105Z  KALV/2024       roh          54135 reg. Kerzen       19/0/0 von 252  Tagen gewertet (1m/5m/15m)      598 Signale  108 ms lesen  7148 ms rechnen
2026-09-10T01:09:28.441Z  KALV/2025       roh          71158 reg. Kerzen       84/0/0 von 250  Tagen gewertet (1m/5m/15m)     2590 Signale  107 ms lesen  27091 ms rechnen
2026-09-10T01:09:48.205Z  KALV/2026       roh          34487 reg. Kerzen       56/0/0 von 110  Tagen gewertet (1m/5m/15m)     1335 Signale  54 ms lesen  19499 ms rechnen
2026-09-10T01:11:08.710Z  KBH/2016        roh          95986 reg. Kerzen      232/0/0 von 252  Tagen gewertet (1m/5m/15m)     6290 Signale  156 ms lesen  80245 ms rechnen
2026-09-10T01:12:32.274Z  KBH/2017        roh          95452 reg. Kerzen      251/0/0 von 251  Tagen gewertet (1m/5m/15m)     6485 Signale  136 ms lesen  83131 ms rechnen
2026-09-10T01:12:34.558Z  CHECKPOINT 2800 Dateien, 562 min, Detektorfehler {}
2026-09-10T01:14:01.121Z  KBH/2018        roh          94827 reg. Kerzen      251/0/0 von 251  Tagen gewertet (1m/5m/15m)     7217 Signale  197 ms lesen  86365 ms rechnen
2026-09-10T01:15:26.190Z  KBH/2019        roh          95504 reg. Kerzen      251/0/0 von 252  Tagen gewertet (1m/5m/15m)     6783 Signale  155 ms lesen  84679 ms rechnen
2026-09-10T01:16:58.242Z  KBH/2020        roh          96055 reg. Kerzen      252/0/0 von 253  Tagen gewertet (1m/5m/15m)     7698 Signale  129 ms lesen  91670 ms rechnen
2026-09-10T01:18:23.374Z  KBH/2021        roh          93946 reg. Kerzen      250/0/0 von 252  Tagen gewertet (1m/5m/15m)     6900 Signale  146 ms lesen  84711 ms rechnen
2026-09-10T01:19:51.922Z  KBH/2022        roh          95275 reg. Kerzen      249/0/0 von 250  Tagen gewertet (1m/5m/15m)     7300 Signale  146 ms lesen  88139 ms rechnen
2026-09-10T01:21:14.193Z  KBH/2023        roh          93962 reg. Kerzen      249/0/0 von 250  Tagen gewertet (1m/5m/15m)     6517 Signale  229 ms lesen  81808 ms rechnen
2026-09-10T01:22:25.821Z  KBH/2024        roh          87825 reg. Kerzen      234/0/0 von 252  Tagen gewertet (1m/5m/15m)     5909 Signale  119 ms lesen  71279 ms rechnen
2026-09-10T01:23:35.935Z  KBH/2025        roh          87046 reg. Kerzen      227/0/0 von 250  Tagen gewertet (1m/5m/15m)     5945 Signale  130 ms lesen  69750 ms rechnen
2026-09-10T01:24:19.643Z  KBH/2026        roh          56303 reg. Kerzen      141/0/0 von 166  Tagen gewertet (1m/5m/15m)     3782 Signale  99 ms lesen  43313 ms rechnen
2026-09-10T01:24:19.838Z  KCGI/2021       roh           1274 reg. Kerzen        0/0/0 von 63   Tagen gewertet (1m/5m/15m)        0 Signale  9 ms lesen  8 ms rechnen
2026-09-10T01:24:19.887Z  KCGI/2022       roh           2199 reg. Kerzen        0/0/0 von 239  Tagen gewertet (1m/5m/15m)        0 Signale  29 ms lesen  17 ms rechnen
2026-09-10T01:24:19.927Z  KCGI/2023       roh           2477 reg. Kerzen        0/0/0 von 224  Tagen gewertet (1m/5m/15m)        0 Signale  21 ms lesen  12 ms rechnen
2026-09-10T01:24:19.949Z  KCGI/2024       roh            468 reg. Kerzen        0/0/0 von 96   Tagen gewertet (1m/5m/15m)        0 Signale  13 ms lesen  3 ms rechnen
2026-09-10T01:25:25.409Z  KERX/2016       roh          86740 reg. Kerzen      190/0/0 von 252  Tagen gewertet (1m/5m/15m)     6089 Signale  137 ms lesen  65311 ms rechnen
2026-09-10T01:26:33.240Z  KERX/2017       roh          85673 reg. Kerzen      209/0/0 von 251  Tagen gewertet (1m/5m/15m)     6532 Signale  110 ms lesen  67520 ms rechnen
2026-09-10T01:26:45.395Z  KERX/2018       roh          75119 reg. Kerzen       35/0/0 von 239  Tagen gewertet (1m/5m/15m)     1076 Signale  92 ms lesen  11841 ms rechnen
2026-09-10T01:28:18.780Z  KGC/2016        roh          97695 reg. Kerzen      232/0/0 von 252  Tagen gewertet (1m/5m/15m)     7434 Signale  134 ms lesen  92987 ms rechnen
2026-09-10T01:29:57.606Z  KGC/2017        roh          96982 reg. Kerzen      251/0/0 von 251  Tagen gewertet (1m/5m/15m)     7421 Signale  196 ms lesen  98371 ms rechnen
2026-09-10T01:31:36.968Z  KGC/2018        roh          96619 reg. Kerzen      251/0/0 von 251  Tagen gewertet (1m/5m/15m)     7289 Signale  198 ms lesen  98919 ms rechnen
2026-09-10T01:33:13.952Z  KGC/2019        roh          96412 reg. Kerzen      251/0/0 von 252  Tagen gewertet (1m/5m/15m)     7463 Signale  186 ms lesen  96517 ms rechnen
2026-09-10T01:34:51.173Z  KGC/2020        roh          98174 reg. Kerzen      253/0/0 von 253  Tagen gewertet (1m/5m/15m)     7699 Signale  150 ms lesen  96806 ms rechnen
2026-09-10T01:36:24.221Z  KGC/2021        roh          97445 reg. Kerzen      251/0/0 von 252  Tagen gewertet (1m/5m/15m)     7055 Signale  163 ms lesen  92600 ms rechnen
2026-09-10T01:38:01.506Z  KGC/2022        roh          96789 reg. Kerzen      249/0/0 von 251  Tagen gewertet (1m/5m/15m)     7549 Signale  140 ms lesen  96900 ms rechnen
2026-09-10T01:39:38.462Z  KGC/2023        roh          96902 reg. Kerzen      250/0/0 von 250  Tagen gewertet (1m/5m/15m)     6867 Signale  161 ms lesen  96520 ms rechnen
2026-09-10T01:41:10.939Z  KGC/2024        roh          97526 reg. Kerzen      252/0/0 von 252  Tagen gewertet (1m/5m/15m)     6925 Signale  162 ms lesen  92045 ms rechnen
2026-09-10T01:42:39.984Z  KGC/2025        roh          96935 reg. Kerzen      250/0/0 von 250  Tagen gewertet (1m/5m/15m)     6902 Signale  149 ms lesen  88647 ms rechnen
2026-09-10T01:43:39.902Z  KGC/2026        roh          64726 reg. Kerzen      166/0/0 von 166  Tagen gewertet (1m/5m/15m)     4875 Signale  159 ms lesen  59477 ms rechnen
2026-09-10T01:43:44.977Z  KING/2016       roh          12275 reg. Kerzen       13/0/0 von 34   Tagen gewertet (1m/5m/15m)      145 Signale  30 ms lesen  4864 ms rechnen
2026-09-10T01:44:54.925Z  KLAC/2016       bereinigt    92791 reg. Kerzen      229/0/0 von 252  Tagen gewertet (1m/5m/15m)     5062 Signale  195 ms lesen  69699 ms rechnen
2026-09-10T01:46:21.088Z  KLAC/2017       bereinigt    91144 reg. Kerzen      246/0/0 von 251  Tagen gewertet (1m/5m/15m)     5784 Signale  139 ms lesen  85754 ms rechnen
2026-09-10T01:47:58.241Z  KLAC/2018       bereinigt    93255 reg. Kerzen      249/0/0 von 251  Tagen gewertet (1m/5m/15m)     6769 Signale  168 ms lesen  96635 ms rechnen
2026-09-10T01:49:20.718Z  KLAC/2019       bereinigt    95424 reg. Kerzen      251/0/0 von 252  Tagen gewertet (1m/5m/15m)     6219 Signale  157 ms lesen  82070 ms rechnen
2026-09-10T01:50:47.157Z  KLAC/2020       bereinigt    94361 reg. Kerzen      252/0/0 von 253  Tagen gewertet (1m/5m/15m)     6989 Signale  232 ms lesen  85935 ms rechnen
2026-09-10T01:52:07.139Z  KLAC/2021       bereinigt    91202 reg. Kerzen      245/0/0 von 252  Tagen gewertet (1m/5m/15m)     6477 Signale  187 ms lesen  79512 ms rechnen
2026-09-10T01:53:33.933Z  KLAC/2022       bereinigt    94075 reg. Kerzen      249/0/0 von 251  Tagen gewertet (1m/5m/15m)     7345 Signale  157 ms lesen  86383 ms rechnen
2026-09-10T01:54:41.326Z  KLAC/2023       bereinigt    85725 reg. Kerzen      224/0/0 von 250  Tagen gewertet (1m/5m/15m)     5895 Signale  145 ms lesen  66985 ms rechnen
2026-09-10T01:55:22.179Z  KLAC/2024       bereinigt    78573 reg. Kerzen      137/0/0 von 252  Tagen gewertet (1m/5m/15m)     3705 Signale  114 ms lesen  40503 ms rechnen
2026-09-10T01:56:10.726Z  KLAC/2025       bereinigt    80534 reg. Kerzen      157/0/0 von 250  Tagen gewertet (1m/5m/15m)     4268 Signale  123 ms lesen  48197 ms rechnen
2026-09-10T01:57:10.388Z  KLAC/2026       bereinigt    63403 reg. Kerzen      166/0/0 von 166  Tagen gewertet (1m/5m/15m)     4881 Signale  171 ms lesen  59283 ms rechnen
2026-09-10T01:57:10.620Z  KLTO/2024       roh           6388 reg. Kerzen        0/0/0 von 74   Tagen gewertet (1m/5m/15m)        0 Signale  27 ms lesen  34 ms rechnen
2026-09-10T01:57:18.980Z  KLTO/2025       roh          49340 reg. Kerzen       22/0/0 von 250  Tagen gewertet (1m/5m/15m)      731 Signale  124 ms lesen  8217 ms rechnen
2026-09-10T01:57:19.255Z  KLTO/2026       roh          12284 reg. Kerzen        0/0/0 von 47   Tagen gewertet (1m/5m/15m)        0 Signale  35 ms lesen  97 ms rechnen
2026-09-10T01:58:31.690Z  KMT/2016        roh          91542 reg. Kerzen      225/0/0 von 252  Tagen gewertet (1m/5m/15m)     6072 Signale  123 ms lesen  72250 ms rechnen
2026-09-10T01:59:33.054Z  KMT/2017        roh          84761 reg. Kerzen      209/0/0 von 251  Tagen gewertet (1m/5m/15m)     5378 Signale  127 ms lesen  60980 ms rechnen
2026-09-10T02:00:43.275Z  KMT/2018        roh          87579 reg. Kerzen      221/0/0 von 251  Tagen gewertet (1m/5m/15m)     6093 Signale  110 ms lesen  69890 ms rechnen
2026-09-10T02:01:47.238Z  KMT/2019        roh          85264 reg. Kerzen      215/0/0 von 252  Tagen gewertet (1m/5m/15m)     5668 Signale  132 ms lesen  63576 ms rechnen
2026-09-10T02:02:52.792Z  KMT/2020        roh          85637 reg. Kerzen      201/0/0 von 253  Tagen gewertet (1m/5m/15m)     5975 Signale  174 ms lesen  65135 ms rechnen
2026-09-10T02:03:37.493Z  KMT/2021        roh          78375 reg. Kerzen      152/0/0 von 252  Tagen gewertet (1m/5m/15m)     4173 Signale  151 ms lesen  44318 ms rechnen
2026-09-10T02:04:40.430Z  KMT/2022        roh          84643 reg. Kerzen      200/0/0 von 251  Tagen gewertet (1m/5m/15m)     5742 Signale  133 ms lesen  62597 ms rechnen
2026-09-10T02:05:38.589Z  KMT/2023        roh          83285 reg. Kerzen      195/0/0 von 250  Tagen gewertet (1m/5m/15m)     5086 Signale  146 ms lesen  57793 ms rechnen
2026-09-10T02:06:08.497Z  KMT/2024        roh          76729 reg. Kerzen      104/0/0 von 252  Tagen gewertet (1m/5m/15m)     2721 Signale  125 ms lesen  29528 ms rechnen
2026-09-10T02:06:41.444Z  KMT/2025        roh          76204 reg. Kerzen      112/0/0 von 250  Tagen gewertet (1m/5m/15m)     2956 Signale  127 ms lesen  32577 ms rechnen
2026-09-10T02:07:20.214Z  KMT/2026        roh          55576 reg. Kerzen      123/0/0 von 166  Tagen gewertet (1m/5m/15m)     3419 Signale  89 ms lesen  38446 ms rechnen
2026-09-10T02:07:20.517Z  KNSL/2016       roh          14886 reg. Kerzen        0/0/0 von 109  Tagen gewertet (1m/5m/15m)        0 Signale  40 ms lesen  94 ms rechnen
2026-09-10T02:07:20.781Z  KNSL/2017       roh          29486 reg. Kerzen        0/0/0 von 251  Tagen gewertet (1m/5m/15m)        0 Signale  53 ms lesen  161 ms rechnen
2026-09-10T02:07:21.097Z  KNSL/2018       roh          27104 reg. Kerzen        0/0/0 von 251  Tagen gewertet (1m/5m/15m)        0 Signale  62 ms lesen  162 ms rechnen
2026-09-10T02:07:22.936Z  KNSL/2019       roh          35866 reg. Kerzen        5/0/0 von 252  Tagen gewertet (1m/5m/15m)      144 Signale  66 ms lesen  1699 ms rechnen
2026-09-10T02:07:25.524Z  KNSL/2020       roh          45807 reg. Kerzen        8/0/0 von 253  Tagen gewertet (1m/5m/15m)      216 Signale  78 ms lesen  2401 ms rechnen
2026-09-10T02:07:26.116Z  KNSL/2021       roh          36865 reg. Kerzen        1/0/0 von 252  Tagen gewertet (1m/5m/15m)       36 Signale  70 ms lesen  398 ms rechnen
2026-09-10T02:07:26.736Z  KNSL/2022       roh          32475 reg. Kerzen        1/0/0 von 251  Tagen gewertet (1m/5m/15m)       22 Signale  56 ms lesen  449 ms rechnen
2026-09-10T02:07:27.296Z  KNSL/2023       roh          33266 reg. Kerzen        1/0/0 von 250  Tagen gewertet (1m/5m/15m)       25 Signale  59 ms lesen  410 ms rechnen
2026-09-10T02:07:27.883Z  KNSL/2024       roh          32497 reg. Kerzen        1/0/0 von 252  Tagen gewertet (1m/5m/15m)       23 Signale  61 ms lesen  432 ms rechnen
2026-09-10T02:07:29.741Z  KNSL/2025       roh          39168 reg. Kerzen        5/0/0 von 250  Tagen gewertet (1m/5m/15m)      134 Signale  75 ms lesen  1693 ms rechnen
2026-09-10T02:07:37.075Z  KNSL/2026       roh          44565 reg. Kerzen       24/0/0 von 166  Tagen gewertet (1m/5m/15m)      685 Signale  72 ms lesen  7135 ms rechnen
2026-09-10T02:07:37.464Z  KONA/2016       roh          37445 reg. Kerzen        0/0/0 von 252  Tagen gewertet (1m/5m/15m)        0 Signale  70 ms lesen  192 ms rechnen
2026-09-10T02:07:37.845Z  KONA/2017       roh          33525 reg. Kerzen        0/0/0 von 251  Tagen gewertet (1m/5m/15m)        0 Signale  64 ms lesen  194 ms rechnen
2026-09-10T02:07:38.034Z  KONA/2018       roh           8628 reg. Kerzen        0/0/0 von 250  Tagen gewertet (1m/5m/15m)        0 Signale  39 ms lesen  53 ms rechnen
2026-09-10T02:07:38.108Z  KONA/2019       roh           3085 reg. Kerzen        0/0/0 von 78   Tagen gewertet (1m/5m/15m)        0 Signale  20 ms lesen  23 ms rechnen
2026-09-10T02:07:59.857Z  KRA/2016        roh          73079 reg. Kerzen       72/0/0 von 252  Tagen gewertet (1m/5m/15m)     2141 Signale  218 ms lesen  21517 ms rechnen
2026-09-10T02:08:08.577Z  KRA/2017        roh          63819 reg. Kerzen       28/0/0 von 251  Tagen gewertet (1m/5m/15m)      775 Signale  105 ms lesen  8390 ms rechnen
2026-09-10T02:08:12.084Z  KRA/2018        roh          55235 reg. Kerzen       10/0/0 von 251  Tagen gewertet (1m/5m/15m)      289 Signale  94 ms lesen  3236 ms rechnen
2026-09-10T02:08:13.332Z  KRA/2019        roh          53034 reg. Kerzen        2/0/0 von 252  Tagen gewertet (1m/5m/15m)       72 Signale  145 ms lesen  945 ms rechnen
2026-09-10T02:08:23.401Z  KRA/2020        roh          66766 reg. Kerzen       29/0/0 von 253  Tagen gewertet (1m/5m/15m)      910 Signale  108 ms lesen  9792 ms rechnen
2026-09-10T02:08:27.803Z  KRA/2021        roh          54072 reg. Kerzen       13/0/0 von 252  Tagen gewertet (1m/5m/15m)      321 Signale  84 ms lesen  4124 ms rechnen
2026-09-10T02:08:28.695Z  KRA/2022        roh          11314 reg. Kerzen        2/0/0 von 49   Tagen gewertet (1m/5m/15m)       24 Signale  29 ms lesen  707 ms rechnen
2026-09-10T02:08:28.914Z  KROS/2020       roh          20707 reg. Kerzen        0/0/0 von 186  Tagen gewertet (1m/5m/15m)        0 Signale  54 ms lesen  124 ms rechnen
2026-09-10T02:08:29.441Z  KROS/2021       roh          33433 reg. Kerzen        1/0/0 von 252  Tagen gewertet (1m/5m/15m)       23 Signale  61 ms lesen  397 ms rechnen
2026-09-10T02:08:29.805Z  KROS/2022       roh          37202 reg. Kerzen        0/0/0 von 251  Tagen gewertet (1m/5m/15m)        0 Signale  57 ms lesen  205 ms rechnen
2026-09-10T02:08:30.175Z  KROS/2023       roh          37952 reg. Kerzen        0/0/0 von 250  Tagen gewertet (1m/5m/15m)        0 Signale  80 ms lesen  184 ms rechnen
2026-09-10T02:08:36.070Z  KROS/2024       roh          55782 reg. Kerzen       15/0/0 von 252  Tagen gewertet (1m/5m/15m)      458 Signale  68 ms lesen  5726 ms rechnen
2026-09-10T02:09:07.861Z  KROS/2025       roh          69934 reg. Kerzen       97/0/0 von 250  Tagen gewertet (1m/5m/15m)     3014 Signale  114 ms lesen  31511 ms rechnen
2026-09-10T02:09:08.274Z  KROS/2026       roh          32292 reg. Kerzen        0/0/0 von 166  Tagen gewertet (1m/5m/15m)        0 Signale  52 ms lesen  165 ms rechnen
2026-09-10T02:09:11.307Z  KSPI/2024       roh          47955 reg. Kerzen        8/0/0 von 240  Tagen gewertet (1m/5m/15m)      233 Signale  93 ms lesen  2825 ms rechnen
2026-09-10T02:09:18.461Z  KSPI/2025       roh          55128 reg. Kerzen       25/0/0 von 250  Tagen gewertet (1m/5m/15m)      662 Signale  100 ms lesen  6907 ms rechnen
2026-09-10T02:09:26.161Z  KSPI/2026       roh          41927 reg. Kerzen       25/0/0 von 166  Tagen gewertet (1m/5m/15m)      689 Signale  53 ms lesen  7497 ms rechnen
2026-09-10T02:09:26.425Z  KTRA/2020       bereinigt    13476 reg. Kerzen        0/0/0 von 93   Tagen gewertet (1m/5m/15m)        0 Signale  33 ms lesen  76 ms rechnen
2026-09-10T02:09:26.833Z  KTRA/2021       bereinigt    47360 reg. Kerzen        0/0/0 von 252  Tagen gewertet (1m/5m/15m)        0 Signale  68 ms lesen  308 ms rechnen
2026-09-10T02:09:27.326Z  KTRA/2022       bereinigt    44152 reg. Kerzen        0/0/0 von 251  Tagen gewertet (1m/5m/15m)        0 Signale  68 ms lesen  289 ms rechnen
2026-09-10T02:09:27.599Z  KTRA/2023       roh          14341 reg. Kerzen        0/0/0 von 250  Tagen gewertet (1m/5m/15m)        0 Signale  46 ms lesen  93 ms rechnen
2026-09-10T02:09:28.135Z  KTRA/2024       roh          54653 reg. Kerzen        0/0/0 von 201  Tagen gewertet (1m/5m/15m)        0 Signale  109 ms lesen  383 ms rechnen
2026-09-10T02:10:18.459Z  KVUE/2023       roh          63683 reg. Kerzen      146/0/0 von 166  Tagen gewertet (1m/5m/15m)     3824 Signale  117 ms lesen  50051 ms rechnen
2026-09-10T02:11:43.229Z  KVUE/2024       roh          97719 reg. Kerzen      252/0/0 von 252  Tagen gewertet (1m/5m/15m)     6146 Signale  131 ms lesen  84438 ms rechnen
2026-09-10T02:13:09.448Z  KVUE/2025       roh          96944 reg. Kerzen      250/0/0 von 250  Tagen gewertet (1m/5m/15m)     6520 Signale  186 ms lesen  85809 ms rechnen
2026-09-10T02:14:06.028Z  KVUE/2026       roh          64696 reg. Kerzen      166/0/0 von 166  Tagen gewertet (1m/5m/15m)     3982 Signale  93 ms lesen  56229 ms rechnen
2026-09-10T02:14:06.244Z  KYO/2016        roh           7200 reg. Kerzen        0/0/0 von 252  Tagen gewertet (1m/5m/15m)        0 Signale  39 ms lesen  29 ms rechnen
2026-09-10T02:14:06.353Z  KYO/2017        roh           7631 reg. Kerzen        0/0/0 von 251  Tagen gewertet (1m/5m/15m)        0 Signale  38 ms lesen  55 ms rechnen
2026-09-10T02:14:06.424Z  KYO/2018        roh           5780 reg. Kerzen        0/0/0 von 121  Tagen gewertet (1m/5m/15m)        0 Signale  27 ms lesen  24 ms rechnen
2026-09-10T02:14:06.682Z  LAC/2018        bereinigt    31981 reg. Kerzen        0/0/0 von 235  Tagen gewertet (1m/5m/15m)        0 Signale  93 ms lesen  150 ms rechnen
2026-09-10T02:14:07.000Z  LAC/2019        bereinigt    28835 reg. Kerzen        0/0/0 von 252  Tagen gewertet (1m/5m/15m)        0 Signale  75 ms lesen  146 ms rechnen
2026-09-10T02:14:44.697Z  LAC/2020        bereinigt    76708 reg. Kerzen       96/0/0 von 253  Tagen gewertet (1m/5m/15m)     3154 Signale  171 ms lesen  37440 ms rechnen
2026-09-10T02:16:24.206Z  LAC/2021        bereinigt    96935 reg. Kerzen      250/0/0 von 252  Tagen gewertet (1m/5m/15m)     8034 Signale  253 ms lesen  99014 ms rechnen
2026-09-10T02:18:04.088Z  LAC/2022        bereinigt    96593 reg. Kerzen      249/0/0 von 251  Tagen gewertet (1m/5m/15m)     7991 Signale  279 ms lesen  99291 ms rechnen
2026-09-10T02:19:34.455Z  LAC/2023        bereinigt    95281 reg. Kerzen      250/0/0 von 250  Tagen gewertet (1m/5m/15m)     7457 Signale  217 ms lesen  89879 ms rechnen
2026-09-10T02:21:14.088Z  LAC/2024        roh          96177 reg. Kerzen      252/0/0 von 252  Tagen gewertet (1m/5m/15m)     8216 Signale  151 ms lesen  99211 ms rechnen
2026-09-10T02:22:48.819Z  LAC/2025        roh          95206 reg. Kerzen      250/0/0 von 250  Tagen gewertet (1m/5m/15m)     8250 Signale  174 ms lesen  94271 ms rechnen
2026-09-10T02:23:53.828Z  LAC/2026        roh          64596 reg. Kerzen      166/0/0 von 166  Tagen gewertet (1m/5m/15m)     5312 Signale  131 ms lesen  64674 ms rechnen
2026-09-10T02:23:54.064Z  LATG/2022       roh            375 reg. Kerzen        0/0/0 von 84   Tagen gewertet (1m/5m/15m)        0 Signale  17 ms lesen  3 ms rechnen
2026-09-10T02:23:54.092Z  LATG/2023       roh            659 reg. Kerzen        0/0/0 von 135  Tagen gewertet (1m/5m/15m)        0 Signale  19 ms lesen  7 ms rechnen
2026-09-10T02:23:54.119Z  LATG/2024       roh            418 reg. Kerzen        0/0/0 von 92   Tagen gewertet (1m/5m/15m)        0 Signale  19 ms lesen  5 ms rechnen
2026-09-10T02:23:54.133Z  LATG/2025       roh            274 reg. Kerzen        0/0/0 von 9    Tagen gewertet (1m/5m/15m)        0 Signale  10 ms lesen  2 ms rechnen
2026-09-10T02:23:54.367Z  LBAI/2016       roh          29648 reg. Kerzen        0/0/0 von 252  Tagen gewertet (1m/5m/15m)        0 Signale  61 ms lesen  170 ms rechnen
2026-09-10T02:23:54.714Z  LBAI/2017       roh          35724 reg. Kerzen        0/0/0 von 251  Tagen gewertet (1m/5m/15m)        0 Signale  69 ms lesen  195 ms rechnen
2026-09-10T02:23:55.078Z  LBAI/2018       roh          33241 reg. Kerzen        0/0/0 von 251  Tagen gewertet (1m/5m/15m)        0 Signale  54 ms lesen  207 ms rechnen
2026-09-10T02:23:55.513Z  LBAI/2019       roh          39927 reg. Kerzen        0/0/0 von 252  Tagen gewertet (1m/5m/15m)        0 Signale  85 ms lesen  248 ms rechnen
2026-09-10T02:23:55.927Z  LBAI/2020       roh          41391 reg. Kerzen        0/0/0 von 253  Tagen gewertet (1m/5m/15m)        0 Signale  68 ms lesen  246 ms rechnen
2026-09-10T02:23:56.315Z  LBAI/2021       roh          38867 reg. Kerzen        0/0/0 von 252  Tagen gewertet (1m/5m/15m)        0 Signale  78 ms lesen  189 ms rechnen
2026-09-10T02:23:57.003Z  LBAI/2022       roh          44120 reg. Kerzen        1/0/0 von 251  Tagen gewertet (1m/5m/15m)       22 Signale  77 ms lesen  514 ms rechnen
2026-09-10T02:23:57.765Z  LBAI/2023       roh          45090 reg. Kerzen        1/0/0 von 250  Tagen gewertet (1m/5m/15m)       27 Signale  67 ms lesen  571 ms rechnen
2026-09-10T02:23:58.032Z  LBAI/2024       roh          18486 reg. Kerzen        0/0/0 von 94   Tagen gewertet (1m/5m/15m)        0 Signale  32 ms lesen  100 ms rechnen
2026-09-10T02:23:58.108Z  LBMH/2016       roh           2041 reg. Kerzen        0/0/0 von 13   Tagen gewertet (1m/5m/15m)        0 Signale  12 ms lesen  15 ms rechnen
2026-09-10T02:23:58.377Z  LBY/2016        roh          36928 reg. Kerzen        0/0/0 von 252  Tagen gewertet (1m/5m/15m)        0 Signale  66 ms lesen  189 ms rechnen
2026-09-10T02:23:58.750Z  LBY/2017        roh          40987 reg. Kerzen        0/0/0 von 251  Tagen gewertet (1m/5m/15m)        0 Signale  64 ms lesen  232 ms rechnen
2026-09-10T02:23:59.214Z  LBY/2018        roh          45164 reg. Kerzen        0/0/0 von 251  Tagen gewertet (1m/5m/15m)        0 Signale  78 ms lesen  270 ms rechnen
2026-09-10T02:23:59.642Z  LBY/2019        roh          36851 reg. Kerzen        0/0/0 von 252  Tagen gewertet (1m/5m/15m)        0 Signale  66 ms lesen  224 ms rechnen
2026-09-10T02:23:59.852Z  LBY/2020        roh          11094 reg. Kerzen        0/0/0 von 103  Tagen gewertet (1m/5m/15m)        0 Signale  35 ms lesen  82 ms rechnen
2026-09-10T02:24:03.390Z  LCII/2016       roh          57740 reg. Kerzen       11/0/0 von 252  Tagen gewertet (1m/5m/15m)      286 Signale  78 ms lesen  3412 ms rechnen
2026-09-10T02:24:04.119Z  LCII/2017       roh          47989 reg. Kerzen        1/0/0 von 251  Tagen gewertet (1m/5m/15m)       19 Signale  77 ms lesen  493 ms rechnen
2026-09-10T02:24:06.315Z  LCII/2018       roh          52590 reg. Kerzen        6/0/0 von 251  Tagen gewertet (1m/5m/15m)      183 Signale  72 ms lesen  1982 ms rechnen
2026-09-10T02:24:08.687Z  LCII/2019       roh          47984 reg. Kerzen        6/0/0 von 252  Tagen gewertet (1m/5m/15m)      190 Signale  86 ms lesen  2155 ms rechnen
2026-09-10T02:24:09.076Z  LCII/2020       roh          38058 reg. Kerzen        0/0/0 von 253  Tagen gewertet (1m/5m/15m)        0 Signale  62 ms lesen  214 ms rechnen
2026-09-10T02:24:09.695Z  LCII/2021       roh          37171 reg. Kerzen        1/0/0 von 252  Tagen gewertet (1m/5m/15m)       18 Signale  68 ms lesen  432 ms rechnen
2026-09-10T02:24:10.651Z  LCII/2022       roh          41287 reg. Kerzen        2/0/0 von 251  Tagen gewertet (1m/5m/15m)       53 Signale  72 ms lesen  769 ms rechnen
2026-09-10T02:24:11.310Z  LCII/2023       roh          39935 reg. Kerzen        1/0/0 von 250  Tagen gewertet (1m/5m/15m)       21 Signale  64 ms lesen  469 ms rechnen
2026-09-10T02:24:11.693Z  LCII/2024       roh          38560 reg. Kerzen        0/0/0 von 252  Tagen gewertet (1m/5m/15m)        0 Signale  64 ms lesen  219 ms rechnen
2026-09-10T02:24:13.453Z  LCII/2025       roh          46728 reg. Kerzen        5/0/0 von 250  Tagen gewertet (1m/5m/15m)      145 Signale  79 ms lesen  1593 ms rechnen
2026-09-10T02:24:14.915Z  LCII/2026       roh          30316 reg. Kerzen        4/0/0 von 166  Tagen gewertet (1m/5m/15m)      116 Signale  45 ms lesen  1293 ms rechnen
2026-09-10T02:24:15.021Z  LDWY/2023       roh           2292 reg. Kerzen        0/0/0 von 101  Tagen gewertet (1m/5m/15m)        0 Signale  15 ms lesen  18 ms rechnen
2026-09-10T02:24:15.064Z  LDWY/2024       roh           2484 reg. Kerzen        0/0/0 von 238  Tagen gewertet (1m/5m/15m)        0 Signale  19 ms lesen  15 ms rechnen
2026-09-10T02:24:15.111Z  LDWY/2025       roh           2287 reg. Kerzen        0/0/0 von 226  Tagen gewertet (1m/5m/15m)        0 Signale  22 ms lesen  18 ms rechnen
2026-09-10T02:24:15.137Z  LDWY/2026       roh           1026 reg. Kerzen        0/0/0 von 20   Tagen gewertet (1m/5m/15m)        0 Signale  9 ms lesen  8 ms rechnen
2026-09-10T02:24:15.179Z  LEGT/2024       roh           1304 reg. Kerzen        0/0/0 von 176  Tagen gewertet (1m/5m/15m)        0 Signale  17 ms lesen  8 ms rechnen
2026-09-10T02:24:15.208Z  LEGT/2025       roh           1544 reg. Kerzen        0/0/0 von 207  Tagen gewertet (1m/5m/15m)        0 Signale  11 ms lesen  14 ms rechnen
2026-09-10T02:24:15.246Z  LEGT/2026       roh           2614 reg. Kerzen        0/0/0 von 105  Tagen gewertet (1m/5m/15m)        0 Signale  18 ms lesen  16 ms rechnen
2026-09-10T02:24:15.280Z  LEVB/2017       roh            593 reg. Kerzen        0/0/0 von 29   Tagen gewertet (1m/5m/15m)        0 Signale  24 ms lesen  3 ms rechnen
2026-09-10T02:24:15.401Z  LEVB/2018       roh          14384 reg. Kerzen        0/0/0 von 248  Tagen gewertet (1m/5m/15m)        0 Signale  33 ms lesen  86 ms rechnen
2026-09-10T02:24:15.519Z  LEVB/2019       roh           7711 reg. Kerzen        0/0/0 von 82   Tagen gewertet (1m/5m/15m)        0 Signale  24 ms lesen  57 ms rechnen
2026-09-10T02:24:20.209Z  LFG/2021        roh          19384 reg. Kerzen       17/0/0 von 75   Tagen gewertet (1m/5m/15m)      512 Signale  52 ms lesen  4610 ms rechnen
2026-09-10T02:25:25.338Z  LFG/2022        roh          83295 reg. Kerzen      194/0/0 von 248  Tagen gewertet (1m/5m/15m)     5359 Signale  118 ms lesen  64947 ms rechnen
2026-09-10T02:25:26.517Z  LG/2016         roh          20136 reg. Kerzen        3/0/0 von 81   Tagen gewertet (1m/5m/15m)       75 Signale  49 ms lesen  874 ms rechnen
2026-09-10T02:25:46.086Z  LGIH/2016       roh          73003 reg. Kerzen       65/0/0 von 252  Tagen gewertet (1m/5m/15m)     1935 Signale  126 ms lesen  19384 ms rechnen
2026-09-10T02:26:01.220Z  LGIH/2017       roh          65481 reg. Kerzen       50/0/0 von 251  Tagen gewertet (1m/5m/15m)     1442 Signale  87 ms lesen  14838 ms rechnen
2026-09-10T02:26:16.864Z  LGIH/2018       roh          67564 reg. Kerzen       51/0/0 von 251  Tagen gewertet (1m/5m/15m)     1579 Signale  107 ms lesen  15353 ms rechnen
2026-09-10T02:26:26.681Z  LGIH/2019       roh          61152 reg. Kerzen       31/0/0 von 252  Tagen gewertet (1m/5m/15m)      909 Signale  95 ms lesen  9512 ms rechnen
2026-09-10T02:26:49.336Z  LGIH/2020       roh          68449 reg. Kerzen       68/0/0 von 253  Tagen gewertet (1m/5m/15m)     2195 Signale  95 ms lesen  22376 ms rechnen
2026-09-10T02:26:54.582Z  LGIH/2021       roh          57385 reg. Kerzen       15/0/0 von 252  Tagen gewertet (1m/5m/15m)      469 Signale  87 ms lesen  4980 ms rechnen
2026-09-10T02:27:02.478Z  LGIH/2022       roh          58592 reg. Kerzen       24/0/0 von 251  Tagen gewertet (1m/5m/15m)      725 Signale  123 ms lesen  7603 ms rechnen
2026-09-10T02:27:02.967Z  LGIH/2023       roh          44985 reg. Kerzen        0/0/0 von 250  Tagen gewertet (1m/5m/15m)        0 Signale  76 ms lesen  233 ms rechnen
2026-09-10T02:27:03.392Z  LGIH/2024       roh          39191 reg. Kerzen        0/0/0 von 252  Tagen gewertet (1m/5m/15m)        0 Signale  75 ms lesen  227 ms rechnen
2026-09-10T02:27:05.824Z  LGIH/2025       roh          54712 reg. Kerzen        7/0/0 von 250  Tagen gewertet (1m/5m/15m)      200 Signale  82 ms lesen  2249 ms rechnen
2026-09-10T02:27:08.740Z  LGIH/2026       roh          36959 reg. Kerzen        8/0/0 von 166  Tagen gewertet (1m/5m/15m)      231 Signale  55 ms lesen  2715 ms rechnen
2026-09-10T02:27:08.872Z  LGVC/2022       roh            584 reg. Kerzen        0/0/0 von 150  Tagen gewertet (1m/5m/15m)        0 Signale  10 ms lesen  6 ms rechnen
2026-09-10T02:27:08.901Z  LGVC/2023       roh           1573 reg. Kerzen        0/0/0 von 176  Tagen gewertet (1m/5m/15m)        0 Signale  12 ms lesen  13 ms rechnen
2026-09-10T02:27:08.933Z  LGVC/2024       roh           1193 reg. Kerzen        0/0/0 von 75   Tagen gewertet (1m/5m/15m)        0 Signale  16 ms lesen  9 ms rechnen
2026-09-10T02:28:10.146Z  LHX/2016        roh          88431 reg. Kerzen      213/0/0 von 252  Tagen gewertet (1m/5m/15m)     4949 Signale  120 ms lesen  61076 ms rechnen
2026-09-10T02:29:01.683Z  LHX/2017        roh          82351 reg. Kerzen      192/0/0 von 251  Tagen gewertet (1m/5m/15m)     4006 Signale  141 ms lesen  51163 ms rechnen
2026-09-10T02:30:01.718Z  LHX/2018        roh          85517 reg. Kerzen      208/0/0 von 251  Tagen gewertet (1m/5m/15m)     5145 Signale  230 ms lesen  59579 ms rechnen
2026-09-10T02:31:18.205Z  LHX/2019        roh          92063 reg. Kerzen      248/0/0 von 252  Tagen gewertet (1m/5m/15m)     5835 Signale  158 ms lesen  76080 ms rechnen
2026-09-10T02:32:43.126Z  LHX/2020        roh          96091 reg. Kerzen      253/0/0 von 253  Tagen gewertet (1m/5m/15m)     6681 Signale  201 ms lesen  84438 ms rechnen
2026-09-10T02:33:59.703Z  LHX/2021        roh          91670 reg. Kerzen      246/0/0 von 252  Tagen gewertet (1m/5m/15m)     5693 Signale  136 ms lesen  76174 ms rechnen
2026-09-10T02:35:16.681Z  LHX/2022        roh          90597 reg. Kerzen      245/0/0 von 251  Tagen gewertet (1m/5m/15m)     6317 Signale  130 ms lesen  76632 ms rechnen
2026-09-10T02:36:31.063Z  LHX/2023        roh          90395 reg. Kerzen      249/0/0 von 250  Tagen gewertet (1m/5m/15m)     5745 Signale  127 ms lesen  74024 ms rechnen
2026-09-10T02:37:17.912Z  LHX/2024        roh          81537 reg. Kerzen      167/0/0 von 252  Tagen gewertet (1m/5m/15m)     3764 Signale  123 ms lesen  46470 ms rechnen
2026-09-10T02:38:30.073Z  LHX/2025        roh          88975 reg. Kerzen      238/0/0 von 250  Tagen gewertet (1m/5m/15m)     5581 Signale  104 ms lesen  71829 ms rechnen
2026-09-10T02:39:26.835Z  LHX/2026        roh          63860 reg. Kerzen      166/0/0 von 166  Tagen gewertet (1m/5m/15m)     4229 Signale  106 ms lesen  56410 ms rechnen
2026-09-10T02:39:27.057Z  LIII/2021       roh           3844 reg. Kerzen        0/0/0 von 136  Tagen gewertet (1m/5m/15m)        0 Signale  16 ms lesen  17 ms rechnen
2026-09-10T02:39:27.269Z  LINX/2019       roh          22961 reg. Kerzen        0/0/0 von 131  Tagen gewertet (1m/5m/15m)        0 Signale  51 ms lesen  139 ms rechnen
2026-09-10T02:39:27.554Z  LINX/2020       roh          27903 reg. Kerzen        0/0/0 von 253  Tagen gewertet (1m/5m/15m)        0 Signale  67 ms lesen  165 ms rechnen
2026-09-10T02:39:27.680Z  LINX/2021       roh           4189 reg. Kerzen        0/0/0 von 121  Tagen gewertet (1m/5m/15m)        0 Signale  14 ms lesen  29 ms rechnen
2026-09-10T02:39:42.729Z  LIVN/2016       roh          67937 reg. Kerzen       50/0/0 von 252  Tagen gewertet (1m/5m/15m)     1328 Signale  89 ms lesen  14943 ms rechnen
2026-09-10T02:39:54.824Z  LIVN/2017       roh          65743 reg. Kerzen       42/0/0 von 251  Tagen gewertet (1m/5m/15m)     1035 Signale  117 ms lesen  11815 ms rechnen
2026-09-10T02:40:04.518Z  LIVN/2018       roh          65152 reg. Kerzen       32/0/0 von 251  Tagen gewertet (1m/5m/15m)      898 Signale  123 ms lesen  9354 ms rechnen
2026-09-10T02:40:21.599Z  LIVN/2019       roh          69375 reg. Kerzen       58/0/0 von 252  Tagen gewertet (1m/5m/15m)     1602 Signale  112 ms lesen  16805 ms rechnen
2026-09-10T02:40:55.585Z  LIVN/2020       roh          75008 reg. Kerzen      106/0/0 von 253  Tagen gewertet (1m/5m/15m)     3168 Signale  113 ms lesen  33674 ms rechnen
2026-09-10T02:41:02.982Z  LIVN/2021       roh          56879 reg. Kerzen       23/0/0 von 252  Tagen gewertet (1m/5m/15m)      677 Signale  72 ms lesen  7102 ms rechnen
2026-09-10T02:41:07.856Z  LIVN/2022       roh          58270 reg. Kerzen       14/0/0 von 251  Tagen gewertet (1m/5m/15m)      403 Signale  92 ms lesen  4627 ms rechnen
2026-09-10T02:41:18.519Z  LIVN/2023       roh          63055 reg. Kerzen       33/0/0 von 250  Tagen gewertet (1m/5m/15m)      895 Signale  94 ms lesen  10407 ms rechnen
2026-09-10T02:41:32.879Z  LIVN/2024       roh          65319 reg. Kerzen       45/0/0 von 252  Tagen gewertet (1m/5m/15m)     1318 Signale  88 ms lesen  14116 ms rechnen
2026-09-10T02:41:46.988Z  LIVN/2025       roh          66443 reg. Kerzen       44/0/0 von 250  Tagen gewertet (1m/5m/15m)     1218 Signale  115 ms lesen  13821 ms rechnen
2026-09-10T02:42:00.161Z  LIVN/2026       roh          46539 reg. Kerzen       44/0/0 von 166  Tagen gewertet (1m/5m/15m)     1238 Signale  69 ms lesen  12922 ms rechnen
2026-09-10T02:42:00.562Z  LKFN/2016       roh          26584 reg. Kerzen        0/0/0 von 252  Tagen gewertet (1m/5m/15m)        0 Signale  60 ms lesen  167 ms rechnen
2026-09-10T02:42:00.868Z  LKFN/2017       roh          28272 reg. Kerzen        0/0/0 von 251  Tagen gewertet (1m/5m/15m)        0 Signale  72 ms lesen  170 ms rechnen
2026-09-10T02:42:01.190Z  LKFN/2018       roh          30104 reg. Kerzen        0/0/0 von 251  Tagen gewertet (1m/5m/15m)        0 Signale  51 ms lesen  178 ms rechnen
2026-09-10T02:42:01.503Z  LKFN/2019       roh          27511 reg. Kerzen        0/0/0 von 252  Tagen gewertet (1m/5m/15m)        0 Signale  68 ms lesen  174 ms rechnen
2026-09-10T02:42:01.863Z  LKFN/2020       roh          36181 reg. Kerzen        0/0/0 von 253  Tagen gewertet (1m/5m/15m)        0 Signale  69 ms lesen  202 ms rechnen
2026-09-10T02:42:02.228Z  LKFN/2021       roh          32495 reg. Kerzen        0/0/0 von 252  Tagen gewertet (1m/5m/15m)        0 Signale  68 ms lesen  192 ms rechnen
2026-09-10T02:42:02.549Z  LKFN/2022       roh          31062 reg. Kerzen        0/0/0 von 251  Tagen gewertet (1m/5m/15m)        0 Signale  51 ms lesen  178 ms rechnen
2026-09-10T02:42:02.872Z  LKFN/2023       roh          30656 reg. Kerzen        0/0/0 von 250  Tagen gewertet (1m/5m/15m)        0 Signale  74 ms lesen  161 ms rechnen
2026-09-10T02:42:03.156Z  LKFN/2024       roh          23500 reg. Kerzen        0/0/0 von 252  Tagen gewertet (1m/5m/15m)        0 Signale  44 ms lesen  151 ms rechnen
2026-09-10T02:42:03.613Z  LKFN/2025       roh          29361 reg. Kerzen        1/0/0 von 250  Tagen gewertet (1m/5m/15m)       15 Signale  43 ms lesen  364 ms rechnen
2026-09-10T02:42:03.809Z  LKFN/2026       roh          20306 reg. Kerzen        0/0/0 von 166  Tagen gewertet (1m/5m/15m)        0 Signale  29 ms lesen  110 ms rechnen
2026-09-10T02:42:05.683Z  CHECKPOINT 3000 Dateien, 652 min, Detektorfehler {}
2026-09-10T02:42:45.873Z  LLL/2016        roh          81059 reg. Kerzen      147/0/0 von 252  Tagen gewertet (1m/5m/15m)     3381 Signale  110 ms lesen  40071 ms rechnen
2026-09-10T02:43:12.848Z  LLL/2017        roh          74605 reg. Kerzen      102/0/0 von 251  Tagen gewertet (1m/5m/15m)     2330 Signale  107 ms lesen  26638 ms rechnen
2026-09-10T02:43:56.202Z  LLL/2018        roh          80212 reg. Kerzen      150/0/0 von 251  Tagen gewertet (1m/5m/15m)     3837 Signale  102 ms lesen  43040 ms rechnen
2026-09-10T02:44:10.363Z  LLL/2019        roh          37316 reg. Kerzen       51/0/0 von 124  Tagen gewertet (1m/5m/15m)     1228 Signale  72 ms lesen  13884 ms rechnen
2026-09-10T02:44:10.475Z  AUSGELASSEN LLL/2020: Datei fehlt
2026-09-10T02:44:10.661Z  LLL/2021        roh           5115 reg. Kerzen        0/0/0 von 56   Tagen gewertet (1m/5m/15m)        0 Signale  159 ms lesen  26 ms rechnen
2026-09-10T02:44:10.804Z  LLL/2022        roh          16327 reg. Kerzen        0/0/0 von 193  Tagen gewertet (1m/5m/15m)        0 Signale  34 ms lesen  91 ms rechnen
2026-09-10T02:44:11.130Z  LMAT/2016       roh          41771 reg. Kerzen        0/0/0 von 252  Tagen gewertet (1m/5m/15m)        0 Signale  78 ms lesen  193 ms rechnen
2026-09-10T02:44:11.581Z  LMAT/2017       roh          43435 reg. Kerzen        0/0/0 von 251  Tagen gewertet (1m/5m/15m)        0 Signale  82 ms lesen  251 ms rechnen
2026-09-10T02:44:11.991Z  LMAT/2018       roh          39861 reg. Kerzen        0/0/0 von 251  Tagen gewertet (1m/5m/15m)        0 Signale  64 ms lesen  232 ms rechnen
2026-09-10T02:44:12.351Z  LMAT/2019       roh          35381 reg. Kerzen        0/0/0 von 252  Tagen gewertet (1m/5m/15m)        0 Signale  68 ms lesen  187 ms rechnen
2026-09-10T02:44:12.722Z  LMAT/2020       roh          39215 reg. Kerzen        0/0/0 von 253  Tagen gewertet (1m/5m/15m)        0 Signale  65 ms lesen  203 ms rechnen
2026-09-10T02:44:13.315Z  LMAT/2021       roh          34554 reg. Kerzen        1/0/0 von 252  Tagen gewertet (1m/5m/15m)       22 Signale  51 ms lesen  429 ms rechnen
2026-09-10T02:44:13.594Z  LMAT/2022       roh          27318 reg. Kerzen        0/0/0 von 251  Tagen gewertet (1m/5m/15m)        0 Signale  48 ms lesen  136 ms rechnen
2026-09-10T02:44:13.874Z  LMAT/2023       roh          28230 reg. Kerzen        0/0/0 von 250  Tagen gewertet (1m/5m/15m)        0 Signale  49 ms lesen  142 ms rechnen
2026-09-10T02:44:14.549Z  LMAT/2024       roh          29111 reg. Kerzen        1/0/0 von 252  Tagen gewertet (1m/5m/15m)       34 Signale  66 ms lesen  547 ms rechnen
2026-09-10T02:44:14.879Z  LMAT/2025       roh          32742 reg. Kerzen        0/0/0 von 250  Tagen gewertet (1m/5m/15m)        0 Signale  66 ms lesen  183 ms rechnen
2026-09-10T02:44:15.429Z  LMAT/2026       roh          25344 reg. Kerzen        1/0/0 von 166  Tagen gewertet (1m/5m/15m)       29 Signale  37 ms lesen  433 ms rechnen
2026-09-10T02:44:15.553Z  LMNL/2019       bereinigt      479 reg. Kerzen        0/0/0 von 26   Tagen gewertet (1m/5m/15m)        0 Signale  21 ms lesen  3 ms rechnen
2026-09-10T02:44:15.751Z  LMNL/2020       bereinigt    23335 reg. Kerzen        0/0/0 von 251  Tagen gewertet (1m/5m/15m)        0 Signale  68 ms lesen  127 ms rechnen
2026-09-10T02:44:16.097Z  LMNL/2021       bereinigt    38037 reg. Kerzen        0/0/0 von 252  Tagen gewertet (1m/5m/15m)        0 Signale  61 ms lesen  219 ms rechnen
2026-09-10T02:44:16.260Z  LMNL/2022       bereinigt     7001 reg. Kerzen        0/0/0 von 251  Tagen gewertet (1m/5m/15m)        0 Signale  13 ms lesen  44 ms rechnen
2026-09-10T02:44:16.326Z  LMNL/2023       bereinigt     3630 reg. Kerzen        0/0/0 von 182  Tagen gewertet (1m/5m/15m)        0 Signale  19 ms lesen  30 ms rechnen
2026-09-10T02:44:55.761Z  LNCE/2016       roh          80431 reg. Kerzen      140/0/0 von 252  Tagen gewertet (1m/5m/15m)     3386 Signale  105 ms lesen  39320 ms rechnen
2026-09-10T02:45:16.594Z  LNCE/2017       roh          72877 reg. Kerzen       72/0/0 von 251  Tagen gewertet (1m/5m/15m)     1694 Signale  110 ms lesen  20503 ms rechnen
2026-09-10T02:45:31.275Z  LNCE/2018       roh          19282 reg. Kerzen       44/0/0 von 57   Tagen gewertet (1m/5m/15m)      598 Signale  37 ms lesen  14457 ms rechnen
2026-09-10T02:46:30.015Z  LNW/2016        roh          84755 reg. Kerzen      179/0/0 von 252  Tagen gewertet (1m/5m/15m)     5446 Signale  109 ms lesen  58585 ms rechnen
2026-09-10T02:47:22.710Z  LNW/2017        roh          81706 reg. Kerzen      166/0/0 von 251  Tagen gewertet (1m/5m/15m)     4666 Signale  127 ms lesen  52380 ms rechnen
2026-09-10T02:48:33.137Z  LNW/2018        roh          86873 reg. Kerzen      207/0/0 von 251  Tagen gewertet (1m/5m/15m)     6540 Signale  105 ms lesen  70101 ms rechnen
2026-09-10T02:49:52.371Z  LNW/2019        roh          90399 reg. Kerzen      233/0/0 von 252  Tagen gewertet (1m/5m/15m)     7019 Signale  145 ms lesen  78860 ms rechnen
2026-09-10T02:51:17.060Z  LNW/2020        roh          91186 reg. Kerzen      233/0/0 von 253  Tagen gewertet (1m/5m/15m)     7438 Signale  120 ms lesen  84285 ms rechnen
2026-09-10T02:52:15.485Z  LNW/2021        roh          83222 reg. Kerzen      184/0/0 von 252  Tagen gewertet (1m/5m/15m)     5612 Signale  103 ms lesen  58066 ms rechnen
2026-09-10T02:53:08.548Z  LNW/2022        roh          80295 reg. Kerzen      168/0/0 von 251  Tagen gewertet (1m/5m/15m)     5052 Signale  129 ms lesen  52737 ms rechnen
2026-09-10T02:53:31.797Z  LNW/2023        roh          69956 reg. Kerzen       77/0/0 von 250  Tagen gewertet (1m/5m/15m)     1984 Signale  663 ms lesen  22371 ms rechnen
2026-09-10T02:54:06.090Z  LNW/2024        roh          75650 reg. Kerzen      116/0/0 von 252  Tagen gewertet (1m/5m/15m)     3010 Signale  120 ms lesen  33997 ms rechnen
2026-09-10T02:54:56.996Z  LNW/2025        roh          72632 reg. Kerzen      160/0/0 von 217  Tagen gewertet (1m/5m/15m)     4357 Signale  91 ms lesen  50588 ms rechnen
2026-09-10T02:55:06.635Z  LOGI/2016       roh          68786 reg. Kerzen       34/0/0 von 252  Tagen gewertet (1m/5m/15m)      835 Signale  94 ms lesen  9367 ms rechnen
2026-09-10T02:55:19.305Z  LOGI/2017       roh          67019 reg. Kerzen       46/0/0 von 251  Tagen gewertet (1m/5m/15m)     1053 Signale  95 ms lesen  12385 ms rechnen
2026-09-10T02:55:27.781Z  LOGI/2018       roh          61829 reg. Kerzen       30/0/0 von 251  Tagen gewertet (1m/5m/15m)      736 Signale  107 ms lesen  8172 ms rechnen
2026-09-10T02:55:31.177Z  LOGI/2019       roh          51908 reg. Kerzen       11/0/0 von 252  Tagen gewertet (1m/5m/15m)      272 Signale  101 ms lesen  3137 ms rechnen
2026-09-10T02:56:06.059Z  LOGI/2020       roh          76899 reg. Kerzen      119/0/0 von 253  Tagen gewertet (1m/5m/15m)     3191 Signale  94 ms lesen  34653 ms rechnen
2026-09-10T02:57:11.372Z  LOGI/2021       roh          87548 reg. Kerzen      224/0/0 von 252  Tagen gewertet (1m/5m/15m)     5637 Signale  117 ms lesen  64983 ms rechnen
2026-09-10T02:58:19.191Z  LOGI/2022       roh          87041 reg. Kerzen      225/0/0 von 251  Tagen gewertet (1m/5m/15m)     6210 Signale  120 ms lesen  67473 ms rechnen
2026-09-10T02:58:56.818Z  LOGI/2023       roh          77914 reg. Kerzen      133/0/0 von 250  Tagen gewertet (1m/5m/15m)     3207 Signale  155 ms lesen  37230 ms rechnen
2026-09-10T02:59:15.537Z  LOGI/2024       roh          71111 reg. Kerzen       67/0/0 von 252  Tagen gewertet (1m/5m/15m)     1642 Signale  111 ms lesen  18399 ms rechnen
2026-09-10T02:59:47.640Z  LOGI/2025       roh          75415 reg. Kerzen      113/0/0 von 250  Tagen gewertet (1m/5m/15m)     2855 Signale  121 ms lesen  31774 ms rechnen
2026-09-10T03:00:28.905Z  LOGI/2026       roh          57408 reg. Kerzen      137/0/0 von 166  Tagen gewertet (1m/5m/15m)     3544 Signale  95 ms lesen  40947 ms rechnen
2026-09-10T03:01:37.057Z  LOTZ/2021       roh          88744 reg. Kerzen      181/0/0 von 239  Tagen gewertet (1m/5m/15m)     5950 Signale  129 ms lesen  67856 ms rechnen
2026-09-10T03:01:37.981Z  LOTZ/2022       roh          69435 reg. Kerzen        0/0/0 von 236  Tagen gewertet (1m/5m/15m)        0 Signale  122 ms lesen  561 ms rechnen
2026-09-10T03:02:03.674Z  LPRO/2020       roh          43811 reg. Kerzen       77/0/0 von 142  Tagen gewertet (1m/5m/15m)     2331 Signale  94 ms lesen  25387 ms rechnen
2026-09-10T03:02:54.149Z  LPRO/2021       roh          80353 reg. Kerzen      157/0/0 von 252  Tagen gewertet (1m/5m/15m)     4767 Signale  107 ms lesen  50241 ms rechnen
2026-09-10T03:03:51.326Z  LPRO/2022       roh          82646 reg. Kerzen      177/0/0 von 251  Tagen gewertet (1m/5m/15m)     5555 Signale  133 ms lesen  56828 ms rechnen
2026-09-10T03:04:00.569Z  LPRO/2023       roh          75347 reg. Kerzen       28/0/0 von 250  Tagen gewertet (1m/5m/15m)      814 Signale  115 ms lesen  8903 ms rechnen
2026-09-10T03:04:01.231Z  LPRO/2024       roh          59187 reg. Kerzen        0/0/0 von 252  Tagen gewertet (1m/5m/15m)        0 Signale  121 ms lesen  326 ms rechnen
2026-09-10T03:04:06.883Z  LPRO/2025       roh          69696 reg. Kerzen       12/0/0 von 250  Tagen gewertet (1m/5m/15m)      375 Signale  116 ms lesen  5385 ms rechnen
2026-09-10T03:04:14.001Z  LPRO/2026       roh          37363 reg. Kerzen       17/0/0 von 143  Tagen gewertet (1m/5m/15m)      261 Signale  54 ms lesen  6872 ms rechnen
2026-09-10T03:04:14.174Z  LRAD/2016       roh           6416 reg. Kerzen        0/0/0 von 252  Tagen gewertet (1m/5m/15m)        0 Signale  16 ms lesen  32 ms rechnen
2026-09-10T03:04:14.258Z  LRAD/2017       roh           8067 reg. Kerzen        0/0/0 von 251  Tagen gewertet (1m/5m/15m)        0 Signale  21 ms lesen  42 ms rechnen
2026-09-10T03:04:14.413Z  LRAD/2018       roh          13352 reg. Kerzen        0/0/0 von 250  Tagen gewertet (1m/5m/15m)        0 Signale  54 ms lesen  74 ms rechnen
2026-09-10T03:04:14.545Z  LRAD/2019       roh          11449 reg. Kerzen        0/0/0 von 204  Tagen gewertet (1m/5m/15m)        0 Signale  40 ms lesen  59 ms rechnen
2026-09-10T03:05:15.923Z  LSCC/2016       roh          87902 reg. Kerzen      184/0/0 von 252  Tagen gewertet (1m/5m/15m)     5374 Signale  99 ms lesen  61253 ms rechnen
2026-09-10T03:05:27.126Z  LSCC/2017       roh          68225 reg. Kerzen       34/0/0 von 251  Tagen gewertet (1m/5m/15m)      832 Signale  140 ms lesen  10815 ms rechnen
2026-09-10T03:05:52.469Z  LSCC/2018       roh          75279 reg. Kerzen       79/0/0 von 251  Tagen gewertet (1m/5m/15m)     2292 Signale  97 ms lesen  25090 ms rechnen
2026-09-10T03:07:10.553Z  LSCC/2019       roh          90685 reg. Kerzen      237/0/0 von 252  Tagen gewertet (1m/5m/15m)     6953 Signale  137 ms lesen  77723 ms rechnen
2026-09-10T03:08:36.297Z  LSCC/2020       roh          92973 reg. Kerzen      249/0/0 von 253  Tagen gewertet (1m/5m/15m)     7521 Signale  163 ms lesen  85351 ms rechnen
2026-09-10T03:09:51.189Z  LSCC/2021       roh          88360 reg. Kerzen      230/0/0 von 252  Tagen gewertet (1m/5m/15m)     6509 Signale  147 ms lesen  74434 ms rechnen
2026-09-10T03:11:19.366Z  LSCC/2022       roh          93396 reg. Kerzen      250/0/0 von 251  Tagen gewertet (1m/5m/15m)     7646 Signale  141 ms lesen  87802 ms rechnen
2026-09-10T03:12:44.576Z  LSCC/2023       roh          93658 reg. Kerzen      250/0/0 von 250  Tagen gewertet (1m/5m/15m)     7173 Signale  144 ms lesen  84800 ms rechnen
2026-09-10T03:14:14.697Z  LSCC/2024       roh          94736 reg. Kerzen      252/0/0 von 252  Tagen gewertet (1m/5m/15m)     7295 Signale  149 ms lesen  89727 ms rechnen
2026-09-10T03:15:41.262Z  LSCC/2025       roh          92965 reg. Kerzen      248/0/0 von 250  Tagen gewertet (1m/5m/15m)     7307 Signale  117 ms lesen  86198 ms rechnen
2026-09-10T03:16:39.563Z  LSCC/2026       roh          61399 reg. Kerzen      164/0/0 von 166  Tagen gewertet (1m/5m/15m)     5049 Signale  104 ms lesen  57935 ms rechnen
2026-09-10T03:17:03.825Z  LSTR/2016       roh          75492 reg. Kerzen       85/0/0 von 252  Tagen gewertet (1m/5m/15m)     2068 Signale  108 ms lesen  23404 ms rechnen
2026-09-10T03:17:09.240Z  LSTR/2017       roh          60795 reg. Kerzen       17/0/0 von 251  Tagen gewertet (1m/5m/15m)      437 Signale  81 ms lesen  5130 ms rechnen
2026-09-10T03:17:19.433Z  LSTR/2018       roh          65085 reg. Kerzen       36/0/0 von 251  Tagen gewertet (1m/5m/15m)      950 Signale  104 ms lesen  9918 ms rechnen
2026-09-10T03:17:28.905Z  LSTR/2019       roh          66552 reg. Kerzen       32/0/0 von 252  Tagen gewertet (1m/5m/15m)      822 Signale  123 ms lesen  9166 ms rechnen
2026-09-10T03:17:42.483Z  LSTR/2020       roh          68172 reg. Kerzen       44/0/0 von 253  Tagen gewertet (1m/5m/15m)     1279 Signale  107 ms lesen  13270 ms rechnen
2026-09-10T03:17:45.966Z  LSTR/2021       roh          60524 reg. Kerzen       11/0/0 von 252  Tagen gewertet (1m/5m/15m)      290 Signale  119 ms lesen  3169 ms rechnen
2026-09-10T03:17:55.472Z  LSTR/2022       roh          64202 reg. Kerzen       31/0/0 von 251  Tagen gewertet (1m/5m/15m)      881 Signale  116 ms lesen  9247 ms rechnen
2026-09-10T03:17:56.514Z  LSTR/2023       roh          49754 reg. Kerzen        2/0/0 von 250  Tagen gewertet (1m/5m/15m)       58 Signale  101 ms lesen  779 ms rechnen
2026-09-10T03:17:57.459Z  LSTR/2024       roh          43466 reg. Kerzen        2/0/0 von 252  Tagen gewertet (1m/5m/15m)       56 Signale  71 ms lesen  721 ms rechnen
2026-09-10T03:17:58.792Z  LSTR/2025       roh          56008 reg. Kerzen        3/0/0 von 250  Tagen gewertet (1m/5m/15m)       73 Signale  90 ms lesen  1129 ms rechnen
2026-09-10T03:18:01.037Z  LSTR/2026       roh          39355 reg. Kerzen        6/0/0 von 166  Tagen gewertet (1m/5m/15m)      172 Signale  63 ms lesen  2050 ms rechnen
2026-09-10T03:18:11.443Z  LTHM/2018       roh          19017 reg. Kerzen       31/0/0 von 55   Tagen gewertet (1m/5m/15m)      967 Signale  51 ms lesen  10231 ms rechnen
2026-09-10T03:19:37.126Z  LTHM/2019       roh          93191 reg. Kerzen      242/0/0 von 252  Tagen gewertet (1m/5m/15m)     7581 Signale  115 ms lesen  85515 ms rechnen
2026-09-10T03:21:13.144Z  LTHM/2020       roh          95809 reg. Kerzen      253/0/0 von 253  Tagen gewertet (1m/5m/15m)     8092 Signale  142 ms lesen  95619 ms rechnen
2026-09-10T03:22:48.230Z  LTHM/2021       roh          96084 reg. Kerzen      250/0/0 von 252  Tagen gewertet (1m/5m/15m)     7854 Signale  160 ms lesen  94645 ms rechnen
2026-09-10T03:24:24.855Z  LTHM/2022       roh          96630 reg. Kerzen      249/0/0 von 251  Tagen gewertet (1m/5m/15m)     7785 Signale  145 ms lesen  96202 ms rechnen
2026-09-10T03:25:54.693Z  LTHM/2023       roh          96671 reg. Kerzen      250/0/0 von 250  Tagen gewertet (1m/5m/15m)     7355 Signale  128 ms lesen  89485 ms rechnen
2026-09-10T03:25:55.719Z  LTHM/2024       roh            780 reg. Kerzen        2/0/0 von 2    Tagen gewertet (1m/5m/15m)       69 Signale  17 ms lesen  744 ms rechnen
2026-09-10T03:25:55.839Z  LUB/2016        roh          13091 reg. Kerzen        0/0/0 von 252  Tagen gewertet (1m/5m/15m)        0 Signale  36 ms lesen  57 ms rechnen
2026-09-10T03:25:56.003Z  LUB/2017        roh          14374 reg. Kerzen        0/0/0 von 251  Tagen gewertet (1m/5m/15m)        0 Signale  48 ms lesen  82 ms rechnen
2026-09-10T03:25:56.130Z  LUB/2018        roh           6519 reg. Kerzen        0/0/0 von 251  Tagen gewertet (1m/5m/15m)        0 Signale  28 ms lesen  51 ms rechnen
2026-09-10T03:25:56.199Z  LUB/2019        roh           5577 reg. Kerzen        0/0/0 von 252  Tagen gewertet (1m/5m/15m)        0 Signale  20 ms lesen  31 ms rechnen
2026-09-10T03:25:56.379Z  LUB/2020        roh          17466 reg. Kerzen        0/0/0 von 253  Tagen gewertet (1m/5m/15m)        0 Signale  50 ms lesen  109 ms rechnen
2026-09-10T03:25:56.533Z  LUB/2021        roh          10663 reg. Kerzen        0/0/0 von 252  Tagen gewertet (1m/5m/15m)        0 Signale  32 ms lesen  68 ms rechnen
2026-09-10T03:25:56.614Z  LUB/2022        roh           5574 reg. Kerzen        0/0/0 von 102  Tagen gewertet (1m/5m/15m)        0 Signale  19 ms lesen  36 ms rechnen
2026-09-10T03:25:56.650Z  LUXA/2020       roh            408 reg. Kerzen        0/0/0 von 9    Tagen gewertet (1m/5m/15m)        0 Signale  12 ms lesen  3 ms rechnen
2026-09-10T03:25:56.816Z  LUXA/2021       roh          19910 reg. Kerzen        0/0/0 von 252  Tagen gewertet (1m/5m/15m)        0 Signale  37 ms lesen  127 ms rechnen
2026-09-10T03:25:56.933Z  LUXA/2022       roh           3429 reg. Kerzen        0/0/0 von 207  Tagen gewertet (1m/5m/15m)        0 Signale  21 ms lesen  29 ms rechnen
2026-09-10T03:25:56.979Z  LVRA/2021       roh           2722 reg. Kerzen        0/0/0 von 134  Tagen gewertet (1m/5m/15m)        0 Signale  14 ms lesen  17 ms rechnen
2026-09-10T03:25:57.012Z  LVRA/2022       roh            583 reg. Kerzen        0/0/0 von 154  Tagen gewertet (1m/5m/15m)        0 Signale  15 ms lesen  7 ms rechnen
2026-09-10T03:25:57.033Z  LVRA/2023       roh            499 reg. Kerzen        0/0/0 von 43   Tagen gewertet (1m/5m/15m)        0 Signale  15 ms lesen  4 ms rechnen
2026-09-10T03:27:15.854Z  LYB/2016        roh          97937 reg. Kerzen      232/0/0 von 252  Tagen gewertet (1m/5m/15m)     5803 Signale  134 ms lesen  78670 ms rechnen
2026-09-10T03:28:37.141Z  LYB/2017        roh          96355 reg. Kerzen      250/0/0 von 251  Tagen gewertet (1m/5m/15m)     5814 Signale  150 ms lesen  80891 ms rechnen
2026-09-10T03:29:59.606Z  LYB/2018        roh          96151 reg. Kerzen      251/0/0 von 251  Tagen gewertet (1m/5m/15m)     6387 Signale  140 ms lesen  82059 ms rechnen
2026-09-10T03:31:23.182Z  LYB/2019        roh          97027 reg. Kerzen      251/0/0 von 252  Tagen gewertet (1m/5m/15m)     6156 Signale  167 ms lesen  83135 ms rechnen
2026-09-10T03:32:53.751Z  LYB/2020        roh          97438 reg. Kerzen      253/0/0 von 253  Tagen gewertet (1m/5m/15m)     7182 Signale  243 ms lesen  90020 ms rechnen
2026-09-10T03:34:18.670Z  LYB/2021        roh          95891 reg. Kerzen      250/0/0 von 252  Tagen gewertet (1m/5m/15m)     6454 Signale  122 ms lesen  84520 ms rechnen
2026-09-10T03:35:43.749Z  LYB/2022        roh          96478 reg. Kerzen      249/0/0 von 251  Tagen gewertet (1m/5m/15m)     6558 Signale  153 ms lesen  84647 ms rechnen
2026-09-10T03:37:05.793Z  LYB/2023        roh          95675 reg. Kerzen      250/0/0 von 250  Tagen gewertet (1m/5m/15m)     6037 Signale  141 ms lesen  81649 ms rechnen
2026-09-10T03:38:27.979Z  LYB/2024        roh          95566 reg. Kerzen      252/0/0 von 252  Tagen gewertet (1m/5m/15m)     5649 Signale  165 ms lesen  81778 ms rechnen
2026-09-10T03:39:53.960Z  LYB/2025        roh          96733 reg. Kerzen      250/0/0 von 250  Tagen gewertet (1m/5m/15m)     6697 Signale  162 ms lesen  85572 ms rechnen
2026-09-10T03:40:53.805Z  LYB/2026        roh          64612 reg. Kerzen      166/0/0 von 166  Tagen gewertet (1m/5m/15m)     4722 Signale  105 ms lesen  59509 ms rechnen
2026-09-10T03:41:09.440Z  LZ/2021         roh          37193 reg. Kerzen       50/0/0 von 129  Tagen gewertet (1m/5m/15m)     1549 Signale  65 ms lesen  15401 ms rechnen
2026-09-10T03:42:22.359Z  LZ/2022         roh          86200 reg. Kerzen      216/0/0 von 251  Tagen gewertet (1m/5m/15m)     6664 Signale  128 ms lesen  72675 ms rechnen
2026-09-10T03:43:24.913Z  LZ/2023         roh          85352 reg. Kerzen      198/0/0 von 250  Tagen gewertet (1m/5m/15m)     5856 Signale  137 ms lesen  62204 ms rechnen
2026-09-10T03:44:31.729Z  LZ/2024         roh          87185 reg. Kerzen      209/0/0 von 252  Tagen gewertet (1m/5m/15m)     6126 Signale  140 ms lesen  66407 ms rechnen
2026-09-10T03:45:45.455Z  LZ/2025         roh          88026 reg. Kerzen      231/0/0 von 250  Tagen gewertet (1m/5m/15m)     6566 Signale  136 ms lesen  73375 ms rechnen
2026-09-10T03:46:45.335Z  LZ/2026         roh          61919 reg. Kerzen      166/0/0 von 166  Tagen gewertet (1m/5m/15m)     5070 Signale  89 ms lesen  59560 ms rechnen
2026-09-10T03:46:45.547Z  MACA/2021       roh           1404 reg. Kerzen        0/0/0 von 147  Tagen gewertet (1m/5m/15m)        0 Signale  29 ms lesen  6 ms rechnen
2026-09-10T03:46:45.564Z  MACA/2022       roh            471 reg. Kerzen        0/0/0 von 159  Tagen gewertet (1m/5m/15m)        0 Signale  7 ms lesen  6 ms rechnen
2026-09-10T03:46:45.591Z  MACA/2023       roh            449 reg. Kerzen        0/0/0 von 100  Tagen gewertet (1m/5m/15m)        0 Signale  19 ms lesen  5 ms rechnen
2026-09-10T03:46:45.606Z  MACA/2024       roh            297 reg. Kerzen        0/0/0 von 53   Tagen gewertet (1m/5m/15m)        0 Signale  10 ms lesen  3 ms rechnen
2026-09-10T03:47:42.486Z  MAN/2016        roh          85381 reg. Kerzen      196/0/0 von 252  Tagen gewertet (1m/5m/15m)     4815 Signale  134 ms lesen  56728 ms rechnen
2026-09-10T03:48:11.814Z  MAN/2017        roh          75084 reg. Kerzen      107/0/0 von 251  Tagen gewertet (1m/5m/15m)     2594 Signale  103 ms lesen  29001 ms rechnen
2026-09-10T03:49:02.470Z  MAN/2018        roh          80684 reg. Kerzen      172/0/0 von 251  Tagen gewertet (1m/5m/15m)     4382 Signale  106 ms lesen  50344 ms rechnen
2026-09-10T03:49:32.795Z  MAN/2019        roh          75103 reg. Kerzen      109/0/0 von 252  Tagen gewertet (1m/5m/15m)     2685 Signale  115 ms lesen  29980 ms rechnen
2026-09-10T03:50:22.623Z  MAN/2020        roh          79704 reg. Kerzen      157/0/0 von 253  Tagen gewertet (1m/5m/15m)     4453 Signale  108 ms lesen  49548 ms rechnen
2026-09-10T03:50:34.910Z  MAN/2021        roh          65946 reg. Kerzen       43/0/0 von 252  Tagen gewertet (1m/5m/15m)     1131 Signale  89 ms lesen  11993 ms rechnen
2026-09-10T03:50:49.842Z  MAN/2022        roh          67184 reg. Kerzen       51/0/0 von 251  Tagen gewertet (1m/5m/15m)     1418 Signale  143 ms lesen  14592 ms rechnen
2026-09-10T03:50:55.397Z  MAN/2023        roh          58796 reg. Kerzen       18/0/0 von 250  Tagen gewertet (1m/5m/15m)      460 Signale  96 ms lesen  5280 ms rechnen
2026-09-10T03:51:02.029Z  MAN/2024        roh          61215 reg. Kerzen       20/0/0 von 252  Tagen gewertet (1m/5m/15m)      512 Signale  100 ms lesen  6379 ms rechnen
2026-09-10T03:51:44.611Z  MAN/2025        roh          78796 reg. Kerzen      139/0/0 von 250  Tagen gewertet (1m/5m/15m)     3859 Signale  123 ms lesen  42274 ms rechnen
2026-09-10T03:52:23.638Z  MAN/2026        roh          55033 reg. Kerzen      121/0/0 von 166  Tagen gewertet (1m/5m/15m)     3585 Signale  81 ms lesen  38723 ms rechnen
2026-09-10T03:52:23.839Z  MARX/2023       roh            731 reg. Kerzen        0/0/0 von 138  Tagen gewertet (1m/5m/15m)        0 Signale  27 ms lesen  7 ms rechnen
2026-09-10T03:52:23.867Z  MARX/2024       roh           1058 reg. Kerzen        0/0/0 von 156  Tagen gewertet (1m/5m/15m)        0 Signale  15 ms lesen  10 ms rechnen
2026-09-10T03:52:23.883Z  MARX/2025       roh            138 reg. Kerzen        0/0/0 von 1    Tagen gewertet (1m/5m/15m)        0 Signale  9 ms lesen  2 ms rechnen
2026-09-10T03:52:23.961Z  MAX/2020        roh           9813 reg. Kerzen        0/0/0 von 45   Tagen gewertet (1m/5m/15m)        0 Signale  18 ms lesen  58 ms rechnen
2026-09-10T03:52:26.892Z  MAX/2021        roh          47755 reg. Kerzen        7/0/0 von 252  Tagen gewertet (1m/5m/15m)      220 Signale  81 ms lesen  2830 ms rechnen
2026-09-10T03:52:27.380Z  MAX/2022        roh          45000 reg. Kerzen        0/0/0 von 251  Tagen gewertet (1m/5m/15m)        0 Signale  68 ms lesen  261 ms rechnen
2026-09-10T03:52:27.790Z  MAX/2023        roh          42415 reg. Kerzen        0/0/0 von 250  Tagen gewertet (1m/5m/15m)        0 Signale  55 ms lesen  243 ms rechnen
2026-09-10T03:52:41.439Z  MAX/2024        roh          61619 reg. Kerzen       39/0/0 von 252  Tagen gewertet (1m/5m/15m)     1175 Signale  102 ms lesen  13410 ms rechnen
2026-09-10T03:52:42.314Z  MAX/2025        roh          56490 reg. Kerzen        1/0/0 von 250  Tagen gewertet (1m/5m/15m)       29 Signale  73 ms lesen  611 ms rechnen
2026-09-10T03:52:47.442Z  MAX/2026        roh          42909 reg. Kerzen       15/0/0 von 166  Tagen gewertet (1m/5m/15m)      438 Signale  59 ms lesen  4924 ms rechnen
2026-09-10T03:52:47.613Z  MBCN/2016       bereinigt      558 reg. Kerzen        0/0/0 von 161  Tagen gewertet (1m/5m/15m)        0 Signale  11 ms lesen  6 ms rechnen
2026-09-10T03:52:47.645Z  MBCN/2017       bereinigt     2227 reg. Kerzen        0/0/0 von 221  Tagen gewertet (1m/5m/15m)        0 Signale  18 ms lesen  11 ms rechnen
2026-09-10T03:52:47.693Z  MBCN/2018       bereinigt     2457 reg. Kerzen        0/0/0 von 232  Tagen gewertet (1m/5m/15m)        0 Signale  23 ms lesen  20 ms rechnen
2026-09-10T03:52:47.748Z  MBCN/2019       bereinigt     2958 reg. Kerzen        0/0/0 von 240  Tagen gewertet (1m/5m/15m)        0 Signale  23 ms lesen  22 ms rechnen
2026-09-10T03:52:47.825Z  MBCN/2020       roh           4463 reg. Kerzen        0/0/0 von 252  Tagen gewertet (1m/5m/15m)        0 Signale  33 ms lesen  34 ms rechnen
2026-09-10T03:52:47.916Z  MBCN/2021       roh           5959 reg. Kerzen        0/0/0 von 250  Tagen gewertet (1m/5m/15m)        0 Signale  31 ms lesen  44 ms rechnen
2026-09-10T03:52:47.973Z  MBCN/2022       roh           2887 reg. Kerzen        0/0/0 von 242  Tagen gewertet (1m/5m/15m)        0 Signale  20 ms lesen  18 ms rechnen
2026-09-10T03:52:48.035Z  MBCN/2023       roh           5171 reg. Kerzen        0/0/0 von 250  Tagen gewertet (1m/5m/15m)        0 Signale  24 ms lesen  27 ms rechnen
2026-09-10T03:52:48.099Z  MBCN/2024       roh           2692 reg. Kerzen        0/0/0 von 250  Tagen gewertet (1m/5m/15m)        0 Signale  22 ms lesen  23 ms rechnen
2026-09-10T03:52:48.158Z  MBCN/2025       roh           2826 reg. Kerzen        0/0/0 von 250  Tagen gewertet (1m/5m/15m)        0 Signale  31 ms lesen  17 ms rechnen
2026-09-10T03:52:48.188Z  MBCN/2026       roh           1730 reg. Kerzen        0/0/0 von 39   Tagen gewertet (1m/5m/15m)        0 Signale  11 ms lesen  12 ms rechnen
2026-09-10T03:52:48.207Z  MBNAB/2018      bereinigt      229 reg. Kerzen        0/0/0 von 33   Tagen gewertet (1m/5m/15m)        0 Signale  10 ms lesen  2 ms rechnen
2026-09-10T03:52:48.271Z  MBVX/2016       bereinigt     6732 reg. Kerzen        0/0/0 von 95   Tagen gewertet (1m/5m/15m)        0 Signale  28 ms lesen  34 ms rechnen
2026-09-10T03:52:48.420Z  MBVX/2017       bereinigt    17412 reg. Kerzen        0/0/0 von 251  Tagen gewertet (1m/5m/15m)        0 Signale  31 ms lesen  96 ms rechnen
2026-09-10T03:52:48.542Z  MBVX/2018       bereinigt     9409 reg. Kerzen        0/0/0 von 131  Tagen gewertet (1m/5m/15m)        0 Signale  25 ms lesen  50 ms rechnen
2026-09-10T03:52:48.766Z  MCBC/2016       roh          21056 reg. Kerzen        0/0/0 von 252  Tagen gewertet (1m/5m/15m)        0 Signale  48 ms lesen  129 ms rechnen
2026-09-10T03:52:48.959Z  MCBC/2017       roh          16257 reg. Kerzen        0/0/0 von 251  Tagen gewertet (1m/5m/15m)        0 Signale  30 ms lesen  104 ms rechnen
2026-09-10T03:52:49.126Z  MCBC/2018       roh          13414 reg. Kerzen        0/0/0 von 251  Tagen gewertet (1m/5m/15m)        0 Signale  34 ms lesen  87 ms rechnen
2026-09-10T03:52:49.301Z  MCBC/2019       roh          13400 reg. Kerzen        0/0/0 von 252  Tagen gewertet (1m/5m/15m)        0 Signale  50 ms lesen  80 ms rechnen
2026-09-10T03:52:49.503Z  MCBC/2020       roh          22326 reg. Kerzen        0/0/0 von 253  Tagen gewertet (1m/5m/15m)        0 Signale  35 ms lesen  130 ms rechnen
2026-09-10T03:52:49.705Z  MCBC/2021       roh          19376 reg. Kerzen        0/0/0 von 252  Tagen gewertet (1m/5m/15m)        0 Signale  32 ms lesen  102 ms rechnen
2026-09-10T03:52:49.865Z  MCBC/2022       roh          17153 reg. Kerzen        0/0/0 von 251  Tagen gewertet (1m/5m/15m)        0 Signale  37 ms lesen  78 ms rechnen
2026-09-10T03:52:50.010Z  MCBC/2023       roh          14105 reg. Kerzen        0/0/0 von 250  Tagen gewertet (1m/5m/15m)        0 Signale  25 ms lesen  78 ms rechnen
2026-09-10T03:52:50.192Z  MCBC/2024       roh          16149 reg. Kerzen        0/0/0 von 146  Tagen gewertet (1m/5m/15m)        0 Signale  36 ms lesen  104 ms rechnen
2026-09-10T03:52:50.275Z  MCLD/2021       roh           1278 reg. Kerzen        0/0/0 von 26   Tagen gewertet (1m/5m/15m)        0 Signale  16 ms lesen  9 ms rechnen
2026-09-10T03:52:50.324Z  MCLD/2022       roh           6704 reg. Kerzen        0/0/0 von 248  Tagen gewertet (1m/5m/15m)        0 Signale  11 ms lesen  33 ms rechnen
2026-09-10T03:52:50.428Z  MCLD/2023       roh           9933 reg. Kerzen        0/0/0 von 186  Tagen gewertet (1m/5m/15m)        0 Signale  27 ms lesen  63 ms rechnen
2026-09-10T03:52:50.581Z  MCUR/2016       roh          17903 reg. Kerzen        0/0/0 von 252  Tagen gewertet (1m/5m/15m)        0 Signale  36 ms lesen  97 ms rechnen
2026-09-10T03:52:50.635Z  MCUR/2017       roh            323 reg. Kerzen        0/0/0 von 13   Tagen gewertet (1m/5m/15m)        0 Signale  8 ms lesen  4 ms rechnen
2026-09-10T03:52:50.912Z  MDGL/2016       roh          37927 reg. Kerzen        0/0/0 von 252  Tagen gewertet (1m/5m/15m)        0 Signale  62 ms lesen  211 ms rechnen
2026-09-10T03:52:51.504Z  MDGL/2017       roh          15977 reg. Kerzen        1/0/0 von 251  Tagen gewertet (1m/5m/15m)       28 Signale  46 ms lesen  438 ms rechnen
2026-09-10T03:52:59.528Z  MDGL/2018       roh          53749 reg. Kerzen       23/0/0 von 251  Tagen gewertet (1m/5m/15m)      753 Signale  96 ms lesen  7886 ms rechnen
2026-09-10T03:53:00.734Z  MDGL/2019       roh          47356 reg. Kerzen        2/0/0 von 252  Tagen gewertet (1m/5m/15m)       64 Signale  87 ms lesen  982 ms rechnen
2026-09-10T03:53:01.503Z  MDGL/2020       roh          45932 reg. Kerzen        1/0/0 von 253  Tagen gewertet (1m/5m/15m)       30 Signale  80 ms lesen  545 ms rechnen
2026-09-10T03:53:02.090Z  MDGL/2021       roh          36912 reg. Kerzen        1/0/0 von 252  Tagen gewertet (1m/5m/15m)       26 Signale  51 ms lesen  418 ms rechnen
2026-09-10T03:53:05.331Z  MDGL/2022       roh          48525 reg. Kerzen        8/0/0 von 251  Tagen gewertet (1m/5m/15m)      266 Signale  69 ms lesen  3072 ms rechnen
2026-09-10T03:53:13.550Z  MDGL/2023       roh          62039 reg. Kerzen       27/0/0 von 250  Tagen gewertet (1m/5m/15m)      868 Signale  109 ms lesen  7977 ms rechnen
2026-09-10T03:53:22.699Z  MDGL/2024       roh          56896 reg. Kerzen       26/0/0 von 252  Tagen gewertet (1m/5m/15m)      813 Signale  93 ms lesen  8900 ms rechnen
2026-09-10T03:53:27.189Z  MDGL/2025       roh          50320 reg. Kerzen       12/0/0 von 250  Tagen gewertet (1m/5m/15m)      358 Signale  88 ms lesen  4258 ms rechnen
2026-09-10T03:53:37.419Z  MDGL/2026       roh          45563 reg. Kerzen       33/0/0 von 166  Tagen gewertet (1m/5m/15m)      990 Signale  60 ms lesen  10034 ms rechnen
2026-09-10T03:53:37.653Z  MDM/2016        roh          11879 reg. Kerzen        0/0/0 von 251  Tagen gewertet (1m/5m/15m)        0 Signale  41 ms lesen  76 ms rechnen
2026-09-10T03:54:45.716Z  MDU/2016        roh          90626 reg. Kerzen      224/0/0 von 252  Tagen gewertet (1m/5m/15m)     5476 Signale  106 ms lesen  67907 ms rechnen
2026-09-10T03:55:43.790Z  MDU/2017        roh          84502 reg. Kerzen      206/0/0 von 251  Tagen gewertet (1m/5m/15m)     4636 Signale  116 ms lesen  57731 ms rechnen
2026-09-10T03:56:48.421Z  MDU/2018        roh          86129 reg. Kerzen      228/0/0 von 251  Tagen gewertet (1m/5m/15m)     5113 Signale  130 ms lesen  64287 ms rechnen
2026-09-10T03:57:59.405Z  MDU/2019        roh          88441 reg. Kerzen      245/0/0 von 252  Tagen gewertet (1m/5m/15m)     5330 Signale  138 ms lesen  70596 ms rechnen
2026-09-10T03:59:23.804Z  MDU/2020        roh          94050 reg. Kerzen      253/0/0 von 253  Tagen gewertet (1m/5m/15m)     6813 Signale  131 ms lesen  83995 ms rechnen
2026-09-10T04:00:32.768Z  MDU/2021        roh          87485 reg. Kerzen      230/0/0 von 252  Tagen gewertet (1m/5m/15m)     5401 Signale  131 ms lesen  68535 ms rechnen
2026-09-10T04:01:47.800Z  MDU/2022        roh          91253 reg. Kerzen      238/0/0 von 251  Tagen gewertet (1m/5m/15m)     5903 Signale  149 ms lesen  74630 ms rechnen
2026-09-10T04:02:54.038Z  MDU/2023        roh          89462 reg. Kerzen      220/0/0 von 250  Tagen gewertet (1m/5m/15m)     5054 Signale  126 ms lesen  65859 ms rechnen
2026-09-10T04:03:56.477Z  MDU/2024        roh          88458 reg. Kerzen      215/0/0 von 252  Tagen gewertet (1m/5m/15m)     4933 Signale  133 ms lesen  62055 ms rechnen
2026-09-10T04:05:09.197Z  MDU/2025        roh          88665 reg. Kerzen      239/0/0 von 250  Tagen gewertet (1m/5m/15m)     5729 Signale  120 ms lesen  72355 ms rechnen
2026-09-10T04:05:57.511Z  MDU/2026        roh          58474 reg. Kerzen      160/0/0 von 166  Tagen gewertet (1m/5m/15m)     3797 Signale  81 ms lesen  47960 ms rechnen
2026-09-10T04:06:41.815Z  MEET/2016       roh          83666 reg. Kerzen      126/0/0 von 252  Tagen gewertet (1m/5m/15m)     3971 Signale  121 ms lesen  44013 ms rechnen
2026-09-10T04:07:17.312Z  MEET/2017       roh          83784 reg. Kerzen      108/0/0 von 251  Tagen gewertet (1m/5m/15m)     3200 Signale  135 ms lesen  35143 ms rechnen
2026-09-10T04:07:18.503Z  MEET/2018       roh          76213 reg. Kerzen        1/0/0 von 251  Tagen gewertet (1m/5m/15m)       31 Signale  117 ms lesen  829 ms rechnen
2026-09-10T04:07:34.251Z  MEET/2019       roh          82358 reg. Kerzen       47/0/0 von 252  Tagen gewertet (1m/5m/15m)     1435 Signale  124 ms lesen  15415 ms rechnen
2026-09-10T04:08:07.706Z  MEET/2020       roh          55136 reg. Kerzen       94/0/0 von 171  Tagen gewertet (1m/5m/15m)     2213 Signale  190 ms lesen  33033 ms rechnen
2026-09-10T04:08:10.075Z  CHECKPOINT 3200 Dateien, 738 min, Detektorfehler {}
2026-09-10T04:08:10.118Z  MEOA/2021       roh            542 reg. Kerzen        0/0/0 von 36   Tagen gewertet (1m/5m/15m)        0 Signale  18 ms lesen  5 ms rechnen
2026-09-10T04:08:10.155Z  MEOA/2022       roh            349 reg. Kerzen        0/0/0 von 111  Tagen gewertet (1m/5m/15m)        0 Signale  30 ms lesen  5 ms rechnen
2026-09-10T04:08:10.173Z  MEOA/2023       roh            234 reg. Kerzen        0/0/0 von 35   Tagen gewertet (1m/5m/15m)        0 Signale  14 ms lesen  2 ms rechnen
2026-09-10T04:08:10.330Z  METX/2020       bereinigt    10523 reg. Kerzen        0/0/0 von 192  Tagen gewertet (1m/5m/15m)        0 Signale  81 ms lesen  67 ms rechnen
2026-09-10T04:08:39.158Z  METX/2021       bereinigt    83662 reg. Kerzen       72/0/0 von 252  Tagen gewertet (1m/5m/15m)     2487 Signale  250 ms lesen  28553 ms rechnen
2026-09-10T04:08:39.927Z  METX/2022       bereinigt    52217 reg. Kerzen        0/0/0 von 251  Tagen gewertet (1m/5m/15m)        0 Signale  138 ms lesen  385 ms rechnen
2026-09-10T04:08:40.179Z  METX/2023       bereinigt    17724 reg. Kerzen        0/0/0 von 186  Tagen gewertet (1m/5m/15m)        0 Signale  33 ms lesen  87 ms rechnen
2026-09-10T04:08:40.318Z  MFNC/2016       roh           2263 reg. Kerzen        0/0/0 von 240  Tagen gewertet (1m/5m/15m)        0 Signale  24 ms lesen  19 ms rechnen
2026-09-10T04:08:40.376Z  MFNC/2017       roh           1975 reg. Kerzen        0/0/0 von 232  Tagen gewertet (1m/5m/15m)        0 Signale  31 ms lesen  18 ms rechnen
2026-09-10T04:08:40.429Z  MFNC/2018       roh           3918 reg. Kerzen        0/0/0 von 245  Tagen gewertet (1m/5m/15m)        0 Signale  24 ms lesen  24 ms rechnen
2026-09-10T04:08:40.521Z  MFNC/2019       roh           6811 reg. Kerzen        0/0/0 von 252  Tagen gewertet (1m/5m/15m)        0 Signale  41 ms lesen  40 ms rechnen
2026-09-10T04:08:40.596Z  MFNC/2020       roh           5616 reg. Kerzen        0/0/0 von 252  Tagen gewertet (1m/5m/15m)        0 Signale  21 ms lesen  29 ms rechnen
2026-09-10T04:08:40.696Z  MFNC/2021       roh           9726 reg. Kerzen        0/0/0 von 170  Tagen gewertet (1m/5m/15m)        0 Signale  26 ms lesen  56 ms rechnen
2026-09-10T04:08:40.980Z  MGEE/2016       roh          34148 reg. Kerzen        0/0/0 von 252  Tagen gewertet (1m/5m/15m)        0 Signale  59 ms lesen  176 ms rechnen
2026-09-10T04:08:41.268Z  MGEE/2017       roh          27643 reg. Kerzen        0/0/0 von 251  Tagen gewertet (1m/5m/15m)        0 Signale  45 ms lesen  159 ms rechnen
2026-09-10T04:08:41.526Z  MGEE/2018       roh          24946 reg. Kerzen        0/0/0 von 251  Tagen gewertet (1m/5m/15m)        0 Signale  48 ms lesen  121 ms rechnen
2026-09-10T04:08:42.954Z  MGEE/2019       roh          32432 reg. Kerzen        4/0/0 von 252  Tagen gewertet (1m/5m/15m)      113 Signale  46 ms lesen  1307 ms rechnen
2026-09-10T04:08:44.126Z  MGEE/2020       roh          33010 reg. Kerzen        3/0/0 von 253  Tagen gewertet (1m/5m/15m)       92 Signale  64 ms lesen  1022 ms rechnen
2026-09-10T04:08:44.420Z  MGEE/2021       roh          22903 reg. Kerzen        0/0/0 von 252  Tagen gewertet (1m/5m/15m)        0 Signale  43 ms lesen  150 ms rechnen
2026-09-10T04:08:44.704Z  MGEE/2022       roh          26228 reg. Kerzen        0/0/0 von 251  Tagen gewertet (1m/5m/15m)        0 Signale  60 ms lesen  151 ms rechnen
2026-09-10T04:08:45.431Z  MGEE/2023       roh          24305 reg. Kerzen        2/0/0 von 250  Tagen gewertet (1m/5m/15m)       47 Signale  42 ms lesen  617 ms rechnen
2026-09-10T04:08:48.900Z  MGEE/2024       roh          32567 reg. Kerzen       10/0/0 von 252  Tagen gewertet (1m/5m/15m)      288 Signale  70 ms lesen  3335 ms rechnen
2026-09-10T04:08:49.166Z  MGEE/2025       roh          23684 reg. Kerzen        0/0/0 von 250  Tagen gewertet (1m/5m/15m)        0 Signale  46 ms lesen  131 ms rechnen
2026-09-10T04:08:49.621Z  MGEE/2026       roh          22279 reg. Kerzen        1/0/0 von 166  Tagen gewertet (1m/5m/15m)       21 Signale  41 ms lesen  348 ms rechnen
2026-09-10T04:08:49.985Z  MGOL/2023       bereinigt    33490 reg. Kerzen        0/0/0 von 242  Tagen gewertet (1m/5m/15m)        0 Signale  89 ms lesen  192 ms rechnen
2026-09-10T04:08:50.308Z  MGOL/2024       bereinigt    26971 reg. Kerzen        0/0/0 von 252  Tagen gewertet (1m/5m/15m)        0 Signale  66 ms lesen  184 ms rechnen
2026-09-10T04:08:51.378Z  MGOL/2025       roh          10696 reg. Kerzen        2/0/0 von 32   Tagen gewertet (1m/5m/15m)       68 Signale  43 ms lesen  943 ms rechnen
2026-09-10T04:09:10.823Z  MHFI/2016       roh          30257 reg. Kerzen       60/0/0 von 80   Tagen gewertet (1m/5m/15m)     1482 Signale  49 ms lesen  19348 ms rechnen
2026-09-10T04:09:11.019Z  MICS/2022       roh           7879 reg. Kerzen        0/0/0 von 151  Tagen gewertet (1m/5m/15m)        0 Signale  31 ms lesen  51 ms rechnen
2026-09-10T04:09:11.129Z  MICS/2023       roh          10485 reg. Kerzen        0/0/0 von 249  Tagen gewertet (1m/5m/15m)        0 Signale  24 ms lesen  70 ms rechnen
2026-09-10T04:09:11.236Z  MICS/2024       roh           7152 reg. Kerzen        0/0/0 von 171  Tagen gewertet (1m/5m/15m)        0 Signale  29 ms lesen  41 ms rechnen
2026-09-10T04:09:11.295Z  MIL/2016        roh           2750 reg. Kerzen        0/0/0 von 29   Tagen gewertet (1m/5m/15m)        0 Signale  15 ms lesen  17 ms rechnen
2026-09-10T04:09:11.363Z  MIRN/2016       bereinigt     6736 reg. Kerzen        0/0/0 von 240  Tagen gewertet (1m/5m/15m)        0 Signale  28 ms lesen  34 ms rechnen
2026-09-10T04:09:11.421Z  MIRN/2017       bereinigt     4341 reg. Kerzen        0/0/0 von 163  Tagen gewertet (1m/5m/15m)        0 Signale  15 ms lesen  19 ms rechnen
2026-09-10T04:09:11.489Z  MJCO/2016       roh           4416 reg. Kerzen        0/0/0 von 249  Tagen gewertet (1m/5m/15m)        0 Signale  29 ms lesen  26 ms rechnen
2026-09-10T04:09:11.548Z  MJCO/2017       roh           3298 reg. Kerzen        0/0/0 von 246  Tagen gewertet (1m/5m/15m)        0 Signale  24 ms lesen  21 ms rechnen
2026-09-10T04:09:11.617Z  MJCO/2018       roh           4086 reg. Kerzen        0/0/0 von 248  Tagen gewertet (1m/5m/15m)        0 Signale  36 ms lesen  25 ms rechnen
2026-09-10T04:09:11.708Z  MJCO/2019       roh           6088 reg. Kerzen        0/0/0 von 252  Tagen gewertet (1m/5m/15m)        0 Signale  49 ms lesen  30 ms rechnen
2026-09-10T04:09:11.799Z  MJCO/2020       roh           6361 reg. Kerzen        0/0/0 von 182  Tagen gewertet (1m/5m/15m)        0 Signale  28 ms lesen  46 ms rechnen
2026-09-10T04:09:20.845Z  MKSI/2016       roh          64578 reg. Kerzen       32/0/0 von 252  Tagen gewertet (1m/5m/15m)      821 Signale  90 ms lesen  8918 ms rechnen
2026-09-10T04:09:47.650Z  MKSI/2017       roh          73842 reg. Kerzen       90/0/0 von 251  Tagen gewertet (1m/5m/15m)     2428 Signale  115 ms lesen  26529 ms rechnen
2026-09-10T04:10:34.673Z  MKSI/2018       roh          80465 reg. Kerzen      154/0/0 von 251  Tagen gewertet (1m/5m/15m)     4448 Signale  124 ms lesen  46723 ms rechnen
2026-09-10T04:11:03.561Z  MKSI/2019       roh          75348 reg. Kerzen       97/0/0 von 252  Tagen gewertet (1m/5m/15m)     2637 Signale  110 ms lesen  28553 ms rechnen
2026-09-10T04:11:22.175Z  MKSI/2020       roh          69345 reg. Kerzen       60/0/0 von 253  Tagen gewertet (1m/5m/15m)     1738 Signale  125 ms lesen  18282 ms rechnen
2026-09-10T04:11:34.831Z  MKSI/2021       roh          67596 reg. Kerzen       42/0/0 von 252  Tagen gewertet (1m/5m/15m)     1210 Signale  221 ms lesen  12236 ms rechnen
2026-09-10T04:12:08.176Z  MKSI/2022       roh          75786 reg. Kerzen      110/0/0 von 251  Tagen gewertet (1m/5m/15m)     3246 Signale  137 ms lesen  33034 ms rechnen
2026-09-10T04:12:32.834Z  MKSI/2023       roh          73075 reg. Kerzen       83/0/0 von 250  Tagen gewertet (1m/5m/15m)     2344 Signale  111 ms lesen  24345 ms rechnen
2026-09-10T04:13:00.249Z  MKSI/2024       roh          72901 reg. Kerzen       90/0/0 von 252  Tagen gewertet (1m/5m/15m)     2533 Signale  124 ms lesen  27070 ms rechnen
2026-09-10T04:13:50.695Z  MKSI/2025       roh          80426 reg. Kerzen      161/0/0 von 250  Tagen gewertet (1m/5m/15m)     4716 Signale  108 ms lesen  50146 ms rechnen
2026-09-10T04:14:38.854Z  MKSI/2026       roh          57142 reg. Kerzen      143/0/0 von 166  Tagen gewertet (1m/5m/15m)     4295 Signale  78 ms lesen  47887 ms rechnen
2026-09-10T04:14:39.646Z  MLI/2016        bereinigt    53630 reg. Kerzen        1/0/0 von 252  Tagen gewertet (1m/5m/15m)       26 Signale  83 ms lesen  567 ms rechnen
2026-09-10T04:14:40.670Z  MLI/2017        bereinigt    47835 reg. Kerzen        2/0/0 von 251  Tagen gewertet (1m/5m/15m)       48 Signale  62 ms lesen  826 ms rechnen
2026-09-10T04:14:43.631Z  MLI/2018        bereinigt    54210 reg. Kerzen        8/0/0 von 251  Tagen gewertet (1m/5m/15m)      219 Signale  79 ms lesen  2731 ms rechnen
2026-09-10T04:14:44.115Z  MLI/2019        bereinigt    49721 reg. Kerzen        0/0/0 von 252  Tagen gewertet (1m/5m/15m)        0 Signale  65 ms lesen  268 ms rechnen
2026-09-10T04:14:44.899Z  MLI/2020        bereinigt    52468 reg. Kerzen        1/0/0 von 253  Tagen gewertet (1m/5m/15m)       28 Signale  67 ms lesen  572 ms rechnen
2026-09-10T04:14:46.049Z  MLI/2021        bereinigt    49789 reg. Kerzen        3/0/0 von 252  Tagen gewertet (1m/5m/15m)       63 Signale  65 ms lesen  942 ms rechnen
2026-09-10T04:14:47.697Z  MLI/2022        bereinigt    55235 reg. Kerzen        4/0/0 von 251  Tagen gewertet (1m/5m/15m)      103 Signale  72 ms lesen  1435 ms rechnen
2026-09-10T04:15:00.535Z  MLI/2023        bereinigt    66333 reg. Kerzen       43/0/0 von 250  Tagen gewertet (1m/5m/15m)     1135 Signale  132 ms lesen  12570 ms rechnen
2026-09-10T04:15:32.349Z  MLI/2024        bereinigt    76278 reg. Kerzen      110/0/0 von 252  Tagen gewertet (1m/5m/15m)     2887 Signale  103 ms lesen  31526 ms rechnen
2026-09-10T04:16:07.715Z  MLI/2025        bereinigt    76631 reg. Kerzen      121/0/0 von 250  Tagen gewertet (1m/5m/15m)     3113 Signale  115 ms lesen  34999 ms rechnen
2026-09-10T04:16:28.420Z  MLI/2026        bereinigt    49064 reg. Kerzen       68/0/0 von 166  Tagen gewertet (1m/5m/15m)     1808 Signale  90 ms lesen  20427 ms rechnen
2026-09-10T04:16:28.597Z  MLVF/2016       roh           2412 reg. Kerzen        0/0/0 von 234  Tagen gewertet (1m/5m/15m)        0 Signale  32 ms lesen  19 ms rechnen
2026-09-10T04:16:28.659Z  MLVF/2017       roh           4392 reg. Kerzen        0/0/0 von 248  Tagen gewertet (1m/5m/15m)        0 Signale  29 ms lesen  23 ms rechnen
2026-09-10T04:16:28.727Z  MLVF/2018       roh           4703 reg. Kerzen        0/0/0 von 247  Tagen gewertet (1m/5m/15m)        0 Signale  21 ms lesen  33 ms rechnen
2026-09-10T04:16:28.791Z  MLVF/2019       roh           2803 reg. Kerzen        0/0/0 von 244  Tagen gewertet (1m/5m/15m)        0 Signale  27 ms lesen  22 ms rechnen
2026-09-10T04:16:28.875Z  MLVF/2020       roh           5940 reg. Kerzen        0/0/0 von 251  Tagen gewertet (1m/5m/15m)        0 Signale  32 ms lesen  41 ms rechnen
2026-09-10T04:16:28.918Z  MLVF/2021       roh           1796 reg. Kerzen        0/0/0 von 237  Tagen gewertet (1m/5m/15m)        0 Signale  19 ms lesen  11 ms rechnen
2026-09-10T04:16:28.978Z  MLVF/2022       roh           3412 reg. Kerzen        0/0/0 von 247  Tagen gewertet (1m/5m/15m)        0 Signale  33 ms lesen  23 ms rechnen
2026-09-10T04:16:29.024Z  MLVF/2023       roh           2059 reg. Kerzen        0/0/0 von 127  Tagen gewertet (1m/5m/15m)        0 Signale  22 ms lesen  17 ms rechnen
2026-09-10T04:16:46.127Z  MMS/2016        roh          72766 reg. Kerzen       60/0/0 von 252  Tagen gewertet (1m/5m/15m)     1612 Signale  86 ms lesen  16995 ms rechnen
2026-09-10T04:16:53.512Z  MMS/2017        roh          66311 reg. Kerzen       25/0/0 von 251  Tagen gewertet (1m/5m/15m)      621 Signale  89 ms lesen  7110 ms rechnen
2026-09-10T04:17:09.686Z  MMS/2018        roh          69505 reg. Kerzen       59/0/0 von 251  Tagen gewertet (1m/5m/15m)     1444 Signale  93 ms lesen  15908 ms rechnen
2026-09-10T04:17:16.570Z  MMS/2019        roh          65688 reg. Kerzen       23/0/0 von 252  Tagen gewertet (1m/5m/15m)      570 Signale  102 ms lesen  6566 ms rechnen
2026-09-10T04:17:41.635Z  MMS/2020        roh          72432 reg. Kerzen       83/0/0 von 253  Tagen gewertet (1m/5m/15m)     2357 Signale  115 ms lesen  24757 ms rechnen
2026-09-10T04:17:44.765Z  MMS/2021        roh          59828 reg. Kerzen       10/0/0 von 252  Tagen gewertet (1m/5m/15m)      238 Signale  87 ms lesen  2855 ms rechnen
2026-09-10T04:17:49.829Z  MMS/2022        roh          64023 reg. Kerzen       15/0/0 von 251  Tagen gewertet (1m/5m/15m)      420 Signale  98 ms lesen  4838 ms rechnen
2026-09-10T04:17:52.319Z  MMS/2023        roh          52486 reg. Kerzen        7/0/0 von 250  Tagen gewertet (1m/5m/15m)      203 Signale  75 ms lesen  2220 ms rechnen
2026-09-10T04:17:59.011Z  MMS/2024        roh          51937 reg. Kerzen       23/0/0 von 252  Tagen gewertet (1m/5m/15m)      620 Signale  100 ms lesen  6444 ms rechnen
2026-09-10T04:18:07.899Z  MMS/2025        roh          63601 reg. Kerzen       29/0/0 von 250  Tagen gewertet (1m/5m/15m)      802 Signale  82 ms lesen  8654 ms rechnen
2026-09-10T04:18:15.613Z  MMS/2026        roh          44114 reg. Kerzen       24/0/0 von 166  Tagen gewertet (1m/5m/15m)      693 Signale  59 ms lesen  7473 ms rechnen
2026-09-10T04:18:23.713Z  MNDY/2021       roh          30883 reg. Kerzen       22/0/0 von 143  Tagen gewertet (1m/5m/15m)      670 Signale  86 ms lesen  7899 ms rechnen
2026-09-10T04:19:07.241Z  MNDY/2022       roh          77523 reg. Kerzen      126/0/0 von 251  Tagen gewertet (1m/5m/15m)     4068 Signale  105 ms lesen  43336 ms rechnen
2026-09-10T04:20:04.029Z  MNDY/2023       roh          81717 reg. Kerzen      174/0/0 von 250  Tagen gewertet (1m/5m/15m)     5219 Signale  120 ms lesen  56443 ms rechnen
2026-09-10T04:20:41.618Z  MNDY/2024       roh          76058 reg. Kerzen      120/0/0 von 252  Tagen gewertet (1m/5m/15m)     3486 Signale  114 ms lesen  37263 ms rechnen
2026-09-10T04:21:31.485Z  MNDY/2025       roh          77875 reg. Kerzen      151/0/0 von 250  Tagen gewertet (1m/5m/15m)     4469 Signale  137 ms lesen  49540 ms rechnen
2026-09-10T04:22:27.720Z  MNDY/2026       roh          60665 reg. Kerzen      159/0/0 von 166  Tagen gewertet (1m/5m/15m)     4996 Signale  80 ms lesen  55941 ms rechnen
2026-09-10T04:22:31.164Z  MNRO/2016       roh          58692 reg. Kerzen       10/0/0 von 252  Tagen gewertet (1m/5m/15m)      281 Signale  80 ms lesen  3192 ms rechnen
2026-09-10T04:22:41.759Z  MNRO/2017       roh          62582 reg. Kerzen       35/0/0 von 251  Tagen gewertet (1m/5m/15m)      969 Signale  92 ms lesen  10335 ms rechnen
2026-09-10T04:22:47.790Z  MNRO/2018       roh          60962 reg. Kerzen       18/0/0 von 251  Tagen gewertet (1m/5m/15m)      525 Signale  92 ms lesen  5802 ms rechnen
2026-09-10T04:22:57.046Z  MNRO/2019       roh          64698 reg. Kerzen       31/0/0 von 252  Tagen gewertet (1m/5m/15m)      905 Signale  118 ms lesen  8986 ms rechnen
2026-09-10T04:23:18.491Z  MNRO/2020       roh          70506 reg. Kerzen       67/0/0 von 253  Tagen gewertet (1m/5m/15m)     1962 Signale  101 ms lesen  21181 ms rechnen
2026-09-10T04:23:19.503Z  MNRO/2021       roh          46686 reg. Kerzen        2/0/0 von 252  Tagen gewertet (1m/5m/15m)       56 Signale  78 ms lesen  751 ms rechnen
2026-09-10T04:23:24.435Z  MNRO/2022       roh          60362 reg. Kerzen       15/0/0 von 251  Tagen gewertet (1m/5m/15m)      442 Signale  100 ms lesen  4702 ms rechnen
2026-09-10T04:23:30.151Z  MNRO/2023       roh          60656 reg. Kerzen       19/0/0 von 250  Tagen gewertet (1m/5m/15m)      538 Signale  99 ms lesen  5445 ms rechnen
2026-09-10T04:23:35.488Z  MNRO/2024       roh          62880 reg. Kerzen       16/0/0 von 252  Tagen gewertet (1m/5m/15m)      471 Signale  120 ms lesen  5042 ms rechnen
2026-09-10T04:24:02.955Z  MNRO/2025       roh          72268 reg. Kerzen       86/0/0 von 250  Tagen gewertet (1m/5m/15m)     2521 Signale  124 ms lesen  27192 ms rechnen
2026-09-10T04:24:19.953Z  MNRO/2026       roh          47951 reg. Kerzen       55/0/0 von 166  Tagen gewertet (1m/5m/15m)     1681 Signale  71 ms lesen  16720 ms rechnen
2026-09-10T04:24:20.163Z  MOBQ/2021       bereinigt     1832 reg. Kerzen        0/0/0 von 16   Tagen gewertet (1m/5m/15m)        0 Signale  16 ms lesen  11 ms rechnen
2026-09-10T04:24:20.281Z  MOBQ/2022       bereinigt    13466 reg. Kerzen        0/0/0 von 251  Tagen gewertet (1m/5m/15m)        0 Signale  45 ms lesen  70 ms rechnen
2026-09-10T04:24:20.536Z  MOBQ/2023       bereinigt    28732 reg. Kerzen        0/0/0 von 234  Tagen gewertet (1m/5m/15m)        0 Signale  72 ms lesen  157 ms rechnen
2026-09-10T04:24:20.618Z  AUSGELASSEN MOBQ/2024: Datei fehlt
2026-09-10T04:24:20.717Z  AUSGELASSEN MOBQ/2025: Datei fehlt
2026-09-10T04:24:20.819Z  MOFG/2016       roh           6998 reg. Kerzen        0/0/0 von 252  Tagen gewertet (1m/5m/15m)        0 Signale  38 ms lesen  43 ms rechnen
2026-09-10T04:24:20.961Z  MOFG/2017       roh          13233 reg. Kerzen        0/0/0 von 251  Tagen gewertet (1m/5m/15m)        0 Signale  44 ms lesen  80 ms rechnen
2026-09-10T04:24:21.110Z  MOFG/2018       roh           9954 reg. Kerzen        0/0/0 von 250  Tagen gewertet (1m/5m/15m)        0 Signale  47 ms lesen  58 ms rechnen
2026-09-10T04:24:21.255Z  MOFG/2019       roh          10711 reg. Kerzen        0/0/0 von 252  Tagen gewertet (1m/5m/15m)        0 Signale  51 ms lesen  61 ms rechnen
2026-09-10T04:24:21.428Z  MOFG/2020       roh          15588 reg. Kerzen        0/0/0 von 253  Tagen gewertet (1m/5m/15m)        0 Signale  49 ms lesen  95 ms rechnen
2026-09-10T04:24:21.600Z  MOFG/2021       roh          11912 reg. Kerzen        0/0/0 von 252  Tagen gewertet (1m/5m/15m)        0 Signale  47 ms lesen  84 ms rechnen
2026-09-10T04:24:21.734Z  MOFG/2022       roh           8805 reg. Kerzen        0/0/0 von 251  Tagen gewertet (1m/5m/15m)        0 Signale  39 ms lesen  55 ms rechnen
2026-09-10T04:24:21.847Z  MOFG/2023       roh           9129 reg. Kerzen        0/0/0 von 250  Tagen gewertet (1m/5m/15m)        0 Signale  43 ms lesen  52 ms rechnen
2026-09-10T04:24:22.019Z  MOFG/2024       roh          14454 reg. Kerzen        0/0/0 von 252  Tagen gewertet (1m/5m/15m)        0 Signale  50 ms lesen  93 ms rechnen
2026-09-10T04:24:22.296Z  MOFG/2025       roh          28458 reg. Kerzen        0/0/0 von 250  Tagen gewertet (1m/5m/15m)        0 Signale  48 ms lesen  180 ms rechnen
2026-09-10T04:24:22.410Z  MOFG/2026       roh           4344 reg. Kerzen        0/0/0 von 30   Tagen gewertet (1m/5m/15m)        0 Signale  19 ms lesen  27 ms rechnen
2026-09-10T04:24:22.514Z  MOR/2018        roh          11482 reg. Kerzen        0/0/0 von 176  Tagen gewertet (1m/5m/15m)        0 Signale  31 ms lesen  61 ms rechnen
2026-09-10T04:24:22.674Z  MOR/2019        roh          16555 reg. Kerzen        0/0/0 von 252  Tagen gewertet (1m/5m/15m)        0 Signale  41 ms lesen  89 ms rechnen
2026-09-10T04:24:22.920Z  MOR/2020        roh          26357 reg. Kerzen        0/0/0 von 253  Tagen gewertet (1m/5m/15m)        0 Signale  46 ms lesen  146 ms rechnen
2026-09-10T04:24:23.172Z  MOR/2021        roh          22083 reg. Kerzen        0/0/0 von 252  Tagen gewertet (1m/5m/15m)        0 Signale  40 ms lesen  143 ms rechnen
2026-09-10T04:24:23.372Z  MOR/2022        roh          18477 reg. Kerzen        0/0/0 von 251  Tagen gewertet (1m/5m/15m)        0 Signale  41 ms lesen  108 ms rechnen
2026-09-10T04:24:27.370Z  MOR/2023        roh          31926 reg. Kerzen       11/0/0 von 250  Tagen gewertet (1m/5m/15m)      347 Signale  57 ms lesen  3895 ms rechnen
2026-09-10T04:24:33.744Z  MOR/2024        roh          24982 reg. Kerzen       18/0/0 von 148  Tagen gewertet (1m/5m/15m)      511 Signale  47 ms lesen  6237 ms rechnen
2026-09-10T04:24:33.938Z  MOTV/2021       roh          14479 reg. Kerzen        0/0/0 von 232  Tagen gewertet (1m/5m/15m)        0 Signale  29 ms lesen  81 ms rechnen
2026-09-10T04:24:33.991Z  MOTV/2022       roh           1654 reg. Kerzen        0/0/0 von 53   Tagen gewertet (1m/5m/15m)        0 Signale  3 ms lesen  15 ms rechnen
2026-09-10T04:25:48.869Z  MPLX/2016       roh          91407 reg. Kerzen      225/0/0 von 252  Tagen gewertet (1m/5m/15m)     6690 Signale  135 ms lesen  74723 ms rechnen
2026-09-10T04:26:59.193Z  MPLX/2017       roh          88617 reg. Kerzen      233/0/0 von 251  Tagen gewertet (1m/5m/15m)     5865 Signale  113 ms lesen  69937 ms rechnen
2026-09-10T04:28:14.063Z  MPLX/2018       roh          90625 reg. Kerzen      242/0/0 von 251  Tagen gewertet (1m/5m/15m)     6368 Signale  122 ms lesen  74509 ms rechnen
2026-09-10T04:29:32.142Z  MPLX/2019       roh          92920 reg. Kerzen      247/0/0 von 252  Tagen gewertet (1m/5m/15m)     6157 Signale  119 ms lesen  77686 ms rechnen
2026-09-10T04:31:03.996Z  MPLX/2020       roh          96896 reg. Kerzen      253/0/0 von 253  Tagen gewertet (1m/5m/15m)     7684 Signale  124 ms lesen  91526 ms rechnen
2026-09-10T04:32:27.157Z  MPLX/2021       roh          95049 reg. Kerzen      250/0/0 von 252  Tagen gewertet (1m/5m/15m)     6528 Signale  139 ms lesen  82749 ms rechnen
2026-09-10T04:33:50.605Z  MPLX/2022       roh          95006 reg. Kerzen      249/0/0 von 251  Tagen gewertet (1m/5m/15m)     6609 Signale  148 ms lesen  83031 ms rechnen
2026-09-10T04:35:11.155Z  MPLX/2023       roh          94418 reg. Kerzen      250/0/0 von 250  Tagen gewertet (1m/5m/15m)     5446 Signale  142 ms lesen  80165 ms rechnen
2026-09-10T04:36:30.395Z  MPLX/2024       roh          94413 reg. Kerzen      252/0/0 von 252  Tagen gewertet (1m/5m/15m)     5455 Signale  123 ms lesen  78887 ms rechnen
2026-09-10T04:37:48.623Z  MPLX/2025       roh          92632 reg. Kerzen      249/0/0 von 250  Tagen gewertet (1m/5m/15m)     5884 Signale  116 ms lesen  77832 ms rechnen
2026-09-10T04:38:40.436Z  MPLX/2026       roh          61392 reg. Kerzen      166/0/0 von 166  Tagen gewertet (1m/5m/15m)     3968 Signale  79 ms lesen  51490 ms rechnen
2026-09-10T04:39:23.273Z  MQ/2021         bereinigt    52603 reg. Kerzen      115/0/0 von 144  Tagen gewertet (1m/5m/15m)     3688 Signale  83 ms lesen  42566 ms rechnen
2026-09-10T04:41:03.710Z  MQ/2022         bereinigt    97514 reg. Kerzen      251/0/0 von 251  Tagen gewertet (1m/5m/15m)     8216 Signale  149 ms lesen  100144 ms rechnen
2026-09-10T04:42:38.127Z  MQ/2023         bereinigt    96532 reg. Kerzen      250/0/0 von 250  Tagen gewertet (1m/5m/15m)     7774 Signale  121 ms lesen  94052 ms rechnen
2026-09-10T04:44:11.021Z  MQ/2024         bereinigt    95544 reg. Kerzen      252/0/0 von 252  Tagen gewertet (1m/5m/15m)     7536 Signale  145 ms lesen  92516 ms rechnen
2026-09-10T04:45:41.366Z  MQ/2025         bereinigt    94169 reg. Kerzen      250/0/0 von 250  Tagen gewertet (1m/5m/15m)     7212 Signale  128 ms lesen  89984 ms rechnen
2026-09-10T04:46:34.330Z  MQ/2026         bereinigt    59128 reg. Kerzen      152/0/0 von 166  Tagen gewertet (1m/5m/15m)     4352 Signale  95 ms lesen  52615 ms rechnen
2026-09-10T04:46:34.571Z  MRIC/2019       roh           5564 reg. Kerzen        0/0/0 von 126  Tagen gewertet (1m/5m/15m)        0 Signale  39 ms lesen  28 ms rechnen
2026-09-10T04:46:34.625Z  MRIC/2020       roh           1612 reg. Kerzen        0/0/0 von 28   Tagen gewertet (1m/5m/15m)        0 Signale  21 ms lesen  14 ms rechnen
2026-09-10T04:46:34.681Z  MRUS/2016       roh           3498 reg. Kerzen        0/0/0 von 146  Tagen gewertet (1m/5m/15m)        0 Signale  32 ms lesen  15 ms rechnen
2026-09-10T04:46:34.787Z  MRUS/2017       roh          11027 reg. Kerzen        0/0/0 von 251  Tagen gewertet (1m/5m/15m)        0 Signale  31 ms lesen  67 ms rechnen
2026-09-10T04:46:34.935Z  MRUS/2018       roh          12566 reg. Kerzen        0/0/0 von 251  Tagen gewertet (1m/5m/15m)        0 Signale  41 ms lesen  85 ms rechnen
2026-09-10T04:46:35.088Z  MRUS/2019       roh          13754 reg. Kerzen        0/0/0 von 252  Tagen gewertet (1m/5m/15m)        0 Signale  33 ms lesen  78 ms rechnen
2026-09-10T04:46:35.306Z  MRUS/2020       roh          21640 reg. Kerzen        0/0/0 von 253  Tagen gewertet (1m/5m/15m)        0 Signale  52 ms lesen  138 ms rechnen
2026-09-10T04:46:36.090Z  MRUS/2021       roh          42946 reg. Kerzen        1/0/0 von 252  Tagen gewertet (1m/5m/15m)       31 Signale  69 ms lesen  660 ms rechnen
2026-09-10T04:46:37.530Z  MRUS/2022       roh          46341 reg. Kerzen        3/0/0 von 251  Tagen gewertet (1m/5m/15m)       92 Signale  81 ms lesen  1227 ms rechnen
2026-09-10T04:46:40.720Z  MRUS/2023       roh          50720 reg. Kerzen        8/0/0 von 250  Tagen gewertet (1m/5m/15m)      235 Signale  97 ms lesen  2983 ms rechnen
2026-09-10T04:46:58.102Z  MRUS/2024       roh          66779 reg. Kerzen       54/0/0 von 252  Tagen gewertet (1m/5m/15m)     1619 Signale  106 ms lesen  17141 ms rechnen
2026-09-10T04:47:36.732Z  MRUS/2025       roh          75248 reg. Kerzen      124/0/0 von 248  Tagen gewertet (1m/5m/15m)     3206 Signale  105 ms lesen  38342 ms rechnen
2026-09-10T04:47:36.997Z  MSBF/2016       roh           2983 reg. Kerzen        0/0/0 von 237  Tagen gewertet (1m/5m/15m)        0 Signale  24 ms lesen  22 ms rechnen
2026-09-10T04:47:37.044Z  MSBF/2017       roh           1586 reg. Kerzen        0/0/0 von 222  Tagen gewertet (1m/5m/15m)        0 Signale  28 ms lesen  10 ms rechnen
2026-09-10T04:47:37.095Z  MSBF/2018       roh           1580 reg. Kerzen        0/0/0 von 233  Tagen gewertet (1m/5m/15m)        0 Signale  34 ms lesen  13 ms rechnen
2026-09-10T04:47:37.151Z  MSBF/2019       roh           1843 reg. Kerzen        0/0/0 von 224  Tagen gewertet (1m/5m/15m)        0 Signale  37 ms lesen  15 ms rechnen
2026-09-10T04:47:37.188Z  MSBF/2020       roh           1239 reg. Kerzen        0/0/0 von 123  Tagen gewertet (1m/5m/15m)        0 Signale  20 ms lesen  11 ms rechnen
2026-09-10T04:47:38.413Z  MSGE/2020       bereinigt    32575 reg. Kerzen        3/0/0 von 179  Tagen gewertet (1m/5m/15m)       88 Signale  92 ms lesen  1116 ms rechnen
2026-09-10T04:47:48.920Z  MSGE/2021       bereinigt    61029 reg. Kerzen       33/0/0 von 252  Tagen gewertet (1m/5m/15m)      992 Signale  141 ms lesen  10287 ms rechnen
2026-09-10T04:47:50.470Z  MSGE/2022       bereinigt    46988 reg. Kerzen        3/0/0 von 251  Tagen gewertet (1m/5m/15m)       83 Signale  118 ms lesen  1257 ms rechnen
2026-09-10T04:47:57.342Z  MSGE/2023       bereinigt    54818 reg. Kerzen       20/0/0 von 250  Tagen gewertet (1m/5m/15m)      630 Signale  91 ms lesen  6659 ms rechnen
2026-09-10T04:47:59.355Z  MSGE/2024       roh          49759 reg. Kerzen        6/0/0 von 252  Tagen gewertet (1m/5m/15m)      169 Signale  99 ms lesen  1777 ms rechnen
2026-09-10T04:48:01.142Z  MSGE/2025       roh          48839 reg. Kerzen        4/0/0 von 250  Tagen gewertet (1m/5m/15m)      117 Signale  77 ms lesen  1563 ms rechnen
2026-09-10T04:48:01.702Z  MSGE/2026       roh          30639 reg. Kerzen        1/0/0 von 166  Tagen gewertet (1m/5m/15m)       23 Signale  48 ms lesen  375 ms rechnen
2026-09-10T04:48:01.860Z  MSP/2016        roh           5792 reg. Kerzen        0/0/0 von 252  Tagen gewertet (1m/5m/15m)        0 Signale  24 ms lesen  41 ms rechnen
2026-09-10T04:48:01.949Z  MSP/2017        roh           3806 reg. Kerzen        0/0/0 von 251  Tagen gewertet (1m/5m/15m)        0 Signale  39 ms lesen  29 ms rechnen
2026-09-10T04:48:02.017Z  MSP/2018        roh           2687 reg. Kerzen        0/0/0 von 193  Tagen gewertet (1m/5m/15m)        0 Signale  33 ms lesen  22 ms rechnen
2026-09-10T04:48:02.027Z  AUSGELASSEN MSP/2019: Datei fehlt
2026-09-10T04:48:04.806Z  MSP/2020        roh          14306 reg. Kerzen        9/0/0 von 50   Tagen gewertet (1m/5m/15m)      251 Signale  55 ms lesen  2724 ms rechnen
2026-09-10T04:48:11.630Z  MSP/2021        roh          58763 reg. Kerzen       22/0/0 von 252  Tagen gewertet (1m/5m/15m)      631 Signale  98 ms lesen  6693 ms rechnen
2026-09-10T04:48:24.751Z  MSP/2022        roh          33103 reg. Kerzen       44/0/0 von 118  Tagen gewertet (1m/5m/15m)      926 Signale  100 ms lesen  12876 ms rechnen
2026-09-10T04:49:33.536Z  MTB/2016        roh          91693 reg. Kerzen      226/0/0 von 252  Tagen gewertet (1m/5m/15m)     5326 Signale  141 ms lesen  68521 ms rechnen
2026-09-10T04:50:28.149Z  MTB/2017        roh          83091 reg. Kerzen      193/0/0 von 251  Tagen gewertet (1m/5m/15m)     4404 Signale  698 ms lesen  53665 ms rechnen
2026-09-10T04:51:32.248Z  MTB/2018        roh          86516 reg. Kerzen      222/0/0 von 251  Tagen gewertet (1m/5m/15m)     5453 Signale  122 ms lesen  63753 ms rechnen
2026-09-10T04:52:34.587Z  MTB/2019        roh          86259 reg. Kerzen      218/0/0 von 252  Tagen gewertet (1m/5m/15m)     5100 Signale  117 ms lesen  61992 ms rechnen
2026-09-10T04:53:56.024Z  MTB/2020        roh          91407 reg. Kerzen      243/0/0 von 253  Tagen gewertet (1m/5m/15m)     6891 Signale  138 ms lesen  81066 ms rechnen
2026-09-10T04:55:09.400Z  MTB/2021        roh          89127 reg. Kerzen      242/0/0 von 252  Tagen gewertet (1m/5m/15m)     6229 Signale  141 ms lesen  72984 ms rechnen
2026-09-10T04:56:28.762Z  MTB/2022        roh          91460 reg. Kerzen      248/0/0 von 250  Tagen gewertet (1m/5m/15m)     6413 Signale  144 ms lesen  78977 ms rechnen
2026-09-10T04:57:43.817Z  MTB/2023        roh          89994 reg. Kerzen      235/0/0 von 250  Tagen gewertet (1m/5m/15m)     6162 Signale  141 ms lesen  74643 ms rechnen
2026-09-10T04:58:41.209Z  MTB/2024        roh          84251 reg. Kerzen      194/0/0 von 252  Tagen gewertet (1m/5m/15m)     4672 Signale  146 ms lesen  57000 ms rechnen
2026-09-10T04:59:40.085Z  MTB/2025        roh          84031 reg. Kerzen      201/0/0 von 250  Tagen gewertet (1m/5m/15m)     4809 Signale  121 ms lesen  58531 ms rechnen
2026-09-10T05:00:15.678Z  MTB/2026        roh          55148 reg. Kerzen      124/0/0 von 166  Tagen gewertet (1m/5m/15m)     2891 Signale  74 ms lesen  35266 ms rechnen
2026-09-10T05:00:15.857Z  MTFB/2016       roh            587 reg. Kerzen        0/0/0 von 28   Tagen gewertet (1m/5m/15m)        0 Signale  24 ms lesen  5 ms rechnen
2026-09-10T05:00:15.900Z  MTFB/2017       roh           1895 reg. Kerzen        0/0/0 von 226  Tagen gewertet (1m/5m/15m)        0 Signale  27 ms lesen  13 ms rechnen
2026-09-10T05:00:15.937Z  MTFB/2018       roh            956 reg. Kerzen        0/0/0 von 205  Tagen gewertet (1m/5m/15m)        0 Signale  21 ms lesen  8 ms rechnen
2026-09-10T05:00:16.101Z  MTFB/2019       roh          18081 reg. Kerzen        0/0/0 von 241  Tagen gewertet (1m/5m/15m)        0 Signale  49 ms lesen  110 ms rechnen
2026-09-10T05:00:16.233Z  MTP/2016        bereinigt     2869 reg. Kerzen        0/0/0 von 250  Tagen gewertet (1m/5m/15m)        0 Signale  34 ms lesen  22 ms rechnen
2026-09-10T05:00:16.291Z  MTP/2017        bereinigt     2531 reg. Kerzen        0/0/0 von 246  Tagen gewertet (1m/5m/15m)        0 Signale  28 ms lesen  20 ms rechnen
2026-09-10T05:00:16.365Z  MTP/2018        bereinigt     7562 reg. Kerzen        0/0/0 von 250  Tagen gewertet (1m/5m/15m)        0 Signale  18 ms lesen  51 ms rechnen
2026-09-10T05:00:16.569Z  MTP/2019        bereinigt    24276 reg. Kerzen        0/0/0 von 252  Tagen gewertet (1m/5m/15m)        0 Signale  59 ms lesen  122 ms rechnen
2026-09-10T05:00:16.867Z  MTP/2020        bereinigt    26883 reg. Kerzen        0/0/0 von 253  Tagen gewertet (1m/5m/15m)        0 Signale  48 ms lesen  175 ms rechnen
2026-09-10T05:00:17.175Z  MTP/2021        bereinigt    26549 reg. Kerzen        0/0/0 von 252  Tagen gewertet (1m/5m/15m)        0 Signale  59 ms lesen  165 ms rechnen
2026-09-10T05:00:17.306Z  MTP/2022        bereinigt     7300 reg. Kerzen        0/0/0 von 250  Tagen gewertet (1m/5m/15m)        0 Signale  15 ms lesen  44 ms rechnen
2026-09-10T05:00:17.363Z  MTP/2023        bereinigt     1999 reg. Kerzen        0/0/0 von 57   Tagen gewertet (1m/5m/15m)        0 Signale  16 ms lesen  15 ms rechnen
2026-09-10T05:00:48.377Z  MTUS/2016       roh          81186 reg. Kerzen       94/0/0 von 252  Tagen gewertet (1m/5m/15m)     2975 Signale  122 ms lesen  30869 ms rechnen
2026-09-10T05:01:14.360Z  MTUS/2017       roh          74372 reg. Kerzen       82/0/0 von 251  Tagen gewertet (1m/5m/15m)     2524 Signale  108 ms lesen  25642 ms rechnen
2026-09-10T05:01:22.258Z  MTUS/2018       roh          64539 reg. Kerzen       24/0/0 von 251  Tagen gewertet (1m/5m/15m)      768 Signale  98 ms lesen  7592 ms rechnen
2026-09-10T05:01:22.875Z  MTUS/2019       roh          59623 reg. Kerzen        0/0/0 von 252  Tagen gewertet (1m/5m/15m)        0 Signale  111 ms lesen  319 ms rechnen
2026-09-10T05:01:23.469Z  MTUS/2020       roh          55637 reg. Kerzen        0/0/0 von 253  Tagen gewertet (1m/5m/15m)        0 Signale  107 ms lesen  308 ms rechnen
2026-09-10T05:02:01.435Z  MTUS/2021       roh          76890 reg. Kerzen      118/0/0 von 252  Tagen gewertet (1m/5m/15m)     3702 Signale  106 ms lesen  37722 ms rechnen
2026-09-10T05:02:44.893Z  MTUS/2022       roh          77472 reg. Kerzen      133/0/0 von 251  Tagen gewertet (1m/5m/15m)     4099 Signale  139 ms lesen  43117 ms rechnen
2026-09-10T05:02:49.943Z  MTUS/2023       roh          53265 reg. Kerzen       14/0/0 von 250  Tagen gewertet (1m/5m/15m)      428 Signale  86 ms lesen  4763 ms rechnen
2026-09-10T05:02:51.120Z  MTUS/2024       roh          49138 reg. Kerzen        2/0/0 von 252  Tagen gewertet (1m/5m/15m)       50 Signale  92 ms lesen  905 ms rechnen
2026-09-10T05:02:51.664Z  MTUS/2025       roh          50238 reg. Kerzen        0/0/0 von 250  Tagen gewertet (1m/5m/15m)        0 Signale  95 ms lesen  285 ms rechnen
2026-09-10T05:02:53.518Z  CHECKPOINT 3400 Dateien, 793 min, Detektorfehler {}
2026-09-10T05:02:54.347Z  MTUS/2026       roh          31654 reg. Kerzen        2/0/0 von 166  Tagen gewertet (1m/5m/15m)       52 Signale  61 ms lesen  767 ms rechnen
2026-09-10T05:02:54.945Z  MULN/2021       bereinigt    11140 reg. Kerzen        1/0/0 von 39   Tagen gewertet (1m/5m/15m)       34 Signale  46 ms lesen  440 ms rechnen
2026-09-10T05:04:25.588Z  MULN/2022       bereinigt    93222 reg. Kerzen      214/0/0 von 251  Tagen gewertet (1m/5m/15m)     7266 Signale  408 ms lesen  90202 ms rechnen
2026-09-10T05:06:07.700Z  MULN/2023       bereinigt    97044 reg. Kerzen      250/0/0 von 250  Tagen gewertet (1m/5m/15m)     8453 Signale  498 ms lesen  101380 ms rechnen
2026-09-10T05:06:44.880Z  MULN/2024       bereinigt    84050 reg. Kerzen       94/0/0 von 252  Tagen gewertet (1m/5m/15m)     3180 Signale  188 ms lesen  36685 ms rechnen
2026-09-10T05:07:09.995Z  MULN/2025       bereinigt    52898 reg. Kerzen       61/0/0 von 140  Tagen gewertet (1m/5m/15m)     2091 Signale  141 ms lesen  24761 ms rechnen
2026-09-10T05:07:10.273Z  MVO/2016        roh          11092 reg. Kerzen        0/0/0 von 252  Tagen gewertet (1m/5m/15m)        0 Signale  29 ms lesen  62 ms rechnen
2026-09-10T05:07:10.395Z  MVO/2017        roh           9355 reg. Kerzen        0/0/0 von 251  Tagen gewertet (1m/5m/15m)        0 Signale  31 ms lesen  55 ms rechnen
2026-09-10T05:07:10.537Z  MVO/2018        roh          10975 reg. Kerzen        0/0/0 von 251  Tagen gewertet (1m/5m/15m)        0 Signale  42 ms lesen  77 ms rechnen
2026-09-10T05:07:10.665Z  MVO/2019        roh          10173 reg. Kerzen        0/0/0 von 252  Tagen gewertet (1m/5m/15m)        0 Signale  48 ms lesen  49 ms rechnen
2026-09-10T05:07:10.792Z  MVO/2020        roh          11419 reg. Kerzen        0/0/0 von 253  Tagen gewertet (1m/5m/15m)        0 Signale  38 ms lesen  58 ms rechnen
2026-09-10T05:07:10.966Z  MVO/2021        roh          17745 reg. Kerzen        0/0/0 von 252  Tagen gewertet (1m/5m/15m)        0 Signale  37 ms lesen  98 ms rechnen
2026-09-10T05:07:11.174Z  MVO/2022        roh          20502 reg. Kerzen        0/0/0 von 251  Tagen gewertet (1m/5m/15m)        0 Signale  54 ms lesen  113 ms rechnen
2026-09-10T05:07:11.374Z  MVO/2023        roh          14511 reg. Kerzen        0/0/0 von 250  Tagen gewertet (1m/5m/15m)        0 Signale  60 ms lesen  90 ms rechnen
2026-09-10T05:07:11.531Z  MVO/2024        roh          14608 reg. Kerzen        0/0/0 von 252  Tagen gewertet (1m/5m/15m)        0 Signale  52 ms lesen  70 ms rechnen
2026-09-10T05:07:11.713Z  MVO/2025        roh          20088 reg. Kerzen        0/0/0 von 250  Tagen gewertet (1m/5m/15m)        0 Signale  45 ms lesen  93 ms rechnen
2026-09-10T05:07:11.921Z  MVO/2026        roh          19063 reg. Kerzen        0/0/0 von 140  Tagen gewertet (1m/5m/15m)        0 Signale  39 ms lesen  117 ms rechnen
2026-09-10T05:07:12.285Z  MXWL/2016       roh          47753 reg. Kerzen        0/0/0 von 252  Tagen gewertet (1m/5m/15m)        0 Signale  55 ms lesen  254 ms rechnen
2026-09-10T05:07:12.719Z  MXWL/2017       roh          43905 reg. Kerzen        0/0/0 von 251  Tagen gewertet (1m/5m/15m)        0 Signale  66 ms lesen  241 ms rechnen
2026-09-10T05:07:13.123Z  MXWL/2018       roh          42059 reg. Kerzen        0/0/0 von 251  Tagen gewertet (1m/5m/15m)        0 Signale  64 ms lesen  224 ms rechnen
2026-09-10T05:07:25.885Z  MXWL/2019       roh          27988 reg. Kerzen       39/0/0 von 93   Tagen gewertet (1m/5m/15m)      844 Signale  46 ms lesen  12603 ms rechnen
2026-09-10T05:07:26.224Z  MYOK/2016       roh          28627 reg. Kerzen        0/0/0 von 252  Tagen gewertet (1m/5m/15m)        0 Signale  61 ms lesen  166 ms rechnen
2026-09-10T05:07:32.243Z  MYOK/2017       roh          49723 reg. Kerzen       19/0/0 von 251  Tagen gewertet (1m/5m/15m)      595 Signale  79 ms lesen  5845 ms rechnen
2026-09-10T05:07:42.792Z  MYOK/2018       roh          62721 reg. Kerzen       33/0/0 von 251  Tagen gewertet (1m/5m/15m)     1016 Signale  102 ms lesen  10304 ms rechnen
2026-09-10T05:07:53.064Z  MYOK/2019       roh          64070 reg. Kerzen       31/0/0 von 252  Tagen gewertet (1m/5m/15m)      957 Signale  108 ms lesen  9998 ms rechnen
2026-09-10T05:08:24.068Z  MYOK/2020       roh          68091 reg. Kerzen       98/0/0 von 222  Tagen gewertet (1m/5m/15m)     2712 Signale  95 ms lesen  30732 ms rechnen
2026-09-10T05:08:24.338Z  NAAC/2021       roh           4073 reg. Kerzen        0/0/0 von 161  Tagen gewertet (1m/5m/15m)        0 Signale  25 ms lesen  20 ms rechnen
2026-09-10T05:08:24.425Z  NAAC/2022       roh           5685 reg. Kerzen        0/0/0 von 231  Tagen gewertet (1m/5m/15m)        0 Signale  39 ms lesen  39 ms rechnen
2026-09-10T05:08:24.458Z  NAAC/2023       roh            189 reg. Kerzen        0/0/0 von 14   Tagen gewertet (1m/5m/15m)        0 Signale  15 ms lesen  2 ms rechnen
2026-09-10T05:08:39.737Z  NAPA/2021       roh          52931 reg. Kerzen       48/0/0 von 201  Tagen gewertet (1m/5m/15m)     1436 Signale  79 ms lesen  15198 ms rechnen
2026-09-10T05:08:53.953Z  NAPA/2022       roh          64918 reg. Kerzen       46/0/0 von 251  Tagen gewertet (1m/5m/15m)     1359 Signale  102 ms lesen  13976 ms rechnen
2026-09-10T05:09:15.497Z  NAPA/2023       roh          72136 reg. Kerzen       71/0/0 von 250  Tagen gewertet (1m/5m/15m)     1903 Signale  121 ms lesen  21244 ms rechnen
2026-09-10T05:10:05.340Z  NAPA/2024       roh          81219 reg. Kerzen      158/0/0 von 247  Tagen gewertet (1m/5m/15m)     3902 Signale  123 ms lesen  49543 ms rechnen
2026-09-10T05:10:05.773Z  NAVG/2016       bereinigt    21430 reg. Kerzen        0/0/0 von 252  Tagen gewertet (1m/5m/15m)        0 Signale  42 ms lesen  122 ms rechnen
2026-09-10T05:10:06.023Z  NAVG/2017       bereinigt    27431 reg. Kerzen        0/0/0 von 251  Tagen gewertet (1m/5m/15m)        0 Signale  36 ms lesen  153 ms rechnen
2026-09-10T05:10:07.032Z  NAVG/2018       roh          36559 reg. Kerzen        3/0/0 von 251  Tagen gewertet (1m/5m/15m)       38 Signale  69 ms lesen  856 ms rechnen
2026-09-10T05:10:07.285Z  NAVG/2019       roh          17708 reg. Kerzen        0/0/0 von 98   Tagen gewertet (1m/5m/15m)        0 Signale  40 ms lesen  114 ms rechnen
2026-09-10T05:11:29.233Z  NBL/2016        roh          97997 reg. Kerzen      232/0/0 von 252  Tagen gewertet (1m/5m/15m)     6605 Signale  136 ms lesen  81733 ms rechnen
2026-09-10T05:12:55.071Z  NBL/2017        roh          97418 reg. Kerzen      251/0/0 von 251  Tagen gewertet (1m/5m/15m)     6531 Signale  122 ms lesen  85460 ms rechnen
2026-09-10T05:14:23.133Z  NBL/2018        roh          97257 reg. Kerzen      251/0/0 von 251  Tagen gewertet (1m/5m/15m)     7006 Signale  128 ms lesen  87674 ms rechnen
2026-09-10T05:15:52.813Z  NBL/2019        roh          97575 reg. Kerzen      251/0/0 von 252  Tagen gewertet (1m/5m/15m)     7134 Signale  146 ms lesen  89243 ms rechnen
2026-09-10T05:17:06.205Z  NBL/2020        roh          74277 reg. Kerzen      191/0/0 von 191  Tagen gewertet (1m/5m/15m)     5905 Signale  127 ms lesen  72972 ms rechnen
2026-09-10T05:17:06.544Z  NCIT/2016       roh          15904 reg. Kerzen        0/0/0 von 252  Tagen gewertet (1m/5m/15m)        0 Signale  39 ms lesen  87 ms rechnen
2026-09-10T05:17:06.674Z  NCIT/2017       roh          12328 reg. Kerzen        0/0/0 von 156  Tagen gewertet (1m/5m/15m)        0 Signale  26 ms lesen  60 ms rechnen
2026-09-10T05:17:06.774Z  NDAC/2021       roh           5921 reg. Kerzen        0/0/0 von 176  Tagen gewertet (1m/5m/15m)        0 Signale  29 ms lesen  29 ms rechnen
2026-09-10T05:17:06.838Z  NDAC/2022       roh           3800 reg. Kerzen        0/0/0 von 230  Tagen gewertet (1m/5m/15m)        0 Signale  20 ms lesen  29 ms rechnen
2026-09-10T05:18:22.874Z  NEE/2016        bereinigt    97439 reg. Kerzen      232/0/0 von 252  Tagen gewertet (1m/5m/15m)     5183 Signale  221 ms lesen  75787 ms rechnen
2026-09-10T05:19:42.590Z  NEE/2017        bereinigt    95560 reg. Kerzen      251/0/0 von 251  Tagen gewertet (1m/5m/15m)     5378 Signale  129 ms lesen  79308 ms rechnen
2026-09-10T05:21:05.447Z  NEE/2018        bereinigt    96475 reg. Kerzen      251/0/0 von 251  Tagen gewertet (1m/5m/15m)     5679 Signale  134 ms lesen  82462 ms rechnen
2026-09-10T05:22:26.467Z  NEE/2019        bereinigt    96917 reg. Kerzen      251/0/0 von 252  Tagen gewertet (1m/5m/15m)     5486 Signale  149 ms lesen  80601 ms rechnen
2026-09-10T05:23:53.835Z  NEE/2020        bereinigt    97713 reg. Kerzen      253/0/0 von 253  Tagen gewertet (1m/5m/15m)     6579 Signale  158 ms lesen  86926 ms rechnen
2026-09-10T05:25:18.064Z  NEE/2021        roh          97316 reg. Kerzen      250/0/0 von 252  Tagen gewertet (1m/5m/15m)     5735 Signale  140 ms lesen  83805 ms rechnen
2026-09-10T05:26:43.041Z  NEE/2022        roh          97006 reg. Kerzen      249/0/0 von 251  Tagen gewertet (1m/5m/15m)     6251 Signale  144 ms lesen  84557 ms rechnen
2026-09-10T05:28:08.208Z  NEE/2023        roh          97135 reg. Kerzen      250/0/0 von 250  Tagen gewertet (1m/5m/15m)     6056 Signale  143 ms lesen  84760 ms rechnen
2026-09-10T05:29:33.303Z  NEE/2024        roh          97738 reg. Kerzen      252/0/0 von 252  Tagen gewertet (1m/5m/15m)     6067 Signale  166 ms lesen  84616 ms rechnen
2026-09-10T05:30:58.244Z  NEE/2025        roh          96960 reg. Kerzen      250/0/0 von 250  Tagen gewertet (1m/5m/15m)     6183 Signale  150 ms lesen  84546 ms rechnen
2026-09-10T05:31:54.399Z  NEE/2026        roh          64739 reg. Kerzen      166/0/0 von 166  Tagen gewertet (1m/5m/15m)     3981 Signale  649 ms lesen  55226 ms rechnen
2026-09-10T05:32:02.367Z  NEP/2016        roh          61388 reg. Kerzen       25/0/0 von 252  Tagen gewertet (1m/5m/15m)      682 Signale  86 ms lesen  7698 ms rechnen
2026-09-10T05:32:06.322Z  NEP/2017        roh          54012 reg. Kerzen       11/0/0 von 251  Tagen gewertet (1m/5m/15m)      320 Signale  83 ms lesen  3714 ms rechnen
2026-09-10T05:32:08.790Z  NEP/2018        roh          51491 reg. Kerzen        8/0/0 von 251  Tagen gewertet (1m/5m/15m)      206 Signale  85 ms lesen  2220 ms rechnen
2026-09-10T05:32:13.139Z  NEP/2019        roh          56001 reg. Kerzen       14/0/0 von 252  Tagen gewertet (1m/5m/15m)      380 Signale  119 ms lesen  4080 ms rechnen
2026-09-10T05:32:42.590Z  NEP/2020        roh          74906 reg. Kerzen       99/0/0 von 253  Tagen gewertet (1m/5m/15m)     2905 Signale  109 ms lesen  29192 ms rechnen
2026-09-10T05:33:08.576Z  NEP/2021        roh          72081 reg. Kerzen       80/0/0 von 252  Tagen gewertet (1m/5m/15m)     2309 Signale  666 ms lesen  25104 ms rechnen
2026-09-10T05:33:32.958Z  NEP/2022        roh          73396 reg. Kerzen       83/0/0 von 251  Tagen gewertet (1m/5m/15m)     2334 Signale  98 ms lesen  24084 ms rechnen
2026-09-10T05:34:43.265Z  NEP/2023        roh          87458 reg. Kerzen      216/0/0 von 250  Tagen gewertet (1m/5m/15m)     6153 Signale  143 ms lesen  69966 ms rechnen
2026-09-10T05:36:06.893Z  NEP/2024        roh          93058 reg. Kerzen      251/0/0 von 252  Tagen gewertet (1m/5m/15m)     7267 Signale  137 ms lesen  83267 ms rechnen
2026-09-10T05:36:14.000Z  NEP/2025        roh           7405 reg. Kerzen       20/0/0 von 20   Tagen gewertet (1m/5m/15m)      620 Signale  35 ms lesen  6816 ms rechnen
2026-09-10T05:36:14.227Z  NETS/2017       roh          27626 reg. Kerzen        0/0/0 von 182  Tagen gewertet (1m/5m/15m)        0 Signale  55 ms lesen  154 ms rechnen
2026-09-10T05:36:14.467Z  NETS/2018       roh          18194 reg. Kerzen        0/0/0 von 250  Tagen gewertet (1m/5m/15m)        0 Signale  35 ms lesen  121 ms rechnen
2026-09-10T05:36:14.597Z  NETS/2019       roh           8187 reg. Kerzen        0/0/0 von 114  Tagen gewertet (1m/5m/15m)        0 Signale  32 ms lesen  45 ms rechnen
2026-09-10T05:36:14.669Z  NEWTZ/2016      roh            585 reg. Kerzen        0/0/0 von 153  Tagen gewertet (1m/5m/15m)        0 Signale  25 ms lesen  6 ms rechnen
2026-09-10T05:36:14.690Z  NEWTZ/2017      roh            267 reg. Kerzen        0/0/0 von 124  Tagen gewertet (1m/5m/15m)        0 Signale  13 ms lesen  4 ms rechnen
2026-09-10T05:36:14.711Z  NEWTZ/2018      roh            967 reg. Kerzen        0/0/0 von 134  Tagen gewertet (1m/5m/15m)        0 Signale  13 ms lesen  6 ms rechnen
2026-09-10T05:36:14.744Z  NEWTZ/2019      roh            437 reg. Kerzen        0/0/0 von 123  Tagen gewertet (1m/5m/15m)        0 Signale  21 ms lesen  7 ms rechnen
2026-09-10T05:36:14.747Z  AUSGELASSEN NEWTZ/2020: Datei fehlt
2026-09-10T05:36:14.783Z  NEWTZ/2021      roh           1619 reg. Kerzen        0/0/0 von 206  Tagen gewertet (1m/5m/15m)        0 Signale  21 ms lesen  15 ms rechnen
2026-09-10T05:36:14.824Z  NEWTZ/2022      roh           1425 reg. Kerzen        0/0/0 von 228  Tagen gewertet (1m/5m/15m)        0 Signale  22 ms lesen  13 ms rechnen
2026-09-10T05:36:14.857Z  NEWTZ/2023      roh            991 reg. Kerzen        0/0/0 von 200  Tagen gewertet (1m/5m/15m)        0 Signale  18 ms lesen  9 ms rechnen
2026-09-10T05:36:14.885Z  NEWTZ/2024      roh           1326 reg. Kerzen        0/0/0 von 231  Tagen gewertet (1m/5m/15m)        0 Signale  12 ms lesen  11 ms rechnen
2026-09-10T05:36:14.909Z  NEWTZ/2025      roh           1291 reg. Kerzen        0/0/0 von 228  Tagen gewertet (1m/5m/15m)        0 Signale  8 ms lesen  12 ms rechnen
2026-09-10T05:36:14.927Z  NEWTZ/2026      roh            137 reg. Kerzen        0/0/0 von 19   Tagen gewertet (1m/5m/15m)        0 Signale  10 ms lesen  2 ms rechnen
2026-09-10T05:36:50.309Z  NFG/2016        roh          79322 reg. Kerzen      127/0/0 von 252  Tagen gewertet (1m/5m/15m)     3209 Signale  122 ms lesen  35252 ms rechnen
2026-09-10T05:37:14.720Z  NFG/2017        roh          73816 reg. Kerzen       93/0/0 von 251  Tagen gewertet (1m/5m/15m)     2133 Signale  102 ms lesen  24081 ms rechnen
2026-09-10T05:37:47.184Z  NFG/2018        roh          77080 reg. Kerzen      114/0/0 von 251  Tagen gewertet (1m/5m/15m)     2846 Signale  164 ms lesen  32121 ms rechnen
2026-09-10T05:38:28.028Z  NFG/2019        roh          79423 reg. Kerzen      148/0/0 von 252  Tagen gewertet (1m/5m/15m)     3392 Signale  112 ms lesen  40514 ms rechnen
2026-09-10T05:39:20.171Z  NFG/2020        roh          82545 reg. Kerzen      170/0/0 von 253  Tagen gewertet (1m/5m/15m)     4719 Signale  125 ms lesen  51808 ms rechnen
2026-09-10T05:39:29.864Z  NFG/2021        roh          65754 reg. Kerzen       34/0/0 von 252  Tagen gewertet (1m/5m/15m)      879 Signale  107 ms lesen  9396 ms rechnen
2026-09-10T05:40:00.353Z  NFG/2022        roh          75705 reg. Kerzen      110/0/0 von 251  Tagen gewertet (1m/5m/15m)     2871 Signale  107 ms lesen  30212 ms rechnen
2026-09-10T05:40:22.285Z  NFG/2023        roh          72754 reg. Kerzen       78/0/0 von 250  Tagen gewertet (1m/5m/15m)     1922 Signale  121 ms lesen  21607 ms rechnen
2026-09-10T05:40:41.563Z  NFG/2024        roh          71365 reg. Kerzen       70/0/0 von 252  Tagen gewertet (1m/5m/15m)     1636 Signale  102 ms lesen  18994 ms rechnen
2026-09-10T05:41:00.696Z  NFG/2025        roh          70347 reg. Kerzen       66/0/0 von 250  Tagen gewertet (1m/5m/15m)     1605 Signale  112 ms lesen  18821 ms rechnen
2026-09-10T05:41:11.060Z  NFG/2026        roh          46899 reg. Kerzen       37/0/0 von 166  Tagen gewertet (1m/5m/15m)      917 Signale  82 ms lesen  10100 ms rechnen
2026-09-10T05:41:11.264Z  NGAB/2021       roh           9006 reg. Kerzen        0/0/0 von 174  Tagen gewertet (1m/5m/15m)        0 Signale  19 ms lesen  35 ms rechnen
2026-09-10T05:41:11.360Z  NGHCO/2016      roh           7388 reg. Kerzen        0/0/0 von 252  Tagen gewertet (1m/5m/15m)        0 Signale  23 ms lesen  38 ms rechnen
2026-09-10T05:41:11.450Z  NGHCO/2017      roh           5791 reg. Kerzen        0/0/0 von 251  Tagen gewertet (1m/5m/15m)        0 Signale  35 ms lesen  30 ms rechnen
2026-09-10T05:41:11.525Z  NGHCO/2018      roh           6552 reg. Kerzen        0/0/0 von 249  Tagen gewertet (1m/5m/15m)        0 Signale  21 ms lesen  36 ms rechnen
2026-09-10T05:41:11.619Z  NGHCO/2019      roh           8171 reg. Kerzen        0/0/0 von 252  Tagen gewertet (1m/5m/15m)        0 Signale  41 ms lesen  40 ms rechnen
2026-09-10T05:41:11.713Z  NGHCO/2020      roh           6464 reg. Kerzen        0/0/0 von 253  Tagen gewertet (1m/5m/15m)        0 Signale  34 ms lesen  37 ms rechnen
2026-09-10T05:41:11.751Z  NGHCO/2021      roh            543 reg. Kerzen        0/0/0 von 21   Tagen gewertet (1m/5m/15m)        0 Signale  20 ms lesen  5 ms rechnen
2026-09-10T05:41:11.800Z  NHLD/2016       roh           3903 reg. Kerzen        0/0/0 von 240  Tagen gewertet (1m/5m/15m)        0 Signale  25 ms lesen  21 ms rechnen
2026-09-10T05:41:11.857Z  NHLD/2017       roh           3758 reg. Kerzen        0/0/0 von 240  Tagen gewertet (1m/5m/15m)        0 Signale  22 ms lesen  26 ms rechnen
2026-09-10T05:41:11.917Z  NHLD/2018       roh           6114 reg. Kerzen        0/0/0 von 243  Tagen gewertet (1m/5m/15m)        0 Signale  9 ms lesen  42 ms rechnen
2026-09-10T05:41:11.966Z  NHLD/2019       roh           2160 reg. Kerzen        0/0/0 von 239  Tagen gewertet (1m/5m/15m)        0 Signale  18 ms lesen  14 ms rechnen
2026-09-10T05:41:12.008Z  NHLD/2020       roh           2983 reg. Kerzen        0/0/0 von 236  Tagen gewertet (1m/5m/15m)        0 Signale  19 ms lesen  14 ms rechnen
2026-09-10T05:41:12.037Z  NHLD/2021       roh            980 reg. Kerzen        0/0/0 von 37   Tagen gewertet (1m/5m/15m)        0 Signale  11 ms lesen  8 ms rechnen
2026-09-10T05:41:12.093Z  NIR/2021        roh           2878 reg. Kerzen        0/0/0 von 177  Tagen gewertet (1m/5m/15m)        0 Signale  29 ms lesen  22 ms rechnen
2026-09-10T05:41:12.144Z  NIR/2022        roh           1302 reg. Kerzen        0/0/0 von 182  Tagen gewertet (1m/5m/15m)        0 Signale  33 ms lesen  11 ms rechnen
2026-09-10T05:41:12.456Z  NIR/2023        roh          32556 reg. Kerzen        0/0/0 von 240  Tagen gewertet (1m/5m/15m)        0 Signale  100 ms lesen  206 ms rechnen
2026-09-10T05:41:12.551Z  NKGN/2021       roh            363 reg. Kerzen        0/0/0 von 54   Tagen gewertet (1m/5m/15m)        0 Signale  23 ms lesen  3 ms rechnen
2026-09-10T05:41:12.569Z  NKGN/2022       roh            821 reg. Kerzen        0/0/0 von 124  Tagen gewertet (1m/5m/15m)        0 Signale  12 ms lesen  5 ms rechnen
2026-09-10T05:41:12.642Z  NKGN/2023       roh           6815 reg. Kerzen        0/0/0 von 235  Tagen gewertet (1m/5m/15m)        0 Signale  32 ms lesen  39 ms rechnen
2026-09-10T05:41:12.930Z  NKGN/2024       roh          32861 reg. Kerzen        0/0/0 von 252  Tagen gewertet (1m/5m/15m)        0 Signale  82 ms lesen  185 ms rechnen
2026-09-10T05:41:13.076Z  NKGN/2025       roh           5150 reg. Kerzen        0/0/0 von 41   Tagen gewertet (1m/5m/15m)        0 Signale  32 ms lesen  38 ms rechnen
2026-09-10T05:41:13.087Z  AUSGELASSEN NKGN/2026: Datei fehlt
2026-09-10T05:41:13.830Z  NLTX/2019       bereinigt    13463 reg. Kerzen        2/0/0 von 99   Tagen gewertet (1m/5m/15m)       69 Signale  41 ms lesen  700 ms rechnen
2026-09-10T05:41:17.471Z  NLTX/2020       bereinigt    58500 reg. Kerzen       10/0/0 von 253  Tagen gewertet (1m/5m/15m)      332 Signale  82 ms lesen  3521 ms rechnen
2026-09-10T05:41:17.964Z  NLTX/2021       bereinigt    41757 reg. Kerzen        0/0/0 von 252  Tagen gewertet (1m/5m/15m)        0 Signale  61 ms lesen  285 ms rechnen
2026-09-10T05:41:18.366Z  NLTX/2022       bereinigt    36665 reg. Kerzen        0/0/0 von 251  Tagen gewertet (1m/5m/15m)        0 Signale  82 ms lesen  216 ms rechnen
2026-09-10T05:41:18.584Z  NLTX/2023       bereinigt    18990 reg. Kerzen        0/0/0 von 242  Tagen gewertet (1m/5m/15m)        0 Signale  29 ms lesen  103 ms rechnen
2026-09-10T05:41:18.653Z  NMMC/2020       roh            264 reg. Kerzen        0/0/0 von 25   Tagen gewertet (1m/5m/15m)        0 Signale  13 ms lesen  2 ms rechnen
2026-09-10T05:41:18.699Z  NMMC/2021       roh           3803 reg. Kerzen        0/0/0 von 203  Tagen gewertet (1m/5m/15m)        0 Signale  23 ms lesen  22 ms rechnen
2026-09-10T05:41:18.722Z  NMMC/2022       roh            961 reg. Kerzen        0/0/0 von 140  Tagen gewertet (1m/5m/15m)        0 Signale  2 ms lesen  13 ms rechnen
2026-09-10T05:41:19.237Z  NNA/2016        bereinigt    61460 reg. Kerzen        0/0/0 von 252  Tagen gewertet (1m/5m/15m)        0 Signale  123 ms lesen  371 ms rechnen
2026-09-10T05:41:19.747Z  NNA/2017        bereinigt    50444 reg. Kerzen        0/0/0 von 251  Tagen gewertet (1m/5m/15m)        0 Signale  85 ms lesen  272 ms rechnen
2026-09-10T05:41:20.203Z  NNA/2018        bereinigt    43723 reg. Kerzen        0/0/0 von 251  Tagen gewertet (1m/5m/15m)        0 Signale  69 ms lesen  245 ms rechnen
2026-09-10T05:41:20.473Z  NNA/2019        roh          20125 reg. Kerzen        0/0/0 von 252  Tagen gewertet (1m/5m/15m)        0 Signale  35 ms lesen  110 ms rechnen
2026-09-10T05:41:20.783Z  NNA/2020        roh          33954 reg. Kerzen        0/0/0 von 253  Tagen gewertet (1m/5m/15m)        0 Signale  61 ms lesen  200 ms rechnen
2026-09-10T05:41:21.047Z  NNA/2021        roh          23654 reg. Kerzen        0/0/0 von 198  Tagen gewertet (1m/5m/15m)        0 Signale  41 ms lesen  141 ms rechnen
2026-09-10T05:41:21.148Z  NOGN/2021       bereinigt      564 reg. Kerzen        0/0/0 von 58   Tagen gewertet (1m/5m/15m)        0 Signale  10 ms lesen  5 ms rechnen
2026-09-10T05:41:21.258Z  NOGN/2022       bereinigt    11647 reg. Kerzen        0/0/0 von 216  Tagen gewertet (1m/5m/15m)        0 Signale  35 ms lesen  72 ms rechnen
2026-09-10T05:41:21.488Z  NOGN/2023       bereinigt    23678 reg. Kerzen        0/0/0 von 245  Tagen gewertet (1m/5m/15m)        0 Signale  57 ms lesen  132 ms rechnen
2026-09-10T05:41:21.664Z  NOVS/2020       roh          11321 reg. Kerzen        0/0/0 von 141  Tagen gewertet (1m/5m/15m)        0 Signale  40 ms lesen  63 ms rechnen
2026-09-10T05:41:21.749Z  NOVS/2021       roh           4403 reg. Kerzen        0/0/0 von 19   Tagen gewertet (1m/5m/15m)        0 Signale  20 ms lesen  36 ms rechnen
2026-09-10T05:41:21.902Z  NPI/2016        roh          20964 reg. Kerzen        0/0/0 von 174  Tagen gewertet (1m/5m/15m)        0 Signale  41 ms lesen  95 ms rechnen
2026-09-10T05:41:22.066Z  NQS/2016        roh          13640 reg. Kerzen        0/0/0 von 174  Tagen gewertet (1m/5m/15m)        0 Signale  25 ms lesen  72 ms rechnen
2026-09-10T05:41:26.217Z  NRE/2016        roh          68751 reg. Kerzen       13/0/0 von 252  Tagen gewertet (1m/5m/15m)      381 Signale  111 ms lesen  4011 ms rechnen
2026-09-10T05:41:27.163Z  NRE/2017        roh          52348 reg. Kerzen        1/0/0 von 251  Tagen gewertet (1m/5m/15m)       20 Signale  84 ms lesen  679 ms rechnen
2026-09-10T05:41:29.117Z  NRE/2018        roh          57653 reg. Kerzen        6/0/0 von 251  Tagen gewertet (1m/5m/15m)      146 Signale  87 ms lesen  1724 ms rechnen
2026-09-10T05:41:37.746Z  NRE/2019        roh          46666 reg. Kerzen       25/0/0 von 187  Tagen gewertet (1m/5m/15m)      321 Signale  69 ms lesen  8400 ms rechnen
2026-09-10T05:42:54.154Z  NSC/2016        roh          96022 reg. Kerzen      232/0/0 von 252  Tagen gewertet (1m/5m/15m)     5745 Signale  138 ms lesen  76145 ms rechnen
2026-09-10T05:44:14.438Z  NSC/2017        roh          94615 reg. Kerzen      249/0/0 von 251  Tagen gewertet (1m/5m/15m)     5800 Signale  139 ms lesen  79896 ms rechnen
2026-09-10T05:45:38.018Z  NSC/2018        roh          95450 reg. Kerzen      251/0/0 von 251  Tagen gewertet (1m/5m/15m)     6281 Signale  165 ms lesen  83181 ms rechnen
2026-09-10T05:46:59.238Z  NSC/2019        roh          95588 reg. Kerzen      251/0/0 von 252  Tagen gewertet (1m/5m/15m)     5913 Signale  147 ms lesen  80802 ms rechnen
2026-09-10T05:48:25.365Z  NSC/2020        roh          96182 reg. Kerzen      253/0/0 von 253  Tagen gewertet (1m/5m/15m)     6625 Signale  155 ms lesen  85713 ms rechnen
2026-09-10T05:49:43.157Z  NSC/2021        roh          92678 reg. Kerzen      249/0/0 von 252  Tagen gewertet (1m/5m/15m)     5732 Signale  184 ms lesen  77315 ms rechnen
2026-09-10T05:51:03.830Z  NSC/2022        roh          93171 reg. Kerzen      248/0/0 von 251  Tagen gewertet (1m/5m/15m)     6389 Signale  123 ms lesen  80297 ms rechnen
2026-09-10T05:52:20.565Z  NSC/2023        roh          91730 reg. Kerzen      248/0/0 von 250  Tagen gewertet (1m/5m/15m)     5955 Signale  146 ms lesen  76353 ms rechnen
2026-09-10T05:53:27.129Z  NSC/2024        roh          87302 reg. Kerzen      228/0/0 von 252  Tagen gewertet (1m/5m/15m)     5370 Signale  127 ms lesen  66212 ms rechnen
2026-09-10T05:54:39.010Z  NSC/2025        roh          88603 reg. Kerzen      238/0/0 von 250  Tagen gewertet (1m/5m/15m)     5469 Signale  154 ms lesen  71486 ms rechnen
2026-09-10T05:55:32.444Z  NSC/2026        roh          61958 reg. Kerzen      166/0/0 von 166  Tagen gewertet (1m/5m/15m)     3824 Signale  96 ms lesen  53080 ms rechnen
2026-09-10T05:55:32.803Z  NSSC/2016       bereinigt     9939 reg. Kerzen        0/0/0 von 252  Tagen gewertet (1m/5m/15m)        0 Signale  82 ms lesen  59 ms rechnen
2026-09-10T05:55:32.961Z  NSSC/2017       bereinigt    16630 reg. Kerzen        0/0/0 von 251  Tagen gewertet (1m/5m/15m)        0 Signale  39 ms lesen  97 ms rechnen
2026-09-10T05:55:33.164Z  NSSC/2018       bereinigt    15802 reg. Kerzen        0/0/0 von 250  Tagen gewertet (1m/5m/15m)        0 Signale  42 ms lesen  111 ms rechnen
2026-09-10T05:55:34.072Z  NSSC/2019       bereinigt    38978 reg. Kerzen        2/0/0 von 252  Tagen gewertet (1m/5m/15m)       61 Signale  47 ms lesen  810 ms rechnen
2026-09-10T05:55:34.417Z  NSSC/2020       bereinigt    31989 reg. Kerzen        0/0/0 von 253  Tagen gewertet (1m/5m/15m)        0 Signale  61 ms lesen  151 ms rechnen
2026-09-10T05:55:34.632Z  NSSC/2021       bereinigt    19868 reg. Kerzen        0/0/0 von 252  Tagen gewertet (1m/5m/15m)        0 Signale  25 ms lesen  107 ms rechnen
2026-09-10T05:55:34.917Z  NSSC/2022       bereinigt    38900 reg. Kerzen        0/0/0 von 251  Tagen gewertet (1m/5m/15m)        0 Signale  49 ms lesen  186 ms rechnen
2026-09-10T05:55:46.705Z  NSSC/2023       roh          62082 reg. Kerzen       39/0/0 von 250  Tagen gewertet (1m/5m/15m)     1154 Signale  126 ms lesen  11561 ms rechnen
2026-09-10T05:55:54.215Z  NSSC/2024       roh          59047 reg. Kerzen       22/0/0 von 252  Tagen gewertet (1m/5m/15m)      686 Signale  97 ms lesen  7274 ms rechnen
2026-09-10T05:55:59.036Z  NSSC/2025       roh          54220 reg. Kerzen       14/0/0 von 250  Tagen gewertet (1m/5m/15m)      424 Signale  87 ms lesen  4548 ms rechnen
2026-09-10T05:56:02.515Z  NSSC/2026       roh          34837 reg. Kerzen       10/0/0 von 166  Tagen gewertet (1m/5m/15m)      279 Signale  51 ms lesen  3305 ms rechnen
2026-09-10T05:56:30.387Z  NTCO/2020       roh          78874 reg. Kerzen       89/0/0 von 250  Tagen gewertet (1m/5m/15m)     2792 Signale  121 ms lesen  27630 ms rechnen
2026-09-10T05:57:10.873Z  NTCO/2021       roh          77701 reg. Kerzen      134/0/0 von 252  Tagen gewertet (1m/5m/15m)     4024 Signale  187 ms lesen  40095 ms rechnen
2026-09-10T05:57:54.258Z  NTCO/2022       roh          81995 reg. Kerzen      129/0/0 von 251  Tagen gewertet (1m/5m/15m)     4113 Signale  115 ms lesen  43068 ms rechnen
2026-09-10T05:58:00.407Z  NTCO/2023       roh          72844 reg. Kerzen       18/0/0 von 250  Tagen gewertet (1m/5m/15m)      522 Signale  110 ms lesen  5796 ms rechnen
2026-09-10T05:58:02.792Z  NTCO/2024       roh           8634 reg. Kerzen        7/0/0 von 28   Tagen gewertet (1m/5m/15m)      219 Signale  25 ms lesen  2154 ms rechnen
2026-09-10T05:58:03.380Z  NTLA/2016       roh          34392 reg. Kerzen        1/0/0 von 166  Tagen gewertet (1m/5m/15m)       33 Signale  64 ms lesen  491 ms rechnen
2026-09-10T05:58:14.866Z  NTLA/2017       roh          57870 reg. Kerzen       34/0/0 von 251  Tagen gewertet (1m/5m/15m)     1067 Signale  104 ms lesen  11287 ms rechnen
2026-09-10T05:59:15.948Z  NTLA/2018       roh          81826 reg. Kerzen      180/0/0 von 251  Tagen gewertet (1m/5m/15m)     5758 Signale  120 ms lesen  60777 ms rechnen
2026-09-10T05:59:43.423Z  NTLA/2019       roh          75116 reg. Kerzen       84/0/0 von 252  Tagen gewertet (1m/5m/15m)     2563 Signale  688 ms lesen  26576 ms rechnen
2026-09-10T06:01:03.875Z  NTLA/2020       roh          88255 reg. Kerzen      231/0/0 von 253  Tagen gewertet (1m/5m/15m)     7373 Signale  130 ms lesen  80103 ms rechnen
2026-09-10T06:02:26.889Z  NTLA/2021       roh          89512 reg. Kerzen      228/0/0 von 252  Tagen gewertet (1m/5m/15m)     7330 Signale  130 ms lesen  82654 ms rechnen
2026-09-10T06:03:56.696Z  NTLA/2022       roh          90096 reg. Kerzen      243/0/0 von 251  Tagen gewertet (1m/5m/15m)     7790 Signale  121 ms lesen  89416 ms rechnen
2026-09-10T06:05:19.996Z  NTLA/2023       roh          89621 reg. Kerzen      241/0/0 von 250  Tagen gewertet (1m/5m/15m)     7384 Signale  199 ms lesen  82878 ms rechnen
2026-09-10T06:06:50.752Z  NTLA/2024       roh          94181 reg. Kerzen      252/0/0 von 252  Tagen gewertet (1m/5m/15m)     7809 Signale  131 ms lesen  90356 ms rechnen
2026-09-10T06:08:28.377Z  NTLA/2025       roh          96377 reg. Kerzen      250/0/0 von 250  Tagen gewertet (1m/5m/15m)     8112 Signale  155 ms lesen  97218 ms rechnen
2026-09-10T06:09:33.575Z  NTLA/2026       roh          64330 reg. Kerzen      166/0/0 von 166  Tagen gewertet (1m/5m/15m)     5404 Signale  114 ms lesen  64784 ms rechnen
2026-09-10T06:09:33.865Z  NTRSP/2016      roh           6675 reg. Kerzen        0/0/0 von 252  Tagen gewertet (1m/5m/15m)        0 Signale  38 ms lesen  39 ms rechnen
2026-09-10T06:09:33.951Z  NTRSP/2017      roh           5609 reg. Kerzen        0/0/0 von 251  Tagen gewertet (1m/5m/15m)        0 Signale  25 ms lesen  40 ms rechnen
2026-09-10T06:09:34.058Z  NTRSP/2018      roh           8769 reg. Kerzen        0/0/0 von 249  Tagen gewertet (1m/5m/15m)        0 Signale  40 ms lesen  51 ms rechnen
2026-09-10T06:09:34.158Z  NTRSP/2019      roh          10076 reg. Kerzen        0/0/0 von 252  Tagen gewertet (1m/5m/15m)        0 Signale  29 ms lesen  54 ms rechnen
2026-09-10T06:10:52.844Z  NUE/2016        roh          97854 reg. Kerzen      232/0/0 von 252  Tagen gewertet (1m/5m/15m)     5759 Signale  134 ms lesen  78514 ms rechnen
2026-09-10T06:12:17.920Z  NUE/2017        roh          96903 reg. Kerzen      251/0/0 von 251  Tagen gewertet (1m/5m/15m)     6232 Signale  144 ms lesen  84678 ms rechnen
2026-09-10T06:13:43.079Z  NUE/2018        roh          97061 reg. Kerzen      251/0/0 von 251  Tagen gewertet (1m/5m/15m)     6481 Signale  123 ms lesen  84756 ms rechnen
2026-09-10T06:15:06.340Z  NUE/2019        roh          97048 reg. Kerzen      251/0/0 von 252  Tagen gewertet (1m/5m/15m)     6114 Signale  132 ms lesen  82836 ms rechnen
2026-09-10T06:16:34.965Z  NUE/2020        roh          97433 reg. Kerzen      253/0/0 von 253  Tagen gewertet (1m/5m/15m)     6947 Signale  133 ms lesen  88207 ms rechnen
2026-09-10T06:18:04.192Z  NUE/2021        roh          97072 reg. Kerzen      250/0/0 von 252  Tagen gewertet (1m/5m/15m)     6883 Signale  220 ms lesen  88768 ms rechnen
2026-09-10T06:19:34.582Z  NUE/2022        roh          96380 reg. Kerzen      249/0/0 von 251  Tagen gewertet (1m/5m/15m)     7234 Signale  151 ms lesen  89986 ms rechnen
2026-09-10T06:20:57.552Z  NUE/2023        roh          93853 reg. Kerzen      249/0/0 von 250  Tagen gewertet (1m/5m/15m)     6401 Signale  143 ms lesen  82578 ms rechnen
2026-09-10T06:22:15.464Z  NUE/2024        roh          91823 reg. Kerzen      250/0/0 von 252  Tagen gewertet (1m/5m/15m)     6216 Signale  149 ms lesen  77526 ms rechnen
2026-09-10T06:23:37.828Z  NUE/2025        roh          92805 reg. Kerzen      250/0/0 von 250  Tagen gewertet (1m/5m/15m)     6531 Signale  148 ms lesen  81950 ms rechnen
2026-09-10T06:24:28.161Z  NUE/2026        roh          59403 reg. Kerzen      163/0/0 von 166  Tagen gewertet (1m/5m/15m)     4225 Signale  89 ms lesen  49987 ms rechnen
2026-09-10T06:24:28.385Z  NUZE/2020       bereinigt     2930 reg. Kerzen        0/0/0 von 136  Tagen gewertet (1m/5m/15m)        0 Signale  18 ms lesen  17 ms rechnen
2026-09-10T06:24:28.559Z  NUZE/2021       bereinigt    20860 reg. Kerzen        0/0/0 von 252  Tagen gewertet (1m/5m/15m)        0 Signale  42 ms lesen  122 ms rechnen
2026-09-10T06:24:28.704Z  NUZE/2022       bereinigt    10363 reg. Kerzen        0/0/0 von 251  Tagen gewertet (1m/5m/15m)        0 Signale  30 ms lesen  63 ms rechnen
2026-09-10T06:24:28.813Z  NUZE/2023       roh           6166 reg. Kerzen        0/0/0 von 244  Tagen gewertet (1m/5m/15m)        0 Signale  27 ms lesen  45 ms rechnen
2026-09-10T06:24:29.009Z  NUZE/2024       roh          16086 reg. Kerzen        0/0/0 von 209  Tagen gewertet (1m/5m/15m)        0 Signale  48 ms lesen  128 ms rechnen
2026-09-10T06:24:29.111Z  NVET/2016       roh           4111 reg. Kerzen        0/0/0 von 246  Tagen gewertet (1m/5m/15m)        0 Signale  36 ms lesen  27 ms rechnen
2026-09-10T06:24:29.154Z  NVET/2017       roh           2293 reg. Kerzen        0/0/0 von 140  Tagen gewertet (1m/5m/15m)        0 Signale  14 ms lesen  18 ms rechnen
2026-09-10T06:25:42.983Z  NVO/2016        bereinigt    95856 reg. Kerzen      232/0/0 von 252  Tagen gewertet (1m/5m/15m)     5371 Signale  142 ms lesen  73669 ms rechnen
2026-09-10T06:27:00.421Z  NVO/2017        bereinigt    94605 reg. Kerzen      251/0/0 von 251  Tagen gewertet (1m/5m/15m)     5594 Signale  168 ms lesen  77021 ms rechnen
2026-09-10T06:28:18.911Z  NVO/2018        bereinigt    94998 reg. Kerzen      251/0/0 von 251  Tagen gewertet (1m/5m/15m)     5786 Signale  683 ms lesen  77563 ms rechnen
2026-09-10T06:28:21.034Z  CHECKPOINT 3600 Dateien, 878 min, Detektorfehler {}
2026-09-10T06:29:37.832Z  NVO/2019        bereinigt    95017 reg. Kerzen      251/0/0 von 252  Tagen gewertet (1m/5m/15m)     5587 Signale  146 ms lesen  76652 ms rechnen
2026-09-10T06:30:55.655Z  NVO/2020        bereinigt    93448 reg. Kerzen      250/0/0 von 253  Tagen gewertet (1m/5m/15m)     6006 Signale  117 ms lesen  77436 ms rechnen
2026-09-10T06:32:05.365Z  NVO/2021        bereinigt    88422 reg. Kerzen      245/0/0 von 252  Tagen gewertet (1m/5m/15m)     5363 Signale  123 ms lesen  69337 ms rechnen
2026-09-10T06:33:23.653Z  NVO/2022        bereinigt    93132 reg. Kerzen      249/0/0 von 250  Tagen gewertet (1m/5m/15m)     6237 Signale  146 ms lesen  77951 ms rechnen
2026-09-10T06:34:43.635Z  NVO/2023        bereinigt    95152 reg. Kerzen      250/0/0 von 250  Tagen gewertet (1m/5m/15m)     5881 Signale  134 ms lesen  79585 ms rechnen
2026-09-10T06:36:07.324Z  NVO/2024        roh          97688 reg. Kerzen      252/0/0 von 252  Tagen gewertet (1m/5m/15m)     6085 Signale  157 ms lesen  83265 ms rechnen
2026-09-10T06:37:31.900Z  NVO/2025        roh          96960 reg. Kerzen      250/0/0 von 250  Tagen gewertet (1m/5m/15m)     6448 Signale  237 ms lesen  84099 ms rechnen
2026-09-10T06:38:29.109Z  NVO/2026        roh          64720 reg. Kerzen      166/0/0 von 166  Tagen gewertet (1m/5m/15m)     4285 Signale  221 ms lesen  56715 ms rechnen
2026-09-10T06:38:29.543Z  NVTA/2016       roh          38436 reg. Kerzen        0/0/0 von 252  Tagen gewertet (1m/5m/15m)        0 Signale  68 ms lesen  198 ms rechnen
2026-09-10T06:38:30.094Z  NVTA/2017       roh          56946 reg. Kerzen        0/0/0 von 251  Tagen gewertet (1m/5m/15m)        0 Signale  89 ms lesen  370 ms rechnen
2026-09-10T06:39:06.304Z  NVTA/2018       roh          79383 reg. Kerzen      110/0/0 von 251  Tagen gewertet (1m/5m/15m)     3430 Signale  129 ms lesen  35939 ms rechnen
2026-09-10T06:40:35.829Z  NVTA/2019       roh          94512 reg. Kerzen      247/0/0 von 252  Tagen gewertet (1m/5m/15m)     7858 Signale  131 ms lesen  89184 ms rechnen
2026-09-10T06:42:14.175Z  NVTA/2020       roh          97709 reg. Kerzen      253/0/0 von 253  Tagen gewertet (1m/5m/15m)     8313 Signale  148 ms lesen  97897 ms rechnen
2026-09-10T06:43:49.501Z  NVTA/2021       roh          97024 reg. Kerzen      250/0/0 von 252  Tagen gewertet (1m/5m/15m)     7860 Signale  167 ms lesen  94916 ms rechnen
2026-09-10T06:45:32.137Z  NVTA/2022       roh          96787 reg. Kerzen      249/0/0 von 251  Tagen gewertet (1m/5m/15m)     8430 Signale  155 ms lesen  102188 ms rechnen
2026-09-10T06:46:56.104Z  NVTA/2023       roh          95750 reg. Kerzen      203/0/0 von 250  Tagen gewertet (1m/5m/15m)     6738 Signale  181 ms lesen  83523 ms rechnen
2026-09-10T06:47:00.370Z  NVTA/2024       roh           8988 reg. Kerzen       10/0/0 von 24   Tagen gewertet (1m/5m/15m)      335 Signale  38 ms lesen  3915 ms rechnen
2026-09-10T06:47:46.966Z  NWG/2016        bereinigt    81230 reg. Kerzen      151/0/0 von 252  Tagen gewertet (1m/5m/15m)     4098 Signale  188 ms lesen  46363 ms rechnen
2026-09-10T06:47:59.425Z  NWG/2017        bereinigt    71954 reg. Kerzen       44/0/0 von 251  Tagen gewertet (1m/5m/15m)     1042 Signale  177 ms lesen  12066 ms rechnen
2026-09-10T06:48:19.573Z  NWG/2018        bereinigt    74110 reg. Kerzen       69/0/0 von 251  Tagen gewertet (1m/5m/15m)     1657 Signale  158 ms lesen  19798 ms rechnen
2026-09-10T06:48:32.803Z  NWG/2019        bereinigt    70683 reg. Kerzen       44/0/0 von 252  Tagen gewertet (1m/5m/15m)     1052 Signale  162 ms lesen  12859 ms rechnen
2026-09-10T06:49:09.806Z  NWG/2020        bereinigt    76447 reg. Kerzen      108/0/0 von 253  Tagen gewertet (1m/5m/15m)     3250 Signale  171 ms lesen  36651 ms rechnen
2026-09-10T06:49:15.312Z  NWG/2021        bereinigt    62249 reg. Kerzen       18/0/0 von 252  Tagen gewertet (1m/5m/15m)      496 Signale  144 ms lesen  5129 ms rechnen
2026-09-10T06:49:58.596Z  NWG/2022        bereinigt    78330 reg. Kerzen      148/0/0 von 249  Tagen gewertet (1m/5m/15m)     3794 Signale  168 ms lesen  42939 ms rechnen
2026-09-10T06:50:53.540Z  NWG/2023        roh          82554 reg. Kerzen      189/0/0 von 250  Tagen gewertet (1m/5m/15m)     4361 Signale  158 ms lesen  54567 ms rechnen
2026-09-10T06:51:51.159Z  NWG/2024        roh          83369 reg. Kerzen      204/0/0 von 252  Tagen gewertet (1m/5m/15m)     4704 Signale  126 ms lesen  57238 ms rechnen
2026-09-10T06:53:08.573Z  NWG/2025        roh          92137 reg. Kerzen      249/0/0 von 250  Tagen gewertet (1m/5m/15m)     5693 Signale  133 ms lesen  77024 ms rechnen
2026-09-10T06:54:01.885Z  NWG/2026        roh          62622 reg. Kerzen      166/0/0 von 166  Tagen gewertet (1m/5m/15m)     4004 Signale  101 ms lesen  52949 ms rechnen
2026-09-10T06:54:02.160Z  NWTN/2022       roh           6861 reg. Kerzen        0/0/0 von 33   Tagen gewertet (1m/5m/15m)        0 Signale  39 ms lesen  39 ms rechnen
2026-09-10T06:54:02.278Z  NWTN/2023       roh          10573 reg. Kerzen        0/0/0 von 250  Tagen gewertet (1m/5m/15m)        0 Signale  32 ms lesen  73 ms rechnen
2026-09-10T06:54:02.433Z  NWTN/2024       roh          14043 reg. Kerzen        0/0/0 von 252  Tagen gewertet (1m/5m/15m)        0 Signale  36 ms lesen  90 ms rechnen
2026-09-10T06:54:02.578Z  NWTN/2025       roh          13091 reg. Kerzen        0/0/0 von 161  Tagen gewertet (1m/5m/15m)        0 Signale  34 ms lesen  81 ms rechnen
2026-09-10T06:54:41.860Z  NXST/2016       roh          79613 reg. Kerzen      134/0/0 von 252  Tagen gewertet (1m/5m/15m)     3765 Signale  90 ms lesen  39159 ms rechnen
2026-09-10T06:55:22.094Z  NXST/2017       roh          79051 reg. Kerzen      140/0/0 von 251  Tagen gewertet (1m/5m/15m)     3806 Signale  113 ms lesen  39902 ms rechnen
2026-09-10T06:55:54.376Z  NXST/2018       roh          75163 reg. Kerzen      110/0/0 von 251  Tagen gewertet (1m/5m/15m)     2995 Signale  728 ms lesen  31360 ms rechnen
2026-09-10T06:56:19.926Z  NXST/2019       roh          74643 reg. Kerzen       90/0/0 von 252  Tagen gewertet (1m/5m/15m)     2415 Signale  107 ms lesen  25236 ms rechnen
2026-09-10T06:56:56.402Z  NXST/2020       roh          77260 reg. Kerzen      114/0/0 von 253  Tagen gewertet (1m/5m/15m)     3521 Signale  171 ms lesen  36070 ms rechnen
2026-09-10T06:57:09.454Z  NXST/2021       roh          65539 reg. Kerzen       43/0/0 von 252  Tagen gewertet (1m/5m/15m)     1267 Signale  134 ms lesen  12699 ms rechnen
2026-09-10T06:57:18.622Z  NXST/2022       roh          65593 reg. Kerzen       29/0/0 von 251  Tagen gewertet (1m/5m/15m)      826 Signale  111 ms lesen  8869 ms rechnen
2026-09-10T06:57:25.865Z  NXST/2023       roh          60088 reg. Kerzen       23/0/0 von 250  Tagen gewertet (1m/5m/15m)      659 Signale  117 ms lesen  6970 ms rechnen
2026-09-10T06:57:27.571Z  NXST/2024       roh          50988 reg. Kerzen        4/0/0 von 252  Tagen gewertet (1m/5m/15m)      109 Signale  98 ms lesen  1427 ms rechnen
2026-09-10T06:57:34.493Z  NXST/2025       roh          50967 reg. Kerzen       22/0/0 von 250  Tagen gewertet (1m/5m/15m)      628 Signale  92 ms lesen  6685 ms rechnen
2026-09-10T06:57:35.430Z  NXST/2026       roh          32463 reg. Kerzen        2/0/0 von 166  Tagen gewertet (1m/5m/15m)       56 Signale  57 ms lesen  738 ms rechnen
2026-09-10T06:58:14.129Z  NYLD/2016       roh          79858 reg. Kerzen      136/0/0 von 252  Tagen gewertet (1m/5m/15m)     3818 Signale  107 ms lesen  38485 ms rechnen
2026-09-10T06:58:29.595Z  NYLD/2017       roh          68268 reg. Kerzen       49/0/0 von 251  Tagen gewertet (1m/5m/15m)     1341 Signale  116 ms lesen  15139 ms rechnen
2026-09-10T06:58:47.594Z  NYLD/2018       roh          51943 reg. Kerzen       58/0/0 von 178  Tagen gewertet (1m/5m/15m)     1577 Signale  98 ms lesen  17740 ms rechnen
2026-09-10T06:58:47.983Z  NYMX/2016       roh          31701 reg. Kerzen        0/0/0 von 252  Tagen gewertet (1m/5m/15m)        0 Signale  63 ms lesen  180 ms rechnen
2026-09-10T06:58:48.275Z  NYMX/2017       roh          29825 reg. Kerzen        0/0/0 von 251  Tagen gewertet (1m/5m/15m)        0 Signale  46 ms lesen  146 ms rechnen
2026-09-10T06:58:48.534Z  NYMX/2018       roh          22733 reg. Kerzen        0/0/0 von 251  Tagen gewertet (1m/5m/15m)        0 Signale  38 ms lesen  125 ms rechnen
2026-09-10T06:58:48.753Z  NYMX/2019       roh          19692 reg. Kerzen        0/0/0 von 252  Tagen gewertet (1m/5m/15m)        0 Signale  53 ms lesen  108 ms rechnen
2026-09-10T06:58:49.054Z  NYMX/2020       roh          29833 reg. Kerzen        0/0/0 von 253  Tagen gewertet (1m/5m/15m)        0 Signale  75 ms lesen  158 ms rechnen
2026-09-10T06:58:49.371Z  NYMX/2021       roh          27830 reg. Kerzen        0/0/0 von 252  Tagen gewertet (1m/5m/15m)        0 Signale  70 ms lesen  155 ms rechnen
2026-09-10T06:58:49.622Z  NYMX/2022       roh          16348 reg. Kerzen        0/0/0 von 251  Tagen gewertet (1m/5m/15m)        0 Signale  62 ms lesen  92 ms rechnen
2026-09-10T06:58:49.729Z  NYMX/2023       roh           4301 reg. Kerzen        0/0/0 von 127  Tagen gewertet (1m/5m/15m)        0 Signale  20 ms lesen  33 ms rechnen
2026-09-10T06:58:56.108Z  OAK/2016        roh          59621 reg. Kerzen       22/0/0 von 252  Tagen gewertet (1m/5m/15m)      584 Signale  88 ms lesen  6265 ms rechnen
2026-09-10T06:59:00.942Z  OAK/2017        roh          52832 reg. Kerzen       15/0/0 von 251  Tagen gewertet (1m/5m/15m)      380 Signale  108 ms lesen  4559 ms rechnen
2026-09-10T06:59:04.372Z  OAK/2018        roh          55643 reg. Kerzen       11/0/0 von 251  Tagen gewertet (1m/5m/15m)      268 Signale  73 ms lesen  3217 ms rechnen
2026-09-10T06:59:14.927Z  OAK/2019        roh          48048 reg. Kerzen       40/0/0 von 187  Tagen gewertet (1m/5m/15m)      761 Signale  70 ms lesen  10328 ms rechnen
2026-09-10T06:59:15.285Z  OBDE/2024       roh          26175 reg. Kerzen        0/0/0 von 236  Tagen gewertet (1m/5m/15m)        0 Signale  56 ms lesen  131 ms rechnen
2026-09-10T06:59:15.382Z  OBDE/2025       roh           1329 reg. Kerzen        0/0/0 von 6    Tagen gewertet (1m/5m/15m)        0 Signale  18 ms lesen  16 ms rechnen
2026-09-10T06:59:15.408Z  OCEA/2021       roh            109 reg. Kerzen        0/0/0 von 19   Tagen gewertet (1m/5m/15m)        0 Signale  21 ms lesen  1 ms rechnen
2026-09-10T06:59:15.442Z  OCEA/2022       roh            339 reg. Kerzen        0/0/0 von 117  Tagen gewertet (1m/5m/15m)        0 Signale  30 ms lesen  3 ms rechnen
2026-09-10T06:59:15.716Z  OCEA/2023       roh          33305 reg. Kerzen        0/0/0 von 244  Tagen gewertet (1m/5m/15m)        0 Signale  73 ms lesen  199 ms rechnen
2026-09-10T06:59:16.772Z  OCEA/2024       roh          24888 reg. Kerzen        2/0/0 von 252  Tagen gewertet (1m/5m/15m)       70 Signale  60 ms lesen  919 ms rechnen
2026-09-10T06:59:17.071Z  OCEA/2025       roh          22525 reg. Kerzen        0/0/0 von 76   Tagen gewertet (1m/5m/15m)        0 Signale  64 ms lesen  174 ms rechnen
2026-09-10T06:59:17.146Z  AUSGELASSEN OCEA/2026: Datei fehlt
2026-09-10T06:59:17.282Z  OCRX/2016       roh          14775 reg. Kerzen        0/0/0 von 252  Tagen gewertet (1m/5m/15m)        0 Signale  41 ms lesen  94 ms rechnen
2026-09-10T06:59:17.561Z  OCRX/2017       roh          31764 reg. Kerzen        0/0/0 von 237  Tagen gewertet (1m/5m/15m)        0 Signale  58 ms lesen  182 ms rechnen
2026-09-10T06:59:26.496Z  ODD/2023        roh          32622 reg. Kerzen       27/0/0 von 115  Tagen gewertet (1m/5m/15m)      859 Signale  66 ms lesen  8759 ms rechnen
2026-09-10T06:59:48.729Z  ODD/2024        roh          66121 reg. Kerzen       70/0/0 von 252  Tagen gewertet (1m/5m/15m)     2214 Signale  113 ms lesen  22019 ms rechnen
2026-09-10T07:00:15.702Z  ODD/2025        roh          69966 reg. Kerzen       82/0/0 von 250  Tagen gewertet (1m/5m/15m)     2577 Signale  93 ms lesen  26686 ms rechnen
2026-09-10T07:00:57.038Z  ODD/2026        roh          55247 reg. Kerzen      126/0/0 von 166  Tagen gewertet (1m/5m/15m)     3972 Signale  102 ms lesen  41023 ms rechnen
2026-09-10T07:01:49.010Z  OFC/2016        roh          85251 reg. Kerzen      186/0/0 von 252  Tagen gewertet (1m/5m/15m)     4341 Signale  108 ms lesen  51698 ms rechnen
2026-09-10T07:02:31.537Z  OFC/2017        roh          80013 reg. Kerzen      159/0/0 von 251  Tagen gewertet (1m/5m/15m)     3520 Signale  110 ms lesen  42210 ms rechnen
2026-09-10T07:03:37.366Z  OFC/2018        roh          86873 reg. Kerzen      231/0/0 von 251  Tagen gewertet (1m/5m/15m)     5529 Signale  121 ms lesen  65481 ms rechnen
2026-09-10T07:04:18.914Z  OFC/2019        roh          79598 reg. Kerzen      155/0/0 von 252  Tagen gewertet (1m/5m/15m)     3562 Signale  133 ms lesen  41176 ms rechnen
2026-09-10T07:05:20.042Z  OFC/2020        roh          84057 reg. Kerzen      195/0/0 von 253  Tagen gewertet (1m/5m/15m)     5490 Signale  129 ms lesen  60767 ms rechnen
2026-09-10T07:06:10.390Z  OFC/2021        roh          81996 reg. Kerzen      174/0/0 von 252  Tagen gewertet (1m/5m/15m)     4226 Signale  125 ms lesen  50031 ms rechnen
2026-09-10T07:06:59.413Z  OFC/2022        roh          81377 reg. Kerzen      168/0/0 von 251  Tagen gewertet (1m/5m/15m)     4446 Signale  117 ms lesen  48683 ms rechnen
2026-09-10T07:07:35.734Z  OFC/2023        roh          57418 reg. Kerzen      129/0/0 von 176  Tagen gewertet (1m/5m/15m)     3294 Signale  82 ms lesen  36030 ms rechnen
2026-09-10T07:07:35.900Z  OHAA/2021       roh              4 reg. Kerzen        0/0/0 von 3    Tagen gewertet (1m/5m/15m)        0 Signale  12 ms lesen  0 ms rechnen
2026-09-10T07:07:35.927Z  OHAA/2022       roh            801 reg. Kerzen        0/0/0 von 133  Tagen gewertet (1m/5m/15m)        0 Signale  20 ms lesen  7 ms rechnen
2026-09-10T07:07:35.955Z  OHAA/2023       roh            571 reg. Kerzen        0/0/0 von 113  Tagen gewertet (1m/5m/15m)        0 Signale  19 ms lesen  6 ms rechnen
2026-09-10T07:07:36.197Z  OIG/2022        bereinigt    25452 reg. Kerzen        0/0/0 von 107  Tagen gewertet (1m/5m/15m)        0 Signale  68 ms lesen  159 ms rechnen
2026-09-10T07:07:36.449Z  OIG/2023        bereinigt    21940 reg. Kerzen        0/0/0 von 164  Tagen gewertet (1m/5m/15m)        0 Signale  44 ms lesen  142 ms rechnen
2026-09-10T07:07:36.593Z  OLBK/2016       roh          10028 reg. Kerzen        0/0/0 von 252  Tagen gewertet (1m/5m/15m)        0 Signale  32 ms lesen  56 ms rechnen
2026-09-10T07:07:36.724Z  OLBK/2017       roh          12308 reg. Kerzen        0/0/0 von 251  Tagen gewertet (1m/5m/15m)        0 Signale  31 ms lesen  79 ms rechnen
2026-09-10T07:07:36.933Z  OLBK/2018       roh          19385 reg. Kerzen        0/0/0 von 251  Tagen gewertet (1m/5m/15m)        0 Signale  38 ms lesen  131 ms rechnen
2026-09-10T07:07:37.137Z  OLBK/2019       roh          17555 reg. Kerzen        0/0/0 von 227  Tagen gewertet (1m/5m/15m)        0 Signale  45 ms lesen  109 ms rechnen
2026-09-10T07:07:51.899Z  OLPX/2021       roh          23526 reg. Kerzen       44/0/0 von 65   Tagen gewertet (1m/5m/15m)     1405 Signale  51 ms lesen  14643 ms rechnen
2026-09-10T07:09:24.175Z  OLPX/2022       roh          94981 reg. Kerzen      251/0/0 von 251  Tagen gewertet (1m/5m/15m)     7950 Signale  123 ms lesen  92090 ms rechnen
2026-09-10T07:10:18.720Z  OLPX/2023       roh          92432 reg. Kerzen      149/0/0 von 250  Tagen gewertet (1m/5m/15m)     4603 Signale  126 ms lesen  54136 ms rechnen
2026-09-10T07:10:25.041Z  OLPX/2024       roh          90746 reg. Kerzen       14/0/0 von 252  Tagen gewertet (1m/5m/15m)      424 Signale  137 ms lesen  5910 ms rechnen
2026-09-10T07:10:25.929Z  OLPX/2025       roh          78195 reg. Kerzen        0/0/0 von 250  Tagen gewertet (1m/5m/15m)        0 Signale  107 ms lesen  556 ms rechnen
2026-09-10T07:10:43.209Z  OLPX/2026       roh          42220 reg. Kerzen       41/0/0 von 126  Tagen gewertet (1m/5m/15m)      696 Signale  59 ms lesen  16988 ms rechnen
2026-09-10T07:10:43.702Z  OMED/2016       roh          49327 reg. Kerzen        0/0/0 von 252  Tagen gewertet (1m/5m/15m)        0 Signale  86 ms lesen  272 ms rechnen
2026-09-10T07:10:44.215Z  OMED/2017       roh          47718 reg. Kerzen        0/0/0 von 251  Tagen gewertet (1m/5m/15m)        0 Signale  70 ms lesen  307 ms rechnen
2026-09-10T07:10:44.550Z  OMED/2018       roh          29865 reg. Kerzen        0/0/0 von 251  Tagen gewertet (1m/5m/15m)        0 Signale  52 ms lesen  156 ms rechnen
2026-09-10T07:10:44.731Z  OMED/2019       roh          11491 reg. Kerzen        0/0/0 von 76   Tagen gewertet (1m/5m/15m)        0 Signale  29 ms lesen  74 ms rechnen
2026-09-10T07:10:44.839Z  OMP/2017        roh           8146 reg. Kerzen        0/0/0 von 70   Tagen gewertet (1m/5m/15m)        0 Signale  20 ms lesen  37 ms rechnen
2026-09-10T07:10:45.056Z  OMP/2018        roh          20018 reg. Kerzen        0/0/0 von 251  Tagen gewertet (1m/5m/15m)        0 Signale  58 ms lesen  140 ms rechnen
2026-09-10T07:10:45.339Z  OMP/2019        roh          29567 reg. Kerzen        0/0/0 von 252  Tagen gewertet (1m/5m/15m)        0 Signale  49 ms lesen  168 ms rechnen
2026-09-10T07:10:45.721Z  OMP/2020        roh          41122 reg. Kerzen        0/0/0 von 253  Tagen gewertet (1m/5m/15m)        0 Signale  63 ms lesen  237 ms rechnen
2026-09-10T07:10:47.477Z  OMP/2021        roh          41357 reg. Kerzen        4/0/0 von 252  Tagen gewertet (1m/5m/15m)      121 Signale  69 ms lesen  1583 ms rechnen
2026-09-10T07:10:47.621Z  OMP/2022        roh           3065 reg. Kerzen        0/0/0 von 20   Tagen gewertet (1m/5m/15m)        0 Signale  28 ms lesen  16 ms rechnen
2026-09-10T07:10:48.117Z  ONDK/2016       roh          65981 reg. Kerzen        0/0/0 von 252  Tagen gewertet (1m/5m/15m)        0 Signale  82 ms lesen  407 ms rechnen
2026-09-10T07:10:48.765Z  ONDK/2017       roh          62027 reg. Kerzen        0/0/0 von 251  Tagen gewertet (1m/5m/15m)        0 Signale  88 ms lesen  393 ms rechnen
2026-09-10T07:10:51.365Z  ONDK/2018       roh          72390 reg. Kerzen        6/0/0 von 251  Tagen gewertet (1m/5m/15m)      178 Signale  96 ms lesen  2324 ms rechnen
2026-09-10T07:10:52.042Z  ONDK/2019       roh          66716 reg. Kerzen        0/0/0 von 252  Tagen gewertet (1m/5m/15m)        0 Signale  96 ms lesen  406 ms rechnen
2026-09-10T07:10:52.784Z  ONDK/2020       roh          58420 reg. Kerzen        0/0/0 von 197  Tagen gewertet (1m/5m/15m)        0 Signale  77 ms lesen  471 ms rechnen
2026-09-10T07:10:52.982Z  ONVI/2016       roh           1365 reg. Kerzen        0/0/0 von 178  Tagen gewertet (1m/5m/15m)        0 Signale  27 ms lesen  11 ms rechnen
2026-09-10T07:10:53.012Z  ONVI/2017       roh           1309 reg. Kerzen        0/0/0 von 183  Tagen gewertet (1m/5m/15m)        0 Signale  15 ms lesen  12 ms rechnen
2026-09-10T07:10:53.053Z  OPES/2018       roh            249 reg. Kerzen        0/0/0 von 74   Tagen gewertet (1m/5m/15m)        0 Signale  32 ms lesen  2 ms rechnen
2026-09-10T07:10:53.065Z  OPES/2019       roh            475 reg. Kerzen        0/0/0 von 142  Tagen gewertet (1m/5m/15m)        0 Signale  6 ms lesen  4 ms rechnen
2026-09-10T07:10:56.101Z  OPES/2020       roh          27596 reg. Kerzen        8/0/0 von 175  Tagen gewertet (1m/5m/15m)      262 Signale  50 ms lesen  2983 ms rechnen
2026-09-10T07:10:56.282Z  OPTN/2017       bereinigt     9393 reg. Kerzen        0/0/0 von 54   Tagen gewertet (1m/5m/15m)        0 Signale  37 ms lesen  56 ms rechnen
2026-09-10T07:10:56.642Z  OPTN/2018       bereinigt    38793 reg. Kerzen        0/0/0 von 251  Tagen gewertet (1m/5m/15m)        0 Signale  93 ms lesen  237 ms rechnen
2026-09-10T07:10:57.053Z  OPTN/2019       bereinigt    42334 reg. Kerzen        0/0/0 von 252  Tagen gewertet (1m/5m/15m)        0 Signale  72 ms lesen  233 ms rechnen
2026-09-10T07:10:57.575Z  OPTN/2020       bereinigt    53854 reg. Kerzen        0/0/0 von 253  Tagen gewertet (1m/5m/15m)        0 Signale  90 ms lesen  301 ms rechnen
2026-09-10T07:10:58.137Z  OPTN/2021       bereinigt    50979 reg. Kerzen        0/0/0 von 252  Tagen gewertet (1m/5m/15m)        0 Signale  106 ms lesen  306 ms rechnen
2026-09-10T07:10:58.519Z  OPTN/2022       bereinigt    30427 reg. Kerzen        0/0/0 von 251  Tagen gewertet (1m/5m/15m)        0 Signale  52 ms lesen  181 ms rechnen
2026-09-10T07:10:58.932Z  OPTN/2023       bereinigt    41893 reg. Kerzen        0/0/0 von 250  Tagen gewertet (1m/5m/15m)        0 Signale  119 ms lesen  207 ms rechnen
2026-09-10T07:10:59.417Z  OPTN/2024       bereinigt    50594 reg. Kerzen        0/0/0 von 252  Tagen gewertet (1m/5m/15m)        0 Signale  85 ms lesen  282 ms rechnen
2026-09-10T07:10:59.620Z  OPTN/2025       roh           4940 reg. Kerzen        0/0/0 von 95   Tagen gewertet (1m/5m/15m)        0 Signale  27 ms lesen  36 ms rechnen
2026-09-10T07:11:03.391Z  ORC/2016        bereinigt    55107 reg. Kerzen       12/0/0 von 252  Tagen gewertet (1m/5m/15m)      230 Signale  100 ms lesen  3652 ms rechnen
2026-09-10T07:11:41.604Z  ORC/2017        bereinigt    78629 reg. Kerzen      139/0/0 von 251  Tagen gewertet (1m/5m/15m)     3388 Signale  148 ms lesen  37919 ms rechnen
2026-09-10T07:11:59.231Z  ORC/2018        bereinigt    74494 reg. Kerzen       57/0/0 von 251  Tagen gewertet (1m/5m/15m)     1528 Signale  112 ms lesen  17329 ms rechnen
2026-09-10T07:12:00.006Z  ORC/2019        bereinigt    69957 reg. Kerzen        0/0/0 von 252  Tagen gewertet (1m/5m/15m)        0 Signale  130 ms lesen  445 ms rechnen
2026-09-10T07:12:30.440Z  ORC/2020        bereinigt    80075 reg. Kerzen       88/0/0 von 253  Tagen gewertet (1m/5m/15m)     2716 Signale  147 ms lesen  30097 ms rechnen
2026-09-10T07:13:58.164Z  ORC/2021        bereinigt    93515 reg. Kerzen      246/0/0 von 252  Tagen gewertet (1m/5m/15m)     6147 Signale  197 ms lesen  87336 ms rechnen
2026-09-10T07:15:21.898Z  ORC/2022        bereinigt    91542 reg. Kerzen      238/0/0 von 250  Tagen gewertet (1m/5m/15m)     6947 Signale  233 ms lesen  83276 ms rechnen
2026-09-10T07:16:17.154Z  ORC/2023        roh          82932 reg. Kerzen      189/0/0 von 250  Tagen gewertet (1m/5m/15m)     5002 Signale  734 ms lesen  54251 ms rechnen
2026-09-10T07:17:26.147Z  ORC/2024        roh          87335 reg. Kerzen      231/0/0 von 252  Tagen gewertet (1m/5m/15m)     5562 Signale  112 ms lesen  68655 ms rechnen
2026-09-10T07:18:47.919Z  ORC/2025        roh          94364 reg. Kerzen      250/0/0 von 250  Tagen gewertet (1m/5m/15m)     6274 Signale  144 ms lesen  81363 ms rechnen
2026-09-10T07:19:44.469Z  ORC/2026        roh          63501 reg. Kerzen      166/0/0 von 166  Tagen gewertet (1m/5m/15m)     4113 Signale  96 ms lesen  56242 ms rechnen
2026-09-10T07:20:02.059Z  ORIG/2016       bereinigt    80409 reg. Kerzen       48/0/0 von 252  Tagen gewertet (1m/5m/15m)     1562 Signale  153 ms lesen  17241 ms rechnen
2026-09-10T07:20:03.716Z  ORIG/2017       bereinigt    50405 reg. Kerzen        3/0/0 von 251  Tagen gewertet (1m/5m/15m)      101 Signale  95 ms lesen  1343 ms rechnen
2026-09-10T07:20:24.102Z  ORIG/2018       roh          53814 reg. Kerzen       70/0/0 von 234  Tagen gewertet (1m/5m/15m)     1866 Signale  88 ms lesen  20177 ms rechnen
2026-09-10T07:20:24.256Z  ORSN/2019       roh             32 reg. Kerzen        0/0/0 von 15   Tagen gewertet (1m/5m/15m)        0 Signale  11 ms lesen  1 ms rechnen
2026-09-10T07:20:24.285Z  ORSN/2020       roh           1648 reg. Kerzen        0/0/0 von 137  Tagen gewertet (1m/5m/15m)        0 Signale  16 ms lesen  13 ms rechnen
2026-09-10T07:20:24.349Z  OSHC/2016       roh           5047 reg. Kerzen        0/0/0 von 229  Tagen gewertet (1m/5m/15m)        0 Signale  16 ms lesen  31 ms rechnen
2026-09-10T07:20:24.407Z  OSTR/2021       roh           3880 reg. Kerzen        0/0/0 von 177  Tagen gewertet (1m/5m/15m)        0 Signale  16 ms lesen  29 ms rechnen
2026-09-10T07:20:24.489Z  OSTR/2022       roh           4044 reg. Kerzen        0/0/0 von 208  Tagen gewertet (1m/5m/15m)        0 Signale  35 ms lesen  33 ms rechnen
2026-09-10T07:20:24.607Z  OTIV/2016       roh          12098 reg. Kerzen        0/0/0 von 252  Tagen gewertet (1m/5m/15m)        0 Signale  40 ms lesen  63 ms rechnen
2026-09-10T07:20:24.808Z  OTIV/2017       roh          17817 reg. Kerzen        0/0/0 von 251  Tagen gewertet (1m/5m/15m)        0 Signale  52 ms lesen  108 ms rechnen
2026-09-10T07:20:25.033Z  OTIV/2018       roh          22911 reg. Kerzen        0/0/0 von 251  Tagen gewertet (1m/5m/15m)        0 Signale  42 ms lesen  139 ms rechnen
2026-09-10T07:20:25.197Z  OTIV/2019       roh           9089 reg. Kerzen        0/0/0 von 210  Tagen gewertet (1m/5m/15m)        0 Signale  28 ms lesen  70 ms rechnen
2026-09-10T07:20:25.785Z  OVAS/2016       bereinigt    69556 reg. Kerzen        0/0/0 von 252  Tagen gewertet (1m/5m/15m)        0 Signale  120 ms lesen  436 ms rechnen
2026-09-10T07:20:26.377Z  OVAS/2017       bereinigt    51929 reg. Kerzen        0/0/0 von 251  Tagen gewertet (1m/5m/15m)        0 Signale  86 ms lesen  301 ms rechnen
2026-09-10T07:20:26.743Z  OVAS/2018       bereinigt    24517 reg. Kerzen        0/0/0 von 235  Tagen gewertet (1m/5m/15m)        0 Signale  73 ms lesen  158 ms rechnen
2026-09-10T07:20:26.850Z  OXSQZ/2019      roh           1267 reg. Kerzen        0/0/0 von 178  Tagen gewertet (1m/5m/15m)        0 Signale  30 ms lesen  11 ms rechnen
2026-09-10T07:20:26.895Z  OXSQZ/2020      roh            832 reg. Kerzen        0/0/0 von 215  Tagen gewertet (1m/5m/15m)        0 Signale  37 ms lesen  5 ms rechnen
2026-09-10T07:20:26.923Z  OXSQZ/2021      roh            758 reg. Kerzen        0/0/0 von 192  Tagen gewertet (1m/5m/15m)        0 Signale  21 ms lesen  5 ms rechnen
2026-09-10T07:20:26.953Z  OXSQZ/2022      roh            668 reg. Kerzen        0/0/0 von 171  Tagen gewertet (1m/5m/15m)        0 Signale  21 ms lesen  7 ms rechnen
2026-09-10T07:20:26.979Z  OXSQZ/2023      roh            660 reg. Kerzen        0/0/0 von 188  Tagen gewertet (1m/5m/15m)        0 Signale  18 ms lesen  6 ms rechnen
2026-09-10T07:20:26.995Z  OXSQZ/2024      roh            959 reg. Kerzen        0/0/0 von 212  Tagen gewertet (1m/5m/15m)        0 Signale  5 ms lesen  9 ms rechnen
2026-09-10T07:20:27.021Z  OXSQZ/2025      roh            680 reg. Kerzen        0/0/0 von 148  Tagen gewertet (1m/5m/15m)        0 Signale  14 ms lesen  7 ms rechnen
2026-09-10T07:21:47.556Z  PAA/2016        roh          96664 reg. Kerzen      232/0/0 von 252  Tagen gewertet (1m/5m/15m)     6804 Signale  150 ms lesen  80368 ms rechnen
2026-09-10T07:23:08.483Z  PAA/2017        roh          94601 reg. Kerzen      250/0/0 von 251  Tagen gewertet (1m/5m/15m)     6538 Signale  137 ms lesen  80551 ms rechnen
2026-09-10T07:24:30.768Z  PAA/2018        roh          95132 reg. Kerzen      251/0/0 von 251  Tagen gewertet (1m/5m/15m)     6933 Signale  124 ms lesen  81902 ms rechnen
2026-09-10T07:25:51.847Z  PAA/2019        roh          94264 reg. Kerzen      251/0/0 von 252  Tagen gewertet (1m/5m/15m)     6370 Signale  140 ms lesen  80670 ms rechnen
2026-09-10T07:27:25.634Z  PAA/2020        roh          97678 reg. Kerzen      253/0/0 von 253  Tagen gewertet (1m/5m/15m)     7871 Signale  141 ms lesen  93389 ms rechnen
2026-09-10T07:28:53.609Z  PAA/2021        roh          96652 reg. Kerzen      252/0/0 von 252  Tagen gewertet (1m/5m/15m)     7270 Signale  139 ms lesen  87593 ms rechnen
2026-09-10T07:30:21.239Z  PAA/2022        roh          96343 reg. Kerzen      251/0/0 von 251  Tagen gewertet (1m/5m/15m)     7076 Signale  133 ms lesen  87231 ms rechnen
2026-09-10T07:31:45.105Z  PAA/2023        roh          95800 reg. Kerzen      250/0/0 von 250  Tagen gewertet (1m/5m/15m)     5960 Signale  329 ms lesen  83278 ms rechnen
2026-09-10T07:33:06.098Z  PAA/2024        roh          94983 reg. Kerzen      252/0/0 von 252  Tagen gewertet (1m/5m/15m)     5926 Signale  150 ms lesen  80546 ms rechnen
2026-09-10T07:34:27.144Z  PAA/2025        roh          94958 reg. Kerzen      250/0/0 von 250  Tagen gewertet (1m/5m/15m)     6152 Signale  162 ms lesen  80615 ms rechnen
2026-09-10T07:35:21.030Z  PAA/2026        roh          63702 reg. Kerzen      166/0/0 von 166  Tagen gewertet (1m/5m/15m)     4080 Signale  103 ms lesen  53529 ms rechnen
2026-09-10T07:35:35.177Z  PACS/2024       roh          46873 reg. Kerzen       42/0/0 von 183  Tagen gewertet (1m/5m/15m)     1275 Signale  82 ms lesen  13872 ms rechnen
2026-09-10T07:35:46.095Z  PACS/2025       roh          65617 reg. Kerzen       32/0/0 von 250  Tagen gewertet (1m/5m/15m)      965 Signale  123 ms lesen  10668 ms rechnen
2026-09-10T07:36:05.826Z  PACS/2026       roh          49202 reg. Kerzen       66/0/0 von 166  Tagen gewertet (1m/5m/15m)     1981 Signale  71 ms lesen  19493 ms rechnen
2026-09-10T07:37:27.085Z  PAH/2016        roh          94550 reg. Kerzen      232/0/0 von 252  Tagen gewertet (1m/5m/15m)     7157 Signale  158 ms lesen  80958 ms rechnen
2026-09-10T07:38:47.721Z  PAH/2017        roh          92443 reg. Kerzen      250/0/0 von 251  Tagen gewertet (1m/5m/15m)     6954 Signale  122 ms lesen  80228 ms rechnen
2026-09-10T07:40:11.844Z  PAH/2018        roh          94698 reg. Kerzen      251/0/0 von 251  Tagen gewertet (1m/5m/15m)     7196 Signale  127 ms lesen  83759 ms rechnen
2026-09-10T07:40:19.421Z  PAH/2019        roh           7944 reg. Kerzen       21/0/0 von 21   Tagen gewertet (1m/5m/15m)      617 Signale  24 ms lesen  7264 ms rechnen
2026-09-10T07:40:19.534Z  PAR/2016        roh           7778 reg. Kerzen        0/0/0 von 252  Tagen gewertet (1m/5m/15m)        0 Signale  42 ms lesen  42 ms rechnen
2026-09-10T07:40:19.673Z  PAR/2017        roh          13235 reg. Kerzen        0/0/0 von 251  Tagen gewertet (1m/5m/15m)        0 Signale  47 ms lesen  73 ms rechnen
2026-09-10T07:40:19.920Z  PAR/2018        roh          28809 reg. Kerzen        0/0/0 von 251  Tagen gewertet (1m/5m/15m)        0 Signale  47 ms lesen  160 ms rechnen
2026-09-10T07:40:20.307Z  PAR/2019        roh          40859 reg. Kerzen        0/0/0 von 252  Tagen gewertet (1m/5m/15m)        0 Signale  76 ms lesen  230 ms rechnen
2026-09-10T07:40:26.454Z  PAR/2020        roh          58166 reg. Kerzen       19/0/0 von 253  Tagen gewertet (1m/5m/15m)      603 Signale  96 ms lesen  5937 ms rechnen
2026-09-10T07:40:31.369Z  PAR/2021        roh          54146 reg. Kerzen       14/0/0 von 252  Tagen gewertet (1m/5m/15m)      449 Signale  127 ms lesen  4638 ms rechnen
2026-09-10T07:40:37.317Z  PAR/2022        roh          56391 reg. Kerzen       17/0/0 von 251  Tagen gewertet (1m/5m/15m)      523 Signale  104 ms lesen  5695 ms rechnen
2026-09-10T07:40:38.020Z  PAR/2023        roh          45710 reg. Kerzen        1/0/0 von 250  Tagen gewertet (1m/5m/15m)       20 Signale  83 ms lesen  454 ms rechnen
2026-09-10T07:40:41.587Z  PAR/2024        roh          52753 reg. Kerzen       11/0/0 von 252  Tagen gewertet (1m/5m/15m)      303 Signale  104 ms lesen  3347 ms rechnen
2026-09-10T07:40:54.228Z  PAR/2025        roh          62543 reg. Kerzen       41/0/0 von 250  Tagen gewertet (1m/5m/15m)     1224 Signale  102 ms lesen  12396 ms rechnen
2026-09-10T07:41:24.572Z  PAR/2026        roh          52322 reg. Kerzen       94/0/0 von 166  Tagen gewertet (1m/5m/15m)     2940 Signale  76 ms lesen  30102 ms rechnen
2026-09-10T07:41:29.044Z  PAX/2021        roh          48122 reg. Kerzen       12/0/0 von 239  Tagen gewertet (1m/5m/15m)      358 Signale  84 ms lesen  4227 ms rechnen
2026-09-10T07:41:29.791Z  PAX/2022        roh          48640 reg. Kerzen        1/0/0 von 251  Tagen gewertet (1m/5m/15m)       31 Signale  92 ms lesen  529 ms rechnen
2026-09-10T07:41:30.282Z  PAX/2023        roh          44945 reg. Kerzen        0/0/0 von 250  Tagen gewertet (1m/5m/15m)        0 Signale  63 ms lesen  270 ms rechnen
2026-09-10T07:41:37.147Z  PAX/2024        roh          60923 reg. Kerzen       24/0/0 von 252  Tagen gewertet (1m/5m/15m)      643 Signale  98 ms lesen  6654 ms rechnen
2026-09-10T07:41:40.694Z  PAX/2025        roh          62327 reg. Kerzen       11/0/0 von 250  Tagen gewertet (1m/5m/15m)      307 Signale  93 ms lesen  3296 ms rechnen
2026-09-10T07:42:00.862Z  PAX/2026        roh          49826 reg. Kerzen       70/0/0 von 166  Tagen gewertet (1m/5m/15m)     1957 Signale  63 ms lesen  19913 ms rechnen
2026-09-10T07:42:01.072Z  PBBI/2016       roh           2095 reg. Kerzen        0/0/0 von 226  Tagen gewertet (1m/5m/15m)        0 Signale  22 ms lesen  10 ms rechnen
2026-09-10T07:42:01.130Z  PBBI/2017       roh           2228 reg. Kerzen        0/0/0 von 235  Tagen gewertet (1m/5m/15m)        0 Signale  33 ms lesen  19 ms rechnen
2026-09-10T07:42:01.178Z  PBBI/2018       roh           1433 reg. Kerzen        0/0/0 von 232  Tagen gewertet (1m/5m/15m)        0 Signale  26 ms lesen  13 ms rechnen
2026-09-10T07:42:01.225Z  PBBI/2019       roh           2013 reg. Kerzen        0/0/0 von 210  Tagen gewertet (1m/5m/15m)        0 Signale  23 ms lesen  17 ms rechnen
2026-09-10T07:42:01.265Z  PBBI/2020       roh           2735 reg. Kerzen        0/0/0 von 80   Tagen gewertet (1m/5m/15m)        0 Signale  14 ms lesen  18 ms rechnen
2026-09-10T07:42:01.317Z  PBIP/2016       roh           3659 reg. Kerzen        0/0/0 von 241  Tagen gewertet (1m/5m/15m)        0 Signale  22 ms lesen  19 ms rechnen
2026-09-10T07:42:01.399Z  PBIP/2017       roh           7735 reg. Kerzen        0/0/0 von 249  Tagen gewertet (1m/5m/15m)        0 Signale  11 ms lesen  58 ms rechnen
2026-09-10T07:42:01.476Z  PBIP/2018       roh           4732 reg. Kerzen        0/0/0 von 248  Tagen gewertet (1m/5m/15m)        0 Signale  22 ms lesen  31 ms rechnen
2026-09-10T07:42:01.525Z  PBIP/2019       roh           2678 reg. Kerzen        0/0/0 von 248  Tagen gewertet (1m/5m/15m)        0 Signale  17 ms lesen  22 ms rechnen
2026-09-10T07:42:03.592Z  CHECKPOINT 3800 Dateien, 952 min, Detektorfehler {}
2026-09-10T07:42:03.662Z  PBIP/2020       roh           4202 reg. Kerzen        0/0/0 von 251  Tagen gewertet (1m/5m/15m)        0 Signale  35 ms lesen  34 ms rechnen
2026-09-10T07:42:03.743Z  PBIP/2021       roh           5545 reg. Kerzen        0/0/0 von 251  Tagen gewertet (1m/5m/15m)        0 Signale  29 ms lesen  36 ms rechnen
2026-09-10T07:42:03.800Z  PBIP/2022       roh           3725 reg. Kerzen        0/0/0 von 124  Tagen gewertet (1m/5m/15m)        0 Signale  20 ms lesen  17 ms rechnen
2026-09-10T07:42:03.898Z  PBTS/2019       bereinigt     7908 reg. Kerzen        0/0/0 von 190  Tagen gewertet (1m/5m/15m)        0 Signale  30 ms lesen  39 ms rechnen
2026-09-10T07:42:03.984Z  PBTS/2020       bereinigt     9303 reg. Kerzen        0/0/0 von 253  Tagen gewertet (1m/5m/15m)        0 Signale  17 ms lesen  49 ms rechnen
2026-09-10T07:42:15.285Z  PBTS/2021       bereinigt    58141 reg. Kerzen       29/0/0 von 252  Tagen gewertet (1m/5m/15m)      922 Signale  122 ms lesen  11150 ms rechnen
2026-09-10T07:42:16.022Z  PBTS/2022       bereinigt    64520 reg. Kerzen        0/0/0 von 251  Tagen gewertet (1m/5m/15m)        0 Signale  145 ms lesen  416 ms rechnen
2026-09-10T07:42:16.800Z  PBTS/2023       bereinigt    61381 reg. Kerzen        0/0/0 von 250  Tagen gewertet (1m/5m/15m)        0 Signale  135 ms lesen  444 ms rechnen
2026-09-10T07:42:16.979Z  PBTS/2024       roh           1856 reg. Kerzen        0/0/0 von 19   Tagen gewertet (1m/5m/15m)        0 Signale  10 ms lesen  13 ms rechnen
2026-09-10T07:42:17.067Z  PCOM/2016       roh          12954 reg. Kerzen        0/0/0 von 252  Tagen gewertet (1m/5m/15m)        0 Signale  29 ms lesen  54 ms rechnen
2026-09-10T07:42:17.261Z  PCOM/2017       roh          23281 reg. Kerzen        0/0/0 von 251  Tagen gewertet (1m/5m/15m)        0 Signale  41 ms lesen  128 ms rechnen
2026-09-10T07:42:17.537Z  PCOM/2018       roh          30024 reg. Kerzen        0/0/0 von 250  Tagen gewertet (1m/5m/15m)        0 Signale  69 ms lesen  158 ms rechnen
2026-09-10T07:42:17.774Z  PCOM/2019       roh          21038 reg. Kerzen        0/0/0 von 252  Tagen gewertet (1m/5m/15m)        0 Signale  41 ms lesen  103 ms rechnen
2026-09-10T07:42:17.971Z  PCOM/2020       roh          17796 reg. Kerzen        0/0/0 von 253  Tagen gewertet (1m/5m/15m)        0 Signale  44 ms lesen  103 ms rechnen
2026-09-10T07:42:18.097Z  PCOM/2021       roh           7847 reg. Kerzen        0/0/0 von 252  Tagen gewertet (1m/5m/15m)        0 Signale  36 ms lesen  39 ms rechnen
2026-09-10T07:42:18.183Z  PCOM/2022       roh           7801 reg. Kerzen        0/0/0 von 123  Tagen gewertet (1m/5m/15m)        0 Signale  23 ms lesen  39 ms rechnen
2026-09-10T07:42:18.256Z  PCT/2020        roh           5486 reg. Kerzen        0/0/0 von 87   Tagen gewertet (1m/5m/15m)        0 Signale  18 ms lesen  30 ms rechnen
2026-09-10T07:43:13.783Z  PCT/2021        roh          78012 reg. Kerzen      162/0/0 von 252  Tagen gewertet (1m/5m/15m)     5282 Signale  107 ms lesen  55402 ms rechnen
2026-09-10T07:44:28.383Z  PCT/2022        roh          87211 reg. Kerzen      216/0/0 von 251  Tagen gewertet (1m/5m/15m)     7013 Signale  121 ms lesen  74312 ms rechnen
2026-09-10T07:45:58.136Z  PCT/2023        roh          92706 reg. Kerzen      249/0/0 von 250  Tagen gewertet (1m/5m/15m)     8048 Signale  125 ms lesen  89409 ms rechnen
2026-09-10T07:47:26.817Z  PCT/2024        roh          91525 reg. Kerzen      249/0/0 von 252  Tagen gewertet (1m/5m/15m)     8055 Signale  144 ms lesen  88295 ms rechnen
2026-09-10T07:48:57.368Z  PCT/2025        roh          93926 reg. Kerzen      250/0/0 von 250  Tagen gewertet (1m/5m/15m)     8026 Signale  155 ms lesen  90133 ms rechnen
2026-09-10T07:49:59.978Z  PCT/2026        roh          63965 reg. Kerzen      166/0/0 von 166  Tagen gewertet (1m/5m/15m)     5429 Signale  96 ms lesen  62239 ms rechnen
2026-09-10T07:51:18.339Z  PDCE/2016       roh          93690 reg. Kerzen      230/0/0 von 252  Tagen gewertet (1m/5m/15m)     6693 Signale  129 ms lesen  78030 ms rechnen
2026-09-10T07:52:36.382Z  PDCE/2017       roh          89698 reg. Kerzen      247/0/0 von 251  Tagen gewertet (1m/5m/15m)     7015 Signale  115 ms lesen  77677 ms rechnen
2026-09-10T07:53:57.479Z  PDCE/2018       roh          89995 reg. Kerzen      247/0/0 von 251  Tagen gewertet (1m/5m/15m)     7347 Signale  152 ms lesen  80705 ms rechnen
2026-09-10T07:55:23.684Z  PDCE/2019       roh          94003 reg. Kerzen      251/0/0 von 252  Tagen gewertet (1m/5m/15m)     7577 Signale  131 ms lesen  85823 ms rechnen
2026-09-10T07:56:54.123Z  PDCE/2020       roh          94946 reg. Kerzen      252/0/0 von 253  Tagen gewertet (1m/5m/15m)     8175 Signale  158 ms lesen  90045 ms rechnen
2026-09-10T07:58:10.719Z  PDCE/2021       roh          88911 reg. Kerzen      235/0/0 von 252  Tagen gewertet (1m/5m/15m)     7164 Signale  150 ms lesen  76206 ms rechnen
2026-09-10T07:59:29.830Z  PDCE/2022       roh          90513 reg. Kerzen      240/0/0 von 251  Tagen gewertet (1m/5m/15m)     7405 Signale  123 ms lesen  78767 ms rechnen
2026-09-10T08:00:13.128Z  PDCE/2023       roh          53191 reg. Kerzen      137/0/0 von 148  Tagen gewertet (1m/5m/15m)     3612 Signale  78 ms lesen  42987 ms rechnen
2026-09-10T08:00:19.152Z  PEAK/2019       roh          14697 reg. Kerzen       19/0/0 von 39   Tagen gewertet (1m/5m/15m)      430 Signale  48 ms lesen  5803 ms rechnen
2026-09-10T08:01:47.384Z  PEAK/2020       roh          97942 reg. Kerzen      253/0/0 von 253  Tagen gewertet (1m/5m/15m)     6951 Signale  135 ms lesen  88061 ms rechnen
2026-09-10T08:03:08.352Z  PEAK/2021       roh          96220 reg. Kerzen      250/0/0 von 252  Tagen gewertet (1m/5m/15m)     5921 Signale  126 ms lesen  80574 ms rechnen
2026-09-10T08:04:29.947Z  PEAK/2022       roh          96622 reg. Kerzen      249/0/0 von 251  Tagen gewertet (1m/5m/15m)     6450 Signale  229 ms lesen  81129 ms rechnen
2026-09-10T08:05:52.664Z  PEAK/2023       roh          96788 reg. Kerzen      250/0/0 von 250  Tagen gewertet (1m/5m/15m)     6328 Signale  120 ms lesen  82335 ms rechnen
2026-09-10T08:06:07.192Z  PEAK/2024       roh          16348 reg. Kerzen       42/0/0 von 42   Tagen gewertet (1m/5m/15m)     1125 Signale  38 ms lesen  14238 ms rechnen
2026-09-10T08:06:07.293Z  PEGR/2021       roh              9 reg. Kerzen        0/0/0 von 4    Tagen gewertet (1m/5m/15m)        0 Signale  24 ms lesen  0 ms rechnen
2026-09-10T08:06:07.329Z  PEGR/2022       roh            515 reg. Kerzen        0/0/0 von 119  Tagen gewertet (1m/5m/15m)        0 Signale  30 ms lesen  5 ms rechnen
2026-09-10T08:06:07.378Z  PEGR/2023       roh           1141 reg. Kerzen        0/0/0 von 189  Tagen gewertet (1m/5m/15m)        0 Signale  35 ms lesen  11 ms rechnen
2026-09-10T08:06:07.406Z  PEGR/2024       roh           1344 reg. Kerzen        0/0/0 von 119  Tagen gewertet (1m/5m/15m)        0 Signale  16 ms lesen  7 ms rechnen
2026-09-10T08:06:07.652Z  PER/2016        roh          36771 reg. Kerzen        0/0/0 von 252  Tagen gewertet (1m/5m/15m)        0 Signale  59 ms lesen  180 ms rechnen
2026-09-10T08:06:07.972Z  PER/2017        roh          24439 reg. Kerzen        0/0/0 von 251  Tagen gewertet (1m/5m/15m)        0 Signale  54 ms lesen  163 ms rechnen
2026-09-10T08:06:08.239Z  PER/2018        roh          24824 reg. Kerzen        0/0/0 von 251  Tagen gewertet (1m/5m/15m)        0 Signale  63 ms lesen  122 ms rechnen
2026-09-10T08:06:08.505Z  PER/2019        roh          19265 reg. Kerzen        0/0/0 von 252  Tagen gewertet (1m/5m/15m)        0 Signale  67 ms lesen  118 ms rechnen
2026-09-10T08:06:08.718Z  PER/2020        roh          19583 reg. Kerzen        0/0/0 von 173  Tagen gewertet (1m/5m/15m)        0 Signale  43 ms lesen  111 ms rechnen
2026-09-10T08:07:13.546Z  PF/2016         roh          90266 reg. Kerzen      225/0/0 von 252  Tagen gewertet (1m/5m/15m)     5149 Signale  104 ms lesen  64659 ms rechnen
2026-09-10T08:08:20.718Z  PF/2017         roh          88447 reg. Kerzen      240/0/0 von 251  Tagen gewertet (1m/5m/15m)     5417 Signale  149 ms lesen  66788 ms rechnen
2026-09-10T08:09:19.986Z  PF/2018         roh          75340 reg. Kerzen      202/0/0 von 207  Tagen gewertet (1m/5m/15m)     4455 Signale  124 ms lesen  58915 ms rechnen
2026-09-10T08:09:25.784Z  PFGC/2016       roh          59120 reg. Kerzen       18/0/0 von 252  Tagen gewertet (1m/5m/15m)      469 Signale  88 ms lesen  5518 ms rechnen
2026-09-10T08:10:05.966Z  PFGC/2017       roh          76107 reg. Kerzen      130/0/0 von 251  Tagen gewertet (1m/5m/15m)     3372 Signale  122 ms lesen  39895 ms rechnen
2026-09-10T08:10:42.402Z  PFGC/2018       roh          76779 reg. Kerzen      125/0/0 von 251  Tagen gewertet (1m/5m/15m)     3354 Signale  136 ms lesen  36100 ms rechnen
2026-09-10T08:11:23.065Z  PFGC/2019       roh          79765 reg. Kerzen      151/0/0 von 252  Tagen gewertet (1m/5m/15m)     3795 Signale  118 ms lesen  40303 ms rechnen
2026-09-10T08:12:43.309Z  PFGC/2020       roh          91408 reg. Kerzen      238/0/0 von 253  Tagen gewertet (1m/5m/15m)     7301 Signale  137 ms lesen  79907 ms rechnen
2026-09-10T08:13:57.661Z  PFGC/2021       roh          89054 reg. Kerzen      232/0/0 von 252  Tagen gewertet (1m/5m/15m)     6666 Signale  128 ms lesen  73973 ms rechnen
2026-09-10T08:15:19.902Z  PFGC/2022       roh          92169 reg. Kerzen      248/0/0 von 251  Tagen gewertet (1m/5m/15m)     7086 Signale  243 ms lesen  81778 ms rechnen
2026-09-10T08:16:25.857Z  PFGC/2023       roh          86502 reg. Kerzen      229/0/0 von 250  Tagen gewertet (1m/5m/15m)     5446 Signale  103 ms lesen  65579 ms rechnen
2026-09-10T08:17:21.823Z  PFGC/2024       roh          84086 reg. Kerzen      194/0/0 von 252  Tagen gewertet (1m/5m/15m)     4621 Signale  366 ms lesen  55399 ms rechnen
2026-09-10T08:18:18.143Z  PFGC/2025       roh          83838 reg. Kerzen      194/0/0 von 250  Tagen gewertet (1m/5m/15m)     4795 Signale  101 ms lesen  55963 ms rechnen
2026-09-10T08:19:05.392Z  PFGC/2026       roh          58920 reg. Kerzen      155/0/0 von 166  Tagen gewertet (1m/5m/15m)     4069 Signale  82 ms lesen  46937 ms rechnen
2026-09-10T08:19:05.887Z  PFS/2016        roh          52263 reg. Kerzen        0/0/0 von 252  Tagen gewertet (1m/5m/15m)        0 Signale  91 ms lesen  239 ms rechnen
2026-09-10T08:19:06.377Z  PFS/2017        roh          49835 reg. Kerzen        0/0/0 von 251  Tagen gewertet (1m/5m/15m)        0 Signale  83 ms lesen  298 ms rechnen
2026-09-10T08:19:06.861Z  PFS/2018        roh          47133 reg. Kerzen        0/0/0 von 251  Tagen gewertet (1m/5m/15m)        0 Signale  97 ms lesen  243 ms rechnen
2026-09-10T08:19:07.388Z  PFS/2019        roh          48474 reg. Kerzen        0/0/0 von 252  Tagen gewertet (1m/5m/15m)        0 Signale  98 ms lesen  272 ms rechnen
2026-09-10T08:19:08.729Z  PFS/2020        roh          62410 reg. Kerzen        2/0/0 von 253  Tagen gewertet (1m/5m/15m)       60 Signale  91 ms lesen  1142 ms rechnen
2026-09-10T08:19:09.272Z  PFS/2021        roh          51451 reg. Kerzen        0/0/0 von 252  Tagen gewertet (1m/5m/15m)        0 Signale  105 ms lesen  299 ms rechnen
2026-09-10T08:19:12.591Z  PFS/2022        roh          59741 reg. Kerzen       10/0/0 von 251  Tagen gewertet (1m/5m/15m)      260 Signale  120 ms lesen  3061 ms rechnen
2026-09-10T08:19:32.606Z  PFS/2023        roh          72302 reg. Kerzen       70/0/0 von 250  Tagen gewertet (1m/5m/15m)     1941 Signale  106 ms lesen  19741 ms rechnen
2026-09-10T08:20:09.253Z  PFS/2024        roh          76951 reg. Kerzen      128/0/0 von 252  Tagen gewertet (1m/5m/15m)     3483 Signale  100 ms lesen  36363 ms rechnen
2026-09-10T08:20:18.210Z  PFS/2025        roh          66343 reg. Kerzen       30/0/0 von 250  Tagen gewertet (1m/5m/15m)      810 Signale  88 ms lesen  8658 ms rechnen
2026-09-10T08:20:49.241Z  PFS/2026        roh          53422 reg. Kerzen      112/0/0 von 166  Tagen gewertet (1m/5m/15m)     2675 Signale  83 ms lesen  30754 ms rechnen
2026-09-10T08:20:49.645Z  PGLC/2016       roh          34496 reg. Kerzen        0/0/0 von 252  Tagen gewertet (1m/5m/15m)        0 Signale  57 ms lesen  192 ms rechnen
2026-09-10T08:20:49.912Z  PGLC/2017       roh          20427 reg. Kerzen        0/0/0 von 251  Tagen gewertet (1m/5m/15m)        0 Signale  61 ms lesen  114 ms rechnen
2026-09-10T08:20:50.118Z  PGLC/2018       roh          14512 reg. Kerzen        0/0/0 von 251  Tagen gewertet (1m/5m/15m)        0 Signale  50 ms lesen  91 ms rechnen
2026-09-10T08:20:50.219Z  PGLC/2019       roh           2882 reg. Kerzen        0/0/0 von 64   Tagen gewertet (1m/5m/15m)        0 Signale  26 ms lesen  24 ms rechnen
2026-09-10T08:20:50.269Z  PGSS/2021       roh            219 reg. Kerzen        0/0/0 von 14   Tagen gewertet (1m/5m/15m)        0 Signale  24 ms lesen  2 ms rechnen
2026-09-10T08:20:50.294Z  PGSS/2022       roh            609 reg. Kerzen        0/0/0 von 144  Tagen gewertet (1m/5m/15m)        0 Signale  17 ms lesen  7 ms rechnen
2026-09-10T08:20:50.331Z  PGSS/2023       roh            648 reg. Kerzen        0/0/0 von 157  Tagen gewertet (1m/5m/15m)        0 Signale  27 ms lesen  6 ms rechnen
2026-09-10T08:20:50.345Z  PGSS/2024       roh            337 reg. Kerzen        0/0/0 von 62   Tagen gewertet (1m/5m/15m)        0 Signale  7 ms lesen  4 ms rechnen
2026-09-10T08:21:16.179Z  PHH/2016        roh          76343 reg. Kerzen       84/0/0 von 252  Tagen gewertet (1m/5m/15m)     2502 Signale  193 ms lesen  25638 ms rechnen
2026-09-10T08:21:20.927Z  PHH/2017        roh          68072 reg. Kerzen        7/0/0 von 251  Tagen gewertet (1m/5m/15m)      174 Signale  1987 ms lesen  2536 ms rechnen
2026-09-10T08:21:22.966Z  PHH/2018        roh          35829 reg. Kerzen        0/0/0 von 191  Tagen gewertet (1m/5m/15m)        0 Signale  1593 ms lesen  251 ms rechnen
2026-09-10T08:21:23.046Z  AUSGELASSEN PHH/2019: Datei fehlt
2026-09-10T08:21:23.171Z  AUSGELASSEN PHH/2020: Datei fehlt
2026-09-10T08:21:23.172Z  AUSGELASSEN PHH/2021: Datei fehlt
2026-09-10T08:21:23.172Z  AUSGELASSEN PHH/2022: Datei fehlt
2026-09-10T08:21:23.173Z  AUSGELASSEN PHH/2023: Datei fehlt
2026-09-10T08:21:23.338Z  PHH/2024        roh            444 reg. Kerzen        0/0/0 von 3    Tagen gewertet (1m/5m/15m)        0 Signale  163 ms lesen  2 ms rechnen
2026-09-10T08:21:27.721Z  PHH/2025        roh          27259 reg. Kerzen       11/0/0 von 205  Tagen gewertet (1m/5m/15m)      334 Signale  505 ms lesen  3876 ms rechnen
2026-09-10T08:21:30.188Z  PHR/2019        roh          23976 reg. Kerzen        3/0/0 von 116  Tagen gewertet (1m/5m/15m)       97 Signale  1264 ms lesen  1131 ms rechnen
2026-09-10T08:21:51.471Z  PHR/2020        roh          68980 reg. Kerzen       59/0/0 von 253  Tagen gewertet (1m/5m/15m)     1801 Signale  2036 ms lesen  19174 ms rechnen
2026-09-10T08:22:15.699Z  PHR/2021        roh          66451 reg. Kerzen       64/0/0 von 252  Tagen gewertet (1m/5m/15m)     1949 Signale  3237 ms lesen  20787 ms rechnen
2026-09-10T08:22:46.569Z  PHR/2022        roh          69786 reg. Kerzen       82/0/0 von 250  Tagen gewertet (1m/5m/15m)     2516 Signale  1814 ms lesen  28866 ms rechnen
2026-09-10T08:22:58.414Z  PHR/2023        roh          66466 reg. Kerzen       35/0/0 von 250  Tagen gewertet (1m/5m/15m)     1055 Signale  109 ms lesen  11535 ms rechnen
2026-09-10T08:23:08.709Z  PHR/2024        roh          62034 reg. Kerzen       32/0/0 von 252  Tagen gewertet (1m/5m/15m)      974 Signale  100 ms lesen  10021 ms rechnen
2026-09-10T08:23:26.366Z  PHR/2025        roh          67427 reg. Kerzen       53/0/0 von 250  Tagen gewertet (1m/5m/15m)     1620 Signale  92 ms lesen  17402 ms rechnen
2026-09-10T08:24:03.874Z  PHR/2026        roh          54420 reg. Kerzen      112/0/0 von 166  Tagen gewertet (1m/5m/15m)     3347 Signale  76 ms lesen  37234 ms rechnen
2026-09-10T08:24:04.300Z  PICO/2016       roh          33249 reg. Kerzen        0/0/0 von 252  Tagen gewertet (1m/5m/15m)        0 Signale  62 ms lesen  198 ms rechnen
2026-09-10T08:24:04.616Z  PICO/2017       roh          29065 reg. Kerzen        0/0/0 von 251  Tagen gewertet (1m/5m/15m)        0 Signale  69 ms lesen  149 ms rechnen
2026-09-10T08:24:04.931Z  PICO/2018       roh          27298 reg. Kerzen        0/0/0 von 251  Tagen gewertet (1m/5m/15m)        0 Signale  75 ms lesen  151 ms rechnen
2026-09-10T08:24:05.177Z  PICO/2019       roh          21295 reg. Kerzen        0/0/0 von 252  Tagen gewertet (1m/5m/15m)        0 Signale  69 ms lesen  105 ms rechnen
2026-09-10T08:24:05.393Z  PICO/2020       roh          19569 reg. Kerzen        0/0/0 von 253  Tagen gewertet (1m/5m/15m)        0 Signale  36 ms lesen  131 ms rechnen
2026-09-10T08:24:05.496Z  PICO/2021       roh           2678 reg. Kerzen        0/0/0 von 44   Tagen gewertet (1m/5m/15m)        0 Signale  20 ms lesen  12 ms rechnen
2026-09-10T08:24:07.542Z  PIPP/2021       roh          35887 reg. Kerzen        6/0/0 von 249  Tagen gewertet (1m/5m/15m)      191 Signale  80 ms lesen  1956 ms rechnen
2026-09-10T08:24:07.829Z  PIPP/2022       roh           7407 reg. Kerzen        0/0/0 von 207  Tagen gewertet (1m/5m/15m)        0 Signale  158 ms lesen  47 ms rechnen
2026-09-10T08:24:07.891Z  PKBO/2021       roh            815 reg. Kerzen        0/0/0 von 137  Tagen gewertet (1m/5m/15m)        0 Signale  11 ms lesen  7 ms rechnen
2026-09-10T08:24:07.942Z  PKBO/2022       roh           4646 reg. Kerzen        0/0/0 von 148  Tagen gewertet (1m/5m/15m)        0 Signale  13 ms lesen  35 ms rechnen
2026-09-10T08:24:07.977Z  PKBO/2023       roh            134 reg. Kerzen        0/0/0 von 5    Tagen gewertet (1m/5m/15m)        0 Signale  20 ms lesen  4 ms rechnen
2026-09-10T08:24:07.978Z  AUSGELASSEN PKBO/2024: Datei fehlt
2026-09-10T08:24:07.980Z  AUSGELASSEN PKBO/2025: Datei fehlt
2026-09-10T08:24:08.005Z  PLAO/2022       roh            486 reg. Kerzen        0/0/0 von 95   Tagen gewertet (1m/5m/15m)        0 Signale  20 ms lesen  4 ms rechnen
2026-09-10T08:24:08.036Z  PLAO/2023       roh           1345 reg. Kerzen        0/0/0 von 196  Tagen gewertet (1m/5m/15m)        0 Signale  17 ms lesen  12 ms rechnen
2026-09-10T08:24:08.074Z  PLAO/2024       roh            452 reg. Kerzen        0/0/0 von 137  Tagen gewertet (1m/5m/15m)        0 Signale  27 ms lesen  5 ms rechnen
2026-09-10T08:24:08.089Z  PLAO/2025       roh             14 reg. Kerzen        0/0/0 von 9    Tagen gewertet (1m/5m/15m)        0 Signale  12 ms lesen  0 ms rechnen
2026-09-10T08:24:08.302Z  PLM/2016        bereinigt    15091 reg. Kerzen        0/0/0 von 252  Tagen gewertet (1m/5m/15m)        0 Signale  121 ms lesen  90 ms rechnen
2026-09-10T08:24:08.484Z  PLM/2017        bereinigt    16272 reg. Kerzen        0/0/0 von 251  Tagen gewertet (1m/5m/15m)        0 Signale  46 ms lesen  103 ms rechnen
2026-09-10T08:24:08.734Z  PLM/2018        bereinigt    28103 reg. Kerzen        0/0/0 von 251  Tagen gewertet (1m/5m/15m)        0 Signale  42 ms lesen  165 ms rechnen
2026-09-10T08:24:09.065Z  PLM/2019        bereinigt    28351 reg. Kerzen        0/0/0 von 252  Tagen gewertet (1m/5m/15m)        0 Signale  59 ms lesen  181 ms rechnen
2026-09-10T08:24:10.143Z  PLM/2020        bereinigt    57206 reg. Kerzen        1/0/0 von 253  Tagen gewertet (1m/5m/15m)       36 Signale  108 ms lesen  878 ms rechnen
2026-09-10T08:24:10.997Z  PLM/2021        roh          38066 reg. Kerzen        1/0/0 von 252  Tagen gewertet (1m/5m/15m)       34 Signale  66 ms lesen  630 ms rechnen
2026-09-10T08:24:11.270Z  PLM/2022        roh          21231 reg. Kerzen        0/0/0 von 251  Tagen gewertet (1m/5m/15m)        0 Signale  42 ms lesen  117 ms rechnen
2026-09-10T08:24:11.504Z  PLM/2023        roh          18888 reg. Kerzen        0/0/0 von 213  Tagen gewertet (1m/5m/15m)        0 Signale  45 ms lesen  116 ms rechnen
2026-09-10T08:24:29.129Z  PLTR/2020       roh          24742 reg. Kerzen       45/0/0 von 65   Tagen gewertet (1m/5m/15m)     1468 Signale  81 ms lesen  17506 ms rechnen
2026-09-10T08:26:04.713Z  PLTR/2021       roh          97317 reg. Kerzen      250/0/0 von 252  Tagen gewertet (1m/5m/15m)     7685 Signale  239 ms lesen  95265 ms rechnen
2026-09-10T08:27:48.096Z  PLTR/2022       roh          97005 reg. Kerzen      249/0/0 von 250  Tagen gewertet (1m/5m/15m)     7854 Signale  8505 ms lesen  94606 ms rechnen
2026-09-10T08:29:20.845Z  PLTR/2023       roh          97127 reg. Kerzen      250/0/0 von 250  Tagen gewertet (1m/5m/15m)     7758 Signale  225 ms lesen  92227 ms rechnen
2026-09-10T08:30:52.152Z  PLTR/2024       roh          97740 reg. Kerzen      252/0/0 von 252  Tagen gewertet (1m/5m/15m)     7399 Signale  258 ms lesen  90756 ms rechnen
2026-09-10T08:32:24.203Z  PLTR/2025       roh          96956 reg. Kerzen      250/0/0 von 250  Tagen gewertet (1m/5m/15m)     7445 Signale  273 ms lesen  91538 ms rechnen
2026-09-10T08:33:25.458Z  PLTR/2026       roh          64740 reg. Kerzen      166/0/0 von 166  Tagen gewertet (1m/5m/15m)     4845 Signale  189 ms lesen  60822 ms rechnen
2026-09-10T08:33:25.776Z  PMBC/2016       roh          15865 reg. Kerzen        0/0/0 von 252  Tagen gewertet (1m/5m/15m)        0 Signale  43 ms lesen  69 ms rechnen
2026-09-10T08:33:25.913Z  PMBC/2017       roh           8853 reg. Kerzen        0/0/0 von 251  Tagen gewertet (1m/5m/15m)        0 Signale  40 ms lesen  51 ms rechnen
2026-09-10T08:33:26.052Z  PMBC/2018       roh           7933 reg. Kerzen        0/0/0 von 250  Tagen gewertet (1m/5m/15m)        0 Signale  51 ms lesen  60 ms rechnen
2026-09-10T08:33:26.168Z  PMBC/2019       roh           9410 reg. Kerzen        0/0/0 von 252  Tagen gewertet (1m/5m/15m)        0 Signale  49 ms lesen  42 ms rechnen
2026-09-10T08:33:26.323Z  PMBC/2020       roh          13198 reg. Kerzen        0/0/0 von 253  Tagen gewertet (1m/5m/15m)        0 Signale  47 ms lesen  80 ms rechnen
2026-09-10T08:33:26.471Z  PMBC/2021       roh          11417 reg. Kerzen        0/0/0 von 200  Tagen gewertet (1m/5m/15m)        0 Signale  34 ms lesen  69 ms rechnen
2026-09-10T08:33:26.539Z  PNAC/2022       roh            405 reg. Kerzen        0/0/0 von 76   Tagen gewertet (1m/5m/15m)        0 Signale  15 ms lesen  4 ms rechnen
2026-09-10T08:33:26.559Z  PNAC/2023       roh           1671 reg. Kerzen        0/0/0 von 125  Tagen gewertet (1m/5m/15m)        0 Signale  8 ms lesen  10 ms rechnen
2026-09-10T08:33:26.731Z  PNST/2024       roh          15366 reg. Kerzen        0/0/0 von 252  Tagen gewertet (1m/5m/15m)        0 Signale  65 ms lesen  99 ms rechnen
2026-09-10T08:33:26.821Z  PNST/2025       roh           2711 reg. Kerzen        0/0/0 von 42   Tagen gewertet (1m/5m/15m)        0 Signale  34 ms lesen  24 ms rechnen
2026-09-10T08:33:26.932Z  POAI/2019       bereinigt     5922 reg. Kerzen        0/0/0 von 139  Tagen gewertet (1m/5m/15m)        0 Signale  38 ms lesen  30 ms rechnen
2026-09-10T08:33:27.272Z  POAI/2020       bereinigt    40483 reg. Kerzen        0/0/0 von 253  Tagen gewertet (1m/5m/15m)        0 Signale  83 ms lesen  239 ms rechnen
2026-09-10T08:33:37.982Z  POAI/2021       bereinigt    74022 reg. Kerzen       27/0/0 von 252  Tagen gewertet (1m/5m/15m)      933 Signale  138 ms lesen  10459 ms rechnen
2026-09-10T08:33:38.446Z  POAI/2022       bereinigt    30616 reg. Kerzen        0/0/0 von 251  Tagen gewertet (1m/5m/15m)        0 Signale  65 ms lesen  198 ms rechnen
2026-09-10T08:33:38.726Z  POAI/2023       bereinigt    21755 reg. Kerzen        0/0/0 von 250  Tagen gewertet (1m/5m/15m)        0 Signale  60 ms lesen  138 ms rechnen
2026-09-10T08:33:38.910Z  POAI/2024       bereinigt    17449 reg. Kerzen        0/0/0 von 252  Tagen gewertet (1m/5m/15m)        0 Signale  38 ms lesen  91 ms rechnen
2026-09-10T08:33:39.156Z  POAI/2025       bereinigt    22898 reg. Kerzen        0/0/0 von 237  Tagen gewertet (1m/5m/15m)        0 Signale  47 ms lesen  145 ms rechnen
2026-09-10T08:33:39.266Z  PORT/2022       roh            346 reg. Kerzen        0/0/0 von 128  Tagen gewertet (1m/5m/15m)        0 Signale  34 ms lesen  5 ms rechnen
2026-09-10T08:33:39.305Z  PORT/2023       roh           1332 reg. Kerzen        0/0/0 von 176  Tagen gewertet (1m/5m/15m)        0 Signale  26 ms lesen  11 ms rechnen
2026-09-10T08:33:39.325Z  PORT/2024       roh            134 reg. Kerzen        0/0/0 von 37   Tagen gewertet (1m/5m/15m)        0 Signale  12 ms lesen  2 ms rechnen
2026-09-10T08:34:32.043Z  PPD/2020        roh          76707 reg. Kerzen      158/0/0 von 229  Tagen gewertet (1m/5m/15m)     4720 Signale  97 ms lesen  52619 ms rechnen
2026-09-10T08:35:18.037Z  PPD/2021        roh          76188 reg. Kerzen      149/0/0 von 235  Tagen gewertet (1m/5m/15m)     3032 Signale  101 ms lesen  45709 ms rechnen
2026-09-10T08:35:18.925Z  PPP/2016        roh          78940 reg. Kerzen        0/0/0 von 252  Tagen gewertet (1m/5m/15m)        0 Signale  97 ms lesen  547 ms rechnen
2026-09-10T08:35:19.596Z  PPP/2017        roh          44013 reg. Kerzen        0/0/0 von 155  Tagen gewertet (1m/5m/15m)        0 Signale  68 ms lesen  383 ms rechnen
2026-09-10T08:35:19.798Z  PRAN/2016       bereinigt    11255 reg. Kerzen        0/0/0 von 252  Tagen gewertet (1m/5m/15m)        0 Signale  23 ms lesen  66 ms rechnen
2026-09-10T08:35:19.919Z  PRAN/2017       roh          10985 reg. Kerzen        0/0/0 von 251  Tagen gewertet (1m/5m/15m)        0 Signale  28 ms lesen  63 ms rechnen
2026-09-10T08:35:20.027Z  PRAN/2018       roh           5615 reg. Kerzen        0/0/0 von 248  Tagen gewertet (1m/5m/15m)        0 Signale  50 ms lesen  31 ms rechnen
2026-09-10T08:35:20.086Z  PRAN/2019       roh           3047 reg. Kerzen        0/0/0 von 67   Tagen gewertet (1m/5m/15m)        0 Signale  20 ms lesen  22 ms rechnen
2026-09-10T08:35:20.199Z  PRG/2020        roh           6976 reg. Kerzen        0/0/0 von 22   Tagen gewertet (1m/5m/15m)        0 Signale  38 ms lesen  49 ms rechnen
2026-09-10T08:35:38.985Z  PRG/2021        roh          70998 reg. Kerzen       64/0/0 von 252  Tagen gewertet (1m/5m/15m)     1853 Signale  113 ms lesen  18659 ms rechnen
2026-09-10T08:36:30.189Z  PRG/2022        roh          79688 reg. Kerzen      157/0/0 von 251  Tagen gewertet (1m/5m/15m)     4795 Signale  117 ms lesen  50912 ms rechnen
2026-09-10T08:36:41.723Z  PRG/2023        roh          66252 reg. Kerzen       34/0/0 von 250  Tagen gewertet (1m/5m/15m)     1011 Signale  822 ms lesen  10475 ms rechnen
2026-09-10T08:36:46.112Z  PRG/2024        roh          53203 reg. Kerzen       13/0/0 von 252  Tagen gewertet (1m/5m/15m)      388 Signale  85 ms lesen  4109 ms rechnen
2026-09-10T08:36:50.469Z  PRG/2025        roh          55394 reg. Kerzen       13/0/0 von 250  Tagen gewertet (1m/5m/15m)      383 Signale  92 ms lesen  4101 ms rechnen
2026-09-10T08:36:52.167Z  PRG/2026        roh          37205 reg. Kerzen        4/0/0 von 166  Tagen gewertet (1m/5m/15m)      124 Signale  63 ms lesen  1471 ms rechnen
2026-09-10T08:36:52.451Z  PRKR/2016       bereinigt    20114 reg. Kerzen        0/0/0 von 252  Tagen gewertet (1m/5m/15m)        0 Signale  51 ms lesen  114 ms rechnen
2026-09-10T08:36:52.716Z  PRKR/2017       roh          28196 reg. Kerzen        0/0/0 von 251  Tagen gewertet (1m/5m/15m)        0 Signale  62 ms lesen  148 ms rechnen
2026-09-10T08:36:52.929Z  PRKR/2018       roh          12371 reg. Kerzen        0/0/0 von 158  Tagen gewertet (1m/5m/15m)        0 Signale  48 ms lesen  87 ms rechnen
2026-09-10T08:36:52.997Z  PROC/2019       roh             35 reg. Kerzen        0/0/0 von 5    Tagen gewertet (1m/5m/15m)        0 Signale  30 ms lesen  1 ms rechnen
2026-09-10T08:36:53.027Z  PROC/2020       roh           1380 reg. Kerzen        0/0/0 von 162  Tagen gewertet (1m/5m/15m)        0 Signale  19 ms lesen  11 ms rechnen
2026-09-10T08:36:53.142Z  PROC/2021       roh          13957 reg. Kerzen        0/0/0 von 247  Tagen gewertet (1m/5m/15m)        0 Signale  42 ms lesen  68 ms rechnen
2026-09-10T08:36:53.251Z  PROC/2022       roh           9310 reg. Kerzen        0/0/0 von 237  Tagen gewertet (1m/5m/15m)        0 Signale  30 ms lesen  46 ms rechnen
2026-09-10T08:36:53.334Z  PROC/2023       roh           6888 reg. Kerzen        0/0/0 von 242  Tagen gewertet (1m/5m/15m)        0 Signale  17 ms lesen  47 ms rechnen
2026-09-10T08:36:53.411Z  PROC/2024       roh           4683 reg. Kerzen        0/0/0 von 237  Tagen gewertet (1m/5m/15m)        0 Signale  27 ms lesen  32 ms rechnen
2026-09-10T08:36:53.441Z  PROC/2025       roh            589 reg. Kerzen        0/0/0 von 21   Tagen gewertet (1m/5m/15m)        0 Signale  8 ms lesen  6 ms rechnen
2026-09-10T08:36:53.534Z  PRSR/2021       roh          10019 reg. Kerzen        0/0/0 von 214  Tagen gewertet (1m/5m/15m)        0 Signale  27 ms lesen  54 ms rechnen
2026-09-10T08:36:53.618Z  PRSR/2022       roh           4137 reg. Kerzen        0/0/0 von 251  Tagen gewertet (1m/5m/15m)        0 Signale  23 ms lesen  31 ms rechnen
2026-09-10T08:36:53.667Z  PRSR/2023       roh           2921 reg. Kerzen        0/0/0 von 245  Tagen gewertet (1m/5m/15m)        0 Signale  19 ms lesen  19 ms rechnen
2026-09-10T08:38:11.444Z  PRU/2016        roh          97869 reg. Kerzen      232/0/0 von 252  Tagen gewertet (1m/5m/15m)     5667 Signale  135 ms lesen  77608 ms rechnen
2026-09-10T08:39:31.506Z  PRU/2017        roh          95964 reg. Kerzen      251/0/0 von 251  Tagen gewertet (1m/5m/15m)     5693 Signale  107 ms lesen  79708 ms rechnen
2026-09-10T08:40:55.255Z  PRU/2018        roh          96568 reg. Kerzen      251/0/0 von 251  Tagen gewertet (1m/5m/15m)     6285 Signale  148 ms lesen  83339 ms rechnen
2026-09-10T08:42:18.357Z  PRU/2019        roh          97247 reg. Kerzen      251/0/0 von 252  Tagen gewertet (1m/5m/15m)     5920 Signale  141 ms lesen  82712 ms rechnen
2026-09-10T08:43:50.371Z  PRU/2020        roh          98080 reg. Kerzen      253/0/0 von 253  Tagen gewertet (1m/5m/15m)     6969 Signale  237 ms lesen  91497 ms rechnen
2026-09-10T08:45:14.958Z  PRU/2021        roh          96844 reg. Kerzen      250/0/0 von 252  Tagen gewertet (1m/5m/15m)     6061 Signale  138 ms lesen  84208 ms rechnen
2026-09-10T08:46:41.625Z  PRU/2022        roh          96136 reg. Kerzen      249/0/0 von 251  Tagen gewertet (1m/5m/15m)     6374 Signale  139 ms lesen  86263 ms rechnen
2026-09-10T08:48:03.564Z  PRU/2023        roh          95761 reg. Kerzen      250/0/0 von 250  Tagen gewertet (1m/5m/15m)     5940 Signale  133 ms lesen  81531 ms rechnen
2026-09-10T08:49:21.559Z  PRU/2024        roh          93519 reg. Kerzen      249/0/0 von 252  Tagen gewertet (1m/5m/15m)     5517 Signale  163 ms lesen  77564 ms rechnen
2026-09-10T08:50:40.342Z  PRU/2025        roh          92583 reg. Kerzen      248/0/0 von 250  Tagen gewertet (1m/5m/15m)     5783 Signale  148 ms lesen  78347 ms rechnen
2026-09-10T08:51:33.714Z  PRU/2026        roh          62177 reg. Kerzen      166/0/0 von 166  Tagen gewertet (1m/5m/15m)     4012 Signale  91 ms lesen  53010 ms rechnen
2026-09-10T08:51:33.927Z  PSAG/2021       roh           1670 reg. Kerzen        0/0/0 von 155  Tagen gewertet (1m/5m/15m)        0 Signale  38 ms lesen  8 ms rechnen
2026-09-10T08:51:33.963Z  PSAG/2022       roh           1418 reg. Kerzen        0/0/0 von 201  Tagen gewertet (1m/5m/15m)        0 Signale  18 ms lesen  14 ms rechnen
2026-09-10T08:52:14.211Z  PSNY/2022       bereinigt    48951 reg. Kerzen      110/0/0 von 132  Tagen gewertet (1m/5m/15m)     3517 Signale  122 ms lesen  40097 ms rechnen
2026-09-10T08:53:46.544Z  PSNY/2023       bereinigt    92900 reg. Kerzen      250/0/0 von 250  Tagen gewertet (1m/5m/15m)     8008 Signale  181 ms lesen  92027 ms rechnen
2026-09-10T08:54:46.785Z  PSNY/2024       bereinigt    93310 reg. Kerzen      153/0/0 von 252  Tagen gewertet (1m/5m/15m)     5034 Signale  179 ms lesen  59798 ms rechnen
2026-09-10T08:55:04.086Z  PSNY/2025       bereinigt    87382 reg. Kerzen       42/0/0 von 250  Tagen gewertet (1m/5m/15m)     1303 Signale  178 ms lesen  16861 ms rechnen
2026-09-10T08:55:04.535Z  PSNY/2026       roh          23320 reg. Kerzen        0/0/0 von 166  Tagen gewertet (1m/5m/15m)        0 Signale  46 ms lesen  138 ms rechnen
2026-09-10T08:55:04.682Z  PSV/2016        roh           7126 reg. Kerzen        0/0/0 von 91   Tagen gewertet (1m/5m/15m)        0 Signale  29 ms lesen  40 ms rechnen
2026-09-10T08:55:04.956Z  PSV/2017        roh          33014 reg. Kerzen        0/0/0 von 251  Tagen gewertet (1m/5m/15m)        0 Signale  66 ms lesen  183 ms rechnen
2026-09-10T08:55:05.154Z  PSV/2018        roh          15370 reg. Kerzen        0/0/0 von 251  Tagen gewertet (1m/5m/15m)        0 Signale  32 ms lesen  72 ms rechnen
2026-09-10T08:55:05.322Z  PSV/2019        roh          11012 reg. Kerzen        0/0/0 von 252  Tagen gewertet (1m/5m/15m)        0 Signale  58 ms lesen  56 ms rechnen
2026-09-10T08:55:05.534Z  PSV/2020        roh          18412 reg. Kerzen        0/0/0 von 184  Tagen gewertet (1m/5m/15m)        0 Signale  67 ms lesen  119 ms rechnen
2026-09-10T08:55:05.661Z  PTGX/2016       roh           8817 reg. Kerzen        0/0/0 von 99   Tagen gewertet (1m/5m/15m)        0 Signale  18 ms lesen  51 ms rechnen
2026-09-10T08:55:05.850Z  PTGX/2017       roh          21571 reg. Kerzen        0/0/0 von 251  Tagen gewertet (1m/5m/15m)        0 Signale  42 ms lesen  117 ms rechnen
2026-09-10T08:55:06.201Z  PTGX/2018       roh          37405 reg. Kerzen        0/0/0 von 251  Tagen gewertet (1m/5m/15m)        0 Signale  81 ms lesen  195 ms rechnen
2026-09-10T08:55:06.586Z  PTGX/2019       roh          42691 reg. Kerzen        0/0/0 von 252  Tagen gewertet (1m/5m/15m)        0 Signale  67 ms lesen  230 ms rechnen
2026-09-10T08:55:10.877Z  PTGX/2020       roh          55122 reg. Kerzen       12/0/0 von 253  Tagen gewertet (1m/5m/15m)      391 Signale  93 ms lesen  4102 ms rechnen
2026-09-10T08:55:24.822Z  PTGX/2021       roh          62735 reg. Kerzen       39/0/0 von 252  Tagen gewertet (1m/5m/15m)     1257 Signale  115 ms lesen  13686 ms rechnen
2026-09-10T08:56:02.393Z  PTGX/2022       roh          79614 reg. Kerzen      111/0/0 von 251  Tagen gewertet (1m/5m/15m)     3522 Signale  103 ms lesen  37295 ms rechnen
2026-09-10T08:56:04.543Z  CHECKPOINT 4000 Dateien, 1026 min, Detektorfehler {}
2026-09-10T08:56:59.586Z  PTGX/2023       roh          79542 reg. Kerzen      157/0/0 von 250  Tagen gewertet (1m/5m/15m)     4757 Signale  5343 ms lesen  49699 ms rechnen
2026-09-10T08:57:15.808Z  PTGX/2024       roh          68436 reg. Kerzen       50/0/0 von 252  Tagen gewertet (1m/5m/15m)     1472 Signale  100 ms lesen  15916 ms rechnen
2026-09-10T08:57:45.303Z  PTGX/2025       roh          73203 reg. Kerzen       92/0/0 von 250  Tagen gewertet (1m/5m/15m)     2755 Signale  120 ms lesen  29167 ms rechnen
2026-09-10T08:57:49.407Z  PTGX/2026       roh          41718 reg. Kerzen       11/0/0 von 166  Tagen gewertet (1m/5m/15m)      328 Signale  69 ms lesen  3846 ms rechnen
2026-09-10T08:57:49.539Z  PTK/2020        roh            501 reg. Kerzen        0/0/0 von 61   Tagen gewertet (1m/5m/15m)        0 Signale  8 ms lesen  4 ms rechnen
2026-09-10T08:57:49.594Z  PTK/2021        roh           5943 reg. Kerzen        0/0/0 von 183  Tagen gewertet (1m/5m/15m)        0 Signale  19 ms lesen  33 ms rechnen
2026-09-10T08:57:49.646Z  PTPI/2020       bereinigt     2003 reg. Kerzen        0/0/0 von 21   Tagen gewertet (1m/5m/15m)        0 Signale  20 ms lesen  13 ms rechnen
2026-09-10T08:57:58.733Z  PTPI/2021       bereinigt    24708 reg. Kerzen       21/0/0 von 252  Tagen gewertet (1m/5m/15m)      730 Signale  46 ms lesen  9034 ms rechnen
2026-09-10T08:58:03.049Z  PTPI/2022       bereinigt    28034 reg. Kerzen       12/0/0 von 251  Tagen gewertet (1m/5m/15m)      401 Signale  63 ms lesen  4174 ms rechnen
2026-09-10T08:58:03.262Z  PTPI/2023       bereinigt    14566 reg. Kerzen        0/0/0 von 250  Tagen gewertet (1m/5m/15m)        0 Signale  39 ms lesen  97 ms rechnen
2026-09-10T08:58:03.551Z  PTPI/2024       bereinigt    29327 reg. Kerzen        0/0/0 von 252  Tagen gewertet (1m/5m/15m)        0 Signale  61 ms lesen  187 ms rechnen
2026-09-10T08:58:03.901Z  PTPI/2025       bereinigt    24993 reg. Kerzen        0/0/0 von 96   Tagen gewertet (1m/5m/15m)        0 Signale  51 ms lesen  200 ms rechnen
2026-09-10T08:58:03.957Z  AUSGELASSEN PTPI/2026: Datei fehlt
2026-09-10T08:58:04.018Z  PTWO/2022       roh            259 reg. Kerzen        0/0/0 von 39   Tagen gewertet (1m/5m/15m)        0 Signale  34 ms lesen  2 ms rechnen
2026-09-10T08:58:04.052Z  PTWO/2023       roh            843 reg. Kerzen        0/0/0 von 157  Tagen gewertet (1m/5m/15m)        0 Signale  25 ms lesen  8 ms rechnen
2026-09-10T08:58:04.082Z  PTWO/2024       roh           1274 reg. Kerzen        0/0/0 von 139  Tagen gewertet (1m/5m/15m)        0 Signale  16 ms lesen  10 ms rechnen
2026-09-10T08:58:04.116Z  PVA/2016        roh           2186 reg. Kerzen        0/0/0 von 7    Tagen gewertet (1m/5m/15m)        0 Signale  13 ms lesen  15 ms rechnen
2026-09-10T08:58:49.076Z  PVTL/2018       roh          60716 reg. Kerzen      135/0/0 von 176  Tagen gewertet (1m/5m/15m)     4292 Signale  110 ms lesen  44843 ms rechnen
2026-09-10T09:00:02.281Z  PVTL/2019       roh          87311 reg. Kerzen      209/0/0 von 250  Tagen gewertet (1m/5m/15m)     5186 Signale  124 ms lesen  72907 ms rechnen
2026-09-10T09:00:02.582Z  PWUP/2022       roh           1072 reg. Kerzen        0/0/0 von 157  Tagen gewertet (1m/5m/15m)        0 Signale  23 ms lesen  6 ms rechnen
2026-09-10T09:00:02.630Z  PWUP/2023       roh           1357 reg. Kerzen        0/0/0 von 170  Tagen gewertet (1m/5m/15m)        0 Signale  33 ms lesen  12 ms rechnen
2026-09-10T09:00:02.642Z  PWUP/2024       roh            491 reg. Kerzen        0/0/0 von 125  Tagen gewertet (1m/5m/15m)        0 Signale  5 ms lesen  4 ms rechnen
2026-09-10T09:00:02.660Z  PWUP/2025       roh            271 reg. Kerzen        0/0/0 von 22   Tagen gewertet (1m/5m/15m)        0 Signale  13 ms lesen  2 ms rechnen
2026-09-10T09:01:19.904Z  PYPL/2016       roh          98023 reg. Kerzen      232/0/0 von 252  Tagen gewertet (1m/5m/15m)     5842 Signale  142 ms lesen  77087 ms rechnen
2026-09-10T09:02:42.766Z  PYPL/2017       roh          97507 reg. Kerzen      251/0/0 von 251  Tagen gewertet (1m/5m/15m)     5813 Signale  175 ms lesen  82427 ms rechnen
2026-09-10T09:04:06.982Z  PYPL/2018       roh          96572 reg. Kerzen      249/0/0 von 251  Tagen gewertet (1m/5m/15m)     6601 Signale  166 ms lesen  83777 ms rechnen
2026-09-10T09:05:31.871Z  PYPL/2019       roh          97737 reg. Kerzen      252/0/0 von 252  Tagen gewertet (1m/5m/15m)     6016 Signale  133 ms lesen  84486 ms rechnen
2026-09-10T09:07:01.607Z  PYPL/2020       roh          98254 reg. Kerzen      253/0/0 von 253  Tagen gewertet (1m/5m/15m)     7013 Signale  143 ms lesen  89346 ms rechnen
2026-09-10T09:08:28.691Z  PYPL/2021       roh          98099 reg. Kerzen      252/0/0 von 252  Tagen gewertet (1m/5m/15m)     6595 Signale  177 ms lesen  86672 ms rechnen
2026-09-10T09:09:59.975Z  PYPL/2022       roh          97710 reg. Kerzen      251/0/0 von 251  Tagen gewertet (1m/5m/15m)     7525 Signale  198 ms lesen  90817 ms rechnen
2026-09-10T09:11:26.213Z  PYPL/2023       roh          97140 reg. Kerzen      250/0/0 von 250  Tagen gewertet (1m/5m/15m)     6477 Signale  240 ms lesen  85741 ms rechnen
2026-09-10T09:12:51.191Z  PYPL/2024       roh          97740 reg. Kerzen      252/0/0 von 252  Tagen gewertet (1m/5m/15m)     6320 Signale  168 ms lesen  84587 ms rechnen
2026-09-10T09:14:16.464Z  PYPL/2025       roh          96960 reg. Kerzen      250/0/0 von 250  Tagen gewertet (1m/5m/15m)     6417 Signale  180 ms lesen  84803 ms rechnen
2026-09-10T09:15:12.956Z  PYPL/2026       roh          64735 reg. Kerzen      166/0/0 von 166  Tagen gewertet (1m/5m/15m)     4402 Signale  105 ms lesen  56160 ms rechnen
2026-09-10T09:15:13.723Z  QADB/2016       roh           1106 reg. Kerzen        0/0/0 von 173  Tagen gewertet (1m/5m/15m)        0 Signale  9 ms lesen  10 ms rechnen
2026-09-10T09:15:13.759Z  QADB/2017       roh            876 reg. Kerzen        0/0/0 von 168  Tagen gewertet (1m/5m/15m)        0 Signale  24 ms lesen  8 ms rechnen
2026-09-10T09:15:13.796Z  QADB/2018       roh            868 reg. Kerzen        0/0/0 von 171  Tagen gewertet (1m/5m/15m)        0 Signale  26 ms lesen  7 ms rechnen
2026-09-10T09:15:13.828Z  QADB/2019       roh            622 reg. Kerzen        0/0/0 von 150  Tagen gewertet (1m/5m/15m)        0 Signale  22 ms lesen  6 ms rechnen
2026-09-10T09:15:13.843Z  QADB/2020       roh            454 reg. Kerzen        0/0/0 von 125  Tagen gewertet (1m/5m/15m)        0 Signale  8 ms lesen  5 ms rechnen
2026-09-10T09:15:13.859Z  QADB/2021       roh            795 reg. Kerzen        0/0/0 von 139  Tagen gewertet (1m/5m/15m)        0 Signale  9 ms lesen  5 ms rechnen
2026-09-10T09:16:38.777Z  QEP/2016        roh          97899 reg. Kerzen      232/0/0 von 252  Tagen gewertet (1m/5m/15m)     7084 Signale  133 ms lesen  84775 ms rechnen
2026-09-10T09:18:10.573Z  QEP/2017        roh          96986 reg. Kerzen      251/0/0 von 251  Tagen gewertet (1m/5m/15m)     7661 Signale  135 ms lesen  91407 ms rechnen
2026-09-10T09:19:42.824Z  QEP/2018        roh          96919 reg. Kerzen      251/0/0 von 251  Tagen gewertet (1m/5m/15m)     7629 Signale  142 ms lesen  91856 ms rechnen
2026-09-10T09:21:17.140Z  QEP/2019        roh          96353 reg. Kerzen      251/0/0 von 252  Tagen gewertet (1m/5m/15m)     7820 Signale  143 ms lesen  93895 ms rechnen
2026-09-10T09:22:29.267Z  QEP/2020        roh          95428 reg. Kerzen      174/0/0 von 253  Tagen gewertet (1m/5m/15m)     5698 Signale  2581 ms lesen  69287 ms rechnen
2026-09-10T09:22:48.999Z  QEP/2021        roh          19022 reg. Kerzen       50/0/0 von 50   Tagen gewertet (1m/5m/15m)     1651 Signale  53 ms lesen  19464 ms rechnen
2026-09-10T09:22:52.280Z  QIWI/2016       roh          61085 reg. Kerzen       10/0/0 von 252  Tagen gewertet (1m/5m/15m)      277 Signale  79 ms lesen  3113 ms rechnen
2026-09-10T09:23:04.297Z  QIWI/2017       roh          63459 reg. Kerzen       39/0/0 von 251  Tagen gewertet (1m/5m/15m)     1126 Signale  110 ms lesen  11751 ms rechnen
2026-09-10T09:23:05.359Z  QIWI/2018       roh          48066 reg. Kerzen        2/0/0 von 251  Tagen gewertet (1m/5m/15m)       58 Signale  103 ms lesen  824 ms rechnen
2026-09-10T09:23:10.469Z  QIWI/2019       roh          52892 reg. Kerzen       17/0/0 von 252  Tagen gewertet (1m/5m/15m)      523 Signale  92 ms lesen  4890 ms rechnen
2026-09-10T09:23:15.735Z  QIWI/2020       roh          62238 reg. Kerzen       16/0/0 von 253  Tagen gewertet (1m/5m/15m)      497 Signale  106 ms lesen  5008 ms rechnen
2026-09-10T09:23:16.326Z  QIWI/2021       roh          54826 reg. Kerzen        0/0/0 von 252  Tagen gewertet (1m/5m/15m)        0 Signale  107 ms lesen  337 ms rechnen
2026-09-10T09:23:16.638Z  QIWI/2022       roh           8492 reg. Kerzen        0/0/0 von 38   Tagen gewertet (1m/5m/15m)        0 Signale  98 ms lesen  48 ms rechnen
2026-09-10T09:23:16.666Z  AUSGELASSEN QIWI/2023: Datei fehlt
2026-09-10T09:23:16.700Z  AUSGELASSEN QIWI/2024: Datei fehlt
2026-09-10T09:23:16.739Z  QOMO/2022       roh             23 reg. Kerzen        0/0/0 von 7    Tagen gewertet (1m/5m/15m)        0 Signale  20 ms lesen  1 ms rechnen
2026-09-10T09:23:16.778Z  QOMO/2023       roh            620 reg. Kerzen        0/0/0 von 124  Tagen gewertet (1m/5m/15m)        0 Signale  35 ms lesen  4 ms rechnen
2026-09-10T09:23:16.790Z  QOMO/2024       roh            236 reg. Kerzen        0/0/0 von 70   Tagen gewertet (1m/5m/15m)        0 Signale  7 ms lesen  2 ms rechnen
2026-09-10T09:23:23.029Z  QSII/2016       roh          70378 reg. Kerzen       20/0/0 von 252  Tagen gewertet (1m/5m/15m)      560 Signale  107 ms lesen  6130 ms rechnen
2026-09-10T09:23:23.976Z  QSII/2017       roh          58172 reg. Kerzen        1/0/0 von 251  Tagen gewertet (1m/5m/15m)       22 Signale  94 ms lesen  653 ms rechnen
2026-09-10T09:23:24.943Z  QSII/2018       roh          40185 reg. Kerzen        2/0/0 von 173  Tagen gewertet (1m/5m/15m)       56 Signale  56 ms lesen  776 ms rechnen
2026-09-10T09:23:25.469Z  QTT/2018        bereinigt    17139 reg. Kerzen        1/0/0 von 74   Tagen gewertet (1m/5m/15m)       27 Signale  42 ms lesen  391 ms rechnen
2026-09-10T09:24:14.099Z  QTT/2019        bereinigt    81822 reg. Kerzen      142/0/0 von 252  Tagen gewertet (1m/5m/15m)     4552 Signale  121 ms lesen  48468 ms rechnen
2026-09-10T09:24:28.978Z  QTT/2020        bereinigt    80196 reg. Kerzen       42/0/0 von 253  Tagen gewertet (1m/5m/15m)     1340 Signale  145 ms lesen  14525 ms rechnen
2026-09-10T09:24:55.512Z  QTT/2021        bereinigt    71289 reg. Kerzen       69/0/0 von 252  Tagen gewertet (1m/5m/15m)     2316 Signale  132 ms lesen  26177 ms rechnen
2026-09-10T09:24:55.841Z  QTT/2022        roh          22477 reg. Kerzen        0/0/0 von 251  Tagen gewertet (1m/5m/15m)        0 Signale  49 ms lesen  115 ms rechnen
2026-09-10T09:24:55.956Z  QTT/2023        roh           2472 reg. Kerzen        0/0/0 von 55   Tagen gewertet (1m/5m/15m)        0 Signale  33 ms lesen  27 ms rechnen
2026-09-10T09:24:56.330Z  QVCGA/2025      bereinigt    41405 reg. Kerzen        0/0/0 von 216  Tagen gewertet (1m/5m/15m)        0 Signale  57 ms lesen  280 ms rechnen
2026-09-10T09:24:56.512Z  QVCGA/2026      roh           9286 reg. Kerzen        0/0/0 von 77   Tagen gewertet (1m/5m/15m)        0 Signale  26 ms lesen  51 ms rechnen
2026-09-10T09:24:56.554Z  RACB/2021       roh           1158 reg. Kerzen        0/0/0 von 102  Tagen gewertet (1m/5m/15m)        0 Signale  13 ms lesen  9 ms rechnen
2026-09-10T09:24:56.578Z  RACB/2022       roh            716 reg. Kerzen        0/0/0 von 133  Tagen gewertet (1m/5m/15m)        0 Signale  14 ms lesen  6 ms rechnen
2026-09-10T09:24:56.635Z  RAPT/2019       bereinigt     4611 reg. Kerzen        0/0/0 von 42   Tagen gewertet (1m/5m/15m)        0 Signale  35 ms lesen  19 ms rechnen
2026-09-10T09:24:57.938Z  RAPT/2020       bereinigt    38761 reg. Kerzen        3/0/0 von 253  Tagen gewertet (1m/5m/15m)      103 Signale  44 ms lesen  1250 ms rechnen
2026-09-10T09:24:58.660Z  RAPT/2021       bereinigt    42895 reg. Kerzen        1/0/0 von 252  Tagen gewertet (1m/5m/15m)       30 Signale  70 ms lesen  541 ms rechnen
2026-09-10T09:24:59.688Z  RAPT/2022       bereinigt    53207 reg. Kerzen        2/0/0 von 251  Tagen gewertet (1m/5m/15m)       62 Signale  70 ms lesen  832 ms rechnen
2026-09-10T09:25:02.299Z  RAPT/2023       bereinigt    54623 reg. Kerzen        7/0/0 von 250  Tagen gewertet (1m/5m/15m)      222 Signale  76 ms lesen  2410 ms rechnen
2026-09-10T09:25:08.189Z  RAPT/2024       bereinigt    60460 reg. Kerzen       16/0/0 von 252  Tagen gewertet (1m/5m/15m)      521 Signale  84 ms lesen  5666 ms rechnen
2026-09-10T09:25:10.576Z  RAPT/2025       bereinigt    51963 reg. Kerzen        6/0/0 von 250  Tagen gewertet (1m/5m/15m)      181 Signale  84 ms lesen  2138 ms rechnen
2026-09-10T09:25:16.930Z  RAPT/2026       roh          12011 reg. Kerzen       21/0/0 von 40   Tagen gewertet (1m/5m/15m)      337 Signale  38 ms lesen  6187 ms rechnen
2026-09-10T09:25:17.248Z  RBC/2016        roh          38597 reg. Kerzen        0/0/0 von 252  Tagen gewertet (1m/5m/15m)        0 Signale  66 ms lesen  214 ms rechnen
2026-09-10T09:25:17.577Z  RBC/2017        roh          30100 reg. Kerzen        0/0/0 von 251  Tagen gewertet (1m/5m/15m)        0 Signale  73 ms lesen  145 ms rechnen
2026-09-10T09:25:17.870Z  RBC/2018        roh          30116 reg. Kerzen        0/0/0 von 251  Tagen gewertet (1m/5m/15m)        0 Signale  68 ms lesen  155 ms rechnen
2026-09-10T09:25:18.211Z  RBC/2019        roh          33352 reg. Kerzen        0/0/0 von 252  Tagen gewertet (1m/5m/15m)        0 Signale  79 ms lesen  188 ms rechnen
2026-09-10T09:25:18.609Z  RBC/2020        roh          38694 reg. Kerzen        0/0/0 von 253  Tagen gewertet (1m/5m/15m)        0 Signale  85 ms lesen  215 ms rechnen
2026-09-10T09:25:18.944Z  RBC/2021        roh          29350 reg. Kerzen        0/0/0 von 252  Tagen gewertet (1m/5m/15m)        0 Signale  70 ms lesen  166 ms rechnen
2026-09-10T09:25:19.259Z  RBC/2022        roh          36214 reg. Kerzen        0/0/0 von 251  Tagen gewertet (1m/5m/15m)        0 Signale  67 ms lesen  175 ms rechnen
2026-09-10T09:25:19.850Z  RBC/2023        roh          36430 reg. Kerzen        1/0/0 von 250  Tagen gewertet (1m/5m/15m)       23 Signale  71 ms lesen  396 ms rechnen
2026-09-10T09:25:20.191Z  RBC/2024        roh          28041 reg. Kerzen        0/0/0 von 252  Tagen gewertet (1m/5m/15m)        0 Signale  66 ms lesen  164 ms rechnen
2026-09-10T09:25:20.516Z  RBC/2025        roh          31951 reg. Kerzen        0/0/0 von 250  Tagen gewertet (1m/5m/15m)        0 Signale  63 ms lesen  196 ms rechnen
2026-09-10T09:25:22.124Z  RBC/2026        roh          39158 reg. Kerzen        5/0/0 von 166  Tagen gewertet (1m/5m/15m)      147 Signale  64 ms lesen  1447 ms rechnen
2026-09-10T09:26:08.557Z  RBS/2016        roh          81230 reg. Kerzen      151/0/0 von 252  Tagen gewertet (1m/5m/15m)     4097 Signale  147 ms lesen  46140 ms rechnen
2026-09-10T09:26:24.638Z  RBS/2017        roh          71954 reg. Kerzen       44/0/0 von 251  Tagen gewertet (1m/5m/15m)     1042 Signale  3314 ms lesen  12532 ms rechnen
2026-09-10T09:26:45.138Z  RBS/2018        roh          74110 reg. Kerzen       69/0/0 von 251  Tagen gewertet (1m/5m/15m)     1657 Signale  111 ms lesen  20186 ms rechnen
2026-09-10T09:26:58.536Z  RBS/2019        roh          70683 reg. Kerzen       44/0/0 von 252  Tagen gewertet (1m/5m/15m)     1051 Signale  198 ms lesen  13004 ms rechnen
2026-09-10T09:27:35.954Z  RBS/2020        roh          47560 reg. Kerzen      108/0/0 von 140  Tagen gewertet (1m/5m/15m)     3250 Signale  79 ms lesen  37135 ms rechnen
2026-09-10T09:27:58.822Z  RCI/2016        roh          75650 reg. Kerzen       83/0/0 von 252  Tagen gewertet (1m/5m/15m)     1955 Signale  115 ms lesen  22612 ms rechnen
2026-09-10T09:28:33.058Z  RCI/2017        roh          76989 reg. Kerzen      130/0/0 von 251  Tagen gewertet (1m/5m/15m)     2757 Signale  123 ms lesen  33892 ms rechnen
2026-09-10T09:29:06.603Z  RCI/2018        roh          77554 reg. Kerzen      129/0/0 von 251  Tagen gewertet (1m/5m/15m)     2936 Signale  121 ms lesen  33189 ms rechnen
2026-09-10T09:29:48.166Z  RCI/2019        roh          80276 reg. Kerzen      159/0/0 von 252  Tagen gewertet (1m/5m/15m)     3506 Signale  126 ms lesen  41247 ms rechnen
2026-09-10T09:30:37.040Z  RCI/2020        roh          81876 reg. Kerzen      162/0/0 von 253  Tagen gewertet (1m/5m/15m)     4134 Signale  124 ms lesen  48511 ms rechnen
2026-09-10T09:30:54.035Z  RCI/2021        roh          69419 reg. Kerzen       60/0/0 von 252  Tagen gewertet (1m/5m/15m)     1440 Signale  119 ms lesen  16665 ms rechnen
2026-09-10T09:31:28.713Z  RCI/2022        roh          77118 reg. Kerzen      128/0/0 von 251  Tagen gewertet (1m/5m/15m)     3221 Signale  173 ms lesen  34319 ms rechnen
2026-09-10T09:31:48.338Z  RCI/2023        roh          71784 reg. Kerzen       71/0/0 von 250  Tagen gewertet (1m/5m/15m)     1693 Signale  92 ms lesen  19326 ms rechnen
2026-09-10T09:32:36.264Z  RCI/2024        roh          81724 reg. Kerzen      173/0/0 von 252  Tagen gewertet (1m/5m/15m)     3962 Signale  129 ms lesen  47590 ms rechnen
2026-09-10T09:33:47.502Z  RCI/2025        roh          87527 reg. Kerzen      242/0/0 von 250  Tagen gewertet (1m/5m/15m)     5747 Signale  114 ms lesen  70935 ms rechnen
2026-09-10T09:34:30.562Z  RCI/2026        roh          57151 reg. Kerzen      151/0/0 von 166  Tagen gewertet (1m/5m/15m)     3813 Signale  92 ms lesen  42717 ms rechnen
2026-09-10T09:34:30.834Z  RDBX/2021       roh          10387 reg. Kerzen        0/0/0 von 48   Tagen gewertet (1m/5m/15m)        0 Signale  29 ms lesen  55 ms rechnen
2026-09-10T09:34:59.428Z  RDBX/2022       roh          43750 reg. Kerzen       68/0/0 von 152  Tagen gewertet (1m/5m/15m)     2376 Signale  90 ms lesen  28484 ms rechnen
2026-09-10T09:36:01.167Z  RDUS/2016       roh          84281 reg. Kerzen      183/0/0 von 252  Tagen gewertet (1m/5m/15m)     5709 Signale  110 ms lesen  61489 ms rechnen
2026-09-10T09:36:58.254Z  RDUS/2017       roh          82632 reg. Kerzen      183/0/0 von 251  Tagen gewertet (1m/5m/15m)     5688 Signale  124 ms lesen  56754 ms rechnen
2026-09-10T09:37:45.805Z  RDUS/2018       roh          79059 reg. Kerzen      152/0/0 von 251  Tagen gewertet (1m/5m/15m)     4729 Signale  126 ms lesen  47204 ms rechnen
2026-09-10T09:38:19.753Z  RDUS/2019       roh          76510 reg. Kerzen      112/0/0 von 252  Tagen gewertet (1m/5m/15m)     3391 Signale  132 ms lesen  33603 ms rechnen
2026-09-10T09:38:46.775Z  RDUS/2020       roh          74297 reg. Kerzen       82/0/0 von 253  Tagen gewertet (1m/5m/15m)     2561 Signale  106 ms lesen  26727 ms rechnen
2026-09-10T09:38:59.544Z  RDUS/2021       roh          63361 reg. Kerzen       36/0/0 von 252  Tagen gewertet (1m/5m/15m)     1129 Signale  105 ms lesen  12476 ms rechnen
2026-09-10T09:39:15.755Z  RDUS/2022       roh          48498 reg. Kerzen       51/0/0 von 154  Tagen gewertet (1m/5m/15m)     1498 Signale  82 ms lesen  15951 ms rechnen
2026-09-10T09:39:16.053Z  RDUS/2023       roh          12122 reg. Kerzen        0/0/0 von 83   Tagen gewertet (1m/5m/15m)        0 Signale  83 ms lesen  78 ms rechnen
2026-09-10T09:39:16.368Z  RDUS/2024       roh          39468 reg. Kerzen        0/0/0 von 252  Tagen gewertet (1m/5m/15m)        0 Signale  79 ms lesen  201 ms rechnen
2026-09-10T09:39:22.366Z  RDUS/2025       roh          32054 reg. Kerzen       20/0/0 von 129  Tagen gewertet (1m/5m/15m)      404 Signale  54 ms lesen  5837 ms rechnen
2026-09-10T09:40:24.497Z  REGN/2016       roh          86214 reg. Kerzen      202/0/0 von 252  Tagen gewertet (1m/5m/15m)     5511 Signale  115 ms lesen  61910 ms rechnen
2026-09-10T09:41:30.187Z  REGN/2017       roh          85998 reg. Kerzen      223/0/0 von 251  Tagen gewertet (1m/5m/15m)     5810 Signale  125 ms lesen  65359 ms rechnen
2026-09-10T09:42:30.952Z  REGN/2018       roh          84592 reg. Kerzen      212/0/0 von 251  Tagen gewertet (1m/5m/15m)     5935 Signale  131 ms lesen  60396 ms rechnen
2026-09-10T09:43:32.699Z  REGN/2019       roh          86063 reg. Kerzen      218/0/0 von 252  Tagen gewertet (1m/5m/15m)     5593 Signale  126 ms lesen  61386 ms rechnen
2026-09-10T09:44:47.122Z  REGN/2020       roh          90613 reg. Kerzen      237/0/0 von 253  Tagen gewertet (1m/5m/15m)     6738 Signale  133 ms lesen  74090 ms rechnen
2026-09-10T09:45:46.093Z  REGN/2021       roh          85842 reg. Kerzen      206/0/0 von 252  Tagen gewertet (1m/5m/15m)     5374 Signale  141 ms lesen  58542 ms rechnen
2026-09-10T09:46:20.394Z  REGN/2022       roh          77198 reg. Kerzen      122/0/0 von 251  Tagen gewertet (1m/5m/15m)     3357 Signale  136 ms lesen  33926 ms rechnen
2026-09-10T09:46:34.791Z  REGN/2023       roh          69866 reg. Kerzen       51/0/0 von 250  Tagen gewertet (1m/5m/15m)     1306 Signale  121 ms lesen  14067 ms rechnen
2026-09-10T09:46:43.346Z  REGN/2024       roh          62502 reg. Kerzen       28/0/0 von 252  Tagen gewertet (1m/5m/15m)      735 Signale  119 ms lesen  8240 ms rechnen
2026-09-10T09:47:31.788Z  REGN/2025       roh          81560 reg. Kerzen      160/0/0 von 250  Tagen gewertet (1m/5m/15m)     4281 Signale  109 ms lesen  48143 ms rechnen
2026-09-10T09:48:22.140Z  REGN/2026       roh          59988 reg. Kerzen      160/0/0 von 166  Tagen gewertet (1m/5m/15m)     4082 Signale  86 ms lesen  50063 ms rechnen
2026-09-10T09:48:22.334Z  RENE/2022       roh            632 reg. Kerzen        0/0/0 von 100  Tagen gewertet (1m/5m/15m)        0 Signale  15 ms lesen  5 ms rechnen
2026-09-10T09:48:22.363Z  RENE/2023       roh           1532 reg. Kerzen        0/0/0 von 199  Tagen gewertet (1m/5m/15m)        0 Signale  14 ms lesen  11 ms rechnen
2026-09-10T09:48:22.401Z  RENE/2024       roh            821 reg. Kerzen        0/0/0 von 185  Tagen gewertet (1m/5m/15m)        0 Signale  26 ms lesen  8 ms rechnen
2026-09-10T09:48:22.430Z  RENE/2025       roh            141 reg. Kerzen        0/0/0 von 49   Tagen gewertet (1m/5m/15m)        0 Signale  22 ms lesen  2 ms rechnen
2026-09-10T09:48:22.561Z  RETA/2016       roh          15596 reg. Kerzen        0/0/0 von 152  Tagen gewertet (1m/5m/15m)        0 Signale  44 ms lesen  85 ms rechnen
2026-09-10T09:48:22.880Z  RETA/2017       roh          31067 reg. Kerzen        0/0/0 von 251  Tagen gewertet (1m/5m/15m)        0 Signale  78 ms lesen  189 ms rechnen
2026-09-10T09:48:26.319Z  RETA/2018       roh          52271 reg. Kerzen        9/0/0 von 251  Tagen gewertet (1m/5m/15m)      279 Signale  108 ms lesen  3254 ms rechnen
2026-09-10T09:48:32.938Z  RETA/2019       roh          57113 reg. Kerzen       19/0/0 von 252  Tagen gewertet (1m/5m/15m)      586 Signale  104 ms lesen  6378 ms rechnen
2026-09-10T09:48:46.259Z  RETA/2020       roh          64647 reg. Kerzen       42/0/0 von 253  Tagen gewertet (1m/5m/15m)     1313 Signale  106 ms lesen  13070 ms rechnen
2026-09-10T09:48:59.312Z  RETA/2021       roh          62042 reg. Kerzen       38/0/0 von 251  Tagen gewertet (1m/5m/15m)     1216 Signale  117 ms lesen  12755 ms rechnen
2026-09-10T09:49:27.540Z  RETA/2022       roh          72764 reg. Kerzen       83/0/0 von 251  Tagen gewertet (1m/5m/15m)     2634 Signale  156 ms lesen  27900 ms rechnen
2026-09-10T09:49:53.375Z  RETA/2023       roh          55782 reg. Kerzen       80/0/0 von 183  Tagen gewertet (1m/5m/15m)     2292 Signale  73 ms lesen  25593 ms rechnen
2026-09-10T09:49:53.664Z  REXX/2017       roh          14442 reg. Kerzen        0/0/0 von 160  Tagen gewertet (1m/5m/15m)        0 Signale  36 ms lesen  88 ms rechnen
2026-09-10T09:49:53.802Z  REXX/2018       roh           8585 reg. Kerzen        0/0/0 von 69   Tagen gewertet (1m/5m/15m)        0 Signale  26 ms lesen  64 ms rechnen
2026-09-10T09:49:53.914Z  RGF/2021        bereinigt     5066 reg. Kerzen        0/0/0 von 39   Tagen gewertet (1m/5m/15m)        0 Signale  41 ms lesen  20 ms rechnen
2026-09-10T09:49:53.975Z  RGF/2022        bereinigt     6611 reg. Kerzen        0/0/0 von 250  Tagen gewertet (1m/5m/15m)        0 Signale  13 ms lesen  37 ms rechnen
2026-09-10T09:49:54.081Z  RGF/2023        bereinigt    11445 reg. Kerzen        0/0/0 von 250  Tagen gewertet (1m/5m/15m)        0 Signale  22 ms lesen  71 ms rechnen
2026-09-10T09:49:54.272Z  RGF/2024        bereinigt    20354 reg. Kerzen        0/0/0 von 252  Tagen gewertet (1m/5m/15m)        0 Signale  48 ms lesen  104 ms rechnen
2026-09-10T09:49:54.328Z  RGF/2025        bereinigt      801 reg. Kerzen        0/0/0 von 3    Tagen gewertet (1m/5m/15m)        0 Signale  3 ms lesen  12 ms rechnen
2026-09-10T09:51:05.644Z  RHI/2016        roh          93444 reg. Kerzen      232/0/0 von 252  Tagen gewertet (1m/5m/15m)     5572 Signale  133 ms lesen  71166 ms rechnen
2026-09-10T09:52:14.643Z  RHI/2017        roh          87620 reg. Kerzen      231/0/0 von 251  Tagen gewertet (1m/5m/15m)     5445 Signale  3449 ms lesen  65277 ms rechnen
2026-09-10T09:53:30.499Z  RHI/2018        roh          91974 reg. Kerzen      249/0/0 von 251  Tagen gewertet (1m/5m/15m)     6185 Signale  140 ms lesen  75473 ms rechnen
2026-09-10T09:54:45.899Z  RHI/2019        roh          91825 reg. Kerzen      246/0/0 von 252  Tagen gewertet (1m/5m/15m)     5797 Signale  126 ms lesen  75052 ms rechnen
2026-09-10T09:56:04.752Z  RHI/2020        roh          92085 reg. Kerzen      246/0/0 von 253  Tagen gewertet (1m/5m/15m)     6620 Signale  153 ms lesen  78415 ms rechnen
2026-09-10T09:57:12.125Z  RHI/2021        roh          84843 reg. Kerzen      212/0/0 von 252  Tagen gewertet (1m/5m/15m)     5243 Signale  4436 ms lesen  62661 ms rechnen
2026-09-10T09:58:23.962Z  RHI/2022        roh          88577 reg. Kerzen      232/0/0 von 250  Tagen gewertet (1m/5m/15m)     6273 Signale  129 ms lesen  71478 ms rechnen
2026-09-10T09:59:26.438Z  RHI/2023        roh          85357 reg. Kerzen      214/0/0 von 250  Tagen gewertet (1m/5m/15m)     5280 Signale  100 ms lesen  62185 ms rechnen
2026-09-10T10:00:32.025Z  RHI/2024        roh          87689 reg. Kerzen      219/0/0 von 252  Tagen gewertet (1m/5m/15m)     5195 Signale  129 ms lesen  65215 ms rechnen
2026-09-10T10:01:45.395Z  RHI/2025        roh          89089 reg. Kerzen      231/0/0 von 250  Tagen gewertet (1m/5m/15m)     6277 Signale  132 ms lesen  72987 ms rechnen
2026-09-10T10:02:43.655Z  RHI/2026        roh          62245 reg. Kerzen      165/0/0 von 166  Tagen gewertet (1m/5m/15m)     4967 Signale  107 ms lesen  57928 ms rechnen
2026-09-10T10:02:54.423Z  RIDE/2020       bereinigt    17914 reg. Kerzen       27/0/0 von 47   Tagen gewertet (1m/5m/15m)      871 Signale  78 ms lesen  10502 ms rechnen
2026-09-10T10:04:33.827Z  RIDE/2021       bereinigt    97921 reg. Kerzen      252/0/0 von 252  Tagen gewertet (1m/5m/15m)     8488 Signale  231 ms lesen  99111 ms rechnen
2026-09-10T10:06:14.945Z  RIDE/2022       bereinigt    96267 reg. Kerzen      250/0/0 von 251  Tagen gewertet (1m/5m/15m)     8383 Signale  199 ms lesen  100651 ms rechnen
2026-09-10T10:06:21.689Z  RIDE/2023       bereinigt    46013 reg. Kerzen       15/0/0 von 127  Tagen gewertet (1m/5m/15m)      511 Signale  138 ms lesen  6333 ms rechnen
2026-09-10T10:07:37.034Z  RITM/2016       roh          94474 reg. Kerzen      232/0/0 von 252  Tagen gewertet (1m/5m/15m)     5870 Signale  178 ms lesen  75029 ms rechnen
2026-09-10T10:08:58.890Z  RITM/2017       roh          95577 reg. Kerzen      251/0/0 von 251  Tagen gewertet (1m/5m/15m)     5694 Signale  160 ms lesen  81434 ms rechnen
2026-09-10T10:10:20.370Z  RITM/2018       roh          95419 reg. Kerzen      251/0/0 von 251  Tagen gewertet (1m/5m/15m)     5631 Signale  140 ms lesen  81085 ms rechnen
2026-09-10T10:11:44.341Z  RITM/2019       roh          96616 reg. Kerzen      251/0/0 von 252  Tagen gewertet (1m/5m/15m)     5567 Signale  720 ms lesen  83000 ms rechnen
2026-09-10T10:13:16.794Z  RITM/2020       roh          97537 reg. Kerzen      253/0/0 von 253  Tagen gewertet (1m/5m/15m)     7506 Signale  154 ms lesen  92037 ms rechnen
2026-09-10T10:14:42.959Z  RITM/2021       roh          96537 reg. Kerzen      250/0/0 von 252  Tagen gewertet (1m/5m/15m)     6452 Signale  187 ms lesen  85724 ms rechnen
2026-09-10T10:16:11.252Z  RITM/2022       roh          96093 reg. Kerzen      249/0/0 von 251  Tagen gewertet (1m/5m/15m)     6764 Signale  161 ms lesen  87849 ms rechnen
2026-09-10T10:17:39.381Z  RITM/2023       roh          96083 reg. Kerzen      250/0/0 von 250  Tagen gewertet (1m/5m/15m)     6160 Signale  1911 ms lesen  85955 ms rechnen
2026-09-10T10:19:03.077Z  RITM/2024       roh          95831 reg. Kerzen      252/0/0 von 252  Tagen gewertet (1m/5m/15m)     5643 Signale  163 ms lesen  83247 ms rechnen
2026-09-10T10:20:27.756Z  RITM/2025       roh          95648 reg. Kerzen      250/0/0 von 250  Tagen gewertet (1m/5m/15m)     5971 Signale  151 ms lesen  84280 ms rechnen
2026-09-10T10:21:25.303Z  RITM/2026       roh          64186 reg. Kerzen      166/0/0 von 166  Tagen gewertet (1m/5m/15m)     4246 Signale  96 ms lesen  57194 ms rechnen
2026-09-10T10:21:25.541Z  RKTA/2021       roh           1159 reg. Kerzen        0/0/0 von 127  Tagen gewertet (1m/5m/15m)        0 Signale  12 ms lesen  8 ms rechnen
2026-09-10T10:21:25.589Z  RKTA/2022       roh            947 reg. Kerzen        0/0/0 von 181  Tagen gewertet (1m/5m/15m)        0 Signale  36 ms lesen  9 ms rechnen
2026-09-10T10:21:25.608Z  RKTA/2023       roh            256 reg. Kerzen        0/0/0 von 49   Tagen gewertet (1m/5m/15m)        0 Signale  13 ms lesen  1 ms rechnen
2026-09-10T10:21:25.654Z  RLJE/2016       bereinigt     5319 reg. Kerzen        0/0/0 von 246  Tagen gewertet (1m/5m/15m)        0 Signale  12 ms lesen  31 ms rechnen
2026-09-10T10:21:25.734Z  RLJE/2017       roh           4523 reg. Kerzen        0/0/0 von 251  Tagen gewertet (1m/5m/15m)        0 Signale  28 ms lesen  33 ms rechnen
2026-09-10T10:21:25.777Z  RLJE/2018       roh           2809 reg. Kerzen        0/0/0 von 203  Tagen gewertet (1m/5m/15m)        0 Signale  21 ms lesen  13 ms rechnen
2026-09-10T10:21:26.511Z  RMGB/2021       roh          22856 reg. Kerzen        2/0/0 von 142  Tagen gewertet (1m/5m/15m)       62 Signale  43 ms lesen  666 ms rechnen
2026-09-10T10:21:26.597Z  RNDB/2016       roh           2677 reg. Kerzen        0/0/0 von 126  Tagen gewertet (1m/5m/15m)        0 Signale  17 ms lesen  20 ms rechnen
2026-09-10T10:21:26.640Z  RNDB/2017       roh           2108 reg. Kerzen        0/0/0 von 233  Tagen gewertet (1m/5m/15m)        0 Signale  16 ms lesen  18 ms rechnen
2026-09-10T10:21:26.670Z  RNDB/2018       roh           1544 reg. Kerzen        0/0/0 von 218  Tagen gewertet (1m/5m/15m)        0 Signale  13 ms lesen  9 ms rechnen
2026-09-10T10:21:26.718Z  RNDB/2019       roh           2124 reg. Kerzen        0/0/0 von 219  Tagen gewertet (1m/5m/15m)        0 Signale  23 ms lesen  18 ms rechnen
2026-09-10T10:21:26.795Z  RNDB/2020       roh           4737 reg. Kerzen        0/0/0 von 247  Tagen gewertet (1m/5m/15m)        0 Signale  39 ms lesen  30 ms rechnen
2026-09-10T10:21:26.854Z  RNDB/2021       roh           3285 reg. Kerzen        0/0/0 von 237  Tagen gewertet (1m/5m/15m)        0 Signale  19 ms lesen  25 ms rechnen
2026-09-10T10:21:26.933Z  RNDB/2022       roh           3870 reg. Kerzen        0/0/0 von 178  Tagen gewertet (1m/5m/15m)        0 Signale  42 ms lesen  25 ms rechnen
2026-09-10T10:21:28.132Z  RNST/2016       roh          49345 reg. Kerzen        3/0/0 von 252  Tagen gewertet (1m/5m/15m)       75 Signale  83 ms lesen  1072 ms rechnen
2026-09-10T10:21:29.134Z  RNST/2017       roh          51397 reg. Kerzen        2/0/0 von 251  Tagen gewertet (1m/5m/15m)       52 Signale  74 ms lesen  783 ms rechnen
2026-09-10T10:21:29.828Z  RNST/2018       roh          47684 reg. Kerzen        1/0/0 von 251  Tagen gewertet (1m/5m/15m)       24 Signale  90 ms lesen  466 ms rechnen
2026-09-10T10:21:30.853Z  RNST/2019       roh          51374 reg. Kerzen        2/0/0 von 252  Tagen gewertet (1m/5m/15m)       48 Signale  86 ms lesen  795 ms rechnen
2026-09-10T10:21:36.364Z  RNST/2020       roh          60122 reg. Kerzen       16/0/0 von 253  Tagen gewertet (1m/5m/15m)      451 Signale  92 ms lesen  5286 ms rechnen
2026-09-10T10:21:37.422Z  RNST/2021       roh          50011 reg. Kerzen        2/0/0 von 252  Tagen gewertet (1m/5m/15m)       49 Signale  100 ms lesen  807 ms rechnen
2026-09-10T10:21:37.917Z  RNST/2022       roh          46816 reg. Kerzen        0/0/0 von 251  Tagen gewertet (1m/5m/15m)        0 Signale  70 ms lesen  290 ms rechnen
2026-09-10T10:21:38.390Z  RNST/2023       roh          42380 reg. Kerzen        0/0/0 von 250  Tagen gewertet (1m/5m/15m)        0 Signale  72 ms lesen  262 ms rechnen
2026-09-10T10:21:43.444Z  RNST/2024       roh          50821 reg. Kerzen       15/0/0 von 252  Tagen gewertet (1m/5m/15m)      437 Signale  82 ms lesen  4860 ms rechnen
2026-09-10T10:21:52.826Z  RNST/2025       roh          65198 reg. Kerzen       29/0/0 von 250  Tagen gewertet (1m/5m/15m)      824 Signale  94 ms lesen  9157 ms rechnen
2026-09-10T10:22:00.222Z  RNST/2026       roh          45058 reg. Kerzen       25/0/0 von 166  Tagen gewertet (1m/5m/15m)      637 Signale  77 ms lesen  7144 ms rechnen
2026-09-10T10:22:02.727Z  ROCK/2016       roh          58601 reg. Kerzen        7/0/0 von 252  Tagen gewertet (1m/5m/15m)      190 Signale  110 ms lesen  2261 ms rechnen
2026-09-10T10:22:06.003Z  ROCK/2017       roh          52487 reg. Kerzen       10/0/0 von 251  Tagen gewertet (1m/5m/15m)      297 Signale  84 ms lesen  3014 ms rechnen
2026-09-10T10:22:07.356Z  ROCK/2018       roh          47680 reg. Kerzen        3/0/0 von 251  Tagen gewertet (1m/5m/15m)       68 Signale  99 ms lesen  1124 ms rechnen
2026-09-10T10:22:09.129Z  ROCK/2019       roh          45256 reg. Kerzen        4/0/0 von 252  Tagen gewertet (1m/5m/15m)      106 Signale  75 ms lesen  1575 ms rechnen
2026-09-10T10:22:11.046Z  CHECKPOINT 4200 Dateien, 1112 min, Detektorfehler {}
2026-09-10T10:22:13.071Z  ROCK/2020       roh          51119 reg. Kerzen        6/0/0 von 253  Tagen gewertet (1m/5m/15m)      179 Signale  79 ms lesen  1945 ms rechnen
2026-09-10T10:22:13.876Z  ROCK/2021       roh          39503 reg. Kerzen        1/0/0 von 252  Tagen gewertet (1m/5m/15m)       25 Signale  202 ms lesen  468 ms rechnen
2026-09-10T10:22:14.295Z  ROCK/2022       roh          46373 reg. Kerzen        0/0/0 von 251  Tagen gewertet (1m/5m/15m)        0 Signale  72 ms lesen  235 ms rechnen
2026-09-10T10:22:14.724Z  ROCK/2023       roh          35661 reg. Kerzen        0/0/0 von 250  Tagen gewertet (1m/5m/15m)        0 Signale  126 ms lesen  182 ms rechnen
2026-09-10T10:22:15.058Z  ROCK/2024       roh          35578 reg. Kerzen        0/0/0 von 252  Tagen gewertet (1m/5m/15m)        0 Signale  60 ms lesen  196 ms rechnen
2026-09-10T10:22:15.665Z  ROCK/2025       roh          43367 reg. Kerzen        1/0/0 von 250  Tagen gewertet (1m/5m/15m)       22 Signale  62 ms lesen  443 ms rechnen
2026-09-10T10:22:16.872Z  ROCK/2026       roh          31467 reg. Kerzen        3/0/0 von 166  Tagen gewertet (1m/5m/15m)       84 Signale  52 ms lesen  1035 ms rechnen
2026-09-10T10:22:16.970Z  ROIV/2020       roh            651 reg. Kerzen        0/0/0 von 17   Tagen gewertet (1m/5m/15m)        0 Signale  5 ms lesen  3 ms rechnen
2026-09-10T10:22:18.825Z  ROIV/2021       roh          31405 reg. Kerzen        4/0/0 von 252  Tagen gewertet (1m/5m/15m)      130 Signale  70 ms lesen  1782 ms rechnen
2026-09-10T10:22:35.006Z  ROIV/2022       roh          74489 reg. Kerzen       43/0/0 von 251  Tagen gewertet (1m/5m/15m)     1342 Signale  121 ms lesen  15969 ms rechnen
2026-09-10T10:24:04.702Z  ROIV/2023       roh          94999 reg. Kerzen      250/0/0 von 250  Tagen gewertet (1m/5m/15m)     7736 Signale  136 ms lesen  89330 ms rechnen
2026-09-10T10:25:32.830Z  ROIV/2024       roh          96696 reg. Kerzen      252/0/0 von 252  Tagen gewertet (1m/5m/15m)     6930 Signale  120 ms lesen  87762 ms rechnen
2026-09-10T10:27:01.828Z  ROIV/2025       roh          96189 reg. Kerzen      250/0/0 von 250  Tagen gewertet (1m/5m/15m)     6811 Signale  695 ms lesen  88060 ms rechnen
2026-09-10T10:28:00.215Z  ROIV/2026       roh          64476 reg. Kerzen      166/0/0 von 166  Tagen gewertet (1m/5m/15m)     4644 Signale  102 ms lesen  58009 ms rechnen
2026-09-10T10:28:00.492Z  ROSE/2017       roh           6084 reg. Kerzen        0/0/0 von 171  Tagen gewertet (1m/5m/15m)        0 Signale  30 ms lesen  41 ms rechnen
2026-09-10T10:28:00.635Z  ROSE/2018       roh          18137 reg. Kerzen        0/0/0 von 249  Tagen gewertet (1m/5m/15m)        0 Signale  38 ms lesen  92 ms rechnen
2026-09-10T10:28:00.826Z  ROSE/2019       roh          19257 reg. Kerzen        0/0/0 von 252  Tagen gewertet (1m/5m/15m)        0 Signale  55 ms lesen  101 ms rechnen
2026-09-10T10:28:01.110Z  ROSE/2020       roh          26614 reg. Kerzen        0/0/0 von 147  Tagen gewertet (1m/5m/15m)        0 Signale  64 ms lesen  171 ms rechnen
2026-09-10T10:28:01.204Z  ROSE/2021       roh            138 reg. Kerzen        0/0/0 von 19   Tagen gewertet (1m/5m/15m)        0 Signale  17 ms lesen  11 ms rechnen
2026-09-10T10:28:01.240Z  ROSE/2022       roh            622 reg. Kerzen        0/0/0 von 169  Tagen gewertet (1m/5m/15m)        0 Signale  30 ms lesen  5 ms rechnen
2026-09-10T10:28:01.280Z  ROSE/2023       roh           3959 reg. Kerzen        0/0/0 von 167  Tagen gewertet (1m/5m/15m)        0 Signale  16 ms lesen  22 ms rechnen
2026-09-10T10:28:07.174Z  RP/2016         roh          62727 reg. Kerzen       19/0/0 von 252  Tagen gewertet (1m/5m/15m)      506 Signale  100 ms lesen  5784 ms rechnen
2026-09-10T10:28:29.874Z  RP/2017         roh          70540 reg. Kerzen       75/0/0 von 251  Tagen gewertet (1m/5m/15m)     2002 Signale  101 ms lesen  22442 ms rechnen
2026-09-10T10:29:06.748Z  RP/2018         roh          75905 reg. Kerzen      122/0/0 von 251  Tagen gewertet (1m/5m/15m)     3400 Signale  99 ms lesen  36588 ms rechnen
2026-09-10T10:29:54.019Z  RP/2019         roh          80850 reg. Kerzen      164/0/0 von 252  Tagen gewertet (1m/5m/15m)     4150 Signale  111 ms lesen  46933 ms rechnen
2026-09-10T10:30:54.775Z  RP/2020         roh          85148 reg. Kerzen      191/0/0 von 253  Tagen gewertet (1m/5m/15m)     5247 Signale  123 ms lesen  60385 ms rechnen
2026-09-10T10:31:15.489Z  RP/2021         roh          26669 reg. Kerzen       67/0/0 von 75   Tagen gewertet (1m/5m/15m)     1252 Signale  50 ms lesen  20461 ms rechnen
2026-09-10T10:31:32.016Z  RPTP/2016       roh          67330 reg. Kerzen       45/0/0 von 205  Tagen gewertet (1m/5m/15m)      967 Signale  100 ms lesen  16328 ms rechnen
2026-09-10T10:31:47.168Z  RRR/2016        roh          48053 reg. Kerzen       49/0/0 von 173  Tagen gewertet (1m/5m/15m)     1406 Signale  72 ms lesen  14868 ms rechnen
2026-09-10T10:32:22.012Z  RRR/2017        roh          75987 reg. Kerzen      123/0/0 von 251  Tagen gewertet (1m/5m/15m)     3114 Signale  112 ms lesen  34603 ms rechnen
2026-09-10T10:32:58.902Z  RRR/2018        roh          76848 reg. Kerzen      123/0/0 von 251  Tagen gewertet (1m/5m/15m)     3599 Signale  133 ms lesen  36528 ms rechnen
2026-09-10T10:33:36.483Z  RRR/2019        roh          77371 reg. Kerzen      127/0/0 von 252  Tagen gewertet (1m/5m/15m)     3681 Signale  116 ms lesen  37275 ms rechnen
2026-09-10T10:35:01.674Z  RRR/2020        roh          91361 reg. Kerzen      232/0/0 von 253  Tagen gewertet (1m/5m/15m)     7359 Signale  126 ms lesen  84839 ms rechnen
2026-09-10T10:35:59.820Z  RRR/2021        roh          83117 reg. Kerzen      184/0/0 von 252  Tagen gewertet (1m/5m/15m)     5387 Signale  136 ms lesen  57769 ms rechnen
2026-09-10T10:36:45.530Z  RRR/2022        roh          79584 reg. Kerzen      149/0/0 von 251  Tagen gewertet (1m/5m/15m)     4473 Signale  97 ms lesen  45394 ms rechnen
2026-09-10T10:36:58.755Z  RRR/2023        roh          68558 reg. Kerzen       44/0/0 von 250  Tagen gewertet (1m/5m/15m)     1230 Signale  109 ms lesen  12886 ms rechnen
2026-09-10T10:37:08.999Z  RRR/2024        roh          64012 reg. Kerzen       34/0/0 von 252  Tagen gewertet (1m/5m/15m)      949 Signale  109 ms lesen  9960 ms rechnen
2026-09-10T10:37:37.660Z  RRR/2025        roh          73442 reg. Kerzen       95/0/0 von 250  Tagen gewertet (1m/5m/15m)     2643 Signale  211 ms lesen  28251 ms rechnen
2026-09-10T10:37:50.311Z  RRR/2026        roh          46828 reg. Kerzen       42/0/0 von 166  Tagen gewertet (1m/5m/15m)     1171 Signale  68 ms lesen  12408 ms rechnen
2026-09-10T10:37:51.430Z  RSO/2016        roh          52210 reg. Kerzen        2/0/0 von 252  Tagen gewertet (1m/5m/15m)       70 Signale  86 ms lesen  897 ms rechnen
2026-09-10T10:37:51.997Z  RSO/2017        roh          52957 reg. Kerzen        0/0/0 von 251  Tagen gewertet (1m/5m/15m)        0 Signale  101 ms lesen  337 ms rechnen
2026-09-10T10:37:52.328Z  RSO/2018        roh          17805 reg. Kerzen        0/0/0 von 101  Tagen gewertet (1m/5m/15m)        0 Signale  38 ms lesen  111 ms rechnen
2026-09-10T10:37:52.425Z  RTC/2016        bereinigt     2144 reg. Kerzen        0/0/0 von 222  Tagen gewertet (1m/5m/15m)        0 Signale  24 ms lesen  18 ms rechnen
2026-09-10T10:37:52.479Z  RTC/2017        bereinigt     5161 reg. Kerzen        0/0/0 von 244  Tagen gewertet (1m/5m/15m)        0 Signale  10 ms lesen  36 ms rechnen
2026-09-10T10:37:52.527Z  RTC/2018        bereinigt     4393 reg. Kerzen        0/0/0 von 243  Tagen gewertet (1m/5m/15m)        0 Signale  8 ms lesen  23 ms rechnen
2026-09-10T10:37:52.614Z  RTC/2019        bereinigt     9799 reg. Kerzen        0/0/0 von 251  Tagen gewertet (1m/5m/15m)        0 Signale  26 ms lesen  44 ms rechnen
2026-09-10T10:37:52.745Z  RTC/2020        bereinigt    11943 reg. Kerzen        0/0/0 von 252  Tagen gewertet (1m/5m/15m)        0 Signale  37 ms lesen  71 ms rechnen
2026-09-10T10:37:52.844Z  RTC/2021        bereinigt     8337 reg. Kerzen        0/0/0 von 252  Tagen gewertet (1m/5m/15m)        0 Signale  16 ms lesen  58 ms rechnen
2026-09-10T10:37:52.903Z  RTC/2022        bereinigt     3565 reg. Kerzen        0/0/0 von 243  Tagen gewertet (1m/5m/15m)        0 Signale  8 ms lesen  25 ms rechnen
2026-09-10T10:37:52.948Z  RTC/2023        bereinigt     5119 reg. Kerzen        0/0/0 von 250  Tagen gewertet (1m/5m/15m)        0 Signale  9 ms lesen  24 ms rechnen
2026-09-10T10:37:53.100Z  RTC/2024        bereinigt    16550 reg. Kerzen        0/0/0 von 252  Tagen gewertet (1m/5m/15m)        0 Signale  28 ms lesen  105 ms rechnen
2026-09-10T10:37:53.290Z  RTC/2025        roh          15843 reg. Kerzen        0/0/0 von 91   Tagen gewertet (1m/5m/15m)        0 Signale  40 ms lesen  97 ms rechnen
2026-09-10T10:37:56.032Z  RTO/2022        roh          16479 reg. Kerzen       10/0/0 von 56   Tagen gewertet (1m/5m/15m)      258 Signale  53 ms lesen  2643 ms rechnen
2026-09-10T10:38:05.510Z  RTO/2023        roh          58932 reg. Kerzen       33/0/0 von 250  Tagen gewertet (1m/5m/15m)      804 Signale  104 ms lesen  9328 ms rechnen
2026-09-10T10:38:34.199Z  RTO/2024        roh          75068 reg. Kerzen      106/0/0 von 252  Tagen gewertet (1m/5m/15m)     2630 Signale  115 ms lesen  28411 ms rechnen
2026-09-10T10:38:59.558Z  RTO/2025        roh          73989 reg. Kerzen       92/0/0 von 250  Tagen gewertet (1m/5m/15m)     2294 Signale  92 ms lesen  25028 ms rechnen
2026-09-10T10:39:40.955Z  RTO/2026        roh          57317 reg. Kerzen      146/0/0 von 166  Tagen gewertet (1m/5m/15m)     3491 Signale  80 ms lesen  41123 ms rechnen
2026-09-10T10:39:41.252Z  RUBY/2018       roh          18759 reg. Kerzen        0/0/0 von 115  Tagen gewertet (1m/5m/15m)        0 Signale  50 ms lesen  94 ms rechnen
2026-09-10T10:39:42.341Z  RUBY/2019       roh          52880 reg. Kerzen        2/0/0 von 252  Tagen gewertet (1m/5m/15m)       59 Signale  98 ms lesen  934 ms rechnen
2026-09-10T10:39:43.561Z  RUBY/2020       roh          52303 reg. Kerzen        2/0/0 von 253  Tagen gewertet (1m/5m/15m)       66 Signale  95 ms lesen  981 ms rechnen
2026-09-10T10:39:59.211Z  RUBY/2021       roh          65241 reg. Kerzen       43/0/0 von 252  Tagen gewertet (1m/5m/15m)     1406 Signale  106 ms lesen  15423 ms rechnen
2026-09-10T10:39:59.943Z  RUBY/2022       roh          67384 reg. Kerzen        0/0/0 von 251  Tagen gewertet (1m/5m/15m)        0 Signale  112 ms lesen  422 ms rechnen
2026-09-10T10:40:00.245Z  RUBY/2023       roh          10598 reg. Kerzen        0/0/0 von 43   Tagen gewertet (1m/5m/15m)        0 Signale  39 ms lesen  88 ms rechnen
2026-09-10T10:40:00.272Z  AUSGELASSEN RUBY/2024: Datei fehlt
2026-09-10T10:40:00.387Z  RVLT/2016       bereinigt    15170 reg. Kerzen        0/0/0 von 252  Tagen gewertet (1m/5m/15m)        0 Signale  35 ms lesen  79 ms rechnen
2026-09-10T10:40:00.670Z  RVLT/2017       roh          31079 reg. Kerzen        0/0/0 von 251  Tagen gewertet (1m/5m/15m)        0 Signale  65 ms lesen  167 ms rechnen
2026-09-10T10:40:01.015Z  RVLT/2018       roh          31470 reg. Kerzen        0/0/0 von 251  Tagen gewertet (1m/5m/15m)        0 Signale  78 ms lesen  188 ms rechnen
2026-09-10T10:40:01.274Z  RVLT/2019       roh          19285 reg. Kerzen        0/0/0 von 197  Tagen gewertet (1m/5m/15m)        0 Signale  62 ms lesen  106 ms rechnen
2026-09-10T10:40:01.387Z  RWC/2016        roh           2958 reg. Kerzen        0/0/0 von 249  Tagen gewertet (1m/5m/15m)        0 Signale  12 ms lesen  24 ms rechnen
2026-09-10T10:40:01.446Z  RWC/2017        roh           4183 reg. Kerzen        0/0/0 von 251  Tagen gewertet (1m/5m/15m)        0 Signale  18 ms lesen  31 ms rechnen
2026-09-10T10:40:01.485Z  RWC/2018        roh           1038 reg. Kerzen        0/0/0 von 103  Tagen gewertet (1m/5m/15m)        0 Signale  20 ms lesen  8 ms rechnen
2026-09-10T10:40:08.092Z  RXO/2022        roh          14574 reg. Kerzen       20/0/0 von 42   Tagen gewertet (1m/5m/15m)      595 Signale  37 ms lesen  6552 ms rechnen
2026-09-10T10:41:00.082Z  RXO/2023        roh          81208 reg. Kerzen      170/0/0 von 250  Tagen gewertet (1m/5m/15m)     4843 Signale  101 ms lesen  51857 ms rechnen
2026-09-10T10:41:29.776Z  RXO/2024        roh          74456 reg. Kerzen       97/0/0 von 252  Tagen gewertet (1m/5m/15m)     2762 Signale  121 ms lesen  29363 ms rechnen
2026-09-10T10:42:42.326Z  RXO/2025        roh          86904 reg. Kerzen      223/0/0 von 250  Tagen gewertet (1m/5m/15m)     6645 Signale  101 ms lesen  72252 ms rechnen
2026-09-10T10:43:36.055Z  RXO/2026        roh          59576 reg. Kerzen      157/0/0 von 166  Tagen gewertet (1m/5m/15m)     4843 Signale  87 ms lesen  53384 ms rechnen
2026-09-10T10:43:36.913Z  RYCE/2016       roh          38170 reg. Kerzen        1/0/0 von 252  Tagen gewertet (1m/5m/15m)       27 Signale  64 ms lesen  613 ms rechnen
2026-09-10T10:43:37.259Z  RYCE/2017       roh          30658 reg. Kerzen        0/0/0 von 251  Tagen gewertet (1m/5m/15m)        0 Signale  61 ms lesen  170 ms rechnen
2026-09-10T10:43:37.573Z  RYCE/2018       roh          28244 reg. Kerzen        0/0/0 von 251  Tagen gewertet (1m/5m/15m)        0 Signale  60 ms lesen  175 ms rechnen
2026-09-10T10:43:37.939Z  RYCE/2019       roh          33233 reg. Kerzen        0/0/0 von 252  Tagen gewertet (1m/5m/15m)        0 Signale  84 ms lesen  186 ms rechnen
2026-09-10T10:43:38.112Z  RYCE/2020       roh           4928 reg. Kerzen        0/0/0 von 158  Tagen gewertet (1m/5m/15m)        0 Signale  34 ms lesen  27 ms rechnen
2026-09-10T10:43:50.718Z  SAAS/2016       roh          61892 reg. Kerzen       36/0/0 von 219  Tagen gewertet (1m/5m/15m)      493 Signale  84 ms lesen  12511 ms rechnen
2026-09-10T10:43:57.962Z  SAH/2016        roh          65458 reg. Kerzen       23/0/0 von 252  Tagen gewertet (1m/5m/15m)      643 Signale  90 ms lesen  6969 ms rechnen
2026-09-10T10:43:58.550Z  SAH/2017        roh          52550 reg. Kerzen        0/0/0 von 251  Tagen gewertet (1m/5m/15m)        0 Signale  79 ms lesen  335 ms rechnen
2026-09-10T10:44:00.239Z  SAH/2018        roh          46842 reg. Kerzen        3/0/0 von 251  Tagen gewertet (1m/5m/15m)       93 Signale  81 ms lesen  1439 ms rechnen
2026-09-10T10:44:02.498Z  SAH/2019        roh          56283 reg. Kerzen        5/0/0 von 252  Tagen gewertet (1m/5m/15m)      138 Signale  142 ms lesen  1971 ms rechnen
2026-09-10T10:44:23.280Z  SAH/2020        roh          67564 reg. Kerzen       64/0/0 von 253  Tagen gewertet (1m/5m/15m)     1950 Signale  108 ms lesen  20538 ms rechnen
2026-09-10T10:44:28.725Z  SAH/2021        roh          57301 reg. Kerzen       16/0/0 von 252  Tagen gewertet (1m/5m/15m)      471 Signale  102 ms lesen  5144 ms rechnen
2026-09-10T10:44:37.470Z  SAH/2022        roh          64533 reg. Kerzen       27/0/0 von 251  Tagen gewertet (1m/5m/15m)      806 Signale  119 ms lesen  8492 ms rechnen
2026-09-10T10:44:40.134Z  SAH/2023        roh          52230 reg. Kerzen        7/0/0 von 250  Tagen gewertet (1m/5m/15m)      204 Signale  78 ms lesen  2414 ms rechnen
2026-09-10T10:44:40.784Z  SAH/2024        roh          34712 reg. Kerzen        1/0/0 von 252  Tagen gewertet (1m/5m/15m)       24 Signale  61 ms lesen  438 ms rechnen
2026-09-10T10:44:41.383Z  SAH/2025        roh          38097 reg. Kerzen        1/0/0 von 250  Tagen gewertet (1m/5m/15m)       24 Signale  71 ms lesen  447 ms rechnen
2026-09-10T10:44:41.667Z  SAH/2026        roh          26346 reg. Kerzen        0/0/0 von 166  Tagen gewertet (1m/5m/15m)        0 Signale  41 ms lesen  138 ms rechnen
2026-09-10T10:44:41.925Z  SALM/2016       roh          19884 reg. Kerzen        0/0/0 von 252  Tagen gewertet (1m/5m/15m)        0 Signale  54 ms lesen  133 ms rechnen
2026-09-10T10:44:42.114Z  SALM/2017       roh          15300 reg. Kerzen        0/0/0 von 251  Tagen gewertet (1m/5m/15m)        0 Signale  32 ms lesen  97 ms rechnen
2026-09-10T10:44:42.329Z  SALM/2018       roh          19025 reg. Kerzen        0/0/0 von 251  Tagen gewertet (1m/5m/15m)        0 Signale  56 ms lesen  118 ms rechnen
2026-09-10T10:44:42.508Z  SALM/2019       roh          13748 reg. Kerzen        0/0/0 von 252  Tagen gewertet (1m/5m/15m)        0 Signale  51 ms lesen  82 ms rechnen
2026-09-10T10:44:42.868Z  SALM/2020       roh          35342 reg. Kerzen        0/0/0 von 253  Tagen gewertet (1m/5m/15m)        0 Signale  87 ms lesen  236 ms rechnen
2026-09-10T10:44:43.251Z  SALM/2021       roh          39953 reg. Kerzen        0/0/0 von 252  Tagen gewertet (1m/5m/15m)        0 Signale  68 ms lesen  229 ms rechnen
2026-09-10T10:44:43.519Z  SALM/2022       roh          18504 reg. Kerzen        0/0/0 von 251  Tagen gewertet (1m/5m/15m)        0 Signale  59 ms lesen  100 ms rechnen
2026-09-10T10:44:43.641Z  SALM/2023       roh           7327 reg. Kerzen        0/0/0 von 250  Tagen gewertet (1m/5m/15m)        0 Signale  21 ms lesen  42 ms rechnen
2026-09-10T10:44:43.685Z  SALM/2024       roh            997 reg. Kerzen        0/0/0 von 12   Tagen gewertet (1m/5m/15m)        0 Signale  12 ms lesen  6 ms rechnen
2026-09-10T10:44:43.689Z  AUSGELASSEN SALM/2025: Datei fehlt
2026-09-10T10:45:14.239Z  SANM/2016       roh          77725 reg. Kerzen      106/0/0 von 252  Tagen gewertet (1m/5m/15m)     2732 Signale  119 ms lesen  30430 ms rechnen
2026-09-10T10:45:41.291Z  SANM/2017       roh          73120 reg. Kerzen       88/0/0 von 251  Tagen gewertet (1m/5m/15m)     2370 Signale  117 ms lesen  26730 ms rechnen
2026-09-10T10:45:58.248Z  SANM/2018       roh          66720 reg. Kerzen       50/0/0 von 251  Tagen gewertet (1m/5m/15m)     1441 Signale  117 ms lesen  16653 ms rechnen
2026-09-10T10:46:13.269Z  SANM/2019       roh          68439 reg. Kerzen       52/0/0 von 252  Tagen gewertet (1m/5m/15m)     1396 Signale  118 ms lesen  14693 ms rechnen
2026-09-10T10:46:38.814Z  SANM/2020       roh          72187 reg. Kerzen       78/0/0 von 253  Tagen gewertet (1m/5m/15m)     2323 Signale  111 ms lesen  25249 ms rechnen
2026-09-10T10:46:42.990Z  SANM/2021       roh          59483 reg. Kerzen       12/0/0 von 252  Tagen gewertet (1m/5m/15m)      335 Signale  118 ms lesen  3841 ms rechnen
2026-09-10T10:46:59.403Z  SANM/2022       roh          68809 reg. Kerzen       53/0/0 von 251  Tagen gewertet (1m/5m/15m)     1491 Signale  110 ms lesen  16134 ms rechnen
2026-09-10T10:47:05.886Z  SANM/2023       roh          60148 reg. Kerzen       21/0/0 von 250  Tagen gewertet (1m/5m/15m)      591 Signale  105 ms lesen  6230 ms rechnen
2026-09-10T10:47:11.321Z  SANM/2024       roh          56123 reg. Kerzen       16/0/0 von 252  Tagen gewertet (1m/5m/15m)      443 Signale  76 ms lesen  5165 ms rechnen
2026-09-10T10:47:21.760Z  SANM/2025       roh          62445 reg. Kerzen       33/0/0 von 250  Tagen gewertet (1m/5m/15m)      950 Signale  74 ms lesen  10220 ms rechnen
2026-09-10T10:47:43.211Z  SANM/2026       roh          49628 reg. Kerzen       66/0/0 von 166  Tagen gewertet (1m/5m/15m)     2016 Signale  78 ms lesen  21212 ms rechnen
2026-09-10T10:47:43.448Z  SATX/2022       roh           8277 reg. Kerzen        0/0/0 von 44   Tagen gewertet (1m/5m/15m)        0 Signale  41 ms lesen  35 ms rechnen
2026-09-10T10:47:43.738Z  SATX/2023       roh          33400 reg. Kerzen        0/0/0 von 250  Tagen gewertet (1m/5m/15m)        0 Signale  76 ms lesen  196 ms rechnen
2026-09-10T10:47:43.894Z  SATX/2024       roh           9312 reg. Kerzen        0/0/0 von 252  Tagen gewertet (1m/5m/15m)        0 Signale  28 ms lesen  51 ms rechnen
2026-09-10T10:47:44.051Z  SATX/2025       roh          12947 reg. Kerzen        0/0/0 von 123  Tagen gewertet (1m/5m/15m)        0 Signale  29 ms lesen  99 ms rechnen
2026-09-10T10:47:44.152Z  SBCP/2016       roh           2025 reg. Kerzen        0/0/0 von 226  Tagen gewertet (1m/5m/15m)        0 Signale  41 ms lesen  16 ms rechnen
2026-09-10T10:47:44.290Z  SBCP/2017       roh          13339 reg. Kerzen        0/0/0 von 250  Tagen gewertet (1m/5m/15m)        0 Signale  54 ms lesen  76 ms rechnen
2026-09-10T10:48:57.006Z  SBH/2016        roh          93153 reg. Kerzen      232/0/0 von 252  Tagen gewertet (1m/5m/15m)     5763 Signale  120 ms lesen  72548 ms rechnen
2026-09-10T10:50:18.653Z  SBH/2017        roh          93874 reg. Kerzen      251/0/0 von 251  Tagen gewertet (1m/5m/15m)     6726 Signale  141 ms lesen  81268 ms rechnen
2026-09-10T10:51:44.536Z  SBH/2018        roh          94923 reg. Kerzen      251/0/0 von 251  Tagen gewertet (1m/5m/15m)     7134 Signale  135 ms lesen  85468 ms rechnen
2026-09-10T10:53:10.114Z  SBH/2019        roh          94345 reg. Kerzen      252/0/0 von 252  Tagen gewertet (1m/5m/15m)     7036 Signale  136 ms lesen  85149 ms rechnen
2026-09-10T10:54:39.750Z  SBH/2020        roh          94773 reg. Kerzen      253/0/0 von 253  Tagen gewertet (1m/5m/15m)     7925 Signale  175 ms lesen  89226 ms rechnen
2026-09-10T10:55:58.969Z  SBH/2021        roh          89179 reg. Kerzen      239/0/0 von 252  Tagen gewertet (1m/5m/15m)     7013 Signale  148 ms lesen  78801 ms rechnen
2026-09-10T10:57:25.093Z  SBH/2022        roh          92717 reg. Kerzen      248/0/0 von 251  Tagen gewertet (1m/5m/15m)     7440 Signale  143 ms lesen  85734 ms rechnen
2026-09-10T10:58:48.253Z  SBH/2023        roh          92321 reg. Kerzen      249/0/0 von 250  Tagen gewertet (1m/5m/15m)     7218 Signale  119 ms lesen  82796 ms rechnen
2026-09-10T11:00:08.785Z  SBH/2024        roh          90694 reg. Kerzen      248/0/0 von 252  Tagen gewertet (1m/5m/15m)     7226 Signale  128 ms lesen  80195 ms rechnen
2026-09-10T11:01:30.309Z  SBH/2025        roh          90380 reg. Kerzen      245/0/0 von 250  Tagen gewertet (1m/5m/15m)     7129 Signale  123 ms lesen  81139 ms rechnen
2026-09-10T11:02:09.639Z  SBH/2026        roh          55165 reg. Kerzen      129/0/0 von 166  Tagen gewertet (1m/5m/15m)     3765 Signale  124 ms lesen  38957 ms rechnen
2026-09-10T11:02:09.832Z  SBPH/2016       bereinigt     2976 reg. Kerzen        0/0/0 von 165  Tagen gewertet (1m/5m/15m)        0 Signale  18 ms lesen  12 ms rechnen
2026-09-10T11:02:09.933Z  SBPH/2017       bereinigt    11437 reg. Kerzen        0/0/0 von 251  Tagen gewertet (1m/5m/15m)        0 Signale  24 ms lesen  71 ms rechnen
2026-09-10T11:02:10.073Z  SBPH/2018       bereinigt    14387 reg. Kerzen        0/0/0 von 250  Tagen gewertet (1m/5m/15m)        0 Signale  19 ms lesen  84 ms rechnen
2026-09-10T11:02:10.220Z  SBPH/2019       bereinigt    15127 reg. Kerzen        0/0/0 von 252  Tagen gewertet (1m/5m/15m)        0 Signale  16 ms lesen  96 ms rechnen
2026-09-10T11:02:10.389Z  SBPH/2020       bereinigt    16816 reg. Kerzen        0/0/0 von 226  Tagen gewertet (1m/5m/15m)        0 Signale  32 ms lesen  106 ms rechnen
2026-09-10T11:02:11.969Z  SBY/2016        roh          59559 reg. Kerzen        4/0/0 von 252  Tagen gewertet (1m/5m/15m)       99 Signale  105 ms lesen  1436 ms rechnen
2026-09-10T11:02:13.379Z  SBY/2017        roh          19745 reg. Kerzen        4/0/0 von 87   Tagen gewertet (1m/5m/15m)       66 Signale  36 ms lesen  1215 ms rechnen
2026-09-10T11:03:33.034Z  SCHW/2016       roh          98075 reg. Kerzen      232/0/0 von 252  Tagen gewertet (1m/5m/15m)     5809 Signale  126 ms lesen  79458 ms rechnen
2026-09-10T11:04:56.622Z  SCHW/2017       roh          97482 reg. Kerzen      251/0/0 von 251  Tagen gewertet (1m/5m/15m)     5965 Signale  141 ms lesen  83180 ms rechnen
2026-09-10T11:06:22.781Z  SCHW/2018       roh          97327 reg. Kerzen      251/0/0 von 251  Tagen gewertet (1m/5m/15m)     6486 Signale  152 ms lesen  85757 ms rechnen
2026-09-10T11:07:46.418Z  SCHW/2019       roh          97690 reg. Kerzen      252/0/0 von 252  Tagen gewertet (1m/5m/15m)     6301 Signale  151 ms lesen  83222 ms rechnen
2026-09-10T11:09:15.609Z  SCHW/2020       roh          98250 reg. Kerzen      253/0/0 von 253  Tagen gewertet (1m/5m/15m)     6980 Signale  138 ms lesen  88807 ms rechnen
2026-09-10T11:10:41.809Z  SCHW/2021       roh          97688 reg. Kerzen      251/0/0 von 252  Tagen gewertet (1m/5m/15m)     6248 Signale  160 ms lesen  85776 ms rechnen
2026-09-10T11:12:09.104Z  SCHW/2022       roh          96945 reg. Kerzen      249/0/0 von 251  Tagen gewertet (1m/5m/15m)     6631 Signale  131 ms lesen  86883 ms rechnen
2026-09-10T11:13:34.861Z  SCHW/2023       roh          97122 reg. Kerzen      250/0/0 von 250  Tagen gewertet (1m/5m/15m)     6503 Signale  166 ms lesen  85306 ms rechnen
2026-09-10T11:15:00.928Z  SCHW/2024       roh          97727 reg. Kerzen      252/0/0 von 252  Tagen gewertet (1m/5m/15m)     5940 Signale  157 ms lesen  85673 ms rechnen
2026-09-10T11:16:25.327Z  SCHW/2025       roh          96956 reg. Kerzen      250/0/0 von 250  Tagen gewertet (1m/5m/15m)     5975 Signale  157 ms lesen  83993 ms rechnen
2026-09-10T11:17:22.553Z  SCHW/2026       roh          64736 reg. Kerzen      166/0/0 von 166  Tagen gewertet (1m/5m/15m)     4094 Signale  94 ms lesen  56872 ms rechnen
2026-09-10T11:17:22.839Z  SCOA/2021       roh          14698 reg. Kerzen        0/0/0 von 227  Tagen gewertet (1m/5m/15m)        0 Signale  30 ms lesen  77 ms rechnen
2026-09-10T11:17:22.907Z  SCOA/2022       roh           3372 reg. Kerzen        0/0/0 von 234  Tagen gewertet (1m/5m/15m)        0 Signale  15 ms lesen  15 ms rechnen
2026-09-10T11:17:22.980Z  SCRM/2022       roh           2702 reg. Kerzen        0/0/0 von 194  Tagen gewertet (1m/5m/15m)        0 Signale  21 ms lesen  20 ms rechnen
2026-09-10T11:17:23.048Z  SCRM/2023       roh           4452 reg. Kerzen        0/0/0 von 245  Tagen gewertet (1m/5m/15m)        0 Signale  27 ms lesen  30 ms rechnen
2026-09-10T11:17:23.115Z  SCRM/2024       roh           5858 reg. Kerzen        0/0/0 von 92   Tagen gewertet (1m/5m/15m)        0 Signale  18 ms lesen  32 ms rechnen
2026-09-10T11:17:23.419Z  SCVL/2016       bereinigt    36822 reg. Kerzen        0/0/0 von 252  Tagen gewertet (1m/5m/15m)        0 Signale  63 ms lesen  208 ms rechnen
2026-09-10T11:17:24.469Z  SCVL/2017       bereinigt    48112 reg. Kerzen        2/0/0 von 251  Tagen gewertet (1m/5m/15m)       56 Signale  53 ms lesen  896 ms rechnen
2026-09-10T11:17:31.604Z  SCVL/2018       bereinigt    60731 reg. Kerzen       23/0/0 von 251  Tagen gewertet (1m/5m/15m)      643 Signale  75 ms lesen  6913 ms rechnen
2026-09-10T11:17:49.575Z  SCVL/2019       bereinigt    68690 reg. Kerzen       61/0/0 von 252  Tagen gewertet (1m/5m/15m)     1804 Signale  90 ms lesen  17737 ms rechnen
2026-09-10T11:17:51.238Z  SCVL/2020       bereinigt    52477 reg. Kerzen        3/0/0 von 253  Tagen gewertet (1m/5m/15m)      101 Signale  76 ms lesen  1400 ms rechnen
2026-09-10T11:17:54.551Z  SCVL/2021       bereinigt    46809 reg. Kerzen       10/0/0 von 252  Tagen gewertet (1m/5m/15m)      290 Signale  69 ms lesen  3083 ms rechnen
2026-09-10T11:18:03.406Z  SCVL/2022       roh          65095 reg. Kerzen       28/0/0 von 251  Tagen gewertet (1m/5m/15m)      855 Signale  186 ms lesen  8575 ms rechnen
2026-09-10T11:18:07.265Z  SCVL/2023       roh          59272 reg. Kerzen       11/0/0 von 250  Tagen gewertet (1m/5m/15m)      344 Signale  92 ms lesen  3590 ms rechnen
2026-09-10T11:18:07.949Z  SCVL/2024       roh          47007 reg. Kerzen        1/0/0 von 252  Tagen gewertet (1m/5m/15m)       26 Signale  66 ms lesen  458 ms rechnen
2026-09-10T11:18:15.416Z  SCVL/2025       roh          60632 reg. Kerzen       22/0/0 von 250  Tagen gewertet (1m/5m/15m)      668 Signale  82 ms lesen  7229 ms rechnen
2026-09-10T11:18:16.609Z  SCVL/2026       roh          25424 reg. Kerzen        3/0/0 von 111  Tagen gewertet (1m/5m/15m)       90 Signale  48 ms lesen  960 ms rechnen
2026-09-10T11:18:20.315Z  SDIG/2021       bereinigt    14986 reg. Kerzen       10/0/0 von 51   Tagen gewertet (1m/5m/15m)      312 Signale  26 ms lesen  3586 ms rechnen
2026-09-10T11:18:28.922Z  SDIG/2022       bereinigt    70376 reg. Kerzen       24/0/0 von 251  Tagen gewertet (1m/5m/15m)      798 Signale  130 ms lesen  8434 ms rechnen
2026-09-10T11:18:29.617Z  SDIG/2023       bereinigt    59102 reg. Kerzen        0/0/0 von 250  Tagen gewertet (1m/5m/15m)        0 Signale  106 ms lesen  387 ms rechnen
2026-09-10T11:18:35.253Z  SDIG/2024       roh          62023 reg. Kerzen       14/0/0 von 252  Tagen gewertet (1m/5m/15m)      463 Signale  74 ms lesen  5425 ms rechnen
2026-09-10T11:18:35.506Z  SDIG/2025       roh           8259 reg. Kerzen        0/0/0 von 49   Tagen gewertet (1m/5m/15m)        0 Signale  29 ms lesen  70 ms rechnen
2026-09-10T11:18:35.854Z  SEAC/2016       bereinigt    39622 reg. Kerzen        0/0/0 von 252  Tagen gewertet (1m/5m/15m)        0 Signale  75 ms lesen  229 ms rechnen
2026-09-10T11:18:36.080Z  SEAC/2017       bereinigt    21147 reg. Kerzen        0/0/0 von 251  Tagen gewertet (1m/5m/15m)        0 Signale  31 ms lesen  100 ms rechnen
2026-09-10T11:18:36.369Z  SEAC/2018       bereinigt    34272 reg. Kerzen        0/0/0 von 251  Tagen gewertet (1m/5m/15m)        0 Signale  75 ms lesen  173 ms rechnen
2026-09-10T11:18:36.647Z  SEAC/2019       bereinigt    27787 reg. Kerzen        0/0/0 von 252  Tagen gewertet (1m/5m/15m)        0 Signale  45 ms lesen  158 ms rechnen
2026-09-10T11:18:37.200Z  SEAC/2020       bereinigt    55938 reg. Kerzen        0/0/0 von 253  Tagen gewertet (1m/5m/15m)        0 Signale  88 ms lesen  389 ms rechnen
2026-09-10T11:18:47.044Z  SEAC/2021       bereinigt    64827 reg. Kerzen       23/0/0 von 252  Tagen gewertet (1m/5m/15m)      754 Signale  128 ms lesen  9549 ms rechnen
2026-09-10T11:18:52.237Z  SEAC/2022       bereinigt    47609 reg. Kerzen       13/0/0 von 251  Tagen gewertet (1m/5m/15m)      459 Signale  105 ms lesen  4919 ms rechnen
2026-09-10T11:18:52.416Z  SEAC/2023       bereinigt     6675 reg. Kerzen        0/0/0 von 162  Tagen gewertet (1m/5m/15m)        0 Signale  12 ms lesen  50 ms rechnen
2026-09-10T11:18:52.436Z  AUSGELASSEN SEAC/2024: Datei fehlt
2026-09-10T11:18:52.464Z  AUSGELASSEN SEAC/2025: Datei fehlt
2026-09-10T11:18:52.714Z  SEEL/2016       bereinigt    31577 reg. Kerzen        0/0/0 von 252  Tagen gewertet (1m/5m/15m)        0 Signale  76 ms lesen  166 ms rechnen
2026-09-10T11:18:52.997Z  SEEL/2017       bereinigt    31221 reg. Kerzen        0/0/0 von 251  Tagen gewertet (1m/5m/15m)        0 Signale  53 ms lesen  153 ms rechnen
2026-09-10T11:18:53.401Z  SEEL/2018       bereinigt    38719 reg. Kerzen        0/0/0 von 251  Tagen gewertet (1m/5m/15m)        0 Signale  95 ms lesen  237 ms rechnen
2026-09-10T11:18:59.444Z  SEEL/2019       bereinigt    48171 reg. Kerzen       15/0/0 von 252  Tagen gewertet (1m/5m/15m)      486 Signale  98 ms lesen  5844 ms rechnen
2026-09-10T11:19:00.056Z  SEEL/2020       bereinigt    53452 reg. Kerzen        0/0/0 von 253  Tagen gewertet (1m/5m/15m)        0 Signale  108 ms lesen  367 ms rechnen
2026-09-10T11:20:03.417Z  SEEL/2021       bereinigt    89967 reg. Kerzen      165/0/0 von 252  Tagen gewertet (1m/5m/15m)     5567 Signale  159 ms lesen  63034 ms rechnen
2026-09-10T11:20:04.365Z  SEEL/2022       bereinigt    72312 reg. Kerzen        0/0/0 von 251  Tagen gewertet (1m/5m/15m)        0 Signale  145 ms lesen  547 ms rechnen
2026-09-10T11:20:05.159Z  SEEL/2023       bereinigt    64672 reg. Kerzen        0/0/0 von 250  Tagen gewertet (1m/5m/15m)        0 Signale  126 ms lesen  479 ms rechnen
2026-09-10T11:20:05.683Z  SEEL/2024       bereinigt    42993 reg. Kerzen        0/0/0 von 199  Tagen gewertet (1m/5m/15m)        0 Signale  70 ms lesen  268 ms rechnen
2026-09-10T11:20:34.907Z  SEP/2016        roh          76921 reg. Kerzen      101/0/0 von 252  Tagen gewertet (1m/5m/15m)     2665 Signale  116 ms lesen  28983 ms rechnen
2026-09-10T11:20:57.324Z  SEP/2017        roh          72670 reg. Kerzen       81/0/0 von 251  Tagen gewertet (1m/5m/15m)     1938 Signale  112 ms lesen  22087 ms rechnen
2026-09-10T11:21:41.029Z  SEP/2018        roh          77410 reg. Kerzen      154/0/0 von 241  Tagen gewertet (1m/5m/15m)     3911 Signale  115 ms lesen  43374 ms rechnen
2026-09-10T11:21:43.122Z  SFG/2016        roh          12675 reg. Kerzen        6/0/0 von 44   Tagen gewertet (1m/5m/15m)       86 Signale  25 ms lesen  1875 ms rechnen
2026-09-10T11:21:43.185Z  SFT/2019        bereinigt      107 reg. Kerzen        0/0/0 von 28   Tagen gewertet (1m/5m/15m)        0 Signale  15 ms lesen  1 ms rechnen
2026-09-10T11:21:54.738Z  SFT/2020        bereinigt    35320 reg. Kerzen       32/0/0 von 184  Tagen gewertet (1m/5m/15m)     1045 Signale  70 ms lesen  11482 ms rechnen
2026-09-10T11:23:22.399Z  SFT/2021        bereinigt    91690 reg. Kerzen      248/0/0 von 252  Tagen gewertet (1m/5m/15m)     7883 Signale  154 ms lesen  87411 ms rechnen
2026-09-10T11:23:47.585Z  SFT/2022        bereinigt    79799 reg. Kerzen       61/0/0 von 251  Tagen gewertet (1m/5m/15m)     2073 Signale  143 ms lesen  24776 ms rechnen
2026-09-10T11:23:48.096Z  SFT/2023        bereinigt    38251 reg. Kerzen        0/0/0 von 200  Tagen gewertet (1m/5m/15m)        0 Signale  52 ms lesen  248 ms rechnen
2026-09-10T11:23:48.245Z  SGBXV/2023      roh            835 reg. Kerzen        0/0/0 von 7    Tagen gewertet (1m/5m/15m)        0 Signale  17 ms lesen  6 ms rechnen
2026-09-10T11:23:48.278Z  SGII/2021       roh            102 reg. Kerzen        0/0/0 von 16   Tagen gewertet (1m/5m/15m)        0 Signale  27 ms lesen  1 ms rechnen
2026-09-10T11:23:48.315Z  SGII/2022       roh            575 reg. Kerzen        0/0/0 von 140  Tagen gewertet (1m/5m/15m)        0 Signale  30 ms lesen  6 ms rechnen
2026-09-10T11:23:48.349Z  SGII/2023       roh            609 reg. Kerzen        0/0/0 von 134  Tagen gewertet (1m/5m/15m)        0 Signale  25 ms lesen  6 ms rechnen
2026-09-10T11:23:48.430Z  SGNL/2016       bereinigt     7659 reg. Kerzen        0/0/0 von 252  Tagen gewertet (1m/5m/15m)        0 Signale  26 ms lesen  51 ms rechnen
2026-09-10T11:23:48.488Z  SGNL/2017       roh           1775 reg. Kerzen        0/0/0 von 29   Tagen gewertet (1m/5m/15m)        0 Signale  21 ms lesen  12 ms rechnen
2026-09-10T11:23:50.391Z  CHECKPOINT 4400 Dateien, 1174 min, Detektorfehler {}
2026-09-10T11:24:46.183Z  SHAK/2016       roh          84136 reg. Kerzen      181/0/0 von 252  Tagen gewertet (1m/5m/15m)     5290 Signale  133 ms lesen  55658 ms rechnen
2026-09-10T11:25:30.489Z  SHAK/2017       roh          80343 reg. Kerzen      154/0/0 von 251  Tagen gewertet (1m/5m/15m)     4209 Signale  122 ms lesen  43949 ms rechnen
2026-09-10T11:26:29.947Z  SHAK/2018       roh          84159 reg. Kerzen      194/0/0 von 251  Tagen gewertet (1m/5m/15m)     5485 Signale  229 ms lesen  59021 ms rechnen
2026-09-10T11:27:32.694Z  SHAK/2019       roh          85838 reg. Kerzen      206/0/0 von 252  Tagen gewertet (1m/5m/15m)     5710 Signale  107 ms lesen  62403 ms rechnen
2026-09-10T11:28:58.804Z  SHAK/2020       roh          93382 reg. Kerzen      241/0/0 von 253  Tagen gewertet (1m/5m/15m)     7587 Signale  150 ms lesen  85697 ms rechnen
2026-09-10T11:30:00.367Z  SHAK/2021       roh          84528 reg. Kerzen      192/0/0 von 252  Tagen gewertet (1m/5m/15m)     5806 Signale  128 ms lesen  61212 ms rechnen
2026-09-10T11:31:17.080Z  SHAK/2022       roh          87153 reg. Kerzen      228/0/0 von 251  Tagen gewertet (1m/5m/15m)     6992 Signale  220 ms lesen  76241 ms rechnen
2026-09-10T11:32:18.463Z  SHAK/2023       roh          83656 reg. Kerzen      198/0/0 von 250  Tagen gewertet (1m/5m/15m)     5621 Signale  403 ms lesen  60742 ms rechnen
2026-09-10T11:33:15.338Z  SHAK/2024       roh          83294 reg. Kerzen      182/0/0 von 252  Tagen gewertet (1m/5m/15m)     5144 Signale  122 ms lesen  56530 ms rechnen
2026-09-10T11:34:33.959Z  SHAK/2025       roh          88801 reg. Kerzen      241/0/0 von 250  Tagen gewertet (1m/5m/15m)     6842 Signale  144 ms lesen  78244 ms rechnen
2026-09-10T11:35:26.862Z  SHAK/2026       roh          59735 reg. Kerzen      157/0/0 von 166  Tagen gewertet (1m/5m/15m)     4749 Signale  92 ms lesen  52584 ms rechnen
2026-09-10T11:35:27.045Z  SHLL/2019       roh            292 reg. Kerzen        0/0/0 von 100  Tagen gewertet (1m/5m/15m)        0 Signale  15 ms lesen  3 ms rechnen
2026-09-10T11:35:51.854Z  SHLL/2020       roh          29302 reg. Kerzen       64/0/0 von 156  Tagen gewertet (1m/5m/15m)     2223 Signale  61 ms lesen  24746 ms rechnen
2026-09-10T11:36:49.217Z  SHOP/2016       bereinigt    84047 reg. Kerzen      180/0/0 von 252  Tagen gewertet (1m/5m/15m)     5159 Signale  144 ms lesen  57131 ms rechnen
2026-09-10T11:38:13.687Z  SHOP/2017       bereinigt    94566 reg. Kerzen      250/0/0 von 251  Tagen gewertet (1m/5m/15m)     7139 Signale  619 ms lesen  83651 ms rechnen
2026-09-10T11:39:40.807Z  SHOP/2018       bereinigt    94491 reg. Kerzen      251/0/0 von 251  Tagen gewertet (1m/5m/15m)     7434 Signale  183 ms lesen  86694 ms rechnen
2026-09-10T11:41:08.878Z  SHOP/2019       bereinigt    95709 reg. Kerzen      252/0/0 von 252  Tagen gewertet (1m/5m/15m)     7205 Signale  156 ms lesen  87645 ms rechnen
2026-09-10T11:42:47.911Z  SHOP/2020       bereinigt    96789 reg. Kerzen      253/0/0 von 253  Tagen gewertet (1m/5m/15m)     7821 Signale  6354 ms lesen  92401 ms rechnen
2026-09-10T11:44:06.614Z  SHOP/2021       bereinigt    89698 reg. Kerzen      238/0/0 von 252  Tagen gewertet (1m/5m/15m)     6943 Signale  159 ms lesen  78268 ms rechnen
2026-09-10T11:45:45.082Z  SHOP/2022       bereinigt    96594 reg. Kerzen      249/0/0 von 251  Tagen gewertet (1m/5m/15m)     8101 Signale  183 ms lesen  98023 ms rechnen
2026-09-10T11:47:17.217Z  SHOP/2023       roh          97127 reg. Kerzen      250/0/0 von 250  Tagen gewertet (1m/5m/15m)     7230 Signale  165 ms lesen  91692 ms rechnen
2026-09-10T11:48:45.272Z  SHOP/2024       roh          97732 reg. Kerzen      252/0/0 von 252  Tagen gewertet (1m/5m/15m)     6866 Signale  158 ms lesen  87632 ms rechnen
2026-09-10T11:50:15.202Z  SHOP/2025       roh          96932 reg. Kerzen      250/0/0 von 250  Tagen gewertet (1m/5m/15m)     7199 Signale  306 ms lesen  89351 ms rechnen
2026-09-10T11:51:16.523Z  SHOP/2026       roh          64735 reg. Kerzen      166/0/0 von 166  Tagen gewertet (1m/5m/15m)     4952 Signale  138 ms lesen  60914 ms rechnen
2026-09-10T11:52:10.674Z  SHW/2016        bereinigt    85954 reg. Kerzen      190/0/0 von 252  Tagen gewertet (1m/5m/15m)     4423 Signale  262 ms lesen  53683 ms rechnen
2026-09-10T11:52:53.755Z  SHW/2017        bereinigt    80027 reg. Kerzen      160/0/0 von 251  Tagen gewertet (1m/5m/15m)     3587 Signale  824 ms lesen  42022 ms rechnen
2026-09-10T11:53:42.745Z  SHW/2018        bereinigt    81874 reg. Kerzen      175/0/0 von 251  Tagen gewertet (1m/5m/15m)     4522 Signale  165 ms lesen  48598 ms rechnen
2026-09-10T11:54:20.635Z  SHW/2019        bereinigt    78567 reg. Kerzen      139/0/0 von 252  Tagen gewertet (1m/5m/15m)     3302 Signale  152 ms lesen  37491 ms rechnen
2026-09-10T11:55:00.586Z  SHW/2020        bereinigt    78193 reg. Kerzen      134/0/0 von 253  Tagen gewertet (1m/5m/15m)     3660 Signale  155 ms lesen  39565 ms rechnen
2026-09-10T11:56:05.613Z  SHW/2021        bereinigt    87827 reg. Kerzen      216/0/0 von 252  Tagen gewertet (1m/5m/15m)     4979 Signale  274 ms lesen  64566 ms rechnen
2026-09-10T11:57:30.650Z  SHW/2022        roh          94351 reg. Kerzen      248/0/0 von 251  Tagen gewertet (1m/5m/15m)     6629 Signale  3050 ms lesen  81748 ms rechnen
2026-09-10T11:58:48.554Z  SHW/2023        roh          92337 reg. Kerzen      249/0/0 von 250  Tagen gewertet (1m/5m/15m)     5930 Signale  133 ms lesen  77522 ms rechnen
2026-09-10T12:00:04.186Z  SHW/2024        roh          91506 reg. Kerzen      250/0/0 von 252  Tagen gewertet (1m/5m/15m)     5637 Signale  125 ms lesen  75278 ms rechnen
2026-09-10T12:01:22.345Z  SHW/2025        roh          92238 reg. Kerzen      250/0/0 von 250  Tagen gewertet (1m/5m/15m)     5914 Signale  113 ms lesen  77812 ms rechnen
2026-09-10T12:02:18.770Z  SHW/2026        roh          64311 reg. Kerzen      166/0/0 von 166  Tagen gewertet (1m/5m/15m)     4123 Signale  113 ms lesen  56054 ms rechnen
2026-09-10T12:02:21.956Z  SILK/2019       roh          41442 reg. Kerzen        8/0/0 von 188  Tagen gewertet (1m/5m/15m)      241 Signale  69 ms lesen  2929 ms rechnen
2026-09-10T12:02:31.575Z  SILK/2020       roh          62591 reg. Kerzen       30/0/0 von 253  Tagen gewertet (1m/5m/15m)      936 Signale  177 ms lesen  9330 ms rechnen
2026-09-10T12:02:39.249Z  SILK/2021       roh          59725 reg. Kerzen       23/0/0 von 252  Tagen gewertet (1m/5m/15m)      718 Signale  111 ms lesen  7389 ms rechnen
2026-09-10T12:02:48.378Z  SILK/2022       roh          61818 reg. Kerzen       27/0/0 von 251  Tagen gewertet (1m/5m/15m)      860 Signale  102 ms lesen  8871 ms rechnen
2026-09-10T12:03:22.550Z  SILK/2023       roh          74696 reg. Kerzen      104/0/0 von 250  Tagen gewertet (1m/5m/15m)     3215 Signale  119 ms lesen  33896 ms rechnen
2026-09-10T12:03:51.310Z  SILK/2024       roh          55452 reg. Kerzen       91/0/0 von 178  Tagen gewertet (1m/5m/15m)     2115 Signale  109 ms lesen  28450 ms rechnen
2026-09-10T12:03:51.564Z  SIRE/2022       roh           6042 reg. Kerzen        0/0/0 von 211  Tagen gewertet (1m/5m/15m)        0 Signale  27 ms lesen  44 ms rechnen
2026-09-10T12:03:51.623Z  SIRE/2023       roh           4486 reg. Kerzen        0/0/0 von 100  Tagen gewertet (1m/5m/15m)        0 Signale  18 ms lesen  22 ms rechnen
2026-09-10T12:04:56.454Z  SIX/2016        roh          89242 reg. Kerzen      218/0/0 von 252  Tagen gewertet (1m/5m/15m)     5220 Signale  133 ms lesen  64681 ms rechnen
2026-09-10T12:06:01.262Z  SIX/2017        roh          87343 reg. Kerzen      222/0/0 von 251  Tagen gewertet (1m/5m/15m)     5302 Signale  123 ms lesen  64447 ms rechnen
2026-09-10T12:07:12.849Z  SIX/2018        roh          88206 reg. Kerzen      242/0/0 von 251  Tagen gewertet (1m/5m/15m)     6172 Signale  115 ms lesen  71217 ms rechnen
2026-09-10T12:08:32.929Z  SIX/2019        roh          93296 reg. Kerzen      252/0/0 von 252  Tagen gewertet (1m/5m/15m)     6372 Signale  695 ms lesen  79151 ms rechnen
2026-09-10T12:10:07.188Z  SIX/2020        roh          96807 reg. Kerzen      253/0/0 von 253  Tagen gewertet (1m/5m/15m)     7964 Signale  147 ms lesen  93823 ms rechnen
2026-09-10T12:11:33.694Z  SIX/2021        roh          93399 reg. Kerzen      249/0/0 von 252  Tagen gewertet (1m/5m/15m)     7349 Signale  148 ms lesen  86077 ms rechnen
2026-09-10T12:13:04.904Z  SIX/2022        roh          95739 reg. Kerzen      249/0/0 von 251  Tagen gewertet (1m/5m/15m)     7600 Signale  115 ms lesen  90818 ms rechnen
2026-09-10T12:14:28.733Z  SIX/2023        roh          93416 reg. Kerzen      245/0/0 von 250  Tagen gewertet (1m/5m/15m)     7081 Signale  128 ms lesen  83443 ms rechnen
2026-09-10T12:14:59.554Z  SIX/2024        roh          41889 reg. Kerzen      100/0/0 von 125  Tagen gewertet (1m/5m/15m)     2888 Signale  80 ms lesen  30488 ms rechnen
2026-09-10T12:14:59.781Z  SKIS/2016       roh          12035 reg. Kerzen        0/0/0 von 252  Tagen gewertet (1m/5m/15m)        0 Signale  37 ms lesen  66 ms rechnen
2026-09-10T12:14:59.906Z  SKIS/2017       roh          12578 reg. Kerzen        0/0/0 von 251  Tagen gewertet (1m/5m/15m)        0 Signale  41 ms lesen  57 ms rechnen
2026-09-10T12:15:00.015Z  SKIS/2018       roh           5553 reg. Kerzen        0/0/0 von 250  Tagen gewertet (1m/5m/15m)        0 Signale  30 ms lesen  43 ms rechnen
2026-09-10T12:15:00.111Z  SKIS/2019       roh           8042 reg. Kerzen        0/0/0 von 184  Tagen gewertet (1m/5m/15m)        0 Signale  43 ms lesen  41 ms rechnen
2026-09-10T12:15:00.312Z  SKYS/2016       bereinigt    17813 reg. Kerzen        0/0/0 von 252  Tagen gewertet (1m/5m/15m)        0 Signale  39 ms lesen  116 ms rechnen
2026-09-10T12:15:00.448Z  SKYS/2017       bereinigt     9234 reg. Kerzen        0/0/0 von 250  Tagen gewertet (1m/5m/15m)        0 Signale  17 ms lesen  58 ms rechnen
2026-09-10T12:15:00.544Z  SKYS/2018       bereinigt     9092 reg. Kerzen        0/0/0 von 249  Tagen gewertet (1m/5m/15m)        0 Signale  20 ms lesen  46 ms rechnen
2026-09-10T12:15:00.654Z  SKYS/2019       bereinigt    11511 reg. Kerzen        0/0/0 von 252  Tagen gewertet (1m/5m/15m)        0 Signale  21 ms lesen  64 ms rechnen
2026-09-10T12:15:00.791Z  SKYS/2020       roh          11838 reg. Kerzen        0/0/0 von 195  Tagen gewertet (1m/5m/15m)        0 Signale  44 ms lesen  68 ms rechnen
2026-09-10T12:16:24.655Z  SLCA/2016       roh          96733 reg. Kerzen      232/0/0 von 252  Tagen gewertet (1m/5m/15m)     7140 Signale  122 ms lesen  83705 ms rechnen
2026-09-10T12:17:54.963Z  SLCA/2017       roh          96207 reg. Kerzen      251/0/0 von 251  Tagen gewertet (1m/5m/15m)     7597 Signale  123 ms lesen  89925 ms rechnen
2026-09-10T12:19:26.015Z  SLCA/2018       roh          96298 reg. Kerzen      251/0/0 von 251  Tagen gewertet (1m/5m/15m)     7651 Signale  138 ms lesen  90626 ms rechnen
2026-09-10T12:20:58.431Z  SLCA/2019       roh          94978 reg. Kerzen      252/0/0 von 252  Tagen gewertet (1m/5m/15m)     7968 Signale  150 ms lesen  92018 ms rechnen
2026-09-10T12:21:35.435Z  SLCA/2020       roh          87376 reg. Kerzen       99/0/0 von 253  Tagen gewertet (1m/5m/15m)     3236 Signale  119 ms lesen  36625 ms rechnen
2026-09-10T12:22:32.110Z  SLCA/2021       roh          83213 reg. Kerzen      163/0/0 von 252  Tagen gewertet (1m/5m/15m)     5214 Signale  123 ms lesen  56305 ms rechnen
2026-09-10T12:23:46.850Z  SLCA/2022       roh          88046 reg. Kerzen      216/0/0 von 251  Tagen gewertet (1m/5m/15m)     6835 Signale  113 ms lesen  74371 ms rechnen
2026-09-10T12:24:29.677Z  SLCA/2023       roh          79896 reg. Kerzen      140/0/0 von 250  Tagen gewertet (1m/5m/15m)     4052 Signale  139 ms lesen  42433 ms rechnen
2026-09-10T12:25:00.690Z  SLCA/2024       roh          47570 reg. Kerzen      100/0/0 von 146  Tagen gewertet (1m/5m/15m)     2226 Signale  71 ms lesen  30709 ms rechnen
2026-09-10T12:25:10.175Z  SLGN/2016       roh          65253 reg. Kerzen       33/0/0 von 252  Tagen gewertet (1m/5m/15m)      796 Signale  108 ms lesen  9229 ms rechnen
2026-09-10T12:25:20.898Z  SLGN/2017       roh          67974 reg. Kerzen       38/0/0 von 251  Tagen gewertet (1m/5m/15m)      924 Signale  107 ms lesen  10437 ms rechnen
2026-09-10T12:25:39.465Z  SLGN/2018       roh          70635 reg. Kerzen       68/0/0 von 251  Tagen gewertet (1m/5m/15m)     1712 Signale  94 ms lesen  18289 ms rechnen
2026-09-10T12:25:52.835Z  SLGN/2019       roh          70030 reg. Kerzen       46/0/0 von 252  Tagen gewertet (1m/5m/15m)     1063 Signale  678 ms lesen  12532 ms rechnen
2026-09-10T12:26:34.147Z  SLGN/2020       roh          78697 reg. Kerzen      139/0/0 von 253  Tagen gewertet (1m/5m/15m)     3702 Signale  122 ms lesen  40989 ms rechnen
2026-09-10T12:26:38.715Z  SLGN/2021       roh          60220 reg. Kerzen       15/0/0 von 252  Tagen gewertet (1m/5m/15m)      384 Signale  135 ms lesen  4217 ms rechnen
2026-09-10T12:26:56.274Z  SLGN/2022       roh          70002 reg. Kerzen       62/0/0 von 251  Tagen gewertet (1m/5m/15m)     1623 Signale  110 ms lesen  17299 ms rechnen
2026-09-10T12:27:15.958Z  SLGN/2023       roh          70760 reg. Kerzen       69/0/0 von 250  Tagen gewertet (1m/5m/15m)     1618 Signale  100 ms lesen  19389 ms rechnen
2026-09-10T12:27:28.181Z  SLGN/2024       roh          68376 reg. Kerzen       44/0/0 von 252  Tagen gewertet (1m/5m/15m)     1085 Signale  94 ms lesen  11959 ms rechnen
2026-09-10T12:27:59.192Z  SLGN/2025       roh          74768 reg. Kerzen      112/0/0 von 250  Tagen gewertet (1m/5m/15m)     2761 Signale  114 ms lesen  30694 ms rechnen
2026-09-10T12:28:19.477Z  SLGN/2026       roh          50685 reg. Kerzen       72/0/0 von 166  Tagen gewertet (1m/5m/15m)     1835 Signale  81 ms lesen  20014 ms rechnen
2026-09-10T12:28:25.905Z  SLVM/2021       roh          19371 reg. Kerzen       19/0/0 von 64   Tagen gewertet (1m/5m/15m)      605 Signale  68 ms lesen  5662 ms rechnen
2026-09-10T12:28:41.561Z  SLVM/2022       roh          68771 reg. Kerzen       51/0/0 von 251  Tagen gewertet (1m/5m/15m)     1572 Signale  110 ms lesen  15490 ms rechnen
2026-09-10T12:28:46.302Z  SLVM/2023       roh          56327 reg. Kerzen       14/0/0 von 250  Tagen gewertet (1m/5m/15m)      410 Signale  93 ms lesen  4477 ms rechnen
2026-09-10T12:28:48.390Z  SLVM/2024       roh          46373 reg. Kerzen        6/0/0 von 252  Tagen gewertet (1m/5m/15m)      189 Signale  81 ms lesen  1856 ms rechnen
2026-09-10T12:28:50.671Z  SLVM/2025       roh          50266 reg. Kerzen        6/0/0 von 250  Tagen gewertet (1m/5m/15m)      178 Signale  93 ms lesen  2046 ms rechnen
2026-09-10T12:28:51.282Z  SLVM/2026       roh          30127 reg. Kerzen        1/0/0 von 166  Tagen gewertet (1m/5m/15m)       28 Signale  70 ms lesen  408 ms rechnen
2026-09-10T12:29:17.823Z  SMFR/2021       roh          38045 reg. Kerzen       77/0/0 von 113  Tagen gewertet (1m/5m/15m)     2416 Signale  83 ms lesen  26372 ms rechnen
2026-09-10T12:29:30.494Z  SMFR/2022       roh          85496 reg. Kerzen       34/0/0 von 251  Tagen gewertet (1m/5m/15m)     1121 Signale  119 ms lesen  12455 ms rechnen
2026-09-10T12:29:30.747Z  SMFR/2023       roh           1692 reg. Kerzen        0/0/0 von 5    Tagen gewertet (1m/5m/15m)        0 Signale  15 ms lesen  43 ms rechnen
2026-09-10T12:29:30.838Z  SMMT/2016       roh           6918 reg. Kerzen        0/0/0 von 233  Tagen gewertet (1m/5m/15m)        0 Signale  40 ms lesen  46 ms rechnen
2026-09-10T12:29:30.967Z  SMMT/2017       roh           8790 reg. Kerzen        0/0/0 von 251  Tagen gewertet (1m/5m/15m)        0 Signale  44 ms lesen  59 ms rechnen
2026-09-10T12:29:31.128Z  SMMT/2018       roh          15695 reg. Kerzen        0/0/0 von 250  Tagen gewertet (1m/5m/15m)        0 Signale  68 ms lesen  64 ms rechnen
2026-09-10T12:29:31.266Z  SMMT/2019       roh           6309 reg. Kerzen        0/0/0 von 252  Tagen gewertet (1m/5m/15m)        0 Signale  51 ms lesen  38 ms rechnen
2026-09-10T12:29:31.458Z  SMMT/2020       roh          21774 reg. Kerzen        0/0/0 von 253  Tagen gewertet (1m/5m/15m)        0 Signale  57 ms lesen  120 ms rechnen
2026-09-10T12:29:31.786Z  SMMT/2021       roh          35785 reg. Kerzen        0/0/0 von 252  Tagen gewertet (1m/5m/15m)        0 Signale  65 ms lesen  202 ms rechnen
2026-09-10T12:29:35.275Z  SMMT/2022       roh          35515 reg. Kerzen        8/0/0 von 251  Tagen gewertet (1m/5m/15m)      280 Signale  75 ms lesen  3313 ms rechnen
2026-09-10T12:29:46.513Z  SMMT/2023       roh          78996 reg. Kerzen       30/0/0 von 250  Tagen gewertet (1m/5m/15m)     1007 Signale  133 ms lesen  11031 ms rechnen
2026-09-10T12:31:07.940Z  SMMT/2024       roh          92015 reg. Kerzen      219/0/0 von 252  Tagen gewertet (1m/5m/15m)     7098 Signale  143 ms lesen  81065 ms rechnen
2026-09-10T12:32:45.693Z  SMMT/2025       roh          94918 reg. Kerzen      249/0/0 von 250  Tagen gewertet (1m/5m/15m)     8015 Signale  5625 ms lesen  91900 ms rechnen
2026-09-10T12:33:46.305Z  SMMT/2026       roh          63765 reg. Kerzen      166/0/0 von 166  Tagen gewertet (1m/5m/15m)     5220 Signale  92 ms lesen  60248 ms rechnen
2026-09-10T12:33:46.552Z  SMTX/2016       roh           3740 reg. Kerzen        0/0/0 von 252  Tagen gewertet (1m/5m/15m)        0 Signale  26 ms lesen  20 ms rechnen
2026-09-10T12:33:46.667Z  SMTX/2017       roh           5350 reg. Kerzen        0/0/0 von 248  Tagen gewertet (1m/5m/15m)        0 Signale  68 ms lesen  39 ms rechnen
2026-09-10T12:33:46.771Z  SMTX/2018       roh           7595 reg. Kerzen        0/0/0 von 251  Tagen gewertet (1m/5m/15m)        0 Signale  43 ms lesen  42 ms rechnen
2026-09-10T12:33:46.978Z  SMTX/2019       roh          20763 reg. Kerzen        0/0/0 von 252  Tagen gewertet (1m/5m/15m)        0 Signale  71 ms lesen  112 ms rechnen
2026-09-10T12:33:47.199Z  SMTX/2020       roh          17829 reg. Kerzen        0/0/0 von 253  Tagen gewertet (1m/5m/15m)        0 Signale  44 ms lesen  110 ms rechnen
2026-09-10T12:33:47.321Z  SMTX/2021       roh           5756 reg. Kerzen        0/0/0 von 62   Tagen gewertet (1m/5m/15m)        0 Signale  26 ms lesen  41 ms rechnen
2026-09-10T12:34:41.359Z  SNBR/2016       roh          84309 reg. Kerzen      178/0/0 von 252  Tagen gewertet (1m/5m/15m)     4916 Signale  150 ms lesen  53876 ms rechnen
2026-09-10T12:35:37.523Z  SNBR/2017       roh          83315 reg. Kerzen      189/0/0 von 251  Tagen gewertet (1m/5m/15m)     5288 Signale  118 ms lesen  55803 ms rechnen
2026-09-10T12:36:11.046Z  SNBR/2018       roh          75228 reg. Kerzen      108/0/0 von 251  Tagen gewertet (1m/5m/15m)     3139 Signale  120 ms lesen  33150 ms rechnen
2026-09-10T12:36:52.657Z  SNBR/2019       roh          77336 reg. Kerzen      123/0/0 von 252  Tagen gewertet (1m/5m/15m)     3445 Signale  4087 ms lesen  37303 ms rechnen
2026-09-10T12:37:25.838Z  SNBR/2020       roh          75473 reg. Kerzen       97/0/0 von 253  Tagen gewertet (1m/5m/15m)     3060 Signale  99 ms lesen  32892 ms rechnen
2026-09-10T12:37:44.640Z  SNBR/2021       roh          70264 reg. Kerzen       59/0/0 von 252  Tagen gewertet (1m/5m/15m)     1813 Signale  122 ms lesen  18474 ms rechnen
2026-09-10T12:38:14.557Z  SNBR/2022       roh          72984 reg. Kerzen       94/0/0 von 251  Tagen gewertet (1m/5m/15m)     2927 Signale  114 ms lesen  29593 ms rechnen
2026-09-10T12:38:45.044Z  SNBR/2023       roh          73606 reg. Kerzen       91/0/0 von 250  Tagen gewertet (1m/5m/15m)     2815 Signale  151 ms lesen  30117 ms rechnen
2026-09-10T12:38:54.266Z  SNBR/2024       roh          63993 reg. Kerzen       28/0/0 von 252  Tagen gewertet (1m/5m/15m)      892 Signale  94 ms lesen  8935 ms rechnen
2026-09-10T12:39:00.001Z  SNBR/2025       roh          64313 reg. Kerzen       16/0/0 von 250  Tagen gewertet (1m/5m/15m)      527 Signale  95 ms lesen  5455 ms rechnen
2026-09-10T12:39:03.303Z  SNBR/2026       roh          35538 reg. Kerzen        9/0/0 von 117  Tagen gewertet (1m/5m/15m)      288 Signale  69 ms lesen  3065 ms rechnen
2026-09-10T12:39:22.680Z  SNDR/2017       roh          55623 reg. Kerzen       64/0/0 von 186  Tagen gewertet (1m/5m/15m)     1821 Signale  149 ms lesen  19088 ms rechnen
2026-09-10T12:40:16.113Z  SNDR/2018       roh          82003 reg. Kerzen      182/0/0 von 251  Tagen gewertet (1m/5m/15m)     5128 Signale  131 ms lesen  53152 ms rechnen
2026-09-10T12:40:59.766Z  SNDR/2019       roh          78380 reg. Kerzen      149/0/0 von 252  Tagen gewertet (1m/5m/15m)     3947 Signale  142 ms lesen  43274 ms rechnen
2026-09-10T12:41:46.734Z  SNDR/2020       roh          79928 reg. Kerzen      154/0/0 von 253  Tagen gewertet (1m/5m/15m)     4309 Signale  116 ms lesen  46630 ms rechnen
2026-09-10T12:42:07.140Z  SNDR/2021       roh          72335 reg. Kerzen       74/0/0 von 252  Tagen gewertet (1m/5m/15m)     1948 Signale  118 ms lesen  20082 ms rechnen
2026-09-10T12:42:48.927Z  SNDR/2022       roh          77863 reg. Kerzen      140/0/0 von 251  Tagen gewertet (1m/5m/15m)     3795 Signale  134 ms lesen  41458 ms rechnen
2026-09-10T12:43:19.954Z  SNDR/2023       roh          76236 reg. Kerzen      110/0/0 von 250  Tagen gewertet (1m/5m/15m)     2830 Signale  110 ms lesen  30701 ms rechnen
2026-09-10T12:43:58.233Z  SNDR/2024       roh          78233 reg. Kerzen      133/0/0 von 252  Tagen gewertet (1m/5m/15m)     3390 Signale  142 ms lesen  37949 ms rechnen
2026-09-10T12:44:31.687Z  SNDR/2025       roh          76115 reg. Kerzen      114/0/0 von 250  Tagen gewertet (1m/5m/15m)     3004 Signale  108 ms lesen  33146 ms rechnen
2026-09-10T12:44:59.633Z  SNDR/2026       roh          51997 reg. Kerzen       93/0/0 von 166  Tagen gewertet (1m/5m/15m)     2570 Signale  81 ms lesen  27658 ms rechnen
2026-09-10T12:45:00.213Z  SNMX/2016       roh          57306 reg. Kerzen        0/0/0 von 252  Tagen gewertet (1m/5m/15m)        0 Signale  85 ms lesen  356 ms rechnen
2026-09-10T12:45:00.613Z  SNMX/2017       roh          31235 reg. Kerzen        0/0/0 von 251  Tagen gewertet (1m/5m/15m)        0 Signale  71 ms lesen  171 ms rechnen
2026-09-10T12:45:00.840Z  SNMX/2018       roh          17156 reg. Kerzen        0/0/0 von 212  Tagen gewertet (1m/5m/15m)        0 Signale  36 ms lesen  108 ms rechnen
2026-09-10T12:45:14.026Z  SNR/2016        bereinigt    74258 reg. Kerzen       45/0/0 von 252  Tagen gewertet (1m/5m/15m)     1218 Signale  98 ms lesen  13021 ms rechnen
2026-09-10T12:45:25.804Z  SNR/2017        bereinigt    75164 reg. Kerzen       40/0/0 von 251  Tagen gewertet (1m/5m/15m)     1035 Signale  111 ms lesen  11472 ms rechnen
2026-09-10T12:45:33.140Z  SNR/2018        bereinigt    76097 reg. Kerzen       23/0/0 von 251  Tagen gewertet (1m/5m/15m)      572 Signale  107 ms lesen  7030 ms rechnen
2026-09-10T12:45:33.907Z  SNR/2019        roh          68937 reg. Kerzen        0/0/0 von 252  Tagen gewertet (1m/5m/15m)        0 Signale  104 ms lesen  458 ms rechnen
2026-09-10T12:45:34.684Z  SNR/2020        roh          70101 reg. Kerzen        0/0/0 von 253  Tagen gewertet (1m/5m/15m)        0 Signale  115 ms lesen  481 ms rechnen
2026-09-10T12:45:47.412Z  SNR/2021        roh          49429 reg. Kerzen       38/0/0 von 180  Tagen gewertet (1m/5m/15m)      927 Signale  74 ms lesen  12464 ms rechnen
2026-09-10T12:47:00.338Z  SNY/2016        roh          95411 reg. Kerzen      232/0/0 von 252  Tagen gewertet (1m/5m/15m)     5404 Signale  128 ms lesen  72640 ms rechnen
2026-09-10T12:48:11.451Z  SNY/2017        roh          90858 reg. Kerzen      244/0/0 von 251  Tagen gewertet (1m/5m/15m)     5245 Signale  166 ms lesen  70705 ms rechnen
2026-09-10T12:49:24.397Z  SNY/2018        roh          92186 reg. Kerzen      251/0/0 von 251  Tagen gewertet (1m/5m/15m)     5653 Signale  149 ms lesen  72518 ms rechnen
2026-09-10T12:50:34.587Z  SNY/2019        roh          90129 reg. Kerzen      248/0/0 von 252  Tagen gewertet (1m/5m/15m)     5347 Signale  149 ms lesen  69783 ms rechnen
2026-09-10T12:51:52.946Z  SNY/2020        roh          92441 reg. Kerzen      250/0/0 von 253  Tagen gewertet (1m/5m/15m)     6061 Signale  166 ms lesen  77961 ms rechnen
2026-09-10T12:53:05.038Z  SNY/2021        roh          90658 reg. Kerzen      245/0/0 von 252  Tagen gewertet (1m/5m/15m)     5287 Signale  148 ms lesen  71655 ms rechnen
2026-09-10T12:54:24.698Z  SNY/2022        roh          94796 reg. Kerzen      251/0/0 von 251  Tagen gewertet (1m/5m/15m)     6073 Signale  176 ms lesen  79225 ms rechnen
2026-09-10T12:55:41.746Z  SNY/2023        roh          93707 reg. Kerzen      250/0/0 von 250  Tagen gewertet (1m/5m/15m)     5585 Signale  139 ms lesen  76649 ms rechnen
2026-09-10T12:56:59.879Z  SNY/2024        roh          94372 reg. Kerzen      252/0/0 von 252  Tagen gewertet (1m/5m/15m)     5607 Signale  148 ms lesen  77713 ms rechnen
2026-09-10T12:58:20.008Z  SNY/2025        roh          95189 reg. Kerzen      250/0/0 von 250  Tagen gewertet (1m/5m/15m)     5749 Signale  141 ms lesen  79726 ms rechnen
2026-09-10T12:59:14.694Z  SNY/2026        roh          64280 reg. Kerzen      166/0/0 von 166  Tagen gewertet (1m/5m/15m)     3913 Signale  122 ms lesen  54282 ms rechnen
2026-09-10T12:59:14.989Z  SOHO/2016       roh          13545 reg. Kerzen        0/0/0 von 252  Tagen gewertet (1m/5m/15m)        0 Signale  35 ms lesen  73 ms rechnen
2026-09-10T12:59:15.146Z  SOHO/2017       roh          15024 reg. Kerzen        0/0/0 von 251  Tagen gewertet (1m/5m/15m)        0 Signale  48 ms lesen  81 ms rechnen
2026-09-10T12:59:15.306Z  SOHO/2018       roh          11883 reg. Kerzen        0/0/0 von 250  Tagen gewertet (1m/5m/15m)        0 Signale  51 ms lesen  72 ms rechnen
2026-09-10T12:59:15.410Z  SOHO/2019       roh          11320 reg. Kerzen        0/0/0 von 252  Tagen gewertet (1m/5m/15m)        0 Signale  30 ms lesen  50 ms rechnen
2026-09-10T12:59:15.659Z  SOHO/2020       roh          27782 reg. Kerzen        0/0/0 von 253  Tagen gewertet (1m/5m/15m)        0 Signale  61 ms lesen  156 ms rechnen
2026-09-10T12:59:15.875Z  SOHO/2021       roh          19714 reg. Kerzen        0/0/0 von 252  Tagen gewertet (1m/5m/15m)        0 Signale  37 ms lesen  113 ms rechnen
2026-09-10T12:59:16.042Z  SOHO/2022       roh          11890 reg. Kerzen        0/0/0 von 251  Tagen gewertet (1m/5m/15m)        0 Signale  57 ms lesen  59 ms rechnen
2026-09-10T12:59:16.163Z  SOHO/2023       roh           8985 reg. Kerzen        0/0/0 von 250  Tagen gewertet (1m/5m/15m)        0 Signale  40 ms lesen  49 ms rechnen
2026-09-10T12:59:16.257Z  SOHO/2024       roh           8840 reg. Kerzen        0/0/0 von 252  Tagen gewertet (1m/5m/15m)        0 Signale  20 ms lesen  52 ms rechnen
2026-09-10T12:59:16.383Z  SOHO/2025       roh           9269 reg. Kerzen        0/0/0 von 250  Tagen gewertet (1m/5m/15m)        0 Signale  35 ms lesen  66 ms rechnen
2026-09-10T12:59:16.429Z  SOHO/2026       roh           1269 reg. Kerzen        0/0/0 von 29   Tagen gewertet (1m/5m/15m)        0 Signale  13 ms lesen  11 ms rechnen
2026-09-10T12:59:59.762Z  SON/2016        roh          80714 reg. Kerzen      164/0/0 von 252  Tagen gewertet (1m/5m/15m)     3673 Signale  99 ms lesen  43226 ms rechnen
2026-09-10T13:00:26.889Z  SON/2017        roh          75929 reg. Kerzen      101/0/0 von 251  Tagen gewertet (1m/5m/15m)     2207 Signale  131 ms lesen  26773 ms rechnen
2026-09-10T13:00:51.419Z  SON/2018        roh          74174 reg. Kerzen       89/0/0 von 251  Tagen gewertet (1m/5m/15m)     2103 Signale  141 ms lesen  24168 ms rechnen
2026-09-10T13:01:17.361Z  SON/2019        roh          74201 reg. Kerzen       97/0/0 von 252  Tagen gewertet (1m/5m/15m)     2201 Signale  113 ms lesen  25622 ms rechnen
2026-09-10T13:01:53.666Z  SON/2020        roh          77490 reg. Kerzen      119/0/0 von 253  Tagen gewertet (1m/5m/15m)     3278 Signale  497 ms lesen  35594 ms rechnen
2026-09-10T13:02:17.009Z  SON/2021        roh          72855 reg. Kerzen       84/0/0 von 252  Tagen gewertet (1m/5m/15m)     1957 Signale  244 ms lesen  22920 ms rechnen
2026-09-10T13:02:49.650Z  SON/2022        roh          75674 reg. Kerzen      118/0/0 von 251  Tagen gewertet (1m/5m/15m)     2999 Signale  117 ms lesen  32316 ms rechnen
2026-09-10T13:03:09.129Z  SON/2023        roh          71597 reg. Kerzen       71/0/0 von 250  Tagen gewertet (1m/5m/15m)     1731 Signale  125 ms lesen  19148 ms rechnen
2026-09-10T13:03:29.401Z  SON/2024        roh          71793 reg. Kerzen       72/0/0 von 252  Tagen gewertet (1m/5m/15m)     1734 Signale  128 ms lesen  19936 ms rechnen
2026-09-10T13:04:13.973Z  SON/2025        roh          79829 reg. Kerzen      155/0/0 von 250  Tagen gewertet (1m/5m/15m)     3839 Signale  109 ms lesen  44292 ms rechnen
2026-09-10T13:04:51.737Z  SON/2026        roh          55066 reg. Kerzen      130/0/0 von 166  Tagen gewertet (1m/5m/15m)     3302 Signale  148 ms lesen  37384 ms rechnen
2026-09-10T13:04:51.976Z  SONX/2021       roh           8480 reg. Kerzen        0/0/0 von 44   Tagen gewertet (1m/5m/15m)        0 Signale  34 ms lesen  54 ms rechnen
2026-09-10T13:04:52.233Z  SONX/2022       roh          31535 reg. Kerzen        0/0/0 von 251  Tagen gewertet (1m/5m/15m)        0 Signale  68 ms lesen  166 ms rechnen
2026-09-10T13:04:52.435Z  SONX/2023       roh          14748 reg. Kerzen        0/0/0 von 224  Tagen gewertet (1m/5m/15m)        0 Signale  27 ms lesen  100 ms rechnen
2026-09-10T13:04:52.475Z  AUSGELASSEN SONX/2024: Datei fehlt
2026-09-10T13:04:52.522Z  AUSGELASSEN SONX/2025: Datei fehlt
2026-09-10T13:04:52.597Z  SPAN/2016       roh           1903 reg. Kerzen        0/0/0 von 237  Tagen gewertet (1m/5m/15m)        0 Signale  30 ms lesen  13 ms rechnen
2026-09-10T13:04:52.630Z  SPAN/2017       roh           1649 reg. Kerzen        0/0/0 von 111  Tagen gewertet (1m/5m/15m)        0 Signale  15 ms lesen  10 ms rechnen
2026-09-10T13:04:52.734Z  SPGC/2023       bereinigt     8596 reg. Kerzen        0/0/0 von 96   Tagen gewertet (1m/5m/15m)        0 Signale  37 ms lesen  52 ms rechnen
2026-09-10T13:04:52.864Z  SPGC/2024       bereinigt    11991 reg. Kerzen        0/0/0 von 251  Tagen gewertet (1m/5m/15m)        0 Signale  19 ms lesen  83 ms rechnen
2026-09-10T13:04:53.059Z  SPGC/2025       roh          14247 reg. Kerzen        0/0/0 von 49   Tagen gewertet (1m/5m/15m)        0 Signale  37 ms lesen  113 ms rechnen
2026-09-10T13:04:53.093Z  AUSGELASSEN SPGC/2026: Datei fehlt
2026-09-10T13:04:53.115Z  SPK/2021        roh            615 reg. Kerzen        0/0/0 von 66   Tagen gewertet (1m/5m/15m)        0 Signale  15 ms lesen  5 ms rechnen
2026-09-10T13:04:53.147Z  SPK/2022        roh            515 reg. Kerzen        0/0/0 von 119  Tagen gewertet (1m/5m/15m)        0 Signale  23 ms lesen  6 ms rechnen
2026-09-10T13:04:53.303Z  SPNS/2016       roh          18880 reg. Kerzen        0/0/0 von 252  Tagen gewertet (1m/5m/15m)        0 Signale  31 ms lesen  101 ms rechnen
2026-09-10T13:04:53.522Z  SPNS/2017       roh          23608 reg. Kerzen        0/0/0 von 251  Tagen gewertet (1m/5m/15m)        0 Signale  47 ms lesen  132 ms rechnen
2026-09-10T13:04:53.683Z  SPNS/2018       roh          11010 reg. Kerzen        0/0/0 von 251  Tagen gewertet (1m/5m/15m)        0 Signale  28 ms lesen  66 ms rechnen
2026-09-10T13:04:53.919Z  SPNS/2019       roh          27068 reg. Kerzen        0/0/0 von 252  Tagen gewertet (1m/5m/15m)        0 Signale  58 ms lesen  142 ms rechnen
2026-09-10T13:04:55.188Z  SPNS/2020       roh          46605 reg. Kerzen        3/0/0 von 253  Tagen gewertet (1m/5m/15m)       91 Signale  94 ms lesen  1079 ms rechnen
2026-09-10T13:04:55.556Z  SPNS/2021       roh          32646 reg. Kerzen        0/0/0 von 252  Tagen gewertet (1m/5m/15m)        0 Signale  56 ms lesen  183 ms rechnen
2026-09-10T13:04:56.152Z  SPNS/2022       roh          36423 reg. Kerzen        1/0/0 von 251  Tagen gewertet (1m/5m/15m)       31 Signale  62 ms lesen  460 ms rechnen
2026-09-10T13:04:56.483Z  SPNS/2023       roh          33147 reg. Kerzen        0/0/0 von 250  Tagen gewertet (1m/5m/15m)        0 Signale  57 ms lesen  177 ms rechnen
2026-09-10T13:04:56.832Z  SPNS/2024       roh          29275 reg. Kerzen        0/0/0 von 252  Tagen gewertet (1m/5m/15m)        0 Signale  77 ms lesen  170 ms rechnen
2026-09-10T13:04:58.653Z  SPNS/2025       roh          41498 reg. Kerzen        5/0/0 von 240  Tagen gewertet (1m/5m/15m)       70 Signale  75 ms lesen  1657 ms rechnen
2026-09-10T13:04:58.949Z  SPRT/2016       bereinigt    19972 reg. Kerzen        0/0/0 von 252  Tagen gewertet (1m/5m/15m)        0 Signale  52 ms lesen  113 ms rechnen
2026-09-10T13:04:59.083Z  SPRT/2017       bereinigt    10631 reg. Kerzen        0/0/0 von 251  Tagen gewertet (1m/5m/15m)        0 Signale  14 ms lesen  73 ms rechnen
2026-09-10T13:04:59.198Z  SPRT/2018       roh           7268 reg. Kerzen        0/0/0 von 249  Tagen gewertet (1m/5m/15m)        0 Signale  38 ms lesen  41 ms rechnen
2026-09-10T13:04:59.307Z  SPRT/2019       roh           9610 reg. Kerzen        0/0/0 von 252  Tagen gewertet (1m/5m/15m)        0 Signale  26 ms lesen  59 ms rechnen
2026-09-10T13:04:59.469Z  SPRT/2020       roh          16268 reg. Kerzen        0/0/0 von 253  Tagen gewertet (1m/5m/15m)        0 Signale  40 ms lesen  93 ms rechnen
2026-09-10T13:05:21.111Z  SPRT/2021       roh          45015 reg. Kerzen       50/0/0 von 176  Tagen gewertet (1m/5m/15m)     1698 Signale  95 ms lesen  21511 ms rechnen
2026-09-10T13:05:38.888Z  SPXC/2016       roh          72242 reg. Kerzen       59/0/0 von 252  Tagen gewertet (1m/5m/15m)     1691 Signale  125 ms lesen  17530 ms rechnen
2026-09-10T13:05:42.947Z  SPXC/2017       roh          59080 reg. Kerzen       12/0/0 von 251  Tagen gewertet (1m/5m/15m)      343 Signale  93 ms lesen  3772 ms rechnen
2026-09-10T13:05:45.307Z  SPXC/2018       roh          56524 reg. Kerzen        7/0/0 von 251  Tagen gewertet (1m/5m/15m)      193 Signale  97 ms lesen  2105 ms rechnen
2026-09-10T13:05:49.179Z  SPXC/2019       roh          57288 reg. Kerzen       12/0/0 von 252  Tagen gewertet (1m/5m/15m)      329 Signale  88 ms lesen  3610 ms rechnen
2026-09-10T13:05:51.053Z  CHECKPOINT 4600 Dateien, 1276 min, Detektorfehler {}
2026-09-10T13:05:55.075Z  SPXC/2020       roh          58412 reg. Kerzen       12/0/0 von 253  Tagen gewertet (1m/5m/15m)      359 Signale  106 ms lesen  3915 ms rechnen
2026-09-10T13:05:55.562Z  SPXC/2021       roh          40520 reg. Kerzen        0/0/0 von 252  Tagen gewertet (1m/5m/15m)        0 Signale  80 ms lesen  221 ms rechnen
2026-09-10T13:05:56.149Z  SPXC/2022       roh          39861 reg. Kerzen        1/0/0 von 251  Tagen gewertet (1m/5m/15m)       12 Signale  81 ms lesen  392 ms rechnen
2026-09-10T13:05:56.789Z  SPXC/2023       roh          39179 reg. Kerzen        1/0/0 von 250  Tagen gewertet (1m/5m/15m)       20 Signale  81 ms lesen  445 ms rechnen
2026-09-10T13:05:57.252Z  SPXC/2024       roh          39780 reg. Kerzen        0/0/0 von 252  Tagen gewertet (1m/5m/15m)        0 Signale  98 ms lesen  250 ms rechnen
2026-09-10T13:05:58.787Z  SPXC/2025       roh          43050 reg. Kerzen        4/0/0 von 250  Tagen gewertet (1m/5m/15m)       98 Signale  96 ms lesen  1337 ms rechnen
2026-09-10T13:06:01.594Z  SPXC/2026       roh          37249 reg. Kerzen        8/0/0 von 166  Tagen gewertet (1m/5m/15m)      221 Signale  59 ms lesen  2648 ms rechnen
2026-09-10T13:06:09.019Z  SRAC/2020       roh          17732 reg. Kerzen       20/0/0 von 159  Tagen gewertet (1m/5m/15m)      657 Signale  45 ms lesen  7289 ms rechnen
2026-09-10T13:06:36.017Z  SRAC/2021       roh          46670 reg. Kerzen       70/0/0 von 154  Tagen gewertet (1m/5m/15m)     2354 Signale  2601 ms lesen  24353 ms rechnen
2026-09-10T13:07:46.301Z  SRE/2016        bereinigt    94123 reg. Kerzen      231/0/0 von 252  Tagen gewertet (1m/5m/15m)     5210 Signale  115 ms lesen  70027 ms rechnen
2026-09-10T13:08:58.434Z  SRE/2017        bereinigt    90708 reg. Kerzen      248/0/0 von 251  Tagen gewertet (1m/5m/15m)     5317 Signale  125 ms lesen  71710 ms rechnen
2026-09-10T13:10:17.335Z  SRE/2018        bereinigt    94971 reg. Kerzen      251/0/0 von 251  Tagen gewertet (1m/5m/15m)     5872 Signale  106 ms lesen  78567 ms rechnen
2026-09-10T13:11:34.498Z  SRE/2019        bereinigt    94172 reg. Kerzen      252/0/0 von 252  Tagen gewertet (1m/5m/15m)     5481 Signale  133 ms lesen  76741 ms rechnen
2026-09-10T13:12:57.006Z  SRE/2020        bereinigt    96083 reg. Kerzen      253/0/0 von 253  Tagen gewertet (1m/5m/15m)     6633 Signale  128 ms lesen  82136 ms rechnen
2026-09-10T13:14:14.411Z  SRE/2021        bereinigt    92888 reg. Kerzen      248/0/0 von 252  Tagen gewertet (1m/5m/15m)     5723 Signale  134 ms lesen  76982 ms rechnen
2026-09-10T13:15:31.516Z  SRE/2022        bereinigt    92631 reg. Kerzen      248/0/0 von 251  Tagen gewertet (1m/5m/15m)     6132 Signale  107 ms lesen  76728 ms rechnen
2026-09-10T13:16:49.148Z  SRE/2023        bereinigt    93351 reg. Kerzen      249/0/0 von 250  Tagen gewertet (1m/5m/15m)     5874 Signale  135 ms lesen  77284 ms rechnen
2026-09-10T13:18:11.287Z  SRE/2024        roh          97055 reg. Kerzen      252/0/0 von 252  Tagen gewertet (1m/5m/15m)     5650 Signale  127 ms lesen  81775 ms rechnen
2026-09-10T13:19:35.104Z  SRE/2025        roh          96428 reg. Kerzen      250/0/0 von 250  Tagen gewertet (1m/5m/15m)     6018 Signale  696 ms lesen  82906 ms rechnen
2026-09-10T13:20:29.455Z  SRE/2026        roh          63962 reg. Kerzen      166/0/0 von 166  Tagen gewertet (1m/5m/15m)     3982 Signale  89 ms lesen  54002 ms rechnen
2026-09-10T13:20:29.912Z  SRRA/2017       bereinigt    36699 reg. Kerzen        0/0/0 von 246  Tagen gewertet (1m/5m/15m)        0 Signale  78 ms lesen  170 ms rechnen
2026-09-10T13:20:30.426Z  SRRA/2018       bereinigt    55794 reg. Kerzen        0/0/0 von 251  Tagen gewertet (1m/5m/15m)        0 Signale  75 ms lesen  322 ms rechnen
2026-09-10T13:20:30.891Z  SRRA/2019       bereinigt    42101 reg. Kerzen        0/0/0 von 252  Tagen gewertet (1m/5m/15m)        0 Signale  75 ms lesen  248 ms rechnen
2026-09-10T13:20:31.117Z  SRRA/2020       bereinigt    12658 reg. Kerzen        0/0/0 von 253  Tagen gewertet (1m/5m/15m)        0 Signale  31 ms lesen  88 ms rechnen
2026-09-10T13:20:31.218Z  SRRA/2021       roh           7896 reg. Kerzen        0/0/0 von 252  Tagen gewertet (1m/5m/15m)        0 Signale  19 ms lesen  46 ms rechnen
2026-09-10T13:20:35.372Z  SRRA/2022       roh          28598 reg. Kerzen       13/0/0 von 124  Tagen gewertet (1m/5m/15m)      245 Signale  61 ms lesen  4066 ms rechnen
2026-09-10T13:20:35.536Z  SSBK/2021       roh           1783 reg. Kerzen        0/0/0 von 95   Tagen gewertet (1m/5m/15m)        0 Signale  31 ms lesen  14 ms rechnen
2026-09-10T13:20:35.593Z  SSBK/2022       roh           3846 reg. Kerzen        0/0/0 von 244  Tagen gewertet (1m/5m/15m)        0 Signale  34 ms lesen  18 ms rechnen
2026-09-10T13:20:35.677Z  SSBK/2023       roh           6024 reg. Kerzen        0/0/0 von 250  Tagen gewertet (1m/5m/15m)        0 Signale  39 ms lesen  37 ms rechnen
2026-09-10T13:20:35.753Z  SSBK/2024       roh           4561 reg. Kerzen        0/0/0 von 249  Tagen gewertet (1m/5m/15m)        0 Signale  28 ms lesen  26 ms rechnen
2026-09-10T13:20:35.818Z  SSBK/2025       roh           4253 reg. Kerzen        0/0/0 von 122  Tagen gewertet (1m/5m/15m)        0 Signale  15 ms lesen  32 ms rechnen
2026-09-10T13:20:35.913Z  SSKN/2016       bereinigt     6990 reg. Kerzen        0/0/0 von 252  Tagen gewertet (1m/5m/15m)        0 Signale  29 ms lesen  46 ms rechnen
2026-09-10T13:20:36.025Z  SSKN/2017       bereinigt    10206 reg. Kerzen        0/0/0 von 251  Tagen gewertet (1m/5m/15m)        0 Signale  36 ms lesen  58 ms rechnen
2026-09-10T13:20:36.217Z  SSKN/2018       bereinigt    23033 reg. Kerzen        0/0/0 von 251  Tagen gewertet (1m/5m/15m)        0 Signale  43 ms lesen  119 ms rechnen
2026-09-10T13:20:36.371Z  SSKN/2019       bereinigt    11054 reg. Kerzen        0/0/0 von 252  Tagen gewertet (1m/5m/15m)        0 Signale  19 ms lesen  75 ms rechnen
2026-09-10T13:20:36.482Z  SSKN/2020       bereinigt    10032 reg. Kerzen        0/0/0 von 253  Tagen gewertet (1m/5m/15m)        0 Signale  18 ms lesen  56 ms rechnen
2026-09-10T13:20:36.647Z  SSKN/2021       bereinigt    15137 reg. Kerzen        0/0/0 von 252  Tagen gewertet (1m/5m/15m)        0 Signale  27 ms lesen  107 ms rechnen
2026-09-10T13:20:36.720Z  SSKN/2022       bereinigt     5359 reg. Kerzen        0/0/0 von 250  Tagen gewertet (1m/5m/15m)        0 Signale  10 ms lesen  25 ms rechnen
2026-09-10T13:20:36.791Z  SSKN/2023       bereinigt     5479 reg. Kerzen        0/0/0 von 250  Tagen gewertet (1m/5m/15m)        0 Signale  16 ms lesen  36 ms rechnen
2026-09-10T13:20:36.855Z  SSKN/2024       bereinigt     5149 reg. Kerzen        0/0/0 von 251  Tagen gewertet (1m/5m/15m)        0 Signale  9 ms lesen  38 ms rechnen
2026-09-10T13:20:37.014Z  SSKN/2025       roh          12647 reg. Kerzen        0/0/0 von 246  Tagen gewertet (1m/5m/15m)        0 Signale  50 ms lesen  91 ms rechnen
2026-09-10T13:20:37.077Z  SSKN/2026       roh           2772 reg. Kerzen        0/0/0 von 32   Tagen gewertet (1m/5m/15m)        0 Signale  12 ms lesen  23 ms rechnen
2026-09-10T13:22:00.097Z  SSRI/2016       roh          95082 reg. Kerzen      232/0/0 von 252  Tagen gewertet (1m/5m/15m)     7454 Signale  124 ms lesen  82888 ms rechnen
2026-09-10T13:22:52.545Z  SSRI/2017       roh          54870 reg. Kerzen      147/0/0 von 147  Tagen gewertet (1m/5m/15m)     4381 Signale  99 ms lesen  52067 ms rechnen
2026-09-10T13:24:01.444Z  ST/2016         roh          91448 reg. Kerzen      223/0/0 von 252  Tagen gewertet (1m/5m/15m)     5625 Signale  162 ms lesen  68589 ms rechnen
2026-09-10T13:25:08.512Z  ST/2017         roh          88665 reg. Kerzen      231/0/0 von 251  Tagen gewertet (1m/5m/15m)     5492 Signale  128 ms lesen  66677 ms rechnen
2026-09-10T13:26:16.182Z  ST/2018         roh          88460 reg. Kerzen      232/0/0 von 251  Tagen gewertet (1m/5m/15m)     5863 Signale  282 ms lesen  67138 ms rechnen
2026-09-10T13:27:18.147Z  ST/2019         roh          85532 reg. Kerzen      216/0/0 von 252  Tagen gewertet (1m/5m/15m)     5065 Signale  640 ms lesen  61121 ms rechnen
2026-09-10T13:28:37.667Z  ST/2020         roh          91689 reg. Kerzen      242/0/0 von 253  Tagen gewertet (1m/5m/15m)     6697 Signale  159 ms lesen  79128 ms rechnen
2026-09-10T13:29:46.023Z  ST/2021         roh          87077 reg. Kerzen      233/0/0 von 252  Tagen gewertet (1m/5m/15m)     5864 Signale  120 ms lesen  68003 ms rechnen
2026-09-10T13:31:08.237Z  ST/2022         roh          93002 reg. Kerzen      248/0/0 von 251  Tagen gewertet (1m/5m/15m)     6802 Signale  156 ms lesen  81829 ms rechnen
2026-09-10T13:32:24.611Z  ST/2023         roh          91272 reg. Kerzen      245/0/0 von 250  Tagen gewertet (1m/5m/15m)     6112 Signale  122 ms lesen  76008 ms rechnen
2026-09-10T13:33:38.222Z  ST/2024         roh          90679 reg. Kerzen      241/0/0 von 252  Tagen gewertet (1m/5m/15m)     6033 Signale  188 ms lesen  73171 ms rechnen
2026-09-10T13:34:55.375Z  ST/2025         roh          89173 reg. Kerzen      244/0/0 von 250  Tagen gewertet (1m/5m/15m)     6544 Signale  128 ms lesen  76795 ms rechnen
2026-09-10T13:35:48.109Z  ST/2026         roh          60496 reg. Kerzen      161/0/0 von 166  Tagen gewertet (1m/5m/15m)     4538 Signale  97 ms lesen  52420 ms rechnen
2026-09-10T13:35:48.542Z  STB/2016        roh          31589 reg. Kerzen        0/0/0 von 252  Tagen gewertet (1m/5m/15m)        0 Signale  58 ms lesen  171 ms rechnen
2026-09-10T13:35:48.979Z  STB/2017        roh          44064 reg. Kerzen        0/0/0 von 251  Tagen gewertet (1m/5m/15m)        0 Signale  83 ms lesen  265 ms rechnen
2026-09-10T13:35:57.301Z  STB/2018        roh          20433 reg. Kerzen       22/0/0 von 81   Tagen gewertet (1m/5m/15m)      230 Signale  34 ms lesen  8160 ms rechnen
2026-09-10T13:35:57.451Z  STEC/2024       roh           9006 reg. Kerzen        0/0/0 von 115  Tagen gewertet (1m/5m/15m)        0 Signale  36 ms lesen  60 ms rechnen
2026-09-10T13:35:57.596Z  STEC/2025       roh          11643 reg. Kerzen        0/0/0 von 245  Tagen gewertet (1m/5m/15m)        0 Signale  50 ms lesen  72 ms rechnen
2026-09-10T13:37:11.380Z  STJ/2016        roh          96684 reg. Kerzen      232/0/0 von 252  Tagen gewertet (1m/5m/15m)     4984 Signale  139 ms lesen  73614 ms rechnen
2026-09-10T13:37:12.353Z  STJ/2017        roh            766 reg. Kerzen        2/0/0 von 2    Tagen gewertet (1m/5m/15m)       40 Signale  32 ms lesen  683 ms rechnen
2026-09-10T13:37:47.359Z  STMP/2016       roh          77085 reg. Kerzen      115/0/0 von 252  Tagen gewertet (1m/5m/15m)     3316 Signale  103 ms lesen  34886 ms rechnen
2026-09-10T13:38:10.593Z  STMP/2017       roh          71823 reg. Kerzen       78/0/0 von 251  Tagen gewertet (1m/5m/15m)     2307 Signale  115 ms lesen  22907 ms rechnen
2026-09-10T13:38:24.515Z  STMP/2018       roh          64067 reg. Kerzen       45/0/0 von 251  Tagen gewertet (1m/5m/15m)     1417 Signale  658 ms lesen  13060 ms rechnen
2026-09-10T13:39:01.967Z  STMP/2019       roh          75889 reg. Kerzen      119/0/0 von 252  Tagen gewertet (1m/5m/15m)     3502 Signale  130 ms lesen  37167 ms rechnen
2026-09-10T13:39:20.512Z  STMP/2020       roh          68483 reg. Kerzen       56/0/0 von 253  Tagen gewertet (1m/5m/15m)     1795 Signale  110 ms lesen  18212 ms rechnen
2026-09-10T13:39:28.625Z  STMP/2021       roh          45459 reg. Kerzen       25/0/0 von 190  Tagen gewertet (1m/5m/15m)      658 Signale  80 ms lesen  7839 ms rechnen
2026-09-10T13:39:30.428Z  STON/2016       roh          48004 reg. Kerzen        5/0/0 von 252  Tagen gewertet (1m/5m/15m)      146 Signale  75 ms lesen  1583 ms rechnen
2026-09-10T13:39:30.995Z  STON/2017       roh          56462 reg. Kerzen        0/0/0 von 251  Tagen gewertet (1m/5m/15m)        0 Signale  94 ms lesen  346 ms rechnen
2026-09-10T13:39:31.317Z  STON/2018       roh          24867 reg. Kerzen        0/0/0 von 251  Tagen gewertet (1m/5m/15m)        0 Signale  77 ms lesen  114 ms rechnen
2026-09-10T13:39:31.504Z  STON/2019       roh          11633 reg. Kerzen        0/0/0 von 252  Tagen gewertet (1m/5m/15m)        0 Signale  50 ms lesen  74 ms rechnen
2026-09-10T13:39:31.751Z  STON/2020       roh          30021 reg. Kerzen        0/0/0 von 253  Tagen gewertet (1m/5m/15m)        0 Signale  70 ms lesen  143 ms rechnen
2026-09-10T13:39:32.083Z  STON/2021       roh          37271 reg. Kerzen        0/0/0 von 252  Tagen gewertet (1m/5m/15m)        0 Signale  84 ms lesen  187 ms rechnen
2026-09-10T13:39:32.363Z  STON/2022       roh          20646 reg. Kerzen        0/0/0 von 212  Tagen gewertet (1m/5m/15m)        0 Signale  56 ms lesen  131 ms rechnen
2026-09-10T13:39:32.510Z  STRM/2016       bereinigt     8791 reg. Kerzen        0/0/0 von 252  Tagen gewertet (1m/5m/15m)        0 Signale  24 ms lesen  51 ms rechnen
2026-09-10T13:39:32.622Z  STRM/2017       bereinigt    13056 reg. Kerzen        0/0/0 von 250  Tagen gewertet (1m/5m/15m)        0 Signale  24 ms lesen  69 ms rechnen
2026-09-10T13:39:32.701Z  STRM/2018       bereinigt     6399 reg. Kerzen        0/0/0 von 251  Tagen gewertet (1m/5m/15m)        0 Signale  12 ms lesen  37 ms rechnen
2026-09-10T13:39:32.768Z  STRM/2019       bereinigt     4625 reg. Kerzen        0/0/0 von 251  Tagen gewertet (1m/5m/15m)        0 Signale  19 ms lesen  30 ms rechnen
2026-09-10T13:39:32.881Z  STRM/2020       bereinigt    11104 reg. Kerzen        0/0/0 von 253  Tagen gewertet (1m/5m/15m)        0 Signale  33 ms lesen  71 ms rechnen
2026-09-10T13:39:33.044Z  STRM/2021       bereinigt    19277 reg. Kerzen        0/0/0 von 252  Tagen gewertet (1m/5m/15m)        0 Signale  37 ms lesen  97 ms rechnen
2026-09-10T13:39:33.172Z  STRM/2022       bereinigt     8161 reg. Kerzen        0/0/0 von 251  Tagen gewertet (1m/5m/15m)        0 Signale  16 ms lesen  48 ms rechnen
2026-09-10T13:39:33.280Z  STRM/2023       bereinigt    11094 reg. Kerzen        0/0/0 von 250  Tagen gewertet (1m/5m/15m)        0 Signale  22 ms lesen  64 ms rechnen
2026-09-10T13:39:33.396Z  STRM/2024       bereinigt    10204 reg. Kerzen        0/0/0 von 252  Tagen gewertet (1m/5m/15m)        0 Signale  19 ms lesen  61 ms rechnen
2026-09-10T13:39:33.473Z  STRM/2025       roh           2795 reg. Kerzen        0/0/0 von 151  Tagen gewertet (1m/5m/15m)        0 Signale  21 ms lesen  24 ms rechnen
2026-09-10T13:39:33.637Z  STSS/2022       bereinigt    14038 reg. Kerzen        0/0/0 von 180  Tagen gewertet (1m/5m/15m)        0 Signale  56 ms lesen  85 ms rechnen
2026-09-10T13:39:33.786Z  STSS/2023       bereinigt    14772 reg. Kerzen        0/0/0 von 250  Tagen gewertet (1m/5m/15m)        0 Signale  37 ms lesen  79 ms rechnen
2026-09-10T13:39:34.081Z  STSS/2024       bereinigt    27528 reg. Kerzen        0/0/0 von 252  Tagen gewertet (1m/5m/15m)        0 Signale  94 ms lesen  165 ms rechnen
2026-09-10T13:39:34.553Z  STSS/2025       bereinigt    45611 reg. Kerzen        0/0/0 von 250  Tagen gewertet (1m/5m/15m)        0 Signale  100 ms lesen  286 ms rechnen
2026-09-10T13:39:34.835Z  STSS/2026       roh          16953 reg. Kerzen        0/0/0 von 100  Tagen gewertet (1m/5m/15m)        0 Signale  30 ms lesen  113 ms rechnen
2026-09-10T13:40:47.757Z  STZ/2016        roh          95054 reg. Kerzen      232/0/0 von 252  Tagen gewertet (1m/5m/15m)     5357 Signale  136 ms lesen  72721 ms rechnen
2026-09-10T13:42:01.496Z  STZ/2017        roh          91730 reg. Kerzen      250/0/0 von 251  Tagen gewertet (1m/5m/15m)     5461 Signale  190 ms lesen  73294 ms rechnen
2026-09-10T13:43:20.325Z  STZ/2018        roh          94669 reg. Kerzen      251/0/0 von 251  Tagen gewertet (1m/5m/15m)     6004 Signale  160 ms lesen  78456 ms rechnen
2026-09-10T13:44:39.298Z  STZ/2019        roh          94813 reg. Kerzen      252/0/0 von 252  Tagen gewertet (1m/5m/15m)     5987 Signale  157 ms lesen  78545 ms rechnen
2026-09-10T13:46:00.458Z  STZ/2020        roh          94703 reg. Kerzen      251/0/0 von 253  Tagen gewertet (1m/5m/15m)     6738 Signale  147 ms lesen  80769 ms rechnen
2026-09-10T13:47:14.808Z  STZ/2021        roh          91163 reg. Kerzen      244/0/0 von 252  Tagen gewertet (1m/5m/15m)     5669 Signale  149 ms lesen  73932 ms rechnen
2026-09-10T13:48:26.270Z  STZ/2022        roh          88717 reg. Kerzen      234/0/0 von 250  Tagen gewertet (1m/5m/15m)     5781 Signale  3261 ms lesen  67955 ms rechnen
2026-09-10T13:49:36.653Z  STZ/2023        roh          88547 reg. Kerzen      242/0/0 von 250  Tagen gewertet (1m/5m/15m)     5436 Signale  792 ms lesen  69325 ms rechnen
2026-09-10T13:50:49.044Z  STZ/2024        roh          89073 reg. Kerzen      240/0/0 von 252  Tagen gewertet (1m/5m/15m)     5377 Signale  2183 ms lesen  69987 ms rechnen
2026-09-10T13:52:15.574Z  STZ/2025        roh          94920 reg. Kerzen      250/0/0 von 250  Tagen gewertet (1m/5m/15m)     6341 Signale  4808 ms lesen  81495 ms rechnen
2026-09-10T13:53:12.518Z  STZ/2026        roh          62033 reg. Kerzen      166/0/0 von 166  Tagen gewertet (1m/5m/15m)     4373 Signale  3344 ms lesen  53342 ms rechnen
2026-09-10T13:53:45.941Z  SUN/2016        roh          77702 reg. Kerzen      109/0/0 von 252  Tagen gewertet (1m/5m/15m)     3175 Signale  109 ms lesen  33124 ms rechnen
2026-09-10T13:54:05.938Z  SUN/2017        roh          67235 reg. Kerzen       66/0/0 von 251  Tagen gewertet (1m/5m/15m)     1847 Signale  130 ms lesen  19665 ms rechnen
2026-09-10T13:54:16.584Z  SUN/2018        roh          65194 reg. Kerzen       38/0/0 von 251  Tagen gewertet (1m/5m/15m)     1018 Signale  103 ms lesen  10351 ms rechnen
2026-09-10T13:54:20.558Z  SUN/2019        roh          52821 reg. Kerzen       11/0/0 von 252  Tagen gewertet (1m/5m/15m)      284 Signale  199 ms lesen  3611 ms rechnen
2026-09-10T13:54:41.970Z  SUN/2020        roh          67961 reg. Kerzen       67/0/0 von 253  Tagen gewertet (1m/5m/15m)     2093 Signale  103 ms lesen  21186 ms rechnen
2026-09-10T13:54:47.085Z  SUN/2021        roh          62191 reg. Kerzen       16/0/0 von 252  Tagen gewertet (1m/5m/15m)      413 Signale  118 ms lesen  4813 ms rechnen
2026-09-10T13:54:51.002Z  SUN/2022        roh          55684 reg. Kerzen       12/0/0 von 250  Tagen gewertet (1m/5m/15m)      352 Signale  100 ms lesen  3643 ms rechnen
2026-09-10T13:54:58.003Z  SUN/2023        roh          50642 reg. Kerzen       22/0/0 von 250  Tagen gewertet (1m/5m/15m)      611 Signale  75 ms lesen  6782 ms rechnen
2026-09-10T13:55:18.206Z  SUN/2024        roh          66883 reg. Kerzen       69/0/0 von 252  Tagen gewertet (1m/5m/15m)     1893 Signale  110 ms lesen  19956 ms rechnen
2026-09-10T13:55:39.467Z  SUN/2025        roh          69737 reg. Kerzen       71/0/0 von 250  Tagen gewertet (1m/5m/15m)     1873 Signale  93 ms lesen  20984 ms rechnen
2026-09-10T13:55:47.425Z  SUN/2026        roh          43862 reg. Kerzen       27/0/0 von 166  Tagen gewertet (1m/5m/15m)      694 Signale  79 ms lesen  7702 ms rechnen
2026-09-10T13:55:47.627Z  SUUN/2024       roh           7777 reg. Kerzen        0/0/0 von 186  Tagen gewertet (1m/5m/15m)        0 Signale  27 ms lesen  46 ms rechnen
2026-09-10T13:55:47.913Z  SUUN/2025       roh          31984 reg. Kerzen        0/0/0 von 250  Tagen gewertet (1m/5m/15m)        0 Signale  64 ms lesen  207 ms rechnen
2026-09-10T13:55:48.220Z  SUUN/2026       roh          22216 reg. Kerzen        0/0/0 von 104  Tagen gewertet (1m/5m/15m)        0 Signale  48 ms lesen  168 ms rechnen
2026-09-10T13:55:48.382Z  SVFC/2021       roh          10417 reg. Kerzen        0/0/0 von 206  Tagen gewertet (1m/5m/15m)        0 Signale  31 ms lesen  66 ms rechnen
2026-09-10T13:55:48.473Z  SVFC/2022       roh           4198 reg. Kerzen        0/0/0 von 107  Tagen gewertet (1m/5m/15m)        0 Signale  23 ms lesen  35 ms rechnen
2026-09-10T13:55:48.541Z  SVT/2016        roh           2790 reg. Kerzen        0/0/0 von 236  Tagen gewertet (1m/5m/15m)        0 Signale  26 ms lesen  13 ms rechnen
2026-09-10T13:55:48.596Z  SVT/2017        roh           1802 reg. Kerzen        0/0/0 von 220  Tagen gewertet (1m/5m/15m)        0 Signale  32 ms lesen  16 ms rechnen
2026-09-10T13:55:48.637Z  SVT/2018        roh           2028 reg. Kerzen        0/0/0 von 225  Tagen gewertet (1m/5m/15m)        0 Signale  19 ms lesen  18 ms rechnen
2026-09-10T13:55:48.674Z  SVT/2019        roh           1583 reg. Kerzen        0/0/0 von 210  Tagen gewertet (1m/5m/15m)        0 Signale  16 ms lesen  14 ms rechnen
2026-09-10T13:55:48.710Z  SVT/2020        roh           1392 reg. Kerzen        0/0/0 von 217  Tagen gewertet (1m/5m/15m)        0 Signale  16 ms lesen  13 ms rechnen
2026-09-10T13:55:48.738Z  SVT/2021        roh           1360 reg. Kerzen        0/0/0 von 211  Tagen gewertet (1m/5m/15m)        0 Signale  12 ms lesen  12 ms rechnen
2026-09-10T13:55:48.793Z  SVT/2022        roh           2073 reg. Kerzen        0/0/0 von 216  Tagen gewertet (1m/5m/15m)        0 Signale  36 ms lesen  13 ms rechnen
2026-09-10T13:55:48.821Z  SVT/2023        roh           1201 reg. Kerzen        0/0/0 von 204  Tagen gewertet (1m/5m/15m)        0 Signale  14 ms lesen  9 ms rechnen
2026-09-10T13:55:48.849Z  SVT/2024        roh            968 reg. Kerzen        0/0/0 von 197  Tagen gewertet (1m/5m/15m)        0 Signale  16 ms lesen  7 ms rechnen
2026-09-10T13:55:48.873Z  SVT/2025        roh           1370 reg. Kerzen        0/0/0 von 101  Tagen gewertet (1m/5m/15m)        0 Signale  13 ms lesen  8 ms rechnen
2026-09-10T13:55:48.976Z  SWBK/2021       roh          13038 reg. Kerzen        0/0/0 von 173  Tagen gewertet (1m/5m/15m)        0 Signale  29 ms lesen  62 ms rechnen
2026-09-10T13:55:52.769Z  SWIR/2016       roh          61432 reg. Kerzen       10/0/0 von 252  Tagen gewertet (1m/5m/15m)      315 Signale  87 ms lesen  3678 ms rechnen
2026-09-10T13:56:04.506Z  SWIR/2017       roh          63349 reg. Kerzen       36/0/0 von 251  Tagen gewertet (1m/5m/15m)     1106 Signale  114 ms lesen  11460 ms rechnen
2026-09-10T13:56:06.308Z  SWIR/2018       roh          55888 reg. Kerzen        4/0/0 von 251  Tagen gewertet (1m/5m/15m)      133 Signale  116 ms lesen  1500 ms rechnen
2026-09-10T13:56:06.862Z  SWIR/2019       roh          53816 reg. Kerzen        0/0/0 von 252  Tagen gewertet (1m/5m/15m)        0 Signale  112 ms lesen  307 ms rechnen
2026-09-10T13:56:07.411Z  SWIR/2020       roh          55349 reg. Kerzen        0/0/0 von 253  Tagen gewertet (1m/5m/15m)        0 Signale  88 ms lesen  309 ms rechnen
2026-09-10T13:56:07.891Z  SWIR/2021       roh          44991 reg. Kerzen        0/0/0 von 252  Tagen gewertet (1m/5m/15m)        0 Signale  87 ms lesen  250 ms rechnen
2026-09-10T13:56:34.891Z  SWIR/2022       roh          68197 reg. Kerzen       93/0/0 von 251  Tagen gewertet (1m/5m/15m)     2052 Signale  133 ms lesen  26768 ms rechnen
2026-09-10T13:56:36.629Z  SWIR/2023       roh           2583 reg. Kerzen        5/0/0 von 8    Tagen gewertet (1m/5m/15m)       70 Signale  32 ms lesen  1502 ms rechnen
2026-09-10T13:56:56.240Z  SXC/2016        roh          81646 reg. Kerzen       49/0/0 von 252  Tagen gewertet (1m/5m/15m)     1505 Signale  3072 ms lesen  16481 ms rechnen
2026-09-10T13:57:35.906Z  SXC/2017        roh          79417 reg. Kerzen      117/0/0 von 251  Tagen gewertet (1m/5m/15m)     3423 Signale  1323 ms lesen  38118 ms rechnen
2026-09-10T13:57:51.981Z  SXC/2018        roh          72664 reg. Kerzen       40/0/0 von 251  Tagen gewertet (1m/5m/15m)     1158 Signale  2955 ms lesen  12924 ms rechnen
2026-09-10T13:58:23.171Z  SXC/2019        roh          81888 reg. Kerzen       88/0/0 von 252  Tagen gewertet (1m/5m/15m)     2603 Signale  3162 ms lesen  27817 ms rechnen
2026-09-10T13:58:28.065Z  SXC/2020        roh          76321 reg. Kerzen        0/0/0 von 253  Tagen gewertet (1m/5m/15m)        0 Signale  4152 ms lesen  541 ms rechnen
2026-09-10T13:58:54.770Z  SXC/2021        roh          79664 reg. Kerzen       66/0/0 von 252  Tagen gewertet (1m/5m/15m)     1943 Signale  3801 ms lesen  22681 ms rechnen
2026-09-10T13:59:23.469Z  SXC/2022        roh          81261 reg. Kerzen       71/0/0 von 251  Tagen gewertet (1m/5m/15m)     2025 Signale  6959 ms lesen  21517 ms rechnen
2026-09-10T13:59:34.632Z  SXC/2023        roh          72662 reg. Kerzen       28/0/0 von 250  Tagen gewertet (1m/5m/15m)      774 Signale  2681 ms lesen  8249 ms rechnen
2026-09-10T13:59:54.221Z  SXC/2024        roh          75477 reg. Kerzen       59/0/0 von 252  Tagen gewertet (1m/5m/15m)     1633 Signale  1775 ms lesen  17601 ms rechnen
2026-09-10T14:00:25.319Z  SXC/2025        roh          76380 reg. Kerzen       99/0/0 von 250  Tagen gewertet (1m/5m/15m)     2685 Signale  2411 ms lesen  28510 ms rechnen
2026-09-10T14:01:03.171Z  SXC/2026        roh          54458 reg. Kerzen      118/0/0 von 166  Tagen gewertet (1m/5m/15m)     3478 Signale  2467 ms lesen  35177 ms rechnen
2026-09-10T14:02:25.630Z  SYF/2016        roh          97957 reg. Kerzen      232/0/0 von 252  Tagen gewertet (1m/5m/15m)     5825 Signale  3454 ms lesen  78636 ms rechnen
2026-09-10T14:03:48.806Z  SYF/2017        roh          97413 reg. Kerzen      251/0/0 von 251  Tagen gewertet (1m/5m/15m)     6122 Signale  295 ms lesen  82601 ms rechnen
2026-09-10T14:05:12.757Z  SYF/2018        roh          97252 reg. Kerzen      251/0/0 von 251  Tagen gewertet (1m/5m/15m)     6512 Signale  147 ms lesen  83550 ms rechnen
2026-09-10T14:06:35.538Z  SYF/2019        roh          97605 reg. Kerzen      252/0/0 von 252  Tagen gewertet (1m/5m/15m)     5914 Signale  241 ms lesen  82278 ms rechnen
2026-09-10T14:08:06.141Z  SYF/2020        roh          98201 reg. Kerzen      253/0/0 von 253  Tagen gewertet (1m/5m/15m)     7286 Signale  508 ms lesen  89826 ms rechnen
2026-09-10T14:09:33.730Z  SYF/2021        roh          97274 reg. Kerzen      250/0/0 von 252  Tagen gewertet (1m/5m/15m)     6527 Signale  2545 ms lesen  84767 ms rechnen
2026-09-10T14:11:06.906Z  SYF/2022        roh          96917 reg. Kerzen      249/0/0 von 251  Tagen gewertet (1m/5m/15m)     6892 Signale  3685 ms lesen  89235 ms rechnen
2026-09-10T14:12:41.962Z  SYF/2023        roh          96969 reg. Kerzen      250/0/0 von 250  Tagen gewertet (1m/5m/15m)     6418 Signale  10121 ms lesen  84658 ms rechnen
2026-09-10T14:14:05.580Z  SYF/2024        roh          97393 reg. Kerzen      252/0/0 von 252  Tagen gewertet (1m/5m/15m)     6219 Signale  135 ms lesen  83219 ms rechnen
2026-09-10T14:15:31.272Z  SYF/2025        roh          96265 reg. Kerzen      250/0/0 von 250  Tagen gewertet (1m/5m/15m)     6404 Signale  149 ms lesen  85233 ms rechnen
2026-09-10T14:16:27.394Z  SYF/2026        roh          64411 reg. Kerzen      166/0/0 von 166  Tagen gewertet (1m/5m/15m)     4281 Signale  93 ms lesen  55762 ms rechnen
2026-09-10T14:16:28.663Z  SYNC/2016       roh          29087 reg. Kerzen        0/0/0 von 252  Tagen gewertet (1m/5m/15m)        0 Signale  936 ms lesen  178 ms rechnen
2026-09-10T14:16:30.092Z  SYNC/2017       roh          27147 reg. Kerzen        0/0/0 von 251  Tagen gewertet (1m/5m/15m)        0 Signale  1207 ms lesen  151 ms rechnen
2026-09-10T14:16:31.009Z  SYNC/2018       roh          13646 reg. Kerzen        0/0/0 von 250  Tagen gewertet (1m/5m/15m)        0 Signale  762 ms lesen  90 ms rechnen
2026-09-10T14:16:32.135Z  SYNC/2019       roh          10258 reg. Kerzen        0/0/0 von 252  Tagen gewertet (1m/5m/15m)        0 Signale  1027 ms lesen  55 ms rechnen
2026-09-10T14:16:33.384Z  SYNC/2020       roh          16045 reg. Kerzen        0/0/0 von 253  Tagen gewertet (1m/5m/15m)        0 Signale  1124 ms lesen  93 ms rechnen
2026-09-10T14:16:33.526Z  SYNC/2021       roh           6386 reg. Kerzen        0/0/0 von 61   Tagen gewertet (1m/5m/15m)        0 Signale  59 ms lesen  43 ms rechnen
2026-09-10T14:16:57.376Z  SYT/2016        roh          72502 reg. Kerzen       80/0/0 von 252  Tagen gewertet (1m/5m/15m)     1734 Signale  2912 ms lesen  20503 ms rechnen
2026-09-10T14:17:10.003Z  SYT/2017        roh          34822 reg. Kerzen       35/0/0 von 249  Tagen gewertet (1m/5m/15m)      682 Signale  2875 ms lesen  9568 ms rechnen
2026-09-10T14:17:10.143Z  SYT/2018        roh             73 reg. Kerzen        0/0/0 von 4    Tagen gewertet (1m/5m/15m)        0 Signale  45 ms lesen  2 ms rechnen
2026-09-10T14:17:10.144Z  AUSGELASSEN SYT/2019: Datei fehlt
2026-09-10T14:17:10.146Z  AUSGELASSEN SYT/2020: Datei fehlt
2026-09-10T14:17:10.146Z  AUSGELASSEN SYT/2021: Datei fehlt
2026-09-10T14:17:10.147Z  AUSGELASSEN SYT/2022: Datei fehlt
2026-09-10T14:17:10.338Z  SYT/2023        roh           1519 reg. Kerzen        0/0/0 von 152  Tagen gewertet (1m/5m/15m)        0 Signale  178 ms lesen  13 ms rechnen
2026-09-10T14:17:10.888Z  SYT/2024        roh           7329 reg. Kerzen        0/0/0 von 250  Tagen gewertet (1m/5m/15m)        0 Signale  503 ms lesen  43 ms rechnen
2026-09-10T14:17:11.292Z  SYT/2025        roh           1418 reg. Kerzen        0/0/0 von 100  Tagen gewertet (1m/5m/15m)        0 Signale  372 ms lesen  12 ms rechnen
2026-09-10T14:17:13.848Z  TAC/2016        roh          29145 reg. Kerzen        0/0/0 von 252  Tagen gewertet (1m/5m/15m)        0 Signale  2283 ms lesen  174 ms rechnen
2026-09-10T14:17:14.566Z  TAC/2017        roh          11622 reg. Kerzen        0/0/0 von 251  Tagen gewertet (1m/5m/15m)        0 Signale  587 ms lesen  63 ms rechnen
2026-09-10T14:17:15.136Z  TAC/2018        roh          11359 reg. Kerzen        0/0/0 von 251  Tagen gewertet (1m/5m/15m)        0 Signale  483 ms lesen  58 ms rechnen
2026-09-10T14:17:17.075Z  TAC/2019        roh          43688 reg. Kerzen        0/0/0 von 252  Tagen gewertet (1m/5m/15m)        0 Signale  1658 ms lesen  255 ms rechnen
2026-09-10T14:17:22.897Z  TAC/2020        roh          59432 reg. Kerzen        8/0/0 von 253  Tagen gewertet (1m/5m/15m)      248 Signale  2056 ms lesen  3650 ms rechnen
2026-09-10T14:17:26.368Z  TAC/2021        roh          57158 reg. Kerzen        0/0/0 von 252  Tagen gewertet (1m/5m/15m)        0 Signale  2992 ms lesen  320 ms rechnen
2026-09-10T14:17:30.629Z  TAC/2022        roh          63183 reg. Kerzen        0/0/0 von 251  Tagen gewertet (1m/5m/15m)        0 Signale  3730 ms lesen  364 ms rechnen
2026-09-10T14:17:31.558Z  TAC/2023        roh          60636 reg. Kerzen        0/0/0 von 250  Tagen gewertet (1m/5m/15m)        0 Signale  417 ms lesen  352 ms rechnen
2026-09-10T14:17:46.245Z  TAC/2024        roh          71844 reg. Kerzen       41/0/0 von 252  Tagen gewertet (1m/5m/15m)     1152 Signale  2867 ms lesen  11651 ms rechnen
2026-09-10T14:18:42.366Z  TAC/2025        roh          82332 reg. Kerzen      167/0/0 von 250  Tagen gewertet (1m/5m/15m)     4707 Signale  3563 ms lesen  52364 ms rechnen
2026-09-10T14:19:26.421Z  TAC/2026        roh          56776 reg. Kerzen      142/0/0 von 166  Tagen gewertet (1m/5m/15m)     4114 Signale  1508 ms lesen  42327 ms rechnen
2026-09-10T14:19:28.091Z  TALS/2021       bereinigt    16547 reg. Kerzen        0/0/0 von 166  Tagen gewertet (1m/5m/15m)        0 Signale  1163 ms lesen  110 ms rechnen
2026-09-10T14:19:28.317Z  TALS/2022       bereinigt    19777 reg. Kerzen        0/0/0 von 251  Tagen gewertet (1m/5m/15m)        0 Signale  47 ms lesen  121 ms rechnen
2026-09-10T14:19:28.549Z  TALS/2023       bereinigt    26386 reg. Kerzen        0/0/0 von 201  Tagen gewertet (1m/5m/15m)        0 Signale  40 ms lesen  141 ms rechnen
2026-09-10T14:19:32.028Z  TAST/2016       roh          59507 reg. Kerzen        1/0/0 von 252  Tagen gewertet (1m/5m/15m)       35 Signale  2769 ms lesen  554 ms rechnen
2026-09-10T14:19:34.488Z  TAST/2017       roh          52441 reg. Kerzen        0/0/0 von 251  Tagen gewertet (1m/5m/15m)        0 Signale  2023 ms lesen  295 ms rechnen
2026-09-10T14:19:38.628Z  TAST/2018       roh          50123 reg. Kerzen        0/0/0 von 251  Tagen gewertet (1m/5m/15m)        0 Signale  3706 ms lesen  300 ms rechnen
2026-09-10T14:19:42.315Z  TAST/2019       roh          60541 reg. Kerzen        0/0/0 von 252  Tagen gewertet (1m/5m/15m)        0 Signale  3188 ms lesen  363 ms rechnen
2026-09-10T14:19:46.121Z  TAST/2020       roh          69434 reg. Kerzen        0/0/0 von 253  Tagen gewertet (1m/5m/15m)        0 Signale  3207 ms lesen  455 ms rechnen
2026-09-10T14:19:49.768Z  TAST/2021       roh          52289 reg. Kerzen        0/0/0 von 252  Tagen gewertet (1m/5m/15m)        0 Signale  3159 ms lesen  287 ms rechnen
2026-09-10T14:19:51.580Z  TAST/2022       roh          40539 reg. Kerzen        0/0/0 von 251  Tagen gewertet (1m/5m/15m)        0 Signale  1402 ms lesen  269 ms rechnen
2026-09-10T14:19:52.512Z  TAST/2023       roh          56051 reg. Kerzen        1/0/0 von 250  Tagen gewertet (1m/5m/15m)       27 Signale  88 ms lesen  719 ms rechnen
2026-09-10T14:19:59.071Z  TAST/2024       roh          25518 reg. Kerzen       16/0/0 von 94   Tagen gewertet (1m/5m/15m)      302 Signale  979 ms lesen  5429 ms rechnen
2026-09-10T14:20:01.917Z  TBIO/2021       bereinigt    16493 reg. Kerzen        0/0/0 von 137  Tagen gewertet (1m/5m/15m)        0 Signale  2517 ms lesen  96 ms rechnen
2026-09-10T14:20:04.607Z  TBIO/2022       bereinigt    36810 reg. Kerzen        0/0/0 von 251  Tagen gewertet (1m/5m/15m)        0 Signale  2427 ms lesen  217 ms rechnen
2026-09-10T14:20:05.023Z  TBIO/2023       bereinigt    13368 reg. Kerzen        0/0/0 von 250  Tagen gewertet (1m/5m/15m)        0 Signale  245 ms lesen  77 ms rechnen
2026-09-10T14:20:06.678Z  TBIO/2024       bereinigt    11595 reg. Kerzen        0/0/0 von 187  Tagen gewertet (1m/5m/15m)        0 Signale  1531 ms lesen  78 ms rechnen
2026-09-10T14:20:06.702Z  AUSGELASSEN TBIO/2025: Datei fehlt
2026-09-10T14:21:20.498Z  TCB/2016        roh          91778 reg. Kerzen      227/0/0 von 252  Tagen gewertet (1m/5m/15m)     5701 Signale  2851 ms lesen  70900 ms rechnen
2026-09-10T14:21:53.520Z  TCB/2017        roh          32645 reg. Kerzen       86/0/0 von 86   Tagen gewertet (1m/5m/15m)     2188 Signale  4904 ms lesen  27868 ms rechnen
2026-09-10T14:21:54.693Z  TCGL/2025       roh           6274 reg. Kerzen        0/0/0 von 54   Tagen gewertet (1m/5m/15m)        0 Signale  1050 ms lesen  29 ms rechnen
2026-09-10T14:21:56.516Z  CHECKPOINT 4800 Dateien, 1352 min, Detektorfehler {}
2026-09-10T14:21:56.806Z  TCGL/2026       roh           3984 reg. Kerzen        0/0/0 von 20   Tagen gewertet (1m/5m/15m)        0 Signale  265 ms lesen  24 ms rechnen
2026-09-10T14:21:59.550Z  TCPC/2016       roh          43887 reg. Kerzen        0/0/0 von 252  Tagen gewertet (1m/5m/15m)        0 Signale  2067 ms lesen  239 ms rechnen
2026-09-10T14:22:02.017Z  TCPC/2017       roh          45559 reg. Kerzen        0/0/0 von 251  Tagen gewertet (1m/5m/15m)        0 Signale  2086 ms lesen  262 ms rechnen
2026-09-10T14:22:06.752Z  TCPC/2018       roh          55460 reg. Kerzen        6/0/0 von 251  Tagen gewertet (1m/5m/15m)      133 Signale  3008 ms lesen  1616 ms rechnen
2026-09-10T14:22:07.623Z  TCPC/2019       roh          50344 reg. Kerzen        1/0/0 von 252  Tagen gewertet (1m/5m/15m)       27 Signale  172 ms lesen  542 ms rechnen
2026-09-10T14:22:13.651Z  TCPC/2020       roh          58444 reg. Kerzen       17/0/0 von 253  Tagen gewertet (1m/5m/15m)      553 Signale  89 ms lesen  5803 ms rechnen
2026-09-10T14:22:14.171Z  TCPC/2021       roh          47794 reg. Kerzen        0/0/0 von 252  Tagen gewertet (1m/5m/15m)        0 Signale  116 ms lesen  261 ms rechnen
2026-09-10T14:22:14.665Z  TCPC/2022       roh          47592 reg. Kerzen        0/0/0 von 251  Tagen gewertet (1m/5m/15m)        0 Signale  86 ms lesen  255 ms rechnen
2026-09-10T14:22:15.199Z  TCPC/2023       roh          52138 reg. Kerzen        0/0/0 von 250  Tagen gewertet (1m/5m/15m)        0 Signale  86 ms lesen  330 ms rechnen
2026-09-10T14:22:16.886Z  TCPC/2024       roh          62112 reg. Kerzen        4/0/0 von 252  Tagen gewertet (1m/5m/15m)       95 Signale  89 ms lesen  1484 ms rechnen
2026-09-10T14:22:18.743Z  TCPC/2025       roh          67233 reg. Kerzen        4/0/0 von 250  Tagen gewertet (1m/5m/15m)      114 Signale  88 ms lesen  1571 ms rechnen
2026-09-10T14:22:23.395Z  TCPC/2026       roh          49751 reg. Kerzen       12/0/0 von 166  Tagen gewertet (1m/5m/15m)      335 Signale  79 ms lesen  4400 ms rechnen
2026-09-10T14:23:39.661Z  TDC/2016        roh          95934 reg. Kerzen      232/0/0 von 252  Tagen gewertet (1m/5m/15m)     6019 Signale  273 ms lesen  75857 ms rechnen
2026-09-10T14:24:54.921Z  TDC/2017        roh          92230 reg. Kerzen      250/0/0 von 251  Tagen gewertet (1m/5m/15m)     5986 Signale  133 ms lesen  74896 ms rechnen
2026-09-10T14:26:08.412Z  TDC/2018        roh          90161 reg. Kerzen      248/0/0 von 251  Tagen gewertet (1m/5m/15m)     6281 Signale  130 ms lesen  73147 ms rechnen
2026-09-10T14:27:23.274Z  TDC/2019        roh          91564 reg. Kerzen      249/0/0 von 252  Tagen gewertet (1m/5m/15m)     6213 Signale  154 ms lesen  74426 ms rechnen
2026-09-10T14:28:43.912Z  TDC/2020        roh          90875 reg. Kerzen      242/0/0 von 253  Tagen gewertet (1m/5m/15m)     6863 Signale  3012 ms lesen  77414 ms rechnen
2026-09-10T14:30:01.018Z  TDC/2021        roh          88646 reg. Kerzen      231/0/0 von 252  Tagen gewertet (1m/5m/15m)     6501 Signale  2759 ms lesen  74082 ms rechnen
2026-09-10T14:31:17.683Z  TDC/2022        roh          87711 reg. Kerzen      237/0/0 von 251  Tagen gewertet (1m/5m/15m)     6547 Signale  4756 ms lesen  71666 ms rechnen
2026-09-10T14:32:24.373Z  TDC/2023        roh          86584 reg. Kerzen      222/0/0 von 250  Tagen gewertet (1m/5m/15m)     5509 Signale  3420 ms lesen  63021 ms rechnen
2026-09-10T14:33:10.841Z  TDC/2024        roh          81841 reg. Kerzen      165/0/0 von 252  Tagen gewertet (1m/5m/15m)     4161 Signale  126 ms lesen  46154 ms rechnen
2026-09-10T14:34:13.619Z  TDC/2025        roh          85244 reg. Kerzen      219/0/0 von 250  Tagen gewertet (1m/5m/15m)     5752 Signale  133 ms lesen  62404 ms rechnen
2026-09-10T14:35:09.473Z  TDC/2026        roh          62018 reg. Kerzen      166/0/0 von 166  Tagen gewertet (1m/5m/15m)     4865 Signale  93 ms lesen  55526 ms rechnen
2026-09-10T14:35:09.776Z  TEAR/2017       roh          15682 reg. Kerzen        0/0/0 von 179  Tagen gewertet (1m/5m/15m)        0 Signale  39 ms lesen  89 ms rechnen
2026-09-10T14:36:21.636Z  TEL/2016        roh          95926 reg. Kerzen      232/0/0 von 252  Tagen gewertet (1m/5m/15m)     5268 Signale  136 ms lesen  71661 ms rechnen
2026-09-10T14:37:35.280Z  TEL/2017        roh          92880 reg. Kerzen      250/0/0 von 251  Tagen gewertet (1m/5m/15m)     5459 Signale  139 ms lesen  73278 ms rechnen
2026-09-10T14:38:57.031Z  TEL/2018        roh          95315 reg. Kerzen      251/0/0 von 251  Tagen gewertet (1m/5m/15m)     6088 Signale  2977 ms lesen  78518 ms rechnen
2026-09-10T14:40:19.175Z  TEL/2019        roh          94269 reg. Kerzen      252/0/0 von 252  Tagen gewertet (1m/5m/15m)     5733 Signale  5324 ms lesen  76554 ms rechnen
2026-09-10T14:41:45.846Z  TEL/2020        roh          96070 reg. Kerzen      253/0/0 von 253  Tagen gewertet (1m/5m/15m)     6650 Signale  2487 ms lesen  83940 ms rechnen
2026-09-10T14:43:08.360Z  TEL/2021        roh          93156 reg. Kerzen      249/0/0 von 252  Tagen gewertet (1m/5m/15m)     5975 Signale  5157 ms lesen  77126 ms rechnen
2026-09-10T14:44:27.804Z  TEL/2022        roh          93967 reg. Kerzen      249/0/0 von 250  Tagen gewertet (1m/5m/15m)     6552 Signale  142 ms lesen  79086 ms rechnen
2026-09-10T14:45:43.594Z  TEL/2023        roh          92845 reg. Kerzen      250/0/0 von 250  Tagen gewertet (1m/5m/15m)     5685 Signale  117 ms lesen  75430 ms rechnen
2026-09-10T14:46:59.914Z  TEL/2024        roh          92952 reg. Kerzen      250/0/0 von 252  Tagen gewertet (1m/5m/15m)     5610 Signale  136 ms lesen  75937 ms rechnen
2026-09-10T14:48:19.929Z  TEL/2025        roh          91658 reg. Kerzen      246/0/0 von 250  Tagen gewertet (1m/5m/15m)     5889 Signale  3626 ms lesen  76148 ms rechnen
2026-09-10T14:49:17.446Z  TEL/2026        roh          61679 reg. Kerzen      164/0/0 von 166  Tagen gewertet (1m/5m/15m)     4438 Signale  3547 ms lesen  53735 ms rechnen
2026-09-10T14:49:17.852Z  TERN/2021       roh          22697 reg. Kerzen        0/0/0 von 229  Tagen gewertet (1m/5m/15m)        0 Signale  104 ms lesen  125 ms rechnen
2026-09-10T14:49:19.214Z  TERN/2022       roh          23459 reg. Kerzen        0/0/0 von 251  Tagen gewertet (1m/5m/15m)        0 Signale  1154 ms lesen  138 ms rechnen
2026-09-10T14:49:24.676Z  TERN/2023       roh          60116 reg. Kerzen       11/0/0 von 250  Tagen gewertet (1m/5m/15m)      347 Signale  1586 ms lesen  3803 ms rechnen
2026-09-10T14:50:09.207Z  TERN/2024       roh          79324 reg. Kerzen      117/0/0 von 252  Tagen gewertet (1m/5m/15m)     3689 Signale  3544 ms lesen  40799 ms rechnen
2026-09-10T14:50:47.776Z  TERN/2025       roh          81758 reg. Kerzen      101/0/0 von 250  Tagen gewertet (1m/5m/15m)     3193 Signale  3046 ms lesen  35322 ms rechnen
2026-09-10T14:51:20.016Z  TERN/2026       roh          31466 reg. Kerzen       84/0/0 von 84   Tagen gewertet (1m/5m/15m)     2231 Signale  1383 ms lesen  30654 ms rechnen
2026-09-10T14:52:35.098Z  TEX/2016        roh          91258 reg. Kerzen      230/0/0 von 252  Tagen gewertet (1m/5m/15m)     6456 Signale  2948 ms lesen  71979 ms rechnen
2026-09-10T14:53:55.136Z  TEX/2017        roh          91599 reg. Kerzen      249/0/0 von 251  Tagen gewertet (1m/5m/15m)     6538 Signale  129 ms lesen  79648 ms rechnen
2026-09-10T14:55:19.306Z  TEX/2018        roh          93402 reg. Kerzen      251/0/0 von 251  Tagen gewertet (1m/5m/15m)     7034 Signale  143 ms lesen  83777 ms rechnen
2026-09-10T14:56:32.906Z  TEX/2019        roh          88271 reg. Kerzen      238/0/0 von 252  Tagen gewertet (1m/5m/15m)     6242 Signale  127 ms lesen  73191 ms rechnen
2026-09-10T14:57:40.795Z  TEX/2020        roh          86865 reg. Kerzen      202/0/0 von 253  Tagen gewertet (1m/5m/15m)     6097 Signale  137 ms lesen  67508 ms rechnen
2026-09-10T14:58:34.303Z  TEX/2021        roh          80201 reg. Kerzen      167/0/0 von 252  Tagen gewertet (1m/5m/15m)     4751 Signale  2893 ms lesen  50375 ms rechnen
2026-09-10T14:59:36.553Z  TEX/2022        roh          83431 reg. Kerzen      192/0/0 von 251  Tagen gewertet (1m/5m/15m)     5575 Signale  3766 ms lesen  58269 ms rechnen
2026-09-10T15:00:43.977Z  TEX/2023        roh          85143 reg. Kerzen      206/0/0 von 250  Tagen gewertet (1m/5m/15m)     5679 Signale  3935 ms lesen  63259 ms rechnen
2026-09-10T15:01:35.155Z  TEX/2024        roh          81111 reg. Kerzen      160/0/0 von 252  Tagen gewertet (1m/5m/15m)     4408 Signale  3398 ms lesen  47554 ms rechnen
2026-09-10T15:02:29.032Z  TEX/2025        roh          80847 reg. Kerzen      162/0/0 von 250  Tagen gewertet (1m/5m/15m)     4606 Signale  4592 ms lesen  49023 ms rechnen
2026-09-10T15:03:16.974Z  TEX/2026        roh          57582 reg. Kerzen      149/0/0 von 166  Tagen gewertet (1m/5m/15m)     4284 Signale  93 ms lesen  47663 ms rechnen
2026-09-10T15:03:27.611Z  TFX/2016        roh          66295 reg. Kerzen       37/0/0 von 252  Tagen gewertet (1m/5m/15m)      859 Signale  106 ms lesen  10356 ms rechnen
2026-09-10T15:03:30.593Z  TFX/2017        roh          55188 reg. Kerzen        9/0/0 von 251  Tagen gewertet (1m/5m/15m)      207 Signale  94 ms lesen  2724 ms rechnen
2026-09-10T15:03:33.366Z  TFX/2018        roh          57688 reg. Kerzen        8/0/0 von 251  Tagen gewertet (1m/5m/15m)      221 Signale  105 ms lesen  2500 ms rechnen
2026-09-10T15:03:36.774Z  TFX/2019        roh          56219 reg. Kerzen       10/0/0 von 252  Tagen gewertet (1m/5m/15m)      249 Signale  107 ms lesen  3163 ms rechnen
2026-09-10T15:03:40.700Z  TFX/2020        roh          54133 reg. Kerzen       12/0/0 von 253  Tagen gewertet (1m/5m/15m)      350 Signale  112 ms lesen  3659 ms rechnen
2026-09-10T15:03:43.789Z  TFX/2021        roh          52587 reg. Kerzen       10/0/0 von 252  Tagen gewertet (1m/5m/15m)      252 Signale  114 ms lesen  2833 ms rechnen
2026-09-10T15:03:49.091Z  TFX/2022        roh          61218 reg. Kerzen       16/0/0 von 250  Tagen gewertet (1m/5m/15m)      445 Signale  96 ms lesen  5038 ms rechnen
2026-09-10T15:03:51.441Z  TFX/2023        roh          52071 reg. Kerzen        6/0/0 von 250  Tagen gewertet (1m/5m/15m)      173 Signale  103 ms lesen  2084 ms rechnen
2026-09-10T15:03:54.173Z  TFX/2024        roh          51245 reg. Kerzen        8/0/0 von 252  Tagen gewertet (1m/5m/15m)      215 Signale  98 ms lesen  2460 ms rechnen
2026-09-10T15:04:11.931Z  TFX/2025        roh          68054 reg. Kerzen       58/0/0 von 250  Tagen gewertet (1m/5m/15m)     1580 Signale  94 ms lesen  17539 ms rechnen
2026-09-10T15:04:26.091Z  TFX/2026        roh          46620 reg. Kerzen       47/0/0 von 166  Tagen gewertet (1m/5m/15m)     1333 Signale  66 ms lesen  13939 ms rechnen
2026-09-10T15:05:14.120Z  TGI/2016        roh          83105 reg. Kerzen      156/0/0 von 252  Tagen gewertet (1m/5m/15m)     4562 Signale  107 ms lesen  47769 ms rechnen
2026-09-10T15:05:44.226Z  TGI/2017        roh          74963 reg. Kerzen       93/0/0 von 251  Tagen gewertet (1m/5m/15m)     2780 Signale  683 ms lesen  29211 ms rechnen
2026-09-10T15:06:20.912Z  TGI/2018        roh          74831 reg. Kerzen      116/0/0 von 251  Tagen gewertet (1m/5m/15m)     3527 Signale  108 ms lesen  36375 ms rechnen
2026-09-10T15:06:53.633Z  TGI/2019        roh          75814 reg. Kerzen      107/0/0 von 252  Tagen gewertet (1m/5m/15m)     3181 Signale  108 ms lesen  32414 ms rechnen
2026-09-10T15:08:18.680Z  TGI/2020        roh          89266 reg. Kerzen      222/0/0 von 253  Tagen gewertet (1m/5m/15m)     7262 Signale  4700 ms lesen  80102 ms rechnen
2026-09-10T15:09:12.719Z  TGI/2021        roh          79859 reg. Kerzen      152/0/0 von 252  Tagen gewertet (1m/5m/15m)     4712 Signale  4952 ms lesen  48845 ms rechnen
2026-09-10T15:09:57.907Z  TGI/2022        roh          79464 reg. Kerzen      130/0/0 von 251  Tagen gewertet (1m/5m/15m)     4014 Signale  3464 ms lesen  41511 ms rechnen
2026-09-10T15:11:03.320Z  TGI/2023        roh          83969 reg. Kerzen      204/0/0 von 250  Tagen gewertet (1m/5m/15m)     5870 Signale  4501 ms lesen  60700 ms rechnen
2026-09-10T15:11:38.522Z  TGI/2024        roh          75543 reg. Kerzen      106/0/0 von 252  Tagen gewertet (1m/5m/15m)     3031 Signale  2959 ms lesen  31997 ms rechnen
2026-09-10T15:12:00.160Z  TGI/2025        roh          42229 reg. Kerzen       64/0/0 von 139  Tagen gewertet (1m/5m/15m)     1105 Signale  2161 ms lesen  19278 ms rechnen
2026-09-10T15:12:00.356Z  THAC/2021       roh             59 reg. Kerzen        0/0/0 von 11   Tagen gewertet (1m/5m/15m)        0 Signale  47 ms lesen  1 ms rechnen
2026-09-10T15:12:00.770Z  THAC/2022       roh            781 reg. Kerzen        0/0/0 von 186  Tagen gewertet (1m/5m/15m)        0 Signale  405 ms lesen  8 ms rechnen
2026-09-10T15:12:00.804Z  THAC/2023       roh             46 reg. Kerzen        0/0/0 von 12   Tagen gewertet (1m/5m/15m)        0 Signale  29 ms lesen  0 ms rechnen
2026-09-10T15:12:06.156Z  THLD/2016       bereinigt    57798 reg. Kerzen        0/0/0 von 252  Tagen gewertet (1m/5m/15m)        0 Signale  4970 ms lesen  349 ms rechnen
2026-09-10T15:12:09.064Z  THLD/2017       bereinigt    21998 reg. Kerzen        0/0/0 von 146  Tagen gewertet (1m/5m/15m)        0 Signale  2621 ms lesen  133 ms rechnen
2026-09-10T15:12:09.680Z  THRX/2016       roh           1691 reg. Kerzen        0/0/0 von 5    Tagen gewertet (1m/5m/15m)        0 Signale  473 ms lesen  18 ms rechnen
2026-09-10T15:12:09.684Z  AUSGELASSEN THRX/2017: Datei fehlt
2026-09-10T15:12:09.692Z  AUSGELASSEN THRX/2018: Datei fehlt
2026-09-10T15:12:09.692Z  AUSGELASSEN THRX/2019: Datei fehlt
2026-09-10T15:12:09.693Z  AUSGELASSEN THRX/2020: Datei fehlt
2026-09-10T15:12:10.998Z  THRX/2021       roh          12001 reg. Kerzen        0/0/0 von 60   Tagen gewertet (1m/5m/15m)        0 Signale  1243 ms lesen  62 ms rechnen
2026-09-10T15:12:12.128Z  THRX/2022       roh          19525 reg. Kerzen        0/0/0 von 251  Tagen gewertet (1m/5m/15m)        0 Signale  989 ms lesen  117 ms rechnen
2026-09-10T15:12:13.121Z  THRX/2023       roh          34968 reg. Kerzen        0/0/0 von 250  Tagen gewertet (1m/5m/15m)        0 Signale  737 ms lesen  212 ms rechnen
2026-09-10T15:12:13.249Z  THRX/2024       roh           4620 reg. Kerzen        0/0/0 von 30   Tagen gewertet (1m/5m/15m)        0 Signale  10 ms lesen  33 ms rechnen
2026-09-10T15:13:26.539Z  TIF/2016        roh          95714 reg. Kerzen      232/0/0 von 252  Tagen gewertet (1m/5m/15m)     5732 Signale  129 ms lesen  73129 ms rechnen
2026-09-10T15:14:41.932Z  TIF/2017        roh          92678 reg. Kerzen      250/0/0 von 251  Tagen gewertet (1m/5m/15m)     5879 Signale  148 ms lesen  75016 ms rechnen
2026-09-10T15:16:01.211Z  TIF/2018        roh          93816 reg. Kerzen      249/0/0 von 251  Tagen gewertet (1m/5m/15m)     6362 Signale  138 ms lesen  78922 ms rechnen
2026-09-10T15:17:23.751Z  TIF/2019        roh          96006 reg. Kerzen      252/0/0 von 252  Tagen gewertet (1m/5m/15m)     6189 Signale  139 ms lesen  82152 ms rechnen
2026-09-10T15:18:40.027Z  TIF/2020        roh          91573 reg. Kerzen      239/0/0 von 253  Tagen gewertet (1m/5m/15m)     4979 Signale  3999 ms lesen  72039 ms rechnen
2026-09-10T15:18:41.698Z  TIF/2021        roh           1076 reg. Kerzen        3/0/0 von 3    Tagen gewertet (1m/5m/15m)       34 Signale  342 ms lesen  1040 ms rechnen
2026-09-10T15:18:41.982Z  TIOA/2021       roh           1656 reg. Kerzen        0/0/0 von 108  Tagen gewertet (1m/5m/15m)        0 Signale  108 ms lesen  11 ms rechnen
2026-09-10T15:18:42.494Z  TIOA/2022       roh           1371 reg. Kerzen        0/0/0 von 181  Tagen gewertet (1m/5m/15m)        0 Signale  496 ms lesen  12 ms rechnen
2026-09-10T15:18:42.564Z  TIOA/2023       roh           1196 reg. Kerzen        0/0/0 von 64   Tagen gewertet (1m/5m/15m)        0 Signale  56 ms lesen  8 ms rechnen
2026-09-10T15:20:03.085Z  TK/2016         roh          92104 reg. Kerzen      225/0/0 von 252  Tagen gewertet (1m/5m/15m)     7114 Signale  3702 ms lesen  76795 ms rechnen
2026-09-10T15:21:00.774Z  TK/2017         roh          82808 reg. Kerzen      163/0/0 von 251  Tagen gewertet (1m/5m/15m)     4997 Signale  4943 ms lesen  52524 ms rechnen
2026-09-10T15:21:26.860Z  TK/2018         roh          76395 reg. Kerzen       66/0/0 von 251  Tagen gewertet (1m/5m/15m)     1905 Signale  4208 ms lesen  21652 ms rechnen
2026-09-10T15:21:32.263Z  TK/2019         roh          69061 reg. Kerzen        0/0/0 von 252  Tagen gewertet (1m/5m/15m)        0 Signale  4720 ms lesen  475 ms rechnen
2026-09-10T15:21:37.771Z  TK/2020         roh          72782 reg. Kerzen        5/0/0 von 253  Tagen gewertet (1m/5m/15m)      161 Signale  2850 ms lesen  2478 ms rechnen
2026-09-10T15:21:38.437Z  TK/2021         roh          65215 reg. Kerzen        0/0/0 von 252  Tagen gewertet (1m/5m/15m)        0 Signale  103 ms lesen  389 ms rechnen
2026-09-10T15:21:42.892Z  TK/2022         roh          58079 reg. Kerzen        0/0/0 von 250  Tagen gewertet (1m/5m/15m)        0 Signale  3976 ms lesen  314 ms rechnen
2026-09-10T15:21:55.590Z  TK/2023         roh          72775 reg. Kerzen       28/0/0 von 250  Tagen gewertet (1m/5m/15m)      833 Signale  3035 ms lesen  9489 ms rechnen
2026-09-10T15:22:06.171Z  TK/2024         roh          72531 reg. Kerzen       25/0/0 von 252  Tagen gewertet (1m/5m/15m)      678 Signale  3255 ms lesen  7171 ms rechnen
2026-09-10T15:22:18.651Z  TK/2025         roh          68745 reg. Kerzen       29/0/0 von 250  Tagen gewertet (1m/5m/15m)      761 Signale  3788 ms lesen  8502 ms rechnen
2026-09-10T15:22:21.902Z  TK/2026         roh          42178 reg. Kerzen        5/0/0 von 166  Tagen gewertet (1m/5m/15m)      147 Signale  1543 ms lesen  1479 ms rechnen
2026-09-10T15:22:22.851Z  TLGT/2016       bereinigt    61125 reg. Kerzen        0/0/0 von 252  Tagen gewertet (1m/5m/15m)        0 Signale  368 ms lesen  377 ms rechnen
2026-09-10T15:22:23.544Z  TLGT/2017       bereinigt    66687 reg. Kerzen        0/0/0 von 251  Tagen gewertet (1m/5m/15m)        0 Signale  120 ms lesen  401 ms rechnen
2026-09-10T15:22:24.175Z  TLGT/2018       bereinigt    59387 reg. Kerzen        0/0/0 von 251  Tagen gewertet (1m/5m/15m)        0 Signale  94 ms lesen  338 ms rechnen
2026-09-10T15:22:24.655Z  TLGT/2019       bereinigt    39988 reg. Kerzen        0/0/0 von 252  Tagen gewertet (1m/5m/15m)        0 Signale  55 ms lesen  271 ms rechnen
2026-09-10T15:22:25.062Z  TLGT/2020       bereinigt    38490 reg. Kerzen        0/0/0 von 253  Tagen gewertet (1m/5m/15m)        0 Signale  64 ms lesen  228 ms rechnen
2026-09-10T15:22:30.604Z  TLGT/2021       roh          63791 reg. Kerzen       13/0/0 von 199  Tagen gewertet (1m/5m/15m)      439 Signale  156 ms lesen  5290 ms rechnen
2026-09-10T15:22:31.635Z  TLOG/2016       roh          23204 reg. Kerzen        0/0/0 von 213  Tagen gewertet (1m/5m/15m)        0 Signale  750 ms lesen  116 ms rechnen
2026-09-10T15:22:34.295Z  TMBR/2019       bereinigt    28169 reg. Kerzen        0/0/0 von 173  Tagen gewertet (1m/5m/15m)        0 Signale  2428 ms lesen  135 ms rechnen
2026-09-10T15:22:37.061Z  TMBR/2020       bereinigt    56588 reg. Kerzen        0/0/0 von 253  Tagen gewertet (1m/5m/15m)        0 Signale  2310 ms lesen  375 ms rechnen
2026-09-10T15:23:01.592Z  TMBR/2021       bereinigt    70210 reg. Kerzen       50/0/0 von 252  Tagen gewertet (1m/5m/15m)     1719 Signale  4159 ms lesen  20229 ms rechnen
2026-09-10T15:23:02.175Z  TMBR/2022       bereinigt    44827 reg. Kerzen        0/0/0 von 246  Tagen gewertet (1m/5m/15m)        0 Signale  103 ms lesen  299 ms rechnen
2026-09-10T15:23:02.411Z  TMBR/2023       roh          14502 reg. Kerzen        0/0/0 von 227  Tagen gewertet (1m/5m/15m)        0 Signale  36 ms lesen  73 ms rechnen
2026-09-10T15:24:15.340Z  TMO/2016        roh          96146 reg. Kerzen      232/0/0 von 252  Tagen gewertet (1m/5m/15m)     5317 Signale  256 ms lesen  72608 ms rechnen
2026-09-10T15:25:31.556Z  TMO/2017        roh          93478 reg. Kerzen      249/0/0 von 251  Tagen gewertet (1m/5m/15m)     5378 Signale  142 ms lesen  75809 ms rechnen
2026-09-10T15:26:49.433Z  TMO/2018        roh          93833 reg. Kerzen      251/0/0 von 251  Tagen gewertet (1m/5m/15m)     6042 Signale  129 ms lesen  77515 ms rechnen
2026-09-10T15:28:06.722Z  TMO/2019        roh          95002 reg. Kerzen      252/0/0 von 252  Tagen gewertet (1m/5m/15m)     6034 Signale  217 ms lesen  76843 ms rechnen
2026-09-10T15:29:33.393Z  TMO/2020        roh          96161 reg. Kerzen      253/0/0 von 253  Tagen gewertet (1m/5m/15m)     6567 Signale  2752 ms lesen  83630 ms rechnen
2026-09-10T15:30:54.307Z  TMO/2021        roh          92663 reg. Kerzen      248/0/0 von 252  Tagen gewertet (1m/5m/15m)     5932 Signale  2638 ms lesen  78051 ms rechnen
2026-09-10T15:32:14.910Z  TMO/2022        roh          91627 reg. Kerzen      246/0/0 von 251  Tagen gewertet (1m/5m/15m)     6298 Signale  3135 ms lesen  77193 ms rechnen
2026-09-10T15:33:35.777Z  TMO/2023        roh          92182 reg. Kerzen      248/0/0 von 250  Tagen gewertet (1m/5m/15m)     5802 Signale  3688 ms lesen  76895 ms rechnen
2026-09-10T15:34:46.823Z  TMO/2024        roh          89907 reg. Kerzen      239/0/0 von 252  Tagen gewertet (1m/5m/15m)     5473 Signale  146 ms lesen  70686 ms rechnen
2026-09-10T15:36:08.250Z  TMO/2025        roh          94402 reg. Kerzen      250/0/0 von 250  Tagen gewertet (1m/5m/15m)     6266 Signale  135 ms lesen  81066 ms rechnen
2026-09-10T15:37:04.201Z  TMO/2026        roh          64524 reg. Kerzen      166/0/0 von 166  Tagen gewertet (1m/5m/15m)     4342 Signale  87 ms lesen  55611 ms rechnen
2026-09-10T15:37:04.905Z  TNAV/2016       roh          27839 reg. Kerzen        0/0/0 von 252  Tagen gewertet (1m/5m/15m)        0 Signale  80 ms lesen  163 ms rechnen
2026-09-10T15:37:05.211Z  TNAV/2017       roh          28464 reg. Kerzen        0/0/0 von 251  Tagen gewertet (1m/5m/15m)        0 Signale  68 ms lesen  161 ms rechnen
2026-09-10T15:37:05.473Z  TNAV/2018       roh          17208 reg. Kerzen        0/0/0 von 251  Tagen gewertet (1m/5m/15m)        0 Signale  62 ms lesen  123 ms rechnen
2026-09-10T15:37:11.828Z  TNAV/2019       roh          54420 reg. Kerzen       17/0/0 von 252  Tagen gewertet (1m/5m/15m)      540 Signale  92 ms lesen  6220 ms rechnen
2026-09-10T15:37:14.981Z  TNAV/2020       roh          50923 reg. Kerzen        0/0/0 von 253  Tagen gewertet (1m/5m/15m)        0 Signale  2729 ms lesen  267 ms rechnen
2026-09-10T15:37:16.052Z  TNAV/2021       roh           6196 reg. Kerzen        0/0/0 von 30   Tagen gewertet (1m/5m/15m)        0 Signale  897 ms lesen  35 ms rechnen
2026-09-10T15:37:59.579Z  TNK/2016        bereinigt    89501 reg. Kerzen      113/0/0 von 252  Tagen gewertet (1m/5m/15m)     3590 Signale  2831 ms lesen  40619 ms rechnen
2026-09-10T15:38:04.543Z  TNK/2017        bereinigt    81912 reg. Kerzen        0/0/0 von 251  Tagen gewertet (1m/5m/15m)        0 Signale  4053 ms lesen  649 ms rechnen
2026-09-10T15:38:07.965Z  TNK/2018        bereinigt    75697 reg. Kerzen        0/0/0 von 251  Tagen gewertet (1m/5m/15m)        0 Signale  2620 ms lesen  576 ms rechnen
2026-09-10T15:38:28.341Z  TNK/2019        bereinigt    81074 reg. Kerzen       46/0/0 von 252  Tagen gewertet (1m/5m/15m)     1405 Signale  3747 ms lesen  16427 ms rechnen
2026-09-10T15:39:29.170Z  TNK/2020        roh          83301 reg. Kerzen      164/0/0 von 253  Tagen gewertet (1m/5m/15m)     5342 Signale  2408 ms lesen  58149 ms rechnen
2026-09-10T15:39:38.500Z  TNK/2021        roh          63454 reg. Kerzen       21/0/0 von 252  Tagen gewertet (1m/5m/15m)      645 Signale  1947 ms lesen  7147 ms rechnen
2026-09-10T15:39:54.589Z  TNK/2022        roh          65952 reg. Kerzen       45/0/0 von 251  Tagen gewertet (1m/5m/15m)     1379 Signale  2196 ms lesen  13726 ms rechnen
2026-09-10T15:40:15.175Z  TNK/2023        roh          70614 reg. Kerzen       61/0/0 von 250  Tagen gewertet (1m/5m/15m)     1811 Signale  2484 ms lesen  17921 ms rechnen
2026-09-10T15:40:24.946Z  TNK/2024        roh          60048 reg. Kerzen       18/0/0 von 252  Tagen gewertet (1m/5m/15m)      517 Signale  3940 ms lesen  5669 ms rechnen
2026-09-10T15:40:37.026Z  TNK/2025        roh          62988 reg. Kerzen       29/0/0 von 250  Tagen gewertet (1m/5m/15m)      823 Signale  3194 ms lesen  8748 ms rechnen
2026-09-10T15:40:42.671Z  TNK/2026        roh          40476 reg. Kerzen       16/0/0 von 166  Tagen gewertet (1m/5m/15m)      437 Signale  597 ms lesen  4867 ms rechnen
2026-09-10T15:40:43.266Z  TOI/2021        roh           4142 reg. Kerzen        0/0/0 von 33   Tagen gewertet (1m/5m/15m)        0 Signale  194 ms lesen  28 ms rechnen
2026-09-10T15:40:45.013Z  TOI/2022        roh          26783 reg. Kerzen        0/0/0 von 251  Tagen gewertet (1m/5m/15m)        0 Signale  1584 ms lesen  150 ms rechnen
2026-09-10T15:40:46.916Z  TOI/2023        roh          30094 reg. Kerzen        0/0/0 von 250  Tagen gewertet (1m/5m/15m)        0 Signale  1646 ms lesen  181 ms rechnen
2026-09-10T15:40:47.999Z  TOI/2024        roh          22532 reg. Kerzen        0/0/0 von 252  Tagen gewertet (1m/5m/15m)        0 Signale  854 ms lesen  150 ms rechnen
2026-09-10T15:41:17.914Z  TOI/2025        roh          72938 reg. Kerzen       81/0/0 von 250  Tagen gewertet (1m/5m/15m)     2610 Signale  2188 ms lesen  27671 ms rechnen
2026-09-10T15:41:44.634Z  TOI/2026        roh          49524 reg. Kerzen       71/0/0 von 146  Tagen gewertet (1m/5m/15m)     2235 Signale  1859 ms lesen  24655 ms rechnen
2026-09-10T15:41:47.198Z  TOWN/2016       roh          45260 reg. Kerzen        0/0/0 von 252  Tagen gewertet (1m/5m/15m)        0 Signale  2096 ms lesen  275 ms rechnen
2026-09-10T15:41:47.909Z  TOWN/2017       roh          39346 reg. Kerzen        0/0/0 von 251  Tagen gewertet (1m/5m/15m)        0 Signale  373 ms lesen  212 ms rechnen
2026-09-10T15:41:48.321Z  TOWN/2018       roh          37170 reg. Kerzen        0/0/0 von 251  Tagen gewertet (1m/5m/15m)        0 Signale  78 ms lesen  228 ms rechnen
2026-09-10T15:41:48.717Z  TOWN/2019       roh          38484 reg. Kerzen        0/0/0 von 252  Tagen gewertet (1m/5m/15m)        0 Signale  65 ms lesen  244 ms rechnen
2026-09-10T15:41:49.157Z  TOWN/2020       roh          45820 reg. Kerzen        0/0/0 von 253  Tagen gewertet (1m/5m/15m)        0 Signale  88 ms lesen  258 ms rechnen
2026-09-10T15:41:50.699Z  TOWN/2021       roh          38145 reg. Kerzen        0/0/0 von 252  Tagen gewertet (1m/5m/15m)        0 Signale  1149 ms lesen  246 ms rechnen
2026-09-10T15:41:53.122Z  TOWN/2022       roh          42188 reg. Kerzen        0/0/0 von 251  Tagen gewertet (1m/5m/15m)        0 Signale  2113 ms lesen  213 ms rechnen
2026-09-10T15:41:56.580Z  TOWN/2023       roh          44364 reg. Kerzen        0/0/0 von 250  Tagen gewertet (1m/5m/15m)        0 Signale  3105 ms lesen  229 ms rechnen
2026-09-10T15:41:58.556Z  TOWN/2024       roh          44927 reg. Kerzen        1/0/0 von 252  Tagen gewertet (1m/5m/15m)       23 Signale  1386 ms lesen  488 ms rechnen
2026-09-10T15:42:02.007Z  TOWN/2025       roh          44932 reg. Kerzen        1/0/0 von 250  Tagen gewertet (1m/5m/15m)       27 Signale  2848 ms lesen  481 ms rechnen
2026-09-10T15:42:07.002Z  TOWN/2026       roh          42027 reg. Kerzen       13/0/0 von 166  Tagen gewertet (1m/5m/15m)      286 Signale  1271 ms lesen  3634 ms rechnen
2026-09-10T15:42:07.284Z  TPGS/2021       roh           7620 reg. Kerzen        0/0/0 von 146  Tagen gewertet (1m/5m/15m)        0 Signale  71 ms lesen  41 ms rechnen
2026-09-10T15:42:11.049Z  TPLM/2016       roh          68936 reg. Kerzen        0/0/0 von 252  Tagen gewertet (1m/5m/15m)        0 Signale  3246 ms lesen  464 ms rechnen
2026-09-10T15:42:11.958Z  TPLM/2017       roh          11871 reg. Kerzen        0/0/0 von 57   Tagen gewertet (1m/5m/15m)        0 Signale  634 ms lesen  88 ms rechnen
2026-09-10T15:42:12.435Z  TRAQ/2021       roh            188 reg. Kerzen        0/0/0 von 5    Tagen gewertet (1m/5m/15m)        0 Signale  51 ms lesen  1 ms rechnen
2026-09-10T15:42:12.571Z  TRAQ/2022       roh           1463 reg. Kerzen        0/0/0 von 194  Tagen gewertet (1m/5m/15m)        0 Signale  122 ms lesen  13 ms rechnen
2026-09-10T15:42:12.659Z  TRAQ/2023       roh            803 reg. Kerzen        0/0/0 von 66   Tagen gewertet (1m/5m/15m)        0 Signale  74 ms lesen  7 ms rechnen
2026-09-10T15:42:34.886Z  TREE/2016       roh          69990 reg. Kerzen       64/0/0 von 252  Tagen gewertet (1m/5m/15m)     2029 Signale  2397 ms lesen  19825 ms rechnen
2026-09-10T15:42:39.291Z  TREE/2017       roh          52574 reg. Kerzen        6/0/0 von 251  Tagen gewertet (1m/5m/15m)      181 Signale  2171 ms lesen  2077 ms rechnen
2026-09-10T15:42:49.415Z  TREE/2018       roh          53543 reg. Kerzen       19/0/0 von 251  Tagen gewertet (1m/5m/15m)      629 Signale  3975 ms lesen  6007 ms rechnen
2026-09-10T15:42:52.675Z  TREE/2019       roh          43707 reg. Kerzen        1/0/0 von 252  Tagen gewertet (1m/5m/15m)       27 Signale  2616 ms lesen  528 ms rechnen
2026-09-10T15:42:58.455Z  TREE/2020       roh          46943 reg. Kerzen       12/0/0 von 253  Tagen gewertet (1m/5m/15m)      356 Signale  1574 ms lesen  4106 ms rechnen
2026-09-10T15:43:05.508Z  TREE/2021       roh          57784 reg. Kerzen       22/0/0 von 252  Tagen gewertet (1m/5m/15m)      639 Signale  129 ms lesen  6807 ms rechnen
2026-09-10T15:43:07.552Z  TREE/2022       roh          54647 reg. Kerzen        5/0/0 von 251  Tagen gewertet (1m/5m/15m)      150 Signale  108 ms lesen  1799 ms rechnen
2026-09-10T15:43:08.387Z  TREE/2023       roh          54080 reg. Kerzen        1/0/0 von 250  Tagen gewertet (1m/5m/15m)       25 Signale  90 ms lesen  603 ms rechnen
2026-09-10T15:43:10.372Z  TREE/2024       roh          46551 reg. Kerzen        4/0/0 von 252  Tagen gewertet (1m/5m/15m)      134 Signale  124 ms lesen  1716 ms rechnen
2026-09-10T15:43:12.797Z  TREE/2025       roh          48008 reg. Kerzen        6/0/0 von 250  Tagen gewertet (1m/5m/15m)      203 Signale  79 ms lesen  2217 ms rechnen
2026-09-10T15:43:14.255Z  TREE/2026       roh          32215 reg. Kerzen        4/0/0 von 166  Tagen gewertet (1m/5m/15m)      129 Signale  67 ms lesen  1246 ms rechnen
2026-09-10T15:43:14.414Z  TRINZ/2024      roh           5807 reg. Kerzen        0/0/0 von 191  Tagen gewertet (1m/5m/15m)        0 Signale  18 ms lesen  37 ms rechnen
2026-09-10T15:43:14.477Z  TRINZ/2025      roh           4650 reg. Kerzen        0/0/0 von 250  Tagen gewertet (1m/5m/15m)        0 Signale  20 ms lesen  27 ms rechnen
2026-09-10T15:43:14.508Z  TRINZ/2026      roh           1748 reg. Kerzen        0/0/0 von 140  Tagen gewertet (1m/5m/15m)        0 Signale  13 ms lesen  8 ms rechnen
2026-09-10T15:43:14.546Z  TRMD/2018       roh            293 reg. Kerzen        0/0/0 von 110  Tagen gewertet (1m/5m/15m)        0 Signale  15 ms lesen  4 ms rechnen
2026-09-10T15:43:14.565Z  TRMD/2019       roh            572 reg. Kerzen        0/0/0 von 118  Tagen gewertet (1m/5m/15m)        0 Signale  11 ms lesen  6 ms rechnen
2026-09-10T15:43:14.650Z  TRMD/2020       roh           9130 reg. Kerzen        0/0/0 von 217  Tagen gewertet (1m/5m/15m)        0 Signale  36 ms lesen  46 ms rechnen
2026-09-10T15:43:14.838Z  TRMD/2021       roh          14036 reg. Kerzen        0/0/0 von 252  Tagen gewertet (1m/5m/15m)        0 Signale  88 ms lesen  73 ms rechnen
2026-09-10T15:43:15.723Z  TRMD/2022       roh          50778 reg. Kerzen        2/0/0 von 251  Tagen gewertet (1m/5m/15m)       58 Signale  84 ms lesen  766 ms rechnen
2026-09-10T15:43:28.350Z  TRMD/2023       roh          65459 reg. Kerzen       44/0/0 von 250  Tagen gewertet (1m/5m/15m)     1243 Signale  122 ms lesen  12351 ms rechnen
2026-09-10T15:44:20.341Z  TRMD/2024       roh          83041 reg. Kerzen      182/0/0 von 252  Tagen gewertet (1m/5m/15m)     4834 Signale  249 ms lesen  51593 ms rechnen
2026-09-10T15:44:57.399Z  TRMD/2025       roh          76852 reg. Kerzen      122/0/0 von 250  Tagen gewertet (1m/5m/15m)     3333 Signale  117 ms lesen  36737 ms rechnen
2026-09-10T15:45:21.994Z  TRMD/2026       roh          50823 reg. Kerzen       78/0/0 von 166  Tagen gewertet (1m/5m/15m)     2168 Signale  87 ms lesen  24322 ms rechnen
2026-09-10T15:54:35.458Z  TRNO/2016       roh          51473 reg. Kerzen        2/0/0 von 252  Tagen gewertet (1m/5m/15m)       50 Signale  551233 ms lesen  721 ms rechnen
2026-09-10T16:06:06.419Z  TRNO/2017       roh          63423 reg. Kerzen       20/0/0 von 251  Tagen gewertet (1m/5m/15m)      454 Signale  686009 ms lesen  4854 ms rechnen
2026-09-10T16:18:31.736Z  TRNO/2018       roh          68647 reg. Kerzen       61/0/0 von 251  Tagen gewertet (1m/5m/15m)     1405 Signale  733450 ms lesen  11701 ms rechnen
2026-09-10T16:27:41.630Z  TRNO/2019       roh          62814 reg. Kerzen       20/0/0 von 252  Tagen gewertet (1m/5m/15m)      455 Signale  544537 ms lesen  5222 ms rechnen
2026-09-10T16:27:56.420Z  TRNO/2020       roh          68092 reg. Kerzen       47/0/0 von 253  Tagen gewertet (1m/5m/15m)     1374 Signale  99 ms lesen  14523 ms rechnen
2026-09-10T16:27:59.720Z  TRNO/2021       roh          59231 reg. Kerzen       10/0/0 von 252  Tagen gewertet (1m/5m/15m)      247 Signale  75 ms lesen  3038 ms rechnen
2026-09-10T16:28:13.393Z  TRNO/2022       roh          67566 reg. Kerzen       48/0/0 von 251  Tagen gewertet (1m/5m/15m)     1283 Signale  100 ms lesen  13395 ms rechnen
2026-09-10T16:28:38.750Z  TRNO/2023       roh          73578 reg. Kerzen       86/0/0 von 250  Tagen gewertet (1m/5m/15m)     2124 Signale  128 ms lesen  25055 ms rechnen
2026-09-10T16:29:12.619Z  TRNO/2024       roh          76907 reg. Kerzen      109/0/0 von 252  Tagen gewertet (1m/5m/15m)     2688 Signale  1996 ms lesen  31638 ms rechnen
2026-09-10T16:29:50.038Z  TRNO/2025       roh          76868 reg. Kerzen      123/0/0 von 250  Tagen gewertet (1m/5m/15m)     3121 Signale  3103 ms lesen  34124 ms rechnen
2026-09-10T16:29:58.481Z  TRNO/2026       roh          45382 reg. Kerzen       26/0/0 von 166  Tagen gewertet (1m/5m/15m)      620 Signale  941 ms lesen  7281 ms rechnen
2026-09-10T16:30:00.599Z  CHECKPOINT 5000 Dateien, 1480 min, Detektorfehler {}
2026-09-10T16:31:10.603Z  TRQ/2016        bereinigt    90501 reg. Kerzen      185/0/0 von 252  Tagen gewertet (1m/5m/15m)     5376 Signale  1514 ms lesen  68489 ms rechnen
2026-09-10T16:32:38.002Z  TRQ/2017        bereinigt    90796 reg. Kerzen      228/0/0 von 251  Tagen gewertet (1m/5m/15m)     6409 Signale  3269 ms lesen  83895 ms rechnen
2026-09-10T16:33:50.932Z  TRQ/2018        bereinigt    87128 reg. Kerzen      198/0/0 von 251  Tagen gewertet (1m/5m/15m)     5504 Signale  135 ms lesen  72532 ms rechnen
2026-09-10T16:34:44.843Z  TRQ/2019        bereinigt    88404 reg. Kerzen      132/0/0 von 252  Tagen gewertet (1m/5m/15m)     3924 Signale  2307 ms lesen  51335 ms rechnen
2026-09-10T16:34:50.155Z  TRQ/2020        bereinigt    77116 reg. Kerzen        7/0/0 von 253  Tagen gewertet (1m/5m/15m)      200 Signale  2542 ms lesen  2575 ms rechnen
2026-09-10T16:35:52.450Z  TRQ/2021        roh          83528 reg. Kerzen      186/0/0 von 252  Tagen gewertet (1m/5m/15m)     5509 Signale  3646 ms lesen  58395 ms rechnen
2026-09-10T16:36:59.382Z  TRQ/2022        roh          82701 reg. Kerzen      209/0/0 von 241  Tagen gewertet (1m/5m/15m)     5806 Signale  2794 ms lesen  63917 ms rechnen
2026-09-10T16:36:59.829Z  TRUP/2016       roh          33320 reg. Kerzen        0/0/0 von 252  Tagen gewertet (1m/5m/15m)        0 Signale  46 ms lesen  166 ms rechnen
2026-09-10T16:37:00.232Z  TRUP/2017       roh          40864 reg. Kerzen        0/0/0 von 251  Tagen gewertet (1m/5m/15m)        0 Signale  69 ms lesen  230 ms rechnen
2026-09-10T16:37:13.221Z  TRUP/2018       roh          63928 reg. Kerzen       42/0/0 von 251  Tagen gewertet (1m/5m/15m)     1306 Signale  90 ms lesen  12799 ms rechnen
2026-09-10T16:37:16.988Z  TRUP/2019       roh          55778 reg. Kerzen       11/0/0 von 252  Tagen gewertet (1m/5m/15m)      330 Signale  93 ms lesen  3527 ms rechnen
2026-09-10T16:37:41.055Z  TRUP/2020       roh          71642 reg. Kerzen       76/0/0 von 253  Tagen gewertet (1m/5m/15m)     2376 Signale  100 ms lesen  23814 ms rechnen
2026-09-10T16:37:51.067Z  TRUP/2021       roh          63405 reg. Kerzen       30/0/0 von 252  Tagen gewertet (1m/5m/15m)      936 Signale  99 ms lesen  9708 ms rechnen
2026-09-10T16:38:13.925Z  TRUP/2022       roh          71514 reg. Kerzen       71/0/0 von 251  Tagen gewertet (1m/5m/15m)     2308 Signale  100 ms lesen  22561 ms rechnen
2026-09-10T16:39:01.810Z  TRUP/2023       roh          79055 reg. Kerzen      140/0/0 von 250  Tagen gewertet (1m/5m/15m)     4465 Signale  112 ms lesen  47575 ms rechnen
2026-09-10T16:39:26.447Z  TRUP/2024       roh          69885 reg. Kerzen       68/0/0 von 252  Tagen gewertet (1m/5m/15m)     2071 Signale  2666 ms lesen  21755 ms rechnen
2026-09-10T16:39:39.443Z  TRUP/2025       roh          62560 reg. Kerzen       34/0/0 von 250  Tagen gewertet (1m/5m/15m)     1053 Signale  1991 ms lesen  10799 ms rechnen
2026-09-10T16:39:42.965Z  TRUP/2026       roh          36443 reg. Kerzen        6/0/0 von 166  Tagen gewertet (1m/5m/15m)      173 Signale  1219 ms lesen  2115 ms rechnen
2026-09-10T16:40:58.477Z  TSCO/2016       bereinigt    93790 reg. Kerzen      232/0/0 von 252  Tagen gewertet (1m/5m/15m)     5486 Signale  3586 ms lesen  71776 ms rechnen
2026-09-10T16:42:20.303Z  TSCO/2017       bereinigt    95660 reg. Kerzen      251/0/0 von 251  Tagen gewertet (1m/5m/15m)     6251 Signale  164 ms lesen  81433 ms rechnen
2026-09-10T16:43:41.464Z  TSCO/2018       bereinigt    94267 reg. Kerzen      249/0/0 von 251  Tagen gewertet (1m/5m/15m)     6383 Signale  159 ms lesen  80748 ms rechnen
2026-09-10T16:45:04.100Z  TSCO/2019       bereinigt    95587 reg. Kerzen      252/0/0 von 252  Tagen gewertet (1m/5m/15m)     6076 Signale  270 ms lesen  82131 ms rechnen
2026-09-10T16:46:34.836Z  TSCO/2020       bereinigt    96193 reg. Kerzen      253/0/0 von 253  Tagen gewertet (1m/5m/15m)     6861 Signale  4550 ms lesen  85881 ms rechnen
2026-09-10T16:47:51.160Z  TSCO/2021       bereinigt    90047 reg. Kerzen      238/0/0 von 252  Tagen gewertet (1m/5m/15m)     5980 Signale  1691 ms lesen  74351 ms rechnen
2026-09-10T16:49:12.990Z  TSCO/2022       bereinigt    92935 reg. Kerzen      250/0/0 von 251  Tagen gewertet (1m/5m/15m)     6780 Signale  143 ms lesen  81429 ms rechnen
2026-09-10T16:50:30.638Z  TSCO/2023       bereinigt    91422 reg. Kerzen      249/0/0 von 250  Tagen gewertet (1m/5m/15m)     6092 Signale  2845 ms lesen  74555 ms rechnen
2026-09-10T16:51:31.664Z  TSCO/2024       bereinigt    85076 reg. Kerzen      206/0/0 von 252  Tagen gewertet (1m/5m/15m)     4998 Signale  3168 ms lesen  57615 ms rechnen
2026-09-10T16:52:56.136Z  TSCO/2025       roh          96894 reg. Kerzen      246/0/0 von 250  Tagen gewertet (1m/5m/15m)     6172 Signale  2076 ms lesen  82120 ms rechnen
2026-09-10T16:53:53.263Z  TSCO/2026       roh          64727 reg. Kerzen      166/0/0 von 166  Tagen gewertet (1m/5m/15m)     4473 Signale  110 ms lesen  56781 ms rechnen
2026-09-10T16:55:13.943Z  TSN/2016        roh          97802 reg. Kerzen      232/0/0 von 252  Tagen gewertet (1m/5m/15m)     5478 Signale  2422 ms lesen  78025 ms rechnen
2026-09-10T16:56:37.889Z  TSN/2017        roh          95795 reg. Kerzen      251/0/0 von 251  Tagen gewertet (1m/5m/15m)     5705 Signale  3297 ms lesen  80388 ms rechnen
2026-09-10T16:58:01.312Z  TSN/2018        roh          96121 reg. Kerzen      251/0/0 von 251  Tagen gewertet (1m/5m/15m)     6024 Signale  123 ms lesen  83035 ms rechnen
2026-09-10T16:59:24.410Z  TSN/2019        roh          97090 reg. Kerzen      252/0/0 von 252  Tagen gewertet (1m/5m/15m)     6058 Signale  114 ms lesen  82707 ms rechnen
2026-09-10T17:00:53.094Z  TSN/2020        roh          97900 reg. Kerzen      253/0/0 von 253  Tagen gewertet (1m/5m/15m)     6997 Signale  137 ms lesen  88258 ms rechnen
2026-09-10T17:02:15.116Z  TSN/2021        roh          95754 reg. Kerzen      250/0/0 von 252  Tagen gewertet (1m/5m/15m)     5911 Signale  125 ms lesen  81606 ms rechnen
2026-09-10T17:03:38.182Z  TSN/2022        roh          96188 reg. Kerzen      249/0/0 von 251  Tagen gewertet (1m/5m/15m)     6269 Signale  127 ms lesen  82678 ms rechnen
2026-09-10T17:05:02.326Z  TSN/2023        roh          96815 reg. Kerzen      250/0/0 von 250  Tagen gewertet (1m/5m/15m)     6067 Signale  158 ms lesen  83733 ms rechnen
2026-09-10T17:06:23.063Z  TSN/2024        roh          95183 reg. Kerzen      252/0/0 von 252  Tagen gewertet (1m/5m/15m)     5836 Signale  120 ms lesen  80370 ms rechnen
2026-09-10T17:07:46.053Z  TSN/2025        roh          95555 reg. Kerzen      250/0/0 von 250  Tagen gewertet (1m/5m/15m)     5796 Signale  123 ms lesen  82619 ms rechnen
2026-09-10T17:08:41.409Z  TSN/2026        roh          63560 reg. Kerzen      166/0/0 von 166  Tagen gewertet (1m/5m/15m)     4199 Signale  85 ms lesen  54971 ms rechnen
2026-09-10T17:08:41.669Z  TST/2016        roh          10045 reg. Kerzen        0/0/0 von 252  Tagen gewertet (1m/5m/15m)        0 Signale  24 ms lesen  57 ms rechnen
2026-09-10T17:08:41.839Z  TST/2017        roh          16565 reg. Kerzen        0/0/0 von 251  Tagen gewertet (1m/5m/15m)        0 Signale  36 ms lesen  98 ms rechnen
2026-09-10T17:08:42.052Z  TST/2018        roh          24332 reg. Kerzen        0/0/0 von 251  Tagen gewertet (1m/5m/15m)        0 Signale  42 ms lesen  134 ms rechnen
2026-09-10T17:08:42.199Z  TST/2019        roh           9168 reg. Kerzen        0/0/0 von 151  Tagen gewertet (1m/5m/15m)        0 Signale  31 ms lesen  56 ms rechnen
2026-09-10T17:09:55.960Z  TTE/2016        roh          95559 reg. Kerzen      232/0/0 von 252  Tagen gewertet (1m/5m/15m)     5498 Signale  119 ms lesen  73592 ms rechnen
2026-09-10T17:11:10.074Z  TTE/2017        roh          92306 reg. Kerzen      251/0/0 von 251  Tagen gewertet (1m/5m/15m)     5419 Signale  136 ms lesen  73703 ms rechnen
2026-09-10T17:12:29.180Z  TTE/2018        roh          94915 reg. Kerzen      251/0/0 von 251  Tagen gewertet (1m/5m/15m)     5784 Signale  143 ms lesen  78722 ms rechnen
2026-09-10T17:13:46.505Z  TTE/2019        roh          94737 reg. Kerzen      252/0/0 von 252  Tagen gewertet (1m/5m/15m)     5651 Signale  239 ms lesen  76824 ms rechnen
2026-09-10T17:15:13.084Z  TTE/2020        roh          97455 reg. Kerzen      253/0/0 von 253  Tagen gewertet (1m/5m/15m)     6592 Signale  132 ms lesen  86235 ms rechnen
2026-09-10T17:16:32.833Z  TTE/2021        roh          95762 reg. Kerzen      250/0/0 von 252  Tagen gewertet (1m/5m/15m)     5928 Signale  138 ms lesen  79348 ms rechnen
2026-09-10T17:23:41.132Z  TTE/2022        roh          95933 reg. Kerzen      249/0/0 von 251  Tagen gewertet (1m/5m/15m)     6371 Signale  361041 ms lesen  67007 ms rechnen
2026-09-10T17:36:47.966Z  TTE/2023        roh          94375 reg. Kerzen      250/0/0 von 250  Tagen gewertet (1m/5m/15m)     5735 Signale  706444 ms lesen  80210 ms rechnen
2026-09-10T17:38:05.115Z  TTE/2024        roh          93946 reg. Kerzen      252/0/0 von 252  Tagen gewertet (1m/5m/15m)     5519 Signale  114 ms lesen  76791 ms rechnen
2026-09-10T17:39:21.877Z  TTE/2025        roh          92935 reg. Kerzen      249/0/0 von 250  Tagen gewertet (1m/5m/15m)     5689 Signale  114 ms lesen  76391 ms rechnen
2026-09-10T17:40:13.906Z  TTE/2026        roh          61839 reg. Kerzen      166/0/0 von 166  Tagen gewertet (1m/5m/15m)     3852 Signale  131 ms lesen  51645 ms rechnen
2026-09-10T17:41:22.318Z  TTWO/2016       roh          93946 reg. Kerzen      232/0/0 von 252  Tagen gewertet (1m/5m/15m)     5867 Signale  115 ms lesen  68149 ms rechnen
2026-09-10T17:55:49.450Z  TTWO/2017       roh          93451 reg. Kerzen      249/0/0 von 251  Tagen gewertet (1m/5m/15m)     6263 Signale  795818 ms lesen  71140 ms rechnen
2026-09-10T18:01:41.806Z  TTWO/2018       roh          94945 reg. Kerzen      249/0/0 von 251  Tagen gewertet (1m/5m/15m)     6928 Signale  281897 ms lesen  70285 ms rechnen
2026-09-10T18:09:53.037Z  TTWO/2019       roh          95430 reg. Kerzen      252/0/0 von 252  Tagen gewertet (1m/5m/15m)     6494 Signale  411343 ms lesen  79711 ms rechnen
2026-09-10T18:11:19.017Z  TTWO/2020       roh          96248 reg. Kerzen      252/0/0 von 253  Tagen gewertet (1m/5m/15m)     6989 Signale  149 ms lesen  85547 ms rechnen
2026-09-10T18:12:39.794Z  TTWO/2021       roh          93772 reg. Kerzen      251/0/0 von 252  Tagen gewertet (1m/5m/15m)     6461 Signale  122 ms lesen  80401 ms rechnen
2026-09-10T18:14:05.638Z  TTWO/2022       roh          96254 reg. Kerzen      251/0/0 von 251  Tagen gewertet (1m/5m/15m)     7275 Signale  129 ms lesen  85482 ms rechnen
2026-09-10T18:15:24.284Z  TTWO/2023       roh          92542 reg. Kerzen      248/0/0 von 250  Tagen gewertet (1m/5m/15m)     6192 Signale  130 ms lesen  78292 ms rechnen
2026-09-10T18:16:36.251Z  TTWO/2024       roh          91226 reg. Kerzen      244/0/0 von 252  Tagen gewertet (1m/5m/15m)     5884 Signale  125 ms lesen  71593 ms rechnen
2026-09-10T18:17:47.243Z  TTWO/2025       roh          89280 reg. Kerzen      237/0/0 von 250  Tagen gewertet (1m/5m/15m)     5991 Signale  117 ms lesen  70655 ms rechnen
2026-09-10T18:18:40.181Z  TTWO/2026       roh          61355 reg. Kerzen      164/0/0 von 166  Tagen gewertet (1m/5m/15m)     4432 Signale  95 ms lesen  52633 ms rechnen
2026-09-10T18:19:21.514Z  TUP/2016        roh          81322 reg. Kerzen      145/0/0 von 252  Tagen gewertet (1m/5m/15m)     3688 Signale  109 ms lesen  41036 ms rechnen
2026-09-10T18:19:41.659Z  TUP/2017        roh          72595 reg. Kerzen       74/0/0 von 251  Tagen gewertet (1m/5m/15m)     1749 Signale  95 ms lesen  19828 ms rechnen
2026-09-10T18:20:35.038Z  TUP/2018        roh          81985 reg. Kerzen      186/0/0 von 251  Tagen gewertet (1m/5m/15m)     5103 Signale  102 ms lesen  53109 ms rechnen
2026-09-10T18:21:43.461Z  TUP/2019        roh          85992 reg. Kerzen      220/0/0 von 252  Tagen gewertet (1m/5m/15m)     6374 Signale  125 ms lesen  68111 ms rechnen
2026-09-10T18:23:06.906Z  TUP/2020        roh          93048 reg. Kerzen      232/0/0 von 253  Tagen gewertet (1m/5m/15m)     7524 Signale  131 ms lesen  83107 ms rechnen
2026-09-10T18:24:01.974Z  TUP/2021        roh          81911 reg. Kerzen      171/0/0 von 252  Tagen gewertet (1m/5m/15m)     5300 Signale  113 ms lesen  54663 ms rechnen
2026-09-10T18:24:57.449Z  TUP/2022        roh          84792 reg. Kerzen      166/0/0 von 250  Tagen gewertet (1m/5m/15m)     5260 Signale  116 ms lesen  55123 ms rechnen
2026-09-10T18:25:14.150Z  TUP/2023        roh          81341 reg. Kerzen       42/0/0 von 250  Tagen gewertet (1m/5m/15m)     1414 Signale  659 ms lesen  15792 ms rechnen
2026-09-10T18:25:14.738Z  TUP/2024        roh          41799 reg. Kerzen        0/0/0 von 178  Tagen gewertet (1m/5m/15m)        0 Signale  86 ms lesen  288 ms rechnen
2026-09-10T18:25:34.044Z  TW/2019         roh          56053 reg. Kerzen       65/0/0 von 188  Tagen gewertet (1m/5m/15m)     1939 Signale  86 ms lesen  19094 ms rechnen
2026-09-10T18:26:31.245Z  TW/2020         roh          83695 reg. Kerzen      186/0/0 von 253  Tagen gewertet (1m/5m/15m)     5414 Signale  108 ms lesen  56902 ms rechnen
2026-09-10T18:26:53.347Z  TW/2021         roh          70209 reg. Kerzen       80/0/0 von 252  Tagen gewertet (1m/5m/15m)     2092 Signale  102 ms lesen  21770 ms rechnen
2026-09-10T18:27:46.005Z  TW/2022         roh          83154 reg. Kerzen      184/0/0 von 251  Tagen gewertet (1m/5m/15m)     4928 Signale  101 ms lesen  52391 ms rechnen
2026-09-10T18:28:43.035Z  TW/2023         roh          83751 reg. Kerzen      201/0/0 von 250  Tagen gewertet (1m/5m/15m)     5093 Signale  119 ms lesen  56683 ms rechnen
2026-09-10T18:29:17.247Z  TW/2024         roh          77590 reg. Kerzen      123/0/0 von 252  Tagen gewertet (1m/5m/15m)     3047 Signale  184 ms lesen  33787 ms rechnen
2026-09-10T18:30:14.009Z  TW/2025         roh          83466 reg. Kerzen      198/0/0 von 250  Tagen gewertet (1m/5m/15m)     5018 Signale  112 ms lesen  56468 ms rechnen
2026-09-10T18:30:57.822Z  TW/2026         roh          57587 reg. Kerzen      145/0/0 von 166  Tagen gewertet (1m/5m/15m)     3867 Signale  79 ms lesen  43565 ms rechnen
2026-09-10T18:30:58.029Z  TWND/2020       roh           2471 reg. Kerzen        0/0/0 von 48   Tagen gewertet (1m/5m/15m)        0 Signale  12 ms lesen  17 ms rechnen
2026-09-10T18:30:58.217Z  TWND/2021       roh          24823 reg. Kerzen        0/0/0 von 252  Tagen gewertet (1m/5m/15m)        0 Signale  44 ms lesen  137 ms rechnen
2026-09-10T18:30:58.328Z  TWND/2022       roh           3300 reg. Kerzen        0/0/0 von 235  Tagen gewertet (1m/5m/15m)        0 Signale  14 ms lesen  19 ms rechnen
2026-09-10T18:30:58.362Z  TWND/2023       roh            997 reg. Kerzen        0/0/0 von 20   Tagen gewertet (1m/5m/15m)        0 Signale  15 ms lesen  9 ms rechnen
2026-09-10T18:31:25.105Z  TWOU/2016       bereinigt    76765 reg. Kerzen       93/0/0 von 252  Tagen gewertet (1m/5m/15m)     2723 Signale  173 ms lesen  26554 ms rechnen
2026-09-10T18:31:38.940Z  TWOU/2017       bereinigt    67807 reg. Kerzen       47/0/0 von 251  Tagen gewertet (1m/5m/15m)     1335 Signale  133 ms lesen  13508 ms rechnen
2026-09-10T18:32:14.623Z  TWOU/2018       bereinigt    76199 reg. Kerzen      118/0/0 von 251  Tagen gewertet (1m/5m/15m)     3489 Signale  130 ms lesen  35391 ms rechnen
2026-09-10T18:33:21.923Z  TWOU/2019       bereinigt    87504 reg. Kerzen      212/0/0 von 252  Tagen gewertet (1m/5m/15m)     6166 Signale  151 ms lesen  66917 ms rechnen
2026-09-10T18:34:49.450Z  TWOU/2020       bereinigt    93764 reg. Kerzen      252/0/0 von 253  Tagen gewertet (1m/5m/15m)     7982 Signale  140 ms lesen  87143 ms rechnen
2026-09-10T18:36:08.997Z  TWOU/2021       bereinigt    90722 reg. Kerzen      237/0/0 von 252  Tagen gewertet (1m/5m/15m)     7182 Signale  158 ms lesen  79129 ms rechnen
2026-09-10T18:37:27.604Z  TWOU/2022       bereinigt    91084 reg. Kerzen      219/0/0 von 251  Tagen gewertet (1m/5m/15m)     7079 Signale  190 ms lesen  78173 ms rechnen
2026-09-10T18:37:47.041Z  TWOU/2023       bereinigt    84959 reg. Kerzen       56/0/0 von 250  Tagen gewertet (1m/5m/15m)     1807 Signale  235 ms lesen  18946 ms rechnen
2026-09-10T18:37:47.759Z  TWOU/2024       bereinigt    44201 reg. Kerzen        0/0/0 von 150  Tagen gewertet (1m/5m/15m)        0 Signale  89 ms lesen  405 ms rechnen
2026-09-10T18:38:36.777Z  TXNM/2016       roh          83895 reg. Kerzen      172/0/0 von 252  Tagen gewertet (1m/5m/15m)     3980 Signale  108 ms lesen  48769 ms rechnen
2026-09-10T18:38:56.849Z  TXNM/2017       roh          72838 reg. Kerzen       72/0/0 von 251  Tagen gewertet (1m/5m/15m)     1629 Signale  87 ms lesen  19757 ms rechnen
2026-09-10T18:39:21.291Z  TXNM/2018       roh          72378 reg. Kerzen       86/0/0 von 251  Tagen gewertet (1m/5m/15m)     2148 Signale  102 ms lesen  24136 ms rechnen
2026-09-10T18:39:37.322Z  TXNM/2019       roh          71035 reg. Kerzen       63/0/0 von 252  Tagen gewertet (1m/5m/15m)     1447 Signale  81 ms lesen  15730 ms rechnen
2026-09-10T18:40:22.788Z  TXNM/2020       roh          81378 reg. Kerzen      156/0/0 von 253  Tagen gewertet (1m/5m/15m)     3899 Signale  111 ms lesen  45146 ms rechnen
2026-09-10T18:40:52.333Z  TXNM/2021       roh          73409 reg. Kerzen      105/0/0 von 252  Tagen gewertet (1m/5m/15m)     1961 Signale  671 ms lesen  28629 ms rechnen
2026-09-10T18:41:10.109Z  TXNM/2022       roh          69792 reg. Kerzen       67/0/0 von 251  Tagen gewertet (1m/5m/15m)     1541 Signale  101 ms lesen  17438 ms rechnen
2026-09-10T18:41:25.615Z  TXNM/2023       roh          68022 reg. Kerzen       60/0/0 von 250  Tagen gewertet (1m/5m/15m)     1152 Signale  75 ms lesen  15215 ms rechnen
2026-09-10T18:41:56.315Z  TXNM/2024       roh          75870 reg. Kerzen      113/0/0 von 252  Tagen gewertet (1m/5m/15m)     2704 Signale  86 ms lesen  30413 ms rechnen
2026-09-10T18:42:27.933Z  TXNM/2025       roh          76808 reg. Kerzen      113/0/0 von 250  Tagen gewertet (1m/5m/15m)     2481 Signale  88 ms lesen  31344 ms rechnen
2026-09-10T18:42:49.751Z  TXNM/2026       roh          50769 reg. Kerzen       80/0/0 von 166  Tagen gewertet (1m/5m/15m)     1539 Signale  83 ms lesen  21552 ms rechnen
2026-09-10T18:42:58.703Z  TYL/2016        roh          65718 reg. Kerzen       32/0/0 von 252  Tagen gewertet (1m/5m/15m)      851 Signale  97 ms lesen  8716 ms rechnen
2026-09-10T18:43:00.039Z  TYL/2017        roh          49948 reg. Kerzen        3/0/0 von 251  Tagen gewertet (1m/5m/15m)       91 Signale  81 ms lesen  1102 ms rechnen
2026-09-10T18:43:02.538Z  TYL/2018        roh          52204 reg. Kerzen        7/0/0 von 251  Tagen gewertet (1m/5m/15m)      191 Signale  82 ms lesen  2286 ms rechnen
2026-09-10T18:43:05.812Z  TYL/2019        roh          55997 reg. Kerzen       10/0/0 von 252  Tagen gewertet (1m/5m/15m)      249 Signale  76 ms lesen  3052 ms rechnen
2026-09-10T18:43:13.080Z  TYL/2020        roh          61647 reg. Kerzen       25/0/0 von 253  Tagen gewertet (1m/5m/15m)      699 Signale  82 ms lesen  7036 ms rechnen
2026-09-10T18:43:14.481Z  TYL/2021        roh          45581 reg. Kerzen        3/0/0 von 252  Tagen gewertet (1m/5m/15m)       82 Signale  66 ms lesen  1155 ms rechnen
2026-09-10T18:43:15.425Z  TYL/2022        roh          48604 reg. Kerzen        2/0/0 von 251  Tagen gewertet (1m/5m/15m)       44 Signale  78 ms lesen  741 ms rechnen
2026-09-10T18:43:16.962Z  TYL/2023        roh          46696 reg. Kerzen        4/0/0 von 250  Tagen gewertet (1m/5m/15m)      105 Signale  68 ms lesen  1330 ms rechnen
2026-09-10T18:43:17.356Z  TYL/2024        roh          36858 reg. Kerzen        0/0/0 von 252  Tagen gewertet (1m/5m/15m)        0 Signale  64 ms lesen  213 ms rechnen
2026-09-10T18:43:22.191Z  TYL/2025        roh          45147 reg. Kerzen       17/0/0 von 250  Tagen gewertet (1m/5m/15m)      454 Signale  66 ms lesen  4672 ms rechnen
2026-09-10T18:44:08.169Z  TYL/2026        roh          58047 reg. Kerzen      144/0/0 von 166  Tagen gewertet (1m/5m/15m)     4092 Signale  90 ms lesen  45735 ms rechnen
2026-09-10T18:44:58.189Z  UAA/2016        roh          67879 reg. Kerzen      159/0/0 von 186  Tagen gewertet (1m/5m/15m)     4081 Signale  87 ms lesen  49794 ms rechnen
2026-09-10T18:46:23.491Z  UAA/2017        roh          97324 reg. Kerzen      251/0/0 von 251  Tagen gewertet (1m/5m/15m)     7059 Signale  117 ms lesen  85024 ms rechnen
2026-09-10T18:47:50.716Z  UAA/2018        roh          97172 reg. Kerzen      251/0/0 von 251  Tagen gewertet (1m/5m/15m)     7287 Signale  133 ms lesen  86825 ms rechnen
2026-09-10T18:49:16.382Z  UAA/2019        roh          97515 reg. Kerzen      252/0/0 von 252  Tagen gewertet (1m/5m/15m)     6725 Signale  117 ms lesen  85301 ms rechnen
2026-09-10T18:50:49.278Z  UAA/2020        roh          98150 reg. Kerzen      253/0/0 von 253  Tagen gewertet (1m/5m/15m)     7782 Signale  169 ms lesen  92473 ms rechnen
2026-09-10T18:52:17.507Z  UAA/2021        roh          97124 reg. Kerzen      250/0/0 von 252  Tagen gewertet (1m/5m/15m)     7083 Signale  134 ms lesen  87843 ms rechnen
2026-09-10T18:53:49.215Z  UAA/2022        roh          96823 reg. Kerzen      249/0/0 von 251  Tagen gewertet (1m/5m/15m)     7364 Signale  150 ms lesen  91343 ms rechnen
2026-09-10T18:55:20.055Z  UAA/2023        roh          96928 reg. Kerzen      250/0/0 von 250  Tagen gewertet (1m/5m/15m)     7131 Signale  131 ms lesen  90415 ms rechnen
2026-09-10T18:56:51.242Z  UAA/2024        roh          97543 reg. Kerzen      252/0/0 von 252  Tagen gewertet (1m/5m/15m)     7256 Signale  138 ms lesen  90783 ms rechnen
2026-09-10T18:58:23.255Z  UAA/2025        roh          96694 reg. Kerzen      250/0/0 von 250  Tagen gewertet (1m/5m/15m)     7348 Signale  134 ms lesen  91583 ms rechnen
2026-09-10T18:59:25.550Z  UAA/2026        roh          64425 reg. Kerzen      166/0/0 von 166  Tagen gewertet (1m/5m/15m)     5041 Signale  650 ms lesen  61391 ms rechnen
2026-09-10T18:59:25.727Z  UBOH/2016       roh           1173 reg. Kerzen        0/0/0 von 229  Tagen gewertet (1m/5m/15m)        0 Signale  17 ms lesen  9 ms rechnen
2026-09-10T18:59:25.751Z  UBOH/2017       roh           1013 reg. Kerzen        0/0/0 von 188  Tagen gewertet (1m/5m/15m)        0 Signale  13 ms lesen  8 ms rechnen
2026-09-10T18:59:25.776Z  UBOH/2018       roh            862 reg. Kerzen        0/0/0 von 201  Tagen gewertet (1m/5m/15m)        0 Signale  14 ms lesen  8 ms rechnen
2026-09-10T18:59:25.807Z  UBOH/2019       roh           1081 reg. Kerzen        0/0/0 von 216  Tagen gewertet (1m/5m/15m)        0 Signale  18 ms lesen  10 ms rechnen
2026-09-10T18:59:25.836Z  UBOH/2020       roh           1192 reg. Kerzen        0/0/0 von 215  Tagen gewertet (1m/5m/15m)        0 Signale  13 ms lesen  11 ms rechnen
2026-09-10T18:59:25.863Z  UBOH/2021       roh           1753 reg. Kerzen        0/0/0 von 225  Tagen gewertet (1m/5m/15m)        0 Signale  12 ms lesen  10 ms rechnen
2026-09-10T18:59:25.887Z  UBOH/2022       roh           1027 reg. Kerzen        0/0/0 von 144  Tagen gewertet (1m/5m/15m)        0 Signale  10 ms lesen  10 ms rechnen
2026-09-10T18:59:25.926Z  UCBA/2016       roh           1029 reg. Kerzen        0/0/0 von 189  Tagen gewertet (1m/5m/15m)        0 Signale  8 ms lesen  10 ms rechnen
2026-09-10T18:59:25.961Z  UCBA/2017       roh           1505 reg. Kerzen        0/0/0 von 217  Tagen gewertet (1m/5m/15m)        0 Signale  17 ms lesen  13 ms rechnen
2026-09-10T18:59:25.995Z  UCBA/2018       roh           2334 reg. Kerzen        0/0/0 von 167  Tagen gewertet (1m/5m/15m)        0 Signale  10 ms lesen  19 ms rechnen
2026-09-10T18:59:56.604Z  UE/2016         roh          77022 reg. Kerzen      111/0/0 von 252  Tagen gewertet (1m/5m/15m)     2570 Signale  99 ms lesen  30496 ms rechnen
2026-09-10T19:00:29.833Z  UE/2017         roh          76822 reg. Kerzen      122/0/0 von 251  Tagen gewertet (1m/5m/15m)     2906 Signale  112 ms lesen  32897 ms rechnen
2026-09-10T19:01:21.234Z  UE/2018         roh          82282 reg. Kerzen      179/0/0 von 251  Tagen gewertet (1m/5m/15m)     4317 Signale  98 ms lesen  51119 ms rechnen
2026-09-10T19:02:11.137Z  UE/2019         roh          82145 reg. Kerzen      178/0/0 von 252  Tagen gewertet (1m/5m/15m)     4164 Signale  97 ms lesen  49600 ms rechnen
2026-09-10T19:03:14.370Z  UE/2020         roh          85491 reg. Kerzen      193/0/0 von 253  Tagen gewertet (1m/5m/15m)     5690 Signale  230 ms lesen  62771 ms rechnen
2026-09-10T19:03:59.356Z  UE/2021         roh          79395 reg. Kerzen      155/0/0 von 252  Tagen gewertet (1m/5m/15m)     4080 Signale  172 ms lesen  44624 ms rechnen
2026-09-10T19:05:04.700Z  UE/2022         roh          85955 reg. Kerzen      217/0/0 von 251  Tagen gewertet (1m/5m/15m)     5750 Signale  120 ms lesen  65014 ms rechnen
2026-09-10T19:06:11.092Z  UE/2023         roh          85758 reg. Kerzen      225/0/0 von 250  Tagen gewertet (1m/5m/15m)     5536 Signale  658 ms lesen  65524 ms rechnen
2026-09-10T19:06:51.788Z  UE/2024         roh          79608 reg. Kerzen      143/0/0 von 252  Tagen gewertet (1m/5m/15m)     3330 Signale  103 ms lesen  40344 ms rechnen
2026-09-10T19:07:22.021Z  UE/2025         roh          75498 reg. Kerzen      108/0/0 von 250  Tagen gewertet (1m/5m/15m)     2624 Signale  109 ms lesen  29892 ms rechnen
2026-09-10T19:07:40.070Z  UE/2026         roh          49768 reg. Kerzen       66/0/0 von 166  Tagen gewertet (1m/5m/15m)     1565 Signale  66 ms lesen  17769 ms rechnen
2026-09-10T19:07:40.243Z  UHAL.B/2022     roh           2164 reg. Kerzen        0/0/0 von 9    Tagen gewertet (1m/5m/15m)        0 Signale  16 ms lesen  16 ms rechnen
2026-09-10T19:07:41.466Z  UHAL.B/2023     roh          47488 reg. Kerzen        3/0/0 von 250  Tagen gewertet (1m/5m/15m)       90 Signale  68 ms lesen  1147 ms rechnen
2026-09-10T19:07:41.903Z  UHAL.B/2024     roh          41069 reg. Kerzen        0/0/0 von 252  Tagen gewertet (1m/5m/15m)        0 Signale  63 ms lesen  247 ms rechnen
2026-09-10T19:07:44.818Z  UHAL.B/2025     roh          50315 reg. Kerzen        9/0/0 von 250  Tagen gewertet (1m/5m/15m)      235 Signale  75 ms lesen  2742 ms rechnen
2026-09-10T19:07:46.834Z  UHAL.B/2026     roh          37713 reg. Kerzen        6/0/0 von 166  Tagen gewertet (1m/5m/15m)      178 Signale  72 ms lesen  1815 ms rechnen
2026-09-10T19:08:50.705Z  ULTA/2016       roh          88762 reg. Kerzen      214/0/0 von 252  Tagen gewertet (1m/5m/15m)     5090 Signale  107 ms lesen  63667 ms rechnen
2026-09-10T19:09:48.298Z  ULTA/2017       roh          85429 reg. Kerzen      198/0/0 von 251  Tagen gewertet (1m/5m/15m)     4907 Signale  117 ms lesen  57274 ms rechnen
2026-09-10T19:11:00.509Z  ULTA/2018       roh          88012 reg. Kerzen      238/0/0 von 251  Tagen gewertet (1m/5m/15m)     6339 Signale  148 ms lesen  71841 ms rechnen
2026-09-10T19:12:11.151Z  ULTA/2019       roh          88989 reg. Kerzen      236/0/0 von 252  Tagen gewertet (1m/5m/15m)     6035 Signale  122 ms lesen  70271 ms rechnen
2026-09-10T19:13:35.753Z  ULTA/2020       roh          93448 reg. Kerzen      253/0/0 von 253  Tagen gewertet (1m/5m/15m)     7332 Signale  119 ms lesen  84250 ms rechnen
2026-09-10T19:14:32.653Z  ULTA/2021       roh          83694 reg. Kerzen      195/0/0 von 252  Tagen gewertet (1m/5m/15m)     5217 Signale  771 ms lesen  55875 ms rechnen
2026-09-10T19:15:39.961Z  ULTA/2022       roh          86630 reg. Kerzen      217/0/0 von 251  Tagen gewertet (1m/5m/15m)     5978 Signale  127 ms lesen  66963 ms rechnen
2026-09-10T19:16:30.513Z  ULTA/2023       roh          81885 reg. Kerzen      182/0/0 von 250  Tagen gewertet (1m/5m/15m)     4421 Signale  149 ms lesen  50170 ms rechnen
2026-09-10T19:17:28.662Z  ULTA/2024       roh          83872 reg. Kerzen      198/0/0 von 252  Tagen gewertet (1m/5m/15m)     4996 Signale  112 ms lesen  57809 ms rechnen
2026-09-10T19:18:06.453Z  ULTA/2025       roh          76007 reg. Kerzen      125/0/0 von 250  Tagen gewertet (1m/5m/15m)     3418 Signale  112 ms lesen  37455 ms rechnen
2026-09-10T19:18:54.808Z  ULTA/2026       roh          58640 reg. Kerzen      157/0/0 von 166  Tagen gewertet (1m/5m/15m)     4208 Signale  83 ms lesen  48045 ms rechnen
2026-09-10T19:18:55.232Z  UNF/2016        roh          36727 reg. Kerzen        0/0/0 von 252  Tagen gewertet (1m/5m/15m)        0 Signale  50 ms lesen  213 ms rechnen
2026-09-10T19:18:55.499Z  UNF/2017        roh          24260 reg. Kerzen        0/0/0 von 251  Tagen gewertet (1m/5m/15m)        0 Signale  41 ms lesen  132 ms rechnen
2026-09-10T19:18:55.752Z  UNF/2018        roh          23406 reg. Kerzen        0/0/0 von 251  Tagen gewertet (1m/5m/15m)        0 Signale  36 ms lesen  144 ms rechnen
2026-09-10T19:18:56.075Z  UNF/2019        roh          34259 reg. Kerzen        0/0/0 von 252  Tagen gewertet (1m/5m/15m)        0 Signale  58 ms lesen  203 ms rechnen
2026-09-10T19:18:56.341Z  UNF/2020        roh          28117 reg. Kerzen        0/0/0 von 253  Tagen gewertet (1m/5m/15m)        0 Signale  45 ms lesen  148 ms rechnen
2026-09-10T19:18:56.551Z  UNF/2021        roh          18614 reg. Kerzen        0/0/0 von 252  Tagen gewertet (1m/5m/15m)        0 Signale  43 ms lesen  101 ms rechnen
2026-09-10T19:18:56.749Z  UNF/2022        roh          21467 reg. Kerzen        0/0/0 von 251  Tagen gewertet (1m/5m/15m)        0 Signale  45 ms lesen  111 ms rechnen
2026-09-10T19:18:56.948Z  UNF/2023        roh          17445 reg. Kerzen        0/0/0 von 250  Tagen gewertet (1m/5m/15m)        0 Signale  34 ms lesen  102 ms rechnen
2026-09-10T19:18:57.150Z  UNF/2024        roh          18898 reg. Kerzen        0/0/0 von 252  Tagen gewertet (1m/5m/15m)        0 Signale  43 ms lesen  108 ms rechnen
2026-09-10T19:18:57.932Z  UNF/2025        roh          24051 reg. Kerzen        2/0/0 von 250  Tagen gewertet (1m/5m/15m)       53 Signale  41 ms lesen  685 ms rechnen
2026-09-10T19:19:01.030Z  UNF/2026        roh          31903 reg. Kerzen       10/0/0 von 166  Tagen gewertet (1m/5m/15m)      256 Signale  51 ms lesen  2972 ms rechnen
2026-09-10T19:19:14.974Z  UNVR/2016       roh          68750 reg. Kerzen       47/0/0 von 252  Tagen gewertet (1m/5m/15m)     1233 Signale  78 ms lesen  13786 ms rechnen
2026-09-10T19:20:03.985Z  UNVR/2017       roh          81915 reg. Kerzen      172/0/0 von 251  Tagen gewertet (1m/5m/15m)     4195 Signale  105 ms lesen  48694 ms rechnen
2026-09-10T19:20:59.360Z  UNVR/2018       roh          83477 reg. Kerzen      182/0/0 von 251  Tagen gewertet (1m/5m/15m)     4841 Signale  110 ms lesen  55058 ms rechnen
2026-09-10T19:22:17.232Z  UNVR/2019       roh          90835 reg. Kerzen      249/0/0 von 252  Tagen gewertet (1m/5m/15m)     6441 Signale  129 ms lesen  77504 ms rechnen
2026-09-10T19:23:41.355Z  UNVR/2020       roh          93563 reg. Kerzen      247/0/0 von 253  Tagen gewertet (1m/5m/15m)     7020 Signale  124 ms lesen  83753 ms rechnen
2026-09-10T19:24:34.125Z  UNVR/2021       roh          82149 reg. Kerzen      180/0/0 von 252  Tagen gewertet (1m/5m/15m)     4624 Signale  115 ms lesen  52364 ms rechnen
2026-09-10T19:25:52.879Z  UNVR/2022       roh          91119 reg. Kerzen      245/0/0 von 251  Tagen gewertet (1m/5m/15m)     6713 Signale  113 ms lesen  78441 ms rechnen
2026-09-10T19:26:33.895Z  UNVR/2023       roh          50719 reg. Kerzen      130/0/0 von 144  Tagen gewertet (1m/5m/15m)     2502 Signale  68 ms lesen  40695 ms rechnen
2026-09-10T19:26:34.078Z  UPTD/2021       roh            206 reg. Kerzen        0/0/0 von 46   Tagen gewertet (1m/5m/15m)        0 Signale  13 ms lesen  2 ms rechnen
2026-09-10T19:26:34.094Z  UPTD/2022       roh            259 reg. Kerzen        0/0/0 von 99   Tagen gewertet (1m/5m/15m)        0 Signale  12 ms lesen  3 ms rechnen
2026-09-10T19:26:34.144Z  UPTD/2023       roh           5160 reg. Kerzen        0/0/0 von 109  Tagen gewertet (1m/5m/15m)        0 Signale  16 ms lesen  32 ms rechnen
2026-09-10T19:26:34.245Z  USAP/2016       roh          11058 reg. Kerzen        0/0/0 von 252  Tagen gewertet (1m/5m/15m)        0 Signale  22 ms lesen  62 ms rechnen
2026-09-10T19:26:34.367Z  USAP/2017       roh           8524 reg. Kerzen        0/0/0 von 251  Tagen gewertet (1m/5m/15m)        0 Signale  28 ms lesen  58 ms rechnen
2026-09-10T19:26:34.548Z  USAP/2018       roh          21983 reg. Kerzen        0/0/0 von 250  Tagen gewertet (1m/5m/15m)        0 Signale  32 ms lesen  121 ms rechnen
2026-09-10T19:26:34.706Z  USAP/2019       roh          14331 reg. Kerzen        0/0/0 von 252  Tagen gewertet (1m/5m/15m)        0 Signale  33 ms lesen  62 ms rechnen
2026-09-10T19:26:34.814Z  USAP/2020       roh           9272 reg. Kerzen        0/0/0 von 253  Tagen gewertet (1m/5m/15m)        0 Signale  24 ms lesen  45 ms rechnen
2026-09-10T19:26:34.940Z  USAP/2021       roh          10736 reg. Kerzen        0/0/0 von 252  Tagen gewertet (1m/5m/15m)        0 Signale  29 ms lesen  69 ms rechnen
2026-09-10T19:26:35.026Z  USAP/2022       roh           6196 reg. Kerzen        0/0/0 von 251  Tagen gewertet (1m/5m/15m)        0 Signale  16 ms lesen  46 ms rechnen
2026-09-10T19:26:35.131Z  USAP/2023       roh          12199 reg. Kerzen        0/0/0 von 250  Tagen gewertet (1m/5m/15m)        0 Signale  30 ms lesen  54 ms rechnen
2026-09-10T19:26:35.476Z  USAP/2024       roh          35181 reg. Kerzen        0/0/0 von 252  Tagen gewertet (1m/5m/15m)        0 Signale  107 ms lesen  207 ms rechnen
2026-09-10T19:26:35.613Z  USAP/2025       roh           1968 reg. Kerzen        0/0/0 von 13   Tagen gewertet (1m/5m/15m)        0 Signale  12 ms lesen  22 ms rechnen
2026-09-10T19:26:55.830Z  USFD/2016       roh          48334 reg. Kerzen       71/0/0 von 152  Tagen gewertet (1m/5m/15m)     1889 Signale  65 ms lesen  20144 ms rechnen
2026-09-10T19:28:03.444Z  USFD/2017       roh          89635 reg. Kerzen      222/0/0 von 251  Tagen gewertet (1m/5m/15m)     5259 Signale  109 ms lesen  67373 ms rechnen
2026-09-10T19:28:05.499Z  CHECKPOINT 5200 Dateien, 1658 min, Detektorfehler {}
2026-09-10T19:29:25.119Z  USFD/2018       roh          94049 reg. Kerzen      251/0/0 von 251  Tagen gewertet (1m/5m/15m)     6242 Signale  123 ms lesen  79496 ms rechnen
2026-09-10T19:30:40.668Z  USFD/2019       roh          91762 reg. Kerzen      246/0/0 von 252  Tagen gewertet (1m/5m/15m)     5715 Signale  146 ms lesen  75186 ms rechnen
2026-09-10T19:32:10.468Z  USFD/2020       roh          96126 reg. Kerzen      250/0/0 von 253  Tagen gewertet (1m/5m/15m)     7434 Signale  111 ms lesen  89433 ms rechnen
2026-09-10T19:33:33.769Z  USFD/2021       roh          93557 reg. Kerzen      249/0/0 von 252  Tagen gewertet (1m/5m/15m)     6970 Signale  119 ms lesen  82940 ms rechnen
2026-09-10T19:34:57.944Z  USFD/2022       roh          93651 reg. Kerzen      249/0/0 von 251  Tagen gewertet (1m/5m/15m)     6931 Signale  125 ms lesen  83826 ms rechnen
2026-09-10T19:36:17.208Z  USFD/2023       roh          93737 reg. Kerzen      250/0/0 von 250  Tagen gewertet (1m/5m/15m)     6030 Signale  129 ms lesen  78865 ms rechnen
2026-09-10T19:37:33.574Z  USFD/2024       roh          93033 reg. Kerzen      250/0/0 von 252  Tagen gewertet (1m/5m/15m)     5938 Signale  139 ms lesen  75983 ms rechnen
2026-09-10T19:38:52.133Z  USFD/2025       roh          92413 reg. Kerzen      250/0/0 von 250  Tagen gewertet (1m/5m/15m)     5965 Signale  115 ms lesen  78207 ms rechnen
2026-09-10T19:39:46.284Z  USFD/2026       roh          62017 reg. Kerzen      166/0/0 von 166  Tagen gewertet (1m/5m/15m)     4297 Signale  106 ms lesen  53753 ms rechnen
2026-09-10T19:39:46.521Z  UTRS/2021       bereinigt     7516 reg. Kerzen        0/0/0 von 49   Tagen gewertet (1m/5m/15m)        0 Signale  22 ms lesen  33 ms rechnen
2026-09-10T19:39:46.682Z  UTRS/2022       bereinigt    13737 reg. Kerzen        0/0/0 von 251  Tagen gewertet (1m/5m/15m)        0 Signale  39 ms lesen  95 ms rechnen
2026-09-10T19:39:46.923Z  UTRS/2023       bereinigt    21086 reg. Kerzen        0/0/0 von 249  Tagen gewertet (1m/5m/15m)        0 Signale  58 ms lesen  147 ms rechnen
2026-09-10T19:39:46.975Z  AUSGELASSEN UTRS/2024: Datei fehlt
2026-09-10T19:39:47.046Z  AUSGELASSEN UTRS/2025: Datei fehlt
2026-09-10T19:40:19.737Z  VA/2016         roh          73862 reg. Kerzen      108/0/0 von 240  Tagen gewertet (1m/5m/15m)     2481 Signale  94 ms lesen  32595 ms rechnen
2026-09-10T19:40:20.006Z  VAPO/2018       bereinigt     3850 reg. Kerzen        0/0/0 von 31   Tagen gewertet (1m/5m/15m)        0 Signale  20 ms lesen  27 ms rechnen
2026-09-10T19:40:20.235Z  VAPO/2019       bereinigt    27096 reg. Kerzen        0/0/0 von 252  Tagen gewertet (1m/5m/15m)        0 Signale  52 ms lesen  163 ms rechnen
2026-09-10T19:40:44.929Z  VAPO/2020       bereinigt    66527 reg. Kerzen       73/0/0 von 253  Tagen gewertet (1m/5m/15m)     2290 Signale  101 ms lesen  24503 ms rechnen
2026-09-10T19:40:48.071Z  VAPO/2021       bereinigt    49830 reg. Kerzen        8/0/0 von 252  Tagen gewertet (1m/5m/15m)      234 Signale  84 ms lesen  2841 ms rechnen
2026-09-10T19:40:48.582Z  VAPO/2022       bereinigt    46435 reg. Kerzen        0/0/0 von 250  Tagen gewertet (1m/5m/15m)        0 Signale  66 ms lesen  295 ms rechnen
2026-09-10T19:40:48.873Z  VAPO/2023       bereinigt    20082 reg. Kerzen        0/0/0 von 240  Tagen gewertet (1m/5m/15m)        0 Signale  40 ms lesen  127 ms rechnen
2026-09-10T19:40:48.926Z  AUSGELASSEN VAPO/2024: Datei fehlt
2026-09-10T19:40:49.156Z  VBLT/2016       bereinigt    27343 reg. Kerzen        0/0/0 von 252  Tagen gewertet (1m/5m/15m)        0 Signale  66 ms lesen  154 ms rechnen
2026-09-10T19:40:49.435Z  VBLT/2017       bereinigt    26667 reg. Kerzen        0/0/0 von 251  Tagen gewertet (1m/5m/15m)        0 Signale  51 ms lesen  164 ms rechnen
2026-09-10T19:40:49.677Z  VBLT/2018       bereinigt    23001 reg. Kerzen        0/0/0 von 251  Tagen gewertet (1m/5m/15m)        0 Signale  50 ms lesen  134 ms rechnen
2026-09-10T19:40:49.827Z  VBLT/2019       bereinigt     8824 reg. Kerzen        0/0/0 von 252  Tagen gewertet (1m/5m/15m)        0 Signale  22 ms lesen  71 ms rechnen
2026-09-10T19:40:50.067Z  VBLT/2020       bereinigt    26351 reg. Kerzen        0/0/0 von 253  Tagen gewertet (1m/5m/15m)        0 Signale  59 ms lesen  156 ms rechnen
2026-09-10T19:40:50.442Z  VBLT/2021       bereinigt    37598 reg. Kerzen        0/0/0 von 252  Tagen gewertet (1m/5m/15m)        0 Signale  94 ms lesen  227 ms rechnen
2026-09-10T19:40:50.883Z  VBLT/2022       bereinigt    36808 reg. Kerzen        0/0/0 von 251  Tagen gewertet (1m/5m/15m)        0 Signale  90 ms lesen  248 ms rechnen
2026-09-10T19:40:51.230Z  VBLT/2023       bereinigt    30639 reg. Kerzen        0/0/0 von 198  Tagen gewertet (1m/5m/15m)        0 Signale  81 ms lesen  180 ms rechnen
2026-09-10T19:40:51.357Z  VCO/2016        roh           2102 reg. Kerzen        0/0/0 von 238  Tagen gewertet (1m/5m/15m)        0 Signale  17 ms lesen  11 ms rechnen
2026-09-10T19:40:51.394Z  VCO/2017        roh           1925 reg. Kerzen        0/0/0 von 241  Tagen gewertet (1m/5m/15m)        0 Signale  14 ms lesen  18 ms rechnen
2026-09-10T19:40:51.419Z  VCO/2018        roh           1712 reg. Kerzen        0/0/0 von 130  Tagen gewertet (1m/5m/15m)        0 Signale  8 ms lesen  10 ms rechnen
2026-09-10T19:40:57.861Z  VDSI/2016       roh          66647 reg. Kerzen       19/0/0 von 252  Tagen gewertet (1m/5m/15m)      578 Signale  100 ms lesen  6336 ms rechnen
2026-09-10T19:40:58.376Z  VDSI/2017       roh          45872 reg. Kerzen        0/0/0 von 251  Tagen gewertet (1m/5m/15m)        0 Signale  71 ms lesen  259 ms rechnen
2026-09-10T19:40:58.954Z  VDSI/2018       roh          19526 reg. Kerzen        1/0/0 von 105  Tagen gewertet (1m/5m/15m)       34 Signale  29 ms lesen  437 ms rechnen
2026-09-10T19:41:00.557Z  VEI/2021        roh          36307 reg. Kerzen        4/0/0 von 159  Tagen gewertet (1m/5m/15m)      116 Signale  59 ms lesen  1484 ms rechnen
2026-09-10T19:41:00.690Z  VERY/2019       roh            474 reg. Kerzen        0/0/0 von 74   Tagen gewertet (1m/5m/15m)        0 Signale  14 ms lesen  5 ms rechnen
2026-09-10T19:41:00.719Z  VERY/2020       roh           1426 reg. Kerzen        0/0/0 von 206  Tagen gewertet (1m/5m/15m)        0 Signale  14 ms lesen  13 ms rechnen
2026-09-10T19:41:00.769Z  VERY/2021       roh           3854 reg. Kerzen        0/0/0 von 244  Tagen gewertet (1m/5m/15m)        0 Signale  17 ms lesen  30 ms rechnen
2026-09-10T19:41:00.810Z  VERY/2022       roh            821 reg. Kerzen        0/0/0 von 172  Tagen gewertet (1m/5m/15m)        0 Signale  18 ms lesen  8 ms rechnen
2026-09-10T19:41:00.843Z  VERY/2023       roh           1477 reg. Kerzen        0/0/0 von 212  Tagen gewertet (1m/5m/15m)        0 Signale  16 ms lesen  13 ms rechnen
2026-09-10T19:41:00.862Z  VERY/2024       roh            616 reg. Kerzen        0/0/0 von 115  Tagen gewertet (1m/5m/15m)        0 Signale  9 ms lesen  5 ms rechnen
2026-09-10T19:41:01.384Z  VHAI/2024       roh          45861 reg. Kerzen        0/0/0 von 139  Tagen gewertet (1m/5m/15m)        0 Signale  118 ms lesen  400 ms rechnen
2026-09-10T19:41:01.531Z  AUSGELASSEN VHAI/2025: Datei fehlt
2026-09-10T19:41:01.598Z  VIE/2019        roh           8425 reg. Kerzen        0/0/0 von 62   Tagen gewertet (1m/5m/15m)        0 Signale  23 ms lesen  43 ms rechnen
2026-09-10T19:41:05.827Z  VIE/2020        roh          43880 reg. Kerzen       12/0/0 von 253  Tagen gewertet (1m/5m/15m)      375 Signale  61 ms lesen  4147 ms rechnen
2026-09-10T19:41:09.739Z  VIE/2021        roh          12304 reg. Kerzen       12/0/0 von 48   Tagen gewertet (1m/5m/15m)      191 Signale  26 ms lesen  3765 ms rechnen
2026-09-10T19:42:38.644Z  VIPS/2016       roh          97444 reg. Kerzen      232/0/0 von 252  Tagen gewertet (1m/5m/15m)     6977 Signale  142 ms lesen  88717 ms rechnen
2026-09-10T19:44:06.768Z  VIPS/2017       roh          96403 reg. Kerzen      251/0/0 von 251  Tagen gewertet (1m/5m/15m)     6979 Signale  116 ms lesen  87727 ms rechnen
2026-09-10T19:45:38.327Z  VIPS/2018       roh          96681 reg. Kerzen      251/0/0 von 251  Tagen gewertet (1m/5m/15m)     7598 Signale  134 ms lesen  91175 ms rechnen
2026-09-10T19:47:08.922Z  VIPS/2019       roh          96927 reg. Kerzen      252/0/0 von 252  Tagen gewertet (1m/5m/15m)     7392 Signale  126 ms lesen  90162 ms rechnen
2026-09-10T19:48:40.252Z  VIPS/2020       roh          97986 reg. Kerzen      253/0/0 von 253  Tagen gewertet (1m/5m/15m)     7582 Signale  127 ms lesen  90934 ms rechnen
2026-09-10T19:50:13.433Z  VIPS/2021       roh          97080 reg. Kerzen      250/0/0 von 252  Tagen gewertet (1m/5m/15m)     7642 Signale  129 ms lesen  92792 ms rechnen
2026-09-10T19:51:47.879Z  VIPS/2022       roh          96346 reg. Kerzen      249/0/0 von 251  Tagen gewertet (1m/5m/15m)     7706 Signale  131 ms lesen  94047 ms rechnen
2026-09-10T19:53:14.569Z  VIPS/2023       roh          95912 reg. Kerzen      250/0/0 von 250  Tagen gewertet (1m/5m/15m)     6858 Signale  128 ms lesen  86284 ms rechnen
2026-09-10T19:54:40.011Z  VIPS/2024       roh          96004 reg. Kerzen      252/0/0 von 252  Tagen gewertet (1m/5m/15m)     6849 Signale  131 ms lesen  85040 ms rechnen
2026-09-10T19:56:02.190Z  VIPS/2025       roh          93294 reg. Kerzen      249/0/0 von 250  Tagen gewertet (1m/5m/15m)     6625 Signale  116 ms lesen  81754 ms rechnen
2026-09-10T19:56:53.815Z  VIPS/2026       roh          60325 reg. Kerzen      162/0/0 von 166  Tagen gewertet (1m/5m/15m)     4223 Signale  103 ms lesen  51304 ms rechnen
2026-09-10T19:56:57.564Z  VITL/2020       roh          24640 reg. Kerzen       12/0/0 von 107  Tagen gewertet (1m/5m/15m)      379 Signale  43 ms lesen  3540 ms rechnen
2026-09-10T19:57:07.674Z  VITL/2021       roh          59118 reg. Kerzen       30/0/0 von 252  Tagen gewertet (1m/5m/15m)      948 Signale  220 ms lesen  9838 ms rechnen
2026-09-10T19:57:08.138Z  VITL/2022       roh          46744 reg. Kerzen        0/0/0 von 251  Tagen gewertet (1m/5m/15m)        0 Signale  67 ms lesen  262 ms rechnen
2026-09-10T19:57:08.629Z  VITL/2023       roh          50646 reg. Kerzen        0/0/0 von 250  Tagen gewertet (1m/5m/15m)        0 Signale  67 ms lesen  291 ms rechnen
2026-09-10T19:57:52.472Z  VITL/2024       roh          75319 reg. Kerzen      145/0/0 von 252  Tagen gewertet (1m/5m/15m)     4317 Signale  106 ms lesen  43578 ms rechnen
2026-09-10T19:58:46.736Z  VITL/2025       roh          81451 reg. Kerzen      170/0/0 von 250  Tagen gewertet (1m/5m/15m)     5180 Signale  103 ms lesen  53950 ms rechnen
2026-09-10T19:59:42.034Z  VITL/2026       roh          60287 reg. Kerzen      162/0/0 von 166  Tagen gewertet (1m/5m/15m)     5118 Signale  78 ms lesen  55053 ms rechnen
2026-09-10T19:59:59.346Z  VLDR/2020       roh          24463 reg. Kerzen       45/0/0 von 65   Tagen gewertet (1m/5m/15m)     1491 Signale  57 ms lesen  17097 ms rechnen
2026-09-10T20:01:34.221Z  VLDR/2021       roh          97087 reg. Kerzen      252/0/0 von 252  Tagen gewertet (1m/5m/15m)     8257 Signale  161 ms lesen  94637 ms rechnen
2026-09-10T20:02:23.137Z  VLDR/2022       roh          95018 reg. Kerzen      120/0/0 von 251  Tagen gewertet (1m/5m/15m)     4008 Signale  138 ms lesen  48493 ms rechnen
2026-09-10T20:02:23.531Z  VLDR/2023       roh          10193 reg. Kerzen        0/0/0 von 28   Tagen gewertet (1m/5m/15m)        0 Signale  28 ms lesen  102 ms rechnen
2026-09-10T20:02:37.427Z  VLTO/2023       roh          23850 reg. Kerzen       43/0/0 von 63   Tagen gewertet (1m/5m/15m)     1073 Signale  43 ms lesen  13811 ms rechnen
2026-09-10T20:03:48.979Z  VLTO/2024       roh          89941 reg. Kerzen      241/0/0 von 252  Tagen gewertet (1m/5m/15m)     5590 Signale  131 ms lesen  71358 ms rechnen
2026-09-10T20:04:50.827Z  VLTO/2025       roh          84609 reg. Kerzen      215/0/0 von 250  Tagen gewertet (1m/5m/15m)     4934 Signale  119 ms lesen  61466 ms rechnen
2026-09-10T20:05:39.067Z  VLTO/2026       roh          59349 reg. Kerzen      160/0/0 von 166  Tagen gewertet (1m/5m/15m)     3936 Signale  89 ms lesen  47916 ms rechnen
2026-09-10T20:05:39.838Z  VMI/2016        roh          47951 reg. Kerzen        1/0/0 von 252  Tagen gewertet (1m/5m/15m)       26 Signale  77 ms lesen  521 ms rechnen
2026-09-10T20:05:40.454Z  VMI/2017        roh          42313 reg. Kerzen        1/0/0 von 251  Tagen gewertet (1m/5m/15m)       14 Signale  62 ms lesen  440 ms rechnen
2026-09-10T20:05:40.861Z  VMI/2018        roh          37137 reg. Kerzen        0/0/0 von 251  Tagen gewertet (1m/5m/15m)        0 Signale  57 ms lesen  208 ms rechnen
2026-09-10T20:05:41.426Z  VMI/2019        roh          38314 reg. Kerzen        1/0/0 von 252  Tagen gewertet (1m/5m/15m)       17 Signale  53 ms lesen  420 ms rechnen
2026-09-10T20:05:42.056Z  VMI/2020        roh          40412 reg. Kerzen        1/0/0 von 253  Tagen gewertet (1m/5m/15m)       22 Signale  64 ms lesen  454 ms rechnen
2026-09-10T20:05:42.368Z  VMI/2021        roh          31829 reg. Kerzen        0/0/0 von 252  Tagen gewertet (1m/5m/15m)        0 Signale  52 ms lesen  172 ms rechnen
2026-09-10T20:05:42.663Z  VMI/2022        roh          29716 reg. Kerzen        0/0/0 von 251  Tagen gewertet (1m/5m/15m)        0 Signale  55 ms lesen  163 ms rechnen
2026-09-10T20:05:42.967Z  VMI/2023        roh          34460 reg. Kerzen        0/0/0 von 250  Tagen gewertet (1m/5m/15m)        0 Signale  53 ms lesen  176 ms rechnen
2026-09-10T20:05:43.286Z  VMI/2024        roh          28737 reg. Kerzen        0/0/0 von 252  Tagen gewertet (1m/5m/15m)        0 Signale  56 ms lesen  167 ms rechnen
2026-09-10T20:05:43.561Z  VMI/2025        roh          28999 reg. Kerzen        0/0/0 von 250  Tagen gewertet (1m/5m/15m)        0 Signale  47 ms lesen  167 ms rechnen
2026-09-10T20:05:45.033Z  VMI/2026        roh          36383 reg. Kerzen        4/0/0 von 166  Tagen gewertet (1m/5m/15m)      110 Signale  45 ms lesen  1351 ms rechnen
2026-09-10T20:06:01.584Z  VNTR/2017       roh          33391 reg. Kerzen       53/0/0 von 104  Tagen gewertet (1m/5m/15m)     1550 Signale  58 ms lesen  16393 ms rechnen
2026-09-10T20:06:49.350Z  VNTR/2018       roh          80154 reg. Kerzen      153/0/0 von 251  Tagen gewertet (1m/5m/15m)     4610 Signale  98 ms lesen  47584 ms rechnen
2026-09-10T20:06:50.168Z  VNTR/2019       roh          68042 reg. Kerzen        0/0/0 von 252  Tagen gewertet (1m/5m/15m)        0 Signale  87 ms lesen  484 ms rechnen
2026-09-10T20:06:50.688Z  VNTR/2020       roh          46072 reg. Kerzen        0/0/0 von 253  Tagen gewertet (1m/5m/15m)        0 Signale  73 ms lesen  253 ms rechnen
2026-09-10T20:06:51.179Z  VNTR/2021       roh          52257 reg. Kerzen        0/0/0 von 252  Tagen gewertet (1m/5m/15m)        0 Signale  67 ms lesen  304 ms rechnen
2026-09-10T20:06:51.614Z  VNTR/2022       roh          37402 reg. Kerzen        0/0/0 von 251  Tagen gewertet (1m/5m/15m)        0 Signale  53 ms lesen  215 ms rechnen
2026-09-10T20:06:51.824Z  VNTR/2023       roh          11649 reg. Kerzen        0/0/0 von 91   Tagen gewertet (1m/5m/15m)        0 Signale  22 ms lesen  69 ms rechnen
2026-09-10T20:06:51.921Z  VPCC/2021       roh           6593 reg. Kerzen        0/0/0 von 160  Tagen gewertet (1m/5m/15m)        0 Signale  21 ms lesen  35 ms rechnen
2026-09-10T20:06:51.965Z  VPCC/2022       roh            570 reg. Kerzen        0/0/0 von 3    Tagen gewertet (1m/5m/15m)        0 Signale  13 ms lesen  9 ms rechnen
2026-09-10T20:07:38.176Z  VRN/2024        roh          58659 reg. Kerzen      138/0/0 von 159  Tagen gewertet (1m/5m/15m)     3786 Signale  84 ms lesen  46113 ms rechnen
2026-09-10T20:08:09.795Z  VRN/2025        roh          33758 reg. Kerzen       88/0/0 von 88   Tagen gewertet (1m/5m/15m)     2703 Signale  114 ms lesen  31335 ms rechnen
2026-09-10T20:09:03.056Z  VRSK/2016       roh          86700 reg. Kerzen      194/0/0 von 252  Tagen gewertet (1m/5m/15m)     4255 Signale  114 ms lesen  53030 ms rechnen
2026-09-10T20:09:57.965Z  VRSK/2017       roh          84105 reg. Kerzen      205/0/0 von 251  Tagen gewertet (1m/5m/15m)     4317 Signale  129 ms lesen  54555 ms rechnen
2026-09-10T20:11:03.340Z  VRSK/2018       roh          86618 reg. Kerzen      229/0/0 von 251  Tagen gewertet (1m/5m/15m)     5244 Signale  116 ms lesen  65037 ms rechnen
2026-09-10T20:12:04.108Z  VRSK/2019       roh          85908 reg. Kerzen      220/0/0 von 252  Tagen gewertet (1m/5m/15m)     4839 Signale  119 ms lesen  60394 ms rechnen
2026-09-10T20:13:12.681Z  VRSK/2020       roh          88073 reg. Kerzen      228/0/0 von 253  Tagen gewertet (1m/5m/15m)     5766 Signale  112 ms lesen  68214 ms rechnen
2026-09-10T20:14:10.163Z  VRSK/2021       roh          84300 reg. Kerzen      207/0/0 von 252  Tagen gewertet (1m/5m/15m)     4689 Signale  129 ms lesen  57115 ms rechnen
2026-09-10T20:15:15.644Z  VRSK/2022       roh          86262 reg. Kerzen      226/0/0 von 251  Tagen gewertet (1m/5m/15m)     5681 Signale  116 ms lesen  65130 ms rechnen
2026-09-10T20:16:23.794Z  VRSK/2023       roh          88631 reg. Kerzen      236/0/0 von 250  Tagen gewertet (1m/5m/15m)     5523 Signale  119 ms lesen  67765 ms rechnen
2026-09-10T20:16:50.636Z  VRSK/2024       roh          74379 reg. Kerzen       99/0/0 von 252  Tagen gewertet (1m/5m/15m)     2196 Signale  111 ms lesen  26475 ms rechnen
2026-09-10T20:17:29.979Z  VRSK/2025       roh          79301 reg. Kerzen      134/0/0 von 250  Tagen gewertet (1m/5m/15m)     3186 Signale  121 ms lesen  39033 ms rechnen
2026-09-10T20:18:24.428Z  VRSK/2026       roh          62696 reg. Kerzen      161/0/0 von 166  Tagen gewertet (1m/5m/15m)     4410 Signale  100 ms lesen  54135 ms rechnen
2026-09-10T20:18:24.608Z  VSAC/2021       roh            111 reg. Kerzen        0/0/0 von 6    Tagen gewertet (1m/5m/15m)        0 Signale  13 ms lesen  1 ms rechnen
2026-09-10T20:18:24.624Z  VSAC/2022       roh            365 reg. Kerzen        0/0/0 von 117  Tagen gewertet (1m/5m/15m)        0 Signale  11 ms lesen  4 ms rechnen
2026-09-10T20:18:24.642Z  VSAC/2023       roh            304 reg. Kerzen        0/0/0 von 119  Tagen gewertet (1m/5m/15m)        0 Signale  13 ms lesen  4 ms rechnen
2026-09-10T20:18:24.664Z  VSAC/2024       roh            504 reg. Kerzen        0/0/0 von 77   Tagen gewertet (1m/5m/15m)        0 Signale  16 ms lesen  4 ms rechnen
2026-09-10T20:18:30.274Z  VSLR/2016       roh          71184 reg. Kerzen       15/0/0 von 252  Tagen gewertet (1m/5m/15m)      516 Signale  82 ms lesen  5525 ms rechnen
2026-09-10T20:18:30.964Z  VSLR/2017       roh          62768 reg. Kerzen        0/0/0 von 251  Tagen gewertet (1m/5m/15m)        0 Signale  87 ms lesen  418 ms rechnen
2026-09-10T20:18:31.611Z  VSLR/2018       roh          63875 reg. Kerzen        0/0/0 von 251  Tagen gewertet (1m/5m/15m)        0 Signale  88 ms lesen  382 ms rechnen
2026-09-10T20:19:11.525Z  VSLR/2019       roh          81716 reg. Kerzen      121/0/0 von 252  Tagen gewertet (1m/5m/15m)     3726 Signale  103 ms lesen  39651 ms rechnen
2026-09-10T20:20:24.956Z  VSLR/2020       roh          74043 reg. Kerzen      194/0/0 von 194  Tagen gewertet (1m/5m/15m)     6299 Signale  112 ms lesen  73092 ms rechnen
2026-09-10T20:20:25.184Z  VSTE/2022       roh            908 reg. Kerzen        0/0/0 von 167  Tagen gewertet (1m/5m/15m)        0 Signale  12 ms lesen  9 ms rechnen
2026-09-10T20:20:25.219Z  VSTE/2023       roh           1451 reg. Kerzen        0/0/0 von 167  Tagen gewertet (1m/5m/15m)        0 Signale  19 ms lesen  12 ms rechnen
2026-09-10T20:20:25.364Z  VSTE/2024       roh          16373 reg. Kerzen        0/0/0 von 251  Tagen gewertet (1m/5m/15m)        0 Signale  37 ms lesen  102 ms rechnen
2026-09-10T20:20:25.561Z  VSTE/2025       roh          15811 reg. Kerzen        0/0/0 von 98   Tagen gewertet (1m/5m/15m)        0 Signale  42 ms lesen  108 ms rechnen
2026-09-10T20:20:25.694Z  VTNR/2016       roh           9837 reg. Kerzen        0/0/0 von 252  Tagen gewertet (1m/5m/15m)        0 Signale  27 ms lesen  53 ms rechnen
2026-09-10T20:20:25.794Z  VTNR/2017       roh          10576 reg. Kerzen        0/0/0 von 251  Tagen gewertet (1m/5m/15m)        0 Signale  18 ms lesen  52 ms rechnen
2026-09-10T20:20:25.929Z  VTNR/2018       roh          16147 reg. Kerzen        0/0/0 von 250  Tagen gewertet (1m/5m/15m)        0 Signale  31 ms lesen  81 ms rechnen
2026-09-10T20:20:26.062Z  VTNR/2019       roh          10988 reg. Kerzen        0/0/0 von 252  Tagen gewertet (1m/5m/15m)        0 Signale  19 ms lesen  62 ms rechnen
2026-09-10T20:20:26.267Z  VTNR/2020       roh          23270 reg. Kerzen        0/0/0 von 253  Tagen gewertet (1m/5m/15m)        0 Signale  41 ms lesen  135 ms rechnen
2026-09-10T20:21:16.678Z  VTNR/2021       roh          80238 reg. Kerzen      142/0/0 von 252  Tagen gewertet (1m/5m/15m)     4587 Signale  117 ms lesen  50238 ms rechnen
2026-09-10T20:22:51.599Z  VTNR/2022       roh          95687 reg. Kerzen      251/0/0 von 251  Tagen gewertet (1m/5m/15m)     8371 Signale  136 ms lesen  94587 ms rechnen
2026-09-10T20:24:15.924Z  VTNR/2023       roh          92143 reg. Kerzen      242/0/0 von 250  Tagen gewertet (1m/5m/15m)     7778 Signale  122 ms lesen  83972 ms rechnen
2026-09-10T20:24:26.705Z  VTNR/2024       roh          64401 reg. Kerzen       24/0/0 von 193  Tagen gewertet (1m/5m/15m)      789 Signale  654 ms lesen  9811 ms rechnen
2026-09-10T20:24:30.456Z  VVNT/2020       roh          51851 reg. Kerzen       10/0/0 von 241  Tagen gewertet (1m/5m/15m)      315 Signale  70 ms lesen  3480 ms rechnen
2026-09-10T20:24:36.676Z  VVNT/2021       roh          64681 reg. Kerzen       19/0/0 von 252  Tagen gewertet (1m/5m/15m)      603 Signale  78 ms lesen  5987 ms rechnen
2026-09-10T20:24:38.597Z  VVNT/2022       roh          66650 reg. Kerzen        4/0/0 von 250  Tagen gewertet (1m/5m/15m)       49 Signale  81 ms lesen  1695 ms rechnen
2026-09-10T20:24:46.624Z  VVNT/2023       roh          14634 reg. Kerzen       23/0/0 von 46   Tagen gewertet (1m/5m/15m)      383 Signale  31 ms lesen  7827 ms rechnen
2026-09-10T20:24:46.750Z  VXRT/2016       roh          10038 reg. Kerzen        0/0/0 von 252  Tagen gewertet (1m/5m/15m)        0 Signale  31 ms lesen  59 ms rechnen
2026-09-10T20:24:46.951Z  VXRT/2017       roh          23370 reg. Kerzen        0/0/0 von 251  Tagen gewertet (1m/5m/15m)        0 Signale  41 ms lesen  134 ms rechnen
2026-09-10T20:24:47.202Z  VXRT/2018       roh          19263 reg. Kerzen        0/0/0 von 249  Tagen gewertet (1m/5m/15m)        0 Signale  36 ms lesen  135 ms rechnen
2026-09-10T20:24:47.479Z  VXRT/2019       roh          25367 reg. Kerzen        0/0/0 von 252  Tagen gewertet (1m/5m/15m)        0 Signale  49 ms lesen  159 ms rechnen
2026-09-10T20:26:16.049Z  VXRT/2020       roh          93410 reg. Kerzen      225/0/0 von 253  Tagen gewertet (1m/5m/15m)     7548 Signale  166 ms lesen  88328 ms rechnen
2026-09-10T20:27:52.667Z  VXRT/2021       roh          96980 reg. Kerzen      252/0/0 von 252  Tagen gewertet (1m/5m/15m)     8278 Signale  153 ms lesen  96222 ms rechnen
2026-09-10T20:29:07.419Z  VXRT/2022       roh          93280 reg. Kerzen      199/0/0 von 251  Tagen gewertet (1m/5m/15m)     6568 Signale  128 ms lesen  74331 ms rechnen
2026-09-10T20:29:08.292Z  VXRT/2023       roh          74507 reg. Kerzen        0/0/0 von 250  Tagen gewertet (1m/5m/15m)        0 Signale  113 ms lesen  531 ms rechnen
2026-09-10T20:29:09.102Z  VXRT/2024       roh          75860 reg. Kerzen        0/0/0 von 252  Tagen gewertet (1m/5m/15m)        0 Signale  99 ms lesen  507 ms rechnen
2026-09-10T20:29:09.613Z  VXRT/2025       roh          37196 reg. Kerzen        0/0/0 von 126  Tagen gewertet (1m/5m/15m)        0 Signale  60 ms lesen  246 ms rechnen
2026-09-10T20:29:09.714Z  AUSGELASSEN VXRT/2026: Datei fehlt
2026-09-10T20:29:09.812Z  WAAS/2016       roh           8124 reg. Kerzen        0/0/0 von 60   Tagen gewertet (1m/5m/15m)        0 Signale  59 ms lesen  37 ms rechnen
2026-09-10T20:29:10.087Z  WAAS/2017       roh          33198 reg. Kerzen        0/0/0 von 251  Tagen gewertet (1m/5m/15m)        0 Signale  53 ms lesen  200 ms rechnen
2026-09-10T20:29:10.396Z  WAAS/2018       roh          29470 reg. Kerzen        0/0/0 von 251  Tagen gewertet (1m/5m/15m)        0 Signale  44 ms lesen  178 ms rechnen
2026-09-10T20:29:10.704Z  WAAS/2019       roh          32587 reg. Kerzen        0/0/0 von 252  Tagen gewertet (1m/5m/15m)        0 Signale  54 ms lesen  169 ms rechnen
2026-09-10T20:29:14.574Z  WAAS/2020       roh          15001 reg. Kerzen       14/0/0 von 60   Tagen gewertet (1m/5m/15m)      301 Signale  29 ms lesen  3729 ms rechnen
2026-09-10T20:29:14.653Z  WARR/2021       roh           3178 reg. Kerzen        0/0/0 von 159  Tagen gewertet (1m/5m/15m)        0 Signale  13 ms lesen  20 ms rechnen
2026-09-10T20:29:14.690Z  WARR/2022       roh           1393 reg. Kerzen        0/0/0 von 152  Tagen gewertet (1m/5m/15m)        0 Signale  17 ms lesen  10 ms rechnen
2026-09-10T20:30:31.459Z  WBA/2016        roh          97972 reg. Kerzen      232/0/0 von 252  Tagen gewertet (1m/5m/15m)     5322 Signale  122 ms lesen  76624 ms rechnen
2026-09-10T20:31:54.431Z  WBA/2017        roh          97440 reg. Kerzen      251/0/0 von 251  Tagen gewertet (1m/5m/15m)     5707 Signale  257 ms lesen  82467 ms rechnen
2026-09-10T20:33:17.055Z  WBA/2018        roh          96551 reg. Kerzen      249/0/0 von 251  Tagen gewertet (1m/5m/15m)     6108 Signale  123 ms lesen  82258 ms rechnen
2026-09-10T20:34:39.399Z  WBA/2019        roh          97717 reg. Kerzen      252/0/0 von 252  Tagen gewertet (1m/5m/15m)     6053 Signale  136 ms lesen  81931 ms rechnen
2026-09-10T20:36:06.313Z  WBA/2020        roh          98245 reg. Kerzen      253/0/0 von 253  Tagen gewertet (1m/5m/15m)     6969 Signale  127 ms lesen  86500 ms rechnen
2026-09-10T20:37:31.551Z  WBA/2021        roh          98053 reg. Kerzen      252/0/0 von 252  Tagen gewertet (1m/5m/15m)     6301 Signale  195 ms lesen  84768 ms rechnen
2026-09-10T20:38:56.150Z  WBA/2022        roh          97704 reg. Kerzen      251/0/0 von 251  Tagen gewertet (1m/5m/15m)     6504 Signale  133 ms lesen  84249 ms rechnen
2026-09-10T20:40:18.945Z  WBA/2023        roh          97131 reg. Kerzen      250/0/0 von 250  Tagen gewertet (1m/5m/15m)     6461 Signale  150 ms lesen  82393 ms rechnen
2026-09-10T20:41:45.731Z  WBA/2024        roh          97728 reg. Kerzen      252/0/0 von 252  Tagen gewertet (1m/5m/15m)     7273 Signale  152 ms lesen  86353 ms rechnen
2026-09-10T20:42:44.363Z  WBA/2025        roh          63201 reg. Kerzen      163/0/0 von 163  Tagen gewertet (1m/5m/15m)     3521 Signale  112 ms lesen  58268 ms rechnen
2026-09-10T20:43:24.386Z  WBMD/2016       roh          81602 reg. Kerzen      144/0/0 von 252  Tagen gewertet (1m/5m/15m)     3760 Signale  105 ms lesen  39732 ms rechnen
2026-09-10T20:43:43.342Z  WBMD/2017       roh          53078 reg. Kerzen       66/0/0 von 178  Tagen gewertet (1m/5m/15m)     1393 Signale  69 ms lesen  18672 ms rechnen
2026-09-10T20:43:43.506Z  WCST/2016       roh           1075 reg. Kerzen        0/0/0 von 33   Tagen gewertet (1m/5m/15m)        0 Signale  19 ms lesen  7 ms rechnen
2026-09-10T20:43:43.627Z  WCST/2017       roh          13789 reg. Kerzen        0/0/0 von 134  Tagen gewertet (1m/5m/15m)        0 Signale  31 ms lesen  85 ms rechnen
2026-09-10T20:43:43.713Z  WE/2020         bereinigt     1641 reg. Kerzen        0/0/0 von 43   Tagen gewertet (1m/5m/15m)        0 Signale  22 ms lesen  10 ms rechnen
2026-09-10T20:44:05.430Z  WE/2021         bereinigt    56147 reg. Kerzen       63/0/0 von 252  Tagen gewertet (1m/5m/15m)     2030 Signale  102 ms lesen  21612 ms rechnen
2026-09-10T20:45:39.286Z  WE/2022         bereinigt    95271 reg. Kerzen      249/0/0 von 251  Tagen gewertet (1m/5m/15m)     8116 Signale  143 ms lesen  93550 ms rechnen
2026-09-10T20:46:23.822Z  WE/2023         bereinigt    79087 reg. Kerzen      115/0/0 von 212  Tagen gewertet (1m/5m/15m)     3912 Signale  194 ms lesen  44065 ms rechnen
2026-09-10T20:47:38.797Z  WELL/2016       roh          97424 reg. Kerzen      232/0/0 von 252  Tagen gewertet (1m/5m/15m)     5466 Signale  132 ms lesen  74626 ms rechnen
2026-09-10T20:48:56.987Z  WELL/2017       roh          95917 reg. Kerzen      251/0/0 von 251  Tagen gewertet (1m/5m/15m)     5541 Signale  237 ms lesen  77700 ms rechnen
2026-09-10T20:50:18.264Z  WELL/2018       roh          96802 reg. Kerzen      251/0/0 von 251  Tagen gewertet (1m/5m/15m)     6067 Signale  118 ms lesen  80868 ms rechnen
2026-09-10T20:51:38.104Z  WELL/2019       roh          97033 reg. Kerzen      252/0/0 von 252  Tagen gewertet (1m/5m/15m)     5741 Signale  129 ms lesen  79488 ms rechnen
2026-09-10T20:53:05.294Z  WELL/2020       roh          97799 reg. Kerzen      253/0/0 von 253  Tagen gewertet (1m/5m/15m)     7265 Signale  114 ms lesen  86828 ms rechnen
2026-09-10T20:54:26.080Z  WELL/2021       roh          95273 reg. Kerzen      250/0/0 von 252  Tagen gewertet (1m/5m/15m)     6223 Signale  139 ms lesen  80394 ms rechnen
2026-09-10T20:55:47.936Z  WELL/2022       roh          95536 reg. Kerzen      249/0/0 von 251  Tagen gewertet (1m/5m/15m)     6486 Signale  119 ms lesen  81498 ms rechnen
2026-09-10T20:57:06.993Z  WELL/2023       roh          95687 reg. Kerzen      250/0/0 von 250  Tagen gewertet (1m/5m/15m)     6239 Signale  124 ms lesen  78686 ms rechnen
2026-09-10T20:58:25.895Z  WELL/2024       roh          95956 reg. Kerzen      252/0/0 von 252  Tagen gewertet (1m/5m/15m)     5700 Signale  166 ms lesen  78466 ms rechnen
2026-09-10T20:59:44.963Z  WELL/2025       roh          94700 reg. Kerzen      250/0/0 von 250  Tagen gewertet (1m/5m/15m)     5822 Signale  119 ms lesen  78675 ms rechnen
2026-09-10T21:00:38.580Z  WELL/2026       roh          63014 reg. Kerzen      166/0/0 von 166  Tagen gewertet (1m/5m/15m)     4074 Signale  92 ms lesen  53265 ms rechnen
2026-09-10T21:01:51.892Z  WFC/2016        roh          98091 reg. Kerzen      232/0/0 von 252  Tagen gewertet (1m/5m/15m)     5435 Signale  151 ms lesen  73007 ms rechnen
2026-09-10T21:03:10.796Z  WFC/2017        roh          97529 reg. Kerzen      251/0/0 von 251  Tagen gewertet (1m/5m/15m)     5740 Signale  140 ms lesen  78496 ms rechnen
2026-09-10T21:04:32.026Z  WFC/2018        roh          97338 reg. Kerzen      251/0/0 von 251  Tagen gewertet (1m/5m/15m)     6104 Signale  151 ms lesen  80792 ms rechnen
2026-09-10T21:05:53.346Z  WFC/2019        roh          97699 reg. Kerzen      252/0/0 von 252  Tagen gewertet (1m/5m/15m)     5865 Signale  161 ms lesen  80891 ms rechnen
2026-09-10T21:07:19.841Z  WFC/2020        roh          98254 reg. Kerzen      253/0/0 von 253  Tagen gewertet (1m/5m/15m)     7019 Signale  195 ms lesen  86066 ms rechnen
2026-09-10T21:08:45.137Z  WFC/2021        roh          97315 reg. Kerzen      250/0/0 von 252  Tagen gewertet (1m/5m/15m)     6270 Signale  167 ms lesen  84849 ms rechnen
2026-09-10T21:10:09.864Z  WFC/2022        roh          96945 reg. Kerzen      249/0/0 von 251  Tagen gewertet (1m/5m/15m)     6575 Signale  147 ms lesen  84311 ms rechnen
2026-09-10T21:11:32.428Z  WFC/2023        roh          97119 reg. Kerzen      250/0/0 von 250  Tagen gewertet (1m/5m/15m)     6147 Signale  158 ms lesen  82138 ms rechnen
2026-09-10T21:12:55.202Z  WFC/2024        roh          97718 reg. Kerzen      252/0/0 von 252  Tagen gewertet (1m/5m/15m)     5988 Signale  145 ms lesen  82355 ms rechnen
2026-09-10T21:14:16.538Z  WFC/2025        roh          96953 reg. Kerzen      250/0/0 von 250  Tagen gewertet (1m/5m/15m)     6094 Signale  127 ms lesen  80960 ms rechnen
2026-09-10T21:15:11.565Z  WFC/2026        roh          64728 reg. Kerzen      166/0/0 von 166  Tagen gewertet (1m/5m/15m)     4068 Signale  100 ms lesen  54717 ms rechnen
2026-09-10T21:15:14.849Z  WGL/2016        roh          63422 reg. Kerzen       10/0/0 von 252  Tagen gewertet (1m/5m/15m)      283 Signale  89 ms lesen  2955 ms rechnen
2026-09-10T21:15:19.894Z  WGL/2017        roh          58688 reg. Kerzen       17/0/0 von 251  Tagen gewertet (1m/5m/15m)      307 Signale  86 ms lesen  4782 ms rechnen
2026-09-10T21:15:23.656Z  WGL/2018        roh          31899 reg. Kerzen       14/0/0 von 129  Tagen gewertet (1m/5m/15m)      255 Signale  54 ms lesen  3553 ms rechnen
2026-09-10T21:15:23.955Z  WHLR/2016       bereinigt    23704 reg. Kerzen        0/0/0 von 252  Tagen gewertet (1m/5m/15m)        0 Signale  65 ms lesen  140 ms rechnen
2026-09-10T21:15:24.261Z  WHLR/2017       bereinigt    27624 reg. Kerzen        0/0/0 von 251  Tagen gewertet (1m/5m/15m)        0 Signale  76 ms lesen  166 ms rechnen
2026-09-10T21:15:24.519Z  WHLR/2018       bereinigt    21655 reg. Kerzen        0/0/0 von 251  Tagen gewertet (1m/5m/15m)        0 Signale  80 ms lesen  117 ms rechnen
2026-09-10T21:15:24.686Z  WHLR/2019       bereinigt     9001 reg. Kerzen        0/0/0 von 252  Tagen gewertet (1m/5m/15m)        0 Signale  37 ms lesen  66 ms rechnen
2026-09-10T21:15:24.795Z  WHLR/2020       bereinigt     8616 reg. Kerzen        0/0/0 von 253  Tagen gewertet (1m/5m/15m)        0 Signale  29 ms lesen  49 ms rechnen
2026-09-10T21:15:24.930Z  WHLR/2021       bereinigt    12943 reg. Kerzen        0/0/0 von 252  Tagen gewertet (1m/5m/15m)        0 Signale  41 ms lesen  71 ms rechnen
2026-09-10T21:15:25.005Z  WHLR/2022       bereinigt     4988 reg. Kerzen        0/0/0 von 250  Tagen gewertet (1m/5m/15m)        0 Signale  17 ms lesen  26 ms rechnen
2026-09-10T21:15:25.337Z  WHLR/2023       bereinigt    24050 reg. Kerzen        0/0/0 von 249  Tagen gewertet (1m/5m/15m)        0 Signale  116 ms lesen  197 ms rechnen
2026-09-10T21:15:27.038Z  WHLR/2024       bereinigt    34319 reg. Kerzen        3/0/0 von 252  Tagen gewertet (1m/5m/15m)       95 Signale  92 ms lesen  1537 ms rechnen
2026-09-10T21:15:27.464Z  WHLR/2025       bereinigt    39263 reg. Kerzen        0/0/0 von 250  Tagen gewertet (1m/5m/15m)        0 Signale  104 ms lesen  233 ms rechnen
2026-09-10T21:15:27.785Z  WHLR/2026       bereinigt    23373 reg. Kerzen        0/0/0 von 166  Tagen gewertet (1m/5m/15m)        0 Signale  80 ms lesen  132 ms rechnen
2026-09-10T21:15:29.615Z  CHECKPOINT 5400 Dateien, 1765 min, Detektorfehler {}
2026-09-10T21:15:29.627Z  WINR/2017       bereinigt      290 reg. Kerzen        0/0/0 von 39   Tagen gewertet (1m/5m/15m)        0 Signale  7 ms lesen  3 ms rechnen
2026-09-10T21:15:29.658Z  WINR/2018       bereinigt     1426 reg. Kerzen        0/0/0 von 148  Tagen gewertet (1m/5m/15m)        0 Signale  19 ms lesen  11 ms rechnen
2026-09-10T21:15:29.675Z  WINR/2019       bereinigt     1243 reg. Kerzen        0/0/0 von 16   Tagen gewertet (1m/5m/15m)        0 Signale  6 ms lesen  7 ms rechnen
2026-09-10T21:15:37.376Z  WIX/2016        roh          62647 reg. Kerzen       25/0/0 von 252  Tagen gewertet (1m/5m/15m)      733 Signale  89 ms lesen  7606 ms rechnen
2026-09-10T21:16:23.576Z  WIX/2017        roh          80233 reg. Kerzen      150/0/0 von 251  Tagen gewertet (1m/5m/15m)     4398 Signale  127 ms lesen  45906 ms rechnen
2026-09-10T21:17:10.030Z  WIX/2018        roh          79661 reg. Kerzen      154/0/0 von 251  Tagen gewertet (1m/5m/15m)     4633 Signale  108 ms lesen  46164 ms rechnen
2026-09-10T21:17:51.146Z  WIX/2019        roh          79463 reg. Kerzen      142/0/0 von 252  Tagen gewertet (1m/5m/15m)     3904 Signale  122 ms lesen  40772 ms rechnen
2026-09-10T21:18:50.974Z  WIX/2020        roh          84713 reg. Kerzen      187/0/0 von 253  Tagen gewertet (1m/5m/15m)     5706 Signale  127 ms lesen  59503 ms rechnen
2026-09-10T21:19:35.174Z  WIX/2021        roh          79810 reg. Kerzen      140/0/0 von 252  Tagen gewertet (1m/5m/15m)     4162 Signale  136 ms lesen  43776 ms rechnen
2026-09-10T21:20:52.675Z  WIX/2022        roh          87952 reg. Kerzen      228/0/0 von 251  Tagen gewertet (1m/5m/15m)     7080 Signale  151 ms lesen  77115 ms rechnen
2026-09-10T21:21:39.709Z  WIX/2023        roh          80022 reg. Kerzen      152/0/0 von 250  Tagen gewertet (1m/5m/15m)     4475 Signale  105 ms lesen  46666 ms rechnen
2026-09-10T21:21:59.046Z  WIX/2024        roh          68490 reg. Kerzen       65/0/0 von 252  Tagen gewertet (1m/5m/15m)     1802 Signale  99 ms lesen  19019 ms rechnen
2026-09-10T21:22:47.196Z  WIX/2025        roh          80549 reg. Kerzen      153/0/0 von 250  Tagen gewertet (1m/5m/15m)     4571 Signale  180 ms lesen  47800 ms rechnen
2026-09-10T21:23:44.261Z  WIX/2026        roh          61155 reg. Kerzen      162/0/0 von 166  Tagen gewertet (1m/5m/15m)     5032 Signale  98 ms lesen  56778 ms rechnen
2026-09-10T21:24:52.982Z  WLK/2016        roh          90905 reg. Kerzen      224/0/0 von 252  Tagen gewertet (1m/5m/15m)     6023 Signale  126 ms lesen  68430 ms rechnen
2026-09-10T21:25:52.623Z  WLK/2017        roh          85014 reg. Kerzen      215/0/0 von 251  Tagen gewertet (1m/5m/15m)     5378 Signale  120 ms lesen  59293 ms rechnen
2026-09-10T21:26:57.346Z  WLK/2018        roh          85783 reg. Kerzen      224/0/0 von 251  Tagen gewertet (1m/5m/15m)     6046 Signale  120 ms lesen  64353 ms rechnen
2026-09-10T21:27:52.720Z  WLK/2019        roh          83610 reg. Kerzen      190/0/0 von 252  Tagen gewertet (1m/5m/15m)     5072 Signale  108 ms lesen  55004 ms rechnen
2026-09-10T21:28:41.115Z  WLK/2020        roh          79601 reg. Kerzen      154/0/0 von 253  Tagen gewertet (1m/5m/15m)     4568 Signale  123 ms lesen  48045 ms rechnen
2026-09-10T21:29:15.874Z  WLK/2021        roh          76318 reg. Kerzen      122/0/0 von 252  Tagen gewertet (1m/5m/15m)     3304 Signale  102 ms lesen  34459 ms rechnen
2026-09-10T21:30:17.030Z  WLK/2022        roh          84462 reg. Kerzen      195/0/0 von 251  Tagen gewertet (1m/5m/15m)     5534 Signale  106 ms lesen  60845 ms rechnen
2026-09-10T21:30:36.474Z  WLK/2023        roh          70807 reg. Kerzen       68/0/0 von 250  Tagen gewertet (1m/5m/15m)     1820 Signale  119 ms lesen  19085 ms rechnen
2026-09-10T21:30:41.100Z  WLK/2024        roh          61618 reg. Kerzen       15/0/0 von 252  Tagen gewertet (1m/5m/15m)      412 Signale  90 ms lesen  4341 ms rechnen
2026-09-10T21:31:32.336Z  WLK/2025        roh          80899 reg. Kerzen      171/0/0 von 250  Tagen gewertet (1m/5m/15m)     4611 Signale  119 ms lesen  50989 ms rechnen
2026-09-10T21:32:07.291Z  WLK/2026        roh          54054 reg. Kerzen      115/0/0 von 166  Tagen gewertet (1m/5m/15m)     3278 Signale  83 ms lesen  34674 ms rechnen
2026-09-10T21:32:30.238Z  WMG/2020        roh          47362 reg. Kerzen       74/0/0 von 148  Tagen gewertet (1m/5m/15m)     2224 Signale  80 ms lesen  22712 ms rechnen
2026-09-10T21:33:08.390Z  WMG/2021        roh          76254 reg. Kerzen      127/0/0 von 252  Tagen gewertet (1m/5m/15m)     3702 Signale  104 ms lesen  37943 ms rechnen
2026-09-10T21:34:22.604Z  WMG/2022        roh          89075 reg. Kerzen      232/0/0 von 251  Tagen gewertet (1m/5m/15m)     6827 Signale  121 ms lesen  73885 ms rechnen
2026-09-10T21:35:37.834Z  WMG/2023        roh          90112 reg. Kerzen      240/0/0 von 250  Tagen gewertet (1m/5m/15m)     6472 Signale  116 ms lesen  74861 ms rechnen
2026-09-10T21:36:45.901Z  WMG/2024        roh          88107 reg. Kerzen      227/0/0 von 252  Tagen gewertet (1m/5m/15m)     5753 Signale  122 ms lesen  67704 ms rechnen
2026-09-10T21:37:58.476Z  WMG/2025        roh          89417 reg. Kerzen      240/0/0 von 250  Tagen gewertet (1m/5m/15m)     6026 Signale  121 ms lesen  72205 ms rechnen
2026-09-10T21:38:48.980Z  WMG/2026        roh          60856 reg. Kerzen      161/0/0 von 166  Tagen gewertet (1m/5m/15m)     4547 Signale  90 ms lesen  50180 ms rechnen
2026-09-10T21:38:49.143Z  WNNR/2022       roh            624 reg. Kerzen        0/0/0 von 143  Tagen gewertet (1m/5m/15m)        0 Signale  22 ms lesen  4 ms rechnen
2026-09-10T21:38:49.183Z  WNNR/2023       roh           2656 reg. Kerzen        0/0/0 von 214  Tagen gewertet (1m/5m/15m)        0 Signale  19 ms lesen  18 ms rechnen
2026-09-10T21:38:49.215Z  WNNR/2024       roh           1409 reg. Kerzen        0/0/0 von 61   Tagen gewertet (1m/5m/15m)        0 Signale  14 ms lesen  7 ms rechnen
2026-09-10T21:38:49.251Z  WORX/2016       bereinigt     1360 reg. Kerzen        0/0/0 von 60   Tagen gewertet (1m/5m/15m)        0 Signale  11 ms lesen  10 ms rechnen
2026-09-10T21:38:49.352Z  WORX/2017       bereinigt    10833 reg. Kerzen        0/0/0 von 251  Tagen gewertet (1m/5m/15m)        0 Signale  32 ms lesen  63 ms rechnen
2026-09-10T21:38:49.555Z  WORX/2018       bereinigt    23628 reg. Kerzen        0/0/0 von 251  Tagen gewertet (1m/5m/15m)        0 Signale  53 ms lesen  116 ms rechnen
2026-09-10T21:38:49.715Z  WORX/2019       bereinigt    11612 reg. Kerzen        0/0/0 von 252  Tagen gewertet (1m/5m/15m)        0 Signale  32 ms lesen  75 ms rechnen
2026-09-10T21:38:50.338Z  WORX/2020       bereinigt    25079 reg. Kerzen        1/0/0 von 177  Tagen gewertet (1m/5m/15m)       33 Signale  60 ms lesen  532 ms rechnen
2026-09-10T21:38:55.925Z  WORX/2021       bereinigt    46407 reg. Kerzen       14/0/0 von 252  Tagen gewertet (1m/5m/15m)      468 Signale  95 ms lesen  5411 ms rechnen
2026-09-10T21:38:56.135Z  WORX/2022       bereinigt    11610 reg. Kerzen        0/0/0 von 251  Tagen gewertet (1m/5m/15m)        0 Signale  45 ms lesen  56 ms rechnen
2026-09-10T21:38:56.355Z  WORX/2023       bereinigt    16841 reg. Kerzen        0/0/0 von 250  Tagen gewertet (1m/5m/15m)        0 Signale  56 ms lesen  126 ms rechnen
2026-09-10T21:38:56.539Z  WORX/2024       bereinigt    13109 reg. Kerzen        0/0/0 von 252  Tagen gewertet (1m/5m/15m)        0 Signale  44 ms lesen  85 ms rechnen
2026-09-10T21:38:56.871Z  WORX/2025       bereinigt    30371 reg. Kerzen        0/0/0 von 250  Tagen gewertet (1m/5m/15m)        0 Signale  101 ms lesen  191 ms rechnen
2026-09-10T21:38:57.091Z  WORX/2026       bereinigt    13560 reg. Kerzen        0/0/0 von 69   Tagen gewertet (1m/5m/15m)        0 Signale  59 ms lesen  85 ms rechnen
2026-09-10T21:40:10.450Z  WPG/2016        bereinigt    91433 reg. Kerzen      228/0/0 von 252  Tagen gewertet (1m/5m/15m)     6341 Signale  169 ms lesen  73144 ms rechnen
2026-09-10T21:41:34.676Z  WPG/2017        bereinigt    92843 reg. Kerzen      251/0/0 von 251  Tagen gewertet (1m/5m/15m)     7007 Signale  161 ms lesen  83809 ms rechnen
2026-09-10T21:43:01.858Z  WPG/2018        bereinigt    93669 reg. Kerzen      251/0/0 von 251  Tagen gewertet (1m/5m/15m)     7142 Signale  168 ms lesen  86770 ms rechnen
2026-09-10T21:44:31.626Z  WPG/2019        bereinigt    93650 reg. Kerzen      250/0/0 von 252  Tagen gewertet (1m/5m/15m)     7578 Signale  248 ms lesen  89218 ms rechnen
2026-09-10T21:45:03.238Z  WPG/2020        bereinigt    93659 reg. Kerzen       78/0/0 von 253  Tagen gewertet (1m/5m/15m)     2502 Signale  216 ms lesen  31144 ms rechnen
2026-09-10T21:45:18.342Z  WPG/2021        roh          59040 reg. Kerzen       39/0/0 von 187  Tagen gewertet (1m/5m/15m)     1323 Signale  88 ms lesen  14782 ms rechnen
2026-09-10T21:45:39.834Z  WRB/2016        bereinigt    76034 reg. Kerzen       80/0/0 von 252  Tagen gewertet (1m/5m/15m)     1727 Signale  171 ms lesen  21163 ms rechnen
2026-09-10T21:45:56.361Z  WRB/2017        bereinigt    71590 reg. Kerzen       63/0/0 von 251  Tagen gewertet (1m/5m/15m)     1369 Signale  158 ms lesen  16115 ms rechnen
2026-09-10T21:46:05.364Z  WRB/2018        bereinigt    67294 reg. Kerzen       34/0/0 von 251  Tagen gewertet (1m/5m/15m)      809 Signale  140 ms lesen  8687 ms rechnen
2026-09-10T21:46:40.707Z  WRB/2019        bereinigt    77434 reg. Kerzen      132/0/0 von 252  Tagen gewertet (1m/5m/15m)     2821 Signale  173 ms lesen  34998 ms rechnen
2026-09-10T21:47:55.322Z  WRB/2020        bereinigt    90224 reg. Kerzen      240/0/0 von 253  Tagen gewertet (1m/5m/15m)     6327 Signale  204 ms lesen  74179 ms rechnen
2026-09-10T21:48:47.779Z  WRB/2021        bereinigt    82016 reg. Kerzen      192/0/0 von 252  Tagen gewertet (1m/5m/15m)     4421 Signale  158 ms lesen  52054 ms rechnen
2026-09-10T21:49:58.653Z  WRB/2022        bereinigt    90228 reg. Kerzen      233/0/0 von 251  Tagen gewertet (1m/5m/15m)     5738 Signale  155 ms lesen  70493 ms rechnen
2026-09-10T21:51:13.052Z  WRB/2023        bereinigt    91010 reg. Kerzen      245/0/0 von 250  Tagen gewertet (1m/5m/15m)     5592 Signale  190 ms lesen  73965 ms rechnen
2026-09-10T21:52:24.245Z  WRB/2024        bereinigt    89783 reg. Kerzen      241/0/0 von 252  Tagen gewertet (1m/5m/15m)     5359 Signale  181 ms lesen  70757 ms rechnen
2026-09-10T21:53:41.085Z  WRB/2025        roh          92225 reg. Kerzen      250/0/0 von 250  Tagen gewertet (1m/5m/15m)     5680 Signale  116 ms lesen  76476 ms rechnen
2026-09-10T21:54:32.790Z  WRB/2026        roh          61344 reg. Kerzen      166/0/0 von 166  Tagen gewertet (1m/5m/15m)     3883 Signale  100 ms lesen  51317 ms rechnen
2026-09-10T21:54:32.971Z  WSC/2016        roh            386 reg. Kerzen        0/0/0 von 116  Tagen gewertet (1m/5m/15m)        0 Signale  11 ms lesen  3 ms rechnen
2026-09-10T21:54:33.021Z  WSC/2017        roh           6681 reg. Kerzen        0/0/0 von 186  Tagen gewertet (1m/5m/15m)        0 Signale  14 ms lesen  34 ms rechnen
2026-09-10T21:54:49.143Z  WSC/2018        roh          58582 reg. Kerzen       54/0/0 von 251  Tagen gewertet (1m/5m/15m)     1530 Signale  83 ms lesen  16022 ms rechnen
2026-09-10T21:55:06.999Z  WSC/2019        roh          72544 reg. Kerzen       56/0/0 von 252  Tagen gewertet (1m/5m/15m)     1603 Signale  88 ms lesen  17580 ms rechnen
2026-09-10T21:56:13.142Z  WSC/2020        roh          85644 reg. Kerzen      202/0/0 von 253  Tagen gewertet (1m/5m/15m)     6214 Signale  111 ms lesen  65822 ms rechnen
2026-09-10T21:57:31.769Z  WSC/2021        roh          91434 reg. Kerzen      247/0/0 von 252  Tagen gewertet (1m/5m/15m)     6835 Signale  144 ms lesen  78205 ms rechnen
2026-09-10T21:58:56.996Z  WSC/2022        roh          96383 reg. Kerzen      251/0/0 von 251  Tagen gewertet (1m/5m/15m)     7070 Signale  185 ms lesen  84817 ms rechnen
2026-09-10T22:00:16.621Z  WSC/2023        roh          93757 reg. Kerzen      247/0/0 von 250  Tagen gewertet (1m/5m/15m)     6333 Signale  123 ms lesen  79259 ms rechnen
2026-09-10T22:01:39.194Z  WSC/2024        roh          93868 reg. Kerzen      251/0/0 von 252  Tagen gewertet (1m/5m/15m)     6845 Signale  150 ms lesen  82163 ms rechnen
2026-09-10T22:03:02.967Z  WSC/2025        roh          93077 reg. Kerzen      249/0/0 von 250  Tagen gewertet (1m/5m/15m)     7104 Signale  664 ms lesen  82881 ms rechnen
2026-09-10T22:03:58.951Z  WSC/2026        roh          61638 reg. Kerzen      166/0/0 von 166  Tagen gewertet (1m/5m/15m)     4997 Signale  103 ms lesen  55632 ms rechnen
2026-09-10T22:04:14.690Z  WST/2016        roh          71836 reg. Kerzen       57/0/0 von 252  Tagen gewertet (1m/5m/15m)     1345 Signale  94 ms lesen  15472 ms rechnen
2026-09-10T22:04:23.484Z  WST/2017        roh          64788 reg. Kerzen       30/0/0 von 251  Tagen gewertet (1m/5m/15m)      736 Signale  91 ms lesen  8519 ms rechnen
2026-09-10T22:04:30.670Z  WST/2018        roh          63981 reg. Kerzen       25/0/0 von 251  Tagen gewertet (1m/5m/15m)      658 Signale  100 ms lesen  6934 ms rechnen
2026-09-10T22:04:38.699Z  WST/2019        roh          63497 reg. Kerzen       27/0/0 von 252  Tagen gewertet (1m/5m/15m)      718 Signale  84 ms lesen  7753 ms rechnen
2026-09-10T22:05:14.394Z  WST/2020        roh          77006 reg. Kerzen      122/0/0 von 253  Tagen gewertet (1m/5m/15m)     3322 Signale  111 ms lesen  35422 ms rechnen
2026-09-10T22:05:23.916Z  WST/2021        roh          65352 reg. Kerzen       33/0/0 von 252  Tagen gewertet (1m/5m/15m)      890 Signale  97 ms lesen  9220 ms rechnen
2026-09-10T22:05:41.764Z  WST/2022        roh          67633 reg. Kerzen       61/0/0 von 251  Tagen gewertet (1m/5m/15m)     1705 Signale  97 ms lesen  17586 ms rechnen
2026-09-10T22:05:49.496Z  WST/2023        roh          60869 reg. Kerzen       26/0/0 von 250  Tagen gewertet (1m/5m/15m)      693 Signale  82 ms lesen  7449 ms rechnen
2026-09-10T22:05:58.624Z  WST/2024        roh          62807 reg. Kerzen       30/0/0 von 252  Tagen gewertet (1m/5m/15m)      853 Signale  98 ms lesen  8870 ms rechnen
2026-09-10T22:06:24.703Z  WST/2025        roh          70846 reg. Kerzen       86/0/0 von 250  Tagen gewertet (1m/5m/15m)     2335 Signale  119 ms lesen  25822 ms rechnen
2026-09-10T22:06:54.761Z  WST/2026        roh          51741 reg. Kerzen       93/0/0 von 166  Tagen gewertet (1m/5m/15m)     2549 Signale  76 ms lesen  29789 ms rechnen
2026-09-10T22:06:54.945Z  WTO/2023        bereinigt     3723 reg. Kerzen        0/0/0 von 82   Tagen gewertet (1m/5m/15m)        0 Signale  22 ms lesen  15 ms rechnen
2026-09-10T22:06:55.250Z  WTO/2024        bereinigt    31826 reg. Kerzen        0/0/0 von 252  Tagen gewertet (1m/5m/15m)        0 Signale  101 ms lesen  196 ms rechnen
2026-09-10T22:06:55.600Z  WTO/2025        bereinigt    28201 reg. Kerzen        0/0/0 von 250  Tagen gewertet (1m/5m/15m)        0 Signale  97 ms lesen  157 ms rechnen
2026-09-10T22:06:55.821Z  WTO/2026        bereinigt    10495 reg. Kerzen        0/0/0 von 124  Tagen gewertet (1m/5m/15m)        0 Signale  66 ms lesen  69 ms rechnen
2026-09-10T22:08:13.266Z  WU/2016         roh          97387 reg. Kerzen      232/0/0 von 252  Tagen gewertet (1m/5m/15m)     5463 Signale  170 ms lesen  77226 ms rechnen
2026-09-10T22:09:36.336Z  WU/2017         roh          96423 reg. Kerzen      250/0/0 von 251  Tagen gewertet (1m/5m/15m)     5690 Signale  131 ms lesen  82677 ms rechnen
2026-09-10T22:11:00.106Z  WU/2018         roh          96873 reg. Kerzen      251/0/0 von 251  Tagen gewertet (1m/5m/15m)     6048 Signale  128 ms lesen  83413 ms rechnen
2026-09-10T22:12:23.874Z  WU/2019         roh          97464 reg. Kerzen      252/0/0 von 252  Tagen gewertet (1m/5m/15m)     5819 Signale  132 ms lesen  83373 ms rechnen
2026-09-10T22:13:51.579Z  WU/2020         roh          97915 reg. Kerzen      253/0/0 von 253  Tagen gewertet (1m/5m/15m)     6777 Signale  109 ms lesen  87341 ms rechnen
2026-09-10T22:15:13.787Z  WU/2021         roh          96614 reg. Kerzen      250/0/0 von 251  Tagen gewertet (1m/5m/15m)     6298 Signale  121 ms lesen  81820 ms rechnen
2026-09-10T22:16:40.151Z  WU/2022         roh          96373 reg. Kerzen      249/0/0 von 251  Tagen gewertet (1m/5m/15m)     6561 Signale  140 ms lesen  85974 ms rechnen
2026-09-10T22:18:06.121Z  WU/2023         roh          96474 reg. Kerzen      250/0/0 von 250  Tagen gewertet (1m/5m/15m)     6415 Signale  128 ms lesen  85581 ms rechnen
2026-09-10T22:19:31.107Z  WU/2024         roh          96558 reg. Kerzen      252/0/0 von 252  Tagen gewertet (1m/5m/15m)     6181 Signale  141 ms lesen  84562 ms rechnen
2026-09-10T22:20:56.914Z  WU/2025         roh          96542 reg. Kerzen      250/0/0 von 250  Tagen gewertet (1m/5m/15m)     6563 Signale  138 ms lesen  85378 ms rechnen
2026-09-10T22:21:55.709Z  WU/2026         roh          64524 reg. Kerzen      166/0/0 von 166  Tagen gewertet (1m/5m/15m)     4668 Signale  103 ms lesen  58439 ms rechnen
2026-09-10T22:22:59.745Z  WWW/2016        roh          88238 reg. Kerzen      215/0/0 von 252  Tagen gewertet (1m/5m/15m)     5789 Signale  118 ms lesen  63746 ms rechnen
2026-09-10T22:23:37.784Z  WWW/2017        roh          78561 reg. Kerzen      136/0/0 von 251  Tagen gewertet (1m/5m/15m)     3498 Signale  101 ms lesen  37689 ms rechnen
2026-09-10T22:24:22.207Z  WWW/2018        roh          80565 reg. Kerzen      156/0/0 von 251  Tagen gewertet (1m/5m/15m)     4068 Signale  93 ms lesen  44129 ms rechnen
2026-09-10T22:25:18.208Z  WWW/2019        roh          83230 reg. Kerzen      188/0/0 von 252  Tagen gewertet (1m/5m/15m)     4799 Signale  106 ms lesen  55702 ms rechnen
2026-09-10T22:26:04.204Z  WWW/2020        roh          79716 reg. Kerzen      142/0/0 von 253  Tagen gewertet (1m/5m/15m)     4331 Signale  163 ms lesen  45596 ms rechnen
2026-09-10T22:26:29.440Z  WWW/2021        roh          74183 reg. Kerzen       90/0/0 von 252  Tagen gewertet (1m/5m/15m)     2491 Signale  105 ms lesen  24917 ms rechnen
2026-09-10T22:27:19.995Z  WWW/2022        roh          81326 reg. Kerzen      160/0/0 von 251  Tagen gewertet (1m/5m/15m)     4872 Signale  127 ms lesen  50236 ms rechnen
2026-09-10T22:28:33.871Z  WWW/2023        roh          87353 reg. Kerzen      232/0/0 von 250  Tagen gewertet (1m/5m/15m)     6925 Signale  101 ms lesen  73541 ms rechnen
2026-09-10T22:29:40.984Z  WWW/2024        roh          85658 reg. Kerzen      217/0/0 von 252  Tagen gewertet (1m/5m/15m)     6401 Signale  103 ms lesen  66772 ms rechnen
2026-09-10T22:30:55.934Z  WWW/2025        roh          87983 reg. Kerzen      233/0/0 von 250  Tagen gewertet (1m/5m/15m)     6799 Signale  109 ms lesen  74627 ms rechnen
2026-09-10T22:31:25.207Z  WWW/2026        roh          52715 reg. Kerzen       93/0/0 von 166  Tagen gewertet (1m/5m/15m)     2714 Signale  81 ms lesen  28945 ms rechnen
2026-09-10T22:31:25.577Z  XAN/2018        bereinigt    27874 reg. Kerzen        0/0/0 von 150  Tagen gewertet (1m/5m/15m)        0 Signale  68 ms lesen  140 ms rechnen
2026-09-10T22:31:25.898Z  XAN/2019        bereinigt    34923 reg. Kerzen        0/0/0 von 252  Tagen gewertet (1m/5m/15m)        0 Signale  72 ms lesen  180 ms rechnen
2026-09-10T22:31:27.810Z  XAN/2020        bereinigt    66891 reg. Kerzen        4/0/0 von 253  Tagen gewertet (1m/5m/15m)      132 Signale  176 ms lesen  1641 ms rechnen
2026-09-10T22:31:28.061Z  XAN/2021        bereinigt     7050 reg. Kerzen        0/0/0 von 30   Tagen gewertet (1m/5m/15m)        0 Signale  23 ms lesen  50 ms rechnen
2026-09-10T22:31:28.495Z  XENT/2016       roh          59386 reg. Kerzen        0/0/0 von 252  Tagen gewertet (1m/5m/15m)        0 Signale  78 ms lesen  342 ms rechnen
2026-09-10T22:31:30.131Z  XENT/2017       roh          52516 reg. Kerzen        3/0/0 von 251  Tagen gewertet (1m/5m/15m)       97 Signale  78 ms lesen  1380 ms rechnen
2026-09-10T22:31:32.912Z  XENT/2018       roh          55104 reg. Kerzen        8/0/0 von 251  Tagen gewertet (1m/5m/15m)      255 Signale  85 ms lesen  2538 ms rechnen
2026-09-10T22:31:38.040Z  XENT/2019       roh          59583 reg. Kerzen       15/0/0 von 252  Tagen gewertet (1m/5m/15m)      446 Signale  78 ms lesen  4913 ms rechnen
2026-09-10T22:31:57.624Z  XENT/2020       roh          65225 reg. Kerzen       59/0/0 von 253  Tagen gewertet (1m/5m/15m)     1853 Signale  205 ms lesen  19243 ms rechnen
2026-09-10T22:32:03.102Z  XENT/2021       roh          47080 reg. Kerzen       17/0/0 von 252  Tagen gewertet (1m/5m/15m)      426 Signale  70 ms lesen  5208 ms rechnen
2026-09-10T22:32:04.654Z  XENT/2022       roh          17003 reg. Kerzen        5/0/0 von 91   Tagen gewertet (1m/5m/15m)       96 Signale  30 ms lesen  1384 ms rechnen
2026-09-10T22:32:04.723Z  XLYO/2024       roh             32 reg. Kerzen        0/0/0 von 1    Tagen gewertet (1m/5m/15m)        0 Signale  10 ms lesen  0 ms rechnen
2026-09-10T22:32:04.763Z  XOMAO/2021      roh           4704 reg. Kerzen        0/0/0 von 185  Tagen gewertet (1m/5m/15m)        0 Signale  10 ms lesen  29 ms rechnen
2026-09-10T22:32:04.811Z  XOMAO/2022      roh           2166 reg. Kerzen        0/0/0 von 250  Tagen gewertet (1m/5m/15m)        0 Signale  15 ms lesen  19 ms rechnen
2026-09-10T22:32:04.833Z  XOMAO/2023      roh           2071 reg. Kerzen        0/0/0 von 242  Tagen gewertet (1m/5m/15m)        0 Signale  6 ms lesen  11 ms rechnen
2026-09-10T22:32:04.865Z  XOMAO/2024      roh           1741 reg. Kerzen        0/0/0 von 246  Tagen gewertet (1m/5m/15m)        0 Signale  16 ms lesen  10 ms rechnen
2026-09-10T22:32:04.902Z  XOMAO/2025      roh           1608 reg. Kerzen        0/0/0 von 244  Tagen gewertet (1m/5m/15m)        0 Signale  17 ms lesen  15 ms rechnen
2026-09-10T22:32:04.927Z  XOMAO/2026      roh            955 reg. Kerzen        0/0/0 von 130  Tagen gewertet (1m/5m/15m)        0 Signale  13 ms lesen  7 ms rechnen
2026-09-10T22:32:31.091Z  XPEV/2020       roh          33724 reg. Kerzen       68/0/0 von 88   Tagen gewertet (1m/5m/15m)     2192 Signale  88 ms lesen  26071 ms rechnen
2026-09-10T22:34:06.576Z  XPEV/2021       roh          97304 reg. Kerzen      250/0/0 von 252  Tagen gewertet (1m/5m/15m)     7802 Signale  232 ms lesen  95167 ms rechnen
2026-09-10T22:35:43.003Z  XPEV/2022       roh          96944 reg. Kerzen      249/0/0 von 250  Tagen gewertet (1m/5m/15m)     7994 Signale  544 ms lesen  95596 ms rechnen
2026-09-10T22:37:15.613Z  XPEV/2023       roh          97085 reg. Kerzen      250/0/0 von 250  Tagen gewertet (1m/5m/15m)     7503 Signale  232 ms lesen  92078 ms rechnen
2026-09-10T22:38:47.287Z  XPEV/2024       roh          97636 reg. Kerzen      252/0/0 von 252  Tagen gewertet (1m/5m/15m)     7578 Signale  162 ms lesen  91246 ms rechnen
2026-09-10T22:40:13.846Z  XPEV/2025       roh          96802 reg. Kerzen      250/0/0 von 250  Tagen gewertet (1m/5m/15m)     6982 Signale  240 ms lesen  86065 ms rechnen
2026-09-10T22:41:10.714Z  XPEV/2026       roh          64440 reg. Kerzen      166/0/0 von 166  Tagen gewertet (1m/5m/15m)     4582 Signale  116 ms lesen  56490 ms rechnen
2026-09-10T22:41:13.276Z  XRF/2017        bereinigt    27038 reg. Kerzen        5/0/0 von 171  Tagen gewertet (1m/5m/15m)      151 Signale  58 ms lesen  1738 ms rechnen
2026-09-10T22:41:13.592Z  XRF/2018        bereinigt    27699 reg. Kerzen        0/0/0 von 251  Tagen gewertet (1m/5m/15m)        0 Signale  55 ms lesen  184 ms rechnen
2026-09-10T22:41:13.790Z  XRF/2019        bereinigt    20532 reg. Kerzen        0/0/0 von 252  Tagen gewertet (1m/5m/15m)        0 Signale  38 ms lesen  101 ms rechnen
2026-09-10T22:41:13.947Z  XRF/2020        roh          11835 reg. Kerzen        0/0/0 von 137  Tagen gewertet (1m/5m/15m)        0 Signale  23 ms lesen  90 ms rechnen
2026-09-10T22:41:14.082Z  XWIN/2025       roh          10048 reg. Kerzen        0/0/0 von 36   Tagen gewertet (1m/5m/15m)        0 Signale  31 ms lesen  81 ms rechnen
2026-09-10T22:41:19.476Z  XWIN/2026       roh          27996 reg. Kerzen       18/0/0 von 93   Tagen gewertet (1m/5m/15m)      478 Signale  46 ms lesen  5313 ms rechnen
2026-09-10T22:41:24.960Z  YDKN/2016       roh          57484 reg. Kerzen       17/0/0 von 252  Tagen gewertet (1m/5m/15m)      414 Signale  78 ms lesen  5324 ms rechnen
2026-09-10T22:41:25.443Z  YDKN/2017       roh           9221 reg. Kerzen        1/0/0 von 47   Tagen gewertet (1m/5m/15m)       27 Signale  29 ms lesen  317 ms rechnen
2026-09-10T22:41:25.527Z  YGF/2023        roh           6560 reg. Kerzen        0/0/0 von 192  Tagen gewertet (1m/5m/15m)        0 Signale  21 ms lesen  33 ms rechnen
2026-09-10T22:41:25.566Z  YGF/2024        roh           1170 reg. Kerzen        0/0/0 von 27   Tagen gewertet (1m/5m/15m)        0 Signale  12 ms lesen  8 ms rechnen
2026-09-10T22:41:25.597Z  YMTX/2020       bereinigt      858 reg. Kerzen        0/0/0 von 6    Tagen gewertet (1m/5m/15m)        0 Signale  20 ms lesen  6 ms rechnen
2026-09-10T22:41:25.814Z  YMTX/2021       bereinigt    27431 reg. Kerzen        0/0/0 von 252  Tagen gewertet (1m/5m/15m)        0 Signale  71 ms lesen  144 ms rechnen
2026-09-10T22:41:26.040Z  YMTX/2022       bereinigt    14916 reg. Kerzen        0/0/0 von 242  Tagen gewertet (1m/5m/15m)        0 Signale  43 ms lesen  96 ms rechnen
2026-09-10T22:41:26.105Z  YOTA/2022       roh            384 reg. Kerzen        0/0/0 von 72   Tagen gewertet (1m/5m/15m)        0 Signale  18 ms lesen  4 ms rechnen
2026-09-10T22:41:26.126Z  YOTA/2023       roh            702 reg. Kerzen        0/0/0 von 127  Tagen gewertet (1m/5m/15m)        0 Signale  12 ms lesen  7 ms rechnen
2026-09-10T22:41:26.155Z  YOTA/2024       roh            482 reg. Kerzen        0/0/0 von 126  Tagen gewertet (1m/5m/15m)        0 Signale  20 ms lesen  6 ms rechnen
2026-09-10T22:41:26.169Z  YOTA/2025       roh             94 reg. Kerzen        0/0/0 von 19   Tagen gewertet (1m/5m/15m)        0 Signale  11 ms lesen  1 ms rechnen
2026-09-10T22:41:26.170Z  AUSGELASSEN YOTA/2026: Datei fehlt
2026-09-10T22:41:26.219Z  YTPG/2021       roh           3715 reg. Kerzen        0/0/0 von 160  Tagen gewertet (1m/5m/15m)        0 Signale  24 ms lesen  24 ms rechnen
2026-09-10T22:41:26.269Z  YTPG/2022       roh           3104 reg. Kerzen        0/0/0 von 214  Tagen gewertet (1m/5m/15m)        0 Signale  21 ms lesen  15 ms rechnen
2026-09-10T22:41:26.302Z  YTPG/2023       roh            808 reg. Kerzen        0/0/0 von 68   Tagen gewertet (1m/5m/15m)        0 Signale  14 ms lesen  7 ms rechnen
2026-09-10T22:42:40.018Z  Z/2016          roh          91915 reg. Kerzen      231/0/0 von 252  Tagen gewertet (1m/5m/15m)     6604 Signale  104 ms lesen  73609 ms rechnen
2026-09-10T22:43:45.727Z  Z/2017          roh          87302 reg. Kerzen      224/0/0 von 251  Tagen gewertet (1m/5m/15m)     5834 Signale  125 ms lesen  65341 ms rechnen
2026-09-10T22:45:07.448Z  Z/2018          roh          92303 reg. Kerzen      242/0/0 von 251  Tagen gewertet (1m/5m/15m)     6950 Signale  138 ms lesen  81323 ms rechnen
2026-09-10T22:46:35.249Z  Z/2019          roh          96850 reg. Kerzen      252/0/0 von 252  Tagen gewertet (1m/5m/15m)     7303 Signale  184 ms lesen  87372 ms rechnen
2026-09-10T22:48:07.424Z  Z/2020          roh          97570 reg. Kerzen      253/0/0 von 253  Tagen gewertet (1m/5m/15m)     7848 Signale  128 ms lesen  91769 ms rechnen
2026-09-10T22:49:40.065Z  Z/2021          roh          97631 reg. Kerzen      252/0/0 von 252  Tagen gewertet (1m/5m/15m)     7615 Signale  142 ms lesen  92240 ms rechnen
2026-09-10T22:51:15.831Z  Z/2022          roh          97541 reg. Kerzen      251/0/0 von 251  Tagen gewertet (1m/5m/15m)     7806 Signale  191 ms lesen  95281 ms rechnen
2026-09-10T22:52:42.839Z  Z/2023          roh          96090 reg. Kerzen      250/0/0 von 250  Tagen gewertet (1m/5m/15m)     7159 Signale  137 ms lesen  86643 ms rechnen
2026-09-10T22:54:10.610Z  Z/2024          roh          97049 reg. Kerzen      252/0/0 von 252  Tagen gewertet (1m/5m/15m)     7191 Signale  148 ms lesen  87353 ms rechnen
2026-09-10T22:55:33.745Z  Z/2025          roh          94489 reg. Kerzen      250/0/0 von 250  Tagen gewertet (1m/5m/15m)     6900 Signale  139 ms lesen  82715 ms rechnen
2026-09-10T22:56:32.404Z  Z/2026          roh          64219 reg. Kerzen      166/0/0 von 166  Tagen gewertet (1m/5m/15m)     5021 Signale  111 ms lesen  58256 ms rechnen
2026-09-10T22:56:32.616Z  ZCAR/2022       bereinigt      682 reg. Kerzen        0/0/0 von 157  Tagen gewertet (1m/5m/15m)        0 Signale  16 ms lesen  6 ms rechnen
2026-09-10T22:56:32.646Z  ZCAR/2023       bereinigt     1557 reg. Kerzen        0/0/0 von 158  Tagen gewertet (1m/5m/15m)        0 Signale  16 ms lesen  10 ms rechnen
2026-09-10T22:56:32.987Z  ZCAR/2024       bereinigt    39371 reg. Kerzen        0/0/0 von 252  Tagen gewertet (1m/5m/15m)        0 Signale  97 ms lesen  239 ms rechnen
2026-09-10T22:56:33.229Z  ZCAR/2025       bereinigt    14646 reg. Kerzen        0/0/0 von 86   Tagen gewertet (1m/5m/15m)        0 Signale  43 ms lesen  90 ms rechnen
2026-09-10T22:56:33.269Z  AUSGELASSEN ZCAR/2026: Datei fehlt
2026-09-10T22:56:33.560Z  ZEUS/2016       roh          43043 reg. Kerzen        0/0/0 von 252  Tagen gewertet (1m/5m/15m)        0 Signale  54 ms lesen  226 ms rechnen
2026-09-10T22:56:33.968Z  ZEUS/2017       roh          46286 reg. Kerzen        0/0/0 von 251  Tagen gewertet (1m/5m/15m)        0 Signale  64 ms lesen  233 ms rechnen
2026-09-10T22:56:34.304Z  ZEUS/2018       roh          31537 reg. Kerzen        0/0/0 von 251  Tagen gewertet (1m/5m/15m)        0 Signale  43 ms lesen  162 ms rechnen
2026-09-10T22:56:34.542Z  ZEUS/2019       roh          25635 reg. Kerzen        0/0/0 von 252  Tagen gewertet (1m/5m/15m)        0 Signale  35 ms lesen  118 ms rechnen
2026-09-10T22:56:34.752Z  ZEUS/2020       roh          18649 reg. Kerzen        0/0/0 von 253  Tagen gewertet (1m/5m/15m)        0 Signale  30 ms lesen  115 ms rechnen
2026-09-10T22:56:35.009Z  ZEUS/2021       roh          29172 reg. Kerzen        0/0/0 von 252  Tagen gewertet (1m/5m/15m)        0 Signale  43 ms lesen  160 ms rechnen
2026-09-10T22:56:35.247Z  ZEUS/2022       roh          24510 reg. Kerzen        0/0/0 von 251  Tagen gewertet (1m/5m/15m)        0 Signale  43 ms lesen  126 ms rechnen
2026-09-10T22:56:35.510Z  ZEUS/2023       roh          26642 reg. Kerzen        0/0/0 von 250  Tagen gewertet (1m/5m/15m)        0 Signale  49 ms lesen  163 ms rechnen
2026-09-10T22:56:35.773Z  ZEUS/2024       roh          24129 reg. Kerzen        0/0/0 von 252  Tagen gewertet (1m/5m/15m)        0 Signale  38 ms lesen  140 ms rechnen
2026-09-10T22:56:35.992Z  ZEUS/2025       roh          22581 reg. Kerzen        0/0/0 von 250  Tagen gewertet (1m/5m/15m)        0 Signale  45 ms lesen  124 ms rechnen
2026-09-10T22:56:36.087Z  ZEUS/2026       roh           2795 reg. Kerzen        0/0/0 von 29   Tagen gewertet (1m/5m/15m)        0 Signale  21 ms lesen  15 ms rechnen
2026-09-10T22:56:36.109Z  ZGYH/2020       roh            426 reg. Kerzen        0/0/0 von 120  Tagen gewertet (1m/5m/15m)        0 Signale  8 ms lesen  4 ms rechnen
2026-09-10T22:56:36.166Z  ZGYH/2021       roh           6124 reg. Kerzen        0/0/0 von 217  Tagen gewertet (1m/5m/15m)        0 Signale  21 ms lesen  33 ms rechnen
2026-09-10T22:56:51.137Z  ZIP/2021        roh          44350 reg. Kerzen       48/0/0 von 153  Tagen gewertet (1m/5m/15m)     1465 Signale  68 ms lesen  14882 ms rechnen
2026-09-10T22:58:01.209Z  ZIP/2022        roh          85864 reg. Kerzen      213/0/0 von 250  Tagen gewertet (1m/5m/15m)     6538 Signale  131 ms lesen  69826 ms rechnen
2026-09-10T22:58:38.354Z  ZIP/2023        roh          76796 reg. Kerzen      124/0/0 von 250  Tagen gewertet (1m/5m/15m)     3668 Signale  100 ms lesen  36815 ms rechnen
2026-09-10T22:58:47.386Z  ZIP/2024        roh          67201 reg. Kerzen       30/0/0 von 252  Tagen gewertet (1m/5m/15m)      826 Signale  86 ms lesen  8754 ms rechnen
2026-09-10T22:58:53.932Z  ZIP/2025        roh          75256 reg. Kerzen       19/0/0 von 250  Tagen gewertet (1m/5m/15m)      560 Signale  109 ms lesen  6283 ms rechnen
2026-09-10T22:58:54.560Z  ZIP/2026        roh          50895 reg. Kerzen        0/0/0 von 166  Tagen gewertet (1m/5m/15m)        0 Signale  67 ms lesen  375 ms rechnen
2026-09-10T22:58:54.806Z  ZME/2021        bereinigt    12736 reg. Kerzen        0/0/0 von 145  Tagen gewertet (1m/5m/15m)        0 Signale  30 ms lesen  72 ms rechnen
2026-09-10T22:58:54.908Z  ZME/2022        roh           8081 reg. Kerzen        0/0/0 von 104  Tagen gewertet (1m/5m/15m)        0 Signale  18 ms lesen  51 ms rechnen
2026-09-10T22:58:54.951Z  ZPTA/2022       roh            624 reg. Kerzen        0/0/0 von 143  Tagen gewertet (1m/5m/15m)        0 Signale  15 ms lesen  5 ms rechnen
2026-09-10T22:58:54.984Z  ZPTA/2023       roh           2656 reg. Kerzen        0/0/0 von 214  Tagen gewertet (1m/5m/15m)        0 Signale  15 ms lesen  15 ms rechnen
2026-09-10T22:58:55.278Z  ZPTA/2024       roh          35184 reg. Kerzen        0/0/0 von 207  Tagen gewertet (1m/5m/15m)        0 Signale  70 ms lesen  213 ms rechnen
2026-09-10T22:58:55.369Z  AUSGELASSEN ZPTA/2025: Datei fehlt
2026-09-10T22:59:44.056Z  ZUO/2018        roh          60383 reg. Kerzen      140/0/0 von 182  Tagen gewertet (1m/5m/15m)     4514 Signale  102 ms lesen  48583 ms rechnen
2026-09-10T23:01:02.567Z  ZUO/2019        roh          90396 reg. Kerzen      242/0/0 von 252  Tagen gewertet (1m/5m/15m)     7251 Signale  123 ms lesen  78189 ms rechnen
2026-09-10T23:02:27.768Z  ZUO/2020        roh          92053 reg. Kerzen      247/0/0 von 253  Tagen gewertet (1m/5m/15m)     7623 Signale  134 ms lesen  84812 ms rechnen
2026-09-10T23:03:37.582Z  ZUO/2021        roh          86885 reg. Kerzen      221/0/0 von 252  Tagen gewertet (1m/5m/15m)     6551 Signale  131 ms lesen  69390 ms rechnen
2026-09-10T23:04:53.125Z  ZUO/2022        roh          89446 reg. Kerzen      224/0/0 von 251  Tagen gewertet (1m/5m/15m)     6814 Signale  110 ms lesen  75200 ms rechnen
2026-09-10T23:04:55.098Z  CHECKPOINT 5600 Dateien, 1875 min, Detektorfehler {}
2026-09-10T23:05:36.545Z  ZUO/2023        roh          81291 reg. Kerzen      137/0/0 von 250  Tagen gewertet (1m/5m/15m)     3944 Signale  107 ms lesen  41339 ms rechnen
2026-09-10T23:06:42.328Z  ZUO/2024        roh          85347 reg. Kerzen      211/0/0 von 252  Tagen gewertet (1m/5m/15m)     5223 Signale  109 ms lesen  65454 ms rechnen
2026-09-10T23:06:47.941Z  ZUO/2025        roh           8856 reg. Kerzen       16/0/0 von 29   Tagen gewertet (1m/5m/15m)      176 Signale  27 ms lesen  5402 ms rechnen
2026-09-10T23:06:48.020Z  ZYME/2017       roh           5345 reg. Kerzen        0/0/0 von 171  Tagen gewertet (1m/5m/15m)        0 Signale  21 ms lesen  39 ms rechnen
2026-09-10T23:06:48.220Z  ZYME/2018       roh          26688 reg. Kerzen        0/0/0 von 251  Tagen gewertet (1m/5m/15m)        0 Signale  49 ms lesen  133 ms rechnen
2026-09-10T23:06:52.049Z  ZYME/2019       roh          46939 reg. Kerzen       12/0/0 von 252  Tagen gewertet (1m/5m/15m)      374 Signale  63 ms lesen  3680 ms rechnen
2026-09-10T23:07:09.623Z  ZYME/2020       roh          66462 reg. Kerzen       54/0/0 von 253  Tagen gewertet (1m/5m/15m)     1667 Signale  81 ms lesen  17374 ms rechnen
2026-09-10T23:07:24.310Z  ZYME/2021       roh          64498 reg. Kerzen       44/0/0 von 252  Tagen gewertet (1m/5m/15m)     1365 Signale  83 ms lesen  14446 ms rechnen
2026-09-10T23:07:49.862Z  ZYME/2022       roh          78876 reg. Kerzen       74/0/0 von 250  Tagen gewertet (1m/5m/15m)     2378 Signale  141 ms lesen  25220 ms rechnen
2026-09-10T23:07:53.992Z  ZYME/2023       roh          68439 reg. Kerzen       12/0/0 von 250  Tagen gewertet (1m/5m/15m)      394 Signale  94 ms lesen  3848 ms rechnen
2026-09-10T23:07:54.933Z  ZYME/2024       roh          65427 reg. Kerzen        1/0/0 von 252  Tagen gewertet (1m/5m/15m)       30 Signale  83 ms lesen  692 ms rechnen
2026-09-10T23:08:10.707Z  ZYME/2025       roh          67802 reg. Kerzen       49/0/0 von 250  Tagen gewertet (1m/5m/15m)     1487 Signale  83 ms lesen  15527 ms rechnen
2026-09-10T23:08:31.336Z  ZYME/2026       roh          48417 reg. Kerzen       65/0/0 von 166  Tagen gewertet (1m/5m/15m)     1978 Signale  67 ms lesen  20336 ms rechnen
2026-09-10T23:08:33.147Z  ENDE vollstaendig | 5613 Dateien | 14.74 GB | 287.289.344 reg. Kerzen | lesen 8113 s, rechnen 142564 s | ausgelassen 95 | Detektorfehler {}
Ende 11.09.2026  1:08:35,59  (Rueckgabewert 0) 
